placeId,name,categoryMain,categoryMid,categorySub,placeType,placeKind,placeRank,mainActivity,functionTags,roadAddress,jibunAddress,latitude,longitude,indoorOutdoor,indoorOutdoorCode,capacity,parkingCapacity,publicFacilities,accidentSummary1km,accidentSummaryNews,isIsland,islandName,ferryPort,ferryMinutes,halfDayRequired,feeGeneral,feeDisabled,openHours,closedDays,durationMin,homepage,eventStatus2026,eventMonthStart,eventMonthEnd,eventDate2026,eventScheduleConfidence,eventPeriodNote,recommendable,recommendExcludeReason,ferryTrips,islandAccessNote,facilityNature,note
P001,제주국제공항,교통시설,공항,국제공항,Place,SPOT,CENTRAL·POPULAR,이동·환승,교통거점,제주특별자치도 제주시 공항로 2,제주특별자치도 제주시 용담이동 2002,33.50639,126.49525,실내,INDOOR,85000,4000,공용주차장+현금결제+카드결제+공중화장실+무료WIFI+편의점+음료대+관광안내소+유도 및 안내시설+경보 및 피난시설+임산부휴게시설+엘리베이터+흡연구역+의무실,"낙상(54), 교통사고(45), 추락(5)",관광객(1): 시설/차량충돌(1) / 관광객(외국인)(1): 추락(1) / 불특정다수(5): 기상결항(5),UNKNOWN,,,,,,,,,,,UNKNOWN,,,,,,Y,,,,,중복 병합: P224 제주국제공항(정뜨르비행장)
P002,서귀포매일올레시장,상업·쇼핑,시장,전통시장,Place,SPOT,CENTRAL·POPULAR,쇼핑·식음료,전통시장,제주특별자치도 서귀포시 중앙로62번길 18,제주특별자치도 서귀포시 서귀동 340,33.250141,126.563218,실외,OUTDOOR,20000,256,공용주차장+현금결제+카드결제+화장실+무료WIFI+음료대+안내시설+임산부휴게시설+휴게쉼터,"낙상(91), 교통사고(37), 상해(25)",지역주민(1): 교통위험(1),UNKNOWN,,,,,,,,,,,UNKNOWN,,,,,,Y,,,,,UNKNOWN
P003,동문재래시장,상업·쇼핑,시장,전통시장,Place,SPOT,CENTRAL·POPULAR,쇼핑·식음료,전통시장,제주특별자치도 제주시 관덕로14길 20,제주특별자치도 제주시 이도일동 1436-7,33.511589,126.526006,실내:식당가,INDOOR,30000,294,공용주차장+현금결제+카드결제+화장실+무료WIFI+편의점+음료대+안내시설+임산부휴게시설+엘리베이터+물품보관소,"낙상(12), 교통사고(3), 기타 둔상(2)",불특정다수(1): 시설위험(1) / 지역주민(1): 화재/폭발(1),UNKNOWN,,,,,,,,,,,UNKNOWN,,,,,,Y,,,,,UNKNOWN
P004,함덕해수욕장,자연관광,해양,해수욕장,Area,AREA,CENTRAL·POPULAR,산책·해변활동,야외,제주특별자치도 제주시 조천읍 조함해안로 525,제주특별자치도 제주시 조천읍 함덕리 1004-10,33.543746,126.668845,실외,OUTDOOR,12000,800,주차장+화장실+샤워장+탈의실,"낙상(84), 교통사고(33), 기타 둔상(13)","미상(3): 추락(1), 익수위험(1), 야간위험(1) / 지역주민(5): 익수위험(4), 기상결항(1)",UNKNOWN,,,,,,,,,,,UNKNOWN,,,,,,Y,,,,,자전거
P005,성산일출봉,자연관광,산·오름,화산체·일출봉,Place,SPOT,CENTRAL·POPULAR,등반·관람,야외,제주특별자치도 서귀포시 성산읍 일출로 284-12,제주특별자치도 서귀포시 성산읍 성산리 1,33.4622337,126.9368006,실외,OUTDOOR,8000,285,공용주차장+현금결제+카드결제+화장실+무료WIFI+편의점+음료대+안내소+유도 및 안내시설+경보 및 피난시설+임산부휴게시설+물품보관함,"교통사고(127), 낙상(81), 추락(11)","관광객(2): 미끄럼/낙상(1), 산악사고(1) / 미상(2): 익수위험(1), 낙석/붕괴(1) / 종사자(1): 해양사고(1)",UNKNOWN,,,,,,,,,,,UNKNOWN,,,,,,Y,,,,,UNKNOWN
P006,협재해수욕장,자연관광,해양,해수욕장,Area,AREA,CENTRAL·POPULAR,산책·해변활동,야외,도로명주소미보유,제주특별자치도 제주시 한림읍 협재리 2497-1,33.3924817182,126.238985918,실외,OUTDOOR,6000,180,공용주차장+카드결제+현금결제+화장실+샤워실+탈의실+무료WIFI+편의점+음료대+유도 및 안내시설+경보 및 피난시설+종합상황실,"낙상(51), 교통사고(23), 기타 둔상(5)","관광객(1): 해양생물(1) / 불특정다수(2): 익수위험(1), 기상위험(1) / 미상(1): 화재/폭발(1)",UNKNOWN,,,,,,,,,,,UNKNOWN,,,,,,Y,,,,,UNKNOWN
P007,오설록티뮤지엄,문화·전시,전시시설,복합전시관,Place,SPOT,CENTRAL·POPULAR,관람·휴식,카페,제주특별자치도 서귀포시 안덕면 신화역사로 15,제주특별자치도 서귀포시 안덕면 서광리 1235-1,33.30591733,126.2894877,실내,INDOOR,7500,400,주차장+화장실+식음료시설+기념품점,"낙상(64), 교통사고(58), 기타 둔상(20)",불특정다수(1): 교통위험(1) / 미상(1): 교통위험(1) / 지역주민(1): 교통위험(1),UNKNOWN,,,,,,,,,,,UNKNOWN,,,,,,Y,,,,브랜드 홍보·체험관,중복 병합: P446 오설록뮤지엄
P008,이호테우해변,자연관광,해양,해변,Area,AREA,CENTRAL·POPULAR,산책·해변활동,야외,제주특별자치도 제주시 도리로 20,제주특별자치도 제주시 이호일동 1665-13,33.497896,126.452824,실외,OUTDOOR,5000,100,공용주차장+화장실+샤워실+탈의실+무료WIFI+편의점+음료대+개수대+유도 및 안내시설+경보 및 피난시설+종합상황실,"낙상(9), 교통사고(7), 추락(7)",지역주민(1): 교통위험(1),UNKNOWN,,,,,,,,,,,UNKNOWN,,,,,,Y,,,,,UNKNOWN
P009,아쿠아플라넷제주,체험·레저,테마시설,아쿠아리움,Place,SPOT,CENTRAL·POPULAR,관람·체험,실내,제주특별자치도 서귀포시 성산읍 섭지코지로 95,제주특별자치도 서귀포시 성산읍 고성리 127-3,33.432609,126.927175,실내,INDOOR,5500,316,대형주차장+현금결제+카드결제+화장실+무료WIFI+편의점+음료대+푸드코트+유도 및 안내시설+경보 및 피난시설+임산부휴게시설+엘리베이터+물품보관소+의무실,"낙상(94), 교통사고(37), 기타 둔상(20)",,UNKNOWN,,,,,40900,28600,09:00~19:00,연중무휴,2시간,,UNKNOWN,,,,,,Y,,,,상업 전시·테마시설,UNKNOWN
P010,섭지코지,자연관광,해양,해안경관,Area,AREA,CENTRAL·POPULAR,관람·산책,야외,제주특별자치도 서귀포시 성산읍 섭지코지로 107,제주특별자치도 서귀포시 성산읍 고성리 62-4,33.423978,126.929734,실외,OUTDOOR,2000,96,공용주차장+카드결제+현금결제+화장실+편의점+음료대+유도 및 안내시설+경보 및 피난시설+안내소,"낙상(94), 교통사고(37), 기타 둔상(20)",미상(1): 화재/폭발(1),UNKNOWN,,,,,,,,,,,UNKNOWN,,,,,,Y,,,,,UNKNOWN
P011,김녕해수욕장,자연관광,해양,해수욕장,Area,AREA,CENTRAL·POPULAR,산책·해변활동,야외,제주특별자치도 제주시 구좌읍 김녕로 209 일대,제주특별자치도 제주시 구좌읍 김녕리 497-4,33.555154,126.7627523,실외,OUTDOOR,10000,200,공용주차장+화장실+샤워실+탈의실+무료WIFI+편의점+음료대+개수대+유도 및 안내시설+경보 및 피난시설+종합상황실,"낙상(24), 교통사고(18), 동물/곤충(10)",관광객(1): 익수위험(1) / 미상(3): 익수위험(3),UNKNOWN,,,,,,,,,,,UNKNOWN,,,,,,Y,,,,,UNKNOWN
P012,곽지해수욕장,자연관광,해양,해수욕장,Area,AREA,CENTRAL·POPULAR,산책·해변활동,야외,제주특별자치도 제주시 애월읍 곽지5길 28,제주특별자치도 제주시 애월읍 곽지리 1565,33.450177,126.305668,실외,OUTDOOR,25000,30,공용주차장+카드결제+화장실+샤워실+탈의실+무료WIFI+편의점+음료대+노천탕+유도 및 안내시설+경보 및 피난시설+종합상황실,"낙상(18), 교통사고(15), 기타 둔상(6)",관광객(1): 익수위험(1),UNKNOWN,,,,,,,,,,,UNKNOWN,,,,,,Y,,,,,UNKNOWN
P013,한라산둘레길사려니숲길,자연관광,트레일·산책로,숲길트레일,Place,SPOT,CENTRAL·POPULAR,산책·트레킹,야외,도로명주소미보유,제주특별자치도 제주시 조천읍 교래리 산137-1,33.408365,126.639813,실외,OUTDOOR,5500,UNKNOWN,공용주차장+화장실+안내소+휴게쉼터+유도 및 안내시설+경보 및 피난시설,"낙상(49), 교통사고(32), 추락(8)",탐방객(1): 자연환경/야생동물(1) / 미상(1): 길잃음(1),UNKNOWN,,,,,,,,,,,UNKNOWN,,,,,,Y,,,,,UNKNOWN
P014,성산포종합여객터미널,교통시설,항만,여객터미널,Place,SPOT,CENTRAL·POPULAR,이동·환승,교통거점,제주특별자치도 서귀포시 성산읍 성산등용로 130-21,제주특별자치도 서귀포시 성산읍 성산리 347-9,33.472112,126.933198,실내+실외,MIXED,5000,1134,대형주차장+현금결제+카드결제+공중화장실+대합실+무료WIFI+편의점+음료대+안내소+유도 및 안내시설+경보 및 피난시설+엘리베이터+물품보관소,"교통사고(127), 낙상(81), 추락(11)",지역주민(1): 추락(1),UNKNOWN,,,,,,,,,,,UNKNOWN,,,,,,Y,,,,,공개 웹검색 기준 보완
P015,용머리해안,자연관광,지질·특수자원,해안지형,Area,AREA,CENTRAL·POPULAR,관람·산책,야외,제주특별자치도 서귀포시 안덕면 사계남로216번길 24-32,제주특별자치도 서귀포시 안덕면 사계리 112-3,33.232861,126.314063,실외,OUTDOOR,3500,70,주차장+화장실+매표소,"낙상(49), 교통사고(31), 추락(7)",관광객(1): 추락(1),UNKNOWN,,,,,,,,,,,UNKNOWN,,,,,,Y,,,,,중복 병합: P293 사계용머리해안(해산물)
P016,비자림,자연관광,숲·공원,숲,Place,SPOT,CENTRAL·POPULAR,산책·관람,야외,제주특별자치도 제주시 구좌읍 비자숲길 55,제주특별자치도 제주시 구좌읍 평대리 3161-1,33.4913052125,126.811119538,실외,OUTDOOR,5000,110,공용주차장+카드결제+화장실+안내소+무료WIFI+음료대+물품보관함+유도 및 안내시설+경보 및 피난시설,"교통사고(24), 낙상(21), 기타 둔상(3)",불특정다수(1): 교통위험(1) / 지역주민(1): 화재/폭발(1),UNKNOWN,,,,,,,,,,,UNKNOWN,,,,,,Y,,,,,UNKNOWN
P017,카멜리아힐,자연관광,숲·공원,테마정원,Place,SPOT,CENTRAL·POPULAR,산책·관람,꽃,제주특별자치도 서귀포시 안덕면 병악로 166,제주특별자치도 서귀포시 안덕면 상창리 271,33.289135,126.37011,실외,OUTDOOR,6000,200,대형주차장+현금결제+카드결제+화장실+무료WIFI+편의점+음료대(카페)+수유실+유도 및 안내시설+경보 및 피난시설+안내소,"교통사고(40), 낙상(23), 동물/곤충(5)",불특정다수(1): 시설/차량충돌(1),UNKNOWN,,,,,8000,5000,09:00~18:30,연중무휴,2시간,,UNKNOWN,,,,,,Y,,,,,UNKNOWN
P018,산방산탄산온천,체험·레저,웰니스,온천,Place,SPOT,CENTRAL·POPULAR,휴식·웰니스,실내,제주특별자치도 서귀포시 안덕면 사계북로41번길 192,제주특별자치도 서귀포시 안덕면 사계리 981,33.2482165,126.2988896,실내+실외,MIXED,1000,170,대형주차장+현금결제+카드결제+화장실+실내온천+노천탕+수영장+찜질방+식당+카페+수면실+무료WIFI,"낙상(49), 교통사고(31), 추락(7)",관광객(1): 교통위험(1),UNKNOWN,,,,,,,,,,,UNKNOWN,,,,,,Y,,,,,온천정보 서비스/관광정보 기준 보완
P019,신라호텔제주,숙박시설,호텔,리조트호텔,Place,SPOT,CENTRAL·POPULAR,숙박,숙박,제주특별자치도 서귀포시 중문관광로72번길 75,제주특별자치도 서귀포시 색달동 3039-3,33.247163,126.408781,실내,INDOOR,950,UNKNOWN,대형주차장+현금결제+카드결제+화장실+무료WIFI+식당+카페+실내외수영장+유도 및 안내시설+경보 및 피난시설+임산부휴게시설+엘리베이터+의무실,"낙상(104), 교통사고(45), 기타 둔상(38)",불특정다수(1): 시설위험(1),UNKNOWN,,,,,,,,,,,UNKNOWN,,,,,,Y,,,,,UNKNOWN
P020,제주항연안여객터미널,교통시설,항만,여객터미널,Place,SPOT,CENTRAL·POPULAR,이동·환승,교통거점,제주특별자치도 제주시 임항로 111,제주특별자치도 제주시 건입동 918-25,33.5200407,126.5342261,실내+실외,MIXED,5400,194,공용주차장+현금결제+카드결제+화장실+무료WIFI+대합실+무인발권기+편의점+음료대+안내소+유도 및 안내시설+경보 및 피난시설+수유실,"낙상(45), 교통사고(31), 열상(9)",미상(1): 추락(1),UNKNOWN,,,,,,,,,,,UNKNOWN,,,,,,Y,,,,,UNKNOWN
P021,주상절리대,자연관광,지질·특수자원,주상절리,Place,SPOT,CENTRAL·POPULAR,관람·산책,야외,제주특별자치도 서귀포시 이어도로 36-30,제주특별자치도 서귀포시 중문동 2767,33.23797,126.42548,실외,OUTDOOR,5000,80,공용주차장+현금결제+카드결제+화장실+안내소+무료WIFI+편의점+음료대+휴게쉼터+유도 및 안내시설+경보 및 피난시설,"낙상(52), 교통사고(27), 기타 둔상(9)",관광객(1): 익수위험(1) / 불특정다수(1): 환경오염(1),UNKNOWN,,,,,2000,무료,09:00~18:00,연중무휴,1시간,,UNKNOWN,,,,,,Y,,,,,UNKNOWN
P022,새별오름,자연관광,산·오름,오름,Place,SPOT,CENTRAL·POPULAR,등반·산책,야외,도로명주소미보유,제주특별자치도 제주시 애월읍 봉성리 산59-8,33.368959,126.350594,실외,OUTDOOR,15000,3154,공용주차장+화장실+안내소+편의점(푸드트럭)+음료대+유도 및 안내시설+경보 및 피난시설,"교통사고(19), 낙상(13), 기타 둔상(7)",불특정다수(3): 교통위험(3) / 미상(1): 기상위험(1) / 지역주민(1): 교통위험(1),UNKNOWN,,,,,,,,,,,UNKNOWN,,,,,,Y,,,,,UNKNOWN
P023,롯데호텔제주점,숙박시설,호텔,리조트호텔,Place,SPOT,CENTRAL·POPULAR,숙박,숙박,제주특별자치도 서귀포시 중문관광로72번길 35,제주특별자치도 서귀포시 색달동 2812-4,33.24875,126.4106,실내+실외,MIXED,1100,UNKNOWN,대형주차장+현금결제+카드결제+화장실+무료WIFI+식당+카페+실내외수영장+유도 및 안내시설+경보 및 피난시설+임산부휴게시설+엘리베이터+의무실+물품보관소,"낙상(104), 교통사고(45), 기타 둔상(38)",,UNKNOWN,,,,,,,,,,,UNKNOWN,,,,,,Y,,,,,UNKNOWN
P024,천지연폭포,자연관광,지질·특수자원,폭포,Place,SPOT,CENTRAL·POPULAR,관람·산책,야외,제주특별자치도 서귀포시 남성중로 2-15,제주특별자치도 서귀포시 천지동 667-7,33.246947,126.554391,실외,OUTDOOR,5500,190,공용주차장+현금결제+카드결제+화장실+안내소+무료WIFI+편의점+식당+기념품점+음료대+유도 및 안내시설+경보 및 피난시설+휴게쉼터,UNKNOWN,미상(1): 낙석/붕괴(1),UNKNOWN,,,,,,,,,,,UNKNOWN,,,,,,Y,,,,,UNKNOWN
P025,파르나스호텔제주,숙박시설,호텔,리조트호텔,Place,SPOT,CENTRAL·POPULAR,숙박,숙박,제주특별자치도 서귀포시 중문관광로72번길 100,제주특별자치도 서귀포시 색달동 3039-1,33.24529,126.40796,실내,INDOOR,700,UNKNOWN,대형주차장+현금결제+카드결제+화장실+무료WIFI+식당+카페+실내외수영장+유도 및 안내시설+경보 및 피난시설+임산부휴게시설+엘리베이터+물품보관소,"낙상(104), 교통사고(45), 기타 둔상(38)",,UNKNOWN,,,,,,,,,,,UNKNOWN,,,,,,Y,,,,,UNKNOWN
P026,금능해수욕장,자연관광,해양,해수욕장,Area,AREA,CENTRAL·POPULAR,산책·해변활동,야외,제주특별자치도 제주시 한림읍 금능길 119,제주특별자치도 제주시 한림읍 금능리 2036-1,33.39112,126.236341,실외,OUTDOOR,4000,100,공용주차장+화장실+샤워실+탈의실+무료WIFI+편의점+음료대+개수대(야영장)+유도 및 안내시설+경보 및 피난시설+종합상황실,"낙상(27), 교통사고(17), 열상(9)",관광객(1): 익수위험(1),UNKNOWN,,,,,,,,,,,UNKNOWN,,,,,,Y,,,,,UNKNOWN
P027,해비치호텔,숙박시설,호텔,리조트호텔,Place,SPOT,CENTRAL·POPULAR,숙박,숙박,제주특별자치도 서귀포시 표선면 민속해안로 537,제주특별자치도 서귀포시 표선면 표선리 40-69,33.3223,126.844,실내,INDOOR,1200,150,대형주차장+현금결제+카드결제+화장실+무료WIFI+식당+카페+실내외수영장+유도 및 안내시설+경보 및 피난시설+임산부휴게시설+엘리베이터+물품보관소,"낙상(38), 교통사고(27), 동물/곤충(11)",,UNKNOWN,,,,,,,,,,,UNKNOWN,,,,,,Y,,,,,UNKNOWN
P028,표선해수욕장,자연관광,해양,해수욕장,Area,AREA,CENTRAL·POPULAR,산책·해변활동,야외,도로명주소미보유,제주특별자치도 서귀포시 표선면 표선리,33.32723069,126.8381014,실외,OUTDOOR,11125,169,공용주차장+화장실+샤워실+탈의실+무료WIFI+편의점+음료대+야영장+개수대+유도 및 안내시설+경보 및 피난시설+종합상황실,"낙상(38), 교통사고(27), 동물/곤충(11)",관광객(1): 익수위험(1) / 불특정다수(1): 미끄럼/낙상(1) / 미상(1): 해양생물(1) / 지역주민(1): 교통위험(1),UNKNOWN,,,,,,,,,,,UNKNOWN,,,,,,Y,,,,,UNKNOWN
P029,에코랜드테마파크,체험·레저,테마시설,테마파크,Place,SPOT,CENTRAL·POPULAR,관람·체험,야외,제주특별자치도 제주시 조천읍 번영로 1278-169,제주특별자치도 제주시 조천읍 대흘리 1221-1,33.45553,126.668187,실외,OUTDOOR,5000,UNKNOWN,도로명주소미보유,"교통사고(13), 낙상(8), 기타 둔상(3)",관광객(2): 교통위험(2) / 불특정다수(1): 교통위험(1),UNKNOWN,,,,,,,,,,,UNKNOWN,,,,,,Y,,,,,UNKNOWN
P030,금오름,자연관광,산·오름,오름,Place,SPOT,CENTRAL·POPULAR,등반·산책,야외,도로명주소미보유,제주특별자치도 제주시 한림읍 금악리 산1-1,33.355765,126.306213,실외,OUTDOOR,500,35,주차장+공중화장실+음료대+유도 및 안내시설+매점+휴게쉼터,"교통사고(48), 낙상(22), 기타 둔상(4)","미상(2): 교통위험(1), 지면/노면(1)",UNKNOWN,,,,,,,,,,,UNKNOWN,,,,,,Y,,,,,UNKNOWN
P031,제주민속오일장,상업·쇼핑,시장,오일장,Place,SPOT,CENTRAL·POPULAR,쇼핑·식음료,전통시장,제주특별자치도 제주시 오일장서길 26(도두일동),제주특별자치도 제주시 도두일동 1212,33.497264,126.474918,실외,OUTDOOR,50000,1786,공용주차장+현금결제+카드결제+화장실+무료WIFI+편의점+음료대+유도 및 안내시설+경보 및 피난시설+엘리베이터+관광안내소+수유실+장애인편의시설+휠체어대여+유모차대여,"낙상(44), 교통사고(11), 상해(5)",지역주민(2): 교통위험(2),UNKNOWN,,,,,,,,,,,UNKNOWN,,,,,,Y,,,,,노란행 검증레포트 기준 P496 제주민속오일장과 병합
P032,소노벨제주,숙박시설,콘도미니엄,리조트콘도,Place,SPOT,CENTRAL·POPULAR,숙박,숙박,제주특별자치도 제주시 조천읍 신북로 577,제주특별자치도 제주시 조천읍 함덕리 274,33.54309,126.6712,실내,INDOOR,1200,300,대형주차장+현금결제+카드결제+화장실+무료WIFI+편의점+식당+카페+사우나+유도 및 안내시설+경보 및 피난시설+엘리베이터+물품보관소,"낙상(84), 교통사고(33), 기타 둔상(13)",,UNKNOWN,,,,,,,,,,,UNKNOWN,,,,,,Y,,,,,UNKNOWN
P033,메종글래드제주호텔,숙박시설,호텔,일반호텔,Place,SPOT,CENTRAL·POPULAR,숙박,숙박,제주특별자치도 제주시 노연로 80,제주특별자치도 제주시 연동 263-15,33.485,126.4897,실내,INDOOR,1130,312,대형주차장+현금결제+카드결제+화장실+무료WIFI+식당+카페+야외수영장+연회장+유도 및 안내시설+경보 및 피난시설+엘리베이터+의무실,"낙상(141), 교통사고(71), 상해(32)","지역주민(2): 교통위험(1), 화재/폭발(1)",UNKNOWN,,,,,,,,,,,UNKNOWN,,,,,,Y,,,,,UNKNOWN
P034,그랜드조선제주,숙박시설,호텔,리조트호텔,Place,SPOT,CENTRAL·POPULAR,숙박,숙박,제주특별자치도 서귀포시 중문관광로72번길 60,제주특별자치도 서귀포시 색달동 2785,33.252,126.4101,실내,INDOOR,600,UNKNOWN,주차장,"낙상(104), 교통사고(45), 기타 둔상(38)",,UNKNOWN,,,,,,,,,,,UNKNOWN,,,,,,Y,,,,,UNKNOWN
P035,신창풍차해안도로,자연관광,트레일·산책로,해안도로,Area,AREA,CENTRAL·POPULAR,드라이브·산책,야외,도로명주소 미보유,제주특별자치도 제주시 한경면 신창리 1481-23,33.34243,126.171898,실외,OUTDOOR,1000,20,주차장+화장실,"교통사고(12), 낙상(7), 기타 둔상(2)",,UNKNOWN,,,,,,,,,,,UNKNOWN,,,,,,Y,,,,,UNKNOWN
P036,중문색달해변,자연관광,해양,해변,Area,AREA,CENTRAL·POPULAR,산책·해변활동,야외,제주특별자치도 서귀포시 칠십리로214번길 37,제주특별자치도 서귀포시 동홍동 278,33.244732548,126.573159009,실외,OUTDOOR,4348,70,공영주차장+화장실+편의점+음료대+유도 및 안내시설+경보 및 피난시설,"교통사고(25), 낙상(22), 기타 둔상(5)",관광객(1): 익수위험(1),UNKNOWN,,,,,,,,,,,UNKNOWN,,,,,,Y,,,,,UNKNOWN
P037,정방폭포,자연관광,지질·특수자원,폭포,Place,SPOT,CENTRAL·POPULAR,관람·산책,야외,제주특별자치도 서귀포시 칠십리로214번길 37,제주특별자치도 서귀포시 동홍동 278,33.244741,126.573185,실외,OUTDOOR,2065,62,주차장+화장실+매표소,"교통사고(25), 낙상(22), 기타 둔상(5)",지역주민(1): 추락(1),UNKNOWN,,,,,,,,,,,UNKNOWN,,,,,,Y,,,,,UNKNOWN
P038,산방산,자연관광,산·오름,산,Place,SPOT,CENTRAL·POPULAR,등반·관람,야외,제주특별자치도 서귀포시 안덕면 산방로 218-10,제주특별자치도 서귀포시 안덕면 사계리 181-2,33.2367248827,126.312751394,실외,OUTDOOR,3000,28,관리사무소+화장실+주차장,"교통사고(241), 낙상(198), 기타 둔상(45)","관광객(2): 교통위험(1), 야간위험(1) / 미상(1): 길잃음(1)",UNKNOWN,,,,,,,,,,,UNKNOWN,,,,,,Y,,,,,UNKNOWN
P039,휘닉스아일랜드,숙박시설,콘도미니엄,리조트콘도,Place,SPOT,CENTRAL·POPULAR,숙박,숙박,제주특별자치도 서귀포시 성산읍 섭지코지로 107,제주특별자치도 서귀포시 성산읍 고성리 127-2,33.431269,126.92732,실내,INDOOR,820,UNKNOWN,주차장+식음료시설+편의점,"낙상(94), 교통사고(37), 기타 둔상(20)",,UNKNOWN,,,,,,,,,,,UNKNOWN,,,,,,Y,,,,,UNKNOWN
P040,제주신화월드,체험·레저,테마시설,복합리조트·테마파크,Place,SPOT,CENTRAL·POPULAR,관람·체험,"숙박, 쇼핑",제주특별자치도 서귀포시 안덕면 신화역사로304번길 38,제주특별자치도 서귀포시 안덕면 서광리 산24-15,33.3066,126.3177,실내,INDOOR,5000,2956,주차장+전기차충전,"낙상(64), 교통사고(58), 기타 둔상(20)",종사자(1): 추락(1) / 종사자(상인/근로자)(1): 낙석/붕괴(1),UNKNOWN,,,,,,,,,,,UNKNOWN,,,,,,Y,,,,상업 전시·테마시설,중복 병합: P022 제주신화월드랜딩리조트관 / 중복 병합: P027 제주신화월드신화리조트관 / 중복 병합: P089 제주신화월드메리어트리조트관
P041,아르떼뮤지엄제주,문화·전시,전시시설,미디어아트,Place,SPOT,CENTRAL·POPULAR,관람,실내,제주특별자치도 제주시 애월읍 어림비로 478,제주특별자치도 제주시 애월읍 어음리 1503,33.396844,126.345761,실내,INDOOR,8000,UNKNOWN,주차장+화장실+식음료시설+수유실,"교통사고(41), 낙상(17), 기타 둔상(6)",,UNKNOWN,,,,,,,10:00~20:00 (입장마감 19:00),연중무휴,,,UNKNOWN,,,,,,Y,,,,상업 전시·테마시설,UNKNOWN
P042,스누피가든,체험·레저,테마시설,테마가든,Place,SPOT,CENTRAL·POPULAR,관람·산책,실내·실외,제주특별자치도 제주시 구좌읍 금백조로 930,제주특별자치도 제주시 구좌읍 송당리 2303-3,33.444752,126.777532,실내,INDOOR,8000,UNKNOWN,주차장+화장실+식음료시설+기념품점,"교통사고(207), 낙상(183), 동물/곤충(34)",관광객(1): 교통위험(1),UNKNOWN,,,,,,,,,,,UNKNOWN,,,,,,Y,,,,브랜드 홍보·체험관,UNKNOWN
P043,9.81파크,체험·레저,액티비티,복합액티비티,Place,SPOT,CENTRAL·POPULAR,체험,실내·실외,제주특별자치도 제주시 애월읍 천덕로 880-24,제주특별자치도 제주시 애월읍 어음리 3916,33.39029938,126.3667693,실내+실외,MIXED,4000,UNKNOWN,주차장+화장실+식음료시설+편의점+수하물보관소,"교통사고(41), 낙상(17), 기타 둔상(6)",불특정다수(1): 교통위험(1) / 미상(1): 시설위험(1),UNKNOWN,,,,,,,,,,,UNKNOWN,,,,,,Y,,,,,UNKNOWN
P044,소노캄제주,숙박시설,콘도미니엄,리조트콘도,Place,SPOT,CENTRAL·POPULAR,숙박,숙박,제주특별자치도 서귀포시 표선면 일주동로 6347-17,제주특별자치도 서귀포시 표선면 토산리 17,33.305036988017,126.791901232879,실내,INDOOR,1000,UNKNOWN,주차장+화장실+전기차충전+식음료시설+편의점+세탁시설,"낙상(11), 열상(5), 기타 둔상(3)",,UNKNOWN,,,,,,,,,,,UNKNOWN,,,,,,Y,,,,,UNKNOWN
P045,제주동화마을,체험·레저,테마시설,테마마을,Place,SPOT,CENTRAL·POPULAR,관람·체험,포토존,제주특별자치도 제주시 구좌읍 비자림로 1191,제주특별자치도 제주시 구좌읍 송당리 2145,33.4354329,126.7320377,실외,OUTDOOR,3500,600,주차장+화장실+안내시설+식음료시설,"교통사고(67), 낙상(31), 기타 둔상(4)",,UNKNOWN,,,,,,,,,,,UNKNOWN,,,,,,Y,,,,,UNKNOWN
P046,용두암,자연관광,지질·특수자원,기암,Place,SPOT,CENTRAL·POPULAR,관람·산책,야외,제주특별자치도 제주시 용두암길 15,제주특별자치도 제주시 용담이동 483,33.5161,126.5118,실외,OUTDOOR,1500,62,주차장+화장실+안내소,"낙상(54), 교통사고(45), 추락(5)",미상(1): 교통위험(1) / 지역주민(1): 추락(1),UNKNOWN,,,,,,,,,,,UNKNOWN,,,,,,Y,,,,,UNKNOWN
P047,그랜드하얏트제주,숙박시설,호텔,리조트호텔,Place,SPOT,CENTRAL·POPULAR,숙박,숙박,제주특별자치도 제주시 노연로 12,제주특별자치도 제주시 노형동 925,33.4859,126.4816,실내,INDOOR,3520,1400,주차장+화장실+전기차충전+식음료시설,"낙상(79), 교통사고(63), 열상(14)",불특정다수(1): 화재/폭발(1),UNKNOWN,,,,,,,,,,,UNKNOWN,,,,,,Y,,,,,UNKNOWN
P048,제주항제6부두,교통시설,항만,부두,Area,AREA,CENTRAL·POPULAR,이동·관람,항만,제주특별자치도 제주시 임항로 191,제주특별자치도 제주시 건입동 908-18,33.5245,126.5417,실외,OUTDOOR,4200,449,주차장+화장실+대합실+안내소+편의점+ATM,"낙상(45), 교통사고(31), 열상(9)",지역주민(1): 교통위험(1),UNKNOWN,,,,,,,,,,,UNKNOWN,,,,,,Y,,,,,UNKNOWN
P049,하귀애월해안도로,자연관광,트레일·산책로,해안도로,Area,AREA,CENTRAL·POPULAR,드라이브·산책,야외,,제주특별자치도 제주시 애월읍 하귀1리 2,33.4903737,126.4206461,실외,OUTDOOR,2000,UNKNOWN,주차장+화장실+쉼터,UNKNOWN,지역주민(1): 추락(1),UNKNOWN,,,,,,,,,,,UNKNOWN,,,,,,Y,,,,,UNKNOWN
P050,금호제주리조트,숙박시설,콘도미니엄,리조트콘도,Place,SPOT,CENTRAL·POPULAR,숙박,숙박,제주특별자치도 서귀포시 남원읍 태위로 522-12,제주특별자치도 서귀포시 남원읍 남원리 2390,33.2793,126.7052,실내,INDOOR,1580,UNKNOWN,주차장+화장실+식음료시설+편의점+세탁시설,"낙상(31), 교통사고(19), 기타 둔상(4)",,UNKNOWN,,,,,,,,,,,UNKNOWN,,,,,,Y,,,,,UNKNOWN
P051,삼양해수욕장,자연관광,해양,해수욕장,Area,AREA,CENTRAL·POPULAR,산책·해변활동,야외,제주특별자치도 서귀포시 산록남로 2271,제주특별자치도 제주시 삼양이동 1960-4,33.2919386,126.5279022,실외,OUTDOOR,5500,60,주차장+화장실+샤워장,"교통사고(2), 기타 둔상(2), 낙상(1)",지역주민(2): 익수위험(2),UNKNOWN,,,,,,,,,,,UNKNOWN,,,,,,Y,,,,,UNKNOWN
P052,쇠소깍,자연관광,지질·특수자원,하구·협곡,Place,SPOT,CENTRAL·POPULAR,관람·산책,야외,제주특별자치도 서귀포시 쇠소깍로 104,제주특별자치도 서귀포시 하효동 990-1,33.2542498,126.6224923,실외,OUTDOOR,2000,55,주차장+화장실+매표소+안내시설,"교통사고(7), 낙상(7), 기타 둔상(3)",,UNKNOWN,,,,,,,,,,,UNKNOWN,,,,,,Y,,,,,UNKNOWN
P053,월정리해변,자연관광,해양,해변,Place,SPOT,CENTRAL·POPULAR,산책·해변활동,야외,도로명주소미보유,제주특별자치도 제주시 구좌읍 월정리 33-3,33.556462,126.795805,실외,OUTDOOR,3635,UNKNOWN,주차장+화장실+식음료시설,"낙상(26), 교통사고(25), 열상(8)","미상(2): 익수위험(1), 해양위험(1)",UNKNOWN,,,,,,,,,,,UNKNOWN,,,,,,Y,,,,,UNKNOWN
P054,성이시돌목장,체험·레저,관광체험,목장체험,Place,SPOT,CENTRAL·POPULAR,체험·산책,"식음료, 목장",제주특별자치도 제주시 한림읍 산록남로 53,제주특별자치도 제주시 한림읍 금악리 142,33.3478,126.328,실외,OUTDOOR,1200,40,주차장+화장실+식음료시설,"교통사고(48), 낙상(22), 기타 둔상(4)",,UNKNOWN,,,,,,,,,,,UNKNOWN,,,,,,Y,,,,,UNKNOWN
P055,도두동무지개해안도로,자연관광,트레일·산책로,해안도로,Area,AREA,CENTRAL·POPULAR,드라이브·산책,야외,도로명주소미보유,제주특별자치도 제주시 도두일동 1734,33.509258,126.471975,실외,OUTDOOR,1617,275,주차장,"낙상(44), 교통사고(11), 상해(5)",관광객(1): 교통위험(1) / 불특정다수(2): 교통위험(2),UNKNOWN,,,,,,,,,,,UNKNOWN,,,,,,Y,,,,,UNKNOWN
P056,제주항국제여객선터미널,교통시설,항만,국제여객선터미널,Place,SPOT,CENTRAL·POPULAR,이동·환승,교통거점,제주특별자치도 제주시 임항로 191,제주특별자치도 제주시 건입동 908-18,33.5248,126.541,실내+실외,MIXED,2829,449,주차장+화장실+대합실+안내소+편의점+ATM,"낙상(45), 교통사고(31), 열상(9)","불특정다수(2): 추락(1), 기상위험(1)",UNKNOWN,,,,,,,,,,,UNKNOWN,,,,,,Y,,,,,UNKNOWN
P057,제주신화월드서머셋,숙박시설,호텔,일반호텔,Place,SPOT,CENTRAL·POPULAR,숙박,숙박,제주특별자치도 서귀포시 안덕면 신화역사로304번길 89,제주특별자치도 서귀포시 안덕면 서광리 산24-15,33.3052,126.3157,실내,INDOOR,1720,2956,주차장+화장실+식음료시설,"낙상(64), 교통사고(58), 기타 둔상(20)",,UNKNOWN,,,,,,,,,,,UNKNOWN,,,,,,Y,,,,,UNKNOWN
P058,헬로키티아일랜드,체험·레저,테마시설,캐릭터테마관,Place,SPOT,CENTRAL·POPULAR,관람·체험,실내,제주특별자치도 서귀포시 안덕면 한창로 340,제주특별자치도 서귀포시 안덕면 상창리 1963-2,33.29015,126.3522,실내,INDOOR,2500,200,주차장+화장실+안내시설+기념품점+식음료시설+엘리베이터,"교통사고(40), 낙상(23), 동물/곤충(5)",미상(1): 기상위험(1),UNKNOWN,,,,,,,,,,,UNKNOWN,,,,,,Y,,,,브랜드 홍보·체험관,UNKNOWN
P059,한화리조트제주,숙박시설,콘도미니엄,리조트콘도,Place,SPOT,CENTRAL·POPULAR,숙박,숙박,제주특별자치도 제주시 명림로 575-107,제주특별자치도 제주시 회천동 3-16,33.448,126.6361,실내,INDOOR,1985,400,주차장+화장실+식음료시설+편의점,"낙상(13), 교통사고(6), 기타 둔상(4)",,UNKNOWN,,,,,,,,,,,UNKNOWN,,,,,,Y,,,,,UNKNOWN
P060,판포포구,자연관광,해양,포구경관,Area,AREA,CENTRAL·POPULAR,관람·산책,야외,도로명주소미보유,제주특별자치도 제주시 한경면 판포리 2877-3,33.36529,126.199565,실외,OUTDOOR,800,UNKNOWN,주차장+화장실+샤워장+안전시설,"낙상(10), 교통사고(9), 익수(7)","관광객(1): 해양위험(1) / 미상(1): 익수위험(1) / 지역주민(2): 미끄럼/낙상(1), 시설위험(1)",UNKNOWN,,,,,,,,,,,UNKNOWN,,,,,,Y,,,,,UNKNOWN
P061,비밀의숲,자연관광,숲·공원,숲,Place,SPOT,CENTRAL·POPULAR,산책·관람,사진명소,제주특별자치도 제주시 구좌읍 비자림로 1741-212,제주특별자치도 제주시 구좌읍 송당리 2173,33.45360692,126.7549294,실외,OUTDOOR,600,UNKNOWN,주차장+화장실+매표소+쉼터,"교통사고(67), 낙상(31), 기타 둔상(4)",,UNKNOWN,,,,,,,,,,,UNKNOWN,,,,,,Y,,,,,UNKNOWN
P062,제주돌문화공원,문화·전시,복합문화공간,문화공원,Place,SPOT,CENTRAL·POPULAR,관람·산책,야외,제주특별자치도 제주시 조천읍 남조로 2023,제주특별자치도 제주시 조천읍 교래리 산95,33.448663,126.658949,실외,OUTDOOR,2500,130,주차장+화장실+안내시설+식음료시설+기념품점+수유실,"낙상(49), 교통사고(32), 추락(8)",,UNKNOWN,,,,,5000,무료,09:00~18:00,연중 무휴,2시간~2시간30분,,UNKNOWN,,,,,,Y,,,,,UNKNOWN
P063,한라수목원,자연관광,숲·공원,수목원,Place,SPOT,CENTRAL·POPULAR,산책·관람,야외,제주특별자치도 제주시 수목원길 72,제주특별자치도 제주시 연동 1012,33.4691319453,126.490354012,실외,OUTDOOR,2500,124,공용주차장+화장실+무료WIFI+장애인화장실,"낙상(141), 교통사고(71), 상해(32)",미상(1): 산악사고(1),UNKNOWN,,,,,,,,,,,UNKNOWN,,,,,,Y,,,,,UNKNOWN
P064,아르떼키즈파크,체험·레저,테마시설,키즈테마파크,Place,SPOT,CENTRAL·POPULAR,체험,실내,제주특별자치도 제주시 애월읍 월각로 929,제주특별자치도 제주시 애월읍 봉성리 산35,33.3547728286365,126.35735535504,실내+실외,MIXED,800,400,주차장+화장실+편의점+수유실+수하물보관소,"교통사고(19), 낙상(13), 기타 둔상(7)",,UNKNOWN,,,,,,,,,,,UNKNOWN,,,,,,Y,,,,브랜드 홍보·체험관,UNKNOWN
P065,제주항공우주박물관,문화·전시,전시시설,박물관,Place,SPOT,CENTRAL·POPULAR,관람,실내,제주특별자치도 서귀포시 안덕면 녹차분재로 218 제주항공우주박물관,제주특별자치도 서귀포시 안덕면 서광리 산39,33.3029878,126.2988949,실내,INDOOR,3000,338,주차장+전기차충전+화장실+안내시설+식음료시설,"낙상(64), 교통사고(58), 기타 둔상(20)",,UNKNOWN,,,,,10000,무료,09:00~18:00,매월 세 번째 월요일,1시간30분,http://www.jdc-jam.com,UNKNOWN,,,,,,Y,,,,,UNKNOWN
P066,사계해수욕장,자연관광,해양,해수욕장,Area,AREA,CENTRAL·POPULAR,산책·해변활동,야외,도로명주소미보유,제주특별자치도 서귀포시 안덕면 사계리 2147-35,33.2287,126.3112,실외,OUTDOOR,600,UNKNOWN,주차장+화장실+안내시설+식음료시설,"낙상(49), 교통사고(31), 추락(7)",불특정다수(1): 해양생물(1) / 지역주민(1): 추락(1),UNKNOWN,,,,,,,,,,,UNKNOWN,,,,,,Y,,,,,UNKNOWN
P067,제주절물자연휴양림,자연관광,숲·공원,자연휴양림,Place,SPOT,CENTRAL·POPULAR,산책·휴식,야외,제주특별자치도 제주시 명림로 584 제주절물자연휴양림,제주특별자치도 제주시 봉개동 산 78-1,33.439337,126.628448,실외,OUTDOOR,2000,200,주차장+화장실,"낙상(24), 교통사고(22), 추락(2)",불특정다수(1): 교통위험(1),UNKNOWN,,,,,1000,무료,07:00~18:00,연중무휴,1시간~1시간30분,,UNKNOWN,,,,,,Y,,,,,UNKNOWN
P068,서귀포칼호텔,숙박시설,호텔,일반호텔,Place,SPOT,CENTRAL·POPULAR,숙박,숙박,제주특별자치도 서귀포시 칠십리로 242,제주특별자치도 서귀포시 토평동 486-3,33.2437,126.591,실내,INDOOR,522,200,주차장+화장실+식음료시설,"교통사고(34), 낙상(26), 카트(12)",,UNKNOWN,,,,,,,,,,,UNKNOWN,,,,,,Y,,,,,UNKNOWN
P069,휴애리자연생활공원,자연관광,숲·공원,생태공원,Place,SPOT,POPULAR·RELATED,산책·관람,체험,제주특별자치도 서귀포시 남원읍 신례동로 256,제주특별자치도 서귀포시 남원읍 신례리 2081,33.308757,126.633794,실외,OUTDOOR,10000,200,주차장+화장실+수유실+장애인편의시설+안내시설,"교통사고(36), 낙상(27), 기타 둔상(9)",,UNKNOWN,,,,,13000,6500,9:00~18:00,연중무휴,1시간 30분~2시간,,UNKNOWN,,,,,,Y,,,,,UNKNOWN
P070,우도도항선선착장,교통시설,항만,선착장,Place,SPOT,CENTRAL·POPULAR,이동·환승,교통거점,제주특별자치도 서귀포시 성산읍 성산등용로 130-19,제주특별자치도 서귀포시 성산읍 성산리 347-9,33.4724860156045,126.932306844873,실외,OUTDOOR,12000,UNKNOWN,주차장+화장실+매표소+쉼터,"교통사고(127), 낙상(81), 추락(11)",관광객(1): 교통위험(1),Y,우도,성산항,15.0,Y,,,,,,,UNKNOWN,,,,,,Y,,수시(성수기 30분 간격),여객선 필수 — 풍랑특보 시 결항. 방문 전 운항 확인 필요,,UNKNOWN
P071,노형수퍼마켙,문화·전시,전시시설,미디어아트,Place,SPOT,CENTRAL·POPULAR,관람,실내,제주특별자치도 제주시 노형로 89,제주특별자치도 제주시 해안동 2137-1,33.4649309,126.4553144,실내,INDOOR,3000,20,주차장+화장실+식음료시설+기념품점+안내시설,"낙상(33), 교통사고(16), 기타 둔상(5)",,UNKNOWN,,,,,,,,,,,UNKNOWN,,,,,,Y,,,,상업 전시·테마시설,UNKNOWN
P072,제주관광공사중문면세점,상업·쇼핑,상업시설,면세점,Place,SPOT,CENTRAL·POPULAR,쇼핑,실내,제주특별자치도 서귀포시 중문관광로 224 제주국제컨벤션센터 1층,제주특별자치도 서귀포시 중문동 2700,33.2412896364104,126.424442899565,실내,INDOOR,3000,400,주차장+화장실+안내시설,"낙상(52), 교통사고(27), 기타 둔상(9)",,UNKNOWN,,,,,,,,,,,UNKNOWN,,,,,,Y,,,,,UNKNOWN
P073,신라스테이플러스이호테우,숙박시설,호텔,리조트호텔,Place,SPOT,CENTRAL·POPULAR,숙박,숙박,제주특별자치도 제주시 일주서로 7253,제주특별자치도 제주시 외도이동 2048,33.4916059,126.4218571,실내,INDOOR,700,UNKNOWN,주차장+화장실+식음료시설+수유실,"낙상(7), 교통사고(4), 추락(1)",,UNKNOWN,,,,,,,,,,,UNKNOWN,,,,,,Y,,,,,UNKNOWN
P074,산굼부리,자연관광,지질·특수자원,분화구,Place,SPOT,CENTRAL·POPULAR,관람·산책,야외,제주특별자치도 제주시 조천읍 비자림로 768,제주특별자치도 제주시 조천읍 교래리 166-1,33.43264,126.6938,실외,OUTDOOR,3635,150,주차장+화장실+매표소+식음료시설,"낙상(49), 교통사고(32), 추락(8)",지역주민(1): 길잃음(1),UNKNOWN,,,,,,,,,,,UNKNOWN,,,,,,Y,,,,,UNKNOWN
P075,산양큰엉곶,자연관광,숲·공원,곶자왈숲,Place,SPOT,CENTRAL·POPULAR,산책·관람,야외,제주특별자치도 제주시 한경면 연명로 179,제주특별자치도 제주시 한경면 청수리 956-6,33.2909927,126.2506579,실외,OUTDOOR,800,UNKNOWN,주차장+화장실+매표소+쉼터,"교통사고(7), 낙상(3), 말달구지(2)",,UNKNOWN,,,,,,,,,,,UNKNOWN,,,,,,Y,,,,,UNKNOWN
P076,히든클리프호텔앤네이쳐,숙박시설,호텔,리조트호텔,Place,SPOT,CENTRAL·POPULAR,숙박,숙박,제주특별자치도 서귀포시 예래해안로 542,제주특별자치도 서귀포시 상예동 625,33.2543,126.3926,실내,INDOOR,600,UNKNOWN,주차장+화장실+식음료시설+비즈니스센터,"교통사고(18), 낙상(10), 기타 둔상(2)",,UNKNOWN,,,,,,,,,,,UNKNOWN,,,,,,Y,,,,,UNKNOWN
P077,천제연폭포,자연관광,지질·특수자원,폭포,Place,SPOT,CENTRAL·POPULAR,관람·산책,야외,제주특별자치도 서귀포시 천제연로 132(중문동),제주특별자치도 서귀포시 중문동 2232,33.25099,126.41689,실외,OUTDOOR,3000,UNKNOWN,주차장+화장실+매표소,"낙상(52), 교통사고(27), 기타 둔상(9)",지역주민(1): 야간위험(1),UNKNOWN,,,,,,,,,,,UNKNOWN,,,,,,Y,,,,,UNKNOWN
P078,제주아트서커스,체험·레저,공연·엔터테인먼트,서커스공연,Place,SPOT,CENTRAL·POPULAR,공연관람,실내,제주특별자치도 서귀포시 안덕면 동광로 214,제주특별자치도 서귀포시 안덕면 동광리 886,33.314411,126.344939,실내,INDOOR,1500,130,주차장+화장실+매표소+식음료시설+안내시설,"교통사고(26), 낙상(13), 상해(2)",,UNKNOWN,,,,,25000,17500(현장 30%할인),3~10월 10:30/15:00/17:00 · 11~2월 10:30/14:30/16:30,연중무휴,,https://jejuartcircus.co.kr,UNKNOWN,,,,,,Y,,,,,UNKNOWN
P079,약천사,문화·전시,종교시설,사찰,Place,SPOT,CENTRAL·POPULAR,관람·명상,종교,제주특별자치도 서귀포시 이어도로 293-28,제주특별자치도 서귀포시 대포동 1161,33.245766,126.44933,실내+실외,MIXED,2065,UNKNOWN,주차장+화장실+안내시설,"교통사고(26), 낙상(24), 기타 둔상(6)",,UNKNOWN,,,,,,,,,,,UNKNOWN,,,,,,Y,,,,,UNKNOWN
P080,제주부영호텔&리조트,숙박시설,호텔,일반호텔,Place,SPOT,CENTRAL·POPULAR,숙박,숙박,제주특별자치도 서귀포시 중문관광로 222,제주특별자치도 서귀포시 중문동 2700-2,33.2473,126.421,실내,INDOOR,1500,449,주차장+화장실+식음료시설,"낙상(52), 교통사고(27), 기타 둔상(9)",,UNKNOWN,,,,,,,,,,,UNKNOWN,,,,,,Y,,,,,UNKNOWN
P081,모슬포항,교통시설,항만,항구,Area,AREA,CENTRAL·POPULAR,이동·관람,항만,제주특별자치도 서귀포시 대정읍 신영로36번길 48,제주특별자치도 서귀포시 대정읍 하모리 1089-35,33.218925,126.248641,실외,OUTDOOR,2000,UNKNOWN,주차장+화장실+편의점+식음료시설,"낙상(95), 교통사고(65), 기타 둔상(18)","불특정다수(1): 추락(1) / 미상(1): 추락(1) / 지역주민(3): 익수위험(1), 해양사고(1), 화재/폭발(1)",UNKNOWN,,,,,,,,,,,UNKNOWN,,,,,,Y,,,,,UNKNOWN
P082,여미지식물원,자연관광,숲·공원,식물원,Place,SPOT,CENTRAL·POPULAR,산책·관람,실내·실외,제주특별자치도 서귀포시 중문관광로 93,제주특별자치도 서귀포시 색달동 2484-1,33.252661,126.414647,실내+실외,MIXED,UNKNOWN,UNKNOWN,주차장+화장실+안내시설+식음료시설+기념품점,UNKNOWN,,UNKNOWN,,,,,,,,,,,UNKNOWN,,,,,,Y,,,,,중복 병합: P208 여미지식물원
P083,호텔더본제주,숙박시설,호텔,일반호텔,Place,SPOT,CENTRAL·POPULAR,숙박,숙박,제주특별자치도 서귀포시 색달로 18,제주특별자치도 서귀포시 색달동 2138,33.2577,126.4068,실내,INDOOR,306,164,주차장+화장실+식음료시설+편의점,"낙상(104), 교통사고(45), 기타 둔상(38)",,UNKNOWN,,,,,,,,,,,UNKNOWN,,,,,,Y,,,,,UNKNOWN
P084,한림공원,자연관광,숲·공원,자연공원,Place,SPOT,CENTRAL·POPULAR,산책·관람,야외,제주특별자치도 제주시 한림읍 한림로 300(협재리),제주특별자치도 제주시 한림읍 협재리 2487,33.3879944,126.2397837,실외,OUTDOOR,3181,68,주차장+화장실+매표소+안내시설+식음료시설+쉼터,"낙상(51), 교통사고(23), 기타 둔상(5)",,UNKNOWN,,,,,11000,9000,08:30~19:00,연중무휴,1시간30분,,UNKNOWN,,,,,,Y,,,,,UNKNOWN
P085,용눈이오름,자연관광,산·오름,오름,Place,SPOT,CENTRAL·POPULAR,등반·산책,야외,도로명주소미보유,제주특별자치도 제주시 구좌읍 종달리 산28,33.4583,126.8327,실외,OUTDOOR,1500,60,주차장+안내시설,"교통사고(29), 낙상(11), 기타 둔상(3)","지역주민(2): 낙석/붕괴(1), 자연환경/야생동물(1)",UNKNOWN,,,,,,,,,,,UNKNOWN,,,,,,Y,,,,,UNKNOWN
P086,JW메리어트제주,숙박시설,호텔,리조트호텔,Place,SPOT,CENTRAL·POPULAR,숙박,숙박,제주특별자치도 서귀포시 태평로 152,제주특별자치도 서귀포시 호근동 2163,33.2432873,126.5379534,실내,INDOOR,450,364,주차장+전기차충전+화장실+식음료시설,"낙상(18), 추락(4), 기타 둔상(2)",,UNKNOWN,,,,,,,,,,,UNKNOWN,,,,,,Y,,,,,UNKNOWN
P087,호텔난타,숙박시설,호텔,비즈니스호텔,Place,SPOT,CENTRAL·POPULAR,숙박,숙박,제주특별자치도 제주시 선돌목동길 56-26,제주특별자치도 제주시 오등동 10-1,33.4458,126.547,실내,INDOOR,1100,UNKNOWN,주차장+화장실+식음료시설+비즈니스센터,"교통사고(20), 낙상(11), 추락(4)",,UNKNOWN,,,,,,,,,,,UNKNOWN,,,,,,Y,,,,,UNKNOWN
P088,에코랜드호텔,숙박시설,호텔,일반호텔,Place,SPOT,CENTRAL·POPULAR,숙박,숙박,제주특별자치도 제주시 조천읍 번영로 1278-169,제주특별자치도 제주시 조천읍 교래리 385-1,33.45553,126.668187,실내,INDOOR,460,UNKNOWN,주차장+화장실+식음료시설,"낙상(49), 교통사고(32), 추락(8)",,UNKNOWN,,,,,,,,,,,UNKNOWN,,,,,,Y,,,,,UNKNOWN
P089,사이프러스골프앤리조트,체험·레저,액티비티,골프,Place,SPOT,POPULAR,레저스포츠,야외,제주특별자치도 서귀포시 표선면 번영로 2300,제주특별자치도 서귀포시 표선면 성읍리 3129,33.4111139,126.752122,실외,OUTDOOR,600,UNKNOWN,주차장+화장실+식음료시설,"낙상(31), 교통사고(19), 기타 둔상(5)",관광객(1): 시설위험(1),UNKNOWN,,,,,,,,,,,UNKNOWN,,,,,,Y,,,,,UNKNOWN
P090,새별프렌즈,체험·레저,관광체험,동물체험,Place,SPOT,CENTRAL·POPULAR,체험·관람,동물,제주특별자치도 제주시 애월읍 평화로 1529,제주특별자치도 제주시 애월읍 봉성리 4554,33.362816,126.36336,실외,OUTDOOR,1200,200,주차장+화장실+기념품점+수유실+식음료시설,"교통사고(349), 낙상(204), 기타 둔상(48)",,UNKNOWN,,,,,,,,,,,UNKNOWN,,,,,,Y,,,,,UNKNOWN
P091,뽀로로&타요테마파크제주,체험·레저,테마시설,키즈테마파크,Place,SPOT,CENTRAL·POPULAR,체험,실내,제주특별자치도 서귀포시 안덕면 병악로 269,제주특별자치도 서귀포시 안덕면 상창리 1614,33.3004429,126.3708109,실내+실외,MIXED,4000,UNKNOWN,주차장+화장실,"교통사고(40), 낙상(23), 동물/곤충(5)",,UNKNOWN,,,,,,,,,,,UNKNOWN,,,,,,Y,,,,,UNKNOWN
P092,이랜드파크켄싱턴리조트서귀포점,숙박시설,콘도미니엄,리조트콘도,Place,SPOT,CENTRAL·POPULAR,숙박,숙박,제주특별자치도 서귀포시 이어도로 684,제주특별자치도 서귀포시 강정동 2677,33.2356,126.4897,실내,INDOOR,1600,214,주차장+화장실+식음료시설,"낙상(47), 교통사고(27), 기타 둔상(11)",,UNKNOWN,,,,,,,,,,,UNKNOWN,,,,,,Y,,,,,UNKNOWN
P093,렛츠런파크제주,체험·레저,액티비티,승마·경마체험,Place,SPOT,POPULAR·LOCAL,체험·관람,야외,제주특별자치도 제주시 애월읍 평화로 2144,제주특별자치도 제주시 애월읍 유수암리 1206,33.364338,126.3552026,실외,OUTDOOR,7000,2100,주차장+화장실+안내시설+식음료시설,"교통사고(19), 낙상(14), 열상(4)",관광객(1): 교통위험(1) / 불특정다수(2): 교통위험(2) / 미상(1): 기상위험(1),UNKNOWN,,,,,2000,2000,09:30~18:30,"매주월,화 및 명절당일",1시간내외,,UNKNOWN,,,,,,Y,,,,,UNKNOWN
P094,세화해수욕장,자연관광,해양,해수욕장,Area,AREA,CENTRAL·POPULAR,산책·해변활동,야외,제주특별자치도 제주시 구좌읍 해녀박물관길 27,제주특별자치도 제주시 구좌읍 세화리 1-1,33.52335,126.862339,실외,OUTDOOR,2000,20,주차장+화장실+샤워장+대여시설+식음료시설+안내시설,"낙상(16), 교통사고(10), 상해(4)",관광객(1): 익수위험(1) / 관광객(외국인)(1): 해양생물(1),UNKNOWN,,,,,,,,,,,UNKNOWN,,,,,,Y,,,,,UNKNOWN
P095,캐슬렉스제주GC,체험·레저,액티비티,골프,Place,SPOT,POPULAR,레저스포츠,야외,제주특별자치도 서귀포시 안덕면 평화로 1241,제주특별자치도 서귀포시 안덕면 광평리 352,33.3383411,126.3487166,실외,OUTDOOR,550,UNKNOWN,주차장+화장실+식음료시설,"교통사고(10), 낙상(6), 기타 둔상(5)",,UNKNOWN,,,,,,,,,,,UNKNOWN,,,,,,Y,,,,,UNKNOWN
P096,라마다제주시티홀호텔,숙박시설,호텔,비즈니스호텔,Place,SPOT,CENTRAL·POPULAR,숙박,숙박,제주특별자치도 제주시 중앙로 304,제주특별자치도 제주시 이도이동 1174-1,33.4938,126.5356,실내,INDOOR,820,UNKNOWN,주차장+화장실+식음료시설+편의점+세탁시설,"낙상(31), 교통사고(26), 기타 둔상(7)",,UNKNOWN,,,,,,,,,,,UNKNOWN,,,,,,Y,,,,,UNKNOWN
P097,동백포레스트,자연관광,숲·공원,동백정원,Place,SPOT,CENTRAL·POPULAR,산책·관람,꽃,제주특별자치도 서귀포시 남원읍 생기악로 53-38,제주특별자치도 서귀포시 남원읍 신례리 1767,33.300127,126.636598,실외,OUTDOOR,1500,UNKNOWN,주차장+화장실+매표소+안내소+식음료시설,"교통사고(36), 낙상(27), 기타 둔상(9)",,UNKNOWN,,,,,,,,,,,UNKNOWN,,,,,,Y,,,,,UNKNOWN
P098,점보빌리지,체험·레저,관광체험,동물체험,Place,SPOT,CENTRAL,체험·관람,"공연, 동물",제주특별자치도 서귀포시 안덕면 평화로319번길 31-11,제주특별자치도 서귀포시 안덕면 서광리 2351,33.2762482,126.3050805,실내+실외,MIXED,900,UNKNOWN,주차장+화장실+매표소+식음료시설,"낙상(64), 교통사고(58), 기타 둔상(20)",,UNKNOWN,,,,,무료,무료,09:30~17:30,연중무휴,30분,,UNKNOWN,,,,,,Y,,,,,UNKNOWN
P099,광치기해변,자연관광,해양,해변,Area,AREA,CENTRAL·LOCAL,산책·해변활동,야외,제주특별자치도 서귀포시 성산읍 섭지코지로 63,제주특별자치도 서귀포시 성산읍 고성리 224-18,33.4370213,126.9224034,실외,OUTDOOR,6826,30,주차장+화장실+전기차충전+안내시설,"낙상(94), 교통사고(37), 기타 둔상(20)",미상(1): 해양생물(1),UNKNOWN,,,,,,,,,,,UNKNOWN,,,,,,Y,,,,,UNKNOWN
P100,제주레일바이크,체험·레저,액티비티,레일바이크,Place,SPOT,CENTRAL,체험,야외,제주특별자치도 제주시 구좌읍 용눈이오름로 641,제주특별자치도 제주시 구좌읍 종달리 4639,33.4635,126.8338,실외,OUTDOOR,2400,120,주차장+화장실+매표소+수유실,"교통사고(29), 낙상(11), 기타 둔상(3)",,UNKNOWN,,,,,,,,,,,UNKNOWN,,,,,,Y,,,,,UNKNOWN
P101,제주민속촌,문화·전시,문화유산,민속촌,Place,SPOT,CENTRAL·LOCAL,관람·체험,야외,제주특별자치도 서귀포시 표선면 민속해안로 631-34,제주특별자치도 서귀포시 표선면 표선리 40-1,33.322345,126.841487,실외,OUTDOOR,4000,150,주차장+화장실+안내시설+식음료시설,"낙상(38), 교통사고(27), 동물/곤충(11)",지역주민(1): 시설위험(1),UNKNOWN,,,,,15000,10500(30%할인),"08:30~18:00(4/1~7/15,9/1~9/30)·08:30~18:30(7/16~8/31)·08:30~17:30(3월)·08:30~17:00(10~2월)",연중무휴,1시간 30분~2시간,https://jejufolk.com,UNKNOWN,,,,,,Y,,,,,UNKNOWN
P102,검멀레해수욕장,자연관광,해양,해수욕장,Area,AREA,CENTRAL·LOCAL,산책·해변활동,야외,도로명주소미보유,제주특별자치도 제주시 우도면 연평리,33.5059831398512,126.960256641493,실외,OUTDOOR,4348,22,주차장+화장실+식음료시설+버스정류장+안내시설,"교통사고(163), 낙상(50), 동물/곤충(12)",미상(1): 교통위험(1),Y,우도,성산항,15.0,Y,,,,,,,UNKNOWN,,,,,,Y,,수시(성수기 30분 간격),여객선 필수 — 풍랑특보 시 결항. 방문 전 운항 확인 필요,,UNKNOWN
P103,하우목동항,교통시설,항만,항구,Place,SPOT,CENTRAL,이동·관람,항만,제주특별자치도 제주시 우도면 우도해안길 352,제주특별자치도 제주시 우도면 연평리 2395-3,33.5095547391991,126.943512239399,실외,OUTDOOR,3000,UNKNOWN,주차장+화장실+대합실+버스정류장+대여시설,"교통사고(163), 낙상(50), 동물/곤충(12)",종사자(상인/근로자)(1): 익수위험(1),Y,우도,성산항,15.0,Y,,,,,,,UNKNOWN,,,,,,Y,,수시(성수기 30분 간격),여객선 필수 — 풍랑특보 시 결항. 방문 전 운항 확인 필요,,UNKNOWN
P104,한담해안산책로,자연관광,트레일·산책로,해안산책로,Area,AREA,CENTRAL,산책·트레킹,야외,도로명주소미보유,제주특별자치도 제주시 애월읍 곽지리 1359,33.4590846763959,126.310575628004,실외,OUTDOOR,3000,UNKNOWN,주차장+화장실+식음료시설+안내시설,"낙상(18), 교통사고(15), 기타 둔상(6)",미상(1): 낙석/붕괴(1),UNKNOWN,,,,,,,,,,,UNKNOWN,,,,,,Y,,,,,UNKNOWN
P105,윈드1947카트테마파크,체험·레저,액티비티,카트,Place,SPOT,CENTRAL·RELATED,체험,야외,제주특별자치도 서귀포시 토평공단로 78-27,제주특별자치도 서귀포시 토평동 1799,33.289717,126.5888625,실외,OUTDOOR,1000,180,주차장+화장실+매표소+쉼터,"교통사고(34), 낙상(26), 카트(12)",,UNKNOWN,,,,,,,,,,,UNKNOWN,,,,,,Y,,,,,UNKNOWN
P106,성읍민속마을,문화·전시,문화유산,민속마을,Area,AREA,CENTRAL,관람·체험,야외,제주특별자치도 서귀포시 표선면 성읍정의현로 19,제주특별자치도 서귀포시 표선면 성읍리 775-1,33.384453,126.800385,실외,OUTDOOR,3000,100,주차장+화장실+안내소+쉼터,"낙상(31), 교통사고(19), 기타 둔상(5)",지역주민(1): 교통위험(1),UNKNOWN,,,,,무료,무료,제한없음,연중무휴,1시간~1시간 30분,,UNKNOWN,,,,,,Y,,,,,UNKNOWN
P107,더마파크,체험·레저,관광체험,승마·공연체험,Place,SPOT,CENTRAL·LOCAL,체험·관람,공연,제주특별자치도 제주시 한림읍 월림7길 155,제주특별자치도 제주시 한림읍 월림리 산 8,33.35413655,126.2443234,실외,OUTDOOR,2800,UNKNOWN,주차장+화장실+무선인터넷+매표소+식음료시설,"낙상(5), 교통사고(4), 추락(2)",,UNKNOWN,,,,,18000,18000,9:00~18:00,연중무효,1시간 30분~2시간,,UNKNOWN,,,,,,Y,,,,,UNKNOWN
P108,국립제주박물관,문화·전시,전시시설,박물관,Place,SPOT,CENTRAL,관람,실내,제주특별자치도 제주시 일주동로 17,제주특별자치도 제주시 건입동 261,33.513997,126.54897,실내,INDOOR,3000,150,주차장+장애인주차장+경사로+엘리베이터+휠체어·유모차 대여+장애인화장실+점자안내판+음성안내+수유실,"낙상(45), 교통사고(31), 열상(9)",지역주민(2): 교통위험(2),UNKNOWN,,,,,무료,무료,09:00~18:00,"매주 월요일, 1월 1일, 설, 추석",1시간이상,https://jeju.museum.go.kr,UNKNOWN,,,,,,Y,,,,,UNKNOWN
P109,낙타트래킹,체험·레저,액티비티,동물트래킹,Place,SPOT,CENTRAL·LOCAL,체험,야외,제주특별자치도 서귀포시 표선면 번영로 2564-21,제주특별자치도 제주시 한경면 판포리 2877-3,33.4026984,126.7786456,실외,OUTDOOR,250,UNKNOWN,주차장+화장실+매표소+쉼터+안내시설,"낙상(10), 교통사고(9), 익수(7)",,UNKNOWN,,,,,,,,,,,UNKNOWN,,,,,,Y,,,,,UNKNOWN
P110,세계자동차&피아노박물관,문화·전시,전시시설,박물관,Place,SPOT,CENTRAL·LOCAL,관람,실내,제주특별자치도 서귀포시 안덕면 중산간서로 1610,제주특별자치도 서귀포시 안덕면 상창리 2065-4,33.283195,126.34977,실내+실외,MIXED,2500,116,주차장+화장실+안내시설+쉼터,"교통사고(40), 낙상(23), 동물/곤충(5)",,UNKNOWN,,,,,,,,,,,UNKNOWN,,,,,,Y,,,,,UNKNOWN
P111,하리보해피월드,문화·전시,전시시설,체험형전시,Place,SPOT,CENTRAL,관람·체험,실내,제주특별자치도 제주시 아연로 444-1,제주특별자치도 제주시 오등동 10-1,33.4738817,126.5287705,실내,INDOOR,2500,UNKNOWN,주차장+화장실+기념품점+식음료시설,"교통사고(32), 낙상(27), 동물/곤충(4)",,UNKNOWN,,,,,,,,,,,UNKNOWN,,,,,,Y,,,,브랜드 홍보·체험관,UNKNOWN
P112,성산포항,교통시설,항만,항만,Place,SPOT,CENTRAL·RELATED,이동·환승,교통거점,제주특별자치도 서귀포시 성산읍 성산등용로 130-21,제주특별자치도 서귀포시 성산읍 성산리 347-9,33.47211,126.9332,실외,OUTDOOR,10000,1134,주차장+화장실+대합실+매표소+승선시설+버스정류장,"교통사고(127), 낙상(81), 추락(11)",,UNKNOWN,,,,,,,,,,,UNKNOWN,,,,,,Y,,,,,UNKNOWN
P113,오는정김밥,상업·쇼핑,식음료,분식·김밥,Place,SPOT,RELATED,식음료,테이크아웃,제주특별자치도 서귀포시 동문동로 2,제주특별자치도 서귀포시 서귀동 254-6,33.2497,126.5671,실내,INDOOR,600,0,주차장+쉼터,"낙상(91), 교통사고(37), 상해(25)",,UNKNOWN,,,,,,,,,,,UNKNOWN,,,,,,Y,,,,,UNKNOWN
P114,우도잠수함(제주씨월드),체험·레저,액티비티,해양레저,Place,SPOT,RELATED,체험,체험,제주특별자치도 서귀포시 성산읍 성산등용로 130-21,제주특별자치도 서귀포시 성산읍 성산리 347-9,33.47211,126.9332,복합,UNKNOWN,1000,1134,주차장+화장실+매표소+대합실+승선시설+안내시설,"교통사고(127), 낙상(81), 추락(11)",,Y,우도,성산항,15.0,Y,,,,,,,UNKNOWN,,,,,,Y,,수시(성수기 30분 간격),여객선 필수 — 풍랑특보 시 결항. 방문 전 운항 확인 필요,,UNKNOWN
P115,제주동백수목원,자연관광,숲·공원,수목원,Place,SPOT,RELATED,산책·관람,꽃,도로명주소 미보유,제주특별자치도 서귀포시 남원읍 위미리 929-2 .,33.2755344,126.6784928,실외,OUTDOOR,2000,10,주차장+화장실+버스정류장,"교통사고(39), 낙상(12), 추락(6)",,UNKNOWN,,,,,,,,,,,UNKNOWN,,,,,,Y,,,,,UNKNOWN
P116,바이나흐튼크리스마스박물관,문화·전시,전시시설,박물관,Place,SPOT,RELATED,관람,실내,제주특별자치도 서귀포시 안덕면 평화로 654,제주특별자치도 서귀포시 안덕면 서광리 456,33.2913117,126.3277988,실내,INDOOR,1000,UNKNOWN,주차장+화장실,"교통사고(241), 낙상(198), 기타 둔상(45)",,UNKNOWN,,,,,,,,,,,UNKNOWN,,,,,,Y,,,,,UNKNOWN
P117,코코나라,체험·레저,액티비티,액티비티,Place,SPOT,GENERAL,체험,체험,제주특별자치도 제주시 우도면 우목길 105 우도 코코나라,제주특별자치도 제주시 우도면 연평리 2396-4,33.509193980979,126.944048998731,실외,OUTDOOR,3000,400,주차장+대여시설+화장실+안내시설,"교통사고(163), 낙상(50), 동물/곤충(12)",,Y,우도,성산항,15.0,Y,,,,,,,UNKNOWN,,,,,,Y,,수시(성수기 30분 간격),여객선 필수 — 풍랑특보 시 결항. 방문 전 운항 확인 필요,,UNKNOWN
P118,우도산호해변 홍조단괴 서빈백사,자연관광,해양,해변,Place,SPOT,RELATED·LOCAL,산책·해변활동,"해양경관,야외",제주특별자치도 서귀포시 안덕면 한창로 340,제주특별자치도 제주시 우도면 연평리 2516-2,33.290378,126.353859,실외,OUTDOOR,5000,UNKNOWN,주차장+화장실+샤워장+안전시설+버스정류장,"교통사고(241), 낙상(198), 기타 둔상(45)",,Y,우도,성산항,15.0,Y,,,,,,,UNKNOWN,,,,,,Y,,수시(성수기 30분 간격),여객선 필수 — 풍랑특보 시 결항. 방문 전 운항 확인 필요,,중복 병합: P137 홍조단괴해빈해수욕장(산호해수욕장)
P119,제주워터월드,문화·전시,전시시설,미디어아트,Place,SPOT,RELATED,관람,실내,제주특별자치도 서귀포시 월드컵로 33,제주특별자치도 서귀포시 법환동 914,33.246,126.509,실내,INDOOR,2000,615,주차장+화장실+매표소+쉼터,"낙상(29), 교통사고(24), 기타 둔상(8)",,UNKNOWN,,,,,,,,,,,UNKNOWN,,,,,,Y,,,,,UNKNOWN
P120,훈데르트바서파크,체험·레저,테마시설,테마파크,Place,SPOT,LOCAL,체험·관람,체험,제주특별자치도 제주시 우도면 우도해안길 32-12,제주특별자치도 제주시 우도면 연평리 2658,33.4931983,126.9562063,실내+실외,MIXED,1500,31,주차장+화장실+장애인편의시설+식음료시설,"교통사고(163), 낙상(50), 동물/곤충(12)",,Y,우도,성산항,15.0,Y,,,,,,,UNKNOWN,,,,,,Y,,수시(성수기 30분 간격),여객선 필수 — 풍랑특보 시 결항. 방문 전 운항 확인 필요,,UNKNOWN
P121,숙성도/중문점,상업·쇼핑,식음료,음식점,Place,SPOT,RELATED,식음료,맛집,제주특별자치도 서귀포시 일주서로 966,제주특별자치도 서귀포시 색달동 2134,33.2576,126.408,실외,OUTDOOR,600,25,주차장+화장실+쉼터+식음료시설,"낙상(104), 교통사고(45), 기타 둔상(38)",,UNKNOWN,,,,,,,,,,,UNKNOWN,,,,,,Y,,,,,UNKNOWN
P122,누웨마루거리,상업·쇼핑,거리상권,관광거리,Area,AREA,CENTRAL,산책·쇼핑,"도보,쇼핑",제주특별자치도 제주시 연동7길 31,제주특별자치도 제주시 연동 273-32,33.4870613093985,126.490859642544,실내,INDOOR,8000,505,주차장+화장실+식음료시설+안내시설,"낙상(141), 교통사고(71), 상해(32)",불특정다수(1): 교통위험(1),UNKNOWN,,,,,,,,,,,UNKNOWN,,,,,,Y,,,,,UNKNOWN
P123,더큐브리조트/제주,숙박시설,콘도미니엄,리조트콘도,Place,SPOT,CENTRAL·RELATED,숙박,숙박,제주특별자치도 서귀포시 솔오름로105번길 24,제주특별자치도 서귀포시 토평동 산30-13,33.2858996,126.5636464,실내,INDOOR,800,UNKNOWN,주차장+화장실+편의점,"교통사고(34), 낙상(26), 카트(12)",,UNKNOWN,,,,,,,,,,,UNKNOWN,,,,,,Y,,,,,UNKNOWN
P124,신신호텔/제주오션,숙박시설,호텔,비즈니스호텔,Place,SPOT,CENTRAL·RELATED,숙박,숙박,제주특별자치도 서귀포시 중앙로 14,제주특별자치도 서귀포시 서귀동 494,33.247,126.56,실내,INDOOR,514,257,주차장+화장실+식음료시설+ATM+엘리베이터,"낙상(91), 교통사고(37), 상해(25)",,UNKNOWN,,,,,,,,,,,UNKNOWN,,,,,,Y,,,,,UNKNOWN
P125,중문색달해수욕장,자연관광,해양,해수욕장,Area,AREA,CENTRAL·RELATED,산책·해변활동,"해양경관,야외",제주특별자치도 서귀포시 중문관광로72번길 29-51,제주특별자치도 서귀포시 색달동 3039,33.24499,126.41159,실외,OUTDOOR,7609,150,주차장+화장실+샤워장+안전시설+식음료시설,"낙상(104), 교통사고(45), 기타 둔상(38)","관광객(4): 익수위험(2), 해양위험(1), 해양생물(1) / 지역주민(2): 익수위험(1), 안전위험(1)",UNKNOWN,,,,,,,,,,,UNKNOWN,,,,,,Y,,,,,UNKNOWN
P126,답다니탑망대,자연관광,해양,전망대,Place,SPOT,LOCAL,경관감상·산책,"전망,야외",도로명주소미보유,제주특별자치도 제주시 우도면 연평리 798,33.5059831,126.9602566,실외,OUTDOOR,500,UNKNOWN,주차장+안내시설,"교통사고(163), 낙상(50), 동물/곤충(12)",,Y,우도,성산항,15.0,Y,,,,,,,UNKNOWN,,,,,,Y,,수시(성수기 30분 간격),여객선 필수 — 풍랑특보 시 결항. 방문 전 운항 확인 필요,,UNKNOWN
P127,산방산유채꽃밭,자연관광,숲·공원,꽃밭,Place,SPOT,RELATED,산책·관람,계절경관,도로명주소 미보유,제주특별자치도 서귀포시 안덕면 사계리 461,33.2406608334297,126.306034968326,실외,OUTDOOR,4000,28,주차장+화장실+식음료시설,"낙상(49), 교통사고(31), 추락(7)",,UNKNOWN,,,,,,,,,,,UNKNOWN,,,,,,Y,,,,,UNKNOWN
P128,대왕수천예래생태공원,자연관광,숲·공원,생태공원,Place,SPOT,RELATED,산책·관람,생태,도로명주소미보유,제주특별자치도 서귀포시 상예동 5002-26,33.245,126.391,실외,OUTDOOR,2000,20,주차장+화장실+안내시설,"교통사고(18), 낙상(10), 기타 둔상(2)",,UNKNOWN,,,,,,,,,,,UNKNOWN,,,,,,Y,,,,,UNKNOWN
P129,부소오름,자연관광,산·오름,오름,Place,SPOT,LOCAL,등산·트레킹,"전망,등산",도로명주소미보유,제주특별자치도 제주시 조천읍 교래리 산2,33.4426059140126,126.717095319381,실외,OUTDOOR,500,UNKNOWN,주차장+안내시설,"낙상(49), 교통사고(32), 추락(8)",,UNKNOWN,,,,,,,,,,,UNKNOWN,,,,,,Y,,,,,UNKNOWN
P130,북오름,자연관광,산·오름,오름,Place,SPOT,LOCAL,등산·트레킹,"전망,등산",도로명주소 미보유,제주특별자치도 서귀포시 안덕면 동광리 산 94,33.306194,126.332054,실외,OUTDOOR,400,UNKNOWN,안내시설,"교통사고(26), 낙상(13), 상해(2)",불특정다수(1): 환경오염(1),UNKNOWN,,,,,,,,,,,UNKNOWN,,,,,,Y,,,,,UNKNOWN
P131,타마라/제주,숙박시설,호텔,일반호텔,Place,SPOT,CENTRAL·RELATED,숙박,숙박,제주특별자치도 서귀포시 김정문화로41번길 10-8,제주특별자치도 서귀포시 법환동 745-2,33.2518736969334,126.510130760855,실내,INDOOR,700,60,주차장+화장실+편의점+세탁시설,"낙상(29), 교통사고(24), 기타 둔상(8)",,UNKNOWN,,,,,,,,,,,UNKNOWN,,,,,,Y,,,,,UNKNOWN
P132,더클리프,상업·쇼핑,식음료,카페·라운지,Place,SPOT,RELATED,휴식·식음료,오션뷰,제주특별자치도 서귀포시 중문관광로 154-17,제주특별자치도 서귀포시 색달동 2950-17,33.2450403,126.4155991,실내,INDOOR,800,UNKNOWN,주차장+화장실+식음료시설,"낙상(104), 교통사고(45), 기타 둔상(38)",,UNKNOWN,,,,,,,,,,,UNKNOWN,,,,,,Y,,,,,UNKNOWN
P133,성산항,교통시설,항만,항만,Place,SPOT,CENTRAL,이동·환승,교통거점,제주특별자치도 서귀포시 성산읍 성산등용로 129-21,제주특별자치도 서귀포시 성산읍 성산리 347-9,33.4721117,126.9331983,실외,OUTDOOR,10000,1134,주차장+화장실+매표소+대합실+승선시설+버스정류장,"교통사고(127), 낙상(81), 추락(11)",미상(1): 추락(1) / 지역주민(1): 화재/폭발(1),UNKNOWN,,,,,,,,,,,UNKNOWN,,,,,,Y,,,,,UNKNOWN
P134,이중섭미술관,문화·전시,전시시설,미술관,Place,SPOT,GENERAL,관람,"문화,실내관람",제주특별자치도 서귀포시 이중섭로 27-3,제주특별자치도 서귀포시 서귀동 532-1,33.245916,126.564949,실내,INDOOR,1000,39,주차장+화장실+안내시설,"낙상(91), 교통사고(37), 상해(25)",,UNKNOWN,,,,,,,,,,,UNKNOWN,,,,,,Y,,,,,UNKNOWN
P135,호텔브릿지서귀포,숙박시설,호텔,비즈니스호텔,Place,SPOT,CENTRAL·RELATED,숙박,숙박,제주특별자치도 서귀포시 태평로 436,제주특별자치도 서귀포시 서귀동 162-1,33.2455931951362,126.566652188682,실내,INDOOR,630,100,주차장+화장실+식음료시설,"낙상(91), 교통사고(37), 상해(25)",,UNKNOWN,,,,,,,,,,,UNKNOWN,,,,,,Y,,,,,UNKNOWN
P136,서귀본향당,문화·전시,문화유산,역사유적,Place,SPOT,LOCAL,관람,역사문화,제주특별자치도 서귀포시 이중섭로 23-11,제주특별자치도 서귀포시 서귀동 534-2,33.2461676,126.5648386,실내,INDOOR,106,UNKNOWN,주차장+쉼터,"낙상(91), 교통사고(37), 상해(25)",,UNKNOWN,,,,,,,,,,,UNKNOWN,,,,,,Y,,,,,UNKNOWN
P137,신신호텔/천지연점,숙박시설,호텔,비즈니스호텔,Place,SPOT,CENTRAL·RELATED,숙박,숙박,제주특별자치도 서귀포시 서문로 42-1,제주특별자치도 서귀포시 서귀동 325-1,33.2494983909101,126.557576295524,실내,INDOOR,810,UNKNOWN,주차장+화장실+식음료시설+비즈니스센터+세탁시설,"낙상(91), 교통사고(37), 상해(25)",,UNKNOWN,,,,,,,,,,,UNKNOWN,,,,,,Y,,,,,UNKNOWN
P138,이중섭거리,문화·전시,복합문화공간,문화거리,Area,AREA,LOCAL,산책·관람,"문화,도보",제주특별자치도 서귀포시 이중섭로 29,제주특별자치도 서귀포시 서귀동 512-1,33.245916,126.564949,실외,OUTDOOR,3000,24,주차장+화장실+식음료시설+안내시설,"낙상(91), 교통사고(37), 상해(25)",,UNKNOWN,,,,,,,,,,,UNKNOWN,,,,,,Y,,,,,UNKNOWN
P139,새연교,자연관광,트레일·산책로,교량산책로,Place,SPOT,RELATED,산책·관람,야외,제주특별자치도 서귀포시 서귀동 남성중로 40,제주특별자치도 서귀포시 서홍동 707-5,33.2393033784206,126.558616052674,실외,OUTDOOR,3000,UNKNOWN,주차장+화장실,"낙상(24), 교통사고(22), 기타 둔상(4)",미상(1): 해양생물(1) / 지역주민(1): 미끄럼/낙상(1) / 종사자(1): 해양위험(1),UNKNOWN,,,,,,,,,,,UNKNOWN,,,,,,Y,,,,,UNKNOWN
P140,삼성혈,문화·전시,문화유산,역사유적,Place,SPOT,LOCAL,관람,역사문화,제주특별자치도 제주시 삼성로 22,제주특별자치도 제주시 이도일동 1313,33.5043012550167,126.528872228226,실외,OUTDOOR,1500,20,주차장+화장실+안내소,UNKNOWN,지역주민(1): 교통위험(1),UNKNOWN,,,,,2500,1000,09:00~18:00,연중무휴,1시간,,UNKNOWN,,,,,,Y,,,,,UNKNOWN
P141,대한목장,체험·레저,관광체험,목장체험,Place,SPOT,RELATED,체험·휴식,"식음료, 카페, 목장",제주특별자치도 서귀포시 남원읍 하례로620번길 19 대한목장(홀리랜드),제주특별자치도 서귀포시 남원읍 신례리 1918-1,33.3018797482013,126.618214596046,실외,OUTDOOR,1500,UNKNOWN,주차장+화장실+식음료시설,"교통사고(36), 낙상(27), 기타 둔상(9)",,UNKNOWN,,,,,,,,,,,UNKNOWN,,,,,,Y,,,,,UNKNOWN
P142,서귀포 겨울바다 펭귄수영대회,문화·전시,축제·행사,지역행사,Event,EVENT,LOCAL,행사참여·관람,"행사,체험",도로명주소미보유,제주특별자치도 서귀포시 색달동 3039,33.2789963,126.408364,실외,OUTDOOR,2000,130,주차장+샤워장+화장실+탈의실+수하물보관소,"낙상(104), 교통사고(45), 기타 둔상(38)",,UNKNOWN,,,,,,,,,,,○,12,1,,SEASONAL_ONLY,겨울바다 펭귄수영대회 — 동절기 개최,N,"2026년 구체 일정 미공표 — 개최 시기만 추정, 추천 제외",,,,UNKNOWN
P143,서귀포은갈치축제,문화·전시,축제·행사,지역축제,Event,EVENT,RELATED,축제·관람,행사,제주특별자치도 서귀포시 칠십리로72번길 14,제주특별자치도 서귀포시 서귀동 758-4,33.2382954925305,126.566863082962,실외,OUTDOOR,17000,UNKNOWN,주차장+화장실+안내소+쉼터,"낙상(91), 교통사고(37), 상해(25)",,UNKNOWN,,,,,,,,,,,○,9,10,,SEASONAL_ONLY,은갈치 조업 성수기 연계,N,"2026년 구체 일정 미공표 — 개최 시기만 추정, 추천 제외",,,,UNKNOWN
P144,이중섭거주지,문화·전시,문화유산,역사유적,Place,SPOT,LOCAL,관람,역사문화,제주특별자치도 서귀포시 이중섭로 29(서귀동),제주특별자치도 서귀포시 서귀동 512-1,33.245496,126.564333,실외,OUTDOOR,300,UNKNOWN,주차장+화장실,"낙상(91), 교통사고(37), 상해(25)",,UNKNOWN,,,,,,,,,,,UNKNOWN,,,,,,Y,,,,,UNKNOWN
P145,문섬(서귀포해양도립공원),자연관광,해양,해안경관,Area,AREA,LOCAL,경관감상·산책,"해양경관,야외",도로명주소미보유,제주특별자치도 서귀포시 서귀동 산4,33.226519135502,126.565972358096,실외,OUTDOOR,500,UNKNOWN,주차장,"낙상(91), 교통사고(37), 상해(25)",지역주민(1): 익수위험(1),UNKNOWN,,,,,,,,,,,UNKNOWN,,,,,,Y,,,,,UNKNOWN
P146,서우봉,자연관광,산·오름,오름,Place,SPOT,RELATED·LOCAL,등산·트레킹,"전망,등산",제주특별자치도 제주시 조천읍 조함해안로 525,제주특별자치도 제주시 조천읍 함덕리 1004-10,33.543746,126.668845,실외,OUTDOOR,15000,UNKNOWN,주차장+화장실+샤워장+탈의실+식음료시설,"낙상(84), 교통사고(33), 기타 둔상(13)",,UNKNOWN,,,,,,,,,,,UNKNOWN,,,,,,Y,,,,,UNKNOWN
P147,함덕오일장,상업·쇼핑,시장,오일장,Place,SPOT,CENTRAL·RELATED,쇼핑·식음료,"식음료,쇼핑",제주특별자치도 제주시 조천읍 함덕16길 1513,제주특별자치도 제주시 조천읍 함덕리 972-7,33.540309,126.667206,실외,OUTDOOR,800,UNKNOWN,주차장+화장실+관리사무소+식음료시설,"낙상(84), 교통사고(33), 기타 둔상(13)",관광객(1): 교통위험(1),UNKNOWN,,,,,,,,,,,UNKNOWN,,,,,,Y,,,,,UNKNOWN
P148,엉덩물계곡,자연관광,지질·특수자원,계곡,Place,SPOT,LOCAL,경관감상·탐방,"자연경관,야외",제주특별자치도 서귀포시 중문관광로 192,제주특별자치도 서귀포시 중문동 2785-2,33.247825,126.41386,실외,OUTDOOR,2000,152,주차장+화장실+안내시설,"낙상(52), 교통사고(27), 기타 둔상(9)",,UNKNOWN,,,,,,,,,,,UNKNOWN,,,,,,Y,,,,,UNKNOWN
P149,웰니스 숲힐링 축제,문화·전시,축제·행사,지역행사,Event,EVENT,LOCAL,행사참여·관람,"행사,체험",제주특별자치도 서귀포시 산록남로 2271,제주특별자치도 서귀포시 호근동 산1,33.2919386,126.5279022,실외,OUTDOOR,700,66,주차장+화장실,"낙상(18), 추락(4), 기타 둔상(2)",,UNKNOWN,,,,,,,,,,,○,9,10,,SEASONAL_ONLY,웰니스 숲힐링 축제,N,"2026년 구체 일정 미공표 — 개최 시기만 추정, 추천 제외",,,,UNKNOWN
P150,황우럭만화천국사회적협동조합,상업·쇼핑,식음료,"카페,전시관",Place,SPOT,GENERAL,식음료,실내,제주특별자치도 제주시 한림읍 내동남길 7-3,제주특별자치도 제주시 한림읍 한림리 1055,33.414267,126.266673,실내,INDOOR,100,UNKNOWN,주차장+화장실+식음료시설,"낙상(170), 교통사고(167), 기타 둔상(33)",,UNKNOWN,,,,,,,,,,,UNKNOWN,,,,,,Y,,,,,UNKNOWN
P151,테디베어뮤지엄 제주,문화·전시,전시시설,박물관,Place,SPOT,GENERAL,관람,"문화,실내관람",제주특별자치도 서귀포시 중문관광로110번길 31,제주특별자치도 서귀포시 색달동 2889,33.250242,126.411974,실내,INDOOR,3000,UNKNOWN,주차장+화장실+안내시설+기념품점+식음료시설,"낙상(104), 교통사고(45), 기타 둔상(38)",,UNKNOWN,,,,,10000,8000,09:00~18:00,연중무휴,1시간30분,,UNKNOWN,,,,,,Y,,,,브랜드 홍보·체험관,UNKNOWN
P152,고씨주택,문화·전시,문화유산,역사유적,Place,SPOT,LOCAL,관람,역사문화,제주특별자치도 제주시 관덕로17길 27-1,제주특별자치도 제주시 일도일동 1243-1,33.51497,126.52837,실외,OUTDOOR,UNKNOWN,UNKNOWN,UNKNOWN,"낙상(12), 교통사고(6), 기타 둔상(2)",,UNKNOWN,,,,,,,,,,,UNKNOWN,,,,,,Y,,,,,UNKNOWN
P153,사계항,교통시설,항만,항만,Place,SPOT,CENTRAL,이동·환승,교통거점,제주특별자치도 서귀포시 안덕면 형제해안로 13,제주특별자치도 서귀포시 안덕면 사계리 2147-32,33.2281236723296,126.30627667846,실외,OUTDOOR,500,51,주차장+화장실,"낙상(49), 교통사고(31), 추락(7)",,UNKNOWN,,,,,,,,,,,UNKNOWN,,,,,,Y,,,,,UNKNOWN
P154,소암기념관,문화·전시,전시시설,전시시설,Place,SPOT,GENERAL,관람,"문화,실내관람",제주특별자치도 서귀포시 소암로 15 (서귀동) 소암기념관,제주특별자치도 서귀포시 서귀동 157-1,33.245102,126.567566,실내,INDOOR,300,UNKNOWN,주차장+화장실+안내시설,"낙상(91), 교통사고(37), 상해(25)",,UNKNOWN,,,,,,,,,,,UNKNOWN,,,,,,Y,,,,,UNKNOWN
P155,아라리오뮤지엄탑동시네마,문화·전시,전시시설,박물관,Place,SPOT,GENERAL,관람,"문화,실내관람",제주특별자치도 제주시 탑동로 14,제주특별자치도 제주시 삼도이동 1261-8,33.517422,126.523439,실내,INDOOR,700,UNKNOWN,주차장+화장실+안내시설+식음료시설+기념품점+엘리베이터,"낙상(32), 교통사고(13), 기타 둔상(10)",,UNKNOWN,,,,,,,,,,,UNKNOWN,,,,,,Y,,,,,UNKNOWN
P156,김영수도서관,문화·전시,전시시설,도서관,Place,SPOT,GENERAL,관람,"문화,실내관람",제주특별자치도 제주시 중앙로8길 18,제주특별자치도 제주시 삼도이동 17-3,33.514774,126.522098,실내,INDOOR,150,41,주차장+화장실,UNKNOWN,,UNKNOWN,,,,,,,,,,,UNKNOWN,,,,,,Y,,,,,UNKNOWN
P157,삼밭구석&동광리 4.3희생자 위령비,문화·전시,문화유산,역사유적,Place,SPOT,LOCAL,관람,역사문화,도로명주소미보유,제주특별자치도 서귀포시 안덕면 동광리 1396,33.309932535122,126.331033000084,실외,OUTDOOR,100,UNKNOWN,주차장+화장실+안내시설,"교통사고(26), 낙상(13), 상해(2)",,UNKNOWN,,,,,,,,,,,UNKNOWN,,,,,,Y,,,,,UNKNOWN
P158,제주목관아,문화·전시,문화유산,역사유적,Place,SPOT,LOCAL,관람,역사문화,제주특별자치도 제주시 관덕로 25,제주특별자치도 제주시 삼도이동 1045-1,33.514103,126.52193,실외,OUTDOOR,3636,UNKNOWN,주차장+화장실+매표소+안내소,"낙상(32), 교통사고(13), 기타 둔상(10)",,UNKNOWN,,,,,15000,무료,09:00~18:00,연중무휴,1시간,,UNKNOWN,,,,,,Y,,,,,UNKNOWN
P159,탐라문화제,문화·전시,축제·행사,지역행사,Event,EVENT,LOCAL,행사참여·관람,"행사,체험",제주특별자치도 제주시 동문로2길 8,제주특별자치도 제주시 일도일동 1146-22,33.513214,126.5283,실외,OUTDOOR,10000,UNKNOWN,주차장+화장실+안내소+안전시설,UNKNOWN,,UNKNOWN,,,,,,,,,,,○,10,10,,SEASONAL_ONLY,제64회 2025.10.10~10.14 개최. 매년 10월 제주해변공연장·탐라문화광장 일원,N,"2026년 구체 일정 미공표 — 개최 시기만 추정, 추천 제외",,,,UNKNOWN
P160,탑동,자연관광,도심권역,지역명,Area,AREA,CENTRAL,산책·상권이용,권역,제주특별자치도 제주시 중앙로 2,제주특별자치도 제주시 삼도이동 1262,33.517901,126.52396,실외,OUTDOOR,5000,69,주차장+화장실+안내소+전기차충전,"낙상(32), 교통사고(13), 기타 둔상(10)",불특정다수(1): 혼잡위험(1) / 지역주민(1): 추락(1),UNKNOWN,,,,,,,,,,,UNKNOWN,,,,,,Y,,,,,UNKNOWN
P161,탑동해변공연장,문화·전시,축제·행사,지역행사,Place,SPOT,LOCAL,행사참여·관람,"행사,체험",제주특별자치도 제주시 중앙로 2,제주특별자치도 제주시 삼도이동 1262,33.518116,126.524185,실외,OUTDOOR,2500,66,주차장+화장실,"낙상(32), 교통사고(13), 기타 둔상(10)",지역주민(1): 익수위험(1),UNKNOWN,,,,,,,,,,,UNKNOWN,,,,,,Y,,,,,UNKNOWN
P162,신양섭지해수욕장,자연관광,해양,해수욕장,Place,SPOT,RELATED·LOCAL,산책·해변활동,"해양경관,야외",제주특별자치도 서귀포시 성산읍 섭지코지로 88,제주특별자치도 서귀포시 성산읍 고성리 186-2,33.4305782,126.9277688,실외,OUTDOOR,10000,30,주차장+화장실+샤워장+탈의실+음수대+안전시설,"낙상(94), 교통사고(37), 기타 둔상(20)",미상(1): 익수위험(1),UNKNOWN,,,,,,,,,,,UNKNOWN,,,,,,Y,,,,,UNKNOWN
P163,중문면 4·3 희생자 위령공원,문화·전시,문화유산,역사유적,Place,SPOT,RELATED·LOCAL,관람,역사문화,도로명주소미보유,제주특별자치도 서귀포시 중문동 2774-7,33.252007,126.417349,실외,OUTDOOR,200,UNKNOWN,주차장+화장실+안내시설,"낙상(52), 교통사고(27), 기타 둔상(9)",,UNKNOWN,,,,,,,,,,,UNKNOWN,,,,,,Y,,,,,UNKNOWN
P164,초콜릿랜드,체험·레저,테마시설,테마파크,Place,SPOT,GENERAL,체험·관람,체험,제주특별자치도 서귀포시 중문관광로110번길 15,제주특별자치도 서귀포시 색달동 2864-36,33.24993,126.413266,실내,INDOOR,600,40,주차장+화장실+매표소,"낙상(104), 교통사고(45), 기타 둔상(38)",,UNKNOWN,,,,,,,,,,,UNKNOWN,,,,,,Y,,,,,UNKNOWN
P165,표선세화해안도로,자연관광,트레일·산책로,해안산책로,Area,AREA,CENTRAL·RELATED,산책·트레킹,"도보,해안경관",제주특별자치도 서귀포시 표선면 민속해안로 537,제주특별자치도 서귀포시 표선면 표선리 40-69,33.323337,126.844972,실외,OUTDOOR,1000,UNKNOWN,주차장+화장실,"낙상(38), 교통사고(27), 동물/곤충(11)",불특정다수(1): 기상위험(1),UNKNOWN,,,,,,,,,,,UNKNOWN,,,,,,Y,,,,,UNKNOWN
P166,올레여행자센터,상업·쇼핑,관광안내시설,방문자센터,Place,SPOT,LOCAL,"휴식,관광안내",숙박·식음료·실내,제주특별자치도 서귀포시 중정로 22,제주특별자치도 서귀포시 서귀동 316-1,33.247404,126.558732,실내,INDOOR,UNKNOWN,UNKNOWN,주차장+화장실+식음료시설,UNKNOWN,,UNKNOWN,,,,,,,,,,,UNKNOWN,,,,,,Y,,,,,UNKNOWN
P167,섭지해녀의집,상업·쇼핑,식음료,음식점,Place,SPOT,RELATED·LOCAL,식음료,맛집,제주특별자치도 서귀포시 성산읍 섭지코지로 95,제주특별자치도 서귀포시 성산읍 고성리 127-3,33.4329768585971,126.927795526895,실외,OUTDOOR,300,35,주차장+화장실+식음료시설,"낙상(94), 교통사고(37), 기타 둔상(20)",,UNKNOWN,,,,,,,,,,,UNKNOWN,,,,,,Y,,,,,UNKNOWN
P168,관덕정,문화·전시,문화유산,역사유적,Place,SPOT,LOCAL,관람,역사문화,제주특별자치도 제주시 관덕로 19,제주특별자치도 제주시 삼도이동 983-1,33.513401,126.521547,실외,OUTDOOR,2969,80,주차장+화장실+안내시설,"낙상(32), 교통사고(13), 기타 둔상(10)",,UNKNOWN,,,,,,,,,,,UNKNOWN,,,,,,Y,,,,,UNKNOWN
P169,김만덕기념관,문화·전시,전시시설,전시시설,Place,SPOT,GENERAL,관람,"문화,실내관람",제주특별자치도 제주시 산지로 7,제주특별자치도 제주시 건입동 1164,33.515962,126.530405,실내,INDOOR,600,30,주차장+화장실+안내소,"낙상(45), 교통사고(31), 열상(9)",,UNKNOWN,,,,,10000,무료,09:00~18:00,"월요일, 신정, 설연휴, 추석연휴",40분,,UNKNOWN,,,,,,Y,,,,,UNKNOWN
P170,탐라국 입춘굿놀이,문화·전시,축제·행사,지역행사,Event,EVENT,LOCAL,행사참여·관람,"행사,체험",제주특별자치도 제주시 관덕로 25 제주목관아,제주특별자치도 제주시 삼도이동 43-3,33.5140551334159,126.522237750569,실외,OUTDOOR,3000,20,주차장+화장실+안전시설,"낙상(32), 교통사고(13), 기타 둔상(10)",,UNKNOWN,,,,,,,,,,,○,2,2,2026-02-02~2026-02-04,CONFIRMED,"제주민예총 주최, 관덕정·제주목관아 등 도내 일원. 4개 분야 21개 프로그램",N,2026년 개최 종료(2월) — 당해 재개최 없음,,,,UNKNOWN
P171,기독교순례길 2코스(순교의길),자연관광,트레일·산책로,일반산책로,Place,SPOT,LOCAL,산책·트레킹,도보,제주특별자치도 제주시 한림읍 협재8길 8,제주특별자치도 제주시 한림읍 협재리 1791,33.394725,126.243128,실외,OUTDOOR,175,6,주차장+화장실,"낙상(51), 교통사고(23), 기타 둔상(5)",,UNKNOWN,,,,,,,,,,,UNKNOWN,,,,,,Y,,,,,UNKNOWN
P172,제주올레 15-B코스,자연관광,트레일·산책로,올레길,Place,SPOT,LOCAL,산책·트레킹,"도보,장거리트레킹",제주특별자치도 제주시 한림읍 한림해안로 192,제주특별자치도 제주시 한림읍 대림리 2019-17,33.418997,126.262447,실외,OUTDOOR,1000,UNKNOWN,안내소+화장실+안전시설+버스정류장,"낙상(5), 기타 둔상(4), 교통사고(3)",,UNKNOWN,,,,,,,,,,,UNKNOWN,,,,,,Y,,,,,UNKNOWN
P173,당케포구,자연관광,해양,포구,Place,SPOT,LOCAL,경관감상·산책,"해양경관,야외",제주특별자치도 서귀포시 표선면 민속해안로 566-9,제주특별자치도 서귀포시 표선면 표선리 1-2,33.3250546612689,126.845803857073,실외,OUTDOOR,500,UNKNOWN,주차장+화장실+식음료시설,"낙상(38), 교통사고(27), 동물/곤충(11)",,UNKNOWN,,,,,,,,,,,UNKNOWN,,,,,,Y,,,,,UNKNOWN
P174,대장금촬영지(제주민속촌),문화·전시,복합문화공간,촬영명소,Place,SPOT,RELATED·LOCAL,관람,문화,제주특별자치도 서귀포시 표선면 민속해안로 631-34,제주특별자치도 서귀포시 표선면 표선리 40-1,33.322345,126.841487,실외,OUTDOOR,3000,80,주차장+화장실+안내시설+식음료시설,"낙상(107), 교통사고(67), 기타 둔상(22)",,UNKNOWN,,,,,15000,10500(30%할인),"08:30~18:00(4/1~7/15,9/1~9/30)·08:30~18:30(7/16~8/31)·08:30~17:30(3월)·08:30~17:00(10~2월)",연중무휴,,https://jejufolk.com,UNKNOWN,,,,,,Y,,,,,UNKNOWN
P175,제주민속촌 설날맞이 민속행사,문화·전시,축제·행사,지역행사,Event,EVENT,RELATED·LOCAL,행사참여·관람,"행사,체험",제주특별자치도 서귀포시 표선면 민속해안로 631-34,제주특별자치도 서귀포시 표선면 표선리 40-1,33.322345,126.841487,실외,OUTDOOR,5000,80,주차장+화장실+안내소+식음료시설+안전시설,"낙상(38), 교통사고(27), 동물/곤충(11)",,UNKNOWN,,,,,15000,10500(30%할인),"08:30~18:00(4/1~7/15,9/1~9/30)·08:30~18:30(7/16~8/31)·08:30~17:30(3월)·08:30~17:00(10~2월)",연중무휴,,https://jejufolk.com,○,1,2,,SEASONAL_ONLY,설날 연휴 민속행사 — 음력 기준 매년 변동,N,"2026년 구체 일정 미공표 — 개최 시기만 추정, 추천 제외",,,,UNKNOWN
P176,제주물사랑홍보관,문화·전시,전시시설,전시시설,Place,SPOT,GENERAL,관람,"문화,실내관람",제주특별자치도 제주시 산지로 5-16,제주특별자치도 제주시 건입동 1192,33.515596,126.531031,실내,INDOOR,150,UNKNOWN,주차장+화장실+안내시설,"낙상(45), 교통사고(31), 열상(9)",,UNKNOWN,,,,,,,,,,,UNKNOWN,,,,,,Y,,,,,UNKNOWN
P177,제주중앙성당,문화·전시,문화유산,역사유적,Place,SPOT,LOCAL,관람,역사문화,제주특별자치도 제주시 관덕로8길 14,제주특별자치도 제주시 삼도이동 108-1,33.51162,126.523156,실내,INDOOR,278,UNKNOWN,주차장+화장실,"낙상(32), 교통사고(13), 기타 둔상(10)",,UNKNOWN,,,,,,,,,,,UNKNOWN,,,,,,Y,,,,,UNKNOWN
P178,중문오일장,상업·쇼핑,시장,오일장,Place,SPOT,CENTRAL·RELATED,쇼핑·식음료,"식음료,쇼핑",제주특별자치도 서귀포시 천제연로188번길 12(중문동),제주특별자치도 서귀포시 중문동 2123-1,33.250856,126.424207,실외,OUTDOOR,1304,50,주차장+화장실+관리사무소+식음료시설+안내시설,"낙상(52), 교통사고(27), 기타 둔상(9)",불특정다수(1): 교통위험(1),UNKNOWN,,,,,,,,,,,UNKNOWN,,,,,,Y,,,,,UNKNOWN
P179,이생진시비공원,자연관광,숲·공원,공원,Place,SPOT,LOCAL,산책·관람,"자연경관,휴식",제주특별자치도 서귀포시 성산읍 한도로 269-23,제주특별자치도 서귀포시 성산읍 성산리 306,33.468084,126.936086,실외,OUTDOOR,300,UNKNOWN,주차장+안내시설,"교통사고(127), 낙상(81), 추락(11)",,UNKNOWN,,,,,,,,,,,UNKNOWN,,,,,,Y,,,,,UNKNOWN
P180,박물관은 살아있다,문화·전시,전시시설,박물관,Place,SPOT,GENERAL,관람,"문화,실내관람",제주특별자치도 서귀포시 중문관광로 42,제주특별자치도 서귀포시 색달동 2629,33.255043,126.409065,실내,INDOOR,1500,120,주차장+화장실+매표소+식음료시설+기념품점,"낙상(104), 교통사고(45), 기타 둔상(38)",,UNKNOWN,,,,,12000,10000,9:00 ~ 21:30,연중무휴,1~2시간,,UNKNOWN,,,,,,Y,,,,,UNKNOWN
P181,엑트몬제주,"체험,레저",액티비티,액티비티,Place,SPOT,GENERAL,체험,실내,제주특별자치도 서귀포시 중문관광로 205 코시롱빌딩 B1층,제주특별자치도 서귀포시 중문동 2565,33.248795,126.419885,실내,INDOOR,1500,UNKNOWN,주차장+화장실+매표소+쉼터,UNKNOWN,,UNKNOWN,,,,,,,,,,,UNKNOWN,,,,,,Y,,,,,UNKNOWN
P182,걸매예술마을,문화·전시,복합문화공간,예술마을,Area,AREA,LOCAL,산책·관람,"문화,도보",제주특별자치도 서귀포시 서홍로 4-42,제주특별자치도 서귀포시 서홍동 470,33.24949,126.557426,실외,OUTDOOR,500,70,주차장+화장실+쉼터+안내시설,UNKNOWN,,UNKNOWN,,,,,,,,,,,UNKNOWN,,,,,,Y,,,,,UNKNOWN
P183,이덕구산전,문화·전시,문화유산,역사유적,Place,SPOT,LOCAL,관람,역사문화,제주특별자치도 제주시 조천읍 516로 1865,제주특별자치도 제주시 조천읍 교래리 산 137-24,33.384809,126.619629,실외,OUTDOOR,50,UNKNOWN,버스정류장+안내시설,"낙상(49), 교통사고(32), 추락(8)",,UNKNOWN,,,,,,,,,,,UNKNOWN,,,,,,Y,,,,,UNKNOWN
P184,선족이오름,자연관광,산·오름,오름,Place,SPOT,LOCAL,등산·트레킹,"전망,등산",도로명주소미보유,제주특별자치도 제주시 구좌읍 송당리 산140-2,33.4421733197079,126.748565240203,실외,OUTDOOR,200,UNKNOWN,버스정류장+안내시설,"교통사고(67), 낙상(31), 기타 둔상(4)",,UNKNOWN,,,,,,,,,,,UNKNOWN,,,,,,Y,,,,,UNKNOWN
P185,김만덕객주,상업·쇼핑,식음료,음식점,Place,SPOT,GENERAL,식음료,맛집,제주특별자치도 제주시 임항로 68 김만덕객주,제주특별자치도 제주시 건입동 984-41,33.516583,126.532225,실내,INDOOR,250,32,주차장+화장실+식음료시설+안내시설,"낙상(45), 교통사고(31), 열상(9)",,UNKNOWN,,,,,,,,,,,UNKNOWN,,,,,,Y,,,,,UNKNOWN
P186,퍼시픽 마리나 요트투어,체험·레저,액티비티,해양레저,Activity,VENUE,GENERAL,체험,체험,제주특별자치도 서귀포시 중문관광로 154-17,제주특별자치도 서귀포시 색달동 2950-17,33.2444327,126.4161942,실외,OUTDOOR,156,UNKNOWN,주차장+화장실+매표소+쉼터,"낙상(104), 교통사고(45), 기타 둔상(38)",,UNKNOWN,,,,,,,,,,,UNKNOWN,,,,,,Y,,,,,UNKNOWN
P187,용담 1동 벽화거리,문화·전시,복합문화공간,문화거리,Area,AREA,LOCAL,산책·관람,"문화,도보",제주특별자치도 제주시 서문로5길 1,제주특별자치도 제주시 용담일동 130-6,33.511743,126.517081,실외,OUTDOOR,200,UNKNOWN,안내시설,UNKNOWN,,UNKNOWN,,,,,,,,,,,UNKNOWN,,,,,,Y,,,,,UNKNOWN
P188,고성오일장,상업·쇼핑,시장,오일시장,Place,SPOT,CENTRAL,쇼핑·식음료,"식음료,쇼핑",제주특별자치도 서귀포시 성산읍 고성오조로 93,제주특별자치도 서귀포시 성산읍 고성리 1180-34,33.4517759,126.912796,실외,OUTDOOR,296,30,주차장+화장실+안내시설,"낙상(94), 교통사고(37), 기타 둔상(20)",,UNKNOWN,,,,,,,,,,,UNKNOWN,,,,,,Y,,,,,노란행 검증레포트 기준 P565 고성오일장과 병합
P189,삼의악트레킹코스,자연관광,트레일·산책로,일반산책로,Place,SPOT,LOCAL,등산·트레킹,"전망,등산",도로명주소미보유,제주특별자치도 제주시 아라일동 산 24-2,33.4395285589,126.561922654,실외,OUTDOOR,250,UNKNOWN,버스정류장+안내시설,UNKNOWN,,UNKNOWN,,,,,,,,,,,UNKNOWN,,,,,,Y,,,,,UNKNOWN
P190,용연선상음악회,문화·전시,축제·행사,지역행사,Event,EVENT,LOCAL,행사참여·관람,행사·체험,도로명주소미보유,제주특별자치도 제주시 용담이동 2581,33.512436,126.514062,실외,OUTDOOR,4000,UNKNOWN,화장실+안내시설,"낙상(54), 교통사고(45), 추락(5)",,UNKNOWN,,,,,,,,,,,X,,,,NOT_HELD,용연선상음악회,N,event_2026_status=X (2026년 미개최),,,,UNKNOWN
P191,대수산봉(큰물뫼·물미오름),자연관광,산·오름,오름,Place,SPOT,LOCAL,등산·트레킹,"전망,등산",도로명주소 미보유,제주특별자치도 서귀포시 성산읍 고성리 2039-1,33.43828,126.903673,실외,OUTDOOR,300,UNKNOWN,버스정류장+안내시설,"낙상(94), 교통사고(37), 기타 둔상(20)",,UNKNOWN,,,,,,,,,,,UNKNOWN,,,,,,Y,,,,,UNKNOWN
P192,빛의벙커,문화·전시,전시시설,전시시설,Place,SPOT,LOCAL,관람,"문화,실내관람",제주특별자치도 서귀포시 성산읍 서성일로1168번지 89-17,제주특별자치도 서귀포시 성산읍 고성리 2039-22,33.4371675,126.9039621,실내,INDOOR,4000,UNKNOWN,주차장+화장실+매표소+장애인편의시설,"낙상(94), 교통사고(37), 기타 둔상(20)",,UNKNOWN,,,,,,,,,,,UNKNOWN,,,,,,Y,,,,상업 전시·테마시설,UNKNOWN
P193,예술공간 이아,문화·전시,전시시설,전시시설,Place,SPOT,GENERAL,관람,"문화,실내관람",제주특별자치도 제주시 중앙로14길 21,제주특별자치도 제주시 삼도이동 154,33.510861,126.521986,실내,INDOOR,400,UNKNOWN,주차장+화장실,"낙상(32), 교통사고(13), 기타 둔상(10)",,UNKNOWN,,,,,,,,,,,UNKNOWN,,,,,,Y,,,,,UNKNOWN
P194,제주향교,문화·전시,문화유산,역사유적,Place,SPOT,LOCAL,관람,역사문화,제주특별자치도 제주시 서문로 43,제주특별자치도 제주시 용담일동 298-8,33.511157,126.516051,실외,OUTDOOR,57,UNKNOWN,주차장+화장실,"낙상(15), 교통사고(7), 관통상(3)",,UNKNOWN,,,,,,,,,,,UNKNOWN,,,,,,Y,,,,,UNKNOWN
P195,한담해변,자연관광,해양,해변,Area,AREA,CENTRAL·RELATED,산책·해변활동,"해양경관,야외",도로명주소 미보유,제주특별자치도 제주시 애월읍 애월리 1400-1,33.4602604,126.3214539,실외,OUTDOOR,5000,15,주차장+화장실+버스정류장,"교통사고(43), 낙상(25), 상해(7)",,UNKNOWN,,,,,,,,,,,UNKNOWN,,,,,,Y,,,,,UNKNOWN
P196,용연(용연구름다리),자연관광,자연경관,일반자연관광,Place,SPOT,LOCAL,경관감상·산책,"자연경관,야외",도로명주소미보유,제주특별자치도 제주시 용담이동 2581,33.514888,126.514386,실외,OUTDOOR,1000,UNKNOWN,주차장+화장실+쉼터+안내시설,"낙상(54), 교통사고(45), 추락(5)",지역주민(1): 교통위험(1),UNKNOWN,,,,,,,,,,,UNKNOWN,,,,,,Y,,,,,UNKNOWN
P197,제주농업학교 옛터,문화·전시,문화유산,문화공간,Place,SPOT,LOCAL,관람,문화,제주특별자치도 제주시 전농로 100,제주특별자치도 제주시 삼도1동 305-4,33.499622,126.53119,실외,OUTDOOR,100,UNKNOWN,버스정류장+안내시설,UNKNOWN,,UNKNOWN,,,,,,,,,,,UNKNOWN,,,,,,Y,,,,,UNKNOWN
P198,중문리 신사터,문화·전시,문화유산,역사유적,Place,SPOT,RELATED·LOCAL,관람,역사문화,제주특별자치도 서귀포시 천제연로 149,제주특별자치도 서귀포시 중문동 1498,33.2539101,126.4210895,실외,OUTDOOR,100,UNKNOWN,버스정류장+안내시설,"낙상(52), 교통사고(27), 기타 둔상(9)",,UNKNOWN,,,,,,,,,,,UNKNOWN,,,,,,Y,,,,,UNKNOWN
P199,쌍용굴(한림공원),자연관광,지질·특수자원,동굴,Place,SPOT,RELATED·LOCAL,경관감상·탐방,"자연경관,야외",제주특별자치도 제주시 한림읍 한림로 300,제주특별자치도 제주시 한림읍 협재리 2487,33.389495,126.239683,실내,INDOOR,3000,300,주차장+화장실+매표소+안내시설+쉼터+기념품점,"낙상(51), 교통사고(23), 기타 둔상(5)",,UNKNOWN,,,,,,,,,,,UNKNOWN,,,,,,Y,,,,,UNKNOWN
P200,협재굴(한림공원),자연관광,지질·특수자원,동굴,Place,SPOT,RELATED·LOCAL,경관감상·탐방,"자연경관,야외",제주특별자치도 제주시 한림읍 한림로 300,제주특별자치도 제주시 한림읍 협재리 2600,33.389495,126.239683,실내,INDOOR,3181,UNKNOWN,주차장+화장실+매표소+안내시설+쉼터+기념품점,"낙상(51), 교통사고(23), 기타 둔상(5)",,UNKNOWN,,,,,,,,,,,UNKNOWN,,,,,,Y,,,,,UNKNOWN
P201,세미오름(샘이오름),자연관광,산·오름,오름,Place,SPOT,LOCAL,등산·트레킹,"전망,등산",도로명주소미보유,제주특별자치도 제주시 조천읍 대흘리 산27-1,33.4713503042633,126.674791674052,실외,OUTDOOR,300,UNKNOWN,안내시설,"교통사고(13), 낙상(8), 기타 둔상(3)",지역주민(2): 길잃음(2),UNKNOWN,,,,,,,,,,,UNKNOWN,,,,,,Y,,,,,UNKNOWN
P202,자구리공원,자연관광,숲·공원,공원,Place,SPOT,LOCAL,산책·관람,"자연경관,휴식",제주특별자치도 서귀포시 칠십리로 145,제주특별자치도 서귀포시 서귀동 70-1,33.243226,126.568507,실외,OUTDOOR,1000,70,주차장+화장실,"낙상(91), 교통사고(37), 상해(25)",,UNKNOWN,,,,,,,,,,,UNKNOWN,,,,,,Y,,,,,UNKNOWN
P203,서귀포칠십리축제,문화·전시,축제·행사,지역행사,Event,EVENT,LOCAL,행사참여·관람,"행사,체험",제주특별자치도 서귀포시 칠십리로 126,제주특별자치도 서귀포시 서귀동 33,33.2428065696732,126.568039259566,실외,OUTDOOR,30000,590,주차장+화장실+안내시설,"낙상(91), 교통사고(37), 상해(25)",,UNKNOWN,,,,,,,,,,,○,10,10,,SEASONAL_ONLY,제31회 2025년 10월 개최. 천지연폭포 주차장·서귀포 원도심 일대. 문의 064-760-3942,N,"2026년 구체 일정 미공표 — 개최 시기만 추정, 추천 제외",,,,UNKNOWN
P204,보목포구,자연관광,해양,포구,Place,SPOT,LOCAL,경관감상·산책,"해양경관,야외",제주특별자치도 서귀포시 보목포로 46,제주특별자치도 서귀포시 보목동 566-3,33.2396461964278,126.607924341945,실외,OUTDOOR,100,60,주차장+화장실+음수대,"낙상(11), 교통사고(8), 기타 둔상(1)",지역주민(1): 익수위험(1),UNKNOWN,,,,,,,,,,,UNKNOWN,,,,,,Y,,,,,UNKNOWN
P205,용둠범목제계단길,자연관광,자연경관,일반자연관광,Place,SPOT,LOCAL,경관감상·산책,"자연경관,야외",도로명주소 미보유,제주특별자치도 제주시 추자면 영흥리 산 27-3,33.956703,126.29697,실외,OUTDOOR,300,UNKNOWN,주차장+화장실+안내시설,"낙상(6), 물(2), 기타 둔상(1)",,UNKNOWN,,,,,,,,,,,UNKNOWN,,,,,,Y,,,,,UNKNOWN
P206,보목자리리돔축제,문화·전시,축제·행사,지역행사,Event,EVENT,LOCAL,행사참여·관람,"행사,체험",제주특별자치도 서귀포시 보목포로 46,제주특별자치도 서귀포시 보목동 566-3,33.2396461964278,126.607924341945,실외,OUTDOOR,3000,60,주차장+화장실+안내시설,"낙상(11), 교통사고(8), 기타 둔상(1)",,UNKNOWN,,,,,,,,,,,○,5,5,,SEASONAL_ONLY,제21회 2025.05 개최 알림 확인. 보목포구 일원,N,"2026년 구체 일정 미공표 — 개최 시기만 추정, 추천 제외",,,,UNKNOWN
P207,세미양오름,자연관광,산·오름,오름,Place,SPOT,LOCAL,등산·트레킹,"전망,등산",제주특별자치도 서귀포시 칠십리로 156-8,제주특별자치도 서귀포시 서귀동 100-2,33.244804,126.571025,실외,OUTDOOR,300,5,주차장+화장실+안내시설,"낙상(91), 교통사고(37), 상해(25)",,UNKNOWN,,,,,,,,,,,UNKNOWN,,,,,,Y,,,,,UNKNOWN
P208,이상한나라의앨리스,체험·레저,테마시설,테마시설,Place,SPOT,LOCAL,관람·체험,실내,제주특별자치도 서귀포시 안덕면 중산간서로 1881,제주특별자치도 서귀포시 안덕면 서광리 717-3,33.288944,126.3218702,실내,INDOOR,500,UNKNOWN,주차장+화장실+매표소,"낙상(64), 교통사고(58), 기타 둔상(20)",,UNKNOWN,,,,,,,,,,,UNKNOWN,,,,,,Y,,,,,UNKNOWN
P209,정모시쉼터,자연관광,자연경관,일반자연관광,Place,SPOT,LOCAL,경관감상·산책,"자연경관,야외",제주특별자치도 서귀포시 칠십리로 156-8,제주특별자치도 서귀포시 서귀동 100-2,33.2447056252121,126.570942078269,실외,OUTDOOR,300,UNKNOWN,주차장+화장실+쉼터,"낙상(91), 교통사고(37), 상해(25)",,UNKNOWN,,,,,,,,,,,UNKNOWN,,,,,,Y,,,,,UNKNOWN
P210,남수각하늘벽화거리,문화·전시,복합문화공간,문화거리,Area,AREA,LOCAL,산책·관람,"문화,도보",제주특별자치도 제주시 중앙로13길 32,제주특별자치도 제주시 일도일동 1100-12,33.511429,126.527827,실외,OUTDOOR,300,UNKNOWN,주차장+안내시설,UNKNOWN,,UNKNOWN,,,,,,,,,,,UNKNOWN,,,,,,Y,,,,,UNKNOWN
P211,오현단,문화·전시,문화유산,역사유적,Place,SPOT,LOCAL,관람,역사문화,제주특별자치도 제주시 오현길 61,제주특별자치도 제주시 이도일동 1421-3,33.510115,126.525628,실외,OUTDOOR,300,UNKNOWN,관리사무소+주차장+안내시설,"낙상(12), 교통사고(3), 기타 둔상(2)",,UNKNOWN,,,,,,,,,,,UNKNOWN,,,,,,Y,,,,,UNKNOWN
P212,제주커피박물관 바움,상업·쇼핑,식음료,카페,Place,SPOT,GENERAL,식음료,"휴식,식음료",제주특별자치도 서귀포시 성산읍 서성일로1168번길 89-17,제주특별자치도 서귀포시 성산읍 고성리 2040-1,33.439801,126.899117,실내,INDOOR,200,UNKNOWN,주차장+화장실+식음료시설+쉼터,"교통사고(248), 낙상(231), 기타 둔상(37)",,UNKNOWN,,,,,,,,,,,UNKNOWN,,,,,,Y,,,,,UNKNOWN
P213,썸머리워터페스티벌,문화·전시,축제·행사,지역행사,Event,EVENT,LOCAL,행사참여·관람,"행사,체험",제주특별자치도 제주시 도두항길 26,제주특별자치도 제주시 도두일동 2605-1,33.50634,126.466606,실외,OUTDOOR,500,275,주차장+화장실+편의점,UNKNOWN,,UNKNOWN,,,,,,,,,,,△,7,8,,SEASONAL_ONLY,하절기 워터 페스티벌,N,"2026년 구체 일정 미공표 — 개최 시기만 추정, 추천 제외",,,,UNKNOWN
P214,산천단 곰솔,자연관광,자연경관,일반자연관광,Place,SPOT,LOCAL,경관감상·산책,"자연경관,야외",제주특별자치도 제주시 516로 3041-24,제주특별자치도 제주시 아라일동 375-1,33.4474924,126.5550308,실외,OUTDOOR,400,UNKNOWN,주차장+화장실+안내시설+편의점,"교통사고(20), 낙상(11), 추락(4)",,UNKNOWN,,,,,,,,,,,UNKNOWN,,,,,,Y,,,,,UNKNOWN
P215,제주올레 17코스,자연관광,트레일·산책로,올레길,Area,AREA,LOCAL,산책·트레킹,"도보,장거리트레킹",도로명주소 미보유,제주특별자치도 제주시 도두1동 26121,33.505224,126.467967,실외,OUTDOOR,15565,UNKNOWN,화장실+안전시설+안내소+쉼터,UNKNOWN,,UNKNOWN,,,,,,,,,,,UNKNOWN,,,,,,Y,,,,,UNKNOWN
P216,넙게오름,자연관광,산·오름,오름,Place,SPOT,LOCAL,등산·트레킹,"전망,등산",도로명주소 미보유,제주특별자치도 서귀포시 안덕면 서광리 936,33.288921,126.319042,실외,OUTDOOR,200,UNKNOWN,안내시설,"낙상(64), 교통사고(58), 기타 둔상(20)",불특정다수(1): 시설위험(1),UNKNOWN,,,,,,,,,,,UNKNOWN,,,,,,Y,,,,,UNKNOWN
P217,선임교,문화·전시,문화유산,역사유적,Place,SPOT,LOCAL,관람,역사문화,제주특별자치도 서귀포시 색달로189번길 27,제주특별자치도 서귀포시 색달동 3381-1,33.2705907379721,126.423377276384,실외,OUTDOOR,4000,100,주차장+화장실+매표소+안내시설,"낙상(104), 교통사고(45), 기타 둔상(38)",,UNKNOWN,,,,,,,,,,,UNKNOWN,,,,,,Y,,,,,UNKNOWN
P218,금능포구,자연관광,해양,포구,Place,SPOT,RELATED·LOCAL,경관감상·산책,"해양경관,야외",제주특별자치도 제주시 한림읍 금능7길 22 일대,제주특별자치도 제주시 한림읍 금능리 1494-3,33.3897,126.2282,실외,OUTDOOR,775,UNKNOWN,주차장+화장실,"낙상(27), 교통사고(17), 열상(9)",지역주민(1): 추락(1),UNKNOWN,,,,,,,,,,,UNKNOWN,,,,,,Y,,,,,UNKNOWN
P219,애월 하물,자연관광,자연경관,일반자연관광,Place,SPOT,RELATED·LOCAL,경관감상·산책,"자연경관,야외",제주특별자치도 제주시 애월읍 애월로11길 6,제주특별자치도 제주시 애월읍 애월리 1727-4,33.464856,126.320663,실외,OUTDOOR,200,UNKNOWN,쉼터+안내시설,"교통사고(43), 낙상(25), 상해(7)",,UNKNOWN,,,,,,,,,,,UNKNOWN,,,,,,Y,,,,,UNKNOWN
P220,애월한담해안산책로,자연관광,트레일·산책로,일반산책로,Area,AREA,RELATED·LOCAL,산책·트레킹,도보,도로명주소 미보유,제주특별자치도 제주시 애월읍 곽지리 1359,33.459057,126.310599,실외,OUTDOOR,UNKNOWN,UNKNOWN,주차장+화장실+안내시설,"낙상(18), 교통사고(15), 기타 둔상(6)",불특정다수(1): 낙석/붕괴(1),UNKNOWN,,,,,,,,,,,UNKNOWN,,,,,,Y,,,,,UNKNOWN
P221,대정현역사자료전시관,문화·전시,전시시설,전시시설,Place,SPOT,GENERAL,관람,"문화,실내관람",제주특별자치도 서귀포시 대정읍 상모대서로 17,제주특별자치도 서귀포시 대정읍 상모리 3862-1,33.225137,126.256342,실내,INDOOR,300,UNKNOWN,주차장+화장실+안내데스크,"낙상(24), 교통사고(13), 기타 둔상(1)",,UNKNOWN,,,,,,,,,,,UNKNOWN,,,,,,Y,,,,,UNKNOWN
P222,아이리스촬영지(하얀등대),문화·전시,복합문화공간,촬영명소,Place,SPOT,LOCAL,관람,문화,도로명주소 미보유,제주특별자치도 서귀포시 표선면 표선리 9-2,33.3212741,126.8465935,실외,OUTDOOR,226,96,주차장,"낙상(38), 교통사고(27), 동물/곤충(11)",지역주민(1): 해양사고(1),UNKNOWN,,,,,,,,,,,UNKNOWN,,,,,,Y,,,,,UNKNOWN
P223,영주산,자연관광,산·오름,오름,Place,SPOT,LOCAL,등산·트레킹,"전망,등산",도로명주소미보유,제주특별자치도 서귀포시 표선면 성읍리 산 18-1,33.4040962,126.8005301,실외,OUTDOOR,800,10,주차장+안내시설,"낙상(31), 교통사고(19), 기타 둔상(5)",지역주민(2): 길잃음(2),UNKNOWN,,,,,,,,,,,UNKNOWN,,,,,,Y,,,,,UNKNOWN
P224,월나봉(도래오름),자연관광,산·오름,오름,Place,SPOT,LOCAL,등산·트레킹,"전망,등산",도로명주소 미보유,제주특별자치도 서귀포시 안덕면 감산리 1148,33.245667,126.3499,실외,OUTDOOR,800,UNKNOWN,화장실+안내소+안내시설,"교통사고(10), 낙상(4), 기타 둔상(1)",,UNKNOWN,,,,,,,,,,,UNKNOWN,,,,,,Y,,,,,UNKNOWN
P225,제주성지,문화·전시,문화유산,문화공간,Place,SPOT,LOCAL,관람,문화,제주특별자치도 제주시 오현길 61,제주특별자치도 제주시 이도일동 1421-34,33.510372,126.52607,실외,OUTDOOR,300,UNKNOWN,주차장+안내시설,"낙상(12), 교통사고(3), 기타 둔상(2)",,UNKNOWN,,,,,,,,,,,UNKNOWN,,,,,,Y,,,,,UNKNOWN
P226,제주시 충혼묘지 4.3추모비(박진경 추도비),문화·전시,문화유산,문화공간,Place,SPOT,LOCAL,관람,문화,도로명주소미보유,제주특별자치도 제주시 노형동 산 19-2,33.4117938658122,126.491828714548,실외,OUTDOOR,3130,190,주차장+안내시설,"낙상(79), 교통사고(63), 열상(14)",,UNKNOWN,,,,,,,,,,,UNKNOWN,,,,,,Y,,,,,UNKNOWN
P227,제주올레 1-1코스,자연관광,트레일·산책로,올레길,Area,AREA,LOCAL,산책·트레킹,"도보,장거리트레킹",도로명주소 미보유,제주특별자치도 제주시 우도면 연평리 2473-1,33.505796,126.941829,실외,OUTDOOR,5000,UNKNOWN,안내소+화장실+쉼터,"교통사고(163), 낙상(50), 동물/곤충(12)",,Y,우도,성산항,15.0,Y,,,,,,,UNKNOWN,,,,,,Y,,수시(성수기 30분 간격),여객선 필수 — 풍랑특보 시 결항. 방문 전 운항 확인 필요,,UNKNOWN
P228,제주올레 11코스,자연관광,트레일·산책로,올레길,Area,AREA,LOCAL,산책·트레킹,"도보,장거리트레킹",도로명주소 미보유,제주특별자치도 서귀포시 대정읍 동일리 3168,33.2436714,126.2496411,실외,OUTDOOR,10000,UNKNOWN,화장실+안내소+쉼터,"교통사고(5), 낙상(1), 열상(1)",,UNKNOWN,,,,,,,,,,,UNKNOWN,,,,,,Y,,,,,UNKNOWN
P229,조일구락부 옛터,문화·전시,문화유산,문화공간,Place,SPOT,LOCAL,관람,문화,제주특별자치도 제주시 관덕로2길 11,제주특별자치도 제주시 삼도이동 907-11,33.511913,126.52066,실외,OUTDOOR,100,UNKNOWN,주차장+안내시설,UNKNOWN,,UNKNOWN,,,,,,,,,,,UNKNOWN,,,,,,Y,,,,,UNKNOWN
P230,조천리용천수탐방길,자연관광,자연경관,일반자연관광,Place,SPOT,LOCAL,경관감상·산책,"자연경관,야외",도로명주소미보유,제주특별자치도 제주시 조천읍 조천리 2690,33.5401954944093,126.635975929695,실외,OUTDOOR,1000,UNKNOWN,쉼터,"교통사고(12), 낙상(12), 열상(4)",,UNKNOWN,,,,,,,,,,,UNKNOWN,,,,,,Y,,,,,UNKNOWN
P231,바람모루,자연관광,자연경관,일반자연관광,Place,SPOT,LOCAL,경관감상·산책,"자연경관,야외",제주특별자치도 서귀포시 서호남로 19-42,제주특별자치도 서귀포시 서호동 1601,33.2540655,126.5173415,실외,OUTDOOR,500,UNKNOWN,화장실+쉼터,"낙상(18), 교통사고(17), 열상(2)",,UNKNOWN,,,,,,,,,,,UNKNOWN,,,,,,Y,,,,,UNKNOWN
P232,산지천축제,문화·전시,축제·행사,지역행사,Event,EVENT,LOCAL,행사참여·관람,"행사,체험",제주특별자치도 제주시 칠성로길 48,제주특별자치도 제주시 일도일동 1211,33.514126,126.527855,실외,OUTDOOR,3000,122,주차장+화장실+안내시설,UNKNOWN,,UNKNOWN,,,,,,,,,,,○,9,10,,SEASONAL_ONLY,산지천 일원,N,"2026년 구체 일정 미공표 — 개최 시기만 추정, 추천 제외",,,,UNKNOWN
P233,서귀포 하영올레,자연관광,트레일·산책로,올레길,Place,SPOT,LOCAL,산책·트레킹,"도보,장거리트레킹",도로명주소미보유,제주특별자치도 서귀포시 서홍동 440-1,33.2540922,126.5601945,실외,OUTDOOR,3000,0,주차장+화장실+안내소+쉼터,"낙상(24), 교통사고(22), 기타 둔상(4)",,UNKNOWN,,,,,,,,,,,UNKNOWN,,,,,,Y,,,,,UNKNOWN
P234,소남머리,자연관광,자연경관,일반자연관광,Place,SPOT,LOCAL,경관감상·산책,"자연경관,야외",도로명주소 미보유,제주특별자치도 서귀포시 서귀동 94-1,33.243431,126.569666,실외,OUTDOOR,500,UNKNOWN,주차장+화장실,"낙상(91), 교통사고(37), 상해(25)",미상(1): 익수위험(1),UNKNOWN,,,,,,,,,,,UNKNOWN,,,,,,Y,,,,,UNKNOWN
P235,제주시서문시장,상업·쇼핑,시장,전통시장,Place,SPOT,CENTRAL,쇼핑·식음료,"식음료,쇼핑",도로명주소미보유,제주특별자치도 제주시 용담일동 135-52,33.5113703774747,126.518094256005,실외,OUTDOOR,5439,50,관리사무소+주차장+화장실+식음료시설,UNKNOWN,,UNKNOWN,,,,,,,,,,,UNKNOWN,,,,,,Y,,,,,UNKNOWN
P236,방일리공원,자연관광,숲·공원,공원,Place,SPOT,LOCAL,산책·관람,"자연경관,휴식",제주특별자치도 제주시 정원로 50,제주특별자치도 제주시 노형동 3812-1,33.47767512,126.4767377,실외,OUTDOOR,1000,UNKNOWN,쉼터,"낙상(79), 교통사고(63), 열상(14)",,UNKNOWN,,,,,,,,,,,UNKNOWN,,,,,,Y,,,,,UNKNOWN
P237,추억애거리,상업·쇼핑,거리상권,관광거리,Area,AREA,CENTRAL,산책·쇼핑,"도보,쇼핑",제주특별자치도 제주시 도공로 3-3,제주특별자치도 제주시 도두일동 2630-1,33.504146,126.463415,실외,OUTDOOR,1000,UNKNOWN,안내시설,UNKNOWN,,UNKNOWN,,,,,,,,,,,UNKNOWN,,,,,,Y,,,,,UNKNOWN
P238,도두봉,자연관광,산·오름,오름,Place,SPOT,LOCAL,등산·트레킹,"전망,등산",제주특별자치도 제주시 도두항길 4-17,제주특별자치도 제주시 도두일동 산 1,33.506984,126.468448,실외,OUTDOOR,3000,10,주차장+화장실+안내시설,"낙상(44), 교통사고(11), 상해(5)",미상(1): 화재/폭발(1),UNKNOWN,,,,,,,,,,,UNKNOWN,,,,,,Y,,,,,UNKNOWN
P239,도두항,교통시설,항만,항만,Place,SPOT,CENTRAL,이동·환승,교통거점,제주특별자치도 제주시 도두항길 22-2,제주특별자치도 제주시 도두일동 2605-2,33.507985,126.466405,실외,OUTDOOR,1000,UNKNOWN,주차장+화장실,UNKNOWN,불특정다수(1): 해양생물(1),UNKNOWN,,,,,,,,,,,UNKNOWN,,,,,,Y,,,,,UNKNOWN
P240,윗밤오름,자연관광,산·오름,오름,Place,SPOT,LOCAL,등산·트레킹,"전망,등산",도로명주소미보유,제주특별자치도 제주시 조천읍 선흘리 산84,33.4781790570626,126.714271523031,실외,OUTDOOR,972,UNKNOWN,주차장+안내시설,"낙상(17), 교통사고(7), 추락(6)",지역주민(1): 길잃음(1),UNKNOWN,,,,,,,,,,,UNKNOWN,,,,,,Y,,,,,UNKNOWN
P241,영모원,문화·전시,문화유산,역사유적,Place,SPOT,LOCAL,관람,역사문화,도로명주소미보유,제주특별자치도 제주시 애월읍 하귀1리 1130-1,33.4722057,126.4182598,실외,OUTDOOR,200,UNKNOWN,안내시설,UNKNOWN,,UNKNOWN,,,,,,,,,,,UNKNOWN,,,,,,Y,,,,,UNKNOWN
P242,애월연대,문화·전시,문화유산,역사유적,Place,SPOT,RELATED·LOCAL,관람,역사문화,도로명주소미보유,제주특별자치도 제주시 애월읍 애월리 1975,33.465366,126.313366,실외,OUTDOOR,100,UNKNOWN,안내시설,"교통사고(43), 낙상(25), 상해(7)",,UNKNOWN,,,,,,,,,,,UNKNOWN,,,,,,Y,,,,,UNKNOWN
P243,버디프랜즈 플래닛,체험·레저,테마시설,테마파크,Place,SPOT,LOCAL,관람·체험,테마파크,제주특별자치도 서귀포시 천제연로 70,제주특별자치도 서귀포시 색달동 2558,33.255195,126.413038,실내,INDOOR,800,UNKNOWN,주차장+화장실+매표소+식음료시설,"낙상(104), 교통사고(45), 기타 둔상(38)",,UNKNOWN,,,,,,,,,,,UNKNOWN,,,,,,Y,,,,,UNKNOWN
P244,검멀레동굴,자연관광,지질·특수자원,동굴,Place,SPOT,LOCAL,경관감상·탐방,"자연경관,야외",도로명주소 미보유,제주특별자치도 제주시 우도면 연평리 317-1,33.5064494,126.9529853,실외,OUTDOOR,568,20,주차장+화장실+편의점,"교통사고(166), 낙상(51), 동물/곤충(12)",,Y,우도,성산항,15.0,Y,,,,,,,UNKNOWN,,,,,,Y,,수시(성수기 30분 간격),여객선 필수 — 풍랑특보 시 결항. 방문 전 운항 확인 필요,,UNKNOWN
P245,삼화포구,자연관광,해양,포구,Place,SPOT,LOCAL,경관감상·산책,"해양경관,야외",도로명주소미보유,제주특별자치도 제주시 삼양일동 1624-17,33.5278524211818,126.58818970659,실외,OUTDOOR,3000,UNKNOWN,주차장+화장실+음수대,"낙상(9), 동물/곤충(2), 상해(1)",,UNKNOWN,,,,,,,,,,,UNKNOWN,,,,,,Y,,,,,UNKNOWN
P246,성읍녹차마을,자연관광,자연경관,일반자연관광,Place,SPOT,LOCAL,경관감상·산책,"자연경관,야외",제주특별자치도 서귀포시 표선면 중산간동로 4778,제주특별자치도 서귀포시 표선면 성읍리 2197-1,33.3809249770554,126.79004187603,실외,OUTDOOR,1000,UNKNOWN,주차장+화장실+식음료시설+안내시설,"낙상(31), 교통사고(19), 기타 둔상(5)",,UNKNOWN,,,,,,,,,,,UNKNOWN,,,,,,Y,,,,,UNKNOWN
P247,월정리해안도로,자연관광,트레일·산책로,해안산책로,Area,AREA,LOCAL,산책·트레킹,"도보,해안경관",도로명주소미보유,제주특별자치도 제주시 구좌읍 월정리 652-4,33.556642,126.794961,실외,OUTDOOR,5000,UNKNOWN,주차장+화장실,"낙상(26), 교통사고(25), 열상(8)",관광객(1): 추락(1),UNKNOWN,,,,,,,,,,,UNKNOWN,,,,,,Y,,,,,UNKNOWN
P248,칠머리길,문화·전시,문화유산,문화공간,Area,AREA,LOCAL,산책·관람,벽화·마을,제주특별자치도 제주시 칠머리길 1,제주특별자치도 제주시 건입동 956-16,33.517721,126.535758,실외,OUTDOOR,500,UNKNOWN,주차장+안내시설,"낙상(45), 교통사고(31), 열상(9)",,UNKNOWN,,,,,,,,,,,UNKNOWN,,,,,,Y,,,,,UNKNOWN
P249,표선오일장,상업·쇼핑,시장,오일장,Place,SPOT,CENTRAL·RELATED,쇼핑·식음료,"식음료,쇼핑",제주특별자치도 서귀포시 표선면 표선동서로 203-1,제주특별자치도 서귀포시 표선면 표선리 1001-1,33.322186,126.830709,실외,OUTDOOR,1721,50,관리사무소+주차장+화장실+식음료시설,"낙상(38), 교통사고(27), 동물/곤충(11)",,UNKNOWN,,,,,,,,,,,UNKNOWN,,,,,,Y,,,,,UNKNOWN
P250,이호테우해수욕장,자연관광,해양,해수욕장,Area,AREA,CENTRAL·RELATED,산책·해변활동,"해양경관,야외",제주특별자치도 제주시 도리로 20,제주특별자치도 제주시 이호일동 1665-13,33.497896,126.452824,실외,OUTDOOR,11000,119,주차장+화장실+샤워장+탈의실+안내시설,"낙상(9), 교통사고(7), 추락(7)",불특정다수(1): 해양생물(1),UNKNOWN,,,,,,,,,,,UNKNOWN,,,,,,Y,,,,,UNKNOWN
P251,정주항,교통시설,항만,항만,Place,SPOT,CENTRAL,이동·환승,교통거점,제주특별자치도 제주시 조함해안로 438 일대,제주특별자치도 제주시 조천읍 함덕리 3113,33.546028,126.661821,실외,OUTDOOR,1609,UNKNOWN,주차장,"낙상(84), 교통사고(33), 기타 둔상(13)",,UNKNOWN,,,,,,,,,,,UNKNOWN,,,,,,Y,,,,,UNKNOWN
P252,하고수동해변,자연관광,해양,해변,Area,AREA,LOCAL,산책·해변활동,"해양경관,야외",도로명주소 미보유,제주특별자치도 제주시 우도면 연평리,33.514478,126.958625,실외,OUTDOOR,7000,90,주차장+화장실+안내시설,"교통사고(163), 낙상(50), 동물/곤충(12)",지역주민(1): 교통위험(1),Y,우도,성산항,15.0,Y,,,,,,,UNKNOWN,,,,,,Y,,수시(성수기 30분 간격),여객선 필수 — 풍랑특보 시 결항. 방문 전 운항 확인 필요,,UNKNOWN
P253,상추자마을길,문화·전시,문화유산,문화공간,Area,AREA,LOCAL,산책·관람,산책·문화,도로명주소미보유,제주특별자치도 제주시 추자면 묵리 산133,33.9518718453954,126.307710882585,실외,OUTDOOR,2000,UNKNOWN,주차장+화장실+샤워장+안내시설,"낙상(3), 동물/곤충(1), 관통상(1)",,Y,추자도,제주항,60.0,Y,,,,,,,UNKNOWN,,,,,,Y,,1일 2~3회,여객선 필수 — 풍랑특보 시 결항. 방문 전 운항 확인 필요,,UNKNOWN
P254,시크릿가든촬영지,문화·전시,복합문화공간,촬영명소,Place,SPOT,LOCAL,관람,문화,제주특별자치도 서귀포시 중문관광로 198 (중문동),제주특별자치도 서귀포시 중문동 2563-1,33.242904,126.420435,실외,OUTDOOR,1000,UNKNOWN,주차장+화장실+식음료시설,UNKNOWN,,UNKNOWN,,,,,,,,,,,UNKNOWN,,,,,,Y,,,,,UNKNOWN
P255,부대악오름,자연관광,산·오름,오름,Place,SPOT,LOCAL,등산·트레킹,"전망,등산",도로명주소 미보유,제주특별자치도 제주시 조천읍 선흘리 산 103-1,33.46732272,126.7014494,실외,OUTDOOR,500,UNKNOWN,안내시설,"낙상(17), 교통사고(7), 추락(6)",불특정다수(1): 시설위험(1),UNKNOWN,,,,,,,,,,,UNKNOWN,,,,,,Y,,,,,UNKNOWN
P256,이호테우축제,문화·전시,축제·행사,지역행사,Event,EVENT,RELATED·LOCAL,행사참여·관람,"행사,체험",제주특별자치도 제주시 도리로 20,제주특별자치도 제주시 이호이동 1600-1,33.496185,126.455956,실외,OUTDOOR,3621,119,주차장+화장실+안내시설,UNKNOWN,,UNKNOWN,,,,,,,,,,,○,7,8,,SEASONAL_ONLY,이호테우해변 하절기 개최,N,"2026년 구체 일정 미공표 — 개최 시기만 추정, 추천 제외",,,,UNKNOWN
P257,검멀레해변,자연관광,해양,해변,Place,SPOT,LOCAL,산책·해변활동,"해양경관,야외",도로명주소 미보유,제주특별자치도 제주시 우도면 연평리 317-1,33.5059831,126.9602566,실외,OUTDOOR,805,20,주차장+화장실+편의점,"교통사고(163), 낙상(50), 동물/곤충(12)",종사자(선원)(1): 교통위험(1),Y,우도,성산항,15.0,Y,,,,,,,UNKNOWN,,,,,,Y,,수시(성수기 30분 간격),여객선 필수 — 풍랑특보 시 결항. 방문 전 운항 확인 필요,,UNKNOWN
P258,어리목계곡,자연관광,지질·특수자원,계곡,Place,SPOT,LOCAL,경관감상·탐방,"자연경관,야외",제주특별자치도 제주시 1100로 2070-61,제주특별자치도 제주시 해안동 산220-13,33.389126,126.494219,실외,OUTDOOR,1000,143,주차장+화장실+안내소,"낙상(33), 교통사고(16), 기타 둔상(5)",지역주민(1): 추락(1),UNKNOWN,,,,,,,,,,,UNKNOWN,,,,,,Y,,,,,UNKNOWN
P259,톨칸이,자연관광,자연경관,일반자연관광,Place,SPOT,LOCAL,경관감상·산책,"자연경관,야외",제주특별자치도 제주시 우도면 우도해안길 32-24,제주특별자치도 제주시 우도면 연평리 1732-1,33.491737,126.954135,실외,OUTDOOR,300,30,주차장+화장실+식음료시설,"교통사고(163), 낙상(50), 동물/곤충(12)",,Y,우도,성산항,15.0,Y,,,,,,,UNKNOWN,,,,,,Y,,수시(성수기 30분 간격),여객선 필수 — 풍랑특보 시 결항. 방문 전 운항 확인 필요,,UNKNOWN
P260,한라산어리목코스,자연관광,트레일·산책로,일반산책로,Area,AREA,CENTRAL·RELATED,등반·경관감상,등산·트레킹·한라산,제주특별자치도 제주시 1100로 2070-61,제주특별자치도 제주시 해안동 산220-13,33.392115,126.494571,실외,OUTDOOR,2000,143,주차장+화장실+안내소,"낙상(33), 교통사고(16), 기타 둔상(5)",불특정다수(1): 화재/폭발(1) / 지역주민(1): 교통위험(1),UNKNOWN,,,,,,,,,,,UNKNOWN,,,,,,Y,,,,,UNKNOWN
P261,도새기축제,문화·전시,축제·행사,지역행사,Event,EVENT,LOCAL,행사참여·관람,"행사,체험",도로명주소미보유,제주특별자치도 제주시 애월읍 봉성리 산59-8,33.3674086988003,126.355252824574,실외,OUTDOOR,10000,3154,주차장+화장실,"교통사고(19), 낙상(13), 기타 둔상(7)",,UNKNOWN,,,,,,,,,,,△,9,10,,SEASONAL_ONLY,도새기(흑돼지) 축제,N,"2026년 구체 일정 미공표 — 개최 시기만 추정, 추천 제외",,,,UNKNOWN
P262,삼각봉,자연관광,산·오름,오름,Place,SPOT,LOCAL,등산·트레킹,"전망,등산",제주특별자치도 제주시 1100로 2070-61,제주특별자치도 제주시 해안동 산 220-13,33.3926868,126.4948404,실외,OUTDOOR,1000,162,주차장+화장실+안내시설,"낙상(33), 교통사고(16), 기타 둔상(5)",관광객(1): 산악사고(1) / 미상(1): 산악사고(1),UNKNOWN,,,,,,,,,,,UNKNOWN,,,,,,Y,,,,,UNKNOWN
P263,강병대교회,문화·전시,문화유산,문화공간,Place,SPOT,LOCAL,관람,문화,제주특별자치도 서귀포시 대정읍 상모대서로 43-3,제주특별자치도 서귀포시 대정읍 상모리 3846,33.226687,126.257451,실외,OUTDOOR,773,UNKNOWN,주차장+안내시설,"낙상(24), 교통사고(13), 기타 둔상(1)",,UNKNOWN,,,,,,,,,,,UNKNOWN,,,,,,Y,,,,,UNKNOWN
P264,김한미술관&카페3206,상업·쇼핑,식음료,카페,Place,SPOT,GENERAL,식음료,"휴식,식음료",제주특별자치도 제주시 한림읍 한상로 115,제주특별자치도 제주시 한림읍 상대리 3206,33.409043,126.2871682,실내,INDOOR,533,UNKNOWN,주차장+화장실+식음료시설+무선인터넷,"교통사고(4), 기계(1)",,UNKNOWN,,,,,,,,,,,UNKNOWN,,,,,,Y,,,,,UNKNOWN
P265,배령연대,문화·전시,문화유산,역사유적,Place,SPOT,LOCAL,관람,역사문화,도로명주소미보유,제주특별자치도 제주시 한림읍 금능리 1649,33.387966,126.223758,실외,OUTDOOR,30,UNKNOWN,안내시설,"낙상(27), 교통사고(17), 열상(9)",,UNKNOWN,,,,,,,,,,,UNKNOWN,,,,,,Y,,,,,UNKNOWN
P266,전농로 서사라문화거리,문화·전시,복합문화공간,문화거리,Area,AREA,LOCAL,산책·관람,"문화,도보",제주특별자치도 제주시 서사로7길 27,제주특별자치도 제주시 삼도이동 1230-4,33.506634,126.522415,실외,OUTDOOR,3000,UNKNOWN,주차장+화장실+식음료시설+안내시설,"낙상(32), 교통사고(13), 기타 둔상(10)",관광객(2): 교통위험(2),UNKNOWN,,,,,,,,,,,UNKNOWN,,,,,,Y,,,,,UNKNOWN
P267,제주기독교순례길,자연관광,트레일·산책로,일반산책로,Area,AREA,LOCAL,산책·트레킹,도보,제주특별자치도 제주시 애월읍 금성하안길 3,제주특별자치도 제주시 애월읍 금성리 436-3,33.446327,126.30273,실외,OUTDOOR,2000,UNKNOWN,안내시설+쉼터,"교통사고(4), 동물/곤충(2), 낙상(1)",,UNKNOWN,,,,,,,,,,,UNKNOWN,,,,,,Y,,,,,UNKNOWN
P268,기독교순례길 1코스(순종의길),자연관광,트레일·산책로,일반산책로,Area,AREA,LOCAL,산책·트레킹,도보,제주특별자치도 제주시 애월읍 금성하안길 3,제주특별자치도 제주시 애월읍 금성리 436-3,33.446168,126.302807,실외,OUTDOOR,194,UNKNOWN,주차장+화장실+안내시설,"교통사고(4), 동물/곤충(2), 낙상(1)",,UNKNOWN,,,,,,,,,,,UNKNOWN,,,,,,Y,,,,,UNKNOWN
P269,드르쿰다in 성산,체험·레저,테마시설,테마파크,Place,SPOT,GENERAL,관람·식음료,식음료·야외,제주특별자치도 서귀포시 성산읍 섭지코지로25번길 64,제주특별자치도 서귀포시 고성리 372-1,33.449374,126.920708,실외,OUTDOOR,1000,UNKNOWN,주차장+화장실+식음료시설,"교통사고(248), 낙상(231), 기타 둔상(37)",,UNKNOWN,,,,,,,,,,,UNKNOWN,,,,,,Y,,,,,UNKNOWN
P270,쇠와꽃 승마장,체험·레저,액티비티,액티비티,Activity,VENUE,LOCAL,체험,체험,제주특별자치도 서귀포시 성산읍 섭지코지로25번길 88-17,제주특별자치도 서귀포시 고성리 354-1,33.4493736,126.9207077,실외,OUTDOOR,300,UNKNOWN,주차장+화장실+안내시설,"교통사고(248), 낙상(231), 기타 둔상(37)",,UNKNOWN,,,,,,,,,,,UNKNOWN,,,,,,Y,,,,,UNKNOWN
P271,이랜드뮤지엄,문화·전시,전시시설,박물관,Place,SPOT,LOCAL,관람,"문화,실내관람",제주특별자치도 제주시 한림해안로 530,제주특별자치도 제주시 한림읍 귀덕리 3861,33.435821,126.2745314,실내,INDOOR,500,UNKNOWN,화장실+무선인터넷+안내시설,"낙상(18), 교통사고(16), 열상(7)",,UNKNOWN,,,,,,,,,,,UNKNOWN,,,,,,Y,,,,,UNKNOWN
P272,봉골레산,자연관광,산·오름,오름,Place,SPOT,LOCAL,등산·트레킹,"전망,등산",도로명주소미보유,제주특별자치도 제주시 추자면 대서리 산167-2,33.9652771197824,126.288186654138,실외,OUTDOOR,300,UNKNOWN,화장실,"낙상(4), 익수(1), 관통상(1)",,UNKNOWN,,,,,,,,,,,UNKNOWN,,,,,,Y,,,,,UNKNOWN
P273,제주국제평화센터,문화·전시,전시시설,박물관,Place,SPOT,GENERAL,관람,실내관람,제주특별자치도 서귀포시 중문관광로 227-24,제주특별자치도 서귀포시 중문동 2571,33.244399,126.4219,실내,INDOOR,1000,40,주차장+화장실+안내데스크,UNKNOWN,,UNKNOWN,,,,,1000,무료,09:00~18:00,연중무휴,30분,,UNKNOWN,,,,,,Y,,,,,UNKNOWN
P274,SOS박물관,문화·전시,전시시설,박물관,Place,SPOT,GENERAL,관람,"문화,실내관람",제주특별자치도 서귀포시 월드컵로 31,제주특별자치도 서귀포시 법환동 914,33.247066,126.507456,실내,INDOOR,0,UNKNOWN,UNKNOWN,UNKNOWN,,UNKNOWN,,,,,,,,,,,UNKNOWN,,,,,,Y,,,,,UNKNOWN
P275,두멩이골목,문화·전시,복합문화공간,문화공간,Area,AREA,LOCAL,산책·관람,야외,제주특별자치도 제주시 동문로16길 17-4,제주특별자치도 제주시 일도이동 1006-11,33.512022,126.534985,실외,OUTDOOR,500,0,안내시설,"낙상(13), 교통사고(6), 기타 둔상(2)",,UNKNOWN,,,,,,,,,,,UNKNOWN,,,,,,Y,,,,,UNKNOWN
P276,다끄네포구(용담포구),자연관광,해양,포구,Place,SPOT,LOCAL,경관감상·산책,"해양경관,야외",도로명주소미보유,제주특별자치도 제주시 용담이동 931,33.518479,126.500618,실외,OUTDOOR,300,UNKNOWN,UNKNOWN,"낙상(54), 교통사고(45), 추락(5)",,UNKNOWN,,,,,,,,,,,UNKNOWN,,,,,,Y,,,,,UNKNOWN
P277,용두암해안도로카페거리,상업·쇼핑,식음료,카페,Area,AREA,CENTRAL·RELATED,식음료,"휴식,식음료",도로명주소 미보유,제주특별자치도 제주시 용담3동,33.519577,126.492165,실외,OUTDOOR,5000,UNKNOWN,주차장+화장실,UNKNOWN,,UNKNOWN,,,,,,,,,,,UNKNOWN,,,,,,Y,,,,,UNKNOWN
P278,맬튼개갯담,자연관광,자연경관,일반자연관광,Place,SPOT,LOCAL,경관감상·산책,"자연경관,야외",제주특별자치도 제주시 구좌읍 구좌로 142,제주특별자치도 제주시 구좌읍 하도리 3314-2,33.520626,126.865746,실외,OUTDOOR,200,UNKNOWN,UNKNOWN,"낙상(24), 교통사고(7), 열상(4)",,UNKNOWN,,,,,,,,,,,UNKNOWN,,,,,,Y,,,,,UNKNOWN
P279,세화해안도로,자연관광,트레일·산책로,해안산책로,Area,AREA,LOCAL,산책·트레킹,"도보,해안경관",제주특별자치도 제주시 구좌읍 구좌로,제주특별자치도 제주시 구좌읍 세화리 33-2,33.521039,126.8626089,실외,OUTDOOR,5000,UNKNOWN,주차장,"교통사고(207), 낙상(183), 동물/곤충(34)",,UNKNOWN,,,,,,,,,,,UNKNOWN,,,,,,Y,,,,,UNKNOWN
P280,우도 봉수대,문화·전시,문화유산,역사유적,Place,SPOT,RELATED·LOCAL,관람,역사문화,도로명주소 미보유,제주특별자치도 제주시 우도면 연평리 798,33.524575,126.952675,실외,OUTDOOR,200,UNKNOWN,주차장+안내시설,"교통사고(163), 낙상(50), 동물/곤충(12)",미상(1): 기상위험(1),Y,우도,성산항,15.0,Y,,,,,,,UNKNOWN,,,,,,Y,,수시(성수기 30분 간격),여객선 필수 — 풍랑특보 시 결항. 방문 전 운항 확인 필요,,UNKNOWN
P281,신양포구,자연관광,해양,포구,Place,SPOT,LOCAL,경관감상·산책,"해양경관,야외",도로명주소 미보유,제주특별자치도 서귀포시 성산읍 고성리 599-4,33.432815,126.9152296,실외,OUTDOOR,500,UNKNOWN,안내시설,"낙상(94), 교통사고(37), 기타 둔상(20)",,UNKNOWN,,,,,,,,,,,UNKNOWN,,,,,,Y,,,,,UNKNOWN
P282,우도 비양도,자연관광,자연경관,일반자연관광,Area,AREA,CENTRAL·RELATED,경관감상·산책,"자연경관,야외",도로명주소 미보유,제주특별자치도 제주시 우도면 연평리 12,33.515046,126.967491,실외,OUTDOOR,2000,UNKNOWN,UNKNOWN,"교통사고(163), 낙상(50), 동물/곤충(12)",관광객(1): 추락(1) / 미상(1): 추락(1),Y,우도,성산항,15.0,Y,,,,,,,UNKNOWN,,,,,,Y,,수시(성수기 30분 간격),여객선 필수 — 풍랑특보 시 결항. 방문 전 운항 확인 필요,,UNKNOWN
P283,질그랭이센터,문화·전시,복합 시설,카페·오피스,Place,SPOT,GENERAL,식음료·오피스,식음료·오피스,제주특별자치도 제주시 구좌읍 세평항로 46-9,제주특별자치도 제주시 구좌읍 세화리 3641-10,33.526986,126.856095,실내,INDOOR,300,UNKNOWN,식음료시설+화장실+무선인터넷,"교통사고(207), 낙상(183), 동물/곤충(34)",,UNKNOWN,,,,,,,,,,,UNKNOWN,,,,,,Y,,,,,UNKNOWN
P284,범섬,자연관광,해양,해안경관,Area,AREA,LOCAL,경관감상·산책,"해양경관,야외",도로명주소 미보유,제주특별자치도 서귀포시 법환동 산2,33.218604,126.516762,실외,OUTDOOR,500,UNKNOWN,UNKNOWN,"낙상(29), 교통사고(24), 기타 둔상(8)",,UNKNOWN,,,,,,,,,,,UNKNOWN,,,,,,Y,,,,,UNKNOWN
P285,곤물,자연관광,자연경관,일반자연관광,Place,SPOT,LOCAL,경관감상·산책,"자연경관,야외",제주특별자치도 서귀포시 안덕면 화순서서로64번길 644,제주특별자치도 서귀포시 안덕면 화순리 1190-1,33.251879,126.332879,실외,OUTDOOR,40,UNKNOWN,주차장+쉼터,"교통사고(24), 낙상(17), 기타 둔상(10)",,UNKNOWN,,,,,,,,,,,UNKNOWN,,,,,,Y,,,,,UNKNOWN
P286,서귀포자연휴양림,자연관광,숲·공원,휴양림,Place,SPOT,LOCAL,산책·관람,"자연경관,휴식",제주특별자치도 서귀포시 1100로 882,제주특별자치도 서귀포시 대포동 산1-8,33.310780423,126.459776529,실외,OUTDOOR,1500,200,주차장+화장실+숙박동+야영장+산책로,"교통사고(26), 낙상(24), 기타 둔상(6)",,UNKNOWN,,,,,1000,무료,09:00~17:30,연중무휴,1시간,,UNKNOWN,,,,,,Y,,,,,UNKNOWN
P287,화순금모래해수욕장,자연관광,해양,해수욕장,Area,AREA,LOCAL,산책·해변활동,"해양경관,야외",도로명주소 미보유,제주특별자치도 서귀포시 안덕면 화순리 776-8,33.239594,126.33577,실외,OUTDOOR,4681,UNKNOWN,주차장+화장실+샤워장+탈의실,"교통사고(24), 낙상(17), 기타 둔상(10)",지역주민(1): 미끄럼/낙상(1),UNKNOWN,,,,,,,,,,,UNKNOWN,,,,,,Y,,,,,UNKNOWN
P288,화순금모래해수욕장담수수영장,체험·레저,레저시설,야외수영장,Place,SPOT,GENERAL,"수영장,워터파크","물놀이,야외수영장",도로명주소 미보유,제주특별자치도 서귀포시 안덕면 화순리 776-8,33.239594,126.33577,실외,OUTDOOR,1000,UNKNOWN,주차장+화장실+샤워장,"교통사고(24), 낙상(17), 기타 둔상(10)",미상(1): 추락(1) / 지역주민(1): 익수위험(1),UNKNOWN,,,,,,,,,,,UNKNOWN,,,,,,Y,,,,,UNKNOWN
P289,대정오일장,상업·쇼핑,시장,오일장,Place,SPOT,CENTRAL,쇼핑·식음료,"식음료,쇼핑",제주특별자치도 서귀포시 대정읍 신영로36번길 65,제주특별자치도 서귀포시 대정읍 하모리 1089-15,33.220462,126.248346,실외,OUTDOOR,2009,245,주차장+화장실,"낙상(29), 상해(10), 교통사고(9)",,UNKNOWN,,,,,,,,,,,UNKNOWN,,,,,,Y,,,,,UNKNOWN
P290,중엄리새물,자연관광,자연경관,일반자연관광,Place,SPOT,LOCAL,경관감상·산책,"자연경관,야외",제주특별자치도 제주시 애월읍 중엄3길 60,제주특별자치도 제주시 애월읍 애월리 2059-5,33.478415,126.369254,실외,OUTDOOR,239,UNKNOWN,주차장,"교통사고(43), 낙상(25), 상해(7)",,UNKNOWN,,,,,,,,,,,UNKNOWN,,,,,,Y,,,,,UNKNOWN
P291,해녀박물관,문화·전시,전시시설,박물관,Place,SPOT,LOCAL,관람,"문화,실내관람",제주특별자치도 제주시 구좌읍 해녀박물관길 26,제주특별자치도 제주시 구좌읍 상도리 3204-1,33.52305,126.862848,실내,INDOOR,1500,75,주차장+화장실+수유실+엘리베이터,"낙상(2), 열상(2), 기타(질병외)(1)",,UNKNOWN,,,,,,,,,,,UNKNOWN,,,,,,Y,,,,,UNKNOWN
P292,석부작박물관,문화·전시,전시시설,박물관,Place,SPOT,GENERAL,관람,"문화,실내관람",제주특별자치도 서귀포시 일주동로 8941,제주특별자치도 서귀포시 호근동 569-2,33.250483,126.536701,실내,INDOOR,1000,40,주차장+화장실+식음료시설+무선인터넷,"낙상(18), 추락(4), 기타 둔상(2)",,UNKNOWN,,,,,,,,,,,UNKNOWN,,,,,,Y,,,,,UNKNOWN
P293,숨도,상업·쇼핑,식음료,카페,Place,SPOT,GENERAL,식음료,"야외,식음료",제주특별자치도 서귀포시 일주동로 8941,제주특별자치도 서귀포시 호근동 569-2,33.250483,126.536701,실외,OUTDOOR,700,40,주차장+화장실+식음료시설+무선인터넷,"낙상(18), 추락(4), 기타 둔상(2)",,UNKNOWN,,,,,,,,,,,UNKNOWN,,,,,,Y,,,,,UNKNOWN
P294,왈종미술관,문화·전시,전시시설,미술관,Place,SPOT,GENERAL,관람,"문화,실내관람",제주특별자치도 서귀포시 칠십리로214번길 30,제주특별자치도 서귀포시 동홍동 281-2,33.245222,126.5738961,실내,INDOOR,500,UNKNOWN,주차장+화장실+식음료시설,UNKNOWN,,UNKNOWN,,,,,,,,,,,UNKNOWN,,,,,,Y,,,,,UNKNOWN
P295,한림공원 수선화축제,문화·전시,축제·행사,지역행사,Event,EVENT,RELATED·LOCAL,행사참여·관람,"행사,체험",제주특별자치도 제주시 한림읍 한림로 300,제주특별자치도 제주시 한림읍 협재리 2487,33.3879944,126.2397837,실외,OUTDOOR,3181,800,주차장+화장실+매표소+쉼터+수하물보관소,"낙상(51), 교통사고(23), 기타 둔상(5)",,UNKNOWN,,,,,,,,,,,○,12,3,,SEASONAL_ONLY,한림공원 수선화 개화기,N,"2026년 구체 일정 미공표 — 개최 시기만 추정, 추천 제외",,,,UNKNOWN
P296,한림공원 튤립축제,문화·전시,축제·행사,지역행사,Event,EVENT,RELATED·LOCAL,행사참여·관람,"행사,체험",제주특별자치도 제주시 한림읍 한림로 300,제주특별자치도 제주시 한림읍 협재리 2487,33.3879944,126.2397837,실외,OUTDOOR,3181,800,주차장+화장실+매표소+쉼터+수하물보관소,"낙상(51), 교통사고(23), 기타 둔상(5)",,UNKNOWN,,,,,,,,,,,○,3,4,,SEASONAL_ONLY,한림공원 튤립 개화기,N,"2026년 구체 일정 미공표 — 개최 시기만 추정, 추천 제외",,,,UNKNOWN
P297,한림공원국화축제,문화·전시,축제·행사,지역행사,Event,EVENT,RELATED·LOCAL,행사참여·관람,"행사,체험",제주특별자치도 제주시 한림읍 한림로 300,제주특별자치도 제주시 한림읍 협재리 2487,33.3902248,126.2396911,실외,OUTDOOR,3181,800,주차장+화장실+매표소+쉼터+수하물보관소,"낙상(51), 교통사고(23), 기타 둔상(5)",,UNKNOWN,,,,,,,,,,,○,10,11,,SEASONAL_ONLY,한림공원 국화 개화기,N,"2026년 구체 일정 미공표 — 개최 시기만 추정, 추천 제외",,,,UNKNOWN
P298,한림공원매화축제,문화·전시,축제·행사,지역행사,Event,EVENT,RELATED·LOCAL,행사참여·관람,"행사,체험",제주특별자치도 제주시 한림읍 한림로 300,제주특별자치도 제주시 한림읍 협재리 2487,33.389496,126.239685,실외,OUTDOOR,3181,800,주차장+화장실+매표소+쉼터+수하물보관소,"낙상(51), 교통사고(23), 기타 둔상(5)",,UNKNOWN,,,,,,,,,,,○,1,3,,SEASONAL_ONLY,한림공원 매화 개화기,N,"2026년 구체 일정 미공표 — 개최 시기만 추정, 추천 제외",,,,UNKNOWN
P299,해녀의부엌,상업·쇼핑,식음료,음식점,Place,SPOT,LOCAL,식음료,식음료,제주특별자치도 제주시 구좌읍 해맞이해안로 2265 해녀의부엌,제주특별자치도 제주시 구좌읍 종달리 477-16,33.4977915669711,126.912298334864,실내,INDOOR,92,UNKNOWN,주차장+화장실+식음료시설,"교통사고(29), 낙상(11), 기타 둔상(3)",,UNKNOWN,,,,,,,,,,,UNKNOWN,,,,,,Y,,,,,UNKNOWN
P300,해맞이해안도로,자연관광,트레일·산책로,해안산책로,Area,AREA,LOCAL,산책·트레킹,"도보,해안경관",도로명주소미보유,제주특별자치도 제주시 구좌읍 종달리 572-2,33.4943894335124,126.909143748498,실외,OUTDOOR,10000,UNKNOWN,주차장+화장실+쉼터,"교통사고(29), 낙상(11), 기타 둔상(3)",,UNKNOWN,,,,,,,,,,,UNKNOWN,,,,,,Y,,,,,UNKNOWN
P301,협자연대,문화·전시,문화유산,역사유적,Place,SPOT,LOCAL,관람,역사문화,도로명주소미보유,제주특별자치도 서귀포시 성산읍 고성리 57-1,33.42636,126.932237,실외,OUTDOOR,17,UNKNOWN,안내시설,"낙상(94), 교통사고(37), 기타 둔상(20)",,UNKNOWN,,,,,,,,,,,UNKNOWN,,,,,,Y,,,,,UNKNOWN
P302,화순리 유채꽃길,자연관광,자연경관,일반자연관광,Place,SPOT,LOCAL,경관감상·산책,"자연경관,야외",도로명주소미보유,제주특별자치도 서귀포시 안덕면 화순리 1230-4,33.25176,126.33404,실외,OUTDOOR,3000,UNKNOWN,UNKNOWN,"교통사고(24), 낙상(17), 기타 둔상(10)",,UNKNOWN,,,,,,,,,,,UNKNOWN,,,,,,Y,,,,,UNKNOWN
P303,황금굴(한림공원),자연관광,지질·특수자원,동굴,Place,SPOT,RELATED·LOCAL,경관감상·탐방,"자연경관,야외",제주특별자치도 제주시 한림읍 한림로 300,제주특별자치도 제주시 한림읍 협재리 2487,33.3879944,126.2397837,실내,INDOOR,0,800,주차장+화장실+안내시설,"낙상(51), 교통사고(23), 기타 둔상(5)",,UNKNOWN,,,,,,,,,,,UNKNOWN,,,,,,Y,,,,,UNKNOWN
P304,애월해안도로,자연관광,트레일·산책로,해안산책로,Area,AREA,CENTRAL·RELATED,산책·트레킹,"도보,해안경관",제주특별자치도 제주시 애월읍 애월해안로,제주특별자치도 제주시 애월읍 신엄리 2791-3,33.4788055,126.3572977,실외,OUTDOOR,10000,UNKNOWN,주차장+화장실,"교통사고(349), 낙상(204), 기타 둔상(48)",지역주민(1): 야간위험(1),UNKNOWN,,,,,,,,,,,UNKNOWN,,,,,,Y,,,,,UNKNOWN
P305,제주국제컨벤션센터 icc,문화·전시,전시·행사,회의·전시,Place,SPOT,CENTRAL,회의·전시,실내,제주특별자치도 서귀포시 중문관광로 224,제주특별자치도 서귀포시 중문동 2700,33.241365,126.424515,실내,INDOOR,4300,400,주차장+화장실+무선인터넷+편의점+엘리베이터,"낙상(52), 교통사고(27), 기타 둔상(9)",,UNKNOWN,,,,,,,,,,,UNKNOWN,,,,,,Y,,,,,UNKNOWN
P306,1112도로,자연관광,자연경관,일반자연관광,Area,AREA,LOCAL,경관감상·산책,"자연경관,야외",제주특별자치도 제주시 명림로 584,제주특별자치도 제주시 봉개동 산 78-1,33.43926,126.628326,실외,OUTDOOR,6465,UNKNOWN,UNKNOWN,"낙상(24), 교통사고(22), 추락(2)",불특정다수(1): 기상위험(1) / 미상(1): 교통위험(1),UNKNOWN,,,,,,,,,,,UNKNOWN,,,,,,Y,,,,,UNKNOWN
P307,개월이 오름,자연관광,산·오름,오름,Place,SPOT,LOCAL,등산·트레킹,"전망,등산",도로명주소미보유,제주특별자치도 제주시 봉개동 산 78-1,33.4288711,126.6289409,실외,OUTDOOR,500,UNKNOWN,UNKNOWN,"낙상(24), 교통사고(22), 추락(2)",,UNKNOWN,,,,,,,,,,,UNKNOWN,,,,,,Y,,,,,UNKNOWN
P308,성읍목장,자연관광,자연경관,일반자연관광,Place,SPOT,LOCAL,경관감상·산책,"자연경관,야외",도로명주소미보유,제주특별자치도 서귀포시 표선면 성읍리 1734,33.404229503,126.791785999,실외,OUTDOOR,1000,20,주차장,"낙상(31), 교통사고(19), 기타 둔상(5)",,UNKNOWN,,,,,,,,,,,UNKNOWN,,,,,,Y,,,,,UNKNOWN
P309,장생의 숲길,자연관광,트레일·산책로,숲길트레일,Place,SPOT,LOCAL,산책·트레킹,"도보,숲",제주특별자치도 제주시 명림로 584,제주특별자치도 제주시 봉개동 산78-1,33.439518,126.629404,실외,OUTDOOR,2000,100,주차장+화장실+매표소+쉼터+안내소,"낙상(24), 교통사고(22), 추락(2)",,UNKNOWN,,,,,,,,,,,UNKNOWN,,,,,,Y,,,,,UNKNOWN
P310,제주곶자왈도립공원,자연관광,숲·공원,숲길트레일,Place,SPOT,LOCAL,산책·트레킹,"도보,숲",제주특별자치도 서귀포시 대정읍 에듀시티로 178,제주특별자치도 서귀포시 대정읍 보성리 산 1,33.282955,126.27152,실외,OUTDOOR,3000,35,주차장+화장실+안내소+식음료시설,"낙상(17), 교통사고(4), 열상(2)",지역주민(1): 미끄럼/낙상(1),UNKNOWN,,,,,,,,,,,UNKNOWN,,,,,,Y,,,,,UNKNOWN
P311,강정천유원지,자연관광,자연경관,일반자연관광,Place,SPOT,LOCAL,경관감상·산책,"자연경관,야외",제주특별자치도 서귀포시 강정통물로,제주특별자치도 서귀포시 강정동 3009,33.2356507,126.4762431,실외,OUTDOOR,700,82,주차장+화장실+안내시설+쉼터,"낙상(47), 교통사고(27), 기타 둔상(11)",,UNKNOWN,,,,,,,,,,,UNKNOWN,,,,,,Y,,,,,UNKNOWN
P312,남원큰엉해변,자연관광,해양,해변,Place,SPOT,LOCAL,산책·해변활동,"해양경관,야외",제주특별자치도 서귀포시 남원읍 태위로 522-17,제주특별자치도 서귀포시 남원읍 남원리 2379-3,33.273379,126.703754,실외,OUTDOOR,4508,8,주차장+화장실+쉼터,"낙상(31), 교통사고(19), 기타 둔상(4)",,UNKNOWN,,,,,,,,,,,UNKNOWN,,,,,,Y,,,,,UNKNOWN
P313,비양도등대,자연관광,해양,해안경관,Place,SPOT,LOCAL,경관감상·산책,"해양경관,야외",도로명주소 미보유,제주특별자치도 제주시 우도면 연평리 1,33.514991,126.969282,실외,OUTDOOR,1000,50,주차장+화장실,"교통사고(163), 낙상(50), 동물/곤충(12)","지역주민(2): 익수위험(1), 해양사고(1)",Y,우도,성산항,15.0,Y,,,,,,,UNKNOWN,,,,,,Y,,수시(성수기 30분 간격),여객선 필수 — 풍랑특보 시 결항. 방문 전 운항 확인 필요,,UNKNOWN
P314,도령모루,문화·전시,문화유산,문화공간,Place,SPOT,LOCAL,관람,문화,도로명주소 미보유,제주특별자치도 제주시 용담이동 1805,33.49636,126.493835,실외,OUTDOOR,300,UNKNOWN,안내시설,UNKNOWN,불특정다수(1): 시설/차량충돌(1) / 지역주민(1): 시설/차량충돌(1),UNKNOWN,,,,,,,,,,,UNKNOWN,,,,,,Y,,,,,UNKNOWN
P315,9연대 본부 옛터,문화·전시,문화유산,역사유적,Place,SPOT,LOCAL,관람,역사문화,제주특별자치도 서귀포시 대정읍 일주서로 2497,제주특별자치도 서귀포시 대정읍 상모리 3392-3,33.229118,126.262788,실외,OUTDOOR,122,UNKNOWN,UNKNOWN,"낙상(24), 교통사고(13), 기타 둔상(1)",,UNKNOWN,,,,,,,,,,,UNKNOWN,,,,,,Y,,,,,UNKNOWN
P316,고내봉(고내오름+고니오름+ 망오름),자연관광,산·오름,오름,Place,SPOT,LOCAL,등산·트레킹,"전망,등산",도로명주소 미보유,제주특별자치도 제주시 애월읍 고내리 산 3-1,33.459949,126.342058,실외,OUTDOOR,2000,UNKNOWN,화장실+쉼터,"교통사고(26), 낙상(24), 기타 둔상(8)",불특정다수(1): 교통위험(1),UNKNOWN,,,,,,,,,,,UNKNOWN,,,,,,Y,,,,,UNKNOWN
P317,용담레포츠공원,자연관광,숲·공원,공원,Place,SPOT,LOCAL,산책·관람,"자연경관,휴식",제주특별자치도 제주시 서해안로 580,제주특별자치도 제주시 용담삼동 1089,33.517963,126.49961,실외,OUTDOOR,3000,160,주차장+화장실+쉼터,UNKNOWN,지역주민(1): 익수위험(1),UNKNOWN,,,,,,,,,,,UNKNOWN,,,,,,Y,,,,,UNKNOWN
P318,월령포구,자연관광,해양,포구,Place,SPOT,LOCAL,경관감상·산책,"해양경관,야외",도로명주소 미보유,제주특별자치도 제주시 한림읍 월령리 317,33.37863,126.21653,실외,OUTDOOR,800,UNKNOWN,주차장+화장실+쉼터,UNKNOWN,"관광객(1): 익수위험(1) / 미상(2): 시설위험(2) / 지역주민(2): 익수위험(1), 미끄럼/낙상(1)",UNKNOWN,,,,,,,,,,,UNKNOWN,,,,,,Y,,,,,UNKNOWN
P319,제주올레 1코스,자연관광,트레일·산책로,올레길,Place,SPOT,LOCAL,산책·트레킹,"도보,장거리트레킹",도로명주소 미보유,제주특별자치도 서귀포시 성산읍 오조리 396-1,33.471925,126.915079,실외,OUTDOOR,5000,0,안내소+화장실+안전시설+쉼터+안내시설,"교통사고(10), 낙상(10), 기타 둔상(3)",,UNKNOWN,,,,,,,,,,,UNKNOWN,,,,,,Y,,,,,UNKNOWN
P320,화북환해장성,문화·전시,문화유산,역사유적,Place,SPOT,LOCAL,관람,역사문화,도로명주소 미보유,제주특별자치도 제주시 화북일동 4373,33.5202191,126.5654656,실외,OUTDOOR,500,UNKNOWN,안내시설,UNKNOWN,,UNKNOWN,,,,,,,,,,,UNKNOWN,,,,,,Y,,,,,UNKNOWN
P321,산방산 용머리해안 지질트레일A코스,자연관광,트레일·산책로,해안산책로,Place,SPOT,RELATED·LOCAL,산책·트레킹,"도보,트레킹",도로명주소미보유,제주특별자치도 서귀포시 안덕면 사계리 112-3,33.2334821,126.3146305,실외,OUTDOOR,4000,60,주차장+화장실+편의점+음수대+안내시설+매표소,"낙상(49), 교통사고(31), 추락(7)",불특정다수(1): 교통위험(1),UNKNOWN,,,,,,,,,,,UNKNOWN,,,,,,Y,,,,,UNKNOWN
P322,새섬,자연관광,해양,해안경관,Area,AREA,LOCAL,경관감상·산책,"해양경관,야외",도로명주소미보유,제주특별자치도 서귀포시 서홍동 707-5,33.23647274,126.5615906,실외,OUTDOOR,4000,60,주차장+화장실+안내시설,"낙상(24), 교통사고(22), 기타 둔상(4)","지역주민(2): 익수위험(1), 해양위험(1)",UNKNOWN,,,,,,,,,,,UNKNOWN,,,,,,Y,,,,,UNKNOWN
P323,소수산봉(족은물뫼),자연관광,산·오름,오름,Place,SPOT,LOCAL,등산·트레킹,"전망,등산",도로명주소미보유,제주특별자치도 서귀포시 성산읍 고성리 887,33.436866,126.912064,실외,OUTDOOR,300,UNKNOWN,UNKNOWN,"낙상(94), 교통사고(37), 기타 둔상(20)",미상(1): 화재/폭발(1),UNKNOWN,,,,,,,,,,,UNKNOWN,,,,,,Y,,,,,UNKNOWN
P324,오조리조개체험어장,체험·레저,액티비티,액티비티,Activity,VENUE,GENERAL,체험·관람,체험,도로명주소 미보유,제주특별자치도 서귀포시 성산읍 오조리 2-3,33.468596,126.9242488,실외,OUTDOOR,1000,UNKNOWN,안내시설,"교통사고(10), 낙상(10), 기타 둔상(3)",,UNKNOWN,,,,,,,,,,,UNKNOWN,,,,,,Y,,,,,UNKNOWN
P325,제주올레 16코스,자연관광,트레일·산책로,올레길,Place,SPOT,LOCAL,산책·트레킹,"도보,장거리트레킹",도로명주소 미보유,제주특별자치도 제주시 애월읍 고내리 1111-2,33.466846,126.338134,실외,OUTDOOR,5000,0,화장실+안전시설+안내소+쉼터+안내시설,"교통사고(26), 낙상(24), 기타 둔상(8)",,UNKNOWN,,,,,,,,,,,UNKNOWN,,,,,,Y,,,,,UNKNOWN
P326,제주올레 21코스,자연관광,트레일·산책로,올레길,Place,SPOT,LOCAL,산책·트레킹,"도보,장거리트레킹",도로명주소 미보유,제주특별자치도 제주시 구좌읍 하도리 32041,33.523523,126.863485,실외,OUTDOOR,3000,UNKNOWN,화장실+안전시설+안내소+쉼터+안내시설,"낙상(24), 교통사고(7), 열상(4)",,UNKNOWN,,,,,,,,,,,UNKNOWN,,,,,,Y,,,,,UNKNOWN
P327,터진목&성산면 4.3희생자 유령비,문화·전시,문화유산,문화공간,Place,SPOT,LOCAL,관람,문화,도로명주소미보유,제주특별자치도 서귀포시 성산읍 고성리 276,33.453864740206,126.923806802836,실외,OUTDOOR,300,0,UNKNOWN,"낙상(94), 교통사고(37), 기타 둔상(20)",,UNKNOWN,,,,,,,,,,,UNKNOWN,,,,,,Y,,,,,UNKNOWN
P328,곽지패총,문화·전시,문화유산,문화공간,Place,SPOT,LOCAL,관람,문화,도로명주소 미보유,제주특별자치도 제주시 애월읍 곽지리 2043-1,33.445585,126.30717,실외,OUTDOOR,500,UNKNOWN,안내시설,"낙상(18), 교통사고(15), 기타 둔상(6)",,UNKNOWN,,,,,,,,,,,UNKNOWN,,,,,,Y,,,,,UNKNOWN
P329,제주올레 5코스,자연관광,트레일·산책로,올레길,Place,SPOT,LOCAL,산책·트레킹,"도보,장거리트레킹",제주특별자치도 서귀포시 남원읍 남태해안로 140,제주특별자치도 서귀포시 남원읍 남원리 916,33.277827,126.719843,실외,OUTDOOR,5000,0,화장실+안전시설+안내소+쉼터+안내시설,"낙상(31), 교통사고(19), 기타 둔상(4)",,UNKNOWN,,,,,,,,,,,UNKNOWN,,,,,,Y,,,,,UNKNOWN
P330,천지연기정길,자연관광,자연경관,일반자연관광,Place,SPOT,RELATED·LOCAL,경관감상·산책,"자연경관,야외",도로명주소 미보유,제주특별자치도 서귀포시 서귀동 961-33,33.247168,126.5548865,실외,OUTDOOR,3000,50,주차장+화장실+음수대+안내시설,"낙상(91), 교통사고(37), 상해(25)",,UNKNOWN,,,,,,,,,,,UNKNOWN,,,,,,Y,,,,,UNKNOWN
P331,한림항,교통시설,항만,항만,Place,SPOT,CENTRAL,이동·환승,교통거점,도로명주소미보유,제주특별자치도 제주시 한림읍 한림리 1328-15,33.41244,126.255686,실외,OUTDOOR,3000,100,주차장+화장실+대합실,"교통사고(19), 낙상(19), 열상(8)","관광객(1): 익수위험(1) / 지역주민(5): 추락(3), 교통위험(1), 익수위험(1)",UNKNOWN,,,,,,,,,,,UNKNOWN,,,,,,Y,,,,,UNKNOWN
P332,현사포구,자연관광,해양,포구,Place,SPOT,LOCAL,경관감상·산책,"해양경관,야외",도로명주소 미보유,제주특별자치도 제주시 이호1동,33.497562,126.44952,실외,OUTDOOR,326,UNKNOWN,화장실+주차장+쉼터,UNKNOWN,지역주민(1): 원인불명확(1),UNKNOWN,,,,,,,,,,,UNKNOWN,,,,,,Y,,,,,UNKNOWN
P333,남두연대,문화·전시,문화유산,역사유적,Place,SPOT,LOCAL,관람,역사문화,도로명주소 미보유,제주특별자치도 제주시 애월읍 신엄리 2780-1,33.479107,126.358537,실외,OUTDOOR,500,UNKNOWN,안내시설,"교통사고(38), 낙상(18), 열상(8)",,UNKNOWN,,,,,,,,,,,UNKNOWN,,,,,,Y,,,,,UNKNOWN
P334,도두해안도로,자연관광,트레일·산책로,해안산책로,Area,AREA,LOCAL,산책·트레킹,"도보,해안경관",도로명주소 미보유,제주특별자치도 제주시 도두이동 706-3,33.510446,126.482366,실외,OUTDOOR,5000,UNKNOWN,쉼터,UNKNOWN,,UNKNOWN,,,,,,,,,,,UNKNOWN,,,,,,Y,,,,,UNKNOWN
P335,모충사,문화·전시,문화유산,문화공간,Place,SPOT,LOCAL,관람,문화,제주특별자치도 제주시 사라봉길 75,제주특별자치도 제주시 건입동 426,33.518872,126.544288,실외,OUTDOOR,800,45,주차장+화장실,"낙상(45), 교통사고(31), 열상(9)",,UNKNOWN,,,,,,,,,,,UNKNOWN,,,,,,Y,,,,,UNKNOWN
P336,성산오조리해안,자연관광,해양,해안경관,Area,AREA,LOCAL,경관감상·산책,"해양경관,야외",제주특별자치도 서귀포시 성산읍 한도로,제주특별자치도 서귀포시 성산읍 오조리 2210,33.4687304,126.9223676,실외,OUTDOOR,3000,UNKNOWN,UNKNOWN,"교통사고(10), 낙상(10), 기타 둔상(3)",불특정다수(1): 교통위험(1) / 지역주민(1): 추락(1),UNKNOWN,,,,,,,,,,,UNKNOWN,,,,,,Y,,,,,UNKNOWN
P337,안덕면 사계어촌계,자연관광,자연경관,일반자연관광,Place,SPOT,LOCAL,경관감상·산책,"자연경관,야외",제주특별자치도 서귀포시 안덕면 형제해안로 13-1,제주특별자치도 서귀포시 안덕면 사계리 2147-30,33.228084,126.304598,실외,OUTDOOR,3000,70,주차장+화장실+안전시설+안내시설,"낙상(49), 교통사고(31), 추락(7)",관광객(1): 미끄럼/낙상(1),UNKNOWN,,,,,,,,,,,UNKNOWN,,,,,,Y,,,,,UNKNOWN
P338,어영공원,자연관광,숲·공원,공원,Place,SPOT,LOCAL,산책·관람,"자연경관,휴식",제주특별자치도 제주시 서해안로 452,제주특별자치도 제주시 용담삼동 2396,33.51805,126.487169,실외,OUTDOOR,3000,60,주차장+화장실+쉼터,"낙상(20), 교통사고(12), 열상(5)","미상(2): 익수위험(1), 야간위험(1)",UNKNOWN,,,,,,,,,,,UNKNOWN,,,,,,Y,,,,,UNKNOWN
P339,월령선인장군락지,자연관광,자연경관,일반자연관광,Place,SPOT,LOCAL,경관감상·산책,"자연경관,야외",도로명주소미보유,제주특별자치도 제주시 한림읍 월령리 359-3,33.377865,126.21586,실외,OUTDOOR,1000,UNKNOWN,주차장+화장실+안내시설,"낙상(10), 교통사고(3), 동물/곤충(3)",,UNKNOWN,,,,,,,,,,,UNKNOWN,,,,,,Y,,,,,UNKNOWN
P340,협재포구,자연관광,해양,포구,Place,SPOT,RELATED·LOCAL,경관감상·산책,"해양경관,야외",도로명주소 미보유,제주특별자치도 제주시 한림읍 협재리 2171-3,33.3870124,126.245988,실외,OUTDOOR,388,180,주차장+화장실,"낙상(51), 교통사고(23), 기타 둔상(5)","지역주민(3): 추락(1), 익수위험(1), 기상위험(1) / 종사자(1): 해양사고(1)",UNKNOWN,,,,,,,,,,,UNKNOWN,,,,,,Y,,,,,UNKNOWN
P341,대정해변(하모해변),자연관광,해양,해변,Place,SPOT,LOCAL,산책·해변활동,"해양경관,야외",도로명주소 미보유,제주특별자치도 서귀포시 대정읍 하모리 2121,33.222619,126.2539365,실외,OUTDOOR,200,25,주차장+화장실,"낙상(29), 상해(10), 교통사고(9)",불특정다수(1): 기상위험(1) / 종사자(1): 익수위험(1),UNKNOWN,,,,,,,,,,,UNKNOWN,,,,,,Y,,,,,UNKNOWN
P342,샛도리물,자연관광,자연경관,일반자연관광,Place,SPOT,LOCAL,경관감상·산책,"자연경관,야외",도로명주소미보유,제주특별자치도 제주시 삼양일동 1938-9,33.5294857,126.5894095,실외,OUTDOOR,500,0,화장실+안내시설,UNKNOWN,,UNKNOWN,,,,,,,,,,,UNKNOWN,,,,,,Y,,,,,UNKNOWN
P343,삼양검은모래축제,문화·전시,축제·행사,지역행사,Event,EVENT,LOCAL,행사참여·관람,"행사,체험",도로명주소미보유,제주특별자치도 제주시 삼양이동 1965-1,33.5256376,126.5841005,실외,OUTDOOR,10000,20,주차장+화장실,UNKNOWN,미상(1): 시설위험(1),UNKNOWN,,,,,,,,,,,○,7,8,,SEASONAL_ONLY,삼양 검은모래 해변 하절기 개최,N,"2026년 구체 일정 미공표 — 개최 시기만 추정, 추천 제외",,,,UNKNOWN
P344,서귀포 문화원,문화·전시,문화유산,역사유적,Place,SPOT,LOCAL,관람,역사문화,제주특별자치도 서귀포시 동홍로 30 1층 서귀포문화원,제주특별자치도 서귀포시 동홍동 396-1,33.2508757047074,126.568737527574,실외,OUTDOOR,547,30,주차장+화장실+안내시설,"교통사고(25), 낙상(22), 기타 둔상(5)",,UNKNOWN,,,,,,,,,,,UNKNOWN,,,,,,Y,,,,,UNKNOWN
P345,심헌갤러리,문화·전시,전시시설,미술관,Place,SPOT,GENERAL,관람,"문화,실내관람",제주특별자치도 제주시 아란14길 3,제주특별자치도 제주시 아라일동 6075-3,33.470795,126.544126,실내,INDOOR,100,UNKNOWN,식음료시설+화장실+안내시설,UNKNOWN,,UNKNOWN,,,,,,,,,,,UNKNOWN,,,,,,Y,,,,,UNKNOWN
P346,제주교육박물관,문화·전시,전시시설,박물관,Place,SPOT,GENERAL,관람,"문화,실내관람",제주특별자치도 제주시 오복 4길 25,제주특별자치도 제주시 이도이동 539-14,33.49451,126.53802,실내,INDOOR,360,UNKNOWN,주차장+화장실+식음료시설,UNKNOWN,,UNKNOWN,,,,,,,,,,,UNKNOWN,,,,,,Y,,,,,UNKNOWN
P347,최남단방어축제,문화·전시,축제·행사,지역행사,Event,EVENT,LOCAL,행사참여·관람,"행사,체험",도로명주소미보유,제주특별자치도 서귀포시 대정읍 하모리 646-21,33.2097403,126.2576261,실외,OUTDOOR,50000,UNKNOWN,주차장+화장실+안내소,"낙상(29), 상해(10), 교통사고(9)",지역주민(1): 혼잡위험(1),UNKNOWN,,,,,,,,,,,○,11,12,,SEASONAL_ONLY,"최남단 방어 조업 성수기 연계, 모슬포항",N,"2026년 구체 일정 미공표 — 개최 시기만 추정, 추천 제외",,,,UNKNOWN
P348,금능석물원,문화·전시,전시시설,문화공간,Place,SPOT,RELATED·LOCAL,관람·산책,"석물,야외전시",제주특별자치도 제주시 한림읍 한림로 176,제주특별자치도 제주시 한림읍 금능리 1282-9,33.385142,126.227151,실외,OUTDOOR,2500,60,주차장+화장실+매표소+식음료시설,"낙상(27), 교통사고(17), 열상(9)",,UNKNOWN,,,,,,,,,,,UNKNOWN,,,,,,Y,,,,,UNKNOWN
P349,송악산,자연관광,자연경관,일반자연관광,Place,SPOT,LOCAL,경관감상·산책,"자연경관,야외",제주특별자치도 서귀포시 대정읍 송악관광로 421-1,제주특별자치도 서귀포시 대정읍 상모리 131,33.2077142,126.2909893,실외,OUTDOOR,6000,UNKNOWN,주차장+화장실+안내시설,"낙상(95), 교통사고(65), 기타 둔상(18)",미상(1): 낙석/붕괴(1),UNKNOWN,,,,,,,,,,,UNKNOWN,,,,,,Y,,,,,UNKNOWN
P350,제주불교성지 순례길 절로 가는길 - 지계의 길,자연관광,트레일·산책로,일반산책로,Place,SPOT,LOCAL,산책·트레킹,도보,제주특별자치도 제주시 서연길 10,제주특별자치도 제주시 연동 69-4,33.497364,126.50008,실외,OUTDOOR,2000,UNKNOWN,안내시설+쉼터,"낙상(141), 교통사고(71), 상해(32)",,UNKNOWN,,,,,,,,,,,UNKNOWN,,,,,,Y,,,,,UNKNOWN
P351,김녕해안도로,자연관광,트레일·산책로,해안산책로,Area,AREA,CENTRAL·RELATED,도보·드라이브,드라이브·자연경관,제주특별자치도 제주시 구좌읍 해맞이해안로,제주특별자치도 제주시 구좌읍 월정리 1400-36,33.5323494,126.8476565,실외,OUTDOOR,10000,UNKNOWN,쉼터,"낙상(24), 교통사고(18), 동물/곤충(10)",,UNKNOWN,,,,,,,,,,,UNKNOWN,,,,,,Y,,,,,UNKNOWN
P352,민속자연사박물관,문화·전시,전시시설,박물관,Place,SPOT,GENERAL,관람,"문화,실내관람",제주특별자치도 제주시 삼성로 40,제주특별자치도 제주시 일도이동 996-1,33.506485,126.53184,실내,INDOOR,3000,58,주차장+화장실+음수대+안내시설+엘리베이터+수유실,"낙상(13), 교통사고(6), 기타 둔상(2)",,UNKNOWN,,,,,2000,무료,8:30~18:00,연중무휴,1시간 30분~2시간,,UNKNOWN,,,,,,Y,,,,,UNKNOWN
P353,용담/용두암해안도로,자연관광,트레일·산책로,해안산책로,Area,AREA,CENTRAL·RELATED,도보·드라이브,"도보,해안경관",제주특별자치도 제주시 서해안로 687-8,제주특별자치도 제주시 용담이동 488-9,33.51556,126.51218,실외,OUTDOOR,5000,UNKNOWN,주차장+화장실,UNKNOWN,지역주민(1): 익수위험(1),UNKNOWN,,,,,,,,,,,UNKNOWN,,,,,,Y,,,,,UNKNOWN
P354,제주해녀축제,문화·전시,축제·행사,지역행사,Event,EVENT,LOCAL,행사참여·관람,"행사,체험",제주특별자치도 제주시 구좌읍 해녀박물관길 26,제주특별자치도 제주시 구좌읍 하도리 3204-1,33.523525,126.86349,실외,OUTDOOR,15000,75,주차장+화장실+안내소,"낙상(24), 교통사고(7), 열상(4)",,UNKNOWN,,,,,,,,,,,○,9,9,,SEASONAL_ONLY,해녀문화 연계 행사,N,"2026년 구체 일정 미공표 — 개최 시기만 추정, 추천 제외",,,,UNKNOWN
P355,중문관광단지,자연관광,관광단지,복합관광단지,Area,AREA,CENTRAL·RELATED,휴양·관광,관광단지,제주특별자치도 서귀포시 중문관광로,제주특별자치도 서귀포시 중문동 2624-1,33.2449464,126.4189168,실외,OUTDOOR,30000,UNKNOWN,주차장+화장실,"낙상(52), 교통사고(27), 기타 둔상(9)",관광객(1): 익수위험(1) / 불특정다수(1): 화재/폭발(1) / 지역주민(1): 교통위험(1),UNKNOWN,,,,,,,,,,,UNKNOWN,,,,,,Y,,,,,UNKNOWN
P356,볼레낭길(보목포로),자연관광,자연경관,일반자연관광,Place,SPOT,LOCAL,경관감상·산책,"자연경관,야외",제주특별자치도 서귀포시 보목포로,제주특별자치도 서귀포시 보목동 274-5,33.2413543115541,126.614287935998,실외,OUTDOOR,2000,75,주차장+화장실+쉼터+안내시설,"낙상(11), 교통사고(8), 기타 둔상(1)",,UNKNOWN,,,,,,,,,,,UNKNOWN,,,,,,Y,,,,,UNKNOWN
P357,서귀포해안,자연관광,해양,해안경관,Area,AREA,LOCAL,경관감상·산책,"해양경관,야외",도로명주소 미보유,제주특별자치도 서귀포시 법환동 90,33.2425778,126.5191815,실외,OUTDOOR,10000,100,주차장+화장실+샤워장,UNKNOWN,지역주민(1): 해양위험(1),UNKNOWN,,,,,,,,,,,UNKNOWN,,,,,,Y,,,,,UNKNOWN
P358,제주올레 7코스,자연관광,트레일·산책로,올레길,Place,SPOT,LOCAL,산책·트레킹,"도보,장거리트레킹",제주특별자치도 서귀포시 남성로 62,제주특별자치도 서귀포시 서홍동 795-1,33.240437,126.548225,실외,OUTDOOR,5000,UNKNOWN,화장실+안전시설+안내소+쉼터+안내시설+주차장,"낙상(24), 교통사고(22), 기타 둔상(4)",미상(1): 미끄럼/낙상(1),UNKNOWN,,,,,,,,,,,UNKNOWN,,,,,,Y,,,,,UNKNOWN
P359,황우지해안,자연관광,해양,해안경관,Place,SPOT,LOCAL,경관감상·산책,"해양경관,야외",도로명주소 미보유,제주특별자치도 서귀포시 서홍동 766-1,33.241566,126.54981,실외,OUTDOOR,1874,30,주차장+화장실+안내시설,"낙상(24), 교통사고(22), 기타 둔상(4)",지역주민(1): 해양위험(1),UNKNOWN,,,,,,,,,,,UNKNOWN,,,,,,Y,,,,,UNKNOWN
P360,걸매생태공원,자연관광,숲·공원,공원,Place,SPOT,LOCAL,산책·관람,"자연경관,휴식",제주특별자치도 서귀포시 서홍로 4-42,제주특별자치도 서귀포시 서홍동 1207,33.252176,126.554528,실외,OUTDOOR,5000,27,주차장+화장실+음수대+안내시설,"낙상(24), 교통사고(22), 기타 둔상(4)",,UNKNOWN,,,,,,,,,,,UNKNOWN,,,,,,Y,,,,,UNKNOWN
P361,구엄리돌염전,자연관광,자연경관,일반자연관광,Place,SPOT,LOCAL,경관감상·산책,"자연경관,야외",제주특별자치도 제주시 애월읍 애월해안로 708,제주특별자치도 제주시 애월읍 구엄리 1254-1,33.482922,126.377408,실외,OUTDOOR,1078,20,주차장+화장실+안내시설,"낙상(16), 교통사고(14), 동물/곤충(3)",,UNKNOWN,,,,,,,,,,,UNKNOWN,,,,,,Y,,,,,UNKNOWN
P362,구엄포구,자연관광,해양,포구,Place,SPOT,LOCAL,경관감상·산책,"해양경관,야외",도로명주소 미보유,제주특별자치도 제주시 애월읍 구엄리 704,33.479736,126.381935,실외,OUTDOOR,1000,30,주차장+화장실,"낙상(16), 교통사고(14), 동물/곤충(3)",불특정다수(1): 교통위험(1) / 미상(1): 해양위험(1) / 지역주민(1): 추락(1),UNKNOWN,,,,,,,,,,,UNKNOWN,,,,,,Y,,,,,UNKNOWN
P363,그린크루즈(산방산유람선),체험·레저,관광체험,유람선,Activity,VENUE,RELATED,유람선탑승,"유람선,해양레저",제주특별자치도 서귀포시 안덕면 화순해안로106번길 16,제주특별자치도 서귀포시 안덕면 화순리 636-15,33.236866,126.335193,실외,OUTDOOR,1182,UNKNOWN,주차장+화장실+매표소+대합실+안내시설,"교통사고(241), 낙상(198), 기타 둔상(45)",,UNKNOWN,,,,,,,,,,,UNKNOWN,,,,,,Y,,,,,UNKNOWN
P364,미천굴,자연관광,지질·특수자원,동굴,Place,SPOT,LOCAL,경관감상·탐방,"자연경관,야외",제주특별자치도 서귀포시 성산읍 중산간동로 4150-30,제주특별자치도 서귀포시 성산읍 삼달리 1010,33.382276,126.84183,실내,INDOOR,3000,150,주차장+화장실+매표소+안내시설,"낙상(8), 교통사고(4), 기타 둔상(1)",,UNKNOWN,,,,,,,,,,,UNKNOWN,,,,,,Y,,,,,UNKNOWN
P365,서복전시관,문화·전시,전시시설,전시시설,Place,SPOT,GENERAL,관람,"문화,실내관람",제주특별자치도 서귀포시 칠십리로 156-8,제주특별자치도 서귀포시 서귀동 100-2,33.2447056252121,126.570942078269,실내,INDOOR,1000,30,주차장+화장실+쉼터+안내시설,"낙상(91), 교통사고(37), 상해(25)",,UNKNOWN,,,,,,,,,,,UNKNOWN,,,,,,Y,,,,,UNKNOWN
P366,서영아리오름/용와이오름,자연관광,산·오름,오름,Place,SPOT,LOCAL,등산·트레킹,"전망,등산",도로명주소 미보유,제주특별자치도 서귀포시 안덕면 상천리 산22,33.3270871368144,126.400841145766,실외,OUTDOOR,800,30,주차장+안내시설,"교통사고(17), 낙상(6), 기타 둔상(1)",,UNKNOWN,,,,,,,,,,,UNKNOWN,,,,,,Y,,,,,UNKNOWN
P367,신창리포구,자연관광,해양,포구,Place,SPOT,LOCAL,경관감상·산책,"해양경관,야외",도로명주소 미보유,제주특별자치도 제주시 한경면 신창리 348-13,33.345325,126.185526,실외,OUTDOOR,800,UNKNOWN,주차장+화장실,"교통사고(12), 낙상(7), 기타 둔상(2)",지역주민(1): 익수위험(1),UNKNOWN,,,,,,,,,,,UNKNOWN,,,,,,Y,,,,,UNKNOWN
P368,외돌개,자연관광,자연경관,일반자연관광,Place,SPOT,LOCAL,경관감상·산책,"자연경관,야외",도로명주소 미보유,제주특별자치도 서귀포시 서홍동 791,33.240063,126.5457276,실외,OUTDOOR,3000,30,주차장+화장실+안내시설,"낙상(24), 교통사고(22), 기타 둔상(4)",관광객(외국인)(1): 해양위험(1) / 미상(2): 추락(2) / 지역주민(1): 시설위험(1),UNKNOWN,,,,,,,,,,,UNKNOWN,,,,,,Y,,,,,UNKNOWN
P369,일출랜드,체험·레저,테마시설,테마파크,Place,SPOT,LOCAL,체험·관람,체험,제주특별자치도 서귀포시 성산읍 중산간동로 4150-30,제주특별자치도 서귀포시 성산읍 삼달리 1010,33.38196,126.841981,실외,OUTDOOR,3000,150,주차장+화장실+음수대+안내시설,"낙상(8), 교통사고(4), 기타 둔상(1)",,UNKNOWN,,,,,9000,7000,09:00~17:30,연중무휴,1시간30분,,UNKNOWN,,,,,,Y,,,,,UNKNOWN
P370,테디베어하우스 테지움,체험·레저,테마시설,캐릭터 테마관,Place,SPOT,GENERAL,관람·체험,실내,제주특별자치도 제주시 애월읍 평화로 2159,제주특별자치도 제주시 애월읍 소길리 155-106,33.412225,126.393651,실내,INDOOR,1000,UNKNOWN,주차장+화장실+수유실+엘리베이터,"교통사고(349), 낙상(204), 기타 둔상(48)",,UNKNOWN,,,,,10500,4500,8:30~19:00,연중무휴,1시간~1시간 30분,,UNKNOWN,,,,,,Y,,,,브랜드 홍보·체험관,UNKNOWN
P371,하멜기념비,문화·전시,문화유산,문화공간,Place,SPOT,LOCAL,관람,문화,도로명주소 미보유,제주특별자치도 서귀포시 안덕면 사계리 112-3,33.23286,126.314064,실외,OUTDOOR,209,70,주차장+화장실+안내시설,"낙상(49), 교통사고(31), 추락(7)",,UNKNOWN,,,,,,,,,,,UNKNOWN,,,,,,Y,,,,,UNKNOWN
P372,황우지해안 열두굴,자연관광,해양,해안경관,Place,SPOT,LOCAL,경관감상·산책,"해양경관,야외",도로명주소 미보유,제주특별자치도 서귀포시 서홍동 764-1,33.23915,126.54786,실외,OUTDOOR,300,30,주차장+안내시설,"낙상(24), 교통사고(22), 기타 둔상(4)",미상(1): 익수위험(1),UNKNOWN,,,,,,,,,,,UNKNOWN,,,,,,Y,,,,,UNKNOWN
P373,개오리오름,자연관광,산·오름,오름,Place,SPOT,LOCAL,등산·트레킹,"전망,등산",제주특별자치도 제주시 명림로 584,제주특별자치도 제주시 봉개동 산78-1,33.4400492,126.6252036,실외,OUTDOOR,1500,UNKNOWN,안내시설,"낙상(24), 교통사고(22), 추락(2)",,UNKNOWN,,,,,,,,,,,UNKNOWN,,,,,,Y,,,,,UNKNOWN
P374,고내리포구,자연관광,해양,포구,Place,SPOT,LOCAL,경관감상·산책,"해양경관,야외",도로명주소 미보유,제주특별자치도 제주시 애월읍 고내리,33.467395,126.337616,실외,OUTDOOR,1048,12,주차장+화장실,"교통사고(26), 낙상(24), 기타 둔상(8)","미상(1): 추락(1) / 지역주민(2): 자연환경/야생동물(1), 풍랑(1) / 근로자(2): 익수위험(1), 해양사고(1)",UNKNOWN,,,,,,,,,,,UNKNOWN,,,,,,Y,,,,,UNKNOWN
P375,금룡사,문화·전시,문화유산,문화공간,Place,SPOT,LOCAL,관람,문화,제주특별자치도 제주시 구좌읍 김녕로 148-11,제주특별자치도 제주시 구좌읍 김녕리 1145-49,33.5537748,126.753749,실내,INDOOR,250,20,주차장+화장실+안내시설,"낙상(24), 교통사고(18), 동물/곤충(10)",,UNKNOWN,,,,,,,,,,,UNKNOWN,,,,,,Y,,,,,UNKNOWN
P376,금룡사템플스테이,체험·레저,관광체험,템플스테이,Event,EVENT,GENERAL,체험·관람,문화·채험,제주특별자치도 제주시 구좌읍 김녕로 148-11,제주특별자치도 제주시 구좌읍 김녕리 1145-49,33.55384,126.75357,실외,OUTDOOR,30,20,주차장+화장실+안내시설,"교통사고(207), 낙상(183), 동물/곤충(34)",,UNKNOWN,,,,,,,,,,,○,,,,SEASONAL_ONLY,금룡사 템플스테이 — 상설 프로그램 성격,N,"2026년 구체 일정 미공표 — 개최 시기만 추정, 추천 제외",,,,UNKNOWN
P377,김녕해수욕장야영장,숙박시설,기타숙박,기타숙박,Place,SPOT,CENTRAL·RELATED,숙박,숙박,제주특별자치도 제주시 구좌읍 해맞이해안로 7-6,제주특별자치도 제주시 구좌읍 김녕리 497-4,33.556968,126.760193,실외,OUTDOOR,6957,200,주차장+화장실+샤워장+탈의실+음수대,UNKNOWN,,UNKNOWN,,,,,,,,,,,UNKNOWN,,,,,,Y,,,,,UNKNOWN
P378,남원문화의거리,상업·쇼핑,거리상권,관광거리,Area,AREA,CENTRAL,산책·쇼핑,"도보,쇼핑",제주특별자치도 서귀포시 이중섭로 41,제주특별자치도 서귀포시 남원읍 남원리 128-17,33.276055,126.71283,실외,OUTDOOR,1000,UNKNOWN,화장실+쉼터+식음료시설+안내시설,"낙상(31), 교통사고(19), 기타 둔상(4)",지역주민(1): 화재/폭발(1),UNKNOWN,,,,,,,,,,,UNKNOWN,,,,,,Y,,,,,UNKNOWN
P379,보리오름,자연관광,산·오름,오름,Place,SPOT,LOCAL,등산·트레킹,"전망,등산",도로명주소 미보유,제주특별자치도 서귀포시 남원읍 신례리 산2-1,33.3641266493346,126.605070169993,실외,OUTDOOR,500,UNKNOWN,확인필요,"교통사고(36), 낙상(27), 기타 둔상(9)",,UNKNOWN,,,,,,,,,,,UNKNOWN,,,,,,Y,,,,,UNKNOWN
P380,산방굴사,문화·전시,문화유산,역사유적,Place,SPOT,LOCAL,관람,역사문화,제주특별자치도 서귀포시 안덕면 산방로 218-12,제주특별자치도 서귀포시 안덕면 사계리 3693,33.2372301251078,126.313334855618,실외,OUTDOOR,3000,200,주차장+화장실+매표소+안내시설,"낙상(49), 교통사고(31), 추락(7)",,UNKNOWN,,,,,,,,,,,UNKNOWN,,,,,,Y,,,,,UNKNOWN
P381,옹포천,자연관광,자연경관,일반자연관광,Place,SPOT,LOCAL,경관감상·산책,"자연경관,야외",도로명주소미보유,제주특별자치도 제주시 한림읍 옹포리 282,33.4063539937368,126.258069251397,실외,OUTDOOR,500,UNKNOWN,주차장+화장실+탈의실,"교통사고(13), 낙상(4), 기타 둔상(1)",,UNKNOWN,,,,,,,,,,,UNKNOWN,,,,,,Y,,,,,UNKNOWN
P382,최영장군사당,문화·전시,문화유산,역사유적,Place,SPOT,LOCAL,관람,역사문화,제주특별자치도 제주시 추자면 대서3길 10,제주특별자치도 제주시 추자면 대서리 368-1,33.964085,126.295525,실외,OUTDOOR,39,20,주차장+안내시설,"낙상(4), 익수(1), 관통상(1)",,UNKNOWN,,,,,,,,,,,UNKNOWN,,,,,,Y,,,,,UNKNOWN
P383,추사유배길-1코스 집념의길,문화·전시,문화유산,문화공간,Place,SPOT,LOCAL,관람,문화,제주특별자치도 서귀포시 대정읍 추사로 44,제주특별자치도 서귀포시 대정읍 안성리 1661-1,33.25022,126.27838,실외,OUTDOOR,2000,UNKNOWN,주차장+화장실+안내시설+쉼터,"교통사고(3), 낙상(3), 기타 둔상(2)",,UNKNOWN,,,,,,,,,,,UNKNOWN,,,,,,Y,,,,,UNKNOWN
P384,추사유배길-2코스 인연의길,문화·전시,문화유산,문화공간,Place,SPOT,LOCAL,관람,문화,제주특별자치도 제주시 한경면 낙수로 228-9,제주특별자치도 제주시 한경면 청수리 2186,33.319798,126.23731,실외,OUTDOOR,2000,UNKNOWN,주차장+화장실+안내시설+쉼터,"교통사고(7), 낙상(3), 말달구지(2)",,UNKNOWN,,,,,,,,,,,UNKNOWN,,,,,,Y,,,,,UNKNOWN
P385,추사유배길-3코스 사색의길,문화·전시,문화유산,문화공간,Place,SPOT,LOCAL,관람,문화,제주특별자치도 서귀포시 안덕면 향교로 165-17,제주특별자치도 서귀포시 안덕면 사계리 3126-1,33.239353,126.28839,실외,OUTDOOR,2500,UNKNOWN,주차장+화장실+안내시설,"낙상(49), 교통사고(31), 추락(7)",,UNKNOWN,,,,,,,,,,,UNKNOWN,,,,,,Y,,,,,UNKNOWN
P386,통일관,문화·전시,문화유산,문화공간,Place,SPOT,LOCAL,관람,문화,제주특별자치도 제주시 삼성로 46,제주특별자치도 제주시 일도이동 968-2,33.5067485,126.5307225,실내,INDOOR,189,30,주차장+화장실+안내시설,"낙상(13), 교통사고(6), 기타 둔상(2)",,UNKNOWN,,,,,,,,,,,UNKNOWN,,,,,,Y,,,,,UNKNOWN
P387,4.3해원방사탑,문화·전시,문화유산,문화공간,Place,SPOT,LOCAL,관람,문화,도로명주소미보유,제주특별자치도 제주시 용담삼동 2580-55,33.5134019534296,126.484289502317,실외,OUTDOOR,256,70,안내소+주차장+화장실+안내시설,"낙상(20), 교통사고(12), 열상(5)",,UNKNOWN,,,,,,,,,,,UNKNOWN,,,,,,Y,,,,,UNKNOWN
P388,귀덕연대,문화·전시,문화유산,역사유적,Place,SPOT,LOCAL,관람,역사문화,제주특별자치도 제주시 한림읍 귀덕14길 14-5,제주특별자치도 제주시 한림읍 귀덕리 1118,33.44282,126.29334,실외,OUTDOOR,138,15,주차장+화장실+안내시설,"낙상(18), 교통사고(16), 열상(7)",,UNKNOWN,,,,,,,,,,,UNKNOWN,,,,,,Y,,,,,UNKNOWN
P389,그리스신화박물관/트릭아이미술관,문화·전시,전시시설,미술관,Place,SPOT,GENERAL,관람,"문화,실내관람",제주특별자치도 제주시 한림읍 광산로 942,제주특별자치도 제주시 한림읍 금악리 산 30-12,33.347623,126.356881,실내,INDOOR,1000,UNKNOWN,주차장+화장실+매표소+안내시설,"낙상(170), 교통사고(167), 기타 둔상(33)",,UNKNOWN,,,,,12000,9000,09:00~18:00,연중무휴,1시간30분,,UNKNOWN,,,,,,Y,,,,상업 전시·테마시설,UNKNOWN
P390,독자봉,자연관광,산·오름,오름,Place,SPOT,LOCAL,등산·트레킹,"전망,등산",도로명주소 미보유,제주특별자치도 서귀포시 성산읍 신산리 1785,33.387711,126.854177,실외,OUTDOOR,800,UNKNOWN,안내시설+쉼터,"교통사고(13), 낙상(1), 추락(1)",,UNKNOWN,,,,,,,,,,,UNKNOWN,,,,,,Y,,,,,UNKNOWN
P391,동알오름,자연관광,산·오름,오름,Place,SPOT,LOCAL,등산·트레킹,"전망,등산",도로명주소 미보유,제주특별자치도 서귀포시 대정읍 상모리 153,33.207144,126.28888,실외,OUTDOOR,500,UNKNOWN,안내시설,"낙상(24), 교통사고(13), 기타 둔상(1)",,UNKNOWN,,,,,,,,,,,UNKNOWN,,,,,,Y,,,,,UNKNOWN
P392,물메(물미·수산봉),자연관광,산·오름,오름,Place,SPOT,LOCAL,등산·트레킹,"전망,등산",도로명주소 미보유,제주특별자치도 제주시 애월읍 수산리 산1-1,33.473759,126.384683,실외,OUTDOOR,1000,UNKNOWN,쉼터,"교통사고(5), 낙상(2), 추락(2)",불특정다수(1): 교통위험(1) / 지역주민(1): 교통위험(1),UNKNOWN,,,,,,,,,,,UNKNOWN,,,,,,Y,,,,,UNKNOWN
P393,청수성결교회,문화·전시,문화유산,문화공간,Place,SPOT,LOCAL,관람,문화,제주특별자치도 제주시 한경면 대한로 1067 청수성결교회,제주특별자치도 제주시 한경면 청수리 1535,33.3207912115994,126.248028701106,실내,INDOOR,78,UNKNOWN,주차장+화장실+안내시설,"교통사고(7), 낙상(3), 말달구지(2)",,UNKNOWN,,,,,,,,,,,UNKNOWN,,,,,,Y,,,,,UNKNOWN
P394,대정면 4.3사건 위령비,문화·전시,문화유산,역사유적,Place,SPOT,LOCAL,관람,역사문화,제주특별자치도 서귀포시 대정읍 동일하모로 158-3,제주특별자치도 서귀포시 대정읍 하모리 1224,33.225353,126.248486,실외,OUTDOOR,15,UNKNOWN,안내시설,"낙상(29), 상해(10), 교통사고(9)",,UNKNOWN,,,,,,,,,,,UNKNOWN,,,,,,Y,,,,,UNKNOWN
P395,제주국제관악제,문화·전시,축제·행사,지역행사,Event,EVENT,LOCAL,행사참여·관람,"행사,체험",도로명주소미보유,제주특별자치도 제주시 일도이동 852,33.504309,126.535386,실내,INDOOR,5000,100,주차장+화장실+매표소+안내소,UNKNOWN,,UNKNOWN,,,,,,,,,,,○,8,8,2026-08-07~2026-08-15,CONFIRMED,"제31회 여름시즌, 주제 「섬, 바람의 울림」. 제주문예회관·탑동해변공연장 등 도내 일원. 28개국 3,900여 명 참가. 제21회 국제관악·타악콩쿠르 동시 개최",Y,,,,,UNKNOWN
P396,제주국제마라톤축제,문화·전시,축제·행사,지역행사,Event,EVENT,LOCAL,행사참여·관람,"행사,체험",도로명주소미보유,제주특별자치도 제주시 구좌읍 김녕리 497-1,33.504309,126.535386,실외,OUTDOOR,5000,UNKNOWN,주차장+화장실+음수대+안내소,UNKNOWN,불특정다수(1): 혼잡위험(1),UNKNOWN,,,,,,,,,,,○,10,11,,SEASONAL_ONLY,제주국제마라톤,N,"2026년 구체 일정 미공표 — 개최 시기만 추정, 추천 제외",,,,UNKNOWN
P397,제주문예회관,문화·전시,전시시설,전시시설,Place,SPOT,GENERAL,관람,"문화,실내관람",제주특별자치도 제주시 동광로 69,제주특별자치도 제주시 일도이동 852,33.5043089,126.5353859,실내,INDOOR,722,100,주차장+화장실+안내시설,"낙상(13), 교통사고(6), 기타 둔상(2)",,UNKNOWN,,,,,,,,,,,UNKNOWN,,,,,,Y,,,,,UNKNOWN
P398,종달리해변,자연관광,해양,해변,Place,SPOT,LOCAL,산책·해변활동,"해양경관,야외",제주특별자치도 제주시 구좌읍 해맞이해안로 2281,제주특별자치도 제주시 구좌읍 종달리 484-9,33.496294,126.909862,실외,OUTDOOR,2609,45,주차장+화장실,"교통사고(29), 낙상(11), 기타 둔상(3)",미상(1): 익수위험(1),UNKNOWN,,,,,,,,,,,UNKNOWN,,,,,,Y,,,,,UNKNOWN
P399,기독교순례길 4코스(화해의길),자연관광,트레일·산책로,일반산책로,Place,SPOT,LOCAL,산책·트레킹,도보,제주특별자치도 서귀포시 대정읍 추사로36번길 11,제주특별자치도 서귀포시 대정읍 안성리 1639,33.251045,126.279675,실외,OUTDOOR,3000,66,주차장+화장실+안내시설+쉼터,"교통사고(3), 낙상(3), 기타 둔상(2)",,UNKNOWN,,,,,,,,,,,UNKNOWN,,,,,,Y,,,,,UNKNOWN
P400,김녕 청굴물,자연관광,지질·특수자원,동굴,Place,SPOT,RELATED·LOCAL,경관감상·탐방,"자연경관,야외",제주특별자치도 제주시 구좌읍 김녕로1길 75-1,제주특별자치도 제주시 구좌읍 김녕리 1296,33.557968,126.75137,실외,OUTDOOR,81,UNKNOWN,안내시설,"낙상(24), 교통사고(18), 동물/곤충(10)",,UNKNOWN,,,,,,,,,,,UNKNOWN,,,,,,Y,,,,,UNKNOWN
P401,신산공원,자연관광,숲·공원,공원,Place,SPOT,LOCAL,산책·관람,"자연경관,휴식",제주특별자치도 제주시 신산로 92-12,제주특별자치도 제주시 일도이동 830,33.507198,126.533181,실외,OUTDOOR,5000,UNKNOWN,주차장+화장실+쉼터,"낙상(13), 교통사고(6), 기타 둔상(2)",지역주민(1): 화재/폭발(1),UNKNOWN,,,,,,,,,,,UNKNOWN,,,,,,Y,,,,,UNKNOWN
P402,온평리 환해장성,자연관광,자연경관,일반자연관광,Place,SPOT,LOCAL,경관감상·산책,"자연경관,야외",제주특별자치도 제주시 조천읍 교래3길 98,제주특별자치도 서귀포시 성산읍 온평리 1191-1,33.4317951,126.6745239,실외,OUTDOOR,500,9,화장실+음수대+안내시설,"교통사고(19), 낙상(10), 기타 둔상(3)",미상(1): 시설/차량충돌(1),UNKNOWN,,,,,,,,,,,UNKNOWN,,,,,,Y,,,,,UNKNOWN
P403,한모살(표선백사장),문화·전시,문화유산,역사유적,Place,SPOT,RELATED·LOCAL,관람,역사문화,도로명주소 미보유,제주특별자치도 서귀포시 표선면 표선리 40-96,33.328748,126.836833,실외,OUTDOOR,20937,85,주차장+화장실+샤워장+안내시설,UNKNOWN,,UNKNOWN,,,,,,,,,,,UNKNOWN,,,,,,Y,,,,,UNKNOWN
P404,사라오름,자연관광,산·오름,오름,Place,SPOT,LOCAL,등산·트레킹,"전망,등산",도로명주소미보유,제주특별자치도 서귀포시 남원읍 신례리 산2-1,33.3641266493346,126.605070169993,실외,OUTDOOR,1000,151,주차장+화장실+안내소+음수대+안내시설,"교통사고(36), 낙상(27), 기타 둔상(9)",지역주민(1): 산악사고(1),UNKNOWN,,,,,,,,,,,UNKNOWN,,,,,,Y,,,,,UNKNOWN
P405,연대포구,문화·전시,문화유산,역사유적,Place,SPOT,LOCAL,관람,역사문화,제주특별자치도 제주시 연대마을길 13,제주특별자치도 제주시 외도이동 1956,33.494961,126.426732,실외,OUTDOOR,1000,86,주차장+화장실+쉼터+안내시설,"낙상(7), 교통사고(4), 추락(1)",,UNKNOWN,,,,,,,,,,,UNKNOWN,,,,,,Y,,,,,UNKNOWN
P406,이호테우말등대,자연관광,해양,해안경관,Place,SPOT,RELATED·LOCAL,경관감상·산책,"해양경관,야외",제주특별자치도 제주시 서해안로 58,제주특별자치도 제주시 이호일동 374,33.50216,126.456451,실외,OUTDOOR,3000,119,주차장+화장실+안내시설,UNKNOWN,미상(2): 교통위험(2),UNKNOWN,,,,,,,,,,,UNKNOWN,,,,,,Y,,,,,UNKNOWN
P407,입산봉(삿갓오름),자연관광,산·오름,오름,Place,SPOT,LOCAL,등산·트레킹,"전망,등산",도로명주소 미보유,제주특별자치도 제주시 구좌읍 김녕리 1033-19,33.54863,126.756676,실외,OUTDOOR,1500,UNKNOWN,주차장+안내시설+쉼터,"낙상(24), 교통사고(18), 동물/곤충(10)",,UNKNOWN,,,,,,,,,,,UNKNOWN,,,,,,Y,,,,,UNKNOWN
P408,단산과 방사탑,문화·전시,문화유산,문화공간,Place,SPOT,LOCAL,관람,문화,도로명주소미보유,제주특별자치도 서귀포시 안덕면 사계리 3123-1,33.2415185449686,126.290597385914,실외,OUTDOOR,1000,UNKNOWN,안내시설,"낙상(49), 교통사고(31), 추락(7)",,UNKNOWN,,,,,,,,,,,UNKNOWN,,,,,,Y,,,,,UNKNOWN
P409,병악현무암지대,자연관광,자연경관,일반자연관광,Place,SPOT,LOCAL,경관감상·산책,"자연경관,야외",도로명주소미보유,제주특별자치도 서귀포시 안덕면 사계리 88,33.2389197038279,126.318868238234,실외,OUTDOOR,500,100,주차장+화장실+안내시설,"낙상(49), 교통사고(31), 추락(7)",,UNKNOWN,,,,,,,,,,,UNKNOWN,,,,,,Y,,,,,UNKNOWN
P410,사계해안도로,자연관광,트레일·산책로,해안산책로,Area,AREA,LOCAL,산책·트레킹,"도보,해안경관",도로명주소 미보유,제주특별자치도 서귀포시 안덕면 사계리 2002,33.2316941,126.3065141,실외,OUTDOOR,3000,82,주차장+화장실+편의점+안내시설,"낙상(49), 교통사고(31), 추락(7)",지역주민(1): 해양위험(1),UNKNOWN,,,,,,,,,,,UNKNOWN,,,,,,Y,,,,,UNKNOWN
P411,성산.오조 지질트레일,자연관광,트레일·산책로,해안산책로,Place,SPOT,LOCAL,산책·트레킹,"도보,트레킹",제주특별자치도 서귀포시 성산읍 오조로 30 (성산읍),제주특별자치도 서귀포시 성산읍 오조리 68-1,33.456704,126.914984,실외,OUTDOOR,2000,126,화장실+편의점+안내시설+쉼터,"교통사고(248), 낙상(231), 기타 둔상(37)",,UNKNOWN,,,,,,,,,,,UNKNOWN,,,,,,Y,,,,,UNKNOWN
P412,소인국테마파크,체험·레저,테마시설,테마파크,Place,SPOT,LOCAL,체험·관람,체험,제주특별자치도 서귀포시 안덕면 중산간서로 1878,제주특별자치도 서귀포시 안덕면 서광리 725,33.290421,126.322602,실외,OUTDOOR,3000,UNKNOWN,주차장+화장실+식음료시설+수유실+안내시설,"교통사고(241), 낙상(198), 기타 둔상(45)",,UNKNOWN,,,,,9000,7000,09:00 ~ 일몰 1시간 전,연중무휴,1시간 ~ 1시간 30분,,UNKNOWN,,,,,,Y,,,,,UNKNOWN
P413,제주에너지공사 CFI미래관,문화·전시,전시시설,전시시설,Place,SPOT,GENERAL,관람,"문화,실내관람",제주특별자치도 제주시 구좌읍 해맞이해안로 712-3,제주특별자치도 제주시 구좌읍 행원리 21,33.5593171,126.8186493,실내,INDOOR,300,UNKNOWN,주차장+화장실+식음료시설+안내시설,"교통사고(207), 낙상(183), 동물/곤충(34)",,UNKNOWN,,,,,,,,,,,UNKNOWN,,,,,,Y,,,,,중복 병합: P444 신재생에너지홍보관
P414,우도(해양도립공원),자연관광,해양,해안경관,Area,AREA,CENTRAL·RELATED,경관감상·산책,"해양경관,야외",도로명주소미보유,제주특별자치도 제주시 우도면 연평리 1723-2,33.507,126.955,실외,OUTDOOR,10000,90,주차장+화장실+안내시설+쉼터,"교통사고(163), 낙상(50), 동물/곤충(12)","관광객(2): 교통위험(1), 미분류(1) / 미상(3): 교통위험(1), 미끄럼/낙상(1), 기상위험(1)",Y,우도,성산항,15.0,Y,,,,,,,UNKNOWN,,,,,,Y,,수시(성수기 30분 간격),여객선 필수 — 풍랑특보 시 결항. 방문 전 운항 확인 필요,,UNKNOWN
P415,제주올레 14-1코스,자연관광,트레일·산책로,올레길,Place,SPOT,LOCAL,산책·트레킹,"도보,장거리트레킹",도로명주소 미보유,제주특별자치도 서귀포시 안덕면 서광리 산 50-22,33.304893,126.288796,실외,OUTDOOR,1000,UNKNOWN,안내소+화장실+안내시설+쉼터,"낙상(64), 교통사고(58), 기타 둔상(20)",미상(1): 시설위험(1),UNKNOWN,,,,,,,,,,,UNKNOWN,,,,,,Y,,,,,UNKNOWN
P416,가파도 마라도 정기여객선,체험·레저,해양레저,여객선,Place,SPOT,GENERAL,이동·환승,이동수단,제주특별자치도 서귀포시 대정읍 최남단해안로 120,제주특별자치도 서귀포시 대정읍 하모리 646-20,33.210152,126.25851,실외,OUTDOOR,6000,UNKNOWN,주차장+화장실+대합실+매표소+안내시설+엘리베이터,"낙상(29), 상해(10), 교통사고(9)",지역주민(1): 해양위험(1),Y,마라도,운진항·산이수동항,30.0,Y,,,,,,,UNKNOWN,,,,,,Y,,1일 4~6회,여객선 필수 — 풍랑특보 시 결항. 방문 전 운항 확인 필요,,UNKNOWN
P417,거믄여해안경승지,자연관광,해양,해안경관,Place,SPOT,LOCAL,경관감상·산책,"해양경관,야외",도로명주소미보유,제주특별자치도 서귀포시 토평동 469,33.244383601391,126.582451150446,실외,OUTDOOR,1000,UNKNOWN,주차장+안내시설,"교통사고(34), 낙상(26), 카트(12)",,UNKNOWN,,,,,,,,,,,UNKNOWN,,,,,,Y,,,,,UNKNOWN
P418,고내리 다락쉼터,자연관광,자연경관,일반자연관광,Place,SPOT,LOCAL,경관감상·산책,"자연경관,야외",제주특별자치도 제주시 애월읍 애월해안로 284,제주특별자치도 제주시 애월읍 고내리 463,33.469447,126.340783,실외,OUTDOOR,557,20,주차장+화장실+음수대+쉼터,"교통사고(26), 낙상(24), 기타 둔상(8)",지역주민(1): 추락(1),UNKNOWN,,,,,,,,,,,UNKNOWN,,,,,,Y,,,,,UNKNOWN
P419,남원 위미2리 어촌계,자연관광,자연경관,일반자연관광,Place,SPOT,LOCAL,경관감상·산책,"자연경관,야외",제주특별자치도 서귀포시 남원읍 태위로 208,제주특별자치도 서귀포시 남원읍 위미리 1662-1,33.274857,126.669503,실외,OUTDOOR,48,UNKNOWN,안내시설,"교통사고(39), 낙상(12), 추락(6)",종사자(1): 해양생물(1),UNKNOWN,,,,,,,,,,,UNKNOWN,,,,,,Y,,,,,UNKNOWN
P420,영등할망 신화공원,문화·전시,문화유산,역사유적,Place,SPOT,LOCAL,관람,역사문화,제주특별자치도 제주시 한림읍 귀덕11길 19,제주특별자치도 제주시 한림읍 귀덕리 989-2,33.445153,126.294512,실외,OUTDOOR,500,5,주차장+화장실+쉼터+안내시설,"낙상(18), 교통사고(16), 열상(7)",,UNKNOWN,,,,,,,,,,,UNKNOWN,,,,,,Y,,,,,UNKNOWN
P421,조천비석거리,문화·전시,복합문화공간,문화거리,Area,AREA,LOCAL,산책·관람,"문화,도보",도로명주소미보유,제주특별자치도 제주시 조천읍 조천리 2681-2,33.539413,126.63747,실외,OUTDOOR,300,28,주차장+안내시설,"교통사고(12), 낙상(12), 열상(4)",,UNKNOWN,,,,,,,,,,,UNKNOWN,,,,,,Y,,,,,UNKNOWN
P422,조천중학원 조천면사무소 옛터,문화·전시,문화유산,문화공간,Place,SPOT,LOCAL,관람,문화,도로명주소미보유,제주특별자치도 제주시 조천읍 조천리 2347-1,33.5383233,126.6403317,실외,OUTDOOR,200,UNKNOWN,안내시설,UNKNOWN,,UNKNOWN,,,,,,,,,,,UNKNOWN,,,,,,Y,,,,,UNKNOWN
P423,창고천생태공원,자연관광,숲·공원,공원,Place,SPOT,LOCAL,산책·관람,"자연경관,휴식",제주특별자치도 서귀포시 안덕면 일주서로 1524,제주특별자치도 서귀포시 안덕면 감산리 359-1,33.25839,126.353052,실외,OUTDOOR,150,30,주차장+화장실+쉼터+안내시설,"교통사고(10), 낙상(4), 기타 둔상(1)",,UNKNOWN,,,,,,,,,,,UNKNOWN,,,,,,Y,,,,,UNKNOWN
P424,통오름,자연관광,산·오름,오름,Place,SPOT,LOCAL,등산·트레킹,"전망,등산",도로명주소 미보유,제주특별자치도 서귀포시 성산읍 신산리 1754-1,33.392608,126.855925,실외,OUTDOOR,300,0,안내시설,"교통사고(13), 낙상(1), 추락(1)",지역주민(1): 화재/폭발(1),UNKNOWN,,,,,,,,,,,UNKNOWN,,,,,,Y,,,,,UNKNOWN
P425,1100고지,자연관광,자연경관,일반자연관광,Place,SPOT,LOCAL,경관감상·산책,"자연경관,야외",제주특별자치도 서귀포시 1100로 1555,제주특별자치도 서귀포시 색달동 산 1-3,33.357773,126.46252,실외,OUTDOOR,115,16,주차장+화장실+쉼터+편의점+안내시설,"낙상(104), 교통사고(45), 기타 둔상(38)",,UNKNOWN,,,,,,,,,,,UNKNOWN,,,,,,Y,,,,,중복 병합: P459 1100고지습지
P426,수목원테마파크(야시장&LED공원),상업·쇼핑,시장,전통시장,Place,SPOT,CENTRAL,쇼핑·식음료,"식음료,쇼핑",제주특별자치도 제주시 은수길 69,제주특별자치도 제주시 연동 1320,33.472158,126.488026,실외,OUTDOOR,1500,130,주차장+화장실+안내시설,"낙상(141), 교통사고(71), 상해(32)",,UNKNOWN,,,,,12000,9000,8:30~21:00,연중무휴,1시간~1시간30분,,UNKNOWN,,,,,,Y,,,,,UNKNOWN
P427,수산저수지,자연관광,자연경관,일반자연관광,Place,SPOT,LOCAL,경관감상·산책,"자연경관,야외",도로명주소미보유,제주특별자치도 제주시 애월읍 수산리 738,33.4707967513416,126.386694779794,실외,OUTDOOR,1000,UNKNOWN,주차장+쉼터,"교통사고(5), 낙상(2), 추락(2)",불특정다수(1): 교통위험(1),UNKNOWN,,,,,,,,,,,UNKNOWN,,,,,,Y,,,,,UNKNOWN
P428,아이스뮤지엄,문화·전시,전시시설,박물관,Place,SPOT,GENERAL,관람,체험·실내관람,제주특별자치도 제주시 은수길 69,제주특별자치도 제주시 연동 1320,33.47011,126.487595,실내,INDOOR,1000,130,주차장+화장실+안내시설,"낙상(141), 교통사고(71), 상해(32)",,UNKNOWN,,,,,,,,,,,UNKNOWN,,,,,,Y,,,,,UNKNOWN
P429,조함해안로,자연관광,트레일·산책로,해안산책로,Area,AREA,CENTRAL·RELATED,산책·드라이브,"도보,해안경관",제주특별자치도 제주시 조천읍 조천8길 14-1,제주특별자치도 제주시 조천읍 조천리 3462,33.5338346,126.6369788,실외,OUTDOOR,913,26,주차장+안내시설,"낙상(207), 교통사고(145), 기타 둔상(34)",,UNKNOWN,,,,,,,,,,,UNKNOWN,,,,,,Y,,,,,노란행 검증레포트 기준 P532 조함해안도로와 병합; 지번주소 직접 근거 확인 필요
P430,진아영 할머니 집터,문화·전시,문화유산,역사유적,Place,SPOT,LOCAL,관람,역사문화,제주특별자치도 제주시 한림읍 월령1길 22,제주특별자치도 제주시 한림읍 월령리 381,33.376026,126.21468,실외,OUTDOOR,20,0,안내시설,"낙상(10), 교통사고(3), 동물/곤충(3)",,UNKNOWN,,,,,,,,,,,UNKNOWN,,,,,,Y,,,,,UNKNOWN
P431,김녕 지질트레일 A코스,자연관광,트레일·산책로,해안산책로,Place,SPOT,RELATED·LOCAL,산책·트레킹,"도보,트레킹",제주특별자치도 제주시 구좌읍 김녕로 209,제주특별자치도 제주시 구좌읍 김녕리 4971,33.556199,126.761651,실외,OUTDOOR,1500,160,주차장+안내시설+쉼터,"낙상(24), 교통사고(18), 동물/곤충(10)",,UNKNOWN,,,,,,,,,,,UNKNOWN,,,,,,Y,,,,,UNKNOWN
P432,김녕 지질트레일 B코스,자연관광,트레일·산책로,해안산책로,Place,SPOT,RELATED·LOCAL,산책·트레킹,"도보,트레킹",제주특별자치도 제주시 구좌읍 김녕로 209,제주특별자치도 제주시 구좌읍 김녕리 4971,33.556199,126.761651,실외,OUTDOOR,2000,160,주차장+안내시설+쉼터,"낙상(24), 교통사고(18), 동물/곤충(10)",,UNKNOWN,,,,,,,,,,,UNKNOWN,,,,,,Y,,,,,UNKNOWN
P433,김녕요트투어,체험·레저,액티비티,해양레저,Activity,VENUE,RELATED,체험,체험,제주특별자치도 제주시 구좌읍 구좌해안로 229-16,제주특별자치도 제주시 구좌읍 김녕리 4212-1,33.558247,126.737295,실외,OUTDOOR,420,UNKNOWN,주차장+화장실+매표소+식음료시설+안내시설,"낙상(24), 교통사고(18), 동물/곤충(10)",미상(1): 해양사고(1),UNKNOWN,,,,,,,,,,,UNKNOWN,,,,,,Y,,,,,UNKNOWN
P434,돔베낭골,자연관광,자연경관,일반자연관광,Place,SPOT,LOCAL,경관감상·산책,"자연경관,야외",도로명주소미보유,제주특별자치도 서귀포시 호근동 1619,33.239919,126.531883,실외,OUTDOOR,1000,57,주차장+화장실+안내시설,"낙상(18), 추락(4), 기타 둔상(2)",,UNKNOWN,,,,,,,,,,,UNKNOWN,,,,,,Y,,,,,중복 병합: P471 돔베낭길
P435,막숙,자연관광,자연경관,일반자연관광,Place,SPOT,LOCAL,경관감상·산책,"자연경관,야외",제주특별자치도 서귀포시 막숙포로37번길 2,제주특별자치도 서귀포시 법환동 287-3,33.237775,126.5157941,실외,OUTDOOR,800,50,주차장+안내시설,"낙상(29), 교통사고(24), 기타 둔상(8)",,UNKNOWN,,,,,,,,,,,UNKNOWN,,,,,,Y,,,,,UNKNOWN
P436,민악,자연관광,산·오름,오름,Place,SPOT,LOCAL,등산·트레킹,"전망,등산",도로명주소 미보유,제주특별자치도 제주시 구좌읍 송당리 산155,33.4445,126.7618,실외,OUTDOOR,300,UNKNOWN,확인필요,"교통사고(67), 낙상(31), 기타 둔상(4)",,UNKNOWN,,,,,,,,,,,UNKNOWN,,,,,,Y,,,,,UNKNOWN
P437,민오름(오라동),자연관광,산·오름,오름,Place,SPOT,LOCAL,등산·트레킹,"전망,등산",도로명주소미보유,제주특별자치도 제주시 오라이동 산12,33.4765241,126.506443,실외,OUTDOOR,700,UNKNOWN,주차장+안내시설,"교통사고(16), 낙상(5), 기타 둔상(4)",,UNKNOWN,,,,,,,,,,,UNKNOWN,,,,,,Y,,,,,UNKNOWN
P438,법환포구,자연관광,해양,포구,Place,SPOT,LOCAL,경관감상·산책,"해양경관,야외",제주특별자치도 서귀포시 막숙포로37번길 2,제주특별자치도 서귀포시 법환동 286-3,33.2373154557281,126.515607892838,실외,OUTDOOR,1000,47,주차장+화장실+안내시설,"낙상(29), 교통사고(24), 기타 둔상(8)","피해없음(3): 해양위험(1), 기상위험(1), 해양생물(1)",UNKNOWN,,,,,,,,,,,UNKNOWN,,,,,,Y,,,,,UNKNOWN
P439,삼사석,문화·전시,문화유산,역사유적,Place,SPOT,LOCAL,관람,역사문화,도로명주소미보유,제주특별자치도 제주시 화북일동 1380-1,33.5209736780911,126.573782866815,실외,OUTDOOR,1000,20,주차장+화장실+안내시설+음수대,"낙상(12), 교통사고(3), 상해(3)",,UNKNOWN,,,,,,,,,,,UNKNOWN,,,,,,Y,,,,,UNKNOWN
P440,쇠소깍해변,자연관광,해양,해변,Place,SPOT,RELATED·LOCAL,산책·해변활동,"해양경관,야외",제주특별자치도 서귀포시 쇠소깍로 104,제주특별자치도 서귀포시 하효동 997-3,33.2575864,126.6188654,실외,OUTDOOR,3000,180,주차장+화장실+샤워장+탈의실+식음료시설+안내시설,"교통사고(7), 낙상(7), 기타 둔상(3)",관광객(1): 익수위험(1) / 지역주민(1): 익수위험(1),UNKNOWN,,,,,,,,,,,UNKNOWN,,,,,,Y,,,,,UNKNOWN
P441,안덕계곡,자연관광,지질·특수자원,계곡,Place,SPOT,LOCAL,경관감상·탐방,"자연경관,야외",제주특별자치도 서귀포시 안덕면 일주서로 1524,제주특별자치도 서귀포시 안덕면 감산리 359-1,33.256365,126.351837,실외,OUTDOOR,3890,80,주차장+화장실+안내시설+쉼터,"교통사고(10), 낙상(4), 기타 둔상(1)",,UNKNOWN,,,,,,,,,,,UNKNOWN,,,,,,Y,,,,,UNKNOWN
P442,알작지해변,자연관광,해양,해변,Area,AREA,LOCAL,산책·해변활동,"해양경관,야외",제주특별자치도 제주시 테우해안로 60,제주특별자치도 제주시 내도동 465-2,33.496153,126.440321,실외,OUTDOOR,742,50,주차장+화장실+쉼터+안내시설,"교통사고(3), 낙상(3), 열상(2)",,UNKNOWN,,,,,,,,,,,UNKNOWN,,,,,,Y,,,,,UNKNOWN
P443,우도등대,자연관광,해양,해안경관,Place,SPOT,RELATED·LOCAL,경관감상·산책,"해양경관,야외",제주특별자치도 제주시 우도면 우도봉길 105,제주특별자치도 제주시 우도면 연평리 337,33.493006,126.96496,실외,OUTDOOR,1000,55,주차장+화장실,"교통사고(163), 낙상(50), 동물/곤충(12)",관광객(1): 교통위험(1) / 미상(1): 화재/폭발(1),Y,우도,성산항,15.0,Y,,,,,,,UNKNOWN,,,,,,Y,,수시(성수기 30분 간격),여객선 필수 — 풍랑특보 시 결항. 방문 전 운항 확인 필요,,UNKNOWN
P444,제주추사관,문화·전시,문화유산,문화공간,Place,SPOT,LOCAL,관람,문화,제주특별자치도 서귀포시 대정읍 추사로 44,제주특별자치도 서귀포시 대정읍 안성리 1661-1,33.25022,126.27838,실내,INDOOR,700,70,주차장+화장실+엘리베이터+안내시설,"교통사고(3), 낙상(3), 기타 둔상(2)",,UNKNOWN,,,,,무료,무료,09:00~18:00,"월요일, 신정, 설연휴, 추석연휴",1시간,,UNKNOWN,,,,,,Y,,,,,UNKNOWN
P445,추사적거지,문화·전시,문화유산,문화공간,Place,SPOT,LOCAL,관람,문화,제주특별자치도 서귀포시 대정읍 추사로 44,제주특별자치도 서귀포시 대정읍 안성리 1661-1,33.25022,126.27838,실외,OUTDOOR,543,70,주차장+화장실+안내시설,"교통사고(3), 낙상(3), 기타 둔상(2)",,UNKNOWN,,,,,,,,,,,UNKNOWN,,,,,,Y,,,,,UNKNOWN
P446,김녕항,교통시설,항만,항만,Place,SPOT,CENTRAL·RELATED,이동·환승,교통거점,제주특별자치도 제주시 구좌읍 김녕항1길 50-13,제주특별자치도 제주시 구좌읍 김녕리 4074-2,33.558016,126.740119,실외,OUTDOOR,1942,10,주차장+화장실+항만+안내시설,"낙상(24), 교통사고(18), 동물/곤충(10)",불특정다수(1): 기상위험(1),UNKNOWN,,,,,,,,,,,UNKNOWN,,,,,,Y,,,,,UNKNOWN
P447,신비의도로,자연관광,지질·특수자원,일반자연관광,Area,AREA,LOCAL,착시체험,"체험형,특이자연현상",도로명주소 미보유,제주특별자치도 제주시 노형동 291-17,33.450004,126.487959,실외,OUTDOOR,1000,60,주차장+안내시설,"낙상(79), 교통사고(63), 열상(14)",미상(1): 교통위험(1),UNKNOWN,,,,,,,,,,,UNKNOWN,,,,,,Y,,,,,UNKNOWN
P448,임문숙 가족 헛묘,문화·전시,문화유산,역사유적,Place,SPOT,LOCAL,관람,역사문화,도로명주소 미보유,제주특별자치도 서귀포시 안덕면 동광리 807-4,33.309075,126.341194,실외,OUTDOOR,50,UNKNOWN,안내시설,"교통사고(26), 낙상(13), 상해(2)",,UNKNOWN,,,,,,,,,,,UNKNOWN,,,,,,Y,,,,,UNKNOWN
P449,제주올레 20코스,자연관광,트레일·산책로,올레길,Place,SPOT,LOCAL,산책·트레킹,"도보,장거리트레킹",제주특별자치도 제주시 구좌읍 행원동길 22,제주특별자치도 제주시 구좌읍 행원리 768,33.554093,126.811546,실외,OUTDOOR,3000,UNKNOWN,화장실+안전시설+안내소+안내시설+쉼터,"교통사고(207), 낙상(183), 동물/곤충(34)",,UNKNOWN,,,,,,,,,,,UNKNOWN,,,,,,Y,,,,,UNKNOWN
P450,한남의 숙터,문화·전시,문화유산,역사유적,Place,SPOT,LOCAL,관람,역사문화,제주특별자치도 서귀포시 대정읍 추사로,제주특별자치도 서귀포시 대정읍 보성리 1525-3,33.251087,126.27711,실외,OUTDOOR,200,UNKNOWN,안내시설,"낙상(17), 교통사고(4), 열상(2)",,UNKNOWN,,,,,,,,,,,UNKNOWN,,,,,,Y,,,,,UNKNOWN
P451,노형슈퍼마켙,체험·레저,테마시설,테마파크,Place,SPOT,GENERAL,미디어아트,실내,제주특별자치도 제주시 노형로 89,제주특별자치도 제주시 해안동 2137-1,33.464931,126.455314,실내,INDOOR,1500,UNKNOWN,주차장+화장실+식음료시설+기념품점+안내시설,UNKNOWN,,UNKNOWN,,,,,,,,,,,UNKNOWN,,,,,,Y,,,,,UNKNOWN
P452,도너리오름,자연관광,산·오름,오름,Place,SPOT,LOCAL,등산·트레킹,"전망,등산",도로명주소미보유,제주특별자치도 서귀포시 안덕면 동광리 산90,33.3222296,126.3275578,실외,OUTDOOR,0,UNKNOWN,안내시설,"교통사고(26), 낙상(13), 상해(2)",,UNKNOWN,,,,,,,,,,,UNKNOWN,,,,,,Y,,,,,UNKNOWN
P453,설쿰바당,자연관광,자연경관,일반자연관광,Place,SPOT,LOCAL,경관감상·산책,"자연경관,야외",제주특별자치도 서귀포시 안덕면 사계남로216번길,제주특별자치도 서귀포시 안덕면 사계리 112-3,33.2334821266939,126.314630553022,실외,OUTDOOR,1000,70,안내시설,"낙상(49), 교통사고(31), 추락(7)",,UNKNOWN,,,,,,,,,,,UNKNOWN,,,,,,Y,,,,,UNKNOWN
P454,오백나한,자연관광,자연경관,일반자연관광,Place,SPOT,LOCAL,경관감상·등산,"자연경관,야외",제주특별자치도 서귀포시 영실로 245(하원동),제주특별자치도 서귀포시 하원동 산 1-1,33.340157,126.479362,실외,OUTDOOR,2000,251,주차장+화장실+안내시설,UNKNOWN,,UNKNOWN,,,,,,,,,,,UNKNOWN,,,,,,Y,,,,,UNKNOWN
P455,월라사,문화·전시,문화유산,역사유적,Place,SPOT,LOCAL,관람,역사문화,제주특별자치도 서귀포시 효돈순환로 415,제주특별자치도 서귀포시 신효동 579-2,33.268896,126.610159,실내+실외,MIXED,300,UNKNOWN,안내시설,"낙상(5), 교통사고(3), 기타 둔상(1)",,UNKNOWN,,,,,,,,,,,UNKNOWN,,,,,,Y,,,,,UNKNOWN
P456,제주불교성지 순례길 절로 가는길 - 정진의 길,자연관광,트레일·산책로,일반산책로,Area,AREA,LOCAL,산책·트레킹,도보,제주특별자치도 서귀포시 영실로 246 (하원동),제주특별자치도 서귀포시 하원동 산 1-1,33.3402,126.47921,실외,OUTDOOR,1500,UNKNOWN,안내시설+쉼터,"낙상(21), 교통사고(19), 추락(3)",,UNKNOWN,,,,,,,,,,,UNKNOWN,,,,,,Y,,,,,UNKNOWN
P457,존자암지,문화·전시,문화유산,문화공간,Place,SPOT,LOCAL,관람,문화,도로명주소미보유,제주특별자치도 서귀포시 하원동 산1-1,33.3402,126.47921,실외,OUTDOOR,400,200,주차장+화장실+안내시설,"낙상(21), 교통사고(19), 추락(3)",,UNKNOWN,,,,,,,,,,,UNKNOWN,,,,,,Y,,,,,UNKNOWN
P458,종달리해안도로,자연관광,트레일·산책로,해안산책로,Area,AREA,LOCAL,산책·트레킹,"도보,해안경관",제주특별자치도 제주시 구좌읍 해맞이해안로,제주특별자치도 제주시 구좌읍 종달리 630-1,33.5323494,126.8476565,실외,OUTDOOR,3000,UNKNOWN,안내시설,"교통사고(29), 낙상(11), 기타 둔상(3)",,UNKNOWN,,,,,,,,,,,UNKNOWN,,,,,,Y,,,,,UNKNOWN
P459,중문미로파크,체험·레저,테마시설,테마파크,Place,SPOT,RELATED,체험·관람,체험,도로명주소 미보유,제주특별자치도 서귀포시 상예동 3592-5,33.263465,126.382442,실외,OUTDOOR,800,UNKNOWN,주차장+화장실+식음료시설+안내시설,"교통사고(18), 낙상(10), 기타 둔상(2)",불특정다수(1): 교통위험(1),UNKNOWN,,,,,,,,,,,UNKNOWN,,,,,,Y,,,,,UNKNOWN
P460,추자등대,자연관광,해양,해안경관,Place,SPOT,LOCAL,경관감상·산책,"해양경관,야외",도로명주소 미보유,제주특별자치도 제주시 추자면 영흥리 77-3,33.956789,126.297811,실외,OUTDOOR,300,UNKNOWN,안내시설,"낙상(6), 물(2), 기타 둔상(1)","관광객(2): 길잃음(1), 얕은 물(1) / 미상(1): 기상위험(1) / 지역주민(2): 추락(1), 복어(1)",UNKNOWN,,,,,,,,,,,UNKNOWN,,,,,,Y,,,,,UNKNOWN
P461,북인토이뮤지엄,체험·레저,테마시설,테마파크,Place,SPOT,GENERAL,체험·관람,체험,제주특별자치도 서귀포시 안덕면 동광로 267-7,제주특별자치도 서귀포시 안덕면 동광리 383,33.3189595,126.3453629,실내,INDOOR,800,UNKNOWN,주차장+화장실+식음료시설+안내시설,"교통사고(26), 낙상(13), 상해(2)",,UNKNOWN,,,,,,,,,,,UNKNOWN,,,,,,Y,,,,,UNKNOWN
P462,갑자기 히어로즈 벽화길,문화·전시,복합문화공간,문화거리,Area,AREA,LOCAL,산책·관람,벽화·도보,제주특별자치도 제주시 애월읍 금성1길 29-3,제주특별자치도 제주시 애월읍 금성리 569,33.446774,126.299558,실외,OUTDOOR,1000,UNKNOWN,쉼터+안내시설,"교통사고(4), 동물/곤충(2), 낙상(1)",,UNKNOWN,,,,,,,,,,,UNKNOWN,,,,,,Y,,,,,UNKNOWN
P463,남문지못,문화·전시,문화유산,문화공간,Place,SPOT,LOCAL,관람,문화,도로명주소 미보유,제주특별자치도 서귀포시 대정읍 인성리 392,33.246562,126.276421,실외,OUTDOOR,200,UNKNOWN,쉼터+안내시설,"교통사고(2), 동물/곤충(1)",,UNKNOWN,,,,,,,,,,,UNKNOWN,,,,,,Y,,,,,UNKNOWN
P464,넥슨컴퓨터박물관,문화·전시,전시시설,박물관,Place,SPOT,GENERAL,관람,"문화,실내관람",제주특별자치도 제주시 1100로 3198-8,제주특별자치도 제주시 노형동 86,33.472387,126.485337,실내,INDOOR,800,65,주차장+화장실+식음료시설+기념품점+엘리베이터,UNKNOWN,,UNKNOWN,,,,,,,,,,,UNKNOWN,,,,,,Y,,,,브랜드 홍보·체험관,UNKNOWN
P465,동귀방파제,자연관광,자연경관,일반자연관광,Place,SPOT,LOCAL,경관감상·산책,"자연경관,야외",제주특별자치도 제주시 애월읍 하귀12길 21-6,제주특별자치도 제주시 애월읍 하귀1리 1624-1,33.486368,126.408292,실외,OUTDOOR,300,UNKNOWN,안내시설,"교통사고(11), 낙상(4), 상해(3)",,UNKNOWN,,,,,,,,,,,UNKNOWN,,,,,,Y,,,,,UNKNOWN
P466,병악,자연관광,산·오름,오름,Place,SPOT,LOCAL,등산·트레킹,"전망,등산",도로명주소미보유,제주특별자치도 서귀포시 안덕면 상창리 산2-1,33.3066169419061,126.367847236421,실외,OUTDOOR,500,10,주차장+안내시설,"교통사고(40), 낙상(23), 동물/곤충(5)",,UNKNOWN,,,,,,,,,,,UNKNOWN,,,,,,Y,,,,,UNKNOWN
P467,삼다수숲길 지질트레일 3코스,자연관광,트레일·산책로,숲길트레일,Area,AREA,LOCAL,산책·트레킹,"도보,트레킹",제주특별자치도 서귀포시 보목포로 46,제주특별자치도 제주시 조천읍 교래리 산 70-1,33.239251,126.606828,실외,OUTDOOR,500,50,주차장+화장실+안내시설+쉼터,"낙상(11), 교통사고(8), 기타 둔상(1)",지역주민(1): 기상위험(1),UNKNOWN,,,,,,,,,,,UNKNOWN,,,,,,Y,,,,,UNKNOWN
P468,서귀포천문과학문화관,문화·전시,전시시설,"과학관,천문대",Place,SPOT,GENERAL,관람,실내,제주특별자치도 서귀포시 1100로 506-1 천문과학문화관,제주특별자치도 서귀포시 하원동 산70,33.287691,126.461989,실내,INDOOR,300,UNKNOWN,주차장+화장실+안내시설,"낙상(21), 교통사고(19), 추락(3)",,UNKNOWN,,,,,,,,,,,UNKNOWN,,,,,,Y,,,,,UNKNOWN
P469,송계순집터,문화·전시,문화유산,역사유적,Place,SPOT,LOCAL,관람,역사문화,도로명주소 미보유,제주특별자치도 서귀포시 대정읍 안성리 1681-1,33.251029,126.277468,실외,OUTDOOR,100,UNKNOWN,안내시설,"교통사고(3), 낙상(3), 기타 둔상(2)",,UNKNOWN,,,,,,,,,,,UNKNOWN,,,,,,Y,,,,,UNKNOWN
P470,송죽사터,문화·전시,문화유산,역사유적,Place,SPOT,LOCAL,관람,역사문화,도로명주소 미보유,제주특별자치도 서귀포시 대정읍 안성리 1163,33.2605831,126.2857107,실외,OUTDOOR,100,UNKNOWN,안내시설,"교통사고(3), 낙상(3), 기타 둔상(2)",,UNKNOWN,,,,,,,,,,,UNKNOWN,,,,,,Y,,,,,UNKNOWN
P471,아프리카박물관,문화·전시,전시시설,박물관,Place,SPOT,GENERAL,관람,"문화,실내관람",제주특별자치도 서귀포시 이어도로 49,제주특별자치도 서귀포시 대포동 1833,33.23984,126.429144,실내,INDOOR,800,100,주차장+화장실+안내시설,"교통사고(26), 낙상(24), 기타 둔상(6)",,UNKNOWN,,,,,10000,9000,09:00 ~ 19:00,연중무휴,1시간30분,,UNKNOWN,,,,,,Y,,,,,UNKNOWN
P472,연북정,문화·전시,문화유산,역사유적,Place,SPOT,LOCAL,관람,역사문화,도로명주소 미보유,제주특별자치도 제주시 조천읍 조천리 2690,33.540164,126.636029,실외,OUTDOOR,300,12,쉼터+안내시설,"교통사고(12), 낙상(12), 열상(4)",,UNKNOWN,,,,,,,,,,,UNKNOWN,,,,,,Y,,,,,UNKNOWN
P473,제주요도자기문화박물관,문화·전시,전시시설,박물관,Place,SPOT,GENERAL,관람,"문화,실내관람",제주특별자치도 제주시 애월읍 평화로 2847,제주특별자치도 제주시 애월읍 광령리 97,33.457221,126.442312,실내,INDOOR,1000,UNKNOWN,화장실+안내시설,"교통사고(39), 낙상(5), 기타 둔상(3)",,UNKNOWN,,,,,,,,,,,UNKNOWN,,,,,,Y,,,,,UNKNOWN
P474,피규어뮤지엄제주,문화·전시,전시시설,박물관,Place,SPOT,LOCAL,관람,"문화,실내관람",제주특별자치도 서귀포시 안덕면 한창로 243,제주특별자치도 서귀포시 안덕면 상창리 1875-8,33.290378,126.353859,실내,INDOOR,1000,70,주차장+화장실+기념품점+안내시설,"교통사고(40), 낙상(23), 동물/곤충(5)",불특정다수(1): 교통위험(1),UNKNOWN,,,,,,,,,,,UNKNOWN,,,,,,Y,,,,상업 전시·테마시설,UNKNOWN
P475,한국야구명예전당(야구박물관),문화·전시,전시시설,박물관,Place,SPOT,GENERAL,관람,"문화,실내관람",제주특별자치도 서귀포시 중산간서로 97-1,제주특별자치도 서귀포시 강정동 1481-3,33.26081,126.49815,실내,INDOOR,696,UNKNOWN,주차장+화장실+안내시설,"낙상(47), 교통사고(27), 기타 둔상(11)",,UNKNOWN,,,,,1000,무료,09:00~18:00,월요일 휴무,30분,,UNKNOWN,,,,,,Y,,,,,UNKNOWN
P476,후포해변,자연관광,해양,해변,Place,SPOT,LOCAL,산책·해변활동,"해양경관,야외",제주특별자치도 제주시 추자면 대서5길 87,제주특별자치도 제주시 추자면 대서리 267,33.96236824,126.2894028,실외,OUTDOOR,1000,UNKNOWN,탈의실+안내시설,"낙상(4), 익수(1), 관통상(1)",불특정다수(1): 해양위험(1),UNKNOWN,,,,,,,,,,,UNKNOWN,,,,,,Y,,,,,UNKNOWN
P477,광령귤나무,자연관광,자연경관,일반자연관광,Place,SPOT,LOCAL,경관감상·산책,"자연경관,야외",제주특별자치도 제주시 애월읍 광령8길 242,제주특별자치도 제주시 광령리 11651,33.458998,126.43912,실외,OUTDOOR,50,UNKNOWN,안내시설,"교통사고(349), 낙상(204), 기타 둔상(48)",,UNKNOWN,,,,,,,,,,,UNKNOWN,,,,,,Y,,,,,UNKNOWN
P478,금성비단교산책길,자연관광,트레일·산책로,일반산책로,Place,SPOT,LOCAL,산책·트레킹,도보,도로명주소미보유,제주특별자치도 제주시 애월읍 금성리 569-5,33.446885,126.299197,실외,OUTDOOR,1000,31,화장실+식음료시설,"교통사고(4), 동물/곤충(2), 낙상(1)",,UNKNOWN,,,,,,,,,,,UNKNOWN,,,,,,Y,,,,,UNKNOWN
P479,대평포구,자연관광,해양,포구,Place,SPOT,LOCAL,경관감상·산책,"해양경관,야외",도로명주소 미보유,제주특별자치도 서귀포시 안덕면 감산리 982-2,33.236478,126.362086,실외,OUTDOOR,1000,50,주차장+화장실+안내시설,"교통사고(10), 낙상(4), 기타 둔상(1)",관광객(1): 해양위험(1) / 지역주민(1): 익수위험(1),UNKNOWN,,,,,,,,,,,UNKNOWN,,,,,,Y,,,,,UNKNOWN
P480,서귀포항,교통시설,항만,항만,Place,SPOT,CENTRAL,이동·환승,교통거점,제주특별자치도 서귀포시 칠십리로72번길 14,제주특별자치도 서귀포시 서귀동 758-4,33.2382954925305,126.566863082962,실외,OUTDOOR,5000,UNKNOWN,주차장+화장실+항만+안내시설,"낙상(91), 교통사고(37), 상해(25)",관광객(1): 추락(1) / 지역주민(1): 익수위험(1) / 종사자(선원)(1): 해양사고(1),UNKNOWN,,,,,,,,,,,UNKNOWN,,,,,,Y,,,,,UNKNOWN
P481,세계조가비박물관,문화·전시,전시시설,박물관,Place,SPOT,GENERAL,관람,"문화,실내관람",제주특별자치도 서귀포시 태평로 284,제주특별자치도 서귀포시 서홍동 557-1,33.2474572,126.551644,실내,INDOOR,500,24,주차장+화장실+안내시설,"낙상(24), 교통사고(22), 기타 둔상(4)",,UNKNOWN,,,,,,,,,,,UNKNOWN,,,,,,Y,,,,,UNKNOWN
P482,소라의성 시민 북카페,상업·쇼핑,식음료,북카페,Place,SPOT,GENERAL,휴식·식음료,북카페,제주특별자치도 서귀포시 칠십리로214번길 17-17,제주특별자치도 서귀포시 동홍동 234-8,33.2451297191,126.576827341,실외,OUTDOOR,150,62,주차장+화장실+식음료시설+안내소,"교통사고(25), 낙상(22), 기타 둔상(5)",,UNKNOWN,,,,,,,,,,,UNKNOWN,,,,,,Y,,,,,UNKNOWN
P483,소머리오름,자연관광,산·오름,오름,Place,SPOT,LOCAL,등산·트레킹,"전망,등산",도로명주소미보유,제주특별자치도 제주시 우도면 연평리 산18-2,33.492644,126.964298,실외,OUTDOOR,3000,50,주차장+화장실+안내시설,"교통사고(163), 낙상(50), 동물/곤충(12)",,Y,우도,성산항,15.0,Y,,,,,,,UNKNOWN,,,,,,Y,,수시(성수기 30분 간격),여객선 필수 — 풍랑특보 시 결항. 방문 전 운항 확인 필요,,UNKNOWN
P484,소천지,자연관광,자연경관,일반자연관광,Place,SPOT,LOCAL,경관감상·산책,"자연경관,야외",도로명주소미보유,제주특별자치도 서귀포시 보목동 1400,33.239579,126.592174,실외,OUTDOOR,500,UNKNOWN,안내시설,"낙상(11), 교통사고(8), 기타 둔상(1)",,UNKNOWN,,,,,,,,,,,UNKNOWN,,,,,,Y,,,,,UNKNOWN
P485,엉알해안산책로,자연관광,트레일·산책로,일반산책로,Area,AREA,LOCAL,산책·트레킹,도보,제주특별자치도 제주시 한경면 노을해안로 1143,제주특별자치도 제주시 한경면 고산리 3616-10,33.306671,126.163997,실외,OUTDOOR,500,UNKNOWN,안내시설,"교통사고(11), 낙상(5), 동물/곤충(2)",지역주민(1): 교통위험(1),UNKNOWN,,,,,,,,,,,UNKNOWN,,,,,,Y,,,,,UNKNOWN
P486,우도봉,자연관광,산·오름,오름,Place,SPOT,RELATED·LOCAL,등산·트레킹,"전망,등산",도로명주소 미보유,제주특별자치도 제주시 우도면 연평리 산17,33.492855,126.963337,실외,OUTDOOR,2900,50,주차장+화장실+쉼터+안내시설,"교통사고(163), 낙상(50), 동물/곤충(12)",관광객(외국인)(1): 지형/노면(1) / 불특정다수(1): 교통위험(1) / 종사자(1): 해양사고(1),Y,우도,성산항,15.0,Y,,,,,,,UNKNOWN,,,,,,Y,,수시(성수기 30분 간격),여객선 필수 — 풍랑특보 시 결항. 방문 전 운항 확인 필요,,UNKNOWN
P487,이호-내도 해안도로,자연관광,트레일·산책로,해안산책로,Area,AREA,LOCAL,산책·트레킹,"도보,해안경관",제주특별자치도 제주시 테우해안로 60,제주특별자치도 제주시 내도동 475,33.497126,126.442638,실외,OUTDOOR,2000,20,주차장+화장실,"교통사고(3), 낙상(3), 열상(2)",불특정다수(1): 교통위험(1),UNKNOWN,,,,,,,,,,,UNKNOWN,,,,,,Y,,,,,UNKNOWN
P488,제주올레 6코스,자연관광,트레일·산책로,올레길,Place,SPOT,LOCAL,산책·트레킹,"도보,장거리트레킹",도로명주소 미보유,제주특별자치도 서귀포시 보목동 1377-4,33.23712,126.596068,실외,OUTDOOR,3000,UNKNOWN,화장실+안전시설+안내소+쉼터,"낙상(11), 교통사고(8), 기타 둔상(1)",,UNKNOWN,,,,,,,,,,,UNKNOWN,,,,,,Y,,,,,UNKNOWN
P489,금성포구,자연관광,해양,포구,Place,SPOT,LOCAL,경관감상·산책,"해양경관,야외",도로명주소미보유,제주특별자치도 제주시 애월읍 금성리 573-1,33.44681,126.29828,실외,OUTDOOR,1087,13,주차장+화장실+안내시설,"교통사고(4), 동물/곤충(2), 낙상(1)",지역주민(1): 해양위험(1),UNKNOWN,,,,,,,,,,,UNKNOWN,,,,,,Y,,,,,UNKNOWN
P490,동일리포구,자연관광,해양,포구,Place,SPOT,LOCAL,경관감상·산책,"해양경관,야외",도로명주소미보유,제주특별자치도 서귀포시 대정읍 동일리 3100-3,33.227955,126.241,실외,OUTDOOR,300,8,안내시설,"교통사고(5), 낙상(1), 열상(1)",,UNKNOWN,,,,,,,,,,,UNKNOWN,,,,,,Y,,,,,UNKNOWN
P491,베릿네오름,자연관광,산·오름,오름,Place,SPOT,LOCAL,등산·트레킹,"전망,등산",도로명주소미보유,제주특별자치도 서귀포시 중문동 2314-2,33.247412,126.422108,실외,OUTDOOR,500,4,주차장+화장실+안내시설,"낙상(52), 교통사고(27), 기타 둔상(9)",,UNKNOWN,,,,,,,,,,,UNKNOWN,,,,,,Y,,,,,UNKNOWN
P492,선흘1리,자연관광,자연경관,일반자연관광,Area,AREA,LOCAL,경관감상·산책,"자연경관,야외",제주특별자치도 제주시 조천읍 중산간동로 1280,제주특별자치도 제주시 조천읍 선흘리 1207-2,33.51144,126.70519,실외,OUTDOOR,2000,101,주차장+안내소+화장실+안내시설,"낙상(17), 교통사고(7), 추락(6)","지역주민(2): 산악사고(1), 농기계 사고(1)",UNKNOWN,,,,,,,,,,,UNKNOWN,,,,,,Y,,,,,UNKNOWN
P493,신창~차귀해안도로,자연관광,트레일·산책로,해안산책로,Area,AREA,LOCAL,산책·트레킹,"도보,해안경관",제주특별자치도 제주시 한경면 한경해안로 470,제주특별자치도 제주시 한경면 신창리 1353-1,33.341799,126.171322,실외,OUTDOOR,3000,UNKNOWN,화장실+음수대+안내시설,"교통사고(12), 낙상(7), 기타 둔상(2)",,UNKNOWN,,,,,,,,,,,UNKNOWN,,,,,,Y,,,,,UNKNOWN
P494,싱게물공원,자연관광,숲·공원,공원,Place,SPOT,LOCAL,산책·관람,"자연경관,휴식",도로명주소미보유,제주특별자치도 제주시 한경면 신창리 1322-1,33.343377,126.174,실외,OUTDOOR,557,40,주차장+음수대+안내시설,"교통사고(12), 낙상(7), 기타 둔상(2)",피해없음(1): 만조(1),UNKNOWN,,,,,,,,,,,UNKNOWN,,,,,,Y,,,,,중복 병합: P533 싱계물해양공원
P495,위미항,교통시설,항만,항만,Place,SPOT,CENTRAL,이동·환승,교통거점,제주특별자치도 서귀포시 남원읍 위미중앙로196번길 6-13,제주특별자치도 서귀포시 남원읍 위미리 1757-12,33.270725,126.663033,실외,OUTDOOR,3000,20,주차장+화장실+항만+안내시설,"교통사고(39), 낙상(12), 추락(6)",,UNKNOWN,,,,,,,,,,,UNKNOWN,,,,,,Y,,,,,UNKNOWN
P496,조안베어뮤지엄,문화·전시,전시시설,박물관,Place,SPOT,GENERAL,관람,"문화,실내관람",제주특별자치도 서귀포시 대포로 113,제주특별자치도 서귀포시 대포동 1959,33.240285,126.434204,실내,INDOOR,500,UNKNOWN,주차장+화장실+기념품점+안내시설,"교통사고(26), 낙상(24), 기타 둔상(6)",,UNKNOWN,,,,,,,,,,,UNKNOWN,,,,,,Y,,,,,UNKNOWN
P497,감수굴 밭담길,자연관광,트레일·산책로,마을산책로,Place,SPOT,LOCAL,경관감상·산책,트레일·마을산책,제주특별자치도 제주시 구좌읍 평대7길 34,제주특별자치도 제주시 구좌읍 평대리 584-1,33.531369,126.843113,실외,OUTDOOR,300,20,안내시설+쉼터,"교통사고(24), 낙상(21), 기타 둔상(3)",,UNKNOWN,,,,,,,,,,,UNKNOWN,,,,,,Y,,,,,UNKNOWN
P498,금악오름(왕매),자연관광,산·오름,오름,Place,SPOT,LOCAL,등산·트레킹,"전망,등산",도로명주소 미보유,제주특별자치도 제주시 한림읍 금악리 산 1-1,33.356146,126.305833,실외,OUTDOOR,3000,30,주차장+화장실+식음료시설+안내시설,"교통사고(48), 낙상(22), 기타 둔상(4)",지역주민(1): 산악사고(1),UNKNOWN,,,,,,,,,,,UNKNOWN,,,,,,Y,,,,,UNKNOWN
P499,명월성지,문화·전시,문화유산,성지,Place,SPOT,LOCAL,관람,문화,도로명주소미보유,제주특별자치도 제주시 한림읍 명월리 2236,33.400604,126.261488,실외,OUTDOOR,500,60,주차장+안내시설,"교통사고(3), 추락(2), 기타 둔상(1)",,UNKNOWN,,,,,,,,,,,UNKNOWN,,,,,,Y,,,,,UNKNOWN
P500,서귀포예술의전당,문화·전시,전시시설,전시시설,Place,SPOT,GENERAL,관람,"문화,실내관람",제주특별자치도 서귀포시 태평로 270 서귀포종합문예회관,제주특별자치도 서귀포시 서홍동 551-1,33.247167,126.55106,실내,INDOOR,1500,138,주차장+화장실+안내시설,"낙상(24), 교통사고(22), 기타 둔상(4)",,UNKNOWN,,,,,,,,,,,UNKNOWN,,,,,,Y,,,,,UNKNOWN
P501,자구내포구,자연관광,해양,포구,Place,SPOT,LOCAL,경관감상·산책,"해양경관,야외",제주특별자치도 제주시 한경면 노을해안로 1161,제주특별자치도 제주시 한경면 고산리 3616-9,33.309216,126.165433,실외,OUTDOOR,1000,40,주차장+화장실+안내시설,"교통사고(11), 낙상(5), 동물/곤충(2)",,UNKNOWN,,,,,,,,,,,UNKNOWN,,,,,,Y,,,,,UNKNOWN
P502,제주센트럴파크,체험·레저,테마시설,테마파크,Place,SPOT,LOCAL,체험·관람,체험,제주특별자치도 제주시 조천읍 비자림로 606,제주특별자치도 제주시 조천읍 교래리 산56-4,33.433598,126.674727,실외,OUTDOOR,1000,160,주차장+화장실+안내시설,"낙상(49), 교통사고(32), 추락(8)",,UNKNOWN,,,,,,,,,,,UNKNOWN,,,,,,Y,,,,,UNKNOWN
P503,제주올레 9코스,자연관광,트레일·산책로,올레길,Place,SPOT,LOCAL,산책·트레킹,"도보,장거리트레킹",도로명주소 미보유,제주특별자치도 서귀포시 안덕면 감산리 982-2,33.2371,126.36139,실외,OUTDOOR,2000,36,안내시설+쉼터,"교통사고(10), 낙상(4), 기타 둔상(1)",관광객(1): 무더위(1),UNKNOWN,,,,,,,,,,,UNKNOWN,,,,,,Y,,,,,UNKNOWN
P504,제주옹기굴제,문화·전시,축제·행사,지역행사,Event,EVENT,LOCAL,행사참여·관람,"행사,체험",제주특별자치도 서귀포시 대정읍 무영로254번길 3-1,제주특별자치도 서귀포시 대정읍 무릉리 887-5,33.2828,126.22336,실외,OUTDOOR,500,UNKNOWN,화장실+안내시설,"낙상(3), 교통사고(2), 열상(1)",,UNKNOWN,,,,,,,,,,,○,10,11,,SEASONAL_ONLY,제주옹기 굴제,N,"2026년 구체 일정 미공표 — 개최 시기만 추정, 추천 제외",,,,UNKNOWN
P505,제지기오름,자연관광,산·오름,오름,Place,SPOT,LOCAL,등산·트레킹,"전망,등산",도로명주소미보유,제주특별자치도 서귀포시 보목동 275-1,33.242226,126.609375,실외,OUTDOOR,500,UNKNOWN,안내시설,"낙상(11), 교통사고(8), 기타 둔상(1)",,UNKNOWN,,,,,,,,,,,UNKNOWN,,,,,,Y,,,,,UNKNOWN
P506,족은대비악,자연관광,산·오름,오름,Place,SPOT,LOCAL,등산·트레킹,"전망,등산",도로명주소미보유,제주특별자치도 서귀포시 안덕면 광평리 산59,33.3300856731155,126.368012899589,실외,OUTDOOR,100,UNKNOWN,안내시설,"교통사고(10), 낙상(6), 기타 둔상(5)",,UNKNOWN,,,,,,,,,,,UNKNOWN,,,,,,Y,,,,,UNKNOWN
P507,조천만세동산,문화·전시,문화유산,문화공간,Place,SPOT,LOCAL,관람,문화,도로명주소미보유,제주특별자치도 제주시 조천읍 조천리 1133-2,33.53997,126.64167,실외,OUTDOOR,1500,100,주차장+화장실+안내시설,"교통사고(12), 낙상(12), 열상(4)",,UNKNOWN,,,,,,,,,,,UNKNOWN,,,,,,Y,,,,,중복 병합: P539 만세동산
P508,차귀도유람선,체험·레저,관광체험,유람선,Place,SPOT,GENERAL,이동·관람,유람선,제주특별자치도 제주시 한경면 노을해안로 1163 차귀도유람선,제주특별자치도 제주시 한경면 고산리 3592-1,33.3089823,126.1654369,실외,OUTDOOR,800,20,주차장+화장실+매표소+안내시설,"교통사고(65), 낙상(51), 기타 둔상(13)",미상(1): 연기(1),UNKNOWN,,,,,,,,,,,UNKNOWN,,,,,,Y,,,,,UNKNOWN
P509,태흥포구,자연관광,해양,포구,Place,SPOT,LOCAL,경관감상·산책,"해양경관,야외",도로명주소미보유,제주특별자치도 서귀포시 남원읍 태흥리 1075-8,33.2798063,126.7384744,실외,OUTDOOR,500,25,주차장+화장실+쉼터+안내시설,"교통사고(15), 낙상(10), 열상(1)",,UNKNOWN,,,,,,,,,,,UNKNOWN,,,,,,Y,,,,,UNKNOWN
P510,평대해변,자연관광,해양,해변,Place,SPOT,LOCAL,산책·해변활동,"해양경관,야외",도로명주소미보유,제주특별자치도 제주시 구좌읍 평대리 1994-20,33.533695,126.8409,실외,OUTDOOR,500,200,주차장+화장실+샤워장+안내시설,"교통사고(24), 낙상(21), 기타 둔상(3)",,UNKNOWN,,,,,,,,,,,UNKNOWN,,,,,,Y,,,,,UNKNOWN
P511,갓전시관[갓전수교육관],문화·전시,전시시설,전시시설,Place,SPOT,GENERAL,관람,"문화,실내관람",제주특별자치도 제주시 조천읍 남조로 1904 갓전시관,제주특별자치도 제주시 조천읍 교래리 457-1,33.437114,126.670733,실내,INDOOR,200,UNKNOWN,주차장+화장실+안내시설,"낙상(49), 교통사고(32), 추락(8)",,UNKNOWN,,,,,,,,,,,UNKNOWN,,,,,,Y,,,,,UNKNOWN
P512,기당미술관,문화·전시,전시시설,미술관,Place,SPOT,GENERAL,관람,"문화,실내관람",제주특별자치도 서귀포시 남성중로153번길 15,제주특별자치도 서귀포시 서홍동 621,33.244825,126.551266,실내,INDOOR,700,20,주차장+화장실+안내시설,"낙상(24), 교통사고(22), 기타 둔상(4)",,UNKNOWN,,,,,,,,,,,UNKNOWN,,,,,,Y,,,,,UNKNOWN
P513,사라봉,자연관광,산·오름,오름,Place,SPOT,LOCAL,산책·자연경관,산책·야외,제주특별자치도 제주시 사라봉동길 74,제주특별자치도 제주시 건입동 387-1,33.5186634,126.5476898,실외,OUTDOOR,3000,UNKNOWN,주차장+화장실+안내시설,"낙상(45), 교통사고(31), 열상(9)",미상(1): 싱크홀(1),UNKNOWN,,,,,,,,,,,UNKNOWN,,,,,,Y,,,,,UNKNOWN
P514,성산 유채꽃재배단지,자연관광,자연경관,일반자연관광,Place,SPOT,LOCAL,경관감상·산책,"자연경관,야외",도로명주소 미보유,제주특별자치도 서귀포시 성산읍 고성리 270,33.4550168,126.9250554,실외,OUTDOOR,10000,180,주차장+화장실+안내시설,"낙상(94), 교통사고(37), 기타 둔상(20)",,UNKNOWN,,,,,,,,,,,UNKNOWN,,,,,,Y,,,,,UNKNOWN
P515,제주고산리유적,문화·전시,문화유산,역사유적,Place,SPOT,LOCAL,관람,역사문화,제주특별자치도 제주시 한경면 노을해안로 1100,제주특별자치도 제주시 한경면 고산리 3650-1,33.30418,126.166345,실외,OUTDOOR,500,UNKNOWN,주차장+화장실+안내시설,"교통사고(11), 낙상(5), 동물/곤충(2)",불특정다수(1): 교통위험(1),UNKNOWN,,,,,,,,,,,UNKNOWN,,,,,,Y,,,,,UNKNOWN
P516,제주불빛정원 테마파크,체험·레저,테마파크,야외테마파크,Place,SPOT,GENERAL,포토존·관람,야간관광·테마파크,제주특별자치도 제주시 애월읍 평화로 2346,제주특별자치도 제주시 애월읍 유수암리 1083,33.422168,126.409307,실외,OUTDOOR,2000,UNKNOWN,주차장+화장실+매표소+안내시설,"교통사고(19), 낙상(14), 열상(4)",,UNKNOWN,,,,,,,,,,,UNKNOWN,,,,,,Y,,,,,UNKNOWN
P517,평화통일 불사리탑,문화·전시,문화유산,문화공간,Place,SPOT,LOCAL,관람,문화,제주특별자치도 제주시 조천읍 일주동로 884,제주특별자치도 제주시 조천읍 조천리 2268-1,33.532516,126.63599,실외,OUTDOOR,526,UNKNOWN,주차장+화장실+안내시설,"교통사고(12), 낙상(12), 열상(4)",,UNKNOWN,,,,,,,,,,,UNKNOWN,,,,,,Y,,,,,UNKNOWN
P518,포도뮤지엄,숙박시설,호텔,호텔,Place,SPOT,CENTRAL·LOCAL,숙박,숙박,제주특별자치도 서귀포시 안덕면 산록남로 788 포도뮤지엄,제주특별자치도 서귀포시 안덕면 상천리 837,33.3189369223956,126.386228264447,실내,INDOOR,800,UNKNOWN,주차장+화장실+식음료시설+기념품점+엘리베이터+안내시설,"교통사고(17), 낙상(6), 기타 둔상(1)",,UNKNOWN,,,,,,,,,,,UNKNOWN,,,,,,Y,,,,,UNKNOWN
P519,교래자연휴양림,자연관광,숲·공원,휴양림,Place,SPOT,LOCAL,산책·관람,"자연경관,휴식",제주특별자치도 제주시 조천읍 남조로 2023,제주특별자치도 제주시 조천읍 교래리 119,33.4513306,126.6566617,실외,OUTDOOR,5000,135,주차장+화장실+안내시설,"낙상(49), 교통사고(32), 추락(8)",,UNKNOWN,,,,,,,,,,,UNKNOWN,,,,,,Y,,,,,UNKNOWN
P520,대포포구,자연관광,해양,포구,Place,SPOT,LOCAL,경관감상·산책,"해양경관,야외",도로명주소 미보유,제주특별자치도 서귀포시 대포동 2184-11,33.243515,126.435222,실외,OUTDOOR,1000,42,주차장+화장실+안내시설,"교통사고(26), 낙상(24), 기타 둔상(6)",지역주민(1): 익수위험(1),UNKNOWN,,,,,,,,,,,UNKNOWN,,,,,,Y,,,,,UNKNOWN
P521,라신동,문화·전시,문화유산,문화공간,Area,AREA,LOCAL,관람,문화,도로명주소 미보유,제주특별자치도 제주시 한림읍 귀덕리 3851,33.4348685,126.2738012,실외,OUTDOOR,200,UNKNOWN,안내시설,UNKNOWN,불특정다수(1): 화재/폭발(1),UNKNOWN,,,,,,,,,,,UNKNOWN,,,,,,Y,,,,,UNKNOWN
P522,만장굴,자연관광,지질·특수자원,동굴,Place,SPOT,LOCAL,경관감상·탐방,"자연경관,야외",제주특별자치도 제주시 구좌읍 만장굴길 182,제주특별자치도 제주시 구좌읍 월정리 산 41-5,33.529058,126.771412,실내,INDOOR,7000,135,주차장+화장실+매표소+안내시설,"낙상(26), 교통사고(25), 열상(8)","불특정다수(1): 교통위험(1) / 지역주민(2): 길잃음(1), 야간위험(1)",UNKNOWN,,,,,,,,,,,UNKNOWN,,,,,,Y,,,,,UNKNOWN
P523,별도포구,자연관광,해양,포구,Place,SPOT,LOCAL,경관감상·산책,"해양경관,야외",도로명주소미보유,제주특별자치도 제주시 화북일동 4269-12,33.5250263,126.5649336,실외,OUTDOOR,800,UNKNOWN,쉼터+안내시설,"낙상(12), 교통사고(3), 상해(3)",,UNKNOWN,,,,,,,,,,,UNKNOWN,,,,,,Y,,,,,UNKNOWN
P524,옥돔마을,체험·레저,테마마을,어촌마을,Area,AREA,LOCAL,산책·감상,테마마을·산책,제주특별자치도 서귀포시 남원읍 남태해안로 508,제주특별자치도 서귀포시 태흥리 364-4,33.2867869152026,126.750482509448,실외,OUTDOOR,1043,UNKNOWN,화장실+음수대+식음료시설+안내시설,"교통사고(147), 낙상(102), 기타 둔상(25)",,UNKNOWN,,,,,,,,,,,UNKNOWN,,,,,,Y,,,,,UNKNOWN
P525,원동,문화·전시,문화유산,역사유적,Place,SPOT,LOCAL,관람,역사문화,제주특별자치도 제주시 애월읍 평화로 1984,제주특별자치도 제주시 애월읍 소길리 1363-5,33.400174,126.380179,실외,OUTDOOR,100,UNKNOWN,안내시설,"교통사고(21), 낙상(15), 기타 둔상(3)",,UNKNOWN,,,,,,,,,,,UNKNOWN,,,,,,Y,,,,,UNKNOWN
P526,정의현 일관헌,문화·전시,문화유산,문화공간,Place,SPOT,LOCAL,관람,문화,도로명주소 미보유,제주특별자치도 서귀포시 표선면 성읍리 690,33.38825,126.800995,실외,OUTDOOR,300,200,주차장+화장실+안내시설,"낙상(31), 교통사고(19), 기타 둔상(5)",,UNKNOWN,,,,,,,,,,,UNKNOWN,,,,,,Y,,,,,UNKNOWN
P527,제주대학교 가는길,자연관광,자연경관,일반자연관광,Place,SPOT,LOCAL,경관감상·산책,"자연경관,야외",제주특별자치도 제주시 제주대학로 102,제주특별자치도 제주시 아라일동 1,33.455724,126.56139,실외,OUTDOOR,3000,UNKNOWN,주차장+안내시설,"교통사고(20), 낙상(11), 추락(4)",,UNKNOWN,,,,,,,,,,,UNKNOWN,,,,,,Y,,,,,UNKNOWN
P528,제주러브랜드,체험·레저,테마시설,테마파크,Place,SPOT,GENERAL,체험·관람,체험,제주특별자치도 제주시 1100로 2894-72,제주특별자치도 제주시 연동 680-26,33.451992,126.489005,실내,INDOOR,2000,120,주차장+화장실+식음료시설+매표소+안내시설,UNKNOWN,,UNKNOWN,,,,,,,,,,,UNKNOWN,,,,,,Y,,,,상업 전시·테마시설,UNKNOWN
P529,삼양동선사유적지,문화·전시,문화유산,역사유적,Place,SPOT,LOCAL,관람,역사문화,제주특별자치도 제주시 선사로2길 13,제주특별자치도 서귀포시 표선면 성읍리 690,33.5235045,126.5879995,실내,INDOOR,500,20,주차장+화장실+안내시설,"낙상(31), 교통사고(19), 기타 둔상(5)",,UNKNOWN,,,,,무료,무료,09:00~18:00,연중무휴,30분~1시간,,UNKNOWN,,,,,,Y,,,,,UNKNOWN
P530,제주항일기념관,문화·전시,전시시설,전시시설,Place,SPOT,LOCAL,관람,"문화,실내관람",제주특별자치도 제주시 조천읍 신북로 303,제주특별자치도 제주시 조천읍 조천리 1156,33.541524,126.642574,실내,INDOOR,1000,20,주차장+화장실+안내시설,"교통사고(12), 낙상(12), 열상(4)",,UNKNOWN,,,,,무료,무료,09:00~18:00,"신정, 설연휴, 추석연휴",40분,,UNKNOWN,,,,,,Y,,,,,UNKNOWN
P531,공천포,자연관광,자연경관,일반자연관광,Area,AREA,LOCAL,경관감상·산책,"자연경관,야외",도로명주소 미보유,제주특별자치도 서귀포시 남원읍 신례리 19,33.267691,126.645873,실외,OUTDOOR,1000,15,주차장+화장실+안내시설,"교통사고(36), 낙상(27), 기타 둔상(9)",관광객(1): 익수위험(1),UNKNOWN,,,,,,,,,,,UNKNOWN,,,,,,Y,,,,,UNKNOWN
P532,나바론절벽,자연관광,자연경관,일반자연관광,Place,SPOT,LOCAL,경관감상·산책,"자연경관,야외",도로명주소 미보유,제주특별자치도 제주시 추자면 영흥리 산 19,33.956351,126.293911,실외,OUTDOOR,500,UNKNOWN,쉼터+안내시설,"낙상(6), 물(2), 기타 둔상(1)",,UNKNOWN,,,,,,,,,,,UNKNOWN,,,,,,Y,,,,,UNKNOWN
P533,너븐숭이 4.3기념관,문화·전시,전시시설,전시시설,Place,SPOT,GENERAL,관람,"문화,실내관람",제주특별자치도 제주시 조천읍 북촌3길 3,제주특별자치도 제주시 조천읍 북촌리 1599,33.546025,126.68871,실내,INDOOR,300,12,주차장+화장실+안내소+안내시설,"교통사고(14), 낙상(11), 기타 둔상(5)",,UNKNOWN,,,,,,,,,,,UNKNOWN,,,,,,Y,,,,,UNKNOWN
P534,보롬이(하논·하구구),자연관광,산·오름,오름,Place,SPOT,LOCAL,등산·트레킹,"자연경관,야외",도로명주소미보유,제주특별자치도 서귀포시 서홍동 968-1,33.250421583822,126.544591421685,실외,OUTDOOR,700,UNKNOWN,주차장+화장실+안내시설,"낙상(24), 교통사고(22), 기타 둔상(4)","지역주민(2): 추락(1), 교통위험(1)",UNKNOWN,,,,,,,,,,,UNKNOWN,,,,,,Y,,,,,UNKNOWN
P535,본태박물관,문화·전시,전시시설,박물관,Place,SPOT,LOCAL,관람,"문화,실내관람",제주특별자치도 서귀포시 안덕면 산록남로762번길 69,제주특별자치도 서귀포시 안덕면 상천리 380,33.305765,126.388851,실내,INDOOR,1500,UNKNOWN,주차장+화장실+식음료시설+안내시설,"교통사고(17), 낙상(6), 기타 둔상(1)",,UNKNOWN,,,,,,,,,,,UNKNOWN,,,,,,Y,,,,,UNKNOWN
P536,삼다수숲길 지질트레일 1코스,자연관광,트레일·산책로,숲길트레일,Place,SPOT,LOCAL,산책·트레킹,"도보,트레킹",제주특별자치도 서귀포시 돈내코로 137,제주특별자치도 서귀포시 상효동 1463,33.300408,126.581838,실외,OUTDOOR,300,0,화장실+안내시설,"교통사고(22), 낙상(15), 카트(5)",불특정다수(1): 교통위험(1),UNKNOWN,,,,,,,,,,,UNKNOWN,,,,,,Y,,,,,UNKNOWN
P537,삼양해안도로,자연관광,트레일·산책로,해안산책로,Area,AREA,LOCAL,산책·트레킹,"도보,해안경관",도로명주소 미보유,제주특별자치도 제주시 삼양2동,33.52099,126.58382,실외,OUTDOOR,1000,10,주차장+화장실+안내시설,UNKNOWN,지역주민(1): 추락(1),UNKNOWN,,,,,,,,,,,UNKNOWN,,,,,,Y,,,,,UNKNOWN
P538,애월환해장성,자연관광,자연경관,일반자연관광,Place,SPOT,RELATED·LOCAL,경관감상·산책,"자연경관,야외",제주특별자치도 제주시 애월읍 애월로3길 60,제주특별자치도 제주시 애월읍 애월리 1957,33.468108,126.313203,실외,OUTDOOR,200,UNKNOWN,안내시설,"교통사고(43), 낙상(25), 상해(7)",,UNKNOWN,,,,,,,,,,,UNKNOWN,,,,,,Y,,,,,UNKNOWN
P539,엉알해안,자연관광,해양,해안경관,Place,SPOT,LOCAL,경관감상·산책,"해양경관,야외",도로명주소 미보유,제주특별자치도 제주시 한경면 고산리 3671-1,33.299477,126.16761,실외,OUTDOOR,500,UNKNOWN,주차장+화장실+안내시설,"교통사고(11), 낙상(5), 동물/곤충(2)",피해없음(1): 낙석/붕괴(1),UNKNOWN,,,,,,,,,,,UNKNOWN,,,,,,Y,,,,,UNKNOWN
P540,예래생태마을체험축제,문화·전시,축제·행사,지역행사,Event,EVENT,LOCAL,행사참여·관람,"행사,체험",제주특별자치도 서귀포시 예래해안로 253,제주특별자치도 서귀포시 상예동 518-4,33.236901,126.388956,실외,OUTDOOR,554,34,주차장+화장실+안내시설,"교통사고(18), 낙상(10), 기타 둔상(2)",피해없음(1): 화재/폭발(1),UNKNOWN,,,,,,,,,,,△,9,10,,SEASONAL_ONLY,예래생태마을 체험축제,N,"2026년 구체 일정 미공표 — 개최 시기만 추정, 추천 제외",,,,UNKNOWN
P541,예래해안도로,자연관광,트레일·산책로,해안산책로,Area,AREA,LOCAL,산책·트레킹,"도보,해안경관",제주특별자치도 서귀포시 예래해안로,제주특별자치도 서귀포시 하예동 532-3,33.236426,126.388338,실외,OUTDOOR,3000,44,주차장+화장실+안내시설,UNKNOWN,,UNKNOWN,,,,,,,,,,,UNKNOWN,,,,,,Y,,,,,UNKNOWN
P542,오름터 민속마을,문화·전시,문화유산,역사유적,Area,AREA,LOCAL,관람,역사문화,제주특별자치도 서귀포시 표선면 성읍정의현로 99,제주특별자치도 서귀포시 표선면 성읍리 599-1,33.391413,126.800745,실외,OUTDOOR,300,200,주차장+화장실+안내시설,"낙상(31), 교통사고(19), 기타 둔상(5)",지역주민(1): 안전위험(1),UNKNOWN,,,,,,,,,,,UNKNOWN,,,,,,Y,,,,,UNKNOWN
P543,돌하르방미술관,문화·전시,전시시설,미술관,Place,SPOT,GENERAL,관람,"문화,실내관람",제주특별자치도 제주시 조천읍 북촌서1길 70,제주특별자치도 제주시 조천읍 북촌리 976,33.538847,126.688812,실외,OUTDOOR,500,10,주차장+화장실+식음료시설+안내시설,"교통사고(14), 낙상(11), 기타 둔상(5)",,UNKNOWN,,,,,,,,,,,UNKNOWN,,,,,,Y,,,,,반려동물 동반 가능
P544,CU혼저옵서예점,상업·쇼핑,상업시설,편의점,Place,SPOT,GENERAL,쇼핑·휴식,"오션뷰,쇼핑",제주특별자치도 제주시 한림읍 한림해안로 277 (수원리),제주특별자치도 제주시 한림읍 수원리 944-3,33.4259937733248,126.264119108984,실내,INDOOR,200,UNKNOWN,주차장+화장실+편의점,"교통사고(5), 낙상(3), 기타 둔상(1)",,UNKNOWN,,,,,,,,,,,UNKNOWN,,,,,,Y,,,,,비양도 뷰 편의점
P545,오라동메밀밭,자연관광,자연경관,일반자연관광,Place,SPOT,LOCAL,경관감상·산책,"자연경관,야외",도로명주소미보유,제주특별자치도 제주시 오라이동 산76,33.4271589152458,126.505783566255,실외,OUTDOOR,10000,UNKNOWN,주차장+화장실+매표소+안내시설,"교통사고(16), 낙상(5), 기타 둔상(4)",,UNKNOWN,,,,,,,,,,,UNKNOWN,,,,,,Y,,,,,UNKNOWN
P546,가마오름,자연관광,산·오름,오름,Area,AREA,LOCAL,등반·트레킹,"오름,전망",제주특별자치도 제주시 한경면 청수서5길 63,제주특별자치도 제주시 한경면 청수리 847,33.305638,126.247149,실외,OUTDOOR,300,70,주차장+화장실,"교통사고(7), 낙상(3), 말달구지(2)",,UNKNOWN,,,,,,,,,,,UNKNOWN,,,,,,Y,,,,,소개: 한경면 수룽이마을(산양리 수룡동) 뒷산으로 마을 남동쪽 약 500m지점에 위치한 오름으로· 수룡동 마을안길로 들어가면 쉽게 오를 수 있다. 주봉인 남쪽봉우리를 중심으로 북쪽으로 뻗은 등성마루에는 언덕같은 봉우리가 솟아 있고· 완만한 동사면은 북동쪽으로 말굽형 화구를 이루며 얕고 넓게 벌어져 있으며 붉은송이로 이루어져 있다... / 자료기준: 2022-12-01
P547,가마오름 진지동굴,문화·전시,역사·문화유산,역사유적,Place,SPOT,LOCAL,관람,"역사문화,문화유산",제주특별자치도 제주시 한경면 청수서5길 63,제주특별자치도 제주시 한경면 청수리 847,33.305238,126.247877,실외,OUTDOOR,0,70,주차장+화장실,"교통사고(7), 낙상(3), 말달구지(2)",,UNKNOWN,,,,,,,,,,,UNKNOWN,,,,,,Y,,,,,소개: 가마오름 동굴진지는 제주시 한경면 청수리 평화동 가마오름 기슭에 위치했다. 일본군이 군사기지로 썼던 땅굴을 재활용한 특수 박물관이다. 여기서 산방산과 모슬포· 알뜨르 비행장· 고산 해안가 등을 한눈에 볼 수 있다. 총 2km로 추정되는 땅굴 진지는 제주특별자치도 최대 규모로 모두 17곳이 있으며 출입구는 33개가 있다. / 자료기준: 2022-12-01
P548,가뫼물,자연관광,지질·특수자원,하구·협곡,Area,AREA,LOCAL,경관감상,"자연경관,물",제주특별자치도 서귀포시 남원읍 남위남성로 168,제주특별자치도 서귀포시 남원읍 남원리 2140-6,33.289997,126.693503,실외,OUTDOOR,600,30,주차장+화장실(3동)+음료대+안내소+피난시설,"낙상(31), 교통사고(19), 기타 둔상(4)",,UNKNOWN,,,,,,,,,,,UNKNOWN,,,,,,Y,,,,,소개: 제주농촌생태체험농장 ‘가뫼물’은 서귀포시 남원읍에 위치하며 겨울에도 감귤을 볼 수 있다. 날이 가물어도 마르지 않는 샘이라 ‘가뫼물’이라 이름 붙였다. 곶자왈 물이 모여 생긴 웅덩이로 제주인은 밭일에 썼으며 동물에게도 생명수가 됐다. / 자료기준: 2022-12-01
P549,가문이오름(감은이오름),자연관광,산·오름,오름,Area,AREA,LOCAL,등반·트레킹,"오름,전망",제주특별자치도 서귀포시 표선면 남조로 1487-73,제주특별자치도 서귀포시 표선면 가시리 산 158-2,33.4014323,126.6756956,실외,OUTDOOR,250,150,주차장+화장실+음료대+안내소+피난시설,"낙상(14), 교통사고(9), 기타 둔상(3)",,UNKNOWN,,,,,,,,,,,UNKNOWN,,,,,,Y,,,,,소개: 붉은오름과 마주한 가문이오름은 오름 중턱에 삼나무와 해송이 숲이· 그 위로는 낙엽수림이 우거져 있다. 숲이 우거져 검게 보인다고 하여 가문이오름이라 이름 지어졌다. 말굽형의 분화구를 하고 있고· 흰 노루귀· 분홍 노루귀 등 생소한 야생화가 자란다. 붉은오름뿐 아니라 구두리 오름· 쳇망 오름 등 여러 오름과 함께 군락이 형... / 자료기준: 2022-12-01
P550,감귤박물관 월랑봉 산책고-생이소리길,자연관광,트레일·산책로,트레일,Area,AREA,RELATED·LOCAL,산책·트레킹,"도보,트레킹",제주특별자치도 서귀포시 효돈순환로 441,제주특별자치도 서귀포시 신효동 1200-6,33.272227,126.608774,실외,OUTDOOR,400,90,주차장+화장실+음료대+안내소+피난시설,"낙상(5), 교통사고(3), 기타 둔상(1)",,UNKNOWN,,,,,,,,,,,UNKNOWN,,,,,,Y,,,,,소개: 감귤박물관을 감싸고 있는 월라봉을 산책할 수 있는 생이소리길은 천천히 걸으면 1시간 정도의 코스로 월라봉 정산바위까지 오를 수 있다. 어떤 이는 짧은 코스라 아쉽다고 하지만 남녀노소 천천히 다녀올 수 있는 코스이다. / 자료기준: 2022-12-01
P551,강정어촌계,자연관광,지질·특수자원,자연경관,Area,AREA,LOCAL,경관감상,자연경관,제주특별자치도 서귀포시 말질로 290,제주특별자치도 서귀포시 강정동 4964,33.227541,126.474812,실외,OUTDOOR,70,UNKNOWN,화장실,"낙상(47), 교통사고(27), 기타 둔상(11)",,UNKNOWN,,,,,,,,,,,UNKNOWN,,,,,,Y,,,,,소개: 강정마을은 뛰어난 경치의 올레 7코스에 있다. 외돌개· 법환포구· 강정포구를 끼고 있어 관광객이 꼭 들리는 명소로 유명하다. 제주월드컵경기장· 신시가지가 있는 농어촌 주거지역으로 감귤· 어업· 관광이 어우러져 여름철 낚시꾼이 즐겨 찾는다. / 자료기준: 2022-12-01
P552,개오름,자연관광,산·오름,오름,Area,AREA,LOCAL,등반·트레킹,"오름,전망",제주특별자치도 서귀포시 표선면 성읍이리로57번길 162,제주특별자치도 서귀포시 표선면 성읍리 2974,33.423961,126.768737,실외,OUTDOOR,350,5,안내시설+주차장,"낙상(31), 교통사고(19), 기타 둔상(5)",,UNKNOWN,,,,,,,,,,,UNKNOWN,,,,,,Y,,,,,소개: 산정부 남쪽이 정상이고 북쪽은 봉긋 부풀어 그 사이가 다소 우묵졌고· 동서사면으로 작은 골이 얕게 패였다. 기생화산체로 남동사면에는 해송과 삼나무가 있다. 그 외 지역은 어린나무와 술패랭이· 가시쑥부쟁이· 낭아초· 피뿌리풀 등이 식생한다. 오름 모양이 개 같아 구악(狗岳)이라 표기하며 옛날엔 밥뚜껑 같아 개악(蓋岳)이라... / 자료기준: 2022-12-01
P553,갤러리2 중선농원,문화·전시,전시시설,갤러리,Place,SPOT,LOCAL,관람,"문화,전시",제주특별자치도 제주시 영평길 269,제주특별자치도 제주시 월평동 1348-3,33.478135,126.57017,실내+실외,MIXED,196,20,주차장+화장실,"교통사고(5), 낙상(4), 기타 둔상(1)",,UNKNOWN,,,,,,,,,,,UNKNOWN,,,,,,Y,,,,,소개: 영평길에 있는 이 갤러리는 감귤밭을 그대로 유지해 제주특별자치도 정취를 누릴 수 있다. 감귤을 보관하던 창고는 갤러리2· 작은 창고는 카페· 곳간은 도서관 ‘청신재’로 사용한다. 제주에서 쉽게 접할 수 없던 중견 작가의 개인전이 주로 열린다. / 자료기준: 2022-12-01
P554,거문오름,자연관광,산·오름,오름,Area,AREA,RELATED·LOCAL,등반·트레킹,"오름,전망",제주특별자치도 제주시 조천읍 선교로 569-36,제주특별자치도 제주시 조천읍 선흘리 478,33.454624,126.71797,실외,OUTDOOR,550,240,주차장+화장실+음료대+안내소+피난시설,"낙상(17), 교통사고(7), 추락(6)",,UNKNOWN,,,,,,,,,,,UNKNOWN,,,,,,Y,,,,,소개: 거문오름(해발456m)은 숲이 우거져 검은 오름이라 한다. 지질학 가치가 높은 용암동굴계 모체로 유일하게 유네스코 세계자연유산에 등재되었다. 제주도자연유산 학술조사에 따르면 거문오름 주변 동굴 규모는 세계적인 수준이다. / 자료기준: 2022-12-01
P555,거슨새미오름,자연관광,산·오름,오름,Area,AREA,LOCAL,등반·트레킹,"오름,전망",도로명주소 미보유,제주특별자치도 제주시 구좌읍 송당리 산 145,33.451329,126.760453,실외,OUTDOOR,300,25,공용주차장,"교통사고(67), 낙상(31), 기타 둔상(4)",,UNKNOWN,,,,,,,,,,,UNKNOWN,,,,,,Y,,,,,소개: 구좌읍 송당리에 있다. 제주특별자치도 용천은 주로 바다를 향하는데 이곳 샘은 거꾸로 한라산으로 흘러 이름 붙여졌다. 한자로는 천악(泉岳) 혹은 역수산(逆水山)으로 표기되었다. 남쪽 등성이는 목장이고 정상에 경방초소가 있다. 오름밭 일대 전망을 볼 수 있다. / 자료기준: 2022-12-01
P556,거인의 정원,문화·전시,전시시설,미술관,Place,SPOT,LOCAL,관람,"문화,전시",제주특별자치도 제주시 대원길 58,제주특별자치도 제주시 아라일동 2853-1,33.471843,126.535325,실내+실외,MIXED,287,20,주차장+화장실,UNKNOWN,,UNKNOWN,,,,,,,,,,,UNKNOWN,,,,,,Y,,,,,소개: 1층 카페· 2층 갤러리로 보름마다 전시가 열린다. 공정무역 유기농 커피와 유기농 차를 즐길 수 있다. 포토존도 마련되어 색다른 분위기를 누릴 수 있다. / 자료기준: 2022-12-01
P557,거친오름,자연관광,산·오름,오름,Area,AREA,LOCAL,등반·트레킹,"오름,전망",제주특별자치도 제주시 명림로 520,제주특별자치도 제주시 봉개동 산51-2,33.445829,126.620413,실외,OUTDOOR,1200,135,주차장+화장실+음료대+안내소,"낙상(24), 교통사고(22), 추락(2)",,UNKNOWN,,,,,,,,,,,UNKNOWN,,,,,,Y,,,,,소개: 봉개동 명도암 마을에 있고 산세가 험해 거친오름이라 부른다. 오름 남측 기슭에 진물 굼부리라는 분화구가 있다. 전사면에는 낙엽수가 주로 있고 해송과 상록활엽수가 혼재한 자연림을 이룬다. / 자료기준: 2022-12-01
P558,게우지코지,자연관광,해양,해안경관,Area,AREA,LOCAL,경관감상,"해안경관,자연",도로명주소 미보유,제주특별자치도 서귀포시 하효동 1371,33.2566103,126.6183384,실외,OUTDOOR,500,20,주차장,"교통사고(7), 낙상(7), 기타 둔상(3)",,UNKNOWN,,,,,,,,,,,UNKNOWN,,,,,,Y,,,,,소개: 월라봉이 감싸 안은 신효마을 아래에는 쇠소깍을 품은 하효마을이 있다. 하효마을을 구석구석 걷고 싶다면· 올레 6코스를 따라 걸어보자. 올레 6코스는 쇠소깍을 시작으로 서귀포의 생태와 문화를 접할 수 있어· 탐방객들의 발걸음이 끊이지 않는다. 하지만 이 길을 걷다 보면· 누구나 그 발걸음을 멈추는 곳이 있다. 바로 툭 튀어... / 자료기준: 2022-12-01
P559,고근산(고공산),자연관광,지질·특수자원,자연경관,Area,AREA,LOCAL,경관감상,자연경관,도로명주소 미보유,제주특별자치도 서귀포시 서호동 1287,33.266824,126.5140639,실외,OUTDOOR,1000,20,공용주차장+화장실,"낙상(18), 교통사고(17), 열상(2)",,UNKNOWN,,,,,,,,,,,UNKNOWN,,,,,,Y,,,,,소개: 제주올레 7-1코스 중간 지점에 위치한 고근산(孤根山)은 서귀포 신시가지를 감싸고 있는 오름으로 정상에 깊지 않은 분화구를 가지고 있다.고공산이라고도 불리는데 평지 한가운데가 우뚝 솟은 오름이라고 해서 붙여진 이름이라는 설과 근처에 산이 없어 외롭다는 데서 유래됐다는 설이 있다. 이 오름은 전설상의 거신 설문대할망이 심심... / 자료기준: 2022-12-01
P560,고산일과해안도로,자연관광,트레일·산책로,해안도로,Area,AREA,RELATED·LOCAL,경관감상,"해안경관,자연",제주특별자치도 서귀포시 대정읍 영락하동로 96,제주특별자치도 서귀포시 대정읍 영락리 2169,33.2535544,126.2028123,실외,OUTDOOR,2609,40,화장실(3동)+주차장,"낙상(3), 기타 둔상(3), 동물/곤충(3)",,UNKNOWN,,,,,,,,,,,UNKNOWN,,,,,,Y,,,,,소개: 고산일과해안도로는 차귀도항에서 신도리를 거쳐 일과 사거리에 이르는 약 12km의 해안도로이며· 해가 지는 방향에 있어 노을이 가장 아름다운 구간 중에 하나이며 '노을해안로'라고도 불린다. 천천히 해안도로를 따라가다 보면 소박한 어촌의 풍경과 차귀도의 낙조를 감상할 수 있다. 고산리에서 신도리로 향하다 보면 수월봉과 엉알해... / 자료기준: 2022-12-01
P561,고살리숲길,자연관광,트레일·산책로,숲길트레일,Area,AREA,RELATED·LOCAL,산책·트레킹,"도보,숲길",도로명주소 미보유,제주특별자치도 서귀포시 남원읍 하례리 산 53-3,33.31638,126.597502,실외,OUTDOOR,100,38,공용주차장,"교통사고(10), 낙상(6), 열상(2)",,UNKNOWN,,,,,,,,,,,UNKNOWN,,,,,,Y,,,,,소개: 고살리는 계곡에 샘을 이룬 터와 그 주변을 말한다. 연중 물이 흐르는 곳으로 하례 2리 마을의 상징이다. 고살리를 시작으로 제주특별자치도 곶자왈 숲을 볼 수 있는 자연 탐방로· 즉 고살리 숲길이 있다. 잘 알려지지 않아 조용한 산책을 즐길 수 있다. 상록수가 주로 있으며· 사람의 손길이 닿지 않아 길이 고르지 않고· 자연... / 자료기준: 2022-12-01
P562,고성신양해녀의길,자연관광,트레일·산책로,트레일,Area,AREA,RELATED·LOCAL,산책·트레킹,"도보,트레킹",도로명주소 미보유,제주특별자치도 서귀포시 성산읍 고성리 1023-2,33.4422319,126.9110085,실외,OUTDOOR,800,35,화장실(3동)+주차장,"교통사고(248), 낙상(231), 기타 둔상(37)",,UNKNOWN,,,,,,,,,,,UNKNOWN,,,,,,Y,,,,,소개: 섭지해녀의 집터 정자를 시작으로 바닷길을 따라 걸으며 성산일출봉을 볼 수 있다. 1.2km정도 되며· 해녀가 물질하고 몸을 녹이기 위해 썼던 불턱이 있어 해녀의 삶을 엿볼 수 있다. 계절 따라 다양한 야생화를 볼 수 있는 아름다운 해변길이다. / 자료기준: 2022-12-01
P563,고흐의 정원,문화·전시,전시시설,미술관,Place,SPOT,LOCAL,관람,"문화,전시",제주특별자치도 서귀포시 성산읍 삼달신풍로 1265,제주특별자치도 서귀포시 성산읍 삼달리 1182,33.372031,126.845185,실내+실외,MIXED,574,30,주차장+화장실,"낙상(8), 교통사고(4), 기타 둔상(1)",,UNKNOWN,,,,,,,,,,,UNKNOWN,,,,,,Y,,,,,소개: ‘고흐의 정원'은 현대 기술을 이용해 반 고흐 작품을 재해석했다. 이 전시는 그의 작품이 아닌 '인간 빈센트 반 고흐'가 주인공이다. 시각에 의존하는 기존 전시와 달리 듣고 만질 수도 있는 관객 참여형 체험 전시이다. / 자료기준: 2022-12-01
P564,관음사,문화·전시,종교시설,사찰,Place,SPOT,RELATED·LOCAL,관람,"종교문화,역사문화",제주특별자치도 제주시 산록북로 660,제주특별자치도 제주시 아라일동 387,33.423806,126.558114,실내+실외,MIXED,1200,120,공용주차장+화장실,"교통사고(20), 낙상(11), 추락(4)",,UNKNOWN,,,,,,,,,,,UNKNOWN,,,,,,Y,,,,,소개: 관음사는 대한불교 조계종 제 23교구 본산으로 제주도 내 30여개 말사를 관장한다. 사찰 주변으로는 한라산 등반로인 관음사코스 입구가 있고 주차장 및 야영장이 있어 연중 관광객으로 붐빈다. / 자료기준: 2022-12-01
P565,관음사 군 주둔지 옛터,문화·전시,종교시설,사찰,Place,SPOT,LOCAL,관람,"종교문화,역사문화",제주특별자치도 제주시 산록북로 660,제주특별자치도 제주시 아라일동 387,33.423806,126.558114,실내+실외,MIXED,300,120,공용주차장+화장실,"교통사고(20), 낙상(11), 추락(4)",,UNKNOWN,,,,,,,,,,,UNKNOWN,,,,,,Y,,,,,소개: 1949년 3월부터 잔여 무장대 토벌 작전이 강화되며 2연대 2대대 병력이 주둔했다. 2연대는 제주특별자치도 곳곳에 진지를 구축하고 토벌 근거지로 삼았다. 이곳 외에도 서귀포 수악교 인근에 1대대· 교래리와 산굼부리 사이에 3대대를 배치하여 방어선을 구축했다. / 자료기준: 2022-12-01
P566,군산오름,자연관광,산·오름,오름,Area,AREA,RELATED·LOCAL,등반·트레킹,"오름,전망",도로명주소 미보유,제주특별자치도 서귀포시 안덕면 창천리 564,33.255358,126.368639,실외,OUTDOOR,1000,15,주차장+화장실,"낙상(15), 교통사고(3), 상해(2)",,UNKNOWN,,,,,,,,,,,UNKNOWN,,,,,,Y,,,,,소개: 대정의 난들을 에워싸고 있다. 화산쇄설성 퇴적층으로 이뤄진 기생화산채로 제주도 최대 규모다. 정상에 용머리 쌍봉처럼 솟은 뿔바위가 둘 있다. 동남사면에 애기업게돌 등 퇴적층의 차별 침식으로 생긴 기암괴석이 발달했다. / 자료기준: 2022-12-01
P567,굴동포구,자연관광,해양,포구경관,Area,AREA,LOCAL,경관감상,"해안경관,자연",도로명주소 미보유,제주특별자치도 제주시 구좌읍 하도리 385-12,33.522826,126.897805,실외,OUTDOOR,628,10,주차장,"낙상(24), 교통사고(7), 열상(4)",,UNKNOWN,,,,,,,,,,,UNKNOWN,,,,,,Y,,,,,소개: 하도리 마을에서 가장 크고 역사가 오래된 굴동마을에 위치했다. 올레 21코스의 경유지로 바다를 보면 난도(토끼섬)가 보인다. 포구에서 배로 5분 거리에 위치하며 국내 유일한 '문주란' 자생지이다. / 자료기준: 2022-12-01
P568,궁대오름(궁대악),자연관광,산·오름,오름,Area,AREA,LOCAL,등반·트레킹,"오름,전망",제주특별자치도 서귀포시 성산읍 금백조로 548,제주특별자치도 서귀포시 성산읍 수산리 4711,33.436165,126.823612,실외,OUTDOOR,1200,50,주차장+화장실(제주자연생태공원이용),"교통사고(15), 낙상(4), 기타 둔상(2)",,UNKNOWN,,,,,,,,,,,UNKNOWN,,,,,,Y,,,,,소개: 오름의 모양새가 마치 활처럼 생기고· 오름 허리에 활(궁·弓)자 모양의 띠가 둘러져 있어 궁대오름으로 불린다. 궁대악 일대에는 제주특별자치도가 총 30억원을 투입한 자연생태공원이 있다. 그 외궁대오름 탐방로· 분화구 전망대 탐방로· 자연생태공원 탐방로· 궁대오름 둘레길 코스로 조성되어 있어 오래 머물며 걷기 좋다. 궁대오... / 자료기준: 2022-12-01
P569,금룡사,문화·전시,종교시설,사찰,Place,SPOT,LOCAL,관람,"종교문화,역사문화",제주특별자치도 제주시 구좌읍 김녕로 148-11,제주특별자치도 제주시 구좌읍 김녕리 1145-49,33.5539,126.753661,실내+실외,MIXED,250,20,주차장+화장실,"낙상(24), 교통사고(18), 동물/곤충(10)",,UNKNOWN,,,,,,,,,,,UNKNOWN,,,,,,Y,,,,,소개: 1930년 김연화 보살에 의해 설립된 염불당이 그 창사의 시초다. 청춘고혼(靑春孤魂)이 된 동생 덕암(德庵)의 넋을 기리며 오십년 남짓 지낸 세월에 염불당 및 요사체가 폐허 지경까지 왔을 때· 자재 현도(自在賢途)스님을 만나 인연이 되어 1975년 대웅전 건립을 기점으로 사찰로 면모를 일신했다. 대웅전에는 석가모니를 주불... / 자료기준: 2022-12-01
P570,금붕사,문화·전시,종교시설,사찰,Place,SPOT,LOCAL,관람,"종교문화,역사문화",제주특별자치도 제주시 구좌읍 일주동로 3618-1,제주특별자치도 제주시 구좌읍 하도리 994,33.501178,126.888805,실내+실외,MIXED,400,8,공용주차장+화장실,"낙상(24), 교통사고(7), 열상(4)",,UNKNOWN,,,,,,,,,,,UNKNOWN,,,,,,Y,,,,,소개: 금붕사는 고려시대 사찰 터라고 전해지고 있으며· 제주시 구좌읍 하도리에 김대승각 화주가 초가 내에 불상을 모시고 신앙생활을 하다가 1926년 창건하였다. 1932년경 최청산의 주도 아래 승려 교육이 실시되었으며· 1937년에는 두 달에 걸쳐 법화산림 대작불사를 거행하기도 하였다. 1938년에는 금붕사 경내에서 불교 예법에... / 자료기준: 2022-12-01
P571,기독교순례길 3코스(사명의길),문화·전시,역사·문화유산,문화유산,Place,SPOT,RELATED·LOCAL,관람,"문화,역사문화",제주특별자치도 제주시 한경면 조수3길 7,제주특별자치도 제주시 한경면 조수리 331-1,33.336785,126.230692,실외,OUTDOOR,1500,12,주차장+화장실,"교통사고(1), 열상(1), 동물/곤충(1)",,UNKNOWN,,,,,,,,,,,UNKNOWN,,,,,,Y,,,,,소개: 기독교 순례길 3코스 사명의 길은 이도종 목사가 예배를 인도한 조수교회를 시작점으로 기독교인과 도민들에게 귀감이 된 조남수 목사의 공덕비까지 이어지는 총 21.4km의 길이다. 원거리로 구성되어 있어서 순례자의 사명감을 가지고 걷는 길이다. 조수교회는 2코스 중간에도 포함되어 있다. 코스 중에는 4.3의 아픈 역사를 기록... / 자료기준: 2022-12-01
P572,김녕 고장난 길(벽화마을입구),자연관광,트레일·산책로,트레일,Area,AREA,LOCAL,산책·트레킹,"도보,트레킹",제주특별자치도 제주시 구좌읍 김녕로21길 12,제주특별자치도 제주시 구좌읍 김녕리 4001,33.557975,126.746623,실외,OUTDOOR,707,60,화장실(2동)+주차장(3동),"낙상(24), 교통사고(18), 동물/곤충(10)",,UNKNOWN,,,,,,,,,,,UNKNOWN,,,,,,Y,,,,,소개: 김녕마을은 유네스코 세계지질공원이다. 그 브랜드를 활용하여 각 지역의 독특한 지질자원과 이를 원형으로 만들어진 마을의 역사·문화·신화·생활 등 다양한 이야기를 접목시켜 도보길을 만들었다. '김녕'의 뜻은 넉넉하고 편안한 마을이라고 하여 지어진 이름이다. 신석기시대 사람들의 흔적이 있고· 용암동굴 위에 자리해 농촌 마을이지... / 자료기준: 2022-12-01
P573,김녕금속공예벽화마을,문화·전시,복합문화공간,문화마을,Area,AREA,LOCAL,관람,"마을관광,문화",제주특별자치도 제주시 구좌읍 김녕항3길 1816,제주특별자치도 제주시 구좌읍 김녕리 4001,33.557983,126.746611,실외,OUTDOOR,652,20,주차장+화장실,"낙상(24), 교통사고(18), 동물/곤충(10)",,UNKNOWN,,,,,,,,,,,UNKNOWN,,,,,,Y,,,,,소개: 김녕을 시작으로 아름다운 성세기 해변까지 약 3km의 거리가 재탄생했다. ‘다시방 프로젝트’에 의해 10명의 예술가가 버려지는 금속 제품과 제주특별자치도 현무암을 이용하여 벽화 마을을 조성했다. 제주특별자치도 해녀의 일생을 주제로 각 건물마다 모두 다른 조형물이 설치되어 산책하며 다양한 작품을 볼 수 있다. 총 29점의... / 자료기준: 2022-12-01
P574,김녕사굴,문화·전시,역사·문화유산,문화유산,Place,SPOT,LOCAL,관람,"문화,역사문화",도로명주소 미보유,제주특별자치도 제주시 구좌읍 김녕리 201-4,33.50116,126.7742,실외,OUTDOOR,0,15,주차장+화장실,"교통사고(5), 낙상(1), 기타(질병외)(1)",,UNKNOWN,,,,,,,,,,,UNKNOWN,,,,,,Y,,,,,소개: 제주도 북동쪽 26km 지점 만장굴 부근에 자리잡고 있다. 이 동굴의 내부형태가 뱀처럼 생겼다 해서 '사굴'이라고도 불리는데 입구는 뱀의 머리부분처럼 크게 벌어져 있는 반면· 안쪽으로 깊숙히 들어갈수록 뱀의 형체처럼 점점 가늘게 형성되어 있어 신비스러움을 자아내게 한다. 동굴 끝부분에 발달된 대규모의 용암폭포· 다량의 용... / 자료기준: 2022-12-01
P575,김영갑갤러리 두모악,문화·전시,전시시설,갤러리,Place,SPOT,LOCAL,관람,"문화,전시",제주특별자치도 서귀포시 성산읍 삼달로 137,제주특별자치도 서귀포시 성산읍 삼달리 437-5,33.372065,126.85418,실내+실외,MIXED,900,30,주차장+화장실,"낙상(8), 교통사고(4), 기타 둔상(1)",,UNKNOWN,,,,,4000,무료,09:30~18:00,"신정, 명절당일, 매주수요일",40분,,UNKNOWN,,,,,,Y,,,,,소개: 김영갑은 1957년 충남 부여에서 태어났지만 20여 년 동안 고향을 밟지 않을 정도로 제주의 매력에 흠뻑 빠져 남은 일생 동안 제주를 사랑했다. 밥 먹을 돈까지 아껴서 필름을 사 사진 작업에 모든 열정을 바쳤다. 이후 전시관을 마련하기 위해 폐허가 된 초등학교를 구하며 초석을 다질 즈음 손이 떨리기 시작하고 허리에 통증이... / 자료기준: 2022-12-01
P576,김택화미술관,문화·전시,전시시설,미술관,Place,SPOT,LOCAL,관람,"문화,전시",제주특별자치도 제주시 조천읍 신흥로 1,제주특별자치도 제주시 조천읍 신흥리 227-5,33.543737,126.653293,실내+실외,MIXED,177,20,주차장+화장실,"낙상(8), 교통사고(4), 익수(2)",,UNKNOWN,,,,,,,,,,,UNKNOWN,,,,,,Y,,,,,소개: 김택화미술관은 2019년 12월 16일 개관한 제주특별자치도 (제주-사립13-2019-2호) 1종 미술관이다. 일평생 제주의 풍경을 고집스레 그렸던 화가 김택화(1940~2006)의 예술세계와 삶의 여정을 담아낸 공간으로 미술관은 자료실· 제1 전시실· 제2 전시실· 아트샵(화방스토어)· 카페(화실커피)로 구성되어 있다. / 자료기준: 2022-12-01
P577,남좃은오름(남조순오름),자연관광,산·오름,오름,Area,AREA,LOCAL,등반·트레킹,"오름,전망",도로명주소 미보유,제주특별자치도 제주시 연동 산 20-2,33.473376,126.497716,실외,OUTDOOR,250,124,화장실(3동)+주차장,"낙상(141), 교통사고(71), 상해(32)",,UNKNOWN,,,,,,,,,,,UNKNOWN,,,,,,Y,,,,,소개: 남좃은오름은 제주특별자치도 제주시 연동에 있고· 남조순오름 또는 남짓은 오름이라고 한다. 높이 296.7m· 둘레 3·072m· 총면적 63만 7805m² 규모의 기생 화산으로 말굽 형태의 분화구가 있다. 오름 4면 전체가 울창한 해송 숲으로 덮여 있으며 중턱 일대에는 산책로가 조성되어 있다 / 자료기준: 2022-12-01
P578,남태해안로,자연관광,해양,해안경관,Area,AREA,RELATED·LOCAL,경관감상,"해안경관,자연",제주특별자치도 서귀포시 남원읍 남태해안로,제주특별자치도 서귀포시 남원읍 태흥리 1786-2,33.2810973,126.7322813,실외,OUTDOOR,3000,10,공중화장실(2동)+주차장,"교통사고(15), 낙상(10), 열상(1)",,UNKNOWN,,,,,,,,,,,UNKNOWN,,,,,,Y,,,,,소개: 남태해안로는 산책하기 좋고· 한라산과 어우러진 노을 빛이 아름답고 사진찍기 굉장히 좋다. 제주특별자치도 서쪽 차귀도포구· 용수리포구의 반건조 오징어가 유명하다. / 자료기준: 2022-12-01
P579,납읍난대림 금산공원,자연관광,숲·공원,숲,Area,AREA,LOCAL,산책·생태관람,"숲,산책",도로명주소 미보유,제주특별자치도 제주시 애월읍 납읍리 1457-1,33.43273,126.330363,실외,OUTDOOR,400,10,공중화장실+주차장,"낙상(4), 교통사고(3), 기타 둔상(2)",,UNKNOWN,,,,,,,,,,,UNKNOWN,,,,,,Y,,,,,소개: 납읍난대림 금산공원은 제주시 애월읍 납읍리 마을에 인접하여 약 일만 평에 이르며 울창한 상록수림이 있다. 자연림의 원형을 보존하고 있는 표본지역으로 원식생 연구에 기초적인 자료를 제공한다. 때문에 학술 자원으로서 가치가 높고· 문화재보호법에서 천연기념물로 지정됐으며· 보호되고 있다. / 자료기준: 2022-12-01
P580,내창트레킹,자연관광,트레일·산책로,트레일,Area,AREA,RELATED·LOCAL,산책·트레킹,"도보,트레킹",제주특별자치도 서귀포시 남원읍 하례로 393-1,제주특별자치도 서귀포시 남원읍 하례리 산124,33.2820314,126.6212136,실외,OUTDOOR,120,10,화장실(2동)+주차장,"교통사고(10), 낙상(6), 열상(2)",,UNKNOWN,,,,,,,,,,,UNKNOWN,,,,,,Y,,,,,소개: 내창트레킹은 하례리의 효돈천을 따라 자연 그대로의 용암 하천 계곡을 체험할 수 있다. 물이 만든 용암 길이라는 뜻의 ‘효돈천’의 총 길이는 약 13km로 한라산 남사면을 대표하는 산남 최대 하천으로 꼽힌다. 매끈한 암석으로 채워진 효돈천은 다양한 식생이 서식하며· 빼어난 절경을 자랑하는 숨은 명소이기도 하다. / 자료기준: 2022-12-01
P581,노을해안로(대정),자연관광,해양,해안경관,Area,AREA,RELATED·LOCAL,경관감상,"해안경관,자연",제주특별자치도 서귀포시 대정읍 노을해안로,제주특별자치도 서귀포시 대정읍 무릉리 4097-38,33.2553171,126.1917244,실외,OUTDOOR,4000,UNKNOWN,화장실(2동),"교통사고(7), 열상(3), 낙상(2)",,UNKNOWN,,,,,,,,,,,UNKNOWN,,,,,,Y,,,,,소개: 노을해안로는 대정을 일과리에서 신도1리로 향하는 약 12km의 코스이다. 국토해양부가 선정한 전국 52개의 해안누리길 중 46코스에 속하는 길이며· 제주환상자전거길에 포함되어 있어 자전거와 차량이 동시에 통행 가능하다. 제주특별자치도 서해안을 따라 구성된 해안도로로· 제주특별자치도 해안길 중 노을 경관이 가장 아름다워 노... / 자료기준: 2022-12-01
P582,논짓물,자연관광,지질·특수자원,하구·협곡,Area,AREA,LOCAL,경관감상,"자연경관,물",도로명주소 미보유,제주특별자치도 서귀포시 하예동 532-3,33.240031,126.380321,실외,OUTDOOR,600,50,화장실(1동)+주차장+안내시설,"낙상(20), 교통사고(5), 기타 둔상(2)",,UNKNOWN,,,,,,,,,,,UNKNOWN,,,,,,Y,,,,,소개: 논짓물은 해수와 담수가 만나는 곳에 있는 천연 해수욕장이다. 바다로 유입되는 민물의 양이 많아 둑을 막아 풀장과 샤워장을 만들었다. 여름 물놀이 장소로 인기가 좋다. / 자료기준: 2022-12-01
P583,농개,자연관광,지질·특수자원,자연경관,Area,AREA,LOCAL,경관감상,자연경관,제주특별자치도 서귀포시 성산읍 환해장성로111번길 4,제주특별자치도 서귀포시 성산읍 신산리 561-1,33.381782,126.88005,실외,OUTDOOR,300,10,주차장,"교통사고(13), 낙상(1), 추락(1)",,UNKNOWN,,,,,,,,,,,UNKNOWN,,,,,,Y,,,,,소개: 농개는 제주의 해안을 따라 걷는 바당 올레길 근처에서 볼 수 있다. 몇 해 전 새롭게 개장한 올레길 3-B 코스이다. 총 길이 14.2km로 온평 숲길을 시작으로 신산 환해장성과 신산포구를 지나 농개로 이어져 있다. / 자료기준: 2022-12-01
P584,대수포구,자연관광,해양,포구경관,Area,AREA,LOCAL,경관감상,"해안경관,자연",도로명주소 미보유,제주특별자치도 제주시 한림읍 수원리 724-5,33.426955,126.270571,실외,OUTDOOR,200,10,주차공간,"교통사고(5), 낙상(3), 기타 둔상(1)",,UNKNOWN,,,,,,,,,,,UNKNOWN,,,,,,Y,,,,,소개: 대수포구는 올레 15코스의 첫 코스다. 한림항과 그리 멀지 않은 곳에 있고· 제주테우마을로 불리기도 한다. 테우체험과 테우선상낚시· 스킨스쿠버와 함께 다이빙 등 다양한 해상체험을 할 수 있다. 작은 포구지만 일몰시간에 아름다운 석양을 보여준다. / 자료기준: 2022-12-01
P585,대정향교,문화·전시,역사·문화유산,역사유적,Place,SPOT,LOCAL,관람,"역사문화,문화유산",제주특별자치도 서귀포시 안덕면 향교로 165-17,제주특별자치도 서귀포시 안덕면 사계리 3126-1,33.239527,126.288432,실외,OUTDOOR,500,30,공용주차장+화장실(2동)+유도 및 안내시설,"낙상(49), 교통사고(31), 추락(7)",,UNKNOWN,,,,,,,,,,,UNKNOWN,,,,,,Y,,,,,소개: 대정향교는 서귀포시 안덕면에 있다. 공자를 비롯한 여러 성현께 제사를 지내며· 지방 백성의 교육과 교화를 위하여 세운 조선시대 국립교육기관을 가리킨다. 많은 보수로 인해 본래의 모습은 많이 없어졌지만 장식이 검소하고 단청을 하지 않아 전체적으로 간결한 느낌을 준다. / 자료기준: 2022-12-01
P586,동백동산,자연관광,숲·공원,동백정원,Area,AREA,RELATED·LOCAL,산책·생태관람,"꽃,산책",도로명주소 미보유,제주특별자치도 제주시 조천읍 선흘리 산 12,33.517021,126.717609,실외,OUTDOOR,1000,88,공용주차장+화장실(2동)+안내센터,"낙상(17), 교통사고(7), 추락(6)",,UNKNOWN,,,,,,,,,,,UNKNOWN,,,,,,Y,,,,,소개: 조천읍 선흘리에 위치한 동백동산은 제주 생태체험관광의 또 다른 명소이다. 화산 폭발 후 흘러내린 용암이 쪼개지면서 형성된 곶자왈은 넓은 연못이 만들어지기에 어려운 구조다. 하지만 용암이 식을 때 부서지지 않고 판형으로 남아있는 지형에서는 물이 빠져 내려가지 않고 고여 있게 된다. 이를 ‘파호이호이 용암’이라 부르며 제주에... / 자료기준: 2022-12-01
P587,무등이왓터,문화·전시,역사·문화유산,문화유산,Place,SPOT,LOCAL,관람,"문화,역사문화",제주특별자치도 서귀포시 안덕면 신화역사로586번길 21-7,제주특별자치도 서귀포시 안덕면 동광리 233-1,33.309482,126.352496,실외,OUTDOOR,200,10,공용주차장,"교통사고(26), 낙상(13), 상해(2)",,UNKNOWN,,,,,,,,,,,UNKNOWN,,,,,,Y,,,,,소개: 1948년 11월· 약 130여 가구가 빼곡하게 들어선 작은 마을인 동광리의 ‘무등이왓 마을’에 잔인한 학살이 시작되었다. 그 해11월 21일· 마을이 모두 불타버렸고 100여 명의 희생자가 발생했다. 마을 지형이 춤 추는 어린이를 닮았다고 하여 ‘무등이왓’ 이라 이름 붙여졌다. 현재 옛 터만 남아있으며· 4ㆍ3사건의 유... / 자료기준: 2022-12-01
P588,문화공간 양,문화·전시,전시시설,복합문화공간,Place,SPOT,LOCAL,관람,"문화,전시",제주특별자치도 제주시 거로남6길 13,제주특별자치도 제주시 화북이동 3486-1,33.50925,126.561874,실내+실외,MIXED,79,UNKNOWN,화장실,"교통사고(19), 기타 둔상(2), 낙상(1)",,UNKNOWN,,,,,,,,,,,UNKNOWN,,,,,,Y,,,,,소개: 제주도 사투리에는 말을 걸 때 '양'을 사용한다. 문화공간 ‘양’은 예술로 사회에 말을 건다는 의미가 있다. 관장이 본인의 외갓집을 조금씩 다듬어 만들었다고 한다. 안거리· 밖거리· 우영밭· 통시 등 제주특별자치도 전통 가옥의 형태를 그대로 유지하면서· 전시실· 강의실 등 다양한 문화를 접할 수 있는 공간으로 변모했다.... / 자료기준: 2022-12-01
P589,바당미술관,문화·전시,전시시설,미술관,Place,SPOT,LOCAL,관람,"문화,전시",제주특별자치도 서귀포시 대정읍 노을해안로 96,제주특별자치도 서귀포시 대정읍 일과리 1924-4,33.243894,126.218783,실내+실외,MIXED,126,6,공용주차장+화장실,"교통사고(9), 낙상(3), 추락(2)",,UNKNOWN,,,,,,,,,,,UNKNOWN,,,,,,Y,,,,,소개: 모슬포 무릉리에 위치한 바당 미술관은 전업작가의 많은 작품이 상설 전시되어 있다. 향기로운 원두커피를 즐기며 감상할 수 있다. 올레코스에 포함되지 않아 올레꾼에게 잘 알려지지 않았지만 해안도로에 위치해 아주 매력적이다. / 자료기준: 2022-12-01
P590,백조일손지묘(백손일손지지),문화·전시,역사·문화유산,역사유적,Place,SPOT,LOCAL,관람,"역사문화,문화유산",제주특별자치도 서귀포시 대정읍 송악관광로143번길 170-48,제주특별자치도 서귀포시 대정읍 상모리 586-1,33.220355,126.2856343,실외,OUTDOOR,1040,UNKNOWN,관리사무소+주차장+안내판,"낙상(24), 교통사고(13), 기타 둔상(1)",,UNKNOWN,,,,,,,,,,,UNKNOWN,,,,,,Y,,,,,소개: 1960년 유족들이 묘비를 세워 '백조일손지묘'라 칭하고 뒷면에 희생자의 이름을 새겼다. 시신을 구별할 수 없었기에 '백 할아버지의 한 자손'이라는 뜻으로 이름을 붙였다. 그러나 1년 뒤· 5.16 쿠데타 세력의 횡포로 비가 박살 났다. 오늘날 위령비는 1993년에 다시 제작한 것이며· 부서진 비 조각은 1999년에 발굴... / 자료기준: 2022-12-01
P591,법정사,문화·전시,종교시설,사찰,Place,SPOT,LOCAL,관람,"종교문화,역사문화",제주특별자치도 서귀포시 1100로 740-168,제주특별자치도 서귀포시 도순동 산 1,33.309887,126.474462,실내+실외,MIXED,1153,25,동백길 안내센터+공중화장실+안내판,"교통사고(2), 낙상(2)",,UNKNOWN,,,,,,,,,,,UNKNOWN,,,,,,Y,,,,,소개: 3·1운동보다 앞서 1918년 10월 ‘법정사항일운동’이 시작됐다. 서귀포 법정사 승려들은 민간인과 함께 항일운동을 계획해 투쟁을 일으켰다. 이틀 간의 항거 끝에 결국 일제에 의해 제압되었다. 법정사는 한라산 동백길 안내소에 못 미치는 곳에 위치한 ‘무오법정사항일운동발상지’ 안내판 옆 샛길로 들어가면 보인다. 일제에 의해... / 자료기준: 2022-12-01
P592,법화사지,문화·전시,역사·문화유산,역사유적,Place,SPOT,LOCAL,관람,"역사문화,문화유산",제주특별자치도 서귀포시 하원북로35번길 15-28,제주특별자치도 서귀포시 하원동 1071-1,33.265312,126.457665,실외,OUTDOOR,600,20,주차장+유도 및 안내시설,"낙상(21), 교통사고(19), 추락(3)",,UNKNOWN,,,,,,,,,,,UNKNOWN,,,,,,Y,,,,,소개: 1971년 8월 26일 제주도 기념물 제 13호로 지정되었다. 1269년(원종 10)부터 1279년(충렬왕 5)까지 중창하였다는 기록이 있다. 《탐라지》에 따르면 1653년 이전에 폐사되었다고 한다. 1983년 발굴 조사 때· 법당지로 보이는 건물터를 발굴하였는데 규모가 정면 5칸· 측면 4칸의 건물로 기단 면적이 약 3... / 자료기준: 2022-12-01
P593,별방진,문화·전시,역사·문화유산,역사유적,Place,SPOT,LOCAL,관람,"역사문화,문화유산",제주특별자치도 제주시 문주란로1길 96 일대,제주특별자치도 제주시 구좌읍 하도리 3354,33.526118,126.884387,실외,OUTDOOR,678,0,유도 및 안내시설,"낙상(24), 교통사고(7), 열상(4)",,UNKNOWN,,,,,,,,,,,UNKNOWN,,,,,,Y,,,,,소개: 별방성은 1974년 4월 13일에 제주도 기념물 제24호로 지정되었다. 현재 성의 둘레는 950m이며 남쪽이 높고 북쪽이 낮은 지형을 이용하여 쌓았으며· 성곽은 타원형을 이루고 있다. 제주도에 있는 성곽들 중 비교적 성벽이 많이 남아 있어 당시 이 지역의 성 쌓는 방법과 규모를 알아볼 수 있는 중요한 자료로 여겨진다. / 자료기준: 2022-12-01
P594,선흘 곶자왈,자연관광,트레일·산책로,숲길트레일,Area,AREA,RELATED·LOCAL,산책·트레킹,"도보,숲길",도로명주소 미보유,제주특별자치도 제주시 조천읍 선흘리 산 12,33.517034,126.717612,실외,OUTDOOR,1000,UNKNOWN,화장실+음료대+유도 및 안내시설,"낙상(17), 교통사고(7), 추락(6)",,UNKNOWN,,,,,,,,,,,UNKNOWN,,,,,,Y,,,,,소개: 조천읍 선흘리에 위치한 동백동산은 제주특별자치도 생태체험관광의 또 다른 명소이다. 곶자왈은 연못이 만들어지기 어려운 구조다. 하지만 용암이 식을 때 부서지지 않고 판형으로 남아있는 지형에서는 물이 빠져 내려가지 않고 고여 있게 된다. 이를 ‘파호이호이용암’이라 부르며 제주에서는 동백동산이 유일하다. / 자료기준: 2022-12-01
P595,신흥2리 동백마을,자연관광,숲·공원,동백정원,Area,AREA,LOCAL,산책·생태관람,"꽃,산책",제주특별자치도 서귀포시 남원읍 한신로531번길 22-1,제주특별자치도 서귀포시 남원읍 신흥리 1759-2,33.320436,126.745174,실외,OUTDOOR,500,10,공용주차장+화장실,"교통사고(7), 낙상(6), 기타 둔상(3)",,UNKNOWN,,,,,,,,,,,UNKNOWN,,,,,,Y,,,,,소개: 서귀포시 신흥2리 제주동백마을에서는 제주특별자치도 토종 동백나무에서 얻어진 동백을 이용한 다양한 프로그램을 운영한다. 동백비누를 만들거나 주민들이 재래식으로 압착해 짜낸 동백기름을 넣은 동백비빔밥을 맛볼 수 있다. / 자료기준: 2022-12-01
P596,신흥리 동백&향나무길,자연관광,트레일·산책로,트레일,Area,AREA,LOCAL,산책·트레킹,"도보,트레킹",제주특별자치도 서귀포시 남원읍 한신로531번길 7,제주특별자치도 서귀포시 남원읍 신흥리 1598-1,33.3191699,126.744965,실외,OUTDOOR,119,10,공용주차장+화장실,"교통사고(7), 낙상(6), 기타 둔상(3)",,UNKNOWN,,,,,,,,,,,UNKNOWN,,,,,,Y,,,,,소개: 네비게이션에 '덕덜생이'를 치면 향나무와 동백나무로 가득찬 길로 갈 수 있다. 밭으로 가는 길 좁아 운전할 때 주의가 필요하다. 이곳의 방풍림은 동백과 향나무로 이뤄졌다. 그래서 겨울에 더욱 아름다운 풍경을 볼 수 있다. 동백 철이 아닐 때도 사시사철 푸른 향나무의 멋진 기상 때문인지 늘 웨딩 스냅의 명소로 꼽힌다. / 자료기준: 2022-12-01
P597,알뜨르비행장,문화·전시,역사·문화유산,역사유적,Place,SPOT,RELATED·LOCAL,관람,"역사문화,문화유산",도로명주소 미보유,제주특별자치도 서귀포시 대정읍 상모리 411,33.211637,126.284164,실외,OUTDOOR,2000,40,주차장+화장실,"낙상(24), 교통사고(13), 기타 둔상(1)",,UNKNOWN,,,,,,,,,,,UNKNOWN,,,,,,Y,,,,,소개: 알뜨르비행장은 중일전쟁· 남경 폭격을 준비하기 위해 만들어졌다. 약 10년간 모슬포 지역의 주민들을 강제 징용하여 만들었다고 알려져 무고한 제주도민들이 희생된 아픔이 남겨진 곳이다. 일본의 극단적인 전술인 가미카제를 위한 조종 훈련을 이곳에서 시행했다고 알려지고 있다. 넓은 들판 가운데 곳곳에 20개의 격납고가 있으며 1... / 자료기준: 2022-12-01
P598,엉또폭포,자연관광,지질·특수자원,폭포,Area,AREA,RELATED·LOCAL,경관감상,"자연경관,물",제주특별자치도 서귀포시 염돈로 121-8,제주특별자치도 서귀포시 강정동 5628,33.2588214,126.4919177,실외,OUTDOOR,1000,30,주차장,"낙상(47), 교통사고(27), 기타 둔상(11)",,UNKNOWN,,,,,,,,,,,UNKNOWN,,,,,,Y,,,,,소개: 엉또'는 '엉'의 입구라고 하여 불려진 이름이다. '엉은' 작은 바위 그늘 집보다 작은 굴· '도'는 입구를 표현하는 제주어이다. 보일 듯 말듯 숲 속에 숨어 지내다 한바탕 비가 쏟아질 때 위용스러운 자태를 드러내 보이는 엉또폭포의 높이는 50m에 이른다. 주변의 기암 절벽과 조화를 이뤄 독특한 매력을 발산한다. 폭포 주... / 자료기준: 2022-12-01
P599,연화못,자연관광,지질·특수자원,자연경관,Area,AREA,LOCAL,경관감상,자연경관,도로명주소 미보유,제주특별자치도 제주시 구좌읍 종달리 산28,33.463033,126.831385,실외,OUTDOOR,800,60,주차장,"교통사고(29), 낙상(11), 기타 둔상(3)",,UNKNOWN,,,,,,,,,,,UNKNOWN,,,,,,Y,,,,,소개: 연꽃이 많은 연못이라는 데서 이름지어진 연화못은 제주특별자치도 유명한 명소인 더럭분교 인근에 위치하고 있다. 연화못은 넓이가 3·780여 평으로 봉천수에 의한 연못으로는 제주도에서 가장 넓으며 연화못은 마을 안에 위치하고 있어· 갈수기에는 농업용수로 이용할 뿐만 아니라 연꽃·수련·소리쟁이·쇠무릎 등과 각종 수생 식물을 비... / 자료기준: 2022-12-01
P600,오조포구,자연관광,해양,포구경관,Area,AREA,RELATED·LOCAL,경관감상,"해안경관,자연",제주특별자치도 서귀포시 안덕면 사계북로41번길 192,제주특별자치도 서귀포시 안덕면 사계리 981,33.2482165,126.2988896,실외,OUTDOOR,800,UNKNOWN,공용주차장+화장실+편의점+유도 및 안내시설,"낙상(49), 교통사고(31), 추락(7)",,UNKNOWN,,,,,,,,,,,UNKNOWN,,,,,,Y,,,,,소개: 한적하고 조용한 마을에 위치한 오조포구는 바다 위 성산일출봉의 모습이 보이는 풍경이 아름답고 인기 드라마의 촬영지로 쓰여 관광객들이 많이 찾는 곳이다. 옆으로 제주특별자치도 올레 2코스가 지나기도 해서 도보 여행객들도 잠시 머물며 성산일출봉과 바다가 어우러진 경치와 제주올레 2코스를 따라 걷다 보면 보이는 식산봉에 올라... / 자료기준: 2022-12-01
P601,온평리포구,자연관광,해양,포구경관,Area,AREA,LOCAL,경관감상,"해안경관,자연",제주특별자치도 제주시 조천읍 교래3길 98,제주특별자치도 서귀포시 성산읍 온평리,33.431718,126.674669,실외,OUTDOOR,600,UNKNOWN,화장실+음료대+유도 및 안내시설,"낙상(49), 교통사고(32), 추락(8)",미상(1): 해양사고(1) / 종사자(선원)(1): 해양위험(1),UNKNOWN,,,,,,,,,,,UNKNOWN,,,,,,Y,,,,,소개: 전통 등대인 ‘도대’가 남아있는 온평리 마을의 포구다. 제주올레 2코스는 성산의 광치기 해변을 시작으로 다양하고 색다른 매력적인 길들을 따라 걷는 코스다. 코스의 종점이자 3코스의 시작점이기도 한 온평포구는 과거에는 주민들의 터전으로 자리했지만· 현재는 서쪽에 규모가 조금 더 큰 항을 만들어 현재는 올레길을 찾아오는 올레... / 자료기준: 2022-12-01
P602,웃세오름(누운오름),자연관광,산·오름,오름,Area,AREA,RELATED·LOCAL,등반·트레킹,"오름,전망",제주특별자치도 제주시 애월읍 1100로 1579-25,제주특별자치도 제주시 애월읍 광령리 산183-4,33.3598487,126.4607315,실외,OUTDOOR,3000,0,대피소+공중화장실+샘터,"교통사고(39), 낙상(5), 기타 둔상(3)",,UNKNOWN,,,,,,,,,,,UNKNOWN,,,,,,Y,,,,,소개: 한라산 정상밑에 서쪽으로 웃세오름 대피소주변에 영실등산 코스를 따라서 3개의 오름이 서로 이어져 있는데· 이 오름들은 1100고지 부근의 세오름(삼형제오름)에 비해 위쪽에 있다고 하여 웃세오름(일명 윗세오름)이라고 부른다 웃세오름은 각각 독자적인 호칭을 가지고 있는데· 위로 부터 남사면에 붉은 흙이 드러나 있는 것이 붉은... / 자료기준: 2022-12-01
P603,월대천,자연관광,지질·특수자원,하구·협곡,Area,AREA,LOCAL,경관감상,"자연경관,물",도로명주소 미보유,제주특별자치도 제주시 외도이동 2551,33.286325,126.171649,실외,OUTDOOR,1000,UNKNOWN,공중화장실(9동)+구급함+안내소,"교통사고(7), 열상(3), 낙상(2)",,UNKNOWN,,,,,,,,,,,UNKNOWN,,,,,,Y,,,,,소개: 월대천은 바다와 한라산 계곡물이 만나는 곳으로 사계절 시원하고 맑은 물이 흘러 여름철 피서지로 유명하다 270여년된 해송과 팽나무가 물 위로 휘늘어져 선경을 자아내는 곳이다 제주시 숨은 비경 31곳 중 하나로 선정되었고 아름다운 자연경관을 감상할 수 있고 하천 옆에 산책로가 있어 산책하기 좋다 / 자료기준: 2022-12-01
P604,월라봉(효돈),자연관광,산·오름,오름,Area,AREA,LOCAL,등반·트레킹,"오름,전망",도로명주소 미보유,제주특별자치도 서귀포시 신효동 1207-1,33.268023,126.602726,실외,OUTDOOR,600,UNKNOWN,주차장,UNKNOWN,,UNKNOWN,,,,,,,,,,,UNKNOWN,,,,,,Y,,,,,소개: 서귀포시에 위치한 신효동이 다른 마을보다 따뜻할 수 있는 이유는 바로 월라봉이 있기 때문이다 상효동과 신효동의 경계에 위치한 월라봉은 차가운 서북풍을 막아주는 역할을 한다. 3개의 봉우리로 이루어진 월라봉은 다양한 경로로 오를 수 있고 월라봉 중턱에 위치한 감귤박물관에 차를 세우고 산책로를 따라 걸으면 서포제동산과 전망대... / 자료기준: 2022-12-01
P605,월평포구,자연관광,해양,포구경관,Area,AREA,LOCAL,경관감상,"해안경관,자연",제주특별자치도 서귀포시 말질로 462,제주특별자치도 서귀포시 월평동 665-9,33.234332,126.463463,실외,OUTDOOR,300,10,주차장,"교통사고(8), 동물/곤충(1)",,UNKNOWN,,,,,,,,,,,UNKNOWN,,,,,,Y,,,,,소개: 월평포구는 달빛을 품은 작고 아름다운 포구로 1980년대에까지만 해도 태우와 풍선이 있었으며 마을 사람들은 동물개· 동물포구라고도 불렀다. 월평포구는 오목하게 들어온 작은 연못 같은 포구로 올레꾼들이 좋아하는 장소· 월평마을에 위치한 작고 아름다운 포구인 월평포구는 제주도 내 포구 중 제일 작은 포구로 작은 고깃배 4~5... / 자료기준: 2022-12-01
P606,윗세오름(웃세오름),자연관광,산·오름,오름,Area,AREA,RELATED·LOCAL,등반·트레킹,"오름,전망",도로명주소 미보유,제주특별자치도 제주시 애월읍 광령리 산 183-1,33.370172,126.48197,실외,OUTDOOR,3000,UNKNOWN,주차장,"교통사고(39), 낙상(5), 기타 둔상(3)",,UNKNOWN,,,,,,,,,,,UNKNOWN,,,,,,Y,,,,,소개: 제주에서 한라산을 제외하고 가장 높은 오름 으로써 어리목· 영실· 돈내코 탐방로와 연결되어 있으며 윗세오름은 3개의 오름을 통칭하는데 윗세오름 휴게서와 백록담 사이에 붉은오름· 휴게소에서 영실코스방향으로 누운오름· 민오름과 백록담 동남벽을 전망할 수 있는 전망대가 서치된 족은오름을 통칭한다. / 자료기준: 2022-12-01
P607,유건에오름,자연관광,산·오름,오름,Area,AREA,LOCAL,등반·트레킹,"오름,전망",도로명주소 미보유,제주특별자치도 서귀포시 성산읍 난산리 2302,33.413593,126.84679,실외,OUTDOOR,500,UNKNOWN,주차장,"교통사고(3), 낙상(3), 열상(2)",,UNKNOWN,,,,,,,,,,,UNKNOWN,,,,,,Y,,,,,소개: 유건에 오름은 북쪽과 서쪽의 봉우리가 이어져 1km의 능선을 이루고 있는 오름이다. 산 모양이 유생들이 쓰는 유건처럼 생겼다 하여 유건이오름이라 부른다고 하나 이 역시 한자 표기도 볼 수 있어 산명 자체가 분명치 않으며 그 어원도 미상이다. / 자료기준: 2022-12-01
P608,은월봉,자연관광,산·오름,오름,Area,AREA,LOCAL,등반·트레킹,"오름,전망",도로명주소 미보유,제주특별자치도 서귀포시 성산읍 난산리 2302,33.413593,126.84679,실외,OUTDOOR,500,UNKNOWN,주차장,"교통사고(3), 낙상(3), 열상(2)",,UNKNOWN,,,,,,,,,,,UNKNOWN,,,,,,Y,,,,,소개: 은월봉(隱月峰)· 은월악(隱月岳)· 능달악(凌達岳)· 은돌이오름· 윤드리오름· 눈드리오름· 은달이오름를 비롯해 많은 별칭이 있는데 그 수를 정확히 파악할 수 없으며 명칭의 유래도 정확히 알 수 없다. 높이 179.6m· 둘레 2·049m· 총면적 20만 9307㎡ 규모의 기생 화산으로 북동쪽으로 넓게 입구가 벌어진 말굽형... / 자료기준: 2022-12-01
P609,이달봉,자연관광,산·오름,오름,Area,AREA,LOCAL,등반·트레킹,"오름,전망",도로명주소 미보유,제주특별자치도 서귀포시 성산읍 난산리 2302,33.413593,126.84679,실외,OUTDOOR,800,UNKNOWN,주차장,"교통사고(3), 낙상(3), 열상(2)",,UNKNOWN,,,,,,,,,,,UNKNOWN,,,,,,Y,,,,,소개: 촛대봉과 함께 2개의 봉우리로 되어있는 이달봉은 들불축제로 유명한 새별 오름과 이웃해있으며 촛대봉과는 쌍둥이 화산체로 아름다운 선을 자랑한다. 이달봉은 119m인데 촛대봉보다 30m 이상이 높고 오르는 데는 10에서 20분 정도 걸리며 사이사이에 산불감시 초소가 많이 있다. 이달봉에는 소나무와 삼나무가 자라고 있고 탐방로... / 자료기준: 2022-12-01
P610,이승이오름(이승악),자연관광,산·오름,오름,Area,AREA,LOCAL,등반·트레킹,"오름,전망",도로명주소 미보유,제주특별자치도 서귀포시 남원읍 신례리 산 12-19,33.3147529,126.6310896,실외,OUTDOOR,1200,UNKNOWN,주차장,"교통사고(36), 낙상(27), 기타 둔상(9)",,UNKNOWN,,,,,,,,,,,UNKNOWN,,,,,,Y,,,,,소개: 이승이오름은 살쾡이를 닮아서 이승이란 이름을 갖게 되었지만 정확한 생김새를 확인하기는 수월치 않다. 능선에 울창하게 자라난 나무들 때문이다. 이런 모습은 제주특별자치도 오름에서 흔히 볼 수 있는 모습으로 주차장에 차를 세우고 이승이오름 갈림길에 들어서면 이승이오름 순환 코스· 수악길· 신례공동목자응로 갈라지는 길의 이정표... / 자료기준: 2022-12-01
P611,자배봉(자배오름·망오름),자연관광,산·오름,오름,Area,AREA,LOCAL,등반·트레킹,"오름,전망",도로명주소 미보유,제주특별자치도 서귀포시 남원읍 위미리 133-1,33.274125,126.6857332,실외,OUTDOOR,1178,UNKNOWN,주차장,"교통사고(147), 낙상(102), 기타 둔상(25)",,UNKNOWN,,,,,,,,,,,UNKNOWN,,,,,,Y,,,,,소개: 남원읍 위미리 대성동 중산간도로변에 접해 있는 오름으로· 오름 동쪽자락으로 난 길을 따라가면 북쪽기슭에 표고버섯 재배지로부터 정상의 분화구까지 오를 수 있다. 오름 북쪽정상에는 가시덤불속에 팽나무(폭낭) 한그루가 서 있고· 그 안에는 넓고 깊은 깔때기형 굼부리가 그 위용을 자랑한다. 북쪽봉우리와 남쪽봉우리가 뚜렷하고 남서... / 자료기준: 2022-12-01
P612,저지오름(닥몰오름·새오름),자연관광,산·오름,오름,Area,AREA,LOCAL,등반·트레킹,"오름,전망",도로명주소 미보유,제주특별자치도 제주시 한경면 저지리 산 51,33.333008,126.25095,실외,OUTDOOR,3298,UNKNOWN,주차장,"낙상(9), 기타 둔상(5), 교통사고(2)",,UNKNOWN,,,,,,,,,,,UNKNOWN,,,,,,Y,,,,,소개: 오름은 제주특별자치도 여행의 필수 코스 중 하나로 자리 잡았다. 그중 제주올레 13코스의 종점에 위치한 저지오름은 많은 사람들이 찾는 만큼 아름다운 풍경을 자랑하는 오름 중 한 곳이며· 2005년에는 생명의숲으로 지정되었고· 2007년 제8회 아름다운 숲 전국대회에서 대상(생명상)을 받았다. 저지오름은 그전까지는 '닥몰오... / 자료기준: 2022-12-01
P613,절물오름(큰대나),자연관광,산·오름,오름,Area,AREA,LOCAL,등반·트레킹,"오름,전망",제주특별자치도 제주시 명림로 584 일대,제주특별자치도 제주시 봉개동 산 78-1,33.433804,126.62747,실외,OUTDOOR,1000,UNKNOWN,주차장,"낙상(24), 교통사고(22), 추락(2)",,UNKNOWN,,,,,,,,,,,UNKNOWN,,,,,,Y,,,,,소개: 절물오름은 제주시 절물자연휴양림으로 널리 알려져 있는 오름으로· 오름 북쪽기슭을 끼고 절물휴양림이 조성되어 있어서 동부산업도로에서 명도암길로 쉽게 접근이 가능하며 절물약수터(샘물)로 유명하다. 이 오름은 두 봉우리로 이루어져 있으며 큰봉우리를 큰대나오름· 작은봉우리를 족은대나오름이라고 부르고 있다. 오름 동사면에는 원형의... / 자료기준: 2022-12-01
P614,절부암,자연관광,지질·특수자원,자연경관,Area,AREA,LOCAL,경관감상,자연경관,제주특별자치도 제주시 한경면 용수3길 22,제주특별자치도 제주시 한경면 용수리 4241-5,33.323613,126.166949,실외,OUTDOOR,400,20,공용주차장,"교통사고(16), 낙상(8), 동물/곤충(4)",,UNKNOWN,,,,,,,,,,,UNKNOWN,,,,,,Y,,,,,소개: 절부암은 제주올레 13코스 한경해안도로 용수포구 언덕동산에 자리한 곳으로· 앞에는 잔잔한 호수처럼 생긴 바다 입구가 보인다. 사철나무· 후박나무· 동백나무· 포나무 등의 난대식물이 울창하게 군락을 이루고 있는 모습이 보는 이들에게 제주의 자연에 가까워진 듯한 느낌을 준다. 난대식물 이외에도 환경부 지정 멸종위기 야생생물... / 자료기준: 2022-12-01
P615,정물오름,자연관광,산·오름,오름,Area,AREA,LOCAL,등반·트레킹,"오름,전망",도로명주소 미보유,제주특별자치도 제주시 한림읍 금악리 산 52-1,33.33764,126.33035,실외,OUTDOOR,1200,UNKNOWN,주차장,"교통사고(48), 낙상(22), 기타 둔상(4)",,UNKNOWN,,,,,,,,,,,UNKNOWN,,,,,,Y,,,,,소개: 정물오름의 명칭은 오름 앞에 있는 정물샘의 이름에서 따왔다. 제주도는 전국의 연평균 강수량에 비해 훨씬 많은 강수량에도 불구하고 마실 물이 귀했다. 특히· 중산간 지역에서 식수를 구하는 것은 더욱 어려워서 귀하게 여겼는데· 식수로 사용할 수 있던 물 중의 한 곳이 정물샘이다. 이 샘은 물이 깨끗하고 양이 많아 이곳에서 꽤... / 자료기준: 2022-12-01
P616,정월오름,자연관광,산·오름,오름,Area,AREA,LOCAL,등반·트레킹,"오름,전망",도로명주소 미보유,제주특별자치도 제주시 한림읍 금악리 산 52-1,33.33764,126.33035,실외,OUTDOOR,200,UNKNOWN,주차장,"교통사고(48), 낙상(22), 기타 둔상(4)",,UNKNOWN,,,,,,,,,,,UNKNOWN,,,,,,Y,,,,,소개: 정월오름은 북쪽으로 터진 말굽형 오름이지만 등성이가 북에서 두 가닥으로 좁게 모아져서 원형처럼 보일 정도로 둥그렇다. 올라가다보면 느지리오름과 밝은오름이 보인다. 소나무 사이로 비양도도 보인다. 굼부리 건너 맞은편 등성이 뒤로 느지리와 금악오름이 뚜렷하다. / 자료기준: 2022-12-01
P617,정의읍성,문화·전시,역사·문화유산,역사유적,Place,SPOT,LOCAL,관람,"역사문화,문화유산",도로명주소 미보유,제주특별자치도 서귀포시 표선면 성읍리 3294,33.39002,126.795239,실외,OUTDOOR,2000,UNKNOWN,주차장,"낙상(31), 교통사고(19), 기타 둔상(5)",,UNKNOWN,,,,,,,,,,,UNKNOWN,,,,,,Y,,,,,소개: 약 500년 동안 제주도 행정구역의 하나로서 정의현의 도읍지인 정의고을에 있는 성이다. 제주도는 1416년(태종 16) 이래 섬의 방어를 탄탄히 하기 위하여 그 행정구역이 제주목·대정현·정의현 등으로 나누어져 왔다. 곧· 한라산 북쪽인 지금의 제주시는 제주목이었고· 산의 남쪽인 서귀포시는 둘로 나누어져 그 동쪽은 대정현·... / 자료기준: 2022-12-01
P618,제주다원 녹차미로공원,자연관광,숲·공원,테마정원,Area,AREA,LOCAL,산책·생태관람,"정원,산책",제주특별자치도 서귀포시 산록남로 1246,제주특별자치도 서귀포시 색달동 산52,33.292481,126.42089,실외,OUTDOOR,600,50,공용주차장+화장실(2동),"낙상(104), 교통사고(45), 기타 둔상(38)",,UNKNOWN,,,,,,,,,,,UNKNOWN,,,,,,Y,,,,,소개: 제주다원녹차테마파크는 한라산 해발 500m 청정 지역인 제 2산록도로 1115번 도로상에 위치하고 있으며· 1996년에 조성한 제주도 민간 제1호 5만여평의 녹차 다원으로 년간 5만 여명의 관광객이 다녀간다. 제주다원녹차테마파크 전망대에서 바라본 풍경은 서귀포 70경 중 제 1경이라 할 만큼 아름답다. 서쪽으로는 서귀포... / 자료기준: 2022-12-01
P619,제주올레 12코스,자연관광,트레일·산책로,올레길,Area,AREA,RELATED·LOCAL,산책·트레킹,"도보,올레길",도로명주소 미보유,제주특별자치도 서귀포시 대정읍 신도리 2883-2,33.286325,126.171649,실외,OUTDOOR,4000,UNKNOWN,공중화장실(9동)+구급함+안내소,"교통사고(7), 열상(3), 낙상(2)",,UNKNOWN,,,,,,,,,,,UNKNOWN,,,,,,Y,,,,,소개: 제주올레 12코스는 제주자연생태문화체험골 입구에서부터 용수포구 절부암 앞까지 이어진다. 17.1km 길로 약 5~6시간이 소요된다. 폐교에서 도예관으로 변신한 산경도예에서 도자기와 작품을 구경할 수 있다. 지역주민들을 위한 교육과 체험학습도 진행된다. / 자료기준: 2022-12-01
P620,제주올레 13코스,자연관광,트레일·산책로,올레길,Area,AREA,RELATED·LOCAL,산책·트레킹,"도보,올레길",도로명주소 미보유,제주특별자치도 제주시 한경면 조수리 2137-2,33.328831,126.21221,실외,OUTDOOR,4000,UNKNOWN,공중화장실(3동)+구급함+안내소,"교통사고(1), 열상(1), 동물/곤충(1)",,UNKNOWN,,,,,,,,,,,UNKNOWN,,,,,,Y,,,,,소개: 제주올레 13코스는 용수포구 절부암 앞에서 시작하여 저지예술정보화마을까지 이어진 14.8km의 길로 약 4~5시간 소요되며· 바다에서 시작하지만 한라산을 향하며 제주특별자치도 서부 깊숙한 곳까지 이른다. / 자료기준: 2022-12-01
P621,제주올레 14코스,자연관광,트레일·산책로,올레길,Area,AREA,RELATED·LOCAL,산책·트레킹,"도보,올레길",도로명주소 미보유,제주특별자치도 제주시 한림읍 월령리 산 9-15,33.371229,126.224845,실외,OUTDOOR,4500,UNKNOWN,공중화장실(6동)+구급함+안내소,"낙상(10), 교통사고(3), 동물/곤충(3)",,UNKNOWN,,,,,,,,,,,UNKNOWN,,,,,,Y,,,,,소개: 제주올레14코스는 저지 예술 정보화 마을부터 한림항까지 이어지며· 약 18.9km의 길로 6~7시간 정도 소요된다. 중간에 '오시록헌 농로'에 도착한다. ‘오시록헌’은 아늑하다는 뜻의 제주어다. 끝없이 펼쳐지는 푸른 밭과 돌담들을 보면 그 뜻을 느낄 수 있다. / 자료기준: 2022-12-01
P622,제주올레 2코스,자연관광,트레일·산책로,올레길,Area,AREA,RELATED·LOCAL,산책·트레킹,"도보,올레길",도로명주소 미보유,제주특별자치도 서귀포시 성산읍 고성리 1402-1,33.433671,126.897301,실외,OUTDOOR,4000,UNKNOWN,공중화장실(5동)+구급함+안내소,"낙상(94), 교통사고(37), 기타 둔상(20)",,UNKNOWN,,,,,,,,,,,UNKNOWN,,,,,,Y,,,,,소개: 제주올레 2코스는 광치기해변부터 온평포구까지 약 4~5시간 걸을 수 있는 14.5km 거리의 코스다. 광치기해변을 시작으로 내수면 둑방길을 넘어가면 식산봉이 나온다. 식산봉은 55m의 낮은 오름이며 등산길이 잘 되어있고 험난하지 않아 금세 정상에 갈 수 있다. / 자료기준: 2022-12-01
P623,제주올레 3코스,자연관광,트레일·산책로,올레길,Area,AREA,RELATED·LOCAL,산책·트레킹,"도보,올레길",도로명주소 미보유,제주특별자치도 서귀포시 표선면 하천리 871,33.3575255,126.8327766,실외,OUTDOOR,5000,UNKNOWN,공중화장실(7동)+구급함+안내소,"교통사고(7), 낙상(4), 기타 둔상(3)",,UNKNOWN,,,,,,,,,,,UNKNOWN,,,,,,Y,,,,,소개: 제주올레 3코스는 온평포구를 시작으로 표선해비치해변까지의 코스다. 시작점을 지나면 A코스와 B코스로 나뉜다. A코스는 약 20km로 6~7시간 정도 걸린다. 통 모양을 닮은 통오름에서 야생화와 방목 말을 볼 수 있다. 특히 가을에는 억새꽃 풍경이 아름답다. 통오름을 내려와 도로를 따라가면 금세 독자봉이 나오는데· 통오름과... / 자료기준: 2022-12-01
P624,제주올레 4코스,자연관광,트레일·산책로,올레길,Area,AREA,RELATED·LOCAL,산책·트레킹,"도보,올레길",도로명주소 미보유,제주특별자치도 서귀포시 남원읍 태흥리 2002,33.299872,126.753596,실외,OUTDOOR,4500,UNKNOWN,공중화장실(7동)+구급함+안내소,"교통사고(15), 낙상(10), 열상(1)",,UNKNOWN,,,,,,,,,,,UNKNOWN,,,,,,Y,,,,,소개: 제주특별자치도 올레 4코스는 표선에서 남원 사이를 지난다. 총 23.6km로 걷는 시간은 약 6~7시간정도 소요된다. 다른 올레길에 비해서 난도가 높은 편이다. 가장 긴 코스로 오름과 해안도로를 포함한다. 코스에 포함된 가마리 해녀올레는 ‘세계 최초의 전문직 여성’인 제주특별자치도 해녀의 삶을 여실히 보여준다. / 자료기준: 2022-12-01
P625,제주특별자치도 도립미술관,문화·전시,전시시설,미술관,Place,SPOT,GENERAL,관람,"문화,전시",제주특별자치도 제주시 1100로 2894-78,제주특별자치도 제주시 연동 680-7,33.45921,126.48759,실내+실외,MIXED,1187,100,주차장,"낙상(141), 교통사고(71), 상해(32)",,UNKNOWN,,,,,5000,무료,09:00~18:00,"월요일, 신정, 설연휴, 추석연휴",1시간~1시간30분,,UNKNOWN,,,,,,Y,,,,,소개: 제주도립미술관은 제주도 같이 물 위에 떠있는 모습으로 설계되었다. 미술관을 둘러싼 물 그림자에 미술관과 자연풍경이 함께 담겨 그 자체로 예술 작품이 된다. 제주를 대표해 제주특별자치도 사람들의 삶과 문화· 예술을 담아내는 전시가 꾸준히 열린다. / 자료기준: 2022-12-01
P626,종달리전망대,자연관광,지질·특수자원,자연경관,Area,AREA,LOCAL,경관감상,자연경관,제주특별자치도 제주시 구좌읍 해맞이해안로 2196,제주특별자치도 제주시 구좌읍 종달리 425,33.50354,126.912749,실외,OUTDOOR,248,30,주차장,"교통사고(29), 낙상(11), 기타 둔상(3)",,UNKNOWN,,,,,,,,,,,UNKNOWN,,,,,,Y,,,,,소개: 종달리 전망대는 종달리해안도로에서 해안방향의 높은 언덕 위에 흡사 배의 갑판처럼 보이는 모양으로 세워져 있다. 동쪽으로는 성산일출봉· 서쪽으로는 토끼섬· 앞바다에는 제주특별자치도 섬 안의 섬 중 가장 유명한 우도를 한 눈에 볼 수 있다. 망원경도 설치되어 있어· 멀리 있는 전경들을 더욱 가까이에서 마주할 수도 있다. 파란... / 자료기준: 2022-12-01
P627,진빌레 밭담길,자연관광,트레일·산책로,트레일,Area,AREA,RELATED·LOCAL,산책·트레킹,"도보,트레킹",제주특별자치도 제주시 구좌읍 월정서로 169,제주특별자치도 제주시 구좌읍 월정리 1400-45,33.562599,126.779229,실외,OUTDOOR,1609,20,공중화장실+주차장,"낙상(26), 교통사고(25), 열상(8)",,UNKNOWN,,,,,,,,,,,UNKNOWN,,,,,,Y,,,,,소개: 진빌레 밭담길은 구좌읍 월정리에 위치한다. 제주특별자치도 농촌 문화 체험과 지역 홍보를 위해 조성되었다. 제주특별자치도 전역의 밭담은 2014년 FAO 세계중요농업유산으로 등재되었다. / 자료기준: 2022-12-01
P628,천아숲길 천아계곡,자연관광,트레일·산책로,숲길트레일,Area,AREA,RELATED·LOCAL,산책·트레킹,"도보,숲길",도로명주소 미보유,제주특별자치도 제주시 애월읍 봉성리 산 1,33.3542696,126.4230097,실외,OUTDOOR,1200,20,주차공간+공용화장실,"교통사고(19), 낙상(13), 기타 둔상(7)",,UNKNOWN,,,,,,,,,,,UNKNOWN,,,,,,Y,,,,,소개: 천아숲길은 돌오름에서 천아수원지까지 10.9km의 구간으로· 중간에 돌오름· 노로오름· 천아오름 등이 분포하고 있다. 숲길을 들어가는 초입에서 천아계곡에 맞딱뜨리는데· 가을에는 이 계곡의 단풍이 빼어나게 아름다워 많은 이들이 단풍 구경을 하기 위해 찾는다. 숲 길은 이 계곡을 건너야 하기 때문에 우천 후 2일 간은 안정상... / 자료기준: 2022-12-01
P629,청수곶자왈,자연관광,숲·공원,곶자왈숲,Area,AREA,RELATED·LOCAL,산책·생태관람,"숲,생태",제주특별자치도 제주시 한경면 대한로 1036,제주특별자치도 제주시 한경면 청수리 산4,33.317565,126.2476736,실외,OUTDOOR,1000,10,공용주차장+화장실,"교통사고(7), 낙상(3), 말달구지(2)",,UNKNOWN,,,,,,,,,,,UNKNOWN,,,,,,Y,,,,,소개: 청수 곶자왈은 한경-안덕 곶자왈의 중심부에 속한다. 곶자왈이란 ‘곶’과 ‘자왈’의 합성어로 된 고유 제주어로서· 곶은 숲을 뜻하고· 자왈은 표준어로 ‘덤불에 해당한다. 청수곶자왈은 제주도 내 최대 운문산 반딧불이 서식지이다. 그만큼 생태 숲이 청정하게 유지되고 있다. / 자료기준: 2022-12-01
P630,추자도등대,자연관광,해양,해안경관,Area,AREA,LOCAL,경관감상,"해안경관,자연",제주특별자치도 제주시 추자면 영흥4길 43,제주특별자치도 제주시 추자면 영흥리 75,33.955172,126.296823,실외,OUTDOOR,300,3,공중화장실+주차장,"낙상(6), 물(2), 기타 둔상(1)",,Y,추자도,제주항,60.0,Y,,,,,,,UNKNOWN,,,,,,Y,,1일 2~3회,여객선 필수 — 풍랑특보 시 결항. 방문 전 운항 확인 필요,,소개: 추자도 등대는 제주특별자치도 해협과 부산· 목포 등 내륙을 오가는 여객선과 화물선 그리고 동중국해를 항해하는 선박들의 안전한 밤길을 인도하는 역할을 한다. / 자료기준: 2022-12-01
P631,추자연도교,자연관광,해양,해안경관,Area,AREA,LOCAL,경관감상,"해안경관,자연",도로명주소 미보유,제주특별자치도 제주시 추자면 영흥리 97-3,33.952692,126.304051,실외,OUTDOOR,500,5,공중화장실(수장공원)+공용주차장,"낙상(6), 물(2), 기타 둔상(1)",,UNKNOWN,,,,,,,,,,,UNKNOWN,,,,,,Y,,,,,소개: 추자 연도교는 상추자도와 하추자도를 잇는다. 1972년 완공하였으나· 골제를 실은 트럭이 통행하다가 다리가 무너지는 바람에 1995년 다시 공사를 진행하여 총길이 212m· 폭 8.6m로 완공된 다리이다. / 자료기준: 2022-12-01
P632,큰노꼬메오름,자연관광,산·오름,오름,Area,AREA,LOCAL,등반·트레킹,"오름,전망",도로명주소 미보유,제주특별자치도 제주시 애월읍 유수암리 산 138,33.388609,126.411236,실외,OUTDOOR,1000,40,주차장+화장실(1동),"교통사고(19), 낙상(14), 열상(4)","관광객(2): 시설/차량충돌(1), 길잃음(1) / 지역주민(3): 미끄럼/낙상(1), 길잃음(1), 비포장노면(1)",UNKNOWN,,,,,,,,,,,UNKNOWN,,,,,,Y,,,,,소개: 노꼬메큰오름은 제주특별자치도 북서쪽 중산간에 자리 잡고 있으며 바로 옆에 노꼬메족은오름이 나란히 서 있다. 높고 뾰족한 오름이 노꼬메큰오름이고 그 옆의 낮은 오름이 노꼬메족은오름이다. 노꼬메큰오름은 해발 800m의 높이와 가파른 사면을 이루고 두 개의 봉우리를 품고 있는 큰 화산체다. 북쪽의 봉우리가 주봉으로 정상이고 화... / 자료기준: 2022-12-01
P633,큰바리메오름,자연관광,산·오름,오름,Area,AREA,LOCAL,등반·트레킹,"오름,전망",제주특별자치도 제주시 애월읍 산록서로 15,제주특별자치도 제주시 애월읍 어음리 산3,33.3902393,126.3754245,실외,OUTDOOR,800,44,주차장+화장실,"교통사고(41), 낙상(17), 기타 둔상(6)",,UNKNOWN,,,,,,,,,,,UNKNOWN,,,,,,Y,,,,,소개: 바리미오름은 해발 763m이며 오름의 형상은 원형이다. 오름의 모양이 바리를 닮았다고 하여 지어진 이름이다. 바리는 제주도에서 여성들의 밥그릇으로 사용된 그릇이다. 정상부의 분화구(굼부리)는 둘레가 130m이고 깊이는 78m이며 전형적인 분화구의 모습을 잘 간직하고 있는 곳이다. 오름의 서쪽으로는 완만한 경사지로 목장이... / 자료기준: 2022-12-01
P634,큰사슴이오름(대록산),자연관광,산·오름,오름,Area,AREA,LOCAL,등반·트레킹,"오름,전망",도로명주소 미보유,제주특별자치도 서귀포시 표선면 가시리 산 68,33.3914831,126.7449428,실외,OUTDOOR,2000,200,주차장+화장실(1동),"낙상(14), 교통사고(9), 기타 둔상(3)",,UNKNOWN,,,,,,,,,,,UNKNOWN,,,,,,Y,,,,,소개: 큰사슴이오름은 소록산과 자락을 맞대어 있다. 형태는 전반적으로 가파르고 둥근 산체에 동서로 다소 퍼져있으며· 정상부의 동서 봉우리 사이에 둥그렇게 패어있는 원형 화구를 갖는 화산체이다. 화구 안사면에는 해송· 삼나무 등 잡목으로 숲을 이루면서 정상부로 양지바른 곳에는 진달래가 식생하고· 지형 지세가 마치 사슴과 비슷하다고... / 자료기준: 2022-12-01
P635,탐나라 공하국(제주남이섬),문화·전시,역사·문화유산,문화유산,Place,SPOT,GENERAL,관람,"문화,역사문화",도로명주소 미보유,제주특별자치도 제주시 한림읍 금악리 81-8,33.31075,126.357635,실외,OUTDOOR,2000,40,주차장+화장실,"교통사고(26), 낙상(13), 상해(2)",,UNKNOWN,,,,,,,,,,,UNKNOWN,,,,,,Y,,,,,소개: 제주특별자치도 서쪽 한림읍 금악리에 자리 잡은 탐나라공화국은 대한민국 안에 개국한 또 하나의 나라다. 정확하게는 가상국가형 테마파크이다. 초소 형국 가체(Micro nation)라고 한다. 이미 경기도에 남이섬 공화국을 만들었던 이곳 대통령(강우현 대표)은 ‘탐나라공화국은 여행자가 함께 가꾸는 나라’라고 말한다. 이름부터... / 자료기준: 2022-12-01
P636,토끼섬,자연관광,해양,해안경관,Area,AREA,LOCAL,경관감상,"해안경관,자연",도로명주소 미보유,제주특별자치도 제주시 구좌읍 하도리 산 85,33.5187514,126.8830214,실외,OUTDOOR,100,15,주차공간+화장실(+별방진 왼쪽편 개방화장실),"낙상(24), 교통사고(7), 열상(4)",종사자(1): 해양사고(1),UNKNOWN,,,,,,,,,,,UNKNOWN,,,,,,Y,,,,,소개: 제주시 구좌읍 하도리 굴동포구에 이르면 약 50미터쯤 떨어진 곳에 표류하는 듯 떠 있는 작은 섬이 보인다. 그 섬이 바로 토끼섬으로 한여름 하얀 문주란꽃이 온 섬을 뒤덮을 때 그 모양이 토끼 같아서 붙여진 이름이다. 우리나라에서 유일하게 문주란이 자생하고 있다. 먼 옛날 멀리 아프리카 남단에서 파도를 타고 온 씨앗이 정착... / 자료기준: 2022-12-01
P637,파파빌레,자연관광,지질·특수자원,자연경관,Area,AREA,LOCAL,경관감상,자연경관,제주특별자치도 제주시 조천읍 남조로 2185,제주특별자치도 제주시 조천읍 와흘리 165-8,33.460612,126.660918,실외,OUTDOOR,200,100,주차장+화장실,"교통사고(21), 낙상(3), 기타 둔상(3)",,UNKNOWN,,,,,,,,,,,UNKNOWN,,,,,,Y,,,,,소개: 도심 빌딩 숲에서 쌓인 스트레스를 수만 년 된 현무암 숲 음이온으로 확 날릴 수 있는 곳. 건강한 체험과 자연체험 위주로 파파빌레는 6시간 코스를 운영하고 있다. 일반인은 물론 평소에 고지혈증· 당뇨· 고혈압 등 약을 복용 중인 사람에게도 적극적으로 추천하는 치유 프로그램이다. 프로그램은 사업장 운영에 따라 변동될 수 있... / 자료기준: 2022-12-01
P638,한림오일장,상업·쇼핑,시장,오일시장,Place,SPOT,CENTRAL·LOCAL,쇼핑·식음료,"전통시장,지역상권",제주특별자치도 제주시 한림읍 한수풀로4길 10,제주특별자치도 제주시 한림읍 대림리 1698-4,33.420152,126.274234,실내+실외,MIXED,2699,100,관리사무소+주차장+공중화장실,"낙상(5), 기타 둔상(4), 교통사고(3)",,UNKNOWN,,,,,,,,,,,UNKNOWN,,,,,,Y,,,,,소개: 한림민속오일시장은 한림읍 주민들로 북적대는 곳이다. ’한림조끄뜨레시장‘ 이라는 재미있는 이름도 가지고 있다. 조끄뜨레는 제주어로 곁에· 가까이라는 의미로· 여러분 곁에 가까이 있는 시장이라는 의미이다. 규모는 작지만· 현지인에게 필요한 생필품· 농기구· 의류 등 없는 것이 없는 알짜배기 시장이다. 농어업이 발달한 지역인... / 자료기준: 2022-12-01
P639,항파두리항목유적지,문화·전시,역사·문화유산,역사유적,Place,SPOT,LOCAL,관람,"역사문화,문화유산",제주특별자치도 제주시 애월읍 항파두리로 50,제주특별자치도 제주시 애월읍 상귀리 1012,33.451946,126.410416,실외,OUTDOOR,6000,129,주차장+화장실+무료 WIFI+음료대,"교통사고(7), 낙상(2), 기타 둔상(2)",,UNKNOWN,,,,,무료,무료,8:30~18:00,연중무휴,30분~1시간,,UNKNOWN,,,,,,Y,,,,,소개: 제주항파두리 항몽 유적은 13세기 말엽(1271~1273)원나라 침략에 맞서 끝까지 항거한 고려무인의 정서가 서린 삼별초군의 마지막 보루였던 곳이다. 삼별초군은 남하하여 진도의 용장성을 근거지로 항전하였으나· 원나라 세력에 의해 원종 12년(1271) 진도가 함락되고 배중손 장군이 전사하게 되자 김통정 장군이 잔여부대를... / 자료기준: 2022-12-01
P640,헌마공신김만일기념관,문화·전시,역사·문화유산,문화유산,Place,SPOT,LOCAL,관람,"문화,역사문화",제주특별자치도 서귀포시 남원읍 서성로 919,제주특별자치도 서귀포시 남원읍 한남리 992,33.336699,126.69205,실외,OUTDOOR,500,24,주차장+화장실+수유대+전기자동차 충전소,"교통사고(4), 낙상(4), 열상(1)",,UNKNOWN,,,,,,,,,,,UNKNOWN,,,,,,Y,,,,,소개: 서귀포시 남원읍 서성로 919에 위치한 헌마공신 김만일기념관은 2021년 8월 문을 열었다. 이곳은 임진왜란 당시 전쟁에 사용할 말을 헌납하면서 국난극복에 기여한 김만일(1550~1632)을 기리기 위해 지어진 기념관이다. / 자료기준: 2022-12-01
P641,혼인지,문화·전시,역사·문화유산,역사유적,Place,SPOT,LOCAL,관람,"역사문화,문화유산",제주특별자치도 서귀포시 성산읍 혼인지로 39-22,제주특별자치도 서귀포시 성산읍 온평리 1693,33.41507,126.89409,실외,OUTDOOR,500,50,주차장+화장실(2동),"교통사고(19), 낙상(10), 기타 둔상(3)",,UNKNOWN,,,,,,,,,,,UNKNOWN,,,,,,Y,,,,,소개: 넓은 연못인 혼인지에서 삼신이 혼례를 올림으로써 자손이 늘어나고 농사가 시작되었다는 전설이 있다. 이 때문에 ‘열온 또는 열운’이라는 옛 이름을 가진 온평리는 혼인지 마을로 불리게 되었으며· 탐라국의 건국 신화가 전해지는 삼성혈과도 관련되어 있어 함께 들린다면 더욱 흥미롭게 제주도를 느낄 수 있다. 제주특별자치도 올레 2... / 자료기준: 2022-12-01
P642,환상숲 곶자왈공원,자연관광,숲·공원,곶자왈숲,Place,SPOT,RELATED·LOCAL,산책·생태관람,"숲,생태",제주특별자치도 제주시 한경면 녹차분재로 594-1,제주특별자치도 제주시 한경면 저지리 2848-2,33.322342,126.26323,실외,OUTDOOR,429,UNKNOWN,주차장,"낙상(9), 기타 둔상(5), 교통사고(2)",,UNKNOWN,,,,,,,,,,,UNKNOWN,,,,,,Y,,,,,소개: 곶자왈은 토속 제주어다. ‘곶’은 숲을 뜻하며· ‘자왈’은 나무나 덩굴이 얽히고 설킨 것을 말한다. 제주특별자치도 곳곳에는 이처럼 천연 그대로 우거진 곶자왈이 많다. 그 중 환상숲곶자왈은 한 가족의 사연이 있는 곳. 환상숲 안 쪽에 세워진 안내판에서 이런 글귀를 볼 수 있다. “마흔 일곱· 오른쪽 몸이 마비되었습니다. 사... / 자료기준: 2022-12-01
P643,수풍석 뮤지엄,문화·전시,전시시설,박물관,Place,SPOT,LOCAL,관람,"건축,자연,문화",제주특별자치도 서귀포시 안덕면 산록남로762번길 79,제주특별자치도 서귀포시 안덕면 상천리 791,33.3011,126.3917,실내+실외,MIXED,50,UNKNOWN,주차장+셔틀버스,"교통사고(17), 낙상(6), 기타 둔상(1)",,UNKNOWN,,,,,,,,,,,UNKNOWN,,,,,,Y,,,,,"소개: 수(水)·풍(風)·석(石)뮤지엄은 제주도의 물·바람·돌을 각각의 테마로 삼은 예약제 건축·명상 공간이다. 포도호텔을 설계한 이타미 준이 디자인했으며, 수뮤지엄·풍뮤지엄·석뮤지엄 등을 큐레이터 동행 투어로 관람한다. 공휴일 휴관, 관람은 1일 2회 운영되며 홈페이지 사전 예약 필요. / 자료기준: 2026-06-16"
P644,유동룡미술관,문화·전시,전시시설,미술관,Place,SPOT,LOCAL,관람,"문화,실내관람",제주특별자치도 제주시 한림읍 용금로 906-10,제주특별자치도 제주시 한림읍 월림리 115-161,33.3406,126.2707,실내,INDOOR,500,UNKNOWN,주차장+화장실+식음료시설+기념품점+엘리베이터+안내시설,"낙상(5), 교통사고(4), 추락(2)",,UNKNOWN,,,,,,,,,,,UNKNOWN,,,,,,Y,,,,,"소개: 유동룡미술관(ITAMI JUN MUSEUM)은 건축가 겸 아티스트 이타미 준(유동룡)의 건축 철학과 예술 세계를 조명하는 미술관이다. 연면적 700㎡, 지상 2층 규모에 1970년부터 2011년까지의 건축 작품과 회화·서예·조각 등을 전시하고, 라이브러리·티 라운지·뮤지엄 스토어를 운영한다. 사전 예약 우선, 운영시간 10:00~18:00(입장 마감 17:00). / 자료기준: 2026-06-16"
P645,제주난타,문화·전시,공연·엔터테인먼트,공연,Place,SPOT,CENTRAL·POPULAR,공연관람,"공연,실내관람",제주특별자치도 제주시 선돌목동길 56-26,제주특별자치도 제주시 오등동 10-1,33.4458273,126.5479103,실내,INDOOR,659,UNKNOWN,공용주차장+무료 WIFI,"교통사고(32), 낙상(27), 동물/곤충(4)",,UNKNOWN,,,,,,,,,,,UNKNOWN,,,,,,Y,,,,,제주난타: 퍼포먼스 전용 극장
P646,제주아리랑 혼,문화·전시,공연·엔터테인먼트,공연,Event,EVENT,RELATED,공연관람,"공연,실내관람",제주특별자치도 서귀포시 표선면 번영로 2564-21,제주특별자치도 서귀포시 표선면 성읍리 2684,33.4026984,126.7786456,실내,INDOOR,930,56,공용주차장+화장실+무료 WIFI+흡연구역+편의점,"낙상(31), 교통사고(19), 기타 둔상(5)",,UNKNOWN,,,,,,,,,,,○,,,,SEASONAL_ONLY,태권마샬아츠 타악 공연 — 상설/부정기,N,"2026년 구체 일정 미공표 — 개최 시기만 추정, 추천 제외",,,,제주아리랑 혼: 태권마샬아츠 타악 공연
P647,제주아트센터,문화·전시,공연·엔터테인먼트,공연장,Place,SPOT,CENTRAL,공연관람,"공연,문화시설",제주특별자치도 제주시 오남로 231,제주특별자치도 제주시 오라이동 898-8,33.4751044,126.5155185,실내,INDOOR,1184,100,엘리베이터+수유실,"교통사고(16), 낙상(5), 기타 둔상(4)",,UNKNOWN,,,,,,,,,,,UNKNOWN,,,,,,Y,,,,,제주아트센터: 대규모 문화예술 공연장
P648,신천리벽화마을,문화·전시,복합문화공간,문화거리,Area,AREA,RELATED·LOCAL,관람·체험,포토존,제주특별자치도 서귀포시 성산읍 신천서로 5,제주특별자치도 서귀포시 성산읍 신천리 478-7,33.344184,126.8497937,실외,OUTDOOR,80,9,,"교통사고(7), 낙상(6), 물(1)",,UNKNOWN,,,,,,,,,,,UNKNOWN,,,,,,Y,,,,,신천리벽화마을: 바다 뷰 벽화마을
P649,제주돌마을공원,문화·전시,복합문화공간,문화공원,Place,SPOT,RELATED,관람·산책,"문화공원,산책",제주특별자치도 제주시 한림읍 금능남로 421,제주특별자치도 제주시 한림읍 금능리 368-2,33.353784,126.2536922,실외,OUTDOOR,150,UNKNOWN,주차장,"낙상(27), 교통사고(17), 열상(9)",,UNKNOWN,,,,,,,,,,,UNKNOWN,,,,,,Y,,,,,제주돌마을공원: 화산석 테마 공원
P650,제주밭담테마공원,문화·전시,복합문화공간,문화공원,Place,SPOT,RELATED,관람·산책,"문화공원,산책",제주특별자치도 제주시 구좌읍 월정서로 162,제주특별자치도 제주시 구좌읍 월정리 1400-14,33.5631895,126.7788381,실외,OUTDOOR,100,UNKNOWN,화장실,"낙상(26), 교통사고(25), 열상(8)",,UNKNOWN,,,,,,,,,,,UNKNOWN,,,,,,Y,,,,,제주밭담테마공원: 돌담 문화 공원
P651,가파초등학교 마라분교장,문화·전시,복합문화공간,문화공간,Place,SPOT,RELATED·LOCAL,산책·관람,"문화,야외",제주특별자치도 서귀포시 대정읍 마라로 58,제주특별자치도 서귀포시 대정읍 가파리 696,33.119295,126.2667194,실외,OUTDOOR,30,UNKNOWN,,"교통사고(3), 낙상(2)",,UNKNOWN,,,,,,,,,,,UNKNOWN,,,,,,Y,,,,,가파초등학교 마라분교장: 국토 최남단 학교
P652,서복공원,문화·전시,복합문화공간,문화공원,Place,SPOT,RELATED,관람·산책,"문화공원,산책",제주특별자치도 서귀포시 칠십리로 156-8,제주특별자치도 서귀포시 동홍동 296-1,33.2448092,126.5706571,실외,OUTDOOR,120,40,공중화장실,"교통사고(25), 낙상(22), 기타 둔상(5)",,UNKNOWN,,,,,,,,,,,UNKNOWN,,,,,,Y,,,,,서복공원: 서복 전설 테마 공원
P653,저지문화예술인마을,문화·전시,복합문화공간,예술마을,Area,AREA,RELATED·LOCAL,관람·체험,포토존,제주특별자치도 제주시 한경면 중산간서로 3675,제주특별자치도 제주시 한경면 저지리 1863-1,33.3327001,126.2558493,실외+실내,UNKNOWN,200,81,엘리베이터+수유실,"낙상(9), 기타 둔상(5), 교통사고(2)",,UNKNOWN,,,,,,,,,,,UNKNOWN,,,,,,Y,,,,,저지문화예술인마을: 갤러리 밀집 예술인마을
P654,제주4.3평화공원,문화·전시,역사·문화유산,역사기념공원,Place,SPOT,CENTRAL·POPULAR,추모·관람,"역사문화,추모",제주특별자치도 제주시 명림로 430,제주특별자치도 제주시 봉개동 237-2,33.4498255,126.6177476,실내+실외,MIXED,10000,150,공용주차장+화장실+무료 WIFI+음료대+임산부 휴게시설+엘리베이터,"낙상(24), 교통사고(22), 추락(2)",,UNKNOWN,,,,,무료,무료,09:00~18:00,"첫째,셋째 월요일 휴관",1시간~1시간30분,,UNKNOWN,,,,,,Y,,,,,제주4.3평화공원: 4.3사건 역사 평화공원
P655,송악산진지동굴,문화·전시,역사·문화유산,역사유적,Place,SPOT,CENTRAL·RELATED,관람,역사문화,도로명주소미보유,제주특별자치도 서귀포시 대정읍 상모리 194-2,33.2030708,126.2913099,실외,OUTDOOR,50,UNKNOWN,공용주차장+화장실+무료 WIFI,"낙상(24), 교통사고(13), 기타 둔상(1)",,UNKNOWN,,,,,,,,,,,UNKNOWN,,,,,,Y,,,,,송악산진지동굴: 일제강점기 군사 유적
P656,다랑쉬굴,문화·전시,역사·문화유산,역사유적,Place,SPOT,CENTRAL·RELATED,관람,역사문화,도로명주소미보유,제주특별자치도 제주시 구좌읍 세화리 2608-6,33.4698851,126.8321332,실외,OUTDOOR,20,UNKNOWN,,"낙상(16), 교통사고(10), 상해(4)",,UNKNOWN,,,,,,,,,,,UNKNOWN,,,,,,Y,,,,,다랑쉬굴: 4.3사건 유적지
P657,진아영 할머니 삶터,문화·전시,역사·문화유산,역사유적,Place,SPOT,LOCAL,관람,역사문화,제주특별자치도 제주시 한림읍 월령1길 22,제주특별자치도 제주시 한림읍 월령리 381,33.3761294,126.214599,실외,OUTDOOR,20,0,,"낙상(10), 교통사고(3), 동물/곤충(3)",,UNKNOWN,,,,,,,,,,,UNKNOWN,,,,,,Y,,,,,진아영 할머니 삶터: 무명천 할머니 생가
P658,서귀포 김정희 유배지,문화·전시,역사·문화유산,역사유적,Place,SPOT,CENTRAL·RELATED,관람,역사문화,제주특별자치도 서귀포시 대정읍 추사로 44,제주특별자치도 서귀포시 대정읍 안성리 1661-1,33.2497961,126.2784939,실외,OUTDOOR,150,UNKNOWN,엘리베이터+유모차대여,"교통사고(3), 낙상(3), 기타 둔상(2)",,UNKNOWN,,,,,,,,,,,UNKNOWN,,,,,,Y,,,,,서귀포 김정희 유배지: 추사 김정희 유배터
P659,귀빈사,문화·전시,역사·문화유산,역사유적,Place,SPOT,LOCAL,관람,역사문화,제주특별자치도 제주시 구좌읍 비자림로 1456,제주특별자치도 제주시 구좌읍 송당리 2438,33.4447365,126.7590992,실외,OUTDOOR,20,UNKNOWN,,"교통사고(67), 낙상(31), 기타 둔상(4)",,UNKNOWN,,,,,,,,,,,UNKNOWN,,,,,,Y,,,,,귀빈사: 이승만 별장
P660,대한민국최남단비,문화·전시,역사·문화유산,기념비,Place,SPOT,RELATED·LOCAL,관람,"역사문화,기념비",제주특별자치도 서귀포시 대정읍 마라로 131,제주특별자치도 서귀포시 대정읍 가파리 583-9,33.1141134,126.2684382,실외,OUTDOOR,50,UNKNOWN,공중화장실,"교통사고(3), 낙상(2)",,UNKNOWN,,,,,,,,,,,UNKNOWN,,,,,,Y,,,,,대한민국최남단비: 마라도 최남단 기념비
P661,제주가마오름일제동굴진지,문화·전시,역사·문화유산,역사유적,Place,SPOT,CENTRAL·RELATED,관람,역사문화,제주특별자치도 제주시 한경면 청수서5길 63,제주특별자치도 제주시 한경면 청수리 847,33.3058185,126.249548,실외,OUTDOOR,40,UNKNOWN,공용주차장,"교통사고(7), 낙상(3), 말달구지(2)",,UNKNOWN,,,,,,,,,,,UNKNOWN,,,,,,Y,,,,,제주가마오름일제동굴진지: 일제 동굴 진지
P662,곤을동4.3유적지,문화·전시,역사·문화유산,역사유적,Place,SPOT,LOCAL,관람,역사문화,도로명주소미보유,제주특별자치도 제주시 화북일동 4438,33.5217669,126.5573956,실외,OUTDOOR,80,UNKNOWN,,"낙상(12), 교통사고(3), 상해(3)",,UNKNOWN,,,,,,,,,,,UNKNOWN,,,,,,Y,,,,,곤을동4.3유적지: 4.3사건 잃어버린 마을
P663,낙선동 4.3성,문화·전시,역사·문화유산,역사유적,Place,SPOT,LOCAL,관람,역사문화,제주특별자치도 제주시 조천읍 선흘서5길 7,제주특별자치도 제주시 조천읍 선흘리 2720,33.515519,126.6940738,실외,OUTDOOR,100,UNKNOWN,주차장+관리사무소,"낙상(17), 교통사고(7), 추락(6)",,UNKNOWN,,,,,,,,,,,UNKNOWN,,,,,,Y,,,,,낙선동 4.3성: 4.3사건 방어 유적
P664,큰넓궤,문화·전시,역사·문화유산,역사유적,Place,SPOT,LOCAL,관람,역사문화,도로명주소미보유,제주특별자치도 서귀포시 안덕면 동광리 산92-3,33.3096419,126.3253065,실외,OUTDOOR,120,UNKNOWN,,"교통사고(26), 낙상(13), 상해(2)",,UNKNOWN,,,,,,,,,,,UNKNOWN,,,,,,Y,,,,,큰넓궤: 4.3사건 피신 동굴
P665,수월이못,문화·전시,역사·문화유산,역사유적,Place,SPOT,LOCAL,관람,역사문화,도로명주소미보유,제주특별자치도 서귀포시 대정읍 안성리 1747,33.2584078,126.2784956,실외,OUTDOOR,80,UNKNOWN,화장실+샤워실,"교통사고(3), 낙상(3), 기타 둔상(2)",,UNKNOWN,,,,,,,,,,,UNKNOWN,,,,,,Y,,,,,수월이못: 역사적 연못
P666,평대리불턱,문화·전시,역사·문화유산,문화유산,Place,SPOT,LOCAL,관람,"문화,역사문화",제주특별자치도 제주시 구좌읍 해맞이해안로 1240-3,제주특별자치도 제주시 구좌읍 평대리 515-67,33.5324642,126.8462656,실외,OUTDOOR,20,66,,"교통사고(24), 낙상(21), 기타 둔상(3)",,UNKNOWN,,,,,,,,,,,UNKNOWN,,,,,,Y,,,,,평대리불턱: 해녀들의 휴식 공간
P667,화북비석거리,문화·전시,역사·문화유산,기념비,Area,AREA,LOCAL,산책·관람,"역사문화,기념비",도로명주소미보유,제주특별자치도 제주시 화북동 3957,33.507826,126.5640243,실외,OUTDOOR,40,UNKNOWN,,UNKNOWN,,UNKNOWN,,,,,,,,,,,UNKNOWN,,,,,,Y,,,,,화북비석거리: 조선시대 목사 선정비 군락
P668,정의향교,문화·전시,역사·문화유산,역사유적,Place,SPOT,CENTRAL·LOCAL,관람,역사문화,제주특별자치도 서귀포시 표선면 성읍서문로 14,제주특별자치도 서귀포시 표선면 성읍리 820-1,33.3868752,126.80007,실내+실외,MIXED,60,UNKNOWN,공용주차장+화장실+무료 WIFI+편의점,"낙상(31), 교통사고(19), 기타 둔상(5)",,UNKNOWN,,,,,,,,,,,UNKNOWN,,,,,,Y,,,,,정의향교: 조선시대 교육기관
P669,진지동굴,문화·전시,역사·문화유산,역사유적,Place,SPOT,LOCAL,관람,역사문화,도로명주소미보유,제주특별자치도 서귀포시 안덕면 감산리 1803,33.2442759,126.3420716,실외,OUTDOOR,80,UNKNOWN,주차장+화장실,"교통사고(10), 낙상(4), 기타 둔상(1)",,UNKNOWN,,,,,,,,,,,UNKNOWN,,,,,,Y,,,,,진지동굴: 일제강점기 군사 진지
P670,북촌환해장성,문화·전시,역사·문화유산,역사유적,Place,SPOT,LOCAL,관람,역사문화,도로명주소미보유,제주특별자치도 제주시 조천읍 북촌리 393-3,33.552593,126.701165,실외,OUTDOOR,50,UNKNOWN,,"교통사고(14), 낙상(11), 기타 둔상(5)",,UNKNOWN,,,,,,,,,,,UNKNOWN,,,,,,Y,,,,,북촌환해장성: 해안 방어 돌담 유적
P671,알뜨르격납고밭담길,문화·전시,역사·문화유산,역사·문화탐방로,Area,AREA,RELATED·LOCAL,역사탐방·산책,"역사문화,도보",도로명주소미보유,제주특별자치도 서귀포시 대정읍 상모리 1670,33.2044507,126.2726436,실외,OUTDOOR,200,UNKNOWN,,"낙상(24), 교통사고(13), 기타 둔상(1)",,UNKNOWN,,,,,,,,,,,UNKNOWN,,,,,,Y,,,,,알뜨르격납고밭담길: 비행장 역사 탐방로
P672,감사공묘역,문화·전시,역사·문화유산,묘역,Place,SPOT,LOCAL,추모·관람,"역사문화,묘역",제주특별자치도 제주시 조천읍 함대로 362,제주특별자치도 제주시 조천읍 조천리 119,33.5128444,126.6606609,실외,OUTDOOR,80,UNKNOWN,,"교통사고(12), 낙상(12), 열상(4)",,UNKNOWN,,,,,,,,,,,UNKNOWN,,,,,,Y,,,,,감사공묘역: 역사 인물 묘역
P673,용강별숲공원,문화·전시,역사·문화유산,묘역,Place,SPOT,LOCAL,추모·자연장,"자연장지,추모공원,공설묘역",제주특별자치도 제주시 용강6길 366-1,제주특별자치도 제주시 용강동 101-1,33.4491713,126.6024597,실내+실외,MIXED,30000,UNKNOWN,주차장+추모관+자연장지+제례실,"교통사고(5), 동물/곤충(3), 낙상(1)",지역주민(1): 기상위험(1),UNKNOWN,,,,,,,,,,,UNKNOWN,,,,,,Y,,,,,용강별숲공원: 3만구 규모의 제주시 공설 자연장지
P674,루나폴,문화·전시,전시시설,미디어아트,Place,SPOT,CENTRAL,미디어아트관람,"미디어아트,실내관람",제주특별자치도 서귀포시 안덕면 일주서로 1836,제주특별자치도 서귀포시 안덕면 덕수리 산27,33.2541297,126.3222874,실외,OUTDOOR,1000,UNKNOWN,공용주차장+화장실+무료 WIFI+흡연구역,"교통사고(22), 낙상(1), 기타 둔상(1)",,UNKNOWN,,,,,,,,,,,UNKNOWN,,,,,,Y,,,,상업 전시·테마시설,루나폴: 야간 미디어아트 테마파크
P675,하우스오브레퓨즈,문화·전시,전시시설,미디어아트,Place,SPOT,GENERAL,미디어아트관람,"미디어아트,실내관람",제주특별자치도 제주시 애월읍 하소로 735,제주특별자치도 제주시 애월읍 유수암리 2819,33.419292,126.3960344,실내,INDOOR,300,UNKNOWN,카페+주차장+화장실,"교통사고(19), 낙상(14), 열상(4)",,UNKNOWN,,,,,,,,,,,UNKNOWN,,,,,,Y,,,,,하우스오브레퓨즈: 복합 문화 공간
P676,빛의 섬 루미버스,문화·전시,전시시설,미디어아트,Place,SPOT,GENERAL,미디어아트관람,"미디어아트,실내관람",제주특별자치도 서귀포시 표선면 민속해안로 631-34,제주특별자치도 서귀포시 표선면 표선리 40-1,33.3212871,126.8430882,실내,INDOOR,1000,UNKNOWN,주차장+화장실+엘리베이터,"낙상(38), 교통사고(27), 동물/곤충(11)",,UNKNOWN,,,,,,,,,,,UNKNOWN,,,,,,Y,,,,,빛의 섬 루미버스: 야간 경관 조명파크
P677,한라디지털아트뮤지엄,문화·전시,전시시설,미디어아트,Place,SPOT,GENERAL,미디어아트관람,"미디어아트,실내관람",제주특별자치도 제주시 한라대학로 38,제주특별자치도 제주시 노형동 1534,33.4767897,126.4741519,실내,INDOOR,300,UNKNOWN,화장실+물품보관함+수유실,"낙상(79), 교통사고(63), 열상(14)",,UNKNOWN,,,,,,,,,,,UNKNOWN,,,,,,Y,,,,,한라디지털아트뮤지엄: 미디어아트 전시관
P678,자롤로뮤지엄,문화·전시,전시시설,미디어아트,Place,SPOT,GENERAL,미디어아트관람,"미디어아트,실내관람",제주특별자치도 서귀포시 중문관광로 227-20,제주특별자치도 서귀포시 중문동 2579-2,33.2443536,126.4225666,실내,INDOOR,500,UNKNOWN,주차장,"낙상(52), 교통사고(27), 기타 둔상(9)",,UNKNOWN,,,,,,,,,,,UNKNOWN,,,,,,Y,,,,,자롤로뮤지엄: 테마 전시 뮤지엄
P679,초콜릿박물관,문화·전시,전시시설,박물관,Place,SPOT,CENTRAL,관람,"문화,실내관람",제주특별자치도 서귀포시 대정읍 일주서로3000번길 144,제주특별자치도 서귀포시 대정읍 일과리 551-18,33.2570528,126.2299328,실내,INDOOR,150,UNKNOWN,유모차대여,"교통사고(9), 낙상(3), 추락(2)",,UNKNOWN,,,,,,,,,,,UNKNOWN,,,,,,Y,,,,상업 전시·테마시설,초콜릿박물관: 수제 초콜릿 테마 박물관
P680,건강과 성 박물관,문화·전시,전시시설,박물관,Place,SPOT,CENTRAL,관람,"문화,실내관람",제주특별자치도 서귀포시 안덕면 일주서로 1611,제주특별자치도 서귀포시 안덕면 감산리 1736,33.2548469,126.3465836,실내,INDOOR,500,130,공용주차장+화장실+무료 WIFI+편의점+음료대+엘리베이터,"교통사고(10), 낙상(4), 기타 둔상(1)",,UNKNOWN,,,,,,,,,,,UNKNOWN,,,,,,Y,,,,,건강과 성 박물관: 성(性) 테마 박물관
P681,유민 아르누보 뮤지엄,문화·전시,전시시설,박물관,Place,SPOT,CENTRAL,관람,"문화,실내관람",제주특별자치도 서귀포시 성산읍 섭지코지로 107,제주특별자치도 서귀포시 성산읍 고성리 127-2,33.4260423,126.9264426,실내,INDOOR,150,UNKNOWN,주차장+무료버스+엘리베이터+유모차대여+수유실,"낙상(94), 교통사고(37), 기타 둔상(20)",,UNKNOWN,,,,,,,,,,,UNKNOWN,,,,,,Y,,,,,유민 아르누보 뮤지엄: 아르누보 유리공예 미술관
P682,제주해양동물박물관,문화·전시,전시시설,박물관,Place,SPOT,RELATED,관람,"문화,실내관람",제주특별자치도 서귀포시 성산읍 서성일로 689-21,제주특별자치도 서귀포시 성산읍 수산리 3233,33.4294862,126.8551274,실내,INDOOR,200,26,공용주차장+화장실+무료 WIFI+편의점+음료대+엘리베이터+마린카페+마린샵,"교통사고(15), 낙상(4), 기타 둔상(2)",,UNKNOWN,,,,,,,,,,,UNKNOWN,,,,,,Y,,,,,제주해양동물박물관: 해양생물 표본 전시관
P683,제주유리박물관,문화·전시,전시시설,박물관,Place,SPOT,RELATED,관람,"문화,실내관람",제주특별자치도 서귀포시 중산간서로 1403,제주특별자치도 서귀포시 상예동 4303,33.2785138,126.3701574,실내+실외,MIXED,800,UNKNOWN,공용주차장+화장실+음료대+유모차대여,"교통사고(18), 낙상(10), 기타 둔상(2)",,UNKNOWN,,,,,,,,,,,UNKNOWN,,,,,,Y,,,,,제주유리박물관: 유리공예 테마 박물관
P684,세계술박물관,문화·전시,전시시설,박물관,Place,SPOT,RELATED,관람,"문화,실내관람",제주특별자치도 서귀포시 표선면 한마음초등로 431,제주특별자치도 서귀포시 표선면 하천리 1814-1,33.3539709,126.8175927,실내,INDOOR,150,25,화장실+선물코너,"교통사고(7), 낙상(4), 기타 둔상(3)",,UNKNOWN,,,,,5000,2500,9:00~18:00,연중무휴,30분~1시간,,UNKNOWN,,,,,,Y,,,,,세계술박물관: 세계의 주류 테마 전시
P685,아라리오뮤지엄동문모텔2,문화·전시,전시시설,박물관,Place,SPOT,RELATED,관람,"문화,실내관람",제주특별자치도 제주시 산지로 23,제주특별자치도 제주시 건입동 1140-1,33.5149544,126.5293625,실내,INDOOR,150,0,화장실+무료 WIFI+엘리베이터,"낙상(45), 교통사고(31), 열상(9)",,UNKNOWN,,,,,,,,,,,UNKNOWN,,,,,,Y,,,,,아라리오뮤지엄동문모텔2: 현대미술 갤러리
P686,서귀포감귤박물관 아열대식물원,문화·전시,전시시설,박물관,Place,SPOT,CENTRAL·RELATED,관람,"문화,실내관람",제주특별자치도 서귀포시 효돈순환로 441,제주특별자치도 서귀포시 신효동 1200-6,33.271593,126.6074284,실내,INDOOR,700,93,공용주차장+화장실+무료 WIFI+편의점+음료대+유모차대여+수유실+카페,"낙상(5), 교통사고(3), 기타 둔상(1)",,UNKNOWN,,,,,,,,,,,UNKNOWN,,,,,,Y,,,,,서귀포감귤박물관 아열대식물원: 감귤 및 열대식물 전시관
P687,백년초박물관,문화·전시,전시시설,박물관,Place,SPOT,GENERAL,관람,"문화,실내관람",제주특별자치도 서귀포시 태평로 200,제주특별자치도 서귀포시 호근동 310-3,33.2446733,126.5438979,실내,INDOOR,100,UNKNOWN,,"낙상(18), 추락(4), 기타 둔상(2)",,UNKNOWN,,,,,,,,,,,UNKNOWN,,,,,,Y,,,,,백년초박물관: 백년초 테마 전시관
P688,주정공장수용소 4.3역사관,문화·전시,전시시설,박물관,Place,SPOT,GENERAL,관람,"문화,실내관람",제주특별자치도 제주시 임항로 98,제주특별자치도 제주시 건입동 940-13,33.5181071,126.5348093,실내,INDOOR,120,0,,"낙상(45), 교통사고(31), 열상(9)",,UNKNOWN,,,,,,,,,,,UNKNOWN,,,,,,Y,,,,,주정공장수용소 4.3역사관: 4.3 역사 교육관
P689,한울랜드,문화·전시,전시시설,박물관,Place,SPOT,GENERAL,관람,"문화,실내관람",제주특별자치도 제주시 구좌읍 동백로 458,제주특별자치도 제주시 구좌읍 덕천리 766,33.4971242,126.7504542,실내+실외,MIXED,300,UNKNOWN,,"교통사고(5), 낙상(1), 기타(질병외)(1)",,UNKNOWN,,,,,9000,7000,08:30~19:00,연중무휴,50분,,UNKNOWN,,,,,,Y,,,,,한울랜드: 화석 및 연 테마파크
P690,예나르 제주공예박물관,문화·전시,전시시설,박물관,Place,SPOT,GENERAL,관람,"문화,실내관람",제주특별자치도 제주시 한경면 저지14길 36,제주특별자치도 제주시 한경면 저지리 2114-60,33.3400243,126.2669211,실내,INDOOR,50,UNKNOWN,,"낙상(9), 기타 둔상(5), 교통사고(2)",,UNKNOWN,,,,,,,,,,,UNKNOWN,,,,,,Y,,,,,예나르 제주공예박물관: 전통 공예 전시관
P691,제주옹기박물관,문화·전시,전시시설,박물관,Place,SPOT,GENERAL,관람,"문화,실내관람",제주특별자치도 서귀포시 대정읍 무영로254번길 3-1,제주특별자치도 서귀포시 대정읍 무릉리 887-5,33.2827826,126.2232993,실내,INDOOR,100,UNKNOWN,,"낙상(3), 교통사고(2), 열상(1)",,UNKNOWN,,,,,,,,,,,UNKNOWN,,,,,,Y,,,,,제주옹기박물관: 전통 옹기 전시관
P692,리틀프린스 뮤지엄,문화·전시,전시시설,박물관,Place,SPOT,RELATED,관람,"문화,실내관람",제주특별자치도 서귀포시 중문관광로110번길 15,제주특별자치도 서귀포시 색달동 2864-36,33.2500543,126.4129698,실내,INDOOR,200,UNKNOWN,주차장,"낙상(104), 교통사고(45), 기타 둔상(38)",,UNKNOWN,,,,,,,,,,,UNKNOWN,,,,,,Y,,,,,리틀프린스 뮤지엄: 어린왕자 테마 전시관
P693,이니스프리제주하우스,문화·전시,전시시설,복합전시관,Place,SPOT,CENTRAL·RELATED,관람,"문화,전시",제주특별자치도 서귀포시 안덕면 신화역사로 23,제주특별자치도 서귀포시 안덕면 서광리 1235-1,33.3066749,126.2908929,실내,INDOOR,300,UNKNOWN,공용주차장+화장실+무료 WIFI+음료대,"낙상(64), 교통사고(58), 기타 둔상(20)",,UNKNOWN,,,,,,,,,,,UNKNOWN,,,,,,Y,,,,브랜드 홍보·체험관,이니스프리제주하우스: 화장품 체험 및 카페
P694,제주현대미술관,문화·전시,전시시설,미술관,Place,SPOT,CENTRAL,관람,"문화,실내관람",제주특별자치도 제주시 한경면 저지14길 35,제주특별자치도 제주시 한경면 저지리 2114-63,33.3396928,126.2656918,실내,INDOOR,350,31,공용주차장+화장실+무료 WIFI+음료대+엘리베이터+유모차대여+수유실,"낙상(9), 기타 둔상(5), 교통사고(2)",,UNKNOWN,,,,,2000,무료,09:00~18:00,월요일휴관,30~1시간,,UNKNOWN,,,,,,Y,,,,,제주현대미술관: 공립 현대미술관
P695,제주세계자연유산센터,문화·전시,전시시설,복합전시관,Place,SPOT,CENTRAL,관람,"문화,전시",제주특별자치도 제주시 조천읍 선교로 569-36,제주특별자치도 제주시 조천읍 선흘리 478,33.4569198,126.714752,실내,INDOOR,150,46,화장실+엘리베이터,"낙상(17), 교통사고(7), 추락(6)",,UNKNOWN,,,,,3000,무료,09:00~18:00,"설당일, 추석달일, 첫째 화요일",1시간,,UNKNOWN,,,,,,Y,,,,,제주세계자연유산센터: 유네스코 자연유산 홍보관
P696,자연사랑미술관,문화·전시,전시시설,미술관,Place,SPOT,GENERAL,관람,"문화,실내관람",제주특별자치도 서귀포시 표선면 가시로613번길 46,제주특별자치도 서귀포시 표선면 가시리 1924,33.3556499,126.771933,실내,INDOOR,150,UNKNOWN,세미나실+스튜디오+카메라전시실+야외쉼터,"낙상(14), 교통사고(9), 기타 둔상(3)",,UNKNOWN,,,,,,,,,,,UNKNOWN,,,,,,Y,,,,,자연사랑미술관: 서재철 사진 갤러리
P697,제주용암수 홍보관,문화·전시,전시시설,복합전시관,Place,SPOT,GENERAL,관람,"문화,전시",제주특별자치도 제주시 구좌읍 일주동로 2706-27,제주특별자치도 제주시 구좌읍 한동리 4849-18,33.540812,126.8138565,실내,INDOOR,30,UNKNOWN,영상관+견학로+전망대,"교통사고(9), 낙상(9), 동물/곤충(2)",,UNKNOWN,,,,,,,,,,,UNKNOWN,,,,,,Y,,,,,제주용암수 홍보관: 용암해수 테마관
P698,전이수갤러리 걸어가는늑대들,문화·전시,전시시설,갤러리,Place,SPOT,RELATED,관람,"문화,전시",제주특별자치도 제주시 연북로 707,제주특별자치도 제주시 이도이동 55-1,33.4950007,126.551308,실내,INDOOR,150,UNKNOWN,엘리베이터+유모차대여+수유실,"낙상(31), 교통사고(26), 기타 둔상(7)",,UNKNOWN,,,,,,,,,,,UNKNOWN,,,,,,Y,,,,,전이수갤러리 걸어가는늑대들: 동화작가 전이수 갤러리
P699,산지천 갤러리,문화·전시,전시시설,갤러리,Place,SPOT,GENERAL,관람,"문화,전시",제주특별자치도 제주시 중앙로3길 36,제주특별자치도 제주시 일도일동 1247,33.5151481,126.5283329,실내,INDOOR,120,71,산짓물공영주차장+유아차대여+엘리베이터+수유실,"낙상(12), 교통사고(6), 기타 둔상(2)",,UNKNOWN,,,,,,,,,,,UNKNOWN,,,,,,Y,,,,,산지천 갤러리: 원도심 사진 갤러리
P700,갤러리에스,문화·전시,전시시설,갤러리,Place,SPOT,LOCAL,관람,"문화,전시",제주특별자치도 서귀포시 안덕면 상창서로 23,제주특별자치도 서귀포시 안덕면 상창리 2515-1,33.2624991,126.347956,실내,INDOOR,50,UNKNOWN,,"교통사고(40), 낙상(23), 동물/곤충(5)",,UNKNOWN,,,,,,,,,,,UNKNOWN,,,,,,Y,,,,,갤러리에스: 문화 예술 갤러리
P701,현인갤러리,문화·전시,전시시설,갤러리,Place,SPOT,LOCAL,관람,"문화,전시",제주특별자치도 제주시 도령로 50 2층,제주특별자치도 제주시 노형동 906-1,33.4884433,126.4840839,실내,INDOOR,30,UNKNOWN,,"낙상(79), 교통사고(63), 열상(14)",,UNKNOWN,,,,,,,,,,,UNKNOWN,,,,,,Y,,,,,현인갤러리: 사립 미술 갤러리
P702,오드트 아트갤러리,문화·전시,전시시설,갤러리,Place,SPOT,LOCAL,관람,"문화,전시",제주특별자치도 서귀포시 남원읍 남한로 250,제주특별자치도 서귀포시 남원읍 남원리 777-1,33.2988413,126.7060826,실내,INDOOR,30,UNKNOWN,,"낙상(31), 교통사고(19), 기타 둔상(4)",,UNKNOWN,,,,,,,,,,,UNKNOWN,,,,,,Y,,,,,오드트 아트갤러리: 복합 예술 공간
P703,노블아트,문화·전시,전시시설,갤러리,Place,SPOT,LOCAL,관람,"문화,전시",제주특별자치도 서귀포시 호근서호로19번길 61,제주특별자치도 서귀포시 호근동 1388,33.2537524,126.5332498,실내+실외,MIXED,20,UNKNOWN,,"낙상(18), 추락(4), 기타 둔상(2)",,UNKNOWN,,,,,,,,,,,UNKNOWN,,,,,,Y,,,,,노블아트: 공예 및 예술 전시
P704,박살2 K아일랜드 제주,문화·전시,전시시설,체험형전시,Place,SPOT,GENERAL,체험형전시관람,"체험전시,실내관람",제주특별자치도 서귀포시 중문관광로 42,제주특별자치도 서귀포시 색달동 2629,33.2549005,126.4097702,실내,INDOOR,300,120,공용주차장+화장실+무료 WIFI+흡연구역+편의점+음료대,"낙상(104), 교통사고(45), 기타 둔상(38)",,UNKNOWN,,,,,,,,,,,UNKNOWN,,,,,,Y,,,,,박살2 K아일랜드 제주: 액티비티 테마파크
P705,제주별빛누리공원,문화·전시,전시시설,"과학관,천문대",Place,SPOT,CENTRAL,천문관람·체험,"천문,과학체험",제주특별자치도 제주시 선돌목동길 60,제주특별자치도 제주시 오등동 10-34,33.444576,126.5491861,실내,INDOOR,200,UNKNOWN,주차장+엘리베이터+유모차대여+수유실+기저귀교환대+카페+북카페+어린이놀이방,"교통사고(32), 낙상(27), 동물/곤충(4)",,UNKNOWN,,,,,5000,무료,15:00~22:00(문의후방문),"신정,설날,추석당일, 매주월요일",1시간~1시간30분,,UNKNOWN,,,,,,Y,,,,,제주별빛누리공원: 천문 우주 테마공원
P706,한라산소주,문화·전시,전시시설,체험형전시,Place,SPOT,GENERAL,양조장견학·체험,"식음료,체험전시",제주특별자치도 제주시 한림읍 한림로 555,제주특별자치도 제주시 한림읍 옹포리 396,33.4077786,126.2561401,실내,INDOOR,20,50,주차장+엘리베이터,"교통사고(13), 낙상(4), 기타 둔상(1)",,UNKNOWN,,,,,,,,,,,UNKNOWN,,,,,,Y,,,,,한라산소주: 제주 소주 공장 투어
P707,플레이박스VR,문화·전시,전시시설,체험형전시,Place,SPOT,GENERAL,VR체험,"실내체험,VR",제주특별자치도 제주시 은수길 69,제주특별자치도 제주시 연동 1320,33.4706512,126.4882168,실내,INDOOR,80,UNKNOWN,,"낙상(141), 교통사고(71), 상해(32)",,UNKNOWN,,,,,,,,,,,UNKNOWN,,,,,,Y,,,,,플레이박스VR: VR 체험 테마파크
P708,제주어린이교통공원,문화·전시,전시시설,체험형전시,Place,SPOT,CENTRAL·RELATED,교통안전체험,"안전교육,체험",제주특별자치도 제주시 명림로 437,제주특별자치도 제주시 봉개동 산53-20,33.4514707,126.6233155,실내+실외,MIXED,60,UNKNOWN,주차장,"낙상(24), 교통사고(22), 추락(2)",,UNKNOWN,,,,,,,,,,,UNKNOWN,,,,,,Y,,,,,제주어린이교통공원: 어린이 교통안전 교육장
P709,예래생태체험관,문화·전시,전시시설,체험형전시,Place,SPOT,GENERAL,생태체험관람,"생태,체험전시",제주특별자치도 서귀포시 예래로 213,제주특별자치도 서귀포시 하예동 24-1,33.2444721,126.390849,실내,INDOOR,50,20,주차장,"낙상(20), 교통사고(5), 기타 둔상(2)",,UNKNOWN,,,,,,,,,,,UNKNOWN,,,,,,Y,,,,,예래생태체험관: 예래동 생태 홍보관
P710,제주안전체험관,문화·전시,전시시설,체험형전시,Place,SPOT,GENERAL,안전체험,"안전교육,체험",제주특별자치도 제주시 애월읍 평화로 1885,제주특별자치도 제주시 애월읍 어음리 41-4,33.3941329,126.3734284,실내,INDOOR,300,UNKNOWN,주차장+엘리베이터+유모차대여+수유실+의무실+물품보관함,"교통사고(41), 낙상(17), 기타 둔상(6)",,UNKNOWN,,,,,,,,,,,UNKNOWN,,,,,,Y,,,,,제주안전체험관: 종합 재난 안전 체험
P711,제주융합과학연구원 제주과학탐구체험관,문화·전시,전시시설,체험형전시,Place,SPOT,RELATED,과학체험,"과학,체험전시",제주특별자치도 제주시 산록북로 421-1,제주특별자치도 제주시 오라이동 1-2,33.4266199,126.5314445,실내,INDOOR,300,UNKNOWN,엘리베이터+물품보관함+도서관,"교통사고(16), 낙상(5), 기타 둔상(4)",,UNKNOWN,,,,,,,,,,,UNKNOWN,,,,,,Y,,,,,제주융합과학연구원 제주과학탐구체험관: 교육청 과학 체험관
P712,산방산원더랜드 모자전시체험관,문화·전시,전시시설,체험형전시,Place,SPOT,RELATED,모자전시·체험,"체험전시,포토존",제주특별자치도 서귀포시 사계남로216번길 52-34,제주특별자치도 서귀포시 안덕면 사계리 161,33.2350033,126.3115716,실외,OUTDOOR,400,UNKNOWN,공용주차장+화장실+무료 WIFI,"낙상(49), 교통사고(31), 추락(7)",,UNKNOWN,,,,,,,,,,,UNKNOWN,,,,,,Y,,,,,산방산원더랜드 모자전시체험관: 세계 모자 테마 전시
P713,사운드벙커,문화·전시,전시시설,미디어아트,Place,SPOT,GENERAL,사운드전시관람,"미디어아트,실내관람",제주특별자치도 서귀포시 안덕면 화순서서로 106 2층,제주특별자치도 서귀포시 안덕면 화순리 1961-8,33.2606343,126.329901,실내,INDOOR,50,UNKNOWN,,"교통사고(24), 낙상(17), 기타 둔상(10)",,UNKNOWN,,,,,,,,,,,UNKNOWN,,,,,,Y,,,,,사운드벙커: 소리 테마 갤러리
P714,제주기상과학홍보관,문화·전시,전시시설,체험형전시,Place,SPOT,RELATED,기상과학체험,"과학,체험전시",제주특별자치도 제주시 만덕로6길 32 제주지방기상청 1층,제주특별자치도 제주시 일도일동 1186,33.5139286,126.529372,실내,INDOOR,30,UNKNOWN,,"낙상(12), 교통사고(6), 기타 둔상(2)",,UNKNOWN,,,,,,,,,,,UNKNOWN,,,,,,Y,,,,,제주기상과학홍보관: 기상청 기상 과학관
P715,방주교회,문화·전시,종교시설,교회,Place,SPOT,CENTRAL,관람,"종교문화,역사문화",제주특별자치도 서귀포시 안덕면 산록남로762번길 113,제주특별자치도 서귀포시 안덕면 상천리 427,33.3051247,126.3877879,실내+실외,MIXED,160,UNKNOWN,주차장+화장실,"교통사고(17), 낙상(6), 기타 둔상(1)",,UNKNOWN,,,,,,,,,,,UNKNOWN,,,,,,Y,,,,,방주교회: 노아의 방주 모티브 건축물
P716,순례자의 교회,문화·전시,종교시설,교회,Place,SPOT,RELATED,관람,"종교문화,역사문화",제주특별자치도 제주시 한경면 일주서로 3960-24,제주특별자치도 제주시 한경면 용수리 2410,33.3197882,126.1805533,실내+실외,MIXED,5,UNKNOWN,주차장,"교통사고(16), 낙상(8), 동물/곤충(4)",,UNKNOWN,,,,,,,,,,,UNKNOWN,,,,,,Y,,,,,순례자의 교회: 초미니 묵상 교회
P717,김기량순교기념관,문화·전시,종교시설,기념관,Place,SPOT,RELATED·LOCAL,관람,"종교문화,역사문화",제주특별자치도 제주시 조천읍 일주동로 1216,제주특별자치도 제주시 조천읍 함덕리 940-2,33.536925,126.6705309,실내,INDOOR,20,UNKNOWN,주차장+화장실,"낙상(84), 교통사고(33), 기타 둔상(13)",,UNKNOWN,,,,,,,,,,,UNKNOWN,,,,,,Y,,,,,김기량순교기념관: 천주교 순교자 기념관
P718,천주교 용수성지,문화·전시,종교시설,성지,Place,SPOT,CENTRAL·RELATED,관람,"종교문화,역사문화",제주특별자치도 제주시 한경면 용수1길 108,제주특별자치도 제주시 한경면 용수리 4266,33.3228626,126.1677307,실내+실외,MIXED,100,26,공용주차장+화장실,"교통사고(16), 낙상(8), 동물/곤충(4)",,UNKNOWN,,,,,,,,,,,UNKNOWN,,,,,,Y,,,,,천주교 용수성지: 천주교 도래 성지
P719,천왕사,문화·전시,종교시설,사찰,Place,SPOT,RELATED,관람,"종교문화,역사문화",제주특별자치도 제주시 1100로 2528-111,제주특별자치도 제주시 노형동 산20-17,33.4072131,126.4949355,실내+실외,MIXED,150,UNKNOWN,,"낙상(79), 교통사고(63), 열상(14)",,UNKNOWN,,,,,,,,,,,UNKNOWN,,,,,,Y,,,,,천왕사: 한라산 자락 사찰
P720,효명사,문화·전시,종교시설,사찰,Place,SPOT,RELATED,관람,"종교문화,역사문화",제주특별자치도 서귀포시 남원읍 516로 815-41,제주특별자치도 서귀포시 남원읍 하례리 산45,33.3232979,126.5941718,실내+실외,MIXED,40,UNKNOWN,주차장,"교통사고(10), 낙상(6), 열상(2)",,UNKNOWN,,,,,,,,,,,UNKNOWN,,,,,,Y,,,,,효명사: 숲속 고즈넉한 사찰
P721,불탑사5층석탑,문화·전시,역사·문화유산,역사유적,Place,SPOT,RELATED·LOCAL,관람,"역사문화,문화유산",제주특별자치도 제주시 원당로16길 41,제주특별자치도 제주시 삼양일동 696,33.5290725,126.5984183,실외,OUTDOOR,60,20,주차장,"낙상(9), 동물/곤충(2), 상해(1)",,UNKNOWN,,,,,,,,,,,UNKNOWN,,,,,,Y,,,,,불탑사5층석탑: 고려시대 현무암 석탑
P722,와흘본향당,문화·전시,종교시설,신당,Place,SPOT,RELATED·LOCAL,관람,"종교문화,역사문화",도로명주소미보유,제주특별자치도 제주시 조천읍 와흘리 1274-1,33.5023839,126.6390129,실외,OUTDOOR,30,UNKNOWN,,"교통사고(21), 낙상(3), 기타 둔상(3)",,UNKNOWN,,,,,,,,,,,UNKNOWN,,,,,,Y,,,,,와흘본향당: 제주 전통 무속 신앙처
P723,마라도기원정사,문화·전시,종교시설,사찰,Place,SPOT,LOCAL,관람,"종교문화,역사문화",제주특별자치도 서귀포시 대정읍 마라로 87,제주특별자치도 서귀포시 대정읍 가파리 736,33.1160799,126.2666772,실내+실외,MIXED,50,200,공용주차장,"교통사고(3), 낙상(2)",,Y,마라도,운진항·산이수동항,30.0,Y,,,,,,,UNKNOWN,,,,,,Y,,1일 4~6회,여객선 필수 — 풍랑특보 시 결항. 방문 전 운항 확인 필요,,마라도기원정사: 국토 최남단 사찰
P724,마라도성당,문화·전시,종교시설,성당,Place,SPOT,RELATED,관람,"종교문화,역사문화",제주특별자치도 서귀포시 대정읍 마라로 153,제주특별자치도 서귀포시 대정읍 가파리 662,33.1157455,126.269121,실내,INDOOR,40,UNKNOWN,,"교통사고(3), 낙상(2)",,Y,마라도,운진항·산이수동항,30.0,Y,,,,,,,UNKNOWN,,,,,,Y,,1일 4~6회,여객선 필수 — 풍랑특보 시 결항. 방문 전 운항 확인 필요,,마라도성당: 국토 최남단 성당
P725,성클라라수도원 금악성당,문화·전시,종교시설,성당,Place,SPOT,RELATED,관람,"종교문화,역사문화",제주특별자치도 제주시 한림읍 금악북로 320,제주특별자치도 제주시 한림읍 금악리 373,33.347997,126.3193458,실내+실외,MIXED,120,UNKNOWN,,"교통사고(48), 낙상(22), 기타 둔상(4)",,UNKNOWN,,,,,,,,,,,UNKNOWN,,,,,,Y,,,,,성클라라수도원 금악성당: 고딕풍 천주교 성당
P726,송당본향당,문화·전시,종교시설,신당,Place,SPOT,RELATED·LOCAL,관람,"종교문화,역사문화",도로명주소미보유,제주특별자치도 제주시 구좌읍 송당리 산199-1,33.4672219,126.7759013,실외,OUTDOOR,30,10,주차장+자동심장충격기,"교통사고(67), 낙상(31), 기타 둔상(4)",,UNKNOWN,,,,,,,,,,,UNKNOWN,,,,,,Y,,,,,송당본향당: 제주 당신앙의 본산
P727,행원리 남당(해신당),문화·전시,종교시설,신당,Place,SPOT,RELATED·LOCAL,관람,"종교문화,역사문화",도로명주소미보유,제주특별자치도 제주시 구좌읍 행원리 1839,33.5389735,126.7994465,실외,OUTDOOR,50,UNKNOWN,인근 공영주차장,"낙상(12), 교통사고(7), 동물/곤충(3)",지역주민(1): 익수위험(1),UNKNOWN,,,,,,,,,,,N,,,,,,Y,,,,,행원리 남당(해신당): 바다 신앙 기원처
P728,새미은총의동산,문화·전시,종교시설,종교시설,Place,SPOT,RELATED·LOCAL,관람,"종교문화,역사문화",제주특별자치도 제주시 한림읍 새미소길 15,제주특별자치도 제주시 한림읍 금악리 365-1,33.3478285,126.3242992,실외,OUTDOOR,5000,UNKNOWN,유모차대여+수유실,"교통사고(48), 낙상(22), 기타 둔상(4)",,UNKNOWN,,,,,,,,,,,UNKNOWN,,,,,,Y,,,,,새미은총의동산: 천주교 성지 순례길
P729,방어축제의거리,문화·전시,축제·행사,지역축제,Area,AREA,POPULAR·LOCAL,축제·관람,행사,제주특별자치도 서귀포시 대정읍 신영로72번길 14,제주특별자치도 서귀포시 대정읍 하모리 772-9,33.2197555,126.2511748,실외,OUTDOOR,2000,UNKNOWN,공용주차장+화장실+흡연구역+편의점,"낙상(29), 상해(10), 교통사고(9)",,UNKNOWN,,,,,,,,,,,UNKNOWN,,,,,,Y,,,,,방어축제의거리: 모슬포 방어 특화 거리
P730,애월카페거리,상업·쇼핑,상권·거리,카페거리,Area,AREA,CENTRAL·POPULAR,식음료·산책,"지역상권,해안경관",제주특별자치도 제주시 애월읍 애월로1길 26-1,제주특별자치도 제주시 애월읍 애월리 2546,33.4631107,126.3093868,실외+실내,UNKNOWN,1000,UNKNOWN,공용주차장+화장실,"교통사고(43), 낙상(25), 상해(7)",,UNKNOWN,,,,,,,,,,,UNKNOWN,,,,,,Y,,,,,애월카페거리: 오션뷰 유명 카페 밀집지
P731,세화오일장,상업·쇼핑,시장,오일시장,Place,SPOT,CENTRAL·LOCAL,쇼핑·식음료,"전통시장,지역상권",제주특별자치도 제주시 구좌읍 해맞이해안로 1412,제주특별자치도 제주시 구좌읍 세화리 1500-5,33.526186,126.8572969,실외,OUTDOOR,750,15,주차공간+화장실+무단차 출입로+평탄 보행로,"낙상(16), 교통사고(10), 상해(4)",,UNKNOWN,,,,,,,,,,,UNKNOWN,,,,,,Y,,,,,세화오일장: 동쪽 대표 해안 오일장
P732,서귀포향토오일시장,상업·쇼핑,시장,오일시장,Place,SPOT,CENTRAL·LOCAL,쇼핑·식음료,"전통시장,지역상권",제주특별자치도 서귀포시 중산간동로7894번길 18-5,제주특별자치도 서귀포시 동홍동 779-1,33.2668772,126.572486,실내+실외,MIXED,12310,256,공영주차장+화장실+놀이방,"교통사고(25), 낙상(22), 기타 둔상(5)",,UNKNOWN,,,,,,,,,,,UNKNOWN,,,,,,Y,,,,,서귀포향토오일시장: 서귀포시 최대 오일장
P733,동문수산시장,상업·쇼핑,시장,전통시장,Place,SPOT,CENTRAL·LOCAL,쇼핑·식음료,전통시장,제주특별자치도 제주시 관덕로14길 20,제주특별자치도 제주시 이도일동 1436-7,33.5115902,126.5260182,실내,INDOOR,2000,20,공영주차장+공중화장실+물품보관함+은행,"낙상(12), 교통사고(3), 기타 둔상(2)",,UNKNOWN,,,,,,,,,,,UNKNOWN,,,,,,Y,,,,,동문수산시장: 구도심 최대 전통 수산시장
P734,한림매일시장,상업·쇼핑,시장,전통시장,Place,SPOT,CENTRAL·LOCAL,쇼핑·식음료,전통시장,제주특별자치도 제주시 한림읍 한림로 681,제주특별자치도 제주시 한림읍 한림리 1315-4,33.4156469,126.2647728,실내+실외,MIXED,500,UNKNOWN,공용주차장+화장실+고객휴게실,"교통사고(19), 낙상(19), 열상(8)",,UNKNOWN,,,,,,,,,,,UNKNOWN,,,,,,Y,,,,,한림매일시장: 한림읍 대표 전통시장
P735,모슬포중앙시장,상업·쇼핑,시장,전통시장,Place,SPOT,CENTRAL·LOCAL,쇼핑·식음료,전통시장,제주특별자치도 서귀포시 대정읍 영서중로13번길 9-8,제주특별자치도 서귀포시 대정읍 하모리 824-8,33.2219796,126.2545143,실내+실외,MIXED,450,97,공용주차장+화장실,"낙상(29), 상해(10), 교통사고(9)",,UNKNOWN,,,,,,,,,,,UNKNOWN,,,,,,Y,,,,,모슬포중앙시장: 서남부 대표 전통시장
P736,드르쿰다 제주 상효점,체험·레저,액티비티,복합액티비티,Place,SPOT,RELATED,복합레저체험,"카트,야외레저",제주특별자치도 서귀포시 516로 619,제주특별자치도 서귀포시 상효동 1147-1,33.3035235,126.5985181,실외,OUTDOOR,300,UNKNOWN,주차장,"교통사고(22), 낙상(15), 카트(5)",,UNKNOWN,,,,,,,,,,,UNKNOWN,,,,,,Y,,,,,드르쿰다 제주 상효점: 스튜디오형 대형 카페
P737,탐라원,상업·쇼핑,특산품·기념품,특산품매장,Place,SPOT,GENERAL,쇼핑,"특산품,기념품",제주특별자치도 제주시 연북로 381,제주특별자치도 제주시 도남동 518,33.481636,126.5228482,실외,OUTDOOR,100,UNKNOWN,주차장+화장실,"교통사고(8), 낙상(5), 상해(5)",,UNKNOWN,,,,,,,,,,,UNKNOWN,,,,,,Y,,,,,탐라원: 농산물 체험 테마
P738,스위스마을 소락스위스,체험·레저,테마시설,테마마을,Area,AREA,LOCAL,관람·체험,"마을관광,포토존",제주특별자치도 제주시 조천읍 함와로 566-27,제주특별자치도 제주시 조천읍 와산리 1559-18,33.4939459,126.6767743,실외,OUTDOOR,80,UNKNOWN,화장실+무료 WIFI+흡연구역+편의점,"낙상(7), 교통사고(3)",,UNKNOWN,,,,,,,,,,,UNKNOWN,,,,,,Y,,,,,스위스마을 소락스위스: 이국적인 스위스풍 마을
P739,한라산국립공원,자연관광,산·오름,산,Area,AREA,CENTRAL·POPULAR,등산·경관관람,"등산,자연경관",제주특별자치도 제주시 1100로 2070-61,제주특별자치도 제주시 해안동 산220-13,33.3920662,126.4943223,실외,OUTDOOR,1500,UNKNOWN,주차장+관리사무소+매표소+야영장+휴게소+대피소+화장실+샤워장,"낙상(33), 교통사고(16), 기타 둔상(5)",,UNKNOWN,,,,,,,,,,,UNKNOWN,,,,,,Y,,,,,한라산국립공원: 제주의 상징적 랜드마크
P740,한라산문화관광 천백고지휴게소,자연관광,산·오름,산,Place,SPOT,CENTRAL,등산·경관관람,"등산,자연경관",제주특별자치도 서귀포시 1100로 1555,제주특별자치도 서귀포시 색달동 산1-3,33.3578491,126.4624244,실외,OUTDOOR,50,16,주차장+1100고지휴게소+화장실,"낙상(104), 교통사고(45), 기타 둔상(38)",,UNKNOWN,,,,,,,,,,,UNKNOWN,,,,,,Y,,,,,한라산문화관광 천백고지휴게소: 1100도로 드라이브 명소
P741,단산(바굼지오름),자연관광,산·오름,산,Place,SPOT,CENTRAL·RELATED,등산·경관관람,"등산,자연경관",제주특별자치도 서귀포시 안덕면 향교로 165-23,제주특별자치도 서귀포시 안덕면 사계리 3124,33.23944,126.28833,실외,OUTDOOR,80,UNKNOWN,주차장,"낙상(49), 교통사고(31), 추락(7)",,UNKNOWN,,,,,,,,,,,UNKNOWN,,,,,,Y,,,,,단산(바굼지오름): 독특한 기암절벽 오름
P742,돈대산,자연관광,산·오름,산,Place,SPOT,LOCAL,등산·경관관람,"등산,자연경관",도로명주소미보유,제주특별자치도 제주시 추자면 예초리 산67-1,33.9489287,126.3207351,실외,OUTDOOR,100,UNKNOWN,,UNKNOWN,,UNKNOWN,,,,,,,,,,,UNKNOWN,,,,,,Y,,,,,돈대산: 추자도 최고봉
P743,1100고지습지,자연관광,습지·생태,산지습지,Area,AREA,CENTRAL·POPULAR,생태관람·산책,"습지,람사르,생태탐방",도로명주소미보유,제주특별자치도 서귀포시 색달동 산1-2,33.3575,126.46292,실외,OUTDOOR,300,16,주차장+휴게소+화장실+데크탐방로,"낙상(104), 교통사고(45), 기타 둔상(38)",불특정다수(1): 교통위험(1) / 미상(1): 교통위험(1),UNKNOWN,,,,,,,,,,,UNKNOWN,,,,,,Y,,,,,1100고지습지: 한라산 고원 산지습지·람사르습지
P744,다랑쉬오름(월랑봉),자연관광,산·오름,오름,Place,SPOT,CENTRAL·POPULAR,등산·트레킹,"전망,등산",도로명주소미보유,제주특별자치도 제주시 구좌읍 세화리 산6,33.4747784,126.8262601,실외,OUTDOOR,300,UNKNOWN,주차장+화장실,"낙상(16), 교통사고(10), 상해(4)",종사자(상인/근로자)(1): 추락(1),UNKNOWN,,,,,,,,,,,UNKNOWN,,,,,,Y,,,,,다랑쉬오름(월랑봉): 오름의 여왕
P745,수월봉,자연관광,산·오름,오름,Place,SPOT,CENTRAL·POPULAR,등산·트레킹,"전망,등산",도로명주소미보유,제주특별자치도 제주시 한경면 고산리 3760,33.294754,126.16345,실외,OUTDOOR,500,UNKNOWN,주차공터+화장실,"교통사고(11), 낙상(5), 동물/곤충(2)",불특정다수(1): 해양위험(1) / 미상(1): 낙석/붕괴(1),UNKNOWN,,,,,,,,,,,UNKNOWN,,,,,,Y,,,,,수월봉: 화산 쇄설층 지질 명소
P746,아부오름,자연관광,산·오름,오름,Place,SPOT,CENTRAL,등산·트레킹,"전망,등산",도로명주소미보유,제주특별자치도 제주시 구좌읍 송당리 산164-1,33.44878,126.7774,실외,OUTDOOR,200,UNKNOWN,주차장+화장실,"교통사고(67), 낙상(31), 기타 둔상(4)",,UNKNOWN,,,,,,,,,,,UNKNOWN,,,,,,Y,,,,,아부오름: 원형 분화구가 인상적인 오름
P747,어승생악,자연관광,산·오름,오름,Place,SPOT,CENTRAL·POPULAR,등산·트레킹,"전망,등산",제주특별자치도 제주시 1100로 2070-61,제주특별자치도 제주시 해안동 산220-13,33.3920662,126.4943223,실외,OUTDOOR,400,UNKNOWN,주차장+화장실,"낙상(33), 교통사고(16), 기타 둔상(5)",관광객(외국인)(1): 미끄럼/낙상(1),UNKNOWN,,,,,,,,,,,UNKNOWN,,,,,,Y,,,,,어승생악: 한라산 탐방 입문 오름
P748,물영아리,자연관광,산·오름,오름,Place,SPOT,CENTRAL,등산·트레킹,"전망,등산",제주특별자치도 서귀포시 남원읍 남조로 988-11,제주특별자치도 서귀포시 남원읍 수망리 산182-2,33.361296,126.6926145,실외,OUTDOOR,300,UNKNOWN,주차장+화장실,"교통사고(5), 낙상(5), 기타 둔상(2)",,UNKNOWN,,,,,,,,,,,UNKNOWN,,,,,,Y,,,,,물영아리: 람사르습지 지정 오름
P749,따라비오름,자연관광,산·오름,오름,Place,SPOT,CENTRAL,등산·트레킹,"전망,등산",도로명주소미보유,제주특별자치도 서귀포시 표선면 가시리 산62,33.389156,126.75325,실외,OUTDOOR,200,UNKNOWN,주차장,"낙상(14), 교통사고(9), 기타 둔상(3)","미상(2): 교통위험(1), 길잃음(1) / 지역주민(1): 길잃음(1)",UNKNOWN,,,,,,,,,,,UNKNOWN,,,,,,Y,,,,,따라비오름: 억새가 아름다운 가을 명소
P750,지미봉,자연관광,산·오름,오름,Place,SPOT,CENTRAL,등산·트레킹,"전망,등산",제주특별자치도 제주시 구좌읍 종달로1길 91-16,제주특별자치도 제주시 구좌읍 종달리 산2,33.497014,126.9061475,실외,OUTDOOR,150,UNKNOWN,주차장+공중화장실,"교통사고(29), 낙상(11), 기타 둔상(3)",,UNKNOWN,,,,,,,,,,,UNKNOWN,,,,,,Y,,,,,지미봉: 우도와 성산일출봉 전망대
P751,안돌오름,자연관광,산·오름,오름,Place,SPOT,CENTRAL,등산·트레킹,"전망,등산",도로명주소미보유,제주특별자치도 제주시 구좌읍 송당리 산66-2,33.4571128,126.7563549,실외,OUTDOOR,300,UNKNOWN,주차장,"교통사고(67), 낙상(31), 기타 둔상(4)",,UNKNOWN,,,,,,,,,,,UNKNOWN,,,,,,Y,,,,,안돌오름: 비밀의 숲 스냅 촬영지
P752,큰녹고메,자연관광,산·오름,오름,Place,SPOT,LOCAL,등산·트레킹,"전망,등산",도로명주소미보유,제주특별자치도 제주시 애월읍 유수암리 산138,33.39231,126.41524,실외,OUTDOOR,200,UNKNOWN,주차장+화장실,"교통사고(19), 낙상(14), 열상(4)",,UNKNOWN,,,,,,,,,,,UNKNOWN,,,,,,Y,,,,,큰녹고메: 풍광이 시원한 서부 오름
P753,섯알오름,자연관광,산·오름,오름,Place,SPOT,LOCAL,등산·트레킹,"전망,등산",도로명주소미보유,제주특별자치도 서귀포시 대정읍 상모리 1618,33.204505,126.281676,실외,OUTDOOR,100,UNKNOWN,,"낙상(24), 교통사고(13), 기타 둔상(1)",,UNKNOWN,,,,,,,,,,,UNKNOWN,,,,,,Y,,,,,섯알오름: 다크투어리즘 역사 유적
P754,붉은오름(표선면),자연관광,산·오름,오름,Place,SPOT,CENTRAL·RELATED,등산·트레킹,"전망,등산",제주특별자치도 서귀포시 표선면 남조로 1487-73,제주특별자치도 서귀포시 표선면 가시리 산158,33.395905,126.669785,실외,OUTDOOR,500,UNKNOWN,공용주차장+화장실+무료 WIFI+편의점+음료대+매표소/안내데스크+흡연구역,"낙상(14), 교통사고(9), 기타 둔상(3)",,UNKNOWN,,,,,,,,,,,UNKNOWN,,,,,,Y,,,,,붉은오름(표선면): 삼나무 숲길 휴양 오름
P755,사려니오름,자연관광,산·오름,오름,Place,SPOT,CENTRAL·RELATED,등산·트레킹,"전망,등산",제주특별자치도 서귀포시 남원읍 서성로651번길 235,제주특별자치도 서귀포시 남원읍 한남리 산2-1,33.3362011,126.647027,실외,OUTDOOR,300,UNKNOWN,임시주차장,"교통사고(4), 낙상(4), 열상(1)",,UNKNOWN,,,,,,,,,,,UNKNOWN,,,,,,Y,,,,,사려니오름: 청정 숲 트레킹 명소
P756,성널오름,자연관광,산·오름,오름,Place,SPOT,LOCAL,등산·트레킹,"전망,등산",제주특별자치도 제주시 조천읍 516로 1865,제주특별자치도 제주시 조천읍 교래리 산137-24,33.385,126.6191667,실외,OUTDOOR,500,UNKNOWN,주차장+관리사무소+휴게소매점+화장실,"낙상(49), 교통사고(32), 추락(8)",,UNKNOWN,,,,,,,,,,,UNKNOWN,,,,,,Y,,,,,성널오름: 백록담 축소판 오름
P757,"당산봉(당오름,차귀오름)",자연관광,산·오름,오름,Place,SPOT,LOCAL,등산·트레킹,"전망,등산",도로명주소미보유,제주특별자치도 제주시 한경면 용수리 산18,33.308254,126.17365,실외,OUTDOOR,200,UNKNOWN,,"교통사고(16), 낙상(8), 동물/곤충(4)",,UNKNOWN,,,,,,,,,,,UNKNOWN,,,,,,Y,,,,,"당산봉(당오름,차귀오름): 차귀도 뷰 오름"
P758,문도지오름 (문돗지),자연관광,산·오름,오름,Place,SPOT,RELATED·LOCAL,등산·트레킹,"전망,등산",도로명주소미보유,제주특별자치도 제주시 한림읍 금악리 3444,33.3263266,126.2945751,실외,OUTDOOR,80,UNKNOWN,전용주차장+화장실,"교통사고(48), 낙상(22), 기타 둔상(4)",,UNKNOWN,,,,,,,,,,,UNKNOWN,,,,,,Y,,,,,문도지오름 (문돗지): 조랑말 방목 오름
P759,별도봉,자연관광,산·오름,오름,Place,SPOT,CENTRAL·RELATED,등산·트레킹,"전망,등산",도로명주소미보유,제주특별자치도 제주시 화북일동 4472,33.519204,126.5530404,실외,OUTDOOR,300,UNKNOWN,체력단련시설+음수대+화장실,"낙상(12), 교통사고(3), 상해(3)",,UNKNOWN,,,,,,,,,,,UNKNOWN,,,,,,Y,,,,,별도봉: 해안 절벽 산책로 오름
P760,원당봉,자연관광,산·오름,오름,Place,SPOT,LOCAL,등산·트레킹,"전망,등산",도로명주소미보유,제주특별자치도 제주시 삼양일동 산1-1,33.5252277,126.5978207,실외,OUTDOOR,200,UNKNOWN,문강사 주차장+화장실+정자,"낙상(9), 동물/곤충(2), 상해(1)",,UNKNOWN,,,,,,,,,,,UNKNOWN,,,,,,Y,,,,,원당봉: 원나라 기황후 전설 오름
P761,두산봉(말미오름),자연관광,산·오름,오름,Place,SPOT,LOCAL,등산·트레킹,"전망,등산",도로명주소미보유,제주특별자치도 서귀포시 성산읍 시흥리 산1-5,33.4693635,126.8824129,실외,OUTDOOR,150,UNKNOWN,주차장+공중화장실+탐방안내소,"낙상(14), 교통사고(8), 고온체(2)",,UNKNOWN,,,,,,,,,,,UNKNOWN,,,,,,Y,,,,,두산봉(말미오름): 일출봉 뷰 동부 오름
P762,높은오름,자연관광,산·오름,오름,Place,SPOT,LOCAL,등산·트레킹,"전망,등산",도로명주소미보유,제주특별자치도 제주시 구좌읍 송당리 산213-1,33.4573241,126.7926036,실외,OUTDOOR,120,UNKNOWN,주차장+화장실,"교통사고(67), 낙상(31), 기타 둔상(4)",,UNKNOWN,,,,,,,,,,,UNKNOWN,,,,,,Y,,,,,높은오름: 동부권 전망 오름
P763,붉은오름(성산읍),자연관광,산·오름,오름,Place,SPOT,LOCAL,등산·트레킹,"전망,등산",도로명주소미보유,제주특별자치도 서귀포시 성산읍 신양리 57,33.435569,126.916203,실외,OUTDOOR,80,UNKNOWN,,UNKNOWN,,UNKNOWN,,,,,,,,,,,UNKNOWN,,,,,,Y,,,,,붉은오름(성산읍): 성산읍 일대 경관 오름
P764,족은노꼬메오름,자연관광,산·오름,오름,Place,SPOT,LOCAL,등산·트레킹,"전망,등산",도로명주소미보유,제주특별자치도 제주시 애월읍 유수암리 산138,33.3922398,126.4158515,실외,OUTDOOR,200,UNKNOWN,주차장+화장실,"교통사고(19), 낙상(14), 열상(4)",,UNKNOWN,,,,,,,,,,,UNKNOWN,,,,,,Y,,,,,족은노꼬메오름: 호젓한 숲길 오름
P765,당오름,자연관광,산·오름,오름,Place,SPOT,LOCAL,등산·트레킹,"전망,등산",도로명주소미보유,제주특별자치도 제주시 구좌읍 송당리 산199-1,33.4672219,126.7759013,실외,OUTDOOR,80,14,주차장+화장실+자동심장충격기,"교통사고(67), 낙상(31), 기타 둔상(4)",,UNKNOWN,,,,,,,,,,,UNKNOWN,,,,,,Y,,,,,당오름: 당신앙 흔적이 있는 오름
P766,돛오름,자연관광,산·오름,오름,Place,SPOT,LOCAL,등산·트레킹,"전망,등산",도로명주소미보유,제주특별자치도 제주시 구좌읍 평대리 산16,33.4819894,126.8017422,실외,OUTDOOR,120,UNKNOWN,,"교통사고(24), 낙상(21), 기타 둔상(3)",,UNKNOWN,,,,,,,,,,,UNKNOWN,,,,,,Y,,,,,돛오름: 돛단배 모양의 오름
P767,모구리오름,자연관광,산·오름,오름,Place,SPOT,LOCAL,등산·트레킹,"전망,등산",제주특별자치도 서귀포시 성산읍 서성일로 260,제주특별자치도 서귀포시 성산읍 난산리 2960-1,33.4066281,126.8221589,실외,OUTDOOR,300,UNKNOWN,공용주차장+화장실,"교통사고(3), 낙상(3), 열상(2)",지역주민(2): 길잃음(2),UNKNOWN,,,,,,,,,,,UNKNOWN,,,,,,Y,,,,,모구리오름: 가족 캠핑 명소 오름
P768,매오름,자연관광,산·오름,오름,Place,SPOT,LOCAL,등산·트레킹,"전망,등산",도로명주소미보유,제주특별자치도 서귀포시 표선면 세화리 산7,33.3186246,126.8121326,실외,OUTDOOR,60,UNKNOWN,,"낙상(9), 교통사고(4), 동물/곤충(2)",,UNKNOWN,,,,,,,,,,,UNKNOWN,,,,,,Y,,,,,매오름: 매가 비상하는 형상의 오름
P769,"미악산 (턥오름, 쌀오름, 솔오름)",자연관광,산·오름,오름,Place,SPOT,LOCAL,등산·트레킹,"전망,등산",도로명주소미보유,제주특별자치도 서귀포시 동홍동 산7-1,33.3005646,126.5542079,실외,OUTDOOR,150,UNKNOWN,주차장+공중화장실,"교통사고(25), 낙상(22), 기타 둔상(5)",,UNKNOWN,,,,,,,,,,,UNKNOWN,,,,,,Y,,,,,"미악산 (턥오름, 쌀오름, 솔오름): 서귀포 시내 조망 오름"
P770,좌보미,자연관광,산·오름,오름,Place,SPOT,LOCAL,등산·트레킹,"전망,등산",도로명주소미보유,제주특별자치도 서귀포시 표선면 성읍리 산6,33.4356538,126.8073553,실외,OUTDOOR,120,UNKNOWN,입구 주변 주차공간,"낙상(31), 교통사고(19), 기타 둔상(5)",,UNKNOWN,,,,,,,,,,,UNKNOWN,,,,,,Y,,,,,좌보미: 여러 봉우리가 겹친 오름
P771,성불오름,자연관광,산·오름,오름,Place,SPOT,LOCAL,등산·트레킹,"전망,등산",도로명주소미보유,제주특별자치도 제주시 구좌읍 송당리 산266,33.4229561,126.7497617,실외,OUTDOOR,50,UNKNOWN,,"교통사고(67), 낙상(31), 기타 둔상(4)",,UNKNOWN,,,,,,,,,,,UNKNOWN,,,,,,Y,,,,,성불오름: 숲이 울창한 표선 오름
P772,바농오름,자연관광,산·오름,오름,Place,SPOT,LOCAL,등산·트레킹,"전망,등산",도로명주소미보유,제주특별자치도 제주시 조천읍 교래리 산108,33.4547981,126.6526798,실외,OUTDOOR,100,UNKNOWN,주차장,"낙상(49), 교통사고(32), 추락(8)",,UNKNOWN,,,,,,,,,,,UNKNOWN,,,,,,Y,,,,,바농오름: 가시나무가 많은 오름
P773,각시바우오름,자연관광,산·오름,오름,Place,SPOT,LOCAL,등산·트레킹,"전망,등산",도로명주소미보유,제주특별자치도 서귀포시 호근동 2112,33.2767574,126.5269586,실외,OUTDOOR,80,UNKNOWN,입구 앞 주차공간,"낙상(18), 추락(4), 기타 둔상(2)",,UNKNOWN,,,,,,,,,,,UNKNOWN,,,,,,Y,,,,,각시바우오름: 바위 절벽이 특징인 오름
P774,당오름(안덕면),자연관광,산·오름,오름,Place,SPOT,LOCAL,등산·트레킹,"전망,등산",도로명주소미보유,제주특별자치도 서귀포시 안덕면 동광리 산68-1,33.3332503,126.3359996,실외,OUTDOOR,100,UNKNOWN,입구 주차공간,"교통사고(26), 낙상(13), 상해(2)",,UNKNOWN,,,,,,,,,,,UNKNOWN,,,,,,Y,,,,,당오름(안덕면): 서부 평야 지대 오름
P775,영천악,자연관광,산·오름,오름,Place,SPOT,LOCAL,등산·트레킹,"전망,등산",도로명주소미보유,제주특별자치도 서귀포시 상효동 2364,33.3211576,126.5716701,실외,OUTDOOR,80,UNKNOWN,주차장,"교통사고(22), 낙상(15), 카트(5)",,UNKNOWN,,,,,,,,,,,UNKNOWN,,,,,,Y,,,,,영천악: 서귀포 돈내코 인근 오름
P776,지그리오름 (큰지그리),자연관광,산·오름,오름,Place,SPOT,LOCAL,등산·트레킹,"전망,등산",제주특별자치도 제주시 조천읍 남조로 2023,제주특별자치도 제주시 조천읍 교래리 산119,33.4513306,126.6566617,실외,OUTDOOR,300,UNKNOWN,주차장+화장실,"낙상(49), 교통사고(32), 추락(8)",,UNKNOWN,,,,,,,,,,,UNKNOWN,,,,,,Y,,,,,지그리오름 (큰지그리): 교래리 숲속 오름
P777,밧돌오름,자연관광,산·오름,오름,Place,SPOT,LOCAL,등산·트레킹,"전망,등산",도로명주소미보유,제주특별자치도 제주시 구좌읍 송당리 산66-1,33.460967,126.7618255,실외,OUTDOOR,200,UNKNOWN,주차장,"교통사고(67), 낙상(31), 기타 둔상(4)",,UNKNOWN,,,,,,,,,,,UNKNOWN,,,,,,Y,,,,,밧돌오름: 안돌오름과 이웃한 오름
P778,동거문이오름,자연관광,산·오름,오름,Place,SPOT,LOCAL,등산·트레킹,"전망,등산",도로명주소미보유,제주특별자치도 제주시 구좌읍 종달리 산70,33.448779,126.8053663,실외,OUTDOOR,150,UNKNOWN,,"교통사고(29), 낙상(11), 기타 둔상(3)",,UNKNOWN,,,,,,,,,,,UNKNOWN,,,,,,Y,,,,,동거문이오름: 분화구가 깊은 오름
P779,가세오름,자연관광,산·오름,오름,Place,SPOT,LOCAL,등산·트레킹,"전망,등산",도로명주소미보유,제주특별자치도 서귀포시 표선면 토산리 산2,33.3316213,126.781493,실외,OUTDOOR,30,UNKNOWN,주차장,"낙상(11), 열상(5), 기타 둔상(3)",,UNKNOWN,,,,,,,,,,,UNKNOWN,,,,,,Y,,,,,가세오름: 표선면 트레킹 오름
P780,둔지봉,자연관광,산·오름,오름,Place,SPOT,LOCAL,등산·트레킹,"전망,등산",도로명주소미보유,제주특별자치도 제주시 구좌읍 한동리 산40,33.5028669,126.7964906,실외,OUTDOOR,100,UNKNOWN,,"교통사고(9), 낙상(9), 동물/곤충(2)",,UNKNOWN,,,,,,,,,,,UNKNOWN,,,,,,Y,,,,,둔지봉: 동부권 평탄한 오름
P781,느지리오름,자연관광,산·오름,오름,Place,SPOT,LOCAL,등산·트레킹,"전망,등산",도로명주소미보유,제주특별자치도 제주시 한림읍 상명리 산5,33.3653383,126.2616457,실외,OUTDOOR,200,24,주차장+안내도+화장실,"교통사고(2), 낙상(2)",,UNKNOWN,,,,,,,,,,,UNKNOWN,,,,,,Y,,,,,느지리오름: 저지리 인근 조용한 오름
P782,윗세족은오름,자연관광,산·오름,오름,Place,SPOT,LOCAL,등산·트레킹,"전망,등산",도로명주소미보유,제주특별자치도 제주시 애월읍 광령리 산 183-1,33.4034138,126.4508866,실외,OUTDOOR,80,UNKNOWN,공용주차장+화장실,"교통사고(39), 낙상(5), 기타 둔상(3)",,UNKNOWN,,,,,,,,,,,UNKNOWN,,,,,,Y,,,,,윗세족은오름: 한라산 윗세오름 일원
P783,가메오름,자연관광,산·오름,오름,Place,SPOT,LOCAL,등산·트레킹,"전망,등산",도로명주소미보유,제주특별자치도 제주시 애월읍 봉성리 산124,33.3673292448323,126.335702114415,실외,OUTDOOR,100,UNKNOWN,전용주차장+화장실,"교통사고(19), 낙상(13), 기타 둔상(7)",,UNKNOWN,,,,,,,,,,,UNKNOWN,,,,,,Y,,,,,가메오름: 가마솥 형상의 오름
P784,"대왕산 (왕뫼, 왕메, 왕미)",자연관광,산·오름,오름,Place,SPOT,LOCAL,등산·트레킹,"전망,등산",도로명주소미보유,제주특별자치도 서귀포시 성산읍 수산리 1431,33.4564251,126.8725099,실외,OUTDOOR,100,UNKNOWN,,"교통사고(15), 낙상(4), 기타 둔상(2)",,UNKNOWN,,,,,,,,,,,UNKNOWN,,,,,,Y,,,,,"대왕산 (왕뫼, 왕메, 왕미): 남원읍 숨은 오름"
P785,묘산봉오름,자연관광,산·오름,오름,Place,SPOT,LOCAL,등산·트레킹,"전망,등산",도로명주소미보유,제주특별자치도 제주시 구좌읍 김녕리 369,33.5515702,126.7668249,실외,OUTDOOR,150,UNKNOWN,,"낙상(24), 교통사고(18), 동물/곤충(10)",,UNKNOWN,,,,,,,,,,,UNKNOWN,,,,,,Y,,,,,묘산봉오름: 김녕리 생태 숲 오름
P786,까끄래기오름,자연관광,산·오름,오름,Place,SPOT,LOCAL,등산·트레킹,"전망,등산",도로명주소미보유,제주특별자치도 제주시 조천읍 교래리 128,33.4307503,126.7027625,실외,OUTDOOR,80,UNKNOWN,,"낙상(49), 교통사고(32), 추락(8)",,UNKNOWN,,,,,,,,,,,UNKNOWN,,,,,,Y,,,,,까끄래기오름: 아담한 크기의 오름
P787,족은바리메,자연관광,산·오름,오름,Place,SPOT,LOCAL,등산·트레킹,"전망,등산",도로명주소미보유,제주특별자치도 제주시 애월읍 상가리 산124,33.3722818,126.412924,실외,OUTDOOR,150,UNKNOWN,주차장+화장실,"교통사고(5), 낙상(4), 동물/곤충(1)",,UNKNOWN,,,,,,,,,,,UNKNOWN,,,,,,Y,,,,,족은바리메: 숲이 우거진 바리메오름 형제
P788,발이오름,자연관광,산·오름,오름,Place,SPOT,LOCAL,등산·트레킹,"전망,등산",도로명주소미보유,제주특별자치도 제주시 애월읍 어음리 산1,33.3930395,126.3752933,실외,OUTDOOR,80,UNKNOWN,주차장,"교통사고(41), 낙상(17), 기타 둔상(6)",,UNKNOWN,,,,,,,,,,,UNKNOWN,,,,,,Y,,,,,발이오름: 아담한 서귀포 오름
P789,토산봉(망오름),자연관광,산·오름,오름,Place,SPOT,LOCAL,등산·트레킹,"전망,등산",도로명주소미보유,제주특별자치도 서귀포시 표선면 토산리 산13,33.3223197,126.7732628,실외,OUTDOOR,200,UNKNOWN,,"낙상(11), 열상(5), 기타 둔상(3)",,UNKNOWN,,,,,,,,,,,UNKNOWN,,,,,,Y,,,,,토산봉(망오름): 봉수대 터가 있는 오름
P790,족은사슴이오름,자연관광,산·오름,오름,Place,SPOT,LOCAL,등산·트레킹,"전망,등산",도로명주소미보유,제주특별자치도 서귀포시 표선면 가시리 산 87-24,33.3828211,126.7313785,실외,OUTDOOR,120,UNKNOWN,,"낙상(14), 교통사고(9), 기타 둔상(3)",,UNKNOWN,,,,,,,,,,,UNKNOWN,,,,,,Y,,,,,족은사슴이오름: 대록산과 대비되는 소록산
P791,걸서악,자연관광,산·오름,오름,Place,SPOT,LOCAL,등산·트레킹,"전망,등산",도로명주소미보유,제주특별자치도 서귀포시 남원읍 하례리 산124,33.282881,126.6200082,실외,OUTDOOR,100,UNKNOWN,,"교통사고(10), 낙상(6), 열상(2)",,UNKNOWN,,,,,,,,,,,UNKNOWN,,,,,,Y,,,,,걸서악: 효돈천 인근 오름
P792,뒤굽은이오름,자연관광,산·오름,오름,Place,SPOT,LOCAL,등산·트레킹,"전망,등산",도로명주소미보유,제주특별자치도 서귀포시 성산읍 수산리 4504,33.430424,126.8270479,실외,OUTDOOR,80,UNKNOWN,,"교통사고(15), 낙상(4), 기타 둔상(2)",,UNKNOWN,,,,,,,,,,,UNKNOWN,,,,,,Y,,,,,뒤굽은이오름: 굽은 형태의 오름
P793,마복이오름,자연관광,산·오름,오름,Place,SPOT,LOCAL,등산·트레킹,"전망,등산",도로명주소미보유,제주특별자치도 서귀포시 안덕면 상천리 산83,33.3195212,126.3911924,실외,OUTDOOR,80,UNKNOWN,,"교통사고(17), 낙상(6), 기타 둔상(1)",,UNKNOWN,,,,,,,,,,,UNKNOWN,,,,,,Y,,,,,마복이오름: 말 방목지 오름
P794,거린사슴,자연관광,산·오름,오름,Place,SPOT,RELATED·LOCAL,등산·트레킹,"전망,등산",제주특별자치도 서귀포시 1100로 791,제주특별자치도 서귀포시 대포동 산2-1,33.3062068,126.4549996,실외,OUTDOOR,150,UNKNOWN,주차장+화장실,"교통사고(26), 낙상(24), 기타 둔상(6)",,UNKNOWN,,,,,,,,,,,UNKNOWN,,,,,,Y,,,,,거린사슴: 서귀포 조망 1100도로 오름
P795,거문오름(UNESCO 세계자연유산),자연관광,산·오름,오름,Place,SPOT,CENTRAL·POPULAR,등산·트레킹,"유네스코,오름,트레킹",제주특별자치도 제주시 조천읍 선교로 569-36,제주특별자치도 제주시 조천읍 선흘리 478,33.4569963,126.7143064,실외,OUTDOOR,550,UNKNOWN,탐방안내소+전시관+화장실+주차장,"낙상(17), 교통사고(7), 추락(6)",,UNKNOWN,,,,,,,,,,,예약제,,,,,,Y,,,,,거문오름(UNESCO 세계자연유산): 검은오름 요청명 공식명 통일
P796,궷물오름,자연관광,산·오름,오름,Place,SPOT,RELATED·LOCAL,등산·트레킹,"오름,산책로,억새",도로명주소미보유,제주특별자치도 제주시 애월읍 유수암리 1191-2,33.3980085,126.4062379,실외,OUTDOOR,150,UNKNOWN,주차장+화장실+산책로,"교통사고(19), 낙상(14), 열상(4)",지역주민(1): 미끄럼/낙상(1),UNKNOWN,,,,,,,,,,,일부 사유지 주의,,,,,,Y,,,,,궷물오름: 애월 유수암리의 비교적 짧은 오름 산책지
P797,백약이오름,자연관광,산·오름,오름,Place,SPOT,CENTRAL·POPULAR,등산·트레킹,"오름,억새,분화구",도로명주소미보유,제주특별자치도 서귀포시 표선면 성읍리 산1,33.437283,126.79018,실외,OUTDOOR,300,UNKNOWN,주차장,"낙상(31), 교통사고(19), 기타 둔상(5)",불특정다수(1): 시설/차량충돌(1),UNKNOWN,,,,,,,,,,,정상부 일부 자연휴식년제,,,,,,Y,,,,,"백약이오름: 일부 정상부 자연휴식년제, 나머지 코스 등반 가능"
P798,동거문이오름(동검은이),자연관광,산·오름,오름,Area,AREA,RELATED·LOCAL,오름탐방·경관감상,"오름,걷기,경관,거미오름",도로명주소미보유,제주특별자치도 제주시 구좌읍 종달리 산 70,33.449257,126.806145,실외,OUTDOOR,150,UNKNOWN,백약이오름 유료주차장+탐방로,"교통사고(29), 낙상(11), 기타 둔상(3)",,UNKNOWN,,,,,,,,,,,UNKNOWN,,,,,,Y,,,,,동거문이오름: 동검은이·거미오름으로도 불리는 복합형 오름
P799,화순곶자왈생태탐방숲길,자연관광,숲·공원,곶자왈숲,Area,AREA,CENTRAL·RELATED,산책·생태관람,"숲,생태",제주특별자치도 서귀포시 안덕면 화순서동로 151,제주특별자치도 서귀포시 안덕면 화순리 2045-5,33.2634798,126.3323638,실외,OUTDOOR,300,UNKNOWN,주차장+화장실,"교통사고(24), 낙상(17), 기타 둔상(10)",,UNKNOWN,,,,,,,,,,,UNKNOWN,,,,,,Y,,,,,화순곶자왈생태탐방숲길: 화순리 곶자왈 탐방로
P800,무릉곶자왈,자연관광,숲·공원,곶자왈숲,Area,AREA,CENTRAL·RELATED,산책·생태관람,"숲,생태",도로명주소미보유,제주특별자치도 서귀포시 대정읍 무릉리 산1,33.2911716,126.262954,실외,OUTDOOR,300,UNKNOWN,,"낙상(3), 교통사고(2), 열상(1)",,UNKNOWN,,,,,,,,,,,UNKNOWN,,,,,,Y,,,,,무릉곶자왈: 제주 원시림 곶자왈 탐방
P801,서광동리 곶자왈 생태탐방로,자연관광,숲·공원,곶자왈숲,Area,AREA,RELATED·LOCAL,산책·생태관람,"숲,생태",도로명주소미보유,제주특별자치도 서귀포시 안덕면 서광리 산6-3,33.2853776,126.3381203,실외,OUTDOOR,300,UNKNOWN,주차장+화장실,"낙상(64), 교통사고(58), 기타 둔상(20)",,UNKNOWN,,,,,,,,,,,UNKNOWN,,,,,,Y,,,,,서광동리 곶자왈 생태탐방로: 신화월드 인근 곶자왈
P802,송당곶자왈,자연관광,숲·공원,곶자왈숲,Area,AREA,RELATED·LOCAL,산책·생태관람,"숲,생태",도로명주소미보유,제주특별자치도 제주시 구좌읍 송당리 355-3,33.4902329,126.7976188,실외,OUTDOOR,150,UNKNOWN,,"교통사고(67), 낙상(31), 기타 둔상(4)",,UNKNOWN,,,,,,,,,,,UNKNOWN,,,,,,Y,,,,,송당곶자왈: 송당리 원시림 탐방로
P803,보롬왓,자연관광,숲·공원,꽃밭,Place,SPOT,CENTRAL,산책·관람,계절경관,제주특별자치도 서귀포시 표선면 번영로 2350-104,제주특별자치도 서귀포시 표선면 성읍리 3229-4,33.4134956,126.7524948,실외,OUTDOOR,1000,120,주차장+화장실+전기차충전소,"낙상(31), 교통사고(19), 기타 둔상(5)",,UNKNOWN,,,,,,,,,,,UNKNOWN,,,,,,Y,,,,,보롬왓: 사계절 꽃밭 농원 카페
P804,가시리 유채꽃길,자연관광,숲·공원,꽃밭,Area,AREA,CENTRAL·LOCAL,산책·관람,계절경관,도로명주소미보유,제주특별자치도 서귀포시 표선면 가시리 산87-15,33.3984052,126.7199213,실외,OUTDOOR,1000,UNKNOWN,주차장+화장실,"낙상(14), 교통사고(9), 기타 둔상(3)",,UNKNOWN,,,,,,,,,,,UNKNOWN,,,,,,Y,,,,,가시리 유채꽃길: 벚꽃과 유채꽃 드라이브 명소
P805,김경숙해바라기농장,자연관광,숲·공원,꽃밭,Place,SPOT,LOCAL,산책·관람,계절경관,제주특별자치도 제주시 번영로 854-1,제주특별자치도 제주시 회천동 391,33.4774072,126.6275923,실외,OUTDOOR,150,UNKNOWN,주차장+화장실,"낙상(24), 교통사고(22), 추락(2)",,UNKNOWN,,,,,,,,,,,UNKNOWN,,,,,,Y,,,,,김경숙해바라기농장: 해바라기 테마 농장
P806,종달리수국길,자연관광,숲·공원,꽃밭,Area,AREA,RELATED·LOCAL,산책·관람,계절경관,제주특별자치도 제주시 구좌읍 해맞이해안로 2121,제주특별자치도 제주시 구좌읍 종달리 1419,33.5093543,126.9002101,실외,OUTDOOR,300,UNKNOWN,,"교통사고(29), 낙상(11), 기타 둔상(3)",,UNKNOWN,,,,,,,,,,,UNKNOWN,,,,,,Y,,,,,종달리수국길: 여름 수국이 피는 해안도로
P807,제주 전농로 벚꽃거리,자연관광,숲·공원,꽃밭,Area,AREA,CENTRAL·LOCAL,산책·관람,계절경관,제주특별자치도 제주시 서사로7길 27,제주특별자치도 제주시 삼도일동 1230,33.5072836,126.5164003,실외,OUTDOOR,2000,UNKNOWN,주차장,"교통사고(8), 낙상(8), 상해(4)",,UNKNOWN,,,,,,,,,,,UNKNOWN,,,,,,Y,,,,,제주 전농로 벚꽃거리: 제주 벚꽃 축제 명소
P808,장전리 왕벚꽃거리,자연관광,숲·공원,꽃밭,Area,AREA,CENTRAL·LOCAL,산책·관람,계절경관,제주특별자치도 제주시 애월읍 광상로 403.,제주특별자치도 제주시 애월읍 장전리 628-3,33.4429007,126.3909741,실외,OUTDOOR,1000,UNKNOWN,,"낙상(3), 열상(2), 추락(2)",,UNKNOWN,,,,,,,,,,,UNKNOWN,,,,,,Y,,,,,장전리 왕벚꽃거리: 애월읍 왕벚꽃 명소
P809,와흘메밀마을,자연관광,숲·공원,꽃밭,Area,AREA,CENTRAL·LOCAL,산책·관람,계절경관,제주특별자치도 제주시 조천읍 남조로 2455,제주특별자치도 제주시 조천읍 와흘리 362-16,33.4827833,126.6500688,실외,OUTDOOR,500,UNKNOWN,주차장+화장실,"교통사고(21), 낙상(3), 기타 둔상(3)",,UNKNOWN,,,,,,,,,,,UNKNOWN,,,,,,Y,,,,,와흘메밀마을: 메밀밭이 펼쳐진 마을
P810,새미동산,자연관광,숲·공원,꽃밭,Place,SPOT,RELATED·LOCAL,산책·관람,계절경관,제주특별자치도 제주시 조천읍 종인내길 133,제주특별자치도 제주시 조천읍 와흘리 2160-3,33.4951366,126.623362,실외,OUTDOOR,500,UNKNOWN,주차장+화장실+소품샵,"교통사고(21), 낙상(3), 기타 둔상(3)",,UNKNOWN,,,,,,,,,,,UNKNOWN,,,,,,Y,,,,,새미동산: 동물 체험 테마파크
P811,초록숲 지그리,자연관광,숲·공원,꽃밭,Place,SPOT,LOCAL,산책·관람,계절경관,도로명주소미보유,제주특별자치도 제주시 조천읍 교래리 757,33.4301331,126.6493817,실외,OUTDOOR,500,UNKNOWN,주차장+화장실+휴게쉼터,"낙상(49), 교통사고(32), 추락(8)",,UNKNOWN,,,,,,,,,,,UNKNOWN,,,,,,Y,,,,,초록숲 지그리: 숲 체험 관광지
P812,패밀리팜수국농장,자연관광,숲·공원,꽃밭,Place,SPOT,RELATED·LOCAL,산책·관람,계절경관,도로명주소미보유,제주특별자치도 서귀포시 남원읍 신흥리 2082-5,33.344167,126.7482145,실외,OUTDOOR,300,UNKNOWN,,"교통사고(7), 낙상(6), 기타 둔상(3)",,UNKNOWN,,,,,,,,,,,UNKNOWN,,,,,,Y,,,,,패밀리팜수국농장: 여름 수국 테마 농장
P813,위미동백나무군락,자연관광,숲·공원,동백정원,Area,AREA,CENTRAL·LOCAL,산책·생태관람,"꽃,산책",제주특별자치도 서귀포시 남원읍 위미중앙로300번길 23-7,제주특별자치도 서귀포시 남원읍 위미리 927,33.274975,126.6779919,실외,OUTDOOR,300,UNKNOWN,주차장+화장실,"교통사고(39), 낙상(12), 추락(6)",,UNKNOWN,,,,,,,,,,,UNKNOWN,,,,,,Y,,,,,위미동백나무군락: 겨울 동백꽃 군락지
P814,볼고롱동백,자연관광,숲·공원,동백정원,Place,SPOT,RELATED·LOCAL,산책·생태관람,"꽃,산책",제주특별자치도 서귀포시 남원읍 태위로 278,제주특별자치도 서귀포시 남원읍 위미리 934-1,33.2756091,126.677126,실외,OUTDOOR,150,UNKNOWN,주차장,"교통사고(39), 낙상(12), 추락(6)",,UNKNOWN,,,,,,,,,,,UNKNOWN,,,,,,Y,,,,,볼고롱동백: 동백꽃 스냅 촬영 명소
P815,제주월령리선인장군락,자연관광,숲·공원,생태공원,Area,AREA,CENTRAL·RELATED,산책·관람,생태,도로명주소미보유,제주특별자치도 제주시 한림읍 월령리 359-3,33.3780009,126.2156911,실외,OUTDOOR,300,UNKNOWN,주차장+화장실,"낙상(10), 교통사고(3), 동물/곤충(3)",,UNKNOWN,,,,,,,,,,,UNKNOWN,,,,,,Y,,,,,제주월령리선인장군락: 국내 유일 야생 선인장 자생지
P816,노루생태관찰원,자연관광,숲·공원,생태공원,Place,SPOT,CENTRAL,산책·관람,생태,제주특별자치도 제주시 명림로 520,제주특별자치도 제주시 봉개동 산 51-2,33.4443239,126.6266892,실외,OUTDOOR,240,89,주차장+화장실+무료WIFI+음료대+유모차대여,"낙상(24), 교통사고(22), 추락(2)",,UNKNOWN,,,,,,,,,,,UNKNOWN,,,,,,Y,,,,,노루생태관찰원: 노루 먹이주기 체험장
P817,하도리 철새도래지,자연관광,숲·공원,생태공원,Area,AREA,RELATED·LOCAL,산책·관람,생태,도로명주소미보유,제주특별자치도 제주시 구좌읍 하도리 53-3,33.5088918,126.8950832,실외,OUTDOOR,200,UNKNOWN,주차장+화장실,"낙상(24), 교통사고(7), 열상(4)",,UNKNOWN,,,,,,,,,,,UNKNOWN,,,,,,Y,,,,,하도리 철새도래지: 겨울 철새 관찰지
P818,제주자연생태공원,자연관광,숲·공원,생태공원,Place,SPOT,RELATED,산책·관람,생태,제주특별자치도 서귀포시 성산읍 금백조로 446,제주특별자치도 서귀포시 성산읍 수산리 4711-1,33.4405555,126.8220489,실외,OUTDOOR,300,45,주차장+화장실+전기차충전소,"교통사고(15), 낙상(4), 기타 둔상(2)",,UNKNOWN,,,,,,,,,,,UNKNOWN,,,,,,Y,,,,,제주자연생태공원: 제주 생태 보호 및 관찰 공원
P819,상효원,자연관광,숲·공원,수목원,Place,SPOT,CENTRAL,수목원산책·관람,"수목원,정원",제주특별자치도 서귀포시 산록남로 2847-37,제주특별자치도 서귀포시 상효동 산25,33.3072167,126.5860085,실외,OUTDOOR,1000,85,주차장+화장실+식음료시설+기념품점+유모차대여,"교통사고(22), 낙상(15), 카트(5)",,UNKNOWN,,,,,,,,,,,UNKNOWN,,,,,,Y,,,,,상효원: 수목원 및 사계절 꽃 정원
P820,방림원,자연관광,숲·공원,수목원,Place,SPOT,CENTRAL,수목원산책·관람,"수목원,정원",제주특별자치도 제주시 한경면 용금로 864,제주특별자치도 제주시 한경면 저지리 2120-91,33.3372284,126.2685129,실외,OUTDOOR,500,UNKNOWN,공용주차장+화장실+무료WIFI+음료대,"낙상(9), 기타 둔상(5), 교통사고(2)",,UNKNOWN,,,,,,,,,,,UNKNOWN,,,,,,Y,,,,,방림원: 야생화 테마 수목원
P821,가시림 수목원,자연관광,숲·공원,수목원,Place,SPOT,RELATED,수목원산책·관람,"수목원,정원",제주특별자치도 서귀포시 표선면 녹산로5번길 171,제주특별자치도 서귀포시 표선면 가시리 3275,33.3611552,126.7515992,실외,OUTDOOR,600,UNKNOWN,공용주차장+화장실+무료WIFI+음료대,"낙상(14), 교통사고(9), 기타 둔상(3)",,UNKNOWN,,,,,,,,,,,UNKNOWN,,,,,,Y,,,,,가시림 수목원: 가시리 동백 수목원
P822,상가리야자숲,자연관광,숲·공원,숲,Place,SPOT,LOCAL,산책·관람,"숲,야외",제주특별자치도 제주시 애월읍 고하상로 326,제주특별자치도 제주시 애월읍 상가리 536,33.4394356,126.3584778,실외,OUTDOOR,80,UNKNOWN,휴게쉼터,"교통사고(5), 낙상(4), 동물/곤충(1)",,UNKNOWN,,,,,,,,,,,UNKNOWN,,,,,,Y,,,,,상가리야자숲: 이국적인 야자수 숲
P823,김정문알로에 알로에숲,자연관광,숲·공원,수목원,Place,SPOT,LOCAL,수목원산책·관람,"수목원,정원",제주특별자치도 서귀포시 성산읍 신풍하동로 274-19,제주특별자치도 서귀포시 성산읍 신풍리 1680,33.3840769,126.805977,실외,OUTDOOR,300,UNKNOWN,주차장+화장실+카페,"교통사고(5), 기타 둔상(1), 열상(1)",,UNKNOWN,,,,,,,,,,,UNKNOWN,,,,,,Y,,,,,김정문알로에 알로에숲: 알로에 테마 식물원
P824,제주성서식물원 비블리아,자연관광,숲·공원,식물원,Place,SPOT,RELATED,식물관람·산책,"식물원,정원",제주특별자치도 제주시 조천읍 일주동로 1852,제주특별자치도 제주시 한림읍 상명리 1191-5,33.355991,126.2751072,실외,OUTDOOR,150,UNKNOWN,주차장+화장실+카페,"교통사고(2), 낙상(2)",,UNKNOWN,,,,,,,,,,,UNKNOWN,,,,,,Y,,,,,제주성서식물원 비블리아: 성경 속 식물 테마 정원
P825,서귀포칠십리시공원,자연관광,숲·공원,자연공원,Place,SPOT,RELATED,공원산책·관람,"공원,산책",제주특별자치도 서귀포시 현청로 41-19,제주특별자치도 서귀포시 서홍동 576-9,33.2669255,126.5545474,실외,OUTDOOR,500,27,공용주차장+화장실+편의점+음료대,"낙상(24), 교통사고(22), 기타 둔상(4)",,UNKNOWN,,,,,,,,,,,UNKNOWN,,,,,,Y,,,,,서귀포칠십리시공원: 천지연폭포 조망 도심 공원
P826,사라봉공원,자연관광,숲·공원,자연공원,Place,SPOT,CENTRAL·RELATED,공원산책·관람,"공원,산책",제주특별자치도 제주시 사라봉동길 74,제주특별자치도 제주시 건입동 387-1,33.5186634,126.5476898,실외,OUTDOOR,500,UNKNOWN,주차장+화장실+음료대,"낙상(45), 교통사고(31), 열상(9)",,UNKNOWN,,,,,,,,,,,UNKNOWN,,,,,,Y,,,,,사라봉공원: 제주 영주십경 일몰 명소
P827,삼매봉공원,자연관광,숲·공원,자연공원,Place,SPOT,CENTRAL·RELATED,공원산책·관람,"공원,산책",도로명주소미보유,제주특별자치도 서귀포시 서홍동 820-1,33.2439008,126.5474961,실외,OUTDOOR,1000,UNKNOWN,주차장+화장실,"낙상(24), 교통사고(22), 기타 둔상(4)",,UNKNOWN,,,,,,,,,,,UNKNOWN,,,,,,Y,,,,,삼매봉공원: 서귀포 도심 체육 공원
P828,뿔소라공원,자연관광,숲·공원,자연공원,Place,SPOT,RELATED·LOCAL,공원산책·관람,"공원,산책",도로명주소미보유,제주특별자치도 서귀포시 대정읍 신도리 3125-5,33.2736465,126.1720132,실외,OUTDOOR,50,UNKNOWN,휴게쉼터,"교통사고(7), 열상(3), 낙상(2)",,UNKNOWN,,,,,,,,,,,UNKNOWN,,,,,,Y,,,,,뿔소라공원: 우도 뿔소라 테마 공원
P829,숨골공원,자연관광,숲·공원,자연공원,Place,SPOT,LOCAL,공원산책·관람,"공원,산책",제주특별자치도 서귀포시 일주동로 9146,제주특별자치도 서귀포시 서호동 1609,33.2481628,126.5159145,실외,OUTDOOR,100,UNKNOWN,주차장+화장실+휴게쉼터,"낙상(18), 교통사고(17), 열상(2)",,UNKNOWN,,,,,,,,,,,UNKNOWN,,,,,,Y,,,,,숨골공원: 제주 숨골 생태 공원
P830,삼무공원,자연관광,숲·공원,자연공원,Place,SPOT,RELATED·LOCAL,공원산책·관람,"공원,산책",제주특별자치도 제주시 신대로10길 48-9,제주특별자치도 제주시 연동 270-5,33.4917799,126.4919597,실외,OUTDOOR,200,34,주차장+화장실+음료대+휴게쉼터,"낙상(141), 교통사고(71), 상해(32)",,UNKNOWN,,,,,,,,,,,UNKNOWN,,,,,,Y,,,,,삼무공원: 제주시 도심 기차 공원
P831,서귀포 치유의 숲,자연관광,숲·공원,자연휴양림,Place,SPOT,CENTRAL,숲산책·휴식,"숲,휴식",제주특별자치도 서귀포시 산록남로 2271,제주특별자치도 서귀포시 호근동 산 4,33.2919386,126.5279022,실외,OUTDOOR,600,66,공용주차장+화장실+수유실,"낙상(18), 추락(4), 기타 둔상(2)",,UNKNOWN,,,,,,,,,,,UNKNOWN,,,,,,Y,,,,,서귀포 치유의 숲: 편백나무 힐링 숲
P832,붉은오름자연휴양림,자연관광,숲·공원,자연휴양림,Place,SPOT,CENTRAL·RELATED,숲산책·휴양·캠핑,"휴양림,오름,무장애숲길,캠핑",제주특별자치도 서귀포시 표선면 남조로 1487-73,제주특별자치도 서귀포시 표선면 가시리 산 158,33.395905,126.669785,실외+실내,UNKNOWN,1000,UNKNOWN,주차장+화장실+숙박시설+오토캠핑장+산림문화휴양관+생태연못+방문자센터+무장애숲길,"낙상(14), 교통사고(9), 기타 둔상(3)",,UNKNOWN,,,,,,,,,,,UNKNOWN,,,,,,Y,,,,,붉은오름자연휴양림: 무장애숲길과 캠핑·숙박 시설을 갖춘 공영 휴양림
P833,한라생태숲,자연관광,숲·공원,숲,Place,SPOT,CENTRAL,산책·생태관람,"숲,생태",제주특별자치도 제주시 516로 2596,제주특별자치도 제주시 용강동 산 14-1,33.4307712,126.5964041,실외,OUTDOOR,1000,150,주차장+화장실+유모차대여,"교통사고(5), 동물/곤충(3), 낙상(1)",,UNKNOWN,,,,,무료,무료,09:00~18:00,연중무휴,1시간,,UNKNOWN,,,,,,Y,,,,,한라생태숲: 다양한 제주 식생 복원 숲
P834,생각하는정원,자연관광,숲·공원,테마정원,Place,SPOT,CENTRAL,산책·생태관람,"정원,산책",제주특별자치도 제주시 한경면 녹차분재로 675,제주특별자치도 제주시 한경면 저지리 1534,33.3255844,126.2550051,실외,OUTDOOR,500,70,공용주차장+화장실+무료WIFI+편의점+음료대,"낙상(9), 기타 둔상(5), 교통사고(2)",,UNKNOWN,,,,,,,,,,,UNKNOWN,,,,,,Y,,,,,생각하는정원: 세계적인 분재 예술 정원
P835,제주허브동산,자연관광,숲·공원,테마정원,Place,SPOT,CENTRAL,산책·생태관람,"정원,산책",제주특별자치도 서귀포시 표선면 돈오름로 170,제주특별자치도 서귀포시 표선면 표선리 2608,33.3291241,126.8147261,실외,OUTDOOR,1000,UNKNOWN,공용주차장+화장실+무료WIFI+편의점+음료대,"낙상(38), 교통사고(27), 동물/곤충(11)",,UNKNOWN,,,,,10000,7000,09:00~22:00,연중무휴,1시간 30분~2시간,,UNKNOWN,,,,,,Y,,,,,제주허브동산: 허브 및 야간 조명 테마파크
P836,노리매,자연관광,숲·공원,테마정원,Place,SPOT,CENTRAL,산책·생태관람,"정원,산책",제주특별자치도 서귀포시 대정읍 중산간서로 2260-15,제주특별자치도 서귀포시 대정읍 구억리 654-1,33.2825441,126.2873438,실외,OUTDOOR,500,UNKNOWN,공용주차장+화장실+음료대+엘리베이터+수유실+유모차대여,"교통사고(5), 낙상(4), 기타 둔상(3)",,UNKNOWN,,,,,9000,6000,09:00~18:00,연중무휴,1시간,,UNKNOWN,,,,,,Y,,,,,노리매: 매화 테마 수변 공원
P837,제주다원,자연관광,숲·공원,테마정원,Place,SPOT,CENTRAL·RELATED,산책·생태관람,"정원,산책",제주특별자치도 서귀포시 산록남로 1258,제주특별자치도 서귀포시 색달동 산 50,33.2937131,126.4224687,실외,OUTDOOR,500,UNKNOWN,공용주차장+화장실+무료WIFI,"낙상(104), 교통사고(45), 기타 둔상(38)",,UNKNOWN,,,,,,,,,,,UNKNOWN,,,,,,Y,,,,,제주다원: 제주 녹차 테마 다원
P838,도순다원,자연관광,숲·공원,테마정원,Place,SPOT,RELATED·LOCAL,산책·생태관람,"정원,산책",제주특별자치도 서귀포시 중산간서로356번길 152-41,제주특별자치도 서귀포시 도순동 1-1,33.2723952,126.4828906,실외,OUTDOOR,80,UNKNOWN,,"교통사고(2), 낙상(2)",,UNKNOWN,,,,,,,,,,,UNKNOWN,,,,,,Y,,,,,도순다원: 고즈넉한 대규모 녹차밭
P839,서귀다원,자연관광,숲·공원,테마정원,Place,SPOT,RELATED·LOCAL,산책·생태관람,"정원,산책",제주특별자치도 서귀포시 516로 717,제주특별자치도 서귀포시 상효동 1155-17,33.3128006,126.5966713,실외,OUTDOOR,80,UNKNOWN,공용주차장+화장실+음료대,"교통사고(22), 낙상(15), 카트(5)",,UNKNOWN,,,,,,,,,,,UNKNOWN,,,,,,Y,,,,,서귀다원: 한라산 자락 유기농 녹차밭
P840,돌낭예술원,자연관광,숲·공원,테마정원,Place,SPOT,RELATED·LOCAL,산책·생태관람,"정원,산책",제주특별자치도 제주시 한림읍 한림로 176,제주특별자치도 서귀포시 남원읍 위미리 3744-2,33.3846916,126.2267365,실외,OUTDOOR,1000,UNKNOWN,공용주차장+화장실+무료WIFI,"교통사고(39), 낙상(12), 추락(6)",,UNKNOWN,,,,,,,,,,,UNKNOWN,,,,,,Y,,,,,돌낭예술원: 석재 예술 테마 공원
P841,현애원,자연관광,숲·공원,테마정원,Place,SPOT,RELATED·LOCAL,산책·생태관람,"정원,산책",제주특별자치도 제주시 한경면 녹차분재로 594-1,제주특별자치도 서귀포시 성산읍 오조리 1052-4,33.322572,126.263238,실외,OUTDOOR,200,UNKNOWN,공용주차장+화장실+무료WIFI+엘리베이터,"교통사고(10), 낙상(10), 기타 둔상(3)",,UNKNOWN,,,,,,,,,,,UNKNOWN,,,,,,Y,,,,,현애원: 수국이 아름다운 식물원
P842,색달포레스트,자연관광,숲·공원,테마정원,Place,SPOT,RELATED·LOCAL,산책·생태관람,"정원,산책",제주특별자치도 서귀포시 산록남로1241번길 196-16,제주특별자치도 서귀포시 색달동 산 3,33.3112618,126.4261178,실외,OUTDOOR,500,UNKNOWN,주차장+화장실,"낙상(104), 교통사고(45), 기타 둔상(38)",,UNKNOWN,,,,,,,,,,,UNKNOWN,,,,,,Y,,,,,색달포레스트: 자연 친화적 복합 공간
P843,마노르블랑,자연관광,숲·공원,테마정원,Place,SPOT,CENTRAL,산책·생태관람,"정원,산책",제주특별자치도 서귀포시 안덕면 일주서로2100번길 46,제주특별자치도 서귀포시 안덕면 덕수리 2952,33.2548236,126.2949865,실외+실내,UNKNOWN,500,50,주차장+화장실+카페,"교통사고(22), 낙상(1), 기타 둔상(1)",,UNKNOWN,,,,,,,,,,,UNKNOWN,,,,,,Y,,,,,마노르블랑: 수국과 핑크뮬리 정원 카페
P844,빌레뱅디,자연관광,숲·공원,테마정원,Place,SPOT,LOCAL,산책·생태관람,"정원,산책",제주특별자치도 제주시 한경면 청수동4길 139-31,제주특별자치도 제주시 한경면 청수리 11,33.3172985,126.2599218,실외,OUTDOOR,150,UNKNOWN,주차장+화장실+카페,"교통사고(7), 낙상(3), 말달구지(2)",,UNKNOWN,,,,,,,,,,,UNKNOWN,,,,,,Y,,,,,빌레뱅디: 테마 수목원
P845,영실기암,자연관광,지질·특수자원,기암,Place,SPOT,CENTRAL·POPULAR,지질경관관람·산책,"지질경관,자연",제주특별자치도 서귀포시 하원동 영실로 246,제주특별자치도 서귀포시 하원동 산 1-4,33.3401037,126.480513,실외,OUTDOOR,500,150,주차장+화장실+대피소,"낙상(21), 교통사고(19), 추락(3)",,UNKNOWN,,,,,,,,,,,UNKNOWN,,,,,,Y,,,,,영실기암: 한라산 기암괴석 명승지
P846,동안경굴,자연관광,지질·특수자원,동굴,Place,SPOT,RELATED·LOCAL,경관감상·탐방,"동굴,지질",제주특별자치도 제주시 우도면 우도해안길 1132,제주특별자치도 제주시 우도면 연평리 317-2,33.4977645,126.9674903,실외,OUTDOOR,50,UNKNOWN,주차장+화장실,"교통사고(163), 낙상(50), 동물/곤충(12)",,Y,우도,성산항,15.0,Y,,,,,,,UNKNOWN,,,,,,Y,,수시(성수기 30분 간격),여객선 필수 — 풍랑특보 시 결항. 방문 전 운항 확인 필요,,동안경굴: 우도 해안 동굴 명소
P847,성읍녹차동굴,자연관광,지질·특수자원,동굴,Place,SPOT,RELATED·LOCAL,경관감상·탐방,"동굴,지질",제주특별자치도 서귀포시 표선면 중산간동로 4772,제주특별자치도 서귀포시 표선면 성읍리 2270,33.3818381,126.7910696,실외,OUTDOOR,100,UNKNOWN,공용주차장+화장실+음료대+기념품점+식음료시설,"낙상(31), 교통사고(19), 기타 둔상(5)",,UNKNOWN,,,,,,,,,,,UNKNOWN,,,,,,Y,,,,,성읍녹차동굴: 녹차밭 속 비밀 동굴
P848,백록담,자연관광,지질·특수자원,분화구,Place,SPOT,CENTRAL·POPULAR,분화구관람·산책,"분화구,지질",도로명주소미보유,제주특별자치도 서귀포시 토평동 산 15-1,33.3469026,126.5354544,실외,OUTDOOR,1500,156,주차장+화장실+대피소,"교통사고(34), 낙상(26), 카트(12)",,UNKNOWN,,,,,,,,,,,UNKNOWN,,,,,,Y,,,,,백록담: 한라산 정상 화구호
P849,하논마르,자연관광,지질·특수자원,분화구,Place,SPOT,CENTRAL·RELATED,분화구관람·산책,"분화구,지질",도로명주소미보유,제주특별자치도 서귀포시 서홍동 1003,33.2529715,126.5457562,실외,OUTDOOR,500,UNKNOWN,,"낙상(24), 교통사고(22), 기타 둔상(4)",,UNKNOWN,,,,,,,,,,,UNKNOWN,,,,,,Y,,,,,하논마르: 국내 최대 마르형 분화구
P850,원앙폭포,자연관광,지질·특수자원,폭포,Place,SPOT,CENTRAL,폭포관람·산책,"폭포,물",제주특별자치도 서귀포시 돈내코로 137,제주특별자치도 서귀포시 상효동 1463,33.3005023,126.5819505,실외,OUTDOOR,200,UNKNOWN,공용주차장+화장실+음료대,"교통사고(22), 낙상(15), 카트(5)",,UNKNOWN,,,,,,,,,,,UNKNOWN,,,,,,Y,,,,,원앙폭포: 돈내코 계곡 에메랄드빛 폭포
P851,돈내코,자연관광,지질·특수자원,하구·협곡,Area,AREA,CENTRAL,경관감상,"자연경관,물",제주특별자치도 서귀포시 돈내코로 120,제주특별자치도 서귀포시 상효동 1460,33.3001329,126.584438,실외,OUTDOOR,500,60,주차장+화장실+음료대+취사장+휴게쉼터+야영장,"교통사고(22), 낙상(15), 카트(5)",,UNKNOWN,,,,,,,,,,,UNKNOWN,,,,,,Y,,,,,돈내코: 한라산 얼음물 계곡 피서지
P852,산지천,자연관광,지질·특수자원,하구·협곡,Area,AREA,RELATED,경관감상,"자연경관,물",도로명주소미보유,제주특별자치도 제주시 건입동 1189-2,33.5150321,126.531518,실외,OUTDOOR,1000,UNKNOWN,공영주차장+화장실+엘리베이터,"낙상(45), 교통사고(31), 열상(9)",,UNKNOWN,,,,,,,,,,,UNKNOWN,,,,,,Y,,,,,산지천: 제주 구도심 역사 하천
P853,쇠소깍,자연관광,지질·특수자원,하구·협곡,Area,AREA,CENTRAL·POPULAR,경관감상,"자연경관,물",제주특별자치도 서귀포시 쇠소깍로 104,제주특별자치도 서귀포시 하효동 990-1,33.2542467,126.6224066,실외,OUTDOOR,500,54,공용주차장+화장실+편의점+음료대,"교통사고(7), 낙상(7), 기타 둔상(3)",,UNKNOWN,,,,,,,,,,,UNKNOWN,,,,,,Y,,,,,쇠소깍: 투명카약 명소 계곡과 바다
P854,무수천,자연관광,지질·특수자원,하구·협곡,Area,AREA,RELATED·LOCAL,경관감상,"자연경관,물",도로명주소미보유,제주특별자치도 제주시 애월읍 광령리 4227,33.4640704,126.4455295,실외,OUTDOOR,50,UNKNOWN,,"교통사고(349), 낙상(204), 기타 둔상(48)",,UNKNOWN,,,,,,,,,,,UNKNOWN,,,,,,Y,,,,,무수천: 제주시 인근 기암 절벽 하천
P855,천아계곡,자연관광,지질·특수자원,하구·협곡,Area,AREA,CENTRAL·RELATED,계곡경관감상·숲길트레킹,"계곡,숲길,단풍,한라산둘레길",도로명주소미보유,제주특별자치도 제주시 애월읍 봉성리 산1,33.355183,126.4252,실외,OUTDOOR,500,UNKNOWN,주차공간+숲길+계곡,"교통사고(19), 낙상(13), 기타 둔상(7)",,UNKNOWN,,,,,,,,,,,우천 후 입산통제 가능,,,,,,Y,,,,,천아계곡: 어승생제2수원지 요청명 및 한라산둘레길 천아숲길 통합명
P856,제주서귀포층패류화석산지,자연관광,지질·특수자원,해안지형,Area,AREA,RELATED·LOCAL,해안지형관람·산책,"지질경관,해안",제주특별자치도 서귀포시 남성중로 43,제주특별자치도 서귀포시 서홍동 707,33.2397954,126.558266,실외,OUTDOOR,300,UNKNOWN,,"낙상(24), 교통사고(22), 기타 둔상(4)",,UNKNOWN,,,,,,,,,,,UNKNOWN,,,,,,Y,,,,,제주서귀포층패류화석산지: 지질학적 화석 해안
P857,청굴물,자연관광,지질·특수자원,용천수,Area,AREA,RELATED·LOCAL,경관감상·산책,"용천수,해안",제주특별자치도 제주시 구좌읍 김녕로1길 75-1,제주특별자치도 제주시 구좌읍 김녕리 1296-1,33.5579832,126.7512895,실외,OUTDOOR,50,UNKNOWN,주차장+화장실+가족화장실,"낙상(24), 교통사고(18), 동물/곤충(10)",,UNKNOWN,,,,,,,,,,,UNKNOWN,,,,,,Y,,,,,청굴물: 바다로 솟는 용천수 명소
P858,발자국화석공원,자연관광,지질·특수자원,화석산지,Area,AREA,RELATED·LOCAL,지질경관관람·산책,"화석,지질",도로명주소미보유,제주특별자치도 서귀포시 대정읍 상모리 626-1,33.2173981,126.2930731,실외,OUTDOOR,200,UNKNOWN,주차장+화장실,"낙상(24), 교통사고(13), 기타 둔상(1)",,UNKNOWN,,,,,,,,,,,UNKNOWN,,,,,,Y,,,,,발자국화석공원: 새 발자국 화석 산지
P859,한라산국립공원영실탐방로,자연관광,트레일·산책로,숲길트레일,Area,AREA,CENTRAL·POPULAR,산책·트레킹,"도보,숲길",제주특별자치도 서귀포시 하원동 영실로 246,제주특별자치도 서귀포시 하원동 산 1-1,33.3401037,126.480513,실외,OUTDOOR,1000,150,주차장+화장실+대피소,"낙상(21), 교통사고(19), 추락(3)",관광객(외국인)(1): 경사(1),UNKNOWN,,,,,,,,,,,UNKNOWN,,,,,,Y,,,,,한라산국립공원영실탐방로: 가장 아름다운 한라산 탐방로
P860,머체왓숲길,자연관광,트레일·산책로,숲길트레일,Area,AREA,CENTRAL,산책·트레킹,"도보,숲길",제주특별자치도 서귀포시 남원읍 서성로 755,제주특별자치도 서귀포시 남원읍 한남리 1622-3,33.3305225,126.6738998,실외,OUTDOOR,400,UNKNOWN,공용주차장+화장실+무료WIFI+흡연구역+음료대+식음료시설+전기차충전소,"교통사고(4), 낙상(4), 열상(1)",,UNKNOWN,,,,,,,,,,,UNKNOWN,,,,,,Y,,,,,머체왓숲길: 편백나무와 삼나무 숲 트레킹
P861,제주올레길15-A코스,자연관광,트레일·산책로,올레길,Area,AREA,RELATED,산책·트레킹,"도보,올레길",제주특별자치도 제주시 한림읍 한림해안로 196,제주특별자치도 제주시 한림읍 대림리 2019-2,33.4193066,126.2625189,실외,OUTDOOR,1000,UNKNOWN,주차장+화장실,"낙상(5), 기타 둔상(4), 교통사고(3)",,UNKNOWN,,,,,,,,,,,UNKNOWN,,,,,,Y,,,,,제주올레길15-A코스: 애월 해안과 중산간 올레
P862,샤이니숲길,자연관광,트레일·산책로,숲길트레일,Area,AREA,RELATED·LOCAL,산책·트레킹,"도보,숲길",도로명주소미보유,제주특별자치도 제주시 조천읍 교래리 719-10,33.4272549,126.661749,실외,OUTDOOR,50,0,주차장+화장실,"낙상(49), 교통사고(32), 추락(8)",,UNKNOWN,,,,,,,,,,,UNKNOWN,,,,,,Y,,,,,샤이니숲길: 비밀스러운 삼나무 숲길
P863,한라산둘레길9구간(숫모르편백숲길),자연관광,트레일·산책로,숲길트레일,Area,AREA,RELATED,산책·트레킹,"도보,숲길",제주특별자치도 제주시 516로 2596,제주특별자치도 제주시 용강동 산 14-1,33.4307712,126.5964041,실외,OUTDOOR,500,UNKNOWN,주차장+화장실,"교통사고(5), 동물/곤충(3), 낙상(1)",,UNKNOWN,,,,,,,,,,,UNKNOWN,,,,,,Y,,,,,한라산둘레길9구간(숫모르편백숲길): 편백림 둘레길
P864,제주삼나무길,자연관광,트레일·산책로,숲길트레일,Area,AREA,RELATED·LOCAL,산책·트레킹,"도보,숲길",제주특별자치도 제주시 조천읍 교래7길 218,제주특별자치도 제주시 조천읍 교래리 산 16,33.419342,126.6964863,실외,OUTDOOR,50,UNKNOWN,주차장+화장실,"낙상(49), 교통사고(32), 추락(8)",,UNKNOWN,,,,,,,,,,,UNKNOWN,,,,,,Y,,,,,제주삼나무길: 비자림로 삼나무 드라이브 코스
P865,들렁모루동산,자연관광,트레일·산책로,숲길트레일,Area,AREA,RELATED·LOCAL,산책·트레킹,"도보,숲길",도로명주소미보유,제주특별자치도 서귀포시 서홍동 2437,33.2824442,126.542648,실외,OUTDOOR,100,UNKNOWN,화장실,"낙상(24), 교통사고(22), 기타 둔상(4)",,UNKNOWN,,,,,,,,,,,UNKNOWN,,,,,,Y,,,,,들렁모루동산: 고인돌 바위가 있는 오름
P866,서중천탐방로,자연관광,트레일·산책로,숲길트레일,Area,AREA,RELATED·LOCAL,산책·트레킹,"도보,숲길",제주특별자치도 서귀포시 남원읍 서성로 755,제주특별자치도 서귀포시 남원읍 한남리 1622-3,33.3305225,126.6738998,실외,OUTDOOR,200,UNKNOWN,주차장+화장실+식음료시설+휴게쉼터,"교통사고(4), 낙상(4), 열상(1)",,UNKNOWN,,,,,,,,,,,UNKNOWN,,,,,,Y,,,,,서중천탐방로: 화산암반 하천 탐방로
P867,편백포레스트,자연관광,트레일·산책로,숲길트레일,Area,AREA,RELATED·LOCAL,산책·트레킹,"도보,숲길",제주특별자치도 서귀포시 남원읍 서성로 544-97,제주특별자치도 서귀포시 남원읍 한남리 산 18,33.3174868,126.6596813,실외,OUTDOOR,800,UNKNOWN,주차장+화장실+휴게쉼터,"교통사고(4), 낙상(4), 열상(1)",,UNKNOWN,,,,,,,,,,,UNKNOWN,,,,,,Y,,,,,편백포레스트: 편백나무 산책 숲
P868,한라산 성판악 탐방로,자연관광,트레일·산책로,숲길트레일,Area,AREA,CENTRAL·POPULAR,등산·트레킹,"도보,숲길",제주특별자치도 제주시 조천읍 516로 1865,제주특별자치도 제주시 조천읍 교래리 산137-24,33.385053,126.619447,실외,OUTDOOR,1000,156,주차장+탐방안내소+대피소+화장실,"낙상(49), 교통사고(32), 추락(8)",관광객(1): 미분류(1) / 미상(1): 산악사고(1) / 지역주민(1): 산악사고(1),UNKNOWN,,,,,,,,,,,N,,,,,,Y,,,,,한라산 성판악 탐방로: 한라산 정상 등반 대표 코스
P869,한라산 관음사 탐방로,자연관광,트레일·산책로,숲길트레일,Area,AREA,CENTRAL·POPULAR,등산·트레킹,"한라산,등산,백록담",제주특별자치도 제주시 산록북로 588,제주특별자치도 제주시 오등동 산180-3,33.4214381,126.5493652,실외,OUTDOOR,500,UNKNOWN,탐방안내소+야영장+화장실+대피소+주차장,"교통사고(32), 낙상(27), 동물/곤충(4)",,UNKNOWN,,,,,,,,,,,예약제,,,,,,Y,,,,,한라산 관음사 탐방로: 백록담 정상 등반 북쪽 코스
P870,한라산둘레길 수악길,자연관광,트레일·산책로,숲길트레일,Area,AREA,RELATED,산책·트레킹,"한라산둘레길,숲길,트레킹",도로명주소미보유,제주특별자치도 서귀포시 남원읍 하례리 산2-3,33.3276411,126.6035725,실외,OUTDOOR,500,UNKNOWN,숲길+버스정류장 일부 접근,"교통사고(10), 낙상(6), 열상(2)",관광객(1): 기상위험(1),UNKNOWN,,,,,,,,,,,UNKNOWN,,,,,,Y,,,,,한라산둘레길 수악길: 돈내코 탐방로~이승악 구간 11.5km
P871,김녕오조해안도로,자연관광,트레일·산책로,해안도로,Area,AREA,RELATED·LOCAL,해안드라이브·산책,"해안경관,드라이브",도로명주소미보유,제주특별자치도 제주시 구좌읍 김녕리 1037-2,33.5501078,126.7578354,실외,OUTDOOR,2000,UNKNOWN,주차장+화장실,"낙상(24), 교통사고(18), 동물/곤충(10)",,UNKNOWN,,,,,,,,,,,UNKNOWN,,,,,,Y,,,,,김녕오조해안도로: 풍차와 바다 뷰 도로
P872,형제해안도로,자연관광,트레일·산책로,해안도로,Area,AREA,RELATED·LOCAL,해안드라이브·산책,"해안경관,드라이브",도로명주소미보유,제주특별자치도 서귀포시 대정읍 상모리 1649-1,33.2010036,126.280157,실외,OUTDOOR,1500,UNKNOWN,공용주차장+화장실+편의점+음료대,"낙상(24), 교통사고(13), 기타 둔상(1)",,UNKNOWN,,,,,,,,,,,UNKNOWN,,,,,,Y,,,,,형제해안도로: 산방산과 형제섬 뷰 도로
P873,막숙포로37번길,자연관광,트레일·산책로,해안도로,Area,AREA,RELATED·LOCAL,해안드라이브·산책,"해안경관,드라이브",도로명주소미보유,제주특별자치도 서귀포시 법환동 287-3,33.2377381,126.5157243,실외,OUTDOOR,300,UNKNOWN,주차장+화장실,"낙상(29), 교통사고(24), 기타 둔상(8)",,UNKNOWN,,,,,,,,,,,UNKNOWN,,,,,,Y,,,,,막숙포로37번길: 서귀포 해안 산책로
P874,신양해안도로,자연관광,트레일·산책로,해안도로,Area,AREA,RELATED·LOCAL,해안드라이브·산책,"해안경관,드라이브",도로명주소미보유,제주특별자치도 서귀포시 성산읍 고성리 2747,33.4405385,126.9166097,실외,OUTDOOR,1000,UNKNOWN,공용주차장+화장실+편의점+음료대,"교통사고(248), 낙상(231), 기타 둔상(37)",,UNKNOWN,,,,,,,,,,,UNKNOWN,,,,,,Y,,,,,신양해안도로: 섭지코지 인근 해안도로
P875,예래해안로,자연관광,트레일·산책로,해안도로,Area,AREA,RELATED·LOCAL,해안드라이브·산책,"해안경관,드라이브",도로명주소미보유,제주특별자치도 서귀포시 상예동 5002-34,33.2378107,126.3903447,실외,OUTDOOR,500,UNKNOWN,공용주차장+화장실+샤워장+탈의실+휴게쉼터,"교통사고(18), 낙상(10), 기타 둔상(2)",,UNKNOWN,,,,,,,,,,,UNKNOWN,,,,,,Y,,,,,예래해안로: 논짓물과 주상절리 해안도로
P876,제주환상자전거길,자연관광,트레일·산책로,해안도로,Area,AREA,RELATED,해안드라이브·산책,"해안경관,드라이브",도로명주소미보유,제주특별자치도 제주시 용담이동 483,33.515036,126.5119669,실외,OUTDOOR,5000,UNKNOWN,인증센터+화장실+급수대+휴게쉼터,UNKNOWN,,UNKNOWN,,,,,,,,,,,UNKNOWN,,,,,,Y,,,,,제주환상자전거길: 해안 일주 자전거 전용 코스
P877,수월봉 지질트레일,자연관광,트레일·산책로,해안산책로,Area,AREA,CENTRAL·RELATED,산책·트레킹,"도보,해안경관",제주특별자치도 제주시 한경면 노을해안로 1013-70,제주특별자치도 제주시 한경면 고산리 3762,33.2942031,126.162995,실외,OUTDOOR,500,UNKNOWN,주차장+화장실,"교통사고(11), 낙상(5), 동물/곤충(2)",,UNKNOWN,,,,,,,,,,,UNKNOWN,,,,,,Y,,,,,수월봉 지질트레일: 화산 퇴적층 해안 산책로
P878,제주올레길10코스,자연관광,트레일·산책로,올레길,Area,AREA,CENTRAL·POPULAR,산책·트레킹,"도보,올레길",제주특별자치도 서귀포시 안덕면 화순해안로 69,제주특별자치도 서귀포시 안덕면 화순리 833-2,33.2408567,126.3339458,실외,OUTDOOR,1000,UNKNOWN,주차장+화장실,"교통사고(24), 낙상(17), 기타 둔상(10)",,UNKNOWN,,,,,,,,,,,UNKNOWN,,,,,,Y,,,,,제주올레길10코스: 송악산 해안경관 올레길
P879,제주올레길8코스,자연관광,트레일·산책로,올레길,Area,AREA,CENTRAL·POPULAR,산책·트레킹,"도보,올레길",도로명주소미보유,제주특별자치도 서귀포시 월평동 738-1,33.2435421,126.4585705,실외,OUTDOOR,1000,UNKNOWN,주차장+화장실,"교통사고(8), 동물/곤충(1)",,UNKNOWN,,,,,,,,,,,UNKNOWN,,,,,,Y,,,,,제주올레길8코스: 주상절리 중문 해안 올레길
P880,제주올레길18코스,자연관광,트레일·산책로,올레길,Area,AREA,CENTRAL·RELATED,산책·트레킹,"도보,올레길",제주특별자치도 제주시 관덕로8길 7-9,제주특별자치도 제주시 일도일동 1448,33.5125707,126.5243196,실외,OUTDOOR,1000,UNKNOWN,주차장+화장실+휴게쉼터,"낙상(12), 교통사고(6), 기타 둔상(2)",,UNKNOWN,,,,,,,,,,,UNKNOWN,,,,,,Y,,,,,제주올레길18코스: 제주 시내와 조천을 잇는 길
P881,제주올레길19코스,자연관광,트레일·산책로,올레길,Area,AREA,CENTRAL·RELATED,산책·트레킹,"도보,올레길",제주특별자치도 제주시 조천읍 신북로 303,제주특별자치도 제주시 조천읍 조천리 1156,33.5410272,126.6407254,실외,OUTDOOR,1000,UNKNOWN,주차장+화장실+식음료시설+편의점,"교통사고(12), 낙상(12), 열상(4)",,UNKNOWN,,,,,,,,,,,UNKNOWN,,,,,,Y,,,,,제주올레길19코스: 조천-김녕 바당길
P882,제주올레길7-1코스,자연관광,트레일·산책로,올레길,Area,AREA,CENTRAL·RELATED,산책·트레킹,"도보,올레길",제주특별자치도 서귀포시 월드컵로 31,제주특별자치도 서귀포시 법환동 914,33.2470674,126.5073626,실외,OUTDOOR,1000,723,주차장+화장실+엘리베이터,"낙상(29), 교통사고(24), 기타 둔상(8)",,UNKNOWN,,,,,,,,,,,UNKNOWN,,,,,,Y,,,,,제주올레길7-1코스: 서귀포 중산간 올레길
P883,제주올레 18-1코스,자연관광,트레일·산책로,올레길,Area,AREA,RELATED,산책·트레킹,"도보,올레길",제주특별자치도 제주시 추자면 추자로 39,제주특별자치도 제주시 추자면 대서리 147-5,33.9624224,126.2953187,실외,OUTDOOR,500,UNKNOWN,주차장+화장실,"낙상(4), 익수(1), 관통상(1)",,UNKNOWN,,,,,,,,,,,UNKNOWN,,,,,,Y,,,,,제주올레 18-1코스: 추자도 일주 올레길
P884,제주올레길10-1코스,자연관광,트레일·산책로,올레길,Area,AREA,RELATED,산책·트레킹,"도보,올레길",도로명주소미보유,제주특별자치도 서귀포시 대정읍 가파리 241,33.1729604,126.2697646,실외,OUTDOOR,500,UNKNOWN,주차장+화장실,"교통사고(3), 낙상(2)",,UNKNOWN,,,,,,,,,,,UNKNOWN,,,,,,Y,,,,,제주올레길10-1코스: 가파도 일주 올레길
P885,생이기정,자연관광,트레일·산책로,해안산책로,Area,AREA,RELATED·LOCAL,산책·트레킹,"도보,해안경관",도로명주소미보유,제주특별자치도 제주시 한경면 용수리 산 60,33.3156217,126.1672893,실외,OUTDOOR,200,0,주차장+화장실,"교통사고(16), 낙상(8), 동물/곤충(4)",,UNKNOWN,,,,,,,,,,,UNKNOWN,,,,,,Y,,,,,생이기정: 당산봉 해안 절벽 산책로
P886,천주교 순례길 - 김대건길,자연관광,트레일·산책로,순례길,Area,AREA,RELATED·LOCAL,산책·순례,"도보,순례길",제주특별자치도 제주시 한경면 용수1길 108,제주특별자치도 제주시 한경면 용수리 4266,33.3228626,126.1677307,실외,OUTDOOR,500,UNKNOWN,공용주차장+화장실+엘리베이터,"교통사고(16), 낙상(8), 동물/곤충(4)",,UNKNOWN,,,,,,,,,,,UNKNOWN,,,,,,Y,,,,,천주교 순례길 - 김대건길: 천주교 성지 순례길
P887,제주유배길집념의 길,자연관광,트레일·산책로,순례길,Area,AREA,RELATED·LOCAL,역사탐방·산책,"역사문화,도보",제주특별자치도 서귀포시 대정읍 추사로 44,제주특별자치도 서귀포시 대정읍 안성리 1661-1,33.2497961,126.2784939,실외,OUTDOOR,500,UNKNOWN,주차장+화장실+엘리베이터,"교통사고(3), 낙상(3), 기타 둔상(2)",,UNKNOWN,,,,,,,,,,,UNKNOWN,,,,,,Y,,,,,제주유배길집념의 길: 추사 유배길 트레일
P888,천주교 순례길 - 김기량길,자연관광,트레일·산책로,순례길,Area,AREA,RELATED·LOCAL,산책·순례,"도보,순례길",제주특별자치도 제주시 조천읍 일주동로 1216,제주특별자치도 제주시 조천읍 함덕리 940-2,33.536925,126.6705309,실외,OUTDOOR,500,UNKNOWN,주차장+화장실,"낙상(84), 교통사고(33), 기타 둔상(13)",,UNKNOWN,,,,,,,,,,,UNKNOWN,,,,,,Y,,,,,천주교 순례길 - 김기량길: 천주교 순례길
P889,제주불교성지 순례길 절로가는길 - 선정의 길,자연관광,트레일·산책로,순례길,Area,AREA,RELATED·LOCAL,산책·순례,"도보,순례길",도로명주소미보유,제주특별자치도 서귀포시 상효동 1156-6,33.3147695,126.5938237,실외,OUTDOOR,1000,UNKNOWN,주차장+화장실,"교통사고(22), 낙상(15), 카트(5)",,UNKNOWN,,,,,,,,,,,UNKNOWN,,,,,,Y,,,,,제주불교성지 순례길 절로가는길 - 선정의 길: 불교 성지 순례길
P890,천주교길 정난주길(고통의길),자연관광,트레일·산책로,순례길,Area,AREA,RELATED·LOCAL,산책·순례,"도보,순례길",제주특별자치도 서귀포시 대정읍 추사로247번길 102,제주특별자치도 서귀포시 대정읍 동일리 12,33.2535554,126.2607716,실외,OUTDOOR,500,UNKNOWN,주차장+화장실,"교통사고(5), 낙상(1), 열상(1)",,UNKNOWN,,,,,,,,,,,UNKNOWN,,,,,,Y,,,,,천주교길 정난주길(고통의길): 대정읍 천주교 역사 길
P891,차귀엉알해변로,자연관광,트레일·산책로,해안산책로,Area,AREA,RELATED·LOCAL,산책·트레킹,"도보,해안경관",도로명주소미보유,제주특별자치도 제주시 한경면 고산리 3671-1,33.3007358,126.1676447,실외,OUTDOOR,300,UNKNOWN,주차장+화장실,"교통사고(11), 낙상(5), 동물/곤충(2)",,UNKNOWN,,,,,,,,,,,UNKNOWN,,,,,,Y,,,,,차귀엉알해변로: 일몰이 아름다운 해안 산책로
P892,북촌포구,자연관광,해양,포구경관,Area,AREA,RELATED·LOCAL,경관감상,"해안경관,자연",도로명주소미보유,제주특별자치도 제주시 조천읍 북촌리 1363-4,33.5509142,126.6935147,실외,OUTDOOR,200,29,주차장+화장실,"교통사고(14), 낙상(11), 기타 둔상(5)",,UNKNOWN,,,,,,,,,,,UNKNOWN,,,,,,Y,,,,,북촌포구: 역사 품은 한적한 포구
P893,용수포구,자연관광,해양,포구경관,Area,AREA,RELATED·LOCAL,경관감상,"해안경관,자연",도로명주소미보유,제주특별자치도 제주시 한경면 용수리 4241-7,33.3234804,126.1670322,실외,OUTDOOR,200,UNKNOWN,주차장+화장실+휴게쉼터,"교통사고(16), 낙상(8), 동물/곤충(4)","관광객(1): 해양위험(1) / 미상(2): 해양위험(1), 시설위험(1)",UNKNOWN,,,,,,,,,,,UNKNOWN,,,,,,Y,,,,,용수포구: 차귀도 조망 서부 포구
P894,하예포구,자연관광,해양,포구경관,Area,AREA,RELATED·LOCAL,경관감상,"해안경관,자연",도로명주소미보유,제주특별자치도 서귀포시 하예동 1744-4,33.23357,126.374916,실외,OUTDOOR,200,UNKNOWN,,"낙상(20), 교통사고(5), 기타 둔상(2)",종사자(1): 익수위험(1),UNKNOWN,,,,,,,,,,,N,,,,,,Y,,,,,하예포구: 조용하고 한적한 서귀포 포구
P895,세화항,자연관광,해양,포구경관,Area,AREA,CENTRAL·RELATED,경관감상·포구산책,"항구,오일장,방파제,해안경관",도로명주소미보유,제주특별자치도 제주시 구좌읍 세화리 1500-5,33.5278419,126.8571148,실외,OUTDOOR,500,15,주차장+화장실+장애인화장실+방파제+오일장,"낙상(16), 교통사고(10), 상해(4)",관광객(1): 해상사고(1) / 종사자(상인/근로자)(1): 길잃음(1),UNKNOWN,,,,,,,,,,,UNKNOWN,,,,,,Y,,,,,세화항: 세화오일장과 이어지는 동부 항구·방파제 산책지
P896,운진항,자연관광,해양,여객항,Place,SPOT,CENTRAL·POPULAR,여객선이용·항구경관,"항구,여객터미널,가파도,마라도",제주특별자치도 서귀포시 대정읍 최남단해안로 120,제주특별자치도 서귀포시 대정읍 하모리 646-21,33.2096928,126.2591594,실내+실외,MIXED,1000,UNKNOWN,여객터미널+매표소+매점+주차장+화장실+엘리베이터,"낙상(29), 상해(10), 교통사고(9)",지역주민(1): 추락(1) / 종사자(상인/근로자)(1): 익수위험(1),UNKNOWN,,,,,,,,,,,UNKNOWN,,,,,,Y,,,,,운진항: 가파도·마라도 여객선 출발 항구
P897,구두미포구,자연관광,해양,포구경관,Area,AREA,RELATED·LOCAL,경관감상·물놀이,"포구,스노클링,섶섬,올레길",도로명주소미보유,제주특별자치도 서귀포시 보목동 1351,33.2365919,126.5963009,실외,OUTDOOR,200,UNKNOWN,갓길주차+전망대+쉼터,"낙상(11), 교통사고(8), 기타 둔상(1)",관광객(1): 해양위험(1),UNKNOWN,,,,,,,,,,,UNKNOWN,,,,,,Y,,,,,구두미포구: 섶섬 조망과 물놀이·스노클링 포구
P898,남원항,자연관광,해양,포구경관,Area,AREA,RELATED·LOCAL,경관감상·포구산책,"항구,올레길,낚시,해안경관",제주특별자치도 서귀포시 남원읍 남태해안로 140,제주특별자치도 서귀포시 남원읍 남원리 91-6,33.2778444,126.7189424,실외,OUTDOOR,300,UNKNOWN,주차장+방파제+음식점,"낙상(31), 교통사고(19), 기타 둔상(4)",종사자(1): 해양사고(1),UNKNOWN,,,,,,,,,,,UNKNOWN,,,,,,Y,,,,,남원항: 제주올레 5코스 시작점의 남원 포구
P899,신촌포구,자연관광,해양,포구경관,Area,AREA,RELATED·LOCAL,경관감상·포구산책,"포구,등대,낚시,물놀이",제주특별자치도 제주시 조천읍 신촌북2길 31-6,제주특별자치도 제주시 조천읍 신촌리 2077-7,33.5384109,126.619919,실외,OUTDOOR,200,UNKNOWN,주차장+화장실+방파제,"낙상(8), 교통사고(6), 추락(4)",미상(1): 추락(1),UNKNOWN,,,,,,,,,,,UNKNOWN,,,,,,Y,,,,,신촌포구: 빨간 등대와 물놀이·낚시 포구
P900,논짓물해변,자연관광,해양,해변,Area,AREA,RELATED·LOCAL,산책·해변활동,"해양경관,야외",제주특별자치도 서귀포시 예래해안로 253,제주특별자치도 서귀포시 하예동 570,33.2367603,126.388551,실외,OUTDOOR,500,UNKNOWN,공용주차장+화장실+샤워장+휴게쉼터,"낙상(20), 교통사고(5), 기타 둔상(2)",,UNKNOWN,,,,,,,,,,,UNKNOWN,,,,,,Y,,,,,논짓물해변: 천연 담수 노천욕장
P901,모진이몽돌해변,자연관광,해양,해변,Area,AREA,RELATED·LOCAL,산책·해변활동,"해양경관,야외",도로명주소미보유,제주특별자치도 제주시 추자면 신양리 56,33.9461033,126.333931,실외,OUTDOOR,200,UNKNOWN,주차장+화장실+식음료시설+편의점+휴게쉼터,"낙상(2), 기타 둔상(2), 열상(2)",,UNKNOWN,,,,,,,,,,,UNKNOWN,,,,,,Y,,,,,모진이몽돌해변: 추자도 자갈 해변
P902,태웃개,자연관광,해양,해변,Area,AREA,RELATED·LOCAL,산책·해변활동,"해양경관,야외",제주특별자치도 서귀포시 남원읍 위미해안로 199-8,제주특별자치도 서귀포시 남원읍 위미리 69,33.2703899,126.6912936,실외,OUTDOOR,150,UNKNOWN,주차장+화장실,"교통사고(39), 낙상(12), 추락(6)",미상(1): 해양위험(1),UNKNOWN,,,,,,,,,,,UNKNOWN,,,,,,Y,,,,,태웃개: 남원읍 숨은 용천수 명소
P903,도두오래물,자연관광,해양,해변,Area,AREA,RELATED·LOCAL,산책·해변활동,"해양경관,야외",제주특별자치도 제주시 도두항길 4-17,제주특별자치도 제주시 도두일동 산 2,33.5067626,126.4672257,실외,OUTDOOR,300,UNKNOWN,주차장+화장실,"낙상(44), 교통사고(11), 상해(5)",,UNKNOWN,,,,,,,,,,,UNKNOWN,,,,,,Y,,,,,도두오래물: 시원한 용천수 노천탕
P904,코난해변,자연관광,해양,해변,Area,AREA,RELATED·LOCAL,산책·해변활동,"해양경관,야외",제주특별자치도 제주시 구좌읍 해맞이해안로 2478,제주특별자치도 제주시 구좌읍 종달리 722,33.4859856,126.9017973,실외,OUTDOOR,300,UNKNOWN,주차장+화장실,"교통사고(29), 낙상(11), 기타 둔상(3)",지역주민(1): 익수위험(1),UNKNOWN,,,,,,,,,,,UNKNOWN,,,,,,Y,,,,,코난해변: 에메랄드빛 숨은 해수욕장
P905,세기알 해변,자연관광,해양,해변,Area,AREA,RELATED·LOCAL,산책·해변활동,"해양경관,야외",제주특별자치도 제주시 구좌읍 김녕항3길 18-16,제주특별자치도 제주시 구좌읍 김녕리 1200-5,33.5579308,126.7465076,실외,OUTDOOR,200,UNKNOWN,주차장+화장실+샤워장,"낙상(24), 교통사고(18), 동물/곤충(10)",,UNKNOWN,,,,,,,,,,,UNKNOWN,,,,,,Y,,,,,세기알 해변: 김녕해수욕장 인근 아담한 해변
P906,큰엉해안경승지,자연관광,해양,해안경관,Area,AREA,CENTRAL·RELATED,경관감상·산책,"해양경관,야외",제주특별자치도 서귀포시 남원읍 태위로 522-17,제주특별자치도 서귀포시 남원읍 남원리 2379-3,33.2733498,126.7037119,실외,OUTDOOR,500,22,주차장+화장실+휴게쉼터,"낙상(31), 교통사고(19), 기타 둔상(4)",,UNKNOWN,,,,,,,,,,,UNKNOWN,,,,,,Y,,,,,큰엉해안경승지: 한반도 지형 산책로
P907,곽지 과물노천탕,자연관광,해양,해변,Area,AREA,RELATED,산책·해변활동,"해양경관,야외",제주특별자치도 제주시 애월읍 곽지9길 25,제주특별자치도 제주시 애월읍 곽지리 1565,33.4507837,126.3055371,실외,OUTDOOR,300,UNKNOWN,주차장+화장실+샤워장+탈의실,"낙상(18), 교통사고(15), 기타 둔상(6)",,UNKNOWN,,,,,,,,,,,UNKNOWN,,,,,,Y,,,,,곽지 과물노천탕: 용천수가 솟는 노천탕
P908,소금막해변,자연관광,해양,해변,Area,AREA,RELATED·LOCAL,산책·해변활동,"해양경관,야외",제주특별자치도 서귀포시 표선면 표선동서로 378-18,제주특별자치도 서귀포시 표선면 하천리 94-2,33.3339807,126.8415189,실외,OUTDOOR,300,UNKNOWN,주차장+화장실+샤워장+탈의실+휴게쉼터,"교통사고(7), 낙상(4), 기타 둔상(3)",관광객(1): 해양위험(1),UNKNOWN,,,,,,,,,,,UNKNOWN,,,,,,Y,,,,,소금막해변: 표선 해수욕장 인근 모래사장
P909,도리빨해변,자연관광,해양,해변,Area,AREA,RELATED·LOCAL,산책·해변활동,"해양경관,야외",도로명주소미보유,제주특별자치도 서귀포시 대포동 2600,33.2357601,126.4286119,실외,OUTDOOR,150,UNKNOWN,주차장+화장실,"교통사고(26), 낙상(24), 기타 둔상(6)",관광객(1): 익수위험(1),UNKNOWN,,,,,,,,,,,UNKNOWN,,,,,,Y,,,,,도리빨해변: 스노클링 숨은 명소
P910,평대리 해변,자연관광,해양,해변,Area,AREA,RELATED·LOCAL,산책·해변활동,"해양경관,야외",도로명주소미보유,제주특별자치도 제주시 구좌읍 평대리 1994-20,33.533226,126.84065,실외,OUTDOOR,500,200,"공영주차장, 화장실, 샤워실","교통사고(24), 낙상(21), 기타 둔상(3)",지역주민(1): 익수위험(1),UNKNOWN,,,,,,,,,,,N,,,,,,Y,,,,,평대리 해변: 한적하고 맑은 에메랄드 해변
P911,하도해수욕장,자연관광,해양,해수욕장,Area,AREA,RELATED,해수욕·해변산책,"해변,해수욕",제주특별자치도 제주시 구좌읍 해맞이해안로 1973,제주특별자치도 제주시 구좌읍 하도리 46-3,33.5135069,126.8987769,실외,OUTDOOR,800,UNKNOWN,주차장+화장실+샤워장,"낙상(24), 교통사고(7), 열상(4)",미상(1): 미끄럼/낙상(1) / 종사자(상인/근로자)(1): 익수위험(1),UNKNOWN,,,,,,,,,,,UNKNOWN,,,,,,Y,,,,,하도해수욕장: 얕고 잔잔한 가족 해수욕장
P912,신흥해수욕장,자연관광,해양,해수욕장,Area,AREA,RELATED,해수욕·해변산책,"해변,해수욕,스노클링,올레길",제주특별자치도 제주시 조천읍 조함해안로 273-35,제주특별자치도 제주시 조천읍 신흥리 731-3,33.545845,126.656403,실외,OUTDOOR,500,UNKNOWN,주차장+화장실+탈의실+샤워시설+안전요원(여름철),"낙상(8), 교통사고(4), 익수(2)",미상(2): 익수위험(2),UNKNOWN,,,,,,,,,,,UNKNOWN,,,,,,Y,,,,,신흥해수욕장: 올레 19코스의 한적한 조천 해변
P913,비양도,자연관광,해양,해안경관,Area,AREA,CENTRAL,경관감상·산책,"해양경관,야외",도로명주소미보유,제주특별자치도 제주시 한림읍 협재리 산 100-1,33.4089612,126.226994,실외,OUTDOOR,300,UNKNOWN,공용주차장+화장실+편의점+음료대,"낙상(51), 교통사고(23), 기타 둔상(5)",관광객(1): 미끄럼/낙상(1) / 불특정다수(1): 해양사고(1) / 종사자(2): 해양사고(2),Y,비양도,한림항,15.0,Y,,,,,,,UNKNOWN,,,,,,Y,,1일 3~4회,여객선 필수 — 풍랑특보 시 결항. 방문 전 운항 확인 필요,,비양도: 한림 앞바다 화산섬
P914,마라도(마라해양도립공원),자연관광,해양,해안경관,Area,AREA,CENTRAL·POPULAR,경관감상·산책,"해양경관,야외",도로명주소미보유,제주특별자치도 서귀포시 대정읍 가파리 600,33.1185387,126.2672826,실외,OUTDOOR,1000,UNKNOWN,주차장+화장실+편의점+식음료시설,"교통사고(3), 낙상(2)","관광객(1): 시설위험(1) / 미상(2): 익수위험(1), 해양생물(1)",Y,마라도,운진항·산이수동항,30.0,Y,,,,,,,UNKNOWN,,,,,,Y,,1일 4~6회,여객선 필수 — 풍랑특보 시 결항. 방문 전 운항 확인 필요,,마라도(마라해양도립공원): 국토 최남단 섬
P915,가파도,자연관광,해양,해안경관,Area,AREA,CENTRAL·POPULAR,경관감상·산책,"해양경관,야외",도로명주소미보유,제주특별자치도 서귀포시 대정읍 가파리 276,33.1697545,126.2711825,실외,OUTDOOR,1500,UNKNOWN,주차장+화장실,"교통사고(3), 낙상(2)",관광객(1): 미끄럼/낙상(1) / 종사자(1): 교통위험(1),Y,가파도,운진항,15.0,Y,,,,,,,UNKNOWN,,,,,,Y,,1일 4~5회,여객선 필수 — 풍랑특보 시 결항. 방문 전 운항 확인 필요,,가파도: 청보리밭이 아름다운 섬
P916,차귀도,자연관광,해양,해안경관,Area,AREA,CENTRAL,경관감상·산책,"해양경관,야외",도로명주소미보유,제주특별자치도 제주시 한경면 고산리 산69,33.3118323,126.1500809,실외,OUTDOOR,300,80,주차장+화장실,"교통사고(11), 낙상(5), 동물/곤충(2)",종사자(선원)(1): 해양위험(1),UNKNOWN,,,,,,,,,,,UNKNOWN,,,,,,Y,,,,,차귀도: 낚시와 트레킹 명소 무인도
P917,추자도,자연관광,해양,해안경관,Area,AREA,CENTRAL,경관감상·산책,"해양경관,야외",제주특별자치도 제주시 추자면 추자로 39,제주특별자치도 제주시 추자면 대서리 147-5,33.9624224,126.2953187,실외,OUTDOOR,3000,UNKNOWN,주차장+화장실+엘리베이터+식음료시설,"낙상(15), 기타 둔상(3), 기타(질병외)(3)","미상(2): 미끄럼/낙상(1), 시설위험(1)",Y,추자도,제주항,60.0,Y,,,,,,,UNKNOWN,,,,,,Y,,1일 2~3회,여객선 필수 — 풍랑특보 시 결항. 방문 전 운항 확인 필요,,추자도: 다도해 풍광의 낚시 성지 섬
P918,박수기정,자연관광,해양,해안경관,Area,AREA,CENTRAL·RELATED,경관감상·산책,"해양경관,야외",도로명주소미보유,제주특별자치도 서귀포시 안덕면 감산리 1008,33.2366288,126.3592191,실외,OUTDOOR,300,15,주차장+화장실+식음료시설,"교통사고(10), 낙상(4), 기타 둔상(1)",,UNKNOWN,,,,,,,,,,,UNKNOWN,,,,,,Y,,,,,박수기정: 병풍처럼 펼쳐진 해안 절벽
P919,형제섬,자연관광,해양,해안경관,Area,AREA,CENTRAL·RELATED,경관감상·산책,"해양경관,야외",도로명주소미보유,제주특별자치도 서귀포시 안덕면 사계리 산44,33.2100176,126.3142885,실외,OUTDOOR,100,UNKNOWN,공용주차장+화장실+편의점+음료대,"낙상(49), 교통사고(31), 추락(7)",,UNKNOWN,,,,,,,,,,,UNKNOWN,,,,,,Y,,,,,형제섬: 사계해안 앞바다 무인도
P920,별내린전망대,자연관광,해양,전망대,Place,SPOT,RELATED,경관감상·전망,"전망,야외",도로명주소미보유,제주특별자치도 서귀포시 색달동 2943,33.2450403,126.4155991,실외,OUTDOOR,150,UNKNOWN,주차장+화장실+휴게쉼터,"낙상(104), 교통사고(45), 기타 둔상(38)",,UNKNOWN,,,,,,,,,,,UNKNOWN,,,,,,Y,,,,,별내린전망대: 중문관광단지 계곡 전망대
P921,서건도,자연관광,해양,해안경관,Area,AREA,RELATED·LOCAL,경관감상·산책,"해양경관,야외",도로명주소미보유,제주특별자치도 서귀포시 강정동 산1,33.2300766,126.4984859,실외,OUTDOOR,300,10,공용주차장,"낙상(47), 교통사고(27), 기타 둔상(11)","지역주민(2): 익수위험(1), 미끄럼/낙상(1)",UNKNOWN,,,,,,,,,,,UNKNOWN,,,,,,Y,,,,,서건도: 모세의 기적 바다 갈라짐 섬
P922,섶섬,자연관광,해양,해안경관,Area,AREA,RELATED·LOCAL,경관감상·산책,"해양경관,야외",도로명주소미보유,제주특별자치도 서귀포시 보목동 산1,33.2301392,126.5992244,실외,OUTDOOR,100,UNKNOWN,주차장+화장실+식음료시설,"낙상(11), 교통사고(8), 기타 둔상(1)",,UNKNOWN,,,,,,,,,,,UNKNOWN,,,,,,Y,,,,,섶섬: 스쿠버다이빙 명소 무인도
P923,해거름전망대,자연관광,해양,전망대,Place,SPOT,RELATED·LOCAL,경관감상·전망,"전망,야외",제주특별자치도 제주시 한경면 일주서로 6090,제주특별자치도 제주시 한경면 판포리 1608,33.369839,126.2060602,실외,OUTDOOR,200,UNKNOWN,주차장+화장실+카페,"낙상(10), 교통사고(9), 익수(7)",,UNKNOWN,,,,,,,,,,,UNKNOWN,,,,,,Y,,,,,해거름전망대: 일몰과 바다 전망 휴게소
P924,마라도등대,자연관광,해양,등대,Place,SPOT,RELATED·LOCAL,경관감상·산책,"등대,해양경관",도로명주소미보유,제주특별자치도 서귀포시 대정읍 가파리 639,33.1167231,126.2693804,실외,OUTDOOR,200,UNKNOWN,주차장+화장실+엘리베이터+수유실,"교통사고(3), 낙상(2)",,Y,마라도,운진항·산이수동항,30.0,Y,,,,,,,UNKNOWN,,,,,,Y,,1일 4~6회,여객선 필수 — 풍랑특보 시 결항. 방문 전 운항 확인 필요,,마라도등대: 최남단 랜드마크 등대
P925,다려도,자연관광,해양,해안경관,Area,AREA,RELATED·LOCAL,경관감상·산책,"해양경관,야외",도로명주소미보유,제주특별자치도 제주시 조천읍 북촌리 산 89,33.5432218,126.6908066,실외,OUTDOOR,50,0,주차장+화장실,"교통사고(14), 낙상(11), 기타 둔상(5)",종사자(선원)(1): 해양사고(1),UNKNOWN,,,,,,,,,,,UNKNOWN,,,,,,Y,,,,,다려도: 북촌리 앞 원앙 서식지 무인도
P926,비양등대,자연관광,해양,등대,Place,SPOT,RELATED·LOCAL,경관감상·산책,"등대,해양경관",도로명주소미보유,제주특별자치도 제주시 한림읍 협재리 산102,33.4101118,126.2273787,실외,OUTDOOR,100,UNKNOWN,주차장+화장실,"낙상(51), 교통사고(23), 기타 둔상(5)",,UNKNOWN,,,,,,,,,,,UNKNOWN,,,,,,Y,,,,,비양등대: 비양도 정상 등대
P927,형제해안로전망대,자연관광,해양,전망대,Place,SPOT,RELATED·LOCAL,경관감상·전망,"전망,야외",제주특별자치도 서귀포시 안덕면 형제해안로 26,제주특별자치도 서귀포시 안덕면 사계리 2147-13,33.2278421,126.3038182,실외,OUTDOOR,150,UNKNOWN,공용주차장+화장실+편의점+음료대,"낙상(49), 교통사고(31), 추락(7)",,UNKNOWN,,,,,,,,,,,UNKNOWN,,,,,,Y,,,,,형제해안로전망대: 산방산 뷰 포인트
P928,화조원,체험·레저,관광체험,동물체험,Place,SPOT,CENTRAL,체험·관람,동물,제주특별자치도 제주시 애월읍 애원로 804,제주특별자치도 제주시 애월읍 납읍리 58,33.411308,126.3720052,실내+실외,MIXED,500,180,주차장+화장실+카페+기념품샵,"낙상(4), 교통사고(3), 기타 둔상(2)",,UNKNOWN,,,,,,,,,,,UNKNOWN,,,,,,Y,,,,,화조원: 조류 및 소동물 체험 동물원
P929,도치돌알파카목장,체험·레저,관광체험,동물체험,Place,SPOT,CENTRAL,체험·관람,동물,제주특별자치도 제주시 애월읍 도치돌길 303,제주특별자치도 제주시 애월읍 납읍리 98-1,33.4097232,126.3667613,실외,OUTDOOR,800,UNKNOWN,주차장+화장실+카페+매점+휴게쉼터+유모차 대여,"낙상(4), 교통사고(3), 기타 둔상(2)",,UNKNOWN,,,,,,,,,,,UNKNOWN,,,,,,Y,,,,,도치돌알파카목장: 제주 최초 알파카 전문 목장
P930,그린비즈,체험·레저,관광체험,동물체험,Place,SPOT,RELATED,체험·관람,동물,제주특별자치도 제주시 애월읍 일주서로 6623,제주특별자치도 제주시 애월읍 신엄리 3094,33.4687026,126.3604596,실내+실외,MIXED,80,UNKNOWN,,"교통사고(38), 낙상(18), 열상(8)",,UNKNOWN,,,,,,,,,,,UNKNOWN,,,,,,Y,,,,,그린비즈: 양봉 및 꿀벌 생태 체험장
P931,아일랜드플라워,체험·레저,관광체험,동물체험,Place,SPOT,RELATED,체험·관람,동물,제주특별자치도 서귀포시 성산읍 서성일로 602,제주특별자치도 서귀포시 성산읍 난산리 2236,33.4243221,126.8496383,실외,OUTDOOR,200,UNKNOWN,주차장+카페,"교통사고(3), 낙상(3), 열상(2)",,UNKNOWN,,,,,,,,,,,UNKNOWN,,,,,,Y,,,,,아일랜드플라워: 꽃 가꾸기 원예 체험
P932,모모쥬동물원,체험·레저,관광체험,동물체험,Place,SPOT,RELATED,체험·관람,동물,제주특별자치도 서귀포시 안덕면 신화역사로304번길 98 F303,제주특별자치도 서귀포시 안덕면 서광리 산35-16,33.3065311,126.3075431,실내,INDOOR,300,UNKNOWN,주차장+화장실+엘리베이터+수유실+유모차 대여,"낙상(64), 교통사고(58), 기타 둔상(20)",,UNKNOWN,,,,,,,,,,,UNKNOWN,,,,,,Y,,,,,모모쥬동물원: 실내 동물 교감 체험
P933,돈키쥬쥬,체험·레저,관광체험,동물체험,Place,SPOT,RELATED,체험·관람,동물,제주특별자치도 제주시 은수길 65,제주특별자치도 제주시 노형동 1781,33.471611,126.4877417,실내,INDOOR,150,UNKNOWN,주차장+화장실,"낙상(79), 교통사고(63), 열상(14)",,UNKNOWN,,,,,,,,,,,UNKNOWN,,,,,,Y,,,,,돈키쥬쥬: 당나귀와 소동물 체험 농장
P934,스마일러펫,체험·레저,관광체험,동물체험,Place,SPOT,RELATED,체험·관람,동물,제주특별자치도 제주시 애월읍 상고길 47,제주특별자치도 제주시 애월읍 하귀1리 1138-5,33.4699528,126.4158541,실내,INDOOR,100,UNKNOWN,화장실+무료 WIFI,"교통사고(11), 낙상(4), 상해(3)",,UNKNOWN,,,,,,,,,,,UNKNOWN,,,,,,Y,,,,,스마일러펫: 이색 반려동물 테마 카페
P935,아침미소목장,체험·레저,관광체험,목장체험,Place,SPOT,CENTRAL,체험·산책,"식음료, 목장",제주특별자치도 제주시 첨단동길 160-20,제주특별자치도 제주시 월평동 155,33.4547876,126.586252,실외,OUTDOOR,500,UNKNOWN,주차장+화장실+카페+기저귀 교환대,"교통사고(5), 낙상(4), 기타 둔상(1)",,UNKNOWN,,,,,,,,,,,UNKNOWN,,,,,,Y,,,,,아침미소목장: 송아지 우유주기 낙농 체험장
P936,제주특별자치도축산생명연구원제주마방목지,체험·레저,관광체험,목장체험,Place,SPOT,GENERAL,체험·산책,"식음료, 목장",제주특별자치도 제주시 516로 2480,제주특별자치도 제주시 용강동 산14-34,33.4276387,126.6035946,실외,OUTDOOR,500,UNKNOWN,주차장+화장실,"교통사고(5), 동물/곤충(3), 낙상(1)",,UNKNOWN,,,,,,,,,,,UNKNOWN,,,,,,Y,,,,,제주특별자치도축산생명연구원제주마방목지: 제주마 방목 풍경
P937,스위트몽키 바나나농장체험,체험·레저,관광체험,목장체험,Place,SPOT,GENERAL,체험·산책,"식음료, 목장",제주특별자치도 제주시 한경면 산양6길 6-9,제주특별자치도 제주시 한경면 청수리 3306-8,33.2949112,126.235778,실외,OUTDOOR,150,UNKNOWN,주차장+화장실+카페,"교통사고(7), 낙상(3), 말달구지(2)",,UNKNOWN,,,,,,,,,,,UNKNOWN,,,,,,Y,,,,,스위트몽키 바나나농장체험: 국산 바나나 수확 체험
P938,열대과일농장 유진팡,체험·레저,관광체험,목장체험,Place,SPOT,RELATED,체험·산책,"식음료, 목장",제주특별자치도 서귀포시 남원읍 원님로399번길 31-7,제주특별자치도 서귀포시 남원읍 신흥리 2177,33.3399177,126.7425157,실외,OUTDOOR,300,UNKNOWN,공용주차장+화장실+무료 WIFI,"교통사고(7), 낙상(6), 기타 둔상(3)",,UNKNOWN,,,,,,,,,,,UNKNOWN,,,,,,Y,,,,,열대과일농장 유진팡: 열대과일 수확 체험 농장
P939,목장카페밭디,체험·레저,관광체험,목장체험,Place,SPOT,CENTRAL,체험·산책,"식음료, 목장",제주특별자치도 서귀포시 표선면 번영로 2486,제주특별자치도 서귀포시 표선면 성읍리 2867,33.4079,126.7722163,실외+실내,UNKNOWN,500,UNKNOWN,주차장+화장실+엘리베이터+수유실+유모차 대여+카페,"낙상(31), 교통사고(19), 기타 둔상(5)",,UNKNOWN,,,,,,,,,,,UNKNOWN,,,,,,Y,,,,,목장카페밭디: 조랑말 타기 및 카페
P940,우도보물섬레져,체험·레저,액티비티,바이크·스쿠터,Place,SPOT,RELATED·LOCAL,스쿠터·바이크체험,"이동레저,야외레저",제주특별자치도 제주시 우도면 우도해안길 336,제주특별자치도 제주시 우도면 연평리 2427-3,33.5081516,126.9438252,실외,OUTDOOR,200,UNKNOWN,화장실+편의점,"교통사고(163), 낙상(50), 동물/곤충(12)",,Y,우도,성산항,15.0,Y,,,,,,,UNKNOWN,,,,,,Y,,수시(성수기 30분 간격),여객선 필수 — 풍랑특보 시 결항. 방문 전 운항 확인 필요,,우도보물섬레져: 우도 해양 레저 보트
P941,제주실탄사격장,체험·레저,액티비티,사격,Place,SPOT,CENTRAL,사격체험,"사격,실내레저",제주특별자치도 서귀포시 소보리당로164번길 62,제주특별자치도 서귀포시 상예동 2802,33.2636756,126.3855712,실내,INDOOR,80,UNKNOWN,공용주차장+화장실+무료 WIFI+음료대,"교통사고(18), 낙상(10), 기타 둔상(2)",,UNKNOWN,,,,,,,,,,,UNKNOWN,,,,,,Y,,,,,제주실탄사격장: 실내 권총 실탄 사격장
P942,제주하늘을날다(패러글라이딩),체험·레저,액티비티,항공레저,Activity,VENUE,CENTRAL·RELATED,패러글라이딩,항공레저,제주특별자치도 제주시 도남로17길 32 영산홍아파트 가동,제주특별자치도 제주시 도남동 78,33.4911356,126.5314383,실외,OUTDOOR,30,UNKNOWN,주차장+화장실,"교통사고(8), 낙상(5), 상해(5)",,UNKNOWN,,,,,,,,,,,UNKNOWN,,,,,,Y,,,,,제주하늘을날다(패러글라이딩): 오름 패러글라이딩 체험
P943,서귀포잠수함(대국해저관광),체험·레저,액티비티,해양레저,Activity,VENUE,CENTRAL·POPULAR,잠수함관광,"해양레저,해양관광",제주특별자치도 서귀포시 남성중로 40,제주특별자치도 서귀포시 서홍동 707-5,33.2392011,126.5584238,실내+실외,MIXED,67,UNKNOWN,공용주차장+화장실+무료 WIFI+흡연구역+음료대,"낙상(24), 교통사고(22), 기타 둔상(4)",,UNKNOWN,,,,,,,,,,,UNKNOWN,,,,,,Y,,,,,서귀포잠수함(대국해저관광): 해저 생태계 관람 잠수함
P944,제주빅볼랜드,체험·레저,액티비티,복합액티비티,Place,SPOT,CENTRAL,빅볼체험,야외레저,제주특별자치도 제주시 구좌읍 금백조로 951,제주특별자치도 제주시 구좌읍 송당리 산164-4,33.4430807,126.7757004,실외,OUTDOOR,150,UNKNOWN,주차장+화장실+엘리베이터+수유실+유모차 대여,"교통사고(67), 낙상(31), 기타 둔상(4)",,UNKNOWN,,,,,,,,,,,UNKNOWN,,,,,,Y,,,,,제주빅볼랜드: 대형 워터볼 익스트림 레저
P945,제주라프 짚라인,체험·레저,액티비티,짚라인,Activity,VENUE,CENTRAL,짚라인체험,"짚라인,야외레저",제주특별자치도 제주시 조천읍 선교로 115-1,제주특별자치도 제주시 조천읍 선흘리 600-6,33.4867677,126.7068936,실외,OUTDOOR,300,UNKNOWN,공용주차장+화장실+무료 WIFI+흡연구역+편의점+음료대+카페+기념품샵+전기차충전소,"낙상(17), 교통사고(7), 추락(6)",,UNKNOWN,,,,,,,,,,,UNKNOWN,,,,,,Y,,,,,제주라프 짚라인: 녹차밭 위를 나는 짚라인
P946,월정투명카약,체험·레저,액티비티,해양레저,Activity,VENUE,CENTRAL·RELATED,투명카약,해양레저,도로명주소미보유,제주특별자치도 제주시 구좌읍 월정리 1400-33,33.5638197,126.778664,실외,OUTDOOR,200,UNKNOWN,주차장+화장실,"낙상(26), 교통사고(25), 열상(8)",,UNKNOWN,,,,,,,,,,,UNKNOWN,,,,,,Y,,,,,월정투명카약: 에메랄드빛 바다 투명카약
P947,비체올린,체험·레저,액티비티,복합액티비티,Place,SPOT,CENTRAL,카약·트라익체험,"수상레저,숲길",제주특별자치도 제주시 한경면 판조로 253-6,제주특별자치도 제주시 한경면 판포리 725-1,33.3494476,126.2181907,실외,OUTDOOR,500,41,공용주차장+화장실+편의점+무료 WIFI,"낙상(10), 교통사고(9), 익수(7)",,UNKNOWN,,,,,,,,,,,UNKNOWN,,,,,,Y,,,,,비체올린: 인공 수로 힐링 카약 파크
P948,제주바다체험장,체험·레저,액티비티,해양레저,Activity,VENUE,CENTRAL·RELATED,해양체험,해양레저,제주특별자치도 제주시 구좌읍 일주동로 1921,제주특별자치도 제주시 구좌읍 김녕리 4195,33.5553847,126.7371048,실외,OUTDOOR,200,UNKNOWN,주차장+화장실+카페,"낙상(24), 교통사고(18), 동물/곤충(10)",,UNKNOWN,,,,,,,,,,,UNKNOWN,,,,,,Y,,,,,제주바다체험장: 실내 해산물 잡기 체험
P949,서귀포유람선,체험·레저,관광체험,유람선,Activity,VENUE,CENTRAL,유람선관광,"유람선,해양관광",제주특별자치도 서귀포시 남성중로 40,제주특별자치도 서귀포시 서홍동 707-5,33.2392011,126.5584238,실외,OUTDOOR,600,UNKNOWN,주차장+화장실+편의점+음료대+유모차 대여,"낙상(24), 교통사고(22), 기타 둔상(4)",,UNKNOWN,,,,,,,,,,,UNKNOWN,,,,,,Y,,,,,서귀포유람선: 새연교 해안 절경 유람선
P950,산방산 랜드,체험·레저,테마시설,테마파크,Place,SPOT,CENTRAL,놀이기구체험,테마파크,제주특별자치도 서귀포시 안덕면 사계남로216번길 24-9,제주특별자치도 서귀포시 안덕면 사계리 117,33.2338035,126.3115191,실외,OUTDOOR,500,UNKNOWN,공용주차장+화장실+무료 WIFI+편의점+음료대,"낙상(49), 교통사고(31), 추락(7)",,UNKNOWN,,,,,,,,,,,UNKNOWN,,,,,,Y,,,,,산방산 랜드: 산방산 아래 소규모 놀이공원
P951,세리월드,체험·레저,액티비티,복합액티비티,Place,SPOT,CENTRAL,복합레저체험,"카트,승마",제주특별자치도 서귀포시 법환상로2번길 97-13,제주특별자치도 서귀포시 법환동 877,33.2473361,126.5126552,실외,OUTDOOR,800,UNKNOWN,공용주차장+화장실,"낙상(29), 교통사고(24), 기타 둔상(8)",,UNKNOWN,,,,,6000,0.2,09:00 ~ 일몰시,연중무휴,1~2시간,,UNKNOWN,,,,,,Y,,,,,"세리월드: 카트, 승마, 미로 복합 레저"
P952,제주 카약올레,체험·레저,액티비티,해양레저,Activity,VENUE,CENTRAL·RELATED,카약,해양레저,제주특별자치도 제주시 애월읍 애월로1길 22,제주특별자치도 제주시 애월읍 애월리 2490-1,33.4623287,126.3104723,실외,OUTDOOR,200,UNKNOWN,공영주차장+화장실+샤워장,"교통사고(43), 낙상(25), 상해(7)",,UNKNOWN,,,,,,,,,,,UNKNOWN,,,,,,Y,,,,,제주 카약올레: 하효항 해양 레저 카약
P953,레이저서바이벌M,체험·레저,액티비티,서바이벌,Activity,VENUE,GENERAL,서바이벌체험,"서바이벌,실내레저",제주특별자치도 제주시 신광로 58 4층,제주특별자치도 제주시 연동 262-8,33.4870798,126.4896544,실내,INDOOR,100,UNKNOWN,주차장,"낙상(141), 교통사고(71), 상해(32)",,UNKNOWN,,,,,,,,,,,UNKNOWN,,,,,,Y,,,,,레이저서바이벌M: 실내 레이저 태그 서바이벌
P954,액티브파크 제주,체험·레저,액티비티,스포츠체험,Place,SPOT,CENTRAL,스포츠체험,실내스포츠,제주특별자치도 제주시 한림읍 금능남로 76,제주특별자치도 제주시 한림읍 금능리 2225,33.3811424,126.2360784,실내+실외,MIXED,500,UNKNOWN,공용주차장+화장실+매점,"낙상(27), 교통사고(17), 열상(9)",,UNKNOWN,,,,,,,,,,,UNKNOWN,,,,,,Y,,,,,액티브파크 제주: 실내 클라이밍 액티비티
P955,제주카약(하도카약),체험·레저,액티비티,해양레저,Activity,VENUE,GENERAL,카약,해양레저,제주특별자치도 제주시 구좌읍 해맞이해안로 1950 하도리43-4,제주특별자치도 제주시 구좌읍 하도리 43-1,33.514989,126.900382,실외,OUTDOOR,200,UNKNOWN,주차장+화장실,"낙상(24), 교통사고(7), 열상(4)",,UNKNOWN,,,,,,,,,,,UNKNOWN,,,,,,Y,,,,,제주카약: 해양 카약 체험장
P956,제주해양사업단,체험·레저,액티비티,해양레저,Activity,VENUE,GENERAL,해양레저,해양체험,제주특별자치도 서귀포시 대정읍 최남단해안로 120,제주특별자치도 서귀포시 대정읍 하모리 646-2,33.210065,126.2583797,실외,OUTDOOR,150,UNKNOWN,주차장+화장실+샤워시설,"낙상(29), 상해(10), 교통사고(9)",,UNKNOWN,,,,,,,,,,,UNKNOWN,,,,,,Y,,,,,제주해양사업단: 해양 레저 투어
P957,그랑블루요트투어,체험·레저,액티비티,해양레저,Activity,VENUE,CENTRAL·RELATED,요트투어,해양관광,제주특별자치도 서귀포시 대포로 172-7,제주특별자치도 서귀포시 대포동 2184-7,33.2382603,126.4395584,실외,OUTDOOR,80,UNKNOWN,공용주차장+화장실+무료 WIFI+식음료시설+휴게쉼터,"교통사고(26), 낙상(24), 기타 둔상(6)",,UNKNOWN,,,,,,,,,,,UNKNOWN,,,,,,Y,,,,,그랑블루요트투어: 럭셔리 요트 해상 투어
P958,한림바다체험마을,체험·레저,액티비티,해양레저,Place,SPOT,RELATED,해양체험,해양레저,제주특별자치도 제주시 한림읍 한림해안로 200,제주특별자치도 제주시 한림읍 한수리 879-30,33.4197786,126.2627735,실외,OUTDOOR,300,UNKNOWN,공용주차장+화장실+무료 WIFI,"낙상(2), 관통상(1)",,UNKNOWN,,,,,,,,,,,UNKNOWN,,,,,,Y,,,,,한림바다체험마을: 갯바위 낚시 및 체험
P959,제주차귀도요트투어,체험·레저,액티비티,해양레저,Activity,VENUE,CENTRAL·RELATED,요트투어,해양관광,제주특별자치도 제주시 한경면 한경해안로 156,제주특별자치도 제주시 한경면 용수리 4240,33.3239859,126.166015,실외,OUTDOOR,15,UNKNOWN,공용주차장+화장실+샤워장+승객대기실+매표소,"교통사고(16), 낙상(8), 동물/곤충(4)",,UNKNOWN,,,,,,,,,,,UNKNOWN,,,,,,Y,,,,,제주차귀도요트투어: 차귀도 앞바다 선상 낚시
P960,우도올레보트,체험·레저,액티비티,해양레저,Activity,VENUE,CENTRAL·RELATED,보트투어,해양관광,제주특별자치도 제주시 우도면 주흥1길 21,제주특별자치도 제주시 우도면 연평리 973,33.5166644,126.9495331,실외,OUTDOOR,80,UNKNOWN,화장실+편의점,"교통사고(163), 낙상(50), 동물/곤충(12)",,Y,우도,성산항,15.0,Y,,,,,,,UNKNOWN,,,,,,Y,,수시(성수기 30분 간격),여객선 필수 — 풍랑특보 시 결항. 방문 전 운항 확인 필요,,우도올레보트: 우도 동굴 관람 제트보트
P961,캔디원,체험·레저,관광체험,식음료체험,Place,SPOT,GENERAL,식음료체험,"식음료,체험",제주특별자치도 제주시 조천읍 선교로 384,제주특별자치도 제주시 조천읍 선흘리 1776,33.4712205,126.7075927,실내,INDOOR,80,33,주차장,"낙상(17), 교통사고(7), 추락(6)",,UNKNOWN,,,,,,,,,,,UNKNOWN,,,,,,Y,,,,,캔디원: 수제 캔디 아트 체험관
P962,제주바다하늘다이브센터,체험·레저,액티비티,해양레저,Activity,VENUE,GENERAL,스쿠버다이빙,해양레저,제주특별자치도 제주시 도두3길 20,제주특별자치도 제주시 도두일동 1822-1,33.504469,126.4702049,실외,OUTDOOR,50,UNKNOWN,주차장+샤워시설+무료 WIFI+매점,"낙상(44), 교통사고(11), 상해(5)",,UNKNOWN,,,,,,,,,,,UNKNOWN,,,,,,Y,,,,,제주바다하늘다이브센터: 스쿠버다이빙 체험
P963,제주크리스탈다이브센터,체험·레저,액티비티,해양레저,Activity,VENUE,GENERAL,스쿠버다이빙,해양레저,제주특별자치도 서귀포시 막숙포로 39 1층,제주특별자치도 서귀포시 법환동 287-4,33.2377244,126.5155761,실외,OUTDOOR,50,UNKNOWN,주차장+화장실+샤워시설,"낙상(29), 교통사고(24), 기타 둔상(8)",,UNKNOWN,,,,,,,,,,,UNKNOWN,,,,,,Y,,,,,제주크리스탈다이브센터: 다이빙 전문 센터
P964,제라진오프로드,체험·레저,액티비티,오프로드,Activity,VENUE,GENERAL,오프로드체험,"오프로드,야외레저",제주특별자치도 제주시 조천읍 선교로 16-7,제주특별자치도 제주시 조천읍 선흘리 626-47,33.4885181,126.7162769,실외,OUTDOOR,100,UNKNOWN,공용주차장+화장실+무료 WIFI,"낙상(17), 교통사고(7), 추락(6)",,UNKNOWN,,,,,,,,,,,UNKNOWN,,,,,,Y,,,,,제라진오프로드: 험지 오프로드 체험
P965,서귀포 궁도장(천지정),체험·레저,액티비티,궁도,Place,SPOT,GENERAL,궁도체험,전통스포츠,제주특별자치도 서귀포시 중산간서로 97-40,제주특별자치도 서귀포시 강정동 1475,33.2592302,126.4979662,실외,OUTDOOR,254,41,주차장+탈의실+샤워실+스탠드,"낙상(47), 교통사고(27), 기타 둔상(11)",,UNKNOWN,,,,,,,,,,,UNKNOWN,,,,,,Y,,,,,서귀포 궁도장(천지정): 전통 활쏘기 체험장
P966,제주금능레저-투명카약,체험·레저,액티비티,해양레저,Activity,VENUE,GENERAL,투명카약,해양레저,제주특별자치도 제주시 한림읍 금능길 119-10,제주특별자치도 제주시 한림읍 금능리 2026,33.3904006,126.2362051,실외,OUTDOOR,90,UNKNOWN,주차장+화장실+샤워장,"낙상(27), 교통사고(17), 열상(9)",,UNKNOWN,,,,,,,,,,,UNKNOWN,,,,,,Y,,,,,제주금능레저-투명카약: 금능 바다 투명카약
P967,제주해양레저,체험·레저,액티비티,해양레저,Activity,VENUE,GENERAL,해양레저,해양체험,제주특별자치도 서귀포시 중문관광로 192,제주특별자치도 서귀포시 중문동 2785-2,33.2432311,126.4190029,실외,OUTDOOR,200,UNKNOWN,주차장+화장실+샤워장+탈의실,"낙상(52), 교통사고(27), 기타 둔상(9)",,UNKNOWN,,,,,,,,,,,UNKNOWN,,,,,,Y,,,,,제주해양레저: 종합 해양 레저 센터
P968,제주해양레저파크,체험·레저,액티비티,해양레저,Place,SPOT,GENERAL,해양레저,해양체험,제주특별자치도 제주시 조천읍 조함해안로 519-10,제주특별자치도 제주시 조천읍 함덕리 1008-1,33.5437022,126.6687098,실외,OUTDOOR,200,UNKNOWN,주차장+화장실+샤워시설+카페,"낙상(84), 교통사고(33), 기타 둔상(13)",,UNKNOWN,,,,,,,,,,,UNKNOWN,,,,,,Y,,,,,제주해양레저파크: 해양 액티비티 체험장
P969,제주스쿠터여행,체험·레저,액티비티,바이크·스쿠터,Activity,VENUE,GENERAL,스쿠터·바이크체험,"이동레저,야외레저",제주특별자치도 제주시 서광로 164,제주특별자치도 제주시 오라일동 2440-5,33.4998454,126.5138335,실외,OUTDOOR,200,UNKNOWN,주차장,"교통사고(13), 기타 둔상(6), 낙상(5)",,UNKNOWN,,,,,,,,,,,UNKNOWN,,,,,,Y,,,,,제주스쿠터여행: 스쿠터 대여 및 해안도로 투어
P970,해녀태왁,체험·레저,관광체험,해녀체험,Place,SPOT,GENERAL,해녀체험,"해양문화,체험",제주특별자치도 제주시 구좌읍 김송로 94,제주특별자치도 제주시 구좌읍 김녕리 904-4,33.542927,126.7545663,실내,INDOOR,80,UNKNOWN,,"낙상(24), 교통사고(18), 동물/곤충(10)",,UNKNOWN,,,,,,,,,,,UNKNOWN,,,,,,Y,,,,,해녀태왁: 해녀 문화 및 조개 체험
P971,쥬티클럽,체험·레저,액티비티,해양레저,Activity,VENUE,GENERAL,수상레저체험,해양레저,제주특별자치도 서귀포시 성산읍 신양로 111,제주특별자치도 서귀포시 성산읍 고성리 207-6,33.4368252,126.9217688,실외,OUTDOOR,100,UNKNOWN,공용주차장+화장실+편의점+음료대+샤워장+탈의실,"낙상(94), 교통사고(37), 기타 둔상(20)",,UNKNOWN,,,,,,,,,,,UNKNOWN,,,,,,Y,,,,,쥬티클럽: 키즈 실내 액티비티 체험관
P972,제주도서핑 문서프,체험·레저,액티비티,해양레저,Activity,VENUE,GENERAL,서핑,해양레저,제주특별자치도 제주시 애월읍 곽지7길 1,제주특별자치도 제주시 애월읍 곽지리 1635,33.4500523,126.3083998,실외,OUTDOOR,150,UNKNOWN,주차장+샤워실+탈의실+휴게쉼터+무료 WIFI+편의점,"낙상(18), 교통사고(15), 기타 둔상(6)",,UNKNOWN,,,,,,,,,,,UNKNOWN,,,,,,Y,,,,,제주도서핑 문서프: 서핑 전문 강습 센터
P973,법환해녀체험센터,체험·레저,관광체험,해녀체험,Place,SPOT,CENTRAL·RELATED,해녀체험,"해양문화,체험",제주특별자치도 서귀포시 최영로 10,제주특별자치도 서귀포시 법환동 169-1,33.2340586,126.5135184,실내+실외,MIXED,100,UNKNOWN,주차장+화장실+샤워실+탈의실,"낙상(29), 교통사고(24), 기타 둔상(8)",,UNKNOWN,,,,,,,,,,,UNKNOWN,,,,,,Y,,,,,법환해녀체험센터: 전통 해녀 물질 체험
P974,브랭섬홀아시아 아이스링크,체험·레저,액티비티,실내스포츠,Place,SPOT,GENERAL,아이스링크체험,실내스포츠,제주특별자치도 서귀포시 대정읍 글로벌에듀로 234,제주특별자치도 서귀포시 대정읍 구억리 1121,33.2899717,126.2872648,실내,INDOOR,400,UNKNOWN,주차장+휴게쉼터,"교통사고(5), 낙상(4), 기타 둔상(3)",,UNKNOWN,,,,,,,,,,,UNKNOWN,,,,,,Y,,,,,브랭섬홀아시아 아이스링크: 국제학교 내 아이스링크
P975,도시해녀,체험·레저,관광체험,해녀체험,Activity,VENUE,CENTRAL·RELATED,해녀체험,"해양문화,체험",제주특별자치도 제주시 애월읍 하귀미수포길 16-1,제주특별자치도 제주시 애월읍 하귀2리 1670-1,33.4842537,126.402548,실내+실외,MIXED,50,UNKNOWN,주차장+화장실+샤워실+탈의실+무료 WIFI,"낙상(12), 교통사고(11), 동물/곤충(4)",,UNKNOWN,,,,,,,,,,,UNKNOWN,,,,,,Y,,,,,도시해녀: 프리다이빙 해녀 체험
P976,M1971 요트투어,체험·레저,액티비티,해양레저,Activity,VENUE,CENTRAL·RELATED,요트투어,해양관광,제주특별자치도 서귀포시 대정읍 최남단해안로 128,제주특별자치도 서귀포시 대정읍 하모리 646-20,33.2101161,126.2571321,실외,OUTDOOR,120,UNKNOWN,주차장+화장실+식음료시설,"낙상(29), 상해(10), 교통사고(9)",,UNKNOWN,,,,,,,,,,,UNKNOWN,,,,,,Y,,,,,M1971 요트투어: 돌고래 왓칭 요트 투어
P977,구억리옹기체험관,체험·레저,관광체험,공예체험,Place,SPOT,GENERAL,공예체험,"전통공예,체험",제주특별자치도 서귀포시 대정읍 영어도시로 20,제주특별자치도 서귀포시 대정읍 구억리 979,33.2742923,126.2787463,실내+실외,MIXED,150,UNKNOWN,,"교통사고(5), 낙상(4), 기타 둔상(3)",,UNKNOWN,,,,,,,,,,,UNKNOWN,,,,,,Y,,,,,구억리옹기체험관: 제주 전통 옹기 만들기
P978,성읍랜드,체험·레저,액티비티,복합액티비티,Place,SPOT,GENERAL,승마·카트체험,야외레저,제주특별자치도 서귀포시 표선면 번영로 2650,제주특별자치도 서귀포시 표선면 성읍리 2045-1,33.3985934,126.7873067,실외,OUTDOOR,300,UNKNOWN,주차장+화장실+카페+소품샵+무료 WIFI+음료대+물품보관함,"낙상(31), 교통사고(19), 기타 둔상(5)",,UNKNOWN,,,,,,,,,,,UNKNOWN,,,,,,Y,,,,,"성읍랜드: 승마, 카트, ATV 복합 레저"
P979,제주승마공원,체험·레저,액티비티,승마·경마체험,Place,SPOT,RELATED,승마체험,"승마,야외레저",제주특별자치도 제주시 애월읍 녹고메길 152-1,제주특별자치도 제주시 애월읍 유수암리 1175,33.4051126,126.4060643,실외,OUTDOOR,300,UNKNOWN,공용주차장+화장실+무료 WIFI+음료대+탈의실+샤워실+승마용품 판매소,"교통사고(19), 낙상(14), 열상(4)",,UNKNOWN,,,,,,,,,,,UNKNOWN,,,,,,Y,,,,,제주승마공원: 오름 트레킹 승마 체험
P980,조랑말체험공원,체험·레저,액티비티,승마·경마체험,Place,SPOT,RELATED,승마체험,"승마,야외레저",제주특별자치도 서귀포시 표선면 녹산로 381-15,제주특별자치도 서귀포시 표선면 가시리 3149-33,33.3830959,126.7362846,실외,OUTDOOR,500,100,전용주차장+화장실+카페+아트숍+야외광장,"낙상(14), 교통사고(9), 기타 둔상(3)",,UNKNOWN,,,,,,,,,,,UNKNOWN,,,,,,Y,,,,,조랑말체험공원: 조랑말 승마 및 박물관
P981,제주토이승마장,체험·레저,액티비티,승마·경마체험,Place,SPOT,GENERAL,승마체험,"승마,야외레저",제주특별자치도 서귀포시 안덕면 동광로 265-14,제주특별자치도 서귀포시 안덕면 동광리 897-2,33.318316,126.345123,실외,OUTDOOR,200,UNKNOWN,주차장,"교통사고(26), 낙상(13), 상해(2)",,UNKNOWN,,,,,,,,,,,UNKNOWN,,,,,,Y,,,,,제주토이승마장: 승마 및 미니 테마파크
P982,송당승마장,체험·레저,액티비티,승마·경마체험,Place,SPOT,RELATED,승마체험,"승마,야외레저",제주특별자치도 제주시 구좌읍 번영로 2015,제주특별자치도 제주시 구좌읍 송당리 2573-2,33.436449,126.7381788,실외,OUTDOOR,200,UNKNOWN,공용주차장+화장실+편의점+휴게실+탈의실,"교통사고(67), 낙상(31), 기타 둔상(4)",,UNKNOWN,,,,,,,,,,,UNKNOWN,,,,,,Y,,,,,송당승마장: 초원 질주 승마 체험
P983,노을승마장,체험·레저,액티비티,승마·경마체험,Place,SPOT,GENERAL,승마체험,"승마,야외레저",제주특별자치도 제주시 우도면 우도해안길 406-1,제주특별자치도 제주시 우도면 연평리 2358,33.5129498,126.9464412,실외,OUTDOOR,100,UNKNOWN,주차장,"교통사고(163), 낙상(50), 동물/곤충(12)",,Y,우도,성산항,15.0,Y,,,,,,,UNKNOWN,,,,,,Y,,수시(성수기 30분 간격),여객선 필수 — 풍랑특보 시 결항. 방문 전 운항 확인 필요,,노을승마장: 오션뷰 해안 승마 체험
P984,마원목장,체험·레저,액티비티,승마·경마체험,Place,SPOT,GENERAL,승마체험,"승마,야외레저",제주특별자치도 제주시 조천읍 선흘남4길 264-23,제주특별자치도 제주시 조천읍 선흘리 2107,33.4911333,126.6999612,실외,OUTDOOR,100,UNKNOWN,,"낙상(17), 교통사고(7), 추락(6)",,UNKNOWN,,,,,,,,,,,UNKNOWN,,,,,,Y,,,,,마원목장: 중산간 승마 체험장
P985,옷귀마테마타운,체험·레저,액티비티,승마·경마체험,Place,SPOT,GENERAL,승마체험,"승마,야외레저",제주특별자치도 서귀포시 남원읍 서성로 955-117,제주특별자치도 서귀포시 남원읍 한남리 1631-1,33.3404685,126.6834246,실외,OUTDOOR,100,UNKNOWN,주차장+화장실+수유실+유모차 대여+무료 WIFI,"교통사고(4), 낙상(4), 열상(1)",,UNKNOWN,,,,,,,,,,,UNKNOWN,,,,,,Y,,,,,옷귀마테마타운: 편백숲 승마 트레킹
P986,제주오름승마랜드,체험·레저,액티비티,승마·경마체험,Place,SPOT,GENERAL,승마체험,"승마,야외레저",제주특별자치도 제주시 조천읍 번영로 1734-15,제주특별자치도 제주시 조천읍 선흘리 454-1,33.4489793,126.7134485,실외,OUTDOOR,300,UNKNOWN,주차장+화장실,"낙상(17), 교통사고(7), 추락(6)",,UNKNOWN,,,,,,,,,,,UNKNOWN,,,,,,Y,,,,,제주오름승마랜드: 오름 코스 승마
P987,한라승마장,체험·레저,액티비티,승마·경마체험,Place,SPOT,GENERAL,승마체험,"승마,야외레저",제주특별자치도 서귀포시 안덕면 평화로 1078,제주특별자치도 서귀포시 안덕면 동광리 산 32-2,33.3248074,126.3527368,실외,OUTDOOR,200,UNKNOWN,공용주차장+화장실,"교통사고(26), 낙상(13), 상해(2)",,UNKNOWN,,,,,,,,,,,UNKNOWN,,,,,,Y,,,,,한라승마장: 숲길 외승 승마 체험
P988,성읍승마장,체험·레저,액티비티,승마·경마체험,Place,SPOT,GENERAL,승마체험,"승마,야외레저",제주특별자치도 서귀포시 표선면 번영로 2650,제주특별자치도 서귀포시 표선면 성읍리 2045-1,33.3985934,126.7873067,실외,OUTDOOR,300,UNKNOWN,주차장+화장실+카페+소품샵+무료 WIFI+음료대+물품보관함+승마장비 대여,"낙상(31), 교통사고(19), 기타 둔상(5)",,UNKNOWN,,,,,,,,,,,UNKNOWN,,,,,,Y,,,,,성읍승마장: 성읍민속마을 인근 승마장
P989,제주레포츠랜드,체험·레저,액티비티,카트,Place,SPOT,CENTRAL·RELATED,카트체험,"카트,야외레저",제주특별자치도 제주시 조천읍 와흘상서2길 47,제주특별자치도 제주시 조천읍 와흘리 870,33.482323,126.6387272,실외,OUTDOOR,300,UNKNOWN,주차장+카페,"교통사고(21), 낙상(3), 기타 둔상(3)",,UNKNOWN,,,,,,,,,,,UNKNOWN,,,,,,Y,,,,,"제주레포츠랜드: 카트, 짚라인, 서바이벌 복합"
P990,제주카트클럽,체험·레저,액티비티,카트,Place,SPOT,RELATED,카트체험,"카트,야외레저",제주특별자치도 제주시 한림읍 중산간서로 3853,제주특별자치도 제주시 한림읍 월림리 341-2,33.3477236,126.2560031,실외,OUTDOOR,100,UNKNOWN,주차장,"낙상(5), 교통사고(4), 추락(2)",,UNKNOWN,,,,,,,,,,,UNKNOWN,,,,,,Y,,,,,제주카트클럽: 실외 카트 레이싱
P991,윈드1947 테마파크,체험·레저,액티비티,카트,Place,SPOT,CENTRAL,카트체험,"카트,야외레저",제주특별자치도 서귀포시 토평공단로 78-27,제주특별자치도 서귀포시 토평동 1799,33.2895183,126.5888282,실외,OUTDOOR,800,180,주차장+화장실+무인카페+브런치카페+카트대기실+키즈놀이터,"교통사고(34), 낙상(26), 카트(12)",,UNKNOWN,,,,,,,,,,,UNKNOWN,,,,,,Y,,,,,윈드1947 테마파크: 국내 최장 코스 카트 파크
P992,대유ATV수렵사격랜드,체험·레저,액티비티,복합액티비티,Place,SPOT,CENTRAL·RELATED,카트·사격체험,"카트,사격",제주특별자치도 서귀포시 상예로 381,제주특별자치도 서귀포시 상예동 144,33.2789781,126.3942299,실내+실외,MIXED,400,UNKNOWN,주차장,"교통사고(18), 낙상(10), 기타 둔상(2)",,UNKNOWN,,,,,,,,,,,UNKNOWN,,,,,,Y,,,,,대유ATV수렵사격랜드: 클레이 사격 및 ATV 액티비티
P993,송악카트체험장,체험·레저,액티비티,카트,Place,SPOT,GENERAL,카트체험,"카트,야외레저",제주특별자치도 서귀포시 대정읍 송악관광로 404,제주특별자치도 서귀포시 대정읍 상모리 139,33.2085334,126.2894031,실외,OUTDOOR,150,UNKNOWN,,"낙상(24), 교통사고(13), 기타 둔상(1)",,UNKNOWN,,,,,,,,,,,UNKNOWN,,,,,,Y,,,,,송악카트체험장: 산방산 뷰 카트 라이딩
P994,감귤카트,체험·레저,액티비티,카트,Place,SPOT,GENERAL,카트체험,"카트,야외레저",제주특별자치도 서귀포시 중문관광로 42,제주특별자치도 서귀포시 색달동 2629,33.2549005,126.4097702,실외,OUTDOOR,200,UNKNOWN,주차장+화장실+물품보관함+수유실+기저귀 교환대,"낙상(104), 교통사고(45), 기타 둔상(38)",,UNKNOWN,,,,,,,,,,,UNKNOWN,,,,,,Y,,,,,감귤카트: 감귤밭 사이 카트 체험
P995,목장카페 드르쿰다,체험·레저,액티비티,카트,Place,SPOT,RELATED,카트체험,"카트,야외레저",제주특별자치도 서귀포시 표선면 번영로 2454,제주특별자치도 서귀포시 표선면 성읍리 2873,33.4092101,126.7706544,실외,OUTDOOR,300,UNKNOWN,주차장,"낙상(31), 교통사고(19), 기타 둔상(5)","미상(2): 교통위험(1), 화재/폭발(1)",UNKNOWN,,,,,,,,,,,N,,,,,,Y,,,,,목장카페 드르쿰다: 말타기와 카트가 있는 카페
P996,제주월드컵경기장,체험·레저,스포츠시설,경기장,Place,SPOT,CENTRAL·POPULAR,스포츠관람·경기장투어,"축구장,프로스포츠,월드컵,복합시설",제주특별자치도 서귀포시 월드컵로 33,제주특별자치도 서귀포시 법환동 914,33.246212,126.509361,실내+실외,MIXED,29791,615,주차장+장애인주차장+화장실+장애인화장실+엘리베이터+관람석+샤워실+탈의실,"낙상(29), 교통사고(24), 기타 둔상(8)",불특정다수(1): 미분류(1),UNKNOWN,,,,,,,,,,,UNKNOWN,,,,,,Y,,,,,제주월드컵경기장: 제주 SK FC 홈구장으로 쓰이는 축구 전용 경기장
P997,제주종합경기장,체험·레저,스포츠시설,경기장,Place,SPOT,CENTRAL·RELATED,스포츠관람·생활체육,"종합운동장,축구장,트랙,공공체육시설",제주특별자치도 제주시 서광로2길 20,제주특별자치도 제주시 오라일동 1165,33.497169,126.51367,실내+실외,MIXED,20053,964,주차장+주경기장+트랙+천연잔디축구장+실내수영장+한라체육관 등 복합체육시설,"교통사고(13), 기타 둔상(6), 낙상(5)",미상(1): 시설/차량충돌(1),UNKNOWN,,,,,,,,,,,UNKNOWN,,,,,,Y,,,,,제주종합경기장: 주경기장과 체육시설을 갖춘 제주시 종합 스포츠 시설
P998,도두해수파크,체험·레저,웰니스,찜질방,Place,SPOT,GENERAL,해수사우나·찜질·휴식,"웰니스,해수사우나,찜질",제주특별자치도 제주시 서해안로 236,제주특별자치도 제주시 도두일동 1729,33.5084839,126.4713428,실내,INDOOR,300,100,주차장+해수탕+사우나+찜질방+불가마+산소수면캡슐방+놀이방+24시간 무인셀프카페+식당+매점,"낙상(44), 교통사고(11), 상해(5)",,UNKNOWN,,,,,,,,,,,UNKNOWN,,,,,,Y,,,,,도두해수파크: 해수탕·사우나·찜질방·불가마를 갖춘 24시간 해수파크
P999,용두암해수랜드,체험·레저,웰니스,찜질방,Place,SPOT,GENERAL,해수사우나·찜질·휴식,"웰니스,해수사우나,찜질",제주특별자치도 제주시 서해안로 630,제주특별자치도 제주시 용담삼동 1006-3,33.515827514851,126.504556315171,실내+실외,MIXED,500,170,주차장+화장실+사우나+찜질방+전통불한증막+폭포·정원+식당+헬스장+유아놀이터+PC방+수면실+피부관리실+스포츠마사지실+영화감상실,"낙상(20), 교통사고(12), 열상(5)",,UNKNOWN,,,,,,,,,,,UNKNOWN,,,,,,Y,,,,,용두암해수랜드: 해수사우나·찜질방·전통불한증막을 갖춘 대형 목욕·휴식시설
P1000,제주참숯가마찜질방,체험·레저,웰니스,찜질방,Place,SPOT,GENERAL,찜질·휴식,"웰니스,찜질",제주특별자치도 서귀포시 성산읍 삼달로 47,제주특별자치도 서귀포시 성산읍 삼달리 124-3,33.369154,126.8634868,실내,INDOOR,300,UNKNOWN,공용주차장+화장실+무료 WIFI+흡연구역+음료대+카페+식당+탈의실+샤워실+수면실+가족실+놀이방+물품보관함+야외테라스,"낙상(8), 교통사고(4), 기타 둔상(1)",,UNKNOWN,,,,,,,,,,,UNKNOWN,,,,,,Y,,,,,제주참숯가마찜질방: 제주도 내 최대규모 참숯가마 찜질방(VisitJeju 기준)
P1001,신화테마파크,체험·레저,테마시설,복합리조트·테마파크,Place,SPOT,CENTRAL·POPULAR,관람·체험,"테마파크,체험",제주특별자치도 서귀포시 안덕면 신화역사로304번길 98,제주특별자치도 서귀포시 안덕면 서광리 산35-16,33.3065311,126.3075431,실내+실외,MIXED,18000,UNKNOWN,주차장+화장실+엘리베이터+유모차 대여+수유실+기저귀 교환대+물품보관함+분실물센터+미아보호,"낙상(64), 교통사고(58), 기타 둔상(20)",,UNKNOWN,,,,,,,,,,,UNKNOWN,,,,,,Y,,,,,신화테마파크: 제주 최대 놀이공원
P1002,신화워터파크,체험·레저,테마시설,워터파크,Place,SPOT,CENTRAL,물놀이·워터파크,"워터파크,물놀이",제주특별자치도 서귀포시 안덕면 신화역사로304번길 38,제주특별자치도 서귀포시 안덕면 서광리 24,33.3049726,126.316352,실내+실외,MIXED,3400,UNKNOWN,공용주차장+화장실+무료 WIFI+엘리베이터+수유실+식음료매장+찜질방+렌탈샵+수베니어샵+고객만족실+분실물센터+미아보호+의무실+야외샤워공간+튜브 공기주입기+구명조끼 대여+선베드 대여+카바나 대여,"낙상(64), 교통사고(58), 기타 둔상(20)",,UNKNOWN,,,,,,,,,,,UNKNOWN,,,,,,Y,,,,,신화워터파크: 초대형 실내외 워터파크
P1003,테마파크툰,체험·레저,테마시설,캐릭터테마관,Place,SPOT,GENERAL,캐릭터전시관람·체험,"캐릭터,체험전시",제주특별자치도 제주시 은수길 69,제주특별자치도 제주시 연동 1320,33.4706512,126.4882168,실내,INDOOR,1000,110,주차장+화장실+유모차 대여+전기차 충전소+자동제세동기+기념품샵,"낙상(141), 교통사고(71), 상해(32)",,UNKNOWN,,,,,,,,,,,UNKNOWN,,,,,,Y,,,,,테마파크툰: 수목원테마파크 실내 시설
P1004,파더스가든,체험·레저,테마시설,테마가든,Place,SPOT,CENTRAL·RELATED,정원관람·산책,"정원,포토존",제주특별자치도 서귀포시 안덕면 병악로 44-33,제주특별자치도 서귀포시 안덕면 상창리 804,33.2801249,126.3647466,실내+실외,MIXED,800,UNKNOWN,전용주차장+화장실+카페,"교통사고(40), 낙상(23), 동물/곤충(5)",,UNKNOWN,,,,,,,,,,,UNKNOWN,,,,,,Y,,,,,파더스가든: 감귤 체험과 동물 농장 정원
P1005,길갈 팜 랜드,체험·레저,테마시설,테마가든,Place,SPOT,RELATED,정원관람·산책,"정원,포토존",제주특별자치도 제주시 조천읍 남조로 1785-12,제주특별자치도 제주시 조천읍 교래리 619,33.4274769,126.6721143,실내+실외,MIXED,300,UNKNOWN,주차장+화장실+무료 WIFI+카페+단체석,"낙상(49), 교통사고(32), 추락(8)",,UNKNOWN,,,,,,,,,,,UNKNOWN,,,,,,Y,,,,,길갈 팜 랜드: 목장 테마 휴식 공간
P1006,낙천리아홉굿의자마을,체험·레저,테마시설,테마마을,Area,AREA,RELATED·LOCAL,관람·체험,포토존,제주특별자치도 제주시 한경면 낙수로 97,제주특별자치도 제주시 한경면 낙천리 1913,33.3279027,126.2262549,실외,OUTDOOR,1000,UNKNOWN,주차장,"교통사고(2), 낙상(1)",,UNKNOWN,,,,,,,,,,,UNKNOWN,,,,,,Y,,,,,낙천리아홉굿의자마을: 의자 테마 체험 마을
P1007,토종닭유통특구교래삼다수마을,체험·레저,테마시설,테마마을,Area,AREA,LOCAL,관람·체험,포토존,제주특별자치도 제주시 조천읍 비자림로 702-57,제주특별자치도 제주시 조천읍 교래리 580,33.4312685,126.6783551,실외,OUTDOOR,1000,43,주차장+식음료시설,"낙상(49), 교통사고(32), 추락(8)",,UNKNOWN,,,,,,,,,,,UNKNOWN,,,,,,Y,,,,,토종닭유통특구교래삼다수마을: 닭칼국수와 숲길 테마 마을
P1008,아이바가든,체험·레저,테마시설,테마가든,Place,SPOT,RELATED,정원관람·산책,"정원,포토존",제주특별자치도 제주시 애월읍 고성남서길 10,제주특별자치도 제주시 애월읍 고성리 937,33.4333935,126.4220222,실내,INDOOR,500,UNKNOWN,주차장+화장실+유모차 대여+수유실+기저귀 교환대+카페+편의점+게임장+VR체험존+키오스크,"교통사고(19), 낙상(2), 기타 둔상(1)",,UNKNOWN,,,,,,,,,,,UNKNOWN,,,,,,Y,,,,,아이바가든: 실내 미디어아트 전시관
P1009,메이즈랜드,체험·레저,테마시설,테마파크,Place,SPOT,CENTRAL,미로체험·산책,"미로,체험",제주특별자치도 제주시 구좌읍 비자림로 2134-47,제주특별자치도 제주시 구좌읍 평대리 3322,33.4891471,126.801223,실외,OUTDOOR,1000,UNKNOWN,공용주차장+화장실+무료 WIFI+흡연구역+편의점+음료대+유모차 대여+자동제세동기,"교통사고(24), 낙상(21), 기타 둔상(3)",,UNKNOWN,,,,,11000,5000,09:00~18:00,연중무휴,2시간,,UNKNOWN,,,,,,Y,,,,,메이즈랜드: 세계 최장 돌 미로 공원
P1010,제주김녕미로공원,체험·레저,테마시설,테마파크,Place,SPOT,CENTRAL·POPULAR,미로체험·산책,"미로,체험",제주특별자치도 제주시 구좌읍 만장굴길 122,제주특별자치도 제주시 구좌읍 김녕리 산16,33.536252,126.7720206,실외,OUTDOOR,500,UNKNOWN,공용주차장+화장실+무료 WIFI+흡연구역+편의점+음료대+유모차 대여+기저귀 교환대,"낙상(24), 교통사고(18), 동물/곤충(10)",,UNKNOWN,,,,,4400,3800,09:00~18:00,연중무휴,30분~1시간,,UNKNOWN,,,,,,Y,,,,,제주김녕미로공원: 고양이와 나무 미로 공원
P1011,선녀와나무꾼,체험·레저,테마시설,테마파크,Place,SPOT,CENTRAL,근현대테마관람·체험,"테마전시,체험",제주특별자치도 제주시 조천읍 선교로 267,제주특별자치도 제주시 조천읍 선흘리 1997,33.4796207,126.7026849,실내+실외,MIXED,800,UNKNOWN,공용주차장+화장실+무료 WIFI+흡연구역+음료대+유모차 대여+기념품점+향토음식점+휴게음식점,"낙상(17), 교통사고(7), 추락(6)",,UNKNOWN,,,,,11000,9000,8:30~일몰,연중무휴,2시간,,UNKNOWN,,,,,,Y,,,,,선녀와나무꾼: 근현대사 추억 테마파크
P1012,베니스랜드,체험·레저,테마시설,테마파크,Place,SPOT,CENTRAL·RELATED,테마공원관람·체험,"테마파크,포토존",제주특별자치도 서귀포시 성산읍 서성일로 474,제주특별자치도 서귀포시 성산읍 난산리 2570,33.4153964,126.8407024,실내+실외,MIXED,500,UNKNOWN,공용주차장+화장실+흡연구역+편의점+음료대+카페+매점,"교통사고(3), 낙상(3), 열상(2)",,UNKNOWN,,,,,,,,,,,UNKNOWN,,,,,,Y,,,,,베니스랜드: 이탈리아 곤돌라 테마파크
P1013,다이나믹메이즈 제주,체험·레저,테마시설,테마파크,Place,SPOT,CENTRAL·RELATED,실내미로체험,"미로,체험",제주특별자치도 서귀포시 표선면 번영로 2644,제주특별자치도 서귀포시 표선면 성읍리 2381,33.3991114,126.7847057,실내,INDOOR,300,UNKNOWN,주차장+휴게공간,"낙상(31), 교통사고(19), 기타 둔상(5)",,UNKNOWN,,,,,,,,,,,UNKNOWN,,,,,,Y,,,,,다이나믹메이즈 제주: 실내 미션 탈출 액티비티
P1014,제주힐링명상테마파크,체험·레저,웰니스,명상·힐링,Place,SPOT,CENTRAL·RELATED,명상·힐링체험,"웰니스,명상",제주특별자치도 제주시 애월읍 어음13길 196,제주특별자치도 제주시 애월읍 어음리 49,33.3954635,126.3608147,실내+실외,MIXED,300,80,공용주차장+화장실+무료 WIFI+흡연구역+편의점+음료대,"교통사고(41), 낙상(17), 기타 둔상(6)",,UNKNOWN,,,,,,,,,,,UNKNOWN,,,,,,Y,,,,,제주힐링명상테마파크: 무병장수 힐링 테마파크
P1015,탐나라공화국,체험·레저,테마시설,테마파크,Place,SPOT,RELATED,테마공원관람·체험,"테마파크,문화체험",제주특별자치도 제주시 한림읍 한창로 897,제주특별자치도 제주시 한림읍 금악리 81-8,33.3345115,126.3256922,실외,OUTDOOR,1000,90,주차장+카페+유모차 대여+전기차 충전소+편의점+기념품샵,"교통사고(48), 낙상(22), 기타 둔상(4)",,UNKNOWN,,,,,,,,,,,UNKNOWN,,,,,,Y,,,,,탐나라공화국: 재활용 테마 문화 예술 공간
P1016,포레스트 공룡사파리,체험·레저,테마시설,테마파크,Place,SPOT,GENERAL,공룡테마관람·체험,"공룡,테마파크",제주특별자치도 제주시 조천읍 선교로 474-1,제주특별자치도 제주시 조천읍 선흘리 1817,33.4630534,126.7095373,실외,OUTDOOR,500,UNKNOWN,주차장+화장실+식당/카페+키즈카페+동물체험공간+공룡체험공간,"낙상(17), 교통사고(7), 추락(6)",,UNKNOWN,,,,,,,,,,,UNKNOWN,,,,,,Y,,,,,포레스트 공룡사파리: 야외 공룡 애니매트로닉스 테마
P1017,런닝맨 제주점,체험·레저,테마시설,테마파크,Place,SPOT,CENTRAL·RELATED,미션게임체험,"실내체험,게임",제주특별자치도 서귀포시 중문관광로 42,제주특별자치도 서귀포시 색달동 2629,33.2549005,126.4097702,실내,INDOOR,300,UNKNOWN,주차장+화장실+무료 WIFI+물품보관함,"낙상(104), 교통사고(45), 기타 둔상(38)",,UNKNOWN,,,,,,,,,,,UNKNOWN,,,,,,Y,,,,,런닝맨 제주점: 예능 포맷 실내 액티비티
P1018,파호이호이 라바필드 파크 제주,체험·레저,테마시설,테마파크,Place,SPOT,GENERAL,화산지형관람·체험,"지질,테마파크",제주특별자치도 제주시 애월읍 중산간서로 5994-47,제주특별자치도 제주시 애월읍 장전리 1801,33.4474248,126.3755838,실외,OUTDOOR,500,UNKNOWN,주차장+화장실+카페테리아+유아의자+기념품 판매공간+휴게공간,"낙상(3), 열상(2), 추락(2)",,UNKNOWN,,,,,,,,,,,UNKNOWN,,,,,,Y,,,,,파호이호이 라바필드 파크 제주: 화산 지형 테마 공간
P1019,돌코리숲,체험·레저,테마시설,테마파크,Place,SPOT,LOCAL,숲체험·산책,"숲,체험",제주특별자치도 서귀포시 안덕면 중산간서로 1878,제주특별자치도 서귀포시 안덕면 서광리 725,33.2906452,126.3221947,실외+실내,UNKNOWN,1000,UNKNOWN,주차장+화장실+카페+베이커리+젤라테리아+수유실+유모차 보관,"낙상(64), 교통사고(58), 기타 둔상(20)",,UNKNOWN,,,,,,,,,,,UNKNOWN,,,,,,Y,,,,,돌코리숲: 감성적인 숲속 힐링 테마파크
P1020,댕냥벌,체험·레저,관광체험,동물체험,Place,SPOT,GENERAL,동물교감체험,"동물,체험",제주특별자치도 서귀포시 안덕면 신화역사로304번길 89,제주특별자치도 서귀포시 안덕면 서광리 산24-15,33.3028879,126.3175367,실내,INDOOR,500,UNKNOWN,주차장+키오스크,"낙상(64), 교통사고(58), 기타 둔상(20)",,UNKNOWN,,,,,,,,,,,UNKNOWN,,,,,,Y,,,,,댕냥벌: 반려동물 동반 테마 공간
P1021,고스트타운,체험·레저,테마시설,테마파크,Place,SPOT,RELATED,공포테마체험,"실내체험,테마파크",제주특별자치도 제주시 애월읍 부룡수길 35-14,제주특별자치도 제주시 애월읍 신엄리 2880-12,33.4763703,126.3568418,실내,INDOOR,150,12,공용주차장+화장실+무료 WIFI+카페+편의점+식당,"교통사고(38), 낙상(18), 열상(8)",,UNKNOWN,,,,,,,,,,,UNKNOWN,,,,,,Y,,,,,고스트타운: 유령 테마 실내 호러파크
P1022,서프라이즈테마파크,체험·레저,테마시설,테마파크,Place,SPOT,CENTRAL·RELATED,조형물관람·체험,"포토존,테마파크",제주특별자치도 제주시 조천읍 남조로 2243,제주특별자치도 제주시 조천읍 와흘리 2988,33.4651795,126.6595999,실외,OUTDOOR,2000,46,공용주차장+화장실+무료 WIFI+흡연구역+유모차 대여+카페+식당,"교통사고(21), 낙상(3), 기타 둔상(3)",,UNKNOWN,,,,,,,,,,,UNKNOWN,,,,,,Y,,,,,서프라이즈테마파크: 폐자원 활용 정크아트 파크
P1023,학교괴담in제주,체험·레저,테마시설,테마파크,Place,SPOT,GENERAL,공포테마체험,"실내체험,테마파크",제주특별자치도 서귀포시 중문관광로 42,제주특별자치도 서귀포시 색달동 2629,33.2549005,126.4097702,실내,INDOOR,200,UNKNOWN,공용주차장+화장실+무료 WIFI+흡연구역+편의점+안내데스크/매표소+안전장치,"낙상(104), 교통사고(45), 기타 둔상(38)",,UNKNOWN,,,,,,,,,,,UNKNOWN,,,,,,Y,,,,,학교괴담in제주: 폐교 활용 공포 체험관
P1024,제주홀릭뮤지엄,문화·전시,전시시설,체험형전시,Place,SPOT,GENERAL,체험형전시관람,"체험전시,포토존",제주특별자치도 제주시 애월읍 평화로 2835,제주특별자치도 제주시 애월읍 광령리 100-3,33.4566048,126.4414073,실내,INDOOR,500,UNKNOWN,주차장+화장실+유모차 대여+수유실+카페테리아,"교통사고(39), 낙상(5), 기타 둔상(3)",,UNKNOWN,,,,,,,,,,,UNKNOWN,,,,,,Y,,,,,제주홀릭뮤지엄: 제주 테마 포토스팟 전시관
P1025,북앤토이 뮤지엄,문화·전시,전시시설,박물관,Place,SPOT,GENERAL,장난감전시관람,"장난감,실내관람",제주특별자치도 서귀포시 안덕면 동광로 267-7,제주특별자치도 서귀포시 안덕면 동광리 383,33.3189595,126.3453629,실내,INDOOR,300,UNKNOWN,주차장+화장실+키즈카페+볼풀장+블럭방+야외놀이터,"교통사고(26), 낙상(13), 상해(2)",,UNKNOWN,,,,,,,,,,,UNKNOWN,,,,,,Y,,,,,북앤토이 뮤지엄: 장난감 및 책 테마 전시
P1026,제주도립김창열미술관,문화·전시,전시시설,미술관,Place,SPOT,GENERAL,관람,,제주특별자치도 제주시 한림읍 용금로 883-5,제주특별자치도 제주시 한림읍 월림리 115-23,33.3391085,126.2687552,실내+실외,MIXED,,30,주차장 3곳(장애인 2면·임산부 1면·어린이 1면·전기차 2면)+장애인화장실 2곳+수유실+교육실+아트샵,,,UNKNOWN,,,,,2000,무료,09:00~18:00 (발권 마감 관람 종료 30분 전),"매주 월요일, 1월 1일, 설날, 추석",40분~1시간,http://kimtschang-yeul.jeju.go.kr/,,,,,,,Y,,,,도립 공립미술관,제주현대미술관(2.85km)과 미술관 스탬프 투어 연계
P1027,제주특별자치도립미술관,문화·전시,전시시설,미술관,Place,SPOT,GENERAL,관람,,제주특별자치도 제주시 1100로 2894-78,,33.4592,126.4876,실내,INDOOR,,,,,,UNKNOWN,,,,,2000,무료,09:00~18:00,매주 월요일,1시간,,,,,,,,Y,,,,,"기당·이중섭·김창열과 동급 도립미술관, 수집 공백분"
P1028,제주삼양동유적,문화·전시,문화유산,역사유적,Place,SPOT,LOCAL,관람,,제주특별자치도 제주시 선사로2길 13,,33.5216,126.5686,실내,INDOOR,,,,,,UNKNOWN,,,,,무료,무료,09:00~18:00,매주 월요일,40분,,,,,,,,Y,,,,,
P1029,제주해녀박물관,문화·전시,전시시설,박물관,Place,SPOT,GENERAL,관람,,제주특별자치도 제주시 구좌읍 해녀박물관길 26,,33.5271,126.8318,실내,INDOOR,,,,,,UNKNOWN,,,,,1100,무료,09:00~18:00,매주 월요일,1시간,,,,,,,,Y,,,,,
