accessibilityId,placeId,mobilityAccess,visualAccess,hearingAccess,cognitiveAccess,wheelchairAccess,strollerAccess,elderlyAccess,disabledToilet,transitAccess500m,facilityAccess,activityAccess,accessVerdictReason,slopeInfo,routeCondition,barrierFreeDetail,partialReason,mobilityCaveat,mobilityEvidence,visualEvidence,hearingEvidence,visualAid,hearingAid,activityEvidence,toiletScope,toiletScopeDesc,moveType,assistLevel,wheelchairRental,ticketOfficeAccess,ticketOfficeNote,wheelchairSeating,wheelchairSeatingNote,surveySource,sensoryLoad,assistAvailable,assistAvailableNote,reservationRequired,multiTypeSourceDate,dynamicObstacle,dynamicObstacleDesc,wheelchairSection,wheelchairSectionDist,wheelchairDifficulty,wheelchairCaveat,companionRequired,vehicleAccessible,disabledToiletOnRoute,accessibleRoomCount,accessibleRoomNote,openTourismSite,source,sourceDate,sourcePeriod,sourceCheckUrl,multiTypeSource,multiTypeNote,verifyStatus,verifyNote,correctionHistory,schemaVersion,evidenceType,evidenceDetail,beachAccessRoute,beachEntryNote,waterEntryNote,recommendForMobility,recommendForVisual,recommendForHearing,sensoryAccessNote
ACC_P001,P001,FULL,UNKNOWN,UNKNOWN,UNKNOWN,FULL,FULL,FULL,FULL,Y,AVAILABLE,AVAILABLE,시설접근 기준 판정 — 활동참여 개별 근거 미확보,경사로 있음,확인 필요,교통약자 전용 승하차구역(국내선 3층 3번게이트 앞)+교통약자 전용좌석+장애인용 엘리베이터+휠체어 대여(활동형·보조키트)+우선탑승+장애인 주차요금 50% 감면,,공항 내부는 엘리베이터 등 이동 편의시설을 이용할 수 있습니다. 특수형 휠체어 대여가 필요한 경우에는 출발 전 공항에 지원 가능 여부를 문의해 주세요.,,,,휠내비길(wheelnavi.kr) 음성안내 · 제주올레 오디오가이드(jejuolle.org) 코스별 음성해설,「탐나는수어」 앱 · 제주수어통역센터 여행수어 자료(jejudeaf.com),,IN_VENUE,이용 동선에서 이용 가능,차량+대중교통,,,,,,,,,,,,2023-12,,,,,,,UNKNOWN,UNKNOWN,,,,,한국공항공사 제주공항 교통약자 동반 안내 + 제주관광공사 확인,2026-07,,airport.co.kr/jeju (교통약자 동반),제주관광공사 「오감으로 즐기는 제주」(2023.12.22) · 한국관광공사 열린관광지 · 이지제주,"현재 무장애 정보는 이동(지체) 접근성 기준입니다. 시각·청각·발달 장애 정보는 확보 중이며, 열린관광 모두의여행(access.visitkorea.or.kr) 또는 이지제주(easyjeju.net)에서 확인하실 수 있습니다.",VERIFIED,검증완료(2026-07) — 공항공사 공식 교통약자 안내 대조,,v3,OFFICIAL_DOC,,,,,Y,UNKNOWN,UNKNOWN,
ACC_P002,P002,PARTIAL,PARTIAL,UNKNOWN,UNKNOWN,PARTIAL,PARTIAL,PARTIAL,FULL,Y,CONDITIONAL,CONDITIONAL,시설접근 기준 판정 — 활동참여 개별 근거 미확보,"계단 혹은 경사 있음+내리막 경사 종점 = 출입구 7 입구: 경사구간 : 내리막 경사 길이 57m (경사 5˚)
주차장에서 시장가는 출입구: 입구 폭 90cm. 4번 출구 인도 폭 좁음 (휠체어 이용 어려움)",계단 있음+노면 불량+판석+폭 좁음+휠체어 접근 가능,장애인 화장실 있음+시각장애인 지원 가능,"시장 내부에 휠체어 접근 가능한 구간이 있으나, 일부 통로에 계단·판석·고르지 않은 노면과 약 90cm의 좁은 폭이 확인됨.","시장 안에서 이동할 수 있는 구간도 있지만, 일부 통로는 바닥이 고르지 않고 폭이 약 90cm로 좁습니다. 계단이 있는 구간도 있어 이동할 때 주의가 필요합니다.",,,,휠내비길(wheelnavi.kr) 음성안내 · 제주올레 오디오가이드(jejuolle.org) 코스별 음성해설,「탐나는수어」 앱 · 제주수어통역센터 여행수어 자료(jejudeaf.com),,IN_VENUE,이용 동선에서 이용 가능,차량+대중교통,,,,,,,,,,,,2023-12,MARKET_STALL,노점·가판대·적재물로 실제 통로 폭이 조사값보다 좁아질 수 있음. 장날·성수기 통행 곤란,,,,,UNKNOWN,UNKNOWN,,,,,제주관광약자접근성안내센터(이지제주) · 한국관광공사 열린관광 · ㈜휴플 현장조사,2026-06,2024~2026,https://access.visitkorea.or.kr/ms/detail.do?cotId=a63eb571-d505-4743-93cc-ce2ee4c25ea7 · https://www.data.go.kr/data/15101897/openapi.do,제주관광공사 「오감으로 즐기는 제주」(2023.12.22) · 한국관광공사 열린관광지 · 이지제주,"현재 무장애 정보는 이동(지체) 접근성 기준입니다. 시각·청각·발달 장애 정보는 확보 중이며, 열린관광 모두의여행(access.visitkorea.or.kr) 또는 이지제주(easyjeju.net)에서 확인하실 수 있습니다.",SURVEYED,[FIX65] 한국관광공사 무장애 API(detailWithTour2) — helpdog=동반가능_시각장애인 편의시설,FIX65: visualAccess UNKNOWN→PARTIAL (KTO API),v3,ROUTE_SURVEY,경로 상태 조사: 계단 있음+노면 불량+판석+폭 좁음+휠체어 접근 가능,,,,Y,UNKNOWN,UNKNOWN,
ACC_P003,P003,PARTIAL,PARTIAL,UNKNOWN,UNKNOWN,PARTIAL,FULL,FULL,FULL,Y,CONDITIONAL,CONDITIONAL,시설접근 기준 판정 — 활동참여 개별 근거 미확보,일부 구간 6~10도의 경사가 있어 동행자의 도움이 필요합니다+동문시장 함덕어물상회 맞은편 공설시장 출입구 경사 약 10.2도입니다+출입구 유효폭이 적정하며 단차 없습니다,휠체어 접근 가능,경사로 있음+휠체어 대여 가능+유모차 대여 가능+장애인 주차장 있음+장애인 화장실 있음,일부 구간에 가파른 경사가 있고 노점이 밀집해 실제 통행 폭이 좁음. 한산한 시간대 방문을 권함,,경사 6~10도 + 노점 밀집으로 실통행 폭 협소 — 한산한 시간대 방문 권장,,,휠내비길(wheelnavi.kr) 음성안내 · 제주올레 오디오가이드(jejuolle.org) 코스별 음성해설,「탐나는수어」 앱 · 제주수어통역센터 여행수어 자료(jejudeaf.com),,IN_VENUE,이용 동선에서 이용 가능,차량+대중교통,,,,,,,,,,,,2023-12,MARKET_STALL_SEVERE,가판대·적재물로 보행 자체가 혼잡. 휠체어 통행은 사실상 어려움(현장 확인),,,,,UNKNOWN,UNKNOWN,,,,,제주관광약자접근성안내센터(이지제주) · 한국관광공사 열린관광 · ㈜휴플 현장조사,2026-06,2024~2026,https://easyjeju.net · https://www.data.go.kr/data/15101897/openapi.do,제주관광공사 「오감으로 즐기는 제주」(2023.12.22) · 한국관광공사 열린관광지 · 이지제주,"현재 무장애 정보는 이동(지체) 접근성 기준입니다. 시각·청각·발달 장애 정보는 확보 중이며, 열린관광 모두의여행(access.visitkorea.or.kr) 또는 이지제주(easyjeju.net)에서 확인하실 수 있습니다.",VERIFIED,검증완료(2026-07) [FIX65] 한국관광공사 무장애 API(detailWithTour2) — helpdog=동반 가능_시각장애인 편의시설,FIX14: POPULAR FULL 외부·서술 검증 하향 | FIX65: visualAccess UNKNOWN→PARTIAL (KTO API),v3,ROUTE_SURVEY,경로 상태 조사: 휠체어 접근 가능,,,,Y,UNKNOWN,UNKNOWN,
ACC_P004,P004,PARTIAL,UNKNOWN,UNKNOWN,UNKNOWN,PARTIAL,PARTIAL,PARTIAL,FULL,Y,CONDITIONAL,CONDITIONAL,백사장 진입로·장애인 화장실 확보 / 활동참여 조건부 — 자갈·흙길 구간과 배수로 턱으로 이동 제약,"외부 관람로 장애물(배수로) 있으며, 델문트 방면 바닥 요철마감입니다+델문도 방향 관람로 바닥 요철 마감입니다+화장실 접근로 단차 12cm 있습니다",노면 불량+자갈길+흙길+백사장/모래길,장애인 주차장 있음+장애인 화장실 있음+데크 산책로 있음,"노면 불량·자갈길·흙길·백사장 구간 혼재. 외부 관람로 배수로 장애물, 델문트 방면 바닥 요철 마감. 백사장 진입로와 장애인 화장실은 확보","백사장까지 이어지는 진입로가 있어 휠체어로 바다 가까이 가실 수 있고, 장애인 화장실도 갖춰져 있습니다. 다만 구간에 따라 자갈길과 흙길이 섞여 있고 노면이 고르지 않은 곳이 있습니다. 외부 관람로에는 배수로 턱이 있고 델문트 방면은 바닥이 요철 마감이라 이동이 불편할 수 있습니다.",,,,휠내비길(wheelnavi.kr) 음성안내 · 제주올레 오디오가이드(jejuolle.org) 코스별 음성해설,「탐나는수어」 앱 · 제주수어통역센터 여행수어 자료(jejudeaf.com),,IN_VENUE,이용 동선에서 이용 가능,차량+대중교통+도보,,,,,,,,,,,,2023-12,,,,,,,UNKNOWN,UNKNOWN,,,,,제주관광약자접근성안내센터(이지제주) · 한국관광공사 열린관광 · ㈜휴플 현장조사,2026-06,2024~2026,https://easyjeju.net,제주관광공사 「오감으로 즐기는 제주」(2023.12.22) · 한국관광공사 열린관광지 · 이지제주,"현재 무장애 정보는 이동(지체) 접근성 기준입니다. 시각·청각·발달 장애 정보는 확보 중이며, 열린관광 모두의여행(access.visitkorea.or.kr) 또는 이지제주(easyjeju.net)에서 확인하실 수 있습니다.",SURVEYED,,FIX80: 해양 유형 접근 제약 명문화 — routeCondition·slopeInfo 이관,v3,ROUTE_SURVEY,경로 상태 조사: 노면 불량+자갈길+흙길+백사장/모래길,Y,백사장까지 이어지는 진입로가 있어 휠체어로 바다 가까이 접근할 수 있습니다,발이 닿는 깊이까지만 들어가시고 먼 바다 쪽으로는 나가지 말아 주세요. 파고가 2m를 넘거나 풍랑특보가 발효되면 입수를 삼가 주세요. 너울은 파도가 잔잔해 보여도 갑자기 밀려오니 갯바위와 방파제 위에는 올라가지 말아 주세요. 체감온도 33도가 넘는 날에는 한낮 물놀이를 피하고 그늘에서 자주 쉬어 주세요. 휠체어 이용자는 파도에 중심을 잃기 쉽고 스스로 빠져나오기 어려우니 반드시 동행자와 함께해 주세요.,Y,UNKNOWN,UNKNOWN,
ACC_P005,P005,PARTIAL,FULL,PARTIAL,UNKNOWN,PARTIAL,PARTIAL,PARTIAL,FULL,Y,CONDITIONAL,CONDITIONAL,매표소·입구 광장 접근 가능 / 활동참여 조건부 — 정상 등반은 계단으로 불가,장애인 주차장 이용시 주 출입구 접근로 경사(약 13도)있습니다+외부 관람로 경사(약 6-10도)있습니다+장애인 전용 주차장 주차시 주 출입구 접근로 경사(약 13도) 있습니다,정상 등반 불가+일부 구간 접근 제한+휠체어 접근 가능,휠체어 대여 가능+장애인 주차장 있음+장애인 화장실 있음+수유실/영유아 돌봄 가능+점자책 있음+시각장애인 지원 가능+기저귀교환대 있음,"매표소와 입구 광장까지는 포장되어 휠체어로 접근 가능하지만, 정상 등반로는 계단이 길게 이어져 접근이 어려움. 장애인 주차구역·장애인 화장실과 휠체어 대여가 확인됨","매표소에서 입구 광장까지는 포장되어 있어 휠체어로 이동하실 수 있고, 장애인 주차구역과 장애인 화장실, 휠체어 대여도 갖춰져 있습니다. 다만 정상까지는 계단이 길게 이어져 오르시기 어렵습니다. 광장과 주변 해안 쪽에서도 성산일출봉의 모습을 충분히 보실 수 있습니다. 매표소에 점자 홍보물이 있고, 관광해설사 안내와 안내견 동반도 가능합니다.","경로 조사 — 매표소·입구 광장까지 포장 접근 가능(장애인 주차구역·장애인 화장실·휠체어 대여 확인). 정상 등반로는 계단으로 접근 불가. 매표소 점자 홍보물, 관광해설사 안내, 안내견 동반 가능(한국관광공사 무장애 API, FIX65)",,탐나는수어 앱 수어해설 21곳(11.성산일출봉). 현장 QR·AR 수어영상,휠내비길(wheelnavi.kr) 음성안내 · 제주올레 오디오가이드(jejuolle.org) 코스별 음성해설,「탐나는수어」 앱(제주수어통역센터) + 현장 QR,,IN_VENUE,이용 동선에서 이용 가능,차량+대중교통+도보,,,,,,,,,,,,2023-12,,,,,,,UNKNOWN,UNKNOWN,,,,,제주관광약자접근성안내센터(이지제주) · 한국관광공사 열린관광 · ㈜휴플 현장조사,2026-06,2024~2026,https://easyjeju.net · https://www.data.go.kr/data/15101897/openapi.do,제주관광공사 「오감으로 즐기는 제주」(2023.12.22) · 한국관광공사 열린관광지 · 이지제주,"현재 무장애 정보는 이동(지체) 접근성 기준입니다. 시각·청각·발달 장애 정보는 확보 중이며, 열린관광 모두의여행(access.visitkorea.or.kr) 또는 이지제주(easyjeju.net)에서 확인하실 수 있습니다.",VERIFIED,검증완료(2026-07) [FIX65] 한국관광공사 무장애 API(detailWithTour2) — brailepromotion=매표소에 점자홍보물 있음; helpdog=동반가능; guidehuman=관광해설사 안내 가능,FIX65: visualAccess UNKNOWN→FULL (KTO API) | FIX82: 이용자 안내문 신설 — 매표소·광장 기준 접근 범위 명시,v3,ROUTE_SURVEY,경로 상태 조사: 정상 등반 불가+일부 구간 접근 제한+휠체어 접근 가능,,,,Y,UNKNOWN,Y,
ACC_P006,P006,PARTIAL,PARTIAL,UNKNOWN,UNKNOWN,PARTIAL,PARTIAL,PARTIAL,FULL,Y,CONDITIONAL,CONDITIONAL,시설접근 기준 판정 — 활동참여 개별 근거 미확보,경사로 있음,백사장/모래길+휠체어 접근 가능,경사로 있음+장애인 화장실 있음,,휠체어로 백사장에 접근할 때 이용하는 진입로는 해변 오른쪽 끝에 있습니다.,"해변 오른쪽 끝 휠체어 백사장·바다 진입로 마련(모래 빠짐 방지), 오감 p.18",,,휠내비길(wheelnavi.kr) 음성안내 · 제주올레 오디오가이드(jejuolle.org) 코스별 음성해설,「탐나는수어」 앱 · 제주수어통역센터 여행수어 자료(jejudeaf.com),,IN_VENUE,이용 동선에서 이용 가능,차량+대중교통+도보,,,,,,,,,,,,2023-12,,,,,,,UNKNOWN,UNKNOWN,,,,,제주관광약자접근성안내센터(이지제주) · 한국관광공사 열린관광 · ㈜휴플 현장조사,2026-06,2024~2026,https://easyjeju.net · https://www.data.go.kr/data/15101897/openapi.do,제주관광공사 「오감으로 즐기는 제주」(2023.12.22) · 한국관광공사 열린관광지 · 이지제주,"현재 무장애 정보는 이동(지체) 접근성 기준입니다. 시각·청각·발달 장애 정보는 확보 중이며, 열린관광 모두의여행(access.visitkorea.or.kr) 또는 이지제주(easyjeju.net)에서 확인하실 수 있습니다.",SURVEYED,[FIX65] 한국관광공사 무장애 API(detailWithTour2) — braileblock=점자블록 있음(모살밭회관 오른쪽 공중화장실)_시각장애인 편의시설,FIX65: visualAccess UNKNOWN→PARTIAL (KTO API),v3,ROUTE_SURVEY,경로 상태 조사: 백사장/모래길+휠체어 접근 가능,Y,백사장까지 이어지는 진입로가 있어 휠체어로 바다 가까이 접근할 수 있습니다,발이 닿는 깊이까지만 들어가시고 먼 바다 쪽으로는 나가지 말아 주세요. 파고가 2m를 넘거나 풍랑특보가 발효되면 입수를 삼가 주세요. 너울은 파도가 잔잔해 보여도 갑자기 밀려오니 갯바위와 방파제 위에는 올라가지 말아 주세요. 체감온도 33도가 넘는 날에는 한낮 물놀이를 피하고 그늘에서 자주 쉬어 주세요. 휠체어 이용자는 파도에 중심을 잃기 쉽고 스스로 빠져나오기 어려우니 반드시 동행자와 함께해 주세요.,Y,UNKNOWN,UNKNOWN,
ACC_P007,P007,PARTIAL,UNKNOWN,UNKNOWN,UNKNOWN,PARTIAL,PARTIAL,PARTIAL,FULL,Y,CONDITIONAL,CONDITIONAL,시설접근 기준 판정 — 활동참여 개별 근거 미확보,"내부 관람로 단차 및 경사 없이 관람 가능합니다+※ 외부 관람로 오설록 티 뮤지엄 야외 전망대 구간 단차, 건물 간 이동 경로 경사로 '도움필요 상' 이며 그 외 '단독접근가능' 입니다+건물 간 이동 경로 경사 있으며, 서광차밭 바닥 요철 마감입니다",동행보조 필요+휠체어 접근 가능,경사로 있음+휠체어 대여 가능+장애인 주차장 있음+장애인 화장실 있음+엘리베이터 있음+기저귀교환대 있음,실내 관람로는 단차 없이 이용 가능하지만 야외 전망대와 건물 간 이동로 일부에 단차·경사·요철이 있어 휠체어 단독 이동이 제한됨.,"건물 안은 휠체어로 편하게 관람할 수 있지만, 야외 전망대와 건물 사이 일부 구간에는 단차와 경사가 있습니다. 야외 이동이 필요하면 동행자의 도움을 받는 편이 좋습니다.",,,,휠내비길(wheelnavi.kr) 음성안내 · 제주올레 오디오가이드(jejuolle.org) 코스별 음성해설,「탐나는수어」 앱 · 제주수어통역센터 여행수어 자료(jejudeaf.com),,ENTRANCE_ONLY,이용 동선에서 이용 가능,차량+대중교통,,,,,,,전수조사 38곳 (2026-09-08) · 한국관광공사 열린관광·제주도·비짓제주 1차 공식출처,,,,,2023-12,,,,,,,UNKNOWN,UNKNOWN,,,,,제주관광약자접근성안내센터(이지제주) · 한국관광공사 열린관광 · ㈜휴플 현장조사,2026-06,2024~2026,https://access.visitkorea.or.kr/ms/detail.do?cotId=3e07cb00-c88a-4df0-bfa7-42beb1421807 · https://easyjeju.net/pages.php?no=89&p=tourist,제주관광공사 「오감으로 즐기는 제주」(2023.12.22) · 한국관광공사 열린관광지 · 이지제주,"현재 무장애 정보는 이동(지체) 접근성 기준입니다. 시각·청각·발달 장애 정보는 확보 중이며, 열린관광 모두의여행(access.visitkorea.or.kr) 또는 이지제주(easyjeju.net)에서 확인하실 수 있습니다.",SURVEYED,,,v3,ROUTE_SURVEY,경로 상태 조사: 동행보조 필요+휠체어 접근 가능,,,,Y,UNKNOWN,UNKNOWN,
ACC_P008,P008,PARTIAL,UNKNOWN,UNKNOWN,UNKNOWN,PARTIAL,PARTIAL,PARTIAL,FULL,Y,CONDITIONAL,CONDITIONAL,"장애인 화장실 확보 / 활동참여 조건부 — 계단·단차·협소 구간, 백사장 진입로 미확인","I LOVE 이호 조형물 앞: 접근성 정보 있음 (계단 혹은 경사 있음. 길 상태 안 좋음)
w.p 16번과 동일: 접근성 정보 있음 (계단 혹은 경사 있음. 길 상태 안 좋음)
내리막 종점: 접근성 정보 있음 (계단 혹은 경사 있음. 길 상태 안 좋음)
붉은말 등대 가는 길 입구: 접근성 정보 있음 (계단 혹은 경사 있음. 길 상태 안 좋음)
붉은말 등대 가는 길 입구: 화장실 시멘트 진입로 폭 90cm이나 중간에 없어졌다가 코어네트 길로 바뀜. 33m 화살표 끝지점부터 경사10°
붉은말 등대 앞: 접근성 정보 있음 (계단 혹은 경사 있음. 길 상태 안 좋음)
붉은말 등대 진입로 중간입구: 접근성 정보 있음 (계단 혹은 경사 있음. 길 상태 안 좋음)
붉은말 등대 진입로 중간입구 앞 횡단보도: 접근성 정보 있음 (계단 혹은 경사 있음. 길 상태 안 좋음)
쓰레기는 클린하우스로' 표지판 앞: 접근성 정보 있음 (계단 혹은 경사 있음. 길 상태 안 좋음)
용천수 연못: 접근성 정보 있음 (계단 혹은 경사 있음. 길 상태 안 좋음)
이호비치화장실 가기 전. 붉은말 등대 가는 길. 휠체어 진입로: 점형블록 있음. 중간 11° 경사의 시멘트 턱 있음
이호비치화장실 경사로 오르막: 이호비치화장실주차장→주차장2 (41m/10° 경사구간)
주차장 인도 내려가는 길: 경사구간 : 경사로 길이16m/경사16-17°로 수전동x 전동o 동행 필요
하얀말 등대 앞(반환): 15° 짧은 경사 있음 -주차장으로 회귀
하얀말 등대 진입로 경사로 시작: 경사구간 : 242m지점 경사 8°. 등대 진입로에 차량 철제 가로막 있음
횡단보도 앞: 인도폭 120cm+계단 혹은 경사 있음",계단 있음+단차/턱 있음+노면 불량+폭 좁음,장애인 화장실 있음,계단·단차·노면 불량·폭 좁은 구간. 'I LOVE 이호' 조형물 앞 계단 또는 경사. 장애인 화장실은 확보. 백사장 진입로·데크 설치 여부 미확인,장애인 화장실이 있고 해변 주변 일부는 휠체어로 이동하실 수 있습니다. 다만 계단과 턱이 있는 구간이 있고 통로 폭이 좁은 곳이 있어 동행자의 도움이 필요할 수 있습니다. 'I LOVE 이호' 조형물 앞쪽에도 계단이나 경사가 있습니다. 백사장으로 이어지는 진입로나 데크가 있는지는 확인되지 않았습니다.,,,,휠내비길(wheelnavi.kr) 음성안내 · 제주올레 오디오가이드(jejuolle.org) 코스별 음성해설,「탐나는수어」 앱 · 제주수어통역센터 여행수어 자료(jejudeaf.com),,IN_VENUE,이용 동선에서 이용 가능,차량+대중교통+도보,,,,,,,,,,,,2023-12,,,,,,,UNKNOWN,UNKNOWN,,,,,제주관광약자접근성안내센터(이지제주) · 한국관광공사 열린관광 · ㈜휴플 현장조사,2026-06,2024~2026,https://easyjeju.net,제주관광공사 「오감으로 즐기는 제주」(2023.12.22) · 한국관광공사 열린관광지 · 이지제주,"현재 무장애 정보는 이동(지체) 접근성 기준입니다. 시각·청각·발달 장애 정보는 확보 중이며, 열린관광 모두의여행(access.visitkorea.or.kr) 또는 이지제주(easyjeju.net)에서 확인하실 수 있습니다.",SURVEYED,,FIX80: 해양 유형 접근 제약 명문화 — routeCondition·slopeInfo 이관,v3,ROUTE_SURVEY,경로 상태 조사: 계단 있음+단차/턱 있음+노면 불량+폭 좁음,UNKNOWN,모래사장은 휠체어 바퀴가 빠져 이동이 어렵습니다. 진입로·데크 설치 여부가 확인되지 않았으니 방문 전 문의하시거나 해변용 휠체어 대여 가능 여부를 확인해 주세요,발이 닿는 깊이까지만 들어가시고 먼 바다 쪽으로는 나가지 말아 주세요. 파고가 2m를 넘거나 풍랑특보가 발효되면 입수를 삼가 주세요. 너울은 파도가 잔잔해 보여도 갑자기 밀려오니 갯바위와 방파제 위에는 올라가지 말아 주세요. 체감온도 33도가 넘는 날에는 한낮 물놀이를 피하고 그늘에서 자주 쉬어 주세요. 휠체어 이용자는 파도에 중심을 잃기 쉽고 스스로 빠져나오기 어려우니 반드시 동행자와 함께해 주세요.,Y,UNKNOWN,UNKNOWN,
ACC_P009,P009,PARTIAL,UNKNOWN,UNKNOWN,PARTIAL,PARTIAL,FULL,FULL,FULL,N,CONDITIONAL,CONDITIONAL,시설접근 기준 판정 — 활동참여 개별 근거 미확보,"세계의섬 관람로는 전체적으로 단차 및 경사가 없습니다+아쿠아 플레이 존 출입구에 좌측 계단 우측 경사로(약 12도, 3m)가 설치되어 있습니다+아쿠아 플레이 존 출입구 경사로 12도 있으며, 내부 관람로 경사 최대 7도 구간 있습니다",휠체어 접근 가능,경사로 있음+휠체어 대여 가능+유모차 대여 가능+장애인 주차장 있음+장애인 화장실 있음+수유실/영유아 돌봄 가능+영유아 보호의자(부분가능)+엘리베이터 있음+매표소 접근 가능+장애인 관람석 있음,아쿠아플레이존 출입구 경사로 3m 구간이 가팔라 해당 구역에서 도움이 필요함,,아쿠아플레이존 출입구 12도 경사로(3m) — 해당 구역 도움 필요,,,휠내비길(wheelnavi.kr) 음성안내 · 제주올레 오디오가이드(jejuolle.org) 코스별 음성해설,「탐나는수어」 앱 · 제주수어통역센터 여행수어 자료(jejudeaf.com),"발달장애인 추천 코스 수록: ""감각적 자극이 강하지 않으면서 다양한 체험거리와 볼거리""(오감 p.14). 실내로 우천·강풍 무관",IN_VENUE,이용 동선에서 이용 가능,차량,NONE,Y,,,,,㈜휴플 자체 현장조사 (2024~2025),LOW,,,,2023-12,,,,,,,UNKNOWN,UNKNOWN,,,,,제주관광약자접근성안내센터(이지제주) · 한국관광공사 열린관광 · ㈜휴플 현장조사,2026-06,2024~2026,https://easyjeju.net,제주관광공사 「오감으로 즐기는 제주」(2023.12.22) · 한국관광공사 열린관광지 · 이지제주,"현재 무장애 정보는 이동(지체) 접근성 기준입니다. 시각·청각·발달 장애 정보는 확보 중이며, 열린관광 모두의여행(access.visitkorea.or.kr) 또는 이지제주(easyjeju.net)에서 확인하실 수 있습니다.",VERIFIED,검증완료(2026-07),FIX14: POPULAR FULL 외부·서술 검증 하향,v3,FIELD_SURVEY,㈜휴플 자체 현장조사 / 경로: 휠체어 접근 가능,,,기상이 나쁜 날에는 실내 구역 이용이 가능한지 미리 확인해 주세요. 체감온도 33도가 넘는 날에는 야외 구역 체류를 줄이고 수분을 자주 보충해 주세요.,Y,UNKNOWN,UNKNOWN,
ACC_P010,P010,PARTIAL,UNKNOWN,UNKNOWN,UNKNOWN,PARTIAL,PARTIAL,PARTIAL,PARTIAL,N,CONDITIONAL,CONDITIONAL,관람로 접근 가능 / 활동참여 조건부 — 일부 경사 구간 동행보조 필요,관람로는 대체적으로 단차가 없으나 일부구간 약 4.5~10도의 경사가 있어 동행자의 도움이 필요합니다+구 올인하우스(폐허) 방면 경사 약 5~7도입니다. 구 올인하우스 옆길 경사 약 5~10도입니다. 구 올인하우스를 지나 협자연대 방면 경사 7~10도입니다. 협자연대 옆길 단차 약 5cm 있습니다. 등대 방면 경사 7~14도입니다+휠체어 사용자는 휘닉스 제주 방면으로 이동하면 경사 및 요철 없이 편하게 접근 가능합니다,동행보조 필요+휠체어 접근 가능,장애인 주차장 있음+장애인 화장실 있음(부분가능),관람로는 대체로 단차가 없어 휠체어 접근이 가능하나 일부 구간에 가파른 경사가 있어 동행 보조가 필요함. 장애인 화장실은 일부만 이용 가능,"관람로는 대체로 단차가 없어 휠체어로 이동할 수 있습니다. 다만 일부 구간은 경사가 가팔라 동행자의 도움이 필요할 수 있고, 장애인 화장실은 이용 가능한 위치를 미리 확인해 주세요.",경로 조사 — 관람로 대체로 단차 없어 휠체어 접근 가능하나 일부 구간 4.5~10도 경사로 동행보조 필요. 장애인 화장실 일부 이용 가능,,,휠내비길(wheelnavi.kr) 음성안내 · 제주올레 오디오가이드(jejuolle.org) 코스별 음성해설,「탐나는수어」 앱 · 제주수어통역센터 여행수어 자료(jejudeaf.com),,IN_VENUE,이용 동선에서 이용 가능,차량+도보,,,,,,,,,,,,2023-12,,,,,,,UNKNOWN,UNKNOWN,,,,,제주관광약자접근성안내센터(이지제주) · 한국관광공사 열린관광 · ㈜휴플 현장조사,2026-06,2024~2026,https://easyjeju.net,제주관광공사 「오감으로 즐기는 제주」(2023.12.22) · 한국관광공사 열린관광지 · 이지제주,"현재 무장애 정보는 이동(지체) 접근성 기준입니다. 시각·청각·발달 장애 정보는 확보 중이며, 열린관광 모두의여행(access.visitkorea.or.kr) 또는 이지제주(easyjeju.net)에서 확인하실 수 있습니다.",VERIFIED,검증완료(2026-07),FIX80: 해양 유형 접근 제약 명문화 — routeCondition·slopeInfo 이관,v3,ROUTE_SURVEY,경로 상태 조사: 동행보조 필요+휠체어 접근 가능,,,,Y,UNKNOWN,UNKNOWN,
ACC_P011,P011,PARTIAL,UNKNOWN,UNKNOWN,UNKNOWN,PARTIAL,PARTIAL,PARTIAL,FULL,Y,CONDITIONAL,CONDITIONAL,"해변 주변 접근 가능 / 활동참여 조건부 — 비포장·경사 구간, 백사장 진입 제약",경사 있음,비포장+백사장/모래길+휠체어 접근 가능,장애인 화장실 있음,"비포장 구간과 경사 존재, 백사장 모래길. 장애인 화장실 확보. 백사장 진입로·데크 설치 여부 미확인","장애인 화장실이 갖춰져 있고 해변 주변까지는 휠체어로 가실 수 있습니다. 다만 비포장 구간과 경사가 있고, 백사장은 모래라 바퀴가 빠져 이동이 어렵습니다. 백사장 진입로나 데크가 있는지는 확인되지 않았습니다.",,,,휠내비길(wheelnavi.kr) 음성안내 · 제주올레 오디오가이드(jejuolle.org) 코스별 음성해설,「탐나는수어」 앱 · 제주수어통역센터 여행수어 자료(jejudeaf.com),,IN_VENUE,이용 동선에서 이용 가능,차량+대중교통+도보,,,,,,,,,,,,2023-12,,,,,,,UNKNOWN,UNKNOWN,,,,,제주관광약자접근성안내센터(이지제주) · 한국관광공사 열린관광 · ㈜휴플 현장조사,2026-06,2024~2026,https://easyjeju.net,제주관광공사 「오감으로 즐기는 제주」(2023.12.22) · 한국관광공사 열린관광지 · 이지제주,"현재 무장애 정보는 이동(지체) 접근성 기준입니다. 시각·청각·발달 장애 정보는 확보 중이며, 열린관광 모두의여행(access.visitkorea.or.kr) 또는 이지제주(easyjeju.net)에서 확인하실 수 있습니다.",SURVEYED,,FIX80: 해양 유형 접근 제약 명문화 — routeCondition·slopeInfo 이관,v3,ROUTE_SURVEY,경로 상태 조사: 비포장+백사장/모래길+휠체어 접근 가능,UNKNOWN,모래사장은 휠체어 바퀴가 빠져 이동이 어렵습니다. 진입로·데크 설치 여부가 확인되지 않았으니 방문 전 문의하시거나 해변용 휠체어 대여 가능 여부를 확인해 주세요,발이 닿는 깊이까지만 들어가시고 먼 바다 쪽으로는 나가지 말아 주세요. 파고가 2m를 넘거나 풍랑특보가 발효되면 입수를 삼가 주세요. 너울은 파도가 잔잔해 보여도 갑자기 밀려오니 갯바위와 방파제 위에는 올라가지 말아 주세요. 체감온도 33도가 넘는 날에는 한낮 물놀이를 피하고 그늘에서 자주 쉬어 주세요. 휠체어 이용자는 파도에 중심을 잃기 쉽고 스스로 빠져나오기 어려우니 반드시 동행자와 함께해 주세요.,Y,UNKNOWN,UNKNOWN,
ACC_P012,P012,PARTIAL,UNKNOWN,UNKNOWN,UNKNOWN,PARTIAL,PARTIAL,PARTIAL,FULL,Y,CONDITIONAL,CONDITIONAL,"해변 주변 접근 가능 / 활동참여 조건부 — 비포장 구간, 백사장 진입 제약",경사 있음+경사로 있음,비포장+백사장/모래길+휠체어 접근 가능,경사로 있음+장애인 주차장 있음+장애인 화장실 있음,"경사로 설치되어 있으나 비포장 구간 존재, 백사장 모래길. 장애인 화장실 확보. 백사장 진입로·데크 설치 여부 미확인",장애인 화장실이 갖춰져 있고 경사로가 설치되어 있어 해변 주변까지는 휠체어로 가실 수 있습니다. 다만 비포장 구간이 있고 백사장은 모래라 바퀴가 빠져 이동이 어렵습니다. 백사장 진입로나 데크가 있는지는 확인되지 않았습니다.,,,,휠내비길(wheelnavi.kr) 음성안내 · 제주올레 오디오가이드(jejuolle.org) 코스별 음성해설,「탐나는수어」 앱 · 제주수어통역센터 여행수어 자료(jejudeaf.com),,IN_VENUE,이용 동선에서 이용 가능,차량+대중교통+도보,,,,,,,,,,,,2023-12,,,,,,,UNKNOWN,UNKNOWN,,,,,제주관광약자접근성안내센터(이지제주) · 한국관광공사 열린관광 · ㈜휴플 현장조사,2026-06,2024~2026,https://easyjeju.net,제주관광공사 「오감으로 즐기는 제주」(2023.12.22) · 한국관광공사 열린관광지 · 이지제주,"현재 무장애 정보는 이동(지체) 접근성 기준입니다. 시각·청각·발달 장애 정보는 확보 중이며, 열린관광 모두의여행(access.visitkorea.or.kr) 또는 이지제주(easyjeju.net)에서 확인하실 수 있습니다.",SURVEYED,,FIX80: 해양 유형 접근 제약 명문화 — routeCondition·slopeInfo 이관,v3,ROUTE_SURVEY,경로 상태 조사: 비포장+백사장/모래길+휠체어 접근 가능,UNKNOWN,모래사장은 휠체어 바퀴가 빠져 이동이 어렵습니다. 진입로·데크 설치 여부가 확인되지 않았으니 방문 전 문의하시거나 해변용 휠체어 대여 가능 여부를 확인해 주세요,발이 닿는 깊이까지만 들어가시고 먼 바다 쪽으로는 나가지 말아 주세요. 파고가 2m를 넘거나 풍랑특보가 발효되면 입수를 삼가 주세요. 너울은 파도가 잔잔해 보여도 갑자기 밀려오니 갯바위와 방파제 위에는 올라가지 말아 주세요. 체감온도 33도가 넘는 날에는 한낮 물놀이를 피하고 그늘에서 자주 쉬어 주세요. 휠체어 이용자는 파도에 중심을 잃기 쉽고 스스로 빠져나오기 어려우니 반드시 동행자와 함께해 주세요.,Y,UNKNOWN,UNKNOWN,
ACC_P013,P013,PARTIAL,PARTIAL,UNKNOWN,UNKNOWN,PARTIAL,PARTIAL,PARTIAL,FULL,N,CONDITIONAL,CONDITIONAL,무장애 나눔길 구간 접근 가능 / 활동참여 조건부 — 입구와 구간에 따라 노면 조건이 크게 다름,경사 있음,포장도로+비포장,유모차 대여 가능+장애인 주차장 있음+장애인 화장실 있음+데크 산책로 있음+무장애나눔길 있음,붉은오름 입구 무장애 나눔길(데크 약 1km)은 경사 완만·폭 넓어 휠체어·유모차 이용 가능. 비자림로 입구 방면 본 숲길은 비포장 흙길로 접근 제약. 입구별 노면 조건 차이가 큼,"사려니숲길은 입구가 여러 곳입니다. 무장애 나눔길은 붉은오름 입구 쪽에 있고, 완만한 데크길 약 1km 구간을 휠체어와 유모차로 이용하실 수 있습니다. 장애인 주차구역과 장애인 화장실도 이 입구 쪽에 있습니다. 비자림로 입구에서 이어지는 본 숲길은 흙길과 비포장 구간이 길게 이어져 휠체어로 이동하시기는 어렵습니다. 어느 입구로 가시는지에 따라 조건이 크게 달라지니 미리 정해 두시는 편이 좋습니다.","붉은오름 입구 무장애나눔길: 경사 완만·폭 넓음, 1km+ 무장애숲길(오감 p.18)","점자 안내판 보유(사려니숲 무장애 나눔길, 오감 p.7) + 무장애나눔길 1km 완만",,올레 오디오가이드·휠내비길,「탐나는수어」 앱 · 제주수어통역센터 여행수어 자료(jejudeaf.com),,IN_VENUE,이용 동선에서 이용 가능,차량+도보,,,,,,,,,,,,2023-12,,,붉은오름 입구 무장애 나눔길,1.0km,LOW,데크 포장·완만한 경사. 비자림로 입구 방면 본 숲길은 비포장 흙길,UNKNOWN,UNKNOWN,,,,Y,제주관광약자접근성안내센터(이지제주) · 한국관광공사 열린관광 · ㈜휴플 현장조사,2026-06,2024~2026,https://easyjeju.net,제주관광공사 「오감으로 즐기는 제주」(2023.12.22) · 한국관광공사 열린관광지 · 이지제주,"현재 무장애 정보는 이동(지체) 접근성 기준입니다. 시각·청각·발달 장애 정보는 확보 중이며, 열린관광 모두의여행(access.visitkorea.or.kr) 또는 이지제주(easyjeju.net)에서 확인하실 수 있습니다.",SURVEYED,[FIX82] 잔여 확인 — 무장애 나눔길 확장 이후의 정확한 총연장. 현재 값은 「오감으로 즐기는 제주」(2023.12) p.18 기준 '1km+'. 확장 이력 근거 확보 후 wheelchairSectionDist 갱신 필요. 붉은오름자연휴양림(P832)과는 별개 시설이며 입구만 인접 — 두 노드의 나눔길 정보를 합치지 말 것,FIX82: 무장애 나눔길 구간 안내 신설 — 입구별 조건 차이 명시,v3,ROUTE_SURVEY,경로 상태 조사: 포장도로+비포장,,,,Y,Y,UNKNOWN,
ACC_P014,P014,PARTIAL,UNKNOWN,UNKNOWN,UNKNOWN,PARTIAL,PARTIAL,PARTIAL,FULL,Y,CONDITIONAL,CONDITIONAL,시설접근(터미널) 가능 / 활동참여(승선) 조건부 — 선사·선박별 편차,,포장도로+휠체어 접근 가능+동행보조 필요,장애인 주차장 있음+장애인 화장실 있음,여객터미널 — 터미널 건물과 편의시설 접근은 가능하나 여객선 승하선 설비와 선내 무장애 설비는 선사·선박별 편차가 큼. 국가인권위 직권조사에서 승하선 설비 미비 사례 확인. 승선 전 선사 사전 확인 필요,"터미널 건물까지는 장애인 주차구역과 장애인 화장실이 갖춰져 있어 휠체어로 이동하시는 데 무리가 없습니다. 다만 배에 오르내리는 설비와 선내 시설은 선사와 선박마다 차이가 커서, 승선 전에 이용하실 선사에 미리 확인하시는 것이 안전합니다.",,,,휠내비길(wheelnavi.kr) 음성안내 · 제주올레 오디오가이드(jejuolle.org) 코스별 음성해설,「탐나는수어」 앱 · 제주수어통역센터 여행수어 자료(jejudeaf.com),,IN_VENUE,이용 동선에서 이용 가능,차량+대중교통,,,,,,,,,,,,2023-12,,,,,,,UNKNOWN,UNKNOWN,,,,,제주관광약자접근성안내센터(이지제주) · 한국관광공사 열린관광 · ㈜휴플 현장조사,2026-06,2024~2026,https://easyjeju.net,제주관광공사 「오감으로 즐기는 제주」(2023.12.22) · 한국관광공사 열린관광지 · 이지제주,"현재 무장애 정보는 이동(지체) 접근성 기준입니다. 시각·청각·발달 장애 정보는 확보 중이며, 열린관광 모두의여행(access.visitkorea.or.kr) 또는 이지제주(easyjeju.net)에서 확인하실 수 있습니다.",SURVEYED,,FIX79: 승하선 제약 명문화 — 건물 접근과 승선 분리,v3,FACILITY_SURVEY,편의시설 조사: 장애인 주차장 있음+장애인 화장실 있음,,,,Y,UNKNOWN,UNKNOWN,
ACC_P015,P015,NONE,UNKNOWN,UNKNOWN,UNKNOWN,NONE,PARTIAL,PARTIAL,FULL,Y,CONDITIONAL,CONDITIONAL,시설접근 기준 판정 — 활동참여 개별 근거 미확보,경사로 있음,계단 있음+일부 구간 접근 제한,장애인 주차장 있음+장애인 화장실 있음,,해안 관람로가 울퉁불퉁한 바위길과 돌계단으로 이어져 있어 휠체어로 들어가기 어렵습니다.,핵심 관광대상인 해안 관람로가 자연 암반·울퉁불퉁한 노면과 돌계단으로 이어져 휠체어 통행이 어려움.,,,휠내비길(wheelnavi.kr) 음성안내 · 제주올레 오디오가이드(jejuolle.org) 코스별 음성해설,「탐나는수어」 앱 · 제주수어통역센터 여행수어 자료(jejudeaf.com),,IN_VENUE,이용 동선에서 이용 가능,차량+대중교통+도보,,,,,,,,,,,,2023-12,,,,,,,UNKNOWN,UNKNOWN,,,,,제주관광약자접근성안내센터(이지제주) · 한국관광공사 열린관광 · ㈜휴플 현장조사,2026-06,2024~2026,https://access.visitkorea.or.kr/ms/detail.do?cotId=3d6c01ad-2383-49c9-b213-3f028011d509,제주관광공사 「오감으로 즐기는 제주」(2023.12.22) · 한국관광공사 열린관광지 · 이지제주,"현재 무장애 정보는 이동(지체) 접근성 기준입니다. 시각·청각·발달 장애 정보는 확보 중이며, 열린관광 모두의여행(access.visitkorea.or.kr) 또는 이지제주(easyjeju.net)에서 확인하실 수 있습니다.",SURVEYED,,,v3,ROUTE_SURVEY,경로 상태 조사: 계단 있음+일부 구간 접근 제한,,,,Y,UNKNOWN,UNKNOWN,
ACC_P016,P016,PARTIAL,PARTIAL,PARTIAL,UNKNOWN,PARTIAL,PARTIAL,PARTIAL,FULL,Y,CONDITIONAL,CONDITIONAL,시설접근 기준 판정 — 활동참여 개별 근거 미확보,경사 있음,비포장+흙길+동행보조 필요+휠체어 접근 가능,휠체어 대여 가능+장애인 주차장 있음+장애인 화장실 있음,주요 숲길에 흙길·비포장 노면과 경사가 있어 휠체어 접근은 가능하나 이동 보조가 필요한 구간이 있음.,숲길에는 흙길과 비포장 구간이 있어 휠체어가 흔들리거나 바퀴가 빠질 수 있습니다. 이동이 불편하다면 동행자의 도움을 받는 편이 좋습니다.,,"시각장애인 추천 코스 2일차 수록: 피톤치드 가득한 산책길(후각 중심 체험, 오감 p.5)",탐나는수어 앱 수어해설 21곳(9.비자림). 현장 QR·AR 수어영상,휠내비길(wheelnavi.kr) 음성안내 · 제주올레 오디오가이드(jejuolle.org) 코스별 음성해설,「탐나는수어」 앱(제주수어통역센터) + 현장 QR,,IN_VENUE,이용 동선에서 이용 가능,차량+대중교통+도보,,,,,,,,,,,,2023-12,,,,,,,UNKNOWN,UNKNOWN,,,,,제주관광약자접근성안내센터(이지제주) · 한국관광공사 열린관광 · ㈜휴플 현장조사,2026-06,2024~2026,https://access.visitkorea.or.kr/ms/detail.do?cotId=33c37895-6fb2-498a-96e0-2204fab24533,제주관광공사 「오감으로 즐기는 제주」(2023.12.22) · 한국관광공사 열린관광지 · 이지제주,"현재 무장애 정보는 이동(지체) 접근성 기준입니다. 시각·청각·발달 장애 정보는 확보 중이며, 열린관광 모두의여행(access.visitkorea.or.kr) 또는 이지제주(easyjeju.net)에서 확인하실 수 있습니다.",SURVEYED,,,v3,ROUTE_SURVEY,경로 상태 조사: 비포장+흙길+동행보조 필요+휠체어 접근 가능,,,,Y,Y,Y,
ACC_P017,P017,PARTIAL,UNKNOWN,UNKNOWN,UNKNOWN,PARTIAL,PARTIAL,PARTIAL,FULL,Y,CONDITIONAL,CONDITIONAL,시설접근 기준 판정 — 활동참여 개별 근거 미확보,"외부 관람로 요철 구간, 경사 구간 다수 있습니다+시크릿가든 6~13도 오르막 경사 있으며, 입구 부근 단차(계단) 있습니다+매표소 접근로 경사로 설치되어 있으며, 매표소 상단 높이 약 88cm 입니다",포장도로+비포장+동행보조 필요+휠체어 접근 가능,휠체어 대여 가능+유모차 대여 가능+장애인 주차장 있음+장애인 화장실 있음+점자책 있음+시각장애인 지원 가능+장애인 관람석 있음,휠체어로 이동 가능한 관람로가 있으나 야외 정원 곳곳에 요철·단차와 가파른 경사 구간이 존재함.,"정원 안에는 휠체어로 이동할 수 있는 길이 있지만, 일부 구간은 바닥이 울퉁불퉁하고 경사가 가파릅니다. 야외 관람 시 동행자의 도움이 필요할 수 있습니다.",,,,휠내비길(wheelnavi.kr) 음성안내 · 제주올레 오디오가이드(jejuolle.org) 코스별 음성해설,「탐나는수어」 앱 · 제주수어통역센터 여행수어 자료(jejudeaf.com),,IN_VENUE,이용 동선에서 이용 가능,차량+대중교통+도보,LOW,Y,N,동행자 대리 발권 또는 직원 호출 필요,,,㈜휴플 자체 현장조사 (2024~2025),,,,,2023-12,,,,,,,UNKNOWN,UNKNOWN,,,,,제주관광약자접근성안내센터(이지제주) · 한국관광공사 열린관광 · ㈜휴플 현장조사,2026-06,2024~2026,https://easyjeju.net/pages.php?no=27&p=tourist,제주관광공사 「오감으로 즐기는 제주」(2023.12.22) · 한국관광공사 열린관광지 · 이지제주,"현재 무장애 정보는 이동(지체) 접근성 기준입니다. 시각·청각·발달 장애 정보는 확보 중이며, 열린관광 모두의여행(access.visitkorea.or.kr) 또는 이지제주(easyjeju.net)에서 확인하실 수 있습니다.",VERIFIED,,,v3,FIELD_SURVEY,㈜휴플 자체 현장조사 / 경로: 포장도로+비포장+동행보조 필요+휠체어 접근 가능,,,,Y,UNKNOWN,UNKNOWN,
ACC_P018,P018,PARTIAL,UNKNOWN,UNKNOWN,UNKNOWN,PARTIAL,UNKNOWN,PARTIAL,FULL,Y,CONDITIONAL,CONDITIONAL,"시설 접근(주차·출입구)은 가능하나 탕 이용에는 계단이 있어 조건부. 운영자 공식 답변: ""실내탕이나 노천탕 모두 계단들이 있기에 많이 불편하고 위험합니다""",,휠체어 접근 가능,휠체어 대여 가능+유모차 대여 가능+장애인 주차장 있음+장애인 화장실 있음+엘리베이터 있음+수유실/영유아 돌봄 가능+시각장애인 지원 가능+장애인 객실 있음,"실내탕·노천탕 모두 계단이 있어 휠체어 단독 이용 시 위험. 남탕은 2층 계단, 여탕은 탈의실까지만 접근 가능. 휠체어 대여 없음.","탕 내부에 계단이 있어 휠체어 단독 이용은 위험합니다. 보호자 동반이 필요하며, 휠체어 대여는 제공되지 않습니다",,,,휠내비길(wheelnavi.kr) 음성안내 · 제주올레 오디오가이드(jejuolle.org) 코스별 음성해설,「탐나는수어」 앱 · 제주수어통역센터 여행수어 자료(jejudeaf.com),제주산방산탄산온천 공식 Q&A 3건(2018-03-01·2019-01-13·2019-06-06) 운영자 직접 회신,IN_VENUE,이용 동선에서 이용 가능,차량+대중교통,HIGH,N,,,,,,,,,,2023-12,,,,,,,Y,UNKNOWN,,,,,제주관광약자접근성안내센터(이지제주) · 한국관광공사 열린관광 · ㈜휴플 현장조사,2026-06,2024~2026,tansanhot.com Q&A (wr_id 1652·2074·2327),제주관광공사 「오감으로 즐기는 제주」(2023.12.22) · 한국관광공사 열린관광지 · 이지제주,"현재 무장애 정보는 이동(지체) 접근성 기준입니다. 시각·청각·발달 장애 정보는 확보 중이며, 열린관광 모두의여행(access.visitkorea.or.kr) 또는 이지제주(easyjeju.net)에서 확인하실 수 있습니다.",VERIFIED,검증완료(2026-08) — 시설 공식 Q&A 3건 교차 확인, | FIX31: 시설 공식 답변으로 FULL→PARTIAL 하향,v3,OFFICIAL_DOC,,,,,Y,UNKNOWN,UNKNOWN,
ACC_P019,P019,FULL,UNKNOWN,UNKNOWN,UNKNOWN,FULL,FULL,FULL,FULL,Y,AVAILABLE,AVAILABLE,시설접근 기준 판정 — 활동참여 개별 근거 미확보,,휠체어 접근 가능,휠체어 대여 가능+유모차 대여 가능+장애인 주차장 있음+장애인 화장실 있음+수유실/영유아 돌봄 가능+영유아 보호의자(부분가능)+엘리베이터 있음+기저귀교환대 있음,,장애인 객실 보유 여부를 공식 객실 안내에서 확인하지 못했습니다. 휠체어 이용이 필요하다면 예약 전에 호텔에 문의해 주세요.,,,,휠내비길(wheelnavi.kr) 음성안내 · 제주올레 오디오가이드(jejuolle.org) 코스별 음성해설,「탐나는수어」 앱 · 제주수어통역센터 여행수어 자료(jejudeaf.com),,IN_VENUE,이용 동선에서 이용 가능,차량+대중교통,,,,,,,,,,,,2023-12,,,,,,,UNKNOWN,UNKNOWN,,,미확인 — 이지제주(숙박>호텔) 또는 열린관광 숙박 상세에서 확인 필요,,제주관광약자접근성안내센터(이지제주) · 한국관광공사 열린관광 · ㈜휴플 현장조사,2026-06,2024~2026,https://www.shillahotels.com/ko/theshilla/jeju/accommodation/index.do,제주관광공사 「오감으로 즐기는 제주」(2023.12.22) · 한국관광공사 열린관광지 · 이지제주,"현재 무장애 정보는 이동(지체) 접근성 기준입니다. 시각·청각·발달 장애 정보는 확보 중이며, 열린관광 모두의여행(access.visitkorea.or.kr) 또는 이지제주(easyjeju.net)에서 확인하실 수 있습니다.",PENDING,"검증대기(2026-07) — 법정 의무시설 추정, 원문 미대조",,v3,LEGAL_PRESUMPTION,,,,,Y,UNKNOWN,UNKNOWN,
ACC_P020,P020,PARTIAL,UNKNOWN,UNKNOWN,UNKNOWN,PARTIAL,PARTIAL,PARTIAL,FULL,Y,CONDITIONAL,CONDITIONAL,시설접근(터미널) 가능 / 활동참여(승선) 조건부 — 선사·선박별 편차,,포장도로+휠체어 접근 가능,휠체어 대여 가능+장애인 화장실 있음+안내카운터 있음,여객터미널 — 휠체어 대여·안내 카운터·장애인 화장실 보유로 건물 접근 양호. 여객선 승하선 설비와 선내 무장애 설비는 선사·선박별 편차가 크며 국가인권위 직권조사에서 미비 사례 확인. 승선 전 선사 사전 확인 필요,"터미널 안에 휠체어 대여와 안내 카운터, 장애인 화장실이 있어 건물 이용은 편한 편입니다. 다만 배에 오르내리는 설비와 선내 시설은 선사와 선박마다 차이가 커서, 승선 전에 이용하실 선사에 미리 확인하시는 것이 안전합니다.",,,,휠내비길(wheelnavi.kr) 음성안내 · 제주올레 오디오가이드(jejuolle.org) 코스별 음성해설,「탐나는수어」 앱 · 제주수어통역센터 여행수어 자료(jejudeaf.com),,IN_VENUE,이용 동선에서 이용 가능,차량+대중교통,,Y,Y,,,,,,,,,2023-12,,,,,,,UNKNOWN,UNKNOWN,,,,,제주관광약자접근성안내센터(이지제주) · 한국관광공사 열린관광 · ㈜휴플 현장조사,2026-06,2024~2026,https://easyjeju.net,제주관광공사 「오감으로 즐기는 제주」(2023.12.22) · 한국관광공사 열린관광지 · 이지제주,"현재 무장애 정보는 이동(지체) 접근성 기준입니다. 시각·청각·발달 장애 정보는 확보 중이며, 열린관광 모두의여행(access.visitkorea.or.kr) 또는 이지제주(easyjeju.net)에서 확인하실 수 있습니다.",SURVEYED,,"FIX79: 승하선 제약 명문화, 휠체어 대여·매표소 접근 기록",v3,FACILITY_SURVEY,편의시설 조사: 휠체어 대여 가능+장애인 화장실 있음+안내카운터 있음,,,,Y,UNKNOWN,UNKNOWN,
ACC_P021,P021,PARTIAL,UNKNOWN,UNKNOWN,UNKNOWN,PARTIAL,FULL,FULL,FULL,N,CONDITIONAL,CONDITIONAL,시설접근 기준 판정 — 활동참여 개별 근거 미확보,,포장도로+휠체어 접근 가능,휠체어 대여 가능+유모차 대여 가능+장애인 주차장 있음+장애인 화장실 있음+매표소 접근 가능,제주도 무장애여행 조사: 전망대는 계단 데크길로 휠체어 접근 불가(계단 22~33개). 해안산책로 이용 시에만 관람 가능,,,,,휠내비길(wheelnavi.kr) 음성안내 · 제주올레 오디오가이드(jejuolle.org) 코스별 음성해설,「탐나는수어」 앱 · 제주수어통역센터 여행수어 자료(jejudeaf.com),,IN_VENUE,이용 동선에서 이용 가능,차량+도보,NONE,Y,,,,,㈜휴플 자체 현장조사 (2024~2025),,,,,2023-12,,,,,,,UNKNOWN,UNKNOWN,,,,,제주관광약자접근성안내센터(이지제주) · 한국관광공사 열린관광 · ㈜휴플 현장조사,2026-06,2024~2026,https://easyjeju.net,제주관광공사 「오감으로 즐기는 제주」(2023.12.22) · 한국관광공사 열린관광지 · 이지제주,"현재 무장애 정보는 이동(지체) 접근성 기준입니다. 시각·청각·발달 장애 정보는 확보 중이며, 열린관광 모두의여행(access.visitkorea.or.kr) 또는 이지제주(easyjeju.net)에서 확인하실 수 있습니다.",VERIFIED,검증완료(2026-07),FIX16: POPULAR 전수검증 하향,v3,FIELD_SURVEY,㈜휴플 자체 현장조사 / 경로: 포장도로+휠체어 접근 가능,,,,Y,UNKNOWN,UNKNOWN,
ACC_P022,P022,PARTIAL,UNKNOWN,UNKNOWN,UNKNOWN,PARTIAL,PARTIAL,PARTIAL,FULL,N,CONDITIONAL,CONDITIONAL,주차장·화장실 등 진입부는 이용 가능 / 오름 등반로는 계단·노면 불량으로 접근 제한,"계단 혹은 경사 있음+내리막 시작점: 경사 8도/7m
삼거리: 경사 5도
오르막길 시작점: 경사 10도(wp19.반환점에서부터40m지점)",계단 있음+노면 불량,장애인 화장실 있음,진입부에 장애인 화장실 확보. 등반로는 계단과 고르지 않은 노면으로 이동 제한,새별오름은 주차장까지 차로 오실 수 있고 장애인 화장실이 있습니다. 다만 오름으로 오르는 길에는 계단이 있고 노면이 고르지 않아 휠체어로 이동하시기는 어렵습니다. 오름 아래 넓은 들판과 억새 풍경은 주차장 주변에서도 보실 수 있습니다.,,,,휠내비길(wheelnavi.kr) 음성안내 · 제주올레 오디오가이드(jejuolle.org) 코스별 음성해설,「탐나는수어」 앱 · 제주수어통역센터 여행수어 자료(jejudeaf.com),,IN_VENUE,이용 동선에서 이용 가능,차량+도보,,,,,,,,,,,,2023-12,,,,,,,UNKNOWN,UNKNOWN,,,,,제주관광약자접근성안내센터(이지제주) · 한국관광공사 열린관광 · ㈜휴플 현장조사,2026-06,2024~2026,https://easyjeju.net,제주관광공사 「오감으로 즐기는 제주」(2023.12.22) · 한국관광공사 열린관광지 · 이지제주,"현재 무장애 정보는 이동(지체) 접근성 기준입니다. 시각·청각·발달 장애 정보는 확보 중이며, 열린관광 모두의여행(access.visitkorea.or.kr) 또는 이지제주(easyjeju.net)에서 확인하실 수 있습니다.",SURVEYED,[FIX89] 산·오름 사유 이관 — 조사 기록은 routeCondition·barrierFreeDetail 참조,,v3,ROUTE_SURVEY,경로 상태 조사: 계단 있음+노면 불량,,,,Y,UNKNOWN,UNKNOWN,
ACC_P023,P023,FULL,PARTIAL,UNKNOWN,UNKNOWN,FULL,FULL,FULL,FULL,Y,AVAILABLE,AVAILABLE,시설접근 기준 판정 — 활동참여 개별 근거 미확보,경사로 있음,휠체어 접근 가능,"장애인용 객실 엘리베이터 1기(150×190cm, 객실키 터치 불필요)+장애인화장실 2개(8층 로비 유효폭 90cm / 6층 조식당 외부100·내부95cm)+비상호출벨·비데·자동물내림+조식당 단차 없음",,,,,,휠내비길(wheelnavi.kr) 음성안내 · 제주올레 오디오가이드(jejuolle.org) 코스별 음성해설,「탐나는수어」 앱 · 제주수어통역센터 여행수어 자료(jejudeaf.com),,IN_VENUE,이용 동선에서 이용 가능,차량+대중교통,,,,,,,,,,,,2023-12,,,,,,,UNKNOWN,UNKNOWN,,,,,열린관광 모두의여행(한국관광공사) 숙박 상세,2026-07,,access.visitkorea.or.kr · https://www.data.go.kr/data/15101897/openapi.do,제주관광공사 「오감으로 즐기는 제주」(2023.12.22) · 한국관광공사 열린관광지 · 이지제주,"현재 무장애 정보는 이동(지체) 접근성 기준입니다. 시각·청각·발달 장애 정보는 확보 중이며, 열린관광 모두의여행(access.visitkorea.or.kr) 또는 이지제주(easyjeju.net)에서 확인하실 수 있습니다.",VERIFIED,"검증완료(2026-07) — 열린관광 숙박 상세 대조 [FIX65] 한국관광공사 무장애 API(detailWithTour2) — braileblock=객실 진입로, 건물 출입구, 계단; helpdog=안내견 동반가능; guidehuman=프론트 직원 대기.",FIX65: visualAccess UNKNOWN→PARTIAL (KTO API),v3,PUBLICATION,,,,,Y,UNKNOWN,UNKNOWN,
ACC_P024,P024,FULL,UNKNOWN,PARTIAL,UNKNOWN,FULL,PARTIAL,PARTIAL,FULL,Y,CONDITIONAL,CONDITIONAL,시설접근 기준 판정 — 활동참여 개별 근거 미확보,"외부 관람로 전체적으로 단차, 경사 없이 관람 가능합니다+화장실 접근로에 약 5.9도의 경사로가 설치되어 있습니다+천지연폭포 관람로는 단차없이 접근 가능합니다",계단 있음+일부 구간 접근 제한+휠체어 접근 가능,휠체어 대여 가능+유모차 대여 가능+장애인 주차장 있음+장애인 화장실 있음+수유실/영유아 돌봄 가능,,,폭포 앞 핵심 관람로는 단차 없이 접근 가능하고 장애인 주차구역·화장실과 휠체어 대여가 확인됨. 계단이 있는 별도 출구는 같은 길로 되돌아 나오면 회피 가능함.,,탐나는수어 앱 수어해설 21곳(15.천지연폭포). 현장 QR·AR 수어영상,휠내비길(wheelnavi.kr) 음성안내 · 제주올레 오디오가이드(jejuolle.org) 코스별 음성해설,「탐나는수어」 앱(제주수어통역센터) + 현장 QR,,IN_VENUE,이용 동선에서 이용 가능,차량+대중교통+도보,,,,,,,,,,,,2023-12,,,,,,,UNKNOWN,UNKNOWN,,,,Y,제주관광약자접근성안내센터(이지제주) · 한국관광공사 열린관광 · ㈜휴플 현장조사,2026-06,2024~2026,https://access.visitkorea.or.kr/cos/detail.do?cotId=e00ded1c-7d74-41f8-84b6-042f54809a2d,제주관광공사 「오감으로 즐기는 제주」(2023.12.22) · 한국관광공사 열린관광지 · 이지제주,"현재 무장애 정보는 이동(지체) 접근성 기준입니다. 시각·청각·발달 장애 정보는 확보 중이며, 열린관광 모두의여행(access.visitkorea.or.kr) 또는 이지제주(easyjeju.net)에서 확인하실 수 있습니다.",SURVEYED,,,v3,ROUTE_SURVEY,경로 상태 조사: 계단 있음+일부 구간 접근 제한+휠체어 접근 가능,,,"계곡물은 수심을 눈으로 가늠하기 어렵고 바닥이 미끄러우니 발이 닿는 곳에서만 머물러 주세요. 비가 온 뒤에는 상류에서 물이 갑자기 불어날 수 있어, 시간당 10mm 이상 비가 예보된 날에는 입수를 삼가 주세요. 폭포 아래는 수심이 깊고 물살이 강합니다.",Y,UNKNOWN,Y,
ACC_P025,P025,FULL,UNKNOWN,UNKNOWN,UNKNOWN,FULL,FULL,FULL,FULL,Y,AVAILABLE,AVAILABLE,시설접근 기준 판정 — 활동참여 개별 근거 미확보,,휠체어 접근 가능,장애인 주차장 있음+장애인 화장실 있음+엘리베이터 있음+장애인 객실 있음+안내카운터 있음,,어세서블 딜럭스와 어세서블 프리미어 객실이 운영됩니다. 예약할 때 해당 객실의 이용 가능 여부를 확인해 주세요.,,,,휠내비길(wheelnavi.kr) 음성안내 · 제주올레 오디오가이드(jejuolle.org) 코스별 음성해설,「탐나는수어」 앱 · 제주수어통역센터 여행수어 자료(jejudeaf.com),,IN_VENUE,이용 동선에서 이용 가능,차량+대중교통,,,,,,,,,,,,2023-12,,,,,,,UNKNOWN,UNKNOWN,,,미확인 — 이지제주(숙박>호텔) 또는 열린관광 숙박 상세에서 확인 필요,,제주관광약자접근성안내센터(이지제주) · 한국관광공사 열린관광 · ㈜휴플 현장조사,2026-06,2024~2026,https://www.parnashoteljeju.com/ko/main.do,제주관광공사 「오감으로 즐기는 제주」(2023.12.22) · 한국관광공사 열린관광지 · 이지제주,"현재 무장애 정보는 이동(지체) 접근성 기준입니다. 시각·청각·발달 장애 정보는 확보 중이며, 열린관광 모두의여행(access.visitkorea.or.kr) 또는 이지제주(easyjeju.net)에서 확인하실 수 있습니다.",PENDING,"검증대기(2026-07) — 법정 의무시설 추정, 원문 미대조",,v3,LEGAL_PRESUMPTION,,,,,Y,UNKNOWN,UNKNOWN,
ACC_P026,P026,PARTIAL,UNKNOWN,UNKNOWN,UNKNOWN,PARTIAL,PARTIAL,PARTIAL,FULL,Y,CONDITIONAL,CONDITIONAL,해변 주변 접근 가능 / 활동참여 조건부 — 백사장 진입 제약,경사로 있음,백사장/모래길+휠체어 접근 가능,장애인 화장실 있음,"경사로 설치, 백사장 모래길. 장애인 화장실 확보. 백사장 진입로·데크 설치 여부 미확인","장애인 화장실이 있고 경사로가 설치되어 있어 해변 주변까지는 휠체어로 가실 수 있습니다. 다만 백사장은 모래라 바퀴가 빠져 이동이 어렵고, 백사장으로 이어지는 진입로나 데크가 있는지는 확인되지 않았습니다.",,,,휠내비길(wheelnavi.kr) 음성안내 · 제주올레 오디오가이드(jejuolle.org) 코스별 음성해설,「탐나는수어」 앱 · 제주수어통역센터 여행수어 자료(jejudeaf.com),,IN_VENUE,이용 동선에서 이용 가능,차량+대중교통+도보,,,,,,,,,,,,2023-12,,,,,,,UNKNOWN,UNKNOWN,,,,,제주관광약자접근성안내센터(이지제주) · 한국관광공사 열린관광 · ㈜휴플 현장조사,2026-06,2024~2026,https://easyjeju.net,제주관광공사 「오감으로 즐기는 제주」(2023.12.22) · 한국관광공사 열린관광지 · 이지제주,"현재 무장애 정보는 이동(지체) 접근성 기준입니다. 시각·청각·발달 장애 정보는 확보 중이며, 열린관광 모두의여행(access.visitkorea.or.kr) 또는 이지제주(easyjeju.net)에서 확인하실 수 있습니다.",SURVEYED,,FIX80: 해양 유형 접근 제약 명문화 — routeCondition·slopeInfo 이관,v3,ROUTE_SURVEY,경로 상태 조사: 백사장/모래길+휠체어 접근 가능,UNKNOWN,모래사장은 휠체어 바퀴가 빠져 이동이 어렵습니다. 진입로·데크 설치 여부가 확인되지 않았으니 방문 전 문의하시거나 해변용 휠체어 대여 가능 여부를 확인해 주세요,발이 닿는 깊이까지만 들어가시고 먼 바다 쪽으로는 나가지 말아 주세요. 파고가 2m를 넘거나 풍랑특보가 발효되면 입수를 삼가 주세요. 너울은 파도가 잔잔해 보여도 갑자기 밀려오니 갯바위와 방파제 위에는 올라가지 말아 주세요. 체감온도 33도가 넘는 날에는 한낮 물놀이를 피하고 그늘에서 자주 쉬어 주세요. 휠체어 이용자는 파도에 중심을 잃기 쉽고 스스로 빠져나오기 어려우니 반드시 동행자와 함께해 주세요.,Y,UNKNOWN,UNKNOWN,
ACC_P027,P027,FULL,UNKNOWN,UNKNOWN,UNKNOWN,FULL,FULL,FULL,FULL,Y,AVAILABLE,AVAILABLE,시설접근 기준 판정 — 활동참여 개별 근거 미확보,내부 보행로(장애인 객실 접근로)에 약 8도의 경사가 있습니다+장애인 객실 접근로에 약 8도의 경사가 있습니다+주출입구 접근로에서 출입구까지 단차없이 접근가능합니다,휠체어 접근 가능,경사로 있음+휠체어 대여 가능+유모차 대여 가능+장애인 주차장 있음+장애인 화장실 있음+엘리베이터 있음+장애인 객실 있음,,,,,,휠내비길(wheelnavi.kr) 음성안내 · 제주올레 오디오가이드(jejuolle.org) 코스별 음성해설,「탐나는수어」 앱 · 제주수어통역센터 여행수어 자료(jejudeaf.com),,IN_VENUE,이용 동선에서 이용 가능,차량+대중교통,,,,,,,,,,,,2023-12,,,,,,,UNKNOWN,UNKNOWN,,,,,제주관광약자접근성안내센터(이지제주) · 한국관광공사 열린관광 · ㈜휴플 현장조사,2026-06,2024~2026,access.visitkorea.or.kr,제주관광공사 「오감으로 즐기는 제주」(2023.12.22) · 한국관광공사 열린관광지 · 이지제주,"현재 무장애 정보는 이동(지체) 접근성 기준입니다. 시각·청각·발달 장애 정보는 확보 중이며, 열린관광 모두의여행(access.visitkorea.or.kr) 또는 이지제주(easyjeju.net)에서 확인하실 수 있습니다.",PARTIAL,"부분검증(2026-07) — 열린관광 레코드 확인, 항목 세부 미확보",,v3,ROUTE_SURVEY,경로 상태 조사: 휠체어 접근 가능,,,,Y,UNKNOWN,UNKNOWN,
ACC_P028,P028,PARTIAL,UNKNOWN,UNKNOWN,UNKNOWN,PARTIAL,PARTIAL,PARTIAL,FULL,Y,CONDITIONAL,CONDITIONAL,경사로·장애인 화장실 확보 / 활동참여 조건부 — 계단·자갈·판석 구간 혼재,"계단 혹은 경사 있음+내리막 산책길: 3-4도
바다로 내려가는 경사로: 접근성정보 있음
비포장길 시작: 모래자갈길
생활체육시설 / 비포장길 끝 / 판석길 시작: 판석길(잔디)
샤워장 / 정자: 경사로 있음 / 정자 2개
음수대: 24도. 급경사 주의
주차장 / 비포장 도로 시작: 비포장(돌길)
판석길 끝 / 인도시작: 판석길과 인도사이 턱 14cm
해수욕장 내려가는 길(인도 우측) / 내리막 경사: 8~12도 / 야자수 매트
해수욕장 산책로 시작: 노면:시멘트 판석길 / 좌:전시 우:테이블 쉼터
해수욕장 산책로(판석길) 끝 / 비포장길 시작: 접근성정보 있음
횡단보도: 접근성정보 있음",비포장+계단 있음+단차/턱 있음+노면 불량+자갈길+판석+백사장/모래길+휠체어 접근 가능,장애인 화장실 있음+점자책 있음+시각장애인 지원 가능,바다 방면에 경사로가 설치되어 있고 산책길 내리막은 완만함. 다만 계단·단차·자갈길·판석길·비포장 구간이 섞여 있음. 장애인 화장실 있음,"장애인 화장실이 있고 바다 쪽으로 내려가는 경사로가 마련되어 있습니다. 산책길 내리막은 완만한 편입니다. 다만 계단과 턱이 있는 구간이 있고 자갈길·판석길·비포장 구간이 섞여 있어, 경로에 따라 이동이 어려울 수 있습니다.","경로 조사 — 바다 방면 경사로 설치, 내리막 산책길 3~4도. 다만 계단·단차·노면 불량·자갈길·판석·비포장 구간 혼재. 장애인 화장실 확보",,,휠내비길(wheelnavi.kr) 음성안내 · 제주올레 오디오가이드(jejuolle.org) 코스별 음성해설,「탐나는수어」 앱 · 제주수어통역센터 여행수어 자료(jejudeaf.com),,IN_VENUE,이용 동선에서 이용 가능,차량+대중교통+도보,,,,,,,,,,,,2023-12,,,,,,,UNKNOWN,UNKNOWN,,,,,제주관광약자접근성안내센터(이지제주) · 한국관광공사 열린관광 · ㈜휴플 현장조사,2026-06,2024~2026,https://easyjeju.net,제주관광공사 「오감으로 즐기는 제주」(2023.12.22) · 한국관광공사 열린관광지 · 이지제주,"현재 무장애 정보는 이동(지체) 접근성 기준입니다. 시각·청각·발달 장애 정보는 확보 중이며, 열린관광 모두의여행(access.visitkorea.or.kr) 또는 이지제주(easyjeju.net)에서 확인하실 수 있습니다.",SURVEYED,,FIX80: 해양 유형 접근 제약 명문화 — routeCondition·slopeInfo 이관,v3,ROUTE_SURVEY,경로 상태 조사: 비포장+계단 있음+단차/턱 있음+노면 불량+자갈길+판석+백사장/모래길+휠체어 접근 가능,UNKNOWN,모래사장은 휠체어 바퀴가 빠져 이동이 어렵습니다. 진입로·데크 설치 여부가 확인되지 않았으니 방문 전 문의하시거나 해변용 휠체어 대여 가능 여부를 확인해 주세요,발이 닿는 깊이까지만 들어가시고 먼 바다 쪽으로는 나가지 말아 주세요. 파고가 2m를 넘거나 풍랑특보가 발효되면 입수를 삼가 주세요. 너울은 파도가 잔잔해 보여도 갑자기 밀려오니 갯바위와 방파제 위에는 올라가지 말아 주세요. 체감온도 33도가 넘는 날에는 한낮 물놀이를 피하고 그늘에서 자주 쉬어 주세요. 휠체어 이용자는 파도에 중심을 잃기 쉽고 스스로 빠져나오기 어려우니 반드시 동행자와 함께해 주세요.,Y,UNKNOWN,UNKNOWN,
ACC_P029,P029,PARTIAL,UNKNOWN,UNKNOWN,UNKNOWN,PARTIAL,FULL,FULL,FULL,N,CONDITIONAL,CONDITIONAL,시설접근 기준 판정 — 활동참여 개별 근거 미확보,접근로 바닥이 평평하여 경사 및 단차 없이 진입 가능합니다+경사 및 단차 없이 진입 가능합니다+외부관람로에 최대 9도 경사 있습니다,휠체어 접근 가능,휠체어 대여 가능+유모차 대여 가능+장애인 주차장 있음+장애인 화장실 있음,외부 관람로에 가파른 경사 구간이 있어 일부 구간에서 도움이 필요함,,외부 관람로 최대 9도 경사 — 일부 구간 도움 필요,,,휠내비길(wheelnavi.kr) 음성안내 · 제주올레 오디오가이드(jejuolle.org) 코스별 음성해설,「탐나는수어」 앱 · 제주수어통역센터 여행수어 자료(jejudeaf.com),,IN_VENUE,이용 동선에서 이용 가능,차량+도보,,,,,,,,,,,,2023-12,,,,,,,UNKNOWN,UNKNOWN,,,,,제주관광약자접근성안내센터(이지제주) · 한국관광공사 열린관광 · ㈜휴플 현장조사,2026-06,2024~2026,https://easyjeju.net,제주관광공사 「오감으로 즐기는 제주」(2023.12.22) · 한국관광공사 열린관광지 · 이지제주,"현재 무장애 정보는 이동(지체) 접근성 기준입니다. 시각·청각·발달 장애 정보는 확보 중이며, 열린관광 모두의여행(access.visitkorea.or.kr) 또는 이지제주(easyjeju.net)에서 확인하실 수 있습니다.",VERIFIED,검증완료(2026-07),FIX14: POPULAR FULL 외부·서술 검증 하향,v3,ROUTE_SURVEY,경로 상태 조사: 휠체어 접근 가능,,,,Y,UNKNOWN,UNKNOWN,
ACC_P030,P030,PARTIAL,UNKNOWN,UNKNOWN,UNKNOWN,PARTIAL,PARTIAL,PARTIAL,UNKNOWN,N,CONDITIONAL,CONDITIONAL,동행 도움이 있으면 일부 이동 가능 / 단독 이용은 제한,경사 있음,휠체어 접근 가능+동행보조 필요,UNKNOWN,"조사문에 '휠체어 접근 가능, 동행보조 필요' 명시. 편의시설은 미확인","금오름은 동행하시는 분의 도움이 있으면 일부 구간을 휠체어로 이동하실 수 있습니다. 다만 혼자서는 어렵고, 주차장이나 장애인 화장실 같은 편의시설은 확인되지 않았습니다. 방문 전에 확인해 주시기 바랍니다.","조사문에 '휠체어 접근 가능, 동행보조 필요' 명시. 편의시설은 미확인",,,휠내비길(wheelnavi.kr) 음성안내 · 제주올레 오디오가이드(jejuolle.org) 코스별 음성해설,「탐나는수어」 앱 · 제주수어통역센터 여행수어 자료(jejudeaf.com),,,,차량+도보,,,,,,,,,,,,2023-12,,,,,,,UNKNOWN,UNKNOWN,,,,,제주관광약자접근성안내센터(이지제주) · 한국관광공사 열린관광 · ㈜휴플 현장조사,2026-06,2024~2026,https://easyjeju.net,제주관광공사 「오감으로 즐기는 제주」(2023.12.22) · 한국관광공사 열린관광지 · 이지제주,"현재 무장애 정보는 이동(지체) 접근성 기준입니다. 시각·청각·발달 장애 정보는 확보 중이며, 열린관광 모두의여행(access.visitkorea.or.kr) 또는 이지제주(easyjeju.net)에서 확인하실 수 있습니다.",SURVEYED,[FIX89] 산·오름 사유 이관 — 조사 기록은 routeCondition·barrierFreeDetail 참조,,v3,ROUTE_SURVEY,경로 상태 조사: 휠체어 접근 가능+동행보조 필요,,,,Y,UNKNOWN,UNKNOWN,
ACC_P031,P031,PARTIAL,UNKNOWN,UNKNOWN,UNKNOWN,PARTIAL,FULL,FULL,FULL,Y,CONDITIONAL,CONDITIONAL,시설접근 기준 판정 — 활동참여 개별 근거 미확보,,휠체어 접근 가능,휠체어 대여 가능+유모차 대여 가능+장애인 주차장 있음+장애인 화장실 있음+수유실/영유아 돌봄 가능+엘리베이터 있음,전통시장 — 노점·가판대·적재물로 실제 통로 폭이 조사값보다 좁아짐. 장날 통행 곤란,,,,,휠내비길(wheelnavi.kr) 음성안내 · 제주올레 오디오가이드(jejuolle.org) 코스별 음성해설,「탐나는수어」 앱 · 제주수어통역센터 여행수어 자료(jejudeaf.com),,IN_VENUE,이용 동선에서 이용 가능,차량+대중교통,,,,,,,,,,,,2023-12,MARKET_STALL,노점·가판대·적재물로 실제 통로 폭이 조사값보다 좁아질 수 있음. 장날·성수기 통행 곤란,,,,,UNKNOWN,UNKNOWN,,,,,제주관광약자접근성안내센터(이지제주) · 한국관광공사 열린관광 · ㈜휴플 현장조사,2026-06,2024~2026,https://easyjeju.net,제주관광공사 「오감으로 즐기는 제주」(2023.12.22) · 한국관광공사 열린관광지 · 이지제주,"현재 무장애 정보는 이동(지체) 접근성 기준입니다. 시각·청각·발달 장애 정보는 확보 중이며, 열린관광 모두의여행(access.visitkorea.or.kr) 또는 이지제주(easyjeju.net)에서 확인하실 수 있습니다.",VERIFIED,검증완료(2026-07) — 시장 특성 반영,FIX21: 시장 동적장애물 반영 FULL→PARTIAL,v3,FACILITY_SURVEY,편의시설 조사: 휠체어 대여 가능+유모차 대여 가능+장애인 주차장 있음+장애인 화장실 있음+수유실/영유아 돌봄 가능+엘리베이터 있음,,,,Y,UNKNOWN,UNKNOWN,
ACC_P032,P032,FULL,UNKNOWN,UNKNOWN,UNKNOWN,FULL,FULL,FULL,FULL,Y,AVAILABLE,AVAILABLE,시설접근 기준 판정 — 활동참여 개별 근거 미확보,경사로 있음,휠체어 접근 가능,경사로 있음+장애인 주차장 있음+장애인 화장실 있음+엘리베이터 있음,,스위트 엑세서블 객실이 운영됩니다. 예약할 때 해당 객실의 이용 가능 여부를 확인해 주세요.,,,,휠내비길(wheelnavi.kr) 음성안내 · 제주올레 오디오가이드(jejuolle.org) 코스별 음성해설,「탐나는수어」 앱 · 제주수어통역센터 여행수어 자료(jejudeaf.com),,IN_VENUE,이용 동선에서 이용 가능,차량+대중교통,,,,,,,,,,,,2023-12,,,,,,,UNKNOWN,UNKNOWN,,,미확인 — 이지제주(숙박>호텔) 또는 열린관광 숙박 상세에서 확인 필요,,제주관광약자접근성안내센터(이지제주) · 한국관광공사 열린관광 · ㈜휴플 현장조사,2026-06,2024~2026,https://www.sonohotelsresorts.com/belle_jj/roomsviewall/detail/RM00073267,제주관광공사 「오감으로 즐기는 제주」(2023.12.22) · 한국관광공사 열린관광지 · 이지제주,"현재 무장애 정보는 이동(지체) 접근성 기준입니다. 시각·청각·발달 장애 정보는 확보 중이며, 열린관광 모두의여행(access.visitkorea.or.kr) 또는 이지제주(easyjeju.net)에서 확인하실 수 있습니다.",PENDING,"검증대기(2026-07) — 법정 의무시설 추정, 원문 미대조",,v3,LEGAL_PRESUMPTION,,,,,Y,UNKNOWN,UNKNOWN,
ACC_P033,P033,FULL,UNKNOWN,UNKNOWN,UNKNOWN,FULL,FULL,FULL,FULL,Y,AVAILABLE,CONDITIONAL,로비·식당·화장실 접근 가능 / 숙박은 장애인 객실 3실에 한정 — 만실 시 이용 불가,경사로 있음,휠체어 접근 가능,장애인 객실 3실(출입문 유효폭 90cm·내부 단차 없음·침대 44cm·대변기 수평수직손잡이)+로비 장애인화장실 남녀 각각(자동문)+장애인 주차 7면(바닥표시·입식표지판)+주출입구 단차 없음(자동문)+승강기 활동공간 충분,,장애인 객실이 3실 있습니다. 객실 수가 제한되어 있으니 예약 전에 이용 가능 여부를 확인해 주세요.,,,,휠내비길(wheelnavi.kr) 음성안내 · 제주올레 오디오가이드(jejuolle.org) 코스별 음성해설,「탐나는수어」 앱 · 제주수어통역센터 여행수어 자료(jejudeaf.com),,IN_VENUE,이용 동선에서 이용 가능,차량+대중교통,,,,,,,,,,,,2023-12,,,,,,,UNKNOWN,UNKNOWN,,3,전체 513실 중 장애인 객실 3실(0.6%). 일반객실은 현관 단차 약 11cm로 휠체어 진입 불가 — 장애인 객실 예약 필수,,이지제주(제주관광약자접근성안내센터) 원문(2022-07-13),2022-07-13,,https://easyjeju.net/pages.php?folders=accommodation&no=1303&p=tourist,제주관광공사 「오감으로 즐기는 제주」(2023.12.22) · 한국관광공사 열린관광지 · 이지제주,"현재 무장애 정보는 이동(지체) 접근성 기준입니다. 시각·청각·발달 장애 정보는 확보 중이며, 열린관광 모두의여행(access.visitkorea.or.kr) 또는 이지제주(easyjeju.net)에서 확인하실 수 있습니다.",VERIFIED,검증완료(2026-07) — 이지제주·열린관광 교차 대조,,v3,ROUTE_SURVEY,경로 상태 조사: 휠체어 접근 가능,,,,Y,UNKNOWN,UNKNOWN,
ACC_P034,P034,FULL,UNKNOWN,UNKNOWN,UNKNOWN,FULL,FULL,FULL,FULL,Y,AVAILABLE,AVAILABLE,시설접근 기준 판정 — 활동참여 개별 근거 미확보,경사로 있음,휠체어 접근 가능,경사로 있음+휠체어 대여 가능+유모차 대여 가능+장애인 주차장 있음+장애인 화장실 있음+수유실/영유아 돌봄 가능+엘리베이터 있음+장애인 객실 있음,,"장애인 객실이 본관 1실, 신관 2실 있습니다. 예약 전에 이용 가능 여부를 확인해 주세요.",,,,휠내비길(wheelnavi.kr) 음성안내 · 제주올레 오디오가이드(jejuolle.org) 코스별 음성해설,「탐나는수어」 앱 · 제주수어통역센터 여행수어 자료(jejudeaf.com),,IN_VENUE,이용 동선에서 이용 가능,차량+대중교통,,,,,,,,,,,,2023-12,,,,,,,UNKNOWN,UNKNOWN,,,미확인 — 이지제주(숙박>호텔) 또는 열린관광 숙박 상세에서 확인 필요,,제주관광약자접근성안내센터(이지제주) · 한국관광공사 열린관광 · ㈜휴플 현장조사,2026-06,2024~2026,https://access.visitkorea.or.kr/acm/detail.do?cotId=b26a4596-08f5-4bc1-8783-f467f1d82731,제주관광공사 「오감으로 즐기는 제주」(2023.12.22) · 한국관광공사 열린관광지 · 이지제주,"현재 무장애 정보는 이동(지체) 접근성 기준입니다. 시각·청각·발달 장애 정보는 확보 중이며, 열린관광 모두의여행(access.visitkorea.or.kr) 또는 이지제주(easyjeju.net)에서 확인하실 수 있습니다.",PENDING,"검증대기(2026-07) — 법정 의무시설 추정, 원문 미대조",,v3,LEGAL_PRESUMPTION,,,,,Y,UNKNOWN,UNKNOWN,
ACC_P035,P035,PARTIAL,UNKNOWN,PARTIAL,UNKNOWN,PARTIAL,PARTIAL,PARTIAL,FULL,N,CONDITIONAL,CONDITIONAL,시설접근 기준 판정 — 활동참여 개별 근거 미확보,,포장도로+계단 있음+단차/턱 있음+노면 불량+휠체어 접근 가능,장애인 화장실 있음,,공영주차장에서 공원으로 건너가실 때 차량 통행에 주의해 주세요.,싱계물공원 다리 데크길로 휠체어 진입 원활. 맞은편 공영주차장 횡단 시 차량 주의(오감 p.17),,청각장애인 추천 — 풍력발전기·노을 등 시각 중심 경관(오감 p.10 해안 추천),휠내비길(wheelnavi.kr) 음성안내 · 제주올레 오디오가이드(jejuolle.org) 코스별 음성해설,「탐나는수어」 앱 · 제주수어통역센터 여행수어 자료(jejudeaf.com),,IN_VENUE,이용 동선에서 이용 가능,차량+도보,,,,,,,,,,,,2023-12,,,,,,,UNKNOWN,UNKNOWN,,,,,제주관광약자접근성안내센터(이지제주) · 한국관광공사 열린관광 · ㈜휴플 현장조사,2026-06,2024~2026,https://easyjeju.net,제주관광공사 「오감으로 즐기는 제주」(2023.12.22) · 한국관광공사 열린관광지 · 이지제주,"현재 무장애 정보는 이동(지체) 접근성 기준입니다. 시각·청각·발달 장애 정보는 확보 중이며, 열린관광 모두의여행(access.visitkorea.or.kr) 또는 이지제주(easyjeju.net)에서 확인하실 수 있습니다.",SURVEYED,,,v3,ROUTE_SURVEY,경로 상태 조사: 포장도로+계단 있음+단차/턱 있음+노면 불량+휠체어 접근 가능,,,,Y,UNKNOWN,Y,
ACC_P036,P036,PARTIAL,UNKNOWN,UNKNOWN,UNKNOWN,PARTIAL,PARTIAL,PARTIAL,FULL,Y,CONDITIONAL,CONDITIONAL,"해변 주변 접근 가능 / 활동참여 조건부 — 단차 구간, 백사장 진입 제약",경사로 있음,단차/턱 있음+백사장/모래길+휠체어 접근 가능,장애인 주차장 있음+장애인 화장실 있음,"경사로 설치되어 있으나 단차·턱 존재, 백사장 모래길. 장애인 화장실 확보. 백사장 진입로·데크 설치 여부 미확인",장애인 화장실이 있고 경사로가 설치되어 있어 해변 주변까지는 휠체어로 가실 수 있습니다. 다만 턱이 있는 구간이 있고 백사장은 모래라 바퀴가 빠져 이동이 어렵습니다. 백사장 진입로나 데크가 있는지는 확인되지 않았습니다.,,,,휠내비길(wheelnavi.kr) 음성안내 · 제주올레 오디오가이드(jejuolle.org) 코스별 음성해설,「탐나는수어」 앱 · 제주수어통역센터 여행수어 자료(jejudeaf.com),,IN_VENUE,이용 동선에서 이용 가능,차량+대중교통+도보,,,,,,,,,,,,2023-12,,,,,,,UNKNOWN,UNKNOWN,,,,,제주관광약자접근성안내센터(이지제주) · 한국관광공사 열린관광 · ㈜휴플 현장조사,2026-06,2024~2026,https://easyjeju.net,제주관광공사 「오감으로 즐기는 제주」(2023.12.22) · 한국관광공사 열린관광지 · 이지제주,"현재 무장애 정보는 이동(지체) 접근성 기준입니다. 시각·청각·발달 장애 정보는 확보 중이며, 열린관광 모두의여행(access.visitkorea.or.kr) 또는 이지제주(easyjeju.net)에서 확인하실 수 있습니다.",SURVEYED,,FIX80: 해양 유형 접근 제약 명문화 — routeCondition·slopeInfo 이관,v3,ROUTE_SURVEY,경로 상태 조사: 단차/턱 있음+백사장/모래길+휠체어 접근 가능,UNKNOWN,모래사장은 휠체어 바퀴가 빠져 이동이 어렵습니다. 진입로·데크 설치 여부가 확인되지 않았으니 방문 전 문의하시거나 해변용 휠체어 대여 가능 여부를 확인해 주세요,발이 닿는 깊이까지만 들어가시고 먼 바다 쪽으로는 나가지 말아 주세요. 파고가 2m를 넘거나 풍랑특보가 발효되면 입수를 삼가 주세요. 너울은 파도가 잔잔해 보여도 갑자기 밀려오니 갯바위와 방파제 위에는 올라가지 말아 주세요. 체감온도 33도가 넘는 날에는 한낮 물놀이를 피하고 그늘에서 자주 쉬어 주세요. 휠체어 이용자는 파도에 중심을 잃기 쉽고 스스로 빠져나오기 어려우니 반드시 동행자와 함께해 주세요.,Y,UNKNOWN,UNKNOWN,
ACC_P037,P037,NONE,UNKNOWN,PARTIAL,UNKNOWN,NONE,NONE,NONE,FULL,Y,UNAVAILABLE,UNAVAILABLE,시설접근 기준 판정 — 활동참여 개별 근거 미확보,"경사로: 경사로 / 3도~8도+매표소: 매표소 앞 경사로 8도 2m+오르막 종료, 내리막 시작: 오르막 종료, 내리막 시작 / 10도 39m",계단 있음+일부 구간 접근 제한,장애인 화장실 있음,,폭포 가까이 내려가는 길에 계단이 있어 휠체어로는 핵심 관람 구간까지 이동하기 어렵습니다.,폭포 가까이 내려가는 핵심 관람 구간에 계단과 급경사가 있어 휠체어로 접근하기 어려움.,,탐나는수어 앱 수어해설 21곳(12.정방폭포). 현장 QR·AR 수어영상,휠내비길(wheelnavi.kr) 음성안내 · 제주올레 오디오가이드(jejuolle.org) 코스별 음성해설,「탐나는수어」 앱(제주수어통역센터) + 현장 QR,,ENTRANCE_ONLY,장애인 화장실은 입구·주차장 등 부대시설에 위치. 이용 동선에는 없음,차량+대중교통+도보,,,,,,,,,,,,2023-12,,,,,,,UNKNOWN,UNKNOWN,,,,,제주관광약자접근성안내센터(이지제주) · 한국관광공사 열린관광 · ㈜휴플 현장조사,2026-06,2024~2026,https://access.visitkorea.or.kr/ms/detail.do?cotId=342fbe58-b003-4b39-9212-f1a5617f9d4c,제주관광공사 「오감으로 즐기는 제주」(2023.12.22) · 한국관광공사 열린관광지 · 이지제주,"현재 무장애 정보는 이동(지체) 접근성 기준입니다. 시각·청각·발달 장애 정보는 확보 중이며, 열린관광 모두의여행(access.visitkorea.or.kr) 또는 이지제주(easyjeju.net)에서 확인하실 수 있습니다.",SURVEYED,,,v3,ROUTE_SURVEY,경로 상태 조사: 계단 있음+일부 구간 접근 제한,,,,N,UNKNOWN,UNKNOWN,시각·청각 접근성 정보가 확인되지 않았습니다
ACC_P038,P038,PARTIAL,UNKNOWN,UNKNOWN,UNKNOWN,PARTIAL,PARTIAL,PARTIAL,FULL,Y,CONDITIONAL,CONDITIONAL,주차장·화장실 등 진입부는 이용 가능 / 일부 구간 접근 제한,경사 있음,계단 있음+일부 구간 접근 제한,장애인 주차장 있음+장애인 화장실 있음,장애인 주차구역·장애인 화장실 확보. 계단 구간이 있어 일부 구간 접근 제한,산방산은 주차장에 장애인 주차구역과 장애인 화장실이 있습니다. 산방굴사로 오르는 길에는 계단이 있어 그 구간은 휠체어로 이동하시기 어렵습니다. 산 아래 주차장과 주변 시설까지는 이용하실 수 있습니다.,,,,휠내비길(wheelnavi.kr) 음성안내 · 제주올레 오디오가이드(jejuolle.org) 코스별 음성해설,「탐나는수어」 앱 · 제주수어통역센터 여행수어 자료(jejudeaf.com),,IN_VENUE,이용 동선에서 이용 가능,차량+대중교통+도보,,,,,,,,,,,,2023-12,,,,,,,UNKNOWN,UNKNOWN,,,,,제주관광약자접근성안내센터(이지제주) · 한국관광공사 열린관광 · ㈜휴플 현장조사,2026-06,2024~2026,https://easyjeju.net,제주관광공사 「오감으로 즐기는 제주」(2023.12.22) · 한국관광공사 열린관광지 · 이지제주,"현재 무장애 정보는 이동(지체) 접근성 기준입니다. 시각·청각·발달 장애 정보는 확보 중이며, 열린관광 모두의여행(access.visitkorea.or.kr) 또는 이지제주(easyjeju.net)에서 확인하실 수 있습니다.",SURVEYED,[FIX89] 산·오름 사유 이관 — 조사 기록은 routeCondition·barrierFreeDetail 참조,,v3,ROUTE_SURVEY,경로 상태 조사: 계단 있음+일부 구간 접근 제한,,,,Y,UNKNOWN,UNKNOWN,
ACC_P039,P039,FULL,UNKNOWN,UNKNOWN,UNKNOWN,FULL,FULL,FULL,FULL,N,AVAILABLE,AVAILABLE,시설접근 기준 판정 — 활동참여 개별 근거 미확보,,휠체어 접근 가능,휠체어 대여 가능+유모차 대여 가능+장애인 주차장 있음+장애인 화장실 있음+엘리베이터 있음+장애인 객실 있음,,객실 출입구와 욕실의 접근성 정보는 있으나 장애인 전용 객실 보유 여부는 최신 자료에서 확인하지 못했습니다. 예약 전에 숙소에 문의해 주세요.,,,,휠내비길(wheelnavi.kr) 음성안내 · 제주올레 오디오가이드(jejuolle.org) 코스별 음성해설,「탐나는수어」 앱 · 제주수어통역센터 여행수어 자료(jejudeaf.com),,IN_VENUE,이용 동선에서 이용 가능,차량,,,,,,,,,,,,2023-12,,,,,,,UNKNOWN,UNKNOWN,,,미확인 — 이지제주(숙박>호텔) 또는 열린관광 숙박 상세에서 확인 필요,,제주관광약자접근성안내센터(이지제주) · 한국관광공사 열린관광 · ㈜휴플 현장조사,2026-06,2024~2026,https://access.visitkorea.or.kr/cos/detail.do?cotId=f9bdb3d6-9efd-4136-a3d5-8bc3fed11cde,제주관광공사 「오감으로 즐기는 제주」(2023.12.22) · 한국관광공사 열린관광지 · 이지제주,"현재 무장애 정보는 이동(지체) 접근성 기준입니다. 시각·청각·발달 장애 정보는 확보 중이며, 열린관광 모두의여행(access.visitkorea.or.kr) 또는 이지제주(easyjeju.net)에서 확인하실 수 있습니다.",PENDING,"검증대기(2026-07) — 법정 의무시설 추정, 원문 미대조",,v3,LEGAL_PRESUMPTION,,,,,Y,UNKNOWN,UNKNOWN,
ACC_P040,P040,FULL,UNKNOWN,UNKNOWN,UNKNOWN,FULL,FULL,FULL,FULL,Y,AVAILABLE,CONDITIONAL,"시설접근 가능 / 활동참여 조건부 — 단지 내 시설별 접근성 편차. 테마파크 구역만 확인, 그 외 시설은 개별 확인 필요",경사로 있음,휠체어 접근 가능,경사로 있음+휠체어 대여 가능+유모차 대여 가능+장애인 주차장 있음+장애인 화장실 있음+수유실/영유아 돌봄 가능+엘리베이터 있음+장애인 객실 있음,복합 리조트 단지 — 단지 내 시설별 접근성이 서로 다름. 신화테마파크 구역은 평지·턱 없음 확인. 워터파크·쇼핑·숙박 구역은 개별 확인 필요,"단지 내 시설별로 접근성이 다릅니다. 신화테마파크 구역은 평지·턱 없음이 확인되었으나, 워터파크·쇼핑·숙박 등 그 외 시설은 개별 확인이 필요합니다.",,,,휠내비길(wheelnavi.kr) 음성안내 · 제주올레 오디오가이드(jejuolle.org) 코스별 음성해설,「탐나는수어」 앱 · 제주수어통역센터 여행수어 자료(jejudeaf.com),,IN_VENUE,이용 동선에서 이용 가능,차량+대중교통,,,,,,,,,,,,2023-12,,,,,,,UNKNOWN,UNKNOWN,,,,,제주관광약자접근성안내센터(이지제주) · 한국관광공사 열린관광 · ㈜휴플 현장조사,2026-06,2024~2026,https://easyjeju.net,제주관광공사 「오감으로 즐기는 제주」(2023.12.22) · 한국관광공사 열린관광지 · 이지제주,"현재 무장애 정보는 이동(지체) 접근성 기준입니다. 시각·청각·발달 장애 정보는 확보 중이며, 열린관광 모두의여행(access.visitkorea.or.kr) 또는 이지제주(easyjeju.net)에서 확인하실 수 있습니다.",PARTIAL,부분검증(2026-07) — 단지 내 시설별 편차 / [FIX73] 활동참여 축 조건부 전환. 테마파크 외 시설은 미조사 ※ [FIX83] 복합 단지 판정 원칙 — 단지 전체를 한 등급으로 묶지 않고 구역별로 안내 (FIX73),"FIX73: activityAccess AVAILABLE→CONDITIONAL, 단지 내 시설별 편차 안내 명문화 | FIX83: 이용자 사유 필드에서 내부 표기 제거",v3,ROUTE_SURVEY,경로 상태 조사: 휠체어 접근 가능,,,,Y,UNKNOWN,UNKNOWN,
ACC_P041,P041,FULL,UNKNOWN,UNKNOWN,UNKNOWN,FULL,FULL,FULL,FULL,N,AVAILABLE,AVAILABLE,시설접근 기준 판정 — 활동참여 개별 근거 미확보,경사 있음,휠체어 접근 가능,유모차 대여 가능+장애인 주차장 있음+장애인 화장실 있음+수유실/영유아 돌봄 가능+영유아 보호의자 있음,실내 주요 관람로는 평탄하고 주출입구에 턱이 없어 휠체어 접근이 가능함. 장애인 주차구역·장애인 화장실과 휠체어 대여가 확인됨. STAR 전시공간은 유리 바닥이라 안전상 휠체어 출입이 제한됨,"출입구에 경사가 있지만 휠체어로 접근할 수 있고, 주출입구에는 턱이 없습니다. 장애인 화장실과 휠체어 대여도 제공됩니다.","[FULL 유지] 전체 평탄한 실내 관람로 · 휠체어 관람 편리(제주도 무장애여행). 단 STAR 전시공간은 유리바닥으로 안전상 출입 제한, 매표소 테이블 하부공간 없어 발권 시 불편",,,휠내비길(wheelnavi.kr) 음성안내 · 제주올레 오디오가이드(jejuolle.org) 코스별 음성해설,「탐나는수어」 앱 · 제주수어통역센터 여행수어 자료(jejudeaf.com),,IN_VENUE,이용 동선에서 이용 가능,차량,,,PARTIAL,테이블 하부공간 없음 — 발권 시 불편,,,,,,,,2023-12,,,,,,,UNKNOWN,UNKNOWN,,,,,제주관광약자접근성안내센터(이지제주) · 한국관광공사 열린관광 · ㈜휴플 현장조사,2026-06,2024~2026,https://easyjeju.net,제주관광공사 「오감으로 즐기는 제주」(2023.12.22) · 한국관광공사 열린관광지 · 이지제주,"현재 무장애 정보는 이동(지체) 접근성 기준입니다. 시각·청각·발달 장애 정보는 확보 중이며, 열린관광 모두의여행(access.visitkorea.or.kr) 또는 이지제주(easyjeju.net)에서 확인하실 수 있습니다.",VERIFIED,검증완료(2026-07),,v3,ROUTE_SURVEY,경로 상태 조사: 휠체어 접근 가능,,,,Y,UNKNOWN,UNKNOWN,
ACC_P042,P042,PARTIAL,UNKNOWN,UNKNOWN,UNKNOWN,PARTIAL,PARTIAL,PARTIAL,FULL,Y,CONDITIONAL,CONDITIONAL,시설접근 기준 판정 — 활동참여 개별 근거 미확보,외부 관람로 최대 10도 경사 및 단차 구간 있습니다+내부 관람로 최대 6도 경사 있습니다+주 출입구 4도 경사 있습니다,야외구간 동행보조 필요+휠체어 접근 가능,경사로 있음+휠체어 대여 가능+유모차 대여 가능+장애인 주차장 있음+장애인 화장실 있음+수유실/영유아 돌봄 가능+엘리베이터 있음,실내 전시는 휠체어 이용이 가능하지만 야외 정원 일부에 가파른 경사와 단차가 있어 이동 보조가 필요할 수 있음.,"실내 전시는 휠체어로 이용할 수 있지만, 야외 정원에는 경사가 가파르거나 단차가 있는 구간이 있습니다. 야외 관람 시 동행자의 도움이 필요할 수 있습니다.",,,,휠내비길(wheelnavi.kr) 음성안내 · 제주올레 오디오가이드(jejuolle.org) 코스별 음성해설,「탐나는수어」 앱 · 제주수어통역센터 여행수어 자료(jejudeaf.com),,IN_VENUE,이용 동선에서 이용 가능,차량+대중교통+도보,,,,,,,,,,,,2023-12,,,,,,,UNKNOWN,UNKNOWN,,,,,제주관광약자접근성안내센터(이지제주) · 한국관광공사 열린관광 · ㈜휴플 현장조사,2026-06,2024~2026,https://access.visitkorea.or.kr/ms/detail.do?cotId=1396d8fe-2f2e-40cf-8d7d-ac8f90c552c9,제주관광공사 「오감으로 즐기는 제주」(2023.12.22) · 한국관광공사 열린관광지 · 이지제주,"현재 무장애 정보는 이동(지체) 접근성 기준입니다. 시각·청각·발달 장애 정보는 확보 중이며, 열린관광 모두의여행(access.visitkorea.or.kr) 또는 이지제주(easyjeju.net)에서 확인하실 수 있습니다.",SURVEYED,,,v3,ROUTE_SURVEY,경로 상태 조사: 야외구간 동행보조 필요+휠체어 접근 가능,,,,Y,UNKNOWN,UNKNOWN,
ACC_P043,P043,PARTIAL,UNKNOWN,UNKNOWN,UNKNOWN,PARTIAL,PARTIAL,PARTIAL,FULL,N,CONDITIONAL,CONDITIONAL,시설접근 조건부 / 활동참여 조건부 — 실내 시설과 장애인화장실은 이용 가능하나 레이스981은 운전 조건(양손·오른발) 충족 또는 2인승 동반 탑승 필요,,실내시설 중심+일부 체험 접근 제한,장애인 화장실 있음+수유실/영유아 돌봄 가능,시설 이용과 레이스 탑승을 분리 판정 — 시설 접근은 가능하나 레이스는 운영사 안전 규정상 참여 조건이 따로 있음,시설 출입은 가능하지만 레이스 등 일부 체험은 신체 조건에 따라 이용 기준이 다릅니다. 휠체어를 이용한다면 출발 전 체험별 이용 가능 여부를 확인해 주세요.,,,,휠내비길(wheelnavi.kr) 음성안내 · 제주올레 오디오가이드(jejuolle.org) 코스별 음성해설,「탐나는수어」 앱 · 제주수어통역센터 여행수어 자료(jejudeaf.com),"모두를 위한 액티비티 수록: 무동력 그래비티 레이싱, 실내 게임존·범퍼카 등 실내 대안 병설(오감 p.27) / 981파크 공식 이용규정 — 운전 시 양손 정상 사용·제동을 위한 오른발 자유 필요. 단독 주행 곤란 시 2인승 GR-D 뒷좌석 동반 탑승만 가능. 실외 액티비티 기상에 따라 중단 가능",IN_VENUE,이용 동선에서 이용 가능,차량,,,,,,,,,,,,2023-12,,,,,,,UNKNOWN,UNKNOWN,,,,,제주관광약자접근성안내센터(이지제주) · 한국관광공사 열린관광 · ㈜휴플 현장조사,2026-06,2024~2026,https://easyjeju.net,제주관광공사 「오감으로 즐기는 제주」(2023.12.22) · 한국관광공사 열린관광지 · 이지제주,"현재 무장애 정보는 이동(지체) 접근성 기준입니다. 시각·청각·발달 장애 정보는 확보 중이며, 열린관광 모두의여행(access.visitkorea.or.kr) 또는 이지제주(easyjeju.net)에서 확인하실 수 있습니다.",PARTIAL,"981park.com 공식 이용규정·티켓 안내로 확인(2026-08). 운전 조건과 2인승 동반 탑승 규정 명시. ※ 휠체어에서 차량으로의 이승 가능 여부, 전동휠체어 보관 공간은 미확인 — 예약 전 유선 확인 필요 ※ [FIX83] 운영사 공식 규정 기준으로 활동참여 축 분리 (FIX72)","FIX72: 운영사 공식 규정 반영, 시설접근/활동참여 분리 안내 | FIX83: 이용자 사유 필드에서 내부 표기 제거",v3,FACILITY_SURVEY,편의시설 조사: 장애인 화장실 있음+수유실/영유아 돌봄 가능,,,,Y,UNKNOWN,UNKNOWN,
ACC_P044,P044,FULL,UNKNOWN,UNKNOWN,UNKNOWN,FULL,FULL,FULL,FULL,Y,AVAILABLE,AVAILABLE,시설접근 기준 판정 — 활동참여 개별 근거 미확보,경사로 있음,휠체어 접근 가능,경사로 있음+유모차 대여 가능+장애인 주차장 있음+장애인 화장실 있음+엘리베이터 있음+장애인 객실 있음,,장애인 객실이 2실 있습니다. 예약 전에 이용 가능 여부를 확인해 주세요.,,,,휠내비길(wheelnavi.kr) 음성안내 · 제주올레 오디오가이드(jejuolle.org) 코스별 음성해설,「탐나는수어」 앱 · 제주수어통역센터 여행수어 자료(jejudeaf.com),,IN_VENUE,이용 동선에서 이용 가능,차량+대중교통,,,,,,,,,,,,2023-12,,,,,,,UNKNOWN,UNKNOWN,,,미확인 — 이지제주(숙박>호텔) 또는 열린관광 숙박 상세에서 확인 필요,,제주관광약자접근성안내센터(이지제주) · 한국관광공사 열린관광 · ㈜휴플 현장조사,2026-06,2024~2026,https://access.visitkorea.or.kr/acm/detail.do?cotId=6f6e0350-5b76-42d6-af13-5c12c4dc7e1c,제주관광공사 「오감으로 즐기는 제주」(2023.12.22) · 한국관광공사 열린관광지 · 이지제주,"현재 무장애 정보는 이동(지체) 접근성 기준입니다. 시각·청각·발달 장애 정보는 확보 중이며, 열린관광 모두의여행(access.visitkorea.or.kr) 또는 이지제주(easyjeju.net)에서 확인하실 수 있습니다.",PENDING,"검증대기(2026-07) — 법정 의무시설 추정, 원문 미대조",,v3,LEGAL_PRESUMPTION,,,,,Y,UNKNOWN,UNKNOWN,
ACC_P045,P045,FULL,UNKNOWN,UNKNOWN,UNKNOWN,FULL,FULL,FULL,FULL,Y,AVAILABLE,CONDITIONAL,시설접근 기준 판정 / 활동참여 조건부 — 무장애 상세 조사 자료 미확인,경사로 있음,포장도로+휠체어 접근 가능,경사로 있음+장애인 주차장 있음+장애인 화장실 있음+수유실/영유아 돌봄 가능,무장애 상세 조사 자료 미확인 — 방문 전 확인 권장,무장애 상세 조사 자료가 확인되지 않았습니다. 방문 전 시설에 문의해 주세요.,,,,휠내비길(wheelnavi.kr) 음성안내 · 제주올레 오디오가이드(jejuolle.org) 코스별 음성해설,「탐나는수어」 앱 · 제주수어통역센터 여행수어 자료(jejudeaf.com),,IN_VENUE,이용 동선에서 이용 가능,차량+대중교통+도보,,,,,,,,,,,,2023-12,,,,,,,UNKNOWN,UNKNOWN,,,,,제주관광약자접근성안내센터(이지제주) · 한국관광공사 열린관광 · ㈜휴플 현장조사,2026-06,2024~2026,https://easyjeju.net,제주관광공사 「오감으로 즐기는 제주」(2023.12.22) · 한국관광공사 열린관광지 · 이지제주,"현재 무장애 정보는 이동(지체) 접근성 기준입니다. 시각·청각·발달 장애 정보는 확보 중이며, 열린관광 모두의여행(access.visitkorea.or.kr) 또는 이지제주(easyjeju.net)에서 확인하실 수 있습니다.",SURVEYED,검증시도(2026-07) — 자료 미확보,FIX75: 활동참여 조건부 전환 — 상세 조사 미확인 반영,v3,ROUTE_SURVEY,경로 상태 조사: 포장도로+휠체어 접근 가능,,,,Y,UNKNOWN,UNKNOWN,
ACC_P046,P046,PARTIAL,PARTIAL,UNKNOWN,UNKNOWN,PARTIAL,PARTIAL,PARTIAL,FULL,Y,CONDITIONAL,CONDITIONAL,시설접근 기준 판정 — 활동참여 개별 근거 미확보,장애인화장실이 설치되어 있으며 주 출입구에 경사로가 설치되어 있습니다+주 출입구 접근로 경사(약 6.5도) 있습니다+용두암 주 출입구 및 용두암을 내려가는 곳이 계단으로 되어 있습니다,포장도로+계단 있음+휠체어 접근 가능,장애인 주차장 있음+장애인 화장실 있음,상부 보행로와 주출입구는 휠체어 접근이 가능하지만 용두암 가까이 내려가는 구간에는 계단이 있음.,"상부 보행로에서는 관람할 수 있지만, 용두암 가까이 내려가는 구간에는 계단이 있습니다. 휠체어를 이용하신다면 계단이 없는 관람 구간을 이용해 주세요.",,,,휠내비길(wheelnavi.kr) 음성안내 · 제주올레 오디오가이드(jejuolle.org) 코스별 음성해설,「탐나는수어」 앱 · 제주수어통역센터 여행수어 자료(jejudeaf.com),,IN_VENUE,이용 동선에서 이용 가능,차량+대중교통+도보,,,,,,,,,,,,2023-12,,,,,,,UNKNOWN,UNKNOWN,,,,,제주관광약자접근성안내센터(이지제주) · 한국관광공사 열린관광 · ㈜휴플 현장조사,2026-06,2024~2026,https://access.visitkorea.or.kr/ms/detail.do?cotId=180b1d63-a40b-4d0f-8fc3-5bd37dd70701 · https://www.data.go.kr/data/15101897/openapi.do,제주관광공사 「오감으로 즐기는 제주」(2023.12.22) · 한국관광공사 열린관광지 · 이지제주,"현재 무장애 정보는 이동(지체) 접근성 기준입니다. 시각·청각·발달 장애 정보는 확보 중이며, 열린관광 모두의여행(access.visitkorea.or.kr) 또는 이지제주(easyjeju.net)에서 확인하실 수 있습니다.",SURVEYED,[FIX65] 한국관광공사 무장애 API(detailWithTour2) — blindhandicapetc=안내요원 있음(하루 4회),FIX65: visualAccess UNKNOWN→PARTIAL (KTO API),v3,ROUTE_SURVEY,경로 상태 조사: 포장도로+계단 있음+휠체어 접근 가능,,,,Y,UNKNOWN,UNKNOWN,
ACC_P047,P047,FULL,FULL,UNKNOWN,UNKNOWN,FULL,FULL,FULL,FULL,Y,AVAILABLE,AVAILABLE,시설접근 기준 판정 — 활동참여 개별 근거 미확보,경사로 있음,휠체어 접근 가능,장애인 주차 4개층(타워1 지하3층 10면·지하4층 9면 / 타워2 지하3층 8면 등)+주차장-로비 장애인용 승강기 타워별 1기+로비-객실 장애인용 승강기 타워별 2기(180×170cm)+조식당 4층 단차 없음,,,,,,휠내비길(wheelnavi.kr) 음성안내 · 제주올레 오디오가이드(jejuolle.org) 코스별 음성해설,「탐나는수어」 앱 · 제주수어통역센터 여행수어 자료(jejudeaf.com),,IN_VENUE,이용 동선에서 이용 가능,차량+대중교통,,,,,,,,,,,,2023-12,,,,,,,UNKNOWN,UNKNOWN,,,,,열린관광 모두의여행(한국관광공사) 숙박 상세,2026-07,,access.visitkorea.or.kr · https://www.data.go.kr/data/15101897/openapi.do,제주관광공사 「오감으로 즐기는 제주」(2023.12.22) · 한국관광공사 열린관광지 · 이지제주,"현재 무장애 정보는 이동(지체) 접근성 기준입니다. 시각·청각·발달 장애 정보는 확보 중이며, 열린관광 모두의여행(access.visitkorea.or.kr) 또는 이지제주(easyjeju.net)에서 확인하실 수 있습니다.",VERIFIED,검증완료(2026-07) — 열린관광 숙박 상세 대조 [FIX65] 한국관광공사 무장애 API(detailWithTour2) — braileblock=점자블록 있음(주요시설 앞)_시각장애인 편의시설; helpdog=동반가능; guidehuman=안내요원 있음,FIX65: visualAccess UNKNOWN→FULL (KTO API),v3,PUBLICATION,,,,,Y,UNKNOWN,UNKNOWN,
ACC_P048,P048,PARTIAL,UNKNOWN,UNKNOWN,UNKNOWN,PARTIAL,PARTIAL,PARTIAL,FULL,Y,CONDITIONAL,CONDITIONAL,"부두 진입 가능 / 활동참여 조건부 — 작업 구역, 승선은 선사 확인 필요",,포장도로+휠체어 접근 가능,장애인 화장실 있음,"부두 — 장애인 화장실 보유, 진입로 포장. 화물·여객 작업 구역으로 관람 동선 아님. 승하선 설비는 선사별 확인 필요",장애인 화장실이 있고 부두 진입로는 포장되어 있습니다. 다만 화물·여객 작업이 이루어지는 부두라 관람을 목적으로 둘러보기에는 적합하지 않습니다. 승선하실 경우 선사에 미리 확인해 주세요.,,,,휠내비길(wheelnavi.kr) 음성안내 · 제주올레 오디오가이드(jejuolle.org) 코스별 음성해설,「탐나는수어」 앱 · 제주수어통역센터 여행수어 자료(jejudeaf.com),,IN_VENUE,이용 동선에서 이용 가능,차량+대중교통,,,,,,,,,,,,2023-12,,,,,,,UNKNOWN,UNKNOWN,,,,,제주관광약자접근성안내센터(이지제주) · 한국관광공사 열린관광 · ㈜휴플 현장조사,2026-06,2024~2026,https://easyjeju.net,제주관광공사 「오감으로 즐기는 제주」(2023.12.22) · 한국관광공사 열린관광지 · 이지제주,"현재 무장애 정보는 이동(지체) 접근성 기준입니다. 시각·청각·발달 장애 정보는 확보 중이며, 열린관광 모두의여행(access.visitkorea.or.kr) 또는 이지제주(easyjeju.net)에서 확인하실 수 있습니다.",SURVEYED,,FIX79: 작업 구역 성격 명시,v3,FACILITY_SURVEY,편의시설 조사: 장애인 화장실 있음,,,,Y,UNKNOWN,UNKNOWN,
ACC_P049,P049,PARTIAL,UNKNOWN,UNKNOWN,UNKNOWN,PARTIAL,PARTIAL,PARTIAL,UNKNOWN,Y,CONDITIONAL,CONDITIONAL,포장 해안도로 이동 가능 / 활동참여 조건부 — 보행로 단절 구간 차량 통행 주의,,포장도로+일부 구간 보행로 제한+휠체어 접근 가능,UNKNOWN,전 구간 포장이나 일부 구간 보행로 단절로 차도 병행 구간 발생. 보행로가 끊기는 구간에서는 동행 보조가 도움이 되나 단차 높이 등 지점별 실측은 미확인. 편의시설(장애인 화장실·장애인 주차구역) 미확인,"하귀에서 애월까지 이어지는 포장 해안도로로, 바다를 옆에 두고 이동하시기 좋습니다. 다만 구간에 따라 보행로가 끊기는 곳이 있어 그런 곳에서는 차도 옆으로 지나가시게 됩니다. 차량 통행에 유의해 주세요. 경계석 단차가 있거나 폭이 좁아지는 곳이 있어, 동행하시는 분이 계시면 이런 구간을 지나기 한결 수월합니다. 장애인 화장실과 주차구역은 아직 확인되지 않아, 이용하실 계획이라면 미리 알아보시는 편이 좋습니다.",,,,휠내비길(wheelnavi.kr) 음성안내 · 제주올레 오디오가이드(jejuolle.org) 코스별 음성해설,「탐나는수어」 앱 · 제주수어통역센터 여행수어 자료(jejudeaf.com),,,,차량+대중교통+도보,,,,,,,,,,,,2023-12,,,,,,,UNKNOWN,UNKNOWN,,,,,제주관광약자접근성안내센터(이지제주) · 한국관광공사 열린관광 · ㈜휴플 현장조사,2026-06,2024~2026,https://easyjeju.net,제주관광공사 「오감으로 즐기는 제주」(2023.12.22) · 한국관광공사 열린관광지 · 이지제주,"현재 무장애 정보는 이동(지체) 접근성 기준입니다. 시각·청각·발달 장애 정보는 확보 중이며, 열린관광 모두의여행(access.visitkorea.or.kr) 또는 이지제주(easyjeju.net)에서 확인하실 수 있습니다.",SURVEYED,"[FIX82] 외부 교차확인(2026-08) — 이지제주·열린관광 모두의여행·비짓제주 어디에도 지점별 등재 없음(2차 자료 목록 대조에서도 동일). 자체 경로조사(2026-06) 단독 근거로 PARTIAL 유지 — 외부 미등재는 하향 사유가 아님. 안내문의 동행 권유는 자체 조사의 '보행로 제한' 기록에 근거한 일반 안내이며 지점별 실측값이 아님. 잔여 확인 — 보행로 단절 구간의 위치와 연장, 단차 높이, 장애인 화장실·주차구역 유무","FIX82: 자체 경로조사 내용을 사유 필드로 이관, evidenceType 정정",v3,ROUTE_SURVEY,경로 상태 조사: 포장도로+일부 구간 보행로 제한+휠체어 접근 가능 / 편의시설 미확인,,,,Y,UNKNOWN,UNKNOWN,
ACC_P050,P050,FULL,UNKNOWN,UNKNOWN,UNKNOWN,FULL,FULL,FULL,FULL,Y,AVAILABLE,AVAILABLE,시설접근 기준 판정 — 활동참여 개별 근거 미확보,접근로 경사 약 2.5도 완만하게 통행 가능합니다+주출입구에 턱이 없습니다+안내데스크까지 접근로 단차없이 이동 가능합니다,휠체어 접근 가능,경사로 있음+휠체어 대여 가능+유모차 대여 가능+장애인 주차장 있음+장애인 화장실 있음+엘리베이터 있음+장애인 객실 있음,,장애인 객실 보유 여부를 확인하지 못했습니다. 휠체어 이용이 필요하다면 예약 전에 숙소에 문의해 주세요.,,,,휠내비길(wheelnavi.kr) 음성안내 · 제주올레 오디오가이드(jejuolle.org) 코스별 음성해설,「탐나는수어」 앱 · 제주수어통역센터 여행수어 자료(jejudeaf.com),,IN_VENUE,이용 동선에서 이용 가능,차량+대중교통,,,,,,,,,,,,2023-12,,,,,,,UNKNOWN,UNKNOWN,,,미확인 — 이지제주(숙박>호텔) 또는 열린관광 숙박 상세에서 확인 필요,,제주관광약자접근성안내센터(이지제주) · 한국관광공사 열린관광 · ㈜휴플 현장조사,2026-06,2024~2026,easyjeju.net(숙박>호텔) / access.visitkorea.or.kr(숙박시설),제주관광공사 「오감으로 즐기는 제주」(2023.12.22) · 한국관광공사 열린관광지 · 이지제주,"현재 무장애 정보는 이동(지체) 접근성 기준입니다. 시각·청각·발달 장애 정보는 확보 중이며, 열린관광 모두의여행(access.visitkorea.or.kr) 또는 이지제주(easyjeju.net)에서 확인하실 수 있습니다.",PENDING,"검증대기(2026-07) — 법정 의무시설 추정, 원문 미대조",,v3,LEGAL_PRESUMPTION,,,,,Y,UNKNOWN,UNKNOWN,
ACC_P051,P051,PARTIAL,UNKNOWN,UNKNOWN,UNKNOWN,PARTIAL,PARTIAL,PARTIAL,FULL,Y,CONDITIONAL,CONDITIONAL,"해변 주변 접근 가능 / 활동참여 조건부 — 일부 화장실 계단, 백사장 진입 제약",감수탕 옆 화장실: 장애인화장실 / 계단 2개. 일반화장실 남녀구분,백사장/모래길+휠체어 접근 가능,장애인 주차장 있음+장애인 화장실 있음,편의시설 조사 — 장애인 주차구역·장애인 화장실 확보. 감수탕 옆 화장실은 계단 2개로 접근 제약. 백사장 모래길로 진입 어려움,"장애인 주차구역과 장애인 화장실이 갖춰져 있어 해변 주변까지는 휠체어로 가실 수 있습니다. 다만 감수탕 옆 화장실은 계단이 2개 있어 다른 화장실을 이용하셔야 하고, 백사장은 모래라 바퀴가 빠져 이동이 어렵습니다.",,,,휠내비길(wheelnavi.kr) 음성안내 · 제주올레 오디오가이드(jejuolle.org) 코스별 음성해설,「탐나는수어」 앱 · 제주수어통역센터 여행수어 자료(jejudeaf.com),,IN_VENUE,이용 동선에서 이용 가능,차량+대중교통+도보,,,,,,,,,,,,2023-12,,,,,,,UNKNOWN,UNKNOWN,,,,,제주관광약자접근성안내센터(이지제주) · 한국관광공사 열린관광 · ㈜휴플 현장조사,2026-06,2024~2026,https://easyjeju.net,제주관광공사 「오감으로 즐기는 제주」(2023.12.22) · 한국관광공사 열린관광지 · 이지제주,"현재 무장애 정보는 이동(지체) 접근성 기준입니다. 시각·청각·발달 장애 정보는 확보 중이며, 열린관광 모두의여행(access.visitkorea.or.kr) 또는 이지제주(easyjeju.net)에서 확인하실 수 있습니다.",SURVEYED,,FIX80: 해양 유형 접근 제약 명문화 — routeCondition·slopeInfo 이관,v3,FACILITY_SURVEY,편의시설 조사: 장애인 주차장 있음+장애인 화장실 있음,UNKNOWN,모래사장은 휠체어 바퀴가 빠져 이동이 어렵습니다. 진입로·데크 설치 여부가 확인되지 않았으니 방문 전 문의하시거나 해변용 휠체어 대여 가능 여부를 확인해 주세요,발이 닿는 깊이까지만 들어가시고 먼 바다 쪽으로는 나가지 말아 주세요. 파고가 2m를 넘거나 풍랑특보가 발효되면 입수를 삼가 주세요. 너울은 파도가 잔잔해 보여도 갑자기 밀려오니 갯바위와 방파제 위에는 올라가지 말아 주세요. 체감온도 33도가 넘는 날에는 한낮 물놀이를 피하고 그늘에서 자주 쉬어 주세요. 휠체어 이용자는 파도에 중심을 잃기 쉽고 스스로 빠져나오기 어려우니 반드시 동행자와 함께해 주세요.,Y,UNKNOWN,UNKNOWN,
ACC_P052,P052,PARTIAL,UNKNOWN,UNKNOWN,PARTIAL,PARTIAL,FULL,FULL,FULL,Y,CONDITIONAL,CONDITIONAL,시설접근 기준 판정 — 활동참여 개별 근거 미확보,경사 있음,차도혼재+휠체어 접근 가능+동행보조 필요,장애인 주차장 있음+장애인 화장실 있음,안내센터와 주변은 접근 가능하며 제주올레 6코스 휠체어 구간의 시작점임. 장애인 화장실과 쉼터가 있음. 다만 이어지는 코스(보목포구까지 2.6~3.3km)는 오르막 구간이 많고 430m 지점부터 보행로와 차도가 나뉘지 않음. 휠체어로 2~3시간이 걸려 동행을 권함,,,,,휠내비길(wheelnavi.kr) 음성안내 · 제주올레 오디오가이드(jejuolle.org) 코스별 음성해설,「탐나는수어」 앱 · 제주수어통역센터 여행수어 자료(jejudeaf.com),발달장애인 추천 코스 수록: 테우(전통 뗏목)체험(오감 p.13),IN_VENUE,이용 동선에서 이용 가능,차량+대중교통+도보,,,,,,,,,,,,2023-12,ROAD_SHARED,"보행로·차도 미분리 구간, 유동 차량 많음",,,,,UNKNOWN,UNKNOWN,,,,,제주관광약자접근성안내센터(이지제주) · 한국관광공사 열린관광 · ㈜휴플 현장조사,2026-06,2024~2026,https://easyjeju.net,제주관광공사 「오감으로 즐기는 제주」(2023.12.22) · 한국관광공사 열린관광지 · 이지제주,"현재 무장애 정보는 이동(지체) 접근성 기준입니다. 시각·청각·발달 장애 정보는 확보 중이며, 열린관광 모두의여행(access.visitkorea.or.kr) 또는 이지제주(easyjeju.net)에서 확인하실 수 있습니다.",VERIFIED,※ FIX68: P853 과 동일 장소(중복 노드). 대표는 P853 이며 이 노드는 추천 대상에서 제외함. 접근성 정보는 P853 로 이관 완료. 관계는 이력 보존을 위해 남겨둠,FIX21: 구간별 접근 상이 — FULL→PARTIAL | FIX68: P853 로 병합 (중복 노드),v3,ROUTE_SURVEY,경로 상태 조사: 차도혼재+휠체어 접근 가능+동행보조 필요,,,"계곡물은 수심을 눈으로 가늠하기 어렵고 바닥이 미끄러우니 발이 닿는 곳에서만 머물러 주세요. 비가 온 뒤에는 상류에서 물이 갑자기 불어날 수 있어, 시간당 10mm 이상 비가 예보된 날에는 입수를 삼가 주세요. 폭포 아래는 수심이 깊고 물살이 강합니다.",Y,UNKNOWN,UNKNOWN,
ACC_P053,P053,PARTIAL,UNKNOWN,UNKNOWN,UNKNOWN,PARTIAL,PARTIAL,PARTIAL,FULL,N,CONDITIONAL,CONDITIONAL,포장 구간 접근 가능 / 활동참여 조건부 — 백사장 진입 제약,,포장도로+백사장/모래길+휠체어 접근 가능,장애인 주차장 있음+장애인 화장실 있음,"포장도로 구간으로 해안 접근 양호, 장애인 주차구역·화장실 확보. 백사장 모래길로 진입 어려움. 진입로·데크 설치 여부 미확인","포장도로가 이어져 있고 장애인 주차구역과 장애인 화장실이 갖춰져 있어, 카페 거리와 해안도로를 따라 바다를 보시기에 좋습니다. 다만 백사장은 모래라 바퀴가 빠져 이동이 어렵고, 백사장 진입로나 데크가 있는지는 확인되지 않았습니다.",,,,휠내비길(wheelnavi.kr) 음성안내 · 제주올레 오디오가이드(jejuolle.org) 코스별 음성해설,「탐나는수어」 앱 · 제주수어통역센터 여행수어 자료(jejudeaf.com),,IN_VENUE,이용 동선에서 이용 가능,차량+도보,,,,,,,,,,,,2023-12,,,,,,,UNKNOWN,UNKNOWN,,,,,제주관광약자접근성안내센터(이지제주) · 한국관광공사 열린관광 · ㈜휴플 현장조사,2026-06,2024~2026,https://easyjeju.net,제주관광공사 「오감으로 즐기는 제주」(2023.12.22) · 한국관광공사 열린관광지 · 이지제주,"현재 무장애 정보는 이동(지체) 접근성 기준입니다. 시각·청각·발달 장애 정보는 확보 중이며, 열린관광 모두의여행(access.visitkorea.or.kr) 또는 이지제주(easyjeju.net)에서 확인하실 수 있습니다.",SURVEYED,,FIX80: 해양 유형 접근 제약 명문화 — routeCondition·slopeInfo 이관,v3,FACILITY_SURVEY,편의시설 조사: 장애인 주차장 있음+장애인 화장실 있음,UNKNOWN,모래사장은 휠체어 바퀴가 빠져 이동이 어렵습니다. 진입로·데크 설치 여부가 확인되지 않았으니 방문 전 문의하시거나 해변용 휠체어 대여 가능 여부를 확인해 주세요,발이 닿는 깊이까지만 들어가시고 먼 바다 쪽으로는 나가지 말아 주세요. 파고가 2m를 넘거나 풍랑특보가 발효되면 입수를 삼가 주세요. 너울은 파도가 잔잔해 보여도 갑자기 밀려오니 갯바위와 방파제 위에는 올라가지 말아 주세요. 체감온도 33도가 넘는 날에는 한낮 물놀이를 피하고 그늘에서 자주 쉬어 주세요. 휠체어 이용자는 파도에 중심을 잃기 쉽고 스스로 빠져나오기 어려우니 반드시 동행자와 함께해 주세요.,Y,UNKNOWN,UNKNOWN,
ACC_P054,P054,PARTIAL,UNKNOWN,UNKNOWN,PARTIAL,PARTIAL,PARTIAL,PARTIAL,UNKNOWN,N,CONDITIONAL,CONDITIONAL,시설접근 기준 판정 — 활동참여 개별 근거 미확보,"외부 관람로 바닥 요철 마감 구간 다수 있으며, 최대 10도 경사 있습니다+주차장~테쉬폰 바닥 요철 마감이며, 5~10도 오르막 경사 있습니다+우유부단 카페~기념품숍 바닥 요철 마감이며, 8~9도 경사 있습니다",비포장+노면 요철+휠체어 접근 가능+동행보조 필요,장애인 주차장 있음,목장 내부에 울퉁불퉁한 노면과 가파른 경사가 여러 구간 존재하며 휠체어 접근은 가능하나 이동 보조가 필요함.,목장 안에는 울퉁불퉁한 바닥과 가파른 경사가 있는 구간이 있습니다. 휠체어로 이동하실 때에는 동행자의 도움이 필요할 수 있습니다.,,,,휠내비길(wheelnavi.kr) 음성안내 · 제주올레 오디오가이드(jejuolle.org) 코스별 음성해설,「탐나는수어」 앱 · 제주수어통역센터 여행수어 자료(jejudeaf.com),발달장애인 추천 코스 수록: 테쉬폰 건축물 관람(오감 p.13),,,차량+도보,,,,,,,,,,,,2023-12,,,,,,,UNKNOWN,UNKNOWN,,,,,제주관광약자접근성안내센터(이지제주) · 한국관광공사 열린관광 · ㈜휴플 현장조사,2026-06,2024~2026,https://korean.visitkorea.or.kr/detail/ms_detail.do?cotid=8a2ab93a-4d6b-48eb-bba8-3560602906aa,제주관광공사 「오감으로 즐기는 제주」(2023.12.22) · 한국관광공사 열린관광지 · 이지제주,"현재 무장애 정보는 이동(지체) 접근성 기준입니다. 시각·청각·발달 장애 정보는 확보 중이며, 열린관광 모두의여행(access.visitkorea.or.kr) 또는 이지제주(easyjeju.net)에서 확인하실 수 있습니다.",SURVEYED,,,v3,ROUTE_SURVEY,경로 상태 조사: 비포장+노면 요철+휠체어 접근 가능+동행보조 필요,,,,Y,UNKNOWN,UNKNOWN,
ACC_P055,P055,PARTIAL,UNKNOWN,UNKNOWN,UNKNOWN,PARTIAL,PARTIAL,PARTIAL,FULL,Y,CONDITIONAL,CONDITIONAL,올레 17코스 휠체어 구간 경유 — 해당 구간 기준 접근 가능 / 활동참여 조건부 — 차도 횡단 주의,계단 혹은 경사 있음,포장도로+차도 횡단 주의+휠체어 접근 가능,장애인 주차장 있음+장애인 화장실 있음,제주올레 17코스 휠체어 구간(도두봉 내려오는 길~용연다리 5.0km)이 이 해안도로를 경유함. 용담해안도로를 따라 대체로 평탄하며 용두암 입구 앞 오르막 30m와 용연다리 앞 내리막 20m가 가팔라 주의가 필요함. 차도와 인접하고 횡단 지점이 있음. 장애인 주차구역·장애인 화장실 확인됨,"제주올레 17코스의 휠체어 이용 구간이 이 해안도로를 지납니다. 도두봉 내려오는 길에서 용연다리까지 약 5.0km로, 용담해안도로를 따라 대체로 평탄합니다. 용두암 입구 앞 오르막 30m와 용연다리 앞 내리막 20m는 경사가 가팔라 이 두 곳만 주의하시면 됩니다. 도로를 따라 이어지는 구간이라 차량 통행과 횡단 지점에 유의해 주세요. 인근에 장애인 주차구역과 장애인 화장실이 있습니다.","제주올레 17코스 휠체어 구간(도두봉 내려오는길~용연다리 5.0km, 공식 난이도 중)이 본 해안도로를 경유. 용담해안도로 따라 평이하며 용두암 입구 전 8도 오르막 30m·용연다리 전 8-9도 내리막 20m 주의. 차도 인접·횡단 지점 있음. 장애인 주차구역·장애인 화장실 확인",,,휠내비길(wheelnavi.kr) 음성안내 · 제주올레 오디오가이드(jejuolle.org) 코스별 음성해설,「탐나는수어」 앱 · 제주수어통역센터 여행수어 자료(jejudeaf.com),,IN_VENUE,이용 동선에서 이용 가능,차량+대중교통+도보,,,,,,,,,,,,2023-12,,,도두봉 내려오는길~용연다리 (제주올레 17코스 구간),5.0km,MEDIUM,용담해안도로 따라 평이. 용두암 입구 전 8도 오르막 30m·용연다리 전 8-9도 내리막 20m,UNKNOWN,UNKNOWN,,,,,제주관광약자접근성안내센터(이지제주) · 한국관광공사 열린관광 · ㈜휴플 현장조사,2026-06,2024~2026,https://easyjeju.net,제주관광공사 「오감으로 즐기는 제주」(2023.12.22) · 한국관광공사 열린관광지 · 이지제주,"현재 무장애 정보는 이동(지체) 접근성 기준입니다. 시각·청각·발달 장애 정보는 확보 중이며, 열린관광 모두의여행(access.visitkorea.or.kr) 또는 이지제주(easyjeju.net)에서 확인하실 수 있습니다.",SURVEYED,[FIX82] 올레 17코스(P215) 참조 — 구간 정보의 원본은 P215 이며 본 노드는 참조본. P215 갱신 시 함께 갱신할 것,FIX82: 올레 17코스 휠체어 구간(5.0km) 참조 안내 추가,v3,ROUTE_SURVEY,경로 상태 조사: 포장도로+차도 횡단 주의+휠체어 접근 가능,,,,Y,UNKNOWN,UNKNOWN,
ACC_P056,P056,PARTIAL,UNKNOWN,UNKNOWN,UNKNOWN,PARTIAL,FULL,FULL,FULL,Y,AVAILABLE,CONDITIONAL,시설접근(터미널) 가능 / 활동참여(승선) 조건부 — 선사·선박별 편차,,포장도로+휠체어 접근 가능,장애인 주차장 있음+장애인 화장실 있음,터미널 건물 접근은 가능하나 여객선 승하선 설비·선내 장애인화장실 미비 사례 존재(국가인권위 직권조사). 선사별 사전 확인 필요,,,,,휠내비길(wheelnavi.kr) 음성안내 · 제주올레 오디오가이드(jejuolle.org) 코스별 음성해설,「탐나는수어」 앱 · 제주수어통역센터 여행수어 자료(jejudeaf.com),,IN_VENUE,이용 동선에서 이용 가능,차량+대중교통,,,,,,,,,,,,2023-12,,,,,,,UNKNOWN,UNKNOWN,,,,,국가인권위원회 직권조사 결과 및 해양수산부 개선 계획,2026-07,,https://easyjeju.net,제주관광공사 「오감으로 즐기는 제주」(2023.12.22) · 한국관광공사 열린관광지 · 이지제주,"현재 무장애 정보는 이동(지체) 접근성 기준입니다. 시각·청각·발달 장애 정보는 확보 중이며, 열린관광 모두의여행(access.visitkorea.or.kr) 또는 이지제주(easyjeju.net)에서 확인하실 수 있습니다.",VERIFIED,검증완료(2026-07) — 승하선 단계 제약 반영,,v3,OFFICIAL_DOC,,,,,Y,UNKNOWN,UNKNOWN,
ACC_P057,P057,FULL,UNKNOWN,UNKNOWN,UNKNOWN,FULL,FULL,FULL,FULL,Y,AVAILABLE,CONDITIONAL,"시설접근 가능 / 활동참여 조건부 — 단지 내 시설별 접근성 편차. 테마파크 구역만 확인, 그 외 시설은 개별 확인 필요",,휠체어 접근 가능,장애인 주차장 있음+장애인 화장실 있음+장애인 객실 있음,복합 리조트 단지 — 단지 내 시설별 접근성이 서로 다름. 신화테마파크 구역은 평지·턱 없음 확인. 워터파크·쇼핑·숙박 구역은 개별 확인 필요,"단지 내 시설별로 접근성이 다릅니다. 신화테마파크 구역은 평지·턱 없음이 확인되었으나, 워터파크·쇼핑·숙박 등 그 외 시설은 개별 확인이 필요합니다.",,,,휠내비길(wheelnavi.kr) 음성안내 · 제주올레 오디오가이드(jejuolle.org) 코스별 음성해설,「탐나는수어」 앱 · 제주수어통역센터 여행수어 자료(jejudeaf.com),,IN_VENUE,이용 동선에서 이용 가능,차량+대중교통,,,,,,,,,,,,2023-12,,,,,,,UNKNOWN,UNKNOWN,,,,,제주관광약자접근성안내센터(이지제주) · 한국관광공사 열린관광 · ㈜휴플 현장조사,2026-06,2024~2026,https://easyjeju.net,제주관광공사 「오감으로 즐기는 제주」(2023.12.22) · 한국관광공사 열린관광지 · 이지제주,"현재 무장애 정보는 이동(지체) 접근성 기준입니다. 시각·청각·발달 장애 정보는 확보 중이며, 열린관광 모두의여행(access.visitkorea.or.kr) 또는 이지제주(easyjeju.net)에서 확인하실 수 있습니다.",PARTIAL,부분검증(2026-07) — 단지 내 시설별 편차 / [FIX73] 활동참여 축 조건부 전환. 테마파크 외 시설은 미조사 ※ [FIX83] 복합 단지 판정 원칙 — 단지 전체를 한 등급으로 묶지 않고 구역별로 안내 (FIX73),"FIX73: activityAccess AVAILABLE→CONDITIONAL, 단지 내 시설별 편차 안내 명문화 | FIX83: 이용자 사유 필드에서 내부 표기 제거",v3,FACILITY_SURVEY,편의시설 조사: 장애인 주차장 있음+장애인 화장실 있음+장애인 객실 있음,,,,Y,UNKNOWN,UNKNOWN,
ACC_P058,P058,PARTIAL,UNKNOWN,UNKNOWN,UNKNOWN,PARTIAL,FULL,FULL,FULL,Y,CONDITIONAL,CONDITIONAL,시설접근 기준 판정 — 활동참여 개별 근거 미확보,"3층 옥상 미로공원 경사 및 단차 약 13cm 있습니다+※ 3층 옥상 미로공원 등 일부구간 단차, 경사로 '도움필요 상' 이며, 그 외 구간 '단독접근가능' 입니다+매표소 단차, 경사 없습니다",휠체어 접근 가능,휠체어 대여 가능+유모차 대여 가능+장애인 주차장 있음+장애인 화장실 있음+수유실/영유아 돌봄 가능+엘리베이터 있음+기저귀교환대 있음,"3층 옥상 미로공원 단차 13cm — 조사문에 ""도움필요 상"" 명시",,,,,휠내비길(wheelnavi.kr) 음성안내 · 제주올레 오디오가이드(jejuolle.org) 코스별 음성해설,「탐나는수어」 앱 · 제주수어통역센터 여행수어 자료(jejudeaf.com),,IN_VENUE,이용 동선에서 이용 가능,차량+대중교통,,,,,,,,,,,,2023-12,,,,,,,UNKNOWN,UNKNOWN,,,,,제주관광약자접근성안내센터(이지제주) · 한국관광공사 열린관광 · ㈜휴플 현장조사,2026-06,2024~2026,https://easyjeju.net,제주관광공사 「오감으로 즐기는 제주」(2023.12.22) · 한국관광공사 열린관광지 · 이지제주,"현재 무장애 정보는 이동(지체) 접근성 기준입니다. 시각·청각·발달 장애 정보는 확보 중이며, 열린관광 모두의여행(access.visitkorea.or.kr) 또는 이지제주(easyjeju.net)에서 확인하실 수 있습니다.",VERIFIED,검증완료(2026-07),FIX14: POPULAR FULL 외부·서술 검증 하향,v3,ROUTE_SURVEY,경로 상태 조사: 휠체어 접근 가능,,,,Y,UNKNOWN,UNKNOWN,
ACC_P059,P059,FULL,UNKNOWN,UNKNOWN,UNKNOWN,FULL,FULL,FULL,FULL,N,AVAILABLE,AVAILABLE,시설접근 기준 판정 — 활동참여 개별 근거 미확보,,휠체어 접근 가능,장애인 주차장 있음+장애인 화장실 있음+엘리베이터 있음+장애인 객실 있음,,장애인 객실이 있습니다. 예약할 때 객실 위치와 이용 가능 여부를 확인해 주세요.,,,,휠내비길(wheelnavi.kr) 음성안내 · 제주올레 오디오가이드(jejuolle.org) 코스별 음성해설,「탐나는수어」 앱 · 제주수어통역센터 여행수어 자료(jejudeaf.com),,IN_VENUE,이용 동선에서 이용 가능,차량,,,,,,,,,,,,2023-12,,,,,,,UNKNOWN,UNKNOWN,,,미확인 — 이지제주(숙박>호텔) 또는 열린관광 숙박 상세에서 확인 필요,,제주관광약자접근성안내센터(이지제주) · 한국관광공사 열린관광 · ㈜휴플 현장조사,2026-06,2024~2026,https://access.visitkorea.or.kr/acm/detail.do?cotId=44041bb1-5433-4775-b110-93990fd8a9c6,제주관광공사 「오감으로 즐기는 제주」(2023.12.22) · 한국관광공사 열린관광지 · 이지제주,"현재 무장애 정보는 이동(지체) 접근성 기준입니다. 시각·청각·발달 장애 정보는 확보 중이며, 열린관광 모두의여행(access.visitkorea.or.kr) 또는 이지제주(easyjeju.net)에서 확인하실 수 있습니다.",PENDING,"검증대기(2026-07) — 법정 의무시설 추정, 원문 미대조",,v3,LEGAL_PRESUMPTION,,,,,Y,UNKNOWN,UNKNOWN,
ACC_P060,P060,PARTIAL,UNKNOWN,UNKNOWN,UNKNOWN,PARTIAL,PARTIAL,PARTIAL,UNKNOWN,Y,CONDITIONAL,CONDITIONAL,"포구 포장 구간 접근 가능 / 활동참여 조건부 — 방파제·물놀이 구간 제한, 편의시설 미확인",,포장도로+방파제/물놀이 구간 접근 제한+휠체어 접근 가능,UNKNOWN,포장도로로 포구 접근 가능. 방파제·물놀이 구간 접근 제한. 편의시설(장애인 화장실 등) 미확인,"포구까지 포장도로가 이어져 있어 휠체어로 가시며 에메랄드빛 바다를 보실 수 있습니다. 다만 방파제와 물놀이 구간은 접근이 제한되고, 장애인 화장실 등 편의시설은 확인되지 않았습니다.",,,,휠내비길(wheelnavi.kr) 음성안내 · 제주올레 오디오가이드(jejuolle.org) 코스별 음성해설,「탐나는수어」 앱 · 제주수어통역센터 여행수어 자료(jejudeaf.com),,,,차량+대중교통+도보,,,,,,,,,,,,2023-12,,,,,,,UNKNOWN,UNKNOWN,,,,,제주관광약자접근성안내센터(이지제주) · 한국관광공사 열린관광 · ㈜휴플 현장조사,2026-06,2024~2026,https://easyjeju.net,제주관광공사 「오감으로 즐기는 제주」(2023.12.22) · 한국관광공사 열린관광지 · 이지제주,"현재 무장애 정보는 이동(지체) 접근성 기준입니다. 시각·청각·발달 장애 정보는 확보 중이며, 열린관광 모두의여행(access.visitkorea.or.kr) 또는 이지제주(easyjeju.net)에서 확인하실 수 있습니다.",SURVEYED,[FIX80] 잔여 확인 — 장애인 화장실·주차구역 유무 확인 필요,FIX80: 해양 유형 접근 제약 명문화 — routeCondition·slopeInfo 이관,v3,FACILITY_SURVEY,편의시설 조사: UNKNOWN,,,,Y,UNKNOWN,UNKNOWN,
ACC_P061,P061,PARTIAL,UNKNOWN,UNKNOWN,UNKNOWN,PARTIAL,PARTIAL,PARTIAL,UNKNOWN,N,CONDITIONAL,CONDITIONAL,시설접근 기준 판정 — 활동참여 개별 근거 미확보,경사 있음,비포장+흙길+동행보조 필요,UNKNOWN,숲길이 흙길·비포장 노면이고 경사가 있어 휠체어 단독 이동이 어려운 구간이 있음.,숲길이 흙과 비포장 노면으로 되어 있어 휠체어로 혼자 이동하기 어려울 수 있습니다. 동행자의 도움을 받아 이동하는 편이 좋습니다.,,,,휠내비길(wheelnavi.kr) 음성안내 · 제주올레 오디오가이드(jejuolle.org) 코스별 음성해설,「탐나는수어」 앱 · 제주수어통역센터 여행수어 자료(jejudeaf.com),,,,차량+도보,,,,,,,,,,,,2023-12,,,,,,,UNKNOWN,UNKNOWN,,,,,제주관광약자접근성안내센터(이지제주) · 한국관광공사 열린관광 · ㈜휴플 현장조사,2026-06,2024~2026,https://easyjeju.net,제주관광공사 「오감으로 즐기는 제주」(2023.12.22) · 한국관광공사 열린관광지 · 이지제주,"현재 무장애 정보는 이동(지체) 접근성 기준입니다. 시각·청각·발달 장애 정보는 확보 중이며, 열린관광 모두의여행(access.visitkorea.or.kr) 또는 이지제주(easyjeju.net)에서 확인하실 수 있습니다.",SURVEYED,,,v3,ROUTE_SURVEY,경로 상태 조사: 비포장+흙길+동행보조 필요,,,,Y,UNKNOWN,UNKNOWN,
ACC_P062,P062,PARTIAL,UNKNOWN,PARTIAL,UNKNOWN,PARTIAL,FULL,FULL,FULL,Y,CONDITIONAL,CONDITIONAL,시설접근 기준 판정 — 활동참여 개별 근거 미확보,"내부 관람로 돌박물관, 오백장군 갤러리 단차, 경사 없이 관람 가능하며, 접근로 경사 구간 있습니다+외부 관람로는 0~10도 경사 구간 있으며, 제 2코스, 3코스 바닥 요철 마감입니다+전체적으로 단차, 경사 없이 관람 가능합니다",포장도로+휠체어 접근 가능,휠체어 대여 가능+유모차 대여 가능+장애인 주차장 있음+장애인 화장실 있음+시각장애인 지원 가능+엘리베이터 있음,외부 관람로에 가파른 경사 구간이 있으며 공식 안내에서도 2·3코스는 접근이 어렵다고 봄. 1코스를 권함,,외부 관람로 0~10도 경사 · 공식 안내상 2·3코스 접근 어려움(1코스 권장),,탐나는수어 앱 수어해설 21곳(6.제주돌문화공원). 현장 QR·AR 수어영상,휠내비길(wheelnavi.kr) 음성안내 · 제주올레 오디오가이드(jejuolle.org) 코스별 음성해설,「탐나는수어」 앱(제주수어통역센터) + 현장 QR,,IN_VENUE,이용 동선에서 이용 가능,차량+대중교통+도보,LOW,Y,,,,,㈜휴플 자체 현장조사 (2024~2025),,,,,2023-12,,,,,,,UNKNOWN,UNKNOWN,,,,,제주관광약자접근성안내센터(이지제주) · 한국관광공사 열린관광 · ㈜휴플 현장조사,2026-06,2024~2026,https://easyjeju.net,제주관광공사 「오감으로 즐기는 제주」(2023.12.22) · 한국관광공사 열린관광지 · 이지제주,"현재 무장애 정보는 이동(지체) 접근성 기준입니다. 시각·청각·발달 장애 정보는 확보 중이며, 열린관광 모두의여행(access.visitkorea.or.kr) 또는 이지제주(easyjeju.net)에서 확인하실 수 있습니다.",VERIFIED,검증완료(2026-07),FIX14: POPULAR FULL 외부·서술 검증 하향,v3,FIELD_SURVEY,㈜휴플 자체 현장조사 / 경로: 포장도로+휠체어 접근 가능,,,,Y,UNKNOWN,Y,
ACC_P063,P063,PARTIAL,PARTIAL,UNKNOWN,UNKNOWN,PARTIAL,FULL,FULL,FULL,N,CONDITIONAL,CONDITIONAL,시설접근 기준 판정 — 활동참여 개별 근거 미확보,진입로에 약 4~5도 경사 있으며 바닥은 야자매트입니다+경사가 대체로 있는편이며 일부 구간은 8~10도로 가파릅니다+야외공연장 가는길 경사로 5도 있습니다,포장도로+휠체어 접근 가능,휠체어 대여 가능+유모차 대여 가능+장애인 주차장 있음+장애인 화장실 있음+점자블록 있음+기저귀교환대 있음,일부 구간의 경사가 가팔라 동행 도움이 필요함,,일부 구간 8~10도 경사 — 동행 도움 필요,,,휠내비길(wheelnavi.kr) 음성안내 · 제주올레 오디오가이드(jejuolle.org) 코스별 음성해설,「탐나는수어」 앱 · 제주수어통역센터 여행수어 자료(jejudeaf.com),,IN_VENUE,이용 동선에서 이용 가능,차량+도보,,,,,,,,,,,,2023-12,,,,,,,UNKNOWN,UNKNOWN,,,,,제주관광약자접근성안내센터(이지제주) · 한국관광공사 열린관광 · ㈜휴플 현장조사,2026-06,2024~2026,https://easyjeju.net · https://www.data.go.kr/data/15101897/openapi.do,제주관광공사 「오감으로 즐기는 제주」(2023.12.22) · 한국관광공사 열린관광지 · 이지제주,"현재 무장애 정보는 이동(지체) 접근성 기준입니다. 시각·청각·발달 장애 정보는 확보 중이며, 열린관광 모두의여행(access.visitkorea.or.kr) 또는 이지제주(easyjeju.net)에서 확인하실 수 있습니다.",SURVEYED,[FIX65] 한국관광공사 무장애 API(detailWithTour2) — blindhandicapetc=점자블록 있음,FIX13: FULL 검증 결과 하향 | FIX65: visualAccess UNKNOWN→PARTIAL (KTO API),v3,ROUTE_SURVEY,경로 상태 조사: 포장도로+휠체어 접근 가능,,,,Y,UNKNOWN,UNKNOWN,
ACC_P064,P064,PARTIAL,UNKNOWN,UNKNOWN,UNKNOWN,PARTIAL,PARTIAL,PARTIAL,UNKNOWN,Y,CONDITIONAL,CONDITIONAL,시설접근 기준 판정 — 활동참여 개별 근거 미확보,,포장도로+휠체어 접근 가능,휠체어 대여 가능+유모차 대여 가능+장애인 주차장 있음,포장된 구간과 휠체어 접근 가능 정보는 있으나 전체 체험공간의 접근성과 장애인 화장실 등 필수 편의시설이 충분히 확인되지 않음.,"포장된 구간은 휠체어로 이동할 수 있지만, 모든 체험공간의 접근성이 확인된 것은 아닙니다. 이용하려는 시설은 현장에서 먼저 확인해 주세요.",,,,휠내비길(wheelnavi.kr) 음성안내 · 제주올레 오디오가이드(jejuolle.org) 코스별 음성해설,「탐나는수어」 앱 · 제주수어통역센터 여행수어 자료(jejudeaf.com),,,,차량+대중교통,,,,,,,,,,,,2023-12,,,,,,,UNKNOWN,UNKNOWN,,,,,제주관광약자접근성안내센터(이지제주) · 한국관광공사 열린관광 · ㈜휴플 현장조사,2026-06,2024~2026,https://www.koreanair.com/contents/skypass/benefits/partner-discount/culture-life,제주관광공사 「오감으로 즐기는 제주」(2023.12.22) · 한국관광공사 열린관광지 · 이지제주,"현재 무장애 정보는 이동(지체) 접근성 기준입니다. 시각·청각·발달 장애 정보는 확보 중이며, 열린관광 모두의여행(access.visitkorea.or.kr) 또는 이지제주(easyjeju.net)에서 확인하실 수 있습니다.",SURVEYED,,,v3,FACILITY_SURVEY,편의시설 조사: 휠체어 대여 가능+유모차 대여 가능+장애인 주차장 있음,,,,Y,UNKNOWN,UNKNOWN,
ACC_P065,P065,FULL,FULL,UNKNOWN,UNKNOWN,FULL,FULL,FULL,FULL,Y,AVAILABLE,AVAILABLE,시설접근 기준 판정 — 활동참여 개별 근거 미확보,경사로 있음,포장도로+휠체어 접근 가능,경사로 있음+휠체어 대여 가능+유모차 대여 가능+장애인 주차장 있음+장애인 화장실 있음+수유실/영유아 돌봄 가능+기저귀교환대 있음+엘리베이터 있음+리프트 있음+매표소 접근 가능+장애인 관람석 있음,,,,,,휠내비길(wheelnavi.kr) 음성안내 · 제주올레 오디오가이드(jejuolle.org) 코스별 음성해설,「탐나는수어」 앱 · 제주수어통역센터 여행수어 자료(jejudeaf.com),,IN_VENUE,이용 동선에서 이용 가능,차량+대중교통,,Y,,,,,㈜휴플 자체 현장조사 (2024~2025),,,,,2023-12,,,,,,,UNKNOWN,UNKNOWN,,,,,제주관광약자접근성안내센터(이지제주) · 한국관광공사 열린관광 · ㈜휴플 현장조사,2026-06,2024~2026,https://easyjeju.net · https://www.data.go.kr/data/15101897/openapi.do,제주관광공사 「오감으로 즐기는 제주」(2023.12.22) · 한국관광공사 열린관광지 · 이지제주,"현재 무장애 정보는 이동(지체) 접근성 기준입니다. 시각·청각·발달 장애 정보는 확보 중이며, 열린관광 모두의여행(access.visitkorea.or.kr) 또는 이지제주(easyjeju.net)에서 확인하실 수 있습니다.",VERIFIED,검증완료(2026-07) [FIX65] 한국관광공사 무장애 API(detailWithTour2) — braileblock=점자유도로 있음_시각장애인 편의시설; audioguide=음성안내기 있음; guidehuman=전시해설자 있음,FIX65: visualAccess UNKNOWN→FULL (KTO API),v3,FIELD_SURVEY,㈜휴플 자체 현장조사 / 경로: 포장도로+휠체어 접근 가능,,,,Y,UNKNOWN,UNKNOWN,
ACC_P066,P066,PARTIAL,UNKNOWN,UNKNOWN,UNKNOWN,PARTIAL,PARTIAL,PARTIAL,FULL,Y,CONDITIONAL,CONDITIONAL,"포장 구간 접근 가능 / 활동참여 조건부 — 협소 구간·경사, 백사장 진입 제약",경사 있음,포장도로+폭 좁은 구간 있음+백사장/모래길+휠체어 접근 가능,장애인 주차장 있음+장애인 화장실 있음,"포장도로 구간 있으나 폭 좁은 구간과 경사 존재, 백사장 모래길. 장애인 화장실 확보","포장도로가 이어져 있고 장애인 화장실이 갖춰져 있어 해변 주변까지는 휠체어로 가실 수 있습니다. 산방산과 형제섬이 보이는 곳입니다. 다만 폭이 좁은 구간과 경사가 있고, 백사장은 모래라 바퀴가 빠져 이동이 어렵습니다.",,,,휠내비길(wheelnavi.kr) 음성안내 · 제주올레 오디오가이드(jejuolle.org) 코스별 음성해설,「탐나는수어」 앱 · 제주수어통역센터 여행수어 자료(jejudeaf.com),,IN_VENUE,이용 동선에서 이용 가능,차량+대중교통+도보,,,,,,,,,,,,2023-12,,,,,,,UNKNOWN,UNKNOWN,,,,,제주관광약자접근성안내센터(이지제주) · 한국관광공사 열린관광 · ㈜휴플 현장조사,2026-06,2024~2026,https://easyjeju.net,제주관광공사 「오감으로 즐기는 제주」(2023.12.22) · 한국관광공사 열린관광지 · 이지제주,"현재 무장애 정보는 이동(지체) 접근성 기준입니다. 시각·청각·발달 장애 정보는 확보 중이며, 열린관광 모두의여행(access.visitkorea.or.kr) 또는 이지제주(easyjeju.net)에서 확인하실 수 있습니다.",SURVEYED,,FIX80: 해양 유형 접근 제약 명문화 — routeCondition·slopeInfo 이관,v3,ROUTE_SURVEY,경로 상태 조사: 포장도로+폭 좁은 구간 있음+백사장/모래길+휠체어 접근 가능,UNKNOWN,모래사장은 휠체어 바퀴가 빠져 이동이 어렵습니다. 진입로·데크 설치 여부가 확인되지 않았으니 방문 전 문의하시거나 해변용 휠체어 대여 가능 여부를 확인해 주세요,발이 닿는 깊이까지만 들어가시고 먼 바다 쪽으로는 나가지 말아 주세요. 파고가 2m를 넘거나 풍랑특보가 발효되면 입수를 삼가 주세요. 너울은 파도가 잔잔해 보여도 갑자기 밀려오니 갯바위와 방파제 위에는 올라가지 말아 주세요. 체감온도 33도가 넘는 날에는 한낮 물놀이를 피하고 그늘에서 자주 쉬어 주세요. 휠체어 이용자는 파도에 중심을 잃기 쉽고 스스로 빠져나오기 어려우니 반드시 동행자와 함께해 주세요.,Y,UNKNOWN,UNKNOWN,
ACC_P067,P067,PARTIAL,UNKNOWN,UNKNOWN,UNKNOWN,PARTIAL,FULL,FULL,FULL,Y,CONDITIONAL,CONDITIONAL,시설접근 기준 판정 — 활동참여 개별 근거 미확보,경사로 있음,데크길+휠체어 접근 가능,경사로 있음+휠체어 대여 가능+유모차 대여 가능+장애인 주차장 있음+장애인 화장실 있음,삼나무숲에 휠체어 이용 가능한 데크·무장애 산책구간이 조성되어 있으나 휴양림 전체 탐방로가 무장애로 연결된 것은 아님.,삼나무 숲에는 데크와 경사로가 설치된 무장애 산책 구간이 있어 휠체어로 이용할 수 있습니다. 모든 탐방로가 같은 조건은 아니므로 무장애 구간을 중심으로 이용해 주세요.,,,,휠내비길(wheelnavi.kr) 음성안내 · 제주올레 오디오가이드(jejuolle.org) 코스별 음성해설,「탐나는수어」 앱 · 제주수어통역센터 여행수어 자료(jejudeaf.com),,IN_VENUE,이용 동선에서 이용 가능,차량+대중교통+도보,MEDIUM,Y,,,,,㈜휴플 자체 현장조사 (2024~2025),,,,,2023-12,,,,,,,UNKNOWN,UNKNOWN,,,,,제주관광약자접근성안내센터(이지제주) · 한국관광공사 열린관광 · ㈜휴플 현장조사,2026-06,2024~2026,https://access.visitkorea.or.kr/ms/detail.do?cotId=48fd8b10-5a86-4a2a-9322-79c1dff59094,제주관광공사 「오감으로 즐기는 제주」(2023.12.22) · 한국관광공사 열린관광지 · 이지제주,"현재 무장애 정보는 이동(지체) 접근성 기준입니다. 시각·청각·발달 장애 정보는 확보 중이며, 열린관광 모두의여행(access.visitkorea.or.kr) 또는 이지제주(easyjeju.net)에서 확인하실 수 있습니다.",VERIFIED,,,v3,FIELD_SURVEY,㈜휴플 자체 현장조사 / 경로: 데크길+휠체어 접근 가능,,,,Y,UNKNOWN,UNKNOWN,
ACC_P068,P068,FULL,PARTIAL,UNKNOWN,UNKNOWN,FULL,FULL,FULL,FULL,Y,AVAILABLE,AVAILABLE,시설접근 기준 판정 — 활동참여 개별 근거 미확보,"모든 세미나실 출입구 접근로 단차 없습니다+출입구 단차 없으며, 유효폭 적정합니다+내부보행로 단차 없으며, 유효폭 적정합니다",휠체어 접근 가능,경사로 있음+휠체어 대여 가능+유모차 대여 가능+장애인 주차장 있음+장애인 화장실 있음+엘리베이터 있음,,장애인 객실 보유 여부를 확인하지 못했습니다. 휠체어 이용이 필요하다면 예약 전에 호텔에 문의해 주세요.,,,,휠내비길(wheelnavi.kr) 음성안내 · 제주올레 오디오가이드(jejuolle.org) 코스별 음성해설,「탐나는수어」 앱 · 제주수어통역센터 여행수어 자료(jejudeaf.com),,IN_VENUE,이용 동선에서 이용 가능,차량+대중교통,,,,,,,,,,,,2023-12,,,,,,,UNKNOWN,UNKNOWN,,,미확인 — 이지제주(숙박>호텔) 또는 열린관광 숙박 상세에서 확인 필요,,제주관광약자접근성안내센터(이지제주) · 한국관광공사 열린관광 · ㈜휴플 현장조사,2026-06,2024~2026,https://korean.visitkorea.or.kr/detail/ms_detail.do?cotid=f40a6df2-217f-461c-8674-b5a159a59b70,제주관광공사 「오감으로 즐기는 제주」(2023.12.22) · 한국관광공사 열린관광지 · 이지제주,"현재 무장애 정보는 이동(지체) 접근성 기준입니다. 시각·청각·발달 장애 정보는 확보 중이며, 열린관광 모두의여행(access.visitkorea.or.kr) 또는 이지제주(easyjeju.net)에서 확인하실 수 있습니다.",PENDING,"검증대기(2026-07) — 법정 의무시설 추정, 원문 미대조 [FIX65] 한국관광공사 무장애 API(detailWithTour2) — guidehuman=안내데스크에서 도움 가능",FIX65: visualAccess UNKNOWN→PARTIAL (KTO API),v3,LEGAL_PRESUMPTION,,,,,Y,UNKNOWN,UNKNOWN,
ACC_P069,P069,PARTIAL,UNKNOWN,UNKNOWN,UNKNOWN,PARTIAL,PARTIAL,PARTIAL,FULL,Y,CONDITIONAL,CONDITIONAL,시설접근 기준 판정 — 활동참여 개별 근거 미확보,경사로 있음,포장도로+흙길+휠체어 접근 가능+동행보조 필요,유모차 대여 가능+장애인 주차장 있음+장애인 화장실 있음+수유실/영유아 돌봄 가능,주출입구는 비교적 평탄하고 휠체어 접근이 가능하나 공원 내부에 흙길 등 자연 노면 구간이 있음.,"출입구는 비교적 평탄하지만, 공원 안에 흙길 구간이 있어 휠체어 이동이 불편할 수 있습니다. 야외 관람 시 동행자의 도움이 필요할 수 있습니다.",,,,휠내비길(wheelnavi.kr) 음성안내 · 제주올레 오디오가이드(jejuolle.org) 코스별 음성해설,「탐나는수어」 앱 · 제주수어통역센터 여행수어 자료(jejudeaf.com),,IN_VENUE,이용 동선에서 이용 가능,차량+대중교통+도보,LOW,Y,,,,,㈜휴플 자체 현장조사 (2024~2025),,,,,2023-12,,,,,,,UNKNOWN,UNKNOWN,,,,,제주관광약자접근성안내센터(이지제주) · 한국관광공사 열린관광 · ㈜휴플 현장조사,2026-06,2024~2026,https://access.visitkorea.or.kr/ms/detail.do?cotId=ac6afb20-d724-4d04-b9da-0be4b7ca695d,제주관광공사 「오감으로 즐기는 제주」(2023.12.22) · 한국관광공사 열린관광지 · 이지제주,"현재 무장애 정보는 이동(지체) 접근성 기준입니다. 시각·청각·발달 장애 정보는 확보 중이며, 열린관광 모두의여행(access.visitkorea.or.kr) 또는 이지제주(easyjeju.net)에서 확인하실 수 있습니다.",VERIFIED,,,v3,FIELD_SURVEY,㈜휴플 자체 현장조사 / 경로: 포장도로+흙길+휠체어 접근 가능+동행보조 필요,,,,Y,UNKNOWN,UNKNOWN,
ACC_P070,P070,PARTIAL,UNKNOWN,UNKNOWN,UNKNOWN,PARTIAL,PARTIAL,PARTIAL,FULL,Y,CONDITIONAL,CONDITIONAL,현장 접근 조건부 / 도달 접근사슬 미확보 — 섬 내부는 부분 이용 가능하나 여객선 승하선 안전이 확인되지 않음,,포장도로+선박 승하선 보조 필요+휠체어 접근 가능,장애인 주차장 있음+장애인 화장실 있음,선착장 육상부(주차장·대합실·매표소)와 선박 승하선을 별도로 판단. 육상부는 이용 가능하나 우도행 여객선 승하선 조건은 선박과 물때에 따라 달라짐,"선착장 육상부(주차장·대합실·매표소)와 선박 승하선은 별도로 판단해야 합니다. 우도까지 여객선 이용이 필수입니다. 전동휠체어 이용자가 성산항에서 우도행 도항선에 승선한 실제 사례가 있고 교통약자 차량도 선적할 수 있으나, 승하선 시 관계자 지원이 필요할 수 있고 선박별 경사판 기울기·폭, 선내 휠체어 고정공간, 여객실 접근, 비상대피 지원이 공식적으로 확인되지 않았습니다. 조위·기상·혼잡도에 따라 승하선 조건이 달라지니 출발 전 선사에 승선 가능 여부와 지원 인력을 확인해 주세요. 우도 순환버스는 저상버스가 아니어서 휠체어로는 이용하실 수 없습니다",,,,휠내비길(wheelnavi.kr) 음성안내 · 제주올레 오디오가이드(jejuolle.org) 코스별 음성해설,「탐나는수어」 앱 · 제주수어통역센터 여행수어 자료(jejudeaf.com),,IN_VENUE,이용 동선에서 이용 가능,차량+대중교통,,,,,,,,,,,,2023-12,FERRY_BOARDING,여객선 승하선 제약 · 풍랑 시 결항 가능,,,,,UNKNOWN,UNKNOWN,,,,,제주관광약자접근성안내센터(이지제주) · 한국관광공사 열린관광 · ㈜휴플 현장조사,2026-06,2024~2026,https://easyjeju.net,제주관광공사 「오감으로 즐기는 제주」(2023.12.22) · 한국관광공사 열린관광지 · 이지제주,"현재 무장애 정보는 이동(지체) 접근성 기준입니다. 시각·청각·발달 장애 정보는 확보 중이며, 열린관광 모두의여행(access.visitkorea.or.kr) 또는 이지제주(easyjeju.net)에서 확인하실 수 있습니다.",SURVEYED,"FIX51: 접근사슬 판정 — wheelchairAccess 는 섬 도착 이후 현장 접근성, recommendForMobility 는 본섬 출발부터 핵심 활동까지의 종단 간 도달 가능성을 뜻합니다. 필수 여객선의 안전한 승하선이 공식 확인되지 않아 게이트만 N 으로 내리고 현장 등급은 보존합니다. 근거: 2023-05 전동휠체어 이용자 성산항→하우목동항 승선 기록(전윤선 무장애여행), 2025-08 차량 선적 보도. 선사 공식 장애인 승선정책 원문은 미발견 ※ [FIX83] 접근사슬 판정 — 현장 등급은 보존하고 진입 관문(여객선)만 하향 (FIX51)",FIX51: 게이트 Y→N (접근사슬) | FIX83: 이용자 사유 필드에서 내부 표기 제거,v3,FACILITY_SURVEY,편의시설 조사: 장애인 주차장 있음+장애인 화장실 있음,,,,N,UNKNOWN,UNKNOWN,
ACC_P071,P071,NONE,UNKNOWN,UNKNOWN,UNKNOWN,NONE,NONE,PARTIAL,UNKNOWN,Y,UNAVAILABLE,UNAVAILABLE,시설접근 기준 판정 — 활동참여 개별 근거 미확보,,실내시설+휠체어/유모차 이용 제한,UNKNOWN,,전시장에서는 휠체어 이용이 제한되어 있어 관람이 어렵습니다. 방문 전에 운영처에 이용 가능 범위를 확인해 주세요.,출입구 접근은 가능하다는 자료가 있으나 운영기관이 휠체어 및 유모차 이용 제한을 명시하고 있어 핵심 전시 관람이 제한됨.,,,휠내비길(wheelnavi.kr) 음성안내 · 제주올레 오디오가이드(jejuolle.org) 코스별 음성해설,「탐나는수어」 앱 · 제주수어통역센터 여행수어 자료(jejudeaf.com),,,,차량+대중교통,,,,,,,,,,,,2023-12,,,,,,,UNKNOWN,UNKNOWN,,,,,제주관광약자접근성안내센터(이지제주) · 한국관광공사 열린관광 · ㈜휴플 현장조사,2026-06,2024~2026,https://nohyung-supermarket.com/TICKET · https://access.visitkorea.or.kr/ms/detail.do?cotId=60bf63e2-6a3c-4ac6-88b3-91b1790e45a8,제주관광공사 「오감으로 즐기는 제주」(2023.12.22) · 한국관광공사 열린관광지 · 이지제주,"현재 무장애 정보는 이동(지체) 접근성 기준입니다. 시각·청각·발달 장애 정보는 확보 중이며, 열린관광 모두의여행(access.visitkorea.or.kr) 또는 이지제주(easyjeju.net)에서 확인하실 수 있습니다.",SURVEYED,,,v3,FACILITY_SURVEY,편의시설 조사: UNKNOWN,,,,N,UNKNOWN,UNKNOWN,시각·청각 접근성 정보가 확인되지 않았습니다
ACC_P072,P072,FULL,UNKNOWN,UNKNOWN,UNKNOWN,FULL,FULL,FULL,FULL,Y,AVAILABLE,UNKNOWN,판정 대상 제외(EXCLUDED) — 무장애 판정을 수행하지 않은 노드,,휠체어 접근 가능,휠체어 대여 가능+유모차 대여 가능+장애인 주차장 있음+장애인 화장실 있음+수유실/영유아 돌봄 가능+엘리베이터 있음,,,,,,휠내비길(wheelnavi.kr) 음성안내 · 제주올레 오디오가이드(jejuolle.org) 코스별 음성해설,「탐나는수어」 앱 · 제주수어통역센터 여행수어 자료(jejudeaf.com),,IN_VENUE,이용 동선에서 이용 가능,차량+대중교통,,,,,,,,,,,,2023-12,,,,,,,UNKNOWN,UNKNOWN,,,,,제주관광약자접근성안내센터(이지제주) · 한국관광공사 열린관광 · ㈜휴플 현장조사,2026-06,2024~2026,https://easyjeju.net,제주관광공사 「오감으로 즐기는 제주」(2023.12.22) · 한국관광공사 열린관광지 · 이지제주,"현재 무장애 정보는 이동(지체) 접근성 기준입니다. 시각·청각·발달 장애 정보는 확보 중이며, 열린관광 모두의여행(access.visitkorea.or.kr) 또는 이지제주(easyjeju.net)에서 확인하실 수 있습니다.",EXCLUDED,검증제외 — 상업시설(관광지 추천 대상 아님),FIX75: activityAccess 값 제거 — 판정 대상 제외 노드에 값이 부여된 오류 정정,v3,NOT_APPLICABLE,,,,,Y,UNKNOWN,UNKNOWN,
ACC_P073,P073,FULL,UNKNOWN,UNKNOWN,UNKNOWN,FULL,FULL,FULL,FULL,Y,AVAILABLE,AVAILABLE,시설접근 기준 판정 — 활동참여 개별 근거 미확보,경사로 있음,휠체어 접근 가능,경사로 있음+휠체어 이용 가능+장애인 주차장 있음+장애인 화장실 있음+엘리베이터 있음+점자표지 있음,,장애인 객실이 확인됩니다. 예약할 때 객실 유형과 이용 가능 여부를 확인해 주세요.,,,,휠내비길(wheelnavi.kr) 음성안내 · 제주올레 오디오가이드(jejuolle.org) 코스별 음성해설,「탐나는수어」 앱 · 제주수어통역센터 여행수어 자료(jejudeaf.com),,IN_VENUE,이용 동선에서 이용 가능,차량+대중교통,,,,,,,,,,,,2023-12,,,,,,,UNKNOWN,UNKNOWN,,,미확인 — 이지제주(숙박>호텔) 또는 열린관광 숙박 상세에서 확인 필요,,제주관광약자접근성안내센터(이지제주) · 한국관광공사 열린관광 · ㈜휴플 현장조사,2026-06,2024~2026,https://easyjeju.net/pages.php?folders=accommodation&no=1826&p=tourist,제주관광공사 「오감으로 즐기는 제주」(2023.12.22) · 한국관광공사 열린관광지 · 이지제주,"현재 무장애 정보는 이동(지체) 접근성 기준입니다. 시각·청각·발달 장애 정보는 확보 중이며, 열린관광 모두의여행(access.visitkorea.or.kr) 또는 이지제주(easyjeju.net)에서 확인하실 수 있습니다.",PENDING,"검증대기(2026-07) — 법정 의무시설 추정, 원문 미대조",,v3,LEGAL_PRESUMPTION,,,,,Y,UNKNOWN,UNKNOWN,
ACC_P074,P074,PARTIAL,UNKNOWN,UNKNOWN,UNKNOWN,PARTIAL,PARTIAL,PARTIAL,FULL,Y,CONDITIONAL,CONDITIONAL,시설접근 기준 판정 — 활동참여 개별 근거 미확보,,포장도로+계단 있음+일부 구간 접근 제한+휠체어 접근 가능,휠체어 대여 가능+장애인 주차장 있음+장애인 화장실 있음,주출입구와 주요 관람로는 휠체어 접근이 가능하지만 전망대는 계단으로 되어 있어 접근이 제한됨.,"출입구와 주요 관람 구간은 휠체어로 이동할 수 있지만, 전망대에는 계단이 있어 접근하기 어렵습니다.",,,,휠내비길(wheelnavi.kr) 음성안내 · 제주올레 오디오가이드(jejuolle.org) 코스별 음성해설,「탐나는수어」 앱 · 제주수어통역센터 여행수어 자료(jejudeaf.com),,IN_VENUE,이용 동선에서 이용 가능,차량+대중교통+도보,,,,,,,,,,,,2023-12,,,,,,,UNKNOWN,UNKNOWN,,,,,제주관광약자접근성안내센터(이지제주) · 한국관광공사 열린관광 · ㈜휴플 현장조사,2026-06,2024~2026,https://access.visitkorea.or.kr/ms/detail.do?cotId=387954c4-acf5-4722-a11b-c5c4aac2d458,제주관광공사 「오감으로 즐기는 제주」(2023.12.22) · 한국관광공사 열린관광지 · 이지제주,"현재 무장애 정보는 이동(지체) 접근성 기준입니다. 시각·청각·발달 장애 정보는 확보 중이며, 열린관광 모두의여행(access.visitkorea.or.kr) 또는 이지제주(easyjeju.net)에서 확인하실 수 있습니다.",SURVEYED,,,v3,ROUTE_SURVEY,경로 상태 조사: 포장도로+계단 있음+일부 구간 접근 제한+휠체어 접근 가능,,,,Y,UNKNOWN,UNKNOWN,
ACC_P075,P075,PARTIAL,PARTIAL,UNKNOWN,UNKNOWN,PARTIAL,PARTIAL,PARTIAL,FULL,Y,CONDITIONAL,CONDITIONAL,시설접근 기준 판정 — 활동참여 개별 근거 미확보,주차장에서 매표소까지 접근로에 약 5도 경사 있습니다+매표소 접근로 단차 없이 이동 가능합니다+대체로 3~4도의 경사가 있습니다,숲길+휠체어 접근 가능,장애인 화장실 있음,달구지길은 휠체어 이용이 가능하지만 별도의 원시림 숲길은 자연 탐방로로 조성되어 있어 전 구간 무장애 이용은 어려움.,"달구지길은 휠체어로 다닐 수 있지만, 원시림 숲길은 보행 중심의 자연 탐방로입니다. 휠체어를 이용하신다면 달구지길을 이용해 주세요.",,,,휠내비길(wheelnavi.kr) 음성안내 · 제주올레 오디오가이드(jejuolle.org) 코스별 음성해설,「탐나는수어」 앱 · 제주수어통역센터 여행수어 자료(jejudeaf.com),,IN_VENUE,이용 동선에서 이용 가능,차량+대중교통+도보,,,,,,,,,,,,2023-12,,,,,,,UNKNOWN,UNKNOWN,,,,,제주관광약자접근성안내센터(이지제주) · 한국관광공사 열린관광 · ㈜휴플 현장조사,2026-06,2024~2026,https://access.visitkorea.or.kr/ms/detail.do?cotId=5d6e6157-ad08-48f4-9194-29ad77e148d5 · https://www.data.go.kr/data/15101897/openapi.do,제주관광공사 「오감으로 즐기는 제주」(2023.12.22) · 한국관광공사 열린관광지 · 이지제주,"현재 무장애 정보는 이동(지체) 접근성 기준입니다. 시각·청각·발달 장애 정보는 확보 중이며, 열린관광 모두의여행(access.visitkorea.or.kr) 또는 이지제주(easyjeju.net)에서 확인하실 수 있습니다.",SURVEYED,[FIX65] 한국관광공사 무장애 API(detailWithTour2) — braileblock=점자블록 있음(주요시설 앞)_시각장애인 편의시설,FIX65: visualAccess UNKNOWN→PARTIAL (KTO API),v3,ROUTE_SURVEY,경로 상태 조사: 숲길+휠체어 접근 가능,,,,Y,UNKNOWN,UNKNOWN,
ACC_P076,P076,FULL,UNKNOWN,UNKNOWN,UNKNOWN,FULL,FULL,FULL,FULL,Y,AVAILABLE,AVAILABLE,시설접근 기준 판정 — 활동참여 개별 근거 미확보,"주출입구 단차 없고 유효폭 적정합니다+내부보행로 단차 없고, 유효폭 적정합니다+장애인 객실 출입구 단차 없습니다. 출입구 유효폭 적정합니다",휠체어 접근 가능,유모차 대여 가능+장애인 주차장 있음+장애인 화장실 있음+엘리베이터 있음+장애인 객실 있음,,장애인 객실 보유 여부를 확인하지 못했습니다. 휠체어 이용이 필요하다면 예약 전에 호텔에 문의해 주세요.,,,,휠내비길(wheelnavi.kr) 음성안내 · 제주올레 오디오가이드(jejuolle.org) 코스별 음성해설,「탐나는수어」 앱 · 제주수어통역센터 여행수어 자료(jejudeaf.com),,IN_VENUE,이용 동선에서 이용 가능,차량+대중교통,,,,,,,,,,,,2023-12,,,,,,,UNKNOWN,UNKNOWN,,,미확인 — 이지제주(숙박>호텔) 또는 열린관광 숙박 상세에서 확인 필요,,제주관광약자접근성안내센터(이지제주) · 한국관광공사 열린관광 · ㈜휴플 현장조사,2026-06,2024~2026,easyjeju.net(숙박>호텔) / access.visitkorea.or.kr(숙박시설),제주관광공사 「오감으로 즐기는 제주」(2023.12.22) · 한국관광공사 열린관광지 · 이지제주,"현재 무장애 정보는 이동(지체) 접근성 기준입니다. 시각·청각·발달 장애 정보는 확보 중이며, 열린관광 모두의여행(access.visitkorea.or.kr) 또는 이지제주(easyjeju.net)에서 확인하실 수 있습니다.",PENDING,"검증대기(2026-07) — 법정 의무시설 추정, 원문 미대조",,v3,LEGAL_PRESUMPTION,,,,,Y,UNKNOWN,UNKNOWN,
ACC_P077,P077,PARTIAL,UNKNOWN,UNKNOWN,UNKNOWN,PARTIAL,PARTIAL,PARTIAL,FULL,Y,CONDITIONAL,CONDITIONAL,시설접근 기준 판정 — 활동참여 개별 근거 미확보,,포장도로+계단 있음+일부 구간 접근 제한+휠체어 접근 가능,장애인 주차장 있음+장애인 화장실 있음,입구 주변과 일부 관람 구간은 접근 가능하지만 폭포를 따라 내려가는 탐방로에 계단이 많아 전 구간 이용은 어려움.,"입구 주변은 휠체어로 이동할 수 있지만, 폭포를 따라 내려가는 관람로에는 계단이 많아 일부 구간은 접근하기 어렵습니다.",,,,휠내비길(wheelnavi.kr) 음성안내 · 제주올레 오디오가이드(jejuolle.org) 코스별 음성해설,「탐나는수어」 앱 · 제주수어통역센터 여행수어 자료(jejudeaf.com),,IN_VENUE,이용 동선에서 이용 가능,차량+대중교통+도보,,,,,,,,,,,,2023-12,,,,,,,UNKNOWN,UNKNOWN,,,,,제주관광약자접근성안내센터(이지제주) · 한국관광공사 열린관광 · ㈜휴플 현장조사,2026-06,2024~2026,https://korean.visitkorea.or.kr/detail/ms_detail.do?cotid=32ccc98e-e00b-463b-80db-0e33cd20c86e,제주관광공사 「오감으로 즐기는 제주」(2023.12.22) · 한국관광공사 열린관광지 · 이지제주,"현재 무장애 정보는 이동(지체) 접근성 기준입니다. 시각·청각·발달 장애 정보는 확보 중이며, 열린관광 모두의여행(access.visitkorea.or.kr) 또는 이지제주(easyjeju.net)에서 확인하실 수 있습니다.",SURVEYED,,,v3,ROUTE_SURVEY,경로 상태 조사: 포장도로+계단 있음+일부 구간 접근 제한+휠체어 접근 가능,,,"계곡물은 수심을 눈으로 가늠하기 어렵고 바닥이 미끄러우니 발이 닿는 곳에서만 머물러 주세요. 비가 온 뒤에는 상류에서 물이 갑자기 불어날 수 있어, 시간당 10mm 이상 비가 예보된 날에는 입수를 삼가 주세요. 폭포 아래는 수심이 깊고 물살이 강합니다.",Y,UNKNOWN,UNKNOWN,
ACC_P078,P078,PARTIAL,UNKNOWN,UNKNOWN,UNKNOWN,PARTIAL,PARTIAL,PARTIAL,FULL,Y,CONDITIONAL,CONDITIONAL,시설접근 기준 판정 — 활동참여 개별 근거 미확보,경사로 있음,동행보조 필요+휠체어 접근 가능,경사로 있음+장애인 주차장 있음+장애인 화장실 있음,휠체어 전용 관람 공간이 마련되어 있으나 일반석과 좌석 배치가 달라 입장 시 직원 안내가 필요함.,휠체어 전용 관람 공간이 마련되어 있습니다. 좌석 배치가 일반석과 달라 입장 전에 직원에게 말씀해 주세요.,,,,휠내비길(wheelnavi.kr) 음성안내 · 제주올레 오디오가이드(jejuolle.org) 코스별 음성해설,「탐나는수어」 앱 · 제주수어통역센터 여행수어 자료(jejudeaf.com),,IN_VENUE,이용 동선에서 이용 가능,차량+대중교통,,,,,,,,,,,,2023-12,,,,,,,UNKNOWN,UNKNOWN,,,,,제주관광약자접근성안내센터(이지제주) · 한국관광공사 열린관광 · ㈜휴플 현장조사,2026-06,2024~2026,https://jejuartcircus.co.kr/reservation.asp,제주관광공사 「오감으로 즐기는 제주」(2023.12.22) · 한국관광공사 열린관광지 · 이지제주,"현재 무장애 정보는 이동(지체) 접근성 기준입니다. 시각·청각·발달 장애 정보는 확보 중이며, 열린관광 모두의여행(access.visitkorea.or.kr) 또는 이지제주(easyjeju.net)에서 확인하실 수 있습니다.",SURVEYED,,,v3,ROUTE_SURVEY,경로 상태 조사: 동행보조 필요+휠체어 접근 가능,,,,Y,UNKNOWN,UNKNOWN,
ACC_P079,P079,PARTIAL,UNKNOWN,UNKNOWN,UNKNOWN,PARTIAL,PARTIAL,PARTIAL,NONE,Y,CONDITIONAL,CONDITIONAL,시설접근 기준 판정 — 활동참여 개별 근거 미확보,경사 있음,계단 있음+차량 접근 가능+동행보조 필요,UNKNOWN,차량으로 경내 가까이 접근할 수 있으나 사찰 내부에 계단과 경사 구간이 있어 휠체어 전 구간 이동은 어려움.,차량으로 가까이 접근할 수 있지만 경내에는 계단과 경사가 있는 구간이 있습니다. 휠체어로 이동하신다면 일부 구간에서 동행자의 도움이 필요할 수 있습니다.,,,,휠내비길(wheelnavi.kr) 음성안내 · 제주올레 오디오가이드(jejuolle.org) 코스별 음성해설,「탐나는수어」 앱 · 제주수어통역센터 여행수어 자료(jejudeaf.com),,,,차량+대중교통,,,,,,,,,,,,2023-12,,,,,,,UNKNOWN,UNKNOWN,,,,,제주관광약자접근성안내센터(이지제주) · 한국관광공사 열린관광 · ㈜휴플 현장조사,2026-06,2024~2026,https://korean.visitkorea.or.kr/detail/ms_detail.do?cotid=32cb406e-8135-43c2-adc6-7d0e92c87d91,제주관광공사 「오감으로 즐기는 제주」(2023.12.22) · 한국관광공사 열린관광지 · 이지제주,"현재 무장애 정보는 이동(지체) 접근성 기준입니다. 시각·청각·발달 장애 정보는 확보 중이며, 열린관광 모두의여행(access.visitkorea.or.kr) 또는 이지제주(easyjeju.net)에서 확인하실 수 있습니다.",SURVEYED,,,v3,ROUTE_SURVEY,경로 상태 조사: 계단 있음+차량 접근 가능+동행보조 필요,,,,Y,UNKNOWN,UNKNOWN,
ACC_P080,P080,FULL,UNKNOWN,UNKNOWN,UNKNOWN,FULL,FULL,FULL,FULL,Y,AVAILABLE,AVAILABLE,시설접근 기준 판정 — 활동참여 개별 근거 미확보,,휠체어 접근 가능,장애인 주차장 있음+장애인 화장실 있음+엘리베이터 있음+장애인 객실 있음,,장애인 객실이 있습니다. 예약할 때 이용 가능 여부를 확인해 주세요.,,,,휠내비길(wheelnavi.kr) 음성안내 · 제주올레 오디오가이드(jejuolle.org) 코스별 음성해설,「탐나는수어」 앱 · 제주수어통역센터 여행수어 자료(jejudeaf.com),,IN_VENUE,이용 동선에서 이용 가능,차량+대중교통,,,,,,,,,,,,2023-12,,,,,,,UNKNOWN,UNKNOWN,,,미확인 — 이지제주(숙박>호텔) 또는 열린관광 숙박 상세에서 확인 필요,,제주관광약자접근성안내센터(이지제주) · 한국관광공사 열린관광 · ㈜휴플 현장조사,2026-06,2024~2026,https://easyjeju.net/pages.php?no=1309&p=tourist,제주관광공사 「오감으로 즐기는 제주」(2023.12.22) · 한국관광공사 열린관광지 · 이지제주,"현재 무장애 정보는 이동(지체) 접근성 기준입니다. 시각·청각·발달 장애 정보는 확보 중이며, 열린관광 모두의여행(access.visitkorea.or.kr) 또는 이지제주(easyjeju.net)에서 확인하실 수 있습니다.",PENDING,"검증대기(2026-07) — 법정 의무시설 추정, 원문 미대조",,v3,LEGAL_PRESUMPTION,,,,,Y,UNKNOWN,UNKNOWN,
ACC_P081,P081,PARTIAL,UNKNOWN,UNKNOWN,UNKNOWN,PARTIAL,PARTIAL,PARTIAL,FULL,Y,CONDITIONAL,CONDITIONAL,시설접근(터미널) 가능 / 활동참여(승선) 조건부 — 선사·선박별 편차,,포장도로+선박 승하선 보조 필요+휠체어 접근 가능,장애인 주차장 있음+장애인 화장실 있음,여객터미널(가파도·마라도 항로) — 장애인 주차구역·장애인 화장실 보유로 터미널 주변 접근 가능. 승하선 설비는 선사·선박별 편차. 승선 전 사전 확인 필요,"장애인 주차구역과 장애인 화장실이 있어 터미널 주변 이동은 가능합니다. 가파도·마라도 배편이 오가는 곳인데, 배에 오르내리는 설비는 선사와 선박마다 차이가 커서 승선 전에 미리 확인하시는 것이 안전합니다.",,,,휠내비길(wheelnavi.kr) 음성안내 · 제주올레 오디오가이드(jejuolle.org) 코스별 음성해설,「탐나는수어」 앱 · 제주수어통역센터 여행수어 자료(jejudeaf.com),,IN_VENUE,이용 동선에서 이용 가능,차량+대중교통,,,,,,,,,,,,2023-12,,,,,,,UNKNOWN,UNKNOWN,,,,,제주관광약자접근성안내센터(이지제주) · 한국관광공사 열린관광 · ㈜휴플 현장조사,2026-06,2024~2026,https://easyjeju.net,제주관광공사 「오감으로 즐기는 제주」(2023.12.22) · 한국관광공사 열린관광지 · 이지제주,"현재 무장애 정보는 이동(지체) 접근성 기준입니다. 시각·청각·발달 장애 정보는 확보 중이며, 열린관광 모두의여행(access.visitkorea.or.kr) 또는 이지제주(easyjeju.net)에서 확인하실 수 있습니다.",SURVEYED,,FIX79: 승하선 제약 명문화 — 가파도·마라도 항로,v3,FACILITY_SURVEY,편의시설 조사: 장애인 주차장 있음+장애인 화장실 있음,,,,Y,UNKNOWN,UNKNOWN,
ACC_P082,P082,PARTIAL,UNKNOWN,UNKNOWN,UNKNOWN,PARTIAL,FULL,FULL,FULL,Y,CONDITIONAL,CONDITIONAL,시설접근 기준 판정 — 활동참여 개별 근거 미확보,"외부 관람로 요철, 단차, 경사 다수 있습니다+일본정원 출입구 짧은 경사23도, 유효 폭 73cm, 출구 5도 경사가 있으며, 요철 구간 다수 있습니다+한국정원 정문 출입구 계단 단차로 출구로 접근해야하며, 10도 경사 및 바닥 요철 마감입니다",휠체어 접근 가능,경사로 있음+휠체어 대여 가능+유모차 대여 가능+장애인 주차장 있음+장애인 화장실 있음+엘리베이터 있음,일본정원 출입구가 매우 가파르고 유효 폭이 73cm로 좁아 일부 구역 진입이 곤란함,,"일본정원 출입구 23도 경사, 유효폭 73cm — 일부 구역 진입 곤란",,,휠내비길(wheelnavi.kr) 음성안내 · 제주올레 오디오가이드(jejuolle.org) 코스별 음성해설,「탐나는수어」 앱 · 제주수어통역센터 여행수어 자료(jejudeaf.com),,IN_VENUE,이용 동선에서 이용 가능,차량+대중교통+도보,,,,,,,,,,,,2023-12,,,,,,,UNKNOWN,UNKNOWN,,,,,제주관광약자접근성안내센터(이지제주) · 한국관광공사 열린관광 · ㈜휴플 현장조사,2026-06,2024~2026,https://easyjeju.net,제주관광공사 「오감으로 즐기는 제주」(2023.12.22) · 한국관광공사 열린관광지 · 이지제주,"현재 무장애 정보는 이동(지체) 접근성 기준입니다. 시각·청각·발달 장애 정보는 확보 중이며, 열린관광 모두의여행(access.visitkorea.or.kr) 또는 이지제주(easyjeju.net)에서 확인하실 수 있습니다.",SURVEYED,,FIX13: FULL 검증 결과 하향,v3,ROUTE_SURVEY,경로 상태 조사: 휠체어 접근 가능,,,,Y,UNKNOWN,UNKNOWN,
ACC_P083,P083,FULL,UNKNOWN,UNKNOWN,UNKNOWN,FULL,FULL,FULL,FULL,Y,AVAILABLE,AVAILABLE,시설접근 기준 판정 — 활동참여 개별 근거 미확보,경사로 있음,휠체어 접근 가능,경사로 있음+장애인 주차장 있음+장애인 화장실 있음+엘리베이터 있음,,공식 객실 안내에서 장애인 객실을 확인하지 못했습니다. 휠체어 이용이 필요하다면 예약 전에 호텔에 문의해 주세요.,,,,휠내비길(wheelnavi.kr) 음성안내 · 제주올레 오디오가이드(jejuolle.org) 코스별 음성해설,「탐나는수어」 앱 · 제주수어통역센터 여행수어 자료(jejudeaf.com),,IN_VENUE,이용 동선에서 이용 가능,차량+대중교통,,,,,,,,,,,,2023-12,,,,,,,UNKNOWN,UNKNOWN,,,미확인 — 이지제주(숙박>호텔) 또는 열린관광 숙박 상세에서 확인 필요,,제주관광약자접근성안내센터(이지제주) · 한국관광공사 열린관광 · ㈜휴플 현장조사,2026-06,2024~2026,https://hoteltheborn.com/overview/,제주관광공사 「오감으로 즐기는 제주」(2023.12.22) · 한국관광공사 열린관광지 · 이지제주,"현재 무장애 정보는 이동(지체) 접근성 기준입니다. 시각·청각·발달 장애 정보는 확보 중이며, 열린관광 모두의여행(access.visitkorea.or.kr) 또는 이지제주(easyjeju.net)에서 확인하실 수 있습니다.",PENDING,"검증대기(2026-07) — 법정 의무시설 추정, 원문 미대조",,v3,LEGAL_PRESUMPTION,,,,,Y,UNKNOWN,UNKNOWN,
ACC_P084,P084,PARTIAL,PARTIAL,UNKNOWN,UNKNOWN,PARTIAL,PARTIAL,PARTIAL,FULL,Y,CONDITIONAL,CONDITIONAL,시설접근 기준 판정 — 활동참여 개별 근거 미확보,"주 출입구 접근로, 매표소 접근로 경사 있습니다+내부 관람로 경사 구간 다수 있습니다+매표소 접근로 9~13.7도 경사로 있습니다",포장도로+일부 구간 접근 제한+휠체어 접근 가능,휠체어 대여 가능+유모차 대여 가능+장애인 주차장 있음+장애인 화장실 있음+수유실/영유아 돌봄 가능,공원 대부분은 휠체어로 이동 가능하지만 동굴 구간은 휠체어 접근이 어려워 전체 관람은 제한됨.,공원 대부분은 휠체어로 이동할 수 있지만 동굴 구간은 이용하기 어렵습니다. 동굴을 제외한 관람로를 이용해 주세요.,,"시각장애인 추천 코스 1일차 수록: 동굴탐험·식물 만져보기. 야자수 등 독특한 식생 촉각 체험 추천장소로 명시(오감 p.5,7)",,휠내비길(wheelnavi.kr) 음성안내 · 제주올레 오디오가이드(jejuolle.org) 코스별 음성해설,「탐나는수어」 앱 · 제주수어통역센터 여행수어 자료(jejudeaf.com),,IN_VENUE,이용 동선에서 이용 가능,차량+대중교통+도보,NONE,Y,,,,,㈜휴플 자체 현장조사 (2024~2025),,,,,2023-12,,,,,,,UNKNOWN,UNKNOWN,,,,,제주관광약자접근성안내센터(이지제주) · 한국관광공사 열린관광 · ㈜휴플 현장조사,2026-06,2024~2026,https://access.visitkorea.or.kr/ms/detail.do?cotId=163866e0-1384-4f90-a3af-731479d9f76e,제주관광공사 「오감으로 즐기는 제주」(2023.12.22) · 한국관광공사 열린관광지 · 이지제주,"현재 무장애 정보는 이동(지체) 접근성 기준입니다. 시각·청각·발달 장애 정보는 확보 중이며, 열린관광 모두의여행(access.visitkorea.or.kr) 또는 이지제주(easyjeju.net)에서 확인하실 수 있습니다.",VERIFIED,,,v3,FIELD_SURVEY,㈜휴플 자체 현장조사 / 경로: 포장도로+일부 구간 접근 제한+휠체어 접근 가능,,,,Y,Y,UNKNOWN,
ACC_P085,P085,NONE,UNKNOWN,UNKNOWN,UNKNOWN,NONE,NONE,NONE,UNKNOWN,N,UNAVAILABLE,UNAVAILABLE,주차장 등 진입부는 이용 가능 / 오름 등반로는 접근 불가,경사 있음,비포장+오름 탐방로,UNKNOWN,,용눈이오름의 오름 등반로는 비포장 자연 노면이라 휠체어로 이동하시기 어렵습니다. 장애인 화장실은 확인되지 않았습니다.,,,,휠내비길(wheelnavi.kr) 음성안내 · 제주올레 오디오가이드(jejuolle.org) 코스별 음성해설,「탐나는수어」 앱 · 제주수어통역센터 여행수어 자료(jejudeaf.com),,,,차량+도보,,,,,,,,,,,,2023-12,,,,,,,UNKNOWN,UNKNOWN,,,,,제주관광약자접근성안내센터(이지제주) · 한국관광공사 열린관광 · ㈜휴플 현장조사,2026-06,2024~2026,https://easyjeju.net,제주관광공사 「오감으로 즐기는 제주」(2023.12.22) · 한국관광공사 열린관광지 · 이지제주,"현재 무장애 정보는 이동(지체) 접근성 기준입니다. 시각·청각·발달 장애 정보는 확보 중이며, 열린관광 모두의여행(access.visitkorea.or.kr) 또는 이지제주(easyjeju.net)에서 확인하실 수 있습니다.",SURVEYED,[FIX89] 산·오름 사유 이관 — 조사 기록은 routeCondition·barrierFreeDetail 참조,,v3,ROUTE_SURVEY,경로 상태 조사: 비포장+오름 탐방로,,,,N,UNKNOWN,UNKNOWN,"시각장애인은 동행자와 함께라면 이용 가능할 수 있으나 안내 설비 정보가 없습니다. 청각장애인은 이동에 제약이 적을 것으로 보이나, 조난 시 연락 수단·안내 방송 여부가 확인되지 않았습니다"
ACC_P086,P086,FULL,UNKNOWN,UNKNOWN,UNKNOWN,FULL,FULL,FULL,FULL,Y,AVAILABLE,AVAILABLE,시설접근 기준 판정 — 활동참여 개별 근거 미확보,,휠체어 접근 가능,장애인 주차장 있음+장애인 화장실 있음+엘리베이터 있음+장애인 객실 있음+점자블록 있음+안내데스크 있음,,무장애 객실이 운영됩니다. 예약할 때 해당 객실의 이용 가능 여부를 확인해 주세요.,,,,휠내비길(wheelnavi.kr) 음성안내 · 제주올레 오디오가이드(jejuolle.org) 코스별 음성해설,「탐나는수어」 앱 · 제주수어통역센터 여행수어 자료(jejudeaf.com),,IN_VENUE,이용 동선에서 이용 가능,차량+대중교통,,,,,,,,,,,,2023-12,,,,,,,UNKNOWN,UNKNOWN,,,미확인 — 이지제주(숙박>호텔) 또는 열린관광 숙박 상세에서 확인 필요,,제주관광약자접근성안내센터(이지제주) · 한국관광공사 열린관광 · ㈜휴플 현장조사,2026-06,2024~2026,https://access.visitkorea.or.kr/acm/detail.do?cotId=4bdae329-b5a3-4d92-9aa0-cc7c192ab576,제주관광공사 「오감으로 즐기는 제주」(2023.12.22) · 한국관광공사 열린관광지 · 이지제주,"현재 무장애 정보는 이동(지체) 접근성 기준입니다. 시각·청각·발달 장애 정보는 확보 중이며, 열린관광 모두의여행(access.visitkorea.or.kr) 또는 이지제주(easyjeju.net)에서 확인하실 수 있습니다.",PENDING,"검증대기(2026-07) — 법정 의무시설 추정, 원문 미대조",,v3,LEGAL_PRESUMPTION,,,,,Y,UNKNOWN,UNKNOWN,
ACC_P087,P087,FULL,UNKNOWN,UNKNOWN,UNKNOWN,FULL,FULL,FULL,FULL,Y,AVAILABLE,AVAILABLE,시설접근 기준 판정 — 활동참여 개별 근거 미확보,,휠체어 접근 가능,장애인 주차장 있음+장애인 화장실 있음+엘리베이터 있음+장애인 객실 있음,,장애인 객실이 있습니다. 예약할 때 이용 가능 여부를 확인해 주세요.,,,,휠내비길(wheelnavi.kr) 음성안내 · 제주올레 오디오가이드(jejuolle.org) 코스별 음성해설,「탐나는수어」 앱 · 제주수어통역센터 여행수어 자료(jejudeaf.com),,IN_VENUE,이용 동선에서 이용 가능,차량+대중교통,,,,,,,,,,,,2023-12,,,,,,,UNKNOWN,UNKNOWN,,,미확인 — 이지제주(숙박>호텔) 또는 열린관광 숙박 상세에서 확인 필요,,제주관광약자접근성안내센터(이지제주) · 한국관광공사 열린관광 · ㈜휴플 현장조사,2026-06,2024~2026,https://easyjeju.net/pages.php?folders=accommodation&no=833&p=tourist,제주관광공사 「오감으로 즐기는 제주」(2023.12.22) · 한국관광공사 열린관광지 · 이지제주,"현재 무장애 정보는 이동(지체) 접근성 기준입니다. 시각·청각·발달 장애 정보는 확보 중이며, 열린관광 모두의여행(access.visitkorea.or.kr) 또는 이지제주(easyjeju.net)에서 확인하실 수 있습니다.",PENDING,"검증대기(2026-07) — 법정 의무시설 추정, 원문 미대조",,v3,LEGAL_PRESUMPTION,,,,,Y,UNKNOWN,UNKNOWN,
ACC_P088,P088,FULL,UNKNOWN,UNKNOWN,UNKNOWN,FULL,FULL,FULL,FULL,N,AVAILABLE,AVAILABLE,시설접근 기준 판정 — 활동참여 개별 근거 미확보,,휠체어 접근 가능,유모차 이용 가능+장애인 화장실 있음+엘리베이터 있음+점자표지 있음+장애인 객실 있음,,,,,,휠내비길(wheelnavi.kr) 음성안내 · 제주올레 오디오가이드(jejuolle.org) 코스별 음성해설,「탐나는수어」 앱 · 제주수어통역센터 여행수어 자료(jejudeaf.com),,IN_VENUE,이용 동선에서 이용 가능,차량,,,,,,,,,,,,2023-12,,,,,,,UNKNOWN,UNKNOWN,,,,,제주관광약자접근성안내센터(이지제주) · 한국관광공사 열린관광 · ㈜휴플 현장조사,2026-06,2024~2026,https://easyjeju.net,제주관광공사 「오감으로 즐기는 제주」(2023.12.22) · 한국관광공사 열린관광지 · 이지제주,"현재 무장애 정보는 이동(지체) 접근성 기준입니다. 시각·청각·발달 장애 정보는 확보 중이며, 열린관광 모두의여행(access.visitkorea.or.kr) 또는 이지제주(easyjeju.net)에서 확인하실 수 있습니다.",VERIFIED,검증완료(2026-07),,v3,FACILITY_SURVEY,편의시설 조사: 유모차 이용 가능+장애인 화장실 있음+엘리베이터 있음+점자표지 있음+장애인 객실 있음,,,,Y,UNKNOWN,UNKNOWN,
ACC_P089,P089,PARTIAL,UNKNOWN,UNKNOWN,UNKNOWN,PARTIAL,PARTIAL,PARTIAL,UNKNOWN,N,CONDITIONAL,CONDITIONAL,시설접근 기준 판정 — 활동참여 개별 근거 미확보,,포장도로+골프장/리조트 시설 중심,UNKNOWN,클럽하우스·리조트 공용공간의 접근성은 확인되지만 골프 코스에서의 휠체어 이동·탑승 지원 등 핵심 활동 접근성은 확인되지 않음.,"클럽하우스와 숙박시설은 접근 가능한 편이지만, 골프 코스에서 필요한 이동 지원은 확인되지 않았습니다. 라운드 예정이라면 사전에 시설에 문의해 주세요.",,,,휠내비길(wheelnavi.kr) 음성안내 · 제주올레 오디오가이드(jejuolle.org) 코스별 음성해설,「탐나는수어」 앱 · 제주수어통역센터 여행수어 자료(jejudeaf.com),,,,차량+도보,,,,,,,,,,,,2023-12,,,,,,,UNKNOWN,UNKNOWN,,,,,제주관광약자접근성안내센터(이지제주) · 한국관광공사 열린관광 · ㈜휴플 현장조사,2026-06,2024~2026,https://korean.visitkorea.or.kr/detail/ms_detail.do?cotid=80313940-1900-476e-9b31-76cdbf8a00d4,제주관광공사 「오감으로 즐기는 제주」(2023.12.22) · 한국관광공사 열린관광지 · 이지제주,"현재 무장애 정보는 이동(지체) 접근성 기준입니다. 시각·청각·발달 장애 정보는 확보 중이며, 열린관광 모두의여행(access.visitkorea.or.kr) 또는 이지제주(easyjeju.net)에서 확인하실 수 있습니다.",SURVEYED,,,v3,FACILITY_SURVEY,편의시설 조사: UNKNOWN,,,,Y,UNKNOWN,UNKNOWN,
ACC_P090,P090,PARTIAL,UNKNOWN,UNKNOWN,UNKNOWN,PARTIAL,PARTIAL,PARTIAL,UNKNOWN,Y,CONDITIONAL,CONDITIONAL,시설접근 기준 판정 — 활동참여 개별 근거 미확보,,비포장+초지/목장길+휠체어 접근 가능+동행보조 필요,휠체어 대여 가능+유모차 대여 가능,목장 내 흙길·초지 등 비포장 자연 노면이 있어 휠체어 접근이 가능한 구간에서도 이동 보조가 필요할 수 있음.,목장 안에는 흙길과 초지 구간이 있어 휠체어 이동이 불편할 수 있습니다. 야외 체험 시 동행자의 도움이 필요할 수 있습니다.,,,,휠내비길(wheelnavi.kr) 음성안내 · 제주올레 오디오가이드(jejuolle.org) 코스별 음성해설,「탐나는수어」 앱 · 제주수어통역센터 여행수어 자료(jejudeaf.com),,,,차량+대중교통+도보,,,,,,,,,,,,2023-12,,,,,,,UNKNOWN,UNKNOWN,,,,,제주관광약자접근성안내센터(이지제주) · 한국관광공사 열린관광 · ㈜휴플 현장조사,2026-06,2024~2026,https://korean.visitkorea.or.kr/detail/ms_detail.do?cotid=74f66c29-2b8f-47d1-a04d-de6639bfd7b1,제주관광공사 「오감으로 즐기는 제주」(2023.12.22) · 한국관광공사 열린관광지 · 이지제주,"현재 무장애 정보는 이동(지체) 접근성 기준입니다. 시각·청각·발달 장애 정보는 확보 중이며, 열린관광 모두의여행(access.visitkorea.or.kr) 또는 이지제주(easyjeju.net)에서 확인하실 수 있습니다.",SURVEYED,,,v3,ROUTE_SURVEY,경로 상태 조사: 비포장+초지/목장길+휠체어 접근 가능+동행보조 필요,,,,Y,UNKNOWN,UNKNOWN,
ACC_P091,P091,PARTIAL,UNKNOWN,UNKNOWN,UNKNOWN,PARTIAL,PARTIAL,PARTIAL,FULL,Y,CONDITIONAL,CONDITIONAL,시설접근 기준 판정 — 활동참여 개별 근거 미확보,,실내시설+일부 체험 접근 제한+휠체어 접근 가능,장애인 주차장 있음+장애인 화장실 있음+수유실/영유아 돌봄 가능+엘리베이터 있음,건물 내 휠체어 이동은 가능하나 일부 놀이·체험시설은 신체조건과 탑승 구조 때문에 이용이 제한됨.,"건물 안은 휠체어로 이동할 수 있지만, 일부 놀이·체험시설은 이용하기 어렵습니다. 이용 가능한 체험은 현장에서 먼저 확인해 주세요.",,,,휠내비길(wheelnavi.kr) 음성안내 · 제주올레 오디오가이드(jejuolle.org) 코스별 음성해설,「탐나는수어」 앱 · 제주수어통역센터 여행수어 자료(jejudeaf.com),,IN_VENUE,이용 동선에서 이용 가능,차량+대중교통,,,,,,,,,,,,2023-12,,,,,,,UNKNOWN,UNKNOWN,,,,,제주관광약자접근성안내센터(이지제주) · 한국관광공사 열린관광 · ㈜휴플 현장조사,2026-06,2024~2026,https://easyjeju.net,제주관광공사 「오감으로 즐기는 제주」(2023.12.22) · 한국관광공사 열린관광지 · 이지제주,"현재 무장애 정보는 이동(지체) 접근성 기준입니다. 시각·청각·발달 장애 정보는 확보 중이며, 열린관광 모두의여행(access.visitkorea.or.kr) 또는 이지제주(easyjeju.net)에서 확인하실 수 있습니다.",SURVEYED,,,v3,FACILITY_SURVEY,편의시설 조사: 장애인 주차장 있음+장애인 화장실 있음+수유실/영유아 돌봄 가능+엘리베이터 있음,,,,Y,UNKNOWN,UNKNOWN,
ACC_P092,P092,FULL,UNKNOWN,UNKNOWN,UNKNOWN,FULL,FULL,FULL,FULL,Y,AVAILABLE,AVAILABLE,시설접근 기준 판정 — 활동참여 개별 근거 미확보,경사로 있음,휠체어 접근 가능,경사로 있음+휠체어 대여 가능+장애인 주차장 있음+장애인 화장실 있음+엘리베이터 있음,,장애인 객실이 있습니다. 예약할 때 이용 가능 여부를 확인해 주세요.,,,,휠내비길(wheelnavi.kr) 음성안내 · 제주올레 오디오가이드(jejuolle.org) 코스별 음성해설,「탐나는수어」 앱 · 제주수어통역센터 여행수어 자료(jejudeaf.com),,IN_VENUE,이용 동선에서 이용 가능,차량+대중교통,,,,,,,,,,,,2023-12,,,,,,,UNKNOWN,UNKNOWN,,,미확인 — 이지제주(숙박>호텔) 또는 열린관광 숙박 상세에서 확인 필요,,제주관광약자접근성안내센터(이지제주) · 한국관광공사 열린관광 · ㈜휴플 현장조사,2026-06,2024~2026,https://korean.visitkorea.or.kr/detail/ms_detail.do?cotid=781bb1c1-7638-4f2b-af7a-8dcc8074f734,제주관광공사 「오감으로 즐기는 제주」(2023.12.22) · 한국관광공사 열린관광지 · 이지제주,"현재 무장애 정보는 이동(지체) 접근성 기준입니다. 시각·청각·발달 장애 정보는 확보 중이며, 열린관광 모두의여행(access.visitkorea.or.kr) 또는 이지제주(easyjeju.net)에서 확인하실 수 있습니다.",PENDING,"검증대기(2026-07) — 법정 의무시설 추정, 원문 미대조",,v3,LEGAL_PRESUMPTION,,,,,Y,UNKNOWN,UNKNOWN,
ACC_P093,P093,FULL,UNKNOWN,UNKNOWN,UNKNOWN,FULL,FULL,FULL,FULL,Y,AVAILABLE,UNKNOWN,"시설 접근은 가능하나, 활동 참여(입욕·탑승·체험)에 대한 개별 근거가 없습니다. 보조 인력·이동 전이 필요 여부는 시설에 직접 확인이 필요합니다.",경사로 있음,포장도로+휠체어 접근 가능,장애인 주차장 있음+장애인 화장실 있음+수유실/영유아 돌봄 가능+매표소 접근 가능+장애인 관람석(부분가능),,,,,,휠내비길(wheelnavi.kr) 음성안내 · 제주올레 오디오가이드(jejuolle.org) 코스별 음성해설,「탐나는수어」 앱 · 제주수어통역센터 여행수어 자료(jejudeaf.com),,IN_VENUE,이용 동선에서 이용 가능,차량+대중교통+도보,NONE,Y,,,,,㈜휴플 자체 현장조사 (2024~2025),,,,,2023-12,,,,,,,UNKNOWN,UNKNOWN,,,,,제주관광약자접근성안내센터(이지제주) · 한국관광공사 열린관광 · ㈜휴플 현장조사,2026-06,2024~2026,https://easyjeju.net,제주관광공사 「오감으로 즐기는 제주」(2023.12.22) · 한국관광공사 열린관광지 · 이지제주,"현재 무장애 정보는 이동(지체) 접근성 기준입니다. 시각·청각·발달 장애 정보는 확보 중이며, 열린관광 모두의여행(access.visitkorea.or.kr) 또는 이지제주(easyjeju.net)에서 확인하실 수 있습니다.",VERIFIED,검증완료(2026-07) — 경마 개최일만 운영,,v3,FIELD_SURVEY,㈜휴플 자체 현장조사 / 경로: 포장도로+휠체어 접근 가능,,,,Y,UNKNOWN,UNKNOWN,
ACC_P094,P094,PARTIAL,UNKNOWN,UNKNOWN,UNKNOWN,PARTIAL,PARTIAL,PARTIAL,FULL,Y,CONDITIONAL,CONDITIONAL,"포장 구간 접근 가능 / 활동참여 조건부 — 협소 구간, 백사장 진입 제약",,포장도로+백사장/모래길+폭 좁은 구간 있음+휠체어 접근 가능,장애인 화장실 있음,"포장도로 구간 있으나 폭 좁은 구간 존재, 백사장 모래길. 장애인 화장실 확보. 백사장 진입로·데크 설치 여부 미확인","포장도로가 이어져 있고 장애인 화장실이 갖춰져 있어 해변 주변까지는 휠체어로 가실 수 있습니다. 다만 폭이 좁은 구간이 있고, 백사장은 모래라 바퀴가 빠져 이동이 어렵습니다. 백사장 진입로나 데크가 있는지는 확인되지 않았습니다.",,,,휠내비길(wheelnavi.kr) 음성안내 · 제주올레 오디오가이드(jejuolle.org) 코스별 음성해설,「탐나는수어」 앱 · 제주수어통역센터 여행수어 자료(jejudeaf.com),,IN_VENUE,이용 동선에서 이용 가능,차량+대중교통+도보,,,,,,,,,,,,2023-12,,,,,,,UNKNOWN,UNKNOWN,,,,,제주관광약자접근성안내센터(이지제주) · 한국관광공사 열린관광 · ㈜휴플 현장조사,2026-06,2024~2026,https://easyjeju.net,제주관광공사 「오감으로 즐기는 제주」(2023.12.22) · 한국관광공사 열린관광지 · 이지제주,"현재 무장애 정보는 이동(지체) 접근성 기준입니다. 시각·청각·발달 장애 정보는 확보 중이며, 열린관광 모두의여행(access.visitkorea.or.kr) 또는 이지제주(easyjeju.net)에서 확인하실 수 있습니다.",SURVEYED,,FIX80: 해양 유형 접근 제약 명문화 — routeCondition·slopeInfo 이관,v3,FACILITY_SURVEY,편의시설 조사: 장애인 화장실 있음,UNKNOWN,모래사장은 휠체어 바퀴가 빠져 이동이 어렵습니다. 진입로·데크 설치 여부가 확인되지 않았으니 방문 전 문의하시거나 해변용 휠체어 대여 가능 여부를 확인해 주세요,발이 닿는 깊이까지만 들어가시고 먼 바다 쪽으로는 나가지 말아 주세요. 파고가 2m를 넘거나 풍랑특보가 발효되면 입수를 삼가 주세요. 너울은 파도가 잔잔해 보여도 갑자기 밀려오니 갯바위와 방파제 위에는 올라가지 말아 주세요. 체감온도 33도가 넘는 날에는 한낮 물놀이를 피하고 그늘에서 자주 쉬어 주세요. 휠체어 이용자는 파도에 중심을 잃기 쉽고 스스로 빠져나오기 어려우니 반드시 동행자와 함께해 주세요.,Y,UNKNOWN,UNKNOWN,
ACC_P095,P095,PARTIAL,UNKNOWN,UNKNOWN,UNKNOWN,PARTIAL,PARTIAL,PARTIAL,UNKNOWN,N,CONDITIONAL,CONDITIONAL,시설접근 기준 판정 — 활동참여 개별 근거 미확보,,포장도로+골프장 시설 중심,UNKNOWN,클럽하우스는 경사로·엘리베이터 등으로 접근 가능하지만 골프 코스에서의 이동 지원과 핵심 활동 접근성은 별도 확인이 필요함.,"클럽하우스는 휠체어로 접근할 수 있지만, 골프 코스 이용에 필요한 이동 지원은 확인되지 않았습니다. 라운드 예정이라면 사전에 시설에 문의해 주세요.",,,,휠내비길(wheelnavi.kr) 음성안내 · 제주올레 오디오가이드(jejuolle.org) 코스별 음성해설,「탐나는수어」 앱 · 제주수어통역센터 여행수어 자료(jejudeaf.com),,,,차량+도보,,,,,,,,,,,,2023-12,,,,,,,UNKNOWN,UNKNOWN,,,,,제주관광약자접근성안내센터(이지제주) · 한국관광공사 열린관광 · ㈜휴플 현장조사,2026-06,2024~2026,https://access.visitkorea.or.kr/ms/detail.do?cotId=5db958dd-cd22-4787-876f-a1ee310d3c57,제주관광공사 「오감으로 즐기는 제주」(2023.12.22) · 한국관광공사 열린관광지 · 이지제주,"현재 무장애 정보는 이동(지체) 접근성 기준입니다. 시각·청각·발달 장애 정보는 확보 중이며, 열린관광 모두의여행(access.visitkorea.or.kr) 또는 이지제주(easyjeju.net)에서 확인하실 수 있습니다.",SURVEYED,,,v3,FACILITY_SURVEY,편의시설 조사: UNKNOWN,,,,Y,UNKNOWN,UNKNOWN,
ACC_P096,P096,FULL,UNKNOWN,UNKNOWN,UNKNOWN,FULL,FULL,FULL,FULL,Y,AVAILABLE,AVAILABLE,시설접근 기준 판정 — 활동참여 개별 근거 미확보,,휠체어 접근 가능,장애인 주차장 있음+장애인 화장실 있음+엘리베이터 있음,,장애인 이용 가능 객실이 운영되는 것으로 확인됩니다. 예약할 때 해당 객실의 이용 가능 여부를 호텔에 확인해 주세요.,,,,휠내비길(wheelnavi.kr) 음성안내 · 제주올레 오디오가이드(jejuolle.org) 코스별 음성해설,「탐나는수어」 앱 · 제주수어통역센터 여행수어 자료(jejudeaf.com),,IN_VENUE,이용 동선에서 이용 가능,차량+대중교통,,,,,,,,,,,,2023-12,,,,,,,UNKNOWN,UNKNOWN,,,미확인 — 이지제주(숙박>호텔) 또는 열린관광 숙박 상세에서 확인 필요,,제주관광약자접근성안내센터(이지제주) · 한국관광공사 열린관광 · ㈜휴플 현장조사,2026-06,2024~2026,https://www.wyndhamhotels.com/ramada/jeju-south-korea/ramada-jeju-city-hall/overview · https://www.trip.com/hotels/jeju-hotel-detail-7823256/ramada-jeju-cityhall/,제주관광공사 「오감으로 즐기는 제주」(2023.12.22) · 한국관광공사 열린관광지 · 이지제주,"현재 무장애 정보는 이동(지체) 접근성 기준입니다. 시각·청각·발달 장애 정보는 확보 중이며, 열린관광 모두의여행(access.visitkorea.or.kr) 또는 이지제주(easyjeju.net)에서 확인하실 수 있습니다.",PENDING,"검증대기(2026-07) — 법정 의무시설 추정, 원문 미대조",,v3,LEGAL_PRESUMPTION,,,,,Y,UNKNOWN,UNKNOWN,
ACC_P097,P097,PARTIAL,UNKNOWN,UNKNOWN,UNKNOWN,PARTIAL,PARTIAL,PARTIAL,UNKNOWN,N,CONDITIONAL,CONDITIONAL,시설접근 기준 판정 — 활동참여 개별 근거 미확보,경사로 있음,포장도로+휠체어 접근 가능,UNKNOWN,휠체어 반입과 주출입구 접근은 가능하나 야외 정원 전체의 세부 노면·경사 정보가 충분히 확인되지 않음.,휠체어 반입은 가능하지만 야외 정원은 자연 지형이 포함되어 있습니다. 이동이 불편하시면 현장에서 비교적 평탄한 관람로를 확인해 주세요.,,,,휠내비길(wheelnavi.kr) 음성안내 · 제주올레 오디오가이드(jejuolle.org) 코스별 음성해설,「탐나는수어」 앱 · 제주수어통역센터 여행수어 자료(jejudeaf.com),,,,차량+도보,,,,,,,,,,,,2023-12,,,,,,,UNKNOWN,UNKNOWN,,,,,제주관광약자접근성안내센터(이지제주) · 한국관광공사 열린관광 · ㈜휴플 현장조사,2026-06,2024~2026,https://www.visitjeju.net/kr/knowledge/view?knwld_seq=949&menuId=DOM_200000000011003,제주관광공사 「오감으로 즐기는 제주」(2023.12.22) · 한국관광공사 열린관광지 · 이지제주,"현재 무장애 정보는 이동(지체) 접근성 기준입니다. 시각·청각·발달 장애 정보는 확보 중이며, 열린관광 모두의여행(access.visitkorea.or.kr) 또는 이지제주(easyjeju.net)에서 확인하실 수 있습니다.",SURVEYED,,,v3,ROUTE_SURVEY,경로 상태 조사: 포장도로+휠체어 접근 가능,,,,Y,UNKNOWN,UNKNOWN,
ACC_P098,P098,PARTIAL,UNKNOWN,UNKNOWN,UNKNOWN,PARTIAL,FULL,FULL,FULL,Y,CONDITIONAL,CONDITIONAL,시설접근 기준 판정 — 활동참여 개별 근거 미확보,주 출입구 접근로 계단 단차 있습니다+내부 관람로 이동폭 여유 있습니다+바닥 평탄하고 미끄럽지 않은 재질로 되어 있습니다,휠체어 접근 가능,장애인 주차장 있음+장애인 화장실 있음+수유실/영유아 돌봄 가능+매표소 접근 가능+장애인 관람석 있음,구간별 접근 제한 — 접근로 계단 존재(우회로 미확인),,,,,휠내비길(wheelnavi.kr) 음성안내 · 제주올레 오디오가이드(jejuolle.org) 코스별 음성해설,「탐나는수어」 앱 · 제주수어통역센터 여행수어 자료(jejudeaf.com),,IN_VENUE,이용 동선에서 이용 가능,차량+대중교통,NONE,N,,,,,㈜휴플 자체 현장조사 (2024~2025),,,,,2023-12,,,,,,,UNKNOWN,UNKNOWN,,,,,제주관광약자접근성안내센터(이지제주) · 한국관광공사 열린관광 · ㈜휴플 현장조사,2026-06,2024~2026,https://easyjeju.net,제주관광공사 「오감으로 즐기는 제주」(2023.12.22) · 한국관광공사 열린관광지 · 이지제주,"현재 무장애 정보는 이동(지체) 접근성 기준입니다. 시각·청각·발달 장애 정보는 확보 중이며, 열린관광 모두의여행(access.visitkorea.or.kr) 또는 이지제주(easyjeju.net)에서 확인하실 수 있습니다.",VERIFIED,,FIX20: FULL 재점검 — 구간편차 기준 일괄 적용,v3,FIELD_SURVEY,㈜휴플 자체 현장조사 / 경로: 휠체어 접근 가능,,,,Y,UNKNOWN,UNKNOWN,
ACC_P099,P099,PARTIAL,UNKNOWN,UNKNOWN,UNKNOWN,PARTIAL,PARTIAL,PARTIAL,UNKNOWN,Y,CONDITIONAL,CONDITIONAL,주변 도로 조망 가능 / 활동참여 조건부 — 해변 진입은 경사·암반·미끄럼으로 어려움,"광치기해변 접근로 경사로(약 10도)있습니다. 이후 해변 접근로 바닥 요철(모래)마감입니다+유채꽃밭 주 출입구 접근로 두 곳 있으며, 접근로(1) 경사(약11~20도), 접근로(2) 경사(약6~8도)입니다+광치기해변 모래사장 접근로 경사로(약 10도)있습니다",비포장+모래길+용암암반+미끄럼 위험 있음+휠체어 접근 어려움,UNKNOWN,해변 접근로가 가파르고 이후로는 비포장 모래길과 용암 암반이 이어짐. 미끄럼 위험이 있어 휠체어 접근이 어려움. 주변 도로에서 조망은 가능. 편의시설은 확인되지 않음,주변 도로에서는 바다 풍경을 볼 수 있지만 해변으로 내려가는 길은 경사가 가파르고 이후 비포장 모래길과 용암 암반이 이어집니다. 암반은 미끄러울 수 있어 휠체어로 해변에 들어가기는 어렵습니다.,"경로 조사 — 해변 접근로 약 10도 경사, 이후 비포장·모래길·용암암반. 미끄럼 위험 있어 휠체어 접근 어려움. 주변 도로에서 조망은 가능. 편의시설 미확인",,,휠내비길(wheelnavi.kr) 음성안내 · 제주올레 오디오가이드(jejuolle.org) 코스별 음성해설,「탐나는수어」 앱 · 제주수어통역센터 여행수어 자료(jejudeaf.com),,,,차량+대중교통+도보,,,,,,,,,,,,2023-12,,,,,,,UNKNOWN,UNKNOWN,,,,,제주관광약자접근성안내센터(이지제주) · 한국관광공사 열린관광 · ㈜휴플 현장조사,2026-06,2024~2026,https://easyjeju.net,제주관광공사 「오감으로 즐기는 제주」(2023.12.22) · 한국관광공사 열린관광지 · 이지제주,"현재 무장애 정보는 이동(지체) 접근성 기준입니다. 시각·청각·발달 장애 정보는 확보 중이며, 열린관광 모두의여행(access.visitkorea.or.kr) 또는 이지제주(easyjeju.net)에서 확인하실 수 있습니다.",SURVEYED,"[FIX82] 등급 검토 종결 — wheelchairAccess=PARTIAL 유지. 해변 진입은 불가하나 주변 도로에서 성산일출봉을 배경으로 한 조망이 가능하여, NONE·UNKNOWN 으로 내리면 조망만 원하는 이용자에게도 노출되지 않음. 제약 내용은 FIX80에서 partialReason·mobilityCaveat 에 이미 기재됨. 잔여 확인 — 장애인 화장실·장애인 주차구역 유무",FIX80: 해양 유형 접근 제약 명문화 — routeCondition·slopeInfo 이관 | FIX82: 등급 검토 종결 — PARTIAL 유지 판단 기록,v3,ROUTE_SURVEY,경로 상태 조사: 비포장+모래길+용암암반+미끄럼 위험 있음+휠체어 접근 어려움,UNKNOWN,모래사장은 휠체어 바퀴가 빠져 이동이 어렵습니다. 진입로·데크 설치 여부가 확인되지 않았으니 방문 전 문의하시거나 해변용 휠체어 대여 가능 여부를 확인해 주세요,발이 닿는 깊이까지만 들어가시고 먼 바다 쪽으로는 나가지 말아 주세요. 파고가 2m를 넘거나 풍랑특보가 발효되면 입수를 삼가 주세요. 너울은 파도가 잔잔해 보여도 갑자기 밀려오니 갯바위와 방파제 위에는 올라가지 말아 주세요. 체감온도 33도가 넘는 날에는 한낮 물놀이를 피하고 그늘에서 자주 쉬어 주세요. 휠체어 이용자는 파도에 중심을 잃기 쉽고 스스로 빠져나오기 어려우니 반드시 동행자와 함께해 주세요.,Y,UNKNOWN,UNKNOWN,
ACC_P100,P100,PARTIAL,PARTIAL,UNKNOWN,UNKNOWN,PARTIAL,PARTIAL,PARTIAL,FULL,Y,CONDITIONAL,CONDITIONAL,시설접근 기준 판정 — 활동참여 개별 근거 미확보,경사로 있음,레일바이크 탑승 보조 필요+휠체어 접근 가능,경사로 있음+휠체어 대여 가능+장애인 주차장 있음+장애인 화장실 있음,시설 출입과 내부 이동은 가능하지만 레일바이크 탑승 시 휠체어에서 좌석으로 옮겨 타는 과정에서 보조가 필요할 수 있음.,시설 안은 휠체어로 접근할 수 있지만 레일바이크에 탑승할 때에는 별도의 도움이 필요할 수 있습니다. 탑승 지원이 필요하면 직원에게 먼저 말씀해 주세요.,,시각장애인 추천 코스 수록: 바람·억새·풀소리 등 청각·촉각 중심 체험(오감 p.5). 제주레일바이크 064-783-0033,,휠내비길(wheelnavi.kr) 음성안내 · 제주올레 오디오가이드(jejuolle.org) 코스별 음성해설,「탐나는수어」 앱 · 제주수어통역센터 여행수어 자료(jejudeaf.com),오르막·내리막 있는 레일바이크 — 안전하게 즐길 수 있는 액티비티로 명시,IN_VENUE,이용 동선에서 이용 가능,차량+대중교통+도보,,,,,,,,MEDIUM,,,Y,2023-12,,,,,,,UNKNOWN,UNKNOWN,,,,,제주관광약자접근성안내센터(이지제주) · 한국관광공사 열린관광 · ㈜휴플 현장조사,2026-06,2024~2026,https://access.visitkorea.or.kr/ms/detail.do?cotId=a8a07bb1-123a-48f2-8d84-76d3ecfda04c,제주관광공사 「오감으로 즐기는 제주」(2023.12.22) · 한국관광공사 열린관광지 · 이지제주,"현재 무장애 정보는 이동(지체) 접근성 기준입니다. 시각·청각·발달 장애 정보는 확보 중이며, 열린관광 모두의여행(access.visitkorea.or.kr) 또는 이지제주(easyjeju.net)에서 확인하실 수 있습니다.",SURVEYED,,,v3,ROUTE_SURVEY,경로 상태 조사: 레일바이크 탑승 보조 필요+휠체어 접근 가능,,,,Y,Y,UNKNOWN,
ACC_P101,P101,FULL,FULL,UNKNOWN,UNKNOWN,FULL,FULL,FULL,FULL,Y,AVAILABLE,AVAILABLE,시설접근 기준 판정 — 활동참여 개별 근거 미확보,"주출입구 접근로에 경사로(5도) 설치되어 있습니다+출입구에 경사로(5도) 설치되어 있습니다+평평한 바닥 재질이며, 단차 없이 이동 가능합니다",포장도로+휠체어 접근 가능,경사로 있음+휠체어 대여 가능+유모차 대여 가능+장애인 주차장 있음+장애인 화장실 있음+수유실/영유아 돌봄 가능+관람열차 있음+오디오가이드 있음,,,,,,휠내비길(wheelnavi.kr) 음성안내 · 제주올레 오디오가이드(jejuolle.org) 코스별 음성해설,「탐나는수어」 앱 · 제주수어통역센터 여행수어 자료(jejudeaf.com),,IN_VENUE,이용 동선에서 이용 가능,차량+대중교통+도보,NONE,Y,,,,,㈜휴플 자체 현장조사 (2024~2025),,,,,2023-12,,,,,,,UNKNOWN,UNKNOWN,,,,,제주관광약자접근성안내센터(이지제주) · 한국관광공사 열린관광 · ㈜휴플 현장조사,2026-06,2024~2026,https://easyjeju.net · https://www.data.go.kr/data/15101897/openapi.do,제주관광공사 「오감으로 즐기는 제주」(2023.12.22) · 한국관광공사 열린관광지 · 이지제주,"현재 무장애 정보는 이동(지체) 접근성 기준입니다. 시각·청각·발달 장애 정보는 확보 중이며, 열린관광 모두의여행(access.visitkorea.or.kr) 또는 이지제주(easyjeju.net)에서 확인하실 수 있습니다.",VERIFIED,검증완료(2026-07) [FIX65] 한국관광공사 무장애 API(detailWithTour2) — audioguide=오디오가이드 있음; helpdog=동반가능; guidehuman=전시해설자 있음(문화해설),FIX65: visualAccess UNKNOWN→FULL (KTO API),v3,FIELD_SURVEY,㈜휴플 자체 현장조사 / 경로: 포장도로+휠체어 접근 가능,,,,Y,UNKNOWN,UNKNOWN,
ACC_P102,P102,NONE,UNKNOWN,UNKNOWN,UNKNOWN,NONE,NONE,NONE,UNKNOWN,N,UNAVAILABLE,UNAVAILABLE,시설접근 기준 판정 — 활동참여 개별 근거 미확보,경사 있음,계단 있음+모래길+휠체어 접근 어려움,UNKNOWN,,"배를 타고 우도로 들어가야 하고, 배에 오르내릴 때 높이 차와 선내 계단이 있습니다. 해변으로 내려가는 길에 계단이 있고 바닥이 모래라 휠체어로 이동하기 어렵습니다.",[도서] 여객선 승선 시 높이차·선내 계단. 섬 내 이동수단 별도 확인 필요,,,휠내비길(wheelnavi.kr) 음성안내 · 제주올레 오디오가이드(jejuolle.org) 코스별 음성해설,「탐나는수어」 앱 · 제주수어통역센터 여행수어 자료(jejudeaf.com),,,,차량+도보,,,,,,,,,,,,2023-12,FERRY_BOARDING,여객선 승하선 제약 · 풍랑 시 결항 가능,,,,,UNKNOWN,UNKNOWN,,,,,제주관광약자접근성안내센터(이지제주) · 한국관광공사 열린관광 · ㈜휴플 현장조사,2026-06,2024~2026,https://easyjeju.net,제주관광공사 「오감으로 즐기는 제주」(2023.12.22) · 한국관광공사 열린관광지 · 이지제주,"현재 무장애 정보는 이동(지체) 접근성 기준입니다. 시각·청각·발달 장애 정보는 확보 중이며, 열린관광 모두의여행(access.visitkorea.or.kr) 또는 이지제주(easyjeju.net)에서 확인하실 수 있습니다.",SURVEYED,,,v3,ROUTE_SURVEY,경로 상태 조사: 계단 있음+모래길+휠체어 접근 어려움,UNKNOWN,모래사장은 휠체어 바퀴가 빠져 이동이 어렵습니다. 진입로·데크 설치 여부가 확인되지 않았으니 방문 전 문의하시거나 해변용 휠체어 대여 가능 여부를 확인해 주세요,발이 닿는 깊이까지만 들어가시고 먼 바다 쪽으로는 나가지 말아 주세요. 파고가 2m를 넘거나 풍랑특보가 발효되면 입수를 삼가 주세요. 너울은 파도가 잔잔해 보여도 갑자기 밀려오니 갯바위와 방파제 위에는 올라가지 말아 주세요. 체감온도 33도가 넘는 날에는 한낮 물놀이를 피하고 그늘에서 자주 쉬어 주세요. 휠체어 이용자는 파도에 중심을 잃기 쉽고 스스로 빠져나오기 어려우니 반드시 동행자와 함께해 주세요.,N,UNKNOWN,UNKNOWN,시각·청각장애인의 입수는 동행자와 안전요원 배치 여부에 따라 달라집니다. 해당 해수욕장의 장애인 지원 체계가 확인되지 않았습니다
ACC_P103,P103,PARTIAL,UNKNOWN,UNKNOWN,UNKNOWN,PARTIAL,PARTIAL,PARTIAL,FULL,N,CONDITIONAL,CONDITIONAL,시설접근 기준 판정 — 활동참여 개별 근거 미확보,,포장도로+선박 승하선 보조 필요+휠체어 접근 가능,장애인 주차장 있음+장애인 화장실 있음,여객선에 오르내릴 때 높이 차가 있고 선내에 계단이 있음. 섬 안의 이동 수단은 별도 확인이 필요함,,[도서] 여객선 승선 시 높이차·선내 계단. 섬 내 이동수단 별도 확인 필요,,,휠내비길(wheelnavi.kr) 음성안내 · 제주올레 오디오가이드(jejuolle.org) 코스별 음성해설,「탐나는수어」 앱 · 제주수어통역센터 여행수어 자료(jejudeaf.com),,IN_VENUE,이용 동선에서 이용 가능,차량,,,,,,,,,,,,2023-12,FERRY_BOARDING,여객선 승하선 제약 · 풍랑 시 결항 가능,,,,,UNKNOWN,UNKNOWN,,,,,제주관광약자접근성안내센터(이지제주) · 한국관광공사 열린관광 · ㈜휴플 현장조사,2026-06,2024~2026,https://easyjeju.net,제주관광공사 「오감으로 즐기는 제주」(2023.12.22) · 한국관광공사 열린관광지 · 이지제주,"현재 무장애 정보는 이동(지체) 접근성 기준입니다. 시각·청각·발달 장애 정보는 확보 중이며, 열린관광 모두의여행(access.visitkorea.or.kr) 또는 이지제주(easyjeju.net)에서 확인하실 수 있습니다.",SURVEYED,,,v3,FACILITY_SURVEY,편의시설 조사: 장애인 주차장 있음+장애인 화장실 있음,,,,Y,UNKNOWN,UNKNOWN,
ACC_P104,P104,PARTIAL,UNKNOWN,UNKNOWN,UNKNOWN,PARTIAL,FULL,FULL,FULL,Y,CONDITIONAL,CONDITIONAL,시설접근 기준 판정 — 활동참여 개별 근거 미확보,,포장도로+해안산책로+일부 진입로 계단 있음+휠체어 접근 가능,장애인 화장실 있음+유모차 이동 가능,구간별 접근 제한 — 접근로 계단 존재(우회로 미확인),,,,,휠내비길(wheelnavi.kr) 음성안내 · 제주올레 오디오가이드(jejuolle.org) 코스별 음성해설,「탐나는수어」 앱 · 제주수어통역센터 여행수어 자료(jejudeaf.com),,IN_VENUE,이용 동선에서 이용 가능,차량+대중교통+도보,,,,,,,,,,,,2023-12,,,,,,,UNKNOWN,UNKNOWN,,,,,제주관광약자접근성안내센터(이지제주) · 한국관광공사 열린관광 · ㈜휴플 현장조사,2026-06,2024~2026,https://easyjeju.net,제주관광공사 「오감으로 즐기는 제주」(2023.12.22) · 한국관광공사 열린관광지 · 이지제주,"현재 무장애 정보는 이동(지체) 접근성 기준입니다. 시각·청각·발달 장애 정보는 확보 중이며, 열린관광 모두의여행(access.visitkorea.or.kr) 또는 이지제주(easyjeju.net)에서 확인하실 수 있습니다.",SURVEYED,,FIX20: FULL 재점검 — 구간편차 기준 일괄 적용,v3,ROUTE_SURVEY,경로 상태 조사: 포장도로+해안산책로+일부 진입로 계단 있음+휠체어 접근 가능,,,,Y,UNKNOWN,UNKNOWN,
ACC_P105,P105,PARTIAL,UNKNOWN,UNKNOWN,UNKNOWN,PARTIAL,PARTIAL,PARTIAL,UNKNOWN,Y,CONDITIONAL,CONDITIONAL,시설접근 기준 판정 — 활동참여 개별 근거 미확보,경사 있음,포장도로+일부 체험 접근 제한,UNKNOWN,포장된 시설 구간은 이동 가능하나 카트 등 핵심 체험의 탑승 가능 범위가 제한적이며 장애인 편의시설도 충분히 확인되지 않음.,시설 안에서 이동할 수 있는 구간은 있지만 카트 등 체험시설은 이용에 제한이 있을 수 있습니다. 체험을 원하시면 탑승 가능 여부를 먼저 확인해 주세요.,,,,휠내비길(wheelnavi.kr) 음성안내 · 제주올레 오디오가이드(jejuolle.org) 코스별 음성해설,「탐나는수어」 앱 · 제주수어통역센터 여행수어 자료(jejudeaf.com),,,,차량+대중교통+도보,,,,,,,,,,,,2023-12,,,,,,,UNKNOWN,UNKNOWN,,,,,제주관광약자접근성안내센터(이지제주) · 한국관광공사 열린관광 · ㈜휴플 현장조사,2026-06,2024~2026,https://korean.visitkorea.or.kr/detail/ms_detail.do?cotid=9daaddfd-b0e0-4c3a-8c0b-b0a1e19c470b,제주관광공사 「오감으로 즐기는 제주」(2023.12.22) · 한국관광공사 열린관광지 · 이지제주,"현재 무장애 정보는 이동(지체) 접근성 기준입니다. 시각·청각·발달 장애 정보는 확보 중이며, 열린관광 모두의여행(access.visitkorea.or.kr) 또는 이지제주(easyjeju.net)에서 확인하실 수 있습니다.",SURVEYED,,,v3,ROUTE_SURVEY,경로 상태 조사: 포장도로+일부 체험 접근 제한,,,,Y,UNKNOWN,UNKNOWN,
ACC_P106,P106,PARTIAL,UNKNOWN,UNKNOWN,UNKNOWN,PARTIAL,FULL,FULL,FULL,Y,CONDITIONAL,CONDITIONAL,시설접근 기준 판정 — 활동참여 개별 근거 미확보,"외부 관람로가 단차, 경사 구간 다수 있으며, 바닥 요철 마감 입니다+퐁낭집 접근로 경사 5도 있습니다+느티나무 관람로 경사 7도 내외 있습니다",포장도로+비포장+휠체어 접근 가능,휠체어 대여 가능+장애인 주차장 있음+장애인 화장실 있음,"노면·단차 제약 — 조사문에 ""단차,"" 명시",,,,,휠내비길(wheelnavi.kr) 음성안내 · 제주올레 오디오가이드(jejuolle.org) 코스별 음성해설,「탐나는수어」 앱 · 제주수어통역센터 여행수어 자료(jejudeaf.com),,IN_VENUE,이용 동선에서 이용 가능,차량+대중교통+도보,NONE,N,,,,,㈜휴플 자체 현장조사 (2024~2025),,,,,2023-12,,,,,,,UNKNOWN,UNKNOWN,,,,,제주관광약자접근성안내센터(이지제주) · 한국관광공사 열린관광 · ㈜휴플 현장조사,2026-06,2024~2026,https://easyjeju.net,제주관광공사 「오감으로 즐기는 제주」(2023.12.22) · 한국관광공사 열린관광지 · 이지제주,"현재 무장애 정보는 이동(지체) 접근성 기준입니다. 시각·청각·발달 장애 정보는 확보 중이며, 열린관광 모두의여행(access.visitkorea.or.kr) 또는 이지제주(easyjeju.net)에서 확인하실 수 있습니다.",VERIFIED,,FIX22: 논리검사 패턴 보완(요철·단차·노면불량),v3,FIELD_SURVEY,㈜휴플 자체 현장조사 / 경로: 포장도로+비포장+휠체어 접근 가능,,,,Y,UNKNOWN,UNKNOWN,
ACC_P107,P107,PARTIAL,UNKNOWN,UNKNOWN,UNKNOWN,PARTIAL,FULL,FULL,FULL,Y,CONDITIONAL,CONDITIONAL,시설접근 기준 판정 — 활동참여 개별 근거 미확보,"공연장 출입구는 계단으로 되어 있어 외부로 우회 가능하며, 4~6도 경사로 20m 있습니다+공연장 우회 접근로 경사 4~6도 약 20m 있습니다+공연장 접근로 계단으로 외부로 우회해야합니다",휠체어 접근 가능,경사로 있음+장애인 주차장 있음+장애인 화장실 있음+장애인 관람석 있음,일부 구역 계단 — 휠체어 접근 제한,,,,,휠내비길(wheelnavi.kr) 음성안내 · 제주올레 오디오가이드(jejuolle.org) 코스별 음성해설,「탐나는수어」 앱 · 제주수어통역센터 여행수어 자료(jejudeaf.com),,IN_VENUE,이용 동선에서 이용 가능,차량+대중교통,NONE,Y,,,,,㈜휴플 자체 현장조사 (2024~2025),,,,,2023-12,,,,,,,UNKNOWN,UNKNOWN,,,,,제주관광약자접근성안내센터(이지제주) · 한국관광공사 열린관광 · ㈜휴플 현장조사,2026-06,2024~2026,https://easyjeju.net,제주관광공사 「오감으로 즐기는 제주」(2023.12.22) · 한국관광공사 열린관광지 · 이지제주,"현재 무장애 정보는 이동(지체) 접근성 기준입니다. 시각·청각·발달 장애 정보는 확보 중이며, 열린관광 모두의여행(access.visitkorea.or.kr) 또는 이지제주(easyjeju.net)에서 확인하실 수 있습니다.",VERIFIED,,FIX12: 조사 서술문 제약 명시로 FULL→PARTIAL 하향,v3,FIELD_SURVEY,㈜휴플 자체 현장조사 / 경로: 휠체어 접근 가능,,,,Y,UNKNOWN,UNKNOWN,
ACC_P108,P108,PARTIAL,PARTIAL,UNKNOWN,UNKNOWN,PARTIAL,FULL,FULL,FULL,Y,CONDITIONAL,CONDITIONAL,시설접근 기준 판정 — 활동참여 개별 근거 미확보,정문에 주 출입구 접근로에 경사로가 설치되어 있습니다+야외 산책로의 경우 주 출입구의 경사 약 7도로 동행자의 도움이 필요합니다+상설전시관 주출입구 접근로에 4도 경사로가 설치되어 있습니다,포장도로+엘리베이터 있음+휠체어 접근 가능,경사로 있음+휠체어 대여 가능+유모차 대여 가능+장애인 주차장 있음+장애인 화장실 있음+수유실/영유아 돌봄 가능+엘리베이터 있음+점자안내 있음+음성안내 있음,구간별 접근 제한 — 조사문에 동행 도움 필요 명시,,,점자 안내판 보유(「오감으로 즐기는 제주」 시각장애인 여행정보 수록) / 세부 안내수단 범위 미상,,휠내비길 앱(음성안내)·올레 오디오가이드,「탐나는수어」 앱 · 제주수어통역센터 여행수어 자료(jejudeaf.com),,IN_VENUE,이용 동선에서 이용 가능,차량+대중교통,NONE,Y,,,,,㈜휴플 자체 현장조사 (2024~2025),,,,,2023-12,,,,,,,UNKNOWN,UNKNOWN,,,,,제주관광약자접근성안내센터(이지제주) · 한국관광공사 열린관광 · ㈜휴플 현장조사,2026-06,2024~2026,https://easyjeju.net,제주관광공사 「오감으로 즐기는 제주」(2023.12.22) · 한국관광공사 열린관광지 · 이지제주,"현재 무장애 정보는 이동(지체) 접근성 기준입니다. 시각·청각·발달 장애 정보는 확보 중이며, 열린관광 모두의여행(access.visitkorea.or.kr) 또는 이지제주(easyjeju.net)에서 확인하실 수 있습니다.",VERIFIED,검증완료(2026-07),FIX20: FULL 재점검 — 구간편차 기준 일괄 적용,v3,FIELD_SURVEY,㈜휴플 자체 현장조사 / 경로: 포장도로+엘리베이터 있음+휠체어 접근 가능,,,,Y,Y,UNKNOWN,
ACC_P109,P109,PARTIAL,UNKNOWN,UNKNOWN,UNKNOWN,PARTIAL,PARTIAL,PARTIAL,FULL,Y,CONDITIONAL,CONDITIONAL,시설접근 기준 판정 — 활동참여 개별 근거 미확보,경사로 있음,포장도로+낙타 탑승 보조 필요+일부 체험 접근 제한,장애인 주차장 있음+장애인 화장실 있음,시설 내 포장 구간과 편의시설 접근은 가능하지만 낙타 탑승 시 별도의 승하차 보조가 필요할 수 있음.,시설 안은 휠체어로 이동할 수 있지만 낙타에 탑승할 때에는 별도의 도움이 필요할 수 있습니다. 체험을 원하시면 탑승 지원 가능 여부를 먼저 확인해 주세요.,,,,휠내비길(wheelnavi.kr) 음성안내 · 제주올레 오디오가이드(jejuolle.org) 코스별 음성해설,「탐나는수어」 앱 · 제주수어통역센터 여행수어 자료(jejudeaf.com),,IN_VENUE,이용 동선에서 이용 가능,차량+대중교통+도보,,,,,,,,,,,,2023-12,,,,,,,UNKNOWN,UNKNOWN,,,,,제주관광약자접근성안내센터(이지제주) · 한국관광공사 열린관광 · ㈜휴플 현장조사,2026-06,2024~2026,https://www.visitjeju.net/kr/detail/view?contentsid=CNTS_000000000022171,제주관광공사 「오감으로 즐기는 제주」(2023.12.22) · 한국관광공사 열린관광지 · 이지제주,"현재 무장애 정보는 이동(지체) 접근성 기준입니다. 시각·청각·발달 장애 정보는 확보 중이며, 열린관광 모두의여행(access.visitkorea.or.kr) 또는 이지제주(easyjeju.net)에서 확인하실 수 있습니다.",SURVEYED,,,v3,ROUTE_SURVEY,경로 상태 조사: 포장도로+낙타 탑승 보조 필요+일부 체험 접근 제한,,,,Y,UNKNOWN,UNKNOWN,
ACC_P110,P110,PARTIAL,UNKNOWN,UNKNOWN,UNKNOWN,PARTIAL,PARTIAL,FULL,FULL,Y,CONDITIONAL,CONDITIONAL,시설접근 기준 판정 — 활동참여 개별 근거 미확보,주 출입구에 경사로가 설치되어 있습니다+주 출입구 접근로 경사로(약 4도) 설치되어 있습니다+내부관람로는 단차 및 보행장애물이 없습니다,휠체어 접근 가능,경사로 있음+휠체어 대여 가능+장애인 주차장 있음+장애인 화장실 있음,"노면·단차 제약 — 조사문에 ""단차 및"" 명시",,,,,휠내비길(wheelnavi.kr) 음성안내 · 제주올레 오디오가이드(jejuolle.org) 코스별 음성해설,「탐나는수어」 앱 · 제주수어통역센터 여행수어 자료(jejudeaf.com),,IN_VENUE,이용 동선에서 이용 가능,차량+대중교통,,,,,,,,,,,,2023-12,,,,,,,UNKNOWN,UNKNOWN,,,,,제주관광약자접근성안내센터(이지제주) · 한국관광공사 열린관광 · ㈜휴플 현장조사,2026-06,2024~2026,https://easyjeju.net,제주관광공사 「오감으로 즐기는 제주」(2023.12.22) · 한국관광공사 열린관광지 · 이지제주,"현재 무장애 정보는 이동(지체) 접근성 기준입니다. 시각·청각·발달 장애 정보는 확보 중이며, 열린관광 모두의여행(access.visitkorea.or.kr) 또는 이지제주(easyjeju.net)에서 확인하실 수 있습니다.",SURVEYED,,FIX22: 논리검사 패턴 보완(요철·단차·노면불량),v3,ROUTE_SURVEY,경로 상태 조사: 휠체어 접근 가능,,,,Y,UNKNOWN,UNKNOWN,
ACC_P111,P111,FULL,UNKNOWN,UNKNOWN,UNKNOWN,FULL,FULL,FULL,FULL,Y,AVAILABLE,AVAILABLE,시설접근 기준 판정 — 활동참여 개별 근거 미확보,주출입구 접근로에 경사로 설치되어 있습니다+출입구 접근로에 약 4도의 경사로 있습니다+주출입구 단차 없이 이동 가능합니다,실내시설+엘리베이터 있음+휠체어 접근 가능,휠체어 대여 가능+유모차 대여 가능+장애인 화장실 있음+수유실/영유아 돌봄 가능+엘리베이터 있음,주출입구에 완만한 경사로가 있고 단차 없이 이동 가능함,,[FULL 유지] 주출입구 경사로 약 4도(법정 기준 이내)·단차 없이 이동 가능,,,휠내비길(wheelnavi.kr) 음성안내 · 제주올레 오디오가이드(jejuolle.org) 코스별 음성해설,「탐나는수어」 앱 · 제주수어통역센터 여행수어 자료(jejudeaf.com),,IN_VENUE,이용 동선에서 이용 가능,차량+대중교통,,,,,,,,,,,,2023-12,,,,,,,UNKNOWN,UNKNOWN,,,,,제주관광약자접근성안내센터(이지제주) · 한국관광공사 열린관광 · ㈜휴플 현장조사,2026-06,2024~2026,https://easyjeju.net,제주관광공사 「오감으로 즐기는 제주」(2023.12.22) · 한국관광공사 열린관광지 · 이지제주,"현재 무장애 정보는 이동(지체) 접근성 기준입니다. 시각·청각·발달 장애 정보는 확보 중이며, 열린관광 모두의여행(access.visitkorea.or.kr) 또는 이지제주(easyjeju.net)에서 확인하실 수 있습니다.",VERIFIED,검증완료(2026-07),,v3,ROUTE_SURVEY,경로 상태 조사: 실내시설+엘리베이터 있음+휠체어 접근 가능,,,,Y,UNKNOWN,UNKNOWN,
ACC_P112,P112,PARTIAL,UNKNOWN,UNKNOWN,UNKNOWN,PARTIAL,PARTIAL,PARTIAL,FULL,Y,CONDITIONAL,CONDITIONAL,여객 이용 안내는 성산포종합여객터미널 기준,,포장도로+선박 승하선 보조 필요+휠체어 접근 가능,장애인 주차장 있음+장애인 화장실 있음,항만 구역 — 여객 이용에 필요한 시설과 접근성 정보는 구역 내 성산포종합여객터미널이 담당,성산포항의 여객시설은 성산포종합여객터미널입니다. 우도·성산 방면 배편을 이용하실 계획이라면 그곳 안내를 참고해 주세요.,,,,휠내비길(wheelnavi.kr) 음성안내 · 제주올레 오디오가이드(jejuolle.org) 코스별 음성해설,「탐나는수어」 앱 · 제주수어통역센터 여행수어 자료(jejudeaf.com),,IN_VENUE,이용 동선에서 이용 가능,차량+대중교통,,,,,,,,,,,,2023-12,,,,,,,UNKNOWN,UNKNOWN,,,,,제주관광약자접근성안내센터(이지제주) · 한국관광공사 열린관광 · ㈜휴플 현장조사,2026-06,2024~2026,https://easyjeju.net,제주관광공사 「오감으로 즐기는 제주」(2023.12.22) · 한국관광공사 열린관광지 · 이지제주,"현재 무장애 정보는 이동(지체) 접근성 기준입니다. 시각·청각·발달 장애 정보는 확보 중이며, 열린관광 모두의여행(access.visitkorea.or.kr) 또는 이지제주(easyjeju.net)에서 확인하실 수 있습니다.",SURVEYED,[FIX81] 내부 기록 — P014 성산포종합여객터미널과 동일 주소(성산등용로 130-21). 중복 노드로 판단되어 추천 대상에서 제외한 상태. 노드 통합은 사고·화재·지역 관계 참조 정리와 함께 별도 처리 예정 (화순 P287/P288 건과 묶음),FIX79: P014와 중복 판정 — 추천 대상 제외 | FIX81: 이용자 노출 필드에서 내부 관리 표현 제거 — 판단 근거는 verifyNote 로 이관,v3,FACILITY_SURVEY,편의시설 조사: 장애인 주차장 있음+장애인 화장실 있음,,,,Y,UNKNOWN,UNKNOWN,
ACC_P113,P113,UNKNOWN,UNKNOWN,UNKNOWN,UNKNOWN,UNKNOWN,UNKNOWN,UNKNOWN,UNKNOWN,Y,UNKNOWN,UNKNOWN,,,포장도로+매장 협소+주차 제한+휠체어 접근 확인 필요,UNKNOWN,,,,,,휠내비길(wheelnavi.kr) 음성안내 · 제주올레 오디오가이드(jejuolle.org) 코스별 음성해설,「탐나는수어」 앱 · 제주수어통역센터 여행수어 자료(jejudeaf.com),,,,차량+대중교통,,,,,,,,,,,,2023-12,,,,,,,UNKNOWN,UNKNOWN,,,,,제주관광약자접근성안내센터(이지제주) · 한국관광공사 열린관광 · ㈜휴플 현장조사,2026-06,2024~2026,https://easyjeju.net,제주관광공사 「오감으로 즐기는 제주」(2023.12.22) · 한국관광공사 열린관광지 · 이지제주,"현재 무장애 정보는 이동(지체) 접근성 기준입니다. 시각·청각·발달 장애 정보는 확보 중이며, 열린관광 모두의여행(access.visitkorea.or.kr) 또는 이지제주(easyjeju.net)에서 확인하실 수 있습니다.",SURVEYED,,,v3,FACILITY_SURVEY,편의시설 조사: UNKNOWN,,,,Y,UNKNOWN,UNKNOWN,
ACC_P114,P114,NONE,UNKNOWN,UNKNOWN,UNKNOWN,NONE,NONE,PARTIAL,UNKNOWN,Y,CONDITIONAL,UNAVAILABLE,활동참여 불가 — 성산포항 유람선 환승 후 잠수함 사다리 승하선. 우도 입도 시설이 아님,,선박 이동+잠수함 승하선 보조 필요+계단/이동 제한 있음,UNKNOWN,,우도에 들어가는 관광지가 아닙니다. 성산포항에서 유람선으로 해상 잠수함 선착장까지 이동한 뒤 사다리를 이용해 잠수함으로 내려가는 구조여서 휠체어로는 이용하실 수 없습니다. 예약 전 운영사(064-784-2333)에 직접 문의해 주세요,,,,휠내비길(wheelnavi.kr) 음성안내 · 제주올레 오디오가이드(jejuolle.org) 코스별 음성해설,「탐나는수어」 앱 · 제주수어통역센터 여행수어 자료(jejudeaf.com),,,,차량+대중교통+도보,,,,,,,,,,,,2023-12,FERRY_BOARDING,여객선 승하선 제약 · 풍랑 시 결항 가능,,,,,UNKNOWN,UNKNOWN,,,,,제주관광약자접근성안내센터(이지제주) · 한국관광공사 열린관광 · ㈜휴플 현장조사,2026-06,2024~2026,https://easyjeju.net,제주관광공사 「오감으로 즐기는 제주」(2023.12.22) · 한국관광공사 열린관광지 · 이지제주,"현재 무장애 정보는 이동(지체) 접근성 기준입니다. 시각·청각·발달 장애 정보는 확보 중이며, 열린관광 모두의여행(access.visitkorea.or.kr) 또는 이지제주(easyjeju.net)에서 확인하실 수 있습니다.",SURVEYED,"한국관광공사 여행지 정보 확인(2026-08) — 성산포항에서 해저 잠수함 선착장까지 유람선 이동, 선착장에서 잠수함으로 환승. 우도 입도 없음. ※ 운영사의 「거동이 불편한 분 이용 제한」 명시 문구는 직접 확인하지 못함 — 유선 확인 필요 ※ [FIX83] 잠수함 자체 구조가 불가 사유이며 우도 도항선 제약이 아님 (FIX51 판단)","FIX51: 우도 입도시설 오분류 정정, 활동 불가 확정 | FIX83: 이용자 사유 필드에서 내부 표기 제거",v3,ROUTE_SURVEY,경로 상태 조사: 선박 이동+잠수함 승하선 보조 필요+계단/이동 제한 있음,,,,N,UNKNOWN,UNKNOWN,
ACC_P115,P115,PARTIAL,UNKNOWN,UNKNOWN,UNKNOWN,PARTIAL,PARTIAL,PARTIAL,UNKNOWN,Y,CONDITIONAL,CONDITIONAL,시설접근 기준 판정 — 활동참여 개별 근거 미확보,,포장도로+비포장+좁은 관람로/계단 있음+일부 구간 접근 제한,휠체어 대여 가능(부분가능)+유모차 대여 가능(부분가능),,,,,,휠내비길(wheelnavi.kr) 음성안내 · 제주올레 오디오가이드(jejuolle.org) 코스별 음성해설,「탐나는수어」 앱 · 제주수어통역센터 여행수어 자료(jejudeaf.com),,,,차량+대중교통+도보,,,,,,,,,,,,2023-12,,,,,,,UNKNOWN,UNKNOWN,,,,,제주관광약자접근성안내센터(이지제주) · 한국관광공사 열린관광 · ㈜휴플 현장조사,2026-06,2024~2026,https://easyjeju.net,제주관광공사 「오감으로 즐기는 제주」(2023.12.22) · 한국관광공사 열린관광지 · 이지제주,"현재 무장애 정보는 이동(지체) 접근성 기준입니다. 시각·청각·발달 장애 정보는 확보 중이며, 열린관광 모두의여행(access.visitkorea.or.kr) 또는 이지제주(easyjeju.net)에서 확인하실 수 있습니다.",SURVEYED,,,v3,ROUTE_SURVEY,경로 상태 조사: 포장도로+비포장+좁은 관람로/계단 있음+일부 구간 접근 제한,,,,Y,UNKNOWN,UNKNOWN,
ACC_P116,P116,PARTIAL,UNKNOWN,UNKNOWN,UNKNOWN,PARTIAL,PARTIAL,PARTIAL,UNKNOWN,Y,CONDITIONAL,CONDITIONAL,시설접근 기준 판정 — 활동참여 개별 근거 미확보,,포장도로+실내시설+휠체어 접근 확인 필요,UNKNOWN,,,,,,휠내비길(wheelnavi.kr) 음성안내 · 제주올레 오디오가이드(jejuolle.org) 코스별 음성해설,「탐나는수어」 앱 · 제주수어통역센터 여행수어 자료(jejudeaf.com),,,,차량+대중교통,,,,,,,,,,,,2023-12,,,,,,,UNKNOWN,UNKNOWN,,,,,제주관광약자접근성안내센터(이지제주) · 한국관광공사 열린관광 · ㈜휴플 현장조사,2026-06,2024~2026,https://easyjeju.net,제주관광공사 「오감으로 즐기는 제주」(2023.12.22) · 한국관광공사 열린관광지 · 이지제주,"현재 무장애 정보는 이동(지체) 접근성 기준입니다. 시각·청각·발달 장애 정보는 확보 중이며, 열린관광 모두의여행(access.visitkorea.or.kr) 또는 이지제주(easyjeju.net)에서 확인하실 수 있습니다.",SURVEYED,,,v3,FACILITY_SURVEY,편의시설 조사: UNKNOWN,,,,Y,UNKNOWN,UNKNOWN,
ACC_P117,P117,PARTIAL,UNKNOWN,UNKNOWN,UNKNOWN,PARTIAL,PARTIAL,PARTIAL,UNKNOWN,N,CONDITIONAL,CONDITIONAL,시설접근 기준 판정 — 활동참여 개별 근거 미확보,,포장도로+전기차 탑승/운전 제한 있음+동행보조 필요,UNKNOWN,여객선에 오르내릴 때 높이 차가 있고 선내에 계단이 있음. 섬 안의 이동 수단은 별도 확인이 필요함,,,,,휠내비길(wheelnavi.kr) 음성안내 · 제주올레 오디오가이드(jejuolle.org) 코스별 음성해설,「탐나는수어」 앱 · 제주수어통역센터 여행수어 자료(jejudeaf.com),,,,차량,,,,,,,,,,,,2023-12,FERRY_BOARDING,여객선 승하선 제약 · 풍랑 시 결항 가능,,,,,UNKNOWN,UNKNOWN,,,,,제주관광약자접근성안내센터(이지제주) · 한국관광공사 열린관광 · ㈜휴플 현장조사,2026-06,2024~2026,https://easyjeju.net,제주관광공사 「오감으로 즐기는 제주」(2023.12.22) · 한국관광공사 열린관광지 · 이지제주,"현재 무장애 정보는 이동(지체) 접근성 기준입니다. 시각·청각·발달 장애 정보는 확보 중이며, 열린관광 모두의여행(access.visitkorea.or.kr) 또는 이지제주(easyjeju.net)에서 확인하실 수 있습니다.",SURVEYED,,,v3,FACILITY_SURVEY,편의시설 조사: UNKNOWN,,,,Y,UNKNOWN,UNKNOWN,
ACC_P118,P118,PARTIAL,UNKNOWN,UNKNOWN,UNKNOWN,PARTIAL,PARTIAL,PARTIAL,FULL,Y,CONDITIONAL,CONDITIONAL,현장 접근 조건부 / 도달 접근사슬 미확보 — 섬 내부는 부분 이용 가능하나 여객선 승하선 안전이 확인되지 않음,,포장도로+모래/홍조단괴 해변+해변 진입 제한+휠체어 접근 가능,장애인 화장실 있음,입구 인근 장애인 전용주차 1면과 해변까지 이어지는 경사로 확보. 경사로 종점 이후 홍조단괴 해변 표면은 이동이 어려움. 우도 진입에 여객선 승하선 조건이 별도로 걸림,"입구 인근에 장애인 전용주차 1면과 해변까지 이어지는 경사로가 있으나, 경사로 종점 이후 홍조단괴 해변 표면의 휠체어·유아차 이동 가능 여부는 확인되지 않았습니다. 우도까지 여객선 이용이 필수입니다. 전동휠체어 이용자가 성산항에서 우도행 도항선에 승선한 실제 사례가 있고 교통약자 차량도 선적할 수 있으나, 승하선 시 관계자 지원이 필요할 수 있고 선박별 경사판 기울기·폭, 선내 휠체어 고정공간, 여객실 접근, 비상대피 지원이 공식적으로 확인되지 않았습니다. 조위·기상·혼잡도에 따라 승하선 조건이 달라지니 출발 전 선사에 승선 가능 여부와 지원 인력을 확인해 주세요. 우도 순환버스는 저상버스가 아니어서 휠체어로는 이용하실 수 없습니다",,,,휠내비길(wheelnavi.kr) 음성안내 · 제주올레 오디오가이드(jejuolle.org) 코스별 음성해설,「탐나는수어」 앱 · 제주수어통역센터 여행수어 자료(jejudeaf.com),,IN_VENUE,이용 동선에서 이용 가능,차량+대중교통+도보,,,,,,,,,,,,2023-12,FERRY_BOARDING,여객선 승하선 제약 · 풍랑 시 결항 가능,,,,,UNKNOWN,UNKNOWN,,,,,제주관광약자접근성안내센터(이지제주) · 한국관광공사 열린관광 · ㈜휴플 현장조사,2026-06,2024~2026,https://easyjeju.net,제주관광공사 「오감으로 즐기는 제주」(2023.12.22) · 한국관광공사 열린관광지 · 이지제주,"현재 무장애 정보는 이동(지체) 접근성 기준입니다. 시각·청각·발달 장애 정보는 확보 중이며, 열린관광 모두의여행(access.visitkorea.or.kr) 또는 이지제주(easyjeju.net)에서 확인하실 수 있습니다.",SURVEYED,"FIX51: 접근사슬 판정 — wheelchairAccess 는 섬 도착 이후 현장 접근성, recommendForMobility 는 본섬 출발부터 핵심 활동까지의 종단 간 도달 가능성을 뜻합니다. 필수 여객선의 안전한 승하선이 공식 확인되지 않아 게이트만 N 으로 내리고 현장 등급은 보존합니다. 근거: 2023-05 전동휠체어 이용자 성산항→하우목동항 승선 기록(전윤선 무장애여행), 2025-08 차량 선적 보도. 선사 공식 장애인 승선정책 원문은 미발견 ※ [FIX83] 접근사슬 판정 — 현장 등급 보존, 진입 관문만 하향 (FIX51)",FIX51: 게이트 Y→N (접근사슬) | FIX83: 이용자 사유 필드에서 내부 표기 제거,v3,FACILITY_SURVEY,편의시설 조사: 장애인 화장실 있음,UNKNOWN,모래사장은 휠체어 바퀴가 빠져 이동이 어렵습니다. 진입로·데크 설치 여부가 확인되지 않았으니 방문 전 문의하시거나 해변용 휠체어 대여 가능 여부를 확인해 주세요,발이 닿는 깊이까지만 들어가시고 먼 바다 쪽으로는 나가지 말아 주세요. 파고가 2m를 넘거나 풍랑특보가 발효되면 입수를 삼가 주세요. 너울은 파도가 잔잔해 보여도 갑자기 밀려오니 갯바위와 방파제 위에는 올라가지 말아 주세요. 체감온도 33도가 넘는 날에는 한낮 물놀이를 피하고 그늘에서 자주 쉬어 주세요. 휠체어 이용자는 파도에 중심을 잃기 쉽고 스스로 빠져나오기 어려우니 반드시 동행자와 함께해 주세요.,N,UNKNOWN,UNKNOWN,
ACC_P119,P119,NONE,UNKNOWN,UNKNOWN,UNKNOWN,NONE,NONE,PARTIAL,FULL,Y,UNAVAILABLE,UNAVAILABLE,시설접근 기준 판정 — 활동참여 개별 근거 미확보,,실내 물길+계단 있음+미끄럼 위험 있음+휠체어/유모차 출입 불가,장애인 화장실 있음(인근),,,,,,휠내비길(wheelnavi.kr) 음성안내 · 제주올레 오디오가이드(jejuolle.org) 코스별 음성해설,「탐나는수어」 앱 · 제주수어통역센터 여행수어 자료(jejudeaf.com),,ENTRANCE_ONLY,장애인 화장실은 입구·주차장 등 부대시설에 위치. 이용 동선에는 없음,차량+대중교통,,,,,,,,,,,,2023-12,,,,,,,UNKNOWN,UNKNOWN,,,,,제주관광약자접근성안내센터(이지제주) · 한국관광공사 열린관광 · ㈜휴플 현장조사,2026-06,2024~2026,https://easyjeju.net,제주관광공사 「오감으로 즐기는 제주」(2023.12.22) · 한국관광공사 열린관광지 · 이지제주,"현재 무장애 정보는 이동(지체) 접근성 기준입니다. 시각·청각·발달 장애 정보는 확보 중이며, 열린관광 모두의여행(access.visitkorea.or.kr) 또는 이지제주(easyjeju.net)에서 확인하실 수 있습니다.",SURVEYED,,,v3,ROUTE_SURVEY,경로 상태 조사: 실내 물길+계단 있음+미끄럼 위험 있음+휠체어/유모차 출입 불가,,,,N,UNKNOWN,UNKNOWN,시각·청각 접근성 정보가 확인되지 않았습니다
ACC_P120,P120,PARTIAL,PARTIAL,UNKNOWN,UNKNOWN,PARTIAL,FULL,FULL,FULL,N,CONDITIONAL,CONDITIONAL,시설접근 기준 판정 — 활동참여 개별 근거 미확보,대지 출입구 접근로 경사가 약 12~14도 입니다+건물 내부 관람로는 단차없이 이동 가능합니다+우도박물관 내부에서 연결돼 있는 통로는 평평한 바닥 재질로 단차없이 이동 가능합니다,엘리베이터 있음+휠체어 접근 가능,경사로 있음+장애인 주차장 있음+장애인 화장실 있음+수유실/영유아 돌봄 가능+엘리베이터 있음,여객선에 오르내릴 때 높이 차가 있고 선내에 계단이 있음. 섬 안의 이동 수단은 별도 확인이 필요함. 일부 구간의 경사가 매우 가팔라 통행이 제한됨,,,,,휠내비길(wheelnavi.kr) 음성안내 · 제주올레 오디오가이드(jejuolle.org) 코스별 음성해설,「탐나는수어」 앱 · 제주수어통역센터 여행수어 자료(jejudeaf.com),,IN_VENUE,이용 동선에서 이용 가능,차량,,,,,,,,,,,,2023-12,FERRY_BOARDING,여객선 승하선 제약 · 풍랑 시 결항 가능,,,,,UNKNOWN,UNKNOWN,,,,,제주관광약자접근성안내센터(이지제주) · 한국관광공사 열린관광 · ㈜휴플 현장조사,2026-06,2024~2026,https://easyjeju.net · https://www.data.go.kr/data/15101897/openapi.do,제주관광공사 「오감으로 즐기는 제주」(2023.12.22) · 한국관광공사 열린관광지 · 이지제주,"현재 무장애 정보는 이동(지체) 접근성 기준입니다. 시각·청각·발달 장애 정보는 확보 중이며, 열린관광 모두의여행(access.visitkorea.or.kr) 또는 이지제주(easyjeju.net)에서 확인하실 수 있습니다.",SURVEYED,[FIX65] 한국관광공사 무장애 API(detailWithTour2) — guidehuman=안내요원 있음_시각장애인 편의시설,FIX20: FULL 재점검 — 구간편차 기준 일괄 적용 | FIX65: visualAccess UNKNOWN→PARTIAL (KTO API),v3,ROUTE_SURVEY,경로 상태 조사: 엘리베이터 있음+휠체어 접근 가능,,,,Y,UNKNOWN,UNKNOWN,
ACC_P121,P121,FULL,UNKNOWN,UNKNOWN,UNKNOWN,FULL,FULL,FULL,UNKNOWN,Y,AVAILABLE,AVAILABLE,시설접근 기준 판정 — 활동참여 개별 근거 미확보,,포장도로+매장 접근 가능+휠체어 접근 가능,장애인 주차장 있음,,장애인 화장실 유무를 확인하지 못했습니다. 오래 머무르실 계획이라면 방문 전에 시설에 문의해 주세요.,,,,휠내비길(wheelnavi.kr) 음성안내 · 제주올레 오디오가이드(jejuolle.org) 코스별 음성해설,「탐나는수어」 앱 · 제주수어통역센터 여행수어 자료(jejudeaf.com),,,,차량+대중교통,,,,,,,,,,,,2023-12,,,,,,,UNKNOWN,UNKNOWN,,,,,제주관광약자접근성안내센터(이지제주) · 한국관광공사 열린관광 · ㈜휴플 현장조사,2026-06,2024~2026,https://easyjeju.net,제주관광공사 「오감으로 즐기는 제주」(2023.12.22) · 한국관광공사 열린관광지 · 이지제주,"현재 무장애 정보는 이동(지체) 접근성 기준입니다. 시각·청각·발달 장애 정보는 확보 중이며, 열린관광 모두의여행(access.visitkorea.or.kr) 또는 이지제주(easyjeju.net)에서 확인하실 수 있습니다.",SURVEYED,,,v3,FACILITY_SURVEY,편의시설 조사: 장애인 주차장 있음,,,,Y,UNKNOWN,UNKNOWN,
ACC_P122,P122,PARTIAL,UNKNOWN,UNKNOWN,UNKNOWN,PARTIAL,PARTIAL,PARTIAL,FULL,Y,CONDITIONAL,CONDITIONAL,시설접근 기준 판정 — 활동참여 개별 근거 미확보,"계단 혹은 경사 있음+관광안내소: 입구 턱 17cm. 관광안내소 앞 현무암 판석이 울퉁불퉁함
도로 교차점1: 경사구간 : 꽉찬 판석길. 경도 2-3°
도로 교차점2: 접근성 정보 있음 (계단 혹은 경사 있음. 길 상태 안 좋음)
도로 교차점3: 접근성 정보 있음 (계단 혹은 경사 있음. 길 상태 안 좋음)",포장도로+단차/턱 있음+판석/돌길+노면 불량,장애인 화장실 있음+안내센터 있음,거리의 포장 구간은 이용 가능하지만 일부 교차부·상점 앞에 턱과 판석·고르지 않은 노면이 있으며 관광안내소 입구에 약 17cm 턱이 있음.,거리에서는 이동할 수 있지만 일부 교차부와 상점 앞 바닥이 울퉁불퉁하고 턱이 있습니다. 관광안내소 입구에는 높이 17cm의 턱이 있어 주의가 필요합니다.,,,,휠내비길(wheelnavi.kr) 음성안내 · 제주올레 오디오가이드(jejuolle.org) 코스별 음성해설,「탐나는수어」 앱 · 제주수어통역센터 여행수어 자료(jejudeaf.com),,IN_VENUE,이용 동선에서 이용 가능,차량+대중교통+도보,,,,,,,,,,,,2023-12,MARKET_STALL,노점·가판대·적재물로 실제 통로 폭이 조사값보다 좁아질 수 있음. 장날·성수기 통행 곤란,,,,,UNKNOWN,UNKNOWN,,,,,제주관광약자접근성안내센터(이지제주) · 한국관광공사 열린관광 · ㈜휴플 현장조사,2026-06,2024~2026,https://korean.visitkorea.or.kr/detail/ms_detail.do?cotid=515f203b-489b-4ddd-9acb-12629b643cd8,제주관광공사 「오감으로 즐기는 제주」(2023.12.22) · 한국관광공사 열린관광지 · 이지제주,"현재 무장애 정보는 이동(지체) 접근성 기준입니다. 시각·청각·발달 장애 정보는 확보 중이며, 열린관광 모두의여행(access.visitkorea.or.kr) 또는 이지제주(easyjeju.net)에서 확인하실 수 있습니다.",SURVEYED,,,v3,ROUTE_SURVEY,경로 상태 조사: 포장도로+단차/턱 있음+판석/돌길+노면 불량,,,,Y,UNKNOWN,UNKNOWN,
ACC_P123,P123,FULL,UNKNOWN,UNKNOWN,UNKNOWN,FULL,FULL,FULL,FULL,Y,AVAILABLE,AVAILABLE,시설접근 기준 판정 — 활동참여 개별 근거 미확보,,엘리베이터 있음+휠체어 접근 가능,장애인 주차장 있음+장애인 화장실 있음+엘리베이터 있음,,,,,,휠내비길(wheelnavi.kr) 음성안내 · 제주올레 오디오가이드(jejuolle.org) 코스별 음성해설,「탐나는수어」 앱 · 제주수어통역센터 여행수어 자료(jejudeaf.com),,IN_VENUE,이용 동선에서 이용 가능,차량+대중교통,,,,,,,,,,,,2023-12,,,,,,,UNKNOWN,UNKNOWN,,,,,제주관광약자접근성안내센터(이지제주) · 한국관광공사 열린관광 · ㈜휴플 현장조사,2026-06,2024~2026,https://easyjeju.net,제주관광공사 「오감으로 즐기는 제주」(2023.12.22) · 한국관광공사 열린관광지 · 이지제주,"현재 무장애 정보는 이동(지체) 접근성 기준입니다. 시각·청각·발달 장애 정보는 확보 중이며, 열린관광 모두의여행(access.visitkorea.or.kr) 또는 이지제주(easyjeju.net)에서 확인하실 수 있습니다.",SURVEYED,,,v3,FACILITY_SURVEY,편의시설 조사: 장애인 주차장 있음+장애인 화장실 있음+엘리베이터 있음,,,,Y,UNKNOWN,UNKNOWN,
ACC_P124,P124,PARTIAL,UNKNOWN,UNKNOWN,UNKNOWN,PARTIAL,PARTIAL,PARTIAL,UNKNOWN,Y,CONDITIONAL,CONDITIONAL,시설접근 기준 판정 — 활동참여 개별 근거 미확보,,포장도로+엘리베이터 있음+휠체어 접근 가능(부분가능),장애인 주차장 있음+엘리베이터 있음,엘리베이터와 일부 공용공간 접근은 가능하나 장애인용 객실·욕실 등 숙박 핵심 편의조건이 충분히 확인되지 않음.,엘리베이터로 공용공간을 이동할 수 있지만 장애인용 객실은 확인되지 않았습니다. 휠체어를 사용하신다면 예약 전에 객실 출입구와 욕실 이용 가능 여부를 확인해 주세요.,,,,휠내비길(wheelnavi.kr) 음성안내 · 제주올레 오디오가이드(jejuolle.org) 코스별 음성해설,「탐나는수어」 앱 · 제주수어통역센터 여행수어 자료(jejudeaf.com),,,,차량+대중교통,,,,,,,,,,,,2023-12,,,,,,,UNKNOWN,UNKNOWN,,,,,제주관광약자접근성안내센터(이지제주) · 한국관광공사 열린관광 · ㈜휴플 현장조사,2026-06,2024~2026,https://korean.visitkorea.or.kr/detail/ms_detail.do?cotid=af32dbdb-80e1-450c-86dc-aa68caab3866,제주관광공사 「오감으로 즐기는 제주」(2023.12.22) · 한국관광공사 열린관광지 · 이지제주,"현재 무장애 정보는 이동(지체) 접근성 기준입니다. 시각·청각·발달 장애 정보는 확보 중이며, 열린관광 모두의여행(access.visitkorea.or.kr) 또는 이지제주(easyjeju.net)에서 확인하실 수 있습니다.",SURVEYED,,,v3,FACILITY_SURVEY,편의시설 조사: 장애인 주차장 있음+엘리베이터 있음,,,,Y,UNKNOWN,UNKNOWN,
ACC_P125,P125,PARTIAL,UNKNOWN,UNKNOWN,UNKNOWN,PARTIAL,PARTIAL,PARTIAL,FULL,Y,CONDITIONAL,CONDITIONAL,"해변 주변 접근 가능 / 활동참여 조건부 — 낮은 턱, 백사장 진입 제약",경사로 있음,모래길+낮은 턱 있음+휠체어 접근 가능,장애인 주차장 있음+장애인 화장실 있음,"경사로 설치, 낮은 턱 존재, 백사장 모래길. 장애인 화장실 확보","경사로가 설치되어 있고 장애인 화장실이 갖춰져 있어 해변 주변까지는 휠체어로 가실 수 있습니다. 다만 낮은 턱이 있는 구간이 있고, 백사장은 모래라 바퀴가 빠져 이동이 어렵습니다.",,,,휠내비길(wheelnavi.kr) 음성안내 · 제주올레 오디오가이드(jejuolle.org) 코스별 음성해설,「탐나는수어」 앱 · 제주수어통역센터 여행수어 자료(jejudeaf.com),,IN_VENUE,이용 동선에서 이용 가능,차량+대중교통+도보,,,,,,,,,,,,2023-12,,,,,,,UNKNOWN,UNKNOWN,,,,,제주관광약자접근성안내센터(이지제주) · 한국관광공사 열린관광 · ㈜휴플 현장조사,2026-06,2024~2026,https://easyjeju.net,제주관광공사 「오감으로 즐기는 제주」(2023.12.22) · 한국관광공사 열린관광지 · 이지제주,"현재 무장애 정보는 이동(지체) 접근성 기준입니다. 시각·청각·발달 장애 정보는 확보 중이며, 열린관광 모두의여행(access.visitkorea.or.kr) 또는 이지제주(easyjeju.net)에서 확인하실 수 있습니다.",SURVEYED,,FIX80: 해양 유형 접근 제약 명문화 — routeCondition·slopeInfo 이관,v3,ROUTE_SURVEY,경로 상태 조사: 모래길+낮은 턱 있음+휠체어 접근 가능,UNKNOWN,모래사장은 휠체어 바퀴가 빠져 이동이 어렵습니다. 진입로·데크 설치 여부가 확인되지 않았으니 방문 전 문의하시거나 해변용 휠체어 대여 가능 여부를 확인해 주세요,발이 닿는 깊이까지만 들어가시고 먼 바다 쪽으로는 나가지 말아 주세요. 파고가 2m를 넘거나 풍랑특보가 발효되면 입수를 삼가 주세요. 너울은 파도가 잔잔해 보여도 갑자기 밀려오니 갯바위와 방파제 위에는 올라가지 말아 주세요. 체감온도 33도가 넘는 날에는 한낮 물놀이를 피하고 그늘에서 자주 쉬어 주세요. 휠체어 이용자는 파도에 중심을 잃기 쉽고 스스로 빠져나오기 어려우니 반드시 동행자와 함께해 주세요.,Y,UNKNOWN,UNKNOWN,
ACC_P126,P126,PARTIAL,UNKNOWN,UNKNOWN,UNKNOWN,PARTIAL,PARTIAL,PARTIAL,UNKNOWN,N,CONDITIONAL,CONDITIONAL,시설접근 기준 판정 — 활동참여 개별 근거 미확보,,해안도로+비포장/돌길+휠체어 접근 가능+동행보조 필요,UNKNOWN,여객선에 오르내릴 때 높이 차가 있고 선내에 계단이 있음. 섬 안의 이동 수단은 별도 확인이 필요함,,,,,휠내비길(wheelnavi.kr) 음성안내 · 제주올레 오디오가이드(jejuolle.org) 코스별 음성해설,「탐나는수어」 앱 · 제주수어통역센터 여행수어 자료(jejudeaf.com),,,,차량+도보,,,,,,,,,,,,2023-12,FERRY_BOARDING,여객선 승하선 제약 · 풍랑 시 결항 가능,,,,,UNKNOWN,UNKNOWN,,,,,제주관광약자접근성안내센터(이지제주) · 한국관광공사 열린관광 · ㈜휴플 현장조사,2026-06,2024~2026,https://easyjeju.net,제주관광공사 「오감으로 즐기는 제주」(2023.12.22) · 한국관광공사 열린관광지 · 이지제주,"현재 무장애 정보는 이동(지체) 접근성 기준입니다. 시각·청각·발달 장애 정보는 확보 중이며, 열린관광 모두의여행(access.visitkorea.or.kr) 또는 이지제주(easyjeju.net)에서 확인하실 수 있습니다.",SURVEYED,,,v3,ROUTE_SURVEY,경로 상태 조사: 해안도로+비포장/돌길+휠체어 접근 가능+동행보조 필요,,,,Y,UNKNOWN,UNKNOWN,
ACC_P127,P127,PARTIAL,UNKNOWN,UNKNOWN,UNKNOWN,PARTIAL,PARTIAL,PARTIAL,UNKNOWN,Y,CONDITIONAL,CONDITIONAL,시설접근 기준 판정 — 활동참여 개별 근거 미확보,경사 있음,비포장+농로/흙길+동행보조 필요,UNKNOWN,,,,,,휠내비길(wheelnavi.kr) 음성안내 · 제주올레 오디오가이드(jejuolle.org) 코스별 음성해설,「탐나는수어」 앱 · 제주수어통역센터 여행수어 자료(jejudeaf.com),,,,차량+대중교통+도보,,,,,,,,,,,,2023-12,,,,,,,UNKNOWN,UNKNOWN,,,,,제주관광약자접근성안내센터(이지제주) · 한국관광공사 열린관광 · ㈜휴플 현장조사,2026-06,2024~2026,https://easyjeju.net,제주관광공사 「오감으로 즐기는 제주」(2023.12.22) · 한국관광공사 열린관광지 · 이지제주,"현재 무장애 정보는 이동(지체) 접근성 기준입니다. 시각·청각·발달 장애 정보는 확보 중이며, 열린관광 모두의여행(access.visitkorea.or.kr) 또는 이지제주(easyjeju.net)에서 확인하실 수 있습니다.",SURVEYED,,,v3,ROUTE_SURVEY,경로 상태 조사: 비포장+농로/흙길+동행보조 필요,,,,Y,UNKNOWN,UNKNOWN,
ACC_P128,P128,FULL,UNKNOWN,UNKNOWN,UNKNOWN,FULL,FULL,FULL,FULL,Y,AVAILABLE,AVAILABLE,시설접근 기준 판정 — 활동참여 개별 근거 미확보,,포장도로+완만한 산책로+휠체어 접근 가능,휠체어 대여 가능+유모차 대여 가능+장애인 주차장 있음+장애인 화장실 있음,,,,,,휠내비길(wheelnavi.kr) 음성안내 · 제주올레 오디오가이드(jejuolle.org) 코스별 음성해설,「탐나는수어」 앱 · 제주수어통역센터 여행수어 자료(jejudeaf.com),,IN_VENUE,이용 동선에서 이용 가능,차량+대중교통+도보,,,,,,,,,,,,2023-12,,,,,,,UNKNOWN,UNKNOWN,,,,,제주관광약자접근성안내센터(이지제주) · 한국관광공사 열린관광 · ㈜휴플 현장조사,2026-06,2024~2026,https://easyjeju.net,제주관광공사 「오감으로 즐기는 제주」(2023.12.22) · 한국관광공사 열린관광지 · 이지제주,"현재 무장애 정보는 이동(지체) 접근성 기준입니다. 시각·청각·발달 장애 정보는 확보 중이며, 열린관광 모두의여행(access.visitkorea.or.kr) 또는 이지제주(easyjeju.net)에서 확인하실 수 있습니다.",SURVEYED,,,v3,FACILITY_SURVEY,편의시설 조사: 휠체어 대여 가능+유모차 대여 가능+장애인 주차장 있음+장애인 화장실 있음,,,"계곡물은 수심을 눈으로 가늠하기 어렵고 바닥이 미끄러우니 발이 닿는 곳에서만 머물러 주세요. 비가 온 뒤에는 상류에서 물이 갑자기 불어날 수 있어, 시간당 10mm 이상 비가 예보된 날에는 입수를 삼가 주세요. 폭포 아래는 수심이 깊고 물살이 강합니다.",Y,UNKNOWN,UNKNOWN,
ACC_P129,P129,NONE,UNKNOWN,UNKNOWN,UNKNOWN,NONE,NONE,NONE,UNKNOWN,N,UNAVAILABLE,UNAVAILABLE,주차장 등 진입부는 이용 가능 / 오름 등반로는 접근 불가,경사 있음,비포장+숲길+오름 탐방로,UNKNOWN,,부소오름의 오름 등반로는 비포장 자연 노면이라 휠체어로 이동하시기 어렵습니다. 장애인 화장실은 확인되지 않았습니다.,,,,휠내비길(wheelnavi.kr) 음성안내 · 제주올레 오디오가이드(jejuolle.org) 코스별 음성해설,「탐나는수어」 앱 · 제주수어통역센터 여행수어 자료(jejudeaf.com),,,,차량+도보,,,,,,,,,,,,2023-12,,,,,,,UNKNOWN,UNKNOWN,,,,,제주관광약자접근성안내센터(이지제주) · 한국관광공사 열린관광 · ㈜휴플 현장조사,2026-06,2024~2026,https://easyjeju.net,제주관광공사 「오감으로 즐기는 제주」(2023.12.22) · 한국관광공사 열린관광지 · 이지제주,"현재 무장애 정보는 이동(지체) 접근성 기준입니다. 시각·청각·발달 장애 정보는 확보 중이며, 열린관광 모두의여행(access.visitkorea.or.kr) 또는 이지제주(easyjeju.net)에서 확인하실 수 있습니다.",SURVEYED,[FIX89] 산·오름 사유 이관 — 조사 기록은 routeCondition·barrierFreeDetail 참조,,v3,ROUTE_SURVEY,경로 상태 조사: 비포장+숲길+오름 탐방로,,,,N,UNKNOWN,UNKNOWN,"시각장애인은 동행자와 함께라면 이용 가능할 수 있으나 안내 설비 정보가 없습니다. 청각장애인은 이동에 제약이 적을 것으로 보이나, 조난 시 연락 수단·안내 방송 여부가 확인되지 않았습니다"
ACC_P130,P130,NONE,UNKNOWN,UNKNOWN,UNKNOWN,NONE,NONE,NONE,UNKNOWN,Y,UNAVAILABLE,UNAVAILABLE,주차장 등 진입부는 이용 가능 / 오름 등반로는 접근 불가,경사 있음,비포장+숲길+오름 탐방로,UNKNOWN,,북오름의 오름 등반로는 비포장 자연 노면이라 휠체어로 이동하시기 어렵습니다. 장애인 화장실은 확인되지 않았습니다.,,,,휠내비길(wheelnavi.kr) 음성안내 · 제주올레 오디오가이드(jejuolle.org) 코스별 음성해설,「탐나는수어」 앱 · 제주수어통역센터 여행수어 자료(jejudeaf.com),,,,차량+대중교통+도보,,,,,,,,,,,,2023-12,,,,,,,UNKNOWN,UNKNOWN,,,,,제주관광약자접근성안내센터(이지제주) · 한국관광공사 열린관광 · ㈜휴플 현장조사,2026-06,2024~2026,https://easyjeju.net,제주관광공사 「오감으로 즐기는 제주」(2023.12.22) · 한국관광공사 열린관광지 · 이지제주,"현재 무장애 정보는 이동(지체) 접근성 기준입니다. 시각·청각·발달 장애 정보는 확보 중이며, 열린관광 모두의여행(access.visitkorea.or.kr) 또는 이지제주(easyjeju.net)에서 확인하실 수 있습니다.",SURVEYED,[FIX89] 산·오름 사유 이관 — 조사 기록은 routeCondition·barrierFreeDetail 참조,,v3,ROUTE_SURVEY,경로 상태 조사: 비포장+숲길+오름 탐방로,,,,N,UNKNOWN,UNKNOWN,"시각장애인은 동행자와 함께라면 이용 가능할 수 있으나 안내 설비 정보가 없습니다. 청각장애인은 이동에 제약이 적을 것으로 보이나, 조난 시 연락 수단·안내 방송 여부가 확인되지 않았습니다"
ACC_P131,P131,FULL,UNKNOWN,UNKNOWN,UNKNOWN,FULL,FULL,FULL,FULL,Y,AVAILABLE,AVAILABLE,시설접근 기준 판정 — 활동참여 개별 근거 미확보,,엘리베이터 있음+휠체어 접근 가능,장애인 주차장 있음+장애인 화장실 있음+엘리베이터 있음+점자표지 있음+장애인 객실 있음,,,,,,휠내비길(wheelnavi.kr) 음성안내 · 제주올레 오디오가이드(jejuolle.org) 코스별 음성해설,「탐나는수어」 앱 · 제주수어통역센터 여행수어 자료(jejudeaf.com),,IN_VENUE,이용 동선에서 이용 가능,차량+대중교통,,,,,,,,,,,,2023-12,,,,,,,UNKNOWN,UNKNOWN,,,,,제주관광약자접근성안내센터(이지제주) · 한국관광공사 열린관광 · ㈜휴플 현장조사,2026-06,2024~2026,https://easyjeju.net,제주관광공사 「오감으로 즐기는 제주」(2023.12.22) · 한국관광공사 열린관광지 · 이지제주,"현재 무장애 정보는 이동(지체) 접근성 기준입니다. 시각·청각·발달 장애 정보는 확보 중이며, 열린관광 모두의여행(access.visitkorea.or.kr) 또는 이지제주(easyjeju.net)에서 확인하실 수 있습니다.",SURVEYED,,,v3,FACILITY_SURVEY,편의시설 조사: 장애인 주차장 있음+장애인 화장실 있음+엘리베이터 있음+점자표지 있음+장애인 객실 있음,,,,Y,UNKNOWN,UNKNOWN,
ACC_P132,P132,PARTIAL,UNKNOWN,UNKNOWN,UNKNOWN,PARTIAL,PARTIAL,PARTIAL,FULL,Y,CONDITIONAL,CONDITIONAL,시설접근 기준 판정 — 활동참여 개별 근거 미확보,,포장도로+해안 절벽/테라스 시설+휠체어 접근 가능,장애인 주차장 있음+장애인 화장실 있음,,,,,,휠내비길(wheelnavi.kr) 음성안내 · 제주올레 오디오가이드(jejuolle.org) 코스별 음성해설,「탐나는수어」 앱 · 제주수어통역센터 여행수어 자료(jejudeaf.com),,IN_VENUE,이용 동선에서 이용 가능,차량+대중교통,,,,,,,,,,,,2023-12,,,,,,,UNKNOWN,UNKNOWN,,,,,제주관광약자접근성안내센터(이지제주) · 한국관광공사 열린관광 · ㈜휴플 현장조사,2026-06,2024~2026,https://easyjeju.net,제주관광공사 「오감으로 즐기는 제주」(2023.12.22) · 한국관광공사 열린관광지 · 이지제주,"현재 무장애 정보는 이동(지체) 접근성 기준입니다. 시각·청각·발달 장애 정보는 확보 중이며, 열린관광 모두의여행(access.visitkorea.or.kr) 또는 이지제주(easyjeju.net)에서 확인하실 수 있습니다.",SURVEYED,,,v3,FACILITY_SURVEY,편의시설 조사: 장애인 주차장 있음+장애인 화장실 있음,,,,Y,UNKNOWN,UNKNOWN,
ACC_P133,P133,PARTIAL,UNKNOWN,UNKNOWN,UNKNOWN,PARTIAL,PARTIAL,PARTIAL,FULL,Y,CONDITIONAL,CONDITIONAL,항만 포장로 접근 가능 / 활동참여 조건부 — 여객 이용은 구역 내 터미널 이용,,포장도로+선박 승하선 보조 필요+휠체어 접근 가능,장애인 주차장 있음+장애인 화장실 있음,항구 구역 전체 — 여객시설은 구역 내 성산포종합여객터미널(P014)이 담당. 항만 포장로 이동은 가능하나 부두는 하역·어업 작업 구역으로 관람 동선 아님,"성산항은 여객터미널이 아니라 항구 구역 전체를 가리킵니다. 여객선을 이용하실 계획이라면 같은 구역 안의 성산포종합여객터미널을 확인해 주세요. 항만 구역은 포장되어 있어 이동은 가능하지만, 부두 쪽은 작업 구역이라 일반 관람 동선으로는 권하지 않습니다.",,,,휠내비길(wheelnavi.kr) 음성안내 · 제주올레 오디오가이드(jejuolle.org) 코스별 음성해설,「탐나는수어」 앱 · 제주수어통역센터 여행수어 자료(jejudeaf.com),,IN_VENUE,이용 동선에서 이용 가능,차량+대중교통,,,,,,,,,,,,2023-12,,,,,,,UNKNOWN,UNKNOWN,,,,,제주관광약자접근성안내센터(이지제주) · 한국관광공사 열린관광 · ㈜휴플 현장조사,2026-06,2024~2026,https://easyjeju.net,제주관광공사 「오감으로 즐기는 제주」(2023.12.22) · 한국관광공사 열린관광지 · 이지제주,"현재 무장애 정보는 이동(지체) 접근성 기준입니다. 시각·청각·발달 장애 정보는 확보 중이며, 열린관광 모두의여행(access.visitkorea.or.kr) 또는 이지제주(easyjeju.net)에서 확인하실 수 있습니다.",SURVEYED,,"FIX79: 항구 구역과 여객터미널 역할 구분 명시, 좌표 정정",v3,FACILITY_SURVEY,편의시설 조사: 장애인 주차장 있음+장애인 화장실 있음,,,,Y,UNKNOWN,UNKNOWN,
ACC_P134,P134,PARTIAL,UNKNOWN,PARTIAL,UNKNOWN,PARTIAL,FULL,FULL,NONE,Y,AVAILABLE,AVAILABLE,엘리베이터로 관람 동선 접근 가능 / 장애인 전용 시설 여부는 미확인,경사로 있음,엘리베이터 있음+휠체어 접근 가능,경사로 있음+엘리베이터 있음,경로 조사 — 엘리베이터가 설치되어 있고 관람 동선 접근 가능. 주차장·화장실·안내시설 확보. 장애인 전용 시설 여부는 미확인,"엘리베이터가 설치되어 있어 전시실까지 이동하실 수 있습니다. 주차장과 화장실, 안내시설도 갖춰져 있습니다. 다만 장애인 전용 주차구역과 장애인 화장실이 따로 있는지는 확인되지 않아, 필요하시면 미리 문의해 보시는 편이 좋습니다.",,,탐나는수어 앱 수어해설 21곳(14.이중섭미술관). 현장 QR·AR 수어영상,휠내비길(wheelnavi.kr) 음성안내 · 제주올레 오디오가이드(jejuolle.org) 코스별 음성해설,「탐나는수어」 앱(제주수어통역센터) + 현장 QR,,,,차량+대중교통,,,,,,,,,,,,2023-12,,,,,,,UNKNOWN,UNKNOWN,,,,,제주관광약자접근성안내센터(이지제주) · 한국관광공사 열린관광 · ㈜휴플 현장조사,2026-06,2024~2026,https://easyjeju.net,제주관광공사 「오감으로 즐기는 제주」(2023.12.22) · 한국관광공사 열린관광지 · 이지제주,"현재 무장애 정보는 이동(지체) 접근성 기준입니다. 시각·청각·발달 장애 정보는 확보 중이며, 열린관광 모두의여행(access.visitkorea.or.kr) 또는 이지제주(easyjeju.net)에서 확인하실 수 있습니다.",SURVEYED,[FIX85] 잔여 확인 — 장애인 주차구역·장애인 화장실 유무,FIX85: 이용자 안내문 신설 — 내부 표기 사유 제거,v3,ROUTE_SURVEY,경로 상태 조사: 엘리베이터 있음+휠체어 접근 가능,,,,Y,UNKNOWN,Y,
ACC_P135,P135,FULL,UNKNOWN,UNKNOWN,UNKNOWN,FULL,FULL,FULL,FULL,Y,AVAILABLE,AVAILABLE,시설접근 기준 판정 — 활동참여 개별 근거 미확보,,엘리베이터 있음+휠체어 접근 가능,장애인 주차장 있음+장애인 화장실 있음+엘리베이터 있음+점자표지 있음+장애인 객실 있음,,,,,,휠내비길(wheelnavi.kr) 음성안내 · 제주올레 오디오가이드(jejuolle.org) 코스별 음성해설,「탐나는수어」 앱 · 제주수어통역센터 여행수어 자료(jejudeaf.com),,IN_VENUE,이용 동선에서 이용 가능,차량+대중교통,,,,,,,,,,,,2023-12,,,,,,,UNKNOWN,UNKNOWN,,,,,제주관광약자접근성안내센터(이지제주) · 한국관광공사 열린관광 · ㈜휴플 현장조사,2026-06,2024~2026,https://easyjeju.net,제주관광공사 「오감으로 즐기는 제주」(2023.12.22) · 한국관광공사 열린관광지 · 이지제주,"현재 무장애 정보는 이동(지체) 접근성 기준입니다. 시각·청각·발달 장애 정보는 확보 중이며, 열린관광 모두의여행(access.visitkorea.or.kr) 또는 이지제주(easyjeju.net)에서 확인하실 수 있습니다.",SURVEYED,,,v3,FACILITY_SURVEY,편의시설 조사: 장애인 주차장 있음+장애인 화장실 있음+엘리베이터 있음+점자표지 있음+장애인 객실 있음,,,,Y,UNKNOWN,UNKNOWN,
ACC_P136,P136,NONE,UNKNOWN,UNKNOWN,UNKNOWN,NONE,NONE,PARTIAL,UNKNOWN,Y,UNAVAILABLE,UNAVAILABLE,비포장 좁은 골목 진입로 — 경사 구간 포함,경사 있음,비포장+좁은 골목/신당 접근로+휠체어 접근 확인 필요,UNKNOWN,,신당까지 가는 길이 비포장 좁은 골목이며 경사가 있습니다. 포장된 우회로는 확인되지 않았습니다. 대중교통 정류장은 500m 안에 있습니다.,,,,휠내비길(wheelnavi.kr) 음성안내 · 제주올레 오디오가이드(jejuolle.org) 코스별 음성해설,「탐나는수어」 앱 · 제주수어통역센터 여행수어 자료(jejudeaf.com),,,,차량+대중교통+도보,,,,,,,,,,,,2023-12,,,,,,,UNKNOWN,UNKNOWN,,,,,제주관광약자접근성안내센터(이지제주) · 한국관광공사 열린관광 · ㈜휴플 현장조사,2026-06,2024~2026,https://easyjeju.net,제주관광공사 「오감으로 즐기는 제주」(2023.12.22) · 한국관광공사 열린관광지 · 이지제주,"현재 무장애 정보는 이동(지체) 접근성 기준입니다. 시각·청각·발달 장애 정보는 확보 중이며, 열린관광 모두의여행(access.visitkorea.or.kr) 또는 이지제주(easyjeju.net)에서 확인하실 수 있습니다.",SURVEYED,,,v3,ROUTE_SURVEY,경로 상태 조사: 비포장+좁은 골목/신당 접근로+휠체어 접근 확인 필요,,,,N,UNKNOWN,UNKNOWN,시각·청각 접근성 정보가 확인되지 않았습니다
ACC_P137,P137,FULL,UNKNOWN,UNKNOWN,UNKNOWN,FULL,FULL,FULL,FULL,Y,AVAILABLE,AVAILABLE,시설접근 기준 판정 — 활동참여 개별 근거 미확보,,엘리베이터 있음+휠체어 접근 가능,장애인 주차장 있음+장애인 화장실 있음+엘리베이터 있음+장애인 객실 있음,,,,,,휠내비길(wheelnavi.kr) 음성안내 · 제주올레 오디오가이드(jejuolle.org) 코스별 음성해설,「탐나는수어」 앱 · 제주수어통역센터 여행수어 자료(jejudeaf.com),,IN_VENUE,이용 동선에서 이용 가능,차량+대중교통,,,,,,,,,,,,2023-12,,,,,,,UNKNOWN,UNKNOWN,,,,,제주관광약자접근성안내센터(이지제주) · 한국관광공사 열린관광 · ㈜휴플 현장조사,2026-06,2024~2026,https://easyjeju.net,제주관광공사 「오감으로 즐기는 제주」(2023.12.22) · 한국관광공사 열린관광지 · 이지제주,"현재 무장애 정보는 이동(지체) 접근성 기준입니다. 시각·청각·발달 장애 정보는 확보 중이며, 열린관광 모두의여행(access.visitkorea.or.kr) 또는 이지제주(easyjeju.net)에서 확인하실 수 있습니다.",SURVEYED,,,v3,FACILITY_SURVEY,편의시설 조사: 장애인 주차장 있음+장애인 화장실 있음+엘리베이터 있음+장애인 객실 있음,,,,Y,UNKNOWN,UNKNOWN,
ACC_P138,P138,PARTIAL,UNKNOWN,UNKNOWN,UNKNOWN,PARTIAL,PARTIAL,PARTIAL,FULL,Y,CONDITIONAL,CONDITIONAL,시설접근 기준 판정 — 활동참여 개별 근거 미확보,"계단 혹은 경사 있음+길 좌측 작가의 산책길 종합안내소. 남녀구분 일반화장실 (휠체어 접근 불가): 접근성정보 있음
내리막 끝. 인도 시작: 인도(보도 블록)
내리막 시작: 5~6도. 3m
오르막 끝: 접근성정보 있음
오르막 끝. 반환점: 접근성정보 있음
오르막 시작: 10도. 10m
오르막 시작: 2~5도
오르막 시작: 9~10도
오르막 시작. 우측 서귀포 극장: 9~10도. 극장으로 들어가는 경사로가 매우 울퉁불퉁하여 보호자 도움 필요.
이중섭 미술관 주차장: 일반: 8대. 장애인: 1대. 주차장에서 골목길로 빠지는 길 있으나 계단으로 되어있어 휠체어 이용불가",포장도로+일부 단차/노면 불량+휠체어 접근 가능+동행보조 필요,장애인 화장실 있음,,,,,,휠내비길(wheelnavi.kr) 음성안내 · 제주올레 오디오가이드(jejuolle.org) 코스별 음성해설,「탐나는수어」 앱 · 제주수어통역센터 여행수어 자료(jejudeaf.com),,IN_VENUE,이용 동선에서 이용 가능,차량+대중교통+도보,,,,,,,,,,,,2023-12,MARKET_STALL,노점·가판대·적재물로 실제 통로 폭이 조사값보다 좁아질 수 있음. 장날·성수기 통행 곤란,,,,,UNKNOWN,UNKNOWN,,,,,제주관광약자접근성안내센터(이지제주) · 한국관광공사 열린관광 · ㈜휴플 현장조사,2026-06,2024~2026,https://easyjeju.net,제주관광공사 「오감으로 즐기는 제주」(2023.12.22) · 한국관광공사 열린관광지 · 이지제주,"현재 무장애 정보는 이동(지체) 접근성 기준입니다. 시각·청각·발달 장애 정보는 확보 중이며, 열린관광 모두의여행(access.visitkorea.or.kr) 또는 이지제주(easyjeju.net)에서 확인하실 수 있습니다.",SURVEYED,,,v3,ROUTE_SURVEY,경로 상태 조사: 포장도로+일부 단차/노면 불량+휠체어 접근 가능+동행보조 필요,,,,Y,UNKNOWN,UNKNOWN,
ACC_P139,P139,PARTIAL,UNKNOWN,UNKNOWN,UNKNOWN,PARTIAL,PARTIAL,PARTIAL,FULL,Y,CONDITIONAL,CONDITIONAL,다리 관람로는 이동 가능 / 새섬 안 산책로는 접근 불가,"외부 관람로 새연교 경사 최대 10도 있으며, 새연교 좌,우측 관람로 경사 및 단차 없습니다+다리 좌,우측 관람로 단차, 경사 없습니다+주차장~다리 초입 5~6도 경사 있습니다",포장도로+새섬 구간 계단/돌길 있음+동행보조 필요+휠체어 접근 가능,장애인 주차장 있음+장애인 화장실 있음,다리 좌우 관람로는 단차·경사 없음. 새섬 구간은 계단과 돌길로 이동 제한,"새연교는 장애인 주차구역과 장애인 화장실이 있고, 다리 좌우 관람로는 단차와 경사가 없어 휠체어로 건너실 수 있습니다. 주차장에서 다리 초입까지는 완만한 경사이고, 외부 관람로에는 가파른 구간이 있습니다. 다만 다리 건너 새섬 안 산책로는 계단과 돌길이라 이동하시기 어렵습니다.",,,,휠내비길(wheelnavi.kr) 음성안내 · 제주올레 오디오가이드(jejuolle.org) 코스별 음성해설,「탐나는수어」 앱 · 제주수어통역센터 여행수어 자료(jejudeaf.com),,IN_VENUE,이용 동선에서 이용 가능,차량+대중교통+도보,,,,,,,,,,,,2023-12,,,,,,,UNKNOWN,UNKNOWN,,,,,제주관광약자접근성안내센터(이지제주) · 한국관광공사 열린관광 · ㈜휴플 현장조사,2026-06,2024~2026,https://easyjeju.net,제주관광공사 「오감으로 즐기는 제주」(2023.12.22) · 한국관광공사 열린관광지 · 이지제주,"현재 무장애 정보는 이동(지체) 접근성 기준입니다. 시각·청각·발달 장애 정보는 확보 중이며, 열린관광 모두의여행(access.visitkorea.or.kr) 또는 이지제주(easyjeju.net)에서 확인하실 수 있습니다.",SURVEYED,,[FIX90] 트레일 사유 이관 — 조사 기록은 routeCondition·barrierFreeDetail·slopeInfo 참조,v3,ROUTE_SURVEY,경로 상태 조사: 포장도로+새섬 구간 계단/돌길 있음+동행보조 필요+휠체어 접근 가능,,,,Y,UNKNOWN,UNKNOWN,
ACC_P140,P140,PARTIAL,UNKNOWN,UNKNOWN,UNKNOWN,PARTIAL,FULL,FULL,FULL,Y,CONDITIONAL,CONDITIONAL,시설접근 기준 판정 — 활동참여 개별 근거 미확보,실외 관람로 요철 구간 및 경사 (2도-8도) 구간 있습니다+주 출입구 유효폭(100cm X 104cm) 경사로(약 2-5도)입니다+실내 관람로 접근로 경사로(약6-7도)있습니다,포장도로+흙/돌 구간+휠체어 접근 가능,경사로 있음+휠체어 대여 가능+장애인 주차장 있음+장애인 화장실 있음+영유아 보호의자 있음+점자지도 있음,일부 구간의 경사가 가팔라 통행이 제한됨,,,,,휠내비길(wheelnavi.kr) 음성안내 · 제주올레 오디오가이드(jejuolle.org) 코스별 음성해설,「탐나는수어」 앱 · 제주수어통역센터 여행수어 자료(jejudeaf.com),,IN_VENUE,이용 동선에서 이용 가능,차량+대중교통+도보,NONE,Y,N,동행자 대리 발권 또는 직원 호출 필요,,,㈜휴플 자체 현장조사 (2024~2025),,,,,2023-12,,,,,,,UNKNOWN,UNKNOWN,,,,,제주관광약자접근성안내센터(이지제주) · 한국관광공사 열린관광 · ㈜휴플 현장조사,2026-06,2024~2026,https://easyjeju.net,제주관광공사 「오감으로 즐기는 제주」(2023.12.22) · 한국관광공사 열린관광지 · 이지제주,"현재 무장애 정보는 이동(지체) 접근성 기준입니다. 시각·청각·발달 장애 정보는 확보 중이며, 열린관광 모두의여행(access.visitkorea.or.kr) 또는 이지제주(easyjeju.net)에서 확인하실 수 있습니다.",VERIFIED,,FIX20: FULL 재점검 — 구간편차 기준 일괄 적용,v3,FIELD_SURVEY,㈜휴플 자체 현장조사 / 경로: 포장도로+흙/돌 구간+휠체어 접근 가능,,,,Y,UNKNOWN,UNKNOWN,
ACC_P141,P141,PARTIAL,UNKNOWN,UNKNOWN,UNKNOWN,PARTIAL,PARTIAL,PARTIAL,FULL,Y,CONDITIONAL,CONDITIONAL,시설접근 기준 판정 — 활동참여 개별 근거 미확보,,포장도로+초지/목장길+휠체어 접근 가능+동행보조 필요,장애인 주차장 있음+장애인 화장실 있음,,,,,,휠내비길(wheelnavi.kr) 음성안내 · 제주올레 오디오가이드(jejuolle.org) 코스별 음성해설,「탐나는수어」 앱 · 제주수어통역센터 여행수어 자료(jejudeaf.com),,IN_VENUE,이용 동선에서 이용 가능,차량+대중교통+도보,,,,,,,,,,,,2023-12,,,,,,,UNKNOWN,UNKNOWN,,,,,제주관광약자접근성안내센터(이지제주) · 한국관광공사 열린관광 · ㈜휴플 현장조사,2026-06,2024~2026,https://easyjeju.net,제주관광공사 「오감으로 즐기는 제주」(2023.12.22) · 한국관광공사 열린관광지 · 이지제주,"현재 무장애 정보는 이동(지체) 접근성 기준입니다. 시각·청각·발달 장애 정보는 확보 중이며, 열린관광 모두의여행(access.visitkorea.or.kr) 또는 이지제주(easyjeju.net)에서 확인하실 수 있습니다.",SURVEYED,,,v3,FACILITY_SURVEY,편의시설 조사: 장애인 주차장 있음+장애인 화장실 있음,,,,Y,UNKNOWN,UNKNOWN,
ACC_P142,P142,PARTIAL,UNKNOWN,UNKNOWN,UNKNOWN,PARTIAL,PARTIAL,PARTIAL,FULL,N,CONDITIONAL,CONDITIONAL,시설접근 기준 판정 — 활동참여 개별 근거 미확보,경사로 있음,모래길+해변 행사장+낮은 턱 있음+동행보조 필요,장애인 주차장 있음+장애인 화장실 있음,,,,,,휠내비길(wheelnavi.kr) 음성안내 · 제주올레 오디오가이드(jejuolle.org) 코스별 음성해설,「탐나는수어」 앱 · 제주수어통역센터 여행수어 자료(jejudeaf.com),,IN_VENUE,이용 동선에서 이용 가능,차량,,,,,,,,,,,,2023-12,EVENT_CROWD,행사 기간 부스·관람객 밀집으로 통행 제약. 평시와 접근성이 크게 다름,,,,,UNKNOWN,UNKNOWN,,,,,제주관광약자접근성안내센터(이지제주) · 한국관광공사 열린관광 · ㈜휴플 현장조사,2026-06,2024~2026,https://easyjeju.net,제주관광공사 「오감으로 즐기는 제주」(2023.12.22) · 한국관광공사 열린관광지 · 이지제주,"현재 무장애 정보는 이동(지체) 접근성 기준입니다. 시각·청각·발달 장애 정보는 확보 중이며, 열린관광 모두의여행(access.visitkorea.or.kr) 또는 이지제주(easyjeju.net)에서 확인하실 수 있습니다.",SURVEYED,,,v3,ROUTE_SURVEY,경로 상태 조사: 모래길+해변 행사장+낮은 턱 있음+동행보조 필요,,,,Y,UNKNOWN,UNKNOWN,
ACC_P143,P143,PARTIAL,UNKNOWN,UNKNOWN,UNKNOWN,PARTIAL,PARTIAL,PARTIAL,UNKNOWN,Y,CONDITIONAL,CONDITIONAL,시설접근 기준 판정 — 활동참여 개별 근거 미확보,,포장도로+항구/축제장+혼잡 가능+휠체어 접근 가능,UNKNOWN,,,,,,휠내비길(wheelnavi.kr) 음성안내 · 제주올레 오디오가이드(jejuolle.org) 코스별 음성해설,「탐나는수어」 앱 · 제주수어통역센터 여행수어 자료(jejudeaf.com),,,,차량+대중교통,,,,,,,,,,,,2023-12,EVENT_CROWD,행사 기간 부스·관람객 밀집으로 통행 제약. 평시와 접근성이 크게 다름,,,,,UNKNOWN,UNKNOWN,,,,,제주관광약자접근성안내센터(이지제주) · 한국관광공사 열린관광 · ㈜휴플 현장조사,2026-06,2024~2026,https://easyjeju.net,제주관광공사 「오감으로 즐기는 제주」(2023.12.22) · 한국관광공사 열린관광지 · 이지제주,"현재 무장애 정보는 이동(지체) 접근성 기준입니다. 시각·청각·발달 장애 정보는 확보 중이며, 열린관광 모두의여행(access.visitkorea.or.kr) 또는 이지제주(easyjeju.net)에서 확인하실 수 있습니다.",SURVEYED,,,v3,FACILITY_SURVEY,편의시설 조사: UNKNOWN,,,,Y,UNKNOWN,UNKNOWN,
ACC_P144,P144,NONE,UNKNOWN,UNKNOWN,UNKNOWN,NONE,NONE,PARTIAL,UNKNOWN,Y,UNAVAILABLE,UNAVAILABLE,계단과 정낭 단차 — 초가 내부 진입 제한,,계단 있음+정낭/단차 있음+초가 진입 제한+휠체어 접근 어려움,UNKNOWN,,입구에 계단이 있고 정낭 자리에 단차가 있습니다. 초가 내부는 진입이 제한됩니다. 외부에서 건물과 안내판은 보실 수 있습니다.,,,,휠내비길(wheelnavi.kr) 음성안내 · 제주올레 오디오가이드(jejuolle.org) 코스별 음성해설,「탐나는수어」 앱 · 제주수어통역센터 여행수어 자료(jejudeaf.com),,,,차량+대중교통+도보,,,,,,,,,,,,2023-12,,,,,,,UNKNOWN,UNKNOWN,,,,,제주관광약자접근성안내센터(이지제주) · 한국관광공사 열린관광 · ㈜휴플 현장조사,2026-06,2024~2026,https://easyjeju.net,제주관광공사 「오감으로 즐기는 제주」(2023.12.22) · 한국관광공사 열린관광지 · 이지제주,"현재 무장애 정보는 이동(지체) 접근성 기준입니다. 시각·청각·발달 장애 정보는 확보 중이며, 열린관광 모두의여행(access.visitkorea.or.kr) 또는 이지제주(easyjeju.net)에서 확인하실 수 있습니다.",SURVEYED,,,v3,ROUTE_SURVEY,경로 상태 조사: 계단 있음+정낭/단차 있음+초가 진입 제한+휠체어 접근 어려움,,,,N,UNKNOWN,UNKNOWN,시각·청각 접근성 정보가 확인되지 않았습니다
ACC_P145,P145,PARTIAL,UNKNOWN,UNKNOWN,UNKNOWN,PARTIAL,PARTIAL,PARTIAL,FULL,N,CONDITIONAL,CONDITIONAL,항구 접근과 장애인 편의시설 이용 가능 / 유람선 승하선에 보조 필요,,포장도로+항구/유람선 접근+선박 승하선 보조 필요+휠체어 접근 가능,장애인 주차장 있음+장애인 화장실 있음,"경로 조사 — 포장도로로 항구까지 접근 가능, 장애인 주차구역·장애인 화장실 확보. 유람선 승하선에는 보조 필요","항구까지 포장도로로 가실 수 있고 장애인 주차구역과 장애인 화장실이 갖춰져 있습니다. 문섬은 배로 도는 유람선에서 보시게 되는데, 배에 오르내릴 때 도움이 필요합니다. 승선 조건은 운항사에 미리 확인해 주세요.",,,,휠내비길(wheelnavi.kr) 음성안내 · 제주올레 오디오가이드(jejuolle.org) 코스별 음성해설,「탐나는수어」 앱 · 제주수어통역센터 여행수어 자료(jejudeaf.com),,IN_VENUE,이용 동선에서 이용 가능,차량+도보,,,,,,,,,,,,2023-12,,,,,,,UNKNOWN,UNKNOWN,,,,,제주관광약자접근성안내센터(이지제주) · 한국관광공사 열린관광 · ㈜휴플 현장조사,2026-06,2024~2026,https://easyjeju.net,제주관광공사 「오감으로 즐기는 제주」(2023.12.22) · 한국관광공사 열린관광지 · 이지제주,"현재 무장애 정보는 이동(지체) 접근성 기준입니다. 시각·청각·발달 장애 정보는 확보 중이며, 열린관광 모두의여행(access.visitkorea.or.kr) 또는 이지제주(easyjeju.net)에서 확인하실 수 있습니다.",SURVEYED,[FIX86] 해양 유형 사유 이관 — 조사 기록은 routeCondition·barrierFreeDetail 참조. 잔여 확인 — 유람선 운항사의 휠체어 승선 정책,FIX86: 해양 유형 사유·안내문 신설,v3,FACILITY_SURVEY,편의시설 조사: 장애인 주차장 있음+장애인 화장실 있음,,,,Y,UNKNOWN,UNKNOWN,
ACC_P146,P146,NONE,UNKNOWN,UNKNOWN,UNKNOWN,NONE,NONE,PARTIAL,FULL,Y,UNAVAILABLE,UNAVAILABLE,주차장 등 진입부는 이용 가능 / 오름 등반로는 접근 불가,경사 있음,비포장+오름 탐방로+잔디/계단 구간 접근 제한,장애인 화장실 있음(인근 함덕해변),,서우봉의 오름 등반로는 비포장 자연 노면·계단이라 휠체어로 이동하시기 어렵습니다. 주차장 쪽에 장애인 화장실이 있습니다.,,,,휠내비길(wheelnavi.kr) 음성안내 · 제주올레 오디오가이드(jejuolle.org) 코스별 음성해설,「탐나는수어」 앱 · 제주수어통역센터 여행수어 자료(jejudeaf.com),,ENTRANCE_ONLY,장애인 화장실은 입구·주차장 등 부대시설에 위치. 이용 동선에는 없음,차량+대중교통+도보,,,,,,,,,,,,2023-12,,,,,,,UNKNOWN,UNKNOWN,,,,,제주관광약자접근성안내센터(이지제주) · 한국관광공사 열린관광 · ㈜휴플 현장조사,2026-06,2024~2026,https://easyjeju.net,제주관광공사 「오감으로 즐기는 제주」(2023.12.22) · 한국관광공사 열린관광지 · 이지제주,"현재 무장애 정보는 이동(지체) 접근성 기준입니다. 시각·청각·발달 장애 정보는 확보 중이며, 열린관광 모두의여행(access.visitkorea.or.kr) 또는 이지제주(easyjeju.net)에서 확인하실 수 있습니다.",SURVEYED,[FIX89] 산·오름 사유 이관 — 조사 기록은 routeCondition·barrierFreeDetail 참조,,v3,ROUTE_SURVEY,경로 상태 조사: 비포장+오름 탐방로+잔디/계단 구간 접근 제한,,,,N,UNKNOWN,UNKNOWN,"시각장애인은 동행자와 함께라면 이용 가능할 수 있으나 안내 설비 정보가 없습니다. 청각장애인은 이동에 제약이 적을 것으로 보이나, 조난 시 연락 수단·안내 방송 여부가 확인되지 않았습니다"
ACC_P147,P147,NONE,UNKNOWN,UNKNOWN,UNKNOWN,NONE,NONE,PARTIAL,UNKNOWN,Y,UNAVAILABLE,UNAVAILABLE,시설접근 기준 판정 — 활동참여 개별 근거 미확보,,시장 통로+노점/혼잡+단차/노면 불량 가능+휠체어 접근 어려움,UNKNOWN,,시장 안 통로는 휠체어로 이동하기 매우 어려운 것으로 안내되고 있습니다. 방문 전에 통로 상태를 확인해 주세요.,"비짓제주 접근성 수준이 ‘아주 어려움’으로 분류되고, 휠체어가 안정적으로 통행할 수 있는 시장 내부 동선이 확인되지 않음.",,,휠내비길(wheelnavi.kr) 음성안내 · 제주올레 오디오가이드(jejuolle.org) 코스별 음성해설,「탐나는수어」 앱 · 제주수어통역센터 여행수어 자료(jejudeaf.com),,,,차량+대중교통,,,,,,,,,,,,2023-12,MARKET_STALL,노점·가판대·적재물로 실제 통로 폭이 조사값보다 좁아질 수 있음. 장날·성수기 통행 곤란,,,,,UNKNOWN,UNKNOWN,,,,,제주관광약자접근성안내센터(이지제주) · 한국관광공사 열린관광 · ㈜휴플 현장조사,2026-06,2024~2026,https://m.visitjeju.net/kr/detail/view?contentsid=CNTS_000000000021182,제주관광공사 「오감으로 즐기는 제주」(2023.12.22) · 한국관광공사 열린관광지 · 이지제주,"현재 무장애 정보는 이동(지체) 접근성 기준입니다. 시각·청각·발달 장애 정보는 확보 중이며, 열린관광 모두의여행(access.visitkorea.or.kr) 또는 이지제주(easyjeju.net)에서 확인하실 수 있습니다.",SURVEYED,,,v3,ROUTE_SURVEY,경로 상태 조사: 시장 통로+노점/혼잡+단차/노면 불량 가능+휠체어 접근 어려움,,,,N,UNKNOWN,UNKNOWN,시각·청각 접근성 정보가 확인되지 않았습니다
ACC_P148,P148,NONE,UNKNOWN,UNKNOWN,UNKNOWN,NONE,NONE,PARTIAL,UNKNOWN,Y,UNAVAILABLE,UNAVAILABLE,시설접근 기준 판정 — 활동참여 개별 근거 미확보,경사 있음,계단 있음+데크/흙길+휠체어 접근 어려움,UNKNOWN,,,,,,휠내비길(wheelnavi.kr) 음성안내 · 제주올레 오디오가이드(jejuolle.org) 코스별 음성해설,「탐나는수어」 앱 · 제주수어통역센터 여행수어 자료(jejudeaf.com),,,,차량+대중교통+도보,,,,,,,,,,,,2023-12,,,,,,,UNKNOWN,UNKNOWN,,,,,제주관광약자접근성안내센터(이지제주) · 한국관광공사 열린관광 · ㈜휴플 현장조사,2026-06,2024~2026,https://easyjeju.net,제주관광공사 「오감으로 즐기는 제주」(2023.12.22) · 한국관광공사 열린관광지 · 이지제주,"현재 무장애 정보는 이동(지체) 접근성 기준입니다. 시각·청각·발달 장애 정보는 확보 중이며, 열린관광 모두의여행(access.visitkorea.or.kr) 또는 이지제주(easyjeju.net)에서 확인하실 수 있습니다.",SURVEYED,,,v3,ROUTE_SURVEY,경로 상태 조사: 계단 있음+데크/흙길+휠체어 접근 어려움,,,"계곡물은 수심을 눈으로 가늠하기 어렵고 바닥이 미끄러우니 발이 닿는 곳에서만 머물러 주세요. 비가 온 뒤에는 상류에서 물이 갑자기 불어날 수 있어, 시간당 10mm 이상 비가 예보된 날에는 입수를 삼가 주세요. 폭포 아래는 수심이 깊고 물살이 강합니다.",N,UNKNOWN,UNKNOWN,시각·청각 접근성 정보가 확인되지 않았습니다
ACC_P149,P149,PARTIAL,UNKNOWN,UNKNOWN,UNKNOWN,PARTIAL,PARTIAL,PARTIAL,FULL,Y,CONDITIONAL,CONDITIONAL,시설접근 기준 판정 — 활동참여 개별 근거 미확보,경사로 있음,데크길+무장애나눔길+휠체어 접근 가능,경사로 있음+휠체어 대여 가능+유모차 대여 가능+장애인 주차장 있음+장애인 화장실 있음+수유실/영유아 돌봄 가능+전동휠체어 충전 가능,,,,,,휠내비길(wheelnavi.kr) 음성안내 · 제주올레 오디오가이드(jejuolle.org) 코스별 음성해설,「탐나는수어」 앱 · 제주수어통역센터 여행수어 자료(jejudeaf.com),,IN_VENUE,이용 동선에서 이용 가능,차량+대중교통+도보,,,,,,,,,,,,2023-12,EVENT_CROWD,행사 기간 부스·관람객 밀집으로 통행 제약. 평시와 접근성이 크게 다름,,,,,UNKNOWN,UNKNOWN,,,,,제주관광약자접근성안내센터(이지제주) · 한국관광공사 열린관광 · ㈜휴플 현장조사,2026-06,2024~2026,https://easyjeju.net,제주관광공사 「오감으로 즐기는 제주」(2023.12.22) · 한국관광공사 열린관광지 · 이지제주,"현재 무장애 정보는 이동(지체) 접근성 기준입니다. 시각·청각·발달 장애 정보는 확보 중이며, 열린관광 모두의여행(access.visitkorea.or.kr) 또는 이지제주(easyjeju.net)에서 확인하실 수 있습니다.",SURVEYED,,,v3,ROUTE_SURVEY,경로 상태 조사: 데크길+무장애나눔길+휠체어 접근 가능,,,,Y,UNKNOWN,UNKNOWN,
ACC_P150,P150,UNKNOWN,UNKNOWN,UNKNOWN,UNKNOWN,UNKNOWN,UNKNOWN,UNKNOWN,UNKNOWN,Y,UNKNOWN,UNKNOWN,,,포장도로+실내 전시/카페+휠체어 접근 확인 필요,UNKNOWN,,,,,,휠내비길(wheelnavi.kr) 음성안내 · 제주올레 오디오가이드(jejuolle.org) 코스별 음성해설,「탐나는수어」 앱 · 제주수어통역센터 여행수어 자료(jejudeaf.com),,,,차량+대중교통,,,,,,,,,,,,2023-12,,,,,,,UNKNOWN,UNKNOWN,,,,,제주관광약자접근성안내센터(이지제주) · 한국관광공사 열린관광 · ㈜휴플 현장조사,2026-06,2024~2026,https://easyjeju.net,제주관광공사 「오감으로 즐기는 제주」(2023.12.22) · 한국관광공사 열린관광지 · 이지제주,"현재 무장애 정보는 이동(지체) 접근성 기준입니다. 시각·청각·발달 장애 정보는 확보 중이며, 열린관광 모두의여행(access.visitkorea.or.kr) 또는 이지제주(easyjeju.net)에서 확인하실 수 있습니다.",SURVEYED,,,v3,FACILITY_SURVEY,편의시설 조사: UNKNOWN,,,,Y,UNKNOWN,UNKNOWN,
ACC_P151,P151,PARTIAL,UNKNOWN,UNKNOWN,UNKNOWN,PARTIAL,FULL,FULL,FULL,Y,CONDITIONAL,CONDITIONAL,시설접근 기준 판정 — 활동참여 개별 근거 미확보,"내부 관람로 대체적으로 단차 및 경사 없고 유효 폭 적정하나, 플레이룸의 경우 접근로 단차(계단)으로 휠체어 이용자는 접근이 불가합니다+내부 관람로 대체적으로 단차 및 경사 없습니다+외부 관람로 경사 약 7.1도 구간 있습니다",엘리베이터 있음+휠체어 접근 가능,유모차 대여 가능+장애인 주차장 있음+장애인 화장실 있음+수유실/영유아 돌봄 가능+엘리베이터 있음+점자블록 있음,구간별 접근 제한 — 일부 구역 접근 불가 명시 / 접근로 계단 존재(우회로 미확인),,,,,휠내비길(wheelnavi.kr) 음성안내 · 제주올레 오디오가이드(jejuolle.org) 코스별 음성해설,「탐나는수어」 앱 · 제주수어통역센터 여행수어 자료(jejudeaf.com),,IN_VENUE,이용 동선에서 이용 가능,차량+대중교통,,Y,,,,,㈜휴플 자체 현장조사 (2024~2025),,,,,2023-12,,,,,,,UNKNOWN,UNKNOWN,,,,,제주관광약자접근성안내센터(이지제주) · 한국관광공사 열린관광 · ㈜휴플 현장조사,2026-06,2024~2026,https://easyjeju.net,제주관광공사 「오감으로 즐기는 제주」(2023.12.22) · 한국관광공사 열린관광지 · 이지제주,"현재 무장애 정보는 이동(지체) 접근성 기준입니다. 시각·청각·발달 장애 정보는 확보 중이며, 열린관광 모두의여행(access.visitkorea.or.kr) 또는 이지제주(easyjeju.net)에서 확인하실 수 있습니다.",VERIFIED,검증완료(2026-07),FIX20: FULL 재점검 — 구간편차 기준 일괄 적용,v3,FIELD_SURVEY,㈜휴플 자체 현장조사 / 경로: 엘리베이터 있음+휠체어 접근 가능,,,,Y,UNKNOWN,UNKNOWN,
ACC_P152,P152,UNKNOWN,UNKNOWN,UNKNOWN,UNKNOWN,UNKNOWN,UNKNOWN,UNKNOWN,UNKNOWN,Y,UNKNOWN,UNKNOWN,,,포장도로+고택/마당+단차/문턱 가능+휠체어 접근 확인 필요,UNKNOWN,,,,,,휠내비길(wheelnavi.kr) 음성안내 · 제주올레 오디오가이드(jejuolle.org) 코스별 음성해설,「탐나는수어」 앱 · 제주수어통역센터 여행수어 자료(jejudeaf.com),,,,차량+대중교통+도보,,,,,,,,,,,,2023-12,,,,,,,UNKNOWN,UNKNOWN,,,,,제주관광약자접근성안내센터(이지제주) · 한국관광공사 열린관광 · ㈜휴플 현장조사,2026-06,2024~2026,https://easyjeju.net,제주관광공사 「오감으로 즐기는 제주」(2023.12.22) · 한국관광공사 열린관광지 · 이지제주,"현재 무장애 정보는 이동(지체) 접근성 기준입니다. 시각·청각·발달 장애 정보는 확보 중이며, 열린관광 모두의여행(access.visitkorea.or.kr) 또는 이지제주(easyjeju.net)에서 확인하실 수 있습니다.",SURVEYED,,,v3,ROUTE_SURVEY,경로 상태 조사: 포장도로+고택/마당+단차/문턱 가능+휠체어 접근 확인 필요,,,,Y,UNKNOWN,UNKNOWN,
ACC_P153,P153,FULL,UNKNOWN,UNKNOWN,UNKNOWN,FULL,FULL,FULL,FULL,Y,AVAILABLE,AVAILABLE,시설접근 기준 판정 — 활동참여 개별 근거 미확보,완만한 경사,포장도로+해안 산책로+휠체어 접근 가능,장애인 주차장 있음+장애인 화장실 있음,,,,,,휠내비길(wheelnavi.kr) 음성안내 · 제주올레 오디오가이드(jejuolle.org) 코스별 음성해설,「탐나는수어」 앱 · 제주수어통역센터 여행수어 자료(jejudeaf.com),,IN_VENUE,이용 동선에서 이용 가능,차량+대중교통,,,,,,,,,,,,2023-12,,,,,,,UNKNOWN,UNKNOWN,,,,,제주관광약자접근성안내센터(이지제주) · 한국관광공사 열린관광 · ㈜휴플 현장조사,2026-06,2024~2026,https://easyjeju.net,제주관광공사 「오감으로 즐기는 제주」(2023.12.22) · 한국관광공사 열린관광지 · 이지제주,"현재 무장애 정보는 이동(지체) 접근성 기준입니다. 시각·청각·발달 장애 정보는 확보 중이며, 열린관광 모두의여행(access.visitkorea.or.kr) 또는 이지제주(easyjeju.net)에서 확인하실 수 있습니다.",SURVEYED,,,v3,ROUTE_SURVEY,경로 상태 조사: 포장도로+해안 산책로+휠체어 접근 가능,,,,Y,UNKNOWN,UNKNOWN,
ACC_P154,P154,PARTIAL,UNKNOWN,UNKNOWN,UNKNOWN,PARTIAL,FULL,FULL,FULL,Y,CONDITIONAL,CONDITIONAL,시설접근 기준 판정 — 활동참여 개별 근거 미확보,전시실 내부는 전체적으로 단차가 없고 보행장애물이 없으나 일부 구간 참이 없이 긴 경사로와 약 6도 정도의 경사로가 있어 동행자의 도움이 필요합니다+내부 관람로 경사(약6도)구간 있습니다+정문의 주 출입구 접근로가 계단으로 되어 있으니 휠체어 사용자의 경우 지하 주차장에서 승강기를 이용하시길 바랍니다,포장도로+실내시설+휠체어 접근 가능,장애인 화장실 있음+기저귀 교환대 있음+비상벨 있음,일부 전시공간 계단 — 접근 제한,,,,,휠내비길(wheelnavi.kr) 음성안내 · 제주올레 오디오가이드(jejuolle.org) 코스별 음성해설,「탐나는수어」 앱 · 제주수어통역센터 여행수어 자료(jejudeaf.com),,IN_VENUE,이용 동선에서 이용 가능,차량+대중교통,,,,,,,,,,,,2023-12,,,,,,,UNKNOWN,UNKNOWN,,,,,제주관광약자접근성안내센터(이지제주) · 한국관광공사 열린관광 · ㈜휴플 현장조사,2026-06,2024~2026,https://easyjeju.net,제주관광공사 「오감으로 즐기는 제주」(2023.12.22) · 한국관광공사 열린관광지 · 이지제주,"현재 무장애 정보는 이동(지체) 접근성 기준입니다. 시각·청각·발달 장애 정보는 확보 중이며, 열린관광 모두의여행(access.visitkorea.or.kr) 또는 이지제주(easyjeju.net)에서 확인하실 수 있습니다.",SURVEYED,,FIX12: 조사 서술문 제약 명시로 FULL→PARTIAL 하향,v3,ROUTE_SURVEY,경로 상태 조사: 포장도로+실내시설+휠체어 접근 가능,,,,Y,UNKNOWN,UNKNOWN,
ACC_P155,P155,NONE,UNKNOWN,UNKNOWN,UNKNOWN,NONE,FULL,FULL,FULL,Y,AVAILABLE,AVAILABLE,도심 해안 산책·광장 구역 — 포장 노면으로 접근 가능하나 상세 조사 자료 없음. 방파제 구간은 단차 가능,,엘리베이터 있음+휠체어 접근 가능,장애인 화장실 있음+엘리베이터 있음+매표소 접근 가능,,주출입구에 단차가 있고 장애인 화장실·엘리베이터·장애인 주차구역이 확인되지 않아 휠체어 이용이 어렵습니다.,,,,휠내비길(wheelnavi.kr) 음성안내 · 제주올레 오디오가이드(jejuolle.org) 코스별 음성해설,「탐나는수어」 앱 · 제주수어통역센터 여행수어 자료(jejudeaf.com),,IN_VENUE,이용 동선에서 이용 가능,차량+대중교통,,,,,,,,,,,,2023-12,,,,,,,UNKNOWN,UNKNOWN,,,,,제주관광약자접근성안내센터(이지제주) · 한국관광공사 열린관광 · ㈜휴플 현장조사,2026-06,2024~2026,https://korean.visitkorea.or.kr/detail/ms_detail.do?cotid=3045e857-91e7-40b3-a17b-4ac7e092e890,제주관광공사 「오감으로 즐기는 제주」(2023.12.22) · 한국관광공사 열린관광지 · 이지제주,"현재 무장애 정보는 이동(지체) 접근성 기준입니다. 시각·청각·발달 장애 정보는 확보 중이며, 열린관광 모두의여행(access.visitkorea.or.kr) 또는 이지제주(easyjeju.net)에서 확인하실 수 있습니다.",VERIFIED,검증완료(2026-07) — 이용 가부 판정,FIX23: 근거 부재 FULL→UNKNOWN,v3,FACILITY_SURVEY,편의시설 조사: 장애인 화장실 있음+엘리베이터 있음+매표소 접근 가능,,,,Y,UNKNOWN,UNKNOWN,
ACC_P156,P156,UNKNOWN,UNKNOWN,UNKNOWN,UNKNOWN,UNKNOWN,UNKNOWN,UNKNOWN,UNKNOWN,Y,UNKNOWN,UNKNOWN,,,포장도로+도서관/실내시설+휠체어 접근 확인 필요,UNKNOWN,,,,,,휠내비길(wheelnavi.kr) 음성안내 · 제주올레 오디오가이드(jejuolle.org) 코스별 음성해설,「탐나는수어」 앱 · 제주수어통역센터 여행수어 자료(jejudeaf.com),,,,차량+대중교통,,,,,,,,,,,,2023-12,,,,,,,UNKNOWN,UNKNOWN,,,,,제주관광약자접근성안내센터(이지제주) · 한국관광공사 열린관광 · ㈜휴플 현장조사,2026-06,2024~2026,https://easyjeju.net,제주관광공사 「오감으로 즐기는 제주」(2023.12.22) · 한국관광공사 열린관광지 · 이지제주,"현재 무장애 정보는 이동(지체) 접근성 기준입니다. 시각·청각·발달 장애 정보는 확보 중이며, 열린관광 모두의여행(access.visitkorea.or.kr) 또는 이지제주(easyjeju.net)에서 확인하실 수 있습니다.",SURVEYED,,,v3,FACILITY_SURVEY,편의시설 조사: UNKNOWN,,,,Y,UNKNOWN,UNKNOWN,
ACC_P157,P157,PARTIAL,UNKNOWN,UNKNOWN,UNKNOWN,PARTIAL,PARTIAL,PARTIAL,UNKNOWN,Y,CONDITIONAL,CONDITIONAL,농로·마을길 비포장 구간 — 위령비 주변 노면 미확인,,비포장+농로/마을길+위령비 접근+휠체어 접근 확인 필요,UNKNOWN,차량이 닿는 지점까지 접근 가능 / 위령비 주변 노면 미확인,농로와 마을길을 지나 위령비에 이릅니다. 진입로가 비포장이고 위령비 주변 노면은 확인되지 않았습니다.,,,,휠내비길(wheelnavi.kr) 음성안내 · 제주올레 오디오가이드(jejuolle.org) 코스별 음성해설,「탐나는수어」 앱 · 제주수어통역센터 여행수어 자료(jejudeaf.com),,,,차량+대중교통+도보,,,,,,,,,,,,2023-12,,,,,,,UNKNOWN,UNKNOWN,,,,,제주관광약자접근성안내센터(이지제주) · 한국관광공사 열린관광 · ㈜휴플 현장조사,2026-06,2024~2026,https://easyjeju.net,제주관광공사 「오감으로 즐기는 제주」(2023.12.22) · 한국관광공사 열린관광지 · 이지제주,"현재 무장애 정보는 이동(지체) 접근성 기준입니다. 시각·청각·발달 장애 정보는 확보 중이며, 열린관광 모두의여행(access.visitkorea.or.kr) 또는 이지제주(easyjeju.net)에서 확인하실 수 있습니다.",SURVEYED,,,v3,ROUTE_SURVEY,경로 상태 조사: 비포장+농로/마을길+위령비 접근+휠체어 접근 확인 필요,,,,Y,UNKNOWN,UNKNOWN,
ACC_P158,P158,PARTIAL,UNKNOWN,PARTIAL,UNKNOWN,PARTIAL,PARTIAL,PARTIAL,FULL,Y,CONDITIONAL,CONDITIONAL,"외부 관람로 자연석 요철 — 경사 최대 5도, 단차 최대 11cm","외부 관람로 바닥 요철 마감이며, 경사 최대 5도, 단차 최대 11cm 있습니다+중대문 들어가는 방면 약 5도의 경사 나가는 방면 약 7cm의 단차있습니다+주 출입구 접근로 내리막 경사 5~17도 있습니다",포장도로+자연석 요철+단차 있음+휠체어 접근 부분가능,경사로 있음+휠체어 대여 가능+유모차 대여 가능+장애인 주차장 있음+장애인 화장실 있음+기저귀 교환대 있음+매표소 접근 가능,관람로 대부분 이동 가능 / 자연석 요철과 단차 구간 있음,"외부 관람로는 자연석 마감이라 바닥에 요철이 있고 경사는 완만하며 단차는 최대 11cm입니다. 중대문 쪽은 들어가는 방향에 완만한 경사, 나가는 방향에 약 7cm 단차가 있습니다. 주 출입구 접근로는 내리막이 가파른 구간이 있습니다. 휠체어와 유모차를 대여할 수 있고, 장애인 주차장·화장실과 기저귀 교환대가 있으며 매표소까지 접근할 수 있습니다.",,,탐나는수어 앱 수어해설 21곳(1.제주목관아). 현장 QR·AR 수어영상,휠내비길(wheelnavi.kr) 음성안내 · 제주올레 오디오가이드(jejuolle.org) 코스별 음성해설,「탐나는수어」 앱(제주수어통역센터) + 현장 QR,,IN_VENUE,이용 동선에서 이용 가능,차량+대중교통+도보,NONE,Y,,,,,㈜휴플 자체 현장조사 (2024~2025),,,,,2023-12,,,,,,,UNKNOWN,UNKNOWN,,,,,제주관광약자접근성안내센터(이지제주) · 한국관광공사 열린관광 · ㈜휴플 현장조사,2026-06,2024~2026,https://easyjeju.net,제주관광공사 「오감으로 즐기는 제주」(2023.12.22) · 한국관광공사 열린관광지 · 이지제주,"현재 무장애 정보는 이동(지체) 접근성 기준입니다. 시각·청각·발달 장애 정보는 확보 중이며, 열린관광 모두의여행(access.visitkorea.or.kr) 또는 이지제주(easyjeju.net)에서 확인하실 수 있습니다.",VERIFIED,,,v3,FIELD_SURVEY,㈜휴플 자체 현장조사 / 경로: 포장도로+자연석 요철+단차 있음+휠체어 접근 부분가능,,,,Y,UNKNOWN,Y,
ACC_P159,P159,PARTIAL,UNKNOWN,UNKNOWN,UNKNOWN,PARTIAL,PARTIAL,PARTIAL,FULL,Y,CONDITIONAL,CONDITIONAL,시설접근 기준 판정 — 활동참여 개별 근거 미확보,,포장도로+광장/공연장+행사 혼잡 가능+휠체어 접근 부분가능,장애인 주차장 있음+장애인 화장실 있음+장애인 관람석 있음,,,,,,휠내비길(wheelnavi.kr) 음성안내 · 제주올레 오디오가이드(jejuolle.org) 코스별 음성해설,「탐나는수어」 앱 · 제주수어통역센터 여행수어 자료(jejudeaf.com),,IN_VENUE,이용 동선에서 이용 가능,차량+대중교통+도보,,,,,,,,,,,,2023-12,EVENT_CROWD,행사 기간 부스·관람객 밀집으로 통행 제약. 평시와 접근성이 크게 다름,,,,,UNKNOWN,UNKNOWN,,,,,제주관광약자접근성안내센터(이지제주) · 한국관광공사 열린관광 · ㈜휴플 현장조사,2026-06,2024~2026,https://easyjeju.net,제주관광공사 「오감으로 즐기는 제주」(2023.12.22) · 한국관광공사 열린관광지 · 이지제주,"현재 무장애 정보는 이동(지체) 접근성 기준입니다. 시각·청각·발달 장애 정보는 확보 중이며, 열린관광 모두의여행(access.visitkorea.or.kr) 또는 이지제주(easyjeju.net)에서 확인하실 수 있습니다.",SURVEYED,,,v3,FACILITY_SURVEY,편의시설 조사: 장애인 주차장 있음+장애인 화장실 있음+장애인 관람석 있음,,,,Y,UNKNOWN,UNKNOWN,
ACC_P160,P160,PARTIAL,PARTIAL,UNKNOWN,UNKNOWN,PARTIAL,FULL,FULL,FULL,Y,AVAILABLE,AVAILABLE,도심 해안 산책·광장 구역 — 포장 노면으로 접근 가능하나 상세 조사 자료 없음. 방파제 구간은 단차 가능,,포장도로+해안광장 산책로+휠체어 접근 가능,장애인 주차장 있음+장애인 화장실 있음+점자안내판 있음,해안 광장과 산책로는 이용 가능하고 방파제 쪽은 단차,해안 광장과 산책로는 포장돼 있어 휠체어로 다니실 수 있습니다. 장애인 주차구역과 장애인 화장실이 있습니다. 방파제 쪽에는 단차가 있을 수 있어 살펴 이동해 주세요.,,,,휠내비길(wheelnavi.kr) 음성안내 · 제주올레 오디오가이드(jejuolle.org) 코스별 음성해설,「탐나는수어」 앱 · 제주수어통역센터 여행수어 자료(jejudeaf.com),,IN_VENUE,이용 동선에서 이용 가능,차량+대중교통+도보,,,,,,,,,,,,2023-12,,,,,,,UNKNOWN,UNKNOWN,,,,,제주관광약자접근성안내센터(이지제주) · 한국관광공사 열린관광 · ㈜휴플 현장조사,2026-06,2024~2026,https://easyjeju.net · https://www.data.go.kr/data/15101897/openapi.do,제주관광공사 「오감으로 즐기는 제주」(2023.12.22) · 한국관광공사 열린관광지 · 이지제주,"현재 무장애 정보는 이동(지체) 접근성 기준입니다. 시각·청각·발달 장애 정보는 확보 중이며, 열린관광 모두의여행(access.visitkorea.or.kr) 또는 이지제주(easyjeju.net)에서 확인하실 수 있습니다.",VERIFIED,검증완료(2026-07) — 이용 가부 판정 [FIX65] 한국관광공사 무장애 API(detailWithTour2) — helpdog=안내견 동반 가능,FIX23: 근거 부재 FULL→UNKNOWN | FIX65: visualAccess UNKNOWN→PARTIAL (KTO API),v3,FACILITY_SURVEY,편의시설 조사: 장애인 주차장 있음+장애인 화장실 있음+점자안내판 있음,,,,Y,UNKNOWN,UNKNOWN,
ACC_P161,P161,FULL,PARTIAL,UNKNOWN,UNKNOWN,FULL,FULL,FULL,FULL,Y,AVAILABLE,AVAILABLE,도심 해안 산책·광장 구역 — 포장 노면으로 접근 가능하나 상세 조사 자료 없음. 방파제 구간은 단차 가능,"경사로(약 3.6도)가 설치되어 있습니다+단차로 인해 인도 쪽으로 돌아서 들어갸야 합니다+장애인 화장실 출입구 단차 없으며, 유효폭 적정합니다",포장도로+공연장 접근로+휠체어 접근 가능,장애인 주차장 있음+장애인 화장실 있음+가족화장실 있음+장애인 관람석 있음,,,주출입구에 단차가 없고 휠체어로 통행할 수 있습니다. 장애인 주차구역과 장애인 화장실이 있으며 휠체어 대여도 가능합니다.,,,휠내비길(wheelnavi.kr) 음성안내 · 제주올레 오디오가이드(jejuolle.org) 코스별 음성해설,「탐나는수어」 앱 · 제주수어통역센터 여행수어 자료(jejudeaf.com),,IN_VENUE,이용 동선에서 이용 가능,차량+대중교통+도보,,,,,,,,,,,,2023-12,EVENT_CROWD,행사 기간 부스·관람객 밀집으로 통행 제약. 평시와 접근성이 크게 다름,,,,,UNKNOWN,UNKNOWN,,,,,제주관광약자접근성안내센터(이지제주) · 한국관광공사 열린관광 · ㈜휴플 현장조사,2026-06,2024~2026,https://easyjeju.net/pages.php?no=727&p=tourist · https://we-map.kr/service/map/6438,제주관광공사 「오감으로 즐기는 제주」(2023.12.22) · 한국관광공사 열린관광지 · 이지제주,"현재 무장애 정보는 이동(지체) 접근성 기준입니다. 시각·청각·발달 장애 정보는 확보 중이며, 열린관광 모두의여행(access.visitkorea.or.kr) 또는 이지제주(easyjeju.net)에서 확인하실 수 있습니다.",VERIFIED,검증완료(2026-07) — 이용 가부 판정 [FIX65] 한국관광공사 무장애 API(detailWithTour2) — helpdog=안내견 동반 가능,FIX23: 근거 부재 FULL→UNKNOWN | FIX65: visualAccess UNKNOWN→PARTIAL (KTO API),v3,ROUTE_SURVEY,경로 상태 조사: 포장도로+공연장 접근로+휠체어 접근 가능,UNKNOWN,모래사장은 휠체어 바퀴가 빠져 이동이 어렵습니다. 진입로·데크 설치 여부가 확인되지 않았으니 방문 전 문의하시거나 해변용 휠체어 대여 가능 여부를 확인해 주세요,입수하실 경우 반드시 동행자와 함께 수심이 얕은 구역에 머물러 주세요. 휠체어 이용자는 파도에 중심을 잃기 쉽고 스스로 빠져나오기 어렵습니다,Y,UNKNOWN,UNKNOWN,
ACC_P162,P162,PARTIAL,UNKNOWN,UNKNOWN,UNKNOWN,PARTIAL,PARTIAL,PARTIAL,FULL,N,CONDITIONAL,CONDITIONAL,포장 동선·해안 산책로와 장애인 편의시설 이용 가능 / 모래사장 진입 제한,,포장도로+해안 산책로+모래사장 접근 제한+휠체어 접근 부분가능,장애인 주차장 있음+장애인 화장실 있음,"경로 조사 — 포장도로와 해안 산책로 확보, 장애인 주차구역·장애인 화장실 있음. 모래사장 진입은 제한","포장도로와 해안 산책로가 있어 바다 가까이까지 가실 수 있고, 장애인 주차구역과 장애인 화장실이 갖춰져 있습니다. 섭지코지를 배경으로 한 바다를 보시기 좋습니다. 다만 모래사장 안으로 들어가시기는 어렵습니다.",,,,휠내비길(wheelnavi.kr) 음성안내 · 제주올레 오디오가이드(jejuolle.org) 코스별 음성해설,「탐나는수어」 앱 · 제주수어통역센터 여행수어 자료(jejudeaf.com),,IN_VENUE,이용 동선에서 이용 가능,차량+도보,,,,,,,,,,,,2023-12,,,,,,,UNKNOWN,UNKNOWN,,,,,제주관광약자접근성안내센터(이지제주) · 한국관광공사 열린관광 · ㈜휴플 현장조사,2026-06,2024~2026,https://easyjeju.net,제주관광공사 「오감으로 즐기는 제주」(2023.12.22) · 한국관광공사 열린관광지 · 이지제주,"현재 무장애 정보는 이동(지체) 접근성 기준입니다. 시각·청각·발달 장애 정보는 확보 중이며, 열린관광 모두의여행(access.visitkorea.or.kr) 또는 이지제주(easyjeju.net)에서 확인하실 수 있습니다.",SURVEYED,[FIX86] 해양 유형 사유 이관 — 조사 기록은 routeCondition·barrierFreeDetail 참조. 잔여 확인 — 해변 진입 데크·매트 설치 여부,FIX86: 해양 유형 사유·안내문 신설,v3,FACILITY_SURVEY,편의시설 조사: 장애인 주차장 있음+장애인 화장실 있음,UNKNOWN,모래사장은 휠체어 바퀴가 빠져 이동이 어렵습니다. 진입로·데크 설치 여부가 확인되지 않았으니 방문 전 문의하시거나 해변용 휠체어 대여 가능 여부를 확인해 주세요,발이 닿는 깊이까지만 들어가시고 먼 바다 쪽으로는 나가지 말아 주세요. 파고가 2m를 넘거나 풍랑특보가 발효되면 입수를 삼가 주세요. 너울은 파도가 잔잔해 보여도 갑자기 밀려오니 갯바위와 방파제 위에는 올라가지 말아 주세요. 체감온도 33도가 넘는 날에는 한낮 물놀이를 피하고 그늘에서 자주 쉬어 주세요. 휠체어 이용자는 파도에 중심을 잃기 쉽고 스스로 빠져나오기 어려우니 반드시 동행자와 함께해 주세요.,Y,UNKNOWN,UNKNOWN,
ACC_P163,P163,PARTIAL,UNKNOWN,UNKNOWN,UNKNOWN,PARTIAL,PARTIAL,PARTIAL,FULL,Y,CONDITIONAL,CONDITIONAL,공원 산책로 경사 구간 — 세부 노면 미확인,경사 있음,포장도로+공원 산책로+휠체어 접근 확인 필요,장애인 주차장 있음+장애인 화장실 있음,포장 산책로 이용 가능 / 경사 구간 세부 미확인,공원 안 산책로는 포장되어 있고 경사 구간이 있습니다. 장애인 주차장과 화장실이 관람 구간 안에 있습니다.,,,,휠내비길(wheelnavi.kr) 음성안내 · 제주올레 오디오가이드(jejuolle.org) 코스별 음성해설,「탐나는수어」 앱 · 제주수어통역센터 여행수어 자료(jejudeaf.com),,IN_VENUE,이용 동선에서 이용 가능,차량+대중교통+도보,,,,,,,,,,,,2023-12,,,,,,,UNKNOWN,UNKNOWN,,,,,제주관광약자접근성안내센터(이지제주) · 한국관광공사 열린관광 · ㈜휴플 현장조사,2026-06,2024~2026,https://easyjeju.net,제주관광공사 「오감으로 즐기는 제주」(2023.12.22) · 한국관광공사 열린관광지 · 이지제주,"현재 무장애 정보는 이동(지체) 접근성 기준입니다. 시각·청각·발달 장애 정보는 확보 중이며, 열린관광 모두의여행(access.visitkorea.or.kr) 또는 이지제주(easyjeju.net)에서 확인하실 수 있습니다.",SURVEYED,,,v3,ROUTE_SURVEY,경로 상태 조사: 포장도로+공원 산책로+휠체어 접근 확인 필요,,,,Y,UNKNOWN,UNKNOWN,
ACC_P164,P164,FULL,UNKNOWN,UNKNOWN,UNKNOWN,FULL,FULL,FULL,FULL,Y,AVAILABLE,AVAILABLE,시설접근·활동참여 모두 가능 — 열린관광 자료로 근거 확보,경사로 있음,휠체어 접근 가능,경사로 있음+장애인 주차장 있음+장애인 화장실 있음,,초콜릿·마카롱·피자 만들기 체험은 4세 이상 참여할 수 있습니다.,,,,휠내비길(wheelnavi.kr) 음성안내 · 제주올레 오디오가이드(jejuolle.org) 코스별 음성해설,「탐나는수어」 앱 · 제주수어통역센터 여행수어 자료(jejudeaf.com),"한국관광공사 열린관광 — 출입구까지 경사로 설치, 주출입구 휠체어 접근 가능, 장애인 주차장·장애인 화장실 보유",IN_VENUE,이용 동선에서 이용 가능,차량+대중교통,,,,,,,,,,,,2023-12,,,,,,,UNKNOWN,UNKNOWN,,,,,제주관광약자접근성안내센터(이지제주) · 한국관광공사 열린관광 · ㈜휴플 현장조사,2026-06,2024~2026,https://easyjeju.net,제주관광공사 「오감으로 즐기는 제주」(2023.12.22) · 한국관광공사 열린관광지 · 이지제주,"현재 무장애 정보는 이동(지체) 접근성 기준입니다. 시각·청각·발달 장애 정보는 확보 중이며, 열린관광 모두의여행(access.visitkorea.or.kr) 또는 이지제주(easyjeju.net)에서 확인하실 수 있습니다.",SURVEYED,,"FIX75: 활동참여 조건부 전환 — 체험형 시설, 조사 대기 | FIX77: activityAccess CONDITIONAL→AVAILABLE — 열린관광 자료로 근거 확보",v3,ROUTE_SURVEY,경로 상태 조사: 휠체어 접근 가능,,,,Y,UNKNOWN,UNKNOWN,
ACC_P165,P165,PARTIAL,UNKNOWN,UNKNOWN,UNKNOWN,PARTIAL,PARTIAL,PARTIAL,FULL,Y,CONDITIONAL,CONDITIONAL,올레 4코스 휠체어 구간 경유 — 해당 구간 기준 접근 가능 / 활동참여 조건부,,포장도로+자전거길/올레 휠체어 구간+해안도로+휠체어 접근 부분가능,올레4코스 휠체어 구간 있음+휠체어 대여 가능+유모차 대여 가능+장애인 주차장 있음+장애인 화장실 있음+수유실/영유아 돌봄 가능,제주올레 4코스 휠체어 구간(당케포구~세화2리 해녀의집 5.5km)이 이 해안도로를 경유함. 평지이고 보도와 차도가 나뉘어 있음. 종점 포구 쪽 경사는 완만하나 등대길 구간은 가팔라 우회가 필요함. 표선 방면에 장애인 주차구역·장애인 화장실·휠체어 및 유모차 대여가 확인됨,"제주올레 4코스의 휠체어 이용 구간이 이 해안도로를 지납니다. 당케포구에서 세화2리 해녀의집까지 약 5.5km로 비교적 평탄하지만, 포구와 등대 쪽에는 경사가 가파른 구간이 있어 우회가 필요할 수 있습니다.","제주올레 4코스 휠체어 구간(당케포구~세화2리 해녀의집 5.5km, 공식 난이도 중)이 본 해안도로를 경유. 평지·보차구분 구간이며 종점 포구 경사 4~5도, 등대길 11~14도 구간은 우회 필요. 표선 방면 장애인 주차구역·장애인 화장실·휠체어 및 유모차 대여 확인",,,휠내비길(wheelnavi.kr) 음성안내 · 제주올레 오디오가이드(jejuolle.org) 코스별 음성해설,「탐나는수어」 앱 · 제주수어통역센터 여행수어 자료(jejudeaf.com),,IN_VENUE,이용 동선에서 이용 가능,차량+대중교통+도보,,,,,,,,,,,,2023-12,,,당케포구~세화2리 해녀의집 (제주올레 4코스 구간),5.5km,MEDIUM,"평지·연석 보차구분. 종점 포구 경사 4-5도, 등대길 11-14도 구간 우회",UNKNOWN,UNKNOWN,해양수산연구원 내,,,,제주관광약자접근성안내센터(이지제주) · 한국관광공사 열린관광 · ㈜휴플 현장조사,2026-06,2024~2026,https://easyjeju.net,제주관광공사 「오감으로 즐기는 제주」(2023.12.22) · 한국관광공사 열린관광지 · 이지제주,"현재 무장애 정보는 이동(지체) 접근성 기준입니다. 시각·청각·발달 장애 정보는 확보 중이며, 열린관광 모두의여행(access.visitkorea.or.kr) 또는 이지제주(easyjeju.net)에서 확인하실 수 있습니다.",SURVEYED,[FIX82] 올레 4코스(P624) 참조 — 구간 정보의 원본은 P624 이며 본 노드는 참조본. P624 갱신 시 함께 갱신할 것,FIX82: 올레 4코스 휠체어 구간(5.5km) 참조 안내 추가,v3,FACILITY_SURVEY,편의시설 조사: 올레4코스 휠체어 구간 있음+휠체어 대여 가능+유모차 대여 가능+장애인 주차장 있음+장애인 화장실 있음+수유실/영유아 돌봄 가,,,,Y,UNKNOWN,UNKNOWN,
ACC_P166,P166,UNKNOWN,FULL,UNKNOWN,UNKNOWN,UNKNOWN,UNKNOWN,UNKNOWN,PARTIAL,Y,UNKNOWN,UNKNOWN,,,UNKNOWN,UNKNOWN,,,,,,휠내비길(wheelnavi.kr) 음성안내 · 제주올레 오디오가이드(jejuolle.org) 코스별 음성해설,「탐나는수어」 앱 · 제주수어통역센터 여행수어 자료(jejudeaf.com),,,,차량+대중교통,,,,,,,,,,,,2023-12,,,,,,,UNKNOWN,UNKNOWN,,,,,제주관광약자접근성안내센터(이지제주) · 한국관광공사 열린관광 · ㈜휴플 현장조사,2026-06,2024~2026,https://easyjeju.net · https://www.data.go.kr/data/15101897/openapi.do,제주관광공사 「오감으로 즐기는 제주」(2023.12.22) · 한국관광공사 열린관광지 · 이지제주,"현재 무장애 정보는 이동(지체) 접근성 기준입니다. 시각·청각·발달 장애 정보는 확보 중이며, 열린관광 모두의여행(access.visitkorea.or.kr) 또는 이지제주(easyjeju.net)에서 확인하실 수 있습니다.",SURVEYED,[FIX65] 한국관광공사 무장애 API(detailWithTour2) — helpdog=보조견 동반 가능함; guidehuman=안내요원 있음,FIX65: visualAccess UNKNOWN→FULL (KTO API) | FIX65: disabledToilet UNKNOWN→PARTIAL (KTO API),v3,FACILITY_SURVEY,편의시설 조사: UNKNOWN,,,,Y,UNKNOWN,UNKNOWN,
ACC_P167,P167,PARTIAL,UNKNOWN,UNKNOWN,UNKNOWN,PARTIAL,PARTIAL,PARTIAL,UNKNOWN,N,CONDITIONAL,CONDITIONAL,시설접근 기준 판정 — 활동참여 개별 근거 미확보,,시멘트길+해안 산책로+인도/차도 구분 없음+휠체어 접근 부분가능,UNKNOWN,,,,,,휠내비길(wheelnavi.kr) 음성안내 · 제주올레 오디오가이드(jejuolle.org) 코스별 음성해설,「탐나는수어」 앱 · 제주수어통역센터 여행수어 자료(jejudeaf.com),,,,차량,,,,,,,,,,,,2023-12,,,,,,,UNKNOWN,UNKNOWN,,,,,제주관광약자접근성안내센터(이지제주) · 한국관광공사 열린관광 · ㈜휴플 현장조사,2026-06,2024~2026,https://easyjeju.net,제주관광공사 「오감으로 즐기는 제주」(2023.12.22) · 한국관광공사 열린관광지 · 이지제주,"현재 무장애 정보는 이동(지체) 접근성 기준입니다. 시각·청각·발달 장애 정보는 확보 중이며, 열린관광 모두의여행(access.visitkorea.or.kr) 또는 이지제주(easyjeju.net)에서 확인하실 수 있습니다.",SURVEYED,,,v3,FACILITY_SURVEY,편의시설 조사: UNKNOWN,,,,Y,UNKNOWN,UNKNOWN,
ACC_P168,P168,PARTIAL,UNKNOWN,UNKNOWN,UNKNOWN,PARTIAL,PARTIAL,FULL,FULL,Y,CONDITIONAL,CONDITIONAL,시설접근 기준 판정 — 활동참여 개별 근거 미확보,경사로 있음,포장도로+일부 단차 있음+휠체어 접근 가능,경사로 있음+휠체어 대여 가능+장애인 주차장 있음+장애인 화장실 있음,"노면·단차 제약 — 조사문에 ""단차 있"" 명시",,,,,휠내비길(wheelnavi.kr) 음성안내 · 제주올레 오디오가이드(jejuolle.org) 코스별 음성해설,「탐나는수어」 앱 · 제주수어통역센터 여행수어 자료(jejudeaf.com),,IN_VENUE,이용 동선에서 이용 가능,차량+대중교통+도보,,,,,,,,,,,,2023-12,,,,,,,UNKNOWN,UNKNOWN,,,,,제주관광약자접근성안내센터(이지제주) · 한국관광공사 열린관광 · ㈜휴플 현장조사,2026-06,2024~2026,https://easyjeju.net,제주관광공사 「오감으로 즐기는 제주」(2023.12.22) · 한국관광공사 열린관광지 · 이지제주,"현재 무장애 정보는 이동(지체) 접근성 기준입니다. 시각·청각·발달 장애 정보는 확보 중이며, 열린관광 모두의여행(access.visitkorea.or.kr) 또는 이지제주(easyjeju.net)에서 확인하실 수 있습니다.",SURVEYED,,FIX22: 논리검사 패턴 보완(요철·단차·노면불량),v3,ROUTE_SURVEY,경로 상태 조사: 포장도로+일부 단차 있음+휠체어 접근 가능,,,,Y,UNKNOWN,UNKNOWN,
ACC_P169,P169,FULL,PARTIAL,PARTIAL,UNKNOWN,FULL,FULL,FULL,FULL,Y,AVAILABLE,AVAILABLE,시설접근 기준 판정 — 활동참여 개별 근거 미확보,오르막 시작: 오르막 시작 / 주출입구 경사로 4~5도 11m/폭 1m+김만덕 기념관 후문: 경사로 7도 약 4m+오르막 끝: 오르막 끝,엘리베이터 있음+무단차+휠체어 접근 가능,경사로 있음+휠체어 대여 가능+유모차 대여 가능+장애인 주차장 있음+장애인 화장실 있음+엘리베이터 있음,,,,,탐나는수어 앱 수어해설 21곳(3.김만덕기념관). 현장 QR·AR 수어영상,휠내비길(wheelnavi.kr) 음성안내 · 제주올레 오디오가이드(jejuolle.org) 코스별 음성해설,「탐나는수어」 앱(제주수어통역센터) + 현장 QR,,IN_VENUE,이용 동선에서 이용 가능,차량+대중교통,,Y,,,,,㈜휴플 자체 현장조사 (2024~2025),,,,,2023-12,,,,,,,UNKNOWN,UNKNOWN,,,,,제주관광약자접근성안내센터(이지제주) · 한국관광공사 열린관광 · ㈜휴플 현장조사,2026-06,2024~2026,https://easyjeju.net · https://www.data.go.kr/data/15101897/openapi.do,제주관광공사 「오감으로 즐기는 제주」(2023.12.22) · 한국관광공사 열린관광지 · 이지제주,"현재 무장애 정보는 이동(지체) 접근성 기준입니다. 시각·청각·발달 장애 정보는 확보 중이며, 열린관광 모두의여행(access.visitkorea.or.kr) 또는 이지제주(easyjeju.net)에서 확인하실 수 있습니다.",PARTIAL,"부분검증(2026-08) — 오감 청각 목록 확인, 이동축 미확인 [FIX65] 한국관광공사 무장애 API(detailWithTour2) — braileblock=건물 출입구 앞",FIX65: visualAccess UNKNOWN→PARTIAL (KTO API),v3,FIELD_SURVEY,㈜휴플 자체 현장조사 / 경로: 엘리베이터 있음+무단차+휠체어 접근 가능,,,,Y,UNKNOWN,Y,
ACC_P170,P170,PARTIAL,UNKNOWN,UNKNOWN,UNKNOWN,PARTIAL,PARTIAL,PARTIAL,FULL,Y,CONDITIONAL,CONDITIONAL,시설접근 기준 판정 — 활동참여 개별 근거 미확보,경사/단차 있음,포장도로+광장/목관아 행사장+행사 혼잡 가능+휠체어 접근 부분가능,경사로 있음+휠체어 대여 가능+유모차 대여 가능+장애인 주차장 있음+장애인 화장실 있음+매표소 접근 가능,,,,,,휠내비길(wheelnavi.kr) 음성안내 · 제주올레 오디오가이드(jejuolle.org) 코스별 음성해설,「탐나는수어」 앱 · 제주수어통역센터 여행수어 자료(jejudeaf.com),,IN_VENUE,이용 동선에서 이용 가능,차량+대중교통,,,,,,,,,,,,2023-12,EVENT_CROWD,행사 기간 부스·관람객 밀집으로 통행 제약. 평시와 접근성이 크게 다름,,,,,UNKNOWN,UNKNOWN,,,,,제주관광약자접근성안내센터(이지제주) · 한국관광공사 열린관광 · ㈜휴플 현장조사,2026-06,2024~2026,jeju.go.kr / 제주민예총,제주관광공사 「오감으로 즐기는 제주」(2023.12.22) · 한국관광공사 열린관광지 · 이지제주,"현재 무장애 정보는 이동(지체) 접근성 기준입니다. 시각·청각·발달 장애 정보는 확보 중이며, 열린관광 모두의여행(access.visitkorea.or.kr) 또는 이지제주(easyjeju.net)에서 확인하실 수 있습니다.",SURVEYED,,,v3,ROUTE_SURVEY,경로 상태 조사: 포장도로+광장/목관아 행사장+행사 혼잡 가능+휠체어 접근 부분가능,,,,Y,UNKNOWN,UNKNOWN,
ACC_P171,P171,NONE,UNKNOWN,UNKNOWN,UNKNOWN,NONE,NONE,NONE,UNKNOWN,Y,UNAVAILABLE,UNAVAILABLE,장거리 마을길·오름 구간 — 코스 접근 불가,,포장도로+농로/중산간길+오름 구간+장거리+휠체어 접근 어려움,UNKNOWN,,"기독교순례길 2코스(순교의길)는 포장도로와 농로, 중산간길이 길게 이어지고 오름 구간이 있어 휠체어로 이동하시기 어렵습니다. 장애인 화장실은 확인되지 않았습니다.",,,,휠내비길(wheelnavi.kr) 음성안내 · 제주올레 오디오가이드(jejuolle.org) 코스별 음성해설,「탐나는수어」 앱 · 제주수어통역센터 여행수어 자료(jejudeaf.com),,,,차량+대중교통+도보,,,,,,,,,,,,2023-12,,,,,,,UNKNOWN,UNKNOWN,,,,,제주관광약자접근성안내센터(이지제주) · 한국관광공사 열린관광 · ㈜휴플 현장조사,2026-06,2024~2026,https://easyjeju.net,제주관광공사 「오감으로 즐기는 제주」(2023.12.22) · 한국관광공사 열린관광지 · 이지제주,"현재 무장애 정보는 이동(지체) 접근성 기준입니다. 시각·청각·발달 장애 정보는 확보 중이며, 열린관광 모두의여행(access.visitkorea.or.kr) 또는 이지제주(easyjeju.net)에서 확인하실 수 있습니다.",SURVEYED,,[FIX90] 트레일 사유 이관 — 조사 기록은 routeCondition·barrierFreeDetail·slopeInfo 참조,v3,FACILITY_SURVEY,편의시설 조사: UNKNOWN,,,,N,UNKNOWN,UNKNOWN,"시각장애인은 동행자와 함께라면 이용 가능할 수 있으나 안내 설비 정보가 없습니다. 청각장애인은 이동에 제약이 적을 것으로 보이나, 조난 시 연락 수단·안내 방송 여부가 확인되지 않았습니다"
ACC_P172,P172,PARTIAL,UNKNOWN,UNKNOWN,UNKNOWN,PARTIAL,FULL,FULL,UNKNOWN,Y,UNKNOWN,UNKNOWN,,,해안 산책로+포장 구간 있음+완만한 평지+일부 구간 휠체어 접근 가능,유모차 접근 가능,해안 산책로 구간은 이용 가능하고 그 밖 구간은 미확인,곽지해수욕장에서 고내포구로 이어지는 해안 산책로는 휠체어와 유모차로 이동하실 수 있습니다. 한담해안산책로 쪽은 출입구에 턱이 없으나 산책로 중간에 단차와 계단이 있는 구간이 있어 동행 도움이 필요할 수 있습니다. 그 밖의 구간은 확인되지 않았습니다. 올레 노선은 바뀔 수 있으니 방문 전에 최신 노선을 확인해 주세요.,"15-B 가 지나는 해안 산책로 구간 중 한담해안산책로는 한국관광공사 열린관광 정보(2026-08-03 수정)에서 주출입 접근로·출입통로에 턱이 없어 휠체어 접근 가능으로 확인됨. 비짓제주도 15-B 의 해안 산책로를 휠체어·유모차 이동 가능 구간으로 안내함. (사)제주올레 기준 15-B 는 현재 운영 27개 코스에 포함. 다만 확인되는 것은 전 구간이 아니라 해안 산책로 일부 구간이며, 제주올레 공식 휠체어 지정 10개 코스에는 들어 있지 않음.",,,휠내비길(wheelnavi.kr) 음성안내 · 제주올레 오디오가이드(jejuolle.org) 코스별 음성해설,「탐나는수어」 앱 · 제주수어통역센터 여행수어 자료(jejudeaf.com),,,,차량+대중교통+도보,,,,,,,공식 출처 확인 2026-09-09 · 제주관광공사 비짓제주 https://www.visitjeju.net/kr/detail/view?contentsid=CNTS_000000000022179 | 한국관광공사 열린관광 https://access.visitkorea.or.kr/ms/detail.do?cotId=630a663c-738b-430f-b60f-0c23a766b1df | (사)제주올레 https://www.jejuolle.org/trail#/road/15_B,,,,,2023-12,,,,,,,UNKNOWN,UNKNOWN,,,,,제주관광약자접근성안내센터(이지제주) · 한국관광공사 열린관광 · ㈜휴플 현장조사,2026-06,2024~2026,https://easyjeju.net,제주관광공사 「오감으로 즐기는 제주」(2023.12.22) · 한국관광공사 열린관광지 · 이지제주,"현재 무장애 정보는 이동(지체) 접근성 기준입니다. 시각·청각·발달 장애 정보는 확보 중이며, 열린관광 모두의여행(access.visitkorea.or.kr) 또는 이지제주(easyjeju.net)에서 확인하실 수 있습니다.",SURVEYED,,FIX13: 근거 부족으로 FULL→UNKNOWN,v3,FACILITY_SURVEY,편의시설 조사: 유모차 접근 가능,,,,Y,UNKNOWN,UNKNOWN,
ACC_P173,P173,PARTIAL,UNKNOWN,UNKNOWN,UNKNOWN,PARTIAL,PARTIAL,PARTIAL,FULL,Y,CONDITIONAL,CONDITIONAL,올레 4코스 휠체어 구간 시작점 — 포장 동선 이용 가능,,포장도로+자전거도로/올레 휠체어 구간+휠체어 접근 가능,올레4코스 휠체어 구간 있음+장애인 화장실 있음(인근),제주올레 4코스 휠체어 구간(당케포구~세화2리 해녀의집 5.5km)의 시작점. 포장도로와 자전거도로가 이어지고 인근에 장애인 화장실 확보,"제주올레 4코스의 휠체어 이용 구간이 시작되는 포구입니다. 여기서 세화2리 해녀의집까지 약 5.5km가 휠체어 이용 구간으로 지정되어 있습니다. 포구 주변은 포장되어 있고 자전거도로가 함께 나 있으며, 인근에 장애인 화장실이 있습니다.",,,,휠내비길(wheelnavi.kr) 음성안내 · 제주올레 오디오가이드(jejuolle.org) 코스별 음성해설,「탐나는수어」 앱 · 제주수어통역센터 여행수어 자료(jejudeaf.com),,IN_VENUE,이용 동선에서 이용 가능,차량+대중교통+도보,,,,,,,,,,,,2023-12,,,,,,,UNKNOWN,UNKNOWN,,,,,제주관광약자접근성안내센터(이지제주) · 한국관광공사 열린관광 · ㈜휴플 현장조사,2026-06,2024~2026,https://easyjeju.net,제주관광공사 「오감으로 즐기는 제주」(2023.12.22) · 한국관광공사 열린관광지 · 이지제주,"현재 무장애 정보는 이동(지체) 접근성 기준입니다. 시각·청각·발달 장애 정보는 확보 중이며, 열린관광 모두의여행(access.visitkorea.or.kr) 또는 이지제주(easyjeju.net)에서 확인하실 수 있습니다.",SURVEYED,[FIX86] 제주올레 공식 휠체어 구간의 시·종점 — 코스 노드와 함께 갱신할 것 (P624 제주올레 4코스),FIX86: 해양 유형 사유·안내문 신설,v3,FACILITY_SURVEY,편의시설 조사: 올레4코스 휠체어 구간 있음+장애인 화장실 있음(인근),,,,Y,UNKNOWN,UNKNOWN,
ACC_P174,P174,PARTIAL,UNKNOWN,UNKNOWN,UNKNOWN,PARTIAL,PARTIAL,PARTIAL,FULL,Y,CONDITIONAL,CONDITIONAL,시설접근 기준 판정 — 활동참여 개별 근거 미확보,"주출입구 접근로에 경사로(5도) 설치되어 있습니다+출입구에 경사로(5도) 설치되어 있습니다+평평한 바닥 재질이며, 단차 없이 이동 가능합니다",포장도로+석분/자갈길+돌턱 있음+휠체어 접근 부분가능,휠체어 대여 가능+전동휠체어 대여 가능+유모차 대여 가능+장애인 주차장 있음+장애인 화장실 있음+수유실/영유아 돌봄 가능+관람열차 있음,,,,,,휠내비길(wheelnavi.kr) 음성안내 · 제주올레 오디오가이드(jejuolle.org) 코스별 음성해설,「탐나는수어」 앱 · 제주수어통역센터 여행수어 자료(jejudeaf.com),,IN_VENUE,이용 동선에서 이용 가능,차량+대중교통+도보,,,,,,,,,,,,2023-12,,,,,,,UNKNOWN,UNKNOWN,,,,,제주관광약자접근성안내센터(이지제주) · 한국관광공사 열린관광 · ㈜휴플 현장조사,2026-06,2024~2026,https://easyjeju.net,제주관광공사 「오감으로 즐기는 제주」(2023.12.22) · 한국관광공사 열린관광지 · 이지제주,"현재 무장애 정보는 이동(지체) 접근성 기준입니다. 시각·청각·발달 장애 정보는 확보 중이며, 열린관광 모두의여행(access.visitkorea.or.kr) 또는 이지제주(easyjeju.net)에서 확인하실 수 있습니다.",VERIFIED,검증완료(2026-07),,v3,ROUTE_SURVEY,경로 상태 조사: 포장도로+석분/자갈길+돌턱 있음+휠체어 접근 부분가능,,,,Y,UNKNOWN,UNKNOWN,
ACC_P175,P175,PARTIAL,FULL,UNKNOWN,UNKNOWN,PARTIAL,PARTIAL,PARTIAL,FULL,Y,CONDITIONAL,CONDITIONAL,시설접근 기준 판정 — 활동참여 개별 근거 미확보,"주출입구 접근로에 경사로(5도) 설치되어 있습니다+출입구에 경사로(5도) 설치되어 있습니다+평평한 바닥 재질이며, 단차 없이 이동 가능합니다",포장도로+석분/자갈길+행사 혼잡 가능+휠체어 접근 부분가능,휠체어 대여 가능+전동휠체어 대여 가능+유모차 대여 가능+장애인 주차장 있음+장애인 화장실 있음+수유실/영유아 돌봄 가능+관람열차 있음,,,,,,휠내비길(wheelnavi.kr) 음성안내 · 제주올레 오디오가이드(jejuolle.org) 코스별 음성해설,「탐나는수어」 앱 · 제주수어통역센터 여행수어 자료(jejudeaf.com),,IN_VENUE,이용 동선에서 이용 가능,차량+대중교통,,,,,,,,,,,,2023-12,EVENT_CROWD,행사 기간 부스·관람객 밀집으로 통행 제약. 평시와 접근성이 크게 다름,,,,,UNKNOWN,UNKNOWN,,,,,제주관광약자접근성안내센터(이지제주) · 한국관광공사 열린관광 · ㈜휴플 현장조사,2026-06,2024~2026,https://easyjeju.net · https://www.data.go.kr/data/15101897/openapi.do,제주관광공사 「오감으로 즐기는 제주」(2023.12.22) · 한국관광공사 열린관광지 · 이지제주,"현재 무장애 정보는 이동(지체) 접근성 기준입니다. 시각·청각·발달 장애 정보는 확보 중이며, 열린관광 모두의여행(access.visitkorea.or.kr) 또는 이지제주(easyjeju.net)에서 확인하실 수 있습니다.",VERIFIED,검증완료(2026-07) [FIX65] 한국관광공사 무장애 API(detailWithTour2) — audioguide=오디오가이드 있음; helpdog=동반가능; guidehuman=전시해설자 있음(문화해설),FIX65: visualAccess UNKNOWN→FULL (KTO API),v3,ROUTE_SURVEY,경로 상태 조사: 포장도로+석분/자갈길+행사 혼잡 가능+휠체어 접근 부분가능,,,,Y,UNKNOWN,UNKNOWN,
ACC_P176,P176,UNKNOWN,UNKNOWN,UNKNOWN,UNKNOWN,UNKNOWN,UNKNOWN,UNKNOWN,UNKNOWN,Y,UNKNOWN,UNKNOWN,,,포장도로+금산생태원 내 실내 홍보관+휠체어 접근 확인 필요,UNKNOWN,,,,,,휠내비길(wheelnavi.kr) 음성안내 · 제주올레 오디오가이드(jejuolle.org) 코스별 음성해설,「탐나는수어」 앱 · 제주수어통역센터 여행수어 자료(jejudeaf.com),,,,차량+대중교통,,,,,,,,,,,,2023-12,,,,,,,UNKNOWN,UNKNOWN,,,,,제주관광약자접근성안내센터(이지제주) · 한국관광공사 열린관광 · ㈜휴플 현장조사,2026-06,2024~2026,https://easyjeju.net,제주관광공사 「오감으로 즐기는 제주」(2023.12.22) · 한국관광공사 열린관광지 · 이지제주,"현재 무장애 정보는 이동(지체) 접근성 기준입니다. 시각·청각·발달 장애 정보는 확보 중이며, 열린관광 모두의여행(access.visitkorea.or.kr) 또는 이지제주(easyjeju.net)에서 확인하실 수 있습니다.",SURVEYED,,,v3,FACILITY_SURVEY,편의시설 조사: UNKNOWN,,,,Y,UNKNOWN,UNKNOWN,
ACC_P177,P177,PARTIAL,UNKNOWN,UNKNOWN,UNKNOWN,PARTIAL,PARTIAL,FULL,PARTIAL,Y,CONDITIONAL,CONDITIONAL,내부 접근 가능 — 장애인 화장실 협소,경사로 있음,성당 내부 접근 가능+장애인 화장실 협소+휠체어 접근 부분가능,경사로 있음+장애인 주차장 있음+장애인 화장실 있음,성당 내부까지 이동 가능 / 장애인 화장실 협소,성당 내부까지 경사로로 이동하실 수 있습니다. 장애인 주차장과 화장실이 있으나 화장실 공간이 협소합니다.,,,,휠내비길(wheelnavi.kr) 음성안내 · 제주올레 오디오가이드(jejuolle.org) 코스별 음성해설,「탐나는수어」 앱 · 제주수어통역센터 여행수어 자료(jejudeaf.com),,IN_VENUE,이용 동선에서 이용 가능,차량+대중교통+도보,,,,,,,,,,,,2023-12,,,,,,,UNKNOWN,UNKNOWN,,,,,제주관광약자접근성안내센터(이지제주) · 한국관광공사 열린관광 · ㈜휴플 현장조사,2026-06,2024~2026,https://easyjeju.net,제주관광공사 「오감으로 즐기는 제주」(2023.12.22) · 한국관광공사 열린관광지 · 이지제주,"현재 무장애 정보는 이동(지체) 접근성 기준입니다. 시각·청각·발달 장애 정보는 확보 중이며, 열린관광 모두의여행(access.visitkorea.or.kr) 또는 이지제주(easyjeju.net)에서 확인하실 수 있습니다.",SURVEYED,,,v3,ROUTE_SURVEY,경로 상태 조사: 성당 내부 접근 가능+장애인 화장실 협소+휠체어 접근 부분가능,,,,Y,UNKNOWN,UNKNOWN,
ACC_P178,P178,PARTIAL,UNKNOWN,UNKNOWN,UNKNOWN,PARTIAL,PARTIAL,PARTIAL,PARTIAL,Y,CONDITIONAL,CONDITIONAL,시설접근 기준 판정 — 활동참여 개별 근거 미확보,,포장도로+시장 통로+일부 턱 있음+휠체어 접근 부분가능,장애인 주차장 있음+장애인 화장실 있음,시장 내 포장된 통로를 중심으로 휠체어 이동이 가능하지만 일부 점포 앞 턱과 장날 혼잡으로 이동 제약이 발생할 수 있음.,"시장 안은 포장된 통로를 중심으로 이동할 수 있지만, 일부 점포 앞에는 턱이 있습니다. 사람이 많은 장날에는 이동 공간이 좁아질 수 있습니다.",,,,휠내비길(wheelnavi.kr) 음성안내 · 제주올레 오디오가이드(jejuolle.org) 코스별 음성해설,「탐나는수어」 앱 · 제주수어통역센터 여행수어 자료(jejudeaf.com),,IN_VENUE,이용 동선에서 이용 가능,차량+대중교통,,,,,,,,,,,,2023-12,MARKET_STALL,노점·가판대·적재물로 실제 통로 폭이 조사값보다 좁아질 수 있음. 장날·성수기 통행 곤란,,,,,UNKNOWN,UNKNOWN,,,,,제주관광약자접근성안내센터(이지제주) · 한국관광공사 열린관광 · ㈜휴플 현장조사,2026-06,2024~2026,https://easyjeju.net,제주관광공사 「오감으로 즐기는 제주」(2023.12.22) · 한국관광공사 열린관광지 · 이지제주,"현재 무장애 정보는 이동(지체) 접근성 기준입니다. 시각·청각·발달 장애 정보는 확보 중이며, 열린관광 모두의여행(access.visitkorea.or.kr) 또는 이지제주(easyjeju.net)에서 확인하실 수 있습니다.",SURVEYED,,,v3,ROUTE_SURVEY,경로 상태 조사: 포장도로+시장 통로+일부 턱 있음+휠체어 접근 부분가능,,,,Y,UNKNOWN,UNKNOWN,
ACC_P179,P179,PARTIAL,UNKNOWN,UNKNOWN,UNKNOWN,PARTIAL,PARTIAL,PARTIAL,PARTIAL,Y,CONDITIONAL,CONDITIONAL,시설접근 기준 판정 — 활동참여 개별 근거 미확보,경사 있음,잔디길+홈/물웅덩이 가능+휠체어 접근 부분가능,장애인 화장실 있음(인근),,,,,,휠내비길(wheelnavi.kr) 음성안내 · 제주올레 오디오가이드(jejuolle.org) 코스별 음성해설,「탐나는수어」 앱 · 제주수어통역센터 여행수어 자료(jejudeaf.com),,IN_VENUE,이용 동선에서 이용 가능,차량+대중교통+도보,,,,,,,,,,,,2023-12,,,,,,,UNKNOWN,UNKNOWN,,,,,제주관광약자접근성안내센터(이지제주) · 한국관광공사 열린관광 · ㈜휴플 현장조사,2026-06,2024~2026,https://easyjeju.net,제주관광공사 「오감으로 즐기는 제주」(2023.12.22) · 한국관광공사 열린관광지 · 이지제주,"현재 무장애 정보는 이동(지체) 접근성 기준입니다. 시각·청각·발달 장애 정보는 확보 중이며, 열린관광 모두의여행(access.visitkorea.or.kr) 또는 이지제주(easyjeju.net)에서 확인하실 수 있습니다.",SURVEYED,,,v3,ROUTE_SURVEY,경로 상태 조사: 잔디길+홈/물웅덩이 가능+휠체어 접근 부분가능,,,,Y,UNKNOWN,UNKNOWN,
ACC_P180,P180,FULL,UNKNOWN,UNKNOWN,UNKNOWN,FULL,FULL,FULL,FULL,Y,AVAILABLE,AVAILABLE,시설접근 기준 판정 — 활동참여 개별 근거 미확보,경사로 있음,휠체어 접근 가능,경사로 있음+휠체어 대여 가능+유모차 대여 가능+장애인 주차장 있음+장애인 화장실 있음+수유실/영유아 돌봄 가능,,,,,,휠내비길(wheelnavi.kr) 음성안내 · 제주올레 오디오가이드(jejuolle.org) 코스별 음성해설,「탐나는수어」 앱 · 제주수어통역센터 여행수어 자료(jejudeaf.com),,IN_VENUE,이용 동선에서 이용 가능,차량+대중교통,NONE,Y,,,,,㈜휴플 자체 현장조사 (2024~2025),,,,,2023-12,,,,,,,UNKNOWN,UNKNOWN,,,,,제주관광약자접근성안내센터(이지제주) · 한국관광공사 열린관광 · ㈜휴플 현장조사,2026-06,2024~2026,https://easyjeju.net,제주관광공사 「오감으로 즐기는 제주」(2023.12.22) · 한국관광공사 열린관광지 · 이지제주,"현재 무장애 정보는 이동(지체) 접근성 기준입니다. 시각·청각·발달 장애 정보는 확보 중이며, 열린관광 모두의여행(access.visitkorea.or.kr) 또는 이지제주(easyjeju.net)에서 확인하실 수 있습니다.",VERIFIED,,,v3,FIELD_SURVEY,㈜휴플 자체 현장조사 / 경로: 휠체어 접근 가능,,,,Y,UNKNOWN,UNKNOWN,
ACC_P181,P181,UNKNOWN,UNKNOWN,UNKNOWN,UNKNOWN,UNKNOWN,UNKNOWN,UNKNOWN,UNKNOWN,Y,UNKNOWN,UNKNOWN,,,실내시설+지하층+전용주차장 있음+휠체어 접근 확인 필요,UNKNOWN,,,,,,휠내비길(wheelnavi.kr) 음성안내 · 제주올레 오디오가이드(jejuolle.org) 코스별 음성해설,「탐나는수어」 앱 · 제주수어통역센터 여행수어 자료(jejudeaf.com),,,,차량+대중교통+도보,,,,,,,,,,,,2023-12,,,,,,,UNKNOWN,UNKNOWN,,,,,제주관광약자접근성안내센터(이지제주) · 한국관광공사 열린관광 · ㈜휴플 현장조사,2026-06,2024~2026,https://easyjeju.net,제주관광공사 「오감으로 즐기는 제주」(2023.12.22) · 한국관광공사 열린관광지 · 이지제주,"현재 무장애 정보는 이동(지체) 접근성 기준입니다. 시각·청각·발달 장애 정보는 확보 중이며, 열린관광 모두의여행(access.visitkorea.or.kr) 또는 이지제주(easyjeju.net)에서 확인하실 수 있습니다.",SURVEYED,,,v3,FACILITY_SURVEY,편의시설 조사: UNKNOWN,,,,Y,UNKNOWN,UNKNOWN,
ACC_P182,P182,PARTIAL,UNKNOWN,UNKNOWN,UNKNOWN,PARTIAL,PARTIAL,PARTIAL,FULL,Y,CONDITIONAL,CONDITIONAL,시설접근 기준 판정 — 활동참여 개별 근거 미확보,"걸매생태공원 내려가는 계단&경사 앞 (정자 있음): 경사구간 : 경가길이 91m / 내리막 19˚
귀락모텔: 63m 지점 오르막경사 8~10˚
법장사 앞: 법장사 진입 후 우측 액자벽화쪽 오르막 5˚내외
법장사 입구 내리막: 경사구간 : 8˚
법정사 입구 큰도로 쪽: 경사구간 : 경사길이 1m / 각도 20˚+계단 혹은 경사 있음",시멘트길+무장애 관람로+동행보조 필요+휠체어 접근 가능,장애인 화장실 있음+주차장 있음,,,,,,휠내비길(wheelnavi.kr) 음성안내 · 제주올레 오디오가이드(jejuolle.org) 코스별 음성해설,「탐나는수어」 앱 · 제주수어통역센터 여행수어 자료(jejudeaf.com),,IN_VENUE,이용 동선에서 이용 가능,차량+대중교통+도보,,,,,,,,,,,,2023-12,,,,,,,UNKNOWN,UNKNOWN,,,,,제주관광약자접근성안내센터(이지제주) · 한국관광공사 열린관광 · ㈜휴플 현장조사,2026-06,2024~2026,https://easyjeju.net,제주관광공사 「오감으로 즐기는 제주」(2023.12.22) · 한국관광공사 열린관광지 · 이지제주,"현재 무장애 정보는 이동(지체) 접근성 기준입니다. 시각·청각·발달 장애 정보는 확보 중이며, 열린관광 모두의여행(access.visitkorea.or.kr) 또는 이지제주(easyjeju.net)에서 확인하실 수 있습니다.",SURVEYED,,,v3,ROUTE_SURVEY,경로 상태 조사: 시멘트길+무장애 관람로+동행보조 필요+휠체어 접근 가능,,,,Y,UNKNOWN,UNKNOWN,
ACC_P183,P183,NONE,UNKNOWN,UNKNOWN,UNKNOWN,NONE,NONE,NONE,UNKNOWN,Y,UNAVAILABLE,UNAVAILABLE,숲길·하천 횡단 구간 — 비포장에 계단 포함,,숲길+하천 횡단+비포장+계단 있음+휠체어 접근 어려움,UNKNOWN,,숲길을 따라 들어가며 하천을 건너는 구간과 계단이 있습니다. 노면은 비포장입니다. 차량이 닿는 지점까지만 이동하실 수 있습니다.,,,,휠내비길(wheelnavi.kr) 음성안내 · 제주올레 오디오가이드(jejuolle.org) 코스별 음성해설,「탐나는수어」 앱 · 제주수어통역센터 여행수어 자료(jejudeaf.com),,,,차량+대중교통+도보,,,,,,,,,,,,2023-12,,,,,,,UNKNOWN,UNKNOWN,,,,,제주관광약자접근성안내센터(이지제주) · 한국관광공사 열린관광 · ㈜휴플 현장조사,2026-06,2024~2026,https://easyjeju.net,제주관광공사 「오감으로 즐기는 제주」(2023.12.22) · 한국관광공사 열린관광지 · 이지제주,"현재 무장애 정보는 이동(지체) 접근성 기준입니다. 시각·청각·발달 장애 정보는 확보 중이며, 열린관광 모두의여행(access.visitkorea.or.kr) 또는 이지제주(easyjeju.net)에서 확인하실 수 있습니다.",SURVEYED,,,v3,ROUTE_SURVEY,경로 상태 조사: 숲길+하천 횡단+비포장+계단 있음+휠체어 접근 어려움,,,,N,UNKNOWN,UNKNOWN,시각·청각 접근성 정보가 확인되지 않았습니다
ACC_P184,P184,NONE,UNKNOWN,UNKNOWN,UNKNOWN,NONE,NONE,NONE,UNKNOWN,N,UNAVAILABLE,UNAVAILABLE,주차장 등 진입부는 이용 가능 / 오름 등반로는 접근 불가,경사 있음,비포장+오름길+노면 불량+휠체어 접근 어려움,UNKNOWN,,선족이오름의 오름 등반로는 비포장 자연 노면·고르지 않은 노면이라 휠체어로 이동하시기 어렵습니다. 장애인 화장실은 확인되지 않았습니다.,,,,휠내비길(wheelnavi.kr) 음성안내 · 제주올레 오디오가이드(jejuolle.org) 코스별 음성해설,「탐나는수어」 앱 · 제주수어통역센터 여행수어 자료(jejudeaf.com),,,,차량+도보,,,,,,,,,,,,2023-12,,,,,,,UNKNOWN,UNKNOWN,,,,,제주관광약자접근성안내센터(이지제주) · 한국관광공사 열린관광 · ㈜휴플 현장조사,2026-06,2024~2026,https://easyjeju.net,제주관광공사 「오감으로 즐기는 제주」(2023.12.22) · 한국관광공사 열린관광지 · 이지제주,"현재 무장애 정보는 이동(지체) 접근성 기준입니다. 시각·청각·발달 장애 정보는 확보 중이며, 열린관광 모두의여행(access.visitkorea.or.kr) 또는 이지제주(easyjeju.net)에서 확인하실 수 있습니다.",SURVEYED,[FIX89] 산·오름 사유 이관 — 조사 기록은 routeCondition·barrierFreeDetail 참조,,v3,ROUTE_SURVEY,경로 상태 조사: 비포장+오름길+노면 불량+휠체어 접근 어려움,,,,N,UNKNOWN,UNKNOWN,"시각장애인은 동행자와 함께라면 이용 가능할 수 있으나 안내 설비 정보가 없습니다. 청각장애인은 이동에 제약이 적을 것으로 보이나, 조난 시 연락 수단·안내 방송 여부가 확인되지 않았습니다"
ACC_P185,P185,NONE,UNKNOWN,UNKNOWN,UNKNOWN,NONE,NONE,NONE,NONE,Y,UNAVAILABLE,UNAVAILABLE,시설접근 기준 판정 — 활동참여 개별 근거 미확보,"주막동 접근로 최대 13도 경사로 있으며, 내부 입식 테이블 접근로 계단 있습니다+만덕고가 창고 방면 경사 약 8도입니다. 만덕고가 창고 접근로 계단입니다+객주 안거리 방면 경사 약 6도이며, 경사 시작점 2.5cm의 단차가 있습니다. 객주 안거리 접근로 계단입니다",단차 있음+계단 있음+휠체어 접근 어려움,UNKNOWN,,,,,,휠내비길(wheelnavi.kr) 음성안내 · 제주올레 오디오가이드(jejuolle.org) 코스별 음성해설,「탐나는수어」 앱 · 제주수어통역센터 여행수어 자료(jejudeaf.com),,,,차량+대중교통,,,,,,,,,,,,2023-12,,,,,,,UNKNOWN,UNKNOWN,,,,,제주관광약자접근성안내센터(이지제주) · 한국관광공사 열린관광 · ㈜휴플 현장조사,2026-06,2024~2026,https://easyjeju.net,제주관광공사 「오감으로 즐기는 제주」(2023.12.22) · 한국관광공사 열린관광지 · 이지제주,"현재 무장애 정보는 이동(지체) 접근성 기준입니다. 시각·청각·발달 장애 정보는 확보 중이며, 열린관광 모두의여행(access.visitkorea.or.kr) 또는 이지제주(easyjeju.net)에서 확인하실 수 있습니다.",SURVEYED,,,v3,ROUTE_SURVEY,경로 상태 조사: 단차 있음+계단 있음+휠체어 접근 어려움,,,,N,UNKNOWN,UNKNOWN,시각·청각 접근성 정보가 확인되지 않았습니다
ACC_P186,P186,PARTIAL,UNKNOWN,UNKNOWN,UNKNOWN,PARTIAL,PARTIAL,PARTIAL,FULL,Y,CONDITIONAL,CONDITIONAL,시설접근 기준 판정 — 활동참여 개별 근거 미확보,요트 승선장까지 경사로가 있으나 경사로 초입에 턱 27cm 있어 주의가 필요합니다+경사로 초입에 턱 27cm 있습니다+화장실 접근로 평평한 바닥재질이며 단차 없습니다,포장도로+마리나 공원 무장애 코스+승선 동선 확인 필요+휠체어 접근 부분가능,장애인 주차장 있음+장애인 화장실 있음,,,,,,휠내비길(wheelnavi.kr) 음성안내 · 제주올레 오디오가이드(jejuolle.org) 코스별 음성해설,「탐나는수어」 앱 · 제주수어통역센터 여행수어 자료(jejudeaf.com),,IN_VENUE,이용 동선에서 이용 가능,차량+대중교통,,,,,,,,,,,,2023-12,,,,,,,UNKNOWN,UNKNOWN,,,,,제주관광약자접근성안내센터(이지제주) · 한국관광공사 열린관광 · ㈜휴플 현장조사,2026-06,2024~2026,https://easyjeju.net,제주관광공사 「오감으로 즐기는 제주」(2023.12.22) · 한국관광공사 열린관광지 · 이지제주,"현재 무장애 정보는 이동(지체) 접근성 기준입니다. 시각·청각·발달 장애 정보는 확보 중이며, 열린관광 모두의여행(access.visitkorea.or.kr) 또는 이지제주(easyjeju.net)에서 확인하실 수 있습니다.",SURVEYED,,,v3,ROUTE_SURVEY,경로 상태 조사: 포장도로+마리나 공원 무장애 코스+승선 동선 확인 필요+휠체어 접근 부분가능,,,,Y,UNKNOWN,UNKNOWN,
ACC_P187,P187,UNKNOWN,UNKNOWN,UNKNOWN,UNKNOWN,UNKNOWN,UNKNOWN,UNKNOWN,UNKNOWN,Y,UNKNOWN,UNKNOWN,,경사/단차 가능,포장도로+마을 골목길+휠체어 접근 확인 필요,UNKNOWN,,,,,,휠내비길(wheelnavi.kr) 음성안내 · 제주올레 오디오가이드(jejuolle.org) 코스별 음성해설,「탐나는수어」 앱 · 제주수어통역센터 여행수어 자료(jejudeaf.com),,,,차량+대중교통+도보,,,,,,,,,,,,2023-12,MARKET_STALL,노점·가판대·적재물로 실제 통로 폭이 조사값보다 좁아질 수 있음. 장날·성수기 통행 곤란,,,,,UNKNOWN,UNKNOWN,,,,,제주관광약자접근성안내센터(이지제주) · 한국관광공사 열린관광 · ㈜휴플 현장조사,2026-06,2024~2026,https://easyjeju.net,제주관광공사 「오감으로 즐기는 제주」(2023.12.22) · 한국관광공사 열린관광지 · 이지제주,"현재 무장애 정보는 이동(지체) 접근성 기준입니다. 시각·청각·발달 장애 정보는 확보 중이며, 열린관광 모두의여행(access.visitkorea.or.kr) 또는 이지제주(easyjeju.net)에서 확인하실 수 있습니다.",SURVEYED,,,v3,ROUTE_SURVEY,경로 상태 조사: 포장도로+마을 골목길+휠체어 접근 확인 필요,,,,Y,UNKNOWN,UNKNOWN,
ACC_P188,P188,PARTIAL,UNKNOWN,UNKNOWN,UNKNOWN,PARTIAL,FULL,FULL,UNKNOWN,Y,CONDITIONAL,CONDITIONAL,시설접근 기준 판정 — 활동참여 개별 근거 미확보,,포장도로+시장 통로+무단차+휠체어 접근 가능,장애인 주차장 있음,전통시장 — 노점·가판대·적재물로 실제 통로 폭이 조사값보다 좁아짐(동문시장·민속오일장과 동일 기준),,,,,휠내비길(wheelnavi.kr) 음성안내 · 제주올레 오디오가이드(jejuolle.org) 코스별 음성해설,「탐나는수어」 앱 · 제주수어통역센터 여행수어 자료(jejudeaf.com),,,,차량+대중교통,,,,,,,,,,,,2023-12,MARKET_STALL,노점·적재물로 실통행 폭 협소 — 장날·성수기 통행 곤란,,,,,UNKNOWN,UNKNOWN,,,,,제주관광약자접근성안내센터(이지제주) · 한국관광공사 열린관광 · ㈜휴플 현장조사,2026-06,2024~2026,https://easyjeju.net,제주관광공사 「오감으로 즐기는 제주」(2023.12.22) · 한국관광공사 열린관광지 · 이지제주,"현재 무장애 정보는 이동(지체) 접근성 기준입니다. 시각·청각·발달 장애 정보는 확보 중이며, 열린관광 모두의여행(access.visitkorea.or.kr) 또는 이지제주(easyjeju.net)에서 확인하실 수 있습니다.",SURVEYED,,FIX22: 시장 판정 일관성 적용,v3,ROUTE_SURVEY,경로 상태 조사: 포장도로+시장 통로+무단차+휠체어 접근 가능,,,,Y,UNKNOWN,UNKNOWN,
ACC_P189,P189,NONE,UNKNOWN,UNKNOWN,UNKNOWN,NONE,NONE,PARTIAL,UNKNOWN,Y,UNAVAILABLE,UNAVAILABLE,숲길 자연 노면 — 접근 불가,경사 있음,비포장+오름길+숲길+휠체어 접근 어려움,UNKNOWN,,삼의악트레킹코스는 비포장 오름길과 숲길로 이어지고 경사가 있어 휠체어로 이동하시기 어렵습니다. 장애인 화장실은 확인되지 않았습니다.,,,,휠내비길(wheelnavi.kr) 음성안내 · 제주올레 오디오가이드(jejuolle.org) 코스별 음성해설,「탐나는수어」 앱 · 제주수어통역센터 여행수어 자료(jejudeaf.com),,,,차량+대중교통+도보,,,,,,,,,,,,2023-12,,,,,,,UNKNOWN,UNKNOWN,,,,,제주관광약자접근성안내센터(이지제주) · 한국관광공사 열린관광 · ㈜휴플 현장조사,2026-06,2024~2026,https://easyjeju.net,제주관광공사 「오감으로 즐기는 제주」(2023.12.22) · 한국관광공사 열린관광지 · 이지제주,"현재 무장애 정보는 이동(지체) 접근성 기준입니다. 시각·청각·발달 장애 정보는 확보 중이며, 열린관광 모두의여행(access.visitkorea.or.kr) 또는 이지제주(easyjeju.net)에서 확인하실 수 있습니다.",SURVEYED,,[FIX90] 트레일 사유 이관 — 조사 기록은 routeCondition·barrierFreeDetail·slopeInfo 참조,v3,ROUTE_SURVEY,경로 상태 조사: 비포장+오름길+숲길+휠체어 접근 어려움,,,,N,UNKNOWN,UNKNOWN,"시각장애인은 동행자와 함께라면 이용 가능할 수 있으나 안내 설비 정보가 없습니다. 청각장애인은 이동에 제약이 적을 것으로 보이나, 조난 시 연락 수단·안내 방송 여부가 확인되지 않았습니다"
ACC_P190,P190,PARTIAL,UNKNOWN,UNKNOWN,UNKNOWN,PARTIAL,PARTIAL,PARTIAL,FULL,Y,CONDITIONAL,CONDITIONAL,시설접근 기준 판정 — 활동참여 개별 근거 미확보,,포장도로+용연 일대 행사장+구름다리/포구 동선+행사 혼잡 가능+휠체어 접근 부분가능,장애인 화장실 있음(용연구름다리)+행사장 접근 부분가능,,,,,,휠내비길(wheelnavi.kr) 음성안내 · 제주올레 오디오가이드(jejuolle.org) 코스별 음성해설,「탐나는수어」 앱 · 제주수어통역센터 여행수어 자료(jejudeaf.com),,IN_VENUE,이용 동선에서 이용 가능,차량+대중교통+도보,,,,,,,,,,,,2023-12,EVENT_CROWD,행사 기간 부스·관람객 밀집으로 통행 제약. 평시와 접근성이 크게 다름,,,,,UNKNOWN,UNKNOWN,,,,,제주관광약자접근성안내센터(이지제주) · 한국관광공사 열린관광 · ㈜휴플 현장조사,2026-06,2024~2026,https://easyjeju.net,제주관광공사 「오감으로 즐기는 제주」(2023.12.22) · 한국관광공사 열린관광지 · 이지제주,"현재 무장애 정보는 이동(지체) 접근성 기준입니다. 시각·청각·발달 장애 정보는 확보 중이며, 열린관광 모두의여행(access.visitkorea.or.kr) 또는 이지제주(easyjeju.net)에서 확인하실 수 있습니다.",SURVEYED,,,v3,FACILITY_SURVEY,편의시설 조사: 장애인 화장실 있음(용연구름다리)+행사장 접근 부분가능,,,,Y,UNKNOWN,UNKNOWN,
ACC_P191,P191,NONE,UNKNOWN,UNKNOWN,UNKNOWN,NONE,NONE,PARTIAL,NONE,N,UNAVAILABLE,UNAVAILABLE,주차장 등 진입부는 이용 가능 / 오름 등반로는 접근 불가,경사 있음,오름길+흙길+계단 있음+휠체어 접근 어려움,UNKNOWN,,대수산봉(큰물뫼·물미오름)의 오름 등반로는 비포장 자연 노면·계단이라 휠체어로 이동하시기 어렵습니다. 장애인 화장실은 확인되지 않았습니다.,,,,휠내비길(wheelnavi.kr) 음성안내 · 제주올레 오디오가이드(jejuolle.org) 코스별 음성해설,「탐나는수어」 앱 · 제주수어통역센터 여행수어 자료(jejudeaf.com),,,,차량+도보,,,,,,,,,,,,2023-12,,,,,,,UNKNOWN,UNKNOWN,,,,,제주관광약자접근성안내센터(이지제주) · 한국관광공사 열린관광 · ㈜휴플 현장조사,2026-06,2024~2026,https://easyjeju.net,제주관광공사 「오감으로 즐기는 제주」(2023.12.22) · 한국관광공사 열린관광지 · 이지제주,"현재 무장애 정보는 이동(지체) 접근성 기준입니다. 시각·청각·발달 장애 정보는 확보 중이며, 열린관광 모두의여행(access.visitkorea.or.kr) 또는 이지제주(easyjeju.net)에서 확인하실 수 있습니다.",SURVEYED,[FIX89] 산·오름 사유 이관 — 조사 기록은 routeCondition·barrierFreeDetail 참조,,v3,ROUTE_SURVEY,경로 상태 조사: 오름길+흙길+계단 있음+휠체어 접근 어려움,,,,N,UNKNOWN,UNKNOWN,"시각장애인은 동행자와 함께라면 이용 가능할 수 있으나 안내 설비 정보가 없습니다. 청각장애인은 이동에 제약이 적을 것으로 보이나, 조난 시 연락 수단·안내 방송 여부가 확인되지 않았습니다"
ACC_P192,P192,FULL,UNKNOWN,UNKNOWN,UNKNOWN,FULL,FULL,FULL,FULL,N,AVAILABLE,AVAILABLE,시설접근 기준 판정 — 활동참여 개별 근거 미확보,"경사로 끝: 경사로 끝
경사로 시작: 경사로 시작+계단 혹은 경사 있음",포장도로+무단차 관람로+휠체어 접근 가능,경사로 있음+휠체어 대여 가능+유모차 대여 가능+장애인 주차장 있음+장애인 화장실 있음+수유실/영유아 돌봄 가능+매표소 접근 가능,,,,,,휠내비길(wheelnavi.kr) 음성안내 · 제주올레 오디오가이드(jejuolle.org) 코스별 음성해설,「탐나는수어」 앱 · 제주수어통역센터 여행수어 자료(jejudeaf.com),,IN_VENUE,이용 동선에서 이용 가능,차량,,,,,,,,,,,,2023-12,,,,,,,UNKNOWN,UNKNOWN,,,,,제주관광약자접근성안내센터(이지제주) · 한국관광공사 열린관광 · ㈜휴플 현장조사,2026-06,2024~2026,https://easyjeju.net,제주관광공사 「오감으로 즐기는 제주」(2023.12.22) · 한국관광공사 열린관광지 · 이지제주,"현재 무장애 정보는 이동(지체) 접근성 기준입니다. 시각·청각·발달 장애 정보는 확보 중이며, 열린관광 모두의여행(access.visitkorea.or.kr) 또는 이지제주(easyjeju.net)에서 확인하실 수 있습니다.",SURVEYED,,,v3,ROUTE_SURVEY,경로 상태 조사: 포장도로+무단차 관람로+휠체어 접근 가능,,,,Y,UNKNOWN,UNKNOWN,
ACC_P193,P193,FULL,UNKNOWN,UNKNOWN,UNKNOWN,FULL,FULL,FULL,UNKNOWN,Y,AVAILABLE,AVAILABLE,시설접근 기준 판정 — 활동참여 개별 근거 미확보,경사로 있음,엘리베이터 있음+휠체어 접근 가능,경사로 있음+엘리베이터 있음,,장애인 화장실 유무를 확인하지 못했습니다. 오래 머무르실 계획이라면 방문 전에 시설에 문의해 주세요.,,,,휠내비길(wheelnavi.kr) 음성안내 · 제주올레 오디오가이드(jejuolle.org) 코스별 음성해설,「탐나는수어」 앱 · 제주수어통역센터 여행수어 자료(jejudeaf.com),,,,차량+대중교통,,,,,,,,,,,,2023-12,,,,,,,UNKNOWN,UNKNOWN,,,,,제주관광약자접근성안내센터(이지제주) · 한국관광공사 열린관광 · ㈜휴플 현장조사,2026-06,2024~2026,https://easyjeju.net,제주관광공사 「오감으로 즐기는 제주」(2023.12.22) · 한국관광공사 열린관광지 · 이지제주,"현재 무장애 정보는 이동(지체) 접근성 기준입니다. 시각·청각·발달 장애 정보는 확보 중이며, 열린관광 모두의여행(access.visitkorea.or.kr) 또는 이지제주(easyjeju.net)에서 확인하실 수 있습니다.",SURVEYED,,,v3,ROUTE_SURVEY,경로 상태 조사: 엘리베이터 있음+휠체어 접근 가능,,,,Y,UNKNOWN,UNKNOWN,
ACC_P194,P194,PARTIAL,UNKNOWN,UNKNOWN,UNKNOWN,PARTIAL,PARTIAL,PARTIAL,PARTIAL,Y,CONDITIONAL,CONDITIONAL,마당 잔디길과 계단·턱 — 화장실 접근 어려움,,포장도로+잔디/마당길+계단/턱 있음+화장실 접근 어려움+휠체어 접근 부분가능,주차장 있음+장애인 화장실 있음(접근 어려움),포장 구간까지 이동 가능 / 마당 잔디길과 계단·턱 있음,입구까지는 포장되어 있으나 안쪽 마당은 잔디길이고 계단과 턱이 있습니다. 장애인 화장실은 있으나 접근이 어렵습니다. 주차장은 있습니다.,,,,휠내비길(wheelnavi.kr) 음성안내 · 제주올레 오디오가이드(jejuolle.org) 코스별 음성해설,「탐나는수어」 앱 · 제주수어통역센터 여행수어 자료(jejudeaf.com),,IN_VENUE,이용 동선에서 이용 가능,차량+대중교통+도보,,,,,,,,,,,,2023-12,,,,,,,UNKNOWN,UNKNOWN,,,,,제주관광약자접근성안내센터(이지제주) · 한국관광공사 열린관광 · ㈜휴플 현장조사,2026-06,2024~2026,https://easyjeju.net,제주관광공사 「오감으로 즐기는 제주」(2023.12.22) · 한국관광공사 열린관광지 · 이지제주,"현재 무장애 정보는 이동(지체) 접근성 기준입니다. 시각·청각·발달 장애 정보는 확보 중이며, 열린관광 모두의여행(access.visitkorea.or.kr) 또는 이지제주(easyjeju.net)에서 확인하실 수 있습니다.",SURVEYED,,,v3,ROUTE_SURVEY,경로 상태 조사: 포장도로+잔디/마당길+계단/턱 있음+화장실 접근 어려움+휠체어 접근 부분가능,,,,Y,UNKNOWN,UNKNOWN,
ACC_P195,P195,PARTIAL,PARTIAL,UNKNOWN,UNKNOWN,PARTIAL,PARTIAL,PARTIAL,PARTIAL,Y,CONDITIONAL,CONDITIONAL,포장·판석 구간 접근 가능 / 활동참여 조건부 — 계단·단차 구간 동행보조 필요,경사 있음,포장/판석길+계단/단차 있음+휠체어 접근 부분가능+동행보조 필요,장애인 주차장 있음+장애인 화장실 있음,포장·판석길 구간은 휠체어 부분 접근 가능하나 계단·단차 구간에서 동행보조 필요. 장애인 화장실 일부 이용 가능,"포장길과 판석길로 이어진 구간은 휠체어로 이동하시며 애월 해안 경관을 보실 수 있습니다. 다만 계단과 단차가 있는 구간이 있어 동행자의 도움이 필요하고, 장애인 화장실은 일부만 이용하실 수 있습니다.",,,,휠내비길(wheelnavi.kr) 음성안내 · 제주올레 오디오가이드(jejuolle.org) 코스별 음성해설,「탐나는수어」 앱 · 제주수어통역센터 여행수어 자료(jejudeaf.com),,IN_VENUE,이용 동선에서 이용 가능,차량+대중교통+도보,,,,,,,,,,,,2023-12,,,,,,,UNKNOWN,UNKNOWN,,,,,제주관광약자접근성안내센터(이지제주) · 한국관광공사 열린관광 · ㈜휴플 현장조사,2026-06,2024~2026,https://easyjeju.net · https://www.data.go.kr/data/15101897/openapi.do,제주관광공사 「오감으로 즐기는 제주」(2023.12.22) · 한국관광공사 열린관광지 · 이지제주,"현재 무장애 정보는 이동(지체) 접근성 기준입니다. 시각·청각·발달 장애 정보는 확보 중이며, 열린관광 모두의여행(access.visitkorea.or.kr) 또는 이지제주(easyjeju.net)에서 확인하실 수 있습니다.",SURVEYED,[FIX65] 한국관광공사 무장애 API(detailWithTour2) — helpdog=동반가능_시각장애인 편의시설,FIX65: visualAccess UNKNOWN→PARTIAL (KTO API) | FIX80: 해양 유형 접근 제약 명문화 — routeCondition·slopeInfo 이관,v3,ROUTE_SURVEY,경로 상태 조사: 포장/판석길+계단/단차 있음+휠체어 접근 부분가능+동행보조 필요,UNKNOWN,모래사장은 휠체어 바퀴가 빠져 이동이 어렵습니다. 진입로·데크 설치 여부가 확인되지 않았으니 방문 전 문의하시거나 해변용 휠체어 대여 가능 여부를 확인해 주세요,발이 닿는 깊이까지만 들어가시고 먼 바다 쪽으로는 나가지 말아 주세요. 파고가 2m를 넘거나 풍랑특보가 발효되면 입수를 삼가 주세요. 너울은 파도가 잔잔해 보여도 갑자기 밀려오니 갯바위와 방파제 위에는 올라가지 말아 주세요. 체감온도 33도가 넘는 날에는 한낮 물놀이를 피하고 그늘에서 자주 쉬어 주세요. 휠체어 이용자는 파도에 중심을 잃기 쉽고 스스로 빠져나오기 어려우니 반드시 동행자와 함께해 주세요.,Y,UNKNOWN,UNKNOWN,
ACC_P196,P196,FULL,UNKNOWN,UNKNOWN,UNKNOWN,FULL,FULL,PARTIAL,FULL,Y,AVAILABLE,AVAILABLE,시설접근 기준 판정 — 활동참여 개별 근거 미확보,,포장도로+구름다리+휠체어 진입 가능+흔들다리 주의,장애인 화장실 있음,,,,,,휠내비길(wheelnavi.kr) 음성안내 · 제주올레 오디오가이드(jejuolle.org) 코스별 음성해설,「탐나는수어」 앱 · 제주수어통역센터 여행수어 자료(jejudeaf.com),,IN_VENUE,이용 동선에서 이용 가능,차량+대중교통+도보,,,,,,,,,,,,2023-12,,,,,,,UNKNOWN,UNKNOWN,,,,,제주관광약자접근성안내센터(이지제주) · 한국관광공사 열린관광 · ㈜휴플 현장조사,2026-06,2024~2026,https://easyjeju.net,제주관광공사 「오감으로 즐기는 제주」(2023.12.22) · 한국관광공사 열린관광지 · 이지제주,"현재 무장애 정보는 이동(지체) 접근성 기준입니다. 시각·청각·발달 장애 정보는 확보 중이며, 열린관광 모두의여행(access.visitkorea.or.kr) 또는 이지제주(easyjeju.net)에서 확인하실 수 있습니다.",SURVEYED,,,v3,FACILITY_SURVEY,편의시설 조사: 장애인 화장실 있음,,,,Y,UNKNOWN,UNKNOWN,
ACC_P197,P197,UNKNOWN,UNKNOWN,UNKNOWN,UNKNOWN,UNKNOWN,UNKNOWN,UNKNOWN,UNKNOWN,Y,UNKNOWN,UNKNOWN,,,도심 도로변+포장도로+현장 표지/동선 확인 필요+휠체어 접근 확인 필요,UNKNOWN,,,,,,휠내비길(wheelnavi.kr) 음성안내 · 제주올레 오디오가이드(jejuolle.org) 코스별 음성해설,「탐나는수어」 앱 · 제주수어통역센터 여행수어 자료(jejudeaf.com),,,,차량+대중교통+도보,,,,,,,,,,,,2023-12,,,,,,,UNKNOWN,UNKNOWN,,,,,제주관광약자접근성안내센터(이지제주) · 한국관광공사 열린관광 · ㈜휴플 현장조사,2026-06,2024~2026,https://easyjeju.net,제주관광공사 「오감으로 즐기는 제주」(2023.12.22) · 한국관광공사 열린관광지 · 이지제주,"현재 무장애 정보는 이동(지체) 접근성 기준입니다. 시각·청각·발달 장애 정보는 확보 중이며, 열린관광 모두의여행(access.visitkorea.or.kr) 또는 이지제주(easyjeju.net)에서 확인하실 수 있습니다.",SURVEYED,,,v3,FACILITY_SURVEY,편의시설 조사: UNKNOWN,,,,Y,UNKNOWN,UNKNOWN,
ACC_P198,P198,UNKNOWN,UNKNOWN,UNKNOWN,UNKNOWN,UNKNOWN,UNKNOWN,UNKNOWN,UNKNOWN,Y,UNKNOWN,UNKNOWN,,,성당 뒤편 주차장+포장도로 가능+현장 표지/동선 확인 필요+휠체어 접근 확인 필요,UNKNOWN,,,,,,휠내비길(wheelnavi.kr) 음성안내 · 제주올레 오디오가이드(jejuolle.org) 코스별 음성해설,「탐나는수어」 앱 · 제주수어통역센터 여행수어 자료(jejudeaf.com),,,,차량+대중교통+도보,,,,,,,,,,,,2023-12,,,,,,,UNKNOWN,UNKNOWN,,,,,제주관광약자접근성안내센터(이지제주) · 한국관광공사 열린관광 · ㈜휴플 현장조사,2026-06,2024~2026,https://easyjeju.net,제주관광공사 「오감으로 즐기는 제주」(2023.12.22) · 한국관광공사 열린관광지 · 이지제주,"현재 무장애 정보는 이동(지체) 접근성 기준입니다. 시각·청각·발달 장애 정보는 확보 중이며, 열린관광 모두의여행(access.visitkorea.or.kr) 또는 이지제주(easyjeju.net)에서 확인하실 수 있습니다.",SURVEYED,,,v3,FACILITY_SURVEY,편의시설 조사: UNKNOWN,,,,Y,UNKNOWN,UNKNOWN,
ACC_P199,P199,NONE,UNKNOWN,UNKNOWN,UNKNOWN,NONE,NONE,PARTIAL,FULL,Y,UNAVAILABLE,UNAVAILABLE,시설접근 기준 판정 — 활동참여 개별 근거 미확보,"주 출입구 접근로, 매표소 접근로 경사 있습니다+내부 관람로 경사 구간 다수 있습니다+매표소 접근로 9~13.7도 경사로 있습니다",계단 있음+동굴 관람로+휠체어 접근 어려움,휠체어 대여 가능+유모차 대여 가능+장애인 주차장 있음+장애인 화장실 있음+수유실/영유아 돌봄 가능(한림공원),,,,,,휠내비길(wheelnavi.kr) 음성안내 · 제주올레 오디오가이드(jejuolle.org) 코스별 음성해설,「탐나는수어」 앱 · 제주수어통역센터 여행수어 자료(jejudeaf.com),,ENTRANCE_ONLY,장애인 화장실은 입구·주차장 등 부대시설에 위치. 이용 동선에는 없음,차량+대중교통+도보,,,,,,,,,,,,2023-12,,,,,,,UNKNOWN,UNKNOWN,,,,,제주관광약자접근성안내센터(이지제주) · 한국관광공사 열린관광 · ㈜휴플 현장조사,2026-06,2024~2026,https://easyjeju.net,제주관광공사 「오감으로 즐기는 제주」(2023.12.22) · 한국관광공사 열린관광지 · 이지제주,"현재 무장애 정보는 이동(지체) 접근성 기준입니다. 시각·청각·발달 장애 정보는 확보 중이며, 열린관광 모두의여행(access.visitkorea.or.kr) 또는 이지제주(easyjeju.net)에서 확인하실 수 있습니다.",SURVEYED,,,v3,ROUTE_SURVEY,경로 상태 조사: 계단 있음+동굴 관람로+휠체어 접근 어려움,,,,N,UNKNOWN,UNKNOWN,시각·청각 접근성 정보가 확인되지 않았습니다
ACC_P200,P200,NONE,UNKNOWN,UNKNOWN,UNKNOWN,NONE,NONE,PARTIAL,FULL,Y,UNAVAILABLE,UNAVAILABLE,시설접근 기준 판정 — 활동참여 개별 근거 미확보,,계단 있음+동굴 관람로+휠체어 접근 어려움,휠체어 대여 가능+유모차 대여 가능+장애인 주차장 있음+장애인 화장실 있음+수유실/영유아 돌봄 가능(한림공원),,,,,,휠내비길(wheelnavi.kr) 음성안내 · 제주올레 오디오가이드(jejuolle.org) 코스별 음성해설,「탐나는수어」 앱 · 제주수어통역센터 여행수어 자료(jejudeaf.com),,ENTRANCE_ONLY,장애인 화장실은 입구·주차장 등 부대시설에 위치. 이용 동선에는 없음,차량+대중교통+도보,,,,,,,,,,,,2023-12,,,,,,,UNKNOWN,UNKNOWN,,,,,제주관광약자접근성안내센터(이지제주) · 한국관광공사 열린관광 · ㈜휴플 현장조사,2026-06,2024~2026,https://easyjeju.net,제주관광공사 「오감으로 즐기는 제주」(2023.12.22) · 한국관광공사 열린관광지 · 이지제주,"현재 무장애 정보는 이동(지체) 접근성 기준입니다. 시각·청각·발달 장애 정보는 확보 중이며, 열린관광 모두의여행(access.visitkorea.or.kr) 또는 이지제주(easyjeju.net)에서 확인하실 수 있습니다.",SURVEYED,,,v3,ROUTE_SURVEY,경로 상태 조사: 계단 있음+동굴 관람로+휠체어 접근 어려움,,,,N,UNKNOWN,UNKNOWN,시각·청각 접근성 정보가 확인되지 않았습니다
ACC_P201,P201,NONE,UNKNOWN,UNKNOWN,UNKNOWN,NONE,NONE,PARTIAL,UNKNOWN,Y,UNAVAILABLE,UNAVAILABLE,주차장 등 진입부는 이용 가능 / 오름 등반로는 접근 불가,경사 있음,비포장+오름길+숲길+휠체어 접근 어려움,UNKNOWN,,세미오름(샘이오름)의 오름 등반로는 비포장 자연 노면이라 휠체어로 이동하시기 어렵습니다. 장애인 화장실은 확인되지 않았습니다.,,,,휠내비길(wheelnavi.kr) 음성안내 · 제주올레 오디오가이드(jejuolle.org) 코스별 음성해설,「탐나는수어」 앱 · 제주수어통역센터 여행수어 자료(jejudeaf.com),,,,차량+대중교통+도보,,,,,,,,,,,,2023-12,,,,,,,UNKNOWN,UNKNOWN,,,,,제주관광약자접근성안내센터(이지제주) · 한국관광공사 열린관광 · ㈜휴플 현장조사,2026-06,2024~2026,https://easyjeju.net,제주관광공사 「오감으로 즐기는 제주」(2023.12.22) · 한국관광공사 열린관광지 · 이지제주,"현재 무장애 정보는 이동(지체) 접근성 기준입니다. 시각·청각·발달 장애 정보는 확보 중이며, 열린관광 모두의여행(access.visitkorea.or.kr) 또는 이지제주(easyjeju.net)에서 확인하실 수 있습니다.",SURVEYED,[FIX89] 산·오름 사유 이관 — 조사 기록은 routeCondition·barrierFreeDetail 참조,,v3,ROUTE_SURVEY,경로 상태 조사: 비포장+오름길+숲길+휠체어 접근 어려움,,,,N,UNKNOWN,UNKNOWN,"시각장애인은 동행자와 함께라면 이용 가능할 수 있으나 안내 설비 정보가 없습니다. 청각장애인은 이동에 제약이 적을 것으로 보이나, 조난 시 연락 수단·안내 방송 여부가 확인되지 않았습니다"
ACC_P202,P202,PARTIAL,UNKNOWN,UNKNOWN,UNKNOWN,PARTIAL,PARTIAL,PARTIAL,FULL,Y,CONDITIONAL,CONDITIONAL,시설접근 기준 판정 — 활동참여 개별 근거 미확보,"갈림길: 계단으로 화장실 or 용천수 (표지판 : 소남머리 spring water)
나무데크길 시작점 (오르막): 경사구간 : 오르막 길이 6m (7˚)
나무데크길 종료지점 (&시작점): 경사구간 : 내리막 길이 2.5m (경사 14˚) / 나무데크 총 길이 78.6m
내리막 종료: 경사구간 : 내리막 길이 51m (경사 14˚)
소남머리 인도와 만나는 지점 (칠십리로 6-13): 접근성 정보 있음 (계단 혹은 경사 있음. 길 상태 안 좋음)
소남머리 전망대: 접근성 정보 있음 (계단 혹은 경사 있음. 길 상태 안 좋음)
소남머리 화장실: 접근성 정보 있음 (계단 혹은 경사 있음. 길 상태 안 좋음)
용천수 남탕/여탕: 계단 90개
자구리 담수욕장: 접근성 정보 있음 (계단 혹은 경사 있음. 길 상태 안 좋음)
자구리 펌프장 옆 공중화장실: 접근성 정보 있음 (계단 혹은 경사 있음. 길 상태 안 좋음)
해안 판석길 시작: 접근성 정보 있음 (계단 혹은 경사 있음. 길 상태 안 좋음)
해안 판석길 종료: 접근성 정보 있음 (계단 혹은 경사 있음. 길 상태 안 좋음)
현무암 포장길 오르막 종료지점: 경사구간 : 오르막 길이 40m (경사 16˚)+계단 혹은 경사 있음",포장산책로+데크길+계단 있음+판석/돌길+휠체어 접근 부분가능,장애인 주차장 있음+장애인 화장실 있음,,,,,,휠내비길(wheelnavi.kr) 음성안내 · 제주올레 오디오가이드(jejuolle.org) 코스별 음성해설,「탐나는수어」 앱 · 제주수어통역센터 여행수어 자료(jejudeaf.com),,IN_VENUE,이용 동선에서 이용 가능,차량+대중교통+도보,,,,,,,,,,,,2023-12,,,,,,,UNKNOWN,UNKNOWN,,,,,제주관광약자접근성안내센터(이지제주) · 한국관광공사 열린관광 · ㈜휴플 현장조사,2026-06,2024~2026,https://easyjeju.net,제주관광공사 「오감으로 즐기는 제주」(2023.12.22) · 한국관광공사 열린관광지 · 이지제주,"현재 무장애 정보는 이동(지체) 접근성 기준입니다. 시각·청각·발달 장애 정보는 확보 중이며, 열린관광 모두의여행(access.visitkorea.or.kr) 또는 이지제주(easyjeju.net)에서 확인하실 수 있습니다.",SURVEYED,,,v3,ROUTE_SURVEY,경로 상태 조사: 포장산책로+데크길+계단 있음+판석/돌길+휠체어 접근 부분가능,,,,Y,UNKNOWN,UNKNOWN,
ACC_P203,P203,PARTIAL,UNKNOWN,UNKNOWN,UNKNOWN,PARTIAL,PARTIAL,PARTIAL,FULL,Y,CONDITIONAL,CONDITIONAL,시설접근 기준 판정 — 활동참여 개별 근거 미확보,,포장도로+천지연폭포 주차장/원도심 행사장+행사 혼잡 가능+휠체어 접근 부분가능,장애인 주차장 있음(천지연폭포)+장애인 화장실 있음(천지연폭포)+수유실/영유아 돌봄 가능(천지연폭포),,,,,,휠내비길(wheelnavi.kr) 음성안내 · 제주올레 오디오가이드(jejuolle.org) 코스별 음성해설,「탐나는수어」 앱 · 제주수어통역센터 여행수어 자료(jejudeaf.com),,IN_VENUE,이용 동선에서 이용 가능,차량+대중교통,,,,,,,,,,,,2023-12,EVENT_CROWD,행사 기간 부스·관람객 밀집으로 통행 제약. 평시와 접근성이 크게 다름,,,,,UNKNOWN,UNKNOWN,,,,,제주관광약자접근성안내센터(이지제주) · 한국관광공사 열린관광 · ㈜휴플 현장조사,2026-06,2024~2026,https://easyjeju.net,제주관광공사 「오감으로 즐기는 제주」(2023.12.22) · 한국관광공사 열린관광지 · 이지제주,"현재 무장애 정보는 이동(지체) 접근성 기준입니다. 시각·청각·발달 장애 정보는 확보 중이며, 열린관광 모두의여행(access.visitkorea.or.kr) 또는 이지제주(easyjeju.net)에서 확인하실 수 있습니다.",SURVEYED,,,v3,FACILITY_SURVEY,편의시설 조사: 장애인 주차장 있음(천지연폭포)+장애인 화장실 있음(천지연폭포)+수유실/영유아 돌봄 가능(천지연폭포),,,,Y,UNKNOWN,UNKNOWN,
ACC_P204,P204,PARTIAL,UNKNOWN,UNKNOWN,UNKNOWN,PARTIAL,PARTIAL,PARTIAL,PARTIAL,Y,CONDITIONAL,CONDITIONAL,올레 6코스 휠체어 구간 종점 — 포장 동선 이용 가능 / 좁은 통로·차도 병행 주의,경사 있음,포장도로+해안 산책로+차도 보행+좁은 통로+휠체어 접근 부분가능,장애인 화장실 있음(부분가능),제주올레 6코스 휠체어 구간(쇠소깍~보목포구 2.3km)의 종점. 포장도로와 해안 산책로가 있으나 통로가 좁고 차도와 함께 쓰는 구간이 있음. 장애인 화장실은 일부만 이용 가능,제주올레 6코스의 휠체어 이용 구간이 끝나는 포구입니다. 쇠소깍에서 여기까지 약 2.3km가 휠체어 이용 구간입니다. 포구 주변은 포장되어 있고 해안 산책로가 있습니다. 다만 통로가 좁아지는 구간이 있고 차도를 함께 쓰는 곳이 있어 차량 통행에 유의하셔야 합니다. 장애인 화장실은 있으나 이용에 제약이 있습니다.,,,,휠내비길(wheelnavi.kr) 음성안내 · 제주올레 오디오가이드(jejuolle.org) 코스별 음성해설,「탐나는수어」 앱 · 제주수어통역센터 여행수어 자료(jejudeaf.com),,IN_VENUE,이용 동선에서 이용 가능,차량+대중교통+도보,,,,,,,,,,,,2023-12,,,,,,,UNKNOWN,UNKNOWN,,,,,제주관광약자접근성안내센터(이지제주) · 한국관광공사 열린관광 · ㈜휴플 현장조사,2026-06,2024~2026,https://easyjeju.net,제주관광공사 「오감으로 즐기는 제주」(2023.12.22) · 한국관광공사 열린관광지 · 이지제주,"현재 무장애 정보는 이동(지체) 접근성 기준입니다. 시각·청각·발달 장애 정보는 확보 중이며, 열린관광 모두의여행(access.visitkorea.or.kr) 또는 이지제주(easyjeju.net)에서 확인하실 수 있습니다.",SURVEYED,[FIX86] 제주올레 공식 휠체어 구간의 시·종점 — 코스 노드와 함께 갱신할 것 (P488 제주올레 6코스). 잔여 확인 — 장애인 화장실의 제약 내용,FIX86: 해양 유형 사유·안내문 신설,v3,ROUTE_SURVEY,경로 상태 조사: 포장도로+해안 산책로+차도 보행+좁은 통로+휠체어 접근 부분가능,,,,Y,UNKNOWN,UNKNOWN,
ACC_P205,P205,NONE,UNKNOWN,UNKNOWN,UNKNOWN,NONE,NONE,PARTIAL,PARTIAL,Y,UNAVAILABLE,UNAVAILABLE,해안 목재 계단길 — 만조 시 통행 주의,,계단 있음+해안 계단길+만조 주의+휠체어 접근 어려움,장애인 화장실 있음(인근 보목어촌 화장실·부분가능),,해안을 따라 목재 계단으로 이어지는 길입니다. 만조 때는 통행에 주의가 필요합니다. 장애인 화장실은 인근 보목어촌 쪽에 있고 일부만 이용 가능하며 계단길 구간에는 없습니다.,,,,휠내비길(wheelnavi.kr) 음성안내 · 제주올레 오디오가이드(jejuolle.org) 코스별 음성해설,「탐나는수어」 앱 · 제주수어통역센터 여행수어 자료(jejudeaf.com),,ENTRANCE_ONLY,장애인 화장실은 입구·주차장 등 부대시설에 위치. 이용 동선에는 없음,차량+대중교통+도보,,,,,,,,,,,,2023-12,,,,,,,UNKNOWN,UNKNOWN,,,,,제주관광약자접근성안내센터(이지제주) · 한국관광공사 열린관광 · ㈜휴플 현장조사,2026-06,2024~2026,https://easyjeju.net,제주관광공사 「오감으로 즐기는 제주」(2023.12.22) · 한국관광공사 열린관광지 · 이지제주,"현재 무장애 정보는 이동(지체) 접근성 기준입니다. 시각·청각·발달 장애 정보는 확보 중이며, 열린관광 모두의여행(access.visitkorea.or.kr) 또는 이지제주(easyjeju.net)에서 확인하실 수 있습니다.",SURVEYED,,,v3,ROUTE_SURVEY,경로 상태 조사: 계단 있음+해안 계단길+만조 주의+휠체어 접근 어려움,,,,N,UNKNOWN,UNKNOWN,시각·청각 접근성 정보가 확인되지 않았습니다
ACC_P206,P206,PARTIAL,UNKNOWN,UNKNOWN,UNKNOWN,PARTIAL,PARTIAL,PARTIAL,PARTIAL,Y,CONDITIONAL,CONDITIONAL,시설접근 기준 판정 — 활동참여 개별 근거 미확보,,포장도로+포구 행사장+차도 보행+행사 혼잡 가능+체험 구간 접근 제한 가능+휠체어 접근 부분가능,장애인 화장실 있음(부분가능)+임시주차장 있음,,,,,,휠내비길(wheelnavi.kr) 음성안내 · 제주올레 오디오가이드(jejuolle.org) 코스별 음성해설,「탐나는수어」 앱 · 제주수어통역센터 여행수어 자료(jejudeaf.com),,IN_VENUE,이용 동선에서 이용 가능,차량+대중교통,,,,,,,,,,,,2023-12,EVENT_CROWD,행사 기간 부스·관람객 밀집으로 통행 제약. 평시와 접근성이 크게 다름,,,,,UNKNOWN,UNKNOWN,,,,,제주관광약자접근성안내센터(이지제주) · 한국관광공사 열린관광 · ㈜휴플 현장조사,2026-06,2024~2026,https://easyjeju.net,제주관광공사 「오감으로 즐기는 제주」(2023.12.22) · 한국관광공사 열린관광지 · 이지제주,"현재 무장애 정보는 이동(지체) 접근성 기준입니다. 시각·청각·발달 장애 정보는 확보 중이며, 열린관광 모두의여행(access.visitkorea.or.kr) 또는 이지제주(easyjeju.net)에서 확인하실 수 있습니다.",SURVEYED,,,v3,FACILITY_SURVEY,편의시설 조사: 장애인 화장실 있음(부분가능)+임시주차장 있음,,,,Y,UNKNOWN,UNKNOWN,
ACC_P207,P207,NONE,UNKNOWN,UNKNOWN,UNKNOWN,NONE,NONE,PARTIAL,UNKNOWN,Y,UNAVAILABLE,UNAVAILABLE,주차장 등 진입부는 이용 가능 / 오름 등반로는 접근 불가,급경사 있음,비포장+오름길+숲길+휠체어 접근 어려움,UNKNOWN,,세미양오름의 오름 등반로는 비포장 자연 노면이라 휠체어로 이동하시기 어렵습니다. 장애인 화장실은 확인되지 않았습니다.,,,,휠내비길(wheelnavi.kr) 음성안내 · 제주올레 오디오가이드(jejuolle.org) 코스별 음성해설,「탐나는수어」 앱 · 제주수어통역센터 여행수어 자료(jejudeaf.com),,,,차량+대중교통+도보,,,,,,,,,,,,2023-12,,,,,,,UNKNOWN,UNKNOWN,,,,,제주관광약자접근성안내센터(이지제주) · 한국관광공사 열린관광 · ㈜휴플 현장조사,2026-06,2024~2026,https://easyjeju.net,제주관광공사 「오감으로 즐기는 제주」(2023.12.22) · 한국관광공사 열린관광지 · 이지제주,"현재 무장애 정보는 이동(지체) 접근성 기준입니다. 시각·청각·발달 장애 정보는 확보 중이며, 열린관광 모두의여행(access.visitkorea.or.kr) 또는 이지제주(easyjeju.net)에서 확인하실 수 있습니다.",SURVEYED,[FIX89] 산·오름 사유 이관 — 조사 기록은 routeCondition·barrierFreeDetail 참조,,v3,ROUTE_SURVEY,경로 상태 조사: 비포장+오름길+숲길+휠체어 접근 어려움,,,,N,UNKNOWN,UNKNOWN,"시각장애인은 동행자와 함께라면 이용 가능할 수 있으나 안내 설비 정보가 없습니다. 청각장애인은 이동에 제약이 적을 것으로 보이나, 조난 시 연락 수단·안내 방송 여부가 확인되지 않았습니다"
ACC_P208,P208,PARTIAL,UNKNOWN,UNKNOWN,UNKNOWN,PARTIAL,PARTIAL,PARTIAL,FULL,Y,CONDITIONAL,CONDITIONAL,시설접근 기준 판정 — 활동참여 개별 근거 미확보,,실내 체험시설+무단차+거울미로 통로 확인 필요+휠체어 접근 부분가능,장애인 주차장 있음+장애인 화장실 있음,,,,,,휠내비길(wheelnavi.kr) 음성안내 · 제주올레 오디오가이드(jejuolle.org) 코스별 음성해설,「탐나는수어」 앱 · 제주수어통역센터 여행수어 자료(jejudeaf.com),,IN_VENUE,이용 동선에서 이용 가능,차량+대중교통,,,,,,,,,,,,2023-12,,,,,,,UNKNOWN,UNKNOWN,,,,,제주관광약자접근성안내센터(이지제주) · 한국관광공사 열린관광 · ㈜휴플 현장조사,2026-06,2024~2026,https://easyjeju.net,제주관광공사 「오감으로 즐기는 제주」(2023.12.22) · 한국관광공사 열린관광지 · 이지제주,"현재 무장애 정보는 이동(지체) 접근성 기준입니다. 시각·청각·발달 장애 정보는 확보 중이며, 열린관광 모두의여행(access.visitkorea.or.kr) 또는 이지제주(easyjeju.net)에서 확인하실 수 있습니다.",SURVEYED,,,v3,ROUTE_SURVEY,경로 상태 조사: 실내 체험시설+무단차+거울미로 통로 확인 필요+휠체어 접근 부분가능,,,,Y,UNKNOWN,UNKNOWN,
ACC_P209,P209,NONE,UNKNOWN,UNKNOWN,UNKNOWN,NONE,NONE,PARTIAL,UNKNOWN,Y,UNAVAILABLE,UNAVAILABLE,계곡 돌계단 — 물가 미끄럼 위험,,돌계단 있음+물가/계곡길+미끄럼 위험 있음+휠체어 접근 어려움,UNKNOWN,,물가 계곡길로 돌계단이 있고 젖으면 미끄럽습니다. 도로변에서 계곡을 내려다보실 수 있습니다.,,,,휠내비길(wheelnavi.kr) 음성안내 · 제주올레 오디오가이드(jejuolle.org) 코스별 음성해설,「탐나는수어」 앱 · 제주수어통역센터 여행수어 자료(jejudeaf.com),,,,차량+대중교통+도보,,,,,,,,,,,,2023-12,,,,,,,UNKNOWN,UNKNOWN,,,,,제주관광약자접근성안내센터(이지제주) · 한국관광공사 열린관광 · ㈜휴플 현장조사,2026-06,2024~2026,https://easyjeju.net,제주관광공사 「오감으로 즐기는 제주」(2023.12.22) · 한국관광공사 열린관광지 · 이지제주,"현재 무장애 정보는 이동(지체) 접근성 기준입니다. 시각·청각·발달 장애 정보는 확보 중이며, 열린관광 모두의여행(access.visitkorea.or.kr) 또는 이지제주(easyjeju.net)에서 확인하실 수 있습니다.",SURVEYED,,,v3,ROUTE_SURVEY,경로 상태 조사: 돌계단 있음+물가/계곡길+미끄럼 위험 있음+휠체어 접근 어려움,,,,N,UNKNOWN,UNKNOWN,시각·청각 접근성 정보가 확인되지 않았습니다
ACC_P210,P210,PARTIAL,UNKNOWN,UNKNOWN,UNKNOWN,PARTIAL,PARTIAL,PARTIAL,PARTIAL,Y,CONDITIONAL,CONDITIONAL,시설접근 기준 판정 — 활동참여 개별 근거 미확보,일부 경사/계단 가능,포장도로+골목/벽화거리+휠체어 접근 부분가능,장애인 화장실 있음(인근 김만덕기념관/산지천갤러리),,,,,,휠내비길(wheelnavi.kr) 음성안내 · 제주올레 오디오가이드(jejuolle.org) 코스별 음성해설,「탐나는수어」 앱 · 제주수어통역센터 여행수어 자료(jejudeaf.com),,,이 관광지 안에는 장애인 화장실이 없습니다. 인근 시설을 이용하셔야 합니다.,차량+대중교통+도보,,,,,,,,,,,,2023-12,MARKET_STALL,노점·가판대·적재물로 실제 통로 폭이 조사값보다 좁아질 수 있음. 장날·성수기 통행 곤란,,,,,UNKNOWN,UNKNOWN,김만덕기념관 · 산지천갤러리,,,,제주관광약자접근성안내센터(이지제주) · 한국관광공사 열린관광 · ㈜휴플 현장조사,2026-06,2024~2026,https://easyjeju.net,제주관광공사 「오감으로 즐기는 제주」(2023.12.22) · 한국관광공사 열린관광지 · 이지제주,"현재 무장애 정보는 이동(지체) 접근성 기준입니다. 시각·청각·발달 장애 정보는 확보 중이며, 열린관광 모두의여행(access.visitkorea.or.kr) 또는 이지제주(easyjeju.net)에서 확인하실 수 있습니다.",SURVEYED,,,v3,ROUTE_SURVEY,경로 상태 조사: 포장도로+골목/벽화거리+휠체어 접근 부분가능,,,,Y,UNKNOWN,UNKNOWN,
ACC_P211,P211,PARTIAL,UNKNOWN,UNKNOWN,UNKNOWN,PARTIAL,PARTIAL,PARTIAL,FULL,Y,CONDITIONAL,CONDITIONAL,돌바닥과 계단·단차 — 동행 보조 필요,,포장도로+진입로 불편+돌바닥+계단/단차 있음+동행보조 필요,장애인 화장실 있음(인근/귤림서원 정보),포장 진입로까지 이동 가능 / 내부 돌바닥과 계단·단차,진입로가 불편하고 안쪽은 돌바닥에 계단과 단차가 있어 동행이 필요합니다. 장애인 화장실은 인근 귤림서원 쪽에 있습니다.,,,,휠내비길(wheelnavi.kr) 음성안내 · 제주올레 오디오가이드(jejuolle.org) 코스별 음성해설,「탐나는수어」 앱 · 제주수어통역센터 여행수어 자료(jejudeaf.com),,IN_VENUE,이용 동선에서 이용 가능,차량+대중교통+도보,,,,,,,,,,,,2023-12,,,,,,,UNKNOWN,UNKNOWN,,,,,제주관광약자접근성안내센터(이지제주) · 한국관광공사 열린관광 · ㈜휴플 현장조사,2026-06,2024~2026,https://easyjeju.net,제주관광공사 「오감으로 즐기는 제주」(2023.12.22) · 한국관광공사 열린관광지 · 이지제주,"현재 무장애 정보는 이동(지체) 접근성 기준입니다. 시각·청각·발달 장애 정보는 확보 중이며, 열린관광 모두의여행(access.visitkorea.or.kr) 또는 이지제주(easyjeju.net)에서 확인하실 수 있습니다.",SURVEYED,,,v3,ROUTE_SURVEY,경로 상태 조사: 포장도로+진입로 불편+돌바닥+계단/단차 있음+동행보조 필요,,,,Y,UNKNOWN,UNKNOWN,
ACC_P212,P212,PARTIAL,UNKNOWN,UNKNOWN,UNKNOWN,PARTIAL,PARTIAL,PARTIAL,PARTIAL,N,CONDITIONAL,CONDITIONAL,시설접근 기준 판정 — 활동참여 개별 근거 미확보,,포장도로+실내 1층 전시+2층 카페 계단/엘리베이터 확인 필요+휠체어 접근 부분가능,장애인 주차장 있음(공유)+장애인 화장실 있음(인근/공유),,,,,,휠내비길(wheelnavi.kr) 음성안내 · 제주올레 오디오가이드(jejuolle.org) 코스별 음성해설,「탐나는수어」 앱 · 제주수어통역센터 여행수어 자료(jejudeaf.com),,IN_VENUE,이용 동선에서 이용 가능,차량,,,,,,,,,,,,2023-12,,,,,,,UNKNOWN,UNKNOWN,,,,,제주관광약자접근성안내센터(이지제주) · 한국관광공사 열린관광 · ㈜휴플 현장조사,2026-06,2024~2026,https://easyjeju.net,제주관광공사 「오감으로 즐기는 제주」(2023.12.22) · 한국관광공사 열린관광지 · 이지제주,"현재 무장애 정보는 이동(지체) 접근성 기준입니다. 시각·청각·발달 장애 정보는 확보 중이며, 열린관광 모두의여행(access.visitkorea.or.kr) 또는 이지제주(easyjeju.net)에서 확인하실 수 있습니다.",SURVEYED,,,v3,ROUTE_SURVEY,경로 상태 조사: 포장도로+실내 1층 전시+2층 카페 계단/엘리베이터 확인 필요+휠체어 접근 부분가능,,,,Y,UNKNOWN,UNKNOWN,
ACC_P213,P213,PARTIAL,UNKNOWN,UNKNOWN,UNKNOWN,PARTIAL,PARTIAL,PARTIAL,FULL,Y,CONDITIONAL,CONDITIONAL,시설접근 기준 판정 — 활동참여 개별 근거 미확보,,포장도로+광장/포구 행사장+물놀이/수상체험+행사 혼잡 가능+휠체어 접근 부분가능,장애인 주차장 있음(도두항/인근)+장애인 화장실 있음(도두항/인근),,,,,,휠내비길(wheelnavi.kr) 음성안내 · 제주올레 오디오가이드(jejuolle.org) 코스별 음성해설,「탐나는수어」 앱 · 제주수어통역센터 여행수어 자료(jejudeaf.com),,IN_VENUE,이용 동선에서 이용 가능,차량+대중교통,,,,,,,,,,,,2023-12,EVENT_CROWD,행사 기간 부스·관람객 밀집으로 통행 제약. 평시와 접근성이 크게 다름,,,,,UNKNOWN,UNKNOWN,,,,,제주관광약자접근성안내센터(이지제주) · 한국관광공사 열린관광 · ㈜휴플 현장조사,2026-06,2024~2026,https://easyjeju.net,제주관광공사 「오감으로 즐기는 제주」(2023.12.22) · 한국관광공사 열린관광지 · 이지제주,"현재 무장애 정보는 이동(지체) 접근성 기준입니다. 시각·청각·발달 장애 정보는 확보 중이며, 열린관광 모두의여행(access.visitkorea.or.kr) 또는 이지제주(easyjeju.net)에서 확인하실 수 있습니다.",SURVEYED,,,v3,FACILITY_SURVEY,편의시설 조사: 장애인 주차장 있음(도두항/인근)+장애인 화장실 있음(도두항/인근),,,,Y,UNKNOWN,UNKNOWN,
ACC_P214,P214,FULL,PARTIAL,UNKNOWN,UNKNOWN,FULL,FULL,FULL,FULL,Y,AVAILABLE,AVAILABLE,시설접근 기준 판정 — 활동참여 개별 근거 미확보,,포장도로+무단차 접근로+휠체어 접근 가능,장애인 화장실 있음+기저귀교환대 있음,,,,,,휠내비길(wheelnavi.kr) 음성안내 · 제주올레 오디오가이드(jejuolle.org) 코스별 음성해설,「탐나는수어」 앱 · 제주수어통역센터 여행수어 자료(jejudeaf.com),,IN_VENUE,이용 동선에서 이용 가능,차량+대중교통+도보,,,,,,,,,,,,2023-12,,,,,,,UNKNOWN,UNKNOWN,,,,,제주관광약자접근성안내센터(이지제주) · 한국관광공사 열린관광 · ㈜휴플 현장조사,2026-06,2024~2026,https://easyjeju.net · https://www.data.go.kr/data/15101897/openapi.do,제주관광공사 「오감으로 즐기는 제주」(2023.12.22) · 한국관광공사 열린관광지 · 이지제주,"현재 무장애 정보는 이동(지체) 접근성 기준입니다. 시각·청각·발달 장애 정보는 확보 중이며, 열린관광 모두의여행(access.visitkorea.or.kr) 또는 이지제주(easyjeju.net)에서 확인하실 수 있습니다.",SURVEYED,[FIX65] 한국관광공사 무장애 API(detailWithTour2) — braileblock=점자블록 있음(화장실 앞)_시각장애인 편의시설,FIX65: visualAccess UNKNOWN→PARTIAL (KTO API),v3,ROUTE_SURVEY,경로 상태 조사: 포장도로+무단차 접근로+휠체어 접근 가능,,,,Y,UNKNOWN,UNKNOWN,
ACC_P215,P215,PARTIAL,PARTIAL,UNKNOWN,UNKNOWN,PARTIAL,PARTIAL,PARTIAL,FULL,Y,CONDITIONAL,CONDITIONAL,시설접근 기준 판정 — 활동참여 개별 근거 미확보,,포장도로+해안 인도+휠체어 구간 있음+장거리/일반도로+휠체어 접근 부분가능,올레17코스 휠체어 구간 있음+장애인 화장실 있음,,휠체어로 이용하실 수 있는 구간은 도두봉 내려오는 길에서 용연다리까지 5.0km입니다. 용담해안도로를 따라 대체로 평탄합니다. 용두암 입구 앞 30m 오르막과 용연다리 앞 20m 내리막은 경사가 가파릅니다.,"올레 휠체어 구간(도두봉 내려오는 길~용연다리, 4.4km, 난이도 중): 용담해안도로 따라 평이. 용두암 입구 전 8도 오르막 30m·용연다리 전 8-9도 내리막 20m 주의",제주올레 오디오가이드 전 코스 제공(코스별 음성 설명),,제주올레 오디오가이드(jejuolle.org) + 휠내비길,「탐나는수어」 앱 · 제주수어통역센터 여행수어 자료(jejudeaf.com),,IN_VENUE,이용 동선에서 이용 가능,차량+대중교통+도보,,,,,,,,,,,,2023-12,,,도두봉 내려오는길~용연다리,5.0km,MEDIUM,용담해안도로 따라 평이. 용두암 입구 전 8도 오르막 30m·용연다리 전 8-9도 내리막 20m 주의,N,Y,레포츠공원/용연다리입구,,,,"이지제주올레(제주올레×관광약자접근성안내센터, 재발행 2022.07) 휠체어 구간 조사",2022-07,,jejuolle.org / easyjeju.net,제주관광공사 「오감으로 즐기는 제주」(2023.12.22) · 한국관광공사 열린관광지 · 이지제주,"현재 무장애 정보는 이동(지체) 접근성 기준입니다. 시각·청각·발달 장애 정보는 확보 중이며, 열린관광 모두의여행(access.visitkorea.or.kr) 또는 이지제주(easyjeju.net)에서 확인하실 수 있습니다.",VERIFIED,"검증완료(2026-07) — 이지제주올레 휠체어 구간 조사 대조 ※ FIX50: 제주올레 공식 코스페이지 「휠체어 가능여부」 전수 확인(2026-08) — 난이도 중, 구간거리 5.0km / 도두봉 내려오는길~용연다리, 시작점 제주시 도두2동 1611. 코스 총 길이 19.5km. 이지제주올레(2022.07) 발간물과 다를 경우 공식 현행을 우선함",nan | FIX24: 올레 휠체어 구간 실측 반영 | FIX50: 공식 휠체어 박스 전수 반영,v3,PUBLICATION,,,,,Y,Y,UNKNOWN,
ACC_P216,P216,NONE,UNKNOWN,UNKNOWN,UNKNOWN,NONE,NONE,PARTIAL,NONE,Y,UNAVAILABLE,UNAVAILABLE,주차장 등 진입부는 이용 가능 / 오름 등반로는 접근 불가,경사 있음,비포장+오름길+나무계단 있음+휠체어 접근 어려움,UNKNOWN,,넙게오름의 오름 등반로는 비포장 자연 노면·계단이라 휠체어로 이동하시기 어렵습니다. 장애인 화장실은 없습니다.,,,,휠내비길(wheelnavi.kr) 음성안내 · 제주올레 오디오가이드(jejuolle.org) 코스별 음성해설,「탐나는수어」 앱 · 제주수어통역센터 여행수어 자료(jejudeaf.com),,,,차량+대중교통+도보,,,,,,,,,,,,2023-12,,,,,,,UNKNOWN,UNKNOWN,,,,,제주관광약자접근성안내센터(이지제주) · 한국관광공사 열린관광 · ㈜휴플 현장조사,2026-06,2024~2026,https://easyjeju.net,제주관광공사 「오감으로 즐기는 제주」(2023.12.22) · 한국관광공사 열린관광지 · 이지제주,"현재 무장애 정보는 이동(지체) 접근성 기준입니다. 시각·청각·발달 장애 정보는 확보 중이며, 열린관광 모두의여행(access.visitkorea.or.kr) 또는 이지제주(easyjeju.net)에서 확인하실 수 있습니다.",SURVEYED,[FIX89] 산·오름 사유 이관 — 조사 기록은 routeCondition·barrierFreeDetail 참조,,v3,ROUTE_SURVEY,경로 상태 조사: 비포장+오름길+나무계단 있음+휠체어 접근 어려움,,,,N,UNKNOWN,UNKNOWN,"시각장애인은 동행자와 함께라면 이용 가능할 수 있으나 안내 설비 정보가 없습니다. 청각장애인은 이동에 제약이 적을 것으로 보이나, 조난 시 연락 수단·안내 방송 여부가 확인되지 않았습니다"
ACC_P217,P217,FULL,UNKNOWN,UNKNOWN,UNKNOWN,FULL,FULL,FULL,FULL,N,AVAILABLE,AVAILABLE,시설접근 기준 판정 — 활동참여 개별 근거 미확보,,포장도로+무단차+엘리베이터 있음+휠체어 접근 가능,휠체어 대여 가능+유모차 대여 가능+장애인 주차장 있음+장애인 화장실 있음+수유실/영유아 돌봄 가능+엘리베이터 있음,,,,,,휠내비길(wheelnavi.kr) 음성안내 · 제주올레 오디오가이드(jejuolle.org) 코스별 음성해설,「탐나는수어」 앱 · 제주수어통역센터 여행수어 자료(jejudeaf.com),,IN_VENUE,이용 동선에서 이용 가능,차량+도보,,,,,,,,,,,,2023-12,,,,,,,UNKNOWN,UNKNOWN,,,,,제주관광약자접근성안내센터(이지제주) · 한국관광공사 열린관광 · ㈜휴플 현장조사,2026-06,2024~2026,https://easyjeju.net,제주관광공사 「오감으로 즐기는 제주」(2023.12.22) · 한국관광공사 열린관광지 · 이지제주,"현재 무장애 정보는 이동(지체) 접근성 기준입니다. 시각·청각·발달 장애 정보는 확보 중이며, 열린관광 모두의여행(access.visitkorea.or.kr) 또는 이지제주(easyjeju.net)에서 확인하실 수 있습니다.",SURVEYED,,,v3,ROUTE_SURVEY,경로 상태 조사: 포장도로+무단차+엘리베이터 있음+휠체어 접근 가능,,,,Y,UNKNOWN,UNKNOWN,
ACC_P218,P218,PARTIAL,UNKNOWN,UNKNOWN,UNKNOWN,PARTIAL,PARTIAL,PARTIAL,FULL,Y,CONDITIONAL,CONDITIONAL,포장 포구길과 장애인 편의시설 이용 가능 / 방파제 진입은 제한 가능,일부 경사 있음,포장도로+포구/방파제길+방파제 진입 제한 가능+휠체어 접근 부분가능,장애인 주차장 있음+장애인 화장실 있음,제주올레 14코스 휠체어 구간(일성콘도~금능으뜸해변 입구 2.1km) 종점 인근. 포장 포구길이며 장애인 주차구역·장애인 화장실 확보. 방파제 쪽은 진입이 제한될 수 있음,제주올레 14코스의 휠체어 이용 구간이 끝나는 금능으뜸해변 입구와 가까운 포구입니다. 포구길이 포장되어 있고 장애인 주차구역과 장애인 화장실이 갖춰져 있습니다. 다만 방파제 쪽은 진입이 제한될 수 있습니다.,,,,휠내비길(wheelnavi.kr) 음성안내 · 제주올레 오디오가이드(jejuolle.org) 코스별 음성해설,「탐나는수어」 앱 · 제주수어통역센터 여행수어 자료(jejudeaf.com),,IN_VENUE,이용 동선에서 이용 가능,차량+대중교통+도보,,,,,,,,,,,,2023-12,,,,,,,UNKNOWN,UNKNOWN,,,,,제주관광약자접근성안내센터(이지제주) · 한국관광공사 열린관광 · ㈜휴플 현장조사,2026-06,2024~2026,https://easyjeju.net,제주관광공사 「오감으로 즐기는 제주」(2023.12.22) · 한국관광공사 열린관광지 · 이지제주,"현재 무장애 정보는 이동(지체) 접근성 기준입니다. 시각·청각·발달 장애 정보는 확보 중이며, 열린관광 모두의여행(access.visitkorea.or.kr) 또는 이지제주(easyjeju.net)에서 확인하실 수 있습니다.",SURVEYED,[FIX86] 제주올레 공식 휠체어 구간의 시·종점 — 코스 노드와 함께 갱신할 것 (P621 제주올레 14코스),FIX86: 해양 유형 사유·안내문 신설,v3,ROUTE_SURVEY,경로 상태 조사: 포장도로+포구/방파제길+방파제 진입 제한 가능+휠체어 접근 부분가능,,,,Y,UNKNOWN,UNKNOWN,
ACC_P219,P219,PARTIAL,UNKNOWN,UNKNOWN,UNKNOWN,PARTIAL,PARTIAL,PARTIAL,UNKNOWN,Y,CONDITIONAL,CONDITIONAL,용천수 주변 물가 — 단차·미끄럼 구간,,포장도로+공원/용천수 주변+물가 단차/미끄럼 가능+휠체어 접근 부분가능,UNKNOWN,포장 공원 구간 이용 가능 / 용천수 물가에 단차·미끄럼,공원까지는 포장되어 있고 용천수 물가 쪽은 단차가 있으며 젖으면 미끄럽습니다.,,,,휠내비길(wheelnavi.kr) 음성안내 · 제주올레 오디오가이드(jejuolle.org) 코스별 음성해설,「탐나는수어」 앱 · 제주수어통역센터 여행수어 자료(jejudeaf.com),,,,차량+대중교통+도보,,,,,,,,,,,,2023-12,,,,,,,UNKNOWN,UNKNOWN,,,,,제주관광약자접근성안내센터(이지제주) · 한국관광공사 열린관광 · ㈜휴플 현장조사,2026-06,2024~2026,https://easyjeju.net,제주관광공사 「오감으로 즐기는 제주」(2023.12.22) · 한국관광공사 열린관광지 · 이지제주,"현재 무장애 정보는 이동(지체) 접근성 기준입니다. 시각·청각·발달 장애 정보는 확보 중이며, 열린관광 모두의여행(access.visitkorea.or.kr) 또는 이지제주(easyjeju.net)에서 확인하실 수 있습니다.",SURVEYED,,,v3,ROUTE_SURVEY,경로 상태 조사: 포장도로+공원/용천수 주변+물가 단차/미끄럼 가능+휠체어 접근 부분가능,,,,Y,UNKNOWN,UNKNOWN,
ACC_P220,P220,PARTIAL,UNKNOWN,UNKNOWN,UNKNOWN,PARTIAL,PARTIAL,PARTIAL,UNKNOWN,Y,CONDITIONAL,CONDITIONAL,포장·판석 구간은 이동 가능 / 단차 구간은 동행 도움 필요,경사 있음,포장/판석길+단차 있음+동행보조 필요+휠체어 접근 부분가능,장애인 화장실 있음(부분가능),포장과 판석으로 이어지나 중간 단차와 경사로 동행 도움 필요,애월한담해안산책로는 포장과 판석으로 이어져 휠체어로 이동하실 수 있습니다. 다만 중간에 단차와 경사가 있어 동행 도움이 필요합니다. 장애인 화장실이 있으나 이용 범위는 일부로 확인됐습니다.,,,,휠내비길(wheelnavi.kr) 음성안내 · 제주올레 오디오가이드(jejuolle.org) 코스별 음성해설,「탐나는수어」 앱 · 제주수어통역센터 여행수어 자료(jejudeaf.com),,,,차량+대중교통+도보,,,,,,,,,,,,2023-12,,,,,,,UNKNOWN,UNKNOWN,,,,,제주관광약자접근성안내센터(이지제주) · 한국관광공사 열린관광 · ㈜휴플 현장조사,2026-06,2024~2026,https://easyjeju.net,제주관광공사 「오감으로 즐기는 제주」(2023.12.22) · 한국관광공사 열린관광지 · 이지제주,"현재 무장애 정보는 이동(지체) 접근성 기준입니다. 시각·청각·발달 장애 정보는 확보 중이며, 열린관광 모두의여행(access.visitkorea.or.kr) 또는 이지제주(easyjeju.net)에서 확인하실 수 있습니다.",SURVEYED,,[FIX90] 트레일 사유 이관 — 조사 기록은 routeCondition·barrierFreeDetail·slopeInfo 참조,v3,ROUTE_SURVEY,경로 상태 조사: 포장/판석길+단차 있음+동행보조 필요+휠체어 접근 부분가능,,,,Y,UNKNOWN,UNKNOWN,
ACC_P221,P221,NONE,UNKNOWN,UNKNOWN,UNKNOWN,NONE,NONE,NONE,UNKNOWN,Y,UNAVAILABLE,UNAVAILABLE,시설접근 기준 판정 — 활동참여 개별 근거 미확보,,실내 전시관+장기 폐쇄+관람 접근 불가,UNKNOWN,,,,,,휠내비길(wheelnavi.kr) 음성안내 · 제주올레 오디오가이드(jejuolle.org) 코스별 음성해설,「탐나는수어」 앱 · 제주수어통역센터 여행수어 자료(jejudeaf.com),,,,차량+대중교통,,,,,,,,,,,,2023-12,,,,,,,UNKNOWN,UNKNOWN,,,,,제주관광약자접근성안내센터(이지제주) · 한국관광공사 열린관광 · ㈜휴플 현장조사,2026-06,2024~2026,https://easyjeju.net,제주관광공사 「오감으로 즐기는 제주」(2023.12.22) · 한국관광공사 열린관광지 · 이지제주,"현재 무장애 정보는 이동(지체) 접근성 기준입니다. 시각·청각·발달 장애 정보는 확보 중이며, 열린관광 모두의여행(access.visitkorea.or.kr) 또는 이지제주(easyjeju.net)에서 확인하실 수 있습니다.",SURVEYED,,,v3,FACILITY_SURVEY,편의시설 조사: UNKNOWN,,,,N,UNKNOWN,UNKNOWN,시각·청각 접근성 정보가 확인되지 않았습니다
ACC_P222,P222,PARTIAL,UNKNOWN,UNKNOWN,UNKNOWN,PARTIAL,PARTIAL,PARTIAL,UNKNOWN,Y,CONDITIONAL,CONDITIONAL,시설접근 기준 판정 — 활동참여 개별 근거 미확보,,포장도로+해안 등대길+낮은 지대+휠체어 접근 부분가능,UNKNOWN,,,,,,휠내비길(wheelnavi.kr) 음성안내 · 제주올레 오디오가이드(jejuolle.org) 코스별 음성해설,「탐나는수어」 앱 · 제주수어통역센터 여행수어 자료(jejudeaf.com),,,,차량+대중교통+도보,,,,,,,,,,,,2023-12,,,,,,,UNKNOWN,UNKNOWN,,,,,제주관광약자접근성안내센터(이지제주) · 한국관광공사 열린관광 · ㈜휴플 현장조사,2026-06,2024~2026,https://easyjeju.net,제주관광공사 「오감으로 즐기는 제주」(2023.12.22) · 한국관광공사 열린관광지 · 이지제주,"현재 무장애 정보는 이동(지체) 접근성 기준입니다. 시각·청각·발달 장애 정보는 확보 중이며, 열린관광 모두의여행(access.visitkorea.or.kr) 또는 이지제주(easyjeju.net)에서 확인하실 수 있습니다.",SURVEYED,,,v3,FACILITY_SURVEY,편의시설 조사: UNKNOWN,,,,Y,UNKNOWN,UNKNOWN,
ACC_P223,P223,NONE,UNKNOWN,UNKNOWN,UNKNOWN,NONE,NONE,NONE,UNKNOWN,N,UNAVAILABLE,UNAVAILABLE,주차장 등 진입부는 이용 가능 / 오름 등반로는 접근 불가,경사 있음,오름길+긴 계단 있음+휠체어 접근 어려움,UNKNOWN,,영주산의 오름 등반로는 계단이라 휠체어로 이동하시기 어렵습니다. 장애인 화장실은 확인되지 않았습니다.,,,,휠내비길(wheelnavi.kr) 음성안내 · 제주올레 오디오가이드(jejuolle.org) 코스별 음성해설,「탐나는수어」 앱 · 제주수어통역센터 여행수어 자료(jejudeaf.com),,,,차량+도보,,,,,,,,,,,,2023-12,,,,,,,UNKNOWN,UNKNOWN,,,,,제주관광약자접근성안내센터(이지제주) · 한국관광공사 열린관광 · ㈜휴플 현장조사,2026-06,2024~2026,https://easyjeju.net,제주관광공사 「오감으로 즐기는 제주」(2023.12.22) · 한국관광공사 열린관광지 · 이지제주,"현재 무장애 정보는 이동(지체) 접근성 기준입니다. 시각·청각·발달 장애 정보는 확보 중이며, 열린관광 모두의여행(access.visitkorea.or.kr) 또는 이지제주(easyjeju.net)에서 확인하실 수 있습니다.",SURVEYED,[FIX89] 산·오름 사유 이관 — 조사 기록은 routeCondition·barrierFreeDetail 참조,,v3,ROUTE_SURVEY,경로 상태 조사: 오름길+긴 계단 있음+휠체어 접근 어려움,,,,N,UNKNOWN,UNKNOWN,"시각장애인은 동행자와 함께라면 이용 가능할 수 있으나 안내 설비 정보가 없습니다. 청각장애인은 이동에 제약이 적을 것으로 보이나, 조난 시 연락 수단·안내 방송 여부가 확인되지 않았습니다"
ACC_P224,P224,NONE,UNKNOWN,UNKNOWN,UNKNOWN,NONE,NONE,NONE,UNKNOWN,N,UNAVAILABLE,UNAVAILABLE,주차장 등 진입부는 이용 가능 / 오름 등반로는 접근 불가,경사 있음,오름길+비포장+계단 있음+휠체어 접근 어려움,UNKNOWN,,월나봉(도래오름)의 오름 등반로는 비포장 자연 노면·계단이라 휠체어로 이동하시기 어렵습니다. 장애인 화장실은 확인되지 않았습니다.,,,,휠내비길(wheelnavi.kr) 음성안내 · 제주올레 오디오가이드(jejuolle.org) 코스별 음성해설,「탐나는수어」 앱 · 제주수어통역센터 여행수어 자료(jejudeaf.com),,,,차량+도보,,,,,,,,,,,,2023-12,,,,,,,UNKNOWN,UNKNOWN,,,,,제주관광약자접근성안내센터(이지제주) · 한국관광공사 열린관광 · ㈜휴플 현장조사,2026-06,2024~2026,https://easyjeju.net,제주관광공사 「오감으로 즐기는 제주」(2023.12.22) · 한국관광공사 열린관광지 · 이지제주,"현재 무장애 정보는 이동(지체) 접근성 기준입니다. 시각·청각·발달 장애 정보는 확보 중이며, 열린관광 모두의여행(access.visitkorea.or.kr) 또는 이지제주(easyjeju.net)에서 확인하실 수 있습니다.",SURVEYED,[FIX89] 산·오름 사유 이관 — 조사 기록은 routeCondition·barrierFreeDetail 참조,,v3,ROUTE_SURVEY,경로 상태 조사: 오름길+비포장+계단 있음+휠체어 접근 어려움,,,,N,UNKNOWN,UNKNOWN,"시각장애인은 동행자와 함께라면 이용 가능할 수 있으나 안내 설비 정보가 없습니다. 청각장애인은 이동에 제약이 적을 것으로 보이나, 조난 시 연락 수단·안내 방송 여부가 확인되지 않았습니다"
ACC_P225,P225,PARTIAL,UNKNOWN,UNKNOWN,UNKNOWN,PARTIAL,PARTIAL,PARTIAL,UNKNOWN,Y,CONDITIONAL,CONDITIONAL,성지 돌길 — 계단·단차 구간,,포장도로+성지/돌길+계단/단차 가능+휠체어 접근 부분가능,UNKNOWN,포장도로 구간 이용 가능 / 성지 안 돌길에 계단·단차,"성지까지 이어지는 도로는 포장되어 있고, 성지 안은 돌길에 계단과 단차가 있습니다.",,,,휠내비길(wheelnavi.kr) 음성안내 · 제주올레 오디오가이드(jejuolle.org) 코스별 음성해설,「탐나는수어」 앱 · 제주수어통역센터 여행수어 자료(jejudeaf.com),,,,차량+대중교통+도보,,,,,,,,,,,,2023-12,,,,,,,UNKNOWN,UNKNOWN,,,,,제주관광약자접근성안내센터(이지제주) · 한국관광공사 열린관광 · ㈜휴플 현장조사,2026-06,2024~2026,https://easyjeju.net,제주관광공사 「오감으로 즐기는 제주」(2023.12.22) · 한국관광공사 열린관광지 · 이지제주,"현재 무장애 정보는 이동(지체) 접근성 기준입니다. 시각·청각·발달 장애 정보는 확보 중이며, 열린관광 모두의여행(access.visitkorea.or.kr) 또는 이지제주(easyjeju.net)에서 확인하실 수 있습니다.",SURVEYED,,,v3,ROUTE_SURVEY,경로 상태 조사: 포장도로+성지/돌길+계단/단차 가능+휠체어 접근 부분가능,,,,Y,UNKNOWN,UNKNOWN,
ACC_P226,P226,UNKNOWN,UNKNOWN,UNKNOWN,UNKNOWN,UNKNOWN,UNKNOWN,UNKNOWN,UNKNOWN,Y,UNKNOWN,UNKNOWN,,경사 가능,포장도로+묘지/도로변 추모비+휠체어 접근 확인 필요,UNKNOWN,,,,,,휠내비길(wheelnavi.kr) 음성안내 · 제주올레 오디오가이드(jejuolle.org) 코스별 음성해설,「탐나는수어」 앱 · 제주수어통역센터 여행수어 자료(jejudeaf.com),,,,차량+대중교통+도보,,,,,,,,,,,,2023-12,,,,,,,UNKNOWN,UNKNOWN,,,,,제주관광약자접근성안내센터(이지제주) · 한국관광공사 열린관광 · ㈜휴플 현장조사,2026-06,2024~2026,https://easyjeju.net,제주관광공사 「오감으로 즐기는 제주」(2023.12.22) · 한국관광공사 열린관광지 · 이지제주,"현재 무장애 정보는 이동(지체) 접근성 기준입니다. 시각·청각·발달 장애 정보는 확보 중이며, 열린관광 모두의여행(access.visitkorea.or.kr) 또는 이지제주(easyjeju.net)에서 확인하실 수 있습니다.",SURVEYED,,,v3,ROUTE_SURVEY,경로 상태 조사: 포장도로+묘지/도로변 추모비+휠체어 접근 확인 필요,,,,Y,UNKNOWN,UNKNOWN,
ACC_P227,P227,NONE,UNKNOWN,UNKNOWN,UNKNOWN,NONE,PARTIAL,PARTIAL,FULL,N,CONDITIONAL,UNAVAILABLE,시설접근 조건부 / 활동참여 불가 — 올레 1-1코스(우도) — 제주올레 공식 휠체어 코스 10개 목록 밖. 일부 절벽·비포장 구간으로 휠체어 통행 불가. 여객선 승선 시 높이차·선내 계단,,포장도로+우도 해안길+장거리+일부 절벽/비포장 구간 접근 제한+휠체어 접근 부분가능,장애인 화장실 있음+장애인 주차장 있음+휠체어 대여 가능,,우도 올레 1-1코스는 절벽과 비포장 구간이 있고 여객선 승선 시 높이차와 선내 계단이 있어 휠체어로 코스를 이용하시기는 어렵습니다. 우도 내 다른 무장애 이용 지점은 별도로 확인해 주세요,,,,휠내비길(wheelnavi.kr) 음성안내 · 제주올레 오디오가이드(jejuolle.org) 코스별 음성해설,「탐나는수어」 앱 · 제주수어통역센터 여행수어 자료(jejudeaf.com),,IN_VENUE,이용 동선에서 이용 가능,차량+도보,,,,,,,,,,,,2023-12,FERRY_BOARDING,여객선 승하선 제약 · 풍랑 시 결항 가능,,,,,UNKNOWN,UNKNOWN,,,,,제주관광약자접근성안내센터(이지제주) · 한국관광공사 열린관광 · ㈜휴플 현장조사,2026-06,2024~2026,https://easyjeju.net,제주관광공사 「오감으로 즐기는 제주」(2023.12.22) · 한국관광공사 열린관광지 · 이지제주,"현재 무장애 정보는 이동(지체) 접근성 기준입니다. 시각·청각·발달 장애 정보는 확보 중이며, 열린관광 모두의여행(access.visitkorea.or.kr) 또는 이지제주(easyjeju.net)에서 확인하실 수 있습니다.",SURVEYED,"제주올레 공식 코스정보에 무장애 구간 표기 없음(2026-08 확인). 기존 PARTIAL 은 시설접근 기준에서 파생된 값으로 코스 통행 실측이 아니었음 ※ [FIX83] 올레 1-1코스(우도) — 제주올레 공식 휠체어 코스 10개 목록 밖. 절벽·비포장 구간, 여객선 승선 높이차·선내 계단 (FIX43 판단)","FIX43: 시설접근 파생 PARTIAL 정정 — 휠체어 축 NONE, 활동참여 UNAVAILABLE | FIX83: 이용자 사유 필드에서 내부 표기 제거",v3,ROUTE_SURVEY,경로 상태 조사: 포장도로+우도 해안길+장거리+일부 절벽/비포장 구간 접근 제한+휠체어 접근 부분가능,,,,N,UNKNOWN,UNKNOWN,
ACC_P228,P228,NONE,UNKNOWN,UNKNOWN,UNKNOWN,NONE,NONE,NONE,UNKNOWN,N,UNAVAILABLE,UNAVAILABLE,제주올레 공식 휠체어 지정 코스 외 — 코스 접근 불가,경사 있음,장거리 탐방로+오름길+곶자왈 숲길+비포장+휠체어 접근 어려움,UNKNOWN,,제주올레 11코스는 제주올레가 지정한 휠체어 이용 구간 열 개 코스에 들어 있지 않습니다. 오름길과 곶자왈 숲길이 비포장으로 길게 이어져 코스를 휠체어로 이용하시기는 어렵습니다. 장애인 화장실은 확인되지 않았습니다. 휠체어로 이용하실 수 있는 올레 구간을 찾으신다면 1·4·5·6·8·10·10-1·12·14·17코스를 확인해 주세요.,,,,휠내비길(wheelnavi.kr) 음성안내 · 제주올레 오디오가이드(jejuolle.org) 코스별 음성해설,「탐나는수어」 앱 · 제주수어통역센터 여행수어 자료(jejudeaf.com),,,,차량+도보,,,,,,,,,,,,2023-12,,,,,,,UNKNOWN,UNKNOWN,,,,,제주관광약자접근성안내센터(이지제주) · 한국관광공사 열린관광 · ㈜휴플 현장조사,2026-06,2024~2026,https://easyjeju.net,제주관광공사 「오감으로 즐기는 제주」(2023.12.22) · 한국관광공사 열린관광지 · 이지제주,"현재 무장애 정보는 이동(지체) 접근성 기준입니다. 시각·청각·발달 장애 정보는 확보 중이며, 열린관광 모두의여행(access.visitkorea.or.kr) 또는 이지제주(easyjeju.net)에서 확인하실 수 있습니다.",SURVEYED,,[FIX90] 트레일 사유 이관 — 조사 기록은 routeCondition·barrierFreeDetail·slopeInfo 참조,v3,ROUTE_SURVEY,경로 상태 조사: 장거리 탐방로+오름길+곶자왈 숲길+비포장+휠체어 접근 어려움,,,,N,UNKNOWN,UNKNOWN,"시각장애인은 동행자와 함께라면 이용 가능할 수 있으나 안내 설비 정보가 없습니다. 청각장애인은 이동에 제약이 적을 것으로 보이나, 조난 시 연락 수단·안내 방송 여부가 확인되지 않았습니다"
ACC_P229,P229,PARTIAL,UNKNOWN,UNKNOWN,UNKNOWN,PARTIAL,PARTIAL,PARTIAL,UNKNOWN,Y,CONDITIONAL,CONDITIONAL,도심 골목 안 표지 현장 — 편의시설 미확인,,포장도로+도심 골목+역사 표지 현장+휠체어 접근 부분가능,UNKNOWN,포장 골목까지 이동 가능 / 현장 편의시설 미확인,도심 골목 안에 역사 표지가 세워진 곳으로 골목은 포장되어 있습니다. 화장실 등 편의시설은 확인되지 않았습니다.,,,,휠내비길(wheelnavi.kr) 음성안내 · 제주올레 오디오가이드(jejuolle.org) 코스별 음성해설,「탐나는수어」 앱 · 제주수어통역센터 여행수어 자료(jejudeaf.com),,,,차량+대중교통+도보,,,,,,,,,,,,2023-12,,,,,,,UNKNOWN,UNKNOWN,,,,,제주관광약자접근성안내센터(이지제주) · 한국관광공사 열린관광 · ㈜휴플 현장조사,2026-06,2024~2026,https://easyjeju.net,제주관광공사 「오감으로 즐기는 제주」(2023.12.22) · 한국관광공사 열린관광지 · 이지제주,"현재 무장애 정보는 이동(지체) 접근성 기준입니다. 시각·청각·발달 장애 정보는 확보 중이며, 열린관광 모두의여행(access.visitkorea.or.kr) 또는 이지제주(easyjeju.net)에서 확인하실 수 있습니다.",SURVEYED,,,v3,FACILITY_SURVEY,편의시설 조사: UNKNOWN,,,,Y,UNKNOWN,UNKNOWN,
ACC_P230,P230,PARTIAL,UNKNOWN,UNKNOWN,UNKNOWN,PARTIAL,PARTIAL,PARTIAL,UNKNOWN,Y,CONDITIONAL,CONDITIONAL,"용천수 탐방길 — 구간별 노면 차이, 일부 돌길 이용 불가","10. 제주자리물(용천수): 현무암 돌길로 되어 있어 휠체어 접근이 어려움
11. 세물 12. 상동두말치 가는 길: 바닥이 돌길로 되어 있어 휠체어 이용 불가
11. 세물(용천수): 바닥이 돌길로 되어 있어 휠체어 이용 불가
18. 두말치물(용천수): 접근성 정보 있음 (계단 혹은 경사 있음. 길 상태 안 좋음)
8. 수암정 알물: 계단 7개 이상
개낭개남탕: 접근성 정보 있음 (계단 혹은 경사 있음. 길 상태 안 좋음)
내리막 경사로: 경사구간 : 20m/9~10˚. 절간물 용천수 입구
수룩물(남탕): 접근성 정보 있음 (계단 혹은 경사 있음. 길 상태 안 좋음)
오르막 경사로: 경사구간 : 15m/9˚. 오르막 이후 평지 35m
오르막 경사로: 경사구간 : 25m/7˚
주차장(구멍 뚫린 보도블럭): 접근성 정보 있음 (계단 혹은 경사 있음. 길 상태 안 좋음)
카페 시인의 집: 계단 1개 이상+계단 혹은 경사 있음",포장/판석길+돌길+계단 있음+노면 불량+일부 구간 이용 불가+휠체어 접근 부분가능,UNKNOWN,포장·판석 구간 이용 가능 / 제주자리물·세물·상동두말치 방향은 현무암 돌길,"탐방길이 포장·판석 구간과 돌길 구간으로 나뉩니다. 제주자리물은 현무암 돌길이고, 세물과 상동두말치로 가는 길은 바닥이 돌길이라 이용이 어렵습니다. 계단과 노면이 고르지 않은 구간도 있습니다.",,,,휠내비길(wheelnavi.kr) 음성안내 · 제주올레 오디오가이드(jejuolle.org) 코스별 음성해설,「탐나는수어」 앱 · 제주수어통역센터 여행수어 자료(jejudeaf.com),,,,차량+대중교통+도보,,,,,,,,,,,,2023-12,,,,,,,UNKNOWN,UNKNOWN,,,,,제주관광약자접근성안내센터(이지제주) · 한국관광공사 열린관광 · ㈜휴플 현장조사,2026-06,2024~2026,https://easyjeju.net,제주관광공사 「오감으로 즐기는 제주」(2023.12.22) · 한국관광공사 열린관광지 · 이지제주,"현재 무장애 정보는 이동(지체) 접근성 기준입니다. 시각·청각·발달 장애 정보는 확보 중이며, 열린관광 모두의여행(access.visitkorea.or.kr) 또는 이지제주(easyjeju.net)에서 확인하실 수 있습니다.",SURVEYED,,,v3,ROUTE_SURVEY,경로 상태 조사: 포장/판석길+돌길+계단 있음+노면 불량+일부 구간 이용 불가+휠체어 접근 부분가능,,,,Y,UNKNOWN,UNKNOWN,
ACC_P231,P231,PARTIAL,UNKNOWN,UNKNOWN,UNKNOWN,PARTIAL,PARTIAL,PARTIAL,UNKNOWN,Y,CONDITIONAL,CONDITIONAL,공원 포장 산책로 — 계단과 비탈 구간,,포장 산책로+공원길+계단 있음+비탈길 있음+휠체어 접근 부분가능,UNKNOWN,포장 산책로 이용 가능 / 계단·비탈 구간 있음,공원 산책로는 포장되어 있고 일부에 계단과 비탈길이 있습니다.,,,,휠내비길(wheelnavi.kr) 음성안내 · 제주올레 오디오가이드(jejuolle.org) 코스별 음성해설,「탐나는수어」 앱 · 제주수어통역센터 여행수어 자료(jejudeaf.com),,,,차량+대중교통+도보,,,,,,,,,,,,2023-12,,,,,,,UNKNOWN,UNKNOWN,,,,,제주관광약자접근성안내센터(이지제주) · 한국관광공사 열린관광 · ㈜휴플 현장조사,2026-06,2024~2026,https://easyjeju.net,제주관광공사 「오감으로 즐기는 제주」(2023.12.22) · 한국관광공사 열린관광지 · 이지제주,"현재 무장애 정보는 이동(지체) 접근성 기준입니다. 시각·청각·발달 장애 정보는 확보 중이며, 열린관광 모두의여행(access.visitkorea.or.kr) 또는 이지제주(easyjeju.net)에서 확인하실 수 있습니다.",SURVEYED,,,v3,ROUTE_SURVEY,경로 상태 조사: 포장 산책로+공원길+계단 있음+비탈길 있음+휠체어 접근 부분가능,,,,Y,UNKNOWN,UNKNOWN,
ACC_P232,P232,PARTIAL,UNKNOWN,UNKNOWN,UNKNOWN,PARTIAL,PARTIAL,PARTIAL,FULL,Y,CONDITIONAL,CONDITIONAL,시설접근 기준 판정 — 활동참여 개별 근거 미확보,,포장 산책로+광장+하천변+행사 혼잡 가능+휠체어 접근 부분가능,장애인 화장실 있음+장애인 주차장 있음+휠체어 대여 가능+유모차 대여 가능+수유실/영유아 돌봄 가능,,,,,,휠내비길(wheelnavi.kr) 음성안내 · 제주올레 오디오가이드(jejuolle.org) 코스별 음성해설,「탐나는수어」 앱 · 제주수어통역센터 여행수어 자료(jejudeaf.com),,IN_VENUE,이용 동선에서 이용 가능,차량+대중교통+도보,,,,,,,,,,,,2023-12,EVENT_CROWD,행사 기간 부스·관람객 밀집으로 통행 제약. 평시와 접근성이 크게 다름,,,,,UNKNOWN,UNKNOWN,,,,,제주관광약자접근성안내센터(이지제주) · 한국관광공사 열린관광 · ㈜휴플 현장조사,2026-06,2024~2026,https://easyjeju.net,제주관광공사 「오감으로 즐기는 제주」(2023.12.22) · 한국관광공사 열린관광지 · 이지제주,"현재 무장애 정보는 이동(지체) 접근성 기준입니다. 시각·청각·발달 장애 정보는 확보 중이며, 열린관광 모두의여행(access.visitkorea.or.kr) 또는 이지제주(easyjeju.net)에서 확인하실 수 있습니다.",SURVEYED,,,v3,FACILITY_SURVEY,편의시설 조사: 장애인 화장실 있음+장애인 주차장 있음+휠체어 대여 가능+유모차 대여 가능+수유실/영유아 돌봄 가능,,,,Y,UNKNOWN,UNKNOWN,
ACC_P233,P233,PARTIAL,UNKNOWN,UNKNOWN,UNKNOWN,PARTIAL,PARTIAL,PARTIAL,FULL,Y,CONDITIONAL,CONDITIONAL,도심 포장 산책로는 이동 가능 / 일부 계단·경사 구간은 접근 제한,일부 계단/경사 있음,포장도로+도심 산책로+장거리+휠체어 접근 부분가능,장애인 화장실 있음+장애인 주차장 있음+휠체어 대여 가능+유모차 대여 가능+수유실/영유아 돌봄 가능,도심 포장 산책로로 이동 가능하나 구간이 길고 일부에 계단·경사 존재,"서귀포 하영올레는 도심 포장 산책로라 휠체어로 이동하실 수 있고, 장애인 주차구역과 장애인 화장실이 있습니다. 휠체어와 유모차를 빌리실 수 있고 수유실도 갖춰져 있습니다. 다만 구간이 길고 일부에 계단과 경사가 있어 전 구간을 한 번에 이용하시기는 어렵습니다.",,,,휠내비길(wheelnavi.kr) 음성안내 · 제주올레 오디오가이드(jejuolle.org) 코스별 음성해설,「탐나는수어」 앱 · 제주수어통역센터 여행수어 자료(jejudeaf.com),,IN_VENUE,이용 동선에서 이용 가능,차량+대중교통+도보,,,,,,,,,,,,2023-12,,,,,,,UNKNOWN,UNKNOWN,,,,,제주관광약자접근성안내센터(이지제주) · 한국관광공사 열린관광 · ㈜휴플 현장조사,2026-06,2024~2026,https://easyjeju.net,제주관광공사 「오감으로 즐기는 제주」(2023.12.22) · 한국관광공사 열린관광지 · 이지제주,"현재 무장애 정보는 이동(지체) 접근성 기준입니다. 시각·청각·발달 장애 정보는 확보 중이며, 열린관광 모두의여행(access.visitkorea.or.kr) 또는 이지제주(easyjeju.net)에서 확인하실 수 있습니다.",SURVEYED,,[FIX90] 트레일 사유 이관 — 조사 기록은 routeCondition·barrierFreeDetail·slopeInfo 참조,v3,ROUTE_SURVEY,경로 상태 조사: 포장도로+도심 산책로+장거리+휠체어 접근 부분가능,,,,Y,UNKNOWN,UNKNOWN,
ACC_P234,P234,NONE,UNKNOWN,UNKNOWN,UNKNOWN,NONE,NONE,PARTIAL,PARTIAL,Y,UNAVAILABLE,UNAVAILABLE,"해안 계단 — 노면 불량, 용천수 구간 접근 불가",경사 있음,계단 있음+노면 불량+해안 전망/용천수 접근 어려움+휠체어 접근 어려움,장애인 주차장 있음(인근)+장애인 화장실 있음(인근),,해안 전망과 용천수로 내려가는 길에 계단이 있고 노면이 고르지 않습니다. 장애인 주차장과 화장실은 인근에 있으며 관람 구간 안에는 없습니다.,,,,휠내비길(wheelnavi.kr) 음성안내 · 제주올레 오디오가이드(jejuolle.org) 코스별 음성해설,「탐나는수어」 앱 · 제주수어통역센터 여행수어 자료(jejudeaf.com),,ENTRANCE_ONLY,장애인 화장실은 입구·주차장 등 부대시설에 위치. 이용 동선에는 없음,차량+대중교통+도보,,,,,,,,,,,,2023-12,,,,,,,UNKNOWN,UNKNOWN,,,,,제주관광약자접근성안내센터(이지제주) · 한국관광공사 열린관광 · ㈜휴플 현장조사,2026-06,2024~2026,https://easyjeju.net,제주관광공사 「오감으로 즐기는 제주」(2023.12.22) · 한국관광공사 열린관광지 · 이지제주,"현재 무장애 정보는 이동(지체) 접근성 기준입니다. 시각·청각·발달 장애 정보는 확보 중이며, 열린관광 모두의여행(access.visitkorea.or.kr) 또는 이지제주(easyjeju.net)에서 확인하실 수 있습니다.",SURVEYED,,,v3,ROUTE_SURVEY,경로 상태 조사: 계단 있음+노면 불량+해안 전망/용천수 접근 어려움+휠체어 접근 어려움,,,,N,UNKNOWN,UNKNOWN,시각·청각 접근성 정보가 확인되지 않았습니다
ACC_P235,P235,PARTIAL,UNKNOWN,UNKNOWN,UNKNOWN,PARTIAL,PARTIAL,PARTIAL,PARTIAL,Y,CONDITIONAL,CONDITIONAL,시설접근 기준 판정 — 활동참여 개별 근거 미확보,,시장 통로+포장도로+혼잡 가능+계단 있음+장애인 화장실 접근 부분가능+휠체어 접근 부분가능,장애인 화장실 있음(부분가능),시장 내부에 휠체어 이동 가능한 통로가 있으나 계단 구간과 혼잡 가능성이 있고 장애인 화장실 접근도 일부 제약이 있음.,시장 안에서 이동할 수 있는 통로가 있지만 계단이 있는 구간도 있습니다. 장날에는 통로가 붐빌 수 있어 이동할 때 주의가 필요합니다.,,,,휠내비길(wheelnavi.kr) 음성안내 · 제주올레 오디오가이드(jejuolle.org) 코스별 음성해설,「탐나는수어」 앱 · 제주수어통역센터 여행수어 자료(jejudeaf.com),,IN_VENUE,이용 동선에서 이용 가능,차량+대중교통,,,,,,,,,,,,2023-12,MARKET_STALL,노점·가판대·적재물로 실제 통로 폭이 조사값보다 좁아질 수 있음. 장날·성수기 통행 곤란,,,,,UNKNOWN,UNKNOWN,,,,,제주관광약자접근성안내센터(이지제주) · 한국관광공사 열린관광 · ㈜휴플 현장조사,2026-06,2024~2026,https://easyjeju.net,제주관광공사 「오감으로 즐기는 제주」(2023.12.22) · 한국관광공사 열린관광지 · 이지제주,"현재 무장애 정보는 이동(지체) 접근성 기준입니다. 시각·청각·발달 장애 정보는 확보 중이며, 열린관광 모두의여행(access.visitkorea.or.kr) 또는 이지제주(easyjeju.net)에서 확인하실 수 있습니다.",SURVEYED,,,v3,ROUTE_SURVEY,경로 상태 조사: 시장 통로+포장도로+혼잡 가능+계단 있음+장애인 화장실 접근 부분가능+휠체어 접근 부분가능,,,,Y,UNKNOWN,UNKNOWN,
ACC_P236,P236,PARTIAL,UNKNOWN,UNKNOWN,UNKNOWN,PARTIAL,PARTIAL,PARTIAL,UNKNOWN,Y,CONDITIONAL,CONDITIONAL,시설접근 기준 판정 — 활동참여 개별 근거 미확보,일부 경사/계단 가능,포장 공원길+도심 공원+휠체어 접근 부분가능,UNKNOWN,,,,,,휠내비길(wheelnavi.kr) 음성안내 · 제주올레 오디오가이드(jejuolle.org) 코스별 음성해설,「탐나는수어」 앱 · 제주수어통역센터 여행수어 자료(jejudeaf.com),,,,차량+대중교통+도보,,,,,,,,,,,,2023-12,,,,,,,UNKNOWN,UNKNOWN,,,,,제주관광약자접근성안내센터(이지제주) · 한국관광공사 열린관광 · ㈜휴플 현장조사,2026-06,2024~2026,https://easyjeju.net,제주관광공사 「오감으로 즐기는 제주」(2023.12.22) · 한국관광공사 열린관광지 · 이지제주,"현재 무장애 정보는 이동(지체) 접근성 기준입니다. 시각·청각·발달 장애 정보는 확보 중이며, 열린관광 모두의여행(access.visitkorea.or.kr) 또는 이지제주(easyjeju.net)에서 확인하실 수 있습니다.",SURVEYED,,,v3,ROUTE_SURVEY,경로 상태 조사: 포장 공원길+도심 공원+휠체어 접근 부분가능,,,,Y,UNKNOWN,UNKNOWN,
ACC_P237,P237,PARTIAL,UNKNOWN,UNKNOWN,UNKNOWN,PARTIAL,PARTIAL,PARTIAL,PARTIAL,Y,CONDITIONAL,CONDITIONAL,시설접근 기준 판정 — 활동참여 개별 근거 미확보,횡단보도: 접근성정보(*계단. 길 상태. 경사) 있음+경사로: 20도. 7m+경사로: 28도. 1m,포장도로+해안/항만 산책로+단차 있음+차량 통행 주의+동행보조 필요,장애인 주차장 있음(인근)+장애인 화장실 있음(인근),해안·항만 산책 구간에 단차와 매우 가파른 경사 구간이 있어 휠체어 이용 시 이동 보조가 필요함.,해안 산책 구간에는 경사가 매우 가파른 곳과 단차가 있습니다. 휠체어로 이동하실 때에는 동행자의 도움이 필요할 수 있습니다.,,,,휠내비길(wheelnavi.kr) 음성안내 · 제주올레 오디오가이드(jejuolle.org) 코스별 음성해설,「탐나는수어」 앱 · 제주수어통역센터 여행수어 자료(jejudeaf.com),,,이 관광지 안에는 장애인 화장실이 없습니다.,차량+대중교통+도보,,,,,,,,,,,,2023-12,MARKET_STALL,노점·가판대·적재물로 실제 통로 폭이 조사값보다 좁아질 수 있음. 장날·성수기 통행 곤란,,,,,UNKNOWN,UNKNOWN,,,,,제주관광약자접근성안내센터(이지제주) · 한국관광공사 열린관광 · ㈜휴플 현장조사,2026-06,2024~2026,https://www.data.go.kr/data/15097507/fileData.do?recommendDataYn=Y,제주관광공사 「오감으로 즐기는 제주」(2023.12.22) · 한국관광공사 열린관광지 · 이지제주,"현재 무장애 정보는 이동(지체) 접근성 기준입니다. 시각·청각·발달 장애 정보는 확보 중이며, 열린관광 모두의여행(access.visitkorea.or.kr) 또는 이지제주(easyjeju.net)에서 확인하실 수 있습니다.",SURVEYED,[FIX99] 조사기록에 「인근·주변에 장애인 화장실 있음」으로만 적혀 있고 시설명·거리가 특정되지 않아 이용자 안내에서는 제외함. 정확한 시설명과 거리 확인 필요.,,v3,ROUTE_SURVEY,경로 상태 조사: 포장도로+해안/항만 산책로+단차 있음+차량 통행 주의+동행보조 필요,,,,Y,UNKNOWN,UNKNOWN,
ACC_P238,P238,PARTIAL,UNKNOWN,UNKNOWN,UNKNOWN,PARTIAL,PARTIAL,PARTIAL,FULL,Y,CONDITIONAL,CONDITIONAL,진입부·데크 구간은 부분 이용 가능 / 계단 구간은 접근 제한,경사 있음,코어네트/데크길+계단 있음+미끄럼 위험 있음+동행보조 필요+휠체어 접근 부분가능,장애인 주차장 있음+장애인 화장실 있음,코어네트·데크길로 일부 이동 가능하나 계단과 미끄럼 위험 구간이 있어 동행 도움 필요,"도두봉은 주차장에 장애인 주차구역과 장애인 화장실이 있습니다. 코어네트와 데크로 된 구간은 휠체어로도 이동하실 수 있으나, 중간에 계단이 있고 미끄러운 곳이 있어 동행하시는 분의 도움이 필요합니다. 정상까지 오르시기는 어렵습니다.",,,,휠내비길(wheelnavi.kr) 음성안내 · 제주올레 오디오가이드(jejuolle.org) 코스별 음성해설,「탐나는수어」 앱 · 제주수어통역센터 여행수어 자료(jejudeaf.com),,IN_VENUE,이용 동선에서 이용 가능,차량+대중교통+도보,,,,,,,,,,,,2023-12,,,,,,,UNKNOWN,UNKNOWN,,,,,제주관광약자접근성안내센터(이지제주) · 한국관광공사 열린관광 · ㈜휴플 현장조사,2026-06,2024~2026,https://easyjeju.net,제주관광공사 「오감으로 즐기는 제주」(2023.12.22) · 한국관광공사 열린관광지 · 이지제주,"현재 무장애 정보는 이동(지체) 접근성 기준입니다. 시각·청각·발달 장애 정보는 확보 중이며, 열린관광 모두의여행(access.visitkorea.or.kr) 또는 이지제주(easyjeju.net)에서 확인하실 수 있습니다.",SURVEYED,[FIX89] 산·오름 사유 이관 — 조사 기록은 routeCondition·barrierFreeDetail 참조,,v3,ROUTE_SURVEY,경로 상태 조사: 코어네트/데크길+계단 있음+미끄럼 위험 있음+동행보조 필요+휠체어 접근 부분가능,,,,Y,UNKNOWN,UNKNOWN,
ACC_P239,P239,PARTIAL,UNKNOWN,UNKNOWN,UNKNOWN,PARTIAL,PARTIAL,PARTIAL,UNKNOWN,Y,CONDITIONAL,CONDITIONAL,해안도로 연계 구간 접근 가능 / 활동참여 조건부 — 편의시설 미확인,,포장도로+항만/방파제길+차량 통행 주의+물가 미끄럼 위험 있음+휠체어 접근 부분가능,UNKNOWN,어항 — 편의시설(장애인 화장실 등) 미확인. 부두 내부는 어업 작업 구역. 해안도로 연계 구간은 관람 가능,"도두항 일대는 해안도로와 이어져 있어 항구 주변 풍경을 보시기에 좋습니다. 다만 장애인 화장실 등 편의시설이 확인되지 않았고, 부두 안쪽은 어업 작업 구역이라 이동에 제약이 있을 수 있습니다.",,,,휠내비길(wheelnavi.kr) 음성안내 · 제주올레 오디오가이드(jejuolle.org) 코스별 음성해설,「탐나는수어」 앱 · 제주수어통역센터 여행수어 자료(jejudeaf.com),,,,차량+대중교통,,,,,,,,,,,,2023-12,,,,,,,UNKNOWN,UNKNOWN,,,,,제주관광약자접근성안내센터(이지제주) · 한국관광공사 열린관광 · ㈜휴플 현장조사,2026-06,2024~2026,https://easyjeju.net,제주관광공사 「오감으로 즐기는 제주」(2023.12.22) · 한국관광공사 열린관광지 · 이지제주,"현재 무장애 정보는 이동(지체) 접근성 기준입니다. 시각·청각·발달 장애 정보는 확보 중이며, 열린관광 모두의여행(access.visitkorea.or.kr) 또는 이지제주(easyjeju.net)에서 확인하실 수 있습니다.",SURVEYED,[FIX79] 잔여 확인 — 장애인 화장실·주차구역 유무 현장 또는 관리기관 확인 필요,"FIX79: 편의시설 미확인 명시, 해안도로 연계 관람 가치 기록",v3,FACILITY_SURVEY,편의시설 조사: UNKNOWN,,,,Y,UNKNOWN,UNKNOWN,
ACC_P240,P240,NONE,UNKNOWN,UNKNOWN,UNKNOWN,NONE,NONE,NONE,UNKNOWN,N,UNAVAILABLE,UNAVAILABLE,주차장 등 진입부는 이용 가능 / 오름 등반로는 접근 불가,경사 있음,오름길+비포장+숲길+휠체어 접근 어려움,UNKNOWN,,윗밤오름의 오름 등반로는 비포장 자연 노면이라 휠체어로 이동하시기 어렵습니다. 장애인 화장실은 확인되지 않았습니다.,,,,휠내비길(wheelnavi.kr) 음성안내 · 제주올레 오디오가이드(jejuolle.org) 코스별 음성해설,「탐나는수어」 앱 · 제주수어통역센터 여행수어 자료(jejudeaf.com),,,,차량+도보,,,,,,,,,,,,2023-12,,,,,,,UNKNOWN,UNKNOWN,,,,,제주관광약자접근성안내센터(이지제주) · 한국관광공사 열린관광 · ㈜휴플 현장조사,2026-06,2024~2026,https://easyjeju.net,제주관광공사 「오감으로 즐기는 제주」(2023.12.22) · 한국관광공사 열린관광지 · 이지제주,"현재 무장애 정보는 이동(지체) 접근성 기준입니다. 시각·청각·발달 장애 정보는 확보 중이며, 열린관광 모두의여행(access.visitkorea.or.kr) 또는 이지제주(easyjeju.net)에서 확인하실 수 있습니다.",SURVEYED,[FIX89] 산·오름 사유 이관 — 조사 기록은 routeCondition·barrierFreeDetail 참조,,v3,ROUTE_SURVEY,경로 상태 조사: 오름길+비포장+숲길+휠체어 접근 어려움,,,,N,UNKNOWN,UNKNOWN,"시각장애인은 동행자와 함께라면 이용 가능할 수 있으나 안내 설비 정보가 없습니다. 청각장애인은 이동에 제약이 적을 것으로 보이나, 조난 시 연락 수단·안내 방송 여부가 확인되지 않았습니다"
ACC_P241,P241,PARTIAL,UNKNOWN,UNKNOWN,UNKNOWN,PARTIAL,PARTIAL,PARTIAL,UNKNOWN,Y,CONDITIONAL,CONDITIONAL,추모공간 계단 — 일부 안내판 접근 불가,,포장도로+추모공간+계단 있음+일부 안내판 접근 불가+휠체어 접근 부분가능,UNKNOWN,포장 구간과 주요 추모공간 이용 가능 / 계단 위 안내판 일부 접근 불가,진입로는 포장되어 있고 추모공간 안에 계단이 있어 안내판 일부는 가까이 가기 어렵습니다.,,,,휠내비길(wheelnavi.kr) 음성안내 · 제주올레 오디오가이드(jejuolle.org) 코스별 음성해설,「탐나는수어」 앱 · 제주수어통역센터 여행수어 자료(jejudeaf.com),,,,차량+대중교통+도보,,,,,,,,,,,,2023-12,,,,,,,UNKNOWN,UNKNOWN,,,,,제주관광약자접근성안내센터(이지제주) · 한국관광공사 열린관광 · ㈜휴플 현장조사,2026-06,2024~2026,https://easyjeju.net,제주관광공사 「오감으로 즐기는 제주」(2023.12.22) · 한국관광공사 열린관광지 · 이지제주,"현재 무장애 정보는 이동(지체) 접근성 기준입니다. 시각·청각·발달 장애 정보는 확보 중이며, 열린관광 모두의여행(access.visitkorea.or.kr) 또는 이지제주(easyjeju.net)에서 확인하실 수 있습니다.",SURVEYED,,,v3,ROUTE_SURVEY,경로 상태 조사: 포장도로+추모공간+계단 있음+일부 안내판 접근 불가+휠체어 접근 부분가능,,,,Y,UNKNOWN,UNKNOWN,
ACC_P242,P242,PARTIAL,UNKNOWN,UNKNOWN,UNKNOWN,PARTIAL,PARTIAL,PARTIAL,UNKNOWN,Y,CONDITIONAL,CONDITIONAL,연대 주변 돌길·잔디 — 계단·경사 구간,계단/경사 가능,포장도로+문화유적지+돌길/잔디 가능+휠체어 접근 부분가능,UNKNOWN,포장도로까지 이동 가능 / 연대 주변 돌길·잔디에 계단·경사,"연대 앞 도로까지는 포장되어 있고, 연대 주변은 돌길과 잔디에 계단과 경사가 있습니다.",,,,휠내비길(wheelnavi.kr) 음성안내 · 제주올레 오디오가이드(jejuolle.org) 코스별 음성해설,「탐나는수어」 앱 · 제주수어통역센터 여행수어 자료(jejudeaf.com),,,,차량+대중교통+도보,,,,,,,,,,,,2023-12,,,,,,,UNKNOWN,UNKNOWN,,,,,제주관광약자접근성안내센터(이지제주) · 한국관광공사 열린관광 · ㈜휴플 현장조사,2026-06,2024~2026,https://easyjeju.net,제주관광공사 「오감으로 즐기는 제주」(2023.12.22) · 한국관광공사 열린관광지 · 이지제주,"현재 무장애 정보는 이동(지체) 접근성 기준입니다. 시각·청각·발달 장애 정보는 확보 중이며, 열린관광 모두의여행(access.visitkorea.or.kr) 또는 이지제주(easyjeju.net)에서 확인하실 수 있습니다.",SURVEYED,,,v3,ROUTE_SURVEY,경로 상태 조사: 포장도로+문화유적지+돌길/잔디 가능+휠체어 접근 부분가능,,,,Y,UNKNOWN,UNKNOWN,
ACC_P243,P243,UNKNOWN,UNKNOWN,UNKNOWN,UNKNOWN,UNKNOWN,UNKNOWN,UNKNOWN,UNKNOWN,Y,UNKNOWN,UNKNOWN,,,실내 전시시설+층간 이동 있음+계단 있음+엘리베이터 확인 필요+운영 확인 필요+휠체어 접근 확인 필요,UNKNOWN,,,,,,휠내비길(wheelnavi.kr) 음성안내 · 제주올레 오디오가이드(jejuolle.org) 코스별 음성해설,「탐나는수어」 앱 · 제주수어통역센터 여행수어 자료(jejudeaf.com),,,,차량+대중교통,,,,,,,,,,,,2023-12,,,,,,,UNKNOWN,UNKNOWN,,,,,제주관광약자접근성안내센터(이지제주) · 한국관광공사 열린관광 · ㈜휴플 현장조사,2026-06,2024~2026,https://easyjeju.net,제주관광공사 「오감으로 즐기는 제주」(2023.12.22) · 한국관광공사 열린관광지 · 이지제주,"현재 무장애 정보는 이동(지체) 접근성 기준입니다. 시각·청각·발달 장애 정보는 확보 중이며, 열린관광 모두의여행(access.visitkorea.or.kr) 또는 이지제주(easyjeju.net)에서 확인하실 수 있습니다.",SURVEYED,,,v3,ROUTE_SURVEY,경로 상태 조사: 실내 전시시설+층간 이동 있음+계단 있음+엘리베이터 확인 필요+운영 확인 필요+휠체어 접근 확인 필요,,,,Y,UNKNOWN,UNKNOWN,
ACC_P244,P244,NONE,UNKNOWN,UNKNOWN,UNKNOWN,NONE,NONE,PARTIAL,UNKNOWN,N,UNAVAILABLE,UNAVAILABLE,시설접근 기준 판정 — 활동참여 개별 근거 미확보,,계단 있음+모래/해변+동굴 입구+썰물 접근+휠체어 접근 어려움,UNKNOWN,,배를 타고 우도로 들어가야 합니다. 동굴 입구까지 계단과 모래 해변을 지나야 하고 썰물 때에만 들어갈 수 있어 휠체어로는 이동하기 어렵습니다.,[도서] 여객선 승선 시 높이차·선내 계단. 섬 내 이동수단 별도 확인 필요,,,휠내비길(wheelnavi.kr) 음성안내 · 제주올레 오디오가이드(jejuolle.org) 코스별 음성해설,「탐나는수어」 앱 · 제주수어통역센터 여행수어 자료(jejudeaf.com),,,,차량+도보,,,,,,,,,,,,2023-12,FERRY_BOARDING,여객선 승하선 제약 · 풍랑 시 결항 가능,,,,,UNKNOWN,UNKNOWN,,,,,제주관광약자접근성안내센터(이지제주) · 한국관광공사 열린관광 · ㈜휴플 현장조사,2026-06,2024~2026,https://easyjeju.net,제주관광공사 「오감으로 즐기는 제주」(2023.12.22) · 한국관광공사 열린관광지 · 이지제주,"현재 무장애 정보는 이동(지체) 접근성 기준입니다. 시각·청각·발달 장애 정보는 확보 중이며, 열린관광 모두의여행(access.visitkorea.or.kr) 또는 이지제주(easyjeju.net)에서 확인하실 수 있습니다.",SURVEYED,,,v3,ROUTE_SURVEY,경로 상태 조사: 계단 있음+모래/해변+동굴 입구+썰물 접근+휠체어 접근 어려움,,,,N,UNKNOWN,UNKNOWN,시각·청각 접근성 정보가 확인되지 않았습니다
ACC_P245,P245,PARTIAL,UNKNOWN,UNKNOWN,UNKNOWN,PARTIAL,PARTIAL,PARTIAL,UNKNOWN,Y,CONDITIONAL,CONDITIONAL,"포장 포구길 이용 가능 / 방파제 미끄럼 주의, 장애인 화장실 미확인",,포장도로+해안도로 인접+포구/방파제길+물가 미끄럼 위험 있음+휠체어 접근 부분가능,UNKNOWN,"경로 조사 — 포장도로로 포구 접근 가능, 해안도로 인접. 방파제길은 물가 미끄럼 위험. 장애인 화장실 미확인",포장도로로 포구까지 가실 수 있고 해안도로가 바로 옆에 있습니다. 다만 방파제 쪽은 물기가 있어 미끄러울 수 있으니 가장자리로는 가까이 가지 않으시는 편이 안전합니다. 장애인 화장실은 확인되지 않았습니다.,,,,휠내비길(wheelnavi.kr) 음성안내 · 제주올레 오디오가이드(jejuolle.org) 코스별 음성해설,「탐나는수어」 앱 · 제주수어통역센터 여행수어 자료(jejudeaf.com),,,,차량+대중교통+도보,,,,,,,,,,,,2023-12,,,,,,,UNKNOWN,UNKNOWN,,,,,제주관광약자접근성안내센터(이지제주) · 한국관광공사 열린관광 · ㈜휴플 현장조사,2026-06,2024~2026,https://easyjeju.net,제주관광공사 「오감으로 즐기는 제주」(2023.12.22) · 한국관광공사 열린관광지 · 이지제주,"현재 무장애 정보는 이동(지체) 접근성 기준입니다. 시각·청각·발달 장애 정보는 확보 중이며, 열린관광 모두의여행(access.visitkorea.or.kr) 또는 이지제주(easyjeju.net)에서 확인하실 수 있습니다.",SURVEYED,[FIX86] 해양 유형 사유 이관 — 조사 기록은 routeCondition·barrierFreeDetail 참조. 잔여 확인 — 장애인 화장실 유무,FIX86: 해양 유형 사유·안내문 신설,v3,FACILITY_SURVEY,편의시설 조사: UNKNOWN,,,,Y,UNKNOWN,UNKNOWN,
ACC_P246,P246,PARTIAL,UNKNOWN,UNKNOWN,UNKNOWN,PARTIAL,PARTIAL,PARTIAL,FULL,Y,CONDITIONAL,CONDITIONAL,녹차밭 농로 — 동굴까지 흙길·숲길 구간,,포장/농로+녹차밭 길+동굴까지 도보 이동+흙길/숲길+휠체어 접근 부분가능,장애인 화장실 있음+장애인 주차장 있음+휠체어 대여 가능+유모차 대여 가능+수유실/영유아 돌봄 가능,편의시설과 녹차밭 포장 구간 이용 가능 / 동굴 방향은 흙길·숲길,"녹차밭 주변은 포장과 농로가 섞여 있고, 동굴까지는 흙길과 숲길을 걸어 들어가야 합니다. 장애인 주차장과 화장실이 있고 휠체어와 유모차를 대여할 수 있으며 수유실도 있습니다.",,,,휠내비길(wheelnavi.kr) 음성안내 · 제주올레 오디오가이드(jejuolle.org) 코스별 음성해설,「탐나는수어」 앱 · 제주수어통역센터 여행수어 자료(jejudeaf.com),,IN_VENUE,이용 동선에서 이용 가능,차량+대중교통+도보,,,,,,,,,,,,2023-12,,,,,,,UNKNOWN,UNKNOWN,,,,,제주관광약자접근성안내센터(이지제주) · 한국관광공사 열린관광 · ㈜휴플 현장조사,2026-06,2024~2026,https://easyjeju.net,제주관광공사 「오감으로 즐기는 제주」(2023.12.22) · 한국관광공사 열린관광지 · 이지제주,"현재 무장애 정보는 이동(지체) 접근성 기준입니다. 시각·청각·발달 장애 정보는 확보 중이며, 열린관광 모두의여행(access.visitkorea.or.kr) 또는 이지제주(easyjeju.net)에서 확인하실 수 있습니다.",SURVEYED,,,v3,FACILITY_SURVEY,편의시설 조사: 장애인 화장실 있음+장애인 주차장 있음+휠체어 대여 가능+유모차 대여 가능+수유실/영유아 돌봄 가능,,,,Y,UNKNOWN,UNKNOWN,
ACC_P247,P247,PARTIAL,UNKNOWN,UNKNOWN,UNKNOWN,PARTIAL,PARTIAL,PARTIAL,UNKNOWN,N,CONDITIONAL,CONDITIONAL,포장 해안도로는 이동 가능 / 보행로 불연속 구간은 차량 통행 주의,,포장도로+해안도로+장거리+차량 통행 주의+일부 보행로 불연속+휠체어 접근 부분가능,UNKNOWN,포장 해안도로로 이동 가능하나 보행로가 끊기는 구간과 차량 통행 존재,월정리해안도로는 포장되어 있어 휠체어로 이동하실 수 있습니다. 다만 구간이 길고 보행로가 중간에 끊기는 곳이 있어 차량 통행에 주의하셔야 합니다. 장애인 화장실은 확인되지 않았습니다.,,,,휠내비길(wheelnavi.kr) 음성안내 · 제주올레 오디오가이드(jejuolle.org) 코스별 음성해설,「탐나는수어」 앱 · 제주수어통역센터 여행수어 자료(jejudeaf.com),,,,차량+도보,,,,,,,,,,,,2023-12,,,,,,,UNKNOWN,UNKNOWN,,,,,제주관광약자접근성안내센터(이지제주) · 한국관광공사 열린관광 · ㈜휴플 현장조사,2026-06,2024~2026,https://easyjeju.net,제주관광공사 「오감으로 즐기는 제주」(2023.12.22) · 한국관광공사 열린관광지 · 이지제주,"현재 무장애 정보는 이동(지체) 접근성 기준입니다. 시각·청각·발달 장애 정보는 확보 중이며, 열린관광 모두의여행(access.visitkorea.or.kr) 또는 이지제주(easyjeju.net)에서 확인하실 수 있습니다.",SURVEYED,,[FIX90] 트레일 사유 이관 — 조사 기록은 routeCondition·barrierFreeDetail·slopeInfo 참조,v3,FACILITY_SURVEY,편의시설 조사: UNKNOWN,,,,Y,UNKNOWN,UNKNOWN,
ACC_P248,P248,PARTIAL,UNKNOWN,UNKNOWN,UNKNOWN,PARTIAL,PARTIAL,PARTIAL,UNKNOWN,Y,CONDITIONAL,CONDITIONAL,"보도블럭길 단차와 좁은 구간 — 계단 포함, 동행 보조 필요",경사 있음,포장도로+보도블럭길+단차 있음+좁은 구간 있음+계단 있음+동행보조 필요+휠체어 접근 부분가능,UNKNOWN,포장 구간 이용 가능 / 단차·좁은 구간·계단 있음,"보도블럭으로 포장된 길이지만 단차와 폭이 좁은 구간, 계단이 있고 경사도 있어 동행이 필요합니다.",,,,휠내비길(wheelnavi.kr) 음성안내 · 제주올레 오디오가이드(jejuolle.org) 코스별 음성해설,「탐나는수어」 앱 · 제주수어통역센터 여행수어 자료(jejudeaf.com),,,,차량+대중교통+도보,,,,,,,,,,,,2023-12,,,,,,,UNKNOWN,UNKNOWN,,,,,제주관광약자접근성안내센터(이지제주) · 한국관광공사 열린관광 · ㈜휴플 현장조사,2026-06,2024~2026,https://easyjeju.net,제주관광공사 「오감으로 즐기는 제주」(2023.12.22) · 한국관광공사 열린관광지 · 이지제주,"현재 무장애 정보는 이동(지체) 접근성 기준입니다. 시각·청각·발달 장애 정보는 확보 중이며, 열린관광 모두의여행(access.visitkorea.or.kr) 또는 이지제주(easyjeju.net)에서 확인하실 수 있습니다.",SURVEYED,,,v3,ROUTE_SURVEY,경로 상태 조사: 포장도로+보도블럭길+단차 있음+좁은 구간 있음+계단 있음+동행보조 필요+휠체어 접근 부분가능,,,,Y,UNKNOWN,UNKNOWN,
ACC_P249,P249,PARTIAL,UNKNOWN,UNKNOWN,UNKNOWN,PARTIAL,FULL,FULL,FULL,Y,CONDITIONAL,CONDITIONAL,시설접근 기준 판정 — 활동참여 개별 근거 미확보,,포장도로+시장 통로+주출입구 단차 없음+휠체어 접근 가능,장애인 주차장 있음+장애인 화장실 있음+주출입구 단차 없음,전통시장 — 노점·가판대·적재물로 실제 통로 폭이 조사값보다 좁아짐(동문시장·민속오일장과 동일 기준),,,,,휠내비길(wheelnavi.kr) 음성안내 · 제주올레 오디오가이드(jejuolle.org) 코스별 음성해설,「탐나는수어」 앱 · 제주수어통역센터 여행수어 자료(jejudeaf.com),,IN_VENUE,이용 동선에서 이용 가능,차량+대중교통,,,,,,,,,,,,2023-12,MARKET_STALL,노점·적재물로 실통행 폭 협소 — 장날·성수기 통행 곤란,,,,,UNKNOWN,UNKNOWN,,,,,제주관광약자접근성안내센터(이지제주) · 한국관광공사 열린관광 · ㈜휴플 현장조사,2026-06,2024~2026,https://easyjeju.net,제주관광공사 「오감으로 즐기는 제주」(2023.12.22) · 한국관광공사 열린관광지 · 이지제주,"현재 무장애 정보는 이동(지체) 접근성 기준입니다. 시각·청각·발달 장애 정보는 확보 중이며, 열린관광 모두의여행(access.visitkorea.or.kr) 또는 이지제주(easyjeju.net)에서 확인하실 수 있습니다.",SURVEYED,,FIX22: 시장 판정 일관성 적용,v3,ROUTE_SURVEY,경로 상태 조사: 포장도로+시장 통로+주출입구 단차 없음+휠체어 접근 가능,,,,Y,UNKNOWN,UNKNOWN,
ACC_P250,P250,PARTIAL,UNKNOWN,UNKNOWN,UNKNOWN,PARTIAL,PARTIAL,PARTIAL,FULL,Y,CONDITIONAL,CONDITIONAL,주차장·화장실·백사장 진입로 접근 가능 / 활동참여 조건부 — 일부 단차 구간 동행보조 필요,"서쪽 주차장~화장실 건물 접근로 단차, 경사 없이 접근 가능합니다+해수욕장 동쪽~서쪽 연결 다리 경사 9도 있습니다+모래사장~화장실 건물 높은 경사로 설치되어 있습니다",포장도로+야자매트/모래길+단차 있음+동행보조 필요+휠체어 접근 부분가능,장애인 주차장 있음+장애인 화장실 있음+경사로 있음,서쪽 주차장~화장실 건물 단차·경사 없이 접근 가능. 백사장 방면 야자매트 설치로 진입로 확보. 일부 단차 구간에서 동행보조 필요,"서쪽 주차장에서 화장실 건물까지는 단차와 경사 없이 가실 수 있고, 백사장 쪽으로는 야자매트가 깔려 있어 바다 가까이 접근하실 수 있습니다. 다만 구간에 따라 단차가 있어 동행자의 도움이 필요할 수 있습니다.",,,,휠내비길(wheelnavi.kr) 음성안내 · 제주올레 오디오가이드(jejuolle.org) 코스별 음성해설,「탐나는수어」 앱 · 제주수어통역센터 여행수어 자료(jejudeaf.com),,IN_VENUE,이용 동선에서 이용 가능,차량+대중교통+도보,,,,,,,,,,,,2023-12,,,,,,,UNKNOWN,UNKNOWN,,,,,제주관광약자접근성안내센터(이지제주) · 한국관광공사 열린관광 · ㈜휴플 현장조사,2026-06,2024~2026,https://easyjeju.net,제주관광공사 「오감으로 즐기는 제주」(2023.12.22) · 한국관광공사 열린관광지 · 이지제주,"현재 무장애 정보는 이동(지체) 접근성 기준입니다. 시각·청각·발달 장애 정보는 확보 중이며, 열린관광 모두의여행(access.visitkorea.or.kr) 또는 이지제주(easyjeju.net)에서 확인하실 수 있습니다.",SURVEYED,,FIX80: 해양 유형 접근 제약 명문화 — routeCondition·slopeInfo 이관,v3,ROUTE_SURVEY,경로 상태 조사: 포장도로+야자매트/모래길+단차 있음+동행보조 필요+휠체어 접근 부분가능,Y,백사장까지 이어지는 진입로가 있어 휠체어로 바다 가까이 접근할 수 있습니다,발이 닿는 깊이까지만 들어가시고 먼 바다 쪽으로는 나가지 말아 주세요. 파고가 2m를 넘거나 풍랑특보가 발효되면 입수를 삼가 주세요. 너울은 파도가 잔잔해 보여도 갑자기 밀려오니 갯바위와 방파제 위에는 올라가지 말아 주세요. 체감온도 33도가 넘는 날에는 한낮 물놀이를 피하고 그늘에서 자주 쉬어 주세요. 휠체어 이용자는 파도에 중심을 잃기 쉽고 스스로 빠져나오기 어려우니 반드시 동행자와 함께해 주세요.,Y,UNKNOWN,UNKNOWN,
ACC_P251,P251,PARTIAL,UNKNOWN,UNKNOWN,UNKNOWN,PARTIAL,PARTIAL,PARTIAL,UNKNOWN,Y,CONDITIONAL,CONDITIONAL,해안로 연계 구간 접근 가능 / 활동참여 조건부 — 편의시설 미확인,,포장도로+항만/방파제길+차량 통행 주의+물가 미끄럼 위험 있음+휠체어 접근 부분가능,UNKNOWN,어항 — 편의시설(장애인 화장실 등) 미확인. 부두 내부는 어업 작업 구역. 해안로 연계 구간은 관람 가능,"조함해안로와 이어진 어항으로 주변 해안 경관을 보실 수 있습니다. 다만 장애인 화장실 등 편의시설이 확인되지 않았고, 부두 안쪽은 어업 작업 구역이라 이동에 제약이 있을 수 있습니다.",,,,휠내비길(wheelnavi.kr) 음성안내 · 제주올레 오디오가이드(jejuolle.org) 코스별 음성해설,「탐나는수어」 앱 · 제주수어통역센터 여행수어 자료(jejudeaf.com),,,,차량+대중교통,,,,,,,,,,,,2023-12,,,,,,,UNKNOWN,UNKNOWN,,,,,제주관광약자접근성안내센터(이지제주) · 한국관광공사 열린관광 · ㈜휴플 현장조사,2026-06,2024~2026,https://easyjeju.net,제주관광공사 「오감으로 즐기는 제주」(2023.12.22) · 한국관광공사 열린관광지 · 이지제주,"현재 무장애 정보는 이동(지체) 접근성 기준입니다. 시각·청각·발달 장애 정보는 확보 중이며, 열린관광 모두의여행(access.visitkorea.or.kr) 또는 이지제주(easyjeju.net)에서 확인하실 수 있습니다.",SURVEYED,[FIX79] 잔여 확인 — 장애인 화장실·주차구역 유무 현장 또는 관리기관 확인 필요,"FIX79: 편의시설 미확인 명시, 해안로 연계 관람 가치 기록",v3,FACILITY_SURVEY,편의시설 조사: UNKNOWN,,,,Y,UNKNOWN,UNKNOWN,
ACC_P252,P252,PARTIAL,UNKNOWN,UNKNOWN,UNKNOWN,PARTIAL,PARTIAL,PARTIAL,PARTIAL,N,CONDITIONAL,CONDITIONAL,시설접근 기준 판정 — 활동참여 개별 근거 미확보,,포장도로+잔디/모래 해변+무단차구간 있음+장애인 화장실 문 협소+휠체어 접근 부분가능,장애인 주차장 있음+장애인 화장실 있음(부분가능)+해변가 무단차구간 있음,여객선에 오르내릴 때 높이 차가 있고 선내에 계단이 있음. 섬 안의 이동 수단은 별도 확인이 필요함,,,,,휠내비길(wheelnavi.kr) 음성안내 · 제주올레 오디오가이드(jejuolle.org) 코스별 음성해설,「탐나는수어」 앱 · 제주수어통역센터 여행수어 자료(jejudeaf.com),,IN_VENUE,이용 동선에서 이용 가능,차량+도보,,,,,,,,,,,,2023-12,FERRY_BOARDING,여객선 승하선 제약 · 풍랑 시 결항 가능,,,,,UNKNOWN,UNKNOWN,,,,,제주관광약자접근성안내센터(이지제주) · 한국관광공사 열린관광 · ㈜휴플 현장조사,2026-06,2024~2026,https://easyjeju.net,제주관광공사 「오감으로 즐기는 제주」(2023.12.22) · 한국관광공사 열린관광지 · 이지제주,"현재 무장애 정보는 이동(지체) 접근성 기준입니다. 시각·청각·발달 장애 정보는 확보 중이며, 열린관광 모두의여행(access.visitkorea.or.kr) 또는 이지제주(easyjeju.net)에서 확인하실 수 있습니다.",SURVEYED,,,v3,ROUTE_SURVEY,경로 상태 조사: 포장도로+잔디/모래 해변+무단차구간 있음+장애인 화장실 문 협소+휠체어 접근 부분가능,UNKNOWN,모래사장은 휠체어 바퀴가 빠져 이동이 어렵습니다. 진입로·데크 설치 여부가 확인되지 않았으니 방문 전 문의하시거나 해변용 휠체어 대여 가능 여부를 확인해 주세요,발이 닿는 깊이까지만 들어가시고 먼 바다 쪽으로는 나가지 말아 주세요. 파고가 2m를 넘거나 풍랑특보가 발효되면 입수를 삼가 주세요. 너울은 파도가 잔잔해 보여도 갑자기 밀려오니 갯바위와 방파제 위에는 올라가지 말아 주세요. 체감온도 33도가 넘는 날에는 한낮 물놀이를 피하고 그늘에서 자주 쉬어 주세요. 휠체어 이용자는 파도에 중심을 잃기 쉽고 스스로 빠져나오기 어려우니 반드시 동행자와 함께해 주세요.,Y,UNKNOWN,UNKNOWN,
ACC_P253,P253,NONE,UNKNOWN,UNKNOWN,UNKNOWN,NONE,NONE,PARTIAL,UNKNOWN,Y,UNAVAILABLE,UNAVAILABLE,시설접근 기준 판정 — 활동참여 개별 근거 미확보,경사 있음,섬마을길+장거리 올레길+비포장/포장 혼재+계단 가능+휠체어 접근 어려움,UNKNOWN,,"제주항에서 배로 1시간 들어가야 하고, 배에 오르내릴 때 높이 차와 선내 계단이 있습니다. 마을길은 포장 구간과 흙길이 섞여 있고 계단을 지나는 곳이 있어 휠체어로 이동하기 어렵습니다.",[도서] 여객선 60분. 승선 시 높이차·선내 계단,,,휠내비길(wheelnavi.kr) 음성안내 · 제주올레 오디오가이드(jejuolle.org) 코스별 음성해설,「탐나는수어」 앱 · 제주수어통역센터 여행수어 자료(jejudeaf.com),,,,차량+대중교통+도보,,,,,,,,,,,,2023-12,FERRY_BOARDING,여객선 승하선 제약 · 풍랑 시 결항 가능,,,,,UNKNOWN,UNKNOWN,,,,,제주관광약자접근성안내센터(이지제주) · 한국관광공사 열린관광 · ㈜휴플 현장조사,2026-06,2024~2026,https://easyjeju.net,제주관광공사 「오감으로 즐기는 제주」(2023.12.22) · 한국관광공사 열린관광지 · 이지제주,"현재 무장애 정보는 이동(지체) 접근성 기준입니다. 시각·청각·발달 장애 정보는 확보 중이며, 열린관광 모두의여행(access.visitkorea.or.kr) 또는 이지제주(easyjeju.net)에서 확인하실 수 있습니다.",SURVEYED,,,v3,ROUTE_SURVEY,경로 상태 조사: 섬마을길+장거리 올레길+비포장/포장 혼재+계단 가능+휠체어 접근 어려움,,,,N,UNKNOWN,UNKNOWN,시각·청각 접근성 정보가 확인되지 않았습니다
ACC_P254,P254,PARTIAL,UNKNOWN,UNKNOWN,UNKNOWN,PARTIAL,PARTIAL,PARTIAL,UNKNOWN,Y,CONDITIONAL,CONDITIONAL,시설접근 기준 판정 — 활동참여 개별 근거 미확보,경사/단차 가능,포장 리조트 산책로+야외 정원+휠체어 접근 부분가능,UNKNOWN,,,,,,휠내비길(wheelnavi.kr) 음성안내 · 제주올레 오디오가이드(jejuolle.org) 코스별 음성해설,「탐나는수어」 앱 · 제주수어통역센터 여행수어 자료(jejudeaf.com),,,,차량+대중교통,,,,,,,,,,,,2023-12,,,,,,,UNKNOWN,UNKNOWN,,,,,제주관광약자접근성안내센터(이지제주) · 한국관광공사 열린관광 · ㈜휴플 현장조사,2026-06,2024~2026,https://easyjeju.net,제주관광공사 「오감으로 즐기는 제주」(2023.12.22) · 한국관광공사 열린관광지 · 이지제주,"현재 무장애 정보는 이동(지체) 접근성 기준입니다. 시각·청각·발달 장애 정보는 확보 중이며, 열린관광 모두의여행(access.visitkorea.or.kr) 또는 이지제주(easyjeju.net)에서 확인하실 수 있습니다.",SURVEYED,,,v3,ROUTE_SURVEY,경로 상태 조사: 포장 리조트 산책로+야외 정원+휠체어 접근 부분가능,,,,Y,UNKNOWN,UNKNOWN,
ACC_P255,P255,NONE,UNKNOWN,UNKNOWN,UNKNOWN,NONE,NONE,PARTIAL,UNKNOWN,N,UNAVAILABLE,UNAVAILABLE,주차장 등 진입부는 이용 가능 / 오름 등반로는 접근 불가,경사 있음+내리막 급경사,오름길+숲길+비포장+목장길+휠체어 접근 어려움,UNKNOWN,,부대악오름의 오름 등반로는 비포장 자연 노면이라 휠체어로 이동하시기 어렵습니다. 장애인 화장실은 확인되지 않았습니다.,,,,휠내비길(wheelnavi.kr) 음성안내 · 제주올레 오디오가이드(jejuolle.org) 코스별 음성해설,「탐나는수어」 앱 · 제주수어통역센터 여행수어 자료(jejudeaf.com),,,,차량+도보,,,,,,,,,,,,2023-12,,,,,,,UNKNOWN,UNKNOWN,,,,,제주관광약자접근성안내센터(이지제주) · 한국관광공사 열린관광 · ㈜휴플 현장조사,2026-06,2024~2026,https://easyjeju.net,제주관광공사 「오감으로 즐기는 제주」(2023.12.22) · 한국관광공사 열린관광지 · 이지제주,"현재 무장애 정보는 이동(지체) 접근성 기준입니다. 시각·청각·발달 장애 정보는 확보 중이며, 열린관광 모두의여행(access.visitkorea.or.kr) 또는 이지제주(easyjeju.net)에서 확인하실 수 있습니다.",SURVEYED,[FIX89] 산·오름 사유 이관 — 조사 기록은 routeCondition·barrierFreeDetail 참조,,v3,ROUTE_SURVEY,경로 상태 조사: 오름길+숲길+비포장+목장길+휠체어 접근 어려움,,,,N,UNKNOWN,UNKNOWN,"시각장애인은 동행자와 함께라면 이용 가능할 수 있으나 안내 설비 정보가 없습니다. 청각장애인은 이동에 제약이 적을 것으로 보이나, 조난 시 연락 수단·안내 방송 여부가 확인되지 않았습니다"
ACC_P256,P256,PARTIAL,UNKNOWN,UNKNOWN,UNKNOWN,PARTIAL,PARTIAL,PARTIAL,FULL,Y,CONDITIONAL,CONDITIONAL,시설접근 기준 판정 — 활동참여 개별 근거 미확보,경사 있음,포장도로+야자매트/모래길+행사 혼잡 가능+해변 체험구간+휠체어 접근 부분가능,장애인 주차장 있음+장애인 화장실 있음+경사로 있음,,,,,,휠내비길(wheelnavi.kr) 음성안내 · 제주올레 오디오가이드(jejuolle.org) 코스별 음성해설,「탐나는수어」 앱 · 제주수어통역센터 여행수어 자료(jejudeaf.com),,IN_VENUE,이용 동선에서 이용 가능,차량+대중교통+도보,,,,,,,,,,,,2023-12,EVENT_CROWD,행사 기간 부스·관람객 밀집으로 통행 제약. 평시와 접근성이 크게 다름,,,,,UNKNOWN,UNKNOWN,,,,,제주관광약자접근성안내센터(이지제주) · 한국관광공사 열린관광 · ㈜휴플 현장조사,2026-06,2024~2026,https://easyjeju.net,제주관광공사 「오감으로 즐기는 제주」(2023.12.22) · 한국관광공사 열린관광지 · 이지제주,"현재 무장애 정보는 이동(지체) 접근성 기준입니다. 시각·청각·발달 장애 정보는 확보 중이며, 열린관광 모두의여행(access.visitkorea.or.kr) 또는 이지제주(easyjeju.net)에서 확인하실 수 있습니다.",SURVEYED,,,v3,ROUTE_SURVEY,경로 상태 조사: 포장도로+야자매트/모래길+행사 혼잡 가능+해변 체험구간+휠체어 접근 부분가능,,,,Y,UNKNOWN,UNKNOWN,
ACC_P257,P257,PARTIAL,UNKNOWN,UNKNOWN,UNKNOWN,PARTIAL,PARTIAL,PARTIAL,FULL,N,CONDITIONAL,CONDITIONAL,시설접근 기준 판정 — 활동참여 개별 근거 미확보,경사로 있음(화장실),포장도로+주차장 인근+계단 있음+해변 진입 어려움+휠체어 접근 부분가능,장애인 주차장 있음+장애인 화장실 있음+경사로 있음,여객선에 오르내릴 때 높이 차가 있고 선내에 계단이 있음. 섬 안의 이동 수단은 별도 확인이 필요함,,,,,휠내비길(wheelnavi.kr) 음성안내 · 제주올레 오디오가이드(jejuolle.org) 코스별 음성해설,「탐나는수어」 앱 · 제주수어통역센터 여행수어 자료(jejudeaf.com),,IN_VENUE,이용 동선에서 이용 가능,차량+도보,,,,,,,,,,,,2023-12,FERRY_BOARDING,여객선 승하선 제약 · 풍랑 시 결항 가능,,,,,UNKNOWN,UNKNOWN,,,,,제주관광약자접근성안내센터(이지제주) · 한국관광공사 열린관광 · ㈜휴플 현장조사,2026-06,2024~2026,https://easyjeju.net,제주관광공사 「오감으로 즐기는 제주」(2023.12.22) · 한국관광공사 열린관광지 · 이지제주,"현재 무장애 정보는 이동(지체) 접근성 기준입니다. 시각·청각·발달 장애 정보는 확보 중이며, 열린관광 모두의여행(access.visitkorea.or.kr) 또는 이지제주(easyjeju.net)에서 확인하실 수 있습니다.",SURVEYED,,,v3,ROUTE_SURVEY,경로 상태 조사: 포장도로+주차장 인근+계단 있음+해변 진입 어려움+휠체어 접근 부분가능,UNKNOWN,모래사장은 휠체어 바퀴가 빠져 이동이 어렵습니다. 진입로·데크 설치 여부가 확인되지 않았으니 방문 전 문의하시거나 해변용 휠체어 대여 가능 여부를 확인해 주세요,발이 닿는 깊이까지만 들어가시고 먼 바다 쪽으로는 나가지 말아 주세요. 파고가 2m를 넘거나 풍랑특보가 발효되면 입수를 삼가 주세요. 너울은 파도가 잔잔해 보여도 갑자기 밀려오니 갯바위와 방파제 위에는 올라가지 말아 주세요. 체감온도 33도가 넘는 날에는 한낮 물놀이를 피하고 그늘에서 자주 쉬어 주세요. 휠체어 이용자는 파도에 중심을 잃기 쉽고 스스로 빠져나오기 어려우니 반드시 동행자와 함께해 주세요.,Y,UNKNOWN,UNKNOWN,
ACC_P258,P258,PARTIAL,UNKNOWN,UNKNOWN,UNKNOWN,PARTIAL,PARTIAL,PARTIAL,FULL,N,CONDITIONAL,CONDITIONAL,시설접근 기준 판정 — 활동참여 개별 근거 미확보,경사 있음,포장 산책로+한라산 탐방로+계곡/등산로+일부 구간 휠체어 접근 가능,장애인 주차장 있음+장애인 화장실 있음+주출입구 단차 없음+장애인용 엘리베이터 있음,,,,,,휠내비길(wheelnavi.kr) 음성안내 · 제주올레 오디오가이드(jejuolle.org) 코스별 음성해설,「탐나는수어」 앱 · 제주수어통역센터 여행수어 자료(jejudeaf.com),,IN_VENUE,이용 동선에서 이용 가능,차량+도보,,,,,,,,,,,,2023-12,,,,,,,UNKNOWN,UNKNOWN,,,,,제주관광약자접근성안내센터(이지제주) · 한국관광공사 열린관광 · ㈜휴플 현장조사,2026-06,2024~2026,https://easyjeju.net,제주관광공사 「오감으로 즐기는 제주」(2023.12.22) · 한국관광공사 열린관광지 · 이지제주,"현재 무장애 정보는 이동(지체) 접근성 기준입니다. 시각·청각·발달 장애 정보는 확보 중이며, 열린관광 모두의여행(access.visitkorea.or.kr) 또는 이지제주(easyjeju.net)에서 확인하실 수 있습니다.",SURVEYED,,,v3,ROUTE_SURVEY,경로 상태 조사: 포장 산책로+한라산 탐방로+계곡/등산로+일부 구간 휠체어 접근 가능,,,"계곡물은 수심을 눈으로 가늠하기 어렵고 바닥이 미끄러우니 발이 닿는 곳에서만 머물러 주세요. 비가 온 뒤에는 상류에서 물이 갑자기 불어날 수 있어, 시간당 10mm 이상 비가 예보된 날에는 입수를 삼가 주세요. 폭포 아래는 수심이 깊고 물살이 강합니다.",Y,UNKNOWN,UNKNOWN,
ACC_P259,P259,PARTIAL,UNKNOWN,UNKNOWN,UNKNOWN,PARTIAL,PARTIAL,PARTIAL,UNKNOWN,N,CONDITIONAL,CONDITIONAL,시설접근 기준 판정 — 활동참여 개별 근거 미확보,경사/단차 가능,포장도로+해안길+해변/카페 접근+해안 미끄럼 위험 있음+휠체어 접근 부분가능,UNKNOWN,여객선에 오르내릴 때 높이 차가 있고 선내에 계단이 있음. 섬 안의 이동 수단은 별도 확인이 필요함,,,,,휠내비길(wheelnavi.kr) 음성안내 · 제주올레 오디오가이드(jejuolle.org) 코스별 음성해설,「탐나는수어」 앱 · 제주수어통역센터 여행수어 자료(jejudeaf.com),,,,차량+도보,,,,,,,,,,,,2023-12,FERRY_BOARDING,여객선 승하선 제약 · 풍랑 시 결항 가능,,,,,UNKNOWN,UNKNOWN,,,,,제주관광약자접근성안내센터(이지제주) · 한국관광공사 열린관광 · ㈜휴플 현장조사,2026-06,2024~2026,https://easyjeju.net,제주관광공사 「오감으로 즐기는 제주」(2023.12.22) · 한국관광공사 열린관광지 · 이지제주,"현재 무장애 정보는 이동(지체) 접근성 기준입니다. 시각·청각·발달 장애 정보는 확보 중이며, 열린관광 모두의여행(access.visitkorea.or.kr) 또는 이지제주(easyjeju.net)에서 확인하실 수 있습니다.",SURVEYED,,,v3,ROUTE_SURVEY,경로 상태 조사: 포장도로+해안길+해변/카페 접근+해안 미끄럼 위험 있음+휠체어 접근 부분가능,,,,Y,UNKNOWN,UNKNOWN,
ACC_P260,P260,NONE,UNKNOWN,UNKNOWN,UNKNOWN,NONE,NONE,PARTIAL,FULL,N,UNAVAILABLE,UNAVAILABLE,탐방 입구 편의시설은 이용 가능 / 탐방 구간은 접근 불가,경사 있음,등산로+계곡/오름길+비포장+장거리+휠체어 접근 어려움,장애인 주차장 있음(입구)+장애인 화장실 있음(입구),,어리목 탐방안내소까지는 차로 오실 수 있고 입구에 장애인 주차구역과 장애인 화장실이 갖춰져 있습니다. 다만 어리목 코스는 계곡과 오름길이 비포장으로 길게 이어지고 경사가 있어 휠체어로 오르시기는 어렵습니다. 안내소 주변에서 한라산 경관을 보실 수 있습니다.,,,,휠내비길(wheelnavi.kr) 음성안내 · 제주올레 오디오가이드(jejuolle.org) 코스별 음성해설,「탐나는수어」 앱 · 제주수어통역센터 여행수어 자료(jejudeaf.com),,ENTRANCE_ONLY,장애인 화장실은 입구·주차장 등 부대시설에 위치. 이용 동선에는 없음,차량+도보,,,,,,,,,,,,2023-12,,,,,,,UNKNOWN,UNKNOWN,,,,,제주관광약자접근성안내센터(이지제주) · 한국관광공사 열린관광 · ㈜휴플 현장조사,2026-06,2024~2026,https://easyjeju.net,제주관광공사 「오감으로 즐기는 제주」(2023.12.22) · 한국관광공사 열린관광지 · 이지제주,"현재 무장애 정보는 이동(지체) 접근성 기준입니다. 시각·청각·발달 장애 정보는 확보 중이며, 열린관광 모두의여행(access.visitkorea.or.kr) 또는 이지제주(easyjeju.net)에서 확인하실 수 있습니다.",SURVEYED,,[FIX90] 트레일 사유 이관 — 조사 기록은 routeCondition·barrierFreeDetail·slopeInfo 참조,v3,ROUTE_SURVEY,경로 상태 조사: 등산로+계곡/오름길+비포장+장거리+휠체어 접근 어려움,,,,N,UNKNOWN,UNKNOWN,"시각장애인은 동행자와 함께라면 이용 가능할 수 있으나 안내 설비 정보가 없습니다. 청각장애인은 이동에 제약이 적을 것으로 보이나, 조난 시 연락 수단·안내 방송 여부가 확인되지 않았습니다"
ACC_P261,P261,PARTIAL,UNKNOWN,UNKNOWN,UNKNOWN,PARTIAL,PARTIAL,PARTIAL,FULL,N,CONDITIONAL,CONDITIONAL,시설접근 기준 판정 — 활동참여 개별 근거 미확보,경사 있음,포장/행사장+새별오름 주차장 일원+코어네트/오름길+행사 혼잡 가능+휠체어 접근 부분가능,장애인 화장실 있음+경사로 있음+무장애코스 있음,,,,,,휠내비길(wheelnavi.kr) 음성안내 · 제주올레 오디오가이드(jejuolle.org) 코스별 음성해설,「탐나는수어」 앱 · 제주수어통역센터 여행수어 자료(jejudeaf.com),,IN_VENUE,이용 동선에서 이용 가능,차량,,,,,,,,,,,,2023-12,EVENT_CROWD,행사 기간 부스·관람객 밀집으로 통행 제약. 평시와 접근성이 크게 다름,,,,,UNKNOWN,UNKNOWN,,,,,제주관광약자접근성안내센터(이지제주) · 한국관광공사 열린관광 · ㈜휴플 현장조사,2026-06,2024~2026,https://easyjeju.net,제주관광공사 「오감으로 즐기는 제주」(2023.12.22) · 한국관광공사 열린관광지 · 이지제주,"현재 무장애 정보는 이동(지체) 접근성 기준입니다. 시각·청각·발달 장애 정보는 확보 중이며, 열린관광 모두의여행(access.visitkorea.or.kr) 또는 이지제주(easyjeju.net)에서 확인하실 수 있습니다.",SURVEYED,,,v3,ROUTE_SURVEY,경로 상태 조사: 포장/행사장+새별오름 주차장 일원+코어네트/오름길+행사 혼잡 가능+휠체어 접근 부분가능,,,,Y,UNKNOWN,UNKNOWN,
ACC_P262,P262,NONE,UNKNOWN,UNKNOWN,UNKNOWN,NONE,NONE,NONE,UNKNOWN,N,UNAVAILABLE,UNAVAILABLE,탐방로 입구 편의시설은 이용 가능 / 장거리 산행 구간은 접근 불가,급경사,산악 탐방로+장거리+계단/암반길 가능+대피소 구간+휠체어 접근 어려움,UNKNOWN,,삼각봉은 한라산 관음사 탐방로 위에 있는 지점입니다. 탐방로 입구에서 긴 산행이 필요하고 계단과 암반길이 이어져 휠체어로 이동하시기 어렵습니다. 장애인 화장실은 확인되지 않았습니다.,,,,휠내비길(wheelnavi.kr) 음성안내 · 제주올레 오디오가이드(jejuolle.org) 코스별 음성해설,「탐나는수어」 앱 · 제주수어통역센터 여행수어 자료(jejudeaf.com),,,,차량+도보,,,,,,,,,,,,2023-12,,,,,,,UNKNOWN,UNKNOWN,,,,,제주관광약자접근성안내센터(이지제주) · 한국관광공사 열린관광 · ㈜휴플 현장조사,2026-06,2024~2026,https://easyjeju.net,제주관광공사 「오감으로 즐기는 제주」(2023.12.22) · 한국관광공사 열린관광지 · 이지제주,"현재 무장애 정보는 이동(지체) 접근성 기준입니다. 시각·청각·발달 장애 정보는 확보 중이며, 열린관광 모두의여행(access.visitkorea.or.kr) 또는 이지제주(easyjeju.net)에서 확인하실 수 있습니다.",SURVEYED,[FIX89] 산·오름 사유 이관 — 조사 기록은 routeCondition·barrierFreeDetail 참조,,v3,ROUTE_SURVEY,경로 상태 조사: 산악 탐방로+장거리+계단/암반길 가능+대피소 구간+휠체어 접근 어려움,,,,N,UNKNOWN,UNKNOWN,"시각장애인은 동행자와 함께라면 이용 가능할 수 있으나 안내 설비 정보가 없습니다. 청각장애인은 이동에 제약이 적을 것으로 보이나, 조난 시 연락 수단·안내 방송 여부가 확인되지 않았습니다"
ACC_P263,P263,PARTIAL,UNKNOWN,UNKNOWN,UNKNOWN,PARTIAL,PARTIAL,PARTIAL,UNKNOWN,Y,CONDITIONAL,CONDITIONAL,마당 언덕길 — 단차·계단 구간,,포장도로+문화유산 건물+마당/언덕길+단차/계단 가능+휠체어 접근 부분가능,UNKNOWN,건물 앞까지 이동 가능 / 마당 언덕길에 단차·계단,"건물 앞 도로까지는 포장되어 있고, 마당이 언덕길이라 단차와 계단이 있습니다.",,,,휠내비길(wheelnavi.kr) 음성안내 · 제주올레 오디오가이드(jejuolle.org) 코스별 음성해설,「탐나는수어」 앱 · 제주수어통역센터 여행수어 자료(jejudeaf.com),,,,차량+대중교통+도보,,,,,,,,,,,,2023-12,,,,,,,UNKNOWN,UNKNOWN,,,,,제주관광약자접근성안내센터(이지제주) · 한국관광공사 열린관광 · ㈜휴플 현장조사,2026-06,2024~2026,https://easyjeju.net,제주관광공사 「오감으로 즐기는 제주」(2023.12.22) · 한국관광공사 열린관광지 · 이지제주,"현재 무장애 정보는 이동(지체) 접근성 기준입니다. 시각·청각·발달 장애 정보는 확보 중이며, 열린관광 모두의여행(access.visitkorea.or.kr) 또는 이지제주(easyjeju.net)에서 확인하실 수 있습니다.",SURVEYED,,,v3,ROUTE_SURVEY,경로 상태 조사: 포장도로+문화유산 건물+마당/언덕길+단차/계단 가능+휠체어 접근 부분가능,,,,Y,UNKNOWN,UNKNOWN,
ACC_P264,P264,UNKNOWN,UNKNOWN,UNKNOWN,UNKNOWN,UNKNOWN,UNKNOWN,UNKNOWN,UNKNOWN,Y,UNKNOWN,UNKNOWN,,,실내 미술관/카페+포장도로+주차장 있음+출입구/화장실 접근 확인 필요+휠체어 접근 확인 필요,UNKNOWN,,,,,,휠내비길(wheelnavi.kr) 음성안내 · 제주올레 오디오가이드(jejuolle.org) 코스별 음성해설,「탐나는수어」 앱 · 제주수어통역센터 여행수어 자료(jejudeaf.com),,,,차량+대중교통,,,,,,,,,,,,2023-12,,,,,,,UNKNOWN,UNKNOWN,,,,,제주관광약자접근성안내센터(이지제주) · 한국관광공사 열린관광 · ㈜휴플 현장조사,2026-06,2024~2026,https://easyjeju.net,제주관광공사 「오감으로 즐기는 제주」(2023.12.22) · 한국관광공사 열린관광지 · 이지제주,"현재 무장애 정보는 이동(지체) 접근성 기준입니다. 시각·청각·발달 장애 정보는 확보 중이며, 열린관광 모두의여행(access.visitkorea.or.kr) 또는 이지제주(easyjeju.net)에서 확인하실 수 있습니다.",SURVEYED,,,v3,FACILITY_SURVEY,편의시설 조사: UNKNOWN,,,,Y,UNKNOWN,UNKNOWN,
ACC_P265,P265,NONE,UNKNOWN,UNKNOWN,UNKNOWN,NONE,NONE,PARTIAL,UNKNOWN,Y,UNAVAILABLE,UNAVAILABLE,해안 올레길 비포장 구간 — 연대 동산 경사,경사 있음,해안 올레길+좁은 골목/풀길+연대동산+비포장+휠체어 접근 어려움,UNKNOWN,,해안 올레길에서 좁은 풀길을 지나 연대가 있는 동산으로 오르는 길입니다. 비포장이고 경사가 있습니다. 도로변에서 연대를 바라보실 수 있습니다.,,,,휠내비길(wheelnavi.kr) 음성안내 · 제주올레 오디오가이드(jejuolle.org) 코스별 음성해설,「탐나는수어」 앱 · 제주수어통역센터 여행수어 자료(jejudeaf.com),,,,차량+대중교통+도보,,,,,,,,,,,,2023-12,,,,,,,UNKNOWN,UNKNOWN,,,,,제주관광약자접근성안내센터(이지제주) · 한국관광공사 열린관광 · ㈜휴플 현장조사,2026-06,2024~2026,https://easyjeju.net,제주관광공사 「오감으로 즐기는 제주」(2023.12.22) · 한국관광공사 열린관광지 · 이지제주,"현재 무장애 정보는 이동(지체) 접근성 기준입니다. 시각·청각·발달 장애 정보는 확보 중이며, 열린관광 모두의여행(access.visitkorea.or.kr) 또는 이지제주(easyjeju.net)에서 확인하실 수 있습니다.",SURVEYED,,,v3,ROUTE_SURVEY,경로 상태 조사: 해안 올레길+좁은 골목/풀길+연대동산+비포장+휠체어 접근 어려움,,,,N,UNKNOWN,UNKNOWN,시각·청각 접근성 정보가 확인되지 않았습니다
ACC_P266,P266,PARTIAL,UNKNOWN,UNKNOWN,UNKNOWN,PARTIAL,PARTIAL,PARTIAL,UNKNOWN,Y,CONDITIONAL,CONDITIONAL,시설접근 기준 판정 — 활동참여 개별 근거 미확보,,포장도로+도심 보행로+차도/인도 혼재+행사 혼잡 가능+휠체어 접근 부분가능,UNKNOWN,,,,,,휠내비길(wheelnavi.kr) 음성안내 · 제주올레 오디오가이드(jejuolle.org) 코스별 음성해설,「탐나는수어」 앱 · 제주수어통역센터 여행수어 자료(jejudeaf.com),,,,차량+대중교통+도보,,,,,,,,,,,,2023-12,MARKET_STALL,노점·가판대·적재물로 실제 통로 폭이 조사값보다 좁아질 수 있음. 장날·성수기 통행 곤란,,,,,UNKNOWN,UNKNOWN,,,,,제주관광약자접근성안내센터(이지제주) · 한국관광공사 열린관광 · ㈜휴플 현장조사,2026-06,2024~2026,https://easyjeju.net,제주관광공사 「오감으로 즐기는 제주」(2023.12.22) · 한국관광공사 열린관광지 · 이지제주,"현재 무장애 정보는 이동(지체) 접근성 기준입니다. 시각·청각·발달 장애 정보는 확보 중이며, 열린관광 모두의여행(access.visitkorea.or.kr) 또는 이지제주(easyjeju.net)에서 확인하실 수 있습니다.",SURVEYED,,,v3,FACILITY_SURVEY,편의시설 조사: UNKNOWN,,,,Y,UNKNOWN,UNKNOWN,
ACC_P267,P267,NONE,UNKNOWN,UNKNOWN,UNKNOWN,NONE,NONE,PARTIAL,UNKNOWN,Y,UNAVAILABLE,UNAVAILABLE,장거리 마을길·오름 구간 — 코스 접근 불가,경사 있음,장거리 순례길+포장도로/마을길+비포장 가능+차량 통행 주의+휠체어 접근 어려움,UNKNOWN,,제주기독교순례길은 마을길과 포장도로가 길게 이어지고 중간에 비포장 구간과 경사가 있어 휠체어로 이동하시기 어렵습니다. 차량이 함께 다니는 구간이 있어 주의가 필요합니다. 장애인 화장실은 확인되지 않았습니다.,,,,휠내비길(wheelnavi.kr) 음성안내 · 제주올레 오디오가이드(jejuolle.org) 코스별 음성해설,「탐나는수어」 앱 · 제주수어통역센터 여행수어 자료(jejudeaf.com),,,,차량+대중교통+도보,,,,,,,,,,,,2023-12,,,,,,,UNKNOWN,UNKNOWN,,,,,제주관광약자접근성안내센터(이지제주) · 한국관광공사 열린관광 · ㈜휴플 현장조사,2026-06,2024~2026,https://easyjeju.net,제주관광공사 「오감으로 즐기는 제주」(2023.12.22) · 한국관광공사 열린관광지 · 이지제주,"현재 무장애 정보는 이동(지체) 접근성 기준입니다. 시각·청각·발달 장애 정보는 확보 중이며, 열린관광 모두의여행(access.visitkorea.or.kr) 또는 이지제주(easyjeju.net)에서 확인하실 수 있습니다.",SURVEYED,,[FIX90] 트레일 사유 이관 — 조사 기록은 routeCondition·barrierFreeDetail·slopeInfo 참조,v3,ROUTE_SURVEY,경로 상태 조사: 장거리 순례길+포장도로/마을길+비포장 가능+차량 통행 주의+휠체어 접근 어려움,,,,N,UNKNOWN,UNKNOWN,"시각장애인은 동행자와 함께라면 이용 가능할 수 있으나 안내 설비 정보가 없습니다. 청각장애인은 이동에 제약이 적을 것으로 보이나, 조난 시 연락 수단·안내 방송 여부가 확인되지 않았습니다"
ACC_P268,P268,NONE,UNKNOWN,UNKNOWN,UNKNOWN,NONE,NONE,PARTIAL,UNKNOWN,Y,UNAVAILABLE,UNAVAILABLE,장거리 마을길·오름 구간 — 코스 접근 불가,경사 있음,장거리 순례길+포장도로/마을길+해안길+비포장 가능+차량 통행 주의+휠체어 접근 어려움,UNKNOWN,,기독교순례길 1코스(순종의길)는 마을길과 해안길이 길게 이어지고 비포장 구간과 경사가 있어 휠체어로 이동하시기 어렵습니다. 차량이 함께 다니는 구간이 있어 주의가 필요합니다. 장애인 화장실은 확인되지 않았습니다.,,,,휠내비길(wheelnavi.kr) 음성안내 · 제주올레 오디오가이드(jejuolle.org) 코스별 음성해설,「탐나는수어」 앱 · 제주수어통역센터 여행수어 자료(jejudeaf.com),,,,차량+대중교통+도보,,,,,,,,,,,,2023-12,,,,,,,UNKNOWN,UNKNOWN,,,,,제주관광약자접근성안내센터(이지제주) · 한국관광공사 열린관광 · ㈜휴플 현장조사,2026-06,2024~2026,https://easyjeju.net,제주관광공사 「오감으로 즐기는 제주」(2023.12.22) · 한국관광공사 열린관광지 · 이지제주,"현재 무장애 정보는 이동(지체) 접근성 기준입니다. 시각·청각·발달 장애 정보는 확보 중이며, 열린관광 모두의여행(access.visitkorea.or.kr) 또는 이지제주(easyjeju.net)에서 확인하실 수 있습니다.",SURVEYED,,[FIX90] 트레일 사유 이관 — 조사 기록은 routeCondition·barrierFreeDetail·slopeInfo 참조,v3,ROUTE_SURVEY,경로 상태 조사: 장거리 순례길+포장도로/마을길+해안길+비포장 가능+차량 통행 주의+휠체어 접근 어려움,,,,N,UNKNOWN,UNKNOWN,"시각장애인은 동행자와 함께라면 이용 가능할 수 있으나 안내 설비 정보가 없습니다. 청각장애인은 이동에 제약이 적을 것으로 보이나, 조난 시 연락 수단·안내 방송 여부가 확인되지 않았습니다"
ACC_P269,P269,PARTIAL,UNKNOWN,UNKNOWN,UNKNOWN,PARTIAL,PARTIAL,PARTIAL,UNKNOWN,Y,CONDITIONAL,CONDITIONAL,시설접근 기준 판정 — 활동참여 개별 근거 미확보,경사/단차 가능,포장/야외 포토존+카페+부분 비포장/잔디 가능+휠체어 접근 부분가능,UNKNOWN,,,,,,휠내비길(wheelnavi.kr) 음성안내 · 제주올레 오디오가이드(jejuolle.org) 코스별 음성해설,「탐나는수어」 앱 · 제주수어통역센터 여행수어 자료(jejudeaf.com),,,,차량+대중교통+도보,,,,,,,,,,,,2023-12,,,,,,,UNKNOWN,UNKNOWN,,,,,제주관광약자접근성안내센터(이지제주) · 한국관광공사 열린관광 · ㈜휴플 현장조사,2026-06,2024~2026,https://easyjeju.net,제주관광공사 「오감으로 즐기는 제주」(2023.12.22) · 한국관광공사 열린관광지 · 이지제주,"현재 무장애 정보는 이동(지체) 접근성 기준입니다. 시각·청각·발달 장애 정보는 확보 중이며, 열린관광 모두의여행(access.visitkorea.or.kr) 또는 이지제주(easyjeju.net)에서 확인하실 수 있습니다.",SURVEYED,,,v3,ROUTE_SURVEY,경로 상태 조사: 포장/야외 포토존+카페+부분 비포장/잔디 가능+휠체어 접근 부분가능,,,,Y,UNKNOWN,UNKNOWN,
ACC_P270,P270,PARTIAL,UNKNOWN,UNKNOWN,UNKNOWN,PARTIAL,PARTIAL,PARTIAL,UNKNOWN,Y,CONDITIONAL,CONDITIONAL,시설접근 기준 판정 — 활동참여 개별 근거 미확보,,야외 승마장+비포장/목장길+모래/잔디+말 체험 보조 필요+휠체어 접근 부분가능,UNKNOWN,,,,,,휠내비길(wheelnavi.kr) 음성안내 · 제주올레 오디오가이드(jejuolle.org) 코스별 음성해설,「탐나는수어」 앱 · 제주수어통역센터 여행수어 자료(jejudeaf.com),,,,차량+대중교통,,,,,,,,,,,,2023-12,,,,,,,UNKNOWN,UNKNOWN,,,,,제주관광약자접근성안내센터(이지제주) · 한국관광공사 열린관광 · ㈜휴플 현장조사,2026-06,2024~2026,https://easyjeju.net,제주관광공사 「오감으로 즐기는 제주」(2023.12.22) · 한국관광공사 열린관광지 · 이지제주,"현재 무장애 정보는 이동(지체) 접근성 기준입니다. 시각·청각·발달 장애 정보는 확보 중이며, 열린관광 모두의여행(access.visitkorea.or.kr) 또는 이지제주(easyjeju.net)에서 확인하실 수 있습니다.",SURVEYED,,,v3,ROUTE_SURVEY,경로 상태 조사: 야외 승마장+비포장/목장길+모래/잔디+말 체험 보조 필요+휠체어 접근 부분가능,,,,Y,UNKNOWN,UNKNOWN,
ACC_P271,P271,FULL,UNKNOWN,UNKNOWN,UNKNOWN,FULL,FULL,FULL,FULL,Y,AVAILABLE,AVAILABLE,시설접근 기준 판정 — 활동참여 개별 근거 미확보,,실내 미술관+포장도로+휠체어 이용 가능,장애인 화장실 있음+휠체어 대여 가능+유모차 대여 가능,,,,,,휠내비길(wheelnavi.kr) 음성안내 · 제주올레 오디오가이드(jejuolle.org) 코스별 음성해설,「탐나는수어」 앱 · 제주수어통역센터 여행수어 자료(jejudeaf.com),,IN_VENUE,이용 동선에서 이용 가능,차량+대중교통,,,,,,,,,,,,2023-12,,,,,,,UNKNOWN,UNKNOWN,,,,,제주관광약자접근성안내센터(이지제주) · 한국관광공사 열린관광 · ㈜휴플 현장조사,2026-06,2024~2026,https://easyjeju.net,제주관광공사 「오감으로 즐기는 제주」(2023.12.22) · 한국관광공사 열린관광지 · 이지제주,"현재 무장애 정보는 이동(지체) 접근성 기준입니다. 시각·청각·발달 장애 정보는 확보 중이며, 열린관광 모두의여행(access.visitkorea.or.kr) 또는 이지제주(easyjeju.net)에서 확인하실 수 있습니다.",SURVEYED,,,v3,FACILITY_SURVEY,편의시설 조사: 장애인 화장실 있음+휠체어 대여 가능+유모차 대여 가능,,,,Y,UNKNOWN,UNKNOWN,
ACC_P272,P272,NONE,UNKNOWN,UNKNOWN,UNKNOWN,NONE,NONE,PARTIAL,UNKNOWN,N,UNAVAILABLE,UNAVAILABLE,주차장 등 진입부는 이용 가능 / 오름 등반로는 접근 불가,경사 있음,산길+오름/정상길+비포장+나무계단/절벽 전망 구간+휠체어 접근 어려움,UNKNOWN,,봉골레산의 오름 등반로는 비포장 자연 노면·계단이라 휠체어로 이동하시기 어렵습니다. 장애인 화장실은 확인되지 않았습니다.,,,,휠내비길(wheelnavi.kr) 음성안내 · 제주올레 오디오가이드(jejuolle.org) 코스별 음성해설,「탐나는수어」 앱 · 제주수어통역센터 여행수어 자료(jejudeaf.com),,,,차량+도보,,,,,,,,,,,,2023-12,,,,,,,UNKNOWN,UNKNOWN,,,,,제주관광약자접근성안내센터(이지제주) · 한국관광공사 열린관광 · ㈜휴플 현장조사,2026-06,2024~2026,https://easyjeju.net,제주관광공사 「오감으로 즐기는 제주」(2023.12.22) · 한국관광공사 열린관광지 · 이지제주,"현재 무장애 정보는 이동(지체) 접근성 기준입니다. 시각·청각·발달 장애 정보는 확보 중이며, 열린관광 모두의여행(access.visitkorea.or.kr) 또는 이지제주(easyjeju.net)에서 확인하실 수 있습니다.",SURVEYED,[FIX89] 산·오름 사유 이관 — 조사 기록은 routeCondition·barrierFreeDetail 참조,,v3,ROUTE_SURVEY,경로 상태 조사: 산길+오름/정상길+비포장+나무계단/절벽 전망 구간+휠체어 접근 어려움,,,,N,UNKNOWN,UNKNOWN,"시각장애인은 동행자와 함께라면 이용 가능할 수 있으나 안내 설비 정보가 없습니다. 청각장애인은 이동에 제약이 적을 것으로 보이나, 조난 시 연락 수단·안내 방송 여부가 확인되지 않았습니다"
ACC_P273,P273,PARTIAL,PARTIAL,PARTIAL,UNKNOWN,PARTIAL,FULL,FULL,FULL,Y,CONDITIONAL,CONDITIONAL,시설접근 기준 판정 — 활동참여 개별 근거 미확보,"주차장과 주 출입구 까지 거리가 다소 있으며, 경사가 있습니다+주차장 요철(잔디블럭)마감을 제외하고 접근로 바닥 평평하고 미끄럽지 않은 재질로 마감되어 있습니다+제 1전시실 최대 경사 7.3도, 제 2전시실 최대 경사 4.7도 있습니다",포장도로+실내 전시관+주출입구 단차 없음+휠체어 접근 가능,휠체어 대여 가능+유모차 대여 가능+장애인 주차장 있음+장애인 화장실 있음+수유실/영유아 돌봄 가능+엘리베이터 있음+매표소 접근 가능,"노면·단차 제약 — 조사문에 ""요철"" 명시",,,,탐나는수어 앱 수어해설 21곳(17.제주국제평화센터). 현장 QR·AR 수어영상,휠내비길(wheelnavi.kr) 음성안내 · 제주올레 오디오가이드(jejuolle.org) 코스별 음성해설,「탐나는수어」 앱(제주수어통역센터) + 현장 QR,,IN_VENUE,이용 동선에서 이용 가능,차량+대중교통,NONE,Y,,,,,㈜휴플 자체 현장조사 (2024~2025),,,,,2023-12,,,,,,,UNKNOWN,UNKNOWN,,,,,제주관광약자접근성안내센터(이지제주) · 한국관광공사 열린관광 · ㈜휴플 현장조사,2026-06,2024~2026,https://easyjeju.net · https://www.data.go.kr/data/15101897/openapi.do,제주관광공사 「오감으로 즐기는 제주」(2023.12.22) · 한국관광공사 열린관광지 · 이지제주,"현재 무장애 정보는 이동(지체) 접근성 기준입니다. 시각·청각·발달 장애 정보는 확보 중이며, 열린관광 모두의여행(access.visitkorea.or.kr) 또는 이지제주(easyjeju.net)에서 확인하실 수 있습니다.",VERIFIED,"[FIX65] 한국관광공사 무장애 API(detailWithTour2) — braileblock=점자블록 있음(주출입구,계단 앞)_시각장애인 편의시설",FIX22: 논리검사 패턴 보완(요철·단차·노면불량) | FIX65: visualAccess UNKNOWN→PARTIAL (KTO API),v3,FIELD_SURVEY,㈜휴플 자체 현장조사 / 경로: 포장도로+실내 전시관+주출입구 단차 없음+휠체어 접근 가능,,,,Y,UNKNOWN,Y,
ACC_P274,P274,UNKNOWN,UNKNOWN,UNKNOWN,UNKNOWN,UNKNOWN,UNKNOWN,UNKNOWN,UNKNOWN,Y,UNKNOWN,UNKNOWN,,,실내 박물관+월드컵경기장 내 시설+출입구/화장실 접근 확인 필요+휠체어 접근 확인 필요,UNKNOWN,,,,,,휠내비길(wheelnavi.kr) 음성안내 · 제주올레 오디오가이드(jejuolle.org) 코스별 음성해설,「탐나는수어」 앱 · 제주수어통역센터 여행수어 자료(jejudeaf.com),,,,차량+대중교통,,,,,,,,,,,,2023-12,,,,,,,UNKNOWN,UNKNOWN,,,,,제주관광약자접근성안내센터(이지제주) · 한국관광공사 열린관광 · ㈜휴플 현장조사,2026-06,2024~2026,https://easyjeju.net,제주관광공사 「오감으로 즐기는 제주」(2023.12.22) · 한국관광공사 열린관광지 · 이지제주,"현재 무장애 정보는 이동(지체) 접근성 기준입니다. 시각·청각·발달 장애 정보는 확보 중이며, 열린관광 모두의여행(access.visitkorea.or.kr) 또는 이지제주(easyjeju.net)에서 확인하실 수 있습니다.",SURVEYED,,,v3,FACILITY_SURVEY,편의시설 조사: UNKNOWN,,,,Y,UNKNOWN,UNKNOWN,
ACC_P275,P275,PARTIAL,UNKNOWN,UNKNOWN,UNKNOWN,PARTIAL,PARTIAL,PARTIAL,UNKNOWN,Y,CONDITIONAL,CONDITIONAL,시설접근 기준 판정 — 활동참여 개별 근거 미확보,경사 있음,포장 골목길+벽화골목+좁은 구간 있음+동행보조 필요+휠체어 접근 부분가능,UNKNOWN,,,,,,휠내비길(wheelnavi.kr) 음성안내 · 제주올레 오디오가이드(jejuolle.org) 코스별 음성해설,「탐나는수어」 앱 · 제주수어통역센터 여행수어 자료(jejudeaf.com),,,,차량+대중교통+도보,,,,,,,,,,,,2023-12,MARKET_STALL,노점·가판대·적재물로 실제 통로 폭이 조사값보다 좁아질 수 있음. 장날·성수기 통행 곤란,,,,,UNKNOWN,UNKNOWN,,,,,제주관광약자접근성안내센터(이지제주) · 한국관광공사 열린관광 · ㈜휴플 현장조사,2026-06,2024~2026,https://easyjeju.net,제주관광공사 「오감으로 즐기는 제주」(2023.12.22) · 한국관광공사 열린관광지 · 이지제주,"현재 무장애 정보는 이동(지체) 접근성 기준입니다. 시각·청각·발달 장애 정보는 확보 중이며, 열린관광 모두의여행(access.visitkorea.or.kr) 또는 이지제주(easyjeju.net)에서 확인하실 수 있습니다.",SURVEYED,,,v3,ROUTE_SURVEY,경로 상태 조사: 포장 골목길+벽화골목+좁은 구간 있음+동행보조 필요+휠체어 접근 부분가능,,,,Y,UNKNOWN,UNKNOWN,
ACC_P276,P276,PARTIAL,UNKNOWN,UNKNOWN,UNKNOWN,PARTIAL,PARTIAL,PARTIAL,PARTIAL,Y,CONDITIONAL,CONDITIONAL,포장 동선 이용 가능·인근 장애인 화장실 확보 / 계단·단차와 미끄럼 주의,,포장도로+포구/해안길+계단/단차 가능+물가 미끄럼 위험 있음+차량 통행 주의+휠체어 접근 부분가능,장애인 화장실 있음(인근),"경로 조사 — 포장도로와 해안길. 계단·단차가 있을 수 있고 물가 미끄럼 위험, 차량 통행 주의. 인근 장애인 화장실 확보",포장도로로 포구까지 가실 수 있고 인근에 장애인 화장실이 있습니다. 다만 구간에 따라 계단이나 단차가 있을 수 있고 물가는 미끄러우니 주의해 주세요. 차량이 함께 다니는 길이라 통행에도 유의하셔야 합니다.,,,,휠내비길(wheelnavi.kr) 음성안내 · 제주올레 오디오가이드(jejuolle.org) 코스별 음성해설,「탐나는수어」 앱 · 제주수어통역센터 여행수어 자료(jejudeaf.com),,IN_VENUE,이용 동선에서 이용 가능,차량+대중교통+도보,,,,,,,,,,,,2023-12,,,,,,,UNKNOWN,UNKNOWN,,,,,제주관광약자접근성안내센터(이지제주) · 한국관광공사 열린관광 · ㈜휴플 현장조사,2026-06,2024~2026,https://easyjeju.net,제주관광공사 「오감으로 즐기는 제주」(2023.12.22) · 한국관광공사 열린관광지 · 이지제주,"현재 무장애 정보는 이동(지체) 접근성 기준입니다. 시각·청각·발달 장애 정보는 확보 중이며, 열린관광 모두의여행(access.visitkorea.or.kr) 또는 이지제주(easyjeju.net)에서 확인하실 수 있습니다.",SURVEYED,[FIX86] 해양 유형 사유 이관 — 조사 기록은 routeCondition·barrierFreeDetail 참조. 잔여 확인 — 계단·단차의 위치,FIX86: 해양 유형 사유·안내문 신설,v3,ROUTE_SURVEY,경로 상태 조사: 포장도로+포구/해안길+계단/단차 가능+물가 미끄럼 위험 있음+차량 통행 주의+휠체어 접근 부분가능,,,,Y,UNKNOWN,UNKNOWN,
ACC_P277,P277,PARTIAL,PARTIAL,UNKNOWN,UNKNOWN,PARTIAL,PARTIAL,PARTIAL,PARTIAL,Y,CONDITIONAL,CONDITIONAL,시설접근 기준 판정 — 활동참여 개별 근거 미확보,경사 있음,포장 해안도로+카페거리+판석/데크길+일부 구간 인도 불연속+휠체어 접근 부분가능,장애인 화장실 있음(인근)+접근 가능한 카페 있음,해안도로 보행로 일부는 휠체어 이동이 가능하지만 경사 구간과 인도 불연속 구간이 있어 전 구간 연속 이동은 어려움.,해안도로 보행로는 이동할 수 있지만 일부 구간에 경사가 있고 인도가 끊기는 곳이 있습니다. 차도와 가까운 구간에서는 특히 주의해 주세요.,,,,휠내비길(wheelnavi.kr) 음성안내 · 제주올레 오디오가이드(jejuolle.org) 코스별 음성해설,「탐나는수어」 앱 · 제주수어통역센터 여행수어 자료(jejudeaf.com),,,이 관광지 안에는 장애인 화장실이 없습니다.,차량+대중교통+도보,,,,,,,,,,,,2023-12,MARKET_STALL,노점·가판대·적재물로 실제 통로 폭이 조사값보다 좁아질 수 있음. 장날·성수기 통행 곤란,,,,,UNKNOWN,UNKNOWN,,,,,제주관광약자접근성안내센터(이지제주) · 한국관광공사 열린관광 · ㈜휴플 현장조사,2026-06,2024~2026,https://easyjeju.net/pages.php?no=730&p=tourist · https://www.data.go.kr/data/15101897/openapi.do,제주관광공사 「오감으로 즐기는 제주」(2023.12.22) · 한국관광공사 열린관광지 · 이지제주,"현재 무장애 정보는 이동(지체) 접근성 기준입니다. 시각·청각·발달 장애 정보는 확보 중이며, 열린관광 모두의여행(access.visitkorea.or.kr) 또는 이지제주(easyjeju.net)에서 확인하실 수 있습니다.",SURVEYED,[FIX65] 한국관광공사 무장애 API(detailWithTour2) — blindhandicapetc=안내요원 있음(하루 4회) [FIX99] 조사기록에 「인근·주변에 장애인 화장실 있음」으로만 적혀 있고 시설명·거리가 특정되지 않아 이용자 안내에서는 제외함. 정확한 시설명과 거리 확인 필요.,FIX65: visualAccess UNKNOWN→PARTIAL (KTO API),v3,ROUTE_SURVEY,경로 상태 조사: 포장 해안도로+카페거리+판석/데크길+일부 구간 인도 불연속+휠체어 접근 부분가능,,,,Y,UNKNOWN,UNKNOWN,
ACC_P278,P278,PARTIAL,UNKNOWN,UNKNOWN,UNKNOWN,PARTIAL,PARTIAL,PARTIAL,UNKNOWN,Y,CONDITIONAL,CONDITIONAL,"해안 갯담 — 현무암 바위길, 물때 영향",,해안 돌담+현무암/바위길+물때 영향+미끄럼 위험 있음+비포장+휠체어 접근 부분가능,UNKNOWN,해안도로 쪽 접근 가능 / 갯담 구간은 현무암 바위길,바다에 돌담을 쌓아 만든 갯담으로 현무암 바위길을 지나야 하고 비포장입니다. 물때에 따라 드러나는 범위가 달라지고 젖은 바위는 미끄럽습니다. 방문 전 물때를 확인해 주세요.,,,,휠내비길(wheelnavi.kr) 음성안내 · 제주올레 오디오가이드(jejuolle.org) 코스별 음성해설,「탐나는수어」 앱 · 제주수어통역센터 여행수어 자료(jejudeaf.com),,,,차량+대중교통+도보,,,,,,,,,,,,2023-12,,,,,,,UNKNOWN,UNKNOWN,,,,,제주관광약자접근성안내센터(이지제주) · 한국관광공사 열린관광 · ㈜휴플 현장조사,2026-06,2024~2026,https://easyjeju.net,제주관광공사 「오감으로 즐기는 제주」(2023.12.22) · 한국관광공사 열린관광지 · 이지제주,"현재 무장애 정보는 이동(지체) 접근성 기준입니다. 시각·청각·발달 장애 정보는 확보 중이며, 열린관광 모두의여행(access.visitkorea.or.kr) 또는 이지제주(easyjeju.net)에서 확인하실 수 있습니다.",SURVEYED,,,v3,ROUTE_SURVEY,경로 상태 조사: 해안 돌담+현무암/바위길+물때 영향+미끄럼 위험 있음+비포장+휠체어 접근 부분가능,,,,Y,UNKNOWN,UNKNOWN,
ACC_P279,P279,PARTIAL,UNKNOWN,UNKNOWN,UNKNOWN,PARTIAL,PARTIAL,PARTIAL,FULL,Y,CONDITIONAL,CONDITIONAL,포장 해안도로는 이동 가능 / 방파제·포구 구간은 접근 제한,일부 경사 있음,포장 해안도로+방파제/포구길+차량 통행 주의+휠체어 접근 부분가능,장애인 화장실 있음+주차장 있음,포장 해안도로로 이동 가능. 방파제·포구 구간은 노면이 달라지고 경사 존재,"세화해안도로는 포장 해안도로라 휠체어로 이동하실 수 있고, 주차장과 장애인 화장실이 있습니다. 다만 방파제와 포구 쪽은 노면이 달라지고 일부 경사가 있으며, 차량이 함께 다니는 구간이라 주의가 필요합니다.",,,,휠내비길(wheelnavi.kr) 음성안내 · 제주올레 오디오가이드(jejuolle.org) 코스별 음성해설,「탐나는수어」 앱 · 제주수어통역센터 여행수어 자료(jejudeaf.com),,IN_VENUE,이용 동선에서 이용 가능,차량+대중교통+도보,,,,,,,,,,,,2023-12,,,,,,,UNKNOWN,UNKNOWN,,,,,제주관광약자접근성안내센터(이지제주) · 한국관광공사 열린관광 · ㈜휴플 현장조사,2026-06,2024~2026,https://easyjeju.net,제주관광공사 「오감으로 즐기는 제주」(2023.12.22) · 한국관광공사 열린관광지 · 이지제주,"현재 무장애 정보는 이동(지체) 접근성 기준입니다. 시각·청각·발달 장애 정보는 확보 중이며, 열린관광 모두의여행(access.visitkorea.or.kr) 또는 이지제주(easyjeju.net)에서 확인하실 수 있습니다.",SURVEYED,,[FIX90] 트레일 사유 이관 — 조사 기록은 routeCondition·barrierFreeDetail·slopeInfo 참조,v3,ROUTE_SURVEY,경로 상태 조사: 포장 해안도로+방파제/포구길+차량 통행 주의+휠체어 접근 부분가능,,,,Y,UNKNOWN,UNKNOWN,
ACC_P280,P280,PARTIAL,UNKNOWN,UNKNOWN,UNKNOWN,PARTIAL,PARTIAL,PARTIAL,UNKNOWN,N,CONDITIONAL,CONDITIONAL,현장 접근 조건부 / 도달 접근사슬 미확보 — 섬 내부는 부분 이용 가능하나 여객선 승하선 안전이 확인되지 않음,경사로 있음,포장/해안도로+봉수대 주변+차량 이동 가능+동행보조 필요+휠체어 접근 부분가능,주차장 있음+화장실 있음+경사로 있음,정상부는 현무암 계단으로 오르는 구조. 도로변과 하부에서의 조망은 가능하나 정상 등반은 어려움. 우도 진입에 여객선 승하선 조건이 별도로 걸림,"정상부는 현무암 계단으로 오르는 구조입니다. 도로변이나 하부에서의 조망은 가능하나 정상 등반은 어렵습니다. 우도까지 여객선 이용이 필수입니다. 전동휠체어 이용자가 성산항에서 우도행 도항선에 승선한 실제 사례가 있고 교통약자 차량도 선적할 수 있으나, 승하선 시 관계자 지원이 필요할 수 있고 선박별 경사판 기울기·폭, 선내 휠체어 고정공간, 여객실 접근, 비상대피 지원이 공식적으로 확인되지 않았습니다. 조위·기상·혼잡도에 따라 승하선 조건이 달라지니 출발 전 선사에 승선 가능 여부와 지원 인력을 확인해 주세요. 우도 순환버스는 저상버스가 아니어서 휠체어로는 이용하실 수 없습니다",,,,휠내비길(wheelnavi.kr) 음성안내 · 제주올레 오디오가이드(jejuolle.org) 코스별 음성해설,「탐나는수어」 앱 · 제주수어통역센터 여행수어 자료(jejudeaf.com),,,,차량+도보,,,,,,,,,,,,2023-12,FERRY_BOARDING,여객선 승하선 제약 · 풍랑 시 결항 가능,,,,,UNKNOWN,UNKNOWN,,,,,제주관광약자접근성안내센터(이지제주) · 한국관광공사 열린관광 · ㈜휴플 현장조사,2026-06,2024~2026,https://easyjeju.net,제주관광공사 「오감으로 즐기는 제주」(2023.12.22) · 한국관광공사 열린관광지 · 이지제주,"현재 무장애 정보는 이동(지체) 접근성 기준입니다. 시각·청각·발달 장애 정보는 확보 중이며, 열린관광 모두의여행(access.visitkorea.or.kr) 또는 이지제주(easyjeju.net)에서 확인하실 수 있습니다.",SURVEYED,"FIX51: 접근사슬 판정 — wheelchairAccess 는 섬 도착 이후 현장 접근성, recommendForMobility 는 본섬 출발부터 핵심 활동까지의 종단 간 도달 가능성을 뜻합니다. 필수 여객선의 안전한 승하선이 공식 확인되지 않아 게이트만 N 으로 내리고 현장 등급은 보존합니다. 근거: 2023-05 전동휠체어 이용자 성산항→하우목동항 승선 기록(전윤선 무장애여행), 2025-08 차량 선적 보도. 선사 공식 장애인 승선정책 원문은 미발견 ※ [FIX83] 접근사슬 판정 — 현장 등급 보존, 진입 관문만 하향 (FIX51)",FIX51: 게이트 Y→N (접근사슬) | FIX83: 이용자 사유 필드에서 내부 표기 제거,v3,ROUTE_SURVEY,경로 상태 조사: 포장/해안도로+봉수대 주변+차량 이동 가능+동행보조 필요+휠체어 접근 부분가능,,,,N,UNKNOWN,UNKNOWN,
ACC_P281,P281,PARTIAL,UNKNOWN,UNKNOWN,UNKNOWN,PARTIAL,PARTIAL,PARTIAL,UNKNOWN,Y,CONDITIONAL,CONDITIONAL,"포장 포구길 이용 가능 / 노면 불량 구간 가능, 장애인 화장실 미확인",경사 있음,포장도로+포구/해안길+노면 불량 가능+휠체어 접근 부분가능,UNKNOWN,경로 조사 — 포장도로와 해안길. 노면이 고르지 않은 구간이 있을 수 있음. 장애인 화장실 미확인,포장도로로 포구까지 가실 수 있습니다. 다만 구간에 따라 노면이 고르지 않은 곳이 있을 수 있습니다. 장애인 화장실은 확인되지 않았으니 오래 머무실 계획이라면 미리 알아보시는 편이 좋습니다.,,,,휠내비길(wheelnavi.kr) 음성안내 · 제주올레 오디오가이드(jejuolle.org) 코스별 음성해설,「탐나는수어」 앱 · 제주수어통역센터 여행수어 자료(jejudeaf.com),,,,차량+대중교통+도보,,,,,,,,,,,,2023-12,,,,,,,UNKNOWN,UNKNOWN,,,,,제주관광약자접근성안내센터(이지제주) · 한국관광공사 열린관광 · ㈜휴플 현장조사,2026-06,2024~2026,https://easyjeju.net,제주관광공사 「오감으로 즐기는 제주」(2023.12.22) · 한국관광공사 열린관광지 · 이지제주,"현재 무장애 정보는 이동(지체) 접근성 기준입니다. 시각·청각·발달 장애 정보는 확보 중이며, 열린관광 모두의여행(access.visitkorea.or.kr) 또는 이지제주(easyjeju.net)에서 확인하실 수 있습니다.",SURVEYED,"[FIX86] 해양 유형 사유 이관 — 조사 기록은 routeCondition·barrierFreeDetail 참조. 잔여 확인 — 장애인 화장실 유무, 노면 상태 실측",FIX86: 해양 유형 사유·안내문 신설,v3,ROUTE_SURVEY,경로 상태 조사: 포장도로+포구/해안길+노면 불량 가능+휠체어 접근 부분가능,,,,Y,UNKNOWN,UNKNOWN,
ACC_P282,P282,PARTIAL,UNKNOWN,UNKNOWN,UNKNOWN,PARTIAL,PARTIAL,PARTIAL,PARTIAL,N,CONDITIONAL,CONDITIONAL,현장 접근 조건부 / 도달 접근사슬 미확보 — 섬 내부는 부분 이용 가능하나 여객선 승하선 안전이 확인되지 않음,,포장도로+섬/해안길+비포장/잔디 가능+물가 미끄럼 위험 있음+화장실 이용 제한 가능+휠체어 접근 부분가능,장애인 화장실 있음(이용 제한 가능),"우도와 육로로 연결되어 있고 비교적 평탄하다고 소개되나, 용암석·잔디·해안 노면의 유효폭과 단차는 실측되지 않음. 우도 진입에 여객선 승하선 조건이 별도로 걸림","우도와 육로로 연결되어 있고 비교적 평탄하다고 소개되나, 용암석·잔디·해안 노면의 유효폭과 단차가 실측된 자료는 없습니다. 우도까지 여객선 이용이 필수입니다. 전동휠체어 이용자가 성산항에서 우도행 도항선에 승선한 실제 사례가 있고 교통약자 차량도 선적할 수 있으나, 승하선 시 관계자 지원이 필요할 수 있고 선박별 경사판 기울기·폭, 선내 휠체어 고정공간, 여객실 접근, 비상대피 지원이 공식적으로 확인되지 않았습니다. 조위·기상·혼잡도에 따라 승하선 조건이 달라지니 출발 전 선사에 승선 가능 여부와 지원 인력을 확인해 주세요. 우도 순환버스는 저상버스가 아니어서 휠체어로는 이용하실 수 없습니다",,,,휠내비길(wheelnavi.kr) 음성안내 · 제주올레 오디오가이드(jejuolle.org) 코스별 음성해설,「탐나는수어」 앱 · 제주수어통역센터 여행수어 자료(jejudeaf.com),,IN_VENUE,이용 동선에서 이용 가능,차량+도보,,,,,,,,,,,,2023-12,FERRY_BOARDING,여객선 승하선 제약 · 풍랑 시 결항 가능,,,,,UNKNOWN,UNKNOWN,,,,,제주관광약자접근성안내센터(이지제주) · 한국관광공사 열린관광 · ㈜휴플 현장조사,2026-06,2024~2026,https://easyjeju.net,제주관광공사 「오감으로 즐기는 제주」(2023.12.22) · 한국관광공사 열린관광지 · 이지제주,"현재 무장애 정보는 이동(지체) 접근성 기준입니다. 시각·청각·발달 장애 정보는 확보 중이며, 열린관광 모두의여행(access.visitkorea.or.kr) 또는 이지제주(easyjeju.net)에서 확인하실 수 있습니다.",SURVEYED,"FIX51: 접근사슬 판정 — wheelchairAccess 는 섬 도착 이후 현장 접근성, recommendForMobility 는 본섬 출발부터 핵심 활동까지의 종단 간 도달 가능성을 뜻합니다. 필수 여객선의 안전한 승하선이 공식 확인되지 않아 게이트만 N 으로 내리고 현장 등급은 보존합니다. 근거: 2023-05 전동휠체어 이용자 성산항→하우목동항 승선 기록(전윤선 무장애여행), 2025-08 차량 선적 보도. 선사 공식 장애인 승선정책 원문은 미발견 ※ [FIX83] 접근사슬 판정 — 현장 등급 보존, 진입 관문만 하향 (FIX51)",FIX51: 게이트 Y→N (접근사슬) | FIX83: 이용자 사유 필드에서 내부 표기 제거,v3,ROUTE_SURVEY,경로 상태 조사: 포장도로+섬/해안길+비포장/잔디 가능+물가 미끄럼 위험 있음+화장실 이용 제한 가능+휠체어 접근 부분가능,,,,N,UNKNOWN,UNKNOWN,
ACC_P283,P283,PARTIAL,UNKNOWN,UNKNOWN,UNKNOWN,PARTIAL,PARTIAL,PARTIAL,UNKNOWN,Y,CONDITIONAL,CONDITIONAL,시설접근 기준 판정 — 활동참여 개별 근거 미확보,,실내 복합공간+카페/여행자센터+주출입구 단차 없음+층간 이동 확인 필요+휠체어 접근 부분가능,장애인 주차장 있음+주출입구 단차 없음+테이블 접근 가능,,,,,,휠내비길(wheelnavi.kr) 음성안내 · 제주올레 오디오가이드(jejuolle.org) 코스별 음성해설,「탐나는수어」 앱 · 제주수어통역센터 여행수어 자료(jejudeaf.com),,,,차량+대중교통+도보,,,,,,,,,,,,2023-12,,,,,,,UNKNOWN,UNKNOWN,,,,,제주관광약자접근성안내센터(이지제주) · 한국관광공사 열린관광 · ㈜휴플 현장조사,2026-06,2024~2026,https://easyjeju.net,제주관광공사 「오감으로 즐기는 제주」(2023.12.22) · 한국관광공사 열린관광지 · 이지제주,"현재 무장애 정보는 이동(지체) 접근성 기준입니다. 시각·청각·발달 장애 정보는 확보 중이며, 열린관광 모두의여행(access.visitkorea.or.kr) 또는 이지제주(easyjeju.net)에서 확인하실 수 있습니다.",SURVEYED,,,v3,ROUTE_SURVEY,경로 상태 조사: 실내 복합공간+카페/여행자센터+주출입구 단차 없음+층간 이동 확인 필요+휠체어 접근 부분가능,,,,Y,UNKNOWN,UNKNOWN,
ACC_P284,P284,NONE,UNKNOWN,UNKNOWN,UNKNOWN,NONE,NONE,NONE,UNKNOWN,N,UNAVAILABLE,UNAVAILABLE,시설접근 기준 판정 — 활동참여 개별 근거 미확보,,해상 섬+유람선/보트 이동+암반/해안절벽+스쿠버/낚시 지점+휠체어 접근 어려움,UNKNOWN,,,,,,휠내비길(wheelnavi.kr) 음성안내 · 제주올레 오디오가이드(jejuolle.org) 코스별 음성해설,「탐나는수어」 앱 · 제주수어통역센터 여행수어 자료(jejudeaf.com),,,,차량+도보,,,,,,,,,,,,2023-12,,,,,,,UNKNOWN,UNKNOWN,,,,,제주관광약자접근성안내센터(이지제주) · 한국관광공사 열린관광 · ㈜휴플 현장조사,2026-06,2024~2026,https://easyjeju.net,제주관광공사 「오감으로 즐기는 제주」(2023.12.22) · 한국관광공사 열린관광지 · 이지제주,"현재 무장애 정보는 이동(지체) 접근성 기준입니다. 시각·청각·발달 장애 정보는 확보 중이며, 열린관광 모두의여행(access.visitkorea.or.kr) 또는 이지제주(easyjeju.net)에서 확인하실 수 있습니다.",SURVEYED,,,v3,FACILITY_SURVEY,편의시설 조사: UNKNOWN,,,,N,UNKNOWN,UNKNOWN,시각·청각장애인의 입수는 동행자와 안전요원 배치 여부에 따라 달라집니다. 해당 해수욕장의 장애인 지원 체계가 확인되지 않았습니다
ACC_P285,P285,PARTIAL,UNKNOWN,UNKNOWN,UNKNOWN,PARTIAL,PARTIAL,PARTIAL,UNKNOWN,Y,CONDITIONAL,CONDITIONAL,용천수 — 바위 아래 계단·단차 구간,,포장도로 인접+용천수/바위 아래+계단/단차 가능+물가 미끄럼 위험 있음+휠체어 접근 부분가능,UNKNOWN,인접 포장도로까지 이동 가능 / 용천수는 바위 아래 계단 구간,용천수가 바위 아래에 있어 계단과 단차를 지나야 합니다. 옆 도로까지는 포장되어 있고 물가는 미끄럽습니다.,,,,휠내비길(wheelnavi.kr) 음성안내 · 제주올레 오디오가이드(jejuolle.org) 코스별 음성해설,「탐나는수어」 앱 · 제주수어통역센터 여행수어 자료(jejudeaf.com),,,,차량+대중교통+도보,,,,,,,,,,,,2023-12,,,,,,,UNKNOWN,UNKNOWN,,,,,제주관광약자접근성안내센터(이지제주) · 한국관광공사 열린관광 · ㈜휴플 현장조사,2026-06,2024~2026,https://easyjeju.net,제주관광공사 「오감으로 즐기는 제주」(2023.12.22) · 한국관광공사 열린관광지 · 이지제주,"현재 무장애 정보는 이동(지체) 접근성 기준입니다. 시각·청각·발달 장애 정보는 확보 중이며, 열린관광 모두의여행(access.visitkorea.or.kr) 또는 이지제주(easyjeju.net)에서 확인하실 수 있습니다.",SURVEYED,,,v3,ROUTE_SURVEY,경로 상태 조사: 포장도로 인접+용천수/바위 아래+계단/단차 가능+물가 미끄럼 위험 있음+휠체어 접근 부분가능,,,,Y,UNKNOWN,UNKNOWN,
ACC_P286,P286,PARTIAL,PARTIAL,UNKNOWN,UNKNOWN,PARTIAL,PARTIAL,PARTIAL,FULL,Y,CONDITIONAL,CONDITIONAL,시설접근 기준 판정 — 활동참여 개별 근거 미확보,"(W.P 37). (좌측) 오르막 경사로. 생태관찰로 시작: 테크길. 폭 100cm
갈림길: 접근성 정보 있음 (계단 혹은 경사 있음. 길 상태 안 좋음)
내리막 시작: 접근성 정보 있음 (계단 혹은 경사 있음. 길 상태 안 좋음)
내리막 시작. 건강산책로 입구: 양쪽보행(중간 건강자갈밟기). 시멘트길. 폭 95cm.
내리막 종료: 접근성 정보 있음 (계단 혹은 경사 있음. 길 상태 안 좋음)
내리막 종료: 경사구간 : 경사 8°
내리막 종료 및 오르막 시작: 경사구간 : 경사 9°
내리막 종료 및 오르막 시작: 경사구간 : 최대 9°
내리막 중간: 경사구간 : 경사 13°
생태관찰로 입구. 매표소 옆 위치: 경사구간 : 경사로 2.3m. 10°. 턱 5cm
야생동물 먹이먹는 곳 관찰장소: 접근성 정보 있음 (계단 혹은 경사 있음. 길 상태 안 좋음)
오르막 시작: 접근성 정보 있음 (계단 혹은 경사 있음. 길 상태 안 좋음)
오르막 시작: 경사구간 : 경사 6°~11°
오르막 종료: 접근성 정보 있음 (계단 혹은 경사 있음. 길 상태 안 좋음)
오르막 종료 및 내리막 시작: 경사구간 : 경사 9°
오르막 종료 및 내리막 시작: 경사구간 : 최대 13°
오르막 중간 경사: 경사구간 : 경사 10°
오르막 중간 쉼터: 접근성 정보 있음 (계단 혹은 경사 있음. 길 상태 안 좋음)
이슈 시작: 폭 66cm. 미끄럼방지 나무턱 시작. 통행주의. 전체 폭 100cm. 나무턱 폭 66cm
이슈 종료: 경사구간 : 내리막 중간 경사 5°. 나무턱 종료+계단 혹은 경사 있음",무장애 데크길+계단 있음+노면 불량/자갈길 가능+일부 산책로 휠체어 접근 어려움+휠체어 접근 부분가능,경사로 있음+휠체어 대여 가능+유모차 대여 가능+장애인 주차장 있음+장애인 화장실 있음+무장애 나눔숲길 있음,,,,,,휠내비길(wheelnavi.kr) 음성안내 · 제주올레 오디오가이드(jejuolle.org) 코스별 음성해설,「탐나는수어」 앱 · 제주수어통역센터 여행수어 자료(jejudeaf.com),,IN_VENUE,이용 동선에서 이용 가능,차량+대중교통+도보,NONE,Y,N,동행자 대리 발권 또는 직원 호출 필요,,,㈜휴플 자체 현장조사 (2024~2025),,,,,2023-12,,,,,,,UNKNOWN,UNKNOWN,,,,,제주관광약자접근성안내센터(이지제주) · 한국관광공사 열린관광 · ㈜휴플 현장조사,2026-06,2024~2026,https://easyjeju.net · https://www.data.go.kr/data/15101897/openapi.do,제주관광공사 「오감으로 즐기는 제주」(2023.12.22) · 한국관광공사 열린관광지 · 이지제주,"현재 무장애 정보는 이동(지체) 접근성 기준입니다. 시각·청각·발달 장애 정보는 확보 중이며, 열린관광 모두의여행(access.visitkorea.or.kr) 또는 이지제주(easyjeju.net)에서 확인하실 수 있습니다.",VERIFIED,[FIX65] 한국관광공사 무장애 API(detailWithTour2) — braileblock=점자블록 있음(화장실 앞)_시각장애인 편의시설,FIX65: visualAccess UNKNOWN→PARTIAL (KTO API),v3,FIELD_SURVEY,㈜휴플 자체 현장조사 / 경로: 무장애 데크길+계단 있음+노면 불량/자갈길 가능+일부 산책로 휠체어 접근 어려움+휠체어 접근 부분가능,,,,Y,UNKNOWN,UNKNOWN,
ACC_P287,P287,PARTIAL,PARTIAL,UNKNOWN,UNKNOWN,PARTIAL,PARTIAL,PARTIAL,FULL,Y,CONDITIONAL,CONDITIONAL,포장 접근로·경사로·산책로 일부와 장애인 편의시설 이용 가능 / 모래사장 단차,해변 경사로,포장 접근로+모래사장+단차 있음+일부 산책로 휠체어 접근 가능,장애인 주차장 있음+장애인 화장실 있음+경사로 있음+휠체어 접근 가능 산책로 있음,"경로 조사 — 포장 접근로와 경사로 확보, 장애인 주차구역·장애인 화장실 있음. 일부 산책로는 휠체어 접근 가능. 모래사장 쪽에는 단차 존재",포장된 접근로와 경사로가 있고 장애인 주차구역과 장애인 화장실이 갖춰져 있습니다. 산책로 일부는 휠체어로 이동하실 수 있습니다. 다만 모래사장 쪽으로 가는 길에 단차가 있어 백사장 안으로 들어가시기는 어렵습니다.,,,,휠내비길(wheelnavi.kr) 음성안내 · 제주올레 오디오가이드(jejuolle.org) 코스별 음성해설,「탐나는수어」 앱 · 제주수어통역센터 여행수어 자료(jejudeaf.com),,IN_VENUE,이용 동선에서 이용 가능,차량+대중교통+도보,,,,,,,,,,,,2023-12,,,,,,,UNKNOWN,UNKNOWN,,,,,제주관광약자접근성안내센터(이지제주) · 한국관광공사 열린관광 · ㈜휴플 현장조사,2026-06,2024~2026,https://easyjeju.net · https://www.data.go.kr/data/15101897/openapi.do,제주관광공사 「오감으로 즐기는 제주」(2023.12.22) · 한국관광공사 열린관광지 · 이지제주,"현재 무장애 정보는 이동(지체) 접근성 기준입니다. 시각·청각·발달 장애 정보는 확보 중이며, 열린관광 모두의여행(access.visitkorea.or.kr) 또는 이지제주(easyjeju.net)에서 확인하실 수 있습니다.",SURVEYED,[FIX65] 한국관광공사 무장애 API(detailWithTour2) — braileblock=점자블록 있음(화장실 앞)_시각장애인 편의시설 ※ [FIX86] 해양 유형 사유 이관 — 조사 기록은 routeCondition·barrierFreeDetail 참조 ※ P288 화순 담수풀장과 노드 분리가 보류 중인 건 — 함께 정리 필요,FIX65: visualAccess UNKNOWN→PARTIAL (KTO API) | FIX86: 해양 유형 사유·안내문 신설,v3,ROUTE_SURVEY,경로 상태 조사: 포장 접근로+모래사장+단차 있음+일부 산책로 휠체어 접근 가능,UNKNOWN,모래사장은 휠체어 바퀴가 빠져 이동이 어렵습니다. 진입로·데크 설치 여부가 확인되지 않았으니 방문 전 문의하시거나 해변용 휠체어 대여 가능 여부를 확인해 주세요,발이 닿는 깊이까지만 들어가시고 먼 바다 쪽으로는 나가지 말아 주세요. 파고가 2m를 넘거나 풍랑특보가 발효되면 입수를 삼가 주세요. 너울은 파도가 잔잔해 보여도 갑자기 밀려오니 갯바위와 방파제 위에는 올라가지 말아 주세요. 체감온도 33도가 넘는 날에는 한낮 물놀이를 피하고 그늘에서 자주 쉬어 주세요. 휠체어 이용자는 파도에 중심을 잃기 쉽고 스스로 빠져나오기 어려우니 반드시 동행자와 함께해 주세요.,Y,UNKNOWN,UNKNOWN,
ACC_P288,P288,PARTIAL,UNKNOWN,UNKNOWN,UNKNOWN,PARTIAL,PARTIAL,PARTIAL,FULL,Y,CONDITIONAL,CONDITIONAL,시설접근 기준 판정 — 활동참여 개별 근거 미확보,경사로 있음,포장 접근로+해변/수영장 주변+단차 있음+물놀이 구역 미끄럼 위험 있음+휠체어 접근 부분가능,장애인 주차장 있음+장애인 화장실 있음+경사로 있음+일부 휠체어 접근 가능 산책로 있음,,,,,,휠내비길(wheelnavi.kr) 음성안내 · 제주올레 오디오가이드(jejuolle.org) 코스별 음성해설,「탐나는수어」 앱 · 제주수어통역센터 여행수어 자료(jejudeaf.com),,IN_VENUE,이용 동선에서 이용 가능,차량+대중교통+도보,,,,,,,,,,,,2023-12,,,,,,,UNKNOWN,UNKNOWN,,,,,제주관광약자접근성안내센터(이지제주) · 한국관광공사 열린관광 · ㈜휴플 현장조사,2026-06,2024~2026,https://easyjeju.net · https://www.data.go.kr/data/15101897/openapi.do,제주관광공사 「오감으로 즐기는 제주」(2023.12.22) · 한국관광공사 열린관광지 · 이지제주,"현재 무장애 정보는 이동(지체) 접근성 기준입니다. 시각·청각·발달 장애 정보는 확보 중이며, 열린관광 모두의여행(access.visitkorea.or.kr) 또는 이지제주(easyjeju.net)에서 확인하실 수 있습니다.",SURVEYED,[FIX65] 한국관광공사 무장애 API(detailWithTour2) — braileblock=점자블록 있음(화장실 앞)_시각장애인 편의시설 [FIX74] contentId 오매칭 확인(2026-08-21 TourAPI 웹 검증) — contentid 126443 은 화순금모래해수욕장(해변)이며 본 노드는 담수수영장. FIX65 근거(점자블록)는 해수욕장 시설 정보이므로 무효 처리,"FIX65: visualAccess UNKNOWN→PARTIAL (KTO API) | FIX74: visualAccess PARTIAL→UNKNOWN (FIX65 근거 무효, contentId 오매칭)",v3,ROUTE_SURVEY,경로 상태 조사: 포장 접근로+해변/수영장 주변+단차 있음+물놀이 구역 미끄럼 위험 있음+휠체어 접근 부분가능,UNKNOWN,모래사장은 휠체어 바퀴가 빠져 이동이 어렵습니다. 진입로·데크 설치 여부가 확인되지 않았으니 방문 전 문의하시거나 해변용 휠체어 대여 가능 여부를 확인해 주세요,발이 닿는 깊이까지만 들어가시고 먼 바다 쪽으로는 나가지 말아 주세요. 파고가 2m를 넘거나 풍랑특보가 발효되면 입수를 삼가 주세요. 너울은 파도가 잔잔해 보여도 갑자기 밀려오니 갯바위와 방파제 위에는 올라가지 말아 주세요. 체감온도 33도가 넘는 날에는 한낮 물놀이를 피하고 그늘에서 자주 쉬어 주세요. 휠체어 이용자는 파도에 중심을 잃기 쉽고 스스로 빠져나오기 어려우니 반드시 동행자와 함께해 주세요.,Y,UNKNOWN,UNKNOWN,
ACC_P289,P289,PARTIAL,UNKNOWN,UNKNOWN,UNKNOWN,PARTIAL,PARTIAL,PARTIAL,FULL,Y,CONDITIONAL,CONDITIONAL,시설접근 기준 판정 — 활동참여 개별 근거 미확보,,포장도로+시장 내부 보행장애물 가능+차로/보행로 혼재+바닥 패임 가능+휠체어 접근 부분가능,장애인 주차장 있음+장애인 화장실 있음+주출입구 단차 없음,시장 내 포장 통로와 무단차 출입구가 있으나 차량·보행 동선이 섞이고 바닥이 고르지 않은 구간이 있어 이동 제약이 있음.,"시장 안은 포장된 통로를 중심으로 이동할 수 있지만, 보행로와 차량 통행 구간이 섞여 있고 바닥이 고르지 않은 곳이 있습니다. 이동할 때 주변 차량과 노면을 확인해 주세요.",,,,휠내비길(wheelnavi.kr) 음성안내 · 제주올레 오디오가이드(jejuolle.org) 코스별 음성해설,「탐나는수어」 앱 · 제주수어통역센터 여행수어 자료(jejudeaf.com),,IN_VENUE,이용 동선에서 이용 가능,차량+대중교통,,,,,,,,,,,,2023-12,MARKET_STALL,노점·가판대·적재물로 실제 통로 폭이 조사값보다 좁아질 수 있음. 장날·성수기 통행 곤란,,,,,UNKNOWN,UNKNOWN,,,,,제주관광약자접근성안내센터(이지제주) · 한국관광공사 열린관광 · ㈜휴플 현장조사,2026-06,2024~2026,https://easyjeju.net,제주관광공사 「오감으로 즐기는 제주」(2023.12.22) · 한국관광공사 열린관광지 · 이지제주,"현재 무장애 정보는 이동(지체) 접근성 기준입니다. 시각·청각·발달 장애 정보는 확보 중이며, 열린관광 모두의여행(access.visitkorea.or.kr) 또는 이지제주(easyjeju.net)에서 확인하실 수 있습니다.",SURVEYED,,,v3,FACILITY_SURVEY,편의시설 조사: 장애인 주차장 있음+장애인 화장실 있음+주출입구 단차 없음,,,,Y,UNKNOWN,UNKNOWN,
ACC_P290,P290,PARTIAL,UNKNOWN,UNKNOWN,UNKNOWN,PARTIAL,PARTIAL,PARTIAL,UNKNOWN,Y,CONDITIONAL,CONDITIONAL,해안 절벽 아래 용천수 — 계단·단차 구간,,포장도로 인접+해안 절벽/방파제+계단/단차 가능+물가 미끄럼 위험 있음+휠체어 접근 부분가능,UNKNOWN,인접 포장도로까지 이동 가능 / 절벽 아래 용천수는 계단 구간,해안 절벽 아래 방파제 쪽에 용천수가 있어 계단과 단차를 지나야 합니다. 옆 도로까지는 포장되어 있고 물가는 미끄럽습니다.,,,,휠내비길(wheelnavi.kr) 음성안내 · 제주올레 오디오가이드(jejuolle.org) 코스별 음성해설,「탐나는수어」 앱 · 제주수어통역센터 여행수어 자료(jejudeaf.com),,,,차량+대중교통+도보,,,,,,,,,,,,2023-12,,,,,,,UNKNOWN,UNKNOWN,,,,,제주관광약자접근성안내센터(이지제주) · 한국관광공사 열린관광 · ㈜휴플 현장조사,2026-06,2024~2026,https://easyjeju.net,제주관광공사 「오감으로 즐기는 제주」(2023.12.22) · 한국관광공사 열린관광지 · 이지제주,"현재 무장애 정보는 이동(지체) 접근성 기준입니다. 시각·청각·발달 장애 정보는 확보 중이며, 열린관광 모두의여행(access.visitkorea.or.kr) 또는 이지제주(easyjeju.net)에서 확인하실 수 있습니다.",SURVEYED,,,v3,ROUTE_SURVEY,경로 상태 조사: 포장도로 인접+해안 절벽/방파제+계단/단차 가능+물가 미끄럼 위험 있음+휠체어 접근 부분가능,,,,Y,UNKNOWN,UNKNOWN,
ACC_P291,P291,FULL,PARTIAL,PARTIAL,UNKNOWN,FULL,FULL,FULL,FULL,Y,AVAILABLE,AVAILABLE,시설접근 기준 판정 — 활동참여 개별 근거 미확보,오르막: 특이사항없음 / 경사구간 : 오르막 58m/6˚+주차장: 특이사항없음 / 경사구간 : 오르막 80m/4-6˚+불턱. 야외 돌 전시장: 특이사항없음,포장도로+실내 관람로+엘리베이터 있음+일부 관람 제한 가능+휠체어 접근 가능,주출입구 단차 없음+장애인 주차장 있음+장애인 화장실 있음+휠체어 대여 가능+유모차 대여 가능+수유실/영유아 돌봄 가능+엘리베이터 있음,,,,점자 안내판 보유 (제주관광공사 「오감으로 즐기는 제주」 2023.12),탐나는수어 앱 수어해설 21곳(10.제주해녀박물관). 현장 QR·AR 수어영상,휠내비길(wheelnavi.kr) 음성안내 · 제주올레 오디오가이드(jejuolle.org) 코스별 음성해설,「탐나는수어」 앱 · 제주수어통역센터 여행수어 자료(jejudeaf.com),,IN_VENUE,이용 동선에서 이용 가능,차량+대중교통,,,,,,,,,,,,2023-12,,,,,,,UNKNOWN,UNKNOWN,,,,,제주관광약자접근성안내센터(이지제주) · 한국관광공사 열린관광 · ㈜휴플 현장조사,2026-06,2024~2026,https://easyjeju.net,제주관광공사 「오감으로 즐기는 제주」(2023.12.22) · 한국관광공사 열린관광지 · 이지제주,"현재 무장애 정보는 이동(지체) 접근성 기준입니다. 시각·청각·발달 장애 정보는 확보 중이며, 열린관광 모두의여행(access.visitkorea.or.kr) 또는 이지제주(easyjeju.net)에서 확인하실 수 있습니다.",PARTIAL,"부분검증(2026-08) — 오감 청각 목록 확인, 이동축 미확인",,v3,ROUTE_SURVEY,경로 상태 조사: 포장도로+실내 관람로+엘리베이터 있음+일부 관람 제한 가능+휠체어 접근 가능,,,,Y,Y,Y,
ACC_P292,P292,PARTIAL,UNKNOWN,UNKNOWN,UNKNOWN,PARTIAL,PARTIAL,PARTIAL,FULL,Y,CONDITIONAL,CONDITIONAL,시설접근 기준 판정 — 활동참여 개별 근거 미확보,경사로 있음+내부 보행로 단차 시 경사로 있음,포장도로+일부구간 접근 불가+야외 탐방로 요철 있음+휠체어 접근 부분가능,장애인 주차장 있음+장애인 화장실 있음+휠체어 대여 가능+유모차 대여 가능+경사로 있음,,,,,,휠내비길(wheelnavi.kr) 음성안내 · 제주올레 오디오가이드(jejuolle.org) 코스별 음성해설,「탐나는수어」 앱 · 제주수어통역센터 여행수어 자료(jejudeaf.com),,IN_VENUE,이용 동선에서 이용 가능,차량+대중교통,,,,,,,,,,,,2023-12,,,,,,,UNKNOWN,UNKNOWN,,,,,제주관광약자접근성안내센터(이지제주) · 한국관광공사 열린관광 · ㈜휴플 현장조사,2026-06,2024~2026,https://easyjeju.net,제주관광공사 「오감으로 즐기는 제주」(2023.12.22) · 한국관광공사 열린관광지 · 이지제주,"현재 무장애 정보는 이동(지체) 접근성 기준입니다. 시각·청각·발달 장애 정보는 확보 중이며, 열린관광 모두의여행(access.visitkorea.or.kr) 또는 이지제주(easyjeju.net)에서 확인하실 수 있습니다.",SURVEYED,,,v3,ROUTE_SURVEY,경로 상태 조사: 포장도로+일부구간 접근 불가+야외 탐방로 요철 있음+휠체어 접근 부분가능,,,,Y,UNKNOWN,UNKNOWN,
ACC_P293,P293,PARTIAL,UNKNOWN,UNKNOWN,UNKNOWN,PARTIAL,PARTIAL,PARTIAL,FULL,Y,CONDITIONAL,CONDITIONAL,시설접근 기준 판정 — 활동참여 개별 근거 미확보,경사로 있음+야외 탐방로 요철/경사 있음,실내외 복합공간+일부구간 접근 불가+휠체어 접근 부분가능,장애인 주차장 있음+장애인 화장실 있음+휠체어 대여 가능+유모차 대여 가능+경사로 있음,,,,,,휠내비길(wheelnavi.kr) 음성안내 · 제주올레 오디오가이드(jejuolle.org) 코스별 음성해설,「탐나는수어」 앱 · 제주수어통역센터 여행수어 자료(jejudeaf.com),,IN_VENUE,이용 동선에서 이용 가능,차량+대중교통,,,,,,,,,,,,2023-12,,,,,,,UNKNOWN,UNKNOWN,,,,,제주관광약자접근성안내센터(이지제주) · 한국관광공사 열린관광 · ㈜휴플 현장조사,2026-06,2024~2026,https://easyjeju.net,제주관광공사 「오감으로 즐기는 제주」(2023.12.22) · 한국관광공사 열린관광지 · 이지제주,"현재 무장애 정보는 이동(지체) 접근성 기준입니다. 시각·청각·발달 장애 정보는 확보 중이며, 열린관광 모두의여행(access.visitkorea.or.kr) 또는 이지제주(easyjeju.net)에서 확인하실 수 있습니다.",SURVEYED,,,v3,ROUTE_SURVEY,경로 상태 조사: 실내외 복합공간+일부구간 접근 불가+휠체어 접근 부분가능,,,,Y,UNKNOWN,UNKNOWN,
ACC_P294,P294,FULL,UNKNOWN,UNKNOWN,UNKNOWN,FULL,FULL,FULL,FULL,Y,AVAILABLE,AVAILABLE,시설접근 기준 판정 — 활동참여 개별 근거 미확보,,포장도로+주출입구 단차 없음+실내 관람로+엘리베이터 있음+휠체어 접근 가능,장애인 주차장 있음+장애인 화장실 있음+엘리베이터 있음+주출입구 단차 없음,,,,,,휠내비길(wheelnavi.kr) 음성안내 · 제주올레 오디오가이드(jejuolle.org) 코스별 음성해설,「탐나는수어」 앱 · 제주수어통역센터 여행수어 자료(jejudeaf.com),,IN_VENUE,이용 동선에서 이용 가능,차량+대중교통,,,,,,,,,,,,2023-12,,,,,,,UNKNOWN,UNKNOWN,,,,,제주관광약자접근성안내센터(이지제주) · 한국관광공사 열린관광 · ㈜휴플 현장조사,2026-06,2024~2026,https://easyjeju.net,제주관광공사 「오감으로 즐기는 제주」(2023.12.22) · 한국관광공사 열린관광지 · 이지제주,"현재 무장애 정보는 이동(지체) 접근성 기준입니다. 시각·청각·발달 장애 정보는 확보 중이며, 열린관광 모두의여행(access.visitkorea.or.kr) 또는 이지제주(easyjeju.net)에서 확인하실 수 있습니다.",SURVEYED,,,v3,ROUTE_SURVEY,경로 상태 조사: 포장도로+주출입구 단차 없음+실내 관람로+엘리베이터 있음+휠체어 접근 가능,,,,Y,UNKNOWN,UNKNOWN,
ACC_P295,P295,PARTIAL,UNKNOWN,UNKNOWN,UNKNOWN,PARTIAL,FULL,PARTIAL,FULL,Y,CONDITIONAL,CONDITIONAL,시설접근 기준 판정 — 활동참여 개별 근거 미확보,"주 출입구 접근로, 매표소 접근로 경사 있습니다+내부 관람로 경사 구간 다수 있습니다+매표소 접근로 9~13.7도 경사로 있습니다",포장도로+판석길/돌길+넓은 야외 관람로+휠체어 접근 부분가능,장애인 주차장 있음+장애인 화장실 있음+휠체어 대여 가능+유모차 대여 가능+수유실 있음+매표소 접근 가능,,,,,,휠내비길(wheelnavi.kr) 음성안내 · 제주올레 오디오가이드(jejuolle.org) 코스별 음성해설,「탐나는수어」 앱 · 제주수어통역센터 여행수어 자료(jejudeaf.com),,IN_VENUE,이용 동선에서 이용 가능,차량+대중교통+도보,,,,,,,,,,,,2023-12,EVENT_CROWD,행사 기간 부스·관람객 밀집으로 통행 제약. 평시와 접근성이 크게 다름,,,,,UNKNOWN,UNKNOWN,,,,,제주관광약자접근성안내센터(이지제주) · 한국관광공사 열린관광 · ㈜휴플 현장조사,2026-06,2024~2026,https://easyjeju.net · https://www.data.go.kr/data/15101897/openapi.do,제주관광공사 「오감으로 즐기는 제주」(2023.12.22) · 한국관광공사 열린관광지 · 이지제주,"현재 무장애 정보는 이동(지체) 접근성 기준입니다. 시각·청각·발달 장애 정보는 확보 중이며, 열린관광 모두의여행(access.visitkorea.or.kr) 또는 이지제주(easyjeju.net)에서 확인하실 수 있습니다.",SURVEYED,"[FIX65] 한국관광공사 무장애 API(detailWithTour2) — stroller=대여가능 (24개월 이하, 대여료 1,000원); lactationroom=수유실 있음",FIX65: strollerAccess PARTIAL→FULL (KTO API),v3,ROUTE_SURVEY,경로 상태 조사: 포장도로+판석길/돌길+넓은 야외 관람로+휠체어 접근 부분가능,,,,Y,UNKNOWN,UNKNOWN,
ACC_P296,P296,PARTIAL,UNKNOWN,UNKNOWN,UNKNOWN,PARTIAL,FULL,PARTIAL,FULL,Y,CONDITIONAL,CONDITIONAL,시설접근 기준 판정 — 활동참여 개별 근거 미확보,"주 출입구 접근로, 매표소 접근로 경사 있습니다+내부 관람로 경사 구간 다수 있습니다+매표소 접근로 9~13.7도 경사로 있습니다",포장도로+판석길/돌길+넓은 야외 관람로+휠체어 접근 부분가능,장애인 주차장 있음+장애인 화장실 있음+휠체어 대여 가능+유모차 대여 가능+수유실 있음+매표소 접근 가능,,,,,,휠내비길(wheelnavi.kr) 음성안내 · 제주올레 오디오가이드(jejuolle.org) 코스별 음성해설,「탐나는수어」 앱 · 제주수어통역센터 여행수어 자료(jejudeaf.com),,IN_VENUE,이용 동선에서 이용 가능,차량+대중교통+도보,,,,,,,,,,,,2023-12,EVENT_CROWD,행사 기간 부스·관람객 밀집으로 통행 제약. 평시와 접근성이 크게 다름,,,,,UNKNOWN,UNKNOWN,,,,,제주관광약자접근성안내센터(이지제주) · 한국관광공사 열린관광 · ㈜휴플 현장조사,2026-06,2024~2026,https://easyjeju.net · https://www.data.go.kr/data/15101897/openapi.do,제주관광공사 「오감으로 즐기는 제주」(2023.12.22) · 한국관광공사 열린관광지 · 이지제주,"현재 무장애 정보는 이동(지체) 접근성 기준입니다. 시각·청각·발달 장애 정보는 확보 중이며, 열린관광 모두의여행(access.visitkorea.or.kr) 또는 이지제주(easyjeju.net)에서 확인하실 수 있습니다.",SURVEYED,"[FIX65] 한국관광공사 무장애 API(detailWithTour2) — stroller=대여가능 (24개월 이하, 대여료 1,000원); lactationroom=수유실 있음",FIX65: strollerAccess PARTIAL→FULL (KTO API),v3,ROUTE_SURVEY,경로 상태 조사: 포장도로+판석길/돌길+넓은 야외 관람로+휠체어 접근 부분가능,,,,Y,UNKNOWN,UNKNOWN,
ACC_P297,P297,PARTIAL,UNKNOWN,UNKNOWN,UNKNOWN,PARTIAL,FULL,PARTIAL,FULL,Y,CONDITIONAL,CONDITIONAL,시설접근 기준 판정 — 활동참여 개별 근거 미확보,"주 출입구 접근로, 매표소 접근로 경사 있습니다+내부 관람로 경사 구간 다수 있습니다+매표소 접근로 9~13.7도 경사로 있습니다",포장도로+판석길/돌길+넓은 야외 관람로+휠체어 접근 부분가능,장애인 주차장 있음+장애인 화장실 있음+휠체어 대여 가능+유모차 대여 가능+수유실 있음+매표소 접근 가능,,,,,,휠내비길(wheelnavi.kr) 음성안내 · 제주올레 오디오가이드(jejuolle.org) 코스별 음성해설,「탐나는수어」 앱 · 제주수어통역센터 여행수어 자료(jejudeaf.com),,IN_VENUE,이용 동선에서 이용 가능,차량+대중교통+도보,,,,,,,,,,,,2023-12,EVENT_CROWD,행사 기간 부스·관람객 밀집으로 통행 제약. 평시와 접근성이 크게 다름,,,,,UNKNOWN,UNKNOWN,,,,,제주관광약자접근성안내센터(이지제주) · 한국관광공사 열린관광 · ㈜휴플 현장조사,2026-06,2024~2026,https://easyjeju.net · https://www.data.go.kr/data/15101897/openapi.do,제주관광공사 「오감으로 즐기는 제주」(2023.12.22) · 한국관광공사 열린관광지 · 이지제주,"현재 무장애 정보는 이동(지체) 접근성 기준입니다. 시각·청각·발달 장애 정보는 확보 중이며, 열린관광 모두의여행(access.visitkorea.or.kr) 또는 이지제주(easyjeju.net)에서 확인하실 수 있습니다.",SURVEYED,"[FIX65] 한국관광공사 무장애 API(detailWithTour2) — stroller=대여가능 (24개월 이하, 대여료 1,000원); lactationroom=수유실 있음",FIX65: strollerAccess PARTIAL→FULL (KTO API),v3,ROUTE_SURVEY,경로 상태 조사: 포장도로+판석길/돌길+넓은 야외 관람로+휠체어 접근 부분가능,,,,Y,UNKNOWN,UNKNOWN,
ACC_P298,P298,PARTIAL,UNKNOWN,UNKNOWN,UNKNOWN,PARTIAL,FULL,PARTIAL,FULL,Y,CONDITIONAL,CONDITIONAL,시설접근 기준 판정 — 활동참여 개별 근거 미확보,"주 출입구 접근로, 매표소 접근로 경사 있습니다+내부 관람로 경사 구간 다수 있습니다+매표소 접근로 9~13.7도 경사로 있습니다",포장도로+판석길/돌길+넓은 야외 관람로+휠체어 접근 부분가능,장애인 주차장 있음+장애인 화장실 있음+휠체어 대여 가능+유모차 대여 가능+수유실 있음+매표소 접근 가능,,,,,,휠내비길(wheelnavi.kr) 음성안내 · 제주올레 오디오가이드(jejuolle.org) 코스별 음성해설,「탐나는수어」 앱 · 제주수어통역센터 여행수어 자료(jejudeaf.com),,IN_VENUE,이용 동선에서 이용 가능,차량+대중교통+도보,,,,,,,,,,,,2023-12,EVENT_CROWD,행사 기간 부스·관람객 밀집으로 통행 제약. 평시와 접근성이 크게 다름,,,,,UNKNOWN,UNKNOWN,,,,,제주관광약자접근성안내센터(이지제주) · 한국관광공사 열린관광 · ㈜휴플 현장조사,2026-06,2024~2026,https://easyjeju.net · https://www.data.go.kr/data/15101897/openapi.do,제주관광공사 「오감으로 즐기는 제주」(2023.12.22) · 한국관광공사 열린관광지 · 이지제주,"현재 무장애 정보는 이동(지체) 접근성 기준입니다. 시각·청각·발달 장애 정보는 확보 중이며, 열린관광 모두의여행(access.visitkorea.or.kr) 또는 이지제주(easyjeju.net)에서 확인하실 수 있습니다.",SURVEYED,"[FIX65] 한국관광공사 무장애 API(detailWithTour2) — stroller=대여가능 (24개월 이하, 대여료 1,000원); lactationroom=수유실 있음",FIX65: strollerAccess PARTIAL→FULL (KTO API),v3,ROUTE_SURVEY,경로 상태 조사: 포장도로+판석길/돌길+넓은 야외 관람로+휠체어 접근 부분가능,,,,Y,UNKNOWN,UNKNOWN,
ACC_P299,P299,PARTIAL,UNKNOWN,UNKNOWN,UNKNOWN,PARTIAL,PARTIAL,PARTIAL,UNKNOWN,Y,CONDITIONAL,CONDITIONAL,시설접근 기준 판정 — 활동참여 개별 근거 미확보,,포장 해안도로 인접+주차 공터+식당 진입 전 작은 단차 가능+실내 공연/식음 공간+휠체어 접근 부분가능,주차장 있음,,,,,,휠내비길(wheelnavi.kr) 음성안내 · 제주올레 오디오가이드(jejuolle.org) 코스별 음성해설,「탐나는수어」 앱 · 제주수어통역센터 여행수어 자료(jejudeaf.com),,,,차량+대중교통,,,,,,,,,,,,2023-12,,,,,,,UNKNOWN,UNKNOWN,,,,,제주관광약자접근성안내센터(이지제주) · 한국관광공사 열린관광 · ㈜휴플 현장조사,2026-06,2024~2026,https://easyjeju.net,제주관광공사 「오감으로 즐기는 제주」(2023.12.22) · 한국관광공사 열린관광지 · 이지제주,"현재 무장애 정보는 이동(지체) 접근성 기준입니다. 시각·청각·발달 장애 정보는 확보 중이며, 열린관광 모두의여행(access.visitkorea.or.kr) 또는 이지제주(easyjeju.net)에서 확인하실 수 있습니다.",SURVEYED,,,v3,ROUTE_SURVEY,경로 상태 조사: 포장 해안도로 인접+주차 공터+식당 진입 전 작은 단차 가능+실내 공연/식음 공간+휠체어 접근 부분가능,,,,Y,UNKNOWN,UNKNOWN,
ACC_P300,P300,PARTIAL,UNKNOWN,UNKNOWN,UNKNOWN,PARTIAL,PARTIAL,PARTIAL,PARTIAL,Y,CONDITIONAL,CONDITIONAL,휠체어 올레 구간은 이동 가능 / 횡단보도·차량 구간은 주의 필요,오르막 2~5도,포장 해안도로+휠체어 올레길 구간 있음+횡단보도/차량 통행 주의+휠체어 접근 부분가능,휠체어 올레길 있음+주차장 있음+접근가능 쉼터 있음+인근 장애인 화장실 있음,휠체어 올레 구간과 접근 가능 쉼터 확보. 횡단보도·차량 통행 구간 혼재,"해맞이해안도로에는 휠체어로 이용하실 수 있는 올레 구간이 있고, 주차장과 접근 가능한 쉼터가 있습니다. 오르막은 완만합니다. 다만 횡단보도와 차량 통행 구간이 섞여 있어 주의가 필요하고, 인근 장애인 화장실은 일부만 이용 가능합니다.",,,,휠내비길(wheelnavi.kr) 음성안내 · 제주올레 오디오가이드(jejuolle.org) 코스별 음성해설,「탐나는수어」 앱 · 제주수어통역센터 여행수어 자료(jejudeaf.com),,,이 관광지 안에는 장애인 화장실이 없습니다.,차량+대중교통+도보,,,,,,,,,,,,2023-12,,,,,,,UNKNOWN,UNKNOWN,,,,,제주관광약자접근성안내센터(이지제주) · 한국관광공사 열린관광 · ㈜휴플 현장조사,2026-06,2024~2026,https://easyjeju.net,제주관광공사 「오감으로 즐기는 제주」(2023.12.22) · 한국관광공사 열린관광지 · 이지제주,"현재 무장애 정보는 이동(지체) 접근성 기준입니다. 시각·청각·발달 장애 정보는 확보 중이며, 열린관광 모두의여행(access.visitkorea.or.kr) 또는 이지제주(easyjeju.net)에서 확인하실 수 있습니다.",SURVEYED,[FIX99] 조사기록에 「인근·주변에 장애인 화장실 있음」으로만 적혀 있고 시설명·거리가 특정되지 않아 이용자 안내에서는 제외함. 정확한 시설명과 거리 확인 필요.,[FIX90] 트레일 사유 이관 — 조사 기록은 routeCondition·barrierFreeDetail·slopeInfo 참조,v3,ROUTE_SURVEY,경로 상태 조사: 포장 해안도로+휠체어 올레길 구간 있음+횡단보도/차량 통행 주의+휠체어 접근 부분가능,,,,Y,UNKNOWN,UNKNOWN,
ACC_P301,P301,PARTIAL,UNKNOWN,UNKNOWN,UNKNOWN,PARTIAL,PARTIAL,PARTIAL,UNKNOWN,N,CONDITIONAL,CONDITIONAL,섭지코지 언덕 위 — 연대 주변 돌축 단차,경사 구간 있음,포장 산책로 인접+섭지코지 언덕+연대/돌축 주변 단차 가능+휠체어 접근 부분가능,주차장 있음+산책로 휠체어 이동 가능 구간 있음,포장 산책로 구간 이용 가능 / 연대 주변 돌축에 단차,"섭지코지 포장 산책로 가운데 이동 가능한 구간이 있고, 연대가 있는 언덕은 돌축 주변에 단차와 경사가 있습니다. 주차장이 있으며 500m 안에 대중교통 정류장은 없습니다.",,,,휠내비길(wheelnavi.kr) 음성안내 · 제주올레 오디오가이드(jejuolle.org) 코스별 음성해설,「탐나는수어」 앱 · 제주수어통역센터 여행수어 자료(jejudeaf.com),,,,차량+도보,,,,,,,,,,,,2023-12,,,,,,,UNKNOWN,UNKNOWN,,,,,제주관광약자접근성안내센터(이지제주) · 한국관광공사 열린관광 · ㈜휴플 현장조사,2026-06,2024~2026,https://easyjeju.net,제주관광공사 「오감으로 즐기는 제주」(2023.12.22) · 한국관광공사 열린관광지 · 이지제주,"현재 무장애 정보는 이동(지체) 접근성 기준입니다. 시각·청각·발달 장애 정보는 확보 중이며, 열린관광 모두의여행(access.visitkorea.or.kr) 또는 이지제주(easyjeju.net)에서 확인하실 수 있습니다.",SURVEYED,,,v3,ROUTE_SURVEY,경로 상태 조사: 포장 산책로 인접+섭지코지 언덕+연대/돌축 주변 단차 가능+휠체어 접근 부분가능,,,,Y,UNKNOWN,UNKNOWN,
ACC_P302,P302,PARTIAL,UNKNOWN,UNKNOWN,UNKNOWN,PARTIAL,PARTIAL,PARTIAL,UNKNOWN,Y,CONDITIONAL,CONDITIONAL,"드라이브 중심 유채꽃길 — 농로 비포장, 차량 통행",,포장 2차선 도로+드라이브 중심+농로/밭길 비포장 가능+차량 통행 주의+휠체어 접근 부분가능,UNKNOWN,포장 2차선 도로 구간 이용 가능 / 밭길은 비포장,차를 타고 지나며 보는 곳으로 도로는 2차선 포장입니다. 꽃밭 안 농로와 밭길은 비포장이고 차량이 다니니 주의가 필요합니다.,,,,휠내비길(wheelnavi.kr) 음성안내 · 제주올레 오디오가이드(jejuolle.org) 코스별 음성해설,「탐나는수어」 앱 · 제주수어통역센터 여행수어 자료(jejudeaf.com),,,,차량+대중교통+도보,,,,,,,,,,,,2023-12,,,,,,,UNKNOWN,UNKNOWN,,,,,제주관광약자접근성안내센터(이지제주) · 한국관광공사 열린관광 · ㈜휴플 현장조사,2026-06,2024~2026,https://easyjeju.net,제주관광공사 「오감으로 즐기는 제주」(2023.12.22) · 한국관광공사 열린관광지 · 이지제주,"현재 무장애 정보는 이동(지체) 접근성 기준입니다. 시각·청각·발달 장애 정보는 확보 중이며, 열린관광 모두의여행(access.visitkorea.or.kr) 또는 이지제주(easyjeju.net)에서 확인하실 수 있습니다.",SURVEYED,,,v3,ROUTE_SURVEY,경로 상태 조사: 포장 2차선 도로+드라이브 중심+농로/밭길 비포장 가능+차량 통행 주의+휠체어 접근 부분가능,,,,Y,UNKNOWN,UNKNOWN,
ACC_P303,P303,NONE,UNKNOWN,UNKNOWN,UNKNOWN,NONE,NONE,PARTIAL,FULL,Y,UNAVAILABLE,UNAVAILABLE,시설접근 기준 판정 — 활동참여 개별 근거 미확보,"주 출입구 접근로, 매표소 접근로 경사 있습니다+내부 관람로 경사 구간 다수 있습니다+매표소 접근로 9~13.7도 경사로 있습니다",공원 내 동굴+계단 있음+돌길/습한 노면+동굴 내부 휠체어 접근 어려움,장애인 주차장 있음+장애인 화장실 있음+휠체어 대여 가능(공원)+매표소 접근 가능,,,,,,휠내비길(wheelnavi.kr) 음성안내 · 제주올레 오디오가이드(jejuolle.org) 코스별 음성해설,「탐나는수어」 앱 · 제주수어통역센터 여행수어 자료(jejudeaf.com),,ENTRANCE_ONLY,장애인 화장실은 입구·주차장 등 부대시설에 위치. 이용 동선에는 없음,차량+대중교통+도보,,,,,,,,,,,,2023-12,,,,,,,UNKNOWN,UNKNOWN,,,,,제주관광약자접근성안내센터(이지제주) · 한국관광공사 열린관광 · ㈜휴플 현장조사,2026-06,2024~2026,https://easyjeju.net,제주관광공사 「오감으로 즐기는 제주」(2023.12.22) · 한국관광공사 열린관광지 · 이지제주,"현재 무장애 정보는 이동(지체) 접근성 기준입니다. 시각·청각·발달 장애 정보는 확보 중이며, 열린관광 모두의여행(access.visitkorea.or.kr) 또는 이지제주(easyjeju.net)에서 확인하실 수 있습니다.",SURVEYED,,,v3,ROUTE_SURVEY,경로 상태 조사: 공원 내 동굴+계단 있음+돌길/습한 노면+동굴 내부 휠체어 접근 어려움,,,,N,UNKNOWN,UNKNOWN,시각·청각 접근성 정보가 확인되지 않았습니다
ACC_P304,P304,PARTIAL,UNKNOWN,UNKNOWN,UNKNOWN,PARTIAL,PARTIAL,PARTIAL,UNKNOWN,N,CONDITIONAL,CONDITIONAL,"포장 해안도로 이동 가능 / 활동참여 조건부 — 보행로 불연속, 절벽·갯바위 접근 주의",,포장 해안도로+드라이브 중심+보행로/자전거길 구간 있음+해안 절벽/갯바위+차량 통행 주의+휠체어 접근 부분가능,주차장 있음+화장실 있음,포장 해안도로. 보행로·자전거길 구간과 미설치 구간이 혼재하여 일부 차도 병행. 주차장·화장실 확인되나 장애인 전용 여부 미확인. 해안 절벽·갯바위 인접 구간 안전 주의,"애월 해안을 따라가는 포장 도로로, 드라이브 명소로 알려진 곳입니다. 차를 세우고 바다를 보실 수 있는 지점들이 있습니다. 주차장과 화장실이 있지만 장애인 전용 시설인지는 확인되지 않아, 이용하실 계획이라면 미리 알아보시는 편이 좋습니다. 보행로와 자전거길이 있는 구간과 없는 구간이 섞여 있어, 없는 곳에서는 차도 옆으로 지나가시게 되니 차량 통행에 유의해 주세요. 보행로가 끊기는 곳에서는 동행하시는 분이 계시면 한결 안전합니다. 해안 절벽과 갯바위 쪽은 가장자리로 가까이 가지 않으시는 편이 안전합니다.",,,,휠내비길(wheelnavi.kr) 음성안내 · 제주올레 오디오가이드(jejuolle.org) 코스별 음성해설,「탐나는수어」 앱 · 제주수어통역센터 여행수어 자료(jejudeaf.com),,,,차량+도보,,,,,,,,,,,,2023-12,,,,,,,UNKNOWN,UNKNOWN,,,,,제주관광약자접근성안내센터(이지제주) · 한국관광공사 열린관광 · ㈜휴플 현장조사,2026-06,2024~2026,https://easyjeju.net,제주관광공사 「오감으로 즐기는 제주」(2023.12.22) · 한국관광공사 열린관광지 · 이지제주,"현재 무장애 정보는 이동(지체) 접근성 기준입니다. 시각·청각·발달 장애 정보는 확보 중이며, 열린관광 모두의여행(access.visitkorea.or.kr) 또는 이지제주(easyjeju.net)에서 확인하실 수 있습니다.",SURVEYED,"[FIX82] 외부 교차확인(2026-08) — 이지제주·열린관광 모두의여행·비짓제주 어디에도 지점별 등재 없음(2차 자료 목록 대조에서도 동일). 자체 경로조사(2026-06) 단독 근거로 PARTIAL 유지. 안내문의 동행 권유는 자체 조사의 '보행로 불연속' 기록에 근거한 일반 안내이며 지점별 실측값이 아님. 잔여 확인 — 주차장·화장실의 장애인 전용 여부, 보행로 설치 구간의 범위","FIX82: 자체 경로조사 내용을 사유 필드로 이관, evidenceType 정정",v3,ROUTE_SURVEY,경로 상태 조사: 포장 해안도로+드라이브 중심+보행로/자전거길 구간 있음+해안 절벽/갯바위+차량 통행 주의+휠체어 접근 부분가능 / 주차장·화장실 있음(장애인 전용 여부 미확인),,,,Y,UNKNOWN,UNKNOWN,
ACC_P305,P305,FULL,PARTIAL,UNKNOWN,UNKNOWN,FULL,FULL,FULL,FULL,Y,AVAILABLE,CONDITIONAL,대규모 국제회의시설로 장애인등편의법 의무설치 대상(엘리베이터·장애인화장실·경사로). 단 관광 목적 방문은 행사 개최 시에만 유효 — 행사별 확인 필요,,포장도로+주출입구 단차 없음+실내 회의/전시시설+엘리베이터 있음+휠체어 접근 가능,장애인 주차장 있음+장애인 화장실 있음+휠체어 대여 가능+유모차 대여 가능+수유실/영유아 돌봄 가능+엘리베이터 있음,,출입구까지 턱이 없고 장애인용 엘리베이터가 있습니다. 장애인 화장실이 층마다 있고 장애인 주차구역이 있습니다. 휠체어 대여가 됩니다.,,,,휠내비길(wheelnavi.kr) 음성안내 · 제주올레 오디오가이드(jejuolle.org) 코스별 음성해설,「탐나는수어」 앱 · 제주수어통역센터 여행수어 자료(jejudeaf.com),,IN_VENUE,이용 동선에서 이용 가능,차량+대중교통+도보,,,,,,,,,,,,2023-12,,,,,,,UNKNOWN,UNKNOWN,,,,,제주관광약자접근성안내센터(이지제주) · 한국관광공사 열린관광 · ㈜휴플 현장조사,2026-06,2024~2026,https://easyjeju.net · https://www.data.go.kr/data/15101897/openapi.do,제주관광공사 「오감으로 즐기는 제주」(2023.12.22) · 한국관광공사 열린관광지 · 이지제주,"현재 무장애 정보는 이동(지체) 접근성 기준입니다. 시각·청각·발달 장애 정보는 확보 중이며, 열린관광 모두의여행(access.visitkorea.or.kr) 또는 이지제주(easyjeju.net)에서 확인하실 수 있습니다.",VERIFIED,검증완료(2026-07) — 이용 가부 판정 [FIX65] 한국관광공사 무장애 API(detailWithTour2) — braileblock=점자블록 있음_시각장애인 편의시설,FIX23: 근거 부재 FULL→UNKNOWN | FIX65: visualAccess UNKNOWN→PARTIAL (KTO API),v3,ROUTE_SURVEY,경로 상태 조사: 포장도로+주출입구 단차 없음+실내 회의/전시시설+엘리베이터 있음+휠체어 접근 가능,,,,Y,UNKNOWN,UNKNOWN,
ACC_P306,P306,PARTIAL,UNKNOWN,UNKNOWN,UNKNOWN,PARTIAL,PARTIAL,PARTIAL,UNKNOWN,Y,CONDITIONAL,CONDITIONAL,산간 포장도로 — 갓길·보행공간 제한,경사 있음,차량 이동 중심+산간 포장도로+갓길/보행공간 제한+휠체어 접근 부분가능,UNKNOWN,차량 이동 구간 이용 가능 / 갓길 보행공간 제한,차로 지나며 보는 산간 도로로 포장되어 있으나 갓길과 보행 공간이 좁고 경사가 있습니다.,,,,휠내비길(wheelnavi.kr) 음성안내 · 제주올레 오디오가이드(jejuolle.org) 코스별 음성해설,「탐나는수어」 앱 · 제주수어통역센터 여행수어 자료(jejudeaf.com),,,,차량+대중교통+도보,,,,,,,,,,,,2023-12,,,,,,,UNKNOWN,UNKNOWN,,,,,제주관광약자접근성안내센터(이지제주) · 한국관광공사 열린관광 · ㈜휴플 현장조사,2026-06,2024~2026,https://easyjeju.net,제주관광공사 「오감으로 즐기는 제주」(2023.12.22) · 한국관광공사 열린관광지 · 이지제주,"현재 무장애 정보는 이동(지체) 접근성 기준입니다. 시각·청각·발달 장애 정보는 확보 중이며, 열린관광 모두의여행(access.visitkorea.or.kr) 또는 이지제주(easyjeju.net)에서 확인하실 수 있습니다.",SURVEYED,,,v3,ROUTE_SURVEY,경로 상태 조사: 차량 이동 중심+산간 포장도로+갓길/보행공간 제한+휠체어 접근 부분가능,,,,Y,UNKNOWN,UNKNOWN,
ACC_P307,P307,NONE,UNKNOWN,UNKNOWN,UNKNOWN,NONE,NONE,NONE,UNKNOWN,N,UNAVAILABLE,UNAVAILABLE,주차장 등 진입부는 이용 가능 / 오름 등반로는 접근 불가,경사 있음,오름/숲길+포장 임도 일부+흙길/계단 있음+정상부 송신탑 구간+휠체어 접근 어려움,UNKNOWN,,개월이 오름의 오름 등반로는 비포장 자연 노면·계단이라 휠체어로 이동하시기 어렵습니다. 장애인 화장실은 확인되지 않았습니다.,,,,휠내비길(wheelnavi.kr) 음성안내 · 제주올레 오디오가이드(jejuolle.org) 코스별 음성해설,「탐나는수어」 앱 · 제주수어통역센터 여행수어 자료(jejudeaf.com),,,,차량+도보,,,,,,,,,,,,2023-12,,,,,,,UNKNOWN,UNKNOWN,,,,,제주관광약자접근성안내센터(이지제주) · 한국관광공사 열린관광 · ㈜휴플 현장조사,2026-06,2024~2026,https://easyjeju.net,제주관광공사 「오감으로 즐기는 제주」(2023.12.22) · 한국관광공사 열린관광지 · 이지제주,"현재 무장애 정보는 이동(지체) 접근성 기준입니다. 시각·청각·발달 장애 정보는 확보 중이며, 열린관광 모두의여행(access.visitkorea.or.kr) 또는 이지제주(easyjeju.net)에서 확인하실 수 있습니다.",SURVEYED,[FIX89] 산·오름 사유 이관 — 조사 기록은 routeCondition·barrierFreeDetail 참조,,v3,ROUTE_SURVEY,경로 상태 조사: 오름/숲길+포장 임도 일부+흙길/계단 있음+정상부 송신탑 구간+휠체어 접근 어려움,,,,N,UNKNOWN,UNKNOWN,"시각장애인은 동행자와 함께라면 이용 가능할 수 있으나 안내 설비 정보가 없습니다. 청각장애인은 이동에 제약이 적을 것으로 보이나, 조난 시 연락 수단·안내 방송 여부가 확인되지 않았습니다"
ACC_P308,P308,PARTIAL,UNKNOWN,UNKNOWN,UNKNOWN,PARTIAL,PARTIAL,PARTIAL,UNKNOWN,N,CONDITIONAL,CONDITIONAL,"목장 초지 — 비포장 잔디, 경사 구간",경사 가능,포장도로 인접+목장/초지+비포장/잔디+휠체어 접근 부분가능,주차장 있음,인접 포장도로와 주차장까지 이용 가능 / 초지는 비포장 잔디,목장 초지는 비포장 잔디이고 경사가 있을 수 있습니다. 옆 도로까지는 포장되어 있고 주차장이 있습니다. 500m 안에 대중교통 정류장은 없습니다.,,,,휠내비길(wheelnavi.kr) 음성안내 · 제주올레 오디오가이드(jejuolle.org) 코스별 음성해설,「탐나는수어」 앱 · 제주수어통역센터 여행수어 자료(jejudeaf.com),,,,차량+도보,,,,,,,,,,,,2023-12,,,,,,,UNKNOWN,UNKNOWN,,,,,제주관광약자접근성안내센터(이지제주) · 한국관광공사 열린관광 · ㈜휴플 현장조사,2026-06,2024~2026,https://easyjeju.net,제주관광공사 「오감으로 즐기는 제주」(2023.12.22) · 한국관광공사 열린관광지 · 이지제주,"현재 무장애 정보는 이동(지체) 접근성 기준입니다. 시각·청각·발달 장애 정보는 확보 중이며, 열린관광 모두의여행(access.visitkorea.or.kr) 또는 이지제주(easyjeju.net)에서 확인하실 수 있습니다.",SURVEYED,,,v3,ROUTE_SURVEY,경로 상태 조사: 포장도로 인접+목장/초지+비포장/잔디+휠체어 접근 부분가능,,,,Y,UNKNOWN,UNKNOWN,
ACC_P309,P309,NONE,UNKNOWN,UNKNOWN,UNKNOWN,NONE,NONE,NONE,FULL,Y,UNAVAILABLE,UNAVAILABLE,진입부 편의시설은 이용 가능 / 숲길 구간은 접근 불가,경사 있음,숲길+흙길/돌길+좁은 산책로+기상 영향+휠체어 접근 어려움,장애인 주차장 있음+장애인 화장실 있음+휠체어 대여 가능+유모차 대여 가능,,장생의 숲길은 장애인 주차구역과 장애인 화장실이 갖춰져 있고 휠체어와 유모차를 빌리실 수 있습니다. 다만 숲길은 흙길과 돌길이 좁게 이어지고 경사가 있어 휠체어로 이동하시기 어렵습니다. 비가 오면 노면 상태가 더 나빠집니다.,,,,휠내비길(wheelnavi.kr) 음성안내 · 제주올레 오디오가이드(jejuolle.org) 코스별 음성해설,「탐나는수어」 앱 · 제주수어통역센터 여행수어 자료(jejudeaf.com),,ENTRANCE_ONLY,장애인 화장실은 입구·주차장 등 부대시설에 위치. 이용 동선에는 없음,차량+대중교통+도보,,,,,,,,,,,,2023-12,,,,,,,UNKNOWN,UNKNOWN,,,,,제주관광약자접근성안내센터(이지제주) · 한국관광공사 열린관광 · ㈜휴플 현장조사,2026-06,2024~2026,https://easyjeju.net,제주관광공사 「오감으로 즐기는 제주」(2023.12.22) · 한국관광공사 열린관광지 · 이지제주,"현재 무장애 정보는 이동(지체) 접근성 기준입니다. 시각·청각·발달 장애 정보는 확보 중이며, 열린관광 모두의여행(access.visitkorea.or.kr) 또는 이지제주(easyjeju.net)에서 확인하실 수 있습니다.",SURVEYED,,[FIX90] 트레일 사유 이관 — 조사 기록은 routeCondition·barrierFreeDetail·slopeInfo 참조,v3,ROUTE_SURVEY,경로 상태 조사: 숲길+흙길/돌길+좁은 산책로+기상 영향+휠체어 접근 어려움,,,,N,UNKNOWN,UNKNOWN,"시각장애인은 동행자와 함께라면 이용 가능할 수 있으나 안내 설비 정보가 없습니다. 청각장애인은 이동에 제약이 적을 것으로 보이나, 조난 시 연락 수단·안내 방송 여부가 확인되지 않았습니다"
ACC_P310,P310,PARTIAL,UNKNOWN,UNKNOWN,UNKNOWN,PARTIAL,PARTIAL,PARTIAL,FULL,Y,CONDITIONAL,CONDITIONAL,시설접근 기준 판정 — 활동참여 개별 근거 미확보,,안내소/전시실 접근 가능+탐방로 비포장/암반+등산화 필요+일부 코스 휠체어 접근 어려움+휠체어 접근 부분가능,장애인 주차장 있음+장애인 화장실 있음+안내소 접근 가능+수유실/영유아 돌봄 가능,,,,,,휠내비길(wheelnavi.kr) 음성안내 · 제주올레 오디오가이드(jejuolle.org) 코스별 음성해설,「탐나는수어」 앱 · 제주수어통역센터 여행수어 자료(jejudeaf.com),,IN_VENUE,이용 동선에서 이용 가능,차량+대중교통+도보,,,,,,,,,,,,2023-12,,,,,,,UNKNOWN,UNKNOWN,,,,,제주관광약자접근성안내센터(이지제주) · 한국관광공사 열린관광 · ㈜휴플 현장조사,2026-06,2024~2026,https://easyjeju.net,제주관광공사 「오감으로 즐기는 제주」(2023.12.22) · 한국관광공사 열린관광지 · 이지제주,"현재 무장애 정보는 이동(지체) 접근성 기준입니다. 시각·청각·발달 장애 정보는 확보 중이며, 열린관광 모두의여행(access.visitkorea.or.kr) 또는 이지제주(easyjeju.net)에서 확인하실 수 있습니다.",SURVEYED,,,v3,ROUTE_SURVEY,경로 상태 조사: 안내소/전시실 접근 가능+탐방로 비포장/암반+등산화 필요+일부 코스 휠체어 접근 어려움+휠체어 접근 부분가능,,,,Y,UNKNOWN,UNKNOWN,
ACC_P311,P311,PARTIAL,UNKNOWN,UNKNOWN,UNKNOWN,PARTIAL,PARTIAL,PARTIAL,UNKNOWN,Y,CONDITIONAL,CONDITIONAL,포장 산책로 평지 구간 — 물가 진입은 계단·너럭바위,,포장 산책로+평지 구간 있음+계단/너럭바위 진입 구간 있음+물가 미끄럼 위험 있음+휠체어 접근 부분가능,주차장 있음+화장실 있음+산책로 휠체어 이동 가능 구간 있음,포장 산책로 평지 구간 이용 가능 / 물가 진입은 계단·너럭바위,"산책로에 포장된 평지 구간이 있어 그곳까지는 이동하실 수 있고, 물가로 내려가는 곳은 계단과 너럭바위입니다. 주차장과 화장실이 있습니다.",,,,휠내비길(wheelnavi.kr) 음성안내 · 제주올레 오디오가이드(jejuolle.org) 코스별 음성해설,「탐나는수어」 앱 · 제주수어통역센터 여행수어 자료(jejudeaf.com),,,,차량+대중교통+도보,,,,,,,,,,,,2023-12,,,,,,,UNKNOWN,UNKNOWN,,,,,제주관광약자접근성안내센터(이지제주) · 한국관광공사 열린관광 · ㈜휴플 현장조사,2026-06,2024~2026,https://easyjeju.net,제주관광공사 「오감으로 즐기는 제주」(2023.12.22) · 한국관광공사 열린관광지 · 이지제주,"현재 무장애 정보는 이동(지체) 접근성 기준입니다. 시각·청각·발달 장애 정보는 확보 중이며, 열린관광 모두의여행(access.visitkorea.or.kr) 또는 이지제주(easyjeju.net)에서 확인하실 수 있습니다.",SURVEYED,,,v3,ROUTE_SURVEY,경로 상태 조사: 포장 산책로+평지 구간 있음+계단/너럭바위 진입 구간 있음+물가 미끄럼 위험 있음+휠체어 접근 부분가능,,,,Y,UNKNOWN,UNKNOWN,
ACC_P312,P312,PARTIAL,UNKNOWN,UNKNOWN,UNKNOWN,PARTIAL,PARTIAL,PARTIAL,FULL,Y,CONDITIONAL,CONDITIONAL,산책로 일부 구간과 장애인 편의시설 이용 가능 / 계단·돌길 구간은 제약,경사 5~14도,포장/바닥돌 산책로+계단 있음+요철/돌길 있음+일부 휠체어 접근 가능,장애인 화장실 있음+주차장 있음+휠체어 접근 가능 구간 있음,"경로 조사 — 포장·바닥돌 산책로에 휠체어 접근 가능 구간 확보, 장애인 화장실·주차장 있음. 다만 계단과 요철·돌길 구간이 섞여 있음",큰엉 산책로에 포장과 바닥돌로 된 구간이 있어 그 구간은 휠체어로 이동하실 수 있습니다. 장애인 화장실과 주차장도 갖춰져 있습니다. 다만 계단이 있는 곳과 돌길·요철 구간이 섞여 있어 전 구간을 도시기는 어렵습니다.,,,,휠내비길(wheelnavi.kr) 음성안내 · 제주올레 오디오가이드(jejuolle.org) 코스별 음성해설,「탐나는수어」 앱 · 제주수어통역센터 여행수어 자료(jejudeaf.com),,IN_VENUE,이용 동선에서 이용 가능,차량+대중교통+도보,,,,,,,,,,,,2023-12,,,,,,,UNKNOWN,UNKNOWN,,,,,제주관광약자접근성안내센터(이지제주) · 한국관광공사 열린관광 · ㈜휴플 현장조사,2026-06,2024~2026,https://easyjeju.net,제주관광공사 「오감으로 즐기는 제주」(2023.12.22) · 한국관광공사 열린관광지 · 이지제주,"현재 무장애 정보는 이동(지체) 접근성 기준입니다. 시각·청각·발달 장애 정보는 확보 중이며, 열린관광 모두의여행(access.visitkorea.or.kr) 또는 이지제주(easyjeju.net)에서 확인하실 수 있습니다.",SURVEYED,[FIX86] 해양 유형 사유 이관 — 조사 기록은 routeCondition·barrierFreeDetail 참조. 잔여 확인 — 휠체어 접근 가능 구간의 시·종점과 연장,FIX86: 해양 유형 사유·안내문 신설,v3,ROUTE_SURVEY,경로 상태 조사: 포장/바닥돌 산책로+계단 있음+요철/돌길 있음+일부 휠체어 접근 가능,UNKNOWN,모래사장은 휠체어 바퀴가 빠져 이동이 어렵습니다. 진입로·데크 설치 여부가 확인되지 않았으니 방문 전 문의하시거나 해변용 휠체어 대여 가능 여부를 확인해 주세요,발이 닿는 깊이까지만 들어가시고 먼 바다 쪽으로는 나가지 말아 주세요. 파고가 2m를 넘거나 풍랑특보가 발효되면 입수를 삼가 주세요. 너울은 파도가 잔잔해 보여도 갑자기 밀려오니 갯바위와 방파제 위에는 올라가지 말아 주세요. 체감온도 33도가 넘는 날에는 한낮 물놀이를 피하고 그늘에서 자주 쉬어 주세요. 휠체어 이용자는 파도에 중심을 잃기 쉽고 스스로 빠져나오기 어려우니 반드시 동행자와 함께해 주세요.,Y,UNKNOWN,UNKNOWN,
ACC_P313,P313,PARTIAL,UNKNOWN,UNKNOWN,UNKNOWN,PARTIAL,PARTIAL,PARTIAL,PARTIAL,N,CONDITIONAL,CONDITIONAL,시설접근 기준 판정 — 활동참여 개별 근거 미확보,등대 주변 경사/단차 있음,섬 해안길+포장도로+잔디/비포장 가능+물가 미끄럼 위험 있음+휠체어 접근 부분가능,장애인 화장실 있음(이용 제한 가능),여객선에 오르내릴 때 높이 차가 있고 선내에 계단이 있음. 섬 안의 이동 수단은 별도 확인이 필요함,,,,,휠내비길(wheelnavi.kr) 음성안내 · 제주올레 오디오가이드(jejuolle.org) 코스별 음성해설,「탐나는수어」 앱 · 제주수어통역센터 여행수어 자료(jejudeaf.com),,IN_VENUE,이용 동선에서 이용 가능,차량+도보,,,,,,,,,,,,2023-12,FERRY_BOARDING,여객선 승하선 제약 · 풍랑 시 결항 가능,,,,,UNKNOWN,UNKNOWN,,,,,제주관광약자접근성안내센터(이지제주) · 한국관광공사 열린관광 · ㈜휴플 현장조사,2026-06,2024~2026,https://easyjeju.net,제주관광공사 「오감으로 즐기는 제주」(2023.12.22) · 한국관광공사 열린관광지 · 이지제주,"현재 무장애 정보는 이동(지체) 접근성 기준입니다. 시각·청각·발달 장애 정보는 확보 중이며, 열린관광 모두의여행(access.visitkorea.or.kr) 또는 이지제주(easyjeju.net)에서 확인하실 수 있습니다.",SURVEYED,,,v3,ROUTE_SURVEY,경로 상태 조사: 섬 해안길+포장도로+잔디/비포장 가능+물가 미끄럼 위험 있음+휠체어 접근 부분가능,,,,Y,UNKNOWN,UNKNOWN,
ACC_P314,P314,PARTIAL,UNKNOWN,UNKNOWN,UNKNOWN,PARTIAL,PARTIAL,PARTIAL,UNKNOWN,Y,CONDITIONAL,CONDITIONAL,포장 광장 — 경사·단차 미확인,경사/단차 확인 필요,공원/위령공간+포장광장 가능+휠체어 접근 부분가능,안내시설 있음,포장 광장 이용 가능 / 경사·단차 세부 미확인,위령공간이 있는 공원으로 광장은 포장되어 있습니다. 경사와 단차는 확인되지 않았습니다. 안내시설이 있습니다.,,,,휠내비길(wheelnavi.kr) 음성안내 · 제주올레 오디오가이드(jejuolle.org) 코스별 음성해설,「탐나는수어」 앱 · 제주수어통역센터 여행수어 자료(jejudeaf.com),,,,차량+대중교통+도보,,,,,,,,,,,,2023-12,,,,,,,UNKNOWN,UNKNOWN,,,,,제주관광약자접근성안내센터(이지제주) · 한국관광공사 열린관광 · ㈜휴플 현장조사,2026-06,2024~2026,https://easyjeju.net,제주관광공사 「오감으로 즐기는 제주」(2023.12.22) · 한국관광공사 열린관광지 · 이지제주,"현재 무장애 정보는 이동(지체) 접근성 기준입니다. 시각·청각·발달 장애 정보는 확보 중이며, 열린관광 모두의여행(access.visitkorea.or.kr) 또는 이지제주(easyjeju.net)에서 확인하실 수 있습니다.",SURVEYED,,,v3,ROUTE_SURVEY,경로 상태 조사: 공원/위령공간+포장광장 가능+휠체어 접근 부분가능,,,,Y,UNKNOWN,UNKNOWN,
ACC_P315,P315,NONE,UNKNOWN,UNKNOWN,UNKNOWN,NONE,NONE,NONE,UNKNOWN,Y,UNAVAILABLE,UNAVAILABLE,별도 보행로·편의시설 미확인,,군부대/옛터+일반 관람 제한 가능+도로변 확인 중심+보행로/편의시설 확인 어려움+휠체어 접근 어려움,UNKNOWN,,별도 보행로와 편의시설은 확인되지 않았습니다. 현장에서 출입 가능 구역을 확인해 주세요.,,,,휠내비길(wheelnavi.kr) 음성안내 · 제주올레 오디오가이드(jejuolle.org) 코스별 음성해설,「탐나는수어」 앱 · 제주수어통역센터 여행수어 자료(jejudeaf.com),,,,차량+대중교통+도보,,,,,,,,,,,,2023-12,,,,,,,UNKNOWN,UNKNOWN,,,,,제주관광약자접근성안내센터(이지제주) · 한국관광공사 열린관광 · ㈜휴플 현장조사,2026-06,2024~2026,https://easyjeju.net,제주관광공사 「오감으로 즐기는 제주」(2023.12.22) · 한국관광공사 열린관광지 · 이지제주,"현재 무장애 정보는 이동(지체) 접근성 기준입니다. 시각·청각·발달 장애 정보는 확보 중이며, 열린관광 모두의여행(access.visitkorea.or.kr) 또는 이지제주(easyjeju.net)에서 확인하실 수 있습니다.",SURVEYED,[FIX96] 등급 재검토 대상 — 접근성이 '확인되지 않음'인데 등급은 NONE. 미조사 NONE 유형(P707·P1017)과 같은 건으로 UNKNOWN 검토 필요. FIX95 의 '일반 관람 제한 가능' 표현은 조사 노트의 추측을 단정으로 옮긴 것이라 철회함.,,v3,FACILITY_SURVEY,편의시설 조사: UNKNOWN,,,,N,UNKNOWN,UNKNOWN,시각·청각 접근성 정보가 확인되지 않았습니다
ACC_P316,P316,NONE,UNKNOWN,UNKNOWN,UNKNOWN,NONE,NONE,NONE,FULL,Y,UNAVAILABLE,UNAVAILABLE,주차장 등 진입부는 이용 가능 / 오름 등반로는 접근 불가,경사 있음,오름/산책로+흙길/계단 있음+정상 전망 구간+휠체어 접근 어려움,장애인 화장실 있음,,고내봉(고내오름·고니오름·망오름)의 오름 등반로는 비포장 자연 노면과 계단이라 휠체어로 이동하시기 어렵습니다. 주차장 쪽에 장애인 화장실이 있습니다.,,,,휠내비길(wheelnavi.kr) 음성안내 · 제주올레 오디오가이드(jejuolle.org) 코스별 음성해설,「탐나는수어」 앱 · 제주수어통역센터 여행수어 자료(jejudeaf.com),,ENTRANCE_ONLY,장애인 화장실은 입구·주차장 등 부대시설에 위치. 이용 동선에는 없음,차량+대중교통+도보,,,,,,,,,,,,2023-12,,,,,,,UNKNOWN,UNKNOWN,,,,,제주관광약자접근성안내센터(이지제주) · 한국관광공사 열린관광 · ㈜휴플 현장조사,2026-06,2024~2026,https://easyjeju.net,제주관광공사 「오감으로 즐기는 제주」(2023.12.22) · 한국관광공사 열린관광지 · 이지제주,"현재 무장애 정보는 이동(지체) 접근성 기준입니다. 시각·청각·발달 장애 정보는 확보 중이며, 열린관광 모두의여행(access.visitkorea.or.kr) 또는 이지제주(easyjeju.net)에서 확인하실 수 있습니다.",SURVEYED,[FIX89] 산·오름 사유 이관 — 조사 기록은 routeCondition·barrierFreeDetail 참조,,v3,ROUTE_SURVEY,경로 상태 조사: 오름/산책로+흙길/계단 있음+정상 전망 구간+휠체어 접근 어려움,,,,N,UNKNOWN,UNKNOWN,"시각장애인은 동행자와 함께라면 이용 가능할 수 있으나 안내 설비 정보가 없습니다. 청각장애인은 이동에 제약이 적을 것으로 보이나, 조난 시 연락 수단·안내 방송 여부가 확인되지 않았습니다"
ACC_P317,P317,PARTIAL,UNKNOWN,UNKNOWN,UNKNOWN,PARTIAL,PARTIAL,PARTIAL,UNKNOWN,Y,CONDITIONAL,CONDITIONAL,시설접근 기준 판정 — 활동참여 개별 근거 미확보,일부 비포장/경사 가능,포장 산책로+공원/운동시설+해안 산책길+휠체어 접근 부분가능,주차장 있음+화장실 있음,,,,,,휠내비길(wheelnavi.kr) 음성안내 · 제주올레 오디오가이드(jejuolle.org) 코스별 음성해설,「탐나는수어」 앱 · 제주수어통역센터 여행수어 자료(jejudeaf.com),,,,차량+대중교통+도보,,,,,,,,,,,,2023-12,,,,,,,UNKNOWN,UNKNOWN,,,,,제주관광약자접근성안내센터(이지제주) · 한국관광공사 열린관광 · ㈜휴플 현장조사,2026-06,2024~2026,https://easyjeju.net,제주관광공사 「오감으로 즐기는 제주」(2023.12.22) · 한국관광공사 열린관광지 · 이지제주,"현재 무장애 정보는 이동(지체) 접근성 기준입니다. 시각·청각·발달 장애 정보는 확보 중이며, 열린관광 모두의여행(access.visitkorea.or.kr) 또는 이지제주(easyjeju.net)에서 확인하실 수 있습니다.",SURVEYED,,,v3,ROUTE_SURVEY,경로 상태 조사: 포장 산책로+공원/운동시설+해안 산책길+휠체어 접근 부분가능,,,,Y,UNKNOWN,UNKNOWN,
ACC_P318,P318,PARTIAL,UNKNOWN,UNKNOWN,UNKNOWN,PARTIAL,PARTIAL,PARTIAL,UNKNOWN,Y,CONDITIONAL,CONDITIONAL,"휠체어 데크길 이용 가능 / 계단 구간과 미끄럼 주의, 장애인 화장실 미확인",짧은 경사 3~5도+데크 시작/종료 경사 12도,포장도로+데크길+계단 있음+바닷가 미끄럼 위험 있음,주차장 있음+화장실 있음+휠체어 데크길 있음,"경로 조사 — 포장도로와 휠체어 데크길 확보, 주차장·화장실 있음. 다만 계단 구간이 있고 바닷가는 미끄럼 위험. 장애인 화장실 미확인",휠체어로 이용할 수 있는 데크길이 놓여 있어 바다 가까이까지 가실 수 있습니다. 주차장과 화장실도 있습니다. 다만 데크가 끝나는 곳에 계단이 있고 바닷가 쪽은 미끄러우니 주의해 주세요. 장애인 화장실은 확인되지 않았습니다.,,,,휠내비길(wheelnavi.kr) 음성안내 · 제주올레 오디오가이드(jejuolle.org) 코스별 음성해설,「탐나는수어」 앱 · 제주수어통역센터 여행수어 자료(jejudeaf.com),,,,차량+대중교통+도보,,,,,,,,,,,,2023-12,,,,,,,UNKNOWN,UNKNOWN,,,,,제주관광약자접근성안내센터(이지제주) · 한국관광공사 열린관광 · ㈜휴플 현장조사,2026-06,2024~2026,https://easyjeju.net,제주관광공사 「오감으로 즐기는 제주」(2023.12.22) · 한국관광공사 열린관광지 · 이지제주,"현재 무장애 정보는 이동(지체) 접근성 기준입니다. 시각·청각·발달 장애 정보는 확보 중이며, 열린관광 모두의여행(access.visitkorea.or.kr) 또는 이지제주(easyjeju.net)에서 확인하실 수 있습니다.",SURVEYED,[FIX86] 해양 유형 사유 이관 — 조사 기록은 routeCondition·barrierFreeDetail 참조. 데크길이 확인된 곳 — 잔여 확인: 데크 연장과 장애인 화장실 유무,FIX86: 해양 유형 사유·안내문 신설,v3,ROUTE_SURVEY,경로 상태 조사: 포장도로+데크길+계단 있음+바닷가 미끄럼 위험 있음,,,,Y,UNKNOWN,UNKNOWN,
ACC_P319,P319,PARTIAL,PARTIAL,UNKNOWN,UNKNOWN,PARTIAL,PARTIAL,PARTIAL,UNKNOWN,Y,CONDITIONAL,CONDITIONAL,시설접근 기준 판정 — 활동참여 개별 근거 미확보,오르막 2~5도,휠체어 올레길 구간 있음+포장/해안로+장거리+횡단보도/차량 통행 주의,휠체어 올레길 있음+주차장 있음+접근가능 쉼터 있음,,"휠체어로 이용하실 수 있는 구간은 종달리 옛 소금밭에서 성산갑문 입구까지 4.6km입니다. 전 구간이 포장된 평지입니다. 배수로와 횡단보도, 노면이 깨진 곳이 네 군데 있어 살펴 이동해 주세요. 오조해녀의집 앞은 경사가 가파릅니다.","올레 휠체어 구간(종달리 옛 소금밭~성산갑문 입구, 4.6km, 난이도 중): 전구간 포장·평지. 배수로/횡단보도/노면깨짐 4개 지점 주의. 오조해녀의집 경사 12도",제주올레 오디오가이드 전 코스 제공(코스별 음성 설명),,제주올레 오디오가이드(jejuolle.org) + 휠내비길,「탐나는수어」 앱 · 제주수어통역센터 여행수어 자료(jejudeaf.com),,,,차량+대중교통+도보,,,,,,,,,,,,2023-12,,,종달리 옛 소금밭~성산갑문 입구,4.6km,MEDIUM,전구간 포장·평지. 배수로/횡단보도/노면깨짐 4개 지점 주의. 오조해녀의집 경사 12도,N,Y,경로상 없음,,,,"이지제주올레(제주올레×관광약자접근성안내센터, 재발행 2022.07) 휠체어 구간 조사",2022-07,,jejuolle.org / easyjeju.net,제주관광공사 「오감으로 즐기는 제주」(2023.12.22) · 한국관광공사 열린관광지 · 이지제주,"현재 무장애 정보는 이동(지체) 접근성 기준입니다. 시각·청각·발달 장애 정보는 확보 중이며, 열린관광 모두의여행(access.visitkorea.or.kr) 또는 이지제주(easyjeju.net)에서 확인하실 수 있습니다.",VERIFIED,"검증완료(2026-07) — 이지제주올레 휠체어 구간 조사 대조 ※ FIX49: 제주올레 공식 「휠체어 가능여부」 박스와 일치 확인 — 난이도 ★★☆, 구간거리 4.6km / 종달리 옛 소금밭 ~ 성산갑문 입구, 시작점 제주시 구좌읍 종달리 814-5 ※ FIX50: 제주올레 공식 코스페이지 「휠체어 가능여부」 전수 확인(2026-08) — 난이도 중, 구간거리 4.6km / 종달리 옛 소금밭~성산갑문 입구, 시작점 제주시 구좌읍 종달리 814-5. 코스 총 길이 15.1km. 이지제주올레(2022.07) 발간물과 다를 경우 공식 현행을 우선함",nan | FIX24: 올레 휠체어 구간 실측 반영 | FIX50: 공식 휠체어 박스 전수 반영,v3,PUBLICATION,,,,,Y,Y,UNKNOWN,
ACC_P320,P320,PARTIAL,UNKNOWN,UNKNOWN,UNKNOWN,PARTIAL,PARTIAL,PARTIAL,UNKNOWN,Y,CONDITIONAL,CONDITIONAL,"해안 성곽 유적 — 돌담 주변 비포장, 노면 불량",,해안 유적+포장도로 인접+돌담/비포장 가능+단차/노면 불량 가능+휠체어 접근 부분가능,안내시설 있음,인접 포장도로까지 이동 가능 / 성곽 주변 비포장에 노면 불량,"해안 성곽 유적으로 옆 도로까지는 포장되어 있고, 성곽 주변은 돌담과 비포장 구간이라 노면이 고르지 않습니다. 안내시설이 있습니다.",,,,휠내비길(wheelnavi.kr) 음성안내 · 제주올레 오디오가이드(jejuolle.org) 코스별 음성해설,「탐나는수어」 앱 · 제주수어통역센터 여행수어 자료(jejudeaf.com),,,,차량+대중교통+도보,,,,,,,,,,,,2023-12,,,,,,,UNKNOWN,UNKNOWN,,,,,제주관광약자접근성안내센터(이지제주) · 한국관광공사 열린관광 · ㈜휴플 현장조사,2026-06,2024~2026,https://easyjeju.net,제주관광공사 「오감으로 즐기는 제주」(2023.12.22) · 한국관광공사 열린관광지 · 이지제주,"현재 무장애 정보는 이동(지체) 접근성 기준입니다. 시각·청각·발달 장애 정보는 확보 중이며, 열린관광 모두의여행(access.visitkorea.or.kr) 또는 이지제주(easyjeju.net)에서 확인하실 수 있습니다.",SURVEYED,,,v3,ROUTE_SURVEY,경로 상태 조사: 해안 유적+포장도로 인접+돌담/비포장 가능+단차/노면 불량 가능+휠체어 접근 부분가능,,,,Y,UNKNOWN,UNKNOWN,
ACC_P321,P321,PARTIAL,UNKNOWN,UNKNOWN,UNKNOWN,PARTIAL,PARTIAL,PARTIAL,FULL,Y,CONDITIONAL,CONDITIONAL,포장 경사로와 매표소는 이용 가능 / 해안길 계단 구간은 접근 불가,지그재그 경사로+경사 4~10도,포장도로+계단 있음+보도블록 요철+해안길 접근 부분가능,장애인 주차장 있음+장애인 화장실 있음+매표소 접근 가능+안내소 있음,지그재그 경사로로 매표소까지 접근 가능하나 일부 구간이 가파름. 해안길은 계단과 보도블록 요철로 제한,산방산 용머리해안 지질트레일 A코스는 장애인 주차구역과 장애인 화장실이 있고 매표소까지 접근하실 수 있습니다. 포장 구간은 지그재그 경사로로 이어지며 일부 구간은 경사가 가파릅니다. 다만 해안길 쪽은 계단과 보도블록 요철이 있어 휠체어로 이동하시기 어렵습니다.,,,,휠내비길(wheelnavi.kr) 음성안내 · 제주올레 오디오가이드(jejuolle.org) 코스별 음성해설,「탐나는수어」 앱 · 제주수어통역센터 여행수어 자료(jejudeaf.com),,IN_VENUE,이용 동선에서 이용 가능,차량+대중교통+도보,,,,,,,,,,,,2023-12,,,,,,,UNKNOWN,UNKNOWN,,,,,제주관광약자접근성안내센터(이지제주) · 한국관광공사 열린관광 · ㈜휴플 현장조사,2026-06,2024~2026,https://easyjeju.net,제주관광공사 「오감으로 즐기는 제주」(2023.12.22) · 한국관광공사 열린관광지 · 이지제주,"현재 무장애 정보는 이동(지체) 접근성 기준입니다. 시각·청각·발달 장애 정보는 확보 중이며, 열린관광 모두의여행(access.visitkorea.or.kr) 또는 이지제주(easyjeju.net)에서 확인하실 수 있습니다.",SURVEYED,,[FIX90] 트레일 사유 이관 — 조사 기록은 routeCondition·barrierFreeDetail·slopeInfo 참조,v3,ROUTE_SURVEY,경로 상태 조사: 포장도로+계단 있음+보도블록 요철+해안길 접근 부분가능,,,,Y,UNKNOWN,UNKNOWN,
ACC_P322,P322,PARTIAL,UNKNOWN,UNKNOWN,UNKNOWN,PARTIAL,PARTIAL,PARTIAL,FULL,Y,CONDITIONAL,CONDITIONAL,새연교 접근과 장애인 편의시설 이용 가능 / 새섬 내 탐방로는 계단·흙길로 제약,오르막 7도,새연교 포장 접근+새섬 탐방로 계단 있음+흙길/돌길+휠체어 접근 부분가능,주차장 있음+장애인 화장실 있음+새연교 접근 가능,"경로 조사 — 새연교까지 포장 접근 가능, 주차장·장애인 화장실 확보. 새섬 안 탐방로는 계단과 흙길·돌길로 접근 제약",새연교까지는 포장되어 있어 다리를 건너 바다와 서귀포항 풍경을 보실 수 있습니다. 주차장과 장애인 화장실도 갖춰져 있습니다. 다만 새섬 안쪽 탐방로는 계단과 흙길·돌길이라 섬을 한 바퀴 도시기는 어렵습니다.,,,,휠내비길(wheelnavi.kr) 음성안내 · 제주올레 오디오가이드(jejuolle.org) 코스별 음성해설,「탐나는수어」 앱 · 제주수어통역센터 여행수어 자료(jejudeaf.com),,IN_VENUE,이용 동선에서 이용 가능,차량+대중교통+도보,,,,,,,,,,,,2023-12,,,,,,,UNKNOWN,UNKNOWN,,,,,제주관광약자접근성안내센터(이지제주) · 한국관광공사 열린관광 · ㈜휴플 현장조사,2026-06,2024~2026,https://easyjeju.net,제주관광공사 「오감으로 즐기는 제주」(2023.12.22) · 한국관광공사 열린관광지 · 이지제주,"현재 무장애 정보는 이동(지체) 접근성 기준입니다. 시각·청각·발달 장애 정보는 확보 중이며, 열린관광 모두의여행(access.visitkorea.or.kr) 또는 이지제주(easyjeju.net)에서 확인하실 수 있습니다.",SURVEYED,[FIX86] 해양 유형 사유 이관 — 조사 기록은 routeCondition·barrierFreeDetail 참조. 잔여 확인 — 새연교 위 이동 조건과 야간 조명 운영 시간,FIX86: 해양 유형 사유·안내문 신설,v3,ROUTE_SURVEY,경로 상태 조사: 새연교 포장 접근+새섬 탐방로 계단 있음+흙길/돌길+휠체어 접근 부분가능,,,,Y,UNKNOWN,UNKNOWN,
ACC_P323,P323,NONE,UNKNOWN,UNKNOWN,UNKNOWN,NONE,NONE,NONE,UNKNOWN,Y,UNAVAILABLE,UNAVAILABLE,주차장 등 진입부는 이용 가능 / 오름 등반로는 접근 불가,경사 있음,오름+흙길/계단 있음+정상 전망 구간+휠체어 접근 어려움,UNKNOWN,,소수산봉(족은물뫼)의 오름 등반로는 비포장 자연 노면·계단이라 휠체어로 이동하시기 어렵습니다. 장애인 화장실은 확인되지 않았습니다.,,,,휠내비길(wheelnavi.kr) 음성안내 · 제주올레 오디오가이드(jejuolle.org) 코스별 음성해설,「탐나는수어」 앱 · 제주수어통역센터 여행수어 자료(jejudeaf.com),,,,차량+대중교통+도보,,,,,,,,,,,,2023-12,,,,,,,UNKNOWN,UNKNOWN,,,,,제주관광약자접근성안내센터(이지제주) · 한국관광공사 열린관광 · ㈜휴플 현장조사,2026-06,2024~2026,https://easyjeju.net,제주관광공사 「오감으로 즐기는 제주」(2023.12.22) · 한국관광공사 열린관광지 · 이지제주,"현재 무장애 정보는 이동(지체) 접근성 기준입니다. 시각·청각·발달 장애 정보는 확보 중이며, 열린관광 모두의여행(access.visitkorea.or.kr) 또는 이지제주(easyjeju.net)에서 확인하실 수 있습니다.",SURVEYED,[FIX89] 산·오름 사유 이관 — 조사 기록은 routeCondition·barrierFreeDetail 참조,,v3,ROUTE_SURVEY,경로 상태 조사: 오름+흙길/계단 있음+정상 전망 구간+휠체어 접근 어려움,,,,N,UNKNOWN,UNKNOWN,"시각장애인은 동행자와 함께라면 이용 가능할 수 있으나 안내 설비 정보가 없습니다. 청각장애인은 이동에 제약이 적을 것으로 보이나, 조난 시 연락 수단·안내 방송 여부가 확인되지 않았습니다"
ACC_P324,P324,NONE,UNKNOWN,UNKNOWN,UNKNOWN,NONE,NONE,NONE,UNKNOWN,Y,UNAVAILABLE,UNAVAILABLE,시설접근 기준 판정 — 활동참여 개별 근거 미확보,,갯벌/해안체험+진흙+물때 영향+미끄럼 위험 있음+휠체어 접근 어려움,주차장 있음+화장실 있음,,,,,,휠내비길(wheelnavi.kr) 음성안내 · 제주올레 오디오가이드(jejuolle.org) 코스별 음성해설,「탐나는수어」 앱 · 제주수어통역센터 여행수어 자료(jejudeaf.com),,,,차량+대중교통,,,,,,,,,,,,2023-12,,,,,,,UNKNOWN,UNKNOWN,,,,,제주관광약자접근성안내센터(이지제주) · 한국관광공사 열린관광 · ㈜휴플 현장조사,2026-06,2024~2026,https://easyjeju.net,제주관광공사 「오감으로 즐기는 제주」(2023.12.22) · 한국관광공사 열린관광지 · 이지제주,"현재 무장애 정보는 이동(지체) 접근성 기준입니다. 시각·청각·발달 장애 정보는 확보 중이며, 열린관광 모두의여행(access.visitkorea.or.kr) 또는 이지제주(easyjeju.net)에서 확인하실 수 있습니다.",SURVEYED,,,v3,FACILITY_SURVEY,편의시설 조사: 주차장 있음+화장실 있음,,,,N,UNKNOWN,UNKNOWN,시각·청각장애인의 탑승 가능 여부는 시설 안전 규정에 따라 다릅니다. 해당 시설의 장애인 이용 정책이 확인되지 않았으니 예약 전 직접 문의해 주세요
ACC_P325,P325,NONE,UNKNOWN,UNKNOWN,UNKNOWN,NONE,NONE,NONE,UNKNOWN,Y,UNAVAILABLE,UNAVAILABLE,제주올레 공식 휠체어 지정 코스 외 — 코스 접근 불가,경사 있음,장거리 올레길+해안/마을길+비포장+휠체어 접근 어려움,화장실 있음+안내시설 있음,,제주올레 16코스는 제주올레가 지정한 휠체어 이용 구간 열 개 코스에 들어 있지 않습니다. 해안길과 마을길이 비포장으로 이어지고 경사가 있어 코스를 휠체어로 이용하시기는 어렵습니다. 화장실과 안내시설은 있으나 장애인 화장실은 확인되지 않았습니다. 휠체어로 이용하실 수 있는 올레 구간을 찾으신다면 1·4·5·6·8·10·10-1·12·14·17코스를 확인해 주세요.,,,,휠내비길(wheelnavi.kr) 음성안내 · 제주올레 오디오가이드(jejuolle.org) 코스별 음성해설,「탐나는수어」 앱 · 제주수어통역센터 여행수어 자료(jejudeaf.com),,,,차량+대중교통+도보,,,,,,,,,,,,2023-12,,,,,,,UNKNOWN,UNKNOWN,,,,,제주관광약자접근성안내센터(이지제주) · 한국관광공사 열린관광 · ㈜휴플 현장조사,2026-06,2024~2026,https://easyjeju.net,제주관광공사 「오감으로 즐기는 제주」(2023.12.22) · 한국관광공사 열린관광지 · 이지제주,"현재 무장애 정보는 이동(지체) 접근성 기준입니다. 시각·청각·발달 장애 정보는 확보 중이며, 열린관광 모두의여행(access.visitkorea.or.kr) 또는 이지제주(easyjeju.net)에서 확인하실 수 있습니다.",SURVEYED,,[FIX90] 트레일 사유 이관 — 조사 기록은 routeCondition·barrierFreeDetail·slopeInfo 참조,v3,ROUTE_SURVEY,경로 상태 조사: 장거리 올레길+해안/마을길+비포장+휠체어 접근 어려움,,,,N,UNKNOWN,UNKNOWN,"시각장애인은 동행자와 함께라면 이용 가능할 수 있으나 안내 설비 정보가 없습니다. 청각장애인은 이동에 제약이 적을 것으로 보이나, 조난 시 연락 수단·안내 방송 여부가 확인되지 않았습니다"
ACC_P326,P326,NONE,UNKNOWN,UNKNOWN,UNKNOWN,NONE,NONE,NONE,UNKNOWN,Y,UNAVAILABLE,UNAVAILABLE,제주올레 공식 휠체어 지정 코스 외 — 코스 접근 불가,경사 있음,장거리 올레길+해안/오름/마을길+비포장+휠체어 접근 어려움,화장실 있음+안내시설 있음,,"제주올레 21코스는 제주올레가 지정한 휠체어 이용 구간 열 개 코스에 들어 있지 않습니다. 해안길과 오름, 마을길이 비포장으로 이어져 코스를 휠체어로 이용하시기는 어렵습니다. 화장실과 안내시설은 있으나 장애인 화장실은 확인되지 않았습니다. 휠체어로 이용하실 수 있는 올레 구간을 찾으신다면 1·4·5·6·8·10·10-1·12·14·17코스를 확인해 주세요.",,,,휠내비길(wheelnavi.kr) 음성안내 · 제주올레 오디오가이드(jejuolle.org) 코스별 음성해설,「탐나는수어」 앱 · 제주수어통역센터 여행수어 자료(jejudeaf.com),,,,차량+대중교통+도보,,,,,,,,,,,,2023-12,,,,,,,UNKNOWN,UNKNOWN,,,,,제주관광약자접근성안내센터(이지제주) · 한국관광공사 열린관광 · ㈜휴플 현장조사,2026-06,2024~2026,https://easyjeju.net,제주관광공사 「오감으로 즐기는 제주」(2023.12.22) · 한국관광공사 열린관광지 · 이지제주,"현재 무장애 정보는 이동(지체) 접근성 기준입니다. 시각·청각·발달 장애 정보는 확보 중이며, 열린관광 모두의여행(access.visitkorea.or.kr) 또는 이지제주(easyjeju.net)에서 확인하실 수 있습니다.",SURVEYED,,[FIX90] 트레일 사유 이관 — 조사 기록은 routeCondition·barrierFreeDetail·slopeInfo 참조,v3,ROUTE_SURVEY,경로 상태 조사: 장거리 올레길+해안/오름/마을길+비포장+휠체어 접근 어려움,,,,N,UNKNOWN,UNKNOWN,"시각장애인은 동행자와 함께라면 이용 가능할 수 있으나 안내 설비 정보가 없습니다. 청각장애인은 이동에 제약이 적을 것으로 보이나, 조난 시 연락 수단·안내 방송 여부가 확인되지 않았습니다"
ACC_P327,P327,FULL,UNKNOWN,UNKNOWN,UNKNOWN,FULL,FULL,FULL,UNKNOWN,Y,AVAILABLE,AVAILABLE,시설접근 기준 판정 — 활동참여 개별 근거 미확보,,위령공원+포장/잔디 공간+단독접근 가능+해안길 인접+휠체어 접근 가능,안내시설 있음+단독접근 가능,,장애인 화장실 유무를 확인하지 못했습니다. 오래 머무르실 계획이라면 방문 전에 시설에 문의해 주세요.,,,,휠내비길(wheelnavi.kr) 음성안내 · 제주올레 오디오가이드(jejuolle.org) 코스별 음성해설,「탐나는수어」 앱 · 제주수어통역센터 여행수어 자료(jejudeaf.com),,,,차량+대중교통+도보,,,,,,,,,,,,2023-12,,,,,,,UNKNOWN,UNKNOWN,,,,,제주관광약자접근성안내센터(이지제주) · 한국관광공사 열린관광 · ㈜휴플 현장조사,2026-06,2024~2026,https://easyjeju.net,제주관광공사 「오감으로 즐기는 제주」(2023.12.22) · 한국관광공사 열린관광지 · 이지제주,"현재 무장애 정보는 이동(지체) 접근성 기준입니다. 시각·청각·발달 장애 정보는 확보 중이며, 열린관광 모두의여행(access.visitkorea.or.kr) 또는 이지제주(easyjeju.net)에서 확인하실 수 있습니다.",SURVEYED,,,v3,FACILITY_SURVEY,편의시설 조사: 안내시설 있음+단독접근 가능,,,,Y,UNKNOWN,UNKNOWN,
ACC_P328,P328,PARTIAL,UNKNOWN,UNKNOWN,UNKNOWN,PARTIAL,PARTIAL,PARTIAL,UNKNOWN,Y,CONDITIONAL,CONDITIONAL,유적지 잔디·비포장 구간 — 단차·경사 미확인,단차/경사 확인 필요,포장도로 인접+유적지/잔디 구간+비포장 가능+휠체어 접근 부분가능,안내시설 있음,인접 포장도로까지 이동 가능 / 유적지 잔디 구간 비포장,옆 도로까지는 포장되어 있고 유적지 안은 잔디와 비포장 구간입니다. 단차와 경사는 확인되지 않았습니다. 안내시설이 있습니다.,,,,휠내비길(wheelnavi.kr) 음성안내 · 제주올레 오디오가이드(jejuolle.org) 코스별 음성해설,「탐나는수어」 앱 · 제주수어통역센터 여행수어 자료(jejudeaf.com),,,,차량+대중교통+도보,,,,,,,,,,,,2023-12,,,,,,,UNKNOWN,UNKNOWN,,,,,제주관광약자접근성안내센터(이지제주) · 한국관광공사 열린관광 · ㈜휴플 현장조사,2026-06,2024~2026,https://easyjeju.net,제주관광공사 「오감으로 즐기는 제주」(2023.12.22) · 한국관광공사 열린관광지 · 이지제주,"현재 무장애 정보는 이동(지체) 접근성 기준입니다. 시각·청각·발달 장애 정보는 확보 중이며, 열린관광 모두의여행(access.visitkorea.or.kr) 또는 이지제주(easyjeju.net)에서 확인하실 수 있습니다.",SURVEYED,,,v3,ROUTE_SURVEY,경로 상태 조사: 포장도로 인접+유적지/잔디 구간+비포장 가능+휠체어 접근 부분가능,,,,Y,UNKNOWN,UNKNOWN,
ACC_P329,P329,NONE,PARTIAL,UNKNOWN,UNKNOWN,PARTIAL,PARTIAL,PARTIAL,PARTIAL,Y,CONDITIONAL,CONDITIONAL,시설접근 기준 판정 — 활동참여 개별 근거 미확보,경사 있음,휠체어 가능 구간 있음+포장 해안/마을길+폭 좁음+장거리+휠체어 접근 부분가능,휠체어 가능 구간 있음+화장실 있음+안내시설 있음,코스 전체는 어렵고 일부 구간만 이용 가능,휠체어로 이용하실 수 있는 구간은 국립수산과학원에서 위미항까지 2.4km입니다. 오르막과 내리막 경사가 다섯 군데 있고 가파른 편입니다. 위미2리 포구에서는 우회해야 합니다. 노면이 깨진 곳이 많아 동행이 필요합니다.,"올레 휠체어 구간(국립수산과학원~위미항, 2.7km, 난이도 상): 4-10도 오르막/내리막 경사 5개 구간. 위미2리 포구서 우회. 노면 깨짐 다수. 동행자 도움 필수",제주올레 오디오가이드 전 코스 제공(코스별 음성 설명),,제주올레 오디오가이드(jejuolle.org) + 휠내비길,「탐나는수어」 앱 · 제주수어통역센터 여행수어 자료(jejudeaf.com),,IN_VENUE,이용 동선에서 이용 가능,차량+대중교통+도보,,,,,,,전수조사 38곳 (2026-09-08) · 한국관광공사 열린관광·제주도·비짓제주 1차 공식출처,,,,,2023-12,,,국립수산과학원~위미항,2.4km,HIGH,4-10도 오르막/내리막 경사 5개 구간. 위미2리 포구서 우회. 노면 깨짐 다수. 동행자 도움 필수,Y,Y,장애인화장실 없음,,,,"이지제주올레(제주올레×관광약자접근성안내센터, 재발행 2022.07) 휠체어 구간 조사",2022-07,,jejuolle.org / easyjeju.net,제주관광공사 「오감으로 즐기는 제주」(2023.12.22) · 한국관광공사 열린관광지 · 이지제주,"현재 무장애 정보는 이동(지체) 접근성 기준입니다. 시각·청각·발달 장애 정보는 확보 중이며, 열린관광 모두의여행(access.visitkorea.or.kr) 또는 이지제주(easyjeju.net)에서 확인하실 수 있습니다.",VERIFIED,"검증완료(2026-07) — 이지제주올레 휠체어 구간 조사 대조 ※ FIX50: 제주올레 공식 코스페이지 「휠체어 가능여부」 전수 확인(2026-08) — 난이도 상, 구간거리 2.4km / 국립수산과학원~위미항, 시작점 서귀포시 남원읍 위미리 785-1. 코스 총 길이 13.4km. 이지제주올레(2022.07) 발간물과 다를 경우 공식 현행을 우선함",nan | FIX24: 올레 휠체어 구간 실측 반영 | FIX50: 공식 휠체어 박스 전수 반영,v3,PUBLICATION,,,,,Y,Y,UNKNOWN,
ACC_P330,P330,PARTIAL,UNKNOWN,UNKNOWN,UNKNOWN,PARTIAL,PARTIAL,PARTIAL,FULL,Y,CONDITIONAL,CONDITIONAL,포장 관람로 — 계단·징검다리 구간 우회 필요,,포장 관람로+현무암 판석+계단/징검다리 구간 있음+휠체어 우회 필요+휠체어 접근 부분가능,주차장 있음+장애인 화장실 있음+매표소 접근 가능,포장 관람로 이용 가능 / 계단·징검다리 구간은 우회 필요,관람로는 포장과 현무암 판석으로 되어 있고 계단과 징검다리 구간에서는 우회해야 합니다. 주차장과 장애인 화장실이 있고 매표소까지 접근할 수 있습니다.,,,,휠내비길(wheelnavi.kr) 음성안내 · 제주올레 오디오가이드(jejuolle.org) 코스별 음성해설,「탐나는수어」 앱 · 제주수어통역센터 여행수어 자료(jejudeaf.com),,IN_VENUE,이용 동선에서 이용 가능,차량+대중교통+도보,,,,,,,,,,,,2023-12,,,,,,,UNKNOWN,UNKNOWN,,,,,제주관광약자접근성안내센터(이지제주) · 한국관광공사 열린관광 · ㈜휴플 현장조사,2026-06,2024~2026,https://easyjeju.net,제주관광공사 「오감으로 즐기는 제주」(2023.12.22) · 한국관광공사 열린관광지 · 이지제주,"현재 무장애 정보는 이동(지체) 접근성 기준입니다. 시각·청각·발달 장애 정보는 확보 중이며, 열린관광 모두의여행(access.visitkorea.or.kr) 또는 이지제주(easyjeju.net)에서 확인하실 수 있습니다.",SURVEYED,,,v3,ROUTE_SURVEY,경로 상태 조사: 포장 관람로+현무암 판석+계단/징검다리 구간 있음+휠체어 우회 필요+휠체어 접근 부분가능,,,,Y,UNKNOWN,UNKNOWN,
ACC_P331,P331,PARTIAL,UNKNOWN,UNKNOWN,UNKNOWN,PARTIAL,PARTIAL,PARTIAL,PARTIAL,Y,CONDITIONAL,CONDITIONAL,항만·대합실 접근 가능 / 활동참여 조건부 — 도선 승하선 제약 가능,화장실 진입로 경사 5도,포장 항만/대합실+승선장 이동+도선 이용 제약 가능+휠체어 접근 부분가능,주차장 있음+대합실 있음+장애인 화장실 있음(이용 제한 가능),항만·대합실 포장으로 승선장 이동 가능. 장애인 화장실은 일부 구간만. 비양도 도선은 소형 선박으로 휠체어 승하선 제약 가능. 선사 사전 확인 필요,"항만과 대합실은 포장되어 있어 승선장까지 이동하실 수 있습니다. 다만 장애인 화장실이 일부 구간에만 있고, 비양도로 가는 도선은 배가 작아 휠체어 상태로 오르내리기 어려울 수 있습니다. 승선 전에 선사에 확인해 주세요.",,,,휠내비길(wheelnavi.kr) 음성안내 · 제주올레 오디오가이드(jejuolle.org) 코스별 음성해설,「탐나는수어」 앱 · 제주수어통역센터 여행수어 자료(jejudeaf.com),,IN_VENUE,이용 동선에서 이용 가능,차량+대중교통,,,,,,,,,,,,2023-12,,,,,,,UNKNOWN,UNKNOWN,,,,,제주관광약자접근성안내센터(이지제주) · 한국관광공사 열린관광 · ㈜휴플 현장조사,2026-06,2024~2026,https://easyjeju.net,제주관광공사 「오감으로 즐기는 제주」(2023.12.22) · 한국관광공사 열린관광지 · 이지제주,"현재 무장애 정보는 이동(지체) 접근성 기준입니다. 시각·청각·발달 장애 정보는 확보 중이며, 열린관광 모두의여행(access.visitkorea.or.kr) 또는 이지제주(easyjeju.net)에서 확인하실 수 있습니다.",SURVEYED,,FIX79: evidenceDetail의 도선 제약을 partialReason으로 이관,v3,ROUTE_SURVEY,경로 상태 조사: 포장 항만/대합실+승선장 이동+도선 이용 제약 가능+휠체어 접근 부분가능,,,,Y,UNKNOWN,UNKNOWN,
ACC_P332,P332,PARTIAL,UNKNOWN,UNKNOWN,UNKNOWN,PARTIAL,PARTIAL,PARTIAL,UNKNOWN,Y,CONDITIONAL,CONDITIONAL,"포장 포구길 이용 가능 / 방파제 차량·미끄럼 주의, 장애인 화장실 미확인",,포장 포구길+방파제/차량 통행+올레길 경유+물가 미끄럼 위험 있음+휠체어 접근 부분가능,주차장 있음+화장실 있음,"경로 조사 — 포장 포구길, 올레길 경유. 방파제는 차량 통행과 물가 미끄럼 위험. 주차장·화장실 있으나 장애인 화장실 미확인",포구길이 포장되어 있고 주차장과 화장실이 있습니다. 다만 방파제 쪽은 차량이 다니고 물기로 미끄러울 수 있어 주의가 필요합니다. 장애인 화장실은 확인되지 않았습니다.,,,,휠내비길(wheelnavi.kr) 음성안내 · 제주올레 오디오가이드(jejuolle.org) 코스별 음성해설,「탐나는수어」 앱 · 제주수어통역센터 여행수어 자료(jejudeaf.com),,,,차량+대중교통+도보,,,,,,,,,,,,2023-12,,,,,,,UNKNOWN,UNKNOWN,,,,,제주관광약자접근성안내센터(이지제주) · 한국관광공사 열린관광 · ㈜휴플 현장조사,2026-06,2024~2026,https://easyjeju.net,제주관광공사 「오감으로 즐기는 제주」(2023.12.22) · 한국관광공사 열린관광지 · 이지제주,"현재 무장애 정보는 이동(지체) 접근성 기준입니다. 시각·청각·발달 장애 정보는 확보 중이며, 열린관광 모두의여행(access.visitkorea.or.kr) 또는 이지제주(easyjeju.net)에서 확인하실 수 있습니다.",SURVEYED,[FIX86] 해양 유형 사유 이관 — 조사 기록은 routeCondition·barrierFreeDetail 참조. 경유 올레 코스가 휠체어 지정 구간인지 확인 필요,FIX86: 해양 유형 사유·안내문 신설,v3,FACILITY_SURVEY,편의시설 조사: 주차장 있음+화장실 있음,,,,Y,UNKNOWN,UNKNOWN,
ACC_P333,P333,PARTIAL,UNKNOWN,UNKNOWN,UNKNOWN,PARTIAL,PARTIAL,PARTIAL,UNKNOWN,Y,CONDITIONAL,CONDITIONAL,"올레길 경유 해안 유적 — 돌축·비포장, 경사·단차",경사/단차 있음,해안 역사유적+올레길 경유+돌축/비포장 가능+휠체어 접근 부분가능,안내시설 있음,올레길 포장 구간 이용 가능 / 연대 주변 돌축·비포장,"올레길을 지나 닿는 해안 유적으로, 연대 주변은 돌축과 비포장이며 경사와 단차가 있습니다. 안내시설이 있습니다.",,,,휠내비길(wheelnavi.kr) 음성안내 · 제주올레 오디오가이드(jejuolle.org) 코스별 음성해설,「탐나는수어」 앱 · 제주수어통역센터 여행수어 자료(jejudeaf.com),,,,차량+대중교통+도보,,,,,,,,,,,,2023-12,,,,,,,UNKNOWN,UNKNOWN,,,,,제주관광약자접근성안내센터(이지제주) · 한국관광공사 열린관광 · ㈜휴플 현장조사,2026-06,2024~2026,https://easyjeju.net,제주관광공사 「오감으로 즐기는 제주」(2023.12.22) · 한국관광공사 열린관광지 · 이지제주,"현재 무장애 정보는 이동(지체) 접근성 기준입니다. 시각·청각·발달 장애 정보는 확보 중이며, 열린관광 모두의여행(access.visitkorea.or.kr) 또는 이지제주(easyjeju.net)에서 확인하실 수 있습니다.",SURVEYED,,,v3,ROUTE_SURVEY,경로 상태 조사: 해안 역사유적+올레길 경유+돌축/비포장 가능+휠체어 접근 부분가능,,,,Y,UNKNOWN,UNKNOWN,
ACC_P334,P334,PARTIAL,UNKNOWN,UNKNOWN,UNKNOWN,PARTIAL,FULL,FULL,PARTIAL,Y,CONDITIONAL,CONDITIONAL,시설접근 기준 판정 — 활동참여 개별 근거 미확보,,포장 해안도로+무장애 코스+노상주차+횡단보도 있음+바다 내려가는 계단 있음+휠체어 접근 가능,주차장 있음+쉼터 있음+장애인 화장실 있음(인근)+무장애 코스 있음,구간별 접근 제한 — 접근로 계단 존재(우회로 미확인),,,,,휠내비길(wheelnavi.kr) 음성안내 · 제주올레 오디오가이드(jejuolle.org) 코스별 음성해설,「탐나는수어」 앱 · 제주수어통역센터 여행수어 자료(jejudeaf.com),,,이 관광지 안에는 장애인 화장실이 없습니다.,차량+대중교통+도보,,,,,,,,,,,,2023-12,,,,,,,UNKNOWN,UNKNOWN,,,,,제주관광약자접근성안내센터(이지제주) · 한국관광공사 열린관광 · ㈜휴플 현장조사,2026-06,2024~2026,https://easyjeju.net,제주관광공사 「오감으로 즐기는 제주」(2023.12.22) · 한국관광공사 열린관광지 · 이지제주,"현재 무장애 정보는 이동(지체) 접근성 기준입니다. 시각·청각·발달 장애 정보는 확보 중이며, 열린관광 모두의여행(access.visitkorea.or.kr) 또는 이지제주(easyjeju.net)에서 확인하실 수 있습니다.",SURVEYED,[FIX99] 조사기록에 「인근·주변에 장애인 화장실 있음」으로만 적혀 있고 시설명·거리가 특정되지 않아 이용자 안내에서는 제외함. 정확한 시설명과 거리 확인 필요.,FIX20: FULL 재점검 — 구간편차 기준 일괄 적용,v3,ROUTE_SURVEY,경로 상태 조사: 포장 해안도로+무장애 코스+노상주차+횡단보도 있음+바다 내려가는 계단 있음+휠체어 접근 가능,,,,Y,UNKNOWN,UNKNOWN,
ACC_P335,P335,PARTIAL,UNKNOWN,UNKNOWN,UNKNOWN,PARTIAL,PARTIAL,PARTIAL,FULL,Y,CONDITIONAL,CONDITIONAL,주 출입구 단차 없음 — 내부 계단 구간,,포장도로+주출입구 단차 없음+내부 계단 구간 있음+휠체어 접근 부분가능,주차장 있음+장애인 화장실 있음+주출입구 단차 없음,주 출입구와 평지 구간 이용 가능 / 내부에 계단 구간,"주 출입구에 단차가 없어 들어가실 수 있고, 안쪽에 계단 구간이 있습니다. 주차장과 장애인 화장실이 관람 구간 안에 있습니다.",,,,휠내비길(wheelnavi.kr) 음성안내 · 제주올레 오디오가이드(jejuolle.org) 코스별 음성해설,「탐나는수어」 앱 · 제주수어통역센터 여행수어 자료(jejudeaf.com),,IN_VENUE,이용 동선에서 이용 가능,차량+대중교통+도보,,,,,,,,,,,,2023-12,,,,,,,UNKNOWN,UNKNOWN,,,,,제주관광약자접근성안내센터(이지제주) · 한국관광공사 열린관광 · ㈜휴플 현장조사,2026-06,2024~2026,https://easyjeju.net,제주관광공사 「오감으로 즐기는 제주」(2023.12.22) · 한국관광공사 열린관광지 · 이지제주,"현재 무장애 정보는 이동(지체) 접근성 기준입니다. 시각·청각·발달 장애 정보는 확보 중이며, 열린관광 모두의여행(access.visitkorea.or.kr) 또는 이지제주(easyjeju.net)에서 확인하실 수 있습니다.",SURVEYED,,,v3,ROUTE_SURVEY,경로 상태 조사: 포장도로+주출입구 단차 없음+내부 계단 구간 있음+휠체어 접근 부분가능,,,,Y,UNKNOWN,UNKNOWN,
ACC_P336,P336,PARTIAL,UNKNOWN,UNKNOWN,UNKNOWN,PARTIAL,PARTIAL,PARTIAL,PARTIAL,Y,CONDITIONAL,CONDITIONAL,평탄한 포장 해안길·무단차 보행로 이용 가능 / 장애인 화장실 개방 여부 미확인,자갈길/계단/오르막 일부,포장 해안/마을길+평탄 구간 있음+휠체어 접근 부분가능,장애인 화장실 있음(개방 확인 필요)+무단차 보행로 있음+보행폭 확보 구간 있음,경로 조사 — 포장 해안길·마을길에 평탄 구간과 무단차 보행로 확보. 장애인 화장실은 있으나 개방 여부 확인 필요,포장된 해안길과 마을길에 평탄한 구간이 있고 단차 없는 보행로도 있어 성산 일대 바다를 보시기 좋습니다. 장애인 화장실이 있으나 개방 여부는 확인되지 않았으니 미리 알아보시는 편이 좋습니다.,,,,휠내비길(wheelnavi.kr) 음성안내 · 제주올레 오디오가이드(jejuolle.org) 코스별 음성해설,「탐나는수어」 앱 · 제주수어통역센터 여행수어 자료(jejudeaf.com),,IN_VENUE,이용 동선에서 이용 가능,차량+대중교통+도보,,,,,,,,,,,,2023-12,,,,,,,UNKNOWN,UNKNOWN,,,,,제주관광약자접근성안내센터(이지제주) · 한국관광공사 열린관광 · ㈜휴플 현장조사,2026-06,2024~2026,https://easyjeju.net,제주관광공사 「오감으로 즐기는 제주」(2023.12.22) · 한국관광공사 열린관광지 · 이지제주,"현재 무장애 정보는 이동(지체) 접근성 기준입니다. 시각·청각·발달 장애 정보는 확보 중이며, 열린관광 모두의여행(access.visitkorea.or.kr) 또는 이지제주(easyjeju.net)에서 확인하실 수 있습니다.",SURVEYED,"[FIX86] 해양 유형 사유 이관 — 조사 기록은 routeCondition·barrierFreeDetail 참조. 잔여 확인 — 장애인 화장실 개방 시간, 무단차 보행로의 연장",FIX86: 해양 유형 사유·안내문 신설,v3,FACILITY_SURVEY,편의시설 조사: 장애인 화장실 있음(개방 확인 필요)+무단차 보행로 있음+보행폭 확보 구간 있음,,,,Y,UNKNOWN,UNKNOWN,
ACC_P337,P337,PARTIAL,UNKNOWN,UNKNOWN,UNKNOWN,PARTIAL,PARTIAL,PARTIAL,FULL,Y,CONDITIONAL,CONDITIONAL,"포장 해안로 — 화장실 경사로 15도·방파제 18도, 체험어장 접근 불가",화장실 경사로 15도+방파제 경사 18도,포장 해안로+장애인 주차장+모래/계단 있음+체험어장 휠체어 접근 어려움,장애인 주차장 있음+장애인 화장실 있음+안내시설 있음+주차장 있음,포장 해안로와 편의시설 이용 가능 / 체험어장은 모래·계단 구간,"해안로는 포장되어 있고 장애인 주차구역과 화장실이 있습니다. 다만 장애인 화장실로 들어가는 경사로가 매우 가팔라 혼자 이용하기 어렵고, 방파제 쪽 경사도 매우 가파릅니다. 체험어장 쪽은 모래와 계단이 있어 접근하기 어렵습니다.",,,,휠내비길(wheelnavi.kr) 음성안내 · 제주올레 오디오가이드(jejuolle.org) 코스별 음성해설,「탐나는수어」 앱 · 제주수어통역센터 여행수어 자료(jejudeaf.com),,IN_VENUE,이용 동선에서 이용 가능,차량+대중교통+도보,,,,,,,,,,,,2023-12,,,,,,,UNKNOWN,UNKNOWN,,,,,제주관광약자접근성안내센터(이지제주) · 한국관광공사 열린관광 · ㈜휴플 현장조사,2026-06,2024~2026,https://easyjeju.net,제주관광공사 「오감으로 즐기는 제주」(2023.12.22) · 한국관광공사 열린관광지 · 이지제주,"현재 무장애 정보는 이동(지체) 접근성 기준입니다. 시각·청각·발달 장애 정보는 확보 중이며, 열린관광 모두의여행(access.visitkorea.or.kr) 또는 이지제주(easyjeju.net)에서 확인하실 수 있습니다.",SURVEYED,,,v3,ROUTE_SURVEY,경로 상태 조사: 포장 해안로+장애인 주차장+모래/계단 있음+체험어장 휠체어 접근 어려움,,,,Y,UNKNOWN,UNKNOWN,
ACC_P338,P338,PARTIAL,PARTIAL,UNKNOWN,UNKNOWN,PARTIAL,PARTIAL,PARTIAL,FULL,Y,CONDITIONAL,CONDITIONAL,시설접근 기준 판정 — 활동참여 개별 근거 미확보,"갈림길1: 도로주변 판석길. 틈새가 많음
갈림길2: 판석길 시작. 틈새가 많음
놀이터 앞: 접근성 정보 있음 (계단 혹은 경사 있음. 길 상태 안 좋음)
전망대 입구: 계단 6개. 계산 높이 약 10cm
전망대 정상: 접근성 정보 있음 (계단 혹은 경사 있음. 길 상태 안 좋음)
전망데크: 접근성 정보 있음 (계단 혹은 경사 있음. 길 상태 안 좋음)
판석 포장 시작점: 판석길 시작. 틈새가 많아 잔디 우회 추천
판석 포장길 파고라 쉼터(반환): 접근성 정보 있음 (계단 혹은 경사 있음. 길 상태 안 좋음)
화장실 진입 경사로: 경사구간 : 경사 길이 9m (11˚). 판석이지만 틈 사이 시멘트 -> 노면 상태 양호+계단 혹은 경사 있음",포장 산책로+판석/잔디블럭+계단 있음+노면 불량 가능+휠체어 접근 부분가능,장애인 화장실 있음+주차장 있음+쉼터 있음,,,,,,휠내비길(wheelnavi.kr) 음성안내 · 제주올레 오디오가이드(jejuolle.org) 코스별 음성해설,「탐나는수어」 앱 · 제주수어통역센터 여행수어 자료(jejudeaf.com),,IN_VENUE,이용 동선에서 이용 가능,차량+대중교통+도보,,,,,,,,,,,,2023-12,,,,,,,UNKNOWN,UNKNOWN,,,,,제주관광약자접근성안내센터(이지제주) · 한국관광공사 열린관광 · ㈜휴플 현장조사,2026-06,2024~2026,https://easyjeju.net · https://www.data.go.kr/data/15101897/openapi.do,제주관광공사 「오감으로 즐기는 제주」(2023.12.22) · 한국관광공사 열린관광지 · 이지제주,"현재 무장애 정보는 이동(지체) 접근성 기준입니다. 시각·청각·발달 장애 정보는 확보 중이며, 열린관광 모두의여행(access.visitkorea.or.kr) 또는 이지제주(easyjeju.net)에서 확인하실 수 있습니다.",SURVEYED,[FIX65] 한국관광공사 무장애 API(detailWithTour2) — braileblock=점자블록 있음(화장실 입구 안)_시각장애인 편의시설,FIX65: visualAccess UNKNOWN→PARTIAL (KTO API),v3,ROUTE_SURVEY,경로 상태 조사: 포장 산책로+판석/잔디블럭+계단 있음+노면 불량 가능+휠체어 접근 부분가능,,,,Y,UNKNOWN,UNKNOWN,
ACC_P339,P339,PARTIAL,UNKNOWN,UNKNOWN,UNKNOWN,PARTIAL,PARTIAL,PARTIAL,NONE,Y,CONDITIONAL,CONDITIONAL,시설접근 기준 판정 — 활동참여 개별 근거 미확보,주차장에서 주출입구까지 약 4도의 경사 있습니다+주출입구 입구 방향으로 약 11도의 오르막 경사입니다+주출입구 출구 방향으로 약 9도의 내리막 경사입니다,시멘트길+데크길+정자 단차 있음+계단 있음+휠체어 접근 부분가능,주차장 있음+화장실 있음+데크길 있음+안내시설 있음,,산책길 일부 구간은 경사가 가팔라 휠체어로 이동할 때 동행자의 도움이 필요할 수 있습니다.,해안가 데크길 조성으로 휠체어 바다산책 적합. 단 일부 급경사로 동행자 도움 필요(오감 p.17),,,휠내비길(wheelnavi.kr) 음성안내 · 제주올레 오디오가이드(jejuolle.org) 코스별 음성해설,「탐나는수어」 앱 · 제주수어통역센터 여행수어 자료(jejudeaf.com),,,,차량+대중교통+도보,,,,,,,,,,,,2023-12,,,,,,,UNKNOWN,UNKNOWN,,,,,제주관광약자접근성안내센터(이지제주) · 한국관광공사 열린관광 · ㈜휴플 현장조사,2026-06,2024~2026,https://easyjeju.net,제주관광공사 「오감으로 즐기는 제주」(2023.12.22) · 한국관광공사 열린관광지 · 이지제주,"현재 무장애 정보는 이동(지체) 접근성 기준입니다. 시각·청각·발달 장애 정보는 확보 중이며, 열린관광 모두의여행(access.visitkorea.or.kr) 또는 이지제주(easyjeju.net)에서 확인하실 수 있습니다.",SURVEYED,,,v3,ROUTE_SURVEY,경로 상태 조사: 시멘트길+데크길+정자 단차 있음+계단 있음+휠체어 접근 부분가능,,,,Y,UNKNOWN,UNKNOWN,
ACC_P340,P340,PARTIAL,UNKNOWN,UNKNOWN,UNKNOWN,PARTIAL,PARTIAL,PARTIAL,UNKNOWN,N,CONDITIONAL,CONDITIONAL,"포장 포구길·해안길 이용 가능 / 차량 통행과 미끄럼 주의, 장애인 화장실 미확인",경사로 있음,포장 포구길+방파제/해안길+차량 통행 주의+미끄럼 위험 있음+휠체어 접근 부분가능,주차장 있음+화장실 있음,경로 조사 — 포장 포구길과 해안길. 차량 통행과 미끄럼 주의. 주차장·화장실 있으나 장애인 화장실 미확인,포구길이 포장되어 있고 주차장과 화장실이 있습니다. 협재 바다를 가까이서 보실 수 있는 자리입니다. 다만 차량이 함께 다니고 물가는 미끄러울 수 있어 주의해 주세요. 장애인 화장실은 확인되지 않았습니다.,,,,휠내비길(wheelnavi.kr) 음성안내 · 제주올레 오디오가이드(jejuolle.org) 코스별 음성해설,「탐나는수어」 앱 · 제주수어통역센터 여행수어 자료(jejudeaf.com),,,,차량+도보,,,,,,,,,,,,2023-12,,,,,,,UNKNOWN,UNKNOWN,,,,,제주관광약자접근성안내센터(이지제주) · 한국관광공사 열린관광 · ㈜휴플 현장조사,2026-06,2024~2026,https://easyjeju.net,제주관광공사 「오감으로 즐기는 제주」(2023.12.22) · 한국관광공사 열린관광지 · 이지제주,"현재 무장애 정보는 이동(지체) 접근성 기준입니다. 시각·청각·발달 장애 정보는 확보 중이며, 열린관광 모두의여행(access.visitkorea.or.kr) 또는 이지제주(easyjeju.net)에서 확인하실 수 있습니다.",SURVEYED,[FIX86] 해양 유형 사유 이관 — 조사 기록은 routeCondition·barrierFreeDetail 참조. 잔여 확인 — 장애인 화장실 유무,FIX86: 해양 유형 사유·안내문 신설,v3,ROUTE_SURVEY,경로 상태 조사: 포장 포구길+방파제/해안길+차량 통행 주의+미끄럼 위험 있음+휠체어 접근 부분가능,,,,Y,UNKNOWN,UNKNOWN,
ACC_P341,P341,PARTIAL,UNKNOWN,UNKNOWN,UNKNOWN,PARTIAL,PARTIAL,PARTIAL,PARTIAL,Y,CONDITIONAL,CONDITIONAL,해안 산책로 일부와 편의시설 이용 가능 / 자갈·단차 구간과 차량 통행 주의,경사 있음,해안 산책로+포장/자갈길 혼재+단차 있음+차량 통행 주의+휠체어 접근 부분가능,주차장 있음+화장실 있음+장애인 화장실 있음(주변)+해안 산책로 있음,"경로 조사 — 해안 산책로가 있으나 포장과 자갈이 섞여 있고 단차 있음. 차량 통행 주의. 주차장·화장실 확보, 주변에 장애인 화장실 있음","해안 산책로가 있고 주차장과 화장실, 주변에 장애인 화장실도 있습니다. 다만 산책로에 포장 구간과 자갈 구간이 섞여 있고 단차가 있어 구간에 따라 이동이 어려워질 수 있습니다. 차량이 함께 다니는 곳이 있어 통행에도 유의해 주세요.",,,,휠내비길(wheelnavi.kr) 음성안내 · 제주올레 오디오가이드(jejuolle.org) 코스별 음성해설,「탐나는수어」 앱 · 제주수어통역센터 여행수어 자료(jejudeaf.com),,IN_VENUE,이용 동선에서 이용 가능,차량+대중교통+도보,,,,,,,,,,,,2023-12,,,,,,,UNKNOWN,UNKNOWN,,,,,제주관광약자접근성안내센터(이지제주) · 한국관광공사 열린관광 · ㈜휴플 현장조사,2026-06,2024~2026,https://easyjeju.net,제주관광공사 「오감으로 즐기는 제주」(2023.12.22) · 한국관광공사 열린관광지 · 이지제주,"현재 무장애 정보는 이동(지체) 접근성 기준입니다. 시각·청각·발달 장애 정보는 확보 중이며, 열린관광 모두의여행(access.visitkorea.or.kr) 또는 이지제주(easyjeju.net)에서 확인하실 수 있습니다.",SURVEYED,"[FIX86] 해양 유형 사유 이관 — 조사 기록은 routeCondition·barrierFreeDetail 참조. 잔여 확인 — 포장 구간의 범위, 주변 장애인 화장실까지의 거리",FIX86: 해양 유형 사유·안내문 신설,v3,ROUTE_SURVEY,경로 상태 조사: 해안 산책로+포장/자갈길 혼재+단차 있음+차량 통행 주의+휠체어 접근 부분가능,UNKNOWN,모래사장은 휠체어 바퀴가 빠져 이동이 어렵습니다. 진입로·데크 설치 여부가 확인되지 않았으니 방문 전 문의하시거나 해변용 휠체어 대여 가능 여부를 확인해 주세요,발이 닿는 깊이까지만 들어가시고 먼 바다 쪽으로는 나가지 말아 주세요. 파고가 2m를 넘거나 풍랑특보가 발효되면 입수를 삼가 주세요. 너울은 파도가 잔잔해 보여도 갑자기 밀려오니 갯바위와 방파제 위에는 올라가지 말아 주세요. 체감온도 33도가 넘는 날에는 한낮 물놀이를 피하고 그늘에서 자주 쉬어 주세요. 휠체어 이용자는 파도에 중심을 잃기 쉽고 스스로 빠져나오기 어려우니 반드시 동행자와 함께해 주세요.,Y,UNKNOWN,UNKNOWN,
ACC_P342,P342,PARTIAL,UNKNOWN,UNKNOWN,UNKNOWN,PARTIAL,PARTIAL,PARTIAL,FULL,Y,CONDITIONAL,CONDITIONAL,용천수 물가 — 계단·단차 구간,,포장도로 인접+용천수/물가+계단/단차 가능+미끄럼 위험 있음+휠체어 접근 부분가능,화장실 있음+장애인 화장실 있음+안내시설 있음,인접 포장도로와 편의시설 이용 가능 / 물가는 계단·단차 구간,옆 도로까지는 포장되어 있고 용천수 물가로 내려가는 곳에 계단과 단차가 있습니다. 물가는 미끄럽습니다. 장애인 화장실과 안내시설이 있습니다.,,,,휠내비길(wheelnavi.kr) 음성안내 · 제주올레 오디오가이드(jejuolle.org) 코스별 음성해설,「탐나는수어」 앱 · 제주수어통역센터 여행수어 자료(jejudeaf.com),,IN_VENUE,이용 동선에서 이용 가능,차량+대중교통+도보,,,,,,,,,,,,2023-12,,,,,,,UNKNOWN,UNKNOWN,,,,,제주관광약자접근성안내센터(이지제주) · 한국관광공사 열린관광 · ㈜휴플 현장조사,2026-06,2024~2026,https://easyjeju.net,제주관광공사 「오감으로 즐기는 제주」(2023.12.22) · 한국관광공사 열린관광지 · 이지제주,"현재 무장애 정보는 이동(지체) 접근성 기준입니다. 시각·청각·발달 장애 정보는 확보 중이며, 열린관광 모두의여행(access.visitkorea.or.kr) 또는 이지제주(easyjeju.net)에서 확인하실 수 있습니다.",SURVEYED,,,v3,ROUTE_SURVEY,경로 상태 조사: 포장도로 인접+용천수/물가+계단/단차 가능+미끄럼 위험 있음+휠체어 접근 부분가능,,,,Y,UNKNOWN,UNKNOWN,
ACC_P343,P343,PARTIAL,UNKNOWN,UNKNOWN,UNKNOWN,PARTIAL,PARTIAL,PARTIAL,FULL,Y,CONDITIONAL,CONDITIONAL,시설접근 기준 판정 — 활동참여 개별 근거 미확보,가파른 경사로,포장 접근로+해변/모래사장+행사 혼잡+휠체어 접근 부분가능,장애인 주차장 있음+장애인 화장실 있음+주차장 있음+화장실 있음,,,,,,휠내비길(wheelnavi.kr) 음성안내 · 제주올레 오디오가이드(jejuolle.org) 코스별 음성해설,「탐나는수어」 앱 · 제주수어통역센터 여행수어 자료(jejudeaf.com),,IN_VENUE,이용 동선에서 이용 가능,차량+대중교통,,,,,,,,,,,,2023-12,EVENT_CROWD,행사 기간 부스·관람객 밀집으로 통행 제약. 평시와 접근성이 크게 다름,,,,,UNKNOWN,UNKNOWN,,,,,제주관광약자접근성안내센터(이지제주) · 한국관광공사 열린관광 · ㈜휴플 현장조사,2026-06,2024~2026,https://easyjeju.net,제주관광공사 「오감으로 즐기는 제주」(2023.12.22) · 한국관광공사 열린관광지 · 이지제주,"현재 무장애 정보는 이동(지체) 접근성 기준입니다. 시각·청각·발달 장애 정보는 확보 중이며, 열린관광 모두의여행(access.visitkorea.or.kr) 또는 이지제주(easyjeju.net)에서 확인하실 수 있습니다.",SURVEYED,,,v3,ROUTE_SURVEY,경로 상태 조사: 포장 접근로+해변/모래사장+행사 혼잡+휠체어 접근 부분가능,,,,Y,UNKNOWN,UNKNOWN,
ACC_P344,P344,PARTIAL,UNKNOWN,UNKNOWN,UNKNOWN,PARTIAL,FULL,FULL,UNKNOWN,Y,AVAILABLE,AVAILABLE,포장 접근로로 진입 가능 / 수동문 개폐에 도움 필요할 수 있음,출입구 경사로,포장도로+수동문+휠체어 접근 가능,장애인 주차장 있음+경사로 있음+주차장 있음+화장실 있음+안내시설 있음,"경로 조사 — 포장 접근로로 진입 가능. 출입문이 수동문이라 여는 데 도움이 필요할 수 있음. 주차장·화장실·안내시설 확보, 장애인 전용 여부는 미확인","포장된 길로 건물까지 이동하실 수 있고 주차장과 화장실, 안내시설이 있습니다. 다만 출입문이 수동문이라 여실 때 도움이 필요하실 수 있습니다. 장애인 전용 주차구역과 장애인 화장실이 따로 있는지는 확인되지 않았습니다.",,,,휠내비길(wheelnavi.kr) 음성안내 · 제주올레 오디오가이드(jejuolle.org) 코스별 음성해설,「탐나는수어」 앱 · 제주수어통역센터 여행수어 자료(jejudeaf.com),,,,차량+대중교통+도보,,,,,,,,,,,,2023-12,,,,,,,UNKNOWN,UNKNOWN,,,,,제주관광약자접근성안내센터(이지제주) · 한국관광공사 열린관광 · ㈜휴플 현장조사,2026-06,2024~2026,https://easyjeju.net,제주관광공사 「오감으로 즐기는 제주」(2023.12.22) · 한국관광공사 열린관광지 · 이지제주,"현재 무장애 정보는 이동(지체) 접근성 기준입니다. 시각·청각·발달 장애 정보는 확보 중이며, 열린관광 모두의여행(access.visitkorea.or.kr) 또는 이지제주(easyjeju.net)에서 확인하실 수 있습니다.",SURVEYED,"[FIX85] 잔여 확인 — 수동문 개폐 하중, 장애인 주차구역·장애인 화장실 유무",FIX85: 이용자 안내문 신설 — 내부 표기 사유 제거,v3,ROUTE_SURVEY,경로 상태 조사: 포장도로+수동문+휠체어 접근 가능,,,,Y,UNKNOWN,UNKNOWN,
ACC_P345,P345,PARTIAL,UNKNOWN,UNKNOWN,UNKNOWN,PARTIAL,PARTIAL,PARTIAL,UNKNOWN,Y,CONDITIONAL,CONDITIONAL,시설접근 기준 판정 — 활동참여 개별 근거 미확보,비포장/경사 가능,실내 갤러리+출입구 확인 필요+휠체어 접근 부분가능,화장실 있음+안내시설 있음+식음료시설 있음,,,,,,휠내비길(wheelnavi.kr) 음성안내 · 제주올레 오디오가이드(jejuolle.org) 코스별 음성해설,「탐나는수어」 앱 · 제주수어통역센터 여행수어 자료(jejudeaf.com),,,,차량+대중교통,,,,,,,,,,,,2023-12,,,,,,,UNKNOWN,UNKNOWN,,,,,제주관광약자접근성안내센터(이지제주) · 한국관광공사 열린관광 · ㈜휴플 현장조사,2026-06,2024~2026,https://easyjeju.net,제주관광공사 「오감으로 즐기는 제주」(2023.12.22) · 한국관광공사 열린관광지 · 이지제주,"현재 무장애 정보는 이동(지체) 접근성 기준입니다. 시각·청각·발달 장애 정보는 확보 중이며, 열린관광 모두의여행(access.visitkorea.or.kr) 또는 이지제주(easyjeju.net)에서 확인하실 수 있습니다.",SURVEYED,,,v3,ROUTE_SURVEY,경로 상태 조사: 실내 갤러리+출입구 확인 필요+휠체어 접근 부분가능,,,,Y,UNKNOWN,UNKNOWN,
ACC_P346,P346,PARTIAL,UNKNOWN,UNKNOWN,UNKNOWN,PARTIAL,FULL,FULL,PARTIAL,Y,CONDITIONAL,CONDITIONAL,시설접근 기준 판정 — 활동참여 개별 근거 미확보,"※ 주 출입구 접근로 경사는 '도움필요 하' 이며, 추억의 교실은 '단차 상'입니다+주 출입구 접근로의 경사(약 4.3-5도) 있습니다+주 출입구 경사로 손잡이가 설치되어 있습니다",포장도로+장애인 주차장 인접+승강기 있음+휠체어 접근 가능,장애인 주차장 있음+경사로 있음+휠체어 대여 가능+유모차 대여 가능+승강기 있음+장애인 화장실 있음,구간별 접근 제한 — 조사문에 동행 도움 필요 명시,,,,,휠내비길(wheelnavi.kr) 음성안내 · 제주올레 오디오가이드(jejuolle.org) 코스별 음성해설,「탐나는수어」 앱 · 제주수어통역센터 여행수어 자료(jejudeaf.com),,IN_VENUE,이용 동선에서 이용 가능,차량+대중교통,,,,,,,,,,,,2023-12,,,,,,,UNKNOWN,UNKNOWN,,,,,제주관광약자접근성안내센터(이지제주) · 한국관광공사 열린관광 · ㈜휴플 현장조사,2026-06,2024~2026,https://easyjeju.net,제주관광공사 「오감으로 즐기는 제주」(2023.12.22) · 한국관광공사 열린관광지 · 이지제주,"현재 무장애 정보는 이동(지체) 접근성 기준입니다. 시각·청각·발달 장애 정보는 확보 중이며, 열린관광 모두의여행(access.visitkorea.or.kr) 또는 이지제주(easyjeju.net)에서 확인하실 수 있습니다.",SURVEYED,,FIX20: FULL 재점검 — 구간편차 기준 일괄 적용,v3,ROUTE_SURVEY,경로 상태 조사: 포장도로+장애인 주차장 인접+승강기 있음+휠체어 접근 가능,,,,Y,UNKNOWN,UNKNOWN,
ACC_P347,P347,PARTIAL,UNKNOWN,UNKNOWN,UNKNOWN,PARTIAL,PARTIAL,PARTIAL,UNKNOWN,Y,CONDITIONAL,CONDITIONAL,시설접근 기준 판정 — 활동참여 개별 근거 미확보,,항만/축제장+포장도로+차량 통행 주의+행사 혼잡+휠체어 접근 부분가능,주차장 있음+화장실 있음+안내소 있음,,,,,,휠내비길(wheelnavi.kr) 음성안내 · 제주올레 오디오가이드(jejuolle.org) 코스별 음성해설,「탐나는수어」 앱 · 제주수어통역센터 여행수어 자료(jejudeaf.com),,,,차량+대중교통+도보,,,,,,,,,,,,2023-12,EVENT_CROWD,행사 기간 부스·관람객 밀집으로 통행 제약. 평시와 접근성이 크게 다름,,,,,UNKNOWN,UNKNOWN,,,,,제주관광약자접근성안내센터(이지제주) · 한국관광공사 열린관광 · ㈜휴플 현장조사,2026-06,2024~2026,https://easyjeju.net,제주관광공사 「오감으로 즐기는 제주」(2023.12.22) · 한국관광공사 열린관광지 · 이지제주,"현재 무장애 정보는 이동(지체) 접근성 기준입니다. 시각·청각·발달 장애 정보는 확보 중이며, 열린관광 모두의여행(access.visitkorea.or.kr) 또는 이지제주(easyjeju.net)에서 확인하실 수 있습니다.",SURVEYED,,,v3,FACILITY_SURVEY,편의시설 조사: 주차장 있음+화장실 있음+안내소 있음,,,,Y,UNKNOWN,UNKNOWN,
ACC_P348,P348,PARTIAL,UNKNOWN,UNKNOWN,UNKNOWN,PARTIAL,PARTIAL,PARTIAL,FULL,Y,CONDITIONAL,CONDITIONAL,시설접근 기준 판정 — 활동참여 개별 근거 미확보,"외부 관람로 대체로 6~7도의 경사이나, 일부 8~9도 구간 있습니다+화장실 접근로 단차 없이 이동 가능합니다+주차장에서 입구까지 약 5도의 경사 있습니다",동굴 계단 있음+휠체어 접근 부분가능,경사로 있음+장애인 화장실 있음,,,,,,휠내비길(wheelnavi.kr) 음성안내 · 제주올레 오디오가이드(jejuolle.org) 코스별 음성해설,「탐나는수어」 앱 · 제주수어통역센터 여행수어 자료(jejudeaf.com),,IN_VENUE,이용 동선에서 이용 가능,차량+대중교통+도보,,,,,,,,,,,,2023-12,,,,,,,UNKNOWN,UNKNOWN,,,,,제주관광약자접근성안내센터(이지제주) · 한국관광공사 열린관광 · ㈜휴플 현장조사,2026-06,2024~2026,https://easyjeju.net,제주관광공사 「오감으로 즐기는 제주」(2023.12.22) · 한국관광공사 열린관광지 · 이지제주,"현재 무장애 정보는 이동(지체) 접근성 기준입니다. 시각·청각·발달 장애 정보는 확보 중이며, 열린관광 모두의여행(access.visitkorea.or.kr) 또는 이지제주(easyjeju.net)에서 확인하실 수 있습니다.",SURVEYED,,,v3,ROUTE_SURVEY,경로 상태 조사: 동굴 계단 있음+휠체어 접근 부분가능,,,,Y,UNKNOWN,UNKNOWN,
ACC_P349,P349,PARTIAL,UNKNOWN,UNKNOWN,UNKNOWN,PARTIAL,PARTIAL,PARTIAL,PARTIAL,Y,CONDITIONAL,CONDITIONAL,"시멘트 산책로 — 경사 최대 11도, 요철마감 구간까지 접근","외부 관람로 경사 구간 다수 있습니다.(송악산 산책로 중간 요철마감 구간까지 접근 가능합니다.)+화장실 접근로 경사 및 단차 있습니다+외부 관람로 경사 구간 다수 있으며, 최대 11도 입니다",시멘트길+계단 있음+돌판 노면 불량+휠체어 접근 부분가능,주차장 있음+장애인 화장실 있음(이용상태 확인 필요),산책로 중간 요철마감 구간까지 이용 가능 / 이후 계단·돌판 구간,"산책로는 시멘트로 되어 있고 가파른 경사 구간이 여럿 있습니다. 중간 요철 마감 구간까지는 이동하실 수 있고 그 뒤로는 계단과 돌판이라 노면이 고르지 않습니다. 화장실 접근로에도 경사와 단차가 있으며, 장애인 화장실은 이용 상태를 확인해 보셔야 합니다.",,,,휠내비길(wheelnavi.kr) 음성안내 · 제주올레 오디오가이드(jejuolle.org) 코스별 음성해설,「탐나는수어」 앱 · 제주수어통역센터 여행수어 자료(jejudeaf.com),,IN_VENUE,이용 동선에서 이용 가능,차량+대중교통+도보,,,,,,,,,,,,2023-12,,,,,,,UNKNOWN,UNKNOWN,,,,,제주관광약자접근성안내센터(이지제주) · 한국관광공사 열린관광 · ㈜휴플 현장조사,2026-06,2024~2026,https://easyjeju.net,제주관광공사 「오감으로 즐기는 제주」(2023.12.22) · 한국관광공사 열린관광지 · 이지제주,"현재 무장애 정보는 이동(지체) 접근성 기준입니다. 시각·청각·발달 장애 정보는 확보 중이며, 열린관광 모두의여행(access.visitkorea.or.kr) 또는 이지제주(easyjeju.net)에서 확인하실 수 있습니다.",SURVEYED,,,v3,ROUTE_SURVEY,경로 상태 조사: 시멘트길+계단 있음+돌판 노면 불량+휠체어 접근 부분가능,,,,Y,UNKNOWN,UNKNOWN,
ACC_P350,P350,NONE,UNKNOWN,UNKNOWN,UNKNOWN,NONE,NONE,NONE,UNKNOWN,Y,UNAVAILABLE,UNAVAILABLE,장거리 순례길 비포장 구간 — 코스 접근 불가,오르막 경사 있음,산책/순례길+비포장 가능+장거리 보행+휠체어 접근 어려움,무장애 편의시설 확인 필요,,절로 가는 길 지계의 길은 산책길과 순례길이 길게 이어지고 비포장 구간과 오르막 경사가 있어 휠체어로 이동하시기 어렵습니다. 무장애 편의시설은 확인되지 않았습니다.,,,,휠내비길(wheelnavi.kr) 음성안내 · 제주올레 오디오가이드(jejuolle.org) 코스별 음성해설,「탐나는수어」 앱 · 제주수어통역센터 여행수어 자료(jejudeaf.com),,,,차량+대중교통+도보,,,,,,,,,,,,2023-12,,,,,,,UNKNOWN,UNKNOWN,,,,,제주관광약자접근성안내센터(이지제주) · 한국관광공사 열린관광 · ㈜휴플 현장조사,2026-06,2024~2026,https://easyjeju.net,제주관광공사 「오감으로 즐기는 제주」(2023.12.22) · 한국관광공사 열린관광지 · 이지제주,"현재 무장애 정보는 이동(지체) 접근성 기준입니다. 시각·청각·발달 장애 정보는 확보 중이며, 열린관광 모두의여행(access.visitkorea.or.kr) 또는 이지제주(easyjeju.net)에서 확인하실 수 있습니다.",SURVEYED,,[FIX90] 트레일 사유 이관 — 조사 기록은 routeCondition·barrierFreeDetail·slopeInfo 참조,v3,ROUTE_SURVEY,경로 상태 조사: 산책/순례길+비포장 가능+장거리 보행+휠체어 접근 어려움,,,,N,UNKNOWN,UNKNOWN,"시각장애인은 동행자와 함께라면 이용 가능할 수 있으나 안내 설비 정보가 없습니다. 청각장애인은 이동에 제약이 적을 것으로 보이나, 조난 시 연락 수단·안내 방송 여부가 확인되지 않았습니다"
ACC_P351,P351,PARTIAL,UNKNOWN,UNKNOWN,UNKNOWN,PARTIAL,PARTIAL,PARTIAL,FULL,N,CONDITIONAL,CONDITIONAL,"포장 해안도로 이동 가능 / 활동참여 조건부 — 마을길 노면 요철과 보차 미분리 구간 주의, 해변 진입은 별도 확인",경사 있음,포장 해안도로+마을길+돌/하수구 노면 주의+차량 통행 주의+휠체어 접근 부분가능,장애인 화장실 있음+장애인 주차장 있음+주차 가능+쉼터 있음,포장 해안도로·마을길. 돌·하수구 등 노면 요철 구간이 있으며 보차 미분리 구간 차량 통행 주의. 장애인 화장실·장애인 주차구역·쉼터 확인. 양 끝의 김녕해수욕장·월정리해변은 백사장 모래 구간으로 진입 제약이 있어 별도 확인 필요,"김녕에서 월정 방향으로 이어지는 포장 해안도로로, 에메랄드빛 바다를 가까이서 보실 수 있습니다. 장애인 화장실과 장애인 주차구역, 쉼터가 있습니다. 다만 마을길 구간에는 돌이나 하수구 뚜껑으로 노면이 고르지 않은 곳이 있고, 보도와 차도가 나뉘지 않은 구간에서는 차량 통행에 유의하셔야 합니다. 양 끝의 김녕해수욕장이나 월정리해변 쪽으로 내려가실 계획이라면 백사장은 모래라 바퀴가 빠질 수 있으니 그곳 안내도 함께 확인해 주세요.",,,,휠내비길(wheelnavi.kr) 음성안내 · 제주올레 오디오가이드(jejuolle.org) 코스별 음성해설,「탐나는수어」 앱 · 제주수어통역센터 여행수어 자료(jejudeaf.com),,IN_VENUE,이용 동선에서 이용 가능,차량+도보,,,,,,,,,,,,2023-12,,,,,,,UNKNOWN,UNKNOWN,,,,,제주관광약자접근성안내센터(이지제주) · 한국관광공사 열린관광 · ㈜휴플 현장조사,2026-06,2024~2026,https://easyjeju.net,제주관광공사 「오감으로 즐기는 제주」(2023.12.22) · 한국관광공사 열린관광지 · 이지제주,"현재 무장애 정보는 이동(지체) 접근성 기준입니다. 시각·청각·발달 장애 정보는 확보 중이며, 열린관광 모두의여행(access.visitkorea.or.kr) 또는 이지제주(easyjeju.net)에서 확인하실 수 있습니다.",SURVEYED,"[FIX82] 외부 교차확인(2026-08) 재검토 — 제시된 출처 목록(열린관광 지체장애인 편의정보 항목, 비짓제주 보행로 조성 현황)은 '무엇으로 대조했는가'를 적은 방법론 서술이며, 본 지점의 실측값이 등재되어 있다는 확인이 아님. 따라서 이를 근거로 companionRequired 를 올리지 않고 UNKNOWN 을 유지함. 이지제주올레 발간물의 휠체어 구간은 01·04·05·06·08·10·10-1·12·14·17 코스뿐이며 20코스(김녕 경유)는 미지정. 우리 P449 20코스 노드도 wheelchairAccess=NONE 이므로 올레 참조 안내는 적용하지 않음. 자체 경로조사(2026-06) 단독 근거로 PARTIAL 유지 — 외부 미등재는 하향 사유가 아님. 잔여 확인 — 열린관광·이지제주 해당 페이지 URL 확보, 노면 요철 구간의 위치, 동반자 조력 필요 여부",FIX82: 사유 필드 이관 + 김녕·월정리 해변 노드 참조 연결,v3,ROUTE_SURVEY,경로 상태 조사: 포장 해안도로+마을길+돌/하수구 노면 주의+차량 통행 주의+휠체어 접근 부분가능,,,,Y,UNKNOWN,UNKNOWN,
ACC_P352,P352,FULL,UNKNOWN,PARTIAL,UNKNOWN,FULL,FULL,FULL,FULL,Y,AVAILABLE,AVAILABLE,시설접근 기준 판정 — 활동참여 개별 근거 미확보,주출입구 경사로+내부 단차/경사 없음,포장/바닥돌 관람로+승강기 있음+휠체어 접근 가능,경사로 있음+휠체어 대여 가능+유모차 대여 가능+장애인 주차장 있음+장애인 화장실 있음+수유실 있음+승강기 있음+매표소 접근 가능+장애인 관람석 있음+전동휠체어 충전 가능,,,,,탐나는수어 앱 수어해설 21곳(2.제주민속자연사박물관). 현장 QR·AR 수어영상,휠내비길(wheelnavi.kr) 음성안내 · 제주올레 오디오가이드(jejuolle.org) 코스별 음성해설,「탐나는수어」 앱 · 제주수어통역센터 여행수어 자료(jejudeaf.com),,IN_VENUE,이용 동선에서 이용 가능,차량+대중교통,LOW,Y,,,,,㈜휴플 자체 현장조사 (2024~2025),,,,,2023-12,,,,,,,UNKNOWN,UNKNOWN,,,,,제주관광약자접근성안내센터(이지제주) · 한국관광공사 열린관광 · ㈜휴플 현장조사,2026-06,2024~2026,https://easyjeju.net,제주관광공사 「오감으로 즐기는 제주」(2023.12.22) · 한국관광공사 열린관광지 · 이지제주,"현재 무장애 정보는 이동(지체) 접근성 기준입니다. 시각·청각·발달 장애 정보는 확보 중이며, 열린관광 모두의여행(access.visitkorea.or.kr) 또는 이지제주(easyjeju.net)에서 확인하실 수 있습니다.",PARTIAL,"부분검증(2026-08) — 오감 청각 목록 확인, 이동축 미확인",,v3,FIELD_SURVEY,㈜휴플 자체 현장조사 / 경로: 포장/바닥돌 관람로+승강기 있음+휠체어 접근 가능,,,,Y,UNKNOWN,Y,
ACC_P353,P353,PARTIAL,PARTIAL,UNKNOWN,UNKNOWN,PARTIAL,PARTIAL,PARTIAL,FULL,Y,CONDITIONAL,CONDITIONAL,올레 17코스 휠체어 구간 경유 — 해안산책로·데크 구간 접근 가능 / 활동참여 조건부 — 용두암 근접 지점은 계단으로 제한,경사 있음,포장 해안산책로+데크길+일부 인도 없음+계단 있음+휠체어 접근 부분가능,장애인 주차장 있음+장애인 화장실 있음+쉼터 있음,"제주올레 17코스 휠체어 구간(도두봉 내려오는 길~용연다리 5.0km)이 이 해안도로를 경유함. 해안 산책로와 데크길은 이용 가능하지만 용두암 근접 관람 구간에는 계단이 있고, 일부 구간은 인도가 끊겨 차량 통행에 주의가 필요함","제주올레 17코스의 휠체어 이용 구간이 이 해안도로를 지납니다. 도두봉 내려오는 길에서 용연다리까지 약 5.0km로 대체로 평탄합니다. 다만 용두암 가까이 내려가는 길에는 계단이 있어 바위 바로 앞까지 가기 어렵고, 인도가 끊기는 구간에서는 차량 통행에 주의해 주세요.","제주올레 17코스 휠체어 구간(도두봉 내려오는길~용연다리 5.0km)이 본 해안도로를 경유. 해안산책로·데크길 구간은 이용 가능하나 용두암 근접 전망 지점 접근에 계단 있음. 일부 인도 불연속 구간 차량 통행 주의. 장애인 주차구역·장애인 화장실·쉼터 확인, 안내요원 하루 4회 배치(한국관광공사 무장애 API, FIX65)",,,휠내비길(wheelnavi.kr) 음성안내 · 제주올레 오디오가이드(jejuolle.org) 코스별 음성해설,「탐나는수어」 앱 · 제주수어통역센터 여행수어 자료(jejudeaf.com),,IN_VENUE,이용 동선에서 이용 가능,차량+대중교통+도보,,,,,,,,,,,,2023-12,,,도두봉 내려오는길~용연다리 (제주올레 17코스 구간),5.0km,MEDIUM,평이하나 용두암 근접 전망 지점은 계단. 일부 인도 불연속 구간 차량 통행 주의,UNKNOWN,UNKNOWN,,,,,제주관광약자접근성안내센터(이지제주) · 한국관광공사 열린관광 · ㈜휴플 현장조사,2026-06,2024~2026,https://easyjeju.net · https://www.data.go.kr/data/15101897/openapi.do,제주관광공사 「오감으로 즐기는 제주」(2023.12.22) · 한국관광공사 열린관광지 · 이지제주,"현재 무장애 정보는 이동(지체) 접근성 기준입니다. 시각·청각·발달 장애 정보는 확보 중이며, 열린관광 모두의여행(access.visitkorea.or.kr) 또는 이지제주(easyjeju.net)에서 확인하실 수 있습니다.",SURVEYED,[FIX65] 한국관광공사 무장애 API(detailWithTour2) — blindhandicapetc=안내요원 있음(하루 4회) ※ [FIX82] 올레 17코스(P215) 참조 — 구간 정보의 원본은 P215 이며 본 노드는 참조본. P215 갱신 시 함께 갱신할 것,FIX65: visualAccess UNKNOWN→PARTIAL (KTO API) | FIX82: 올레 17코스 휠체어 구간(5.0km) 참조 안내 추가,v3,ROUTE_SURVEY,경로 상태 조사: 포장 해안산책로+데크길+일부 인도 없음+계단 있음+휠체어 접근 부분가능,,,,Y,UNKNOWN,UNKNOWN,
ACC_P354,P354,PARTIAL,UNKNOWN,UNKNOWN,UNKNOWN,PARTIAL,PARTIAL,PARTIAL,FULL,Y,CONDITIONAL,CONDITIONAL,시설접근 기준 판정 — 활동참여 개별 근거 미확보,경사 6~9도 있음,행사장/박물관 일원+포장도로+행사 혼잡+휠체어 접근 부분가능,장애인 주차장 있음+장애인 화장실 있음+휠체어 대여 가능+유모차 대여 가능+승강기 있음+수유실/영유아 돌봄 가능,,,,,,휠내비길(wheelnavi.kr) 음성안내 · 제주올레 오디오가이드(jejuolle.org) 코스별 음성해설,「탐나는수어」 앱 · 제주수어통역센터 여행수어 자료(jejudeaf.com),,IN_VENUE,이용 동선에서 이용 가능,차량+대중교통,,,,,,,,,,,,2023-12,EVENT_CROWD,행사 기간 부스·관람객 밀집으로 통행 제약. 평시와 접근성이 크게 다름,,,,,UNKNOWN,UNKNOWN,,,,,제주관광약자접근성안내센터(이지제주) · 한국관광공사 열린관광 · ㈜휴플 현장조사,2026-06,2024~2026,https://easyjeju.net,제주관광공사 「오감으로 즐기는 제주」(2023.12.22) · 한국관광공사 열린관광지 · 이지제주,"현재 무장애 정보는 이동(지체) 접근성 기준입니다. 시각·청각·발달 장애 정보는 확보 중이며, 열린관광 모두의여행(access.visitkorea.or.kr) 또는 이지제주(easyjeju.net)에서 확인하실 수 있습니다.",SURVEYED,,,v3,ROUTE_SURVEY,경로 상태 조사: 행사장/박물관 일원+포장도로+행사 혼잡+휠체어 접근 부분가능,,,,Y,UNKNOWN,UNKNOWN,
ACC_P355,P355,PARTIAL,UNKNOWN,UNKNOWN,UNKNOWN,PARTIAL,PARTIAL,PARTIAL,UNKNOWN,Y,CONDITIONAL,CONDITIONAL,시설접근 기준 판정 — 활동참여 개별 근거 미확보,경사 10~15도 이상 구간 있음,포장 산책로+비포장 도로+돌길/판석+턱 있음+휠체어 접근 부분가능,주차장 있음+화장실 있음+쉼터 있음,관광단지 내 시설과 보행로의 접근성 편차가 크고 일부 구간에 가파른 경사·턱·비포장·판석 구간이 있음.,관광단지 전체가 하나의 평탄한 보행로로 이어지지 않아 구간에 따라 경사와 턱이 있습니다. 방문할 시설별로 접근 가능한 경로를 확인해 주세요.,,,,휠내비길(wheelnavi.kr) 음성안내 · 제주올레 오디오가이드(jejuolle.org) 코스별 음성해설,「탐나는수어」 앱 · 제주수어통역센터 여행수어 자료(jejudeaf.com),,,,차량+대중교통+도보,,,,,,,,,,,,2023-12,,,,,,,UNKNOWN,UNKNOWN,,,,,제주관광약자접근성안내센터(이지제주) · 한국관광공사 열린관광 · ㈜휴플 현장조사,2026-06,2024~2026,https://korean.visitkorea.or.kr/detail/ms_detail.do?cotid=4fb6a7d8-133f-4f64-aa0f-131ed405b00b,제주관광공사 「오감으로 즐기는 제주」(2023.12.22) · 한국관광공사 열린관광지 · 이지제주,"현재 무장애 정보는 이동(지체) 접근성 기준입니다. 시각·청각·발달 장애 정보는 확보 중이며, 열린관광 모두의여행(access.visitkorea.or.kr) 또는 이지제주(easyjeju.net)에서 확인하실 수 있습니다.",SURVEYED,,,v3,ROUTE_SURVEY,경로 상태 조사: 포장 산책로+비포장 도로+돌길/판석+턱 있음+휠체어 접근 부분가능,,,,Y,UNKNOWN,UNKNOWN,
ACC_P356,P356,PARTIAL,UNKNOWN,UNKNOWN,UNKNOWN,PARTIAL,PARTIAL,PARTIAL,PARTIAL,N,CONDITIONAL,CONDITIONAL,"포장 해안도로 — 차도 통행 구간, 경사",경사 있음,포장 해안도로+차도 통행+차량 통행 주의+휠체어 접근 부분가능,장애인 화장실 있음+화장실 있음+쉼터 있음,포장 해안도로 이용 가능 / 차도와 함께 쓰는 구간,포장된 해안도로를 따라 걷는 길로 차도와 함께 쓰는 구간이 있어 주의가 필요하고 경사가 있습니다. 장애인 화장실과 쉼터가 있습니다. 500m 안에 대중교통 정류장은 없습니다.,,,,휠내비길(wheelnavi.kr) 음성안내 · 제주올레 오디오가이드(jejuolle.org) 코스별 음성해설,「탐나는수어」 앱 · 제주수어통역센터 여행수어 자료(jejudeaf.com),,IN_VENUE,이용 동선에서 이용 가능,차량+도보,,,,,,,,,,,,2023-12,,,,,,,UNKNOWN,UNKNOWN,,,,,제주관광약자접근성안내센터(이지제주) · 한국관광공사 열린관광 · ㈜휴플 현장조사,2026-06,2024~2026,https://easyjeju.net,제주관광공사 「오감으로 즐기는 제주」(2023.12.22) · 한국관광공사 열린관광지 · 이지제주,"현재 무장애 정보는 이동(지체) 접근성 기준입니다. 시각·청각·발달 장애 정보는 확보 중이며, 열린관광 모두의여행(access.visitkorea.or.kr) 또는 이지제주(easyjeju.net)에서 확인하실 수 있습니다.",SURVEYED,,,v3,ROUTE_SURVEY,경로 상태 조사: 포장 해안도로+차도 통행+차량 통행 주의+휠체어 접근 부분가능,,,,Y,UNKNOWN,UNKNOWN,
ACC_P357,P357,PARTIAL,UNKNOWN,UNKNOWN,UNKNOWN,PARTIAL,PARTIAL,PARTIAL,UNKNOWN,Y,CONDITIONAL,CONDITIONAL,구간별 조건 상이 — 포장 구간은 이용 가능 / 비포장·미끄럼 구간 존재,경사/단차 가능,포장/비포장 해안길 혼재+미끄럼 위험 있음+휠체어 접근 부분가능,주차장/화장실은 지점별 상이,경로 조사 — 포장과 비포장 해안길이 섞여 있고 미끄럼 위험 구간 있음. 주차장·화장실은 지점에 따라 다름,"서귀포 해안은 구간에 따라 조건이 크게 다릅니다. 포장된 곳과 비포장인 곳이 섞여 있고 물기로 미끄러운 구간도 있습니다. 주차장과 화장실도 지점마다 달라, 특정 지점을 생각하고 계시면 그곳을 따로 확인해 주시는 편이 좋습니다.",,,,휠내비길(wheelnavi.kr) 음성안내 · 제주올레 오디오가이드(jejuolle.org) 코스별 음성해설,「탐나는수어」 앱 · 제주수어통역센터 여행수어 자료(jejudeaf.com),,,,차량+대중교통+도보,,,,,,,,,,,,2023-12,,,,,,,UNKNOWN,UNKNOWN,,,,,제주관광약자접근성안내센터(이지제주) · 한국관광공사 열린관광 · ㈜휴플 현장조사,2026-06,2024~2026,https://easyjeju.net,제주관광공사 「오감으로 즐기는 제주」(2023.12.22) · 한국관광공사 열린관광지 · 이지제주,"현재 무장애 정보는 이동(지체) 접근성 기준입니다. 시각·청각·발달 장애 정보는 확보 중이며, 열린관광 모두의여행(access.visitkorea.or.kr) 또는 이지제주(easyjeju.net)에서 확인하실 수 있습니다.",SURVEYED,[FIX86] 해양 유형 사유 이관 — 조사 기록은 routeCondition·barrierFreeDetail 참조 ※ 광역 지명 노드 — 지점별 편차가 커 단일 등급 판정이 부적합. 구간 분할 검토 필요,FIX86: 해양 유형 사유·안내문 신설,v3,ROUTE_SURVEY,경로 상태 조사: 포장/비포장 해안길 혼재+미끄럼 위험 있음+휠체어 접근 부분가능,,,,Y,UNKNOWN,UNKNOWN,
ACC_P358,P358,NONE,UNKNOWN,UNKNOWN,UNKNOWN,NONE,PARTIAL,PARTIAL,FULL,Y,CONDITIONAL,UNAVAILABLE,시설접근 조건부 / 활동참여 불가 — 올레 7코스 — 제주올레 공식 휠체어 코스 10개 목록 밖. 단차와 계단이 있어 휠체어 통행 불가,경사 4~17도 있음,흙길+시멘트/판석길+단차 있음+계단 있음+휠체어 접근 부분가능,장애인 주차장 있음+장애인 화장실 있음+쉼터 있음,,올레 7코스는 단차와 계단이 포함되어 있어 휠체어로 코스를 이용하시기는 어렵습니다. 서귀포 시내 구간의 개별 지점 접근성은 별도로 확인해 주세요,,,,휠내비길(wheelnavi.kr) 음성안내 · 제주올레 오디오가이드(jejuolle.org) 코스별 음성해설,「탐나는수어」 앱 · 제주수어통역센터 여행수어 자료(jejudeaf.com),,IN_VENUE,이용 동선에서 이용 가능,차량+대중교통+도보,,,,,,,,,,,,2023-12,,,,,,,UNKNOWN,UNKNOWN,,,,,제주관광약자접근성안내센터(이지제주) · 한국관광공사 열린관광 · ㈜휴플 현장조사,2026-06,2024~2026,https://easyjeju.net,제주관광공사 「오감으로 즐기는 제주」(2023.12.22) · 한국관광공사 열린관광지 · 이지제주,"현재 무장애 정보는 이동(지체) 접근성 기준입니다. 시각·청각·발달 장애 정보는 확보 중이며, 열린관광 모두의여행(access.visitkorea.or.kr) 또는 이지제주(easyjeju.net)에서 확인하실 수 있습니다.",SURVEYED,제주올레 공식 코스정보에 무장애 구간 표기 없음(2026-08 확인). 기존 PARTIAL 은 시설접근 기준에서 파생된 값으로 코스 통행 실측이 아니었음 ※ [FIX83] 올레 7코스 — 제주올레 공식 휠체어 코스 10개 목록 밖. 단차·계단으로 통행 불가 (FIX43 판단),"FIX43: 시설접근 파생 PARTIAL 정정 — 휠체어 축 NONE, 활동참여 UNAVAILABLE | FIX83: 이용자 사유 필드에서 내부 표기 제거",v3,ROUTE_SURVEY,경로 상태 조사: 흙길+시멘트/판석길+단차 있음+계단 있음+휠체어 접근 부분가능,,,,N,UNKNOWN,UNKNOWN,
ACC_P359,P359,NONE,UNKNOWN,UNKNOWN,UNKNOWN,NONE,NONE,NONE,UNKNOWN,Y,UNAVAILABLE,UNAVAILABLE,시설접근 기준 판정 — 활동참여 개별 근거 미확보,계단/급경사 가능,해안 암반+낙석 위험+물놀이 구간 접근 어려움+휠체어 접근 어려움,주차장 있음+화장실 있음,,,,,,휠내비길(wheelnavi.kr) 음성안내 · 제주올레 오디오가이드(jejuolle.org) 코스별 음성해설,「탐나는수어」 앱 · 제주수어통역센터 여행수어 자료(jejudeaf.com),,,,차량+대중교통+도보,,,,,,,,,,,,2023-12,,,,,,,UNKNOWN,UNKNOWN,,,,,제주관광약자접근성안내센터(이지제주) · 한국관광공사 열린관광 · ㈜휴플 현장조사,2026-06,2024~2026,https://easyjeju.net,제주관광공사 「오감으로 즐기는 제주」(2023.12.22) · 한국관광공사 열린관광지 · 이지제주,"현재 무장애 정보는 이동(지체) 접근성 기준입니다. 시각·청각·발달 장애 정보는 확보 중이며, 열린관광 모두의여행(access.visitkorea.or.kr) 또는 이지제주(easyjeju.net)에서 확인하실 수 있습니다.",SURVEYED,,,v3,ROUTE_SURVEY,경로 상태 조사: 해안 암반+낙석 위험+물놀이 구간 접근 어려움+휠체어 접근 어려움,,,,N,UNKNOWN,UNKNOWN,시각·청각장애인의 입수는 동행자와 안전요원 배치 여부에 따라 달라집니다. 해당 해수욕장의 장애인 지원 체계가 확인되지 않았습니다
ACC_P360,P360,PARTIAL,UNKNOWN,UNKNOWN,UNKNOWN,PARTIAL,PARTIAL,PARTIAL,FULL,Y,CONDITIONAL,CONDITIONAL,시설접근 기준 판정 — 활동참여 개별 근거 미확보,"걸매생태공원 내리막 종료. 판석길 시작: 경사구간 : 길이 191.4m. 각도 11˚
걸매생태공원 시작 내리막: 접근성 정보 있음 (계단 혹은 경사 있음. 길 상태 안 좋음)
걸매생태공원 종료: 접근성 정보 있음 (계단 혹은 경사 있음. 길 상태 안 좋음)
걸매생태공원 출구 오르막 시작: 접근성 정보 있음 (계단 혹은 경사 있음. 길 상태 안 좋음)
관찰데크 알림판 지점: 접근성 정보 있음 (계단 혹은 경사 있음. 길 상태 안 좋음)
관찰데크 종료: 접근성 정보 있음 (계단 혹은 경사 있음. 길 상태 안 좋음)
정자: 83개 계단 위 위치 (걸매예술마을 계단)+계단 혹은 경사 있음",데크길+판석길+계단 있음+폭 좁음+휠체어 접근 부분가능,장애인 화장실 있음+경사로 있음+관찰데크 있음,,,,,,휠내비길(wheelnavi.kr) 음성안내 · 제주올레 오디오가이드(jejuolle.org) 코스별 음성해설,「탐나는수어」 앱 · 제주수어통역센터 여행수어 자료(jejudeaf.com),,IN_VENUE,이용 동선에서 이용 가능,차량+대중교통+도보,,,,,,,,,,,,2023-12,,,,,,,UNKNOWN,UNKNOWN,,,,,제주관광약자접근성안내센터(이지제주) · 한국관광공사 열린관광 · ㈜휴플 현장조사,2026-06,2024~2026,https://easyjeju.net,제주관광공사 「오감으로 즐기는 제주」(2023.12.22) · 한국관광공사 열린관광지 · 이지제주,"현재 무장애 정보는 이동(지체) 접근성 기준입니다. 시각·청각·발달 장애 정보는 확보 중이며, 열린관광 모두의여행(access.visitkorea.or.kr) 또는 이지제주(easyjeju.net)에서 확인하실 수 있습니다.",SURVEYED,,,v3,ROUTE_SURVEY,경로 상태 조사: 데크길+판석길+계단 있음+폭 좁음+휠체어 접근 부분가능,,,,Y,UNKNOWN,UNKNOWN,
ACC_P361,P361,PARTIAL,UNKNOWN,UNKNOWN,UNKNOWN,PARTIAL,PARTIAL,PARTIAL,NONE,Y,CONDITIONAL,CONDITIONAL,"포구길 포장 — 해안 암반 구간, 경사 5~14도",경사 5~14도 있음,포장 포구길+해안 암반+계단 있음+노면 주의+휠체어 접근 부분가능,주차장 있음+해안 산책로 있음,포장 포구길 이용 가능 / 염전 암반 구간은 계단·노면 주의,포구길은 포장되어 있으나 매우 가파른 경사 구간이 있습니다. 돌염전이 있는 해안 암반 쪽은 계단이 있고 노면에 주의가 필요합니다. 주차장과 해안 산책로가 있으나 장애인 화장실은 없습니다.,,,,휠내비길(wheelnavi.kr) 음성안내 · 제주올레 오디오가이드(jejuolle.org) 코스별 음성해설,「탐나는수어」 앱 · 제주수어통역센터 여행수어 자료(jejudeaf.com),,,,차량+대중교통+도보,,,,,,,,,,,,2023-12,,,,,,,UNKNOWN,UNKNOWN,,,,,제주관광약자접근성안내센터(이지제주) · 한국관광공사 열린관광 · ㈜휴플 현장조사,2026-06,2024~2026,https://easyjeju.net,제주관광공사 「오감으로 즐기는 제주」(2023.12.22) · 한국관광공사 열린관광지 · 이지제주,"현재 무장애 정보는 이동(지체) 접근성 기준입니다. 시각·청각·발달 장애 정보는 확보 중이며, 열린관광 모두의여행(access.visitkorea.or.kr) 또는 이지제주(easyjeju.net)에서 확인하실 수 있습니다.",SURVEYED,,,v3,ROUTE_SURVEY,경로 상태 조사: 포장 포구길+해안 암반+계단 있음+노면 주의+휠체어 접근 부분가능,,,,Y,UNKNOWN,UNKNOWN,
ACC_P362,P362,PARTIAL,UNKNOWN,UNKNOWN,UNKNOWN,PARTIAL,PARTIAL,PARTIAL,NONE,Y,CONDITIONAL,CONDITIONAL,"포장 포구길·해안 산책로 이용 가능 / 해안 암반은 접근 불가, 장애인 화장실 없음",경사 있음,포장 포구길+해안 암반+차량 통행 주의+휠체어 접근 부분가능,주차장 있음+해안 산책로 있음,"경로 조사 — 포장 포구길과 해안 산책로 확보, 주차장 있음. 해안 암반 구간은 접근 제약. 장애인 화장실 없음","포구길이 포장되어 있고 해안 산책로가 있어 돌염전으로 알려진 구엄 바닷가를 보실 수 있습니다. 주차장도 있습니다. 다만 소금을 만들던 암반 쪽으로는 가시기 어렵고, 차량이 함께 다니는 길이라 통행에 유의하셔야 합니다. 장애인 화장실은 없습니다.",,,,휠내비길(wheelnavi.kr) 음성안내 · 제주올레 오디오가이드(jejuolle.org) 코스별 음성해설,「탐나는수어」 앱 · 제주수어통역센터 여행수어 자료(jejudeaf.com),,,,차량+대중교통+도보,,,,,,,,,,,,2023-12,,,,,,,UNKNOWN,UNKNOWN,,,,,제주관광약자접근성안내센터(이지제주) · 한국관광공사 열린관광 · ㈜휴플 현장조사,2026-06,2024~2026,https://easyjeju.net,제주관광공사 「오감으로 즐기는 제주」(2023.12.22) · 한국관광공사 열린관광지 · 이지제주,"현재 무장애 정보는 이동(지체) 접근성 기준입니다. 시각·청각·발달 장애 정보는 확보 중이며, 열린관광 모두의여행(access.visitkorea.or.kr) 또는 이지제주(easyjeju.net)에서 확인하실 수 있습니다.",SURVEYED,[FIX86] 해양 유형 사유 이관 — 조사 기록은 routeCondition·barrierFreeDetail 참조. disabledToilet=NONE 확인됨,FIX86: 해양 유형 사유·안내문 신설,v3,ROUTE_SURVEY,경로 상태 조사: 포장 포구길+해안 암반+차량 통행 주의+휠체어 접근 부분가능,,,,Y,UNKNOWN,UNKNOWN,
ACC_P363,P363,NONE,UNKNOWN,UNKNOWN,UNKNOWN,NONE,NONE,NONE,PARTIAL,Y,UNAVAILABLE,UNAVAILABLE,시설접근 기준 판정 — 활동참여 개별 근거 미확보,경사로/계단 가능,유람선 탑승+승하선 보조 필요+휠체어 접근 어려움,장애인 주차장 있음(주변)+장애인 화장실 있음(주변),,,,,,휠내비길(wheelnavi.kr) 음성안내 · 제주올레 오디오가이드(jejuolle.org) 코스별 음성해설,「탐나는수어」 앱 · 제주수어통역센터 여행수어 자료(jejudeaf.com),,ENTRANCE_ONLY,장애인 화장실은 입구·주차장 등 부대시설에 위치. 이용 동선에는 없음,차량+대중교통+도보,,,,,,,,,,,,2023-12,,,,,,,UNKNOWN,UNKNOWN,,,,,제주관광약자접근성안내센터(이지제주) · 한국관광공사 열린관광 · ㈜휴플 현장조사,2026-06,2024~2026,https://easyjeju.net,제주관광공사 「오감으로 즐기는 제주」(2023.12.22) · 한국관광공사 열린관광지 · 이지제주,"현재 무장애 정보는 이동(지체) 접근성 기준입니다. 시각·청각·발달 장애 정보는 확보 중이며, 열린관광 모두의여행(access.visitkorea.or.kr) 또는 이지제주(easyjeju.net)에서 확인하실 수 있습니다.",SURVEYED,,,v3,ROUTE_SURVEY,경로 상태 조사: 유람선 탑승+승하선 보조 필요+휠체어 접근 어려움,,,,N,UNKNOWN,UNKNOWN,시각·청각 접근성 정보가 확인되지 않았습니다
ACC_P364,P364,NONE,UNKNOWN,UNKNOWN,UNKNOWN,NONE,NONE,NONE,FULL,Y,UNAVAILABLE,UNAVAILABLE,시설접근 기준 판정 — 활동참여 개별 근거 미확보,계단/경사 있음,동굴 내부+지하 진입+휠체어 접근 어려움,장애인 주차장 있음+장애인 화장실 있음+휠체어 대여 가능+유모차 대여 가능,,,,,,휠내비길(wheelnavi.kr) 음성안내 · 제주올레 오디오가이드(jejuolle.org) 코스별 음성해설,「탐나는수어」 앱 · 제주수어통역센터 여행수어 자료(jejudeaf.com),,ENTRANCE_ONLY,장애인 화장실은 입구·주차장 등 부대시설에 위치. 이용 동선에는 없음,차량+대중교통+도보,,,,,,,,,,,,2023-12,,,,,,,UNKNOWN,UNKNOWN,,,,,제주관광약자접근성안내센터(이지제주) · 한국관광공사 열린관광 · ㈜휴플 현장조사,2026-06,2024~2026,https://easyjeju.net,제주관광공사 「오감으로 즐기는 제주」(2023.12.22) · 한국관광공사 열린관광지 · 이지제주,"현재 무장애 정보는 이동(지체) 접근성 기준입니다. 시각·청각·발달 장애 정보는 확보 중이며, 열린관광 모두의여행(access.visitkorea.or.kr) 또는 이지제주(easyjeju.net)에서 확인하실 수 있습니다.",SURVEYED,,,v3,ROUTE_SURVEY,경로 상태 조사: 동굴 내부+지하 진입+휠체어 접근 어려움,,,"계곡물은 수심을 눈으로 가늠하기 어렵고 바닥이 미끄러우니 발이 닿는 곳에서만 머물러 주세요. 비가 온 뒤에는 상류에서 물이 갑자기 불어날 수 있어, 시간당 10mm 이상 비가 예보된 날에는 입수를 삼가 주세요. 폭포 아래는 수심이 깊고 물살이 강합니다.",N,UNKNOWN,UNKNOWN,시각·청각 접근성 정보가 확인되지 않았습니다
ACC_P365,P365,PARTIAL,PARTIAL,PARTIAL,UNKNOWN,PARTIAL,PARTIAL,PARTIAL,PARTIAL,Y,CONDITIONAL,CONDITIONAL,시설접근 기준 판정 — 활동참여 개별 근거 미확보,"경사로: 경사로 / 3도~8도+매표소: 매표소 앞 경사로 8도 2m+오르막 종료, 내리막 시작: 오르막 종료, 내리막 시작 / 10도 39m",포장 관람로+데크길+턱 6cm+휠체어 접근 부분가능,주차장 있음+장애인 화장실 있음(부분가능)+정방폭포 전망대 접근 가능,,,,,탐나는수어 앱 수어해설 21곳(13.서복전시관). 현장 QR·AR 수어영상,휠내비길(wheelnavi.kr) 음성안내 · 제주올레 오디오가이드(jejuolle.org) 코스별 음성해설,「탐나는수어」 앱(제주수어통역센터) + 현장 QR,,IN_VENUE,이용 동선에서 이용 가능,차량+대중교통,,,,,,,,,,,,2023-12,,,,,,,UNKNOWN,UNKNOWN,,,,,제주관광약자접근성안내센터(이지제주) · 한국관광공사 열린관광 · ㈜휴플 현장조사,2026-06,2024~2026,https://easyjeju.net · https://www.data.go.kr/data/15101897/openapi.do,제주관광공사 「오감으로 즐기는 제주」(2023.12.22) · 한국관광공사 열린관광지 · 이지제주,"현재 무장애 정보는 이동(지체) 접근성 기준입니다. 시각·청각·발달 장애 정보는 확보 중이며, 열린관광 모두의여행(access.visitkorea.or.kr) 또는 이지제주(easyjeju.net)에서 확인하실 수 있습니다.",SURVEYED,[FIX65] 한국관광공사 무장애 API(detailWithTour2) — braileblock=점자블록 있음(데크로드)_시각장애인 편의시설,FIX65: visualAccess UNKNOWN→PARTIAL (KTO API),v3,ROUTE_SURVEY,경로 상태 조사: 포장 관람로+데크길+턱 6cm+휠체어 접근 부분가능,,,,Y,UNKNOWN,Y,
ACC_P366,P366,NONE,UNKNOWN,UNKNOWN,UNKNOWN,NONE,NONE,NONE,UNKNOWN,N,UNAVAILABLE,UNAVAILABLE,주차장 등 진입부는 이용 가능 / 오름 등반로는 접근 불가,가파른 경사 있음,오름 탐방로+자갈길/흙길+장거리 보행+휠체어 접근 어려움,무장애 편의시설 확인 필요,,서영아리오름/용와이오름의 오름 등반로는 비포장 자연 노면이라 휠체어로 이동하시기 어렵습니다. 장애인 화장실은 확인되지 않았습니다.,,,,휠내비길(wheelnavi.kr) 음성안내 · 제주올레 오디오가이드(jejuolle.org) 코스별 음성해설,「탐나는수어」 앱 · 제주수어통역센터 여행수어 자료(jejudeaf.com),,,,차량+도보,,,,,,,,,,,,2023-12,,,,,,,UNKNOWN,UNKNOWN,,,,,제주관광약자접근성안내센터(이지제주) · 한국관광공사 열린관광 · ㈜휴플 현장조사,2026-06,2024~2026,https://easyjeju.net,제주관광공사 「오감으로 즐기는 제주」(2023.12.22) · 한국관광공사 열린관광지 · 이지제주,"현재 무장애 정보는 이동(지체) 접근성 기준입니다. 시각·청각·발달 장애 정보는 확보 중이며, 열린관광 모두의여행(access.visitkorea.or.kr) 또는 이지제주(easyjeju.net)에서 확인하실 수 있습니다.",SURVEYED,[FIX89] 산·오름 사유 이관 — 조사 기록은 routeCondition·barrierFreeDetail 참조,,v3,ROUTE_SURVEY,경로 상태 조사: 오름 탐방로+자갈길/흙길+장거리 보행+휠체어 접근 어려움,,,,N,UNKNOWN,UNKNOWN,"시각장애인은 동행자와 함께라면 이용 가능할 수 있으나 안내 설비 정보가 없습니다. 청각장애인은 이동에 제약이 적을 것으로 보이나, 조난 시 연락 수단·안내 방송 여부가 확인되지 않았습니다"
ACC_P367,P367,PARTIAL,UNKNOWN,UNKNOWN,UNKNOWN,PARTIAL,PARTIAL,PARTIAL,UNKNOWN,Y,CONDITIONAL,CONDITIONAL,"포장 포구길·해안도로 이용 가능 / 차량 통행 주의, 화장실 미확인",경사/단차 가능,포장 포구길+해안도로+차량 통행 주의+휠체어 접근 부분가능,주차장 있음+화장실 확인 필요,경로 조사 — 포장 포구길과 해안도로. 차량 통행 주의. 주차장 있으나 화장실은 확인 필요,"포구길과 해안도로가 포장되어 있고 주차장이 있습니다. 풍력발전기가 늘어선 바다 풍경을 보실 수 있는 자리입니다. 다만 차량이 함께 다니는 길이라 통행에 유의하셔야 하고, 화장실은 확인되지 않았으니 미리 알아보시는 편이 좋습니다.",,,,휠내비길(wheelnavi.kr) 음성안내 · 제주올레 오디오가이드(jejuolle.org) 코스별 음성해설,「탐나는수어」 앱 · 제주수어통역센터 여행수어 자료(jejudeaf.com),,,,차량+대중교통+도보,,,,,,,,,,,,2023-12,,,,,,,UNKNOWN,UNKNOWN,,,,,제주관광약자접근성안내센터(이지제주) · 한국관광공사 열린관광 · ㈜휴플 현장조사,2026-06,2024~2026,https://easyjeju.net,제주관광공사 「오감으로 즐기는 제주」(2023.12.22) · 한국관광공사 열린관광지 · 이지제주,"현재 무장애 정보는 이동(지체) 접근성 기준입니다. 시각·청각·발달 장애 정보는 확보 중이며, 열린관광 모두의여행(access.visitkorea.or.kr) 또는 이지제주(easyjeju.net)에서 확인하실 수 있습니다.",SURVEYED,[FIX86] 해양 유형 사유 이관 — 조사 기록은 routeCondition·barrierFreeDetail 참조. 잔여 확인 — 화장실·장애인 화장실 유무,FIX86: 해양 유형 사유·안내문 신설,v3,ROUTE_SURVEY,경로 상태 조사: 포장 포구길+해안도로+차량 통행 주의+휠체어 접근 부분가능,,,,Y,UNKNOWN,UNKNOWN,
ACC_P368,P368,PARTIAL,UNKNOWN,UNKNOWN,UNKNOWN,PARTIAL,PARTIAL,PARTIAL,UNKNOWN,Y,CONDITIONAL,CONDITIONAL,"해안 산책로 — 전망 구간 계단, 경사",경사 있음,해안 산책로+계단/전망구간 가능+휠체어 접근 부분가능,주차장 있음+화장실 확인 필요,해안 산책로 이용 가능 / 전망 구간은 계단,해안 산책로를 따라 이동하실 수 있고 전망 구간에는 계단과 경사가 있습니다. 주차장이 있으며 화장실은 확인되지 않았습니다.,,,,휠내비길(wheelnavi.kr) 음성안내 · 제주올레 오디오가이드(jejuolle.org) 코스별 음성해설,「탐나는수어」 앱 · 제주수어통역센터 여행수어 자료(jejudeaf.com),,,,차량+대중교통+도보,,,,,,,,,,,,2023-12,,,,,,,UNKNOWN,UNKNOWN,,,,,제주관광약자접근성안내센터(이지제주) · 한국관광공사 열린관광 · ㈜휴플 현장조사,2026-06,2024~2026,https://easyjeju.net,제주관광공사 「오감으로 즐기는 제주」(2023.12.22) · 한국관광공사 열린관광지 · 이지제주,"현재 무장애 정보는 이동(지체) 접근성 기준입니다. 시각·청각·발달 장애 정보는 확보 중이며, 열린관광 모두의여행(access.visitkorea.or.kr) 또는 이지제주(easyjeju.net)에서 확인하실 수 있습니다.",SURVEYED,,,v3,ROUTE_SURVEY,경로 상태 조사: 해안 산책로+계단/전망구간 가능+휠체어 접근 부분가능,,,,Y,UNKNOWN,UNKNOWN,
ACC_P369,P369,PARTIAL,UNKNOWN,UNKNOWN,UNKNOWN,PARTIAL,FULL,PARTIAL,FULL,Y,CONDITIONAL,CONDITIONAL,시설접근 기준 판정 — 활동참여 개별 근거 미확보,"외부 관람로 경사 최대 10도 있으며, 바닥 요철마감 구간 및 유효 폭 협소한 구간 있습니다+선인장온실 입구 8도 오르막50cm, 6도 내리막 출구 11도 갸경사 30cm 후 3cm 단차 있습니다+매표소 접근로 경사로 설치되어 있습니다",장애인전용관람로+시멘트길/돌길+미천굴 접근 어려움+휠체어 접근 부분가능,장애인 주차장 있음+장애인 화장실 있음+휠체어 대여 가능+유모차 대여 가능+매표소 접근 가능,,,,,,휠내비길(wheelnavi.kr) 음성안내 · 제주올레 오디오가이드(jejuolle.org) 코스별 음성해설,「탐나는수어」 앱 · 제주수어통역센터 여행수어 자료(jejudeaf.com),,IN_VENUE,이용 동선에서 이용 가능,차량+대중교통,LOW,Y,,,,,㈜휴플 자체 현장조사 (2024~2025),,,,,2023-12,,,,,,,UNKNOWN,UNKNOWN,,,,,제주관광약자접근성안내센터(이지제주) · 한국관광공사 열린관광 · ㈜휴플 현장조사,2026-06,2024~2026,https://easyjeju.net,제주관광공사 「오감으로 즐기는 제주」(2023.12.22) · 한국관광공사 열린관광지 · 이지제주,"현재 무장애 정보는 이동(지체) 접근성 기준입니다. 시각·청각·발달 장애 정보는 확보 중이며, 열린관광 모두의여행(access.visitkorea.or.kr) 또는 이지제주(easyjeju.net)에서 확인하실 수 있습니다.",VERIFIED,,,v3,FIELD_SURVEY,㈜휴플 자체 현장조사 / 경로: 장애인전용관람로+시멘트길/돌길+미천굴 접근 어려움+휠체어 접근 부분가능,,,,Y,UNKNOWN,UNKNOWN,
ACC_P370,P370,FULL,PARTIAL,UNKNOWN,UNKNOWN,FULL,FULL,FULL,FULL,Y,AVAILABLE,AVAILABLE,시설접근 기준 판정 — 활동참여 개별 근거 미확보,출입구 경사로,포장도로+수동문+승강기 있음+휠체어 접근 가능,장애인 주차장 있음+경사로 있음+승강기 있음+장애인 화장실 있음+수유실 있음+매표소 접근 가능,,,,,,휠내비길(wheelnavi.kr) 음성안내 · 제주올레 오디오가이드(jejuolle.org) 코스별 음성해설,「탐나는수어」 앱 · 제주수어통역센터 여행수어 자료(jejudeaf.com),,IN_VENUE,이용 동선에서 이용 가능,차량+대중교통,NONE,N,,,,,㈜휴플 자체 현장조사 (2024~2025),,,,,2023-12,,,,,,,UNKNOWN,UNKNOWN,,,,,제주관광약자접근성안내센터(이지제주) · 한국관광공사 열린관광 · ㈜휴플 현장조사,2026-06,2024~2026,https://easyjeju.net · https://www.data.go.kr/data/15101897/openapi.do,제주관광공사 「오감으로 즐기는 제주」(2023.12.22) · 한국관광공사 열린관광지 · 이지제주,"현재 무장애 정보는 이동(지체) 접근성 기준입니다. 시각·청각·발달 장애 정보는 확보 중이며, 열린관광 모두의여행(access.visitkorea.or.kr) 또는 이지제주(easyjeju.net)에서 확인하실 수 있습니다.",VERIFIED,[FIX65] 한국관광공사 무장애 API(detailWithTour2) — braileblock=점자유도로 있음(주 출입구 앞)_시각장애인 편의시설,FIX65: visualAccess UNKNOWN→PARTIAL (KTO API),v3,FIELD_SURVEY,㈜휴플 자체 현장조사 / 경로: 포장도로+수동문+승강기 있음+휠체어 접근 가능,,,,Y,UNKNOWN,UNKNOWN,
ACC_P371,P371,PARTIAL,UNKNOWN,UNKNOWN,UNKNOWN,PARTIAL,PARTIAL,PARTIAL,FULL,Y,CONDITIONAL,CONDITIONAL,"포장 산책로 — 경사 4~10도, 단차·계단 구간",경사 4~10도 있음,포장 산책로+단차/계단 가능+휠체어 접근 부분가능,장애인 주차장 있음+장애인 화장실 있음+경사로 있음+쉼터 있음,포장 산책로는 이용 가능. 가파른 경사 구간과 단차·계단이 있음,"산책로가 포장되어 있으나 가파른 경사 구간이 있고 일부 단차와 계단이 있습니다. 장애인 주차장과 화장실, 경사로, 쉼터가 있습니다.",,,,휠내비길(wheelnavi.kr) 음성안내 · 제주올레 오디오가이드(jejuolle.org) 코스별 음성해설,「탐나는수어」 앱 · 제주수어통역센터 여행수어 자료(jejudeaf.com),,IN_VENUE,이용 동선에서 이용 가능,차량+대중교통+도보,,,,,,,,,,,,2023-12,,,,,,,UNKNOWN,UNKNOWN,,,,,제주관광약자접근성안내센터(이지제주) · 한국관광공사 열린관광 · ㈜휴플 현장조사,2026-06,2024~2026,https://easyjeju.net,제주관광공사 「오감으로 즐기는 제주」(2023.12.22) · 한국관광공사 열린관광지 · 이지제주,"현재 무장애 정보는 이동(지체) 접근성 기준입니다. 시각·청각·발달 장애 정보는 확보 중이며, 열린관광 모두의여행(access.visitkorea.or.kr) 또는 이지제주(easyjeju.net)에서 확인하실 수 있습니다.",SURVEYED,,,v3,ROUTE_SURVEY,경로 상태 조사: 포장 산책로+단차/계단 가능+휠체어 접근 부분가능,,,,Y,UNKNOWN,UNKNOWN,
ACC_P372,P372,NONE,UNKNOWN,UNKNOWN,UNKNOWN,NONE,NONE,NONE,UNKNOWN,Y,UNAVAILABLE,UNAVAILABLE,시설접근 기준 판정 — 활동참여 개별 근거 미확보,계단/급경사 가능,해안 암반/굴+낙석 위험+미끄럼 위험 있음+휠체어 접근 어려움,주차장 있음+화장실 있음,,,,,,휠내비길(wheelnavi.kr) 음성안내 · 제주올레 오디오가이드(jejuolle.org) 코스별 음성해설,「탐나는수어」 앱 · 제주수어통역센터 여행수어 자료(jejudeaf.com),,,,차량+대중교통+도보,,,,,,,,,,,,2023-12,,,,,,,UNKNOWN,UNKNOWN,,,,,제주관광약자접근성안내센터(이지제주) · 한국관광공사 열린관광 · ㈜휴플 현장조사,2026-06,2024~2026,https://easyjeju.net,제주관광공사 「오감으로 즐기는 제주」(2023.12.22) · 한국관광공사 열린관광지 · 이지제주,"현재 무장애 정보는 이동(지체) 접근성 기준입니다. 시각·청각·발달 장애 정보는 확보 중이며, 열린관광 모두의여행(access.visitkorea.or.kr) 또는 이지제주(easyjeju.net)에서 확인하실 수 있습니다.",SURVEYED,,,v3,ROUTE_SURVEY,경로 상태 조사: 해안 암반/굴+낙석 위험+미끄럼 위험 있음+휠체어 접근 어려움,,,,N,UNKNOWN,UNKNOWN,시각·청각장애인의 입수는 동행자와 안전요원 배치 여부에 따라 달라집니다. 해당 해수욕장의 장애인 지원 체계가 확인되지 않았습니다
ACC_P373,P373,NONE,UNKNOWN,UNKNOWN,UNKNOWN,NONE,NONE,NONE,UNKNOWN,Y,UNAVAILABLE,UNAVAILABLE,주차장 등 진입부는 이용 가능 / 오름 등반로는 접근 불가,가파른 경사 있음,오름 탐방로+비포장/숲길+비공식 탐방로 가능+휠체어 접근 어려움,무장애 편의시설 확인 필요,,개오리오름의 오름 등반로는 비포장 자연 노면이라 휠체어로 이동하시기 어렵습니다. 장애인 화장실은 확인되지 않았습니다.,,,,휠내비길(wheelnavi.kr) 음성안내 · 제주올레 오디오가이드(jejuolle.org) 코스별 음성해설,「탐나는수어」 앱 · 제주수어통역센터 여행수어 자료(jejudeaf.com),,,,차량+대중교통+도보,,,,,,,,,,,,2023-12,,,,,,,UNKNOWN,UNKNOWN,,,,,제주관광약자접근성안내센터(이지제주) · 한국관광공사 열린관광 · ㈜휴플 현장조사,2026-06,2024~2026,https://easyjeju.net,제주관광공사 「오감으로 즐기는 제주」(2023.12.22) · 한국관광공사 열린관광지 · 이지제주,"현재 무장애 정보는 이동(지체) 접근성 기준입니다. 시각·청각·발달 장애 정보는 확보 중이며, 열린관광 모두의여행(access.visitkorea.or.kr) 또는 이지제주(easyjeju.net)에서 확인하실 수 있습니다.",SURVEYED,[FIX89] 산·오름 사유 이관 — 조사 기록은 routeCondition·barrierFreeDetail 참조,,v3,ROUTE_SURVEY,경로 상태 조사: 오름 탐방로+비포장/숲길+비공식 탐방로 가능+휠체어 접근 어려움,,,,N,UNKNOWN,UNKNOWN,"시각장애인은 동행자와 함께라면 이용 가능할 수 있으나 안내 설비 정보가 없습니다. 청각장애인은 이동에 제약이 적을 것으로 보이나, 조난 시 연락 수단·안내 방송 여부가 확인되지 않았습니다"
ACC_P374,P374,PARTIAL,UNKNOWN,UNKNOWN,UNKNOWN,PARTIAL,PARTIAL,PARTIAL,UNKNOWN,Y,CONDITIONAL,CONDITIONAL,"포장 포구길·해안 산책로 이용 가능 / 6cm 턱과 차량 통행 주의, 화장실 미확인",,포장 포구길+해안 산책로+턱 6cm 가능+차량 통행 주의+휠체어 접근 부분가능,주차장 있음+화장실 확인 필요,경로 조사 — 포장 포구길과 해안 산책로. 6cm 정도의 턱이 있을 수 있고 차량 통행 주의. 주차장 있으나 화장실은 확인 필요,"포구길과 해안 산책로가 포장되어 있고 주차장이 있습니다. 다만 6cm 정도의 턱이 있는 곳이 있어 혼자 넘으시기에 부담이 될 수 있고, 차량이 함께 다니는 길이라 통행에 유의하셔야 합니다. 화장실은 확인되지 않았습니다.",,,,휠내비길(wheelnavi.kr) 음성안내 · 제주올레 오디오가이드(jejuolle.org) 코스별 음성해설,「탐나는수어」 앱 · 제주수어통역센터 여행수어 자료(jejudeaf.com),,,,차량+대중교통+도보,,,,,,,,,,,,2023-12,,,,,,,UNKNOWN,UNKNOWN,,,,,제주관광약자접근성안내센터(이지제주) · 한국관광공사 열린관광 · ㈜휴플 현장조사,2026-06,2024~2026,https://easyjeju.net,제주관광공사 「오감으로 즐기는 제주」(2023.12.22) · 한국관광공사 열린관광지 · 이지제주,"현재 무장애 정보는 이동(지체) 접근성 기준입니다. 시각·청각·발달 장애 정보는 확보 중이며, 열린관광 모두의여행(access.visitkorea.or.kr) 또는 이지제주(easyjeju.net)에서 확인하실 수 있습니다.",SURVEYED,[FIX86] 해양 유형 사유 이관 — 조사 기록은 routeCondition·barrierFreeDetail 참조. 턱 6cm 기록 — 잔여 확인: 위치와 우회 가능 여부,FIX86: 해양 유형 사유·안내문 신설,v3,ROUTE_SURVEY,경로 상태 조사: 포장 포구길+해안 산책로+턱 6cm 가능+차량 통행 주의+휠체어 접근 부분가능,,,,Y,UNKNOWN,UNKNOWN,
ACC_P375,P375,UNKNOWN,UNKNOWN,UNKNOWN,UNKNOWN,UNKNOWN,UNKNOWN,UNKNOWN,UNKNOWN,Y,UNKNOWN,UNKNOWN,,경사 있음,사찰 경내+포장/비포장 혼재+계단 가능+휠체어 접근 부분가능,주차장 있음+화장실 있음+안내시설 있음,,,,,,휠내비길(wheelnavi.kr) 음성안내 · 제주올레 오디오가이드(jejuolle.org) 코스별 음성해설,「탐나는수어」 앱 · 제주수어통역센터 여행수어 자료(jejudeaf.com),,,,차량+대중교통+도보,,,,,,,,,,,,2023-12,,,,,,,UNKNOWN,UNKNOWN,,,,,제주관광약자접근성안내센터(이지제주) · 한국관광공사 열린관광 · ㈜휴플 현장조사,2026-06,2024~2026,https://easyjeju.net,제주관광공사 「오감으로 즐기는 제주」(2023.12.22) · 한국관광공사 열린관광지 · 이지제주,"현재 무장애 정보는 이동(지체) 접근성 기준입니다. 시각·청각·발달 장애 정보는 확보 중이며, 열린관광 모두의여행(access.visitkorea.or.kr) 또는 이지제주(easyjeju.net)에서 확인하실 수 있습니다.",SURVEYED,※ FIX68: P569 과 동일 장소(중복 노드). 대표는 P569 이며 이 노드는 추천 대상에서 제외함. 접근성 정보는 P569 로 이관 완료. 관계는 이력 보존을 위해 남겨둠,FIX68: P569 로 병합 (중복 노드),v3,ROUTE_SURVEY,경로 상태 조사: 사찰 경내+포장/비포장 혼재+계단 가능+휠체어 접근 부분가능,,,,Y,UNKNOWN,UNKNOWN,
ACC_P376,P376,PARTIAL,UNKNOWN,UNKNOWN,UNKNOWN,PARTIAL,PARTIAL,PARTIAL,UNKNOWN,Y,CONDITIONAL,CONDITIONAL,시설접근 기준 판정 — 활동참여 개별 근거 미확보,경사 있음,사찰 경내+포장/비포장 혼재+계단 가능+휠체어 접근 부분가능,주차장 있음+화장실 있음+안내시설 있음,,,,,,휠내비길(wheelnavi.kr) 음성안내 · 제주올레 오디오가이드(jejuolle.org) 코스별 음성해설,「탐나는수어」 앱 · 제주수어통역센터 여행수어 자료(jejudeaf.com),,,,차량+대중교통+도보,,,,,,,,,,,,2023-12,,,,,,,UNKNOWN,UNKNOWN,,,,,제주관광약자접근성안내센터(이지제주) · 한국관광공사 열린관광 · ㈜휴플 현장조사,2026-06,2024~2026,https://easyjeju.net,제주관광공사 「오감으로 즐기는 제주」(2023.12.22) · 한국관광공사 열린관광지 · 이지제주,"현재 무장애 정보는 이동(지체) 접근성 기준입니다. 시각·청각·발달 장애 정보는 확보 중이며, 열린관광 모두의여행(access.visitkorea.or.kr) 또는 이지제주(easyjeju.net)에서 확인하실 수 있습니다.",SURVEYED,,,v3,ROUTE_SURVEY,경로 상태 조사: 사찰 경내+포장/비포장 혼재+계단 가능+휠체어 접근 부분가능,,,,Y,UNKNOWN,UNKNOWN,
ACC_P377,P377,PARTIAL,UNKNOWN,UNKNOWN,UNKNOWN,PARTIAL,PARTIAL,PARTIAL,PARTIAL,Y,CONDITIONAL,CONDITIONAL,시설접근 기준 판정 — 활동참여 개별 근거 미확보,,포장 산책로+잔디/야영장+모래사장 접근 어려움+차량 통행 주의+휠체어 접근 부분가능,장애인 주차장 있음+장애인 화장실 있음(부분가능)+주차장 있음+야영장 있음,야영장 주변 포장 구간은 이동 가능하지만 잔디·모래사장 등 자연 노면에서는 휠체어 이동이 어려움.,주차장에서 야영장까지는 가까운 편이지만 잔디와 모래 구간에서는 휠체어 이동이 어렵습니다. 포장된 구간을 중심으로 이동해 주세요.,,,,휠내비길(wheelnavi.kr) 음성안내 · 제주올레 오디오가이드(jejuolle.org) 코스별 음성해설,「탐나는수어」 앱 · 제주수어통역센터 여행수어 자료(jejudeaf.com),,IN_VENUE,이용 동선에서 이용 가능,차량+대중교통+도보,,,,,,,,,,,,2023-12,,,,,,,UNKNOWN,UNKNOWN,,,,,제주관광약자접근성안내센터(이지제주) · 한국관광공사 열린관광 · ㈜휴플 현장조사,2026-06,2024~2026,https://www.visitjeju.net/kr/detail/view?contentsid=CNTS_000000000019768,제주관광공사 「오감으로 즐기는 제주」(2023.12.22) · 한국관광공사 열린관광지 · 이지제주,"현재 무장애 정보는 이동(지체) 접근성 기준입니다. 시각·청각·발달 장애 정보는 확보 중이며, 열린관광 모두의여행(access.visitkorea.or.kr) 또는 이지제주(easyjeju.net)에서 확인하실 수 있습니다.",SURVEYED,,,v3,FACILITY_SURVEY,편의시설 조사: 장애인 주차장 있음+장애인 화장실 있음(부분가능)+주차장 있음+야영장 있음,UNKNOWN,모래사장은 휠체어 바퀴가 빠져 이동이 어렵습니다. 진입로·데크 설치 여부가 확인되지 않았으니 방문 전 문의하시거나 해변용 휠체어 대여 가능 여부를 확인해 주세요,발이 닿는 깊이까지만 들어가시고 먼 바다 쪽으로는 나가지 말아 주세요. 파고가 2m를 넘거나 풍랑특보가 발효되면 입수를 삼가 주세요. 너울은 파도가 잔잔해 보여도 갑자기 밀려오니 갯바위와 방파제 위에는 올라가지 말아 주세요. 체감온도 33도가 넘는 날에는 한낮 물놀이를 피하고 그늘에서 자주 쉬어 주세요. 휠체어 이용자는 파도에 중심을 잃기 쉽고 스스로 빠져나오기 어려우니 반드시 동행자와 함께해 주세요.,Y,UNKNOWN,UNKNOWN,
ACC_P378,P378,PARTIAL,UNKNOWN,UNKNOWN,UNKNOWN,PARTIAL,PARTIAL,PARTIAL,PARTIAL,Y,CONDITIONAL,CONDITIONAL,시설접근 기준 판정 — 활동참여 개별 근거 미확보,계단 혹은 경사 있음+남원포구 주차장: 접근성 정보 있음 (계단 혹은 경사 있음. 길 상태 안 좋음),포장/비포장 혼재+계단 있음+노면 불량+휠체어 접근 부분가능,주차장 있음+공중화장실 있음+장애인 화장실 있음(주변),거리에는 비교적 평탄한 구간이 있으나 남원포구 방향 일부 구간에 계단·비포장·고르지 않은 노면이 있음.,"거리에는 비교적 평탄한 구간이 많지만, 포구 쪽 일부 구간은 계단과 고르지 않은 바닥이 있습니다. 보행로를 따라 이동해 주세요.",,,,휠내비길(wheelnavi.kr) 음성안내 · 제주올레 오디오가이드(jejuolle.org) 코스별 음성해설,「탐나는수어」 앱 · 제주수어통역센터 여행수어 자료(jejudeaf.com),,,이 관광지 안에는 장애인 화장실이 없습니다.,차량+대중교통+도보,,,,,,,,,,,,2023-12,MARKET_STALL,노점·가판대·적재물로 실제 통로 폭이 조사값보다 좁아질 수 있음. 장날·성수기 통행 곤란,,,,,UNKNOWN,UNKNOWN,,,,,제주관광약자접근성안내센터(이지제주) · 한국관광공사 열린관광 · ㈜휴플 현장조사,2026-06,2024~2026,https://www.data.go.kr/data/15075176/fileData.do?recommendDataYn=Y,제주관광공사 「오감으로 즐기는 제주」(2023.12.22) · 한국관광공사 열린관광지 · 이지제주,"현재 무장애 정보는 이동(지체) 접근성 기준입니다. 시각·청각·발달 장애 정보는 확보 중이며, 열린관광 모두의여행(access.visitkorea.or.kr) 또는 이지제주(easyjeju.net)에서 확인하실 수 있습니다.",SURVEYED,[FIX99] 조사기록에 「인근·주변에 장애인 화장실 있음」으로만 적혀 있고 시설명·거리가 특정되지 않아 이용자 안내에서는 제외함. 정확한 시설명과 거리 확인 필요.,,v3,ROUTE_SURVEY,경로 상태 조사: 포장/비포장 혼재+계단 있음+노면 불량+휠체어 접근 부분가능,,,,Y,UNKNOWN,UNKNOWN,
ACC_P379,P379,NONE,UNKNOWN,UNKNOWN,UNKNOWN,NONE,NONE,NONE,UNKNOWN,N,UNAVAILABLE,UNAVAILABLE,주차장 등 진입부는 이용 가능 / 오름 등반로는 접근 불가,경사 있음,오름 탐방로+숲길/오솔길+비포장+돌계단 가능+휠체어 접근 어려움,무장애 편의시설 확인 필요,,보리오름의 오름 등반로는 비포장 자연 노면·계단이라 휠체어로 이동하시기 어렵습니다. 장애인 화장실은 확인되지 않았습니다.,,,,휠내비길(wheelnavi.kr) 음성안내 · 제주올레 오디오가이드(jejuolle.org) 코스별 음성해설,「탐나는수어」 앱 · 제주수어통역센터 여행수어 자료(jejudeaf.com),,,,차량+도보,,,,,,,,,,,,2023-12,,,,,,,UNKNOWN,UNKNOWN,,,,,제주관광약자접근성안내센터(이지제주) · 한국관광공사 열린관광 · ㈜휴플 현장조사,2026-06,2024~2026,https://easyjeju.net,제주관광공사 「오감으로 즐기는 제주」(2023.12.22) · 한국관광공사 열린관광지 · 이지제주,"현재 무장애 정보는 이동(지체) 접근성 기준입니다. 시각·청각·발달 장애 정보는 확보 중이며, 열린관광 모두의여행(access.visitkorea.or.kr) 또는 이지제주(easyjeju.net)에서 확인하실 수 있습니다.",SURVEYED,[FIX89] 산·오름 사유 이관 — 조사 기록은 routeCondition·barrierFreeDetail 참조,,v3,ROUTE_SURVEY,경로 상태 조사: 오름 탐방로+숲길/오솔길+비포장+돌계단 가능+휠체어 접근 어려움,,,,N,UNKNOWN,UNKNOWN,"시각장애인은 동행자와 함께라면 이용 가능할 수 있으나 안내 설비 정보가 없습니다. 청각장애인은 이동에 제약이 적을 것으로 보이나, 조난 시 연락 수단·안내 방송 여부가 확인되지 않았습니다"
ACC_P380,P380,NONE,UNKNOWN,UNKNOWN,UNKNOWN,NONE,NONE,NONE,FULL,Y,UNAVAILABLE,UNAVAILABLE,"산방산 중턱 계단길 — 급경사, 우회로 없음",급경사 있음,산방산 중턱+계단길+동굴/사찰 진입로+휠체어 접근 어려움,장애인 화장실 있음,,산방산 중턱에 있어 계단길을 올라야 하며 급경사입니다. 우회로는 없습니다. 장애인 화장실은 입구·주차장 쪽에 있고 관람 구간에는 없습니다.,,,,휠내비길(wheelnavi.kr) 음성안내 · 제주올레 오디오가이드(jejuolle.org) 코스별 음성해설,「탐나는수어」 앱 · 제주수어통역센터 여행수어 자료(jejudeaf.com),,ENTRANCE_ONLY,장애인 화장실은 입구·주차장 등 부대시설에 위치. 이용 동선에는 없음,차량+대중교통+도보,,,,,,,,,,,,2023-12,,,,,,,UNKNOWN,UNKNOWN,,,,,제주관광약자접근성안내센터(이지제주) · 한국관광공사 열린관광 · ㈜휴플 현장조사,2026-06,2024~2026,https://easyjeju.net,제주관광공사 「오감으로 즐기는 제주」(2023.12.22) · 한국관광공사 열린관광지 · 이지제주,"현재 무장애 정보는 이동(지체) 접근성 기준입니다. 시각·청각·발달 장애 정보는 확보 중이며, 열린관광 모두의여행(access.visitkorea.or.kr) 또는 이지제주(easyjeju.net)에서 확인하실 수 있습니다.",SURVEYED,,,v3,ROUTE_SURVEY,경로 상태 조사: 산방산 중턱+계단길+동굴/사찰 진입로+휠체어 접근 어려움,,,,N,UNKNOWN,UNKNOWN,시각·청각 접근성 정보가 확인되지 않았습니다
ACC_P381,P381,PARTIAL,UNKNOWN,UNKNOWN,UNKNOWN,PARTIAL,PARTIAL,PARTIAL,UNKNOWN,Y,CONDITIONAL,CONDITIONAL,"하천·밭담길 — 포장·비포장 혼재, 경사·턱",경사/턱 가능,하천/마을 산책로+밭담길+포장/비포장 혼재+휠체어 접근 부분가능,무장애 편의시설 확인 필요,포장 산책로 구간 이용 가능 / 밭담길은 비포장,하천을 따라 마을 산책로와 밭담길이 이어지며 포장과 비포장이 섞여 있습니다. 경사와 턱이 있는 구간이 있고 무장애 편의시설은 확인되지 않았습니다.,,,,휠내비길(wheelnavi.kr) 음성안내 · 제주올레 오디오가이드(jejuolle.org) 코스별 음성해설,「탐나는수어」 앱 · 제주수어통역센터 여행수어 자료(jejudeaf.com),,,,차량+대중교통+도보,,,,,,,,,,,,2023-12,,,,,,,UNKNOWN,UNKNOWN,,,,,제주관광약자접근성안내센터(이지제주) · 한국관광공사 열린관광 · ㈜휴플 현장조사,2026-06,2024~2026,https://easyjeju.net,제주관광공사 「오감으로 즐기는 제주」(2023.12.22) · 한국관광공사 열린관광지 · 이지제주,"현재 무장애 정보는 이동(지체) 접근성 기준입니다. 시각·청각·발달 장애 정보는 확보 중이며, 열린관광 모두의여행(access.visitkorea.or.kr) 또는 이지제주(easyjeju.net)에서 확인하실 수 있습니다.",SURVEYED,,,v3,ROUTE_SURVEY,경로 상태 조사: 하천/마을 산책로+밭담길+포장/비포장 혼재+휠체어 접근 부분가능,,,,Y,UNKNOWN,UNKNOWN,
ACC_P382,P382,NONE,UNKNOWN,UNKNOWN,UNKNOWN,NONE,NONE,NONE,UNKNOWN,Y,UNAVAILABLE,UNAVAILABLE,돌계단과 언덕길 — 사당 진입로 우회 없음,,돌계단+언덕길+사당 진입로+휠체어 접근 어려움,무장애 편의시설 확인 필요,,사당까지 돌계단과 언덕길을 올라야 합니다. 무장애 편의시설은 확인되지 않았습니다.,,,,휠내비길(wheelnavi.kr) 음성안내 · 제주올레 오디오가이드(jejuolle.org) 코스별 음성해설,「탐나는수어」 앱 · 제주수어통역센터 여행수어 자료(jejudeaf.com),,,,차량+대중교통+도보,,,,,,,,,,,,2023-12,,,,,,,UNKNOWN,UNKNOWN,,,,,제주관광약자접근성안내센터(이지제주) · 한국관광공사 열린관광 · ㈜휴플 현장조사,2026-06,2024~2026,https://easyjeju.net,제주관광공사 「오감으로 즐기는 제주」(2023.12.22) · 한국관광공사 열린관광지 · 이지제주,"현재 무장애 정보는 이동(지체) 접근성 기준입니다. 시각·청각·발달 장애 정보는 확보 중이며, 열린관광 모두의여행(access.visitkorea.or.kr) 또는 이지제주(easyjeju.net)에서 확인하실 수 있습니다.",SURVEYED,,,v3,ROUTE_SURVEY,경로 상태 조사: 돌계단+언덕길+사당 진입로+휠체어 접근 어려움,,,,N,UNKNOWN,UNKNOWN,시각·청각 접근성 정보가 확인되지 않았습니다
ACC_P383,P383,PARTIAL,UNKNOWN,UNKNOWN,UNKNOWN,PARTIAL,PARTIAL,PARTIAL,PARTIAL,Y,CONDITIONAL,CONDITIONAL,"장거리 도보코스 — 포장·비포장 혼재, 경사 구간",경사 있음,장거리 도보코스+마을길/밭길+포장/비포장 혼재+휠체어 접근 부분가능,장애인 주차장 있음+장애인 화장실 있음+경사로 있음+휠체어 대여 가능+유모차 대여 가능,거점 편의시설과 포장 구간 이용 가능 / 밭길 비포장 구간 있음,마을길과 밭길을 잇는 장거리 도보 코스로 포장과 비포장이 섞여 있고 경사 구간이 있습니다. 거점에 장애인 주차장·화장실과 경사로가 있고 휠체어와 유모차를 대여할 수 있습니다. 전 구간을 걷지 않고 거점 주변만 둘러보셔도 됩니다.,,,,휠내비길(wheelnavi.kr) 음성안내 · 제주올레 오디오가이드(jejuolle.org) 코스별 음성해설,「탐나는수어」 앱 · 제주수어통역센터 여행수어 자료(jejudeaf.com),,IN_VENUE,이용 동선에서 이용 가능,차량+대중교통+도보,,,,,,,,,,,,2023-12,,,,,,,UNKNOWN,UNKNOWN,,,,,제주관광약자접근성안내센터(이지제주) · 한국관광공사 열린관광 · ㈜휴플 현장조사,2026-06,2024~2026,https://easyjeju.net,제주관광공사 「오감으로 즐기는 제주」(2023.12.22) · 한국관광공사 열린관광지 · 이지제주,"현재 무장애 정보는 이동(지체) 접근성 기준입니다. 시각·청각·발달 장애 정보는 확보 중이며, 열린관광 모두의여행(access.visitkorea.or.kr) 또는 이지제주(easyjeju.net)에서 확인하실 수 있습니다.",SURVEYED,,,v3,ROUTE_SURVEY,경로 상태 조사: 장거리 도보코스+마을길/밭길+포장/비포장 혼재+휠체어 접근 부분가능,,,,Y,UNKNOWN,UNKNOWN,
ACC_P384,P384,PARTIAL,UNKNOWN,UNKNOWN,UNKNOWN,PARTIAL,PARTIAL,PARTIAL,PARTIAL,Y,CONDITIONAL,CONDITIONAL,"장거리 도보코스 — 포장·비포장 혼재, 경사 구간",경사 있음,장거리 도보코스+마을길/차밭 주변+포장/비포장 혼재+휠체어 접근 부분가능,장애인 주차장 있음+장애인 화장실 있음+경사로 있음+휠체어 대여 가능+유모차 대여 가능,거점 편의시설과 포장 구간 이용 가능 / 차밭 주변 비포장 구간 있음,마을길과 차밭 주변을 잇는 장거리 도보 코스로 포장과 비포장이 섞여 있고 경사 구간이 있습니다. 거점에 장애인 주차장·화장실과 경사로가 있고 휠체어와 유모차를 대여할 수 있습니다.,,,,휠내비길(wheelnavi.kr) 음성안내 · 제주올레 오디오가이드(jejuolle.org) 코스별 음성해설,「탐나는수어」 앱 · 제주수어통역센터 여행수어 자료(jejudeaf.com),,IN_VENUE,이용 동선에서 이용 가능,차량+대중교통+도보,,,,,,,,,,,,2023-12,,,,,,,UNKNOWN,UNKNOWN,,,,,제주관광약자접근성안내센터(이지제주) · 한국관광공사 열린관광 · ㈜휴플 현장조사,2026-06,2024~2026,https://easyjeju.net,제주관광공사 「오감으로 즐기는 제주」(2023.12.22) · 한국관광공사 열린관광지 · 이지제주,"현재 무장애 정보는 이동(지체) 접근성 기준입니다. 시각·청각·발달 장애 정보는 확보 중이며, 열린관광 모두의여행(access.visitkorea.or.kr) 또는 이지제주(easyjeju.net)에서 확인하실 수 있습니다.",SURVEYED,,,v3,ROUTE_SURVEY,경로 상태 조사: 장거리 도보코스+마을길/차밭 주변+포장/비포장 혼재+휠체어 접근 부분가능,,,,Y,UNKNOWN,UNKNOWN,
ACC_P385,P385,PARTIAL,UNKNOWN,UNKNOWN,UNKNOWN,PARTIAL,PARTIAL,PARTIAL,PARTIAL,N,CONDITIONAL,CONDITIONAL,장거리 도보코스 — 산방산·계곡 구간 경사·계단,산방산/계곡 구간 경사·계단 있음,장거리 도보코스+밭길/마을길+휠체어 접근 부분가능,장애인 화장실 있음(주요 거점 부분가능)+무장애 편의시설 확인 필요,마을길 구간 이용 가능 / 산방산·계곡 구간 경사·계단,"밭길과 마을길을 잇는 장거리 도보 코스이며, 산방산과 계곡 구간에는 경사와 계단이 있습니다. 주요 거점의 장애인 화장실은 일부만 이용 가능합니다. 500m 안에 대중교통 정류장은 없습니다.",,,,휠내비길(wheelnavi.kr) 음성안내 · 제주올레 오디오가이드(jejuolle.org) 코스별 음성해설,「탐나는수어」 앱 · 제주수어통역센터 여행수어 자료(jejudeaf.com),,IN_VENUE,이용 동선에서 이용 가능,차량+도보,,,,,,,,,,,,2023-12,,,,,,,UNKNOWN,UNKNOWN,,,,,제주관광약자접근성안내센터(이지제주) · 한국관광공사 열린관광 · ㈜휴플 현장조사,2026-06,2024~2026,https://easyjeju.net,제주관광공사 「오감으로 즐기는 제주」(2023.12.22) · 한국관광공사 열린관광지 · 이지제주,"현재 무장애 정보는 이동(지체) 접근성 기준입니다. 시각·청각·발달 장애 정보는 확보 중이며, 열린관광 모두의여행(access.visitkorea.or.kr) 또는 이지제주(easyjeju.net)에서 확인하실 수 있습니다.",SURVEYED,,,v3,ROUTE_SURVEY,경로 상태 조사: 장거리 도보코스+밭길/마을길+휠체어 접근 부분가능,,,,Y,UNKNOWN,UNKNOWN,
ACC_P386,P386,PARTIAL,FULL,UNKNOWN,UNKNOWN,PARTIAL,FULL,PARTIAL,UNKNOWN,Y,AVAILABLE,AVAILABLE,"포장 접근로·주출입구 접근 가능, 실내 관람 동선 평탄 / 장애인 전용 시설 미확인",출입구 경사로,포장도로+주출입구 휠체어 접근 가능+실내 전시관,장애인 주차장 있음+경사로 있음+주출입구 접근 가능,"경로 조사 — 포장 접근로와 주출입구 접근 가능, 실내 전시관 중심이라 관람 동선이 평탄. 주차장·화장실·안내시설 확보, 장애인 전용 여부는 미확인","포장된 길로 주출입구까지 이동하실 수 있고, 실내 전시관 중심이라 관람 동선이 평탄한 편입니다. 주차장과 화장실, 안내시설이 있습니다. 장애인 전용 주차구역과 장애인 화장실이 따로 있는지는 확인되지 않았습니다.",,,,휠내비길(wheelnavi.kr) 음성안내 · 제주올레 오디오가이드(jejuolle.org) 코스별 음성해설,「탐나는수어」 앱 · 제주수어통역센터 여행수어 자료(jejudeaf.com),,,,차량+대중교통+도보,,,,,,,,,,,,2023-12,,,,,,,UNKNOWN,UNKNOWN,,,,,제주관광약자접근성안내센터(이지제주) · 한국관광공사 열린관광 · ㈜휴플 현장조사,2026-06,2024~2026,https://easyjeju.net · https://www.data.go.kr/data/15101897/openapi.do,제주관광공사 「오감으로 즐기는 제주」(2023.12.22) · 한국관광공사 열린관광지 · 이지제주,"현재 무장애 정보는 이동(지체) 접근성 기준입니다. 시각·청각·발달 장애 정보는 확보 중이며, 열린관광 모두의여행(access.visitkorea.or.kr) 또는 이지제주(easyjeju.net)에서 확인하실 수 있습니다.",SURVEYED,"[FIX65] 한국관광공사 무장애 API(detailWithTour2) — braileblock=점자블록 있음(주출입구)_시각장애인 편의시설; helpdog=보조견동반 가능함; guidehuman=안내요원 있음 ※ [FIX85] 잔여 확인 — 장애인 주차구역·장애인 화장실 유무, 실내 층간 이동 수단",FIX65: visualAccess UNKNOWN→FULL (KTO API) | FIX85: 이용자 안내문 신설 — 내부 표기 사유 제거,v3,ROUTE_SURVEY,경로 상태 조사: 포장도로+주출입구 휠체어 접근 가능+실내 전시관,,,,Y,UNKNOWN,UNKNOWN,
ACC_P387,P387,FULL,UNKNOWN,UNKNOWN,UNKNOWN,FULL,FULL,FULL,FULL,Y,AVAILABLE,AVAILABLE,시설접근 기준 판정 — 활동참여 개별 근거 미확보,,공원 산책로+단차 없음+돌길 일부+휠체어 접근 가능,장애인 주차장 있음+장애인 화장실 있음+무장애 놀이터 있음+산책로 있음,,,,,,휠내비길(wheelnavi.kr) 음성안내 · 제주올레 오디오가이드(jejuolle.org) 코스별 음성해설,「탐나는수어」 앱 · 제주수어통역센터 여행수어 자료(jejudeaf.com),,IN_VENUE,이용 동선에서 이용 가능,차량+대중교통+도보,,,,,,,,,,,,2023-12,,,,,,,UNKNOWN,UNKNOWN,,,,,제주관광약자접근성안내센터(이지제주) · 한국관광공사 열린관광 · ㈜휴플 현장조사,2026-06,2024~2026,https://easyjeju.net,제주관광공사 「오감으로 즐기는 제주」(2023.12.22) · 한국관광공사 열린관광지 · 이지제주,"현재 무장애 정보는 이동(지체) 접근성 기준입니다. 시각·청각·발달 장애 정보는 확보 중이며, 열린관광 모두의여행(access.visitkorea.or.kr) 또는 이지제주(easyjeju.net)에서 확인하실 수 있습니다.",SURVEYED,,,v3,ROUTE_SURVEY,경로 상태 조사: 공원 산책로+단차 없음+돌길 일부+휠체어 접근 가능,,,,Y,UNKNOWN,UNKNOWN,
ACC_P388,P388,UNKNOWN,UNKNOWN,UNKNOWN,UNKNOWN,UNKNOWN,UNKNOWN,UNKNOWN,UNKNOWN,Y,UNKNOWN,UNKNOWN,,,해안/마을 문화재+포장/비포장 혼재+계단/턱 확인 필요,무장애 편의시설 확인 필요,,,,,,휠내비길(wheelnavi.kr) 음성안내 · 제주올레 오디오가이드(jejuolle.org) 코스별 음성해설,「탐나는수어」 앱 · 제주수어통역센터 여행수어 자료(jejudeaf.com),,,,차량+대중교통+도보,,,,,,,,,,,,2023-12,,,,,,,UNKNOWN,UNKNOWN,,,,,제주관광약자접근성안내센터(이지제주) · 한국관광공사 열린관광 · ㈜휴플 현장조사,2026-06,2024~2026,https://easyjeju.net,제주관광공사 「오감으로 즐기는 제주」(2023.12.22) · 한국관광공사 열린관광지 · 이지제주,"현재 무장애 정보는 이동(지체) 접근성 기준입니다. 시각·청각·발달 장애 정보는 확보 중이며, 열린관광 모두의여행(access.visitkorea.or.kr) 또는 이지제주(easyjeju.net)에서 확인하실 수 있습니다.",SURVEYED,,,v3,ROUTE_SURVEY,경로 상태 조사: 해안/마을 문화재+포장/비포장 혼재+계단/턱 확인 필요,,,,Y,UNKNOWN,UNKNOWN,
ACC_P389,P389,PARTIAL,UNKNOWN,UNKNOWN,UNKNOWN,PARTIAL,FULL,FULL,FULL,Y,CONDITIONAL,CONDITIONAL,시설접근 기준 판정 — 활동참여 개별 근거 미확보,"주 출입문 단차, 경사 없습니다+매표소에서 박물관으로 가는 접근로에 약 8도의 경사가 있습니다+건물 주 출입구에 약 6도 경사로가 설치되어 있습니다",포장도로+단차 없음+1층 전시+휠체어 접근 가능,장애인 주차장 있음+장애인 화장실 있음+휠체어 대여 가능+유모차 대여 가능+매표소 접근 가능,일부 구간의 경사가 가팔라 통행이 제한됨,,,,,휠내비길(wheelnavi.kr) 음성안내 · 제주올레 오디오가이드(jejuolle.org) 코스별 음성해설,「탐나는수어」 앱 · 제주수어통역센터 여행수어 자료(jejudeaf.com),,IN_VENUE,이용 동선에서 이용 가능,차량+대중교통,NONE,Y,,,,,㈜휴플 자체 현장조사 (2024~2025),,,,,2023-12,,,,,,,UNKNOWN,UNKNOWN,,,,,제주관광약자접근성안내센터(이지제주) · 한국관광공사 열린관광 · ㈜휴플 현장조사,2026-06,2024~2026,https://easyjeju.net,제주관광공사 「오감으로 즐기는 제주」(2023.12.22) · 한국관광공사 열린관광지 · 이지제주,"현재 무장애 정보는 이동(지체) 접근성 기준입니다. 시각·청각·발달 장애 정보는 확보 중이며, 열린관광 모두의여행(access.visitkorea.or.kr) 또는 이지제주(easyjeju.net)에서 확인하실 수 있습니다.",VERIFIED,,FIX20: FULL 재점검 — 구간편차 기준 일괄 적용,v3,FIELD_SURVEY,㈜휴플 자체 현장조사 / 경로: 포장도로+단차 없음+1층 전시+휠체어 접근 가능,,,,Y,UNKNOWN,UNKNOWN,
ACC_P390,P390,NONE,UNKNOWN,UNKNOWN,UNKNOWN,NONE,NONE,NONE,UNKNOWN,Y,UNAVAILABLE,UNAVAILABLE,주차장 등 진입부는 이용 가능 / 오름 등반로는 접근 불가,경사 있음,오름 탐방로+비포장+주차장/진입로 확인 필요+휠체어 접근 어려움,무장애 편의시설 확인 필요,,주차장까지는 차로 오실 수 있습니다. 독자봉의 오름 등반로는 비포장 자연 노면이라 휠체어로 이동하시기 어렵습니다. 장애인 화장실은 확인되지 않았습니다.,,,,휠내비길(wheelnavi.kr) 음성안내 · 제주올레 오디오가이드(jejuolle.org) 코스별 음성해설,「탐나는수어」 앱 · 제주수어통역센터 여행수어 자료(jejudeaf.com),,,,차량+대중교통+도보,,,,,,,,,,,,2023-12,,,,,,,UNKNOWN,UNKNOWN,,,,,제주관광약자접근성안내센터(이지제주) · 한국관광공사 열린관광 · ㈜휴플 현장조사,2026-06,2024~2026,https://easyjeju.net,제주관광공사 「오감으로 즐기는 제주」(2023.12.22) · 한국관광공사 열린관광지 · 이지제주,"현재 무장애 정보는 이동(지체) 접근성 기준입니다. 시각·청각·발달 장애 정보는 확보 중이며, 열린관광 모두의여행(access.visitkorea.or.kr) 또는 이지제주(easyjeju.net)에서 확인하실 수 있습니다.",SURVEYED,[FIX89] 산·오름 사유 이관 — 조사 기록은 routeCondition·barrierFreeDetail 참조,,v3,ROUTE_SURVEY,경로 상태 조사: 오름 탐방로+비포장+주차장/진입로 확인 필요+휠체어 접근 어려움,,,,N,UNKNOWN,UNKNOWN,"시각장애인은 동행자와 함께라면 이용 가능할 수 있으나 안내 설비 정보가 없습니다. 청각장애인은 이동에 제약이 적을 것으로 보이나, 조난 시 연락 수단·안내 방송 여부가 확인되지 않았습니다"
ACC_P391,P391,NONE,UNKNOWN,UNKNOWN,UNKNOWN,NONE,NONE,NONE,UNKNOWN,Y,UNAVAILABLE,UNAVAILABLE,주차장 등 진입부는 이용 가능 / 오름 등반로는 접근 불가,경사 있음,낮은 오름+비포장/초지길+정비된 산책로 확인 필요+휠체어 접근 어려움,무장애 편의시설 확인 필요,,동알오름의 오름 등반로는 비포장 자연 노면이라 휠체어로 이동하시기 어렵습니다. 장애인 화장실은 확인되지 않았습니다.,,,,휠내비길(wheelnavi.kr) 음성안내 · 제주올레 오디오가이드(jejuolle.org) 코스별 음성해설,「탐나는수어」 앱 · 제주수어통역센터 여행수어 자료(jejudeaf.com),,,,차량+대중교통+도보,,,,,,,,,,,,2023-12,,,,,,,UNKNOWN,UNKNOWN,,,,,제주관광약자접근성안내센터(이지제주) · 한국관광공사 열린관광 · ㈜휴플 현장조사,2026-06,2024~2026,https://easyjeju.net,제주관광공사 「오감으로 즐기는 제주」(2023.12.22) · 한국관광공사 열린관광지 · 이지제주,"현재 무장애 정보는 이동(지체) 접근성 기준입니다. 시각·청각·발달 장애 정보는 확보 중이며, 열린관광 모두의여행(access.visitkorea.or.kr) 또는 이지제주(easyjeju.net)에서 확인하실 수 있습니다.",SURVEYED,[FIX89] 산·오름 사유 이관 — 조사 기록은 routeCondition·barrierFreeDetail 참조,,v3,ROUTE_SURVEY,경로 상태 조사: 낮은 오름+비포장/초지길+정비된 산책로 확인 필요+휠체어 접근 어려움,,,,N,UNKNOWN,UNKNOWN,"시각장애인은 동행자와 함께라면 이용 가능할 수 있으나 안내 설비 정보가 없습니다. 청각장애인은 이동에 제약이 적을 것으로 보이나, 조난 시 연락 수단·안내 방송 여부가 확인되지 않았습니다"
ACC_P392,P392,PARTIAL,UNKNOWN,UNKNOWN,UNKNOWN,PARTIAL,PARTIAL,PARTIAL,UNKNOWN,Y,CONDITIONAL,CONDITIONAL,주차장·쉼터는 이용 가능 / 둑길·잔디길 구간은 접근 제한,경사 4~8도 있음,밭담길/저수지 둑길+비포장/잔디길+턱 7cm+계단 있음+휠체어 접근 부분가능,주차장 있음+쉼터 있음+동행보조 필요,주차장·쉼터 확보. 밭담길과 저수지 둑길은 비포장 잔디길에 7cm 턱과 계단이 있어 동행 도움 필요,"물메오름은 주차장과 쉼터가 있어 그 주변까지는 이용하실 수 있습니다. 밭담길과 저수지 둑길은 비포장 잔디길이고 7cm 정도의 턱과 계단이 있어, 휠체어로 이동하시려면 동행하시는 분의 도움이 필요합니다. 장애인 화장실은 확인되지 않았습니다.",,,,휠내비길(wheelnavi.kr) 음성안내 · 제주올레 오디오가이드(jejuolle.org) 코스별 음성해설,「탐나는수어」 앱 · 제주수어통역센터 여행수어 자료(jejudeaf.com),,,,차량+대중교통+도보,,,,,,,,,,,,2023-12,,,,,,,UNKNOWN,UNKNOWN,,,,,제주관광약자접근성안내센터(이지제주) · 한국관광공사 열린관광 · ㈜휴플 현장조사,2026-06,2024~2026,https://easyjeju.net,제주관광공사 「오감으로 즐기는 제주」(2023.12.22) · 한국관광공사 열린관광지 · 이지제주,"현재 무장애 정보는 이동(지체) 접근성 기준입니다. 시각·청각·발달 장애 정보는 확보 중이며, 열린관광 모두의여행(access.visitkorea.or.kr) 또는 이지제주(easyjeju.net)에서 확인하실 수 있습니다.",SURVEYED,[FIX89] 산·오름 사유 이관 — 조사 기록은 routeCondition·barrierFreeDetail 참조,,v3,ROUTE_SURVEY,경로 상태 조사: 밭담길/저수지 둑길+비포장/잔디길+턱 7cm+계단 있음+휠체어 접근 부분가능,,,,Y,UNKNOWN,UNKNOWN,
ACC_P393,P393,UNKNOWN,UNKNOWN,UNKNOWN,UNKNOWN,UNKNOWN,UNKNOWN,UNKNOWN,UNKNOWN,Y,UNKNOWN,UNKNOWN,,,교회 건물+포장도로+출입구 단차/계단 확인 필요,주차장/화장실 확인 필요,,,,,,휠내비길(wheelnavi.kr) 음성안내 · 제주올레 오디오가이드(jejuolle.org) 코스별 음성해설,「탐나는수어」 앱 · 제주수어통역센터 여행수어 자료(jejudeaf.com),,,,차량+대중교통+도보,,,,,,,,,,,,2023-12,,,,,,,UNKNOWN,UNKNOWN,,,,,제주관광약자접근성안내센터(이지제주) · 한국관광공사 열린관광 · ㈜휴플 현장조사,2026-06,2024~2026,https://easyjeju.net,제주관광공사 「오감으로 즐기는 제주」(2023.12.22) · 한국관광공사 열린관광지 · 이지제주,"현재 무장애 정보는 이동(지체) 접근성 기준입니다. 시각·청각·발달 장애 정보는 확보 중이며, 열린관광 모두의여행(access.visitkorea.or.kr) 또는 이지제주(easyjeju.net)에서 확인하실 수 있습니다.",SURVEYED,,,v3,ROUTE_SURVEY,경로 상태 조사: 교회 건물+포장도로+출입구 단차/계단 확인 필요,,,,Y,UNKNOWN,UNKNOWN,
ACC_P394,P394,UNKNOWN,UNKNOWN,UNKNOWN,UNKNOWN,UNKNOWN,UNKNOWN,UNKNOWN,UNKNOWN,Y,UNKNOWN,UNKNOWN,,,야외 위령비+마을길/포장도로+계단/턱 확인 필요,주차장/화장실 확인 필요,,,,,,휠내비길(wheelnavi.kr) 음성안내 · 제주올레 오디오가이드(jejuolle.org) 코스별 음성해설,「탐나는수어」 앱 · 제주수어통역센터 여행수어 자료(jejudeaf.com),,,,차량+대중교통+도보,,,,,,,,,,,,2023-12,,,,,,,UNKNOWN,UNKNOWN,,,,,제주관광약자접근성안내센터(이지제주) · 한국관광공사 열린관광 · ㈜휴플 현장조사,2026-06,2024~2026,https://easyjeju.net,제주관광공사 「오감으로 즐기는 제주」(2023.12.22) · 한국관광공사 열린관광지 · 이지제주,"현재 무장애 정보는 이동(지체) 접근성 기준입니다. 시각·청각·발달 장애 정보는 확보 중이며, 열린관광 모두의여행(access.visitkorea.or.kr) 또는 이지제주(easyjeju.net)에서 확인하실 수 있습니다.",SURVEYED,,,v3,ROUTE_SURVEY,경로 상태 조사: 야외 위령비+마을길/포장도로+계단/턱 확인 필요,,,,Y,UNKNOWN,UNKNOWN,
ACC_P395,P395,PARTIAL,UNKNOWN,UNKNOWN,UNKNOWN,PARTIAL,PARTIAL,PARTIAL,PARTIAL,Y,CONDITIONAL,CONDITIONAL,시설접근 기준 판정 — 활동참여 개별 근거 미확보,경사로 있음(일부 공연장),공연장/야외행사장+포장로+행사장별 상이,주요 공연장 주차장 있음+경사로 있음+장애인 화장실 있음(일부 공연장),,,,,,휠내비길(wheelnavi.kr) 음성안내 · 제주올레 오디오가이드(jejuolle.org) 코스별 음성해설,「탐나는수어」 앱 · 제주수어통역센터 여행수어 자료(jejudeaf.com),,IN_VENUE,이용 동선에서 이용 가능,차량+대중교통,,,,,,,,,,,,2023-12,EVENT_CROWD,행사 기간 부스·관람객 밀집으로 통행 제약. 평시와 접근성이 크게 다름,,,,,UNKNOWN,UNKNOWN,,,,,제주관광약자접근성안내센터(이지제주) · 한국관광공사 열린관광 · ㈜휴플 현장조사,2026-06,2024~2026,jiwef.org/ko,제주관광공사 「오감으로 즐기는 제주」(2023.12.22) · 한국관광공사 열린관광지 · 이지제주,"현재 무장애 정보는 이동(지체) 접근성 기준입니다. 시각·청각·발달 장애 정보는 확보 중이며, 열린관광 모두의여행(access.visitkorea.or.kr) 또는 이지제주(easyjeju.net)에서 확인하실 수 있습니다.",SURVEYED,,,v3,ROUTE_SURVEY,경로 상태 조사: 공연장/야외행사장+포장로+행사장별 상이,,,,Y,UNKNOWN,UNKNOWN,
ACC_P396,P396,PARTIAL,UNKNOWN,UNKNOWN,UNKNOWN,PARTIAL,PARTIAL,PARTIAL,UNKNOWN,Y,CONDITIONAL,CONDITIONAL,시설접근 기준 판정 — 활동참여 개별 근거 미확보,,야외 도로 코스+포장도로+장거리 이동+혼잡/차량통제+휠체어 접근 부분가능,주차장/화장실 행사장별 확인 필요,,,,,,휠내비길(wheelnavi.kr) 음성안내 · 제주올레 오디오가이드(jejuolle.org) 코스별 음성해설,「탐나는수어」 앱 · 제주수어통역센터 여행수어 자료(jejudeaf.com),,,,차량+대중교통+도보,,,,,,,,,,,,2023-12,EVENT_CROWD,행사 기간 부스·관람객 밀집으로 통행 제약. 평시와 접근성이 크게 다름,,,,,UNKNOWN,UNKNOWN,,,,,제주관광약자접근성안내센터(이지제주) · 한국관광공사 열린관광 · ㈜휴플 현장조사,2026-06,2024~2026,https://easyjeju.net,제주관광공사 「오감으로 즐기는 제주」(2023.12.22) · 한국관광공사 열린관광지 · 이지제주,"현재 무장애 정보는 이동(지체) 접근성 기준입니다. 시각·청각·발달 장애 정보는 확보 중이며, 열린관광 모두의여행(access.visitkorea.or.kr) 또는 이지제주(easyjeju.net)에서 확인하실 수 있습니다.",SURVEYED,,,v3,FACILITY_SURVEY,편의시설 조사: 주차장/화장실 행사장별 확인 필요,,,,Y,UNKNOWN,UNKNOWN,
ACC_P397,P397,PARTIAL,UNKNOWN,UNKNOWN,UNKNOWN,PARTIAL,FULL,PARTIAL,PARTIAL,Y,CONDITIONAL,CONDITIONAL,시설접근 기준 판정 — 활동참여 개별 근거 미확보,넓은 경사로,포장 광장+실내 공연장+휠체어 접근 가능+객석 일부 제한 가능,주차장 있음+경사로 있음+휠체어 관람석 있음+장애인 화장실 있음(부분가능),,,,,,휠내비길(wheelnavi.kr) 음성안내 · 제주올레 오디오가이드(jejuolle.org) 코스별 음성해설,「탐나는수어」 앱 · 제주수어통역센터 여행수어 자료(jejudeaf.com),,IN_VENUE,이용 동선에서 이용 가능,차량+대중교통,,,,,,,,,,,,2023-12,,,,,,,UNKNOWN,UNKNOWN,,,,,제주관광약자접근성안내센터(이지제주) · 한국관광공사 열린관광 · ㈜휴플 현장조사,2026-06,2024~2026,https://easyjeju.net,제주관광공사 「오감으로 즐기는 제주」(2023.12.22) · 한국관광공사 열린관광지 · 이지제주,"현재 무장애 정보는 이동(지체) 접근성 기준입니다. 시각·청각·발달 장애 정보는 확보 중이며, 열린관광 모두의여행(access.visitkorea.or.kr) 또는 이지제주(easyjeju.net)에서 확인하실 수 있습니다.",SURVEYED,,,v3,ROUTE_SURVEY,경로 상태 조사: 포장 광장+실내 공연장+휠체어 접근 가능+객석 일부 제한 가능,,,,Y,UNKNOWN,UNKNOWN,
ACC_P398,P398,PARTIAL,UNKNOWN,UNKNOWN,UNKNOWN,PARTIAL,PARTIAL,PARTIAL,PARTIAL,Y,CONDITIONAL,CONDITIONAL,올레 1코스 휠체어 구간 인근 — 포장 해안도로 이용 가능 / 모래사장 진입 제한,,해안도로/올레 휠체어구간+포장로+모래사장 접근 제한+차량 통행 주의+휠체어 접근 부분가능,휠체어구간 있음+주차장 있음+장애인 화장실 있음(인근),제주올레 1코스 휠체어 구간(종달리 옛 소금밭~성산갑문 입구 4.6km) 시작점 인근. 해안도로가 포장되어 있고 인근에 장애인 화장실 확보. 모래사장 진입은 제한,"제주올레 1코스의 휠체어 이용 구간이 시작되는 종달리 옛 소금밭과 가까운 해변입니다. 해안도로가 포장되어 있어 바다를 보며 이동하시기 좋고 주차장과 인근 장애인 화장실이 있습니다. 다만 모래사장 안으로 들어가시기는 어렵고, 차도를 함께 쓰는 구간이 있어 차량 통행에 유의하셔야 합니다.",,,,휠내비길(wheelnavi.kr) 음성안내 · 제주올레 오디오가이드(jejuolle.org) 코스별 음성해설,「탐나는수어」 앱 · 제주수어통역센터 여행수어 자료(jejudeaf.com),,IN_VENUE,이용 동선에서 이용 가능,차량+대중교통+도보,,,,,,,,,,,,2023-12,,,,,,,UNKNOWN,UNKNOWN,,,,,제주관광약자접근성안내센터(이지제주) · 한국관광공사 열린관광 · ㈜휴플 현장조사,2026-06,2024~2026,https://easyjeju.net,제주관광공사 「오감으로 즐기는 제주」(2023.12.22) · 한국관광공사 열린관광지 · 이지제주,"현재 무장애 정보는 이동(지체) 접근성 기준입니다. 시각·청각·발달 장애 정보는 확보 중이며, 열린관광 모두의여행(access.visitkorea.or.kr) 또는 이지제주(easyjeju.net)에서 확인하실 수 있습니다.",SURVEYED,[FIX86] 제주올레 공식 휠체어 구간의 시·종점 — 코스 노드와 함께 갱신할 것 (P319 제주올레 1코스),FIX86: 해양 유형 사유·안내문 신설,v3,FACILITY_SURVEY,편의시설 조사: 휠체어구간 있음+주차장 있음+장애인 화장실 있음(인근),UNKNOWN,모래사장은 휠체어 바퀴가 빠져 이동이 어렵습니다. 진입로·데크 설치 여부가 확인되지 않았으니 방문 전 문의하시거나 해변용 휠체어 대여 가능 여부를 확인해 주세요,발이 닿는 깊이까지만 들어가시고 먼 바다 쪽으로는 나가지 말아 주세요. 파고가 2m를 넘거나 풍랑특보가 발효되면 입수를 삼가 주세요. 너울은 파도가 잔잔해 보여도 갑자기 밀려오니 갯바위와 방파제 위에는 올라가지 말아 주세요. 체감온도 33도가 넘는 날에는 한낮 물놀이를 피하고 그늘에서 자주 쉬어 주세요. 휠체어 이용자는 파도에 중심을 잃기 쉽고 스스로 빠져나오기 어려우니 반드시 동행자와 함께해 주세요.,Y,UNKNOWN,UNKNOWN,
ACC_P399,P399,NONE,UNKNOWN,UNKNOWN,UNKNOWN,NONE,NONE,NONE,UNKNOWN,Y,UNAVAILABLE,UNAVAILABLE,장거리 마을길·오름 구간 — 코스 접근 불가,비포장/경사 있음,장거리 순례길+마을길/오름 구간+휠체어 접근 어려움,무장애 편의시설 확인 필요,,기독교순례길 4코스(화해의길)는 마을길과 오름 구간이 길게 이어지고 비포장과 경사가 있어 휠체어로 이동하시기 어렵습니다. 무장애 편의시설은 확인되지 않았습니다.,,,,휠내비길(wheelnavi.kr) 음성안내 · 제주올레 오디오가이드(jejuolle.org) 코스별 음성해설,「탐나는수어」 앱 · 제주수어통역센터 여행수어 자료(jejudeaf.com),,,,차량+대중교통+도보,,,,,,,,,,,,2023-12,,,,,,,UNKNOWN,UNKNOWN,,,,,제주관광약자접근성안내센터(이지제주) · 한국관광공사 열린관광 · ㈜휴플 현장조사,2026-06,2024~2026,https://easyjeju.net,제주관광공사 「오감으로 즐기는 제주」(2023.12.22) · 한국관광공사 열린관광지 · 이지제주,"현재 무장애 정보는 이동(지체) 접근성 기준입니다. 시각·청각·발달 장애 정보는 확보 중이며, 열린관광 모두의여행(access.visitkorea.or.kr) 또는 이지제주(easyjeju.net)에서 확인하실 수 있습니다.",SURVEYED,,[FIX90] 트레일 사유 이관 — 조사 기록은 routeCondition·barrierFreeDetail·slopeInfo 참조,v3,ROUTE_SURVEY,경로 상태 조사: 장거리 순례길+마을길/오름 구간+휠체어 접근 어려움,,,,N,UNKNOWN,UNKNOWN,"시각장애인은 동행자와 함께라면 이용 가능할 수 있으나 안내 설비 정보가 없습니다. 청각장애인은 이동에 제약이 적을 것으로 보이나, 조난 시 연락 수단·안내 방송 여부가 확인되지 않았습니다"
ACC_P400,P400,PARTIAL,UNKNOWN,UNKNOWN,UNKNOWN,PARTIAL,PARTIAL,PARTIAL,FULL,Y,CONDITIONAL,CONDITIONAL,"시설접근 조건부 / 활동참여 조건부 — 관람은 부분 가능, 물놀이 공간 직접 진입은 제약",,시멘트길+해안/마을길+청굴물 주변 바닥면 주의+인도/차도 미분리+휠체어 접근 부분가능,장애인 주차장 있음+장애인 화장실 있음+가족화장실 있음+동행보조 필요,경로 조사 — 관광지 주변과 물통 인근까지 접근 가능하나 입구 노면이 고르지 않음. 용천수 물놀이 공간은 계단 구조로 진입 불가,관광지 주변과 물통 인근까지는 휠체어로 접근하실 수 있으나 입구 노면이 울퉁불퉁합니다. 용천수 물놀이 공간은 현무암 바닥에 단차가 있고 이끼로 매우 미끄러워 직접 들어가시기는 어렵습니다. 물통은 만조에 잠기고 간조에 드러나므로 물때를 확인해 주세요,,,,휠내비길(wheelnavi.kr) 음성안내 · 제주올레 오디오가이드(jejuolle.org) 코스별 음성해설,「탐나는수어」 앱 · 제주수어통역센터 여행수어 자료(jejudeaf.com),,IN_VENUE,이용 동선에서 이용 가능,차량+대중교통+도보,,,,,,,,,,,,2023-12,,,,,,,UNKNOWN,UNKNOWN,,,,,제주관광약자접근성안내센터(이지제주) · 한국관광공사 열린관광 · ㈜휴플 현장조사,2026-06,2024~2026,https://easyjeju.net,제주관광공사 「오감으로 즐기는 제주」(2023.12.22) · 한국관광공사 열린관광지 · 이지제주,"현재 무장애 정보는 이동(지체) 접근성 기준입니다. 시각·청각·발달 장애 정보는 확보 중이며, 열린관광 모두의여행(access.visitkorea.or.kr) 또는 이지제주(easyjeju.net)에서 확인하실 수 있습니다.",SURVEYED,제주특별자치도 무장애여행정보(김녕고장난길) — 접근은 가능하나 입구가 울퉁불퉁하다고 명시. 김녕 지질트레일 포함 해안 용천수. 물통 주변 현무암 노면·단차·이끼 미끄럼 주의 ※ [FIX83] 주변 접근 가능·물놀이 공간 진입 불가로 판정 확정 (FIX68),FIX68: P857 병합 수신 (대표 노드) | FIX83: 이용자 사유 필드에서 내부 표기 제거,v3,FACILITY_SURVEY,편의시설 조사: 장애인 주차장 있음+장애인 화장실 있음+가족화장실 있음+동행보조 필요,,,,Y,UNKNOWN,UNKNOWN,
ACC_P401,P401,PARTIAL,PARTIAL,UNKNOWN,UNKNOWN,PARTIAL,FULL,FULL,FULL,Y,CONDITIONAL,CONDITIONAL,시설접근 기준 판정 — 활동참여 개별 근거 미확보,문예회관 주차장에서 신산공원 방향 접근로에는 약 8도의 경사와 약 8cm의 단차가 있습니다+주출입구는 유효폭이 적정하고 단차 없습니다+산책로 일부 구간 경사가 높습니다,공원 산책로+단차 없음+돌길 일부+휠체어 접근 가능,장애인 주차장 있음+장애인 화장실 있음+무장애 놀이터 있음+산책로 있음,큰 길은 접근이 쉬우나 안쪽 작은 산책로는 동행자 도움이 필요함. 접근로에 가파른 경사와 단차 8cm가 있음,,,,,휠내비길(wheelnavi.kr) 음성안내 · 제주올레 오디오가이드(jejuolle.org) 코스별 음성해설,「탐나는수어」 앱 · 제주수어통역센터 여행수어 자료(jejudeaf.com),,IN_VENUE,이용 동선에서 이용 가능,차량+대중교통+도보,,,,,,,,,,,,2023-12,,,,,,,UNKNOWN,UNKNOWN,,,,,제주관광약자접근성안내센터(이지제주) · 한국관광공사 열린관광 · ㈜휴플 현장조사,2026-06,2024~2026,https://easyjeju.net · https://www.data.go.kr/data/15101897/openapi.do,제주관광공사 「오감으로 즐기는 제주」(2023.12.22) · 한국관광공사 열린관광지 · 이지제주,"현재 무장애 정보는 이동(지체) 접근성 기준입니다. 시각·청각·발달 장애 정보는 확보 중이며, 열린관광 모두의여행(access.visitkorea.or.kr) 또는 이지제주(easyjeju.net)에서 확인하실 수 있습니다.",VERIFIED,검증완료(2026-07) [FIX65] 한국관광공사 무장애 API(detailWithTour2) — braileblock=점자블록 있음(공중화장실 앞)_점자블록 있음,FIX15: 이지제주 원문 대조 하향 | FIX65: visualAccess UNKNOWN→PARTIAL (KTO API),v3,ROUTE_SURVEY,경로 상태 조사: 공원 산책로+단차 없음+돌길 일부+휠체어 접근 가능,,,,Y,UNKNOWN,UNKNOWN,
ACC_P402,P402,FULL,UNKNOWN,UNKNOWN,UNKNOWN,FULL,FULL,FULL,FULL,Y,AVAILABLE,AVAILABLE,시설접근 기준 판정 — 활동참여 개별 근거 미확보,,시멘트 해안길+평탄한 자전거길/해안도로+휠체어 접근 가능,장애인 주차장 있음+장애인 화장실 있음+쉼터 있음,,,,,,휠내비길(wheelnavi.kr) 음성안내 · 제주올레 오디오가이드(jejuolle.org) 코스별 음성해설,「탐나는수어」 앱 · 제주수어통역센터 여행수어 자료(jejudeaf.com),,IN_VENUE,이용 동선에서 이용 가능,차량+대중교통+도보,,,,,,,,,,,,2023-12,,,,,,,UNKNOWN,UNKNOWN,,,,,제주관광약자접근성안내센터(이지제주) · 한국관광공사 열린관광 · ㈜휴플 현장조사,2026-06,2024~2026,https://easyjeju.net,제주관광공사 「오감으로 즐기는 제주」(2023.12.22) · 한국관광공사 열린관광지 · 이지제주,"현재 무장애 정보는 이동(지체) 접근성 기준입니다. 시각·청각·발달 장애 정보는 확보 중이며, 열린관광 모두의여행(access.visitkorea.or.kr) 또는 이지제주(easyjeju.net)에서 확인하실 수 있습니다.",SURVEYED,,,v3,FACILITY_SURVEY,편의시설 조사: 장애인 주차장 있음+장애인 화장실 있음+쉼터 있음,,,,Y,UNKNOWN,UNKNOWN,
ACC_P403,P403,PARTIAL,UNKNOWN,UNKNOWN,UNKNOWN,PARTIAL,PARTIAL,PARTIAL,PARTIAL,Y,CONDITIONAL,CONDITIONAL,해변 진입부 무단차 — 모래사장 진입 어려움,,백사장/모래사장+해변근처 무단차 구간+모래 접근 어려움+휠체어 접근 부분가능,장애인 주차장 있음+무단차 구간 있음+해변용 휠체어/전용매트 운영 이력 있음+장애인 화장실 있음(부분가능),해변 진입부 무단차 구간 이용 가능 / 모래사장 진입 어려움,"해변 가까이 단차 없는 구간이 있어 그곳까지는 이동하실 수 있고, 모래사장 안쪽은 진입이 어렵습니다. 해변용 휠체어와 전용 매트를 운영한 이력이 있어 방문 전 확인해 보시면 좋습니다. 장애인 주차장이 있고 장애인 화장실은 일부만 이용 가능합니다.",,,,휠내비길(wheelnavi.kr) 음성안내 · 제주올레 오디오가이드(jejuolle.org) 코스별 음성해설,「탐나는수어」 앱 · 제주수어통역센터 여행수어 자료(jejudeaf.com),,IN_VENUE,이용 동선에서 이용 가능,차량+대중교통+도보,,,,,,,,,,,,2023-12,,,,,,,UNKNOWN,UNKNOWN,,,,,제주관광약자접근성안내센터(이지제주) · 한국관광공사 열린관광 · ㈜휴플 현장조사,2026-06,2024~2026,https://easyjeju.net,제주관광공사 「오감으로 즐기는 제주」(2023.12.22) · 한국관광공사 열린관광지 · 이지제주,"현재 무장애 정보는 이동(지체) 접근성 기준입니다. 시각·청각·발달 장애 정보는 확보 중이며, 열린관광 모두의여행(access.visitkorea.or.kr) 또는 이지제주(easyjeju.net)에서 확인하실 수 있습니다.",SURVEYED,,,v3,ROUTE_SURVEY,경로 상태 조사: 백사장/모래사장+해변근처 무단차 구간+모래 접근 어려움+휠체어 접근 부분가능,,,,Y,UNKNOWN,UNKNOWN,
ACC_P404,P404,NONE,UNKNOWN,UNKNOWN,UNKNOWN,NONE,NONE,NONE,UNKNOWN,N,UNAVAILABLE,UNAVAILABLE,탐방로 입구 편의시설은 이용 가능 / 장거리 산행 구간은 접근 불가,경사 있음,한라산 성판악 탐방로+장거리 산행+계단/데크/돌길+휠체어 접근 어려움,무장애 편의시설 확인 필요,,사라오름은 한라산 성판악 탐방로 위에 있는 지점입니다. 탐방로 입구에서 긴 산행이 필요하고 계단·데크·돌길이 이어져 휠체어로 이동하시기 어렵습니다. 장애인 화장실은 확인되지 않았습니다.,,,,휠내비길(wheelnavi.kr) 음성안내 · 제주올레 오디오가이드(jejuolle.org) 코스별 음성해설,「탐나는수어」 앱 · 제주수어통역센터 여행수어 자료(jejudeaf.com),,,,차량+도보,,,,,,,,,,,,2023-12,,,,,,,UNKNOWN,UNKNOWN,,,,,제주관광약자접근성안내센터(이지제주) · 한국관광공사 열린관광 · ㈜휴플 현장조사,2026-06,2024~2026,https://easyjeju.net,제주관광공사 「오감으로 즐기는 제주」(2023.12.22) · 한국관광공사 열린관광지 · 이지제주,"현재 무장애 정보는 이동(지체) 접근성 기준입니다. 시각·청각·발달 장애 정보는 확보 중이며, 열린관광 모두의여행(access.visitkorea.or.kr) 또는 이지제주(easyjeju.net)에서 확인하실 수 있습니다.",SURVEYED,[FIX89] 산·오름 사유 이관 — 조사 기록은 routeCondition·barrierFreeDetail 참조,,v3,ROUTE_SURVEY,경로 상태 조사: 한라산 성판악 탐방로+장거리 산행+계단/데크/돌길+휠체어 접근 어려움,,,,N,UNKNOWN,UNKNOWN,"시각장애인은 동행자와 함께라면 이용 가능할 수 있으나 안내 설비 정보가 없습니다. 청각장애인은 이동에 제약이 적을 것으로 보이나, 조난 시 연락 수단·안내 방송 여부가 확인되지 않았습니다"
ACC_P405,P405,PARTIAL,UNKNOWN,UNKNOWN,UNKNOWN,PARTIAL,PARTIAL,PARTIAL,FULL,Y,CONDITIONAL,CONDITIONAL,"판석 산책로 — 폭 좁은 구간과 계단, 차량 통행",계단: 접근성정보(*계단. 길 상태. 경사) 있음+내리막 시작: 접근성정보(*계단. 길 상태. 경사) 있음+오르막 시작: 접근성정보(*계단. 길 상태. 경사) 있음,포장 산책로+판석길+폭 좁음/계단 구간+차량 통행 주의+휠체어 접근 부분가능,장애인 주차장 있음+장애인 화장실 있음+쉼터 있음+동행보조 필요,포장 산책로 이용 가능 / 판석길 폭 좁은 구간과 계단,"산책로는 포장과 판석으로 되어 있고 폭이 좁은 구간과 계단이 있습니다. 차량이 함께 다니니 주의가 필요하고 동행이 있으면 수월합니다. 장애인 주차장과 화장실, 쉼터가 있습니다.",,,,휠내비길(wheelnavi.kr) 음성안내 · 제주올레 오디오가이드(jejuolle.org) 코스별 음성해설,「탐나는수어」 앱 · 제주수어통역센터 여행수어 자료(jejudeaf.com),,IN_VENUE,이용 동선에서 이용 가능,차량+대중교통+도보,,,,,,,,,,,,2023-12,,,,,,,UNKNOWN,UNKNOWN,,,,,제주관광약자접근성안내센터(이지제주) · 한국관광공사 열린관광 · ㈜휴플 현장조사,2026-06,2024~2026,https://easyjeju.net,제주관광공사 「오감으로 즐기는 제주」(2023.12.22) · 한국관광공사 열린관광지 · 이지제주,"현재 무장애 정보는 이동(지체) 접근성 기준입니다. 시각·청각·발달 장애 정보는 확보 중이며, 열린관광 모두의여행(access.visitkorea.or.kr) 또는 이지제주(easyjeju.net)에서 확인하실 수 있습니다.",SURVEYED,,,v3,ROUTE_SURVEY,경로 상태 조사: 포장 산책로+판석길+폭 좁음/계단 구간+차량 통행 주의+휠체어 접근 부분가능,,,,Y,UNKNOWN,UNKNOWN,
ACC_P406,P406,PARTIAL,UNKNOWN,UNKNOWN,UNKNOWN,PARTIAL,PARTIAL,PARTIAL,FULL,Y,CONDITIONAL,CONDITIONAL,포장·우레탄·코어네트 동선과 장애인 편의시설 이용 가능 / 동행 보조 권장,등대 진입로 경사 8~15도+짧은 급경사 있음,포장/우레탄/코어네트길+휠체어 접근 부분가능,장애인 주차장 있음+장애인 화장실 있음+해안 산책로 있음+동행보조 필요,"경로 조사 — 포장·우레탄·코어네트길로 접근 가능, 장애인 주차구역·장애인 화장실·해안 산책로 확보. 동행 보조 권장","포장길과 우레탄, 코어네트가 깔린 길로 말 모양 등대 가까이까지 가실 수 있습니다. 장애인 주차구역과 장애인 화장실, 해안 산책로도 갖춰져 있습니다. 동행하시는 분이 계시면 한결 수월합니다.",,,,휠내비길(wheelnavi.kr) 음성안내 · 제주올레 오디오가이드(jejuolle.org) 코스별 음성해설,「탐나는수어」 앱 · 제주수어통역센터 여행수어 자료(jejudeaf.com),,IN_VENUE,이용 동선에서 이용 가능,차량+대중교통+도보,,,,,,,,,,,,2023-12,,,,,,,UNKNOWN,UNKNOWN,,,,,제주관광약자접근성안내센터(이지제주) · 한국관광공사 열린관광 · ㈜휴플 현장조사,2026-06,2024~2026,https://easyjeju.net,제주관광공사 「오감으로 즐기는 제주」(2023.12.22) · 한국관광공사 열린관광지 · 이지제주,"현재 무장애 정보는 이동(지체) 접근성 기준입니다. 시각·청각·발달 장애 정보는 확보 중이며, 열린관광 모두의여행(access.visitkorea.or.kr) 또는 이지제주(easyjeju.net)에서 확인하실 수 있습니다.",SURVEYED,[FIX86] 해양 유형 사유 이관 — 조사 기록은 routeCondition·barrierFreeDetail 참조. barrierFreeDetail 에 '동행보조 필요' 명시 — companionRequired 검토 필요,FIX86: 해양 유형 사유·안내문 신설,v3,ROUTE_SURVEY,경로 상태 조사: 포장/우레탄/코어네트길+휠체어 접근 부분가능,,,,Y,UNKNOWN,UNKNOWN,
ACC_P407,P407,NONE,UNKNOWN,UNKNOWN,UNKNOWN,NONE,NONE,NONE,UNKNOWN,Y,UNAVAILABLE,UNAVAILABLE,주차장 등 진입부는 이용 가능 / 오름 등반로는 접근 불가,경사 있음,오름 탐방로+시멘트길 일부+비포장/숲길+휠체어 접근 어려움,무장애 편의시설 확인 필요,,입산봉(삿갓오름)의 오름 등반로는 비포장 자연 노면이라 휠체어로 이동하시기 어렵습니다. 장애인 화장실은 확인되지 않았습니다.,,,,휠내비길(wheelnavi.kr) 음성안내 · 제주올레 오디오가이드(jejuolle.org) 코스별 음성해설,「탐나는수어」 앱 · 제주수어통역센터 여행수어 자료(jejudeaf.com),,,,차량+대중교통+도보,,,,,,,,,,,,2023-12,,,,,,,UNKNOWN,UNKNOWN,,,,,제주관광약자접근성안내센터(이지제주) · 한국관광공사 열린관광 · ㈜휴플 현장조사,2026-06,2024~2026,https://easyjeju.net,제주관광공사 「오감으로 즐기는 제주」(2023.12.22) · 한국관광공사 열린관광지 · 이지제주,"현재 무장애 정보는 이동(지체) 접근성 기준입니다. 시각·청각·발달 장애 정보는 확보 중이며, 열린관광 모두의여행(access.visitkorea.or.kr) 또는 이지제주(easyjeju.net)에서 확인하실 수 있습니다.",SURVEYED,[FIX89] 산·오름 사유 이관 — 조사 기록은 routeCondition·barrierFreeDetail 참조,,v3,ROUTE_SURVEY,경로 상태 조사: 오름 탐방로+시멘트길 일부+비포장/숲길+휠체어 접근 어려움,,,,N,UNKNOWN,UNKNOWN,"시각장애인은 동행자와 함께라면 이용 가능할 수 있으나 안내 설비 정보가 없습니다. 청각장애인은 이동에 제약이 적을 것으로 보이나, 조난 시 연락 수단·안내 방송 여부가 확인되지 않았습니다"
ACC_P408,P408,PARTIAL,UNKNOWN,UNKNOWN,UNKNOWN,PARTIAL,PARTIAL,PARTIAL,UNKNOWN,N,CONDITIONAL,CONDITIONAL,농로·마을길 비포장 — 오름 주변 경사,오름 주변 경사,농로/마을길+비포장/돌길 가능+휠체어 접근 부분가능,안내시설 있음+차량 접근 가능+동행보조 필요+장애인 화장실 확인 필요,차량 접근 지점까지 이용 가능 / 농로 비포장과 오름 주변 경사,농로와 마을길을 따라가며 비포장 돌길 구간이 있고 오름 주변은 경사가 있습니다. 차량으로 가까이 접근할 수 있고 동행이 있으면 수월합니다. 장애인 화장실은 확인되지 않았습니다. 500m 안에 대중교통 정류장은 없습니다.,,,,휠내비길(wheelnavi.kr) 음성안내 · 제주올레 오디오가이드(jejuolle.org) 코스별 음성해설,「탐나는수어」 앱 · 제주수어통역센터 여행수어 자료(jejudeaf.com),,,,차량+도보,,,,,,,,,,,,2023-12,,,,,,,UNKNOWN,UNKNOWN,,,,,제주관광약자접근성안내센터(이지제주) · 한국관광공사 열린관광 · ㈜휴플 현장조사,2026-06,2024~2026,https://easyjeju.net,제주관광공사 「오감으로 즐기는 제주」(2023.12.22) · 한국관광공사 열린관광지 · 이지제주,"현재 무장애 정보는 이동(지체) 접근성 기준입니다. 시각·청각·발달 장애 정보는 확보 중이며, 열린관광 모두의여행(access.visitkorea.or.kr) 또는 이지제주(easyjeju.net)에서 확인하실 수 있습니다.",SURVEYED,,,v3,ROUTE_SURVEY,경로 상태 조사: 농로/마을길+비포장/돌길 가능+휠체어 접근 부분가능,,,,Y,UNKNOWN,UNKNOWN,
ACC_P409,P409,PARTIAL,UNKNOWN,UNKNOWN,UNKNOWN,PARTIAL,PARTIAL,PARTIAL,UNKNOWN,Y,CONDITIONAL,CONDITIONAL,해안 현무암 지대 — 암반·자갈·모래 구간,,해안 지질지대+포장도로 접근 후 암반/자갈/모래 구간+미끄럼 위험 있음+휠체어 접근 부분가능,주차장 있음+일반 화장실 있음+안내시설 있음+동행보조 필요+장애인 화장실 확인 필요,포장도로 접근 구간 이용 가능 / 지질지대는 암반·자갈·모래,"포장도로로 가까이 접근할 수 있고 현무암 지대는 암반과 자갈, 모래라 미끄럼 위험이 있어 동행이 필요합니다. 주차장과 일반 화장실, 안내시설이 있고 장애인 화장실은 확인되지 않았습니다.",,,,휠내비길(wheelnavi.kr) 음성안내 · 제주올레 오디오가이드(jejuolle.org) 코스별 음성해설,「탐나는수어」 앱 · 제주수어통역센터 여행수어 자료(jejudeaf.com),,,,차량+대중교통+도보,,,,,,,,,,,,2023-12,,,,,,,UNKNOWN,UNKNOWN,,,,,제주관광약자접근성안내센터(이지제주) · 한국관광공사 열린관광 · ㈜휴플 현장조사,2026-06,2024~2026,https://easyjeju.net,제주관광공사 「오감으로 즐기는 제주」(2023.12.22) · 한국관광공사 열린관광지 · 이지제주,"현재 무장애 정보는 이동(지체) 접근성 기준입니다. 시각·청각·발달 장애 정보는 확보 중이며, 열린관광 모두의여행(access.visitkorea.or.kr) 또는 이지제주(easyjeju.net)에서 확인하실 수 있습니다.",SURVEYED,,,v3,FACILITY_SURVEY,편의시설 조사: 주차장 있음+일반 화장실 있음+안내시설 있음+동행보조 필요+장애인 화장실 확인 필요,,,,Y,UNKNOWN,UNKNOWN,
ACC_P410,P410,PARTIAL,UNKNOWN,UNKNOWN,UNKNOWN,PARTIAL,PARTIAL,PARTIAL,FULL,Y,CONDITIONAL,CONDITIONAL,휠체어 올레 구간은 이동 가능 / 계단·급경사 구간은 접근 제한,계단/급경사 일부,포장도로/해안 산책로+휠체어 올레구간+코어네트/단차 일부+휠체어 접근 부분가능,장애인 주차장 있음+장애인 화장실 있음+휠체어 올레구간 있음+쉼터 있음+동행보조 필요,휠체어 올레 구간과 장애인 편의시설 확보. 코어네트·단차와 일부 급경사 존재,"사계해안도로에는 휠체어로 이용하실 수 있는 올레 구간이 있고, 장애인 주차구역과 장애인 화장실, 쉼터가 갖춰져 있습니다. 다만 코어네트와 단차가 있는 곳이 섞여 있고 일부에 계단과 급한 경사가 있어 동행 도움이 필요합니다.",,,,휠내비길(wheelnavi.kr) 음성안내 · 제주올레 오디오가이드(jejuolle.org) 코스별 음성해설,「탐나는수어」 앱 · 제주수어통역센터 여행수어 자료(jejudeaf.com),,IN_VENUE,이용 동선에서 이용 가능,차량+대중교통+도보,,,,,,,,,,,,2023-12,,,,,,,UNKNOWN,UNKNOWN,,,,,제주관광약자접근성안내센터(이지제주) · 한국관광공사 열린관광 · ㈜휴플 현장조사,2026-06,2024~2026,https://easyjeju.net,제주관광공사 「오감으로 즐기는 제주」(2023.12.22) · 한국관광공사 열린관광지 · 이지제주,"현재 무장애 정보는 이동(지체) 접근성 기준입니다. 시각·청각·발달 장애 정보는 확보 중이며, 열린관광 모두의여행(access.visitkorea.or.kr) 또는 이지제주(easyjeju.net)에서 확인하실 수 있습니다.",SURVEYED,,[FIX90] 트레일 사유 이관 — 조사 기록은 routeCondition·barrierFreeDetail·slopeInfo 참조,v3,ROUTE_SURVEY,경로 상태 조사: 포장도로/해안 산책로+휠체어 올레구간+코어네트/단차 일부+휠체어 접근 부분가능,,,,Y,UNKNOWN,UNKNOWN,
ACC_P411,P411,PARTIAL,UNKNOWN,UNKNOWN,UNKNOWN,PARTIAL,PARTIAL,PARTIAL,PARTIAL,Y,CONDITIONAL,CONDITIONAL,포장·데크 구간은 이동 가능 / 자갈길·계단 구간은 접근 제한,초입 6도 오르막+계단/내리막 구간,포장도로/나무데크 일부+자갈길+휠체어 접근 부분가능,장애인 주차장 있음(오조리사무소 권장)+장애인 화장실 있음(확인 필요)+무단차 진입 일부+동행보조 필요,포장길과 나무데크 구간은 단차 없이 진입 가능. 자갈길·계단과 초입 오르막이 있음,"성산·오조 지질트레일은 포장길과 나무데크로 이어지는 구간이 있고 단차 없이 들어가실 수 있는 곳도 있습니다. 주차는 오조리사무소 쪽 장애인 주차구역을 권합니다. 다만 자갈길과 계단, 내리막 구간이 있고 초입에 오르막이 있어 동행 도움이 필요합니다. 장애인 화장실은 있으나 이용 가능 여부는 확인이 필요합니다.",,,,휠내비길(wheelnavi.kr) 음성안내 · 제주올레 오디오가이드(jejuolle.org) 코스별 음성해설,「탐나는수어」 앱 · 제주수어통역센터 여행수어 자료(jejudeaf.com),,IN_VENUE,이용 동선에서 이용 가능,차량+대중교통+도보,,,,,,,,,,,,2023-12,,,,,,,UNKNOWN,UNKNOWN,,,,,제주관광약자접근성안내센터(이지제주) · 한국관광공사 열린관광 · ㈜휴플 현장조사,2026-06,2024~2026,https://easyjeju.net,제주관광공사 「오감으로 즐기는 제주」(2023.12.22) · 한국관광공사 열린관광지 · 이지제주,"현재 무장애 정보는 이동(지체) 접근성 기준입니다. 시각·청각·발달 장애 정보는 확보 중이며, 열린관광 모두의여행(access.visitkorea.or.kr) 또는 이지제주(easyjeju.net)에서 확인하실 수 있습니다.",SURVEYED,,[FIX90] 트레일 사유 이관 — 조사 기록은 routeCondition·barrierFreeDetail·slopeInfo 참조,v3,ROUTE_SURVEY,경로 상태 조사: 포장도로/나무데크 일부+자갈길+휠체어 접근 부분가능,,,,Y,UNKNOWN,UNKNOWN,
ACC_P412,P412,PARTIAL,UNKNOWN,UNKNOWN,UNKNOWN,PARTIAL,FULL,FULL,FULL,Y,CONDITIONAL,CONDITIONAL,시설접근 기준 판정 — 활동참여 개별 근거 미확보,"서유기 앞 계단으로 접근 불가능하며, 기념품샵 앞 오르막길(경사 약 6도)로 우회 가능합니다+관람로 중간 화장실 접근로 단차(계단)로 접근 불가능하며, 내부 건물 1층 장애인화장실 있습니다+내부관람로 단차 없으며, 층간이동 승강기 이용 가능합니다",포장 관람로+매표소 접근 가능+실내외 관람로+휠체어 접근 가능,장애인 주차장 있음+장애인 화장실 있음+휠체어 대여 가능+유모차 대여 가능+매표소 접근 가능,일부 관람로 계단 — 우회 경로 확인 필요,,,,,휠내비길(wheelnavi.kr) 음성안내 · 제주올레 오디오가이드(jejuolle.org) 코스별 음성해설,「탐나는수어」 앱 · 제주수어통역센터 여행수어 자료(jejudeaf.com),,IN_VENUE,이용 동선에서 이용 가능,차량+대중교통,NONE,Y,,,,,㈜휴플 자체 현장조사 (2024~2025),,,,,2023-12,,,,,,,UNKNOWN,UNKNOWN,,,,,제주관광약자접근성안내센터(이지제주) · 한국관광공사 열린관광 · ㈜휴플 현장조사,2026-06,2024~2026,https://easyjeju.net,제주관광공사 「오감으로 즐기는 제주」(2023.12.22) · 한국관광공사 열린관광지 · 이지제주,"현재 무장애 정보는 이동(지체) 접근성 기준입니다. 시각·청각·발달 장애 정보는 확보 중이며, 열린관광 모두의여행(access.visitkorea.or.kr) 또는 이지제주(easyjeju.net)에서 확인하실 수 있습니다.",VERIFIED,,FIX12: 조사 서술문 제약 명시로 FULL→PARTIAL 하향,v3,FIELD_SURVEY,㈜휴플 자체 현장조사 / 경로: 포장 관람로+매표소 접근 가능+실내외 관람로+휠체어 접근 가능,,,,Y,UNKNOWN,UNKNOWN,
ACC_P413,P413,FULL,UNKNOWN,UNKNOWN,UNKNOWN,FULL,FULL,FULL,FULL,N,AVAILABLE,AVAILABLE,시설접근 기준 판정 — 활동참여 개별 근거 미확보,주변 산책로 일부 경사/비포장,포장도로+홍보관 입구 접근 가능+휠체어 접근 가능,장애인 주차장 있음+장애인 화장실 있음+전시관 접근 가능,,,,,,휠내비길(wheelnavi.kr) 음성안내 · 제주올레 오디오가이드(jejuolle.org) 코스별 음성해설,「탐나는수어」 앱 · 제주수어통역센터 여행수어 자료(jejudeaf.com),,IN_VENUE,이용 동선에서 이용 가능,차량,,,,,,,,,,,,2023-12,,,,,,,UNKNOWN,UNKNOWN,,,,,제주관광약자접근성안내센터(이지제주) · 한국관광공사 열린관광 · ㈜휴플 현장조사,2026-06,2024~2026,https://easyjeju.net,제주관광공사 「오감으로 즐기는 제주」(2023.12.22) · 한국관광공사 열린관광지 · 이지제주,"현재 무장애 정보는 이동(지체) 접근성 기준입니다. 시각·청각·발달 장애 정보는 확보 중이며, 열린관광 모두의여행(access.visitkorea.or.kr) 또는 이지제주(easyjeju.net)에서 확인하실 수 있습니다.",SURVEYED,,,v3,ROUTE_SURVEY,경로 상태 조사: 포장도로+홍보관 입구 접근 가능+휠체어 접근 가능,,,,Y,UNKNOWN,UNKNOWN,
ACC_P414,P414,PARTIAL,UNKNOWN,UNKNOWN,UNKNOWN,PARTIAL,PARTIAL,PARTIAL,FULL,N,CONDITIONAL,CONDITIONAL,현장 접근 조건부 / 도달 접근사슬 미확보 — 섬 내부는 부분 이용 가능하나 여객선 승하선 안전이 확인되지 않음,일부 해안/오름 경사,도항선/해안도로+항만 광장 포장로+해안누리길 일부+섬 내 이동수단 제한+휠체어 접근 부분가능,장애인 주차장 있음+장애인 화장실 있음+추천화장실 있음+도항선 차량선적 보행로 승선 가능+동행보조 필요,"우도봉을 제외한 주요 도로는 경사가 완만한 편이나, 좁고 경사진 도로에 자동차·전기차·이륜차·보행자가 섞여 다님. 섬 진입에 여객선 승하선 조건이 별도로 걸림","우도봉을 제외한 주요 도로는 경사가 완만한 편이나, 좁고 경사진 도로에 자동차·전기차·이륜차·보행자가 섞여 다니므로 주의가 필요합니다. 우도까지 여객선 이용이 필수입니다. 전동휠체어 이용자가 성산항에서 우도행 도항선에 승선한 실제 사례가 있고 교통약자 차량도 선적할 수 있으나, 승하선 시 관계자 지원이 필요할 수 있고 선박별 경사판 기울기·폭, 선내 휠체어 고정공간, 여객실 접근, 비상대피 지원이 공식적으로 확인되지 않았습니다. 조위·기상·혼잡도에 따라 승하선 조건이 달라지니 출발 전 선사에 승선 가능 여부와 지원 인력을 확인해 주세요. 우도 순환버스는 저상버스가 아니어서 휠체어로는 이용하실 수 없습니다",,,,휠내비길(wheelnavi.kr) 음성안내 · 제주올레 오디오가이드(jejuolle.org) 코스별 음성해설,「탐나는수어」 앱 · 제주수어통역센터 여행수어 자료(jejudeaf.com),,IN_VENUE,이용 동선에서 이용 가능,차량+도보,,,,,,,,,,,,2023-12,FERRY_BOARDING,여객선 승하선 제약 · 풍랑 시 결항 가능,,,,,UNKNOWN,UNKNOWN,,,,,제주관광약자접근성안내센터(이지제주) · 한국관광공사 열린관광 · ㈜휴플 현장조사,2026-06,2024~2026,https://easyjeju.net,제주관광공사 「오감으로 즐기는 제주」(2023.12.22) · 한국관광공사 열린관광지 · 이지제주,"현재 무장애 정보는 이동(지체) 접근성 기준입니다. 시각·청각·발달 장애 정보는 확보 중이며, 열린관광 모두의여행(access.visitkorea.or.kr) 또는 이지제주(easyjeju.net)에서 확인하실 수 있습니다.",SURVEYED,"FIX51: 접근사슬 판정 — wheelchairAccess 는 섬 도착 이후 현장 접근성, recommendForMobility 는 본섬 출발부터 핵심 활동까지의 종단 간 도달 가능성을 뜻합니다. 필수 여객선의 안전한 승하선이 공식 확인되지 않아 게이트만 N 으로 내리고 현장 등급은 보존합니다. 근거: 2023-05 전동휠체어 이용자 성산항→하우목동항 승선 기록(전윤선 무장애여행), 2025-08 차량 선적 보도. 선사 공식 장애인 승선정책 원문은 미발견 ※ [FIX83] 접근사슬 판정 — 현장 등급 보존, 진입 관문만 하향 (FIX51)",FIX51: 게이트 Y→N (접근사슬) | FIX83: 이용자 사유 필드에서 내부 표기 제거,v3,ROUTE_SURVEY,경로 상태 조사: 도항선/해안도로+항만 광장 포장로+해안누리길 일부+섬 내 이동수단 제한+휠체어 접근 부분가능,,,,N,UNKNOWN,UNKNOWN,
ACC_P415,P415,NONE,UNKNOWN,UNKNOWN,UNKNOWN,NONE,NONE,NONE,UNKNOWN,Y,UNAVAILABLE,UNAVAILABLE,제주올레 공식 휠체어 지정 코스 외 — 코스 접근 불가,,장거리 올레길+곶자왈/숲길+오름 구간+비포장/돌길+휠체어 접근 어려움,무장애 편의시설 확인 필요,,제주올레 14-1코스는 제주올레가 지정한 휠체어 이용 구간 열 개 코스에 들어 있지 않습니다. 곶자왈 숲길과 오름 구간이 비포장 돌길로 이어져 코스를 휠체어로 이용하시기는 어렵습니다. 무장애 편의시설은 확인되지 않았습니다. 휠체어로 이용하실 수 있는 올레 구간을 찾으신다면 1·4·5·6·8·10·10-1·12·14·17코스를 확인해 주세요.,,,,휠내비길(wheelnavi.kr) 음성안내 · 제주올레 오디오가이드(jejuolle.org) 코스별 음성해설,「탐나는수어」 앱 · 제주수어통역센터 여행수어 자료(jejudeaf.com),,,,차량+대중교통+도보,,,,,,,,,,,,2023-12,,,,,,,UNKNOWN,UNKNOWN,,,,,제주관광약자접근성안내센터(이지제주) · 한국관광공사 열린관광 · ㈜휴플 현장조사,2026-06,2024~2026,https://easyjeju.net,제주관광공사 「오감으로 즐기는 제주」(2023.12.22) · 한국관광공사 열린관광지 · 이지제주,"현재 무장애 정보는 이동(지체) 접근성 기준입니다. 시각·청각·발달 장애 정보는 확보 중이며, 열린관광 모두의여행(access.visitkorea.or.kr) 또는 이지제주(easyjeju.net)에서 확인하실 수 있습니다.",SURVEYED,,[FIX90] 트레일 사유 이관 — 조사 기록은 routeCondition·barrierFreeDetail·slopeInfo 참조,v3,ROUTE_SURVEY,경로 상태 조사: 장거리 올레길+곶자왈/숲길+오름 구간+비포장/돌길+휠체어 접근 어려움,,,,N,UNKNOWN,UNKNOWN,"시각장애인은 동행자와 함께라면 이용 가능할 수 있으나 안내 설비 정보가 없습니다. 청각장애인은 이동에 제약이 적을 것으로 보이나, 조난 시 연락 수단·안내 방송 여부가 확인되지 않았습니다"
ACC_P416,P416,PARTIAL,UNKNOWN,UNKNOWN,UNKNOWN,PARTIAL,FULL,FULL,FULL,Y,CONDITIONAL,CONDITIONAL,시설접근 기준 판정 — 활동참여 개별 근거 미확보,,포장도로+상시 개방형 넓은 출입통로+대합실 접근 가능+일부 자갈/단차 주변구간 있음+휠체어 접근 가능,장애인 주차장 있음+장애인 화장실 있음+넓은 출입통로 있음+대합실 접근 가능,제주도 무장애여행: 자리덕 선착장 계단·노면 요철 있음. 휠체어는 시계방향 이동 권장(오르막 회피). 여객선 승선 높이 가변·선내 계단 등 탑승 불편요소 존재,"배를 타고 내리는 높이가 조수간만에 따라 수시로 바뀌어 계단 이용을 피하기 어렵습니다. 음력 7~13일 무렵이 접근성이 가장 좋으니 일정을 잡으실 때 참고해 주세요. 전동휠체어는 무게 때문에 탑승이 어려워 수동휠체어로 바꿔 타셔야 하고, 선박 안에도 계단과 단차가 있어 이동 지원이 필요합니다. 동행자를 미리 확보해 주세요. 운진항에서 가파도 상동포구까지는 10~15분이 걸립니다. 가파도 상동포구 선착장에는 경사로가 3군데 설치되어 있고, 선박이 접안하는 위치에 따라 계단 이용을 줄일 수 있습니다. 날씨에 따라 결항할 수 있으니 출발 전 운항 여부를 전화로 확인하시고, 승선권과 신분증은 출항 5분 전까지 준비해 주세요. 장애 정도가 심한 장애인은 50%, 심하지 않은 장애인과 국가유공자는 20% 할인이 적용됩니다. 2021~2022년 확인 기준이므로 최신 상황도 함께 확인해 주시기 바랍니다",,,,휠내비길(wheelnavi.kr) 음성안내 · 제주올레 오디오가이드(jejuolle.org) 코스별 음성해설,「탐나는수어」 앱 · 제주수어통역센터 여행수어 자료(jejudeaf.com),"서귀포신문 2022-12-21 기획기사(서귀포시장애인자립생활지원센터, 2022-10 실제 승선 시도 기록) — 운진항 가파도행에서 전동휠체어 이용자는 수동휠체어 환승 요구와 배·수면 높이차로 탑승을 포기. 마라도행은 램프 턱과 선실 계단으로 직원 2인이 들어 올려 승선했고 선내 휠체어 전용공간이 없었음(교통약자의 이동편의증진법 시행규칙 별표1: 여객정원 100명당 휠체어전용공간 1개 이상). 마라도 선착장은 부잔교 미설치로 하선에 3인의 도움이 필요했음. 기사 기준 제주 부속섬(가파도·마라도·추자도·우도) 중 전동휠체어 승하선·선내안전을 담보하는 여객선은 없음 / 두리함께 가파도 무장애 여행정보(2021) — 승선장은 조수간만 차이로 승선 높이가 수시로 바뀌어 계단 이용 불가피, 선박 내에도 계단·단차 존재. 음력 7~13일이 접근성 최적. 전동휠체어는 무게로 탑승 곤란하여 수동휠체어 교체 필요. 상동포구 선착장 경사로 3개소, 접안 위치에 따라 계단 이용 최소화 가능. 장애인화장실 2개소 — 운진항 대합실(출입문 88cm/출입문~대변기 120cm/대변기~벽 30cm), 가파도 터미널(82cm/110cm/92cm). 무장애 추천 코스 5.2km 13개 지점. 운항 10~15분, 결항 시 사전 전화 확인 필요. 중증 장애인 50%·경증 20%·국가유공자 20% 할인",IN_VENUE,이용 동선에서 이용 가능,차량+대중교통+도보,,,,,,,,,,,,2023-12,FERRY_BOARDING,"섬 내 이동은 올레10-1 전구간 휠체어 가능하나, 여객선 승선 시 높이차·선내 계단 등 불편요소 존재",,,,,Y,UNKNOWN,,,,,제주관광약자접근성안내센터(이지제주) · 한국관광공사 열린관광 · ㈜휴플 현장조사,2026-06,2024~2026,https://easyjeju.net · https://www.seogwipo.co.kr/news/articleView.html?idxno=215569 · https://blog.naver.com/duritrip/222519556245 (두리함께 2021),제주관광공사 「오감으로 즐기는 제주」(2023.12.22) · 한국관광공사 열린관광지 · 이지제주,"현재 무장애 정보는 이동(지체) 접근성 기준입니다. 시각·청각·발달 장애 정보는 확보 중이며, 열린관광 모두의여행(access.visitkorea.or.kr) 또는 이지제주(easyjeju.net)에서 확인하실 수 있습니다.",VERIFIED,검증완료(2026-07) ※ 2022-10 시점 기록 — 이후 항만·선박 개선 여부 미확인. 재확인 필요. ※ 기존 '접이식 수동휠체어 선적 가능' 안내는 '선적'과 '자력 승선'을 혼동한 것으로 FIX44에서 정정 ※ FIX45: 두리함께 2021 현장조사 반영 — 2022 서귀포신문 1차 기록과 상호 확증. 전동휠체어 탑승 곤란 사유가 '무게'(2021)와 '배·수면 높이차'(2022) 두 가지로 확인됨. 판정은 CONDITIONAL 유지 — 경사로 3개소와 접안 위치 조정으로 완전 불가는 아님,"FIX17: 섬·항만 실지 접근 재검증 하향 | FIX44: 여객선 승하선 실태 반영, 자력 승선 오해 문구 정정 | FIX45: 두리함께 2021 현장조사 반영 (조수 시점·경사로·할인·결항)",v3,ROUTE_SURVEY,경로 상태 조사: 포장도로+상시 개방형 넓은 출입통로+대합실 접근 가능+일부 자갈/단차 주변구간 있음+휠체어 접근 가능,,,,Y,UNKNOWN,UNKNOWN,
ACC_P417,P417,PARTIAL,UNKNOWN,UNKNOWN,UNKNOWN,PARTIAL,PARTIAL,PARTIAL,UNKNOWN,Y,CONDITIONAL,CONDITIONAL,포장 해안 산책로·쉼터·휠체어 반환 구간 이용 가능 / 장애인 화장실 미확인,5~8도 경사 일부,해안 산책로+포장로/쉼터+휠체어 반환 구간 있음+휠체어 접근 부분가능,주차장 있음+쉼터 있음+전망 구간 있음+동행보조 필요+장애인 화장실 확인 필요,"경로 조사 — 해안 산책로와 포장로·쉼터 확보, 휠체어 반환 구간 있음. 주차장 있으나 장애인 화장실 확인 필요. 동행 보조 권장","해안 산책로에 포장 구간과 쉼터가 있고 휠체어가 돌아 나올 수 있는 지점이 마련되어 있습니다. 주차장과 전망 구간도 있습니다. 다만 장애인 화장실은 확인되지 않았고, 동행하시는 분이 계시면 한결 수월합니다.",,,,휠내비길(wheelnavi.kr) 음성안내 · 제주올레 오디오가이드(jejuolle.org) 코스별 음성해설,「탐나는수어」 앱 · 제주수어통역센터 여행수어 자료(jejudeaf.com),,,,차량+대중교통+도보,,,,,,,,,,,,2023-12,,,,,,,UNKNOWN,UNKNOWN,,,,,제주관광약자접근성안내센터(이지제주) · 한국관광공사 열린관광 · ㈜휴플 현장조사,2026-06,2024~2026,https://easyjeju.net,제주관광공사 「오감으로 즐기는 제주」(2023.12.22) · 한국관광공사 열린관광지 · 이지제주,"현재 무장애 정보는 이동(지체) 접근성 기준입니다. 시각·청각·발달 장애 정보는 확보 중이며, 열린관광 모두의여행(access.visitkorea.or.kr) 또는 이지제주(easyjeju.net)에서 확인하실 수 있습니다.",SURVEYED,[FIX86] 해양 유형 사유 이관 — 조사 기록은 routeCondition·barrierFreeDetail 참조. '휠체어 반환 구간' 기록 — 잔여 확인: 반환 지점 위치와 그 앞 구간 연장,FIX86: 해양 유형 사유·안내문 신설,v3,ROUTE_SURVEY,경로 상태 조사: 해안 산책로+포장로/쉼터+휠체어 반환 구간 있음+휠체어 접근 부분가능,,,,Y,UNKNOWN,UNKNOWN,
ACC_P418,P418,PARTIAL,UNKNOWN,UNKNOWN,UNKNOWN,PARTIAL,PARTIAL,PARTIAL,FULL,Y,CONDITIONAL,CONDITIONAL,포장 해안 쉼터 — 경사로 노면 주의,경사로 노면 주의,포장도로/주차장+해안 쉼터+휠체어 접근 부분가능,주차장 있음+장애인 화장실 있음+쉼터 있음+음수대 있음+동행보조 필요,포장 쉼터 구간 이용 가능 / 경사로 노면 주의,"주차장에서 쉼터까지 포장되어 있고 경사로 노면에 주의가 필요합니다. 장애인 화장실과 쉼터, 음수대가 있습니다.",,,,휠내비길(wheelnavi.kr) 음성안내 · 제주올레 오디오가이드(jejuolle.org) 코스별 음성해설,「탐나는수어」 앱 · 제주수어통역센터 여행수어 자료(jejudeaf.com),,IN_VENUE,이용 동선에서 이용 가능,차량+대중교통+도보,,,,,,,,,,,,2023-12,,,,,,,UNKNOWN,UNKNOWN,,,,,제주관광약자접근성안내센터(이지제주) · 한국관광공사 열린관광 · ㈜휴플 현장조사,2026-06,2024~2026,https://easyjeju.net,제주관광공사 「오감으로 즐기는 제주」(2023.12.22) · 한국관광공사 열린관광지 · 이지제주,"현재 무장애 정보는 이동(지체) 접근성 기준입니다. 시각·청각·발달 장애 정보는 확보 중이며, 열린관광 모두의여행(access.visitkorea.or.kr) 또는 이지제주(easyjeju.net)에서 확인하실 수 있습니다.",SURVEYED,,,v3,ROUTE_SURVEY,경로 상태 조사: 포장도로/주차장+해안 쉼터+휠체어 접근 부분가능,,,,Y,UNKNOWN,UNKNOWN,
ACC_P419,P419,NONE,UNKNOWN,UNKNOWN,UNKNOWN,NONE,NONE,NONE,UNKNOWN,Y,UNAVAILABLE,UNAVAILABLE,"갯바위 체험지 — 하부 진입 구간, 미끄럼 위험",,해안/바릇잡이 체험지+바위/갯바위+하부 진입+미끄럼 위험 있음+휠체어 접근 어려움,안내시설 있음+무장애 편의시설 확인 필요,,"바릇잡이 체험이 이뤄지는 갯바위 구역으로, 바위 아래쪽으로 내려가야 하고 젖으면 미끄럽습니다. 안내시설은 있으나 무장애 편의시설은 확인되지 않았습니다.",,,,휠내비길(wheelnavi.kr) 음성안내 · 제주올레 오디오가이드(jejuolle.org) 코스별 음성해설,「탐나는수어」 앱 · 제주수어통역센터 여행수어 자료(jejudeaf.com),,,,차량+대중교통+도보,,,,,,,,,,,,2023-12,,,,,,,UNKNOWN,UNKNOWN,,,,,제주관광약자접근성안내센터(이지제주) · 한국관광공사 열린관광 · ㈜휴플 현장조사,2026-06,2024~2026,https://easyjeju.net,제주관광공사 「오감으로 즐기는 제주」(2023.12.22) · 한국관광공사 열린관광지 · 이지제주,"현재 무장애 정보는 이동(지체) 접근성 기준입니다. 시각·청각·발달 장애 정보는 확보 중이며, 열린관광 모두의여행(access.visitkorea.or.kr) 또는 이지제주(easyjeju.net)에서 확인하실 수 있습니다.",SURVEYED,,,v3,FACILITY_SURVEY,편의시설 조사: 안내시설 있음+무장애 편의시설 확인 필요,,,,N,UNKNOWN,UNKNOWN,시각·청각 접근성 정보가 확인되지 않았습니다
ACC_P420,P420,PARTIAL,UNKNOWN,UNKNOWN,UNKNOWN,PARTIAL,PARTIAL,PARTIAL,NONE,Y,CONDITIONAL,CONDITIONAL,"포장 마을길 — 돌길 단차 구간, 차량 통행",,포장 마을길+돌길/단차 있음+차량 통행 주의+휠체어 접근 부분가능,주차장 있음+화장실 있음+쉼터 있음+보행약자 추천코스 있음+동행보조 필요,보행약자 추천코스 이용 가능 / 돌길 단차 구간,마을길은 포장되어 있고 돌길 구간에 단차가 있습니다. 보행약자 추천코스가 따로 마련되어 있습니다. 차량이 함께 다니니 주의가 필요합니다. 주차장·화장실·쉼터가 있으나 장애인 화장실은 없습니다.,,,,휠내비길(wheelnavi.kr) 음성안내 · 제주올레 오디오가이드(jejuolle.org) 코스별 음성해설,「탐나는수어」 앱 · 제주수어통역센터 여행수어 자료(jejudeaf.com),,,,차량+대중교통+도보,,,,,,,,,,,,2023-12,,,,,,,UNKNOWN,UNKNOWN,,,,,제주관광약자접근성안내센터(이지제주) · 한국관광공사 열린관광 · ㈜휴플 현장조사,2026-06,2024~2026,https://easyjeju.net,제주관광공사 「오감으로 즐기는 제주」(2023.12.22) · 한국관광공사 열린관광지 · 이지제주,"현재 무장애 정보는 이동(지체) 접근성 기준입니다. 시각·청각·발달 장애 정보는 확보 중이며, 열린관광 모두의여행(access.visitkorea.or.kr) 또는 이지제주(easyjeju.net)에서 확인하실 수 있습니다.",SURVEYED,,,v3,ROUTE_SURVEY,경로 상태 조사: 포장 마을길+돌길/단차 있음+차량 통행 주의+휠체어 접근 부분가능,,,,Y,UNKNOWN,UNKNOWN,
ACC_P421,P421,PARTIAL,UNKNOWN,UNKNOWN,UNKNOWN,PARTIAL,PARTIAL,PARTIAL,PARTIAL,Y,CONDITIONAL,CONDITIONAL,시설접근 기준 판정 — 활동참여 개별 근거 미확보,,포장도로/마을길+삼거리 도로변+차량 통행 주의+휠체어 접근 부분가능,주차장 있음+안내시설 있음+장애인 주차장 있음(인근)+장애인 화장실 있음(인근),,,,,,휠내비길(wheelnavi.kr) 음성안내 · 제주올레 오디오가이드(jejuolle.org) 코스별 음성해설,「탐나는수어」 앱 · 제주수어통역센터 여행수어 자료(jejudeaf.com),,,이 관광지 안에는 장애인 화장실이 없습니다.,차량+대중교통+도보,,,,,,,,,,,,2023-12,MARKET_STALL,노점·가판대·적재물로 실제 통로 폭이 조사값보다 좁아질 수 있음. 장날·성수기 통행 곤란,,,,,UNKNOWN,UNKNOWN,,,,,제주관광약자접근성안내센터(이지제주) · 한국관광공사 열린관광 · ㈜휴플 현장조사,2026-06,2024~2026,https://easyjeju.net,제주관광공사 「오감으로 즐기는 제주」(2023.12.22) · 한국관광공사 열린관광지 · 이지제주,"현재 무장애 정보는 이동(지체) 접근성 기준입니다. 시각·청각·발달 장애 정보는 확보 중이며, 열린관광 모두의여행(access.visitkorea.or.kr) 또는 이지제주(easyjeju.net)에서 확인하실 수 있습니다.",SURVEYED,[FIX99] 조사기록에 「인근·주변에 장애인 화장실 있음」으로만 적혀 있고 시설명·거리가 특정되지 않아 이용자 안내에서는 제외함. 정확한 시설명과 거리 확인 필요.,,v3,FACILITY_SURVEY,편의시설 조사: 주차장 있음+안내시설 있음+장애인 주차장 있음(인근)+장애인 화장실 있음(인근),,,,Y,UNKNOWN,UNKNOWN,
ACC_P422,P422,PARTIAL,UNKNOWN,UNKNOWN,UNKNOWN,PARTIAL,PARTIAL,PARTIAL,PARTIAL,Y,CONDITIONAL,CONDITIONAL,포장 마을길 안 안내지 — 차량 통행 구간,,포장도로/마을길+유적 안내지+차량 통행 주의+휠체어 접근 부분가능,안내시설 있음+장애인 화장실 있음(인근)+동행보조 필요,포장 마을길까지 이동 가능 / 차량 통행 주의 구간,유적 안내판이 마을길 옆에 있고 길은 포장되어 있습니다. 차량이 함께 다니니 주의가 필요합니다. 장애인 화장실은 인근에 있습니다.,,,,휠내비길(wheelnavi.kr) 음성안내 · 제주올레 오디오가이드(jejuolle.org) 코스별 음성해설,「탐나는수어」 앱 · 제주수어통역센터 여행수어 자료(jejudeaf.com),,IN_VENUE,이용 동선에서 이용 가능,차량+대중교통+도보,,,,,,,,,,,,2023-12,,,,,,,UNKNOWN,UNKNOWN,,,,,제주관광약자접근성안내센터(이지제주) · 한국관광공사 열린관광 · ㈜휴플 현장조사,2026-06,2024~2026,https://easyjeju.net,제주관광공사 「오감으로 즐기는 제주」(2023.12.22) · 한국관광공사 열린관광지 · 이지제주,"현재 무장애 정보는 이동(지체) 접근성 기준입니다. 시각·청각·발달 장애 정보는 확보 중이며, 열린관광 모두의여행(access.visitkorea.or.kr) 또는 이지제주(easyjeju.net)에서 확인하실 수 있습니다.",SURVEYED,,,v3,FACILITY_SURVEY,편의시설 조사: 안내시설 있음+장애인 화장실 있음(인근)+동행보조 필요,,,,Y,UNKNOWN,UNKNOWN,
ACC_P423,P423,PARTIAL,UNKNOWN,UNKNOWN,UNKNOWN,PARTIAL,PARTIAL,PARTIAL,UNKNOWN,Y,CONDITIONAL,CONDITIONAL,시설접근 기준 판정 — 활동참여 개별 근거 미확보,경사/계단 가능,나무데크 산책로+계곡/하천 주변+휠체어 접근 부분가능,주차장 있음+화장실 있음+쉼터 있음+데크길 있음+장애인 화장실 확인 필요,,,,,,휠내비길(wheelnavi.kr) 음성안내 · 제주올레 오디오가이드(jejuolle.org) 코스별 음성해설,「탐나는수어」 앱 · 제주수어통역센터 여행수어 자료(jejudeaf.com),,,,차량+대중교통+도보,,,,,,,,,,,,2023-12,,,,,,,UNKNOWN,UNKNOWN,,,,,제주관광약자접근성안내센터(이지제주) · 한국관광공사 열린관광 · ㈜휴플 현장조사,2026-06,2024~2026,https://easyjeju.net,제주관광공사 「오감으로 즐기는 제주」(2023.12.22) · 한국관광공사 열린관광지 · 이지제주,"현재 무장애 정보는 이동(지체) 접근성 기준입니다. 시각·청각·발달 장애 정보는 확보 중이며, 열린관광 모두의여행(access.visitkorea.or.kr) 또는 이지제주(easyjeju.net)에서 확인하실 수 있습니다.",SURVEYED,,,v3,ROUTE_SURVEY,경로 상태 조사: 나무데크 산책로+계곡/하천 주변+휠체어 접근 부분가능,,,"계곡물은 수심을 눈으로 가늠하기 어렵고 바닥이 미끄러우니 발이 닿는 곳에서만 머물러 주세요. 비가 온 뒤에는 상류에서 물이 갑자기 불어날 수 있어, 시간당 10mm 이상 비가 예보된 날에는 입수를 삼가 주세요. 폭포 아래는 수심이 깊고 물살이 강합니다.",Y,UNKNOWN,UNKNOWN,
ACC_P424,P424,NONE,UNKNOWN,UNKNOWN,UNKNOWN,NONE,NONE,NONE,UNKNOWN,Y,UNAVAILABLE,UNAVAILABLE,주차장 등 진입부는 이용 가능 / 오름 등반로는 접근 불가,경사/흙길/계단 있음,오름 탐방로+주차장 없음+휠체어 접근 어려움,안내시설 있음+무장애 편의시설 확인 필요,,통오름의 오름 등반로는 정비된 길이 아니어서 휠체어로 이동하시기 어렵습니다. 장애인 화장실은 확인되지 않았습니다.,,,,휠내비길(wheelnavi.kr) 음성안내 · 제주올레 오디오가이드(jejuolle.org) 코스별 음성해설,「탐나는수어」 앱 · 제주수어통역센터 여행수어 자료(jejudeaf.com),,,,차량+대중교통+도보,,,,,,,,,,,,2023-12,,,,,,,UNKNOWN,UNKNOWN,,,,,제주관광약자접근성안내센터(이지제주) · 한국관광공사 열린관광 · ㈜휴플 현장조사,2026-06,2024~2026,https://easyjeju.net,제주관광공사 「오감으로 즐기는 제주」(2023.12.22) · 한국관광공사 열린관광지 · 이지제주,"현재 무장애 정보는 이동(지체) 접근성 기준입니다. 시각·청각·발달 장애 정보는 확보 중이며, 열린관광 모두의여행(access.visitkorea.or.kr) 또는 이지제주(easyjeju.net)에서 확인하실 수 있습니다.",SURVEYED,[FIX89] 산·오름 사유 이관 — 조사 기록은 routeCondition·barrierFreeDetail 참조,,v3,ROUTE_SURVEY,경로 상태 조사: 오름 탐방로+주차장 없음+휠체어 접근 어려움,,,,N,UNKNOWN,UNKNOWN,"시각장애인은 동행자와 함께라면 이용 가능할 수 있으나 안내 설비 정보가 없습니다. 청각장애인은 이동에 제약이 적을 것으로 보이나, 조난 시 연락 수단·안내 방송 여부가 확인되지 않았습니다"
ACC_P425,P425,FULL,UNKNOWN,UNKNOWN,UNKNOWN,FULL,FULL,FULL,FULL,Y,AVAILABLE,AVAILABLE,시설접근 기준 판정 — 활동참여 개별 근거 미확보,입구 5도 경사,나무데크 탐방로+데크 2~4도+휠체어 접근 가능,장애인 주차장 있음+장애인 화장실 있음+나무데크 관람로 있음+쉼터 있음,,,,,,휠내비길(wheelnavi.kr) 음성안내 · 제주올레 오디오가이드(jejuolle.org) 코스별 음성해설,「탐나는수어」 앱 · 제주수어통역센터 여행수어 자료(jejudeaf.com),,IN_VENUE,이용 동선에서 이용 가능,차량+대중교통+도보,,,,,,,,,,,,2023-12,,,,,,,UNKNOWN,UNKNOWN,,,,,제주관광약자접근성안내센터(이지제주) · 한국관광공사 열린관광 · ㈜휴플 현장조사,2026-06,2024~2026,https://easyjeju.net,제주관광공사 「오감으로 즐기는 제주」(2023.12.22) · 한국관광공사 열린관광지 · 이지제주,"현재 무장애 정보는 이동(지체) 접근성 기준입니다. 시각·청각·발달 장애 정보는 확보 중이며, 열린관광 모두의여행(access.visitkorea.or.kr) 또는 이지제주(easyjeju.net)에서 확인하실 수 있습니다.",SURVEYED,,,v3,ROUTE_SURVEY,경로 상태 조사: 나무데크 탐방로+데크 2~4도+휠체어 접근 가능,,,,Y,UNKNOWN,UNKNOWN,
ACC_P426,P426,PARTIAL,PARTIAL,UNKNOWN,UNKNOWN,PARTIAL,FULL,FULL,FULL,Y,CONDITIONAL,CONDITIONAL,시설접근 기준 판정 — 활동참여 개별 근거 미확보,"공원입구, 오르막 시작: 공원입구, 오르막 시작 / 테마파크-돌하르방길, 10도 6m+내리막 시작: 내리막 시작 / 6도 23m+오르막 끝: 오르막 끝 / 코어네트 길",포장도로+흙길/판석/코어네트 일부+휠체어 접근 가능,휠체어 대여 가능+유모차 대여 가능+장애인 주차장 있음+장애인 화장실 있음+엘리베이터 있음+매표소 접근 가능,일부 관람 구간에 가파른 경사가 있어 휠체어 이동이 어려움,,구간별 접근 제한 — 경사 최대 10.0도(법정 기준 약 4.8도 초과),,,휠내비길(wheelnavi.kr) 음성안내 · 제주올레 오디오가이드(jejuolle.org) 코스별 음성해설,「탐나는수어」 앱 · 제주수어통역센터 여행수어 자료(jejudeaf.com),,IN_VENUE,이용 동선에서 이용 가능,차량+대중교통+도보,NONE,Y,,,,,㈜휴플 자체 현장조사 (2024~2025),,,,,2023-12,MARKET_STALL,노점·가판대·적재물로 실제 통로 폭이 조사값보다 좁아질 수 있음. 장날·성수기 통행 곤란,,,,,UNKNOWN,UNKNOWN,,,,,제주관광약자접근성안내센터(이지제주) · 한국관광공사 열린관광 · ㈜휴플 현장조사,2026-06,2024~2026,https://easyjeju.net · https://www.data.go.kr/data/15101897/openapi.do,제주관광공사 「오감으로 즐기는 제주」(2023.12.22) · 한국관광공사 열린관광지 · 이지제주,"현재 무장애 정보는 이동(지체) 접근성 기준입니다. 시각·청각·발달 장애 정보는 확보 중이며, 열린관광 모두의여행(access.visitkorea.or.kr) 또는 이지제주(easyjeju.net)에서 확인하실 수 있습니다.",VERIFIED,[FIX65] 한국관광공사 무장애 API(detailWithTour2) — braileblock=점자블록 있음,FIX20: FULL 재점검 — 구간편차 기준 일괄 적용 | FIX65: visualAccess UNKNOWN→PARTIAL (KTO API),v3,FIELD_SURVEY,㈜휴플 자체 현장조사 / 경로: 포장도로+흙길/판석/코어네트 일부+휠체어 접근 가능,,,,Y,UNKNOWN,UNKNOWN,
ACC_P427,P427,PARTIAL,UNKNOWN,UNKNOWN,UNKNOWN,PARTIAL,PARTIAL,PARTIAL,UNKNOWN,Y,CONDITIONAL,CONDITIONAL,"저수지 둘레 — 비포장 잔디길, 턱 7cm와 계단",내리막 경사로 끝: 접근성정보(*계단. 길 상태. 경사) 있음+내리막 급경사 끝: 접근성정보(*계단. 길 상태. 경사) 있음+내리막 급경사 시작: 접근성정보(*계단. 길 상태. 경사) 있음,비포장 잔디길+턱 7cm+계단 있음+휠체어 접근 부분가능,주차장 있음+쉼터 있음+무장애 코스 있음+동행보조 필요+장애인 화장실 확인 필요,무장애 코스 구간 이용 가능 / 잔디길에 턱 7cm와 계단,"저수지 둘레에 무장애 코스가 마련되어 있고, 그 밖 구간은 비포장 잔디길에 7cm 턱과 계단, 내리막 급경사가 있습니다. 주차장과 쉼터가 있으며 장애인 화장실은 확인되지 않았습니다.",,,,휠내비길(wheelnavi.kr) 음성안내 · 제주올레 오디오가이드(jejuolle.org) 코스별 음성해설,「탐나는수어」 앱 · 제주수어통역센터 여행수어 자료(jejudeaf.com),,,,차량+대중교통+도보,,,,,,,,,,,,2023-12,,,,,,,UNKNOWN,UNKNOWN,,,,,제주관광약자접근성안내센터(이지제주) · 한국관광공사 열린관광 · ㈜휴플 현장조사,2026-06,2024~2026,https://easyjeju.net,제주관광공사 「오감으로 즐기는 제주」(2023.12.22) · 한국관광공사 열린관광지 · 이지제주,"현재 무장애 정보는 이동(지체) 접근성 기준입니다. 시각·청각·발달 장애 정보는 확보 중이며, 열린관광 모두의여행(access.visitkorea.or.kr) 또는 이지제주(easyjeju.net)에서 확인하실 수 있습니다.",SURVEYED,,,v3,ROUTE_SURVEY,경로 상태 조사: 비포장 잔디길+턱 7cm+계단 있음+휠체어 접근 부분가능,,,,Y,UNKNOWN,UNKNOWN,
ACC_P428,P428,FULL,UNKNOWN,UNKNOWN,UNKNOWN,FULL,FULL,FULL,FULL,Y,AVAILABLE,AVAILABLE,시설접근 기준 판정 — 활동참여 개별 근거 미확보,일부 야외 경사/판석 있음,포장도로+주출입구 단차 없음+실내 엘리베이터+휠체어 접근 가능,휠체어 대여 가능+유모차 대여 가능+장애인 주차장 있음+장애인 화장실 있음+엘리베이터 있음+매표소 접근 가능,,,,,,휠내비길(wheelnavi.kr) 음성안내 · 제주올레 오디오가이드(jejuolle.org) 코스별 음성해설,「탐나는수어」 앱 · 제주수어통역센터 여행수어 자료(jejudeaf.com),,IN_VENUE,이용 동선에서 이용 가능,차량+대중교통,,,,,,,,,,,,2023-12,,,,,,,UNKNOWN,UNKNOWN,,,,,제주관광약자접근성안내센터(이지제주) · 한국관광공사 열린관광 · ㈜휴플 현장조사,2026-06,2024~2026,https://easyjeju.net,제주관광공사 「오감으로 즐기는 제주」(2023.12.22) · 한국관광공사 열린관광지 · 이지제주,"현재 무장애 정보는 이동(지체) 접근성 기준입니다. 시각·청각·발달 장애 정보는 확보 중이며, 열린관광 모두의여행(access.visitkorea.or.kr) 또는 이지제주(easyjeju.net)에서 확인하실 수 있습니다.",SURVEYED,,,v3,ROUTE_SURVEY,경로 상태 조사: 포장도로+주출입구 단차 없음+실내 엘리베이터+휠체어 접근 가능,,,,Y,UNKNOWN,UNKNOWN,
ACC_P429,P429,PARTIAL,UNKNOWN,UNKNOWN,UNKNOWN,PARTIAL,PARTIAL,PARTIAL,FULL,Y,CONDITIONAL,CONDITIONAL,"포장 보행로 이동 가능 / 활동참여 조건부 — 배수로·요철 구간 주의, 해변 진입은 별도 확인",오르막 경사,포장 해안도로/보행로+배수로/요철 있음+휠체어 접근 부분가능,주차장 있음+장애인 주차장 있음(인근)+장애인 화장실 있음(인근)+해안 보행로 일부 접근 가능+동행보조 필요,포장된 해안도로와 보행로를 이용할 수 있으나 배수로와 요철 구간이 있어 휠체어 이동이 불편할 수 있음,"조천에서 함덕으로 이어지는 해안도로로, 포장 보행로가 있어 바다를 보며 이동하실 수 있습니다. 인근에 장애인 주차구역과 장애인 화장실이 있습니다. 다만 배수로와 요철이 있는 구간이 있어 이동이 불편하실 수 있습니다. 종점 쪽 함덕해수욕장까지 가실 계획이라면 그곳 안내도 함께 확인해 주세요.",경로 조사 — 포장 해안도로·보행로. 배수로·요철 구간이 있어 이동 불편 가능. 장애인 주차구역·장애인 화장실 인근 확인. 종점 방면 함덕해수욕장은 별도 노드로 상세 조사되어 있어 함께 확인 필요,,,휠내비길(wheelnavi.kr) 음성안내 · 제주올레 오디오가이드(jejuolle.org) 코스별 음성해설,「탐나는수어」 앱 · 제주수어통역센터 여행수어 자료(jejudeaf.com),,,이 관광지 안에는 장애인 화장실이 없습니다.,차량+대중교통+도보,,,,,,,,,,,,2023-12,,,,,,,UNKNOWN,UNKNOWN,,,,,제주관광약자접근성안내센터(이지제주) · 한국관광공사 열린관광 · ㈜휴플 현장조사,2026-06,2024~2026,https://easyjeju.net,제주관광공사 「오감으로 즐기는 제주」(2023.12.22) · 한국관광공사 열린관광지 · 이지제주,"현재 무장애 정보는 이동(지체) 접근성 기준입니다. 시각·청각·발달 장애 정보는 확보 중이며, 열린관광 모두의여행(access.visitkorea.or.kr) 또는 이지제주(easyjeju.net)에서 확인하실 수 있습니다.",SURVEYED,"[FIX82] 외부 교차확인(2026-08) 재검토 — 제시된 '외부 관람로 배수로 장애물, 델문트 방면 바닥 요철·단차'는 본 노드가 아니라 P004 함덕해수욕장의 조사 기록(FIX80 반영분)임. 본 노드의 '배수로/요철 있음'은 별개의 자체 기록이며 지점이 특정되어 있지 않음. 두 기록을 같은 근거로 취급하지 말 것. 이 때문에 companionRequired 는 올리지 않고 UNKNOWN 을 유지함. 이지제주올레 발간물에 19코스(조천~함덕) 휠체어 구간은 미지정이고 우리 P881 19코스 노드도 wheelchairAccess=NONE 이므로 올레 참조 안내는 적용하지 않음. 자체 경로조사(2026-06) 단독 근거로 PARTIAL 유지. 잔여 확인 — 배수로·요철 구간의 위치, P004 함덕해수욕장과의 구역 경계 정리, 동반자 조력 필요 여부 [FIX99] 조사기록에 「인근·주변에 장애인 화장실 있음」으로만 적혀 있고 시설명·거리가 특정되지 않아 이용자 안내에서는 제외함. 정확한 시설명과 거리 확인 필요.",FIX82: 사유 필드 이관 + 함덕해수욕장 노드 참조 연결,v3,ROUTE_SURVEY,경로 상태 조사: 포장 해안도로/보행로+배수로/요철 있음+휠체어 접근 부분가능,,,,Y,UNKNOWN,UNKNOWN,
ACC_P430,P430,UNKNOWN,UNKNOWN,UNKNOWN,UNKNOWN,UNKNOWN,UNKNOWN,UNKNOWN,UNKNOWN,Y,UNKNOWN,UNKNOWN,,,마을 골목길+소규모 옛집 전시공간+단차/협소 가능+휠체어 접근 확인 필요,안내시설 있음+무장애 편의시설 확인 필요,,,,,,휠내비길(wheelnavi.kr) 음성안내 · 제주올레 오디오가이드(jejuolle.org) 코스별 음성해설,「탐나는수어」 앱 · 제주수어통역센터 여행수어 자료(jejudeaf.com),,,,차량+대중교통+도보,,,,,,,,,,,,2023-12,,,,,,,UNKNOWN,UNKNOWN,,,,,제주관광약자접근성안내센터(이지제주) · 한국관광공사 열린관광 · ㈜휴플 현장조사,2026-06,2024~2026,https://easyjeju.net,제주관광공사 「오감으로 즐기는 제주」(2023.12.22) · 한국관광공사 열린관광지 · 이지제주,"현재 무장애 정보는 이동(지체) 접근성 기준입니다. 시각·청각·발달 장애 정보는 확보 중이며, 열린관광 모두의여행(access.visitkorea.or.kr) 또는 이지제주(easyjeju.net)에서 확인하실 수 있습니다.",SURVEYED,,,v3,ROUTE_SURVEY,경로 상태 조사: 마을 골목길+소규모 옛집 전시공간+단차/협소 가능+휠체어 접근 확인 필요,,,,Y,UNKNOWN,UNKNOWN,
ACC_P431,P431,PARTIAL,UNKNOWN,UNKNOWN,UNKNOWN,PARTIAL,PARTIAL,PARTIAL,FULL,Y,CONDITIONAL,CONDITIONAL,무장애 구간과 해안 포장길은 이동 가능 / 모래·용암지대는 접근 제한,경사/단차 일부,해안 포장길/마을길+모래·용암지대 인접+휠체어 접근 부분가능,주차장 있음+장애인 주차장 있음(김녕성세기해변/어울림센터)+장애인 화장실 있음+무장애 코스 일부 있음+동행보조 필요,무장애 코스 일부와 장애인 편의시설 확보. 모래·용암지대 인접 구간은 경사·단차 존재,"김녕 지질트레일 A코스에는 무장애로 이용하실 수 있는 구간이 일부 있고, 김녕성세기해변과 어울림센터 쪽에 장애인 주차구역과 장애인 화장실이 있습니다. 다만 모래와 용암지대가 인접한 곳은 노면이 달라지고 경사와 단차가 있어 동행 도움이 필요합니다.",,,,휠내비길(wheelnavi.kr) 음성안내 · 제주올레 오디오가이드(jejuolle.org) 코스별 음성해설,「탐나는수어」 앱 · 제주수어통역센터 여행수어 자료(jejudeaf.com),,,이 관광지 안에는 장애인 화장실이 없습니다.,차량+대중교통+도보,,,,,,,,,,,,2023-12,,,,,,,UNKNOWN,UNKNOWN,,,,,제주관광약자접근성안내센터(이지제주) · 한국관광공사 열린관광 · ㈜휴플 현장조사,2026-06,2024~2026,https://easyjeju.net,제주관광공사 「오감으로 즐기는 제주」(2023.12.22) · 한국관광공사 열린관광지 · 이지제주,"현재 무장애 정보는 이동(지체) 접근성 기준입니다. 시각·청각·발달 장애 정보는 확보 중이며, 열린관광 모두의여행(access.visitkorea.or.kr) 또는 이지제주(easyjeju.net)에서 확인하실 수 있습니다.",SURVEYED,[FIX99] 조사기록에 「인근·주변에 장애인 화장실 있음」으로만 적혀 있고 시설명·거리가 특정되지 않아 이용자 안내에서는 제외함. 정확한 시설명과 거리 확인 필요.,[FIX90] 트레일 사유 이관 — 조사 기록은 routeCondition·barrierFreeDetail·slopeInfo 참조,v3,ROUTE_SURVEY,경로 상태 조사: 해안 포장길/마을길+모래·용암지대 인접+휠체어 접근 부분가능,,,,Y,UNKNOWN,UNKNOWN,
ACC_P432,P432,PARTIAL,UNKNOWN,UNKNOWN,UNKNOWN,PARTIAL,PARTIAL,PARTIAL,FULL,Y,CONDITIONAL,CONDITIONAL,무장애 구간은 이동 가능 / 밭담길·비포장 구간은 접근 제한,경사/단차/비포장 있음,밭담길/해안길+용암지대/모래사구 인접+휠체어 접근 부분가능,주차장 있음+장애인 주차장 있음(인근)+장애인 화장실 있음(인근)+무장애 코스 일부 있음+동행보조 필요,무장애 코스 일부와 인근 장애인 편의시설 확보. 밭담길·해안길에 경사·단차·비포장 존재,"김녕 지질트레일 B코스에도 무장애 구간이 일부 있고, 인근에 장애인 주차구역과 장애인 화장실이 있습니다. 다만 밭담길과 해안길에 경사와 단차, 비포장 구간이 섞여 있어 동행 도움이 필요합니다.",,,,휠내비길(wheelnavi.kr) 음성안내 · 제주올레 오디오가이드(jejuolle.org) 코스별 음성해설,「탐나는수어」 앱 · 제주수어통역센터 여행수어 자료(jejudeaf.com),,,이 관광지 안에는 장애인 화장실이 없습니다.,차량+대중교통+도보,,,,,,,,,,,,2023-12,,,,,,,UNKNOWN,UNKNOWN,,,,,제주관광약자접근성안내센터(이지제주) · 한국관광공사 열린관광 · ㈜휴플 현장조사,2026-06,2024~2026,https://easyjeju.net,제주관광공사 「오감으로 즐기는 제주」(2023.12.22) · 한국관광공사 열린관광지 · 이지제주,"현재 무장애 정보는 이동(지체) 접근성 기준입니다. 시각·청각·발달 장애 정보는 확보 중이며, 열린관광 모두의여행(access.visitkorea.or.kr) 또는 이지제주(easyjeju.net)에서 확인하실 수 있습니다.",SURVEYED,[FIX99] 조사기록에 「인근·주변에 장애인 화장실 있음」으로만 적혀 있고 시설명·거리가 특정되지 않아 이용자 안내에서는 제외함. 정확한 시설명과 거리 확인 필요.,[FIX90] 트레일 사유 이관 — 조사 기록은 routeCondition·barrierFreeDetail·slopeInfo 참조,v3,ROUTE_SURVEY,경로 상태 조사: 밭담길/해안길+용암지대/모래사구 인접+휠체어 접근 부분가능,,,,Y,UNKNOWN,UNKNOWN,
ACC_P433,P433,FULL,UNKNOWN,UNKNOWN,UNKNOWN,FULL,FULL,FULL,FULL,Y,AVAILABLE,UNKNOWN,"시설 접근은 가능하나, 활동 참여(입욕·탑승·체험)에 대한 개별 근거가 없습니다. 보조 인력·이동 전이 필요 여부는 시설에 직접 확인이 필요합니다.",휠체어 이동 경사로 있음,포장 접근로+주출입구 단차 없음+요트 탑승 시 직원 도움,장애인 화장실 있음+요트 내 휠체어 이동 경사로 있음+직원 도움 가능+사전요청 가능+유모차 접근 가능,,,,,,휠내비길(wheelnavi.kr) 음성안내 · 제주올레 오디오가이드(jejuolle.org) 코스별 음성해설,「탐나는수어」 앱 · 제주수어통역센터 여행수어 자료(jejudeaf.com),,IN_VENUE,이용 동선에서 이용 가능,차량+대중교통+도보,,,,,,,,,,,,2023-12,,,,,,,UNKNOWN,UNKNOWN,,,,,제주관광약자접근성안내센터(이지제주) · 한국관광공사 열린관광 · ㈜휴플 현장조사,2026-06,2024~2026,https://easyjeju.net,제주관광공사 「오감으로 즐기는 제주」(2023.12.22) · 한국관광공사 열린관광지 · 이지제주,"현재 무장애 정보는 이동(지체) 접근성 기준입니다. 시각·청각·발달 장애 정보는 확보 중이며, 열린관광 모두의여행(access.visitkorea.or.kr) 또는 이지제주(easyjeju.net)에서 확인하실 수 있습니다.",SURVEYED,,,v3,ROUTE_SURVEY,경로 상태 조사: 포장 접근로+주출입구 단차 없음+요트 탑승 시 직원 도움,,,,Y,UNKNOWN,UNKNOWN,
ACC_P434,P434,PARTIAL,UNKNOWN,UNKNOWN,UNKNOWN,PARTIAL,PARTIAL,PARTIAL,FULL,Y,CONDITIONAL,CONDITIONAL,시멘트·판석·야자매트 혼재 — 경사·계단 구간,경사/내리막/계단 있음,시멘트길/판석길/야자매트 혼재+휠체어 접근 부분가능,주차장 있음+장애인 화장실 있음+무장애 코스 있음+동행보조 필요,무장애 코스 구간 이용 가능 / 계단·내리막 구간 있음,"길이 시멘트와 판석, 야자매트로 섞여 있고 무장애 코스가 마련되어 있습니다. 그 밖에 경사와 내리막, 계단 구간이 있습니다. 주차장과 장애인 화장실이 있습니다.",,,,휠내비길(wheelnavi.kr) 음성안내 · 제주올레 오디오가이드(jejuolle.org) 코스별 음성해설,「탐나는수어」 앱 · 제주수어통역센터 여행수어 자료(jejudeaf.com),,IN_VENUE,이용 동선에서 이용 가능,차량+대중교통+도보,,,,,,,,,,,,2023-12,,,,,,,UNKNOWN,UNKNOWN,,,,,제주관광약자접근성안내센터(이지제주) · 한국관광공사 열린관광 · ㈜휴플 현장조사,2026-06,2024~2026,https://easyjeju.net,제주관광공사 「오감으로 즐기는 제주」(2023.12.22) · 한국관광공사 열린관광지 · 이지제주,"현재 무장애 정보는 이동(지체) 접근성 기준입니다. 시각·청각·발달 장애 정보는 확보 중이며, 열린관광 모두의여행(access.visitkorea.or.kr) 또는 이지제주(easyjeju.net)에서 확인하실 수 있습니다.",SURVEYED,,,v3,ROUTE_SURVEY,경로 상태 조사: 시멘트길/판석길/야자매트 혼재+휠체어 접근 부분가능,,,,Y,UNKNOWN,UNKNOWN,
ACC_P435,P435,PARTIAL,UNKNOWN,UNKNOWN,UNKNOWN,PARTIAL,PARTIAL,PARTIAL,FULL,Y,CONDITIONAL,CONDITIONAL,"포장 보행로 — 폭 좁음, 경사 5~10도",5~10도 경사 일부,포장 보행로+보행로 폭 좁음+휠체어 접근 부분가능,주차장 있음+장애인 화장실 있음(법환포구/공용화장실)+안내시설 있음+동행보조 필요,포장 보행로는 이용 가능. 폭이 좁은 구간과 가파른 경사가 있음,보행로는 포장되어 있으나 폭이 좁고 일부 구간은 경사가 가파릅니다. 주차장이 있고 장애인 화장실은 법환포구 공용화장실을 이용하실 수 있습니다.,,,,휠내비길(wheelnavi.kr) 음성안내 · 제주올레 오디오가이드(jejuolle.org) 코스별 음성해설,「탐나는수어」 앱 · 제주수어통역센터 여행수어 자료(jejudeaf.com),,IN_VENUE,이용 동선에서 이용 가능,차량+대중교통+도보,,,,,,,,,,,,2023-12,,,,,,,UNKNOWN,UNKNOWN,,,,,제주관광약자접근성안내센터(이지제주) · 한국관광공사 열린관광 · ㈜휴플 현장조사,2026-06,2024~2026,https://easyjeju.net,제주관광공사 「오감으로 즐기는 제주」(2023.12.22) · 한국관광공사 열린관광지 · 이지제주,"현재 무장애 정보는 이동(지체) 접근성 기준입니다. 시각·청각·발달 장애 정보는 확보 중이며, 열린관광 모두의여행(access.visitkorea.or.kr) 또는 이지제주(easyjeju.net)에서 확인하실 수 있습니다.",SURVEYED,,,v3,ROUTE_SURVEY,경로 상태 조사: 포장 보행로+보행로 폭 좁음+휠체어 접근 부분가능,,,,Y,UNKNOWN,UNKNOWN,
ACC_P436,P436,NONE,UNKNOWN,UNKNOWN,UNKNOWN,NONE,NONE,NONE,UNKNOWN,Y,UNAVAILABLE,UNAVAILABLE,주차장 등 진입부는 이용 가능 / 오름 등반로는 접근 불가,능선 경사 있음,오름 탐방로+비포장 숲길+휠체어 접근 어려움,무장애 편의시설 확인 필요,,민악의 오름 등반로는 비포장 자연 노면이라 휠체어로 이동하시기 어렵습니다. 장애인 화장실은 확인되지 않았습니다.,,,,휠내비길(wheelnavi.kr) 음성안내 · 제주올레 오디오가이드(jejuolle.org) 코스별 음성해설,「탐나는수어」 앱 · 제주수어통역센터 여행수어 자료(jejudeaf.com),,,,차량+대중교통+도보,,,,,,,,,,,,2023-12,,,,,,,UNKNOWN,UNKNOWN,,,,,제주관광약자접근성안내센터(이지제주) · 한국관광공사 열린관광 · ㈜휴플 현장조사,2026-06,2024~2026,https://easyjeju.net,제주관광공사 「오감으로 즐기는 제주」(2023.12.22) · 한국관광공사 열린관광지 · 이지제주,"현재 무장애 정보는 이동(지체) 접근성 기준입니다. 시각·청각·발달 장애 정보는 확보 중이며, 열린관광 모두의여행(access.visitkorea.or.kr) 또는 이지제주(easyjeju.net)에서 확인하실 수 있습니다.",SURVEYED,[FIX89] 산·오름 사유 이관 — 조사 기록은 routeCondition·barrierFreeDetail 참조,,v3,ROUTE_SURVEY,경로 상태 조사: 오름 탐방로+비포장 숲길+휠체어 접근 어려움,,,,N,UNKNOWN,UNKNOWN,"시각장애인은 동행자와 함께라면 이용 가능할 수 있으나 안내 설비 정보가 없습니다. 청각장애인은 이동에 제약이 적을 것으로 보이나, 조난 시 연락 수단·안내 방송 여부가 확인되지 않았습니다"
ACC_P437,P437,NONE,UNKNOWN,UNKNOWN,UNKNOWN,NONE,NONE,NONE,UNKNOWN,Y,UNAVAILABLE,UNAVAILABLE,주차장 등 진입부는 이용 가능 / 오름 등반로는 접근 불가,경사 있음,오름 탐방로+나무데크/계단 있음+휠체어 접근 어려움,화장실 있음+안내시설 있음+무장애 편의시설 확인 필요,,민오름(오라동)의 오름 등반로는 계단이라 휠체어로 이동하시기 어렵습니다. 장애인 화장실은 확인되지 않았습니다.,,,,휠내비길(wheelnavi.kr) 음성안내 · 제주올레 오디오가이드(jejuolle.org) 코스별 음성해설,「탐나는수어」 앱 · 제주수어통역센터 여행수어 자료(jejudeaf.com),,,,차량+대중교통+도보,,,,,,,,,,,,2023-12,,,,,,,UNKNOWN,UNKNOWN,,,,,제주관광약자접근성안내센터(이지제주) · 한국관광공사 열린관광 · ㈜휴플 현장조사,2026-06,2024~2026,https://easyjeju.net,제주관광공사 「오감으로 즐기는 제주」(2023.12.22) · 한국관광공사 열린관광지 · 이지제주,"현재 무장애 정보는 이동(지체) 접근성 기준입니다. 시각·청각·발달 장애 정보는 확보 중이며, 열린관광 모두의여행(access.visitkorea.or.kr) 또는 이지제주(easyjeju.net)에서 확인하실 수 있습니다.",SURVEYED,[FIX89] 산·오름 사유 이관 — 조사 기록은 routeCondition·barrierFreeDetail 참조,,v3,ROUTE_SURVEY,경로 상태 조사: 오름 탐방로+나무데크/계단 있음+휠체어 접근 어려움,,,,N,UNKNOWN,UNKNOWN,"시각장애인은 동행자와 함께라면 이용 가능할 수 있으나 안내 설비 정보가 없습니다. 청각장애인은 이동에 제약이 적을 것으로 보이나, 조난 시 연락 수단·안내 방송 여부가 확인되지 않았습니다"
ACC_P438,P438,PARTIAL,UNKNOWN,UNKNOWN,UNKNOWN,PARTIAL,PARTIAL,PARTIAL,FULL,Y,CONDITIONAL,CONDITIONAL,포장 보행로와 장애인 편의시설 이용 가능 / 보행로 폭이 좁아 동행 보조 권장,"계단 혹은 경사 있음+보행로 시작: 보행로 폭 85cm
오르막 종료: 경사구간 : 오르막 경사 25m (경사 5˚)
해녀작업장: 경사구간 : wp.118에서 9m 지점부터 내리막 시작 (경사길이 26m / 각도 10˚)
해녀체험센터 앞: 경사구간 : wp.116에서 20m 지점부터 내리막 시작 (경사길이 7m / 각도 6˚)
해녀체험장: 접근성 정보 있음 (계단 혹은 경사 있음. 길 상태 안 좋음)",포장 보행로+보행로 폭 좁음+휠체어 접근 부분가능,주차장 있음+장애인 화장실 있음+안내시설 있음+동행보조 필요,경로 조사 — 포장 보행로와 주차장·장애인 화장실·안내시설 확보. 다만 보행로 폭이 좁아 동행 보조 권장,"보행로가 포장되어 있고 주차장과 장애인 화장실, 안내시설이 갖춰져 있습니다. 다만 보행로 폭이 좁은 구간이 있어 동행하시는 분이 계시면 한결 수월합니다.",,,,휠내비길(wheelnavi.kr) 음성안내 · 제주올레 오디오가이드(jejuolle.org) 코스별 음성해설,「탐나는수어」 앱 · 제주수어통역센터 여행수어 자료(jejudeaf.com),,IN_VENUE,이용 동선에서 이용 가능,차량+대중교통+도보,,,,,,,,,,,,2023-12,,,,,,,UNKNOWN,UNKNOWN,,,,,제주관광약자접근성안내센터(이지제주) · 한국관광공사 열린관광 · ㈜휴플 현장조사,2026-06,2024~2026,https://easyjeju.net,제주관광공사 「오감으로 즐기는 제주」(2023.12.22) · 한국관광공사 열린관광지 · 이지제주,"현재 무장애 정보는 이동(지체) 접근성 기준입니다. 시각·청각·발달 장애 정보는 확보 중이며, 열린관광 모두의여행(access.visitkorea.or.kr) 또는 이지제주(easyjeju.net)에서 확인하실 수 있습니다.",SURVEYED,[FIX86] 해양 유형 사유 이관 — 조사 기록은 routeCondition·barrierFreeDetail 참조. barrierFreeDetail 에 '동행보조 필요' 명시 — companionRequired 검토 필요,FIX86: 해양 유형 사유·안내문 신설,v3,ROUTE_SURVEY,경로 상태 조사: 포장 보행로+보행로 폭 좁음+휠체어 접근 부분가능,,,,Y,UNKNOWN,UNKNOWN,
ACC_P439,P439,PARTIAL,UNKNOWN,UNKNOWN,UNKNOWN,PARTIAL,PARTIAL,PARTIAL,UNKNOWN,Y,CONDITIONAL,CONDITIONAL,포장·석재 관람로 — 단차·경사 미확인,단차/경사 가능,포장/석재 관람로+야외 유적지+휠체어 접근 부분가능,주차장 있음+화장실 있음+음수대 있음+안내시설 있음+장애인 화장실 확인 필요,포장 관람로 이용 가능 / 석재 구간 단차·경사 미확인,야외 유적지로 관람로가 포장과 석재로 되어 있습니다. 단차와 경사는 확인되지 않았습니다. 주차장·화장실·음수대와 안내시설이 있으며 장애인 화장실은 확인되지 않았습니다.,,,,휠내비길(wheelnavi.kr) 음성안내 · 제주올레 오디오가이드(jejuolle.org) 코스별 음성해설,「탐나는수어」 앱 · 제주수어통역센터 여행수어 자료(jejudeaf.com),,,,차량+대중교통+도보,,,,,,,,,,,,2023-12,,,,,,,UNKNOWN,UNKNOWN,,,,,제주관광약자접근성안내센터(이지제주) · 한국관광공사 열린관광 · ㈜휴플 현장조사,2026-06,2024~2026,https://easyjeju.net,제주관광공사 「오감으로 즐기는 제주」(2023.12.22) · 한국관광공사 열린관광지 · 이지제주,"현재 무장애 정보는 이동(지체) 접근성 기준입니다. 시각·청각·발달 장애 정보는 확보 중이며, 열린관광 모두의여행(access.visitkorea.or.kr) 또는 이지제주(easyjeju.net)에서 확인하실 수 있습니다.",SURVEYED,,,v3,ROUTE_SURVEY,경로 상태 조사: 포장/석재 관람로+야외 유적지+휠체어 접근 부분가능,,,,Y,UNKNOWN,UNKNOWN,
ACC_P440,P440,PARTIAL,UNKNOWN,UNKNOWN,UNKNOWN,PARTIAL,PARTIAL,PARTIAL,FULL,Y,CONDITIONAL,CONDITIONAL,시설접근 기준 판정 — 활동참여 개별 근거 미확보,,포장 해안길/휠체어 올레구간+협소 도로/차량 통행 주의+해변 비포장 주의+휠체어 접근 부분가능,장애인 주차장 있음+장애인 화장실 있음+쉼터 있음+휠체어 올레구간 있음+동행보조 필요,안내센터와 주변은 접근 가능하며 제주올레 6코스 휠체어 구간의 시작점임. 장애인 화장실과 쉼터가 있음. 다만 이어지는 코스(보목포구까지 2.6~3.3km)는 오르막 구간이 많고 430m 지점부터 보행로와 차도가 나뉘지 않음. 휠체어로 2~3시간이 걸려 동행을 권함,,,,,휠내비길(wheelnavi.kr) 음성안내 · 제주올레 오디오가이드(jejuolle.org) 코스별 음성해설,「탐나는수어」 앱 · 제주수어통역센터 여행수어 자료(jejudeaf.com),,IN_VENUE,이용 동선에서 이용 가능,차량+대중교통+도보,,,,,,,,,,,,2023-12,ROAD_SHARED,"보행로·차도 미분리 구간, 유동 차량 많음",,,,,UNKNOWN,UNKNOWN,,,,,제주관광약자접근성안내센터(이지제주) · 한국관광공사 열린관광 · ㈜휴플 현장조사,2026-06,2024~2026,https://easyjeju.net,제주관광공사 「오감으로 즐기는 제주」(2023.12.22) · 한국관광공사 열린관광지 · 이지제주,"현재 무장애 정보는 이동(지체) 접근성 기준입니다. 시각·청각·발달 장애 정보는 확보 중이며, 열린관광 모두의여행(access.visitkorea.or.kr) 또는 이지제주(easyjeju.net)에서 확인하실 수 있습니다.",VERIFIED,검증완료(2026-07),FIX21: 구간별 접근 상이 — FULL→PARTIAL,v3,ROUTE_SURVEY,경로 상태 조사: 포장 해안길/휠체어 올레구간+협소 도로/차량 통행 주의+해변 비포장 주의+휠체어 접근 부분가능,UNKNOWN,모래사장은 휠체어 바퀴가 빠져 이동이 어렵습니다. 진입로·데크 설치 여부가 확인되지 않았으니 방문 전 문의하시거나 해변용 휠체어 대여 가능 여부를 확인해 주세요,발이 닿는 깊이까지만 들어가시고 먼 바다 쪽으로는 나가지 말아 주세요. 파고가 2m를 넘거나 풍랑특보가 발효되면 입수를 삼가 주세요. 너울은 파도가 잔잔해 보여도 갑자기 밀려오니 갯바위와 방파제 위에는 올라가지 말아 주세요. 체감온도 33도가 넘는 날에는 한낮 물놀이를 피하고 그늘에서 자주 쉬어 주세요. 휠체어 이용자는 파도에 중심을 잃기 쉽고 스스로 빠져나오기 어려우니 반드시 동행자와 함께해 주세요.,Y,UNKNOWN,UNKNOWN,
ACC_P441,P441,PARTIAL,UNKNOWN,UNKNOWN,UNKNOWN,PARTIAL,PARTIAL,PARTIAL,UNKNOWN,Y,CONDITIONAL,CONDITIONAL,시설접근 기준 판정 — 활동참여 개별 근거 미확보,경사/계단/비포장 가능,데크/계곡 탐방로+휠체어 접근 부분가능,주차장 있음+화장실 있음+쉼터 있음+안내시설 있음+장애인 화장실 확인 필요+동행보조 필요,,,,,,휠내비길(wheelnavi.kr) 음성안내 · 제주올레 오디오가이드(jejuolle.org) 코스별 음성해설,「탐나는수어」 앱 · 제주수어통역센터 여행수어 자료(jejudeaf.com),,,,차량+대중교통+도보,,,,,,,,,,,,2023-12,,,,,,,UNKNOWN,UNKNOWN,,,,,제주관광약자접근성안내센터(이지제주) · 한국관광공사 열린관광 · ㈜휴플 현장조사,2026-06,2024~2026,https://easyjeju.net,제주관광공사 「오감으로 즐기는 제주」(2023.12.22) · 한국관광공사 열린관광지 · 이지제주,"현재 무장애 정보는 이동(지체) 접근성 기준입니다. 시각·청각·발달 장애 정보는 확보 중이며, 열린관광 모두의여행(access.visitkorea.or.kr) 또는 이지제주(easyjeju.net)에서 확인하실 수 있습니다.",SURVEYED,,,v3,ROUTE_SURVEY,경로 상태 조사: 데크/계곡 탐방로+휠체어 접근 부분가능,,,"계곡물은 수심을 눈으로 가늠하기 어렵고 바닥이 미끄러우니 발이 닿는 곳에서만 머물러 주세요. 비가 온 뒤에는 상류에서 물이 갑자기 불어날 수 있어, 시간당 10mm 이상 비가 예보된 날에는 입수를 삼가 주세요. 폭포 아래는 수심이 깊고 물살이 강합니다.",Y,UNKNOWN,UNKNOWN,
ACC_P442,P442,PARTIAL,UNKNOWN,UNKNOWN,UNKNOWN,PARTIAL,PARTIAL,PARTIAL,FULL,Y,CONDITIONAL,CONDITIONAL,야자매트·판석 산책로와 장애인 편의시설 이용 가능 / 자갈해변 진입은 제약,경사/계단 있음,해안 산책로/야자매트/판석길+자갈해변+휠체어 접근 부분가능,주차장 있음+장애인 화장실 있음+해안 산책로 있음+동행보조 필요,"경로 조사 — 해안 산책로에 야자매트와 판석길 설치, 장애인 화장실·주차장 확보. 자갈해변 진입은 제약, 동행 보조 권장","해안 산책로에 야자매트와 판석길이 깔려 있어 이동하실 수 있고 장애인 화장실과 주차장도 있습니다. 자갈이 구르는 소리로 알려진 해변을 가까이서 보실 수 있습니다. 다만 자갈해변 안으로 들어가시기는 어렵고, 매트 구간에서 동행하시는 분이 계시면 한결 수월합니다.",,,,휠내비길(wheelnavi.kr) 음성안내 · 제주올레 오디오가이드(jejuolle.org) 코스별 음성해설,「탐나는수어」 앱 · 제주수어통역센터 여행수어 자료(jejudeaf.com),,IN_VENUE,이용 동선에서 이용 가능,차량+대중교통+도보,,,,,,,,,,,,2023-12,,,,,,,UNKNOWN,UNKNOWN,,,,,제주관광약자접근성안내센터(이지제주) · 한국관광공사 열린관광 · ㈜휴플 현장조사,2026-06,2024~2026,https://easyjeju.net,제주관광공사 「오감으로 즐기는 제주」(2023.12.22) · 한국관광공사 열린관광지 · 이지제주,"현재 무장애 정보는 이동(지체) 접근성 기준입니다. 시각·청각·발달 장애 정보는 확보 중이며, 열린관광 모두의여행(access.visitkorea.or.kr) 또는 이지제주(easyjeju.net)에서 확인하실 수 있습니다.",SURVEYED,[FIX86] 해양 유형 사유 이관 — 조사 기록은 routeCondition·barrierFreeDetail 참조. barrierFreeDetail 에 '동행보조 필요' 명시 — companionRequired 검토 필요,FIX86: 해양 유형 사유·안내문 신설,v3,ROUTE_SURVEY,경로 상태 조사: 해안 산책로/야자매트/판석길+자갈해변+휠체어 접근 부분가능,Y,백사장까지 이어지는 진입로가 있어 휠체어로 바다 가까이 접근할 수 있습니다,발이 닿는 깊이까지만 들어가시고 먼 바다 쪽으로는 나가지 말아 주세요. 파고가 2m를 넘거나 풍랑특보가 발효되면 입수를 삼가 주세요. 너울은 파도가 잔잔해 보여도 갑자기 밀려오니 갯바위와 방파제 위에는 올라가지 말아 주세요. 체감온도 33도가 넘는 날에는 한낮 물놀이를 피하고 그늘에서 자주 쉬어 주세요. 휠체어 이용자는 파도에 중심을 잃기 쉽고 스스로 빠져나오기 어려우니 반드시 동행자와 함께해 주세요.,Y,UNKNOWN,UNKNOWN,
ACC_P443,P443,PARTIAL,UNKNOWN,UNKNOWN,UNKNOWN,PARTIAL,PARTIAL,PARTIAL,UNKNOWN,N,CONDITIONAL,CONDITIONAL,현장 접근 조건부 / 도달 접근사슬 미확보 — 섬 내부는 부분 이용 가능하나 여객선 승하선 안전이 확인되지 않음,경사 심함,우도봉/등대 진입로+데크 후 계단 있음+차량 접근 일부 가능+휠체어 접근 부분가능,주차장 있음+화장실 있음+차량 접근 일부 가능+동행보조 필요+장애인 화장실 확인 필요,장애인 차량이 허가를 받아 등대 인근까지 이동할 수 있다는 과거(2015년) 안내가 있으나 현재 운영 여부는 미확인. 우도 진입에 여객선 승하선 조건이 별도로 걸림,"장애인 차량이 허가를 받아 등대 인근까지 이동할 수 있다는 과거(2015년) 안내가 있으나 현재 운영 여부는 재확인이 필요합니다. 이후 계단 3~4단과 경사구간에서 동행자 도움이 필요합니다. 우도까지 여객선 이용이 필수입니다. 전동휠체어 이용자가 성산항에서 우도행 도항선에 승선한 실제 사례가 있고 교통약자 차량도 선적할 수 있으나, 승하선 시 관계자 지원이 필요할 수 있고 선박별 경사판 기울기·폭, 선내 휠체어 고정공간, 여객실 접근, 비상대피 지원이 공식적으로 확인되지 않았습니다. 조위·기상·혼잡도에 따라 승하선 조건이 달라지니 출발 전 선사에 승선 가능 여부와 지원 인력을 확인해 주세요. 우도 순환버스는 저상버스가 아니어서 휠체어로는 이용하실 수 없습니다",,,,휠내비길(wheelnavi.kr) 음성안내 · 제주올레 오디오가이드(jejuolle.org) 코스별 음성해설,「탐나는수어」 앱 · 제주수어통역센터 여행수어 자료(jejudeaf.com),,,,차량+도보,,,,,,,,,,,,2023-12,FERRY_BOARDING,여객선 승하선 제약 · 풍랑 시 결항 가능,,,,,UNKNOWN,UNKNOWN,,,,,제주관광약자접근성안내센터(이지제주) · 한국관광공사 열린관광 · ㈜휴플 현장조사,2026-06,2024~2026,https://easyjeju.net,제주관광공사 「오감으로 즐기는 제주」(2023.12.22) · 한국관광공사 열린관광지 · 이지제주,"현재 무장애 정보는 이동(지체) 접근성 기준입니다. 시각·청각·발달 장애 정보는 확보 중이며, 열린관광 모두의여행(access.visitkorea.or.kr) 또는 이지제주(easyjeju.net)에서 확인하실 수 있습니다.",SURVEYED,"FIX51: 접근사슬 판정 — wheelchairAccess 는 섬 도착 이후 현장 접근성, recommendForMobility 는 본섬 출발부터 핵심 활동까지의 종단 간 도달 가능성을 뜻합니다. 필수 여객선의 안전한 승하선이 공식 확인되지 않아 게이트만 N 으로 내리고 현장 등급은 보존합니다. 근거: 2023-05 전동휠체어 이용자 성산항→하우목동항 승선 기록(전윤선 무장애여행), 2025-08 차량 선적 보도. 선사 공식 장애인 승선정책 원문은 미발견 ※ [FIX83] 접근사슬 판정 — 현장 등급 보존, 진입 관문만 하향 (FIX51). 잔여 확인 — 장애인 차량 진입 허가 현행 운영 여부",FIX51: 게이트 Y→N (접근사슬) | FIX83: 이용자 사유 필드에서 내부 표기 제거,v3,ROUTE_SURVEY,경로 상태 조사: 우도봉/등대 진입로+데크 후 계단 있음+차량 접근 일부 가능+휠체어 접근 부분가능,,,,N,UNKNOWN,UNKNOWN,
ACC_P444,P444,FULL,PARTIAL,PARTIAL,UNKNOWN,FULL,FULL,FULL,FULL,Y,AVAILABLE,AVAILABLE,시설접근 기준 판정 — 활동참여 개별 근거 미확보,"계단 혹은 경사 있음+대정현성 안내도: 김정희 유배지(제주 추사관) 가는 길 입구에 2cm의 턱 존재. 휠체어 이용 시 앞으로 고꾸라질 위험 있어 불편할 수 있음
밖거리·안거리: 야자너트 있으나 휠체어 이용 가능
정문 입구 계단: 접근성 정보 있음 (계단 혹은 경사 있음. 길 상태 안 좋음)",포장도로+정문 계단/후문 무단차+엘리베이터 있음+휠체어 접근 가능,장애인 주차장 있음+장애인 화장실 있음+엘리베이터 있음+보조출입구 무단차+휠체어 접근 가능,,,,,탐나는수어 앱 수어해설 21곳(18.제주추사관). 현장 QR·AR 수어영상,휠내비길(wheelnavi.kr) 음성안내 · 제주올레 오디오가이드(jejuolle.org) 코스별 음성해설,「탐나는수어」 앱(제주수어통역센터) + 현장 QR,,IN_VENUE,이용 동선에서 이용 가능,차량+대중교통+도보,NONE,Y,,,,,㈜휴플 자체 현장조사 (2024~2025),,,,,2023-12,,,,,,,UNKNOWN,UNKNOWN,,,,,제주관광약자접근성안내센터(이지제주) · 한국관광공사 열린관광 · ㈜휴플 현장조사,2026-06,2024~2026,https://easyjeju.net · https://www.data.go.kr/data/15101897/openapi.do,제주관광공사 「오감으로 즐기는 제주」(2023.12.22) · 한국관광공사 열린관광지 · 이지제주,"현재 무장애 정보는 이동(지체) 접근성 기준입니다. 시각·청각·발달 장애 정보는 확보 중이며, 열린관광 모두의여행(access.visitkorea.or.kr) 또는 이지제주(easyjeju.net)에서 확인하실 수 있습니다.",PARTIAL,"부분검증(2026-08) — 오감 청각 목록 확인, 이동축 미확인 [FIX65] 한국관광공사 무장애 API(detailWithTour2) — braileblock=점자블록 있음(주출입구,계단 앞)_시각장애인 편의시설",FIX65: visualAccess UNKNOWN→PARTIAL (KTO API),v3,FIELD_SURVEY,㈜휴플 자체 현장조사 / 경로: 포장도로+정문 계단/후문 무단차+엘리베이터 있음+휠체어 접근 가능,,,,Y,UNKNOWN,Y,
ACC_P445,P445,PARTIAL,UNKNOWN,UNKNOWN,UNKNOWN,PARTIAL,PARTIAL,PARTIAL,FULL,Y,CONDITIONAL,CONDITIONAL,야자매트 관람로 — 옛집 구간 일부 단차,,포장/야자매트 관람로+옛집 관람공간+일부 단차/노면 주의+휠체어 접근 부분가능,장애인 주차장 있음(추사관)+장애인 화장실 있음(추사관)+보조출입구/승강기 이용 가능+동행보조 필요,포장·야자매트 관람로 이용 가능 / 옛집 구간 일부 단차,관람로가 포장과 야자매트로 되어 있고 옛집 구간에 일부 단차와 노면 주의 구간이 있습니다. 옆 추사관에 장애인 주차장과 화장실이 있고 보조 출입구와 승강기를 이용할 수 있습니다.,,,,휠내비길(wheelnavi.kr) 음성안내 · 제주올레 오디오가이드(jejuolle.org) 코스별 음성해설,「탐나는수어」 앱 · 제주수어통역센터 여행수어 자료(jejudeaf.com),,IN_VENUE,이용 동선에서 이용 가능,차량+대중교통+도보,,,,,,,,,,,,2023-12,,,,,,,UNKNOWN,UNKNOWN,,,,,제주관광약자접근성안내센터(이지제주) · 한국관광공사 열린관광 · ㈜휴플 현장조사,2026-06,2024~2026,https://easyjeju.net,제주관광공사 「오감으로 즐기는 제주」(2023.12.22) · 한국관광공사 열린관광지 · 이지제주,"현재 무장애 정보는 이동(지체) 접근성 기준입니다. 시각·청각·발달 장애 정보는 확보 중이며, 열린관광 모두의여행(access.visitkorea.or.kr) 또는 이지제주(easyjeju.net)에서 확인하실 수 있습니다.",SURVEYED,,,v3,ROUTE_SURVEY,경로 상태 조사: 포장/야자매트 관람로+옛집 관람공간+일부 단차/노면 주의+휠체어 접근 부분가능,,,,Y,UNKNOWN,UNKNOWN,
ACC_P446,P446,PARTIAL,UNKNOWN,UNKNOWN,UNKNOWN,PARTIAL,PARTIAL,PARTIAL,FULL,Y,CONDITIONAL,CONDITIONAL,포장 구간 접근 가능 / 활동참여 조건부 — 판석길·송이 노면·계단 구간 제약,5~10도 경사,포장 항만길+판석길/송이 노면+계단 일부+휠체어 접근 부분가능,주차장 있음+장애인 주차구역 있음+장애인 화장실 있음(수산문화센터)+쉼터 있음+동행보조 필요,"항만길 포장 구간 이동 가능, 장애인 화장실 보유. 일부 구간은 판석길·송이 노면과 계단이 섞여 있어 휠체어 이동 제약","항만길은 포장되어 있어 이동하실 수 있고 장애인 화장실도 있습니다. 다만 일부 구간이 판석길과 송이 노면이고 계단이 섞여 있어, 그 구간은 우회하거나 동행자의 도움이 필요할 수 있습니다.",,,,휠내비길(wheelnavi.kr) 음성안내 · 제주올레 오디오가이드(jejuolle.org) 코스별 음성해설,「탐나는수어」 앱 · 제주수어통역센터 여행수어 자료(jejudeaf.com),,IN_VENUE,이용 동선에서 이용 가능,차량+대중교통,,,,,,,,,,,,2023-12,,,,,,,UNKNOWN,UNKNOWN,,,,,제주관광약자접근성안내센터(이지제주) · 한국관광공사 열린관광 · ㈜휴플 현장조사,2026-06,2024~2026,https://easyjeju.net,제주관광공사 「오감으로 즐기는 제주」(2023.12.22) · 한국관광공사 열린관광지 · 이지제주,"현재 무장애 정보는 이동(지체) 접근성 기준입니다. 시각·청각·발달 장애 정보는 확보 중이며, 열린관광 모두의여행(access.visitkorea.or.kr) 또는 이지제주(easyjeju.net)에서 확인하실 수 있습니다.",SURVEYED,,FIX79: evidenceDetail의 판석길·계단 제약을 partialReason으로 이관,v3,ROUTE_SURVEY,경로 상태 조사: 포장 항만길+판석길/송이 노면+계단 일부+휠체어 접근 부분가능,,,,Y,UNKNOWN,UNKNOWN,
ACC_P447,P447,NONE,UNKNOWN,UNKNOWN,UNKNOWN,NONE,PARTIAL,PARTIAL,FULL,Y,CONDITIONAL,CONDITIONAL,차량 체험 중심 — 차량 이용 시 제약 없음 / 도로변 이동은 부적합,도로 경사/차량 통행 위험,포장도로+차량 체험 중심+휠체어 보행 접근 어려움,주차장 있음+장애인 화장실 있음+안내시설 있음+차량 관람 가능+보행 접근 주의,,"주차장과 안내시설이 있고 도로는 포장되어 있습니다. 차를 타고 지나며 체험하는 곳이라, 차량으로 오시면 이용하시는 데 어려움이 없습니다. 다만 차에서 내려 도로변을 이동하시기에는 적합하지 않습니다.",,,,휠내비길(wheelnavi.kr) 음성안내 · 제주올레 오디오가이드(jejuolle.org) 코스별 음성해설,「탐나는수어」 앱 · 제주수어통역센터 여행수어 자료(jejudeaf.com),,IN_VENUE,이용 동선에서 이용 가능,차량+대중교통+도보,,,,,,,,,,,,2023-12,,,,,,,UNKNOWN,UNKNOWN,,,,,제주관광약자접근성안내센터(이지제주) · 한국관광공사 열린관광 · ㈜휴플 현장조사,2026-06,2024~2026,https://easyjeju.net,제주관광공사 「오감으로 즐기는 제주」(2023.12.22) · 한국관광공사 열린관광지 · 이지제주,"현재 무장애 정보는 이동(지체) 접근성 기준입니다. 시각·청각·발달 장애 정보는 확보 중이며, 열린관광 모두의여행(access.visitkorea.or.kr) 또는 이지제주(easyjeju.net)에서 확인하실 수 있습니다.",SURVEYED,[FIX85] 차량 체험형 관광지 — 보행 접근 기준으로 NONE 을 매긴 것이 이용자에게 오독을 부를 수 있음. 차량 이용자 기준 재판정 검토 필요 [FIX98] publicToilet=Y 는 공공 Wi-Fi 설치장소명(‘신비의도로 화장실 처마’)에서 화장실 건물 존재를 추론한 것. 설치 장소명은 현장 실측이나 직접 조사는 아님.,FIX85: 이용자 안내문 신설 — 내부 표기 사유 제거,v3,ROUTE_SURVEY,경로 상태 조사: 포장도로+차량 체험 중심+휠체어 보행 접근 어려움,,,,Y,UNKNOWN,UNKNOWN,
ACC_P448,P448,NONE,UNKNOWN,UNKNOWN,UNKNOWN,NONE,NONE,NONE,UNKNOWN,Y,UNAVAILABLE,UNAVAILABLE,"밭 인근 야외 묘역 — 비포장, 노면 불균일",경사/노면 불균일 가능,밭 인근 야외 묘역+비포장 가능+휠체어 접근 어려움,안내시설 있음+동행보조 필요+장애인 화장실 확인 필요,,밭 옆 야외 묘역이라 진입로가 비포장이고 노면이 고르지 않습니다. 안내판이 설치되어 있으며 동행이 있으면 접근이 수월합니다. 장애인 화장실은 확인되지 않았습니다.,,,,휠내비길(wheelnavi.kr) 음성안내 · 제주올레 오디오가이드(jejuolle.org) 코스별 음성해설,「탐나는수어」 앱 · 제주수어통역센터 여행수어 자료(jejudeaf.com),,,,차량+대중교통+도보,,,,,,,,,,,,2023-12,,,,,,,UNKNOWN,UNKNOWN,,,,,제주관광약자접근성안내센터(이지제주) · 한국관광공사 열린관광 · ㈜휴플 현장조사,2026-06,2024~2026,https://easyjeju.net,제주관광공사 「오감으로 즐기는 제주」(2023.12.22) · 한국관광공사 열린관광지 · 이지제주,"현재 무장애 정보는 이동(지체) 접근성 기준입니다. 시각·청각·발달 장애 정보는 확보 중이며, 열린관광 모두의여행(access.visitkorea.or.kr) 또는 이지제주(easyjeju.net)에서 확인하실 수 있습니다.",SURVEYED,,,v3,ROUTE_SURVEY,경로 상태 조사: 밭 인근 야외 묘역+비포장 가능+휠체어 접근 어려움,,,,N,UNKNOWN,UNKNOWN,시각·청각 접근성 정보가 확인되지 않았습니다
ACC_P449,P449,NONE,UNKNOWN,UNKNOWN,UNKNOWN,NONE,NONE,NONE,UNKNOWN,Y,UNAVAILABLE,UNAVAILABLE,제주올레 공식 휠체어 지정 코스 외 — 코스 접근 불가,비포장/경사 가능,장거리 올레길+포장도로 일부+해안/마을길+휠체어 접근 어려움,화장실 있음+안내소 있음+쉼터 있음+장애인 화장실 확인 필요+동행보조 필요,,"제주올레 20코스는 제주올레가 지정한 휠체어 이용 구간 열 개 코스에 들어 있지 않습니다. 해안길과 마을길에 포장 구간이 일부 있으나 비포장과 경사가 섞여 있어 코스를 휠체어로 이용하시기는 어렵습니다. 화장실과 안내소, 쉼터는 있으나 장애인 화장실은 확인이 필요합니다. 휠체어로 이용하실 수 있는 올레 구간을 찾으신다면 1·4·5·6·8·10·10-1·12·14·17코스를 확인해 주세요.",,,,휠내비길(wheelnavi.kr) 음성안내 · 제주올레 오디오가이드(jejuolle.org) 코스별 음성해설,「탐나는수어」 앱 · 제주수어통역센터 여행수어 자료(jejudeaf.com),,,,차량+대중교통+도보,,,,,,,,,,,,2023-12,,,,,,,UNKNOWN,UNKNOWN,,,,,제주관광약자접근성안내센터(이지제주) · 한국관광공사 열린관광 · ㈜휴플 현장조사,2026-06,2024~2026,https://easyjeju.net,제주관광공사 「오감으로 즐기는 제주」(2023.12.22) · 한국관광공사 열린관광지 · 이지제주,"현재 무장애 정보는 이동(지체) 접근성 기준입니다. 시각·청각·발달 장애 정보는 확보 중이며, 열린관광 모두의여행(access.visitkorea.or.kr) 또는 이지제주(easyjeju.net)에서 확인하실 수 있습니다.",SURVEYED,,[FIX90] 트레일 사유 이관 — 조사 기록은 routeCondition·barrierFreeDetail·slopeInfo 참조,v3,ROUTE_SURVEY,경로 상태 조사: 장거리 올레길+포장도로 일부+해안/마을길+휠체어 접근 어려움,,,,N,UNKNOWN,UNKNOWN,"시각장애인은 동행자와 함께라면 이용 가능할 수 있으나 안내 설비 정보가 없습니다. 청각장애인은 이동에 제약이 적을 것으로 보이나, 조난 시 연락 수단·안내 방송 여부가 확인되지 않았습니다"
ACC_P450,P450,UNKNOWN,UNKNOWN,UNKNOWN,UNKNOWN,UNKNOWN,UNKNOWN,UNKNOWN,UNKNOWN,Y,UNKNOWN,UNKNOWN,,경사로 있음,마을길/도로변 유적지+포장도로 가능+접근성 세부정보 확인 필요,안내시설 있음+장애인 화장실 확인 필요,,,,,,휠내비길(wheelnavi.kr) 음성안내 · 제주올레 오디오가이드(jejuolle.org) 코스별 음성해설,「탐나는수어」 앱 · 제주수어통역센터 여행수어 자료(jejudeaf.com),,,,차량+대중교통+도보,,,,,,,,,,,,2023-12,,,,,,,UNKNOWN,UNKNOWN,,,,,제주관광약자접근성안내센터(이지제주) · 한국관광공사 열린관광 · ㈜휴플 현장조사,2026-06,2024~2026,https://easyjeju.net,제주관광공사 「오감으로 즐기는 제주」(2023.12.22) · 한국관광공사 열린관광지 · 이지제주,"현재 무장애 정보는 이동(지체) 접근성 기준입니다. 시각·청각·발달 장애 정보는 확보 중이며, 열린관광 모두의여행(access.visitkorea.or.kr) 또는 이지제주(easyjeju.net)에서 확인하실 수 있습니다.",SURVEYED,,,v3,ROUTE_SURVEY,경로 상태 조사: 마을길/도로변 유적지+포장도로 가능+접근성 세부정보 확인 필요,,,,Y,UNKNOWN,UNKNOWN,
ACC_P451,P451,FULL,UNKNOWN,UNKNOWN,UNKNOWN,FULL,FULL,FULL,UNKNOWN,Y,AVAILABLE,AVAILABLE,시설접근 기준 판정 — 활동참여 개별 근거 미확보,경사로 있음,포장도로+무단차 출입구+휠체어 접근 가능,장애인 주차장 있음+경사로 있음+출입구 무단차+매표소 접근 가능+장애인 화장실 확인 필요,,장애인 화장실 유무를 확인하지 못했습니다. 오래 머무르실 계획이라면 방문 전에 시설에 문의해 주세요.,,,,휠내비길(wheelnavi.kr) 음성안내 · 제주올레 오디오가이드(jejuolle.org) 코스별 음성해설,「탐나는수어」 앱 · 제주수어통역센터 여행수어 자료(jejudeaf.com),,,,차량+대중교통,,,,,,,,,,,,2023-12,,,,,,,UNKNOWN,UNKNOWN,,,,,제주관광약자접근성안내센터(이지제주) · 한국관광공사 열린관광 · ㈜휴플 현장조사,2026-06,2024~2026,https://easyjeju.net,제주관광공사 「오감으로 즐기는 제주」(2023.12.22) · 한국관광공사 열린관광지 · 이지제주,"현재 무장애 정보는 이동(지체) 접근성 기준입니다. 시각·청각·발달 장애 정보는 확보 중이며, 열린관광 모두의여행(access.visitkorea.or.kr) 또는 이지제주(easyjeju.net)에서 확인하실 수 있습니다.",SURVEYED,,,v3,ROUTE_SURVEY,경로 상태 조사: 포장도로+무단차 출입구+휠체어 접근 가능,,,,Y,UNKNOWN,UNKNOWN,
ACC_P452,P452,NONE,UNKNOWN,UNKNOWN,UNKNOWN,NONE,NONE,NONE,UNKNOWN,N,UNAVAILABLE,UNAVAILABLE,주차장 등 진입부는 이용 가능 / 오름 등반로는 접근 불가,경사 있음,오름/곶자왈 길+비포장+계단 가능+휠체어 접근 어려움,안내시설 있음+동행보조 필요+장애인 화장실 확인 필요,,도너리오름의 오름 등반로는 비포장 자연 노면·계단이라 휠체어로 이동하시기 어렵습니다. 장애인 화장실은 확인되지 않았습니다.,,,,휠내비길(wheelnavi.kr) 음성안내 · 제주올레 오디오가이드(jejuolle.org) 코스별 음성해설,「탐나는수어」 앱 · 제주수어통역센터 여행수어 자료(jejudeaf.com),,,,차량+도보,,,,,,,,,,,,2023-12,,,,,,,UNKNOWN,UNKNOWN,,,,,제주관광약자접근성안내센터(이지제주) · 한국관광공사 열린관광 · ㈜휴플 현장조사,2026-06,2024~2026,https://easyjeju.net,제주관광공사 「오감으로 즐기는 제주」(2023.12.22) · 한국관광공사 열린관광지 · 이지제주,"현재 무장애 정보는 이동(지체) 접근성 기준입니다. 시각·청각·발달 장애 정보는 확보 중이며, 열린관광 모두의여행(access.visitkorea.or.kr) 또는 이지제주(easyjeju.net)에서 확인하실 수 있습니다.",SURVEYED,[FIX89] 산·오름 사유 이관 — 조사 기록은 routeCondition·barrierFreeDetail 참조,,v3,ROUTE_SURVEY,경로 상태 조사: 오름/곶자왈 길+비포장+계단 가능+휠체어 접근 어려움,,,,N,UNKNOWN,UNKNOWN,"시각장애인은 동행자와 함께라면 이용 가능할 수 있으나 안내 설비 정보가 없습니다. 청각장애인은 이동에 제약이 적을 것으로 보이나, 조난 시 연락 수단·안내 방송 여부가 확인되지 않았습니다"
ACC_P453,P453,PARTIAL,UNKNOWN,UNKNOWN,UNKNOWN,PARTIAL,PARTIAL,PARTIAL,UNKNOWN,Y,CONDITIONAL,CONDITIONAL,해안도로 일부 포장 — 해변·암반은 비포장,,포장 해안도로 일부+해변/암반 비포장+미끄럼 위험 있음+휠체어 접근 부분가능,안내시설 있음+해안산책 가능+장애인 화장실 확인 필요+동행보조 필요,포장 해안도로 구간 이용 가능 / 해변·암반은 비포장,"해안도로 일부가 포장되어 있어 그 구간은 산책하실 수 있고, 해변과 암반 쪽은 비포장이라 미끄럼 위험이 있어 동행이 필요합니다. 장애인 화장실은 확인되지 않았습니다.",,,,휠내비길(wheelnavi.kr) 음성안내 · 제주올레 오디오가이드(jejuolle.org) 코스별 음성해설,「탐나는수어」 앱 · 제주수어통역센터 여행수어 자료(jejudeaf.com),,,,차량+대중교통+도보,,,,,,,,,,,,2023-12,,,,,,,UNKNOWN,UNKNOWN,,,,,제주관광약자접근성안내센터(이지제주) · 한국관광공사 열린관광 · ㈜휴플 현장조사,2026-06,2024~2026,https://easyjeju.net,제주관광공사 「오감으로 즐기는 제주」(2023.12.22) · 한국관광공사 열린관광지 · 이지제주,"현재 무장애 정보는 이동(지체) 접근성 기준입니다. 시각·청각·발달 장애 정보는 확보 중이며, 열린관광 모두의여행(access.visitkorea.or.kr) 또는 이지제주(easyjeju.net)에서 확인하실 수 있습니다.",SURVEYED,,,v3,ROUTE_SURVEY,경로 상태 조사: 포장 해안도로 일부+해변/암반 비포장+미끄럼 위험 있음+휠체어 접근 부분가능,,,,Y,UNKNOWN,UNKNOWN,
ACC_P454,P454,NONE,UNKNOWN,UNKNOWN,UNKNOWN,NONE,NONE,NONE,UNKNOWN,Y,UNAVAILABLE,UNAVAILABLE,"한라산 등산로 구간 — 자갈·비포장, 경사",경사 있음,한라산 등산로/기암 관람지+자갈/비포장+휠체어 접근 어려움,주차장 있음+화장실 있음+안내시설 있음+동행보조 필요+장애인 화장실 확인 필요,,"한라산 등산로를 따라 기암을 보는 곳으로 자갈과 비포장 구간에 경사가 있습니다. 주차장과 화장실, 안내시설은 있으나 장애인 화장실은 확인되지 않았습니다.",,,,휠내비길(wheelnavi.kr) 음성안내 · 제주올레 오디오가이드(jejuolle.org) 코스별 음성해설,「탐나는수어」 앱 · 제주수어통역센터 여행수어 자료(jejudeaf.com),,,,차량+대중교통+도보,,,,,,,,,,,,2023-12,,,,,,,UNKNOWN,UNKNOWN,,,,,제주관광약자접근성안내센터(이지제주) · 한국관광공사 열린관광 · ㈜휴플 현장조사,2026-06,2024~2026,https://easyjeju.net,제주관광공사 「오감으로 즐기는 제주」(2023.12.22) · 한국관광공사 열린관광지 · 이지제주,"현재 무장애 정보는 이동(지체) 접근성 기준입니다. 시각·청각·발달 장애 정보는 확보 중이며, 열린관광 모두의여행(access.visitkorea.or.kr) 또는 이지제주(easyjeju.net)에서 확인하실 수 있습니다.",SURVEYED,,,v3,ROUTE_SURVEY,경로 상태 조사: 한라산 등산로/기암 관람지+자갈/비포장+휠체어 접근 어려움,,,,N,UNKNOWN,UNKNOWN,시각·청각 접근성 정보가 확인되지 않았습니다
ACC_P455,P455,UNKNOWN,UNKNOWN,UNKNOWN,UNKNOWN,UNKNOWN,UNKNOWN,UNKNOWN,UNKNOWN,Y,UNKNOWN,UNKNOWN,,단차/경사 가능,사찰 경내+포장/비포장 혼재 가능+접근성 세부정보 확인 필요,안내시설 있음+장애인 화장실 확인 필요,,,,,,휠내비길(wheelnavi.kr) 음성안내 · 제주올레 오디오가이드(jejuolle.org) 코스별 음성해설,「탐나는수어」 앱 · 제주수어통역센터 여행수어 자료(jejudeaf.com),,,,차량+대중교통+도보,,,,,,,,,,,,2023-12,,,,,,,UNKNOWN,UNKNOWN,,,,,제주관광약자접근성안내센터(이지제주) · 한국관광공사 열린관광 · ㈜휴플 현장조사,2026-06,2024~2026,https://easyjeju.net,제주관광공사 「오감으로 즐기는 제주」(2023.12.22) · 한국관광공사 열린관광지 · 이지제주,"현재 무장애 정보는 이동(지체) 접근성 기준입니다. 시각·청각·발달 장애 정보는 확보 중이며, 열린관광 모두의여행(access.visitkorea.or.kr) 또는 이지제주(easyjeju.net)에서 확인하실 수 있습니다.",SURVEYED,,,v3,ROUTE_SURVEY,경로 상태 조사: 사찰 경내+포장/비포장 혼재 가능+접근성 세부정보 확인 필요,,,,Y,UNKNOWN,UNKNOWN,
ACC_P456,P456,NONE,UNKNOWN,UNKNOWN,UNKNOWN,NONE,NONE,NONE,UNKNOWN,Y,UNAVAILABLE,UNAVAILABLE,장거리 순례길 비포장 구간 — 코스 접근 불가,비포장/경사 가능,숲길/순례길+장거리 도보+휠체어 접근 어려움,안내시설 있음+쉼터 있음+동행보조 필요+장애인 화장실 확인 필요,,절로 가는 길 정진의 길은 숲길과 순례길이 길게 이어지고 비포장 구간과 경사가 있어 휠체어로 이동하시기 어렵습니다. 안내시설과 쉼터는 있으나 장애인 화장실은 확인이 필요합니다.,,,,휠내비길(wheelnavi.kr) 음성안내 · 제주올레 오디오가이드(jejuolle.org) 코스별 음성해설,「탐나는수어」 앱 · 제주수어통역센터 여행수어 자료(jejudeaf.com),,,,차량+대중교통+도보,,,,,,,,,,,,2023-12,,,,,,,UNKNOWN,UNKNOWN,,,,,제주관광약자접근성안내센터(이지제주) · 한국관광공사 열린관광 · ㈜휴플 현장조사,2026-06,2024~2026,https://easyjeju.net,제주관광공사 「오감으로 즐기는 제주」(2023.12.22) · 한국관광공사 열린관광지 · 이지제주,"현재 무장애 정보는 이동(지체) 접근성 기준입니다. 시각·청각·발달 장애 정보는 확보 중이며, 열린관광 모두의여행(access.visitkorea.or.kr) 또는 이지제주(easyjeju.net)에서 확인하실 수 있습니다.",SURVEYED,,[FIX90] 트레일 사유 이관 — 조사 기록은 routeCondition·barrierFreeDetail·slopeInfo 참조,v3,ROUTE_SURVEY,경로 상태 조사: 숲길/순례길+장거리 도보+휠체어 접근 어려움,,,,N,UNKNOWN,UNKNOWN,"시각장애인은 동행자와 함께라면 이용 가능할 수 있으나 안내 설비 정보가 없습니다. 청각장애인은 이동에 제약이 적을 것으로 보이나, 조난 시 연락 수단·안내 방송 여부가 확인되지 않았습니다"
ACC_P457,P457,PARTIAL,UNKNOWN,UNKNOWN,UNKNOWN,PARTIAL,PARTIAL,PARTIAL,UNKNOWN,Y,CONDITIONAL,CONDITIONAL,정비된 산길·숲길 — 경사·비포장 구간,경사/비포장 가능,정비된 산길/숲길+휠체어 접근 부분가능,주차장 있음+화장실 있음+안내시설 있음+동행보조 필요+장애인 화장실 확인 필요,정비 구간 이용 가능 / 숲길 경사·비포장,"산길과 숲길이 정비되어 있으나 경사와 비포장 구간이 있어 동행이 있으면 수월합니다. 주차장과 화장실, 안내시설이 있고 장애인 화장실은 확인되지 않았습니다.",,,,휠내비길(wheelnavi.kr) 음성안내 · 제주올레 오디오가이드(jejuolle.org) 코스별 음성해설,「탐나는수어」 앱 · 제주수어통역센터 여행수어 자료(jejudeaf.com),,,,차량+대중교통+도보,,,,,,,,,,,,2023-12,,,,,,,UNKNOWN,UNKNOWN,,,,,제주관광약자접근성안내센터(이지제주) · 한국관광공사 열린관광 · ㈜휴플 현장조사,2026-06,2024~2026,https://easyjeju.net,제주관광공사 「오감으로 즐기는 제주」(2023.12.22) · 한국관광공사 열린관광지 · 이지제주,"현재 무장애 정보는 이동(지체) 접근성 기준입니다. 시각·청각·발달 장애 정보는 확보 중이며, 열린관광 모두의여행(access.visitkorea.or.kr) 또는 이지제주(easyjeju.net)에서 확인하실 수 있습니다.",SURVEYED,,,v3,ROUTE_SURVEY,경로 상태 조사: 정비된 산길/숲길+휠체어 접근 부분가능,,,,Y,UNKNOWN,UNKNOWN,
ACC_P458,P458,PARTIAL,UNKNOWN,UNKNOWN,UNKNOWN,PARTIAL,FULL,FULL,NONE,N,AVAILABLE,UNAVAILABLE,시설접근 가능 / 활동참여 불가 — 해안도로 트레킹 — 보차 미분리 구간,2~5도 경사 일부,포장 해안도로+휠체어 올레길+휠체어 접근 가능,주차장 있음+휠체어 올레길 표지 있음+접근가능 정자 있음+장애인 화장실 확인 필요,포장 해안도로에 휠체어 올레길 표지가 있고 접근 가능한 정자와 주차장이 확보됨. 일부 구간에 완만한 경사가 있음. 보도와 차도가 나뉘지 않는 구간이 있어 차량 통행에 주의가 필요함. 장애인 화장실은 확인되지 않음,"포장된 해안도로에 휠체어 올레길 표지가 있고, 쉬어 가실 수 있는 정자와 주차장이 있습니다. 경사는 일부 구간에만 있고 완만한 편입니다. 다만 보도와 차도가 나뉘지 않는 구간이 있어 차량 통행에 유의하셔야 하고, 장애인 화장실은 아직 확인되지 않아 오래 머무실 계획이라면 미리 알아보시는 편이 좋습니다.",,,,휠내비길(wheelnavi.kr) 음성안내 · 제주올레 오디오가이드(jejuolle.org) 코스별 음성해설,「탐나는수어」 앱 · 제주수어통역센터 여행수어 자료(jejudeaf.com),,,열린관광 코스 자료의 화장실 표기는 양 끝 거점에 있으며 도로 구간에는 없음. 한국관광공사 개별 페이지는 장애인화장실 없음으로 안내,차량+도보,,,,,,,,,,,,2023-12,,,,,,,UNKNOWN,UNKNOWN,하도해수욕장(서쪽 끝) · 오조해녀의집(동쪽 끝) — 도로 구간 내에는 없음,,,,제주관광약자접근성안내센터(이지제주) · 한국관광공사 열린관광 · ㈜휴플 현장조사,2026-06,2024~2026,https://easyjeju.net,제주관광공사 「오감으로 즐기는 제주」(2023.12.22) · 한국관광공사 열린관광지 · 이지제주,"현재 무장애 정보는 이동(지체) 접근성 기준입니다. 시각·청각·발달 장애 정보는 확보 중이며, 열린관광 모두의여행(access.visitkorea.or.kr) 또는 이지제주(easyjeju.net)에서 확인하실 수 있습니다.",SURVEYED,[FIX83] 해안도로 트레킹 — 보차 미분리 구간 (FIX28). 잔여 확인 — 장애인 화장실 유무,nan | FIX28: Activity 축 모순 해소 | FIX83: 이용자 사유 필드에서 내부 표기 제거,v3,ROUTE_SURVEY,경로 상태 조사: 포장 해안도로+휠체어 올레길+휠체어 접근 가능,,,,N,UNKNOWN,UNKNOWN,"시각장애인은 동행자와 함께라면 이용 가능할 수 있으나 안내 설비 정보가 없습니다. 청각장애인은 이동에 제약이 적을 것으로 보이나, 조난 시 연락 수단·안내 방송 여부가 확인되지 않았습니다"
ACC_P459,P459,PARTIAL,UNKNOWN,UNKNOWN,UNKNOWN,PARTIAL,PARTIAL,PARTIAL,UNKNOWN,Y,CONDITIONAL,CONDITIONAL,시설접근 기준 판정 — 활동참여 개별 근거 미확보,경사 있음,야외 미로길+포장/흙길 가능+휠체어 접근 부분가능,주차장 있음+화장실 있음+식음료시설 있음+안내시설 있음+동행보조 필요+장애인 화장실 확인 필요,,,,,,휠내비길(wheelnavi.kr) 음성안내 · 제주올레 오디오가이드(jejuolle.org) 코스별 음성해설,「탐나는수어」 앱 · 제주수어통역센터 여행수어 자료(jejudeaf.com),,,,차량+대중교통,,,,,,,,,,,,2023-12,,,,,,,UNKNOWN,UNKNOWN,,,,,제주관광약자접근성안내센터(이지제주) · 한국관광공사 열린관광 · ㈜휴플 현장조사,2026-06,2024~2026,https://easyjeju.net,제주관광공사 「오감으로 즐기는 제주」(2023.12.22) · 한국관광공사 열린관광지 · 이지제주,"현재 무장애 정보는 이동(지체) 접근성 기준입니다. 시각·청각·발달 장애 정보는 확보 중이며, 열린관광 모두의여행(access.visitkorea.or.kr) 또는 이지제주(easyjeju.net)에서 확인하실 수 있습니다.",SURVEYED,,,v3,ROUTE_SURVEY,경로 상태 조사: 야외 미로길+포장/흙길 가능+휠체어 접근 부분가능,,,,Y,UNKNOWN,UNKNOWN,
ACC_P460,P460,NONE,UNKNOWN,UNKNOWN,UNKNOWN,NONE,NONE,NONE,UNKNOWN,Y,UNAVAILABLE,UNAVAILABLE,시설접근 기준 판정 — 활동참여 개별 근거 미확보,경사 있음,섬 올레길/산 정상 등대+계단 가능+휠체어 접근 어려움,안내시설 있음+동행보조 필요+장애인 화장실 확인 필요,,,,,,휠내비길(wheelnavi.kr) 음성안내 · 제주올레 오디오가이드(jejuolle.org) 코스별 음성해설,「탐나는수어」 앱 · 제주수어통역센터 여행수어 자료(jejudeaf.com),,,,차량+대중교통+도보,,,,,,,,,,,,2023-12,,,,,,,UNKNOWN,UNKNOWN,,,,,제주관광약자접근성안내센터(이지제주) · 한국관광공사 열린관광 · ㈜휴플 현장조사,2026-06,2024~2026,https://easyjeju.net,제주관광공사 「오감으로 즐기는 제주」(2023.12.22) · 한국관광공사 열린관광지 · 이지제주,"현재 무장애 정보는 이동(지체) 접근성 기준입니다. 시각·청각·발달 장애 정보는 확보 중이며, 열린관광 모두의여행(access.visitkorea.or.kr) 또는 이지제주(easyjeju.net)에서 확인하실 수 있습니다.",SURVEYED,,,v3,ROUTE_SURVEY,경로 상태 조사: 섬 올레길/산 정상 등대+계단 가능+휠체어 접근 어려움,,,,N,UNKNOWN,UNKNOWN,시각·청각장애인의 입수는 동행자와 안전요원 배치 여부에 따라 달라집니다. 해당 해수욕장의 장애인 지원 체계가 확인되지 않았습니다
ACC_P461,P461,PARTIAL,UNKNOWN,UNKNOWN,UNKNOWN,PARTIAL,PARTIAL,PARTIAL,UNKNOWN,Y,CONDITIONAL,CONDITIONAL,시설접근 기준 판정 — 활동참여 개별 근거 미확보,,포장도로+실내 전시관+출입구/동선 세부정보 확인 필요+휠체어 접근 부분가능,주차장 있음+화장실 있음+식음료시설 있음+안내시설 있음+장애인 화장실 확인 필요,,,,,,휠내비길(wheelnavi.kr) 음성안내 · 제주올레 오디오가이드(jejuolle.org) 코스별 음성해설,「탐나는수어」 앱 · 제주수어통역센터 여행수어 자료(jejudeaf.com),,,,차량+대중교통,,,,,,,,,,,,2023-12,,,,,,,UNKNOWN,UNKNOWN,,,,,제주관광약자접근성안내센터(이지제주) · 한국관광공사 열린관광 · ㈜휴플 현장조사,2026-06,2024~2026,https://easyjeju.net,제주관광공사 「오감으로 즐기는 제주」(2023.12.22) · 한국관광공사 열린관광지 · 이지제주,"현재 무장애 정보는 이동(지체) 접근성 기준입니다. 시각·청각·발달 장애 정보는 확보 중이며, 열린관광 모두의여행(access.visitkorea.or.kr) 또는 이지제주(easyjeju.net)에서 확인하실 수 있습니다.",SURVEYED,,,v3,FACILITY_SURVEY,편의시설 조사: 주차장 있음+화장실 있음+식음료시설 있음+안내시설 있음+장애인 화장실 확인 필요,,,,Y,UNKNOWN,UNKNOWN,
ACC_P462,P462,PARTIAL,UNKNOWN,UNKNOWN,UNKNOWN,PARTIAL,PARTIAL,PARTIAL,UNKNOWN,Y,CONDITIONAL,CONDITIONAL,시설접근 기준 판정 — 활동참여 개별 근거 미확보,보도폭/경사 확인 필요,포장 마을길+차량 혼재 가능+휠체어 접근 부분가능,쉼터 있음+안내시설 있음+장애인 화장실 확인 필요,,,,,,휠내비길(wheelnavi.kr) 음성안내 · 제주올레 오디오가이드(jejuolle.org) 코스별 음성해설,「탐나는수어」 앱 · 제주수어통역센터 여행수어 자료(jejudeaf.com),,,,차량+대중교통+도보,,,,,,,,,,,,2023-12,,,,,,,UNKNOWN,UNKNOWN,,,,,제주관광약자접근성안내센터(이지제주) · 한국관광공사 열린관광 · ㈜휴플 현장조사,2026-06,2024~2026,https://easyjeju.net,제주관광공사 「오감으로 즐기는 제주」(2023.12.22) · 한국관광공사 열린관광지 · 이지제주,"현재 무장애 정보는 이동(지체) 접근성 기준입니다. 시각·청각·발달 장애 정보는 확보 중이며, 열린관광 모두의여행(access.visitkorea.or.kr) 또는 이지제주(easyjeju.net)에서 확인하실 수 있습니다.",SURVEYED,,,v3,ROUTE_SURVEY,경로 상태 조사: 포장 마을길+차량 혼재 가능+휠체어 접근 부분가능,,,,Y,UNKNOWN,UNKNOWN,
ACC_P463,P463,PARTIAL,UNKNOWN,UNKNOWN,UNKNOWN,PARTIAL,PARTIAL,PARTIAL,UNKNOWN,Y,CONDITIONAL,CONDITIONAL,도로변 포장 산책로 — 경사·노면 미확인,경사/노면 확인 필요,도로변 야외 연못+포장 산책로 가능+휠체어 접근 부분가능,쉼터 있음+안내시설 있음+정자 있음+장애인 화장실 확인 필요,포장 산책로 이용 가능 / 경사·노면 세부 미확인,"도로변 연못을 따라 포장 산책로가 있습니다. 경사와 노면은 확인되지 않았습니다. 쉼터와 정자, 안내시설이 있고 장애인 화장실은 확인되지 않았습니다.",,,,휠내비길(wheelnavi.kr) 음성안내 · 제주올레 오디오가이드(jejuolle.org) 코스별 음성해설,「탐나는수어」 앱 · 제주수어통역센터 여행수어 자료(jejudeaf.com),,,,차량+대중교통+도보,,,,,,,,,,,,2023-12,,,,,,,UNKNOWN,UNKNOWN,,,,,제주관광약자접근성안내센터(이지제주) · 한국관광공사 열린관광 · ㈜휴플 현장조사,2026-06,2024~2026,https://easyjeju.net,제주관광공사 「오감으로 즐기는 제주」(2023.12.22) · 한국관광공사 열린관광지 · 이지제주,"현재 무장애 정보는 이동(지체) 접근성 기준입니다. 시각·청각·발달 장애 정보는 확보 중이며, 열린관광 모두의여행(access.visitkorea.or.kr) 또는 이지제주(easyjeju.net)에서 확인하실 수 있습니다.",SURVEYED,,,v3,ROUTE_SURVEY,경로 상태 조사: 도로변 야외 연못+포장 산책로 가능+휠체어 접근 부분가능,,,,Y,UNKNOWN,UNKNOWN,
ACC_P464,P464,FULL,FULL,UNKNOWN,UNKNOWN,FULL,FULL,FULL,FULL,Y,AVAILABLE,AVAILABLE,시설접근 기준 판정 — 활동참여 개별 근거 미확보,,포장도로+무단차 출입구+엘리베이터 있음+휠체어 접근 가능,장애인 주차장 있음+장애인 화장실 있음+엘리베이터 있음+자동문 있음+매표소 접근 가능,,,,,,휠내비길(wheelnavi.kr) 음성안내 · 제주올레 오디오가이드(jejuolle.org) 코스별 음성해설,「탐나는수어」 앱 · 제주수어통역센터 여행수어 자료(jejudeaf.com),,IN_VENUE,이용 동선에서 이용 가능,차량+대중교통,,,,,,,,,,,,2023-12,,,,,,,UNKNOWN,UNKNOWN,,,,,제주관광약자접근성안내센터(이지제주) · 한국관광공사 열린관광 · ㈜휴플 현장조사,2026-06,2024~2026,https://easyjeju.net · https://www.data.go.kr/data/15101897/openapi.do,제주관광공사 「오감으로 즐기는 제주」(2023.12.22) · 한국관광공사 열린관광지 · 이지제주,"현재 무장애 정보는 이동(지체) 접근성 기준입니다. 시각·청각·발달 장애 정보는 확보 중이며, 열린관광 모두의여행(access.visitkorea.or.kr) 또는 이지제주(easyjeju.net)에서 확인하실 수 있습니다.",SURVEYED,"[FIX65] 한국관광공사 무장애 API(detailWithTour2) — braileblock=점자블록 있음(출입문, 엘리베이터)_시각장애인 편의시설; helpdog=동반가능",FIX65: visualAccess UNKNOWN→FULL (KTO API),v3,ROUTE_SURVEY,경로 상태 조사: 포장도로+무단차 출입구+엘리베이터 있음+휠체어 접근 가능,,,,Y,UNKNOWN,UNKNOWN,
ACC_P465,P465,PARTIAL,UNKNOWN,UNKNOWN,UNKNOWN,PARTIAL,PARTIAL,PARTIAL,UNKNOWN,Y,CONDITIONAL,CONDITIONAL,포장 방파제 — 해안 안전 주의 구간,,포장 방파제/내항+해안 안전주의+휠체어 접근 부분가능,안내시설 있음+내항 접근 가능+장애인 화장실 확인 필요,포장 방파제와 내항 이용 가능 / 해안 가장자리 안전 주의,방파제와 내항이 포장되어 있어 이동하실 수 있습니다. 해안 가장자리는 안전에 주의가 필요합니다. 장애인 화장실은 확인되지 않았습니다.,,,,휠내비길(wheelnavi.kr) 음성안내 · 제주올레 오디오가이드(jejuolle.org) 코스별 음성해설,「탐나는수어」 앱 · 제주수어통역센터 여행수어 자료(jejudeaf.com),,,,차량+대중교통+도보,,,,,,,,,,,,2023-12,,,,,,,UNKNOWN,UNKNOWN,,,,,제주관광약자접근성안내센터(이지제주) · 한국관광공사 열린관광 · ㈜휴플 현장조사,2026-06,2024~2026,https://easyjeju.net,제주관광공사 「오감으로 즐기는 제주」(2023.12.22) · 한국관광공사 열린관광지 · 이지제주,"현재 무장애 정보는 이동(지체) 접근성 기준입니다. 시각·청각·발달 장애 정보는 확보 중이며, 열린관광 모두의여행(access.visitkorea.or.kr) 또는 이지제주(easyjeju.net)에서 확인하실 수 있습니다.",SURVEYED,,,v3,FACILITY_SURVEY,편의시설 조사: 안내시설 있음+내항 접근 가능+장애인 화장실 확인 필요,,,,Y,UNKNOWN,UNKNOWN,
ACC_P466,P466,NONE,UNKNOWN,UNKNOWN,UNKNOWN,NONE,NONE,NONE,UNKNOWN,N,UNAVAILABLE,UNAVAILABLE,주차장 등 진입부는 이용 가능 / 오름 등반로는 접근 불가,경사 있음,오름 산책로+비포장+타이어매트 일부+휠체어 접근 어려움,주차장 있음+안내시설 있음+안전로프 있음+동행보조 필요+장애인 화장실 확인 필요,,주차장까지는 차로 오실 수 있습니다. 병악의 오름 등반로는 비포장 자연 노면이라 휠체어로 이동하시기 어렵습니다. 장애인 화장실은 확인되지 않았습니다.,,,,휠내비길(wheelnavi.kr) 음성안내 · 제주올레 오디오가이드(jejuolle.org) 코스별 음성해설,「탐나는수어」 앱 · 제주수어통역센터 여행수어 자료(jejudeaf.com),,,,차량+도보,,,,,,,,,,,,2023-12,,,,,,,UNKNOWN,UNKNOWN,,,,,제주관광약자접근성안내센터(이지제주) · 한국관광공사 열린관광 · ㈜휴플 현장조사,2026-06,2024~2026,https://easyjeju.net,제주관광공사 「오감으로 즐기는 제주」(2023.12.22) · 한국관광공사 열린관광지 · 이지제주,"현재 무장애 정보는 이동(지체) 접근성 기준입니다. 시각·청각·발달 장애 정보는 확보 중이며, 열린관광 모두의여행(access.visitkorea.or.kr) 또는 이지제주(easyjeju.net)에서 확인하실 수 있습니다.",SURVEYED,[FIX89] 산·오름 사유 이관 — 조사 기록은 routeCondition·barrierFreeDetail 참조,,v3,ROUTE_SURVEY,경로 상태 조사: 오름 산책로+비포장+타이어매트 일부+휠체어 접근 어려움,,,,N,UNKNOWN,UNKNOWN,"시각장애인은 동행자와 함께라면 이용 가능할 수 있으나 안내 설비 정보가 없습니다. 청각장애인은 이동에 제약이 적을 것으로 보이나, 조난 시 연락 수단·안내 방송 여부가 확인되지 않았습니다"
ACC_P467,P467,NONE,UNKNOWN,UNKNOWN,UNKNOWN,NONE,NONE,NONE,UNKNOWN,Y,UNAVAILABLE,UNAVAILABLE,진입부 편의시설은 이용 가능 / 숲길 구간은 접근 불가,경사 가능,임도/숲길 트레일+장거리 3코스+비포장+휠체어 접근 어려움,주차장 있음+화장실 있음+안내시설 있음+쉼터 있음+동행보조 필요+장애인 화장실 확인 필요,,"삼다수숲길 지질트레일 3코스는 주차장과 화장실, 안내시설과 쉼터가 있습니다. 다만 임도와 숲길이 비포장으로 길게 이어지고 경사가 있어 휠체어로 이동하시기 어렵습니다. 장애인 화장실 여부는 확인이 필요합니다.",,,,휠내비길(wheelnavi.kr) 음성안내 · 제주올레 오디오가이드(jejuolle.org) 코스별 음성해설,「탐나는수어」 앱 · 제주수어통역센터 여행수어 자료(jejudeaf.com),,,,차량+대중교통+도보,,,,,,,,,,,,2023-12,,,,,,,UNKNOWN,UNKNOWN,,,,,제주관광약자접근성안내센터(이지제주) · 한국관광공사 열린관광 · ㈜휴플 현장조사,2026-06,2024~2026,https://easyjeju.net,제주관광공사 「오감으로 즐기는 제주」(2023.12.22) · 한국관광공사 열린관광지 · 이지제주,"현재 무장애 정보는 이동(지체) 접근성 기준입니다. 시각·청각·발달 장애 정보는 확보 중이며, 열린관광 모두의여행(access.visitkorea.or.kr) 또는 이지제주(easyjeju.net)에서 확인하실 수 있습니다.",SURVEYED,,[FIX90] 트레일 사유 이관 — 조사 기록은 routeCondition·barrierFreeDetail·slopeInfo 참조,v3,ROUTE_SURVEY,경로 상태 조사: 임도/숲길 트레일+장거리 3코스+비포장+휠체어 접근 어려움,,,,N,UNKNOWN,UNKNOWN,"시각장애인은 동행자와 함께라면 이용 가능할 수 있으나 안내 설비 정보가 없습니다. 청각장애인은 이동에 제약이 적을 것으로 보이나, 조난 시 연락 수단·안내 방송 여부가 확인되지 않았습니다"
ACC_P468,P468,FULL,PARTIAL,UNKNOWN,UNKNOWN,FULL,FULL,FULL,FULL,Y,AVAILABLE,AVAILABLE,시설접근 기준 판정 — 활동참여 개별 근거 미확보,,포장도로+출입구 턱 없음+자동문+엘리베이터 있음+휠체어 접근 가능,장애인 주차장 있음+장애인 화장실 있음+엘리베이터 있음+자동문 출입구+휠체어석 있음,,,,,,휠내비길(wheelnavi.kr) 음성안내 · 제주올레 오디오가이드(jejuolle.org) 코스별 음성해설,「탐나는수어」 앱 · 제주수어통역센터 여행수어 자료(jejudeaf.com),,IN_VENUE,이용 동선에서 이용 가능,차량+대중교통,,,,,,,,,,,,2023-12,,,,,,,UNKNOWN,UNKNOWN,,,,,제주관광약자접근성안내센터(이지제주) · 한국관광공사 열린관광 · ㈜휴플 현장조사,2026-06,2024~2026,https://easyjeju.net · https://www.data.go.kr/data/15101897/openapi.do,제주관광공사 「오감으로 즐기는 제주」(2023.12.22) · 한국관광공사 열린관광지 · 이지제주,"현재 무장애 정보는 이동(지체) 접근성 기준입니다. 시각·청각·발달 장애 정보는 확보 중이며, 열린관광 모두의여행(access.visitkorea.or.kr) 또는 이지제주(easyjeju.net)에서 확인하실 수 있습니다.",SURVEYED,[FIX65] 한국관광공사 무장애 API(detailWithTour2) — braileblock=점자블록 있음(주출입구)_시각장애인 편의시설,FIX65: visualAccess UNKNOWN→PARTIAL (KTO API),v3,ROUTE_SURVEY,경로 상태 조사: 포장도로+출입구 턱 없음+자동문+엘리베이터 있음+휠체어 접근 가능,,,,Y,UNKNOWN,UNKNOWN,
ACC_P469,P469,UNKNOWN,UNKNOWN,UNKNOWN,UNKNOWN,UNKNOWN,UNKNOWN,UNKNOWN,UNKNOWN,Y,UNKNOWN,UNKNOWN,,,추사유배길 도보 동선+야외 유적+접근성 확인필요,장애인 편의시설 확인 필요,,,,,,휠내비길(wheelnavi.kr) 음성안내 · 제주올레 오디오가이드(jejuolle.org) 코스별 음성해설,「탐나는수어」 앱 · 제주수어통역센터 여행수어 자료(jejudeaf.com),,,,차량+대중교통+도보,,,,,,,,,,,,2023-12,,,,,,,UNKNOWN,UNKNOWN,,,,,제주관광약자접근성안내센터(이지제주) · 한국관광공사 열린관광 · ㈜휴플 현장조사,2026-06,2024~2026,https://easyjeju.net,제주관광공사 「오감으로 즐기는 제주」(2023.12.22) · 한국관광공사 열린관광지 · 이지제주,"현재 무장애 정보는 이동(지체) 접근성 기준입니다. 시각·청각·발달 장애 정보는 확보 중이며, 열린관광 모두의여행(access.visitkorea.or.kr) 또는 이지제주(easyjeju.net)에서 확인하실 수 있습니다.",SURVEYED,,,v3,FACILITY_SURVEY,편의시설 조사: 장애인 편의시설 확인 필요,,,,Y,UNKNOWN,UNKNOWN,
ACC_P470,P470,UNKNOWN,UNKNOWN,UNKNOWN,UNKNOWN,UNKNOWN,UNKNOWN,UNKNOWN,UNKNOWN,N,UNKNOWN,UNKNOWN,,,추사유배길 도보 동선+야외 유적지+접근성 확인필요,장애인 편의시설 확인 필요,,,,,,휠내비길(wheelnavi.kr) 음성안내 · 제주올레 오디오가이드(jejuolle.org) 코스별 음성해설,「탐나는수어」 앱 · 제주수어통역센터 여행수어 자료(jejudeaf.com),,,,차량+도보,,,,,,,,,,,,2023-12,,,,,,,UNKNOWN,UNKNOWN,,,,,제주관광약자접근성안내센터(이지제주) · 한국관광공사 열린관광 · ㈜휴플 현장조사,2026-06,2024~2026,https://easyjeju.net,제주관광공사 「오감으로 즐기는 제주」(2023.12.22) · 한국관광공사 열린관광지 · 이지제주,"현재 무장애 정보는 이동(지체) 접근성 기준입니다. 시각·청각·발달 장애 정보는 확보 중이며, 열린관광 모두의여행(access.visitkorea.or.kr) 또는 이지제주(easyjeju.net)에서 확인하실 수 있습니다.",SURVEYED,,,v3,FACILITY_SURVEY,편의시설 조사: 장애인 편의시설 확인 필요,,,,Y,UNKNOWN,UNKNOWN,
ACC_P471,P471,PARTIAL,UNKNOWN,UNKNOWN,UNKNOWN,PARTIAL,FULL,FULL,FULL,Y,CONDITIONAL,CONDITIONAL,시설접근 기준 판정 — 활동참여 개별 근거 미확보,"내부 관람로 대체적으로 단차 및 경사없으며, 1층 일부 단차, 경사 구간 있으나 우회 가능합니다+1층 요철 및 경사 구간 있으나, 우회 가능합니다+주차장에서 주 출입구 접근로 보차구분이 되어 있으나, 보도 접근 시 낮은 단차 있습니다",포장도로+휠체어 접근 가능,경사로 있음+휠체어 대여 가능+유모차 대여 가능+장애인 주차장 있음+장애인 화장실 있음+엘리베이터 있음+매표소 접근 가능,"노면·단차 제약 — 조사문에 ""단차 및"" 명시",,,,,휠내비길(wheelnavi.kr) 음성안내 · 제주올레 오디오가이드(jejuolle.org) 코스별 음성해설,「탐나는수어」 앱 · 제주수어통역센터 여행수어 자료(jejudeaf.com),,IN_VENUE,이용 동선에서 이용 가능,차량+대중교통,NONE,Y,,,,,㈜휴플 자체 현장조사 (2024~2025),,,,,2023-12,,,,,,,UNKNOWN,UNKNOWN,,,,,제주관광약자접근성안내센터(이지제주) · 한국관광공사 열린관광 · ㈜휴플 현장조사,2026-06,2024~2026,https://easyjeju.net,제주관광공사 「오감으로 즐기는 제주」(2023.12.22) · 한국관광공사 열린관광지 · 이지제주,"현재 무장애 정보는 이동(지체) 접근성 기준입니다. 시각·청각·발달 장애 정보는 확보 중이며, 열린관광 모두의여행(access.visitkorea.or.kr) 또는 이지제주(easyjeju.net)에서 확인하실 수 있습니다.",VERIFIED,,FIX22: 논리검사 패턴 보완(요철·단차·노면불량),v3,FIELD_SURVEY,㈜휴플 자체 현장조사 / 경로: 포장도로+휠체어 접근 가능,,,,Y,UNKNOWN,UNKNOWN,
ACC_P472,P472,PARTIAL,UNKNOWN,UNKNOWN,UNKNOWN,PARTIAL,PARTIAL,PARTIAL,UNKNOWN,Y,CONDITIONAL,CONDITIONAL,"돌길과 계단 — 경사 7~10도, 노면 상태 불량",7~10도 경사 있음,돌길+계단 있음+길 상태 안 좋음,주변 주차장 있음+동행보조 필요+장애인 화장실 확인 필요,주차장 주변까지 이동 가능 / 돌길·계단 구간 노면 불량,정자로 오르는 길이 돌길과 계단이고 경사도 가파르며 노면 상태가 좋지 않아 동행이 필요합니다. 주변에 주차장이 있고 장애인 화장실은 확인되지 않았습니다.,,,,휠내비길(wheelnavi.kr) 음성안내 · 제주올레 오디오가이드(jejuolle.org) 코스별 음성해설,「탐나는수어」 앱 · 제주수어통역센터 여행수어 자료(jejudeaf.com),,,,차량+대중교통+도보,,,,,,,,,,,,2023-12,,,,,,,UNKNOWN,UNKNOWN,,,,,제주관광약자접근성안내센터(이지제주) · 한국관광공사 열린관광 · ㈜휴플 현장조사,2026-06,2024~2026,https://easyjeju.net,제주관광공사 「오감으로 즐기는 제주」(2023.12.22) · 한국관광공사 열린관광지 · 이지제주,"현재 무장애 정보는 이동(지체) 접근성 기준입니다. 시각·청각·발달 장애 정보는 확보 중이며, 열린관광 모두의여행(access.visitkorea.or.kr) 또는 이지제주(easyjeju.net)에서 확인하실 수 있습니다.",SURVEYED,,,v3,ROUTE_SURVEY,경로 상태 조사: 돌길+계단 있음+길 상태 안 좋음,,,,Y,UNKNOWN,UNKNOWN,
ACC_P473,P473,UNKNOWN,UNKNOWN,UNKNOWN,UNKNOWN,UNKNOWN,UNKNOWN,UNKNOWN,UNKNOWN,Y,UNKNOWN,UNKNOWN,,,실내 전시시설+2층 건물+접근성 확인필요,장애인 편의시설 확인 필요,,,,,,휠내비길(wheelnavi.kr) 음성안내 · 제주올레 오디오가이드(jejuolle.org) 코스별 음성해설,「탐나는수어」 앱 · 제주수어통역센터 여행수어 자료(jejudeaf.com),,,,차량+대중교통,,,,,,,,,,,,2023-12,,,,,,,UNKNOWN,UNKNOWN,,,,,제주관광약자접근성안내센터(이지제주) · 한국관광공사 열린관광 · ㈜휴플 현장조사,2026-06,2024~2026,https://easyjeju.net,제주관광공사 「오감으로 즐기는 제주」(2023.12.22) · 한국관광공사 열린관광지 · 이지제주,"현재 무장애 정보는 이동(지체) 접근성 기준입니다. 시각·청각·발달 장애 정보는 확보 중이며, 열린관광 모두의여행(access.visitkorea.or.kr) 또는 이지제주(easyjeju.net)에서 확인하실 수 있습니다.",SURVEYED,,,v3,FACILITY_SURVEY,편의시설 조사: 장애인 편의시설 확인 필요,,,,Y,UNKNOWN,UNKNOWN,
ACC_P474,P474,PARTIAL,FULL,UNKNOWN,UNKNOWN,PARTIAL,FULL,FULL,PARTIAL,Y,CONDITIONAL,CONDITIONAL,시설접근 기준 판정 — 활동참여 개별 근거 미확보,"내부 관람로 단차, 경사 없이 관람 가능하며, 유효 폭 적정합니다+내부 관람로 이동경로 단차, 경사 없으며, 유효 폭 적정합니다+2층 접근로 계단 있으며, 우회하여 승강기 이용 가능합니다",출입구 턱 없음+엘리베이터 있음+휠체어 접근 가능,장애인 주차장 있음+휠체어 대여 가능+유모차 대여 가능+엘리베이터 있음+장애인 화장실 부분가능,"노면·단차 제약 — 조사문에 ""단차,"" 명시",,,,,휠내비길(wheelnavi.kr) 음성안내 · 제주올레 오디오가이드(jejuolle.org) 코스별 음성해설,「탐나는수어」 앱 · 제주수어통역센터 여행수어 자료(jejudeaf.com),,IN_VENUE,이용 동선에서 이용 가능,차량+대중교통,,,,,,,,,,,,2023-12,,,,,,,UNKNOWN,UNKNOWN,,,,,제주관광약자접근성안내센터(이지제주) · 한국관광공사 열린관광 · ㈜휴플 현장조사,2026-06,2024~2026,https://easyjeju.net · https://www.data.go.kr/data/15101897/openapi.do,제주관광공사 「오감으로 즐기는 제주」(2023.12.22) · 한국관광공사 열린관광지 · 이지제주,"현재 무장애 정보는 이동(지체) 접근성 기준입니다. 시각·청각·발달 장애 정보는 확보 중이며, 열린관광 모두의여행(access.visitkorea.or.kr) 또는 이지제주(easyjeju.net)에서 확인하실 수 있습니다.",SURVEYED,[FIX65] 한국관광공사 무장애 API(detailWithTour2) — braileblock=점자블록 있음_시각장애인 편의시설; guidehuman=안내요원 있음,FIX22: 논리검사 패턴 보완(요철·단차·노면불량) | FIX65: visualAccess UNKNOWN→FULL (KTO API),v3,ROUTE_SURVEY,경로 상태 조사: 출입구 턱 없음+엘리베이터 있음+휠체어 접근 가능,,,,Y,UNKNOWN,UNKNOWN,
ACC_P475,P475,FULL,PARTIAL,UNKNOWN,UNKNOWN,FULL,FULL,FULL,FULL,Y,AVAILABLE,AVAILABLE,시설접근 기준 판정 — 활동참여 개별 근거 미확보,경사로 있음,포장도로+휠체어 접근 가능,경사로 있음+휠체어 대여 가능+유모차 대여 가능+장애인 주차장 있음+장애인 화장실 있음+매표소 접근 가능,,,,,,휠내비길(wheelnavi.kr) 음성안내 · 제주올레 오디오가이드(jejuolle.org) 코스별 음성해설,「탐나는수어」 앱 · 제주수어통역센터 여행수어 자료(jejudeaf.com),,IN_VENUE,이용 동선에서 이용 가능,차량+대중교통,NONE,Y,,,,,㈜휴플 자체 현장조사 (2024~2025),,,,,2023-12,,,,,,,UNKNOWN,UNKNOWN,,,,,제주관광약자접근성안내센터(이지제주) · 한국관광공사 열린관광 · ㈜휴플 현장조사,2026-06,2024~2026,https://easyjeju.net · https://www.data.go.kr/data/15101897/openapi.do,제주관광공사 「오감으로 즐기는 제주」(2023.12.22) · 한국관광공사 열린관광지 · 이지제주,"현재 무장애 정보는 이동(지체) 접근성 기준입니다. 시각·청각·발달 장애 정보는 확보 중이며, 열린관광 모두의여행(access.visitkorea.or.kr) 또는 이지제주(easyjeju.net)에서 확인하실 수 있습니다.",VERIFIED,[FIX65] 한국관광공사 무장애 API(detailWithTour2) — braileblock=점자블록 있음(관내에만)_시각장애인 편의시설,FIX65: visualAccess UNKNOWN→PARTIAL (KTO API),v3,FIELD_SURVEY,㈜휴플 자체 현장조사 / 경로: 포장도로+휠체어 접근 가능,,,,Y,UNKNOWN,UNKNOWN,
ACC_P476,P476,PARTIAL,UNKNOWN,UNKNOWN,UNKNOWN,PARTIAL,PARTIAL,PARTIAL,UNKNOWN,Y,CONDITIONAL,CONDITIONAL,"해변 주변 편의시설 이용 가능 / 몽돌·자연 노면으로 해변 진입 제약, 장애인 화장실 미확인",,몽돌해변+자연 노면+편의시설 있음+휠체어 접근 부분가능,편의시설 있음+장애인 화장실 확인 필요,경로 조사 — 몽돌해변과 자연 노면. 편의시설은 있으나 장애인 화장실은 확인 필요,편의시설이 갖춰져 있어 해변 주변까지는 가실 수 있습니다. 다만 몽돌해변이라 바퀴가 빠지고 주변 노면도 자연 그대로여서 해변 안으로 들어가시기는 어렵습니다. 장애인 화장실은 확인되지 않았습니다.,,,,휠내비길(wheelnavi.kr) 음성안내 · 제주올레 오디오가이드(jejuolle.org) 코스별 음성해설,「탐나는수어」 앱 · 제주수어통역센터 여행수어 자료(jejudeaf.com),,,,차량+대중교통+도보,,,,,,,,,,,,2023-12,,,,,,,UNKNOWN,UNKNOWN,,,,,제주관광약자접근성안내센터(이지제주) · 한국관광공사 열린관광 · ㈜휴플 현장조사,2026-06,2024~2026,https://easyjeju.net,제주관광공사 「오감으로 즐기는 제주」(2023.12.22) · 한국관광공사 열린관광지 · 이지제주,"현재 무장애 정보는 이동(지체) 접근성 기준입니다. 시각·청각·발달 장애 정보는 확보 중이며, 열린관광 모두의여행(access.visitkorea.or.kr) 또는 이지제주(easyjeju.net)에서 확인하실 수 있습니다.",SURVEYED,"[FIX86] 해양 유형 사유 이관 — 조사 기록은 routeCondition·barrierFreeDetail 참조. 잔여 확인 — 편의시설의 구체 내용, 장애인 화장실 유무",FIX86: 해양 유형 사유·안내문 신설,v3,FACILITY_SURVEY,편의시설 조사: 편의시설 있음+장애인 화장실 확인 필요,UNKNOWN,모래사장은 휠체어 바퀴가 빠져 이동이 어렵습니다. 진입로·데크 설치 여부가 확인되지 않았으니 방문 전 문의하시거나 해변용 휠체어 대여 가능 여부를 확인해 주세요,발이 닿는 깊이까지만 들어가시고 먼 바다 쪽으로는 나가지 말아 주세요. 파고가 2m를 넘거나 풍랑특보가 발효되면 입수를 삼가 주세요. 너울은 파도가 잔잔해 보여도 갑자기 밀려오니 갯바위와 방파제 위에는 올라가지 말아 주세요. 체감온도 33도가 넘는 날에는 한낮 물놀이를 피하고 그늘에서 자주 쉬어 주세요. 휠체어 이용자는 파도에 중심을 잃기 쉽고 스스로 빠져나오기 어려우니 반드시 동행자와 함께해 주세요.,Y,UNKNOWN,UNKNOWN,
ACC_P477,P477,UNKNOWN,UNKNOWN,UNKNOWN,UNKNOWN,UNKNOWN,UNKNOWN,UNKNOWN,UNKNOWN,Y,UNKNOWN,UNKNOWN,,,야외 기념물+접근성 확인필요,장애인 편의시설 확인 필요,,,,,,휠내비길(wheelnavi.kr) 음성안내 · 제주올레 오디오가이드(jejuolle.org) 코스별 음성해설,「탐나는수어」 앱 · 제주수어통역센터 여행수어 자료(jejudeaf.com),,,,차량+대중교통+도보,,,,,,,,,,,,2023-12,,,,,,,UNKNOWN,UNKNOWN,,,,,제주관광약자접근성안내센터(이지제주) · 한국관광공사 열린관광 · ㈜휴플 현장조사,2026-06,2024~2026,https://easyjeju.net,제주관광공사 「오감으로 즐기는 제주」(2023.12.22) · 한국관광공사 열린관광지 · 이지제주,"현재 무장애 정보는 이동(지체) 접근성 기준입니다. 시각·청각·발달 장애 정보는 확보 중이며, 열린관광 모두의여행(access.visitkorea.or.kr) 또는 이지제주(easyjeju.net)에서 확인하실 수 있습니다.",SURVEYED,,,v3,FACILITY_SURVEY,편의시설 조사: 장애인 편의시설 확인 필요,,,,Y,UNKNOWN,UNKNOWN,
ACC_P478,P478,PARTIAL,UNKNOWN,UNKNOWN,UNKNOWN,PARTIAL,PARTIAL,PARTIAL,PARTIAL,Y,CONDITIONAL,CONDITIONAL,포장 산책로는 이동 가능 / 입구·내리막 구간은 접근 제한,"계단 혹은 경사 있음+다리 끝 / 내리막구간: 접근성 정보 있음 (계단 혹은 경사 있음. 길 상태 안 좋음)
다리끝부터 내리막: 접근성 정보 있음 (계단 혹은 경사 있음. 길 상태 안 좋음)
비단교 입구: 접근성 정보 있음 (계단 혹은 경사 있음. 길 상태 안 좋음)
오르막구간: 접근성 정보 있음 (계단 혹은 경사 있음. 길 상태 안 좋음)",포장 산책로+일부 노면 불량,전동·수동 휠체어 이동 가능+유모차 접근 부분가능+주변 장애인 화장실 있음+동행보조 권장,포장 산책로는 전동·수동 휠체어 이동 가능. 입구와 내리막 구간에 계단·경사와 노면 불량 존재,금성비단교산책길은 포장 산책로라 전동·수동 휠체어로 이동하실 수 있습니다. 다만 비단교 입구와 다리 끝 내리막 구간에 계단이나 경사가 있고 노면이 고르지 않아 동행 도움을 권합니다. 장애인 화장실은 주변에 있으나 일부만 이용 가능합니다.,,,,휠내비길(wheelnavi.kr) 음성안내 · 제주올레 오디오가이드(jejuolle.org) 코스별 음성해설,「탐나는수어」 앱 · 제주수어통역센터 여행수어 자료(jejudeaf.com),,,이 관광지 안에는 장애인 화장실이 없습니다.,차량+대중교통+도보,,,,,,,,,,,,2023-12,,,,,,,UNKNOWN,UNKNOWN,,,,,제주관광약자접근성안내센터(이지제주) · 한국관광공사 열린관광 · ㈜휴플 현장조사,2026-06,2024~2026,https://easyjeju.net,제주관광공사 「오감으로 즐기는 제주」(2023.12.22) · 한국관광공사 열린관광지 · 이지제주,"현재 무장애 정보는 이동(지체) 접근성 기준입니다. 시각·청각·발달 장애 정보는 확보 중이며, 열린관광 모두의여행(access.visitkorea.or.kr) 또는 이지제주(easyjeju.net)에서 확인하실 수 있습니다.",SURVEYED,[FIX99] 조사기록에 「인근·주변에 장애인 화장실 있음」으로만 적혀 있고 시설명·거리가 특정되지 않아 이용자 안내에서는 제외함. 정확한 시설명과 거리 확인 필요.,[FIX90] 트레일 사유 이관 — 조사 기록은 routeCondition·barrierFreeDetail·slopeInfo 참조,v3,ROUTE_SURVEY,경로 상태 조사: 포장 산책로+일부 노면 불량,,,,Y,UNKNOWN,UNKNOWN,
ACC_P479,P479,PARTIAL,UNKNOWN,UNKNOWN,UNKNOWN,PARTIAL,PARTIAL,PARTIAL,FULL,Y,CONDITIONAL,CONDITIONAL,올레 8코스 휠체어 구간 종점 — 평지 포장 동선과 장애인 편의시설 이용 가능,일부 경사/차량 혼재 가능,포장도로+항구 주변 평지,장애인 주차장 있음+장애인 화장실 있음+포장 동선 일부 가능,제주올레 8코스 휠체어 구간(논짓물~대평포구 3.4km)의 종점. 포장도로에 항구 주변이 평지이며 장애인 주차구역·장애인 화장실 확보,제주올레 8코스의 휠체어 이용 구간이 끝나는 포구입니다. 논짓물에서 여기까지 약 3.4km가 휠체어 이용 구간입니다. 항구 주변이 평지이고 포장되어 있으며 장애인 주차구역과 장애인 화장실이 갖춰져 있습니다. 박수기정 절벽을 바라보기에도 좋은 자리입니다.,,,,휠내비길(wheelnavi.kr) 음성안내 · 제주올레 오디오가이드(jejuolle.org) 코스별 음성해설,「탐나는수어」 앱 · 제주수어통역센터 여행수어 자료(jejudeaf.com),,IN_VENUE,이용 동선에서 이용 가능,차량+대중교통+도보,,,,,,,,,,,,2023-12,,,,,,,UNKNOWN,UNKNOWN,,,,,제주관광약자접근성안내센터(이지제주) · 한국관광공사 열린관광 · ㈜휴플 현장조사,2026-06,2024~2026,https://easyjeju.net,제주관광공사 「오감으로 즐기는 제주」(2023.12.22) · 한국관광공사 열린관광지 · 이지제주,"현재 무장애 정보는 이동(지체) 접근성 기준입니다. 시각·청각·발달 장애 정보는 확보 중이며, 열린관광 모두의여행(access.visitkorea.or.kr) 또는 이지제주(easyjeju.net)에서 확인하실 수 있습니다.",SURVEYED,[FIX86] 제주올레 공식 휠체어 구간의 시·종점 — 코스 노드와 함께 갱신할 것 (P879 제주올레 8코스). P918 박수기정의 조망 지점이기도 함,FIX86: 해양 유형 사유·안내문 신설,v3,ROUTE_SURVEY,경로 상태 조사: 포장도로+항구 주변 평지,,,,Y,UNKNOWN,UNKNOWN,
ACC_P480,P480,PARTIAL,UNKNOWN,UNKNOWN,UNKNOWN,PARTIAL,PARTIAL,PARTIAL,FULL,Y,CONDITIONAL,CONDITIONAL,항구 주변 접근 가능 / 활동참여 조건부 — 승선·시설별 제한 존재,,포장도로+출입구 턱 없음 구간 있음+승선/시설별 제한 있음,장애인 주차장 있음+장애인 화장실 있음+일부 시설 휠체어 접근 가능+승선 제한 있음,"포장도로·출입구 턱 없는 구간 있음, 장애인 화장실 보유로 항구 주변 접근 양호. 승선 및 일부 시설은 개별 제한 존재","포장도로와 턱이 없는 구간이 있어 항구 주변을 둘러보시기 좋고, 장애인 화장실도 갖춰져 있습니다. 다만 유람선 승선이나 일부 시설은 제한이 있을 수 있으니 이용 전에 확인해 주세요.",,,,휠내비길(wheelnavi.kr) 음성안내 · 제주올레 오디오가이드(jejuolle.org) 코스별 음성해설,「탐나는수어」 앱 · 제주수어통역센터 여행수어 자료(jejudeaf.com),,IN_VENUE,이용 동선에서 이용 가능,차량+대중교통,,,,,,,,,,,,2023-12,,,,,,,UNKNOWN,UNKNOWN,,,,,제주관광약자접근성안내센터(이지제주) · 한국관광공사 열린관광 · ㈜휴플 현장조사,2026-06,2024~2026,https://easyjeju.net,제주관광공사 「오감으로 즐기는 제주」(2023.12.22) · 한국관광공사 열린관광지 · 이지제주,"현재 무장애 정보는 이동(지체) 접근성 기준입니다. 시각·청각·발달 장애 정보는 확보 중이며, 열린관광 모두의여행(access.visitkorea.or.kr) 또는 이지제주(easyjeju.net)에서 확인하실 수 있습니다.",SURVEYED,,FIX79: evidenceDetail의 승선·시설 제한을 partialReason으로 이관,v3,ROUTE_SURVEY,경로 상태 조사: 포장도로+출입구 턱 없음 구간 있음+승선/시설별 제한 있음,,,,Y,UNKNOWN,UNKNOWN,
ACC_P481,P481,PARTIAL,UNKNOWN,UNKNOWN,UNKNOWN,PARTIAL,PARTIAL,FULL,UNKNOWN,Y,AVAILABLE,AVAILABLE,포장 접근로·주출입구 단차 없음 / 장애인 전용 시설 미확인,,포장 접근로+주출입구 단차 없음+휠체어 접근 가능,주출입 접근로 휠체어 접근 가능+출입통로 단차 없음+장애인 화장실 확인 필요,"경로 조사 — 포장 접근로, 주출입구 단차 없음. 주차장·화장실·안내시설 확보, 장애인 전용 여부는 미확인","포장된 접근로가 있고 주출입구에 단차가 없어 들어가시는 데 어려움이 없습니다. 주차장과 화장실, 안내시설이 있습니다. 장애인 전용 주차구역과 장애인 화장실이 따로 있는지는 확인되지 않았습니다.",,,,휠내비길(wheelnavi.kr) 음성안내 · 제주올레 오디오가이드(jejuolle.org) 코스별 음성해설,「탐나는수어」 앱 · 제주수어통역센터 여행수어 자료(jejudeaf.com),,,,차량+대중교통,,,,,,,,,,,,2023-12,,,,,,,UNKNOWN,UNKNOWN,,,,,제주관광약자접근성안내센터(이지제주) · 한국관광공사 열린관광 · ㈜휴플 현장조사,2026-06,2024~2026,https://easyjeju.net,제주관광공사 「오감으로 즐기는 제주」(2023.12.22) · 한국관광공사 열린관광지 · 이지제주,"현재 무장애 정보는 이동(지체) 접근성 기준입니다. 시각·청각·발달 장애 정보는 확보 중이며, 열린관광 모두의여행(access.visitkorea.or.kr) 또는 이지제주(easyjeju.net)에서 확인하실 수 있습니다.",SURVEYED,"[FIX85] 잔여 확인 — 장애인 주차구역·장애인 화장실 유무, 실내 관람 동선",FIX85: 이용자 안내문 신설 — 내부 표기 사유 제거,v3,ROUTE_SURVEY,경로 상태 조사: 포장 접근로+주출입구 단차 없음+휠체어 접근 가능,,,,Y,UNKNOWN,UNKNOWN,
ACC_P482,P482,PARTIAL,UNKNOWN,UNKNOWN,UNKNOWN,PARTIAL,FULL,FULL,NONE,Y,AVAILABLE,AVAILABLE,출입구 단차 없어 진입 가능 / 전용 주차구역·전용 화장실 없음,,포장도로+출입구 단차 없음+전용주차/화장실 없음,출입구 단차 없음+장애인 화장실 없음+주차장 없음,"경로 조사 — 포장 접근로, 출입구 단차 없음. 다만 전용 주차구역과 전용 화장실은 없음",포장된 길로 이어지고 출입구에 단차가 없어 들어가시는 데 어려움이 없습니다. 다만 장애인 전용 주차구역과 장애인 화장실은 없습니다. 오래 머무실 계획이라면 이 점을 감안해 주세요.,,,,휠내비길(wheelnavi.kr) 음성안내 · 제주올레 오디오가이드(jejuolle.org) 코스별 음성해설,「탐나는수어」 앱 · 제주수어통역센터 여행수어 자료(jejudeaf.com),,,,차량+대중교통,,,,,,,,,,,,2023-12,,,,,,,UNKNOWN,UNKNOWN,,,,,제주관광약자접근성안내센터(이지제주) · 한국관광공사 열린관광 · ㈜휴플 현장조사,2026-06,2024~2026,https://easyjeju.net,제주관광공사 「오감으로 즐기는 제주」(2023.12.22) · 한국관광공사 열린관광지 · 이지제주,"현재 무장애 정보는 이동(지체) 접근성 기준입니다. 시각·청각·발달 장애 정보는 확보 중이며, 열린관광 모두의여행(access.visitkorea.or.kr) 또는 이지제주(easyjeju.net)에서 확인하실 수 있습니다.",SURVEYED,[FIX85] 전용 주차구역·전용 화장실 부재가 조사에 명시됨 — 미확인이 아니라 없음,FIX85: 이용자 안내문 신설 — 내부 표기 사유 제거,v3,ROUTE_SURVEY,경로 상태 조사: 포장도로+출입구 단차 없음+전용주차/화장실 없음,,,,Y,UNKNOWN,UNKNOWN,
ACC_P483,P483,PARTIAL,UNKNOWN,UNKNOWN,UNKNOWN,PARTIAL,PARTIAL,PARTIAL,UNKNOWN,N,CONDITIONAL,CONDITIONAL,시설접근 기준 판정 — 활동참여 개별 근거 미확보,경사 있음,오름 산책로+일부 계단 있음+차량/동행보조 필요,휠체어 산책로 일부 가능+장애인 차량 일부 접근 가능+동행보조 필요+장애인 화장실 확인 필요,여객선에 오르내릴 때 높이 차가 있고 선내에 계단이 있음. 섬 안의 이동 수단은 별도 확인이 필요함,,,,,휠내비길(wheelnavi.kr) 음성안내 · 제주올레 오디오가이드(jejuolle.org) 코스별 음성해설,「탐나는수어」 앱 · 제주수어통역센터 여행수어 자료(jejudeaf.com),,,,차량+도보,,,,,,,,,,,,2023-12,FERRY_BOARDING,여객선 승하선 제약 · 풍랑 시 결항 가능,,,,,UNKNOWN,UNKNOWN,,,,,제주관광약자접근성안내센터(이지제주) · 한국관광공사 열린관광 · ㈜휴플 현장조사,2026-06,2024~2026,https://easyjeju.net,제주관광공사 「오감으로 즐기는 제주」(2023.12.22) · 한국관광공사 열린관광지 · 이지제주,"현재 무장애 정보는 이동(지체) 접근성 기준입니다. 시각·청각·발달 장애 정보는 확보 중이며, 열린관광 모두의여행(access.visitkorea.or.kr) 또는 이지제주(easyjeju.net)에서 확인하실 수 있습니다.",SURVEYED,,,v3,ROUTE_SURVEY,경로 상태 조사: 오름 산책로+일부 계단 있음+차량/동행보조 필요,,,,Y,UNKNOWN,UNKNOWN,
ACC_P484,P484,PARTIAL,UNKNOWN,UNKNOWN,UNKNOWN,PARTIAL,PARTIAL,PARTIAL,UNKNOWN,N,CONDITIONAL,CONDITIONAL,"올레 6코스 해안길 — 자연 노면, 계단·바위 구간",,올레6코스 해안길+자연 노면+계단/바위 구간 가능,해안 산책로 일부 접근 가능+동행보조 필요+장애인 화장실 확인 필요,해안 산책로 일부 이용 가능 / 소천지 진입은 계단·바위,"올레 6코스가 지나는 해안길로 산책로 일부는 이동하실 수 있고, 소천지 가까이는 자연 노면에 계단과 바위 구간이 있어 동행이 필요합니다. 장애인 화장실은 확인되지 않았습니다. 500m 안에 대중교통 정류장은 없습니다.",,,,휠내비길(wheelnavi.kr) 음성안내 · 제주올레 오디오가이드(jejuolle.org) 코스별 음성해설,「탐나는수어」 앱 · 제주수어통역센터 여행수어 자료(jejudeaf.com),,,,차량+도보,,,,,,,,,,,,2023-12,,,,,,,UNKNOWN,UNKNOWN,,,,,제주관광약자접근성안내센터(이지제주) · 한국관광공사 열린관광 · ㈜휴플 현장조사,2026-06,2024~2026,https://easyjeju.net,제주관광공사 「오감으로 즐기는 제주」(2023.12.22) · 한국관광공사 열린관광지 · 이지제주,"현재 무장애 정보는 이동(지체) 접근성 기준입니다. 시각·청각·발달 장애 정보는 확보 중이며, 열린관광 모두의여행(access.visitkorea.or.kr) 또는 이지제주(easyjeju.net)에서 확인하실 수 있습니다.",SURVEYED,,,v3,ROUTE_SURVEY,경로 상태 조사: 올레6코스 해안길+자연 노면+계단/바위 구간 가능,,,,Y,UNKNOWN,UNKNOWN,
ACC_P485,P485,PARTIAL,UNKNOWN,UNKNOWN,UNKNOWN,PARTIAL,PARTIAL,PARTIAL,PARTIAL,Y,CONDITIONAL,CONDITIONAL,휠체어 올레 구간은 이동 가능 / 7~10도 급경사 구간은 동행 도움 필요,급경사/7~10도 경사 있음,시멘트 포장 해안길+파도 주의,휠체어 올레길+동행보조 필요+장애인 화장실 일부 있음+일부 화장실 접근 어려움,시멘트 포장 휠체어 올레 구간이 확보되어 있음. 가파른 경사와 파도 영향이 있음,"엉알해안산책로는 시멘트로 포장된 휠체어 올레 구간이라 이동하실 수 있습니다. 다만 경사가 가팔라 동행 도움이 필요하고, 파도가 높을 때는 주의하셔야 합니다. 장애인 화장실은 일부 있으나 접근이 어려운 곳도 있습니다.",,,,휠내비길(wheelnavi.kr) 음성안내 · 제주올레 오디오가이드(jejuolle.org) 코스별 음성해설,「탐나는수어」 앱 · 제주수어통역센터 여행수어 자료(jejudeaf.com),,IN_VENUE,이용 동선에서 이용 가능,차량+대중교통+도보,,,,,,,,,,,,2023-12,,,,,,,UNKNOWN,UNKNOWN,,,,,제주관광약자접근성안내센터(이지제주) · 한국관광공사 열린관광 · ㈜휴플 현장조사,2026-06,2024~2026,https://easyjeju.net,제주관광공사 「오감으로 즐기는 제주」(2023.12.22) · 한국관광공사 열린관광지 · 이지제주,"현재 무장애 정보는 이동(지체) 접근성 기준입니다. 시각·청각·발달 장애 정보는 확보 중이며, 열린관광 모두의여행(access.visitkorea.or.kr) 또는 이지제주(easyjeju.net)에서 확인하실 수 있습니다.",SURVEYED,,[FIX90] 트레일 사유 이관 — 조사 기록은 routeCondition·barrierFreeDetail·slopeInfo 참조,v3,ROUTE_SURVEY,경로 상태 조사: 시멘트 포장 해안길+파도 주의,,,,Y,UNKNOWN,UNKNOWN,
ACC_P486,P486,PARTIAL,UNKNOWN,UNKNOWN,UNKNOWN,PARTIAL,PARTIAL,PARTIAL,UNKNOWN,N,CONDITIONAL,CONDITIONAL,현장 접근 조건부 / 도달 접근사슬 미확보 — 섬 내부는 부분 이용 가능하나 여객선 승하선 안전이 확인되지 않음,경사 있음,오름 산책로+일부 계단 있음+장애인 차량 일부 접근,휠체어 산책로 일부 가능+장애인 차량 일부 접근 가능+동행보조 필요+장애인 화장실 확인 필요,주차장까지는 차량 접근이 가능하나 그 이후 정상·등대 구간은 가파른 오르막. 하부 접근과 정상 접근을 구분해서 보셔야 함. 우도 진입에 여객선 승하선 조건이 별도로 걸림,"주차장까지는 차량 접근이 가능하나 그 이후 정상·등대 구간은 가파른 오르막입니다. 하부 접근과 정상 접근을 구분해 주세요. 우도까지 여객선 이용이 필수입니다. 전동휠체어 이용자가 성산항에서 우도행 도항선에 승선한 실제 사례가 있고 교통약자 차량도 선적할 수 있으나, 승하선 시 관계자 지원이 필요할 수 있고 선박별 경사판 기울기·폭, 선내 휠체어 고정공간, 여객실 접근, 비상대피 지원이 공식적으로 확인되지 않았습니다. 조위·기상·혼잡도에 따라 승하선 조건이 달라지니 출발 전 선사에 승선 가능 여부와 지원 인력을 확인해 주세요. 우도 순환버스는 저상버스가 아니어서 휠체어로는 이용하실 수 없습니다",,,,휠내비길(wheelnavi.kr) 음성안내 · 제주올레 오디오가이드(jejuolle.org) 코스별 음성해설,「탐나는수어」 앱 · 제주수어통역센터 여행수어 자료(jejudeaf.com),,,,차량+도보,,,,,,,,,,,,2023-12,FERRY_BOARDING,여객선 승하선 제약 · 풍랑 시 결항 가능,,,,,UNKNOWN,UNKNOWN,,,,,제주관광약자접근성안내센터(이지제주) · 한국관광공사 열린관광 · ㈜휴플 현장조사,2026-06,2024~2026,https://easyjeju.net,제주관광공사 「오감으로 즐기는 제주」(2023.12.22) · 한국관광공사 열린관광지 · 이지제주,"현재 무장애 정보는 이동(지체) 접근성 기준입니다. 시각·청각·발달 장애 정보는 확보 중이며, 열린관광 모두의여행(access.visitkorea.or.kr) 또는 이지제주(easyjeju.net)에서 확인하실 수 있습니다.",SURVEYED,"FIX51: 접근사슬 판정 — wheelchairAccess 는 섬 도착 이후 현장 접근성, recommendForMobility 는 본섬 출발부터 핵심 활동까지의 종단 간 도달 가능성을 뜻합니다. 필수 여객선의 안전한 승하선이 공식 확인되지 않아 게이트만 N 으로 내리고 현장 등급은 보존합니다. 근거: 2023-05 전동휠체어 이용자 성산항→하우목동항 승선 기록(전윤선 무장애여행), 2025-08 차량 선적 보도. 선사 공식 장애인 승선정책 원문은 미발견 ※ [FIX83] 접근사슬 판정 — 현장 등급 보존, 진입 관문만 하향 (FIX51)",FIX51: 게이트 Y→N (접근사슬) | FIX83: 이용자 사유 필드에서 내부 표기 제거,v3,ROUTE_SURVEY,경로 상태 조사: 오름 산책로+일부 계단 있음+장애인 차량 일부 접근,,,,N,UNKNOWN,UNKNOWN,
ACC_P487,P487,PARTIAL,UNKNOWN,UNKNOWN,UNKNOWN,PARTIAL,PARTIAL,PARTIAL,FULL,Y,CONDITIONAL,CONDITIONAL,포장 산책로는 이동 가능 / 계단·모래 구간과 급경사는 접근 제한,6~17도 경사 있음,포장 산책로+야자매트/판석길+계단 있음+모래 노면 있음,장애인 주차장 있음+장애인 화장실 있음+휠체어 이용 추천+동행보조 필요+일부 화장실 턱 있음,조사에서 휠체어 이용을 권한 구간. 계단·모래 노면과 매우 가파른 경사 구간이 있음,"이호-내도 해안도로는 조사에서 휠체어 이용을 권한 구간이고, 장애인 주차구역과 장애인 화장실이 있습니다. 포장 산책로와 야자매트, 판석길로 이어집니다. 다만 계단과 모래 노면이 있는 곳이 있고 매우 가파른 경사 구간이 있어 동행 도움이 필요합니다. 일부 화장실에는 턱이 있습니다.",,,,휠내비길(wheelnavi.kr) 음성안내 · 제주올레 오디오가이드(jejuolle.org) 코스별 음성해설,「탐나는수어」 앱 · 제주수어통역센터 여행수어 자료(jejudeaf.com),,IN_VENUE,이용 동선에서 이용 가능,차량+대중교통+도보,,,,,,,,,,,,2023-12,,,,,,,UNKNOWN,UNKNOWN,,,,,제주관광약자접근성안내센터(이지제주) · 한국관광공사 열린관광 · ㈜휴플 현장조사,2026-06,2024~2026,https://easyjeju.net,제주관광공사 「오감으로 즐기는 제주」(2023.12.22) · 한국관광공사 열린관광지 · 이지제주,"현재 무장애 정보는 이동(지체) 접근성 기준입니다. 시각·청각·발달 장애 정보는 확보 중이며, 열린관광 모두의여행(access.visitkorea.or.kr) 또는 이지제주(easyjeju.net)에서 확인하실 수 있습니다.",SURVEYED,,[FIX90] 트레일 사유 이관 — 조사 기록은 routeCondition·barrierFreeDetail·slopeInfo 참조,v3,ROUTE_SURVEY,경로 상태 조사: 포장 산책로+야자매트/판석길+계단 있음+모래 노면 있음,,,,Y,UNKNOWN,UNKNOWN,
ACC_P488,P488,PARTIAL,PARTIAL,UNKNOWN,UNKNOWN,PARTIAL,PARTIAL,PARTIAL,PARTIAL,N,CONDITIONAL,CONDITIONAL,시설접근 기준 판정 — 활동참여 개별 근거 미확보,3~8도 경사 있음,포장 해안도로+보차도 구분 없음+차량 주의,휠체어 구간 있음+장애인 화장실 일부 있음+화장실 잠금장치 고장 정보 있음+동행보조 권장,,휠체어로 이용하실 수 있는 구간은 쇠소깍에서 보목포구까지 2.3km입니다. 오르막이 여러 군데 있습니다. 430m 지점부터는 차도와 나뉘어 있지 않아 차량을 살펴 주세요. 보목어촌 화장실은 잠금장치가 고장 나 있습니다.,"올레 휠체어 구간(쇠소깍~보목포구, 2.6km, 난이도 중): 경사 4-8도 오르막 다수. 430m 지점부터 보차구분 없음. 보목어촌 화장실 잠금장치 고장",제주올레 오디오가이드 전 코스 제공(코스별 음성 설명),,제주올레 오디오가이드(jejuolle.org) + 휠내비길,「탐나는수어」 앱 · 제주수어통역센터 여행수어 자료(jejudeaf.com),,IN_VENUE,이용 동선에서 이용 가능,차량+도보,,,,,,,,,,,,2023-12,,,쇠소깍~보목포구,2.3km,MEDIUM,경사 4-8도 오르막 다수. 430m 지점부터 보차구분 없음. 보목어촌 화장실 잠금장치 고장,N,Y,시작점 180m 장애인화장실(잠금장치 고장),,,,"이지제주올레(제주올레×관광약자접근성안내센터, 재발행 2022.07) 휠체어 구간 조사",2022-07,,jejuolle.org / easyjeju.net,제주관광공사 「오감으로 즐기는 제주」(2023.12.22) · 한국관광공사 열린관광지 · 이지제주,"현재 무장애 정보는 이동(지체) 접근성 기준입니다. 시각·청각·발달 장애 정보는 확보 중이며, 열린관광 모두의여행(access.visitkorea.or.kr) 또는 이지제주(easyjeju.net)에서 확인하실 수 있습니다.",VERIFIED,"검증완료(2026-07) — 이지제주올레 휠체어 구간 조사 대조 ※ FIX49: 제주올레 공식 「휠체어 가능여부」 박스 — 난이도 ★★☆, 구간거리 2.3km / 쇠소깍 ~ 보목포구, 시작점 서귀포시 하효동 999. 이지제주올레(2022.07) 발간물은 3.3km 로 기재 — 공식 현행을 우선함 ※ FIX50: 제주올레 공식 코스페이지 「휠체어 가능여부」 전수 확인(2026-08) — 난이도 중, 구간거리 2.3km / 쇠소깍~보목포구, 시작점 서귀포시 하효동 999. 코스 총 길이 10.1km. 이지제주올레(2022.07) 발간물과 다를 경우 공식 현행을 우선함",nan | FIX24: 올레 휠체어 구간 실측 반영 | FIX41: 구간거리 2.6km→3.3km (원본 대조) | FIX49: 3.3km→2.3km (공식 현행 우선) | FIX50: 공식 휠체어 박스 전수 반영,v3,PUBLICATION,,,,,Y,Y,UNKNOWN,
ACC_P489,P489,PARTIAL,UNKNOWN,UNKNOWN,UNKNOWN,PARTIAL,PARTIAL,PARTIAL,UNKNOWN,Y,CONDITIONAL,CONDITIONAL,"포장 포구길 이용 가능 / 방파제 주변 자연 노면, 장애인 편의시설 미확인",,포장도로+포구/방파제 주변+일부 자연 노면·암석/토사 구간 가능,주변 산책길 접근성 자료 있음+장애인 편의시설 확인 필요,경로 조사 — 포장도로로 포구 접근 가능. 방파제 주변에 자연 노면과 암석·토사 구간이 있을 수 있음. 장애인 편의시설 확인 필요,포장도로로 포구까지 가실 수 있고 주변 산책길 자료도 있습니다. 다만 방파제 주변은 자연 그대로의 노면이나 돌·흙 구간이 있을 수 있습니다. 장애인 편의시설은 확인되지 않았으니 미리 알아보시는 편이 좋습니다.,,,,휠내비길(wheelnavi.kr) 음성안내 · 제주올레 오디오가이드(jejuolle.org) 코스별 음성해설,「탐나는수어」 앱 · 제주수어통역센터 여행수어 자료(jejudeaf.com),,,,차량+대중교통+도보,,,,,,,,,,,,2023-12,,,,,,,UNKNOWN,UNKNOWN,,,,,제주관광약자접근성안내센터(이지제주) · 한국관광공사 열린관광 · ㈜휴플 현장조사,2026-06,2024~2026,https://easyjeju.net,제주관광공사 「오감으로 즐기는 제주」(2023.12.22) · 한국관광공사 열린관광지 · 이지제주,"현재 무장애 정보는 이동(지체) 접근성 기준입니다. 시각·청각·발달 장애 정보는 확보 중이며, 열린관광 모두의여행(access.visitkorea.or.kr) 또는 이지제주(easyjeju.net)에서 확인하실 수 있습니다.",SURVEYED,[FIX86] 해양 유형 사유 이관 — 조사 기록은 routeCondition·barrierFreeDetail 참조. 잔여 확인 — 장애인 주차구역·장애인 화장실 유무,FIX86: 해양 유형 사유·안내문 신설,v3,FACILITY_SURVEY,편의시설 조사: 주변 산책길 접근성 자료 있음+장애인 편의시설 확인 필요,,,,Y,UNKNOWN,UNKNOWN,
ACC_P490,P490,PARTIAL,UNKNOWN,UNKNOWN,UNKNOWN,PARTIAL,PARTIAL,PARTIAL,FULL,Y,CONDITIONAL,CONDITIONAL,포장 해안길과 장애인 편의시설 이용 가능 — 조사 추천 지점 / 3cm 단차·노면 패임,일부 7~10도 경사 있음,포장 해안길+단차 3cm+노면 패임,장애인 주차장 있음+장애인 화장실 있음+휠체어 이용 추천+동행보조 권장,"경로 조사 — 포장 해안길, 장애인 주차구역·장애인 화장실 확보. 단차 3cm와 노면 패임이 있어 동행 보조 권장. 조사에서 휠체어 이용을 추천한 지점","해안길이 포장되어 있고 장애인 주차구역과 장애인 화장실이 갖춰져 있어, 조사에서 휠체어 이용을 권한 곳입니다. 다만 3cm 정도의 단차와 노면이 파인 곳이 있어 동행하시는 분이 계시면 한결 수월합니다.",,,,휠내비길(wheelnavi.kr) 음성안내 · 제주올레 오디오가이드(jejuolle.org) 코스별 음성해설,「탐나는수어」 앱 · 제주수어통역센터 여행수어 자료(jejudeaf.com),,IN_VENUE,이용 동선에서 이용 가능,차량+대중교통+도보,,,,,,,,,,,,2023-12,,,,,,,UNKNOWN,UNKNOWN,,,,,제주관광약자접근성안내센터(이지제주) · 한국관광공사 열린관광 · ㈜휴플 현장조사,2026-06,2024~2026,https://easyjeju.net,제주관광공사 「오감으로 즐기는 제주」(2023.12.22) · 한국관광공사 열린관광지 · 이지제주,"현재 무장애 정보는 이동(지체) 접근성 기준입니다. 시각·청각·발달 장애 정보는 확보 중이며, 열린관광 모두의여행(access.visitkorea.or.kr) 또는 이지제주(easyjeju.net)에서 확인하실 수 있습니다.",SURVEYED,[FIX86] 해양 유형 사유 이관 — 조사 기록은 routeCondition·barrierFreeDetail 참조. 조사에 '휠체어 이용 추천' 명시 — 등급 상향 검토 대상,FIX86: 해양 유형 사유·안내문 신설,v3,ROUTE_SURVEY,경로 상태 조사: 포장 해안길+단차 3cm+노면 패임,,,,Y,UNKNOWN,UNKNOWN,
ACC_P491,P491,NONE,UNKNOWN,UNKNOWN,UNKNOWN,NONE,NONE,PARTIAL,UNKNOWN,Y,UNAVAILABLE,UNAVAILABLE,주차장 등 진입부는 이용 가능 / 오름 등반로는 접근 불가,경사 있음,오름 산책로+긴 계단 있음,계단 탐방로+장애인 편의시설 확인 필요,,베릿네오름의 오름 등반로는 계단이라 휠체어로 이동하시기 어렵습니다. 장애인 화장실은 확인되지 않았습니다.,,,,휠내비길(wheelnavi.kr) 음성안내 · 제주올레 오디오가이드(jejuolle.org) 코스별 음성해설,「탐나는수어」 앱 · 제주수어통역센터 여행수어 자료(jejudeaf.com),,,,차량+대중교통+도보,,,,,,,,,,,,2023-12,,,,,,,UNKNOWN,UNKNOWN,,,,,제주관광약자접근성안내센터(이지제주) · 한국관광공사 열린관광 · ㈜휴플 현장조사,2026-06,2024~2026,https://easyjeju.net,제주관광공사 「오감으로 즐기는 제주」(2023.12.22) · 한국관광공사 열린관광지 · 이지제주,"현재 무장애 정보는 이동(지체) 접근성 기준입니다. 시각·청각·발달 장애 정보는 확보 중이며, 열린관광 모두의여행(access.visitkorea.or.kr) 또는 이지제주(easyjeju.net)에서 확인하실 수 있습니다.",SURVEYED,[FIX89] 산·오름 사유 이관 — 조사 기록은 routeCondition·barrierFreeDetail 참조,,v3,ROUTE_SURVEY,경로 상태 조사: 오름 산책로+긴 계단 있음,,,,N,UNKNOWN,UNKNOWN,"시각장애인은 동행자와 함께라면 이용 가능할 수 있으나 안내 설비 정보가 없습니다. 청각장애인은 이동에 제약이 적을 것으로 보이나, 조난 시 연락 수단·안내 방송 여부가 확인되지 않았습니다"
ACC_P492,P492,PARTIAL,UNKNOWN,UNKNOWN,UNKNOWN,PARTIAL,PARTIAL,PARTIAL,FULL,Y,CONDITIONAL,CONDITIONAL,"마을길 포장 — 입구 경사 12도, 방지턱 구간",일부 4~6도 내리막+12도 입구 경사,마을길+방지턱 있음+차량 주의,휠체어 이용 추천+동행보조 권장+장애인 화장실 있음,마을길은 이용 가능. 입구 경사가 가파르고 방지턱이 있음,마을길을 따라 이동하실 수 있습니다. 입구 경사가 가파르고 일부 내리막과 방지턱이 있습니다. 차량이 다니니 주의가 필요하고 동행이 있으면 수월합니다. 장애인 화장실이 있습니다.,,,,휠내비길(wheelnavi.kr) 음성안내 · 제주올레 오디오가이드(jejuolle.org) 코스별 음성해설,「탐나는수어」 앱 · 제주수어통역센터 여행수어 자료(jejudeaf.com),,IN_VENUE,이용 동선에서 이용 가능,차량+대중교통+도보,,,,,,,,,,,,2023-12,,,,,,,UNKNOWN,UNKNOWN,,,,,제주관광약자접근성안내센터(이지제주) · 한국관광공사 열린관광 · ㈜휴플 현장조사,2026-06,2024~2026,https://easyjeju.net,제주관광공사 「오감으로 즐기는 제주」(2023.12.22) · 한국관광공사 열린관광지 · 이지제주,"현재 무장애 정보는 이동(지체) 접근성 기준입니다. 시각·청각·발달 장애 정보는 확보 중이며, 열린관광 모두의여행(access.visitkorea.or.kr) 또는 이지제주(easyjeju.net)에서 확인하실 수 있습니다.",SURVEYED,,,v3,ROUTE_SURVEY,경로 상태 조사: 마을길+방지턱 있음+차량 주의,,,,Y,UNKNOWN,UNKNOWN,
ACC_P493,P493,PARTIAL,UNKNOWN,UNKNOWN,UNKNOWN,PARTIAL,PARTIAL,PARTIAL,FULL,N,CONDITIONAL,CONDITIONAL,무장애 구간과 포장 자전거도로는 이동 가능 / 단차·계단 구간은 접근 제한,10도 경사,포장 자전거도로/시멘트길+폭 120cm+차량 주의+단차 8cm+계단 17개,무장애 코스 일부 있음+장애인 화장실 있음+일부 계단/노면 불량+동행보조 권장,무장애 코스가 일부 확보되어 있고 통행 폭은 120cm. 단차 8cm·계단 17개와 가파른 경사 구간이 있음,"신창~차귀해안도로에는 무장애로 이용하실 수 있는 구간이 일부 있고 장애인 화장실이 있습니다. 포장된 자전거도로와 시멘트길로 이어지며 폭은 120cm입니다. 다만 8cm 단차와 계단 17개가 있는 구간, 경사가 가파른 구간이 있고 차량이 함께 다녀 주의가 필요합니다.",,,,휠내비길(wheelnavi.kr) 음성안내 · 제주올레 오디오가이드(jejuolle.org) 코스별 음성해설,「탐나는수어」 앱 · 제주수어통역센터 여행수어 자료(jejudeaf.com),,IN_VENUE,이용 동선에서 이용 가능,차량+도보,,,,,,,,,,,,2023-12,,,,,,,UNKNOWN,UNKNOWN,,,,,제주관광약자접근성안내센터(이지제주) · 한국관광공사 열린관광 · ㈜휴플 현장조사,2026-06,2024~2026,https://easyjeju.net,제주관광공사 「오감으로 즐기는 제주」(2023.12.22) · 한국관광공사 열린관광지 · 이지제주,"현재 무장애 정보는 이동(지체) 접근성 기준입니다. 시각·청각·발달 장애 정보는 확보 중이며, 열린관광 모두의여행(access.visitkorea.or.kr) 또는 이지제주(easyjeju.net)에서 확인하실 수 있습니다.",SURVEYED,,[FIX90] 트레일 사유 이관 — 조사 기록은 routeCondition·barrierFreeDetail·slopeInfo 참조,v3,ROUTE_SURVEY,경로 상태 조사: 포장 자전거도로/시멘트길+폭 120cm+차량 주의+단차 8cm+계단 17개,,,,Y,UNKNOWN,UNKNOWN,
ACC_P494,P494,PARTIAL,UNKNOWN,UNKNOWN,UNKNOWN,PARTIAL,PARTIAL,PARTIAL,FULL,N,CONDITIONAL,CONDITIONAL,시설접근 기준 판정 — 활동참여 개별 근거 미확보,일부 10도 오르막,포장도로+시멘트길+단차 8cm+계단 17개,장애인 화장실 있음+공용주차장 있음+추천 이동경로 있음+일부 보장구 진입 어려움,,,,,,휠내비길(wheelnavi.kr) 음성안내 · 제주올레 오디오가이드(jejuolle.org) 코스별 음성해설,「탐나는수어」 앱 · 제주수어통역센터 여행수어 자료(jejudeaf.com),,IN_VENUE,이용 동선에서 이용 가능,차량+도보,,,,,,,,,,,,2023-12,,,,,,,UNKNOWN,UNKNOWN,,,,,제주관광약자접근성안내센터(이지제주) · 한국관광공사 열린관광 · ㈜휴플 현장조사,2026-06,2024~2026,https://easyjeju.net,제주관광공사 「오감으로 즐기는 제주」(2023.12.22) · 한국관광공사 열린관광지 · 이지제주,"현재 무장애 정보는 이동(지체) 접근성 기준입니다. 시각·청각·발달 장애 정보는 확보 중이며, 열린관광 모두의여행(access.visitkorea.or.kr) 또는 이지제주(easyjeju.net)에서 확인하실 수 있습니다.",SURVEYED,,,v3,ROUTE_SURVEY,경로 상태 조사: 포장도로+시멘트길+단차 8cm+계단 17개,,,,Y,UNKNOWN,UNKNOWN,
ACC_P495,P495,UNKNOWN,UNKNOWN,UNKNOWN,UNKNOWN,UNKNOWN,UNKNOWN,UNKNOWN,UNKNOWN,Y,UNKNOWN,UNKNOWN,,,포구 방파제 산책로+올레5코스 주변+접근성 확인필요,장애인 편의시설 확인 필요,,,,,,휠내비길(wheelnavi.kr) 음성안내 · 제주올레 오디오가이드(jejuolle.org) 코스별 음성해설,「탐나는수어」 앱 · 제주수어통역센터 여행수어 자료(jejudeaf.com),,,,차량+대중교통,,,,,,,,,,,,2023-12,,,,,,,UNKNOWN,UNKNOWN,,,,,제주관광약자접근성안내센터(이지제주) · 한국관광공사 열린관광 · ㈜휴플 현장조사,2026-06,2024~2026,https://easyjeju.net,제주관광공사 「오감으로 즐기는 제주」(2023.12.22) · 한국관광공사 열린관광지 · 이지제주,"현재 무장애 정보는 이동(지체) 접근성 기준입니다. 시각·청각·발달 장애 정보는 확보 중이며, 열린관광 모두의여행(access.visitkorea.or.kr) 또는 이지제주(easyjeju.net)에서 확인하실 수 있습니다.",SURVEYED,,,v3,FACILITY_SURVEY,편의시설 조사: 장애인 편의시설 확인 필요,,,,Y,UNKNOWN,UNKNOWN,
ACC_P496,P496,PARTIAL,UNKNOWN,UNKNOWN,UNKNOWN,PARTIAL,PARTIAL,PARTIAL,UNKNOWN,Y,CONDITIONAL,CONDITIONAL,시설접근 기준 판정 — 활동참여 개별 근거 미확보,주출입 접근로 경사로 있음,실내 전시시설+추가 편의시설 확인필요,주출입 접근로 경사로 있음+장애인 화장실 확인 필요,,,,,,휠내비길(wheelnavi.kr) 음성안내 · 제주올레 오디오가이드(jejuolle.org) 코스별 음성해설,「탐나는수어」 앱 · 제주수어통역센터 여행수어 자료(jejudeaf.com),,,,차량+대중교통,,,,,,,,,,,,2023-12,,,,,,,UNKNOWN,UNKNOWN,,,,,제주관광약자접근성안내센터(이지제주) · 한국관광공사 열린관광 · ㈜휴플 현장조사,2026-06,2024~2026,https://easyjeju.net,제주관광공사 「오감으로 즐기는 제주」(2023.12.22) · 한국관광공사 열린관광지 · 이지제주,"현재 무장애 정보는 이동(지체) 접근성 기준입니다. 시각·청각·발달 장애 정보는 확보 중이며, 열린관광 모두의여행(access.visitkorea.or.kr) 또는 이지제주(easyjeju.net)에서 확인하실 수 있습니다.",SURVEYED,,,v3,ROUTE_SURVEY,경로 상태 조사: 실내 전시시설+추가 편의시설 확인필요,,,,Y,UNKNOWN,UNKNOWN,
ACC_P497,P497,NONE,UNKNOWN,UNKNOWN,UNKNOWN,NONE,NONE,NONE,PARTIAL,Y,UNAVAILABLE,UNAVAILABLE,주변 주차·화장실은 이용 가능 / 밭담길 구간은 접근 불가,갈림길4: 접근성 정보 있음 (계단 혹은 경사 있음. 길 상태 안 좋음)+내리막 시작점: 접근성 정보 있음 (계단 혹은 경사 있음. 길 상태 안 좋음)+내리막 종료점: 경사구간 : 경사길이 총 14m. 5°,자갈길+비포장+계단 있음+노면 불량,공영주차장+서동항포구 대체 장애인화장실+평대해수욕장 장애인화장실 없음/사용불가,,감수굴 밭담길은 자갈길과 비포장 구간에 계단이 있고 노면이 고르지 않아 휠체어로 이동하시기 어렵습니다. 공영주차장이 있고 장애인 화장실은 서동항포구 쪽 시설을 이용하셔야 합니다. 평대해수욕장 쪽 장애인 화장실은 이용할 수 없습니다.,,,,휠내비길(wheelnavi.kr) 음성안내 · 제주올레 오디오가이드(jejuolle.org) 코스별 음성해설,「탐나는수어」 앱 · 제주수어통역센터 여행수어 자료(jejudeaf.com),,,이 관광지 안에는 장애인 화장실이 없습니다. 인근 시설을 이용하셔야 합니다.,차량+대중교통+도보,,,,,,,,,,,,2023-12,,,,,,,UNKNOWN,UNKNOWN,서동항포구 대체 장애인화장실 — 평대해수욕장 쪽은 없음/사용불가,,,,제주관광약자접근성안내센터(이지제주) · 한국관광공사 열린관광 · ㈜휴플 현장조사,2026-06,2024~2026,https://easyjeju.net,제주관광공사 「오감으로 즐기는 제주」(2023.12.22) · 한국관광공사 열린관광지 · 이지제주,"현재 무장애 정보는 이동(지체) 접근성 기준입니다. 시각·청각·발달 장애 정보는 확보 중이며, 열린관광 모두의여행(access.visitkorea.or.kr) 또는 이지제주(easyjeju.net)에서 확인하실 수 있습니다.",SURVEYED,,[FIX90] 트레일 사유 이관 — 조사 기록은 routeCondition·barrierFreeDetail·slopeInfo 참조,v3,ROUTE_SURVEY,경로 상태 조사: 자갈길+비포장+계단 있음+노면 불량,,,,N,UNKNOWN,UNKNOWN,"시각장애인은 동행자와 함께라면 이용 가능할 수 있으나 안내 설비 정보가 없습니다. 청각장애인은 이동에 제약이 적을 것으로 보이나, 조난 시 연락 수단·안내 방송 여부가 확인되지 않았습니다"
ACC_P498,P498,NONE,UNKNOWN,UNKNOWN,UNKNOWN,NONE,NONE,NONE,UNKNOWN,N,UNAVAILABLE,UNAVAILABLE,주차장 등 진입부는 이용 가능 / 오름 등반로는 접근 불가,경사 있음,시멘트길+오름 탐방로,금악리골목식당투어 인접 장애인화장실+금오름 직접 편의 확인필요,,금악오름(왕매)의 오름 등반로는 정비된 길이 아니어서 휠체어로 이동하시기 어렵습니다. 오름 자체의 장애인 화장실은 확인되지 않았습니다. 인근 금악리 쪽에 장애인 화장실이 있습니다.,,,,휠내비길(wheelnavi.kr) 음성안내 · 제주올레 오디오가이드(jejuolle.org) 코스별 음성해설,「탐나는수어」 앱 · 제주수어통역센터 여행수어 자료(jejudeaf.com),,,,차량+도보,,,,,,,,,,,,2023-12,,,,,,,UNKNOWN,UNKNOWN,,,,,제주관광약자접근성안내센터(이지제주) · 한국관광공사 열린관광 · ㈜휴플 현장조사,2026-06,2024~2026,https://easyjeju.net,제주관광공사 「오감으로 즐기는 제주」(2023.12.22) · 한국관광공사 열린관광지 · 이지제주,"현재 무장애 정보는 이동(지체) 접근성 기준입니다. 시각·청각·발달 장애 정보는 확보 중이며, 열린관광 모두의여행(access.visitkorea.or.kr) 또는 이지제주(easyjeju.net)에서 확인하실 수 있습니다.",SURVEYED,[FIX89] 산·오름 사유 이관 — 조사 기록은 routeCondition·barrierFreeDetail 참조,,v3,ROUTE_SURVEY,경로 상태 조사: 시멘트길+오름 탐방로,,,,N,UNKNOWN,UNKNOWN,"시각장애인은 동행자와 함께라면 이용 가능할 수 있으나 안내 설비 정보가 없습니다. 청각장애인은 이동에 제약이 적을 것으로 보이나, 조난 시 연락 수단·안내 방송 여부가 확인되지 않았습니다"
ACC_P499,P499,NONE,UNKNOWN,UNKNOWN,UNKNOWN,NONE,NONE,PARTIAL,UNKNOWN,Y,UNAVAILABLE,UNAVAILABLE,성곽 돌계단 — 안전장치 없음,,돌계단+성곽길+안전장치 없음,주차 가능+망루 돌계단+장애인편의 미확인,,망루로 오르는 돌계단에 난간 같은 안전장치가 없습니다. 주차는 가능하며 성벽 아래 평지에서 둘러보실 수 있습니다. 장애인 편의시설은 확인되지 않았습니다.,,,,휠내비길(wheelnavi.kr) 음성안내 · 제주올레 오디오가이드(jejuolle.org) 코스별 음성해설,「탐나는수어」 앱 · 제주수어통역센터 여행수어 자료(jejudeaf.com),,,,차량+대중교통+도보,,,,,,,,,,,,2023-12,,,,,,,UNKNOWN,UNKNOWN,,,,,제주관광약자접근성안내센터(이지제주) · 한국관광공사 열린관광 · ㈜휴플 현장조사,2026-06,2024~2026,https://easyjeju.net,제주관광공사 「오감으로 즐기는 제주」(2023.12.22) · 한국관광공사 열린관광지 · 이지제주,"현재 무장애 정보는 이동(지체) 접근성 기준입니다. 시각·청각·발달 장애 정보는 확보 중이며, 열린관광 모두의여행(access.visitkorea.or.kr) 또는 이지제주(easyjeju.net)에서 확인하실 수 있습니다.",SURVEYED,,,v3,ROUTE_SURVEY,경로 상태 조사: 돌계단+성곽길+안전장치 없음,,,,N,UNKNOWN,UNKNOWN,시각·청각 접근성 정보가 확인되지 않았습니다
ACC_P500,P500,FULL,UNKNOWN,UNKNOWN,UNKNOWN,FULL,FULL,FULL,FULL,Y,AVAILABLE,AVAILABLE,시설접근 기준 판정 — 활동참여 개별 근거 미확보,경사로,포장 접근로+전용엘리베이터,휠체어석+장애인화장실+경사로+전용엘리베이터+장애인주차장,,,,,,휠내비길(wheelnavi.kr) 음성안내 · 제주올레 오디오가이드(jejuolle.org) 코스별 음성해설,「탐나는수어」 앱 · 제주수어통역센터 여행수어 자료(jejudeaf.com),,IN_VENUE,이용 동선에서 이용 가능,차량+대중교통,,,,,,,,,,,,2023-12,,,,,,,UNKNOWN,UNKNOWN,,,,,제주관광약자접근성안내센터(이지제주) · 한국관광공사 열린관광 · ㈜휴플 현장조사,2026-06,2024~2026,https://easyjeju.net,제주관광공사 「오감으로 즐기는 제주」(2023.12.22) · 한국관광공사 열린관광지 · 이지제주,"현재 무장애 정보는 이동(지체) 접근성 기준입니다. 시각·청각·발달 장애 정보는 확보 중이며, 열린관광 모두의여행(access.visitkorea.or.kr) 또는 이지제주(easyjeju.net)에서 확인하실 수 있습니다.",SURVEYED,,,v3,ROUTE_SURVEY,경로 상태 조사: 포장 접근로+전용엘리베이터,,,,Y,UNKNOWN,UNKNOWN,
ACC_P501,P501,PARTIAL,UNKNOWN,UNKNOWN,UNKNOWN,PARTIAL,PARTIAL,PARTIAL,FULL,Y,CONDITIONAL,CONDITIONAL,올레 12코스 휠체어 구간 종점 — 장애인 화장실 확보 / 판석·잔디 혼재 노면,일부 경사/노면 주의,판석길+잔디 혼재,자구내포구 주차장 공중화장실 장애인화장실+수월봉 공중화장실 장애인화장실+일부 휠체어 용이 구간,"제주올레 12코스 휠체어 구간(엉알길 입구~자구내포구 입구 1.1km)의 종점. 판석길과 잔디가 섞여 있음. 포구 주차장에 장애인 화장실, 수월봉 쪽에도 공중화장실 확보",제주올레 12코스의 휠체어 이용 구간이 끝나는 포구입니다. 포구 주차장에 장애인 화장실이 있고 수월봉 쪽에도 공중화장실이 있습니다. 다만 바닥이 판석과 잔디가 섞여 있어 구간에 따라 이동이 수월하지 않을 수 있습니다. 차귀도를 바라보시기 좋은 자리입니다.,,,,휠내비길(wheelnavi.kr) 음성안내 · 제주올레 오디오가이드(jejuolle.org) 코스별 음성해설,「탐나는수어」 앱 · 제주수어통역센터 여행수어 자료(jejudeaf.com),,IN_VENUE,이용 동선에서 이용 가능,차량+대중교통+도보,,,,,,,,,,,,2023-12,,,,,,,UNKNOWN,UNKNOWN,,,,,제주관광약자접근성안내센터(이지제주) · 한국관광공사 열린관광 · ㈜휴플 현장조사,2026-06,2024~2026,https://easyjeju.net,제주관광공사 「오감으로 즐기는 제주」(2023.12.22) · 한국관광공사 열린관광지 · 이지제주,"현재 무장애 정보는 이동(지체) 접근성 기준입니다. 시각·청각·발달 장애 정보는 확보 중이며, 열린관광 모두의여행(access.visitkorea.or.kr) 또는 이지제주(easyjeju.net)에서 확인하실 수 있습니다.",SURVEYED,[FIX86] 제주올레 공식 휠체어 구간의 시·종점 — 코스 노드와 함께 갱신할 것 (P619 제주올레 12코스). P916 차귀도의 조망 지점이기도 함,FIX86: 해양 유형 사유·안내문 신설,v3,ROUTE_SURVEY,경로 상태 조사: 판석길+잔디 혼재,,,,Y,UNKNOWN,UNKNOWN,
ACC_P502,P502,FULL,UNKNOWN,UNKNOWN,UNKNOWN,FULL,FULL,FULL,NONE,Y,AVAILABLE,AVAILABLE,시설접근 기준 판정 — 활동참여 개별 근거 미확보,일부 단차/경사 주의,평탄한 관람로,장애인주차장+주출입구 단차 없음+휠체어 대여+유아차 대여+장애인화장실 없음,,장애인 화장실 유무를 확인하지 못했습니다. 오래 머무르실 계획이라면 방문 전에 시설에 문의해 주세요.,,,,휠내비길(wheelnavi.kr) 음성안내 · 제주올레 오디오가이드(jejuolle.org) 코스별 음성해설,「탐나는수어」 앱 · 제주수어통역센터 여행수어 자료(jejudeaf.com),,,,차량+대중교통,,,,,,,,,,,,2023-12,,,,,,,UNKNOWN,UNKNOWN,,,,,제주관광약자접근성안내센터(이지제주) · 한국관광공사 열린관광 · ㈜휴플 현장조사,2026-06,2024~2026,https://easyjeju.net,제주관광공사 「오감으로 즐기는 제주」(2023.12.22) · 한국관광공사 열린관광지 · 이지제주,"현재 무장애 정보는 이동(지체) 접근성 기준입니다. 시각·청각·발달 장애 정보는 확보 중이며, 열린관광 모두의여행(access.visitkorea.or.kr) 또는 이지제주(easyjeju.net)에서 확인하실 수 있습니다.",SURVEYED,,,v3,ROUTE_SURVEY,경로 상태 조사: 평탄한 관람로,,,,Y,UNKNOWN,UNKNOWN,
ACC_P503,P503,NONE,PARTIAL,UNKNOWN,UNKNOWN,NONE,NONE,NONE,UNKNOWN,Y,UNAVAILABLE,UNAVAILABLE,시설접근 기준 판정 — 활동참여 개별 근거 미확보,경사 있음,오름/계곡 포함+숲길,군산오름/안덕계곡 구간+장거리 도보코스+휠체어구간 미확인,,"제주올레 9코스는 오름과 계곡을 지나는 산악 구간이 있고 계단과 급한 경사가 포함되어 있어, 휠체어로 코스를 이용하시기는 어렵습니다. 출발점인 대평포구까지는 접근하실 수 있습니다","올레 휠체어 구간(논짓물~대평포구, 3.6km, 난이도 상): 자연지형 7-10도 이상 경사 6개 구간. 카페8길 유효폭 73cm. 동행자 도움 필수",제주올레 오디오가이드 전 코스 제공(코스별 음성 설명),,제주올레 오디오가이드(jejuolle.org) + 휠내비길,「탐나는수어」 앱 · 제주수어통역센터 여행수어 자료(jejudeaf.com),,,,차량+대중교통+도보,,,,,,,,,,,,2023-12,,,,,,,Y,Y,남녀공용(논짓물/대평포구),,,,"이지제주올레(제주올레×관광약자접근성안내센터, 재발행 2022.07) 휠체어 구간 조사",2022-07,,jejuolle.org / easyjeju.net,제주관광공사 「오감으로 즐기는 제주」(2023.12.22) · 한국관광공사 열린관광지 · 이지제주,"현재 무장애 정보는 이동(지체) 접근성 기준입니다. 시각·청각·발달 장애 정보는 확보 중이며, 열린관광 모두의여행(access.visitkorea.or.kr) 또는 이지제주(easyjeju.net)에서 확인하실 수 있습니다.",VERIFIED,이지제주올레(2022.07 개정판) 원본 대조 완료 — 09코스에는 휠체어 구간이 존재하지 않음. 기존에 적재돼 있던 '논짓물~대평포구'는 08코스 구간이며 P879 로 이관함. 코스 난이도 '상'은 제주올레 공식 분류 ※ [FIX83] 산악 구간·계단·급경사 포함으로 정규 코스 연속 이용 불가. 출발점(대평포구) 접근 가능은 핵심 체험 게이트 판정 근거가 되지 않음 (FIX39 판단),"FIX24: 휠체어 구간 실측 적재(오귀속) | FIX35: 구간 보유 근거로 게이트 Y | FIX39: 게이트 N 원복 | FIX40: 구간을 P879 로 이관 | FIX41: 원본 대조로 오귀속 확정, 잔여 근거 제거 | FIX83: 이용자 사유 필드에서 내부 표기 제거",v3,PUBLICATION,,,,,N,UNKNOWN,UNKNOWN,"시각장애인은 동행자와 함께라면 이용 가능할 수 있으나 안내 설비 정보가 없습니다. 청각장애인은 이동에 제약이 적을 것으로 보이나, 조난 시 연락 수단·안내 방송 여부가 확인되지 않았습니다"
ACC_P504,P504,UNKNOWN,UNKNOWN,UNKNOWN,UNKNOWN,UNKNOWN,UNKNOWN,UNKNOWN,UNKNOWN,Y,UNKNOWN,UNKNOWN,,,야외 굴밭 행사장+접근성 정보 미확인,행사장 위치 확인+무장애 편의시설 확인필요,,,,,,휠내비길(wheelnavi.kr) 음성안내 · 제주올레 오디오가이드(jejuolle.org) 코스별 음성해설,「탐나는수어」 앱 · 제주수어통역센터 여행수어 자료(jejudeaf.com),,,,차량+대중교통+도보,,,,,,,,,,,,2023-12,EVENT_CROWD,행사 기간 부스·관람객 밀집으로 통행 제약. 평시와 접근성이 크게 다름,,,,,UNKNOWN,UNKNOWN,,,,,제주관광약자접근성안내센터(이지제주) · 한국관광공사 열린관광 · ㈜휴플 현장조사,2026-06,2024~2026,https://easyjeju.net,제주관광공사 「오감으로 즐기는 제주」(2023.12.22) · 한국관광공사 열린관광지 · 이지제주,"현재 무장애 정보는 이동(지체) 접근성 기준입니다. 시각·청각·발달 장애 정보는 확보 중이며, 열린관광 모두의여행(access.visitkorea.or.kr) 또는 이지제주(easyjeju.net)에서 확인하실 수 있습니다.",SURVEYED,,,v3,FACILITY_SURVEY,편의시설 조사: 행사장 위치 확인+무장애 편의시설 확인필요,,,,Y,UNKNOWN,UNKNOWN,
ACC_P505,P505,PARTIAL,UNKNOWN,UNKNOWN,UNKNOWN,PARTIAL,PARTIAL,PARTIAL,PARTIAL,Y,CONDITIONAL,CONDITIONAL,올레 6코스 휠체어 구간 인접부는 이용 가능 / 정상 탐방로는 계단으로 접근 불가,오름 탐방로 계단/경사 있음,포장 올레구간 인접,올레6코스 휠체어 구간 인접+장애인화장실 주변+정상 탐방 계단,제주올레 6코스 휠체어 지정 구간과 맞닿아 있고 주변에 장애인 화장실 있음. 정상 탐방로는 계단,"제지기오름은 제주올레 6코스의 휠체어 이용 구간과 맞닿아 있어, 오름 아래 포장된 길까지는 휠체어로 이동하실 수 있습니다. 주변에 장애인 화장실도 있습니다. 다만 정상으로 오르는 길은 계단이라 이동하시기 어렵습니다.",,,,휠내비길(wheelnavi.kr) 음성안내 · 제주올레 오디오가이드(jejuolle.org) 코스별 음성해설,「탐나는수어」 앱 · 제주수어통역센터 여행수어 자료(jejudeaf.com),,IN_VENUE,이용 동선에서 이용 가능,차량+대중교통+도보,,,,,,,,,,,,2023-12,,,,,,,UNKNOWN,UNKNOWN,,,,,제주관광약자접근성안내센터(이지제주) · 한국관광공사 열린관광 · ㈜휴플 현장조사,2026-06,2024~2026,https://easyjeju.net,제주관광공사 「오감으로 즐기는 제주」(2023.12.22) · 한국관광공사 열린관광지 · 이지제주,"현재 무장애 정보는 이동(지체) 접근성 기준입니다. 시각·청각·발달 장애 정보는 확보 중이며, 열린관광 모두의여행(access.visitkorea.or.kr) 또는 이지제주(easyjeju.net)에서 확인하실 수 있습니다.",SURVEYED,[FIX89] 산·오름 사유 이관 — 조사 기록은 routeCondition·barrierFreeDetail 참조,,v3,ROUTE_SURVEY,경로 상태 조사: 포장 올레구간 인접,,,,Y,UNKNOWN,UNKNOWN,
ACC_P506,P506,NONE,UNKNOWN,UNKNOWN,UNKNOWN,NONE,NONE,NONE,UNKNOWN,N,UNAVAILABLE,UNAVAILABLE,주차장 등 진입부는 이용 가능 / 오름 등반로는 접근 불가,,비포장+좁은 흙길+수풀 많음+미끄럼 위험 있음,탐방로 수풀/비포장+장애인편의 미확인,,족은대비악의 오름 등반로는 비포장 자연 노면·수풀이라 휠체어로 이동하시기 어렵습니다. 장애인 화장실은 확인되지 않았습니다.,,,,휠내비길(wheelnavi.kr) 음성안내 · 제주올레 오디오가이드(jejuolle.org) 코스별 음성해설,「탐나는수어」 앱 · 제주수어통역센터 여행수어 자료(jejudeaf.com),,,,차량+도보,,,,,,,,,,,,2023-12,,,,,,,UNKNOWN,UNKNOWN,,,,,제주관광약자접근성안내센터(이지제주) · 한국관광공사 열린관광 · ㈜휴플 현장조사,2026-06,2024~2026,https://easyjeju.net,제주관광공사 「오감으로 즐기는 제주」(2023.12.22) · 한국관광공사 열린관광지 · 이지제주,"현재 무장애 정보는 이동(지체) 접근성 기준입니다. 시각·청각·발달 장애 정보는 확보 중이며, 열린관광 모두의여행(access.visitkorea.or.kr) 또는 이지제주(easyjeju.net)에서 확인하실 수 있습니다.",SURVEYED,[FIX89] 산·오름 사유 이관 — 조사 기록은 routeCondition·barrierFreeDetail 참조,,v3,ROUTE_SURVEY,경로 상태 조사: 비포장+좁은 흙길+수풀 많음+미끄럼 위험 있음,,,,N,UNKNOWN,UNKNOWN,"시각장애인은 동행자와 함께라면 이용 가능할 수 있으나 안내 설비 정보가 없습니다. 청각장애인은 이동에 제약이 적을 것으로 보이나, 조난 시 연락 수단·안내 방송 여부가 확인되지 않았습니다"
ACC_P507,P507,PARTIAL,UNKNOWN,UNKNOWN,UNKNOWN,PARTIAL,PARTIAL,PARTIAL,FULL,Y,CONDITIONAL,CONDITIONAL,기념관 입구 접근 가능 — 기념탑 계단,,포장 접근로+계단 있음+기념탑 계단,장애인화장실+주차장+기념관 입구 접근+기념탑 계단,기념관 입구까지 이동 가능 / 기념탑은 계단,"접근로가 포장되어 있어 기념관 입구까지 가실 수 있고, 기념탑은 계단을 올라야 합니다. 주차장과 장애인 화장실이 관람 구간 안에 있습니다.",,,,휠내비길(wheelnavi.kr) 음성안내 · 제주올레 오디오가이드(jejuolle.org) 코스별 음성해설,「탐나는수어」 앱 · 제주수어통역센터 여행수어 자료(jejudeaf.com),,IN_VENUE,이용 동선에서 이용 가능,차량+대중교통+도보,,,,,,,,,,,,2023-12,,,,,,,UNKNOWN,UNKNOWN,,,,,제주관광약자접근성안내센터(이지제주) · 한국관광공사 열린관광 · ㈜휴플 현장조사,2026-06,2024~2026,https://easyjeju.net,제주관광공사 「오감으로 즐기는 제주」(2023.12.22) · 한국관광공사 열린관광지 · 이지제주,"현재 무장애 정보는 이동(지체) 접근성 기준입니다. 시각·청각·발달 장애 정보는 확보 중이며, 열린관광 모두의여행(access.visitkorea.or.kr) 또는 이지제주(easyjeju.net)에서 확인하실 수 있습니다.",SURVEYED,,,v3,ROUTE_SURVEY,경로 상태 조사: 포장 접근로+계단 있음+기념탑 계단,,,,Y,UNKNOWN,UNKNOWN,
ACC_P508,P508,UNKNOWN,UNKNOWN,UNKNOWN,UNKNOWN,UNKNOWN,UNKNOWN,UNKNOWN,PARTIAL,Y,UNKNOWN,UNKNOWN,,승선 경사/단차 확인필요,선착장+해안길 일부 접근 가능,차귀도엉알해변길 인접 장애인화장실+유람선 승선 편의 확인필요,,,,,,휠내비길(wheelnavi.kr) 음성안내 · 제주올레 오디오가이드(jejuolle.org) 코스별 음성해설,「탐나는수어」 앱 · 제주수어통역센터 여행수어 자료(jejudeaf.com),,IN_VENUE,이용 동선에서 이용 가능,차량+대중교통+도보,,,,,,,,,,,,2023-12,,,,,,,UNKNOWN,UNKNOWN,,,,,제주관광약자접근성안내센터(이지제주) · 한국관광공사 열린관광 · ㈜휴플 현장조사,2026-06,2024~2026,https://easyjeju.net,제주관광공사 「오감으로 즐기는 제주」(2023.12.22) · 한국관광공사 열린관광지 · 이지제주,"현재 무장애 정보는 이동(지체) 접근성 기준입니다. 시각·청각·발달 장애 정보는 확보 중이며, 열린관광 모두의여행(access.visitkorea.or.kr) 또는 이지제주(easyjeju.net)에서 확인하실 수 있습니다.",SURVEYED,,,v3,ROUTE_SURVEY,경로 상태 조사: 선착장+해안길 일부 접근 가능,,,,Y,UNKNOWN,UNKNOWN,
ACC_P509,P509,PARTIAL,UNKNOWN,UNKNOWN,UNKNOWN,PARTIAL,PARTIAL,PARTIAL,FULL,Y,CONDITIONAL,CONDITIONAL,주차장·장애인 화장실 이용 가능 / 판석 혼재·턱·급경사 구간 주의,경사 있음,포장/판석+턱 있음+불규칙 노면,포구 주차장+체육공원 야외 장애인화장실+급경사/턱 구간,"경로 조사 — 포장·판석 혼재, 턱과 불규칙 노면 있음. 포구 주차장과 체육공원 야외 장애인 화장실 확보. 급경사 구간 존재","포구 주차장이 있고 인접한 체육공원에 야외 장애인 화장실이 있습니다. 다만 바닥이 포장과 판석이 섞여 있고 턱과 고르지 않은 곳이 있으며, 경사가 급한 구간도 있어 이동에 주의가 필요합니다.",,,,휠내비길(wheelnavi.kr) 음성안내 · 제주올레 오디오가이드(jejuolle.org) 코스별 음성해설,「탐나는수어」 앱 · 제주수어통역센터 여행수어 자료(jejudeaf.com),,IN_VENUE,이용 동선에서 이용 가능,차량+대중교통+도보,,,,,,,,,,,,2023-12,,,,,,,UNKNOWN,UNKNOWN,,,,,제주관광약자접근성안내센터(이지제주) · 한국관광공사 열린관광 · ㈜휴플 현장조사,2026-06,2024~2026,https://easyjeju.net,제주관광공사 「오감으로 즐기는 제주」(2023.12.22) · 한국관광공사 열린관광지 · 이지제주,"현재 무장애 정보는 이동(지체) 접근성 기준입니다. 시각·청각·발달 장애 정보는 확보 중이며, 열린관광 모두의여행(access.visitkorea.or.kr) 또는 이지제주(easyjeju.net)에서 확인하실 수 있습니다.",SURVEYED,[FIX86] 해양 유형 사유 이관 — 조사 기록은 routeCondition·barrierFreeDetail 참조. 잔여 확인 — 급경사 구간의 위치와 각도,FIX86: 해양 유형 사유·안내문 신설,v3,ROUTE_SURVEY,경로 상태 조사: 포장/판석+턱 있음+불규칙 노면,,,,Y,UNKNOWN,UNKNOWN,
ACC_P510,P510,PARTIAL,UNKNOWN,UNKNOWN,UNKNOWN,PARTIAL,PARTIAL,PARTIAL,NONE,Y,CONDITIONAL,CONDITIONAL,"해변 주변 포장 동선 이용 가능 / 모래·비포장으로 해변 진입 불가, 화장실 사용 불가",,포장도로+모래/비포장+해변 접근 제한,해변 주변 접근 일부 가능+평대해수욕장 간이화장실 사용불가/장애인화장실 없음,경로 조사 — 포장도로로 해변 주변까지 접근 가능하나 모래·비포장 구간으로 해변 진입 제한. 평대해수욕장 간이화장실은 사용 불가 상태로 기록됨. 장애인 화장실 없음,"포장도로가 있어 해변 주변까지는 가실 수 있습니다. 다만 해변 쪽은 모래와 비포장 구간이라 들어가시기 어렵습니다. 인근 간이화장실은 사용할 수 없고 장애인 화장실은 없으니, 오래 머무실 계획이라면 미리 준비해 주세요.",,,,휠내비길(wheelnavi.kr) 음성안내 · 제주올레 오디오가이드(jejuolle.org) 코스별 음성해설,「탐나는수어」 앱 · 제주수어통역센터 여행수어 자료(jejudeaf.com),,,,차량+대중교통+도보,,,,,,,,,,,,2023-12,,,,,,,UNKNOWN,UNKNOWN,,,,,제주관광약자접근성안내센터(이지제주) · 한국관광공사 열린관광 · ㈜휴플 현장조사,2026-06,2024~2026,https://easyjeju.net,제주관광공사 「오감으로 즐기는 제주」(2023.12.22) · 한국관광공사 열린관광지 · 이지제주,"현재 무장애 정보는 이동(지체) 접근성 기준입니다. 시각·청각·발달 장애 정보는 확보 중이며, 열린관광 모두의여행(access.visitkorea.or.kr) 또는 이지제주(easyjeju.net)에서 확인하실 수 있습니다.",SURVEYED,"[FIX86] 해양 유형 사유 이관 — 조사 기록은 routeCondition·barrierFreeDetail 참조. disabledToilet=NONE, 간이화장실 사용불가 기록 — 현황 재확인 필요",FIX86: 해양 유형 사유·안내문 신설,v3,ROUTE_SURVEY,경로 상태 조사: 포장도로+모래/비포장+해변 접근 제한,UNKNOWN,모래사장은 휠체어 바퀴가 빠져 이동이 어렵습니다. 진입로·데크 설치 여부가 확인되지 않았으니 방문 전 문의하시거나 해변용 휠체어 대여 가능 여부를 확인해 주세요,발이 닿는 깊이까지만 들어가시고 먼 바다 쪽으로는 나가지 말아 주세요. 파고가 2m를 넘거나 풍랑특보가 발효되면 입수를 삼가 주세요. 너울은 파도가 잔잔해 보여도 갑자기 밀려오니 갯바위와 방파제 위에는 올라가지 말아 주세요. 체감온도 33도가 넘는 날에는 한낮 물놀이를 피하고 그늘에서 자주 쉬어 주세요. 휠체어 이용자는 파도에 중심을 잃기 쉽고 스스로 빠져나오기 어려우니 반드시 동행자와 함께해 주세요.,Y,UNKNOWN,UNKNOWN,
ACC_P511,P511,UNKNOWN,UNKNOWN,UNKNOWN,UNKNOWN,UNKNOWN,UNKNOWN,UNKNOWN,UNKNOWN,Y,UNKNOWN,UNKNOWN,,"주 출입구 단차, 경사 없이 접근할 수 있습니다+1층 전시실 단차, 경사 없이 관람 가능하며, 지하 1층 체험실 및 갓공방 단차 있습니다+1층 전시실 단차, 경사 없이 관람 가능합니다",실내 전시관+접근성 정보 미확인,관람시설 위치/운영 확인+무장애 편의 확인필요,,,,,,휠내비길(wheelnavi.kr) 음성안내 · 제주올레 오디오가이드(jejuolle.org) 코스별 음성해설,「탐나는수어」 앱 · 제주수어통역센터 여행수어 자료(jejudeaf.com),,,,차량+대중교통,,,,,,,,,,,,2023-12,,,,,,,UNKNOWN,UNKNOWN,,,,,제주관광약자접근성안내센터(이지제주) · 한국관광공사 열린관광 · ㈜휴플 현장조사,2026-06,2024~2026,https://easyjeju.net,제주관광공사 「오감으로 즐기는 제주」(2023.12.22) · 한국관광공사 열린관광지 · 이지제주,"현재 무장애 정보는 이동(지체) 접근성 기준입니다. 시각·청각·발달 장애 정보는 확보 중이며, 열린관광 모두의여행(access.visitkorea.or.kr) 또는 이지제주(easyjeju.net)에서 확인하실 수 있습니다.",SURVEYED,,,v3,ROUTE_SURVEY,경로 상태 조사: 실내 전시관+접근성 정보 미확인,,,,Y,UNKNOWN,UNKNOWN,
ACC_P512,P512,PARTIAL,UNKNOWN,PARTIAL,UNKNOWN,PARTIAL,FULL,FULL,FULL,Y,CONDITIONAL,CONDITIONAL,시설접근 기준 판정 — 활동참여 개별 근거 미확보,"주 출입구 경사로 설치되어 있으며, 출입문 앞 바닥 요철 마감입니다+내부 관람로 2층 이동경로 경사로(약 5도) 있습니다+주 출입구 경사로 설치되어 있습니다",주출입구 단차 없음+엘리베이터,장애인주차장+휠체어 대여+유모차 대여+장애인화장실+엘리베이터,"노면·단차 제약 — 조사문에 ""요철"" 명시",,,,탐나는수어 앱 수어해설 21곳(16.기당미술관). 현장 QR·AR 수어영상,휠내비길(wheelnavi.kr) 음성안내 · 제주올레 오디오가이드(jejuolle.org) 코스별 음성해설,「탐나는수어」 앱(제주수어통역센터) + 현장 QR,,IN_VENUE,이용 동선에서 이용 가능,차량+대중교통,,,,,,,,,,,,2023-12,,,,,,,UNKNOWN,UNKNOWN,,,,,제주관광약자접근성안내센터(이지제주) · 한국관광공사 열린관광 · ㈜휴플 현장조사,2026-06,2024~2026,https://easyjeju.net,제주관광공사 「오감으로 즐기는 제주」(2023.12.22) · 한국관광공사 열린관광지 · 이지제주,"현재 무장애 정보는 이동(지체) 접근성 기준입니다. 시각·청각·발달 장애 정보는 확보 중이며, 열린관광 모두의여행(access.visitkorea.or.kr) 또는 이지제주(easyjeju.net)에서 확인하실 수 있습니다.",SURVEYED,,FIX22: 논리검사 패턴 보완(요철·단차·노면불량),v3,ROUTE_SURVEY,경로 상태 조사: 주출입구 단차 없음+엘리베이터,,,,Y,UNKNOWN,Y,
ACC_P513,P513,NONE,UNKNOWN,UNKNOWN,UNKNOWN,NONE,NONE,PARTIAL,PARTIAL,Y,UNAVAILABLE,UNAVAILABLE,주차장 등 진입부는 이용 가능 / 오름 등반로는 접근 불가,경사 있음,오름 산책로+계단 가능,사라봉축구장 장애인화장실+공원/오름 휠체어 접근 어려움,,사라봉의 오름 등반로는 계단이라 휠체어로 이동하시기 어렵습니다. 장애인 화장실이 있으나 이용에 제약이 있습니다.,,,,휠내비길(wheelnavi.kr) 음성안내 · 제주올레 오디오가이드(jejuolle.org) 코스별 음성해설,「탐나는수어」 앱 · 제주수어통역센터 여행수어 자료(jejudeaf.com),,ENTRANCE_ONLY,장애인 화장실은 입구·주차장 등 부대시설에 위치. 이용 동선에는 없음,차량+대중교통+도보,,,,,,,,,,,,2023-12,,,,,,,UNKNOWN,UNKNOWN,,,,,제주관광약자접근성안내센터(이지제주) · 한국관광공사 열린관광 · ㈜휴플 현장조사,2026-06,2024~2026,https://easyjeju.net,제주관광공사 「오감으로 즐기는 제주」(2023.12.22) · 한국관광공사 열린관광지 · 이지제주,"현재 무장애 정보는 이동(지체) 접근성 기준입니다. 시각·청각·발달 장애 정보는 확보 중이며, 열린관광 모두의여행(access.visitkorea.or.kr) 또는 이지제주(easyjeju.net)에서 확인하실 수 있습니다.",SURVEYED,[FIX89] 산·오름 사유 이관 — 조사 기록은 routeCondition·barrierFreeDetail 참조,,v3,ROUTE_SURVEY,경로 상태 조사: 오름 산책로+계단 가능,,,,N,UNKNOWN,UNKNOWN,"시각장애인은 동행자와 함께라면 이용 가능할 수 있으나 안내 설비 정보가 없습니다. 청각장애인은 이동에 제약이 적을 것으로 보이나, 조난 시 연락 수단·안내 방송 여부가 확인되지 않았습니다"
ACC_P514,P514,PARTIAL,UNKNOWN,UNKNOWN,UNKNOWN,PARTIAL,PARTIAL,PARTIAL,UNKNOWN,Y,CONDITIONAL,CONDITIONAL,평지 꽃밭 — 짧은 경사와 흙길 구간,짧은 경사/흙길 가능,평지 꽃밭,넓은 평지 꽃밭+주차 가능+장애인편의 확인필요,넓은 평지 꽃밭 이용 가능 / 짧은 경사와 흙길 구간,넓은 평지 꽃밭이라 대부분 평탄하고 짧은 경사와 흙길 구간이 있습니다. 주차가 가능하며 장애인 편의시설은 확인되지 않았습니다.,,,,휠내비길(wheelnavi.kr) 음성안내 · 제주올레 오디오가이드(jejuolle.org) 코스별 음성해설,「탐나는수어」 앱 · 제주수어통역센터 여행수어 자료(jejudeaf.com),,,,차량+대중교통+도보,,,,,,,,,,,,2023-12,,,,,,,UNKNOWN,UNKNOWN,,,,,제주관광약자접근성안내센터(이지제주) · 한국관광공사 열린관광 · ㈜휴플 현장조사,2026-06,2024~2026,https://easyjeju.net,제주관광공사 「오감으로 즐기는 제주」(2023.12.22) · 한국관광공사 열린관광지 · 이지제주,"현재 무장애 정보는 이동(지체) 접근성 기준입니다. 시각·청각·발달 장애 정보는 확보 중이며, 열린관광 모두의여행(access.visitkorea.or.kr) 또는 이지제주(easyjeju.net)에서 확인하실 수 있습니다.",SURVEYED,,,v3,ROUTE_SURVEY,경로 상태 조사: 평지 꽃밭,,,,Y,UNKNOWN,UNKNOWN,
ACC_P515,P515,UNKNOWN,UNKNOWN,UNKNOWN,UNKNOWN,UNKNOWN,UNKNOWN,UNKNOWN,PARTIAL,Y,UNKNOWN,UNKNOWN,,,야외 유적지+안내센터+접근로 상태 확인필요,고산리유적안내센터+공용/장애인화장실 언급+무장애 편의 확인필요,,,,,,휠내비길(wheelnavi.kr) 음성안내 · 제주올레 오디오가이드(jejuolle.org) 코스별 음성해설,「탐나는수어」 앱 · 제주수어통역센터 여행수어 자료(jejudeaf.com),,IN_VENUE,이용 동선에서 이용 가능,차량+대중교통+도보,,,,,,,,,,,,2023-12,,,,,,,UNKNOWN,UNKNOWN,,,,,제주관광약자접근성안내센터(이지제주) · 한국관광공사 열린관광 · ㈜휴플 현장조사,2026-06,2024~2026,https://easyjeju.net,제주관광공사 「오감으로 즐기는 제주」(2023.12.22) · 한국관광공사 열린관광지 · 이지제주,"현재 무장애 정보는 이동(지체) 접근성 기준입니다. 시각·청각·발달 장애 정보는 확보 중이며, 열린관광 모두의여행(access.visitkorea.or.kr) 또는 이지제주(easyjeju.net)에서 확인하실 수 있습니다.",SURVEYED,,,v3,FACILITY_SURVEY,편의시설 조사: 고산리유적안내센터+공용/장애인화장실 언급+무장애 편의 확인필요,,,,Y,UNKNOWN,UNKNOWN,
ACC_P516,P516,PARTIAL,UNKNOWN,UNKNOWN,UNKNOWN,PARTIAL,PARTIAL,PARTIAL,PARTIAL,Y,CONDITIONAL,CONDITIONAL,시설접근 기준 판정 — 활동참여 개별 근거 미확보,경사로,요철/매트 마감+평탄하지 않음,휠체어 대여+유모차 대여+장애인화장실(단차 있음)+도움 필요,,,,,,휠내비길(wheelnavi.kr) 음성안내 · 제주올레 오디오가이드(jejuolle.org) 코스별 음성해설,「탐나는수어」 앱 · 제주수어통역센터 여행수어 자료(jejudeaf.com),,IN_VENUE,이용 동선에서 이용 가능,차량+대중교통+도보,,,,,,,,,,,,2023-12,,,,,,,UNKNOWN,UNKNOWN,,,,,제주관광약자접근성안내센터(이지제주) · 한국관광공사 열린관광 · ㈜휴플 현장조사,2026-06,2024~2026,https://easyjeju.net,제주관광공사 「오감으로 즐기는 제주」(2023.12.22) · 한국관광공사 열린관광지 · 이지제주,"현재 무장애 정보는 이동(지체) 접근성 기준입니다. 시각·청각·발달 장애 정보는 확보 중이며, 열린관광 모두의여행(access.visitkorea.or.kr) 또는 이지제주(easyjeju.net)에서 확인하실 수 있습니다.",SURVEYED,,,v3,ROUTE_SURVEY,경로 상태 조사: 요철/매트 마감+평탄하지 않음,,,,Y,UNKNOWN,UNKNOWN,
ACC_P517,P517,FULL,UNKNOWN,UNKNOWN,UNKNOWN,FULL,FULL,FULL,FULL,Y,AVAILABLE,AVAILABLE,시설접근 기준 판정 — 활동참여 개별 근거 미확보,,주출입구 단차 없음+엘리베이터,장애인화장실+엘리베이터+장애인주차장+휠체어 대여+유모차 대여,,,,,,휠내비길(wheelnavi.kr) 음성안내 · 제주올레 오디오가이드(jejuolle.org) 코스별 음성해설,「탐나는수어」 앱 · 제주수어통역센터 여행수어 자료(jejudeaf.com),,IN_VENUE,이용 동선에서 이용 가능,차량+대중교통+도보,,,,,,,,,,,,2023-12,,,,,,,UNKNOWN,UNKNOWN,,,,,제주관광약자접근성안내센터(이지제주) · 한국관광공사 열린관광 · ㈜휴플 현장조사,2026-06,2024~2026,https://easyjeju.net,제주관광공사 「오감으로 즐기는 제주」(2023.12.22) · 한국관광공사 열린관광지 · 이지제주,"현재 무장애 정보는 이동(지체) 접근성 기준입니다. 시각·청각·발달 장애 정보는 확보 중이며, 열린관광 모두의여행(access.visitkorea.or.kr) 또는 이지제주(easyjeju.net)에서 확인하실 수 있습니다.",SURVEYED,,,v3,ROUTE_SURVEY,경로 상태 조사: 주출입구 단차 없음+엘리베이터,,,,Y,UNKNOWN,UNKNOWN,
ACC_P518,P518,PARTIAL,UNKNOWN,UNKNOWN,UNKNOWN,PARTIAL,PARTIAL,FULL,UNKNOWN,N,AVAILABLE,AVAILABLE,"주출입구 단차 없음, 엘리베이터로 실내 관람 동선 접근 가능 / 장애인 전용 시설 미확인",,주출입구 단차 없음+실내 관람,장애인주차장+주출입구 휠체어 접근+장애인화장실 확인필요,"주출입구 단차 없고 실내 관람 중심. 엘리베이터·주차장·화장실·식음료시설 확보, 장애인 전용 여부는 미확인","주출입구에 단차가 없고 실내 관람 중심이라 이동이 수월합니다. 엘리베이터가 있고 주차장과 화장실, 식음료시설, 기념품점도 갖춰져 있습니다. 장애인 전용 주차구역과 장애인 화장실이 따로 있는지는 확인되지 않았습니다.",,,,휠내비길(wheelnavi.kr) 음성안내 · 제주올레 오디오가이드(jejuolle.org) 코스별 음성해설,「탐나는수어」 앱 · 제주수어통역센터 여행수어 자료(jejudeaf.com),,,,차량,,,,,,,,,,,,2023-12,,,,,,,UNKNOWN,UNKNOWN,,,,,제주관광약자접근성안내센터(이지제주) · 한국관광공사 열린관광 · ㈜휴플 현장조사,2026-06,2024~2026,https://easyjeju.net,제주관광공사 「오감으로 즐기는 제주」(2023.12.22) · 한국관광공사 열린관광지 · 이지제주,"현재 무장애 정보는 이동(지체) 접근성 기준입니다. 시각·청각·발달 장애 정보는 확보 중이며, 열린관광 모두의여행(access.visitkorea.or.kr) 또는 이지제주(easyjeju.net)에서 확인하실 수 있습니다.",SURVEYED,[FIX85] 잔여 확인 — 장애인 주차구역·장애인 화장실 유무,FIX85: 이용자 안내문 신설 — 내부 표기 사유 제거,v3,ROUTE_SURVEY,경로 상태 조사: 주출입구 단차 없음+실내 관람,,,,Y,UNKNOWN,UNKNOWN,
ACC_P519,P519,PARTIAL,UNKNOWN,UNKNOWN,UNKNOWN,PARTIAL,PARTIAL,PARTIAL,FULL,N,CONDITIONAL,CONDITIONAL,시설접근 기준 판정 — 활동참여 개별 근거 미확보,비포장/경사 가능,숲길+오름산책로,장애인주차장+장애인화장실+곶자왈/오름 구간 주의,,,,,,휠내비길(wheelnavi.kr) 음성안내 · 제주올레 오디오가이드(jejuolle.org) 코스별 음성해설,「탐나는수어」 앱 · 제주수어통역센터 여행수어 자료(jejudeaf.com),,IN_VENUE,이용 동선에서 이용 가능,차량+도보,,,,,,,,,,,,2023-12,,,,,,,UNKNOWN,UNKNOWN,,,,,제주관광약자접근성안내센터(이지제주) · 한국관광공사 열린관광 · ㈜휴플 현장조사,2026-06,2024~2026,https://easyjeju.net,제주관광공사 「오감으로 즐기는 제주」(2023.12.22) · 한국관광공사 열린관광지 · 이지제주,"현재 무장애 정보는 이동(지체) 접근성 기준입니다. 시각·청각·발달 장애 정보는 확보 중이며, 열린관광 모두의여행(access.visitkorea.or.kr) 또는 이지제주(easyjeju.net)에서 확인하실 수 있습니다.",SURVEYED,,,v3,ROUTE_SURVEY,경로 상태 조사: 숲길+오름산책로,,,,Y,UNKNOWN,UNKNOWN,
ACC_P520,P520,PARTIAL,UNKNOWN,UNKNOWN,UNKNOWN,PARTIAL,PARTIAL,PARTIAL,UNKNOWN,Y,CONDITIONAL,CONDITIONAL,"대포연대 인근 해안길 일부 조망 가능 / 포구는 포장·비포장 혼재, 편의시설 미확인",경사/턱 가능,포장/비포장 혼재+해안 포구,대포연대 인근 해안길 일부 휠체어 조망 가능+장애인편의 확인필요,경로 조사 — 포장과 비포장이 섞인 해안 포구. 대포연대 인근 해안길 일부에서 조망 가능. 장애인 편의시설 확인 필요,"대포연대 인근 해안길 일부에서 주상절리 방향 바다를 보실 수 있습니다. 다만 포구 쪽은 포장과 비포장이 섞여 있어 구간에 따라 이동이 어려워질 수 있고, 장애인 편의시설은 확인되지 않았습니다.",,,,휠내비길(wheelnavi.kr) 음성안내 · 제주올레 오디오가이드(jejuolle.org) 코스별 음성해설,「탐나는수어」 앱 · 제주수어통역센터 여행수어 자료(jejudeaf.com),,,,차량+대중교통+도보,,,,,,,,,,,,2023-12,,,,,,,UNKNOWN,UNKNOWN,,,,,제주관광약자접근성안내센터(이지제주) · 한국관광공사 열린관광 · ㈜휴플 현장조사,2026-06,2024~2026,https://easyjeju.net,제주관광공사 「오감으로 즐기는 제주」(2023.12.22) · 한국관광공사 열린관광지 · 이지제주,"현재 무장애 정보는 이동(지체) 접근성 기준입니다. 시각·청각·발달 장애 정보는 확보 중이며, 열린관광 모두의여행(access.visitkorea.or.kr) 또는 이지제주(easyjeju.net)에서 확인하실 수 있습니다.",SURVEYED,"[FIX86] 해양 유형 사유 이관 — 조사 기록은 routeCondition·barrierFreeDetail 참조. 잔여 확인 — 조망 가능 지점의 정확한 위치, 장애인 편의시설 유무",FIX86: 해양 유형 사유·안내문 신설,v3,ROUTE_SURVEY,경로 상태 조사: 포장/비포장 혼재+해안 포구,,,,Y,UNKNOWN,UNKNOWN,
ACC_P521,P521,PARTIAL,UNKNOWN,UNKNOWN,UNKNOWN,PARTIAL,PARTIAL,PARTIAL,UNKNOWN,Y,CONDITIONAL,CONDITIONAL,귀덕마을길 포장 구간 — 해안 내리막 급경사,해안 내리막 급경사,포장길+건널목 주의,귀덕마을길 코스+정자 휠체어 접근 가능(도움 필요)+급경사 구간,마을길 포장 구간과 정자 이용 가능 / 해안 쪽 내리막 급경사,"귀덕마을길 코스에 있으며 길은 포장되어 있습니다. 정자까지는 도움이 있으면 접근할 수 있고, 해안 쪽은 내리막 급경사입니다. 건널목이 있어 주의가 필요합니다.",,,,휠내비길(wheelnavi.kr) 음성안내 · 제주올레 오디오가이드(jejuolle.org) 코스별 음성해설,「탐나는수어」 앱 · 제주수어통역센터 여행수어 자료(jejudeaf.com),,,,차량+대중교통+도보,,,,,,,,,,,,2023-12,,,,,,,UNKNOWN,UNKNOWN,,,,,제주관광약자접근성안내센터(이지제주) · 한국관광공사 열린관광 · ㈜휴플 현장조사,2026-06,2024~2026,https://easyjeju.net,제주관광공사 「오감으로 즐기는 제주」(2023.12.22) · 한국관광공사 열린관광지 · 이지제주,"현재 무장애 정보는 이동(지체) 접근성 기준입니다. 시각·청각·발달 장애 정보는 확보 중이며, 열린관광 모두의여행(access.visitkorea.or.kr) 또는 이지제주(easyjeju.net)에서 확인하실 수 있습니다.",SURVEYED,,,v3,ROUTE_SURVEY,경로 상태 조사: 포장길+건널목 주의,,,,Y,UNKNOWN,UNKNOWN,
ACC_P522,P522,NONE,UNKNOWN,PARTIAL,UNKNOWN,NONE,NONE,PARTIAL,FULL,Y,UNAVAILABLE,UNAVAILABLE,시설접근 기준 판정 — 활동참여 개별 근거 미확보,계단/경사,동굴 탐방로+미끄럼 위험 있음,장애인주차장+장애인화장실+2026-05-30 재개방+동굴 내부 접근 어려움,,,,,탐나는수어 앱 수어해설 21곳(8.만장굴). 현장 QR·AR 수어영상,휠내비길(wheelnavi.kr) 음성안내 · 제주올레 오디오가이드(jejuolle.org) 코스별 음성해설,「탐나는수어」 앱(제주수어통역센터) + 현장 QR,,ENTRANCE_ONLY,장애인 화장실은 입구·주차장 등 부대시설에 위치. 이용 동선에는 없음,차량+대중교통+도보,,,,,,,,,,,,2023-12,,,,,,,UNKNOWN,UNKNOWN,,,,,제주관광약자접근성안내센터(이지제주) · 한국관광공사 열린관광 · ㈜휴플 현장조사,2026-06,2024~2026,https://easyjeju.net,제주관광공사 「오감으로 즐기는 제주」(2023.12.22) · 한국관광공사 열린관광지 · 이지제주,"현재 무장애 정보는 이동(지체) 접근성 기준입니다. 시각·청각·발달 장애 정보는 확보 중이며, 열린관광 모두의여행(access.visitkorea.or.kr) 또는 이지제주(easyjeju.net)에서 확인하실 수 있습니다.",SURVEYED,,,v3,ROUTE_SURVEY,경로 상태 조사: 동굴 탐방로+미끄럼 위험 있음,,,,N,UNKNOWN,UNKNOWN,시각·청각 접근성 정보가 확인되지 않았습니다
ACC_P523,P523,UNKNOWN,UNKNOWN,UNKNOWN,UNKNOWN,UNKNOWN,UNKNOWN,UNKNOWN,UNKNOWN,Y,UNKNOWN,UNKNOWN,,,포구/해안도로+접근성 정보 미확인,별도포구 위치 확인+무장애 편의시설 확인필요,,,,,,휠내비길(wheelnavi.kr) 음성안내 · 제주올레 오디오가이드(jejuolle.org) 코스별 음성해설,「탐나는수어」 앱 · 제주수어통역센터 여행수어 자료(jejudeaf.com),,,,차량+대중교통+도보,,,,,,,,,,,,2023-12,,,,,,,UNKNOWN,UNKNOWN,,,,,제주관광약자접근성안내센터(이지제주) · 한국관광공사 열린관광 · ㈜휴플 현장조사,2026-06,2024~2026,https://easyjeju.net,제주관광공사 「오감으로 즐기는 제주」(2023.12.22) · 한국관광공사 열린관광지 · 이지제주,"현재 무장애 정보는 이동(지체) 접근성 기준입니다. 시각·청각·발달 장애 정보는 확보 중이며, 열린관광 모두의여행(access.visitkorea.or.kr) 또는 이지제주(easyjeju.net)에서 확인하실 수 있습니다.",SURVEYED,,,v3,FACILITY_SURVEY,편의시설 조사: 별도포구 위치 확인+무장애 편의시설 확인필요,,,,Y,UNKNOWN,UNKNOWN,
ACC_P524,P524,PARTIAL,UNKNOWN,UNKNOWN,UNKNOWN,PARTIAL,PARTIAL,PARTIAL,FULL,Y,CONDITIONAL,CONDITIONAL,시설접근 기준 판정 — 활동참여 개별 근거 미확보,경사 있음,포장/판석+턱 있음+불규칙 노면,옥돔마을포구길+체육공원 야외 장애인화장실+급경사/턱 구간,,,,,,휠내비길(wheelnavi.kr) 음성안내 · 제주올레 오디오가이드(jejuolle.org) 코스별 음성해설,「탐나는수어」 앱 · 제주수어통역센터 여행수어 자료(jejudeaf.com),,IN_VENUE,이용 동선에서 이용 가능,차량+대중교통+도보,,,,,,,,,,,,2023-12,,,,,,,UNKNOWN,UNKNOWN,,,,,제주관광약자접근성안내센터(이지제주) · 한국관광공사 열린관광 · ㈜휴플 현장조사,2026-06,2024~2026,https://easyjeju.net,제주관광공사 「오감으로 즐기는 제주」(2023.12.22) · 한국관광공사 열린관광지 · 이지제주,"현재 무장애 정보는 이동(지체) 접근성 기준입니다. 시각·청각·발달 장애 정보는 확보 중이며, 열린관광 모두의여행(access.visitkorea.or.kr) 또는 이지제주(easyjeju.net)에서 확인하실 수 있습니다.",SURVEYED,,,v3,ROUTE_SURVEY,경로 상태 조사: 포장/판석+턱 있음+불규칙 노면,,,,Y,UNKNOWN,UNKNOWN,
ACC_P525,P525,UNKNOWN,UNKNOWN,UNKNOWN,UNKNOWN,UNKNOWN,UNKNOWN,UNKNOWN,UNKNOWN,Y,UNKNOWN,UNKNOWN,,,마을 터/야외 유적+접근성 정보 미확인,원동 4.3 유적 위치 확인+무장애 편의시설 확인필요,,,,,,휠내비길(wheelnavi.kr) 음성안내 · 제주올레 오디오가이드(jejuolle.org) 코스별 음성해설,「탐나는수어」 앱 · 제주수어통역센터 여행수어 자료(jejudeaf.com),,,,차량+대중교통+도보,,,,,,,,,,,,2023-12,,,,,,,UNKNOWN,UNKNOWN,,,,,제주관광약자접근성안내센터(이지제주) · 한국관광공사 열린관광 · ㈜휴플 현장조사,2026-06,2024~2026,https://easyjeju.net,제주관광공사 「오감으로 즐기는 제주」(2023.12.22) · 한국관광공사 열린관광지 · 이지제주,"현재 무장애 정보는 이동(지체) 접근성 기준입니다. 시각·청각·발달 장애 정보는 확보 중이며, 열린관광 모두의여행(access.visitkorea.or.kr) 또는 이지제주(easyjeju.net)에서 확인하실 수 있습니다.",SURVEYED,,,v3,FACILITY_SURVEY,편의시설 조사: 원동 4.3 유적 위치 확인+무장애 편의시설 확인필요,,,,Y,UNKNOWN,UNKNOWN,
ACC_P526,P526,PARTIAL,UNKNOWN,UNKNOWN,UNKNOWN,PARTIAL,PARTIAL,PARTIAL,PARTIAL,Y,CONDITIONAL,CONDITIONAL,시멘트 관람로 — 돌턱·나무턱과 흙길·자갈 구간,경사 있음,시멘트 관람로+돌턱/나무턱+흙길/자갈,객사터 장애인화장실+뒷편 우회 접근 가능+돌턱/경사 구간,뒷편 우회로로 접근 가능 / 돌턱·나무턱과 흙길 구간,"관람로는 시멘트로 되어 있으나 돌턱과 나무턱, 흙길과 자갈 구간이 섞여 있고 경사가 있습니다. 뒷편으로 우회하면 접근할 수 있습니다. 객사터에 장애인 화장실이 있습니다.",,,,휠내비길(wheelnavi.kr) 음성안내 · 제주올레 오디오가이드(jejuolle.org) 코스별 음성해설,「탐나는수어」 앱 · 제주수어통역센터 여행수어 자료(jejudeaf.com),,IN_VENUE,이용 동선에서 이용 가능,차량+대중교통+도보,,,,,,,,,,,,2023-12,,,,,,,UNKNOWN,UNKNOWN,,,,,제주관광약자접근성안내센터(이지제주) · 한국관광공사 열린관광 · ㈜휴플 현장조사,2026-06,2024~2026,https://easyjeju.net,제주관광공사 「오감으로 즐기는 제주」(2023.12.22) · 한국관광공사 열린관광지 · 이지제주,"현재 무장애 정보는 이동(지체) 접근성 기준입니다. 시각·청각·발달 장애 정보는 확보 중이며, 열린관광 모두의여행(access.visitkorea.or.kr) 또는 이지제주(easyjeju.net)에서 확인하실 수 있습니다.",SURVEYED,,,v3,ROUTE_SURVEY,경로 상태 조사: 시멘트 관람로+돌턱/나무턱+흙길/자갈,,,,Y,UNKNOWN,UNKNOWN,
ACC_P527,P527,UNKNOWN,UNKNOWN,UNKNOWN,UNKNOWN,UNKNOWN,UNKNOWN,UNKNOWN,UNKNOWN,Y,UNKNOWN,UNKNOWN,,,포장도로+인도/차도 혼재+시설 정보 미확인,드라이브/산책로 위치 확인+무장애 편의시설 확인필요,,,,,,휠내비길(wheelnavi.kr) 음성안내 · 제주올레 오디오가이드(jejuolle.org) 코스별 음성해설,「탐나는수어」 앱 · 제주수어통역센터 여행수어 자료(jejudeaf.com),,,,차량+대중교통+도보,,,,,,,,,,,,2023-12,,,,,,,UNKNOWN,UNKNOWN,,,,,제주관광약자접근성안내센터(이지제주) · 한국관광공사 열린관광 · ㈜휴플 현장조사,2026-06,2024~2026,https://easyjeju.net,제주관광공사 「오감으로 즐기는 제주」(2023.12.22) · 한국관광공사 열린관광지 · 이지제주,"현재 무장애 정보는 이동(지체) 접근성 기준입니다. 시각·청각·발달 장애 정보는 확보 중이며, 열린관광 모두의여행(access.visitkorea.or.kr) 또는 이지제주(easyjeju.net)에서 확인하실 수 있습니다.",SURVEYED,,,v3,FACILITY_SURVEY,편의시설 조사: 드라이브/산책로 위치 확인+무장애 편의시설 확인필요,,,,Y,UNKNOWN,UNKNOWN,
ACC_P528,P528,PARTIAL,UNKNOWN,UNKNOWN,UNKNOWN,PARTIAL,PARTIAL,PARTIAL,PARTIAL,Y,CONDITIONAL,CONDITIONAL,시설접근 기준 판정 — 활동참여 개별 근거 미확보,포장/경사 있음,야외 관람로+일부 화장실 접근 단차,휠체어관람로+장애인화장실+경사로+주차장 화장실 접근 주의,,,,,,휠내비길(wheelnavi.kr) 음성안내 · 제주올레 오디오가이드(jejuolle.org) 코스별 음성해설,「탐나는수어」 앱 · 제주수어통역센터 여행수어 자료(jejudeaf.com),,IN_VENUE,이용 동선에서 이용 가능,차량+대중교통,,,,,,,,,,,,2023-12,,,,,,,UNKNOWN,UNKNOWN,,,,,제주관광약자접근성안내센터(이지제주) · 한국관광공사 열린관광 · ㈜휴플 현장조사,2026-06,2024~2026,https://easyjeju.net,제주관광공사 「오감으로 즐기는 제주」(2023.12.22) · 한국관광공사 열린관광지 · 이지제주,"현재 무장애 정보는 이동(지체) 접근성 기준입니다. 시각·청각·발달 장애 정보는 확보 중이며, 열린관광 모두의여행(access.visitkorea.or.kr) 또는 이지제주(easyjeju.net)에서 확인하실 수 있습니다.",SURVEYED,,,v3,ROUTE_SURVEY,경로 상태 조사: 야외 관람로+일부 화장실 접근 단차,,,,Y,UNKNOWN,UNKNOWN,
ACC_P529,P529,PARTIAL,PARTIAL,UNKNOWN,UNKNOWN,PARTIAL,FULL,FULL,FULL,Y,CONDITIONAL,CONDITIONAL,시설접근 기준 판정 — 활동참여 개별 근거 미확보,경사로 6~10도,포장 보행로+야외 관람로,장애인주차장+장애인화장실+휠체어 대여+수유실+단독접근 가능 관람로,일부 구간의 경사가 가팔라 통행이 제한됨,,,점자 안내판 보유 (제주관광공사 「오감으로 즐기는 제주」 2023.12),,휠내비길(wheelnavi.kr) 음성안내 · 제주올레 오디오가이드(jejuolle.org) 코스별 음성해설,「탐나는수어」 앱 · 제주수어통역센터 여행수어 자료(jejudeaf.com),,IN_VENUE,이용 동선에서 이용 가능,차량+대중교통+도보,NONE,Y,,,,,㈜휴플 자체 현장조사 (2024~2025),,,,,2023-12,,,,,,,UNKNOWN,UNKNOWN,,,,,제주관광약자접근성안내센터(이지제주) · 한국관광공사 열린관광 · ㈜휴플 현장조사,2026-06,2024~2026,https://easyjeju.net,제주관광공사 「오감으로 즐기는 제주」(2023.12.22) · 한국관광공사 열린관광지 · 이지제주,"현재 무장애 정보는 이동(지체) 접근성 기준입니다. 시각·청각·발달 장애 정보는 확보 중이며, 열린관광 모두의여행(access.visitkorea.or.kr) 또는 이지제주(easyjeju.net)에서 확인하실 수 있습니다.",VERIFIED,,FIX20: FULL 재점검 — 구간편차 기준 일괄 적용,v3,FIELD_SURVEY,㈜휴플 자체 현장조사 / 경로: 포장 보행로+야외 관람로,,,,Y,Y,UNKNOWN,
ACC_P530,P530,PARTIAL,UNKNOWN,PARTIAL,UNKNOWN,PARTIAL,PARTIAL,FULL,FULL,Y,CONDITIONAL,CONDITIONAL,시설접근 기준 판정 — 활동참여 개별 근거 미확보,계단 혹은 경사 있음,포장 접근로+계단 있음+휠체어 접근 가능,장애인화장실+장애인주차장+기념관 입구 접근+리프트/경사로+기념탑 계단,구간별 접근 제한 — 접근로 계단 존재(우회로 미확인),,,,탐나는수어 앱 수어해설 21곳(4.제주항일기념관). 현장 QR·AR 수어영상,휠내비길(wheelnavi.kr) 음성안내 · 제주올레 오디오가이드(jejuolle.org) 코스별 음성해설,「탐나는수어」 앱(제주수어통역센터) + 현장 QR,,IN_VENUE,이용 동선에서 이용 가능,차량+대중교통,,N,,,,,㈜휴플 자체 현장조사 (2024~2025),,,,,2023-12,,,,,,,UNKNOWN,UNKNOWN,,,,,제주관광약자접근성안내센터(이지제주) · 한국관광공사 열린관광 · ㈜휴플 현장조사,2026-06,2024~2026,https://easyjeju.net,제주관광공사 「오감으로 즐기는 제주」(2023.12.22) · 한국관광공사 열린관광지 · 이지제주,"현재 무장애 정보는 이동(지체) 접근성 기준입니다. 시각·청각·발달 장애 정보는 확보 중이며, 열린관광 모두의여행(access.visitkorea.or.kr) 또는 이지제주(easyjeju.net)에서 확인하실 수 있습니다.",VERIFIED,,FIX20: FULL 재점검 — 구간편차 기준 일괄 적용,v3,FIELD_SURVEY,㈜휴플 자체 현장조사 / 경로: 포장 접근로+계단 있음+휠체어 접근 가능,,,,Y,UNKNOWN,Y,
ACC_P531,P531,PARTIAL,UNKNOWN,UNKNOWN,UNKNOWN,PARTIAL,PARTIAL,PARTIAL,NONE,Y,CONDITIONAL,CONDITIONAL,"포구 — 급경사와 턱, 화장실 접근 제한",급경사/턱 있음,포장/잔디/방파제+계단 있음,장애인주차장 없음+카페 경사로 일부 가능+화장실 턱/잠김+포구 계단,포장 구간과 카페 경사로 일부 이용 가능 / 포구 쪽은 계단과 급경사,"포장 구간과 잔디밭이 섞여 있고 포구 쪽은 계단과 급경사입니다. 카페 경사로는 일부 이용하실 수 있습니다. 장애인 주차장은 없고, 화장실은 턱이 있으며 잠겨 있는 경우가 있습니다.",,,,휠내비길(wheelnavi.kr) 음성안내 · 제주올레 오디오가이드(jejuolle.org) 코스별 음성해설,「탐나는수어」 앱 · 제주수어통역센터 여행수어 자료(jejudeaf.com),,,,차량+대중교통+도보,,,,,,,,,,,,2023-12,,,,,,,UNKNOWN,UNKNOWN,,,,,제주관광약자접근성안내센터(이지제주) · 한국관광공사 열린관광 · ㈜휴플 현장조사,2026-06,2024~2026,https://easyjeju.net,제주관광공사 「오감으로 즐기는 제주」(2023.12.22) · 한국관광공사 열린관광지 · 이지제주,"현재 무장애 정보는 이동(지체) 접근성 기준입니다. 시각·청각·발달 장애 정보는 확보 중이며, 열린관광 모두의여행(access.visitkorea.or.kr) 또는 이지제주(easyjeju.net)에서 확인하실 수 있습니다.",SURVEYED,,,v3,ROUTE_SURVEY,경로 상태 조사: 포장/잔디/방파제+계단 있음,,,,Y,UNKNOWN,UNKNOWN,
ACC_P532,P532,NONE,UNKNOWN,UNKNOWN,UNKNOWN,NONE,NONE,NONE,UNKNOWN,Y,UNAVAILABLE,UNAVAILABLE,절벽 트레킹 구간 — 가파른 계단과 오르막,가파른 계단/오르막,절벽길+미끄럼 위험 있음,나바론 하늘길 절벽 트레킹+계단/급경사+장애인편의 미확인,,절벽을 따라 걷는 하늘길 코스로 가파른 계단과 오르막이 있고 미끄럼 위험이 있습니다. 장애인 편의시설은 확인되지 않았습니다.,,,,휠내비길(wheelnavi.kr) 음성안내 · 제주올레 오디오가이드(jejuolle.org) 코스별 음성해설,「탐나는수어」 앱 · 제주수어통역센터 여행수어 자료(jejudeaf.com),,,,차량+대중교통+도보,,,,,,,,,,,,2023-12,,,,,,,UNKNOWN,UNKNOWN,,,,,제주관광약자접근성안내센터(이지제주) · 한국관광공사 열린관광 · ㈜휴플 현장조사,2026-06,2024~2026,https://easyjeju.net,제주관광공사 「오감으로 즐기는 제주」(2023.12.22) · 한국관광공사 열린관광지 · 이지제주,"현재 무장애 정보는 이동(지체) 접근성 기준입니다. 시각·청각·발달 장애 정보는 확보 중이며, 열린관광 모두의여행(access.visitkorea.or.kr) 또는 이지제주(easyjeju.net)에서 확인하실 수 있습니다.",SURVEYED,,,v3,FACILITY_SURVEY,편의시설 조사: 나바론 하늘길 절벽 트레킹+계단/급경사+장애인편의 미확인,,,,N,UNKNOWN,UNKNOWN,시각·청각 접근성 정보가 확인되지 않았습니다
ACC_P533,P533,PARTIAL,UNKNOWN,UNKNOWN,UNKNOWN,PARTIAL,PARTIAL,PARTIAL,FULL,Y,CONDITIONAL,CONDITIONAL,시설접근 기준 판정 — 활동참여 개별 근거 미확보,나무데크길: 접근성 정보 있음 (계단 혹은 경사 있음. 길 상태 안 좋음)+내리막길 시작/끌: 접근성 정보 있음 (계단 혹은 경사 있음. 길 상태 안 좋음)+돌계단6개: 접근성 정보 있음 (계단 혹은 경사 있음. 길 상태 안 좋음),포장 접근로+입구 낮은 턱+주변 돌길/계단 구간,장애인주차장+장애인화장실+엘리베이터+기념관 휠체어 접근+주변 계단 구간,,,,,,휠내비길(wheelnavi.kr) 음성안내 · 제주올레 오디오가이드(jejuolle.org) 코스별 음성해설,「탐나는수어」 앱 · 제주수어통역센터 여행수어 자료(jejudeaf.com),,IN_VENUE,이용 동선에서 이용 가능,차량+대중교통,,,,,,,,,,,,2023-12,,,,,,,UNKNOWN,UNKNOWN,,,,,제주관광약자접근성안내센터(이지제주) · 한국관광공사 열린관광 · ㈜휴플 현장조사,2026-06,2024~2026,https://easyjeju.net,제주관광공사 「오감으로 즐기는 제주」(2023.12.22) · 한국관광공사 열린관광지 · 이지제주,"현재 무장애 정보는 이동(지체) 접근성 기준입니다. 시각·청각·발달 장애 정보는 확보 중이며, 열린관광 모두의여행(access.visitkorea.or.kr) 또는 이지제주(easyjeju.net)에서 확인하실 수 있습니다.",SURVEYED,,,v3,ROUTE_SURVEY,경로 상태 조사: 포장 접근로+입구 낮은 턱+주변 돌길/계단 구간,,,,Y,UNKNOWN,UNKNOWN,
ACC_P534,P534,NONE,UNKNOWN,UNKNOWN,UNKNOWN,NONE,NONE,PARTIAL,UNKNOWN,Y,UNAVAILABLE,UNAVAILABLE,주차장 등 진입부는 이용 가능 / 오름 등반로는 접근 불가,경사 있음,오름/분화구 주변+비포장+수풀,하논 분화구 내 보롬이 위치 확인+무장애 편의시설 미확인,,보롬이(하논·하구구)의 오름 등반로는 비포장 자연 노면·수풀이라 휠체어로 이동하시기 어렵습니다. 장애인 화장실은 확인되지 않았습니다.,,,,휠내비길(wheelnavi.kr) 음성안내 · 제주올레 오디오가이드(jejuolle.org) 코스별 음성해설,「탐나는수어」 앱 · 제주수어통역센터 여행수어 자료(jejudeaf.com),,,,차량+대중교통+도보,,,,,,,,,,,,2023-12,,,,,,,UNKNOWN,UNKNOWN,,,,,제주관광약자접근성안내센터(이지제주) · 한국관광공사 열린관광 · ㈜휴플 현장조사,2026-06,2024~2026,https://easyjeju.net,제주관광공사 「오감으로 즐기는 제주」(2023.12.22) · 한국관광공사 열린관광지 · 이지제주,"현재 무장애 정보는 이동(지체) 접근성 기준입니다. 시각·청각·발달 장애 정보는 확보 중이며, 열린관광 모두의여행(access.visitkorea.or.kr) 또는 이지제주(easyjeju.net)에서 확인하실 수 있습니다.",SURVEYED,[FIX89] 산·오름 사유 이관 — 조사 기록은 routeCondition·barrierFreeDetail 참조,,v3,ROUTE_SURVEY,경로 상태 조사: 오름/분화구 주변+비포장+수풀,,,,N,UNKNOWN,UNKNOWN,"시각장애인은 동행자와 함께라면 이용 가능할 수 있으나 안내 설비 정보가 없습니다. 청각장애인은 이동에 제약이 적을 것으로 보이나, 조난 시 연락 수단·안내 방송 여부가 확인되지 않았습니다"
ACC_P535,P535,PARTIAL,UNKNOWN,UNKNOWN,UNKNOWN,PARTIAL,PARTIAL,PARTIAL,FULL,N,CONDITIONAL,CONDITIONAL,시설접근 기준 판정 — 활동참여 개별 근거 미확보,"관람로 내 계단 있습니다+4도 경사로 설치되어 있습니다+경사로 손잡이에 점자 스티커 부착되어 있으며, 손잡이 없는 구간 있습니다",전시관 일부 이동 제한,장애인주차장+장애인화장실+슬로프+휠체어 대여+유모차 대여+제2전시관 내부휠체어 제한,,,,,,휠내비길(wheelnavi.kr) 음성안내 · 제주올레 오디오가이드(jejuolle.org) 코스별 음성해설,「탐나는수어」 앱 · 제주수어통역센터 여행수어 자료(jejudeaf.com),,IN_VENUE,이용 동선에서 이용 가능,차량,,,,,,,,,,,,2023-12,,,,,,,UNKNOWN,UNKNOWN,,,,,제주관광약자접근성안내센터(이지제주) · 한국관광공사 열린관광 · ㈜휴플 현장조사,2026-06,2024~2026,https://easyjeju.net,제주관광공사 「오감으로 즐기는 제주」(2023.12.22) · 한국관광공사 열린관광지 · 이지제주,"현재 무장애 정보는 이동(지체) 접근성 기준입니다. 시각·청각·발달 장애 정보는 확보 중이며, 열린관광 모두의여행(access.visitkorea.or.kr) 또는 이지제주(easyjeju.net)에서 확인하실 수 있습니다.",SURVEYED,,,v3,ROUTE_SURVEY,경로 상태 조사: 전시관 일부 이동 제한,,,,Y,UNKNOWN,UNKNOWN,
ACC_P536,P536,NONE,UNKNOWN,UNKNOWN,UNKNOWN,NONE,NONE,PARTIAL,UNKNOWN,Y,UNAVAILABLE,UNAVAILABLE,숲길 자연 노면 — 접근 불가,,비포장 숲길+야자매트/흙길+노면 불량 가능,지질트레일 숲길+평탄 구간 있으나 휠체어 편의 확인필요+화장실 정보 미확인,,"삼다수숲길 지질트레일 1코스는 비포장 숲길로 야자매트와 흙길이 섞여 있고 노면이 고르지 않은 곳이 있어 휠체어로 이동하시기 어렵습니다. 평탄한 구간이 있으나 휠체어 편의 여부는 확인되지 않았고, 화장실 정보도 확인되지 않았습니다.",,,,휠내비길(wheelnavi.kr) 음성안내 · 제주올레 오디오가이드(jejuolle.org) 코스별 음성해설,「탐나는수어」 앱 · 제주수어통역센터 여행수어 자료(jejudeaf.com),,,,차량+대중교통+도보,,,,,,,,,,,,2023-12,,,,,,,UNKNOWN,UNKNOWN,,,,,제주관광약자접근성안내센터(이지제주) · 한국관광공사 열린관광 · ㈜휴플 현장조사,2026-06,2024~2026,https://easyjeju.net,제주관광공사 「오감으로 즐기는 제주」(2023.12.22) · 한국관광공사 열린관광지 · 이지제주,"현재 무장애 정보는 이동(지체) 접근성 기준입니다. 시각·청각·발달 장애 정보는 확보 중이며, 열린관광 모두의여행(access.visitkorea.or.kr) 또는 이지제주(easyjeju.net)에서 확인하실 수 있습니다.",SURVEYED,,[FIX90] 트레일 사유 이관 — 조사 기록은 routeCondition·barrierFreeDetail·slopeInfo 참조,v3,ROUTE_SURVEY,경로 상태 조사: 비포장 숲길+야자매트/흙길+노면 불량 가능,,,,N,UNKNOWN,UNKNOWN,"시각장애인은 동행자와 함께라면 이용 가능할 수 있으나 안내 설비 정보가 없습니다. 청각장애인은 이동에 제약이 적을 것으로 보이나, 조난 시 연락 수단·안내 방송 여부가 확인되지 않았습니다"
ACC_P537,P537,PARTIAL,UNKNOWN,UNKNOWN,UNKNOWN,PARTIAL,PARTIAL,PARTIAL,PARTIAL,Y,CONDITIONAL,CONDITIONAL,포장 해안도로와 데크 구간은 이동 가능 / 인도 단절·계단 구간은 접근 제한,,포장 해안도로+나무데크+일부 인도 끊김/계단,나무데크 구간+벌낭포구 공터 장애인화장실+삼양해수욕장 화장실 접근 주의,포장 해안도로와 나무데크 구간 이동 가능. 인도가 끊기거나 계단이 나오는 구간 존재,"삼양해안도로는 포장 해안도로와 나무데크 구간이 있어 휠체어로 이동하실 수 있습니다. 장애인 화장실은 벌낭포구 공터 쪽에 있습니다. 다만 중간에 인도가 끊기거나 계단이 나오는 곳이 있고, 삼양해수욕장 쪽 화장실은 접근에 주의가 필요합니다.",,,,휠내비길(wheelnavi.kr) 음성안내 · 제주올레 오디오가이드(jejuolle.org) 코스별 음성해설,「탐나는수어」 앱 · 제주수어통역센터 여행수어 자료(jejudeaf.com),,IN_VENUE,이용 동선에서 이용 가능,차량+대중교통+도보,,,,,,,,,,,,2023-12,,,,,,,UNKNOWN,UNKNOWN,,,,,제주관광약자접근성안내센터(이지제주) · 한국관광공사 열린관광 · ㈜휴플 현장조사,2026-06,2024~2026,https://easyjeju.net,제주관광공사 「오감으로 즐기는 제주」(2023.12.22) · 한국관광공사 열린관광지 · 이지제주,"현재 무장애 정보는 이동(지체) 접근성 기준입니다. 시각·청각·발달 장애 정보는 확보 중이며, 열린관광 모두의여행(access.visitkorea.or.kr) 또는 이지제주(easyjeju.net)에서 확인하실 수 있습니다.",SURVEYED,,[FIX90] 트레일 사유 이관 — 조사 기록은 routeCondition·barrierFreeDetail·slopeInfo 참조,v3,ROUTE_SURVEY,경로 상태 조사: 포장 해안도로+나무데크+일부 인도 끊김/계단,,,,Y,UNKNOWN,UNKNOWN,
ACC_P538,P538,NONE,UNKNOWN,UNKNOWN,UNKNOWN,NONE,NONE,NONE,UNKNOWN,Y,UNAVAILABLE,UNAVAILABLE,"해안 돌성곽 — 비포장 단차, 접근 난이도 높음",,해안도로 산책로+돌성곽+비포장/단차 가능,애월환해장성 위치 확인+접근 난이도 아주 어려움+장애인편의 미확인,,해안도로 산책로에서 돌로 쌓은 성곽으로 이어지며 비포장에 단차가 있습니다. 성곽 구간은 접근이 어렵고 장애인 편의시설은 확인되지 않았습니다. 해안도로에서 성곽을 바라보실 수 있습니다.,,,,휠내비길(wheelnavi.kr) 음성안내 · 제주올레 오디오가이드(jejuolle.org) 코스별 음성해설,「탐나는수어」 앱 · 제주수어통역센터 여행수어 자료(jejudeaf.com),,,,차량+대중교통+도보,,,,,,,,,,,,2023-12,,,,,,,UNKNOWN,UNKNOWN,,,,,제주관광약자접근성안내센터(이지제주) · 한국관광공사 열린관광 · ㈜휴플 현장조사,2026-06,2024~2026,https://easyjeju.net,제주관광공사 「오감으로 즐기는 제주」(2023.12.22) · 한국관광공사 열린관광지 · 이지제주,"현재 무장애 정보는 이동(지체) 접근성 기준입니다. 시각·청각·발달 장애 정보는 확보 중이며, 열린관광 모두의여행(access.visitkorea.or.kr) 또는 이지제주(easyjeju.net)에서 확인하실 수 있습니다.",SURVEYED,,,v3,ROUTE_SURVEY,경로 상태 조사: 해안도로 산책로+돌성곽+비포장/단차 가능,,,,N,UNKNOWN,UNKNOWN,시각·청각 접근성 정보가 확인되지 않았습니다
ACC_P539,P539,PARTIAL,UNKNOWN,UNKNOWN,UNKNOWN,PARTIAL,PARTIAL,PARTIAL,FULL,Y,CONDITIONAL,CONDITIONAL,엉알해변길 휠체어 진입 구간과 장애인 화장실 이용 가능 / 일부 비포장 구간,절벽/경사,해안 산책로+비포장 가능,차귀도엉알해변길 휠체어 진입 가능 구간+장애인화장실+해안절벽 구간 주의,"경로 조사 — 차귀도 엉알해변길에 휠체어 진입 가능 구간 확보, 장애인 화장실 있음. 해안 산책로 일부는 비포장",엉알해변길에 휠체어로 진입할 수 있는 구간이 있고 장애인 화장실도 있습니다. 수월봉 해안 절벽을 가까이서 보실 수 있는 자리입니다. 다만 해안 산책로 일부는 비포장이라 구간에 따라 이동이 어려워질 수 있습니다.,,,,휠내비길(wheelnavi.kr) 음성안내 · 제주올레 오디오가이드(jejuolle.org) 코스별 음성해설,「탐나는수어」 앱 · 제주수어통역센터 여행수어 자료(jejudeaf.com),,IN_VENUE,이용 동선에서 이용 가능,차량+대중교통+도보,,,,,,,,,,,,2023-12,,,,,,,UNKNOWN,UNKNOWN,,,,,제주관광약자접근성안내센터(이지제주) · 한국관광공사 열린관광 · ㈜휴플 현장조사,2026-06,2024~2026,https://easyjeju.net,제주관광공사 「오감으로 즐기는 제주」(2023.12.22) · 한국관광공사 열린관광지 · 이지제주,"현재 무장애 정보는 이동(지체) 접근성 기준입니다. 시각·청각·발달 장애 정보는 확보 중이며, 열린관광 모두의여행(access.visitkorea.or.kr) 또는 이지제주(easyjeju.net)에서 확인하실 수 있습니다.",SURVEYED,[FIX86] 해양 유형 사유 이관 — 조사 기록은 routeCondition·barrierFreeDetail 참조. 잔여 확인 — 휠체어 진입 가능 구간의 시·종점과 연장,FIX86: 해양 유형 사유·안내문 신설,v3,ROUTE_SURVEY,경로 상태 조사: 해안 산책로+비포장 가능,,,,Y,UNKNOWN,UNKNOWN,
ACC_P540,P540,UNKNOWN,UNKNOWN,UNKNOWN,UNKNOWN,UNKNOWN,UNKNOWN,UNKNOWN,UNKNOWN,N,UNKNOWN,UNKNOWN,,,생태공원/축제장+완만한 산책로+행사장 접근성 확인필요,대왕수천예래생태공원+야외공연장/화장실+축제 무장애 편의 확인필요,,,,,,휠내비길(wheelnavi.kr) 음성안내 · 제주올레 오디오가이드(jejuolle.org) 코스별 음성해설,「탐나는수어」 앱 · 제주수어통역센터 여행수어 자료(jejudeaf.com),,,,차량+도보,,,,,,,,,,,,2023-12,EVENT_CROWD,행사 기간 부스·관람객 밀집으로 통행 제약. 평시와 접근성이 크게 다름,,,,,UNKNOWN,UNKNOWN,,,,,제주관광약자접근성안내센터(이지제주) · 한국관광공사 열린관광 · ㈜휴플 현장조사,2026-06,2024~2026,https://easyjeju.net,제주관광공사 「오감으로 즐기는 제주」(2023.12.22) · 한국관광공사 열린관광지 · 이지제주,"현재 무장애 정보는 이동(지체) 접근성 기준입니다. 시각·청각·발달 장애 정보는 확보 중이며, 열린관광 모두의여행(access.visitkorea.or.kr) 또는 이지제주(easyjeju.net)에서 확인하실 수 있습니다.",SURVEYED,,,v3,FACILITY_SURVEY,편의시설 조사: 대왕수천예래생태공원+야외공연장/화장실+축제 무장애 편의 확인필요,,,,Y,UNKNOWN,UNKNOWN,
ACC_P541,P541,UNKNOWN,UNKNOWN,UNKNOWN,UNKNOWN,UNKNOWN,UNKNOWN,UNKNOWN,UNKNOWN,N,UNKNOWN,UNKNOWN,,,포장 해안도로+인도/갓길 확인필요+해안 월파 주의,예래해안도로 위치 확인+무장애 편의시설 확인필요,,,,,,휠내비길(wheelnavi.kr) 음성안내 · 제주올레 오디오가이드(jejuolle.org) 코스별 음성해설,「탐나는수어」 앱 · 제주수어통역센터 여행수어 자료(jejudeaf.com),,,,차량+도보,,,,,,,,,,,,2023-12,,,,,,,UNKNOWN,UNKNOWN,,,,,제주관광약자접근성안내센터(이지제주) · 한국관광공사 열린관광 · ㈜휴플 현장조사,2026-06,2024~2026,https://easyjeju.net,제주관광공사 「오감으로 즐기는 제주」(2023.12.22) · 한국관광공사 열린관광지 · 이지제주,"현재 무장애 정보는 이동(지체) 접근성 기준입니다. 시각·청각·발달 장애 정보는 확보 중이며, 열린관광 모두의여행(access.visitkorea.or.kr) 또는 이지제주(easyjeju.net)에서 확인하실 수 있습니다.",SURVEYED,,,v3,FACILITY_SURVEY,편의시설 조사: 예래해안도로 위치 확인+무장애 편의시설 확인필요,,,,Y,UNKNOWN,UNKNOWN,
ACC_P542,P542,UNKNOWN,UNKNOWN,UNKNOWN,UNKNOWN,UNKNOWN,UNKNOWN,UNKNOWN,UNKNOWN,Y,UNKNOWN,UNKNOWN,,,전통가옥 마을길+흙길/돌길 가능+접근성 정보 미확인,성읍민속마을 내 위치 확인+무장애 편의시설 확인필요,,,,,,휠내비길(wheelnavi.kr) 음성안내 · 제주올레 오디오가이드(jejuolle.org) 코스별 음성해설,「탐나는수어」 앱 · 제주수어통역센터 여행수어 자료(jejudeaf.com),,,,차량+대중교통+도보,,,,,,,,,,,,2023-12,,,,,,,UNKNOWN,UNKNOWN,,,,,제주관광약자접근성안내센터(이지제주) · 한국관광공사 열린관광 · ㈜휴플 현장조사,2026-06,2024~2026,https://easyjeju.net,제주관광공사 「오감으로 즐기는 제주」(2023.12.22) · 한국관광공사 열린관광지 · 이지제주,"현재 무장애 정보는 이동(지체) 접근성 기준입니다. 시각·청각·발달 장애 정보는 확보 중이며, 열린관광 모두의여행(access.visitkorea.or.kr) 또는 이지제주(easyjeju.net)에서 확인하실 수 있습니다.",SURVEYED,,,v3,FACILITY_SURVEY,편의시설 조사: 성읍민속마을 내 위치 확인+무장애 편의시설 확인필요,,,,Y,UNKNOWN,UNKNOWN,
ACC_P543,P543,PARTIAL,UNKNOWN,UNKNOWN,UNKNOWN,PARTIAL,PARTIAL,FULL,UNKNOWN,N,AVAILABLE,AVAILABLE,매트길·출입구 턱 없음으로 야외 전시 관람 가능 / 곶자왈 산책길 구간은 자연 노면,,넓은 부지+매트길+출입구 턱 없음+곶자왈 산책길,휠체어/전동휠체어 진입 쉬움+매트 이동로+장애인화장실 확인필요,"경로 조사 — 넓은 부지에 매트길 설치, 출입구 턱 없음. 곶자왈 산책길 구간은 자연 노면. 주차장·화장실·식음료시설·안내시설 확보, 장애인 전용 여부는 미확인","부지가 넓고 매트길이 깔려 있으며 출입구에 턱이 없어 야외 전시를 둘러보시기 좋습니다. 주차장과 화장실, 식음료시설이 있습니다. 다만 곶자왈 산책길 구간은 자연 노면이라 매트길이 끝나는 지점부터는 이동이 어려워질 수 있습니다.",,,,휠내비길(wheelnavi.kr) 음성안내 · 제주올레 오디오가이드(jejuolle.org) 코스별 음성해설,「탐나는수어」 앱 · 제주수어통역센터 여행수어 자료(jejudeaf.com),,,,차량,,,,,,,,,,,,2023-12,,,,,,,UNKNOWN,UNKNOWN,,,,,제주관광약자접근성안내센터(이지제주) · 한국관광공사 열린관광 · ㈜휴플 현장조사,2026-06,2024~2026,https://easyjeju.net,제주관광공사 「오감으로 즐기는 제주」(2023.12.22) · 한국관광공사 열린관광지 · 이지제주,"현재 무장애 정보는 이동(지체) 접근성 기준입니다. 시각·청각·발달 장애 정보는 확보 중이며, 열린관광 모두의여행(access.visitkorea.or.kr) 또는 이지제주(easyjeju.net)에서 확인하실 수 있습니다.",SURVEYED,"[FIX85] 잔여 확인 — 매트길 연장과 곶자왈 산책길 분기 지점, 장애인 전용 시설 유무",FIX85: 이용자 안내문 신설 — 내부 표기 사유 제거,v3,ROUTE_SURVEY,경로 상태 조사: 넓은 부지+매트길+출입구 턱 없음+곶자왈 산책길,,,,Y,UNKNOWN,UNKNOWN,
ACC_P544,P544,UNKNOWN,UNKNOWN,UNKNOWN,UNKNOWN,UNKNOWN,PARTIAL,UNKNOWN,UNKNOWN,Y,UNKNOWN,UNKNOWN,,,포장도로변+편의점/야외좌석+출입구 단차 확인필요,해안도로 편의점+야외좌석+장애인편의 확인필요,,,,,,휠내비길(wheelnavi.kr) 음성안내 · 제주올레 오디오가이드(jejuolle.org) 코스별 음성해설,「탐나는수어」 앱 · 제주수어통역센터 여행수어 자료(jejudeaf.com),,,,차량+대중교통,,,,,,,,,,,,2023-12,,,,,,,UNKNOWN,UNKNOWN,,,,,제주관광약자접근성안내센터(이지제주) · 한국관광공사 열린관광 · ㈜휴플 현장조사,2026-06,2024~2026,https://easyjeju.net · https://www.data.go.kr/data/15101897/openapi.do,제주관광공사 「오감으로 즐기는 제주」(2023.12.22) · 한국관광공사 열린관광지 · 이지제주,"현재 무장애 정보는 이동(지체) 접근성 기준입니다. 시각·청각·발달 장애 정보는 확보 중이며, 열린관광 모두의여행(access.visitkorea.or.kr) 또는 이지제주(easyjeju.net)에서 확인하실 수 있습니다.",SURVEYED,[FIX65] 한국관광공사 무장애 API(detailWithTour2) — babysparechair=유아의자 비치(5대),FIX65: strollerAccess UNKNOWN→PARTIAL (KTO API),v3,ROUTE_SURVEY,경로 상태 조사: 포장도로변+편의점/야외좌석+출입구 단차 확인필요,,,,Y,UNKNOWN,UNKNOWN,
ACC_P545,P545,NONE,UNKNOWN,UNKNOWN,UNKNOWN,NONE,NONE,PARTIAL,UNKNOWN,N,UNAVAILABLE,UNAVAILABLE,"농로 비포장 — 돌밭·흙길, 노면 고르지 않음",,비포장+돌밭/흙길+넓은 농로+노면 고르지 않음,주차 가능+일반화장실 가능+비포장 꽃밭 동선+장애인편의 미확인,,메밀밭 사이 농로가 넓지만 돌밭과 흙길이라 노면이 고르지 않습니다. 주차와 일반 화장실은 가능하며 장애인 편의시설은 확인되지 않았습니다. 500m 안에 대중교통 정류장은 없습니다.,,,,휠내비길(wheelnavi.kr) 음성안내 · 제주올레 오디오가이드(jejuolle.org) 코스별 음성해설,「탐나는수어」 앱 · 제주수어통역센터 여행수어 자료(jejudeaf.com),,,,차량+도보,,,,,,,,,,,,2023-12,,,,,,,UNKNOWN,UNKNOWN,,,,,제주관광약자접근성안내센터(이지제주) · 한국관광공사 열린관광 · ㈜휴플 현장조사,2026-06,2024~2026,https://easyjeju.net,제주관광공사 「오감으로 즐기는 제주」(2023.12.22) · 한국관광공사 열린관광지 · 이지제주,"현재 무장애 정보는 이동(지체) 접근성 기준입니다. 시각·청각·발달 장애 정보는 확보 중이며, 열린관광 모두의여행(access.visitkorea.or.kr) 또는 이지제주(easyjeju.net)에서 확인하실 수 있습니다.",SURVEYED,,,v3,ROUTE_SURVEY,경로 상태 조사: 비포장+돌밭/흙길+넓은 농로+노면 고르지 않음,,,,N,UNKNOWN,UNKNOWN,시각·청각 접근성 정보가 확인되지 않았습니다
ACC_P546,P546,NONE,UNKNOWN,UNKNOWN,UNKNOWN,NONE,NONE,NONE,UNKNOWN,N,UNAVAILABLE,UNAVAILABLE,주차장 등 진입부는 이용 가능 / 오름 등반로는 접근 불가,비포장/경사 있음,오름길+동굴진지 출입불가,공용주차장+가마오름 동굴진지 폐쇄/출입불가+장애인편의 미확인,,주차장까지는 차로 오실 수 있습니다. 가마오름의 오름 등반로는 정비된 길이 아니어서 휠체어로 이동하시기 어렵습니다. 장애인 화장실은 확인되지 않았습니다.,,,,휠내비길(wheelnavi.kr) 음성안내 · 제주올레 오디오가이드(jejuolle.org) 코스별 음성해설,「탐나는수어」 앱 · 제주수어통역센터 여행수어 자료(jejudeaf.com),,,,차량+도보,,,,,,,,,,,,2023-12,,,,,,,UNKNOWN,UNKNOWN,,,,,제주관광약자접근성안내센터(이지제주) · 한국관광공사 열린관광 · ㈜휴플 현장조사,2026-06,2024~2026,https://easyjeju.net,제주관광공사 「오감으로 즐기는 제주」(2023.12.22) · 한국관광공사 열린관광지 · 이지제주,"현재 무장애 정보는 이동(지체) 접근성 기준입니다. 시각·청각·발달 장애 정보는 확보 중이며, 열린관광 모두의여행(access.visitkorea.or.kr) 또는 이지제주(easyjeju.net)에서 확인하실 수 있습니다.",SURVEYED,[FIX89] 산·오름 사유 이관 — 조사 기록은 routeCondition·barrierFreeDetail 참조,,v3,ROUTE_SURVEY,경로 상태 조사: 오름길+동굴진지 출입불가,,,,N,UNKNOWN,UNKNOWN,"시각장애인은 동행자와 함께라면 이용 가능할 수 있으나 안내 설비 정보가 없습니다. 청각장애인은 이동에 제약이 적을 것으로 보이나, 조난 시 연락 수단·안내 방송 여부가 확인되지 않았습니다"
ACC_P547,P547,NONE,UNKNOWN,UNKNOWN,UNKNOWN,NONE,NONE,NONE,UNKNOWN,N,UNAVAILABLE,UNAVAILABLE,시설접근 기준 판정 — 활동참여 개별 근거 미확보,오름 기슭 경사/안전 위험,동굴 폐쇄+출입불가,동굴진지 출입불가+공용주차장+장애인편의 미확인,,,,,,휠내비길(wheelnavi.kr) 음성안내 · 제주올레 오디오가이드(jejuolle.org) 코스별 음성해설,「탐나는수어」 앱 · 제주수어통역센터 여행수어 자료(jejudeaf.com),,,,차량+도보,,,,,,,,,,,,2023-12,,,,,,,UNKNOWN,UNKNOWN,,,,,제주관광약자접근성안내센터(이지제주) · 한국관광공사 열린관광 · ㈜휴플 현장조사,2026-06,2024~2026,https://easyjeju.net,제주관광공사 「오감으로 즐기는 제주」(2023.12.22) · 한국관광공사 열린관광지 · 이지제주,"현재 무장애 정보는 이동(지체) 접근성 기준입니다. 시각·청각·발달 장애 정보는 확보 중이며, 열린관광 모두의여행(access.visitkorea.or.kr) 또는 이지제주(easyjeju.net)에서 확인하실 수 있습니다.",SURVEYED,,,v3,ROUTE_SURVEY,경로 상태 조사: 동굴 폐쇄+출입불가,,,,N,UNKNOWN,UNKNOWN,시각·청각 접근성 정보가 확인되지 않았습니다
ACC_P548,P548,UNKNOWN,UNKNOWN,UNKNOWN,UNKNOWN,UNKNOWN,UNKNOWN,UNKNOWN,UNKNOWN,Y,UNKNOWN,UNKNOWN,,,체험농장+야외 흙길/포장 혼재 가능+동선 확인필요,최남단체험감귤농장+주차/일반화장실 가능+무장애 편의 확인필요,,,,,,휠내비길(wheelnavi.kr) 음성안내 · 제주올레 오디오가이드(jejuolle.org) 코스별 음성해설,「탐나는수어」 앱 · 제주수어통역센터 여행수어 자료(jejudeaf.com),,,,차량+대중교통+도보,,,,,,,,,,,,2023-12,,,,,,,UNKNOWN,UNKNOWN,,,,,제주관광약자접근성안내센터(이지제주) · 한국관광공사 열린관광 · ㈜휴플 현장조사,2026-06,2024~2026,https://easyjeju.net,제주관광공사 「오감으로 즐기는 제주」(2023.12.22) · 한국관광공사 열린관광지 · 이지제주,"현재 무장애 정보는 이동(지체) 접근성 기준입니다. 시각·청각·발달 장애 정보는 확보 중이며, 열린관광 모두의여행(access.visitkorea.or.kr) 또는 이지제주(easyjeju.net)에서 확인하실 수 있습니다.",SURVEYED,,,v3,FACILITY_SURVEY,편의시설 조사: 최남단체험감귤농장+주차/일반화장실 가능+무장애 편의 확인필요,,,,Y,UNKNOWN,UNKNOWN,
ACC_P549,P549,NONE,UNKNOWN,UNKNOWN,UNKNOWN,NONE,NONE,NONE,UNKNOWN,N,UNAVAILABLE,UNAVAILABLE,주차장 등 진입부는 이용 가능 / 오름 등반로는 접근 불가,경사 있음,오름 숲길+비포장+도보 탐방,오름 탐방로+접근 난이도 아주 어려움+장애인편의 미확인,,가문이오름(감은이오름)의 오름 등반로는 비포장 자연 노면이라 휠체어로 이동하시기 어렵습니다. 장애인 화장실은 확인되지 않았습니다.,,,,휠내비길(wheelnavi.kr) 음성안내 · 제주올레 오디오가이드(jejuolle.org) 코스별 음성해설,「탐나는수어」 앱 · 제주수어통역센터 여행수어 자료(jejudeaf.com),,,,차량+도보,,,,,,,,,,,,2023-12,,,,,,,UNKNOWN,UNKNOWN,,,,,제주관광약자접근성안내센터(이지제주) · 한국관광공사 열린관광 · ㈜휴플 현장조사,2026-06,2024~2026,https://easyjeju.net,제주관광공사 「오감으로 즐기는 제주」(2023.12.22) · 한국관광공사 열린관광지 · 이지제주,"현재 무장애 정보는 이동(지체) 접근성 기준입니다. 시각·청각·발달 장애 정보는 확보 중이며, 열린관광 모두의여행(access.visitkorea.or.kr) 또는 이지제주(easyjeju.net)에서 확인하실 수 있습니다.",SURVEYED,[FIX89] 산·오름 사유 이관 — 조사 기록은 routeCondition·barrierFreeDetail 참조,,v3,ROUTE_SURVEY,경로 상태 조사: 오름 숲길+비포장+도보 탐방,,,,N,UNKNOWN,UNKNOWN,"시각장애인은 동행자와 함께라면 이용 가능할 수 있으나 안내 설비 정보가 없습니다. 청각장애인은 이동에 제약이 적을 것으로 보이나, 조난 시 연락 수단·안내 방송 여부가 확인되지 않았습니다"
ACC_P550,P550,PARTIAL,UNKNOWN,UNKNOWN,UNKNOWN,PARTIAL,PARTIAL,PARTIAL,FULL,Y,CONDITIONAL,CONDITIONAL,박물관·전시관은 이용 가능 / 생이소리길 돌길 구간은 접근 불가,경사 5~11도+내리막 9도,돌판석+비포장 돌길 있음,장애인화장실+주차장+전시관 접근+에코가든/식물원 일부 휠체어 어려움,박물관 주차장·장애인 화장실·전시관 접근 가능. 산책로는 돌판석과 비포장 돌길로 제한,감귤박물관 쪽은 주차장과 장애인 화장실이 있고 전시관까지 들어가실 수 있습니다. 다만 생이소리길은 돌판석과 비포장 돌길이 섞여 있고 경사가 가팔라 휠체어로 이동하시기 어렵습니다. 에코가든과 식물원도 일부 구간은 이용이 어렵습니다.,,,,휠내비길(wheelnavi.kr) 음성안내 · 제주올레 오디오가이드(jejuolle.org) 코스별 음성해설,「탐나는수어」 앱 · 제주수어통역센터 여행수어 자료(jejudeaf.com),,IN_VENUE,이용 동선에서 이용 가능,차량+대중교통+도보,,,,,,,,,,,,2023-12,,,,,,,UNKNOWN,UNKNOWN,,,,,제주관광약자접근성안내센터(이지제주) · 한국관광공사 열린관광 · ㈜휴플 현장조사,2026-06,2024~2026,https://easyjeju.net,제주관광공사 「오감으로 즐기는 제주」(2023.12.22) · 한국관광공사 열린관광지 · 이지제주,"현재 무장애 정보는 이동(지체) 접근성 기준입니다. 시각·청각·발달 장애 정보는 확보 중이며, 열린관광 모두의여행(access.visitkorea.or.kr) 또는 이지제주(easyjeju.net)에서 확인하실 수 있습니다.",SURVEYED,,[FIX90] 트레일 사유 이관 — 조사 기록은 routeCondition·barrierFreeDetail·slopeInfo 참조,v3,ROUTE_SURVEY,경로 상태 조사: 돌판석+비포장 돌길 있음,,,,Y,UNKNOWN,UNKNOWN,
ACC_P551,P551,PARTIAL,UNKNOWN,UNKNOWN,UNKNOWN,PARTIAL,PARTIAL,PARTIAL,UNKNOWN,Y,CONDITIONAL,CONDITIONAL,시설접근 기준 판정 — 활동참여 개별 근거 미확보,,해안 올레길+포구+갯바위/현무암 구간+미끄럼 위험 있음,강정포구/올레7코스+바릇잡이 체험+해안 갯바위 주의+장애인편의 확인필요,,,,,,휠내비길(wheelnavi.kr) 음성안내 · 제주올레 오디오가이드(jejuolle.org) 코스별 음성해설,「탐나는수어」 앱 · 제주수어통역센터 여행수어 자료(jejudeaf.com),,,,차량+대중교통+도보,,,,,,,,,,,,2023-12,,,,,,,UNKNOWN,UNKNOWN,,,,,제주관광약자접근성안내센터(이지제주) · 한국관광공사 열린관광 · ㈜휴플 현장조사,2026-06,2024~2026,https://easyjeju.net,제주관광공사 「오감으로 즐기는 제주」(2023.12.22) · 한국관광공사 열린관광지 · 이지제주,"현재 무장애 정보는 이동(지체) 접근성 기준입니다. 시각·청각·발달 장애 정보는 확보 중이며, 열린관광 모두의여행(access.visitkorea.or.kr) 또는 이지제주(easyjeju.net)에서 확인하실 수 있습니다.",SURVEYED,,,v3,FACILITY_SURVEY,편의시설 조사: 강정포구/올레7코스+바릇잡이 체험+해안 갯바위 주의+장애인편의 확인필요,,,,Y,UNKNOWN,UNKNOWN,
ACC_P552,P552,NONE,UNKNOWN,UNKNOWN,UNKNOWN,NONE,NONE,NONE,UNKNOWN,N,UNAVAILABLE,UNAVAILABLE,주차장 등 진입부는 이용 가능 / 오름 등반로는 접근 불가,경사 있음,오름/목장길+비포장+시설 정보 미확인,개오름 포토스팟/오름 지형+장애인편의 미확인,,개오름의 오름 등반로는 비포장 자연 노면이라 휠체어로 이동하시기 어렵습니다. 장애인 화장실은 확인되지 않았습니다.,,,,휠내비길(wheelnavi.kr) 음성안내 · 제주올레 오디오가이드(jejuolle.org) 코스별 음성해설,「탐나는수어」 앱 · 제주수어통역센터 여행수어 자료(jejudeaf.com),,,,차량+도보,,,,,,,,,,,,2023-12,,,,,,,UNKNOWN,UNKNOWN,,,,,제주관광약자접근성안내센터(이지제주) · 한국관광공사 열린관광 · ㈜휴플 현장조사,2026-06,2024~2026,https://easyjeju.net,제주관광공사 「오감으로 즐기는 제주」(2023.12.22) · 한국관광공사 열린관광지 · 이지제주,"현재 무장애 정보는 이동(지체) 접근성 기준입니다. 시각·청각·발달 장애 정보는 확보 중이며, 열린관광 모두의여행(access.visitkorea.or.kr) 또는 이지제주(easyjeju.net)에서 확인하실 수 있습니다.",SURVEYED,[FIX89] 산·오름 사유 이관 — 조사 기록은 routeCondition·barrierFreeDetail 참조,,v3,ROUTE_SURVEY,경로 상태 조사: 오름/목장길+비포장+시설 정보 미확인,,,,N,UNKNOWN,UNKNOWN,"시각장애인은 동행자와 함께라면 이용 가능할 수 있으나 안내 설비 정보가 없습니다. 청각장애인은 이동에 제약이 적을 것으로 보이나, 조난 시 연락 수단·안내 방송 여부가 확인되지 않았습니다"
ACC_P553,P553,UNKNOWN,UNKNOWN,UNKNOWN,UNKNOWN,UNKNOWN,UNKNOWN,UNKNOWN,UNKNOWN,Y,UNKNOWN,UNKNOWN,,,농원 내 전시공간+실내외 동선 확인필요,귤창고 개조 갤러리+운영 위치 확인+무장애 편의 확인필요,,,,,,휠내비길(wheelnavi.kr) 음성안내 · 제주올레 오디오가이드(jejuolle.org) 코스별 음성해설,「탐나는수어」 앱 · 제주수어통역센터 여행수어 자료(jejudeaf.com),,,,차량+대중교통,,,,,,,,,,,,2023-12,,,,,,,UNKNOWN,UNKNOWN,,,,,제주관광약자접근성안내센터(이지제주) · 한국관광공사 열린관광 · ㈜휴플 현장조사,2026-06,2024~2026,https://easyjeju.net,제주관광공사 「오감으로 즐기는 제주」(2023.12.22) · 한국관광공사 열린관광지 · 이지제주,"현재 무장애 정보는 이동(지체) 접근성 기준입니다. 시각·청각·발달 장애 정보는 확보 중이며, 열린관광 모두의여행(access.visitkorea.or.kr) 또는 이지제주(easyjeju.net)에서 확인하실 수 있습니다.",SURVEYED,,,v3,FACILITY_SURVEY,편의시설 조사: 귤창고 개조 갤러리+운영 위치 확인+무장애 편의 확인필요,,,,Y,UNKNOWN,UNKNOWN,
ACC_P554,P554,PARTIAL,UNKNOWN,UNKNOWN,UNKNOWN,PARTIAL,PARTIAL,PARTIAL,FULL,Y,CONDITIONAL,CONDITIONAL,탐방안내소는 이용 가능 / 오름 탐방로는 계단·경사로 접근 제한,전시관 경사로/엘리베이터+탐방로 계단/경사 주의,센터 평탄 접근,장애인주차장+장애인화장실+휠체어/유모차 대여+엘리베이터+탐방로 계단/경사 주의,탐방안내소에 장애인 주차구역·장애인 화장실·엘리베이터·휠체어 대여 확보. 탐방로는 계단과 경사,"거문오름은 탐방안내소까지 평탄하게 접근하실 수 있고, 장애인 주차구역과 장애인 화장실, 엘리베이터가 있으며 휠체어와 유모차도 빌리실 수 있습니다. 다만 오름 탐방로에는 계단과 경사가 있어 휠체어로 이동하시기 어렵습니다. 탐방은 예약제로 운영됩니다.",,,,휠내비길(wheelnavi.kr) 음성안내 · 제주올레 오디오가이드(jejuolle.org) 코스별 음성해설,「탐나는수어」 앱 · 제주수어통역센터 여행수어 자료(jejudeaf.com),,IN_VENUE,이용 동선에서 이용 가능,차량+대중교통+도보,,,,,,,,,,,,2023-12,,,,,,,UNKNOWN,UNKNOWN,,,,,제주관광약자접근성안내센터(이지제주) · 한국관광공사 열린관광 · ㈜휴플 현장조사,2026-06,2024~2026,https://easyjeju.net,제주관광공사 「오감으로 즐기는 제주」(2023.12.22) · 한국관광공사 열린관광지 · 이지제주,"현재 무장애 정보는 이동(지체) 접근성 기준입니다. 시각·청각·발달 장애 정보는 확보 중이며, 열린관광 모두의여행(access.visitkorea.or.kr) 또는 이지제주(easyjeju.net)에서 확인하실 수 있습니다.",SURVEYED,※ FIX53: P795 거문오름(UNESCO 세계자연유산)과 동일 장소. 좌표 430m 차이. 비짓제주 공식 레코드와 일치하는 P795 를 대표 노드로 삼고 이 노드는 추천 대상에서 제외함. 접근성 조사값은 P795 로 이관 완료. 관계(위험패턴 24·활동 2)는 이력 보존을 위해 남겨둠 [FIX89] 산·오름 사유 이관 — 조사 기록은 routeCondition·barrierFreeDetail 참조,FIX53: P795 로 병합 (중복 노드),v3,ROUTE_SURVEY,경로 상태 조사: 센터 평탄 접근,,,,Y,UNKNOWN,UNKNOWN,
ACC_P555,P555,PARTIAL,UNKNOWN,UNKNOWN,UNKNOWN,PARTIAL,PARTIAL,PARTIAL,FULL,N,CONDITIONAL,CONDITIONAL,주차장·화장실은 이용 가능 / 오름 흙길은 접근 제한,경사 있음,오름/흙길+일부 노면 불량+차량통행 주의,주차장 장애인화장실+오름 흙길/경사 구간+일부 길 상태 불량+차량통행 주의,"주차장에 장애인 화장실 확보. 오름길은 흙길에 경사가 있고 일부 노면 불량, 차량 통행 주의 필요",거슨새미오름은 주차장에 장애인 화장실이 있어 그 주변까지는 이용하실 수 있습니다. 오름으로 오르는 길은 흙길에 경사가 있고 일부 구간은 노면이 고르지 않아 휠체어로 이동하시기 어렵습니다. 진입로에 차량이 다니므로 주의해 주세요.,,,,휠내비길(wheelnavi.kr) 음성안내 · 제주올레 오디오가이드(jejuolle.org) 코스별 음성해설,「탐나는수어」 앱 · 제주수어통역센터 여행수어 자료(jejudeaf.com),,ENTRANCE_ONLY,장애인 화장실은 입구·주차장 등 부대시설에 위치. 이용 동선에는 없습니다.,차량+도보,,,,,,,,,,,,2023-12,,,,,,,UNKNOWN,UNKNOWN,오름 주차장 장애인화장실 — 탐방로 구간에는 없음,,,,제주관광약자접근성안내센터(이지제주) · 한국관광공사 열린관광 · ㈜휴플 현장조사,2026-06,2024~2026,https://easyjeju.net,제주관광공사 「오감으로 즐기는 제주」(2023.12.22) · 한국관광공사 열린관광지 · 이지제주,"현재 무장애 정보는 이동(지체) 접근성 기준입니다. 시각·청각·발달 장애 정보는 확보 중이며, 열린관광 모두의여행(access.visitkorea.or.kr) 또는 이지제주(easyjeju.net)에서 확인하실 수 있습니다.",SURVEYED,[FIX89] 산·오름 사유 이관 — 조사 기록은 routeCondition·barrierFreeDetail 참조,,v3,ROUTE_SURVEY,경로 상태 조사: 오름/흙길+일부 노면 불량+차량통행 주의,,,,Y,UNKNOWN,UNKNOWN,
ACC_P556,P556,UNKNOWN,UNKNOWN,UNKNOWN,UNKNOWN,UNKNOWN,UNKNOWN,UNKNOWN,UNKNOWN,Y,UNKNOWN,UNKNOWN,,,갤러리카페/정원+실내외 동선 확인필요,갤러리카페+야외정원+무장애 편의 확인필요,,,,,,휠내비길(wheelnavi.kr) 음성안내 · 제주올레 오디오가이드(jejuolle.org) 코스별 음성해설,「탐나는수어」 앱 · 제주수어통역센터 여행수어 자료(jejudeaf.com),,,,차량+대중교통+도보,,,,,,,,,,,,2023-12,,,,,,,UNKNOWN,UNKNOWN,,,,,제주관광약자접근성안내센터(이지제주) · 한국관광공사 열린관광 · ㈜휴플 현장조사,2026-06,2024~2026,https://easyjeju.net,제주관광공사 「오감으로 즐기는 제주」(2023.12.22) · 한국관광공사 열린관광지 · 이지제주,"현재 무장애 정보는 이동(지체) 접근성 기준입니다. 시각·청각·발달 장애 정보는 확보 중이며, 열린관광 모두의여행(access.visitkorea.or.kr) 또는 이지제주(easyjeju.net)에서 확인하실 수 있습니다.",SURVEYED,,,v3,FACILITY_SURVEY,편의시설 조사: 갤러리카페+야외정원+무장애 편의 확인필요,,,,Y,UNKNOWN,UNKNOWN,
ACC_P557,P557,PARTIAL,UNKNOWN,UNKNOWN,UNKNOWN,PARTIAL,PARTIAL,PARTIAL,FULL,N,CONDITIONAL,CONDITIONAL,관찰원 출입구·관찰로는 이용 가능 / 오름 숲길은 접근 제한,전시관 경사로,관찰원 출입구 무단차+오름 숲길/관찰로,장애인주차장+장애인화장실+휠체어/유모차 대여+관찰로+오름 숲길,"관찰원 출입구 무단차, 장애인 주차구역·장애인 화장실·휠체어 대여 확보. 오름 숲길은 자연 노면","거친오름은 관찰원 출입구에 단차가 없어 휠체어로 들어가실 수 있고, 장애인 주차구역과 장애인 화장실이 있으며 휠체어와 유모차도 빌리실 수 있습니다. 관찰로까지는 이용하실 수 있으나, 오름 숲길은 자연 노면이라 이동하시기 어렵습니다.",,,,휠내비길(wheelnavi.kr) 음성안내 · 제주올레 오디오가이드(jejuolle.org) 코스별 음성해설,「탐나는수어」 앱 · 제주수어통역센터 여행수어 자료(jejudeaf.com),,IN_VENUE,이용 동선에서 이용 가능,차량+도보,,,,,,,,,,,,2023-12,,,,,,,UNKNOWN,UNKNOWN,,,,,제주관광약자접근성안내센터(이지제주) · 한국관광공사 열린관광 · ㈜휴플 현장조사,2026-06,2024~2026,https://easyjeju.net,제주관광공사 「오감으로 즐기는 제주」(2023.12.22) · 한국관광공사 열린관광지 · 이지제주,"현재 무장애 정보는 이동(지체) 접근성 기준입니다. 시각·청각·발달 장애 정보는 확보 중이며, 열린관광 모두의여행(access.visitkorea.or.kr) 또는 이지제주(easyjeju.net)에서 확인하실 수 있습니다.",SURVEYED,[FIX89] 산·오름 사유 이관 — 조사 기록은 routeCondition·barrierFreeDetail 참조,,v3,ROUTE_SURVEY,경로 상태 조사: 관찰원 출입구 무단차+오름 숲길/관찰로,,,,Y,UNKNOWN,UNKNOWN,
ACC_P558,P558,PARTIAL,UNKNOWN,UNKNOWN,UNKNOWN,PARTIAL,PARTIAL,PARTIAL,NONE,Y,CONDITIONAL,CONDITIONAL,단차 없는 해안 올레길 이동 가능(휠내비 난이도 하) / 주차장·화장실 없음,,해안 올레길+단차 없음+암석 지형 주의,휠내비 난이도 하+올레길 이동가능+주차/화장실 없음+장애인화장실 없음,"경로 조사 — 해안 올레길로 단차 없음, 휠내비 난이도 '하'로 기록. 다만 주차장과 화장실이 없고 암석 지형 주의. 장애인 화장실 없음",해안 올레길에 단차가 없어 이동 자체는 수월한 편입니다. 다만 주차장과 화장실이 없어 오래 머무시기는 어렵습니다. 바위 지형이 있는 곳은 가장자리로 가까이 가지 않으시는 편이 안전합니다.,,,,휠내비길(wheelnavi.kr) 음성안내 · 제주올레 오디오가이드(jejuolle.org) 코스별 음성해설,「탐나는수어」 앱 · 제주수어통역센터 여행수어 자료(jejudeaf.com),,,,차량+대중교통+도보,,,,,,,,,,,,2023-12,,,,,,,UNKNOWN,UNKNOWN,,,,,제주관광약자접근성안내센터(이지제주) · 한국관광공사 열린관광 · ㈜휴플 현장조사,2026-06,2024~2026,https://easyjeju.net,제주관광공사 「오감으로 즐기는 제주」(2023.12.22) · 한국관광공사 열린관광지 · 이지제주,"현재 무장애 정보는 이동(지체) 접근성 기준입니다. 시각·청각·발달 장애 정보는 확보 중이며, 열린관광 모두의여행(access.visitkorea.or.kr) 또는 이지제주(easyjeju.net)에서 확인하실 수 있습니다.",SURVEYED,[FIX86] 해양 유형 사유 이관 — 조사 기록은 routeCondition·barrierFreeDetail 참조 ※ 등급 상향 검토 대상 — 단차 없음·난이도 하 기록에 비해 편의시설 부재만으로 PARTIAL 을 유지 중. 출처는 휠내비길(비공식) — 등급 반영 시 verifyStatus 취급 주의,FIX86: 해양 유형 사유·안내문 신설,v3,ROUTE_SURVEY,경로 상태 조사: 해안 올레길+단차 없음+암석 지형 주의,,,,Y,UNKNOWN,UNKNOWN,
ACC_P559,P559,NONE,UNKNOWN,UNKNOWN,UNKNOWN,NONE,NONE,PARTIAL,UNKNOWN,N,UNAVAILABLE,UNAVAILABLE,시설접근 기준 판정 — 활동참여 개별 근거 미확보,초반 경사 있음,오름 탐방로+계단 많음,공영주차장+일반화장실+정상 탐방 계단+장애인편의 미확인,,,,,,휠내비길(wheelnavi.kr) 음성안내 · 제주올레 오디오가이드(jejuolle.org) 코스별 음성해설,「탐나는수어」 앱 · 제주수어통역센터 여행수어 자료(jejudeaf.com),,,,차량+도보,,,,,,,,,,,,2023-12,,,,,,,UNKNOWN,UNKNOWN,,,,,제주관광약자접근성안내센터(이지제주) · 한국관광공사 열린관광 · ㈜휴플 현장조사,2026-06,2024~2026,https://easyjeju.net,제주관광공사 「오감으로 즐기는 제주」(2023.12.22) · 한국관광공사 열린관광지 · 이지제주,"현재 무장애 정보는 이동(지체) 접근성 기준입니다. 시각·청각·발달 장애 정보는 확보 중이며, 열린관광 모두의여행(access.visitkorea.or.kr) 또는 이지제주(easyjeju.net)에서 확인하실 수 있습니다.",SURVEYED,,,v3,ROUTE_SURVEY,경로 상태 조사: 오름 탐방로+계단 많음,,,,N,UNKNOWN,UNKNOWN,시각·청각 접근성 정보가 확인되지 않았습니다
ACC_P560,P560,PARTIAL,UNKNOWN,UNKNOWN,UNKNOWN,PARTIAL,PARTIAL,PARTIAL,UNKNOWN,N,CONDITIONAL,CONDITIONAL,포장 해안도로는 이동 가능 / 해안절벽 경사 구간은 접근 제한,일부 해안절벽/경사 구간,포장 해안도로+긴 구간,포장 해안도로+차귀도/수월봉/엉알해안 인접+구간별 편의 확인필요,포장 해안도로로 이동 가능하나 구간이 길고 해안절벽 쪽 경사와 편의시설 미확인,"고산일과해안도로는 포장되어 있어 휠체어로 이동하실 수 있고, 차귀도와 수월봉, 엉알해안이 가까워 함께 보실 수 있습니다. 다만 구간이 길고 해안절벽 쪽에 경사가 있으며 구간별 편의시설은 확인되지 않았습니다. 장애인 화장실도 확인되지 않았습니다.",,,,휠내비길(wheelnavi.kr) 음성안내 · 제주올레 오디오가이드(jejuolle.org) 코스별 음성해설,「탐나는수어」 앱 · 제주수어통역센터 여행수어 자료(jejudeaf.com),,,,차량+도보,,,,,,,,,,,,2023-12,,,,,,,UNKNOWN,UNKNOWN,,,,,제주관광약자접근성안내센터(이지제주) · 한국관광공사 열린관광 · ㈜휴플 현장조사,2026-06,2024~2026,https://easyjeju.net,제주관광공사 「오감으로 즐기는 제주」(2023.12.22) · 한국관광공사 열린관광지 · 이지제주,"현재 무장애 정보는 이동(지체) 접근성 기준입니다. 시각·청각·발달 장애 정보는 확보 중이며, 열린관광 모두의여행(access.visitkorea.or.kr) 또는 이지제주(easyjeju.net)에서 확인하실 수 있습니다.",SURVEYED,,[FIX90] 트레일 사유 이관 — 조사 기록은 routeCondition·barrierFreeDetail·slopeInfo 참조,v3,ROUTE_SURVEY,경로 상태 조사: 포장 해안도로+긴 구간,,,,Y,UNKNOWN,UNKNOWN,
ACC_P561,P561,NONE,UNKNOWN,UNKNOWN,UNKNOWN,NONE,NONE,PARTIAL,NONE,Y,UNAVAILABLE,UNAVAILABLE,숲길 자연 노면 — 접근 불가,,숲길+계곡 주변+노면 고르지 않음+트레킹 준비 필요,휠내비 난이도 중+주차/화장실 없음+장애인화장실 없음+노면 불량 주의,,고살리숲길은 계곡을 끼고 이어지는 숲길로 노면이 고르지 않아 휠체어로 이동하시기 어렵습니다. 주차장과 화장실이 없고 장애인 화장실도 없습니다. 트레킹 준비를 하고 오시는 편이 좋습니다.,,,,휠내비길(wheelnavi.kr) 음성안내 · 제주올레 오디오가이드(jejuolle.org) 코스별 음성해설,「탐나는수어」 앱 · 제주수어통역센터 여행수어 자료(jejudeaf.com),,,,차량+대중교통+도보,,,,,,,,,,,,2023-12,,,,,,,UNKNOWN,UNKNOWN,,,,,제주관광약자접근성안내센터(이지제주) · 한국관광공사 열린관광 · ㈜휴플 현장조사,2026-06,2024~2026,https://easyjeju.net,제주관광공사 「오감으로 즐기는 제주」(2023.12.22) · 한국관광공사 열린관광지 · 이지제주,"현재 무장애 정보는 이동(지체) 접근성 기준입니다. 시각·청각·발달 장애 정보는 확보 중이며, 열린관광 모두의여행(access.visitkorea.or.kr) 또는 이지제주(easyjeju.net)에서 확인하실 수 있습니다.",SURVEYED,,[FIX90] 트레일 사유 이관 — 조사 기록은 routeCondition·barrierFreeDetail·slopeInfo 참조,v3,FACILITY_SURVEY,편의시설 조사: 휠내비 난이도 중+주차/화장실 없음+장애인화장실 없음+노면 불량 주의,,,,N,UNKNOWN,UNKNOWN,"시각장애인은 동행자와 함께라면 이용 가능할 수 있으나 안내 설비 정보가 없습니다. 청각장애인은 이동에 제약이 적을 것으로 보이나, 조난 시 연락 수단·안내 방송 여부가 확인되지 않았습니다"
ACC_P562,P562,PARTIAL,UNKNOWN,UNKNOWN,UNKNOWN,PARTIAL,PARTIAL,PARTIAL,UNKNOWN,Y,CONDITIONAL,CONDITIONAL,시멘트 포장 산책로는 이동 가능 / 불턱·반환지점 구간은 접근 제한,"계단 혹은 경사 있음+공터.반환지점: 접근성 정보 있음 (계단 혹은 경사 있음. 길 상태 안 좋음)
불턱 2개: 접근성 정보 있음 (계단 혹은 경사 있음. 길 상태 안 좋음)
섭지해녀의 공터: 접근성 정보 있음 (계단 혹은 경사 있음. 길 상태 안 좋음)",해변 산책로+시멘트길+인차도 구분 없음,해안 산책로+포장보행로+일부 지점 경사/길 상태 불량+안전 주의,시멘트 포장 해변 산책로로 이동 가능. 인차도 미분리와 불턱·반환지점 계단·경사 존재,"고성신양해녀의길은 시멘트로 포장된 해변 산책로라 휠체어로 이동하실 수 있습니다. 다만 사람과 차가 다니는 길이 나뉘어 있지 않고, 불턱과 공터 반환지점 쪽에 계단이나 경사가 있으며 노면 상태가 좋지 않은 곳이 있습니다. 장애인 화장실은 확인되지 않았습니다.",,,,휠내비길(wheelnavi.kr) 음성안내 · 제주올레 오디오가이드(jejuolle.org) 코스별 음성해설,「탐나는수어」 앱 · 제주수어통역센터 여행수어 자료(jejudeaf.com),,,,차량+대중교통+도보,,,,,,,,,,,,2023-12,,,,,,,UNKNOWN,UNKNOWN,,,,,제주관광약자접근성안내센터(이지제주) · 한국관광공사 열린관광 · ㈜휴플 현장조사,2026-06,2024~2026,https://easyjeju.net,제주관광공사 「오감으로 즐기는 제주」(2023.12.22) · 한국관광공사 열린관광지 · 이지제주,"현재 무장애 정보는 이동(지체) 접근성 기준입니다. 시각·청각·발달 장애 정보는 확보 중이며, 열린관광 모두의여행(access.visitkorea.or.kr) 또는 이지제주(easyjeju.net)에서 확인하실 수 있습니다.",SURVEYED,,[FIX90] 트레일 사유 이관 — 조사 기록은 routeCondition·barrierFreeDetail·slopeInfo 참조,v3,ROUTE_SURVEY,경로 상태 조사: 해변 산책로+시멘트길+인차도 구분 없음,,,,Y,UNKNOWN,UNKNOWN,
ACC_P563,P563,PARTIAL,UNKNOWN,UNKNOWN,UNKNOWN,PARTIAL,PARTIAL,PARTIAL,UNKNOWN,Y,CONDITIONAL,CONDITIONAL,시설접근 기준 판정 — 활동참여 개별 근거 미확보,"파충류관 출구 요철(자연석)마감이며, 내부 단차, 경사 없으며, 유효 폭 적정합니다+AR 고흐 1관 내부 일부 구간 단차 있으며, 경사 없고 유효 폭 적정하고 출구 단차 있습니다+AR 고흐 2관 내부 단차, 경사 없으며, 유효 폭 적정합니다",출입구 무단차+정원/전시 동선 일부 확인필요,장애인주차장+주출입구 턱 없음+수유실+장애인화장실 확인필요,,,,,,휠내비길(wheelnavi.kr) 음성안내 · 제주올레 오디오가이드(jejuolle.org) 코스별 음성해설,「탐나는수어」 앱 · 제주수어통역센터 여행수어 자료(jejudeaf.com),,,,차량+대중교통+도보,,,,,,,,,,,,2023-12,,,,,,,UNKNOWN,UNKNOWN,,,,,제주관광약자접근성안내센터(이지제주) · 한국관광공사 열린관광 · ㈜휴플 현장조사,2026-06,2024~2026,https://easyjeju.net,제주관광공사 「오감으로 즐기는 제주」(2023.12.22) · 한국관광공사 열린관광지 · 이지제주,"현재 무장애 정보는 이동(지체) 접근성 기준입니다. 시각·청각·발달 장애 정보는 확보 중이며, 열린관광 모두의여행(access.visitkorea.or.kr) 또는 이지제주(easyjeju.net)에서 확인하실 수 있습니다.",SURVEYED,,,v3,ROUTE_SURVEY,경로 상태 조사: 출입구 무단차+정원/전시 동선 일부 확인필요,,,,Y,UNKNOWN,UNKNOWN,
ACC_P564,P564,PARTIAL,UNKNOWN,UNKNOWN,UNKNOWN,PARTIAL,PARTIAL,PARTIAL,FULL,Y,CONDITIONAL,CONDITIONAL,시설접근 기준 판정 — 활동참여 개별 근거 미확보,관람로 요철마감 구간 많습니다+장애인 화장실 건물 경사(3-6도) 있습니다+단차가 많아서 절 실내는 접근이 어렵습니다,사찰 경내+주출입구 단차 없음,장애인화장실+장애인전용주차구역+주출입구 단차 없음+경내 일부 계단/경사 주의,,,,,,휠내비길(wheelnavi.kr) 음성안내 · 제주올레 오디오가이드(jejuolle.org) 코스별 음성해설,「탐나는수어」 앱 · 제주수어통역센터 여행수어 자료(jejudeaf.com),,IN_VENUE,이용 동선에서 이용 가능,차량+대중교통+도보,,,,,,,,,,,,2023-12,,,,,,,UNKNOWN,UNKNOWN,,,,,제주관광약자접근성안내센터(이지제주) · 한국관광공사 열린관광 · ㈜휴플 현장조사,2026-06,2024~2026,https://easyjeju.net,제주관광공사 「오감으로 즐기는 제주」(2023.12.22) · 한국관광공사 열린관광지 · 이지제주,"현재 무장애 정보는 이동(지체) 접근성 기준입니다. 시각·청각·발달 장애 정보는 확보 중이며, 열린관광 모두의여행(access.visitkorea.or.kr) 또는 이지제주(easyjeju.net)에서 확인하실 수 있습니다.",SURVEYED,,,v3,ROUTE_SURVEY,경로 상태 조사: 사찰 경내+주출입구 단차 없음,,,,Y,UNKNOWN,UNKNOWN,
ACC_P565,P565,NONE,UNKNOWN,UNKNOWN,UNKNOWN,NONE,NONE,NONE,UNKNOWN,Y,UNAVAILABLE,UNAVAILABLE,시설접근 기준 판정 — 활동참여 개별 근거 미확보,경사 있음,사찰 뒤편 산길/작전도로+참호/진지동굴 유적,4·3 군 주둔지/참호 유적+산림 유적 답사 동선+무장애 편의 미확인,,,,,,휠내비길(wheelnavi.kr) 음성안내 · 제주올레 오디오가이드(jejuolle.org) 코스별 음성해설,「탐나는수어」 앱 · 제주수어통역센터 여행수어 자료(jejudeaf.com),,,,차량+대중교통+도보,,,,,,,,,,,,2023-12,,,,,,,UNKNOWN,UNKNOWN,,,,,제주관광약자접근성안내센터(이지제주) · 한국관광공사 열린관광 · ㈜휴플 현장조사,2026-06,2024~2026,https://easyjeju.net,제주관광공사 「오감으로 즐기는 제주」(2023.12.22) · 한국관광공사 열린관광지 · 이지제주,"현재 무장애 정보는 이동(지체) 접근성 기준입니다. 시각·청각·발달 장애 정보는 확보 중이며, 열린관광 모두의여행(access.visitkorea.or.kr) 또는 이지제주(easyjeju.net)에서 확인하실 수 있습니다.",SURVEYED,,,v3,ROUTE_SURVEY,경로 상태 조사: 사찰 뒤편 산길/작전도로+참호/진지동굴 유적,,,,N,UNKNOWN,UNKNOWN,시각·청각 접근성 정보가 확인되지 않았습니다
ACC_P566,P566,NONE,UNKNOWN,UNKNOWN,UNKNOWN,NONE,NONE,PARTIAL,UNKNOWN,N,UNAVAILABLE,UNAVAILABLE,주차장 등 진입부는 이용 가능 / 오름 등반로는 접근 불가,정상 계단/경사,8부능선 차량 접근 가능+협소 주차,차량 접근 가능 주차공간 협소+정상까지 계단/오름길+일반화장실 가능+장애인편의 미확인,,8부 능선까지는 차로 오실 수 있습니다. 군산오름의 오름 등반로는 정비된 길이 아니어서 휠체어로 이동하시기 어렵습니다. 장애인 화장실은 확인되지 않았습니다.,,,,휠내비길(wheelnavi.kr) 음성안내 · 제주올레 오디오가이드(jejuolle.org) 코스별 음성해설,「탐나는수어」 앱 · 제주수어통역센터 여행수어 자료(jejudeaf.com),,,,차량+도보,,,,,,,,,,,,2023-12,,,,,,,UNKNOWN,UNKNOWN,,,,,제주관광약자접근성안내센터(이지제주) · 한국관광공사 열린관광 · ㈜휴플 현장조사,2026-06,2024~2026,https://easyjeju.net,제주관광공사 「오감으로 즐기는 제주」(2023.12.22) · 한국관광공사 열린관광지 · 이지제주,"현재 무장애 정보는 이동(지체) 접근성 기준입니다. 시각·청각·발달 장애 정보는 확보 중이며, 열린관광 모두의여행(access.visitkorea.or.kr) 또는 이지제주(easyjeju.net)에서 확인하실 수 있습니다.",SURVEYED,[FIX89] 산·오름 사유 이관 — 조사 기록은 routeCondition·barrierFreeDetail 참조,,v3,ROUTE_SURVEY,경로 상태 조사: 8부능선 차량 접근 가능+협소 주차,,,,N,UNKNOWN,UNKNOWN,"시각장애인은 동행자와 함께라면 이용 가능할 수 있으나 안내 설비 정보가 없습니다. 청각장애인은 이동에 제약이 적을 것으로 보이나, 조난 시 연락 수단·안내 방송 여부가 확인되지 않았습니다"
ACC_P567,P567,PARTIAL,UNKNOWN,UNKNOWN,UNKNOWN,PARTIAL,FULL,FULL,PARTIAL,N,AVAILABLE,AVAILABLE,평탄한 포장 해안 산책로로 이동 가능 / 구간 내 화장실 없음,,포장/평탄 해안 산책로+큰 단차 없음+구간 내 화장실 없음,토끼섬/하도포구 무장애코스+장애인주차장+주변 별방진 장애인화장실+굴동포구 소공원,"경로 조사 — 포장된 평탄한 해안 산책로, 큰 단차 없음. 다만 구간 내 화장실 없음. 주차장 확보",포장된 해안 산책로가 평탄하게 이어지고 큰 단차가 없어 바다를 보며 이동하시기 좋습니다. 주차장도 있습니다. 다만 구간 안에 화장실이 없으니 오래 머무실 계획이라면 미리 준비해 주세요.,,,,휠내비길(wheelnavi.kr) 음성안내 · 제주올레 오디오가이드(jejuolle.org) 코스별 음성해설,「탐나는수어」 앱 · 제주수어통역센터 여행수어 자료(jejudeaf.com),,,이 관광지 안에는 장애인 화장실이 없습니다. 인근 시설을 이용하셔야 합니다.,차량+도보,,,,,,,,,,,,2023-12,,,,,,,UNKNOWN,UNKNOWN,별방진,,,,제주관광약자접근성안내센터(이지제주) · 한국관광공사 열린관광 · ㈜휴플 현장조사,2026-06,2024~2026,https://easyjeju.net,제주관광공사 「오감으로 즐기는 제주」(2023.12.22) · 한국관광공사 열린관광지 · 이지제주,"현재 무장애 정보는 이동(지체) 접근성 기준입니다. 시각·청각·발달 장애 정보는 확보 중이며, 열린관광 모두의여행(access.visitkorea.or.kr) 또는 이지제주(easyjeju.net)에서 확인하실 수 있습니다.",SURVEYED,[FIX85] 구간 내 화장실 부재가 조사에 명시됨 — 미확인이 아니라 없음,FIX85: 이용자 안내문 신설 — 내부 표기 사유 제거,v3,ROUTE_SURVEY,경로 상태 조사: 포장/평탄 해안 산책로+큰 단차 없음+구간 내 화장실 없음,,,,Y,UNKNOWN,UNKNOWN,
ACC_P568,P568,NONE,UNKNOWN,UNKNOWN,UNKNOWN,NONE,NONE,PARTIAL,UNKNOWN,Y,UNAVAILABLE,UNAVAILABLE,주차장 등 진입부는 이용 가능 / 오름 등반로는 접근 불가,경사 있음,오름 탐방로+야자매트/목책길,회전교차로 주변 주차+탐방로 지도+오름 정상 전망대+장애인편의 미확인,,주차장까지는 차로 오실 수 있습니다. 궁대오름(궁대악)의 오름 등반로는 정비된 길이 아니어서 휠체어로 이동하시기 어렵습니다. 장애인 화장실은 확인되지 않았습니다.,,,,휠내비길(wheelnavi.kr) 음성안내 · 제주올레 오디오가이드(jejuolle.org) 코스별 음성해설,「탐나는수어」 앱 · 제주수어통역센터 여행수어 자료(jejudeaf.com),,,,차량+대중교통+도보,,,,,,,,,,,,2023-12,,,,,,,UNKNOWN,UNKNOWN,,,,,제주관광약자접근성안내센터(이지제주) · 한국관광공사 열린관광 · ㈜휴플 현장조사,2026-06,2024~2026,https://easyjeju.net,제주관광공사 「오감으로 즐기는 제주」(2023.12.22) · 한국관광공사 열린관광지 · 이지제주,"현재 무장애 정보는 이동(지체) 접근성 기준입니다. 시각·청각·발달 장애 정보는 확보 중이며, 열린관광 모두의여행(access.visitkorea.or.kr) 또는 이지제주(easyjeju.net)에서 확인하실 수 있습니다.",SURVEYED,[FIX89] 산·오름 사유 이관 — 조사 기록은 routeCondition·barrierFreeDetail 참조,,v3,ROUTE_SURVEY,경로 상태 조사: 오름 탐방로+야자매트/목책길,,,,N,UNKNOWN,UNKNOWN,"시각장애인은 동행자와 함께라면 이용 가능할 수 있으나 안내 설비 정보가 없습니다. 청각장애인은 이동에 제약이 적을 것으로 보이나, 조난 시 연락 수단·안내 방송 여부가 확인되지 않았습니다"
ACC_P569,P569,UNKNOWN,UNKNOWN,UNKNOWN,UNKNOWN,UNKNOWN,UNKNOWN,UNKNOWN,UNKNOWN,Y,UNKNOWN,UNKNOWN,,단차/경사 확인필요,사찰 경내+너럭바위/동굴 지형,김녕리 사찰+문화관광 정보 확인+무장애 편의 확인필요,,,,,,휠내비길(wheelnavi.kr) 음성안내 · 제주올레 오디오가이드(jejuolle.org) 코스별 음성해설,「탐나는수어」 앱 · 제주수어통역센터 여행수어 자료(jejudeaf.com),,,,차량+대중교통+도보,,,,,,,,,,,,2023-12,,,,,,,UNKNOWN,UNKNOWN,,,,,제주관광약자접근성안내센터(이지제주) · 한국관광공사 열린관광 · ㈜휴플 현장조사,2026-06,2024~2026,https://easyjeju.net,제주관광공사 「오감으로 즐기는 제주」(2023.12.22) · 한국관광공사 열린관광지 · 이지제주,"현재 무장애 정보는 이동(지체) 접근성 기준입니다. 시각·청각·발달 장애 정보는 확보 중이며, 열린관광 모두의여행(access.visitkorea.or.kr) 또는 이지제주(easyjeju.net)에서 확인하실 수 있습니다.",SURVEYED,,FIX68: P375 병합 수신 (대표 노드),v3,ROUTE_SURVEY,경로 상태 조사: 사찰 경내+너럭바위/동굴 지형,,,,Y,UNKNOWN,UNKNOWN,
ACC_P570,P570,UNKNOWN,UNKNOWN,UNKNOWN,UNKNOWN,UNKNOWN,UNKNOWN,UNKNOWN,UNKNOWN,Y,UNKNOWN,UNKNOWN,,,하도리 사찰/유적+경내 동선 확인필요,금붕사/돈수암 터 위치 확인+무장애 편의 확인필요,,,,,,휠내비길(wheelnavi.kr) 음성안내 · 제주올레 오디오가이드(jejuolle.org) 코스별 음성해설,「탐나는수어」 앱 · 제주수어통역센터 여행수어 자료(jejudeaf.com),,,,차량+대중교통+도보,,,,,,,,,,,,2023-12,,,,,,,UNKNOWN,UNKNOWN,,,,,제주관광약자접근성안내센터(이지제주) · 한국관광공사 열린관광 · ㈜휴플 현장조사,2026-06,2024~2026,https://easyjeju.net,제주관광공사 「오감으로 즐기는 제주」(2023.12.22) · 한국관광공사 열린관광지 · 이지제주,"현재 무장애 정보는 이동(지체) 접근성 기준입니다. 시각·청각·발달 장애 정보는 확보 중이며, 열린관광 모두의여행(access.visitkorea.or.kr) 또는 이지제주(easyjeju.net)에서 확인하실 수 있습니다.",SURVEYED,,,v3,FACILITY_SURVEY,편의시설 조사: 금붕사/돈수암 터 위치 확인+무장애 편의 확인필요,,,,Y,UNKNOWN,UNKNOWN,
ACC_P571,P571,UNKNOWN,UNKNOWN,UNKNOWN,UNKNOWN,PARTIAL,PARTIAL,PARTIAL,UNKNOWN,Y,CONDITIONAL,CONDITIONAL,시설접근 기준 판정 — 활동참여 개별 근거 미확보,,21.4km 장거리 순례길+도로/해안로/숲길 혼재+구간별 보행환경 확인필요,조수교회~용수포구~고산교회~조남수목사 공덕비+올레13/12코스 일부+무장애 편의 미확인,,,,,,휠내비길(wheelnavi.kr) 음성안내 · 제주올레 오디오가이드(jejuolle.org) 코스별 음성해설,「탐나는수어」 앱 · 제주수어통역센터 여행수어 자료(jejudeaf.com),,,,차량+대중교통+도보,,,,,,,,,,,,2023-12,,,,,,,UNKNOWN,UNKNOWN,,,,,제주관광약자접근성안내센터(이지제주) · 한국관광공사 열린관광 · ㈜휴플 현장조사,2026-06,2024~2026,https://easyjeju.net,제주관광공사 「오감으로 즐기는 제주」(2023.12.22) · 한국관광공사 열린관광지 · 이지제주,"현재 무장애 정보는 이동(지체) 접근성 기준입니다. 시각·청각·발달 장애 정보는 확보 중이며, 열린관광 모두의여행(access.visitkorea.or.kr) 또는 이지제주(easyjeju.net)에서 확인하실 수 있습니다.",SURVEYED,,,v3,FACILITY_SURVEY,편의시설 조사: 조수교회~용수포구~고산교회~조남수목사 공덕비+올레13/12코스 일부+무장애 편의 미확인,,,,Y,UNKNOWN,UNKNOWN,
ACC_P572,P572,PARTIAL,UNKNOWN,UNKNOWN,UNKNOWN,PARTIAL,PARTIAL,PARTIAL,FULL,Y,CONDITIONAL,CONDITIONAL,무장애 코스 구간은 이동 가능 / 단차·계단이 있는 마을길은 접근 제한,오르막/내리막,포장 마을길+일부 단차/계단/노면 불량,무장애코스+세기알포구 장애인화장실+김녕사우나/동방파제 장애인화장실+다수 지점 경사/노면 불량,무장애 코스와 인근 장애인 화장실 확보. 마을길 여러 지점에 단차·계단·노면 불량 존재,"김녕 고장난 길에는 무장애 코스 구간이 있고, 세기알포구와 김녕사우나·동방파제 쪽에 장애인 화장실이 있습니다. 다만 마을길 여러 지점에 단차와 계단, 노면이 고르지 않은 곳이 있고 오르막과 내리막이 이어져 동행 도움이 필요합니다.",,,,휠내비길(wheelnavi.kr) 음성안내 · 제주올레 오디오가이드(jejuolle.org) 코스별 음성해설,「탐나는수어」 앱 · 제주수어통역센터 여행수어 자료(jejudeaf.com),,,이 관광지 안에는 장애인 화장실이 없습니다. 인근 시설을 이용하셔야 합니다.,차량+대중교통+도보,,,,,,,,,,,,2023-12,,,,,,,UNKNOWN,UNKNOWN,세기알포구 · 김녕사우나 · 동방파제,,,,제주관광약자접근성안내센터(이지제주) · 한국관광공사 열린관광 · ㈜휴플 현장조사,2026-06,2024~2026,https://easyjeju.net,제주관광공사 「오감으로 즐기는 제주」(2023.12.22) · 한국관광공사 열린관광지 · 이지제주,"현재 무장애 정보는 이동(지체) 접근성 기준입니다. 시각·청각·발달 장애 정보는 확보 중이며, 열린관광 모두의여행(access.visitkorea.or.kr) 또는 이지제주(easyjeju.net)에서 확인하실 수 있습니다.",SURVEYED,,[FIX90] 트레일 사유 이관 — 조사 기록은 routeCondition·barrierFreeDetail·slopeInfo 참조,v3,ROUTE_SURVEY,경로 상태 조사: 포장 마을길+일부 단차/계단/노면 불량,,,,Y,UNKNOWN,UNKNOWN,
ACC_P573,P573,PARTIAL,UNKNOWN,UNKNOWN,UNKNOWN,PARTIAL,PARTIAL,PARTIAL,FULL,Y,CONDITIONAL,CONDITIONAL,시설접근 기준 판정 — 활동참여 개별 근거 미확보,일부 오르막/내리막,포장 마을길+해안도로+노면 불량 구간,김녕고장난길/금속공예벽화+세기알포구 장애인화장실+일부 경사/노면 불량,,,,,,휠내비길(wheelnavi.kr) 음성안내 · 제주올레 오디오가이드(jejuolle.org) 코스별 음성해설,「탐나는수어」 앱 · 제주수어통역센터 여행수어 자료(jejudeaf.com),,,이 관광지 안에는 장애인 화장실이 없습니다. 인근 시설을 이용하셔야 합니다.,차량+대중교통+도보,,,,,,,,,,,,2023-12,,,,,,,UNKNOWN,UNKNOWN,세기알포구,,,,제주관광약자접근성안내센터(이지제주) · 한국관광공사 열린관광 · ㈜휴플 현장조사,2026-06,2024~2026,https://easyjeju.net,제주관광공사 「오감으로 즐기는 제주」(2023.12.22) · 한국관광공사 열린관광지 · 이지제주,"현재 무장애 정보는 이동(지체) 접근성 기준입니다. 시각·청각·발달 장애 정보는 확보 중이며, 열린관광 모두의여행(access.visitkorea.or.kr) 또는 이지제주(easyjeju.net)에서 확인하실 수 있습니다.",SURVEYED,,,v3,FACILITY_SURVEY,편의시설 조사: 김녕고장난길/금속공예벽화+세기알포구 장애인화장실+일부 경사/노면 불량,,,,Y,UNKNOWN,UNKNOWN,
ACC_P574,P574,NONE,UNKNOWN,UNKNOWN,UNKNOWN,NONE,NONE,NONE,UNKNOWN,Y,UNAVAILABLE,UNAVAILABLE,시설접근 기준 판정 — 활동참여 개별 근거 미확보,,동굴 입장불가+낙석위험+천연기념물 공개제한,김녕사굴 입장불가+천연기념물/보호구역+장애인편의 미확인,,,,,,휠내비길(wheelnavi.kr) 음성안내 · 제주올레 오디오가이드(jejuolle.org) 코스별 음성해설,「탐나는수어」 앱 · 제주수어통역센터 여행수어 자료(jejudeaf.com),,,,차량+대중교통+도보,,,,,,,,,,,,2023-12,,,,,,,UNKNOWN,UNKNOWN,,,,,제주관광약자접근성안내센터(이지제주) · 한국관광공사 열린관광 · ㈜휴플 현장조사,2026-06,2024~2026,https://easyjeju.net,제주관광공사 「오감으로 즐기는 제주」(2023.12.22) · 한국관광공사 열린관광지 · 이지제주,"현재 무장애 정보는 이동(지체) 접근성 기준입니다. 시각·청각·발달 장애 정보는 확보 중이며, 열린관광 모두의여행(access.visitkorea.or.kr) 또는 이지제주(easyjeju.net)에서 확인하실 수 있습니다.",SURVEYED,,,v3,FACILITY_SURVEY,편의시설 조사: 김녕사굴 입장불가+천연기념물/보호구역+장애인편의 미확인,,,,N,UNKNOWN,UNKNOWN,시각·청각 접근성 정보가 확인되지 않았습니다
ACC_P575,P575,PARTIAL,UNKNOWN,UNKNOWN,UNKNOWN,PARTIAL,PARTIAL,PARTIAL,FULL,Y,CONDITIONAL,CONDITIONAL,시설접근 기준 판정 — 활동참여 개별 근거 미확보,"갤러리 전시관 입구, 경사로 시작 5도: 갤러리 전시관 입구, 경사로 시작 5도 / 철 발판(턱 4cm)+매표소, 경사로 끝: 매표소, 경사로 끝 / 출입문 입구 턱 4cm+찻집: 경사로 턱 3cm, 10도 3m",흙길 진입로+폭 1.2m+턱 3~7cm,휠체어 진입 가능+장애인화장실+장애인주차장+경사로/턱/흙길 주의,,,,,,휠내비길(wheelnavi.kr) 음성안내 · 제주올레 오디오가이드(jejuolle.org) 코스별 음성해설,「탐나는수어」 앱 · 제주수어통역센터 여행수어 자료(jejudeaf.com),,IN_VENUE,이용 동선에서 이용 가능,차량+대중교통,NONE,Y,,,,,㈜휴플 자체 현장조사 (2024~2025),,,,,2023-12,,,,,,,UNKNOWN,UNKNOWN,,,,,제주관광약자접근성안내센터(이지제주) · 한국관광공사 열린관광 · ㈜휴플 현장조사,2026-06,2024~2026,https://easyjeju.net,제주관광공사 「오감으로 즐기는 제주」(2023.12.22) · 한국관광공사 열린관광지 · 이지제주,"현재 무장애 정보는 이동(지체) 접근성 기준입니다. 시각·청각·발달 장애 정보는 확보 중이며, 열린관광 모두의여행(access.visitkorea.or.kr) 또는 이지제주(easyjeju.net)에서 확인하실 수 있습니다.",VERIFIED,,,v3,FIELD_SURVEY,㈜휴플 자체 현장조사 / 경로: 흙길 진입로+폭 1.2m+턱 3~7cm,,,,Y,UNKNOWN,UNKNOWN,
ACC_P576,P576,UNKNOWN,UNKNOWN,UNKNOWN,UNKNOWN,UNKNOWN,UNKNOWN,UNKNOWN,UNKNOWN,Y,UNKNOWN,UNKNOWN,,,실내 미술관+주차 가능+출입구/화장실 확인필요,김택화미술관+실내 전시공간+주차 가능+무장애 편의 확인필요,,,,,,휠내비길(wheelnavi.kr) 음성안내 · 제주올레 오디오가이드(jejuolle.org) 코스별 음성해설,「탐나는수어」 앱 · 제주수어통역센터 여행수어 자료(jejudeaf.com),,,,차량+대중교통,,,,,,,,,,,,2023-12,,,,,,,UNKNOWN,UNKNOWN,,,,,제주관광약자접근성안내센터(이지제주) · 한국관광공사 열린관광 · ㈜휴플 현장조사,2026-06,2024~2026,https://easyjeju.net,제주관광공사 「오감으로 즐기는 제주」(2023.12.22) · 한국관광공사 열린관광지 · 이지제주,"현재 무장애 정보는 이동(지체) 접근성 기준입니다. 시각·청각·발달 장애 정보는 확보 중이며, 열린관광 모두의여행(access.visitkorea.or.kr) 또는 이지제주(easyjeju.net)에서 확인하실 수 있습니다.",SURVEYED,,,v3,FACILITY_SURVEY,편의시설 조사: 김택화미술관+실내 전시공간+주차 가능+무장애 편의 확인필요,,,,Y,UNKNOWN,UNKNOWN,
ACC_P577,P577,NONE,UNKNOWN,UNKNOWN,UNKNOWN,NONE,NONE,PARTIAL,UNKNOWN,Y,UNAVAILABLE,UNAVAILABLE,주차장 등 진입부는 이용 가능 / 오름 등반로는 접근 불가,경사 있음,오름/근린공원 산책로+숲길,남조봉/남조순오름 산책로+오름 지형+장애인편의 미확인,,남좃은오름(남조순오름)의 오름 등반로는 비포장 자연 노면이라 휠체어로 이동하시기 어렵습니다. 장애인 화장실은 확인되지 않았습니다.,,,,휠내비길(wheelnavi.kr) 음성안내 · 제주올레 오디오가이드(jejuolle.org) 코스별 음성해설,「탐나는수어」 앱 · 제주수어통역센터 여행수어 자료(jejudeaf.com),,,,차량+대중교통+도보,,,,,,,,,,,,2023-12,,,,,,,UNKNOWN,UNKNOWN,,,,,제주관광약자접근성안내센터(이지제주) · 한국관광공사 열린관광 · ㈜휴플 현장조사,2026-06,2024~2026,https://easyjeju.net,제주관광공사 「오감으로 즐기는 제주」(2023.12.22) · 한국관광공사 열린관광지 · 이지제주,"현재 무장애 정보는 이동(지체) 접근성 기준입니다. 시각·청각·발달 장애 정보는 확보 중이며, 열린관광 모두의여행(access.visitkorea.or.kr) 또는 이지제주(easyjeju.net)에서 확인하실 수 있습니다.",SURVEYED,[FIX89] 산·오름 사유 이관 — 조사 기록은 routeCondition·barrierFreeDetail 참조,,v3,ROUTE_SURVEY,경로 상태 조사: 오름/근린공원 산책로+숲길,,,,N,UNKNOWN,UNKNOWN,"시각장애인은 동행자와 함께라면 이용 가능할 수 있으나 안내 설비 정보가 없습니다. 청각장애인은 이동에 제약이 적을 것으로 보이나, 조난 시 연락 수단·안내 방송 여부가 확인되지 않았습니다"
ACC_P578,P578,PARTIAL,UNKNOWN,UNKNOWN,UNKNOWN,PARTIAL,PARTIAL,PARTIAL,FULL,Y,CONDITIONAL,CONDITIONAL,블럭 포장 해안길과 장애인 화장실 이용 가능 / 폭이 좁은 구간 존재,계단 혹은 경사 있음+내리막: 경사구간 : 6˚ / 25m. 쉼터 맞은편(워싱턴 야자 밭있음),해안길+보도블럭/잔디블럭+폭 좁음,남원포구 주차장+제주올레 안내소 장애인화장실+공터 주차+일부 경사/폭 좁음,경로 조사 — 해안길에 보도블럭·잔디블럭 포장. 남원포구 주차장과 제주올레 안내소 장애인 화장실 이용 가능. 다만 폭이 좁은 구간 있음,해안길이 보도블럭과 잔디블럭으로 포장되어 있어 바다를 보며 이동하실 수 있습니다. 남원포구 주차장과 제주올레 안내소의 장애인 화장실을 이용하실 수 있습니다. 다만 폭이 좁아지는 구간이 있어 주의가 필요합니다.,,,,휠내비길(wheelnavi.kr) 음성안내 · 제주올레 오디오가이드(jejuolle.org) 코스별 음성해설,「탐나는수어」 앱 · 제주수어통역센터 여행수어 자료(jejudeaf.com),,IN_VENUE,이용 동선에서 이용 가능,차량+대중교통+도보,,,,,,,,,,,,2023-12,,,,,,,UNKNOWN,UNKNOWN,,,,,제주관광약자접근성안내센터(이지제주) · 한국관광공사 열린관광 · ㈜휴플 현장조사,2026-06,2024~2026,https://easyjeju.net,제주관광공사 「오감으로 즐기는 제주」(2023.12.22) · 한국관광공사 열린관광지 · 이지제주,"현재 무장애 정보는 이동(지체) 접근성 기준입니다. 시각·청각·발달 장애 정보는 확보 중이며, 열린관광 모두의여행(access.visitkorea.or.kr) 또는 이지제주(easyjeju.net)에서 확인하실 수 있습니다.",SURVEYED,[FIX86] 해양 유형 사유 이관 — 조사 기록은 routeCondition·barrierFreeDetail 참조. 제주올레 5코스 휠체어 구간(국립수산과학원~위미항)과의 위치 관계 확인 필요,FIX86: 해양 유형 사유·안내문 신설,v3,ROUTE_SURVEY,경로 상태 조사: 해안길+보도블럭/잔디블럭+폭 좁음,,,,Y,UNKNOWN,UNKNOWN,
ACC_P579,P579,PARTIAL,UNKNOWN,UNKNOWN,UNKNOWN,PARTIAL,PARTIAL,PARTIAL,UNKNOWN,N,CONDITIONAL,CONDITIONAL,시설접근 기준 판정 — 활동참여 개별 근거 미확보,,난대림 숲길+데크 일부+돌/숲길 노면+주차장 별도 확인필요,천연기념물 난대림+금산공원 숲길+공중화장실 가능+장애인편의 확인필요,,,,,,휠내비길(wheelnavi.kr) 음성안내 · 제주올레 오디오가이드(jejuolle.org) 코스별 음성해설,「탐나는수어」 앱 · 제주수어통역센터 여행수어 자료(jejudeaf.com),,,,차량+도보,,,,,,,,,,,,2023-12,,,,,,,UNKNOWN,UNKNOWN,,,,,제주관광약자접근성안내센터(이지제주) · 한국관광공사 열린관광 · ㈜휴플 현장조사,2026-06,2024~2026,https://easyjeju.net,제주관광공사 「오감으로 즐기는 제주」(2023.12.22) · 한국관광공사 열린관광지 · 이지제주,"현재 무장애 정보는 이동(지체) 접근성 기준입니다. 시각·청각·발달 장애 정보는 확보 중이며, 열린관광 모두의여행(access.visitkorea.or.kr) 또는 이지제주(easyjeju.net)에서 확인하실 수 있습니다.",SURVEYED,,,v3,ROUTE_SURVEY,경로 상태 조사: 난대림 숲길+데크 일부+돌/숲길 노면+주차장 별도 확인필요,,,,Y,UNKNOWN,UNKNOWN,
ACC_P580,P580,NONE,UNKNOWN,UNKNOWN,UNKNOWN,NONE,NONE,NONE,UNKNOWN,N,UNAVAILABLE,UNAVAILABLE,체험 참여 기준 판정 — 안전장비 필요 구간,,계곡/암벽 트레킹+바위 오르내림+트레킹화/안전장비 필요,하례리 내창트레킹+2시간 자연 트레킹+사전신청+장애인편의 미확인,,내창트레킹은 계곡과 암벽을 오르내리는 코스라 트레킹화와 안전장비가 필요하고 휠체어로 참여하시기는 어렵습니다. 하례리에서 두 시간 정도 진행되며 사전 신청이 필요합니다. 장애인 편의시설은 확인되지 않았습니다.,,,,휠내비길(wheelnavi.kr) 음성안내 · 제주올레 오디오가이드(jejuolle.org) 코스별 음성해설,「탐나는수어」 앱 · 제주수어통역센터 여행수어 자료(jejudeaf.com),,,,차량+도보,,,,,,,,,,,,2023-12,,,,,,,UNKNOWN,UNKNOWN,,,,,제주관광약자접근성안내센터(이지제주) · 한국관광공사 열린관광 · ㈜휴플 현장조사,2026-06,2024~2026,https://easyjeju.net,제주관광공사 「오감으로 즐기는 제주」(2023.12.22) · 한국관광공사 열린관광지 · 이지제주,"현재 무장애 정보는 이동(지체) 접근성 기준입니다. 시각·청각·발달 장애 정보는 확보 중이며, 열린관광 모두의여행(access.visitkorea.or.kr) 또는 이지제주(easyjeju.net)에서 확인하실 수 있습니다.",SURVEYED,,[FIX90] 트레일 사유 이관 — 조사 기록은 routeCondition·barrierFreeDetail·slopeInfo 참조,v3,FACILITY_SURVEY,편의시설 조사: 하례리 내창트레킹+2시간 자연 트레킹+사전신청+장애인편의 미확인,,,,N,UNKNOWN,UNKNOWN,"시각장애인은 동행자와 함께라면 이용 가능할 수 있으나 안내 설비 정보가 없습니다. 청각장애인은 이동에 제약이 적을 것으로 보이나, 조난 시 연락 수단·안내 방송 여부가 확인되지 않았습니다"
ACC_P581,P581,PARTIAL,UNKNOWN,UNKNOWN,UNKNOWN,PARTIAL,PARTIAL,PARTIAL,PARTIAL,N,CONDITIONAL,CONDITIONAL,포장 해안도로 이동 가능 / 장거리 구간으로 지점별 편의시설 편차,,포장 해안도로+긴 구간+포구/공원별 편의시설 상이,대정 해안도로+신도포구/수월봉 인접+일부 장애인화장실은 주변 대체 이용,경로 조사 — 포장 해안도로이나 구간이 길고 포구·공원별로 편의시설이 다름. 장애인 화장실은 주변 시설에 분산,"해안도로가 포장되어 있어 대정 앞바다를 보며 이동하시기 좋습니다. 다만 구간이 길고 포구와 공원마다 편의시설이 달라, 장애인 화장실은 주변 시설을 이용하셔야 합니다. 어느 지점을 생각하고 계시면 그곳을 따로 확인해 주시는 편이 좋습니다.",,,,휠내비길(wheelnavi.kr) 음성안내 · 제주올레 오디오가이드(jejuolle.org) 코스별 음성해설,「탐나는수어」 앱 · 제주수어통역센터 여행수어 자료(jejudeaf.com),,,이 관광지 안에는 장애인 화장실이 없습니다.,차량+도보,,,,,,,,,,,,2023-12,,,,,,,UNKNOWN,UNKNOWN,,,,,제주관광약자접근성안내센터(이지제주) · 한국관광공사 열린관광 · ㈜휴플 현장조사,2026-06,2024~2026,https://easyjeju.net,제주관광공사 「오감으로 즐기는 제주」(2023.12.22) · 한국관광공사 열린관광지 · 이지제주,"현재 무장애 정보는 이동(지체) 접근성 기준입니다. 시각·청각·발달 장애 정보는 확보 중이며, 열린관광 모두의여행(access.visitkorea.or.kr) 또는 이지제주(easyjeju.net)에서 확인하실 수 있습니다.",SURVEYED,[FIX86] 해양 유형 사유 이관 — 조사 기록은 routeCondition·barrierFreeDetail 참조 ※ 장거리 노드 — 지점별 편차가 커 구간 분할 검토 필요 [FIX99] 조사기록에 「인근·주변에 장애인 화장실 있음」으로만 적혀 있고 시설명·거리가 특정되지 않아 이용자 안내에서는 제외함. 정확한 시설명과 거리 확인 필요.,FIX86: 해양 유형 사유·안내문 신설,v3,FACILITY_SURVEY,편의시설 조사: 대정 해안도로+신도포구/수월봉 인접+일부 장애인화장실은 주변 대체 이용,,,,Y,UNKNOWN,UNKNOWN,
ACC_P582,P582,PARTIAL,UNKNOWN,UNKNOWN,UNKNOWN,PARTIAL,PARTIAL,PARTIAL,FULL,Y,CONDITIONAL,CONDITIONAL,시설접근 기준 판정 — 활동참여 개별 근거 미확보,,해변공원/해안 산책로+판석 혼재+일부 길 상태 불량,논짓물해변공원 공용주차장+장애인화장실+무장애 동선 제안 코스+판석 혼재 주의,,,,,,휠내비길(wheelnavi.kr) 음성안내 · 제주올레 오디오가이드(jejuolle.org) 코스별 음성해설,「탐나는수어」 앱 · 제주수어통역센터 여행수어 자료(jejudeaf.com),,IN_VENUE,이용 동선에서 이용 가능,차량+대중교통+도보,,,,,,,,,,,,2023-12,,,,,,,UNKNOWN,UNKNOWN,,,,,제주관광약자접근성안내센터(이지제주) · 한국관광공사 열린관광 · ㈜휴플 현장조사,2026-06,2024~2026,https://easyjeju.net,제주관광공사 「오감으로 즐기는 제주」(2023.12.22) · 한국관광공사 열린관광지 · 이지제주,"현재 무장애 정보는 이동(지체) 접근성 기준입니다. 시각·청각·발달 장애 정보는 확보 중이며, 열린관광 모두의여행(access.visitkorea.or.kr) 또는 이지제주(easyjeju.net)에서 확인하실 수 있습니다.",SURVEYED,,,v3,FACILITY_SURVEY,편의시설 조사: 논짓물해변공원 공용주차장+장애인화장실+무장애 동선 제안 코스+판석 혼재 주의,,,,Y,UNKNOWN,UNKNOWN,
ACC_P583,P583,UNKNOWN,UNKNOWN,UNKNOWN,UNKNOWN,UNKNOWN,UNKNOWN,UNKNOWN,UNKNOWN,Y,UNKNOWN,UNKNOWN,,,올레3-B 해안길+용천수/어장 주변+보행환경 확인필요,제주올레 3-B코스 경유지+농어개/용천수 지점+무장애 편의 확인필요,,,,,,휠내비길(wheelnavi.kr) 음성안내 · 제주올레 오디오가이드(jejuolle.org) 코스별 음성해설,「탐나는수어」 앱 · 제주수어통역센터 여행수어 자료(jejudeaf.com),,,,차량+대중교통+도보,,,,,,,,,,,,2023-12,,,,,,,UNKNOWN,UNKNOWN,,,,,제주관광약자접근성안내센터(이지제주) · 한국관광공사 열린관광 · ㈜휴플 현장조사,2026-06,2024~2026,https://easyjeju.net,제주관광공사 「오감으로 즐기는 제주」(2023.12.22) · 한국관광공사 열린관광지 · 이지제주,"현재 무장애 정보는 이동(지체) 접근성 기준입니다. 시각·청각·발달 장애 정보는 확보 중이며, 열린관광 모두의여행(access.visitkorea.or.kr) 또는 이지제주(easyjeju.net)에서 확인하실 수 있습니다.",SURVEYED,,,v3,FACILITY_SURVEY,편의시설 조사: 제주올레 3-B코스 경유지+농어개/용천수 지점+무장애 편의 확인필요,,,,Y,UNKNOWN,UNKNOWN,
ACC_P584,P584,PARTIAL,UNKNOWN,UNKNOWN,UNKNOWN,PARTIAL,PARTIAL,PARTIAL,UNKNOWN,Y,CONDITIONAL,CONDITIONAL,"포장 해안도로 이용 가능 / 방파제 단차 주의, 경유 올레 코스는 휠체어 지정 밖",,포장 해안도로/포구+올레15-B 경유+방파제 단차 주의,작은 포구+올레15-B 경유지+해안도로 접근+장애인편의 확인필요,경로 조사 — 포장 해안도로와 포구. 방파제 단차 주의. 올레 15-B 경유 지점이나 15-B는 제주올레 공식 휠체어 지정 구간이 아님. 장애인 편의시설 확인 필요,해안도로가 포장되어 있어 작은 포구 풍경을 보실 수 있습니다. 다만 방파제 쪽에 단차가 있어 주의가 필요합니다. 올레 15-B코스가 지나가지만 이 코스는 휠체어 이용 구간으로 지정되어 있지 않습니다. 장애인 편의시설은 확인되지 않았습니다.,,,,휠내비길(wheelnavi.kr) 음성안내 · 제주올레 오디오가이드(jejuolle.org) 코스별 음성해설,「탐나는수어」 앱 · 제주수어통역센터 여행수어 자료(jejudeaf.com),,,,차량+대중교통+도보,,,,,,,,,,,,2023-12,,,,,,,UNKNOWN,UNKNOWN,,,,,제주관광약자접근성안내센터(이지제주) · 한국관광공사 열린관광 · ㈜휴플 현장조사,2026-06,2024~2026,https://easyjeju.net,제주관광공사 「오감으로 즐기는 제주」(2023.12.22) · 한국관광공사 열린관광지 · 이지제주,"현재 무장애 정보는 이동(지체) 접근성 기준입니다. 시각·청각·발달 장애 정보는 확보 중이며, 열린관광 모두의여행(access.visitkorea.or.kr) 또는 이지제주(easyjeju.net)에서 확인하실 수 있습니다.",SURVEYED,[FIX86] 해양 유형 사유 이관 — 조사 기록은 routeCondition·barrierFreeDetail 참조 ※ 올레 15-B 경유 — 휠체어 지정 10개 코스 밖이므로 접근 근거로 쓰지 않음,FIX86: 해양 유형 사유·안내문 신설,v3,ROUTE_SURVEY,경로 상태 조사: 포장 해안도로/포구+올레15-B 경유+방파제 단차 주의,,,,Y,UNKNOWN,UNKNOWN,
ACC_P585,P585,PARTIAL,UNKNOWN,UNKNOWN,UNKNOWN,PARTIAL,PARTIAL,PARTIAL,FULL,N,CONDITIONAL,CONDITIONAL,시설접근 기준 판정 — 활동참여 개별 근거 미확보,2단 부지/경사 가능,향교 경내+주출입구 단차 없음,장애인화장실+장애인전용주차구역+주출입구 단차 없음+경내 일부 경사/단차 주의,,,,,,휠내비길(wheelnavi.kr) 음성안내 · 제주올레 오디오가이드(jejuolle.org) 코스별 음성해설,「탐나는수어」 앱 · 제주수어통역센터 여행수어 자료(jejudeaf.com),,IN_VENUE,이용 동선에서 이용 가능,차량+도보,,,,,,,,,,,,2023-12,,,,,,,UNKNOWN,UNKNOWN,,,,,제주관광약자접근성안내센터(이지제주) · 한국관광공사 열린관광 · ㈜휴플 현장조사,2026-06,2024~2026,https://easyjeju.net,제주관광공사 「오감으로 즐기는 제주」(2023.12.22) · 한국관광공사 열린관광지 · 이지제주,"현재 무장애 정보는 이동(지체) 접근성 기준입니다. 시각·청각·발달 장애 정보는 확보 중이며, 열린관광 모두의여행(access.visitkorea.or.kr) 또는 이지제주(easyjeju.net)에서 확인하실 수 있습니다.",SURVEYED,,,v3,ROUTE_SURVEY,경로 상태 조사: 향교 경내+주출입구 단차 없음,,,,Y,UNKNOWN,UNKNOWN,
ACC_P586,P586,PARTIAL,UNKNOWN,UNKNOWN,UNKNOWN,PARTIAL,PARTIAL,PARTIAL,FULL,N,CONDITIONAL,CONDITIONAL,시설접근 기준 판정 — 활동참여 개별 근거 미확보,,곶자왈 산책로+단차 없음 구간+숲길 노면 주의,공용주차장+장애인화장실+단차 없음 산책 구간+곶자왈 숲길,,,,,,휠내비길(wheelnavi.kr) 음성안내 · 제주올레 오디오가이드(jejuolle.org) 코스별 음성해설,「탐나는수어」 앱 · 제주수어통역센터 여행수어 자료(jejudeaf.com),,IN_VENUE,이용 동선에서 이용 가능,차량+도보,,,,,,,,,,,,2023-12,,,,,,,UNKNOWN,UNKNOWN,,,,,제주관광약자접근성안내센터(이지제주) · 한국관광공사 열린관광 · ㈜휴플 현장조사,2026-06,2024~2026,https://easyjeju.net,제주관광공사 「오감으로 즐기는 제주」(2023.12.22) · 한국관광공사 열린관광지 · 이지제주,"현재 무장애 정보는 이동(지체) 접근성 기준입니다. 시각·청각·발달 장애 정보는 확보 중이며, 열린관광 모두의여행(access.visitkorea.or.kr) 또는 이지제주(easyjeju.net)에서 확인하실 수 있습니다.",SURVEYED,,,v3,ROUTE_SURVEY,경로 상태 조사: 곶자왈 산책로+단차 없음 구간+숲길 노면 주의,,,,Y,UNKNOWN,UNKNOWN,
ACC_P587,P587,NONE,UNKNOWN,UNKNOWN,UNKNOWN,NONE,NONE,PARTIAL,UNKNOWN,Y,UNAVAILABLE,UNAVAILABLE,시설접근 기준 판정 — 활동참여 개별 근거 미확보,,4·3 유적지/마을터+야외 흙길/돌담+주차 후 도보,동광리 4·3길/잃어버린 마을터+큰넓궤 인접+무장애 편의 미확인,,,,,,휠내비길(wheelnavi.kr) 음성안내 · 제주올레 오디오가이드(jejuolle.org) 코스별 음성해설,「탐나는수어」 앱 · 제주수어통역센터 여행수어 자료(jejudeaf.com),,,,차량+대중교통+도보,,,,,,,,,,,,2023-12,,,,,,,UNKNOWN,UNKNOWN,,,,,제주관광약자접근성안내센터(이지제주) · 한국관광공사 열린관광 · ㈜휴플 현장조사,2026-06,2024~2026,https://easyjeju.net,제주관광공사 「오감으로 즐기는 제주」(2023.12.22) · 한국관광공사 열린관광지 · 이지제주,"현재 무장애 정보는 이동(지체) 접근성 기준입니다. 시각·청각·발달 장애 정보는 확보 중이며, 열린관광 모두의여행(access.visitkorea.or.kr) 또는 이지제주(easyjeju.net)에서 확인하실 수 있습니다.",SURVEYED,,,v3,FACILITY_SURVEY,편의시설 조사: 동광리 4·3길/잃어버린 마을터+큰넓궤 인접+무장애 편의 미확인,,,,N,UNKNOWN,UNKNOWN,시각·청각 접근성 정보가 확인되지 않았습니다
ACC_P588,P588,UNKNOWN,UNKNOWN,UNKNOWN,UNKNOWN,UNKNOWN,UNKNOWN,UNKNOWN,UNKNOWN,Y,UNKNOWN,UNKNOWN,,,소규모 문화공간+마을 골목+출입구/화장실 확인필요,거로마을 문화예술공간+전시/프로젝트 운영+무장애 편의 확인필요,,,,,,휠내비길(wheelnavi.kr) 음성안내 · 제주올레 오디오가이드(jejuolle.org) 코스별 음성해설,「탐나는수어」 앱 · 제주수어통역센터 여행수어 자료(jejudeaf.com),,,,차량+대중교통,,,,,,,,,,,,2023-12,,,,,,,UNKNOWN,UNKNOWN,,,,,제주관광약자접근성안내센터(이지제주) · 한국관광공사 열린관광 · ㈜휴플 현장조사,2026-06,2024~2026,https://easyjeju.net,제주관광공사 「오감으로 즐기는 제주」(2023.12.22) · 한국관광공사 열린관광지 · 이지제주,"현재 무장애 정보는 이동(지체) 접근성 기준입니다. 시각·청각·발달 장애 정보는 확보 중이며, 열린관광 모두의여행(access.visitkorea.or.kr) 또는 이지제주(easyjeju.net)에서 확인하실 수 있습니다.",SURVEYED,,,v3,FACILITY_SURVEY,편의시설 조사: 거로마을 문화예술공간+전시/프로젝트 운영+무장애 편의 확인필요,,,,Y,UNKNOWN,UNKNOWN,
ACC_P589,P589,UNKNOWN,UNKNOWN,UNKNOWN,UNKNOWN,UNKNOWN,UNKNOWN,UNKNOWN,UNKNOWN,Y,UNKNOWN,UNKNOWN,,,해안도로변 소규모 미술관+주차 일부 가능+운영/동선 확인필요,대정 일과리 해안가 미술관/돌고래 스팟+주차공간 일부+무장애 편의 확인필요,,,,,,휠내비길(wheelnavi.kr) 음성안내 · 제주올레 오디오가이드(jejuolle.org) 코스별 음성해설,「탐나는수어」 앱 · 제주수어통역센터 여행수어 자료(jejudeaf.com),,,,차량+대중교통,,,,,,,,,,,,2023-12,,,,,,,UNKNOWN,UNKNOWN,,,,,제주관광약자접근성안내센터(이지제주) · 한국관광공사 열린관광 · ㈜휴플 현장조사,2026-06,2024~2026,https://easyjeju.net,제주관광공사 「오감으로 즐기는 제주」(2023.12.22) · 한국관광공사 열린관광지 · 이지제주,"현재 무장애 정보는 이동(지체) 접근성 기준입니다. 시각·청각·발달 장애 정보는 확보 중이며, 열린관광 모두의여행(access.visitkorea.or.kr) 또는 이지제주(easyjeju.net)에서 확인하실 수 있습니다.",SURVEYED,,,v3,FACILITY_SURVEY,편의시설 조사: 대정 일과리 해안가 미술관/돌고래 스팟+주차공간 일부+무장애 편의 확인필요,,,,Y,UNKNOWN,UNKNOWN,
ACC_P590,P590,UNKNOWN,UNKNOWN,UNKNOWN,UNKNOWN,UNKNOWN,UNKNOWN,UNKNOWN,UNKNOWN,N,UNKNOWN,UNKNOWN,,,야외 묘역/역사관 주변+묘역 동선 확인필요,4·3 집단묘역+백조일손역사관 인접+무장애 편의 확인필요,,,,,,휠내비길(wheelnavi.kr) 음성안내 · 제주올레 오디오가이드(jejuolle.org) 코스별 음성해설,「탐나는수어」 앱 · 제주수어통역센터 여행수어 자료(jejudeaf.com),,,,차량+도보,,,,,,,,,,,,2023-12,,,,,,,UNKNOWN,UNKNOWN,,,,,제주관광약자접근성안내센터(이지제주) · 한국관광공사 열린관광 · ㈜휴플 현장조사,2026-06,2024~2026,https://easyjeju.net,제주관광공사 「오감으로 즐기는 제주」(2023.12.22) · 한국관광공사 열린관광지 · 이지제주,"현재 무장애 정보는 이동(지체) 접근성 기준입니다. 시각·청각·발달 장애 정보는 확보 중이며, 열린관광 모두의여행(access.visitkorea.or.kr) 또는 이지제주(easyjeju.net)에서 확인하실 수 있습니다.",SURVEYED,,,v3,FACILITY_SURVEY,편의시설 조사: 4·3 집단묘역+백조일손역사관 인접+무장애 편의 확인필요,,,,Y,UNKNOWN,UNKNOWN,
ACC_P591,P591,PARTIAL,UNKNOWN,UNKNOWN,UNKNOWN,PARTIAL,NONE,NONE,FULL,N,CONDITIONAL,CONDITIONAL,시설접근 기준 판정 — 활동참여 개별 근거 미확보,오르막 4~11도+계단/경사로 병행,판석길+턱 13cm,장애인화장실+일부 휠체어 경사로+전동휠체어 동행인 권장+수동휠체어/고령층 미추천,,,,,,휠내비길(wheelnavi.kr) 음성안내 · 제주올레 오디오가이드(jejuolle.org) 코스별 음성해설,「탐나는수어」 앱 · 제주수어통역센터 여행수어 자료(jejudeaf.com),,IN_VENUE,이용 동선에서 이용 가능,차량+도보,,,,,,,,,,,,2023-12,,,,,,,UNKNOWN,UNKNOWN,,,,,제주관광약자접근성안내센터(이지제주) · 한국관광공사 열린관광 · ㈜휴플 현장조사,2026-06,2024~2026,https://easyjeju.net,제주관광공사 「오감으로 즐기는 제주」(2023.12.22) · 한국관광공사 열린관광지 · 이지제주,"현재 무장애 정보는 이동(지체) 접근성 기준입니다. 시각·청각·발달 장애 정보는 확보 중이며, 열린관광 모두의여행(access.visitkorea.or.kr) 또는 이지제주(easyjeju.net)에서 확인하실 수 있습니다.",SURVEYED,,,v3,ROUTE_SURVEY,경로 상태 조사: 판석길+턱 13cm,,,,Y,UNKNOWN,UNKNOWN,
ACC_P592,P592,PARTIAL,UNKNOWN,UNKNOWN,UNKNOWN,PARTIAL,PARTIAL,PARTIAL,UNKNOWN,Y,CONDITIONAL,CONDITIONAL,시설접근 기준 판정 — 활동참여 개별 근거 미확보,,공용주차장+숲길 초입 14도+잔디/흙길/판석+계단/턱 있음,장애인주차공간 4대+일부 단독접근 가능+대웅전/구화루 접근 어려움+일반화장실 단차,,,,,,휠내비길(wheelnavi.kr) 음성안내 · 제주올레 오디오가이드(jejuolle.org) 코스별 음성해설,「탐나는수어」 앱 · 제주수어통역센터 여행수어 자료(jejudeaf.com),,,,차량+대중교통+도보,,,,,,,,,,,,2023-12,,,,,,,UNKNOWN,UNKNOWN,,,,,제주관광약자접근성안내센터(이지제주) · 한국관광공사 열린관광 · ㈜휴플 현장조사,2026-06,2024~2026,https://easyjeju.net,제주관광공사 「오감으로 즐기는 제주」(2023.12.22) · 한국관광공사 열린관광지 · 이지제주,"현재 무장애 정보는 이동(지체) 접근성 기준입니다. 시각·청각·발달 장애 정보는 확보 중이며, 열린관광 모두의여행(access.visitkorea.or.kr) 또는 이지제주(easyjeju.net)에서 확인하실 수 있습니다.",SURVEYED,,,v3,ROUTE_SURVEY,경로 상태 조사: 공용주차장+숲길 초입 14도+잔디/흙길/판석+계단/턱 있음,,,,Y,UNKNOWN,UNKNOWN,
ACC_P593,P593,PARTIAL,UNKNOWN,UNKNOWN,UNKNOWN,PARTIAL,PARTIAL,PARTIAL,FULL,Y,CONDITIONAL,CONDITIONAL,시설접근 기준 판정 — 활동참여 개별 근거 미확보,,해안로/포구 포장·평탄 구간+성곽 석축/상부 접근 주의,토끼섬·하도포구 무장애코스 인접+별방진 해안로+주변 장애인화장실+성곽 구간 주의,,,,,,휠내비길(wheelnavi.kr) 음성안내 · 제주올레 오디오가이드(jejuolle.org) 코스별 음성해설,「탐나는수어」 앱 · 제주수어통역센터 여행수어 자료(jejudeaf.com),,IN_VENUE,이용 동선에서 이용 가능,차량+대중교통+도보,,,,,,,,,,,,2023-12,,,,,,,UNKNOWN,UNKNOWN,,,,,제주관광약자접근성안내센터(이지제주) · 한국관광공사 열린관광 · ㈜휴플 현장조사,2026-06,2024~2026,https://easyjeju.net,제주관광공사 「오감으로 즐기는 제주」(2023.12.22) · 한국관광공사 열린관광지 · 이지제주,"현재 무장애 정보는 이동(지체) 접근성 기준입니다. 시각·청각·발달 장애 정보는 확보 중이며, 열린관광 모두의여행(access.visitkorea.or.kr) 또는 이지제주(easyjeju.net)에서 확인하실 수 있습니다.",SURVEYED,,,v3,FACILITY_SURVEY,편의시설 조사: 토끼섬·하도포구 무장애코스 인접+별방진 해안로+주변 장애인화장실+성곽 구간 주의,,,,Y,UNKNOWN,UNKNOWN,
ACC_P594,P594,PARTIAL,UNKNOWN,UNKNOWN,UNKNOWN,PARTIAL,PARTIAL,PARTIAL,FULL,N,CONDITIONAL,CONDITIONAL,동백동산 무장애 시설은 이용 가능 / 곶자왈 숲길은 접근 불가,자연 노면/경사 주의,곶자왈 숲길+동백동산 접근,동백동산 무장애 편의시설+장애인화장실+장애인전용주차구역+숲길 노면 주의,동백동산 무장애 편의시설·장애인 화장실·전용 주차구역 확보. 곶자왈 숲길은 자연 노면으로 제한,"선흘 곶자왈은 동백동산 쪽에 무장애 편의시설과 장애인 화장실, 장애인 전용 주차구역이 갖춰져 있어 그쪽까지는 이용하실 수 있습니다. 다만 곶자왈 숲길은 자연 노면이라 고르지 않고 경사가 있어 휠체어로 이동하시기 어렵습니다.",,,,휠내비길(wheelnavi.kr) 음성안내 · 제주올레 오디오가이드(jejuolle.org) 코스별 음성해설,「탐나는수어」 앱 · 제주수어통역센터 여행수어 자료(jejudeaf.com),,IN_VENUE,이용 동선에서 이용 가능,차량+도보,,,,,,,,,,,,2023-12,,,,,,,UNKNOWN,UNKNOWN,,,,,제주관광약자접근성안내센터(이지제주) · 한국관광공사 열린관광 · ㈜휴플 현장조사,2026-06,2024~2026,https://easyjeju.net,제주관광공사 「오감으로 즐기는 제주」(2023.12.22) · 한국관광공사 열린관광지 · 이지제주,"현재 무장애 정보는 이동(지체) 접근성 기준입니다. 시각·청각·발달 장애 정보는 확보 중이며, 열린관광 모두의여행(access.visitkorea.or.kr) 또는 이지제주(easyjeju.net)에서 확인하실 수 있습니다.",SURVEYED,,[FIX90] 트레일 사유 이관 — 조사 기록은 routeCondition·barrierFreeDetail·slopeInfo 참조,v3,ROUTE_SURVEY,경로 상태 조사: 곶자왈 숲길+동백동산 접근,,,,Y,UNKNOWN,UNKNOWN,
ACC_P595,P595,PARTIAL,UNKNOWN,UNKNOWN,UNKNOWN,PARTIAL,PARTIAL,PARTIAL,PARTIAL,Y,CONDITIONAL,CONDITIONAL,시설접근 기준 판정 — 활동참여 개별 근거 미확보,"동백마을 군락지 초입 바닥 요철 마감이며, 관람로 단차 없이 관람 가능합니다+방문자센터 주 출입문 미닫이문 형태이며, 낮은 단차 있습니다+방문자센터 출입구 낮은 단차 있으며, 체험실 유효 폭 협소합니다",마을길/해안로+장애인주차구역+계단 일부,장애인주차구역+무지개길+해안로+일부 계단/횡단보도 경사+주변 대체 장애인화장실,,,,,,휠내비길(wheelnavi.kr) 음성안내 · 제주올레 오디오가이드(jejuolle.org) 코스별 음성해설,「탐나는수어」 앱 · 제주수어통역센터 여행수어 자료(jejudeaf.com),,,이 관광지 안에는 장애인 화장실이 없습니다.,차량+대중교통+도보,,,,,,,,,,,,2023-12,,,,,,,UNKNOWN,UNKNOWN,,,,,제주관광약자접근성안내센터(이지제주) · 한국관광공사 열린관광 · ㈜휴플 현장조사,2026-06,2024~2026,https://easyjeju.net,제주관광공사 「오감으로 즐기는 제주」(2023.12.22) · 한국관광공사 열린관광지 · 이지제주,"현재 무장애 정보는 이동(지체) 접근성 기준입니다. 시각·청각·발달 장애 정보는 확보 중이며, 열린관광 모두의여행(access.visitkorea.or.kr) 또는 이지제주(easyjeju.net)에서 확인하실 수 있습니다.",SURVEYED,[FIX99] 조사기록에 「인근·주변에 장애인 화장실 있음」으로만 적혀 있고 시설명·거리가 특정되지 않아 이용자 안내에서는 제외함. 정확한 시설명과 거리 확인 필요.,,v3,ROUTE_SURVEY,경로 상태 조사: 마을길/해안로+장애인주차구역+계단 일부,,,,Y,UNKNOWN,UNKNOWN,
ACC_P596,P596,PARTIAL,UNKNOWN,UNKNOWN,UNKNOWN,PARTIAL,PARTIAL,PARTIAL,PARTIAL,Y,CONDITIONAL,CONDITIONAL,해안 산책길 무장애 동선은 이동 가능 / 이후 돌길·흙길 구간은 접근 불가,3~6도/5도 경사,해안산책길+장애인주차장+돌길/흙길 끝구간,장애인주차장+해안산책길+방파제 미끄럼 주의+무장애동선 이후 돌길/흙길+주변 대체 장애인화장실,장애인 주차장과 해안 산책길이 확보되어 있고 경사는 완만함. 무장애 동선이 끝나는 지점부터는 돌길·흙길로 제한됨,"신흥리 동백·향나무길은 장애인 주차장이 있고 해안 산책길 구간은 경사가 완만해 휠체어로 이동하실 수 있습니다. 다만 무장애 동선이 끝나는 지점부터는 돌길과 흙길로 바뀌어 이동이 어렵고, 방파제 쪽은 미끄러워 주의가 필요합니다. 장애인 화장실은 주변 대체 시설을 이용하셔야 합니다.",,,,휠내비길(wheelnavi.kr) 음성안내 · 제주올레 오디오가이드(jejuolle.org) 코스별 음성해설,「탐나는수어」 앱 · 제주수어통역센터 여행수어 자료(jejudeaf.com),,,이 관광지 안에는 장애인 화장실이 없습니다.,차량+대중교통+도보,,,,,,,,,,,,2023-12,,,,,,,UNKNOWN,UNKNOWN,,,,,제주관광약자접근성안내센터(이지제주) · 한국관광공사 열린관광 · ㈜휴플 현장조사,2026-06,2024~2026,https://easyjeju.net,제주관광공사 「오감으로 즐기는 제주」(2023.12.22) · 한국관광공사 열린관광지 · 이지제주,"현재 무장애 정보는 이동(지체) 접근성 기준입니다. 시각·청각·발달 장애 정보는 확보 중이며, 열린관광 모두의여행(access.visitkorea.or.kr) 또는 이지제주(easyjeju.net)에서 확인하실 수 있습니다.",SURVEYED,[FIX99] 조사기록에 「인근·주변에 장애인 화장실 있음」으로만 적혀 있고 시설명·거리가 특정되지 않아 이용자 안내에서는 제외함. 정확한 시설명과 거리 확인 필요.,[FIX90] 트레일 사유 이관 — 조사 기록은 routeCondition·barrierFreeDetail·slopeInfo 참조,v3,ROUTE_SURVEY,경로 상태 조사: 해안산책길+장애인주차장+돌길/흙길 끝구간,,,,Y,UNKNOWN,UNKNOWN,
ACC_P597,P597,PARTIAL,UNKNOWN,UNKNOWN,UNKNOWN,PARTIAL,PARTIAL,PARTIAL,FULL,N,CONDITIONAL,CONDITIONAL,시설접근 기준 판정 — 활동참여 개별 근거 미확보,섯알오름주차장. 평화공원화장실: 장애인화장실 / 주출입구에 나무데크 경사로 설치. 턱있음+섯알오름 예비검속 희생자추모비: 경사구간 : 경사길이 6m(11~17˚)+추모의 길 종료지점: 나무테크 계단길 (17개),시멘트길+자갈/흙길 혼재+데크계단 구간,평화공원 장애인화장실+격납고 일부 시멘트 접근+장애인전용주차/무단차 정보+자갈·흙길/계단 구간,,,,,,휠내비길(wheelnavi.kr) 음성안내 · 제주올레 오디오가이드(jejuolle.org) 코스별 음성해설,「탐나는수어」 앱 · 제주수어통역센터 여행수어 자료(jejudeaf.com),,IN_VENUE,이용 동선에서 이용 가능,차량+도보,,,,,,,,,,,,2023-12,,,,,,,UNKNOWN,UNKNOWN,,,,,제주관광약자접근성안내센터(이지제주) · 한국관광공사 열린관광 · ㈜휴플 현장조사,2026-06,2024~2026,https://easyjeju.net,제주관광공사 「오감으로 즐기는 제주」(2023.12.22) · 한국관광공사 열린관광지 · 이지제주,"현재 무장애 정보는 이동(지체) 접근성 기준입니다. 시각·청각·발달 장애 정보는 확보 중이며, 열린관광 모두의여행(access.visitkorea.or.kr) 또는 이지제주(easyjeju.net)에서 확인하실 수 있습니다.",SURVEYED,,,v3,ROUTE_SURVEY,경로 상태 조사: 시멘트길+자갈/흙길 혼재+데크계단 구간,,,,Y,UNKNOWN,UNKNOWN,
ACC_P598,P598,PARTIAL,UNKNOWN,UNKNOWN,UNKNOWN,PARTIAL,PARTIAL,PARTIAL,UNKNOWN,Y,CONDITIONAL,CONDITIONAL,시설접근 기준 판정 — 활동참여 개별 근거 미확보,,주차장/데크길 정비+폭포 관람데크+우천 후 미끄럼 주의,공용주차장+화장실+데크 관람로+장애인화장실 확인필요,,,,,,휠내비길(wheelnavi.kr) 음성안내 · 제주올레 오디오가이드(jejuolle.org) 코스별 음성해설,「탐나는수어」 앱 · 제주수어통역센터 여행수어 자료(jejudeaf.com),,,,차량+대중교통+도보,,,,,,,,,,,,2023-12,,,,,,,UNKNOWN,UNKNOWN,,,,,제주관광약자접근성안내센터(이지제주) · 한국관광공사 열린관광 · ㈜휴플 현장조사,2026-06,2024~2026,https://easyjeju.net,제주관광공사 「오감으로 즐기는 제주」(2023.12.22) · 한국관광공사 열린관광지 · 이지제주,"현재 무장애 정보는 이동(지체) 접근성 기준입니다. 시각·청각·발달 장애 정보는 확보 중이며, 열린관광 모두의여행(access.visitkorea.or.kr) 또는 이지제주(easyjeju.net)에서 확인하실 수 있습니다.",SURVEYED,,,v3,ROUTE_SURVEY,경로 상태 조사: 주차장/데크길 정비+폭포 관람데크+우천 후 미끄럼 주의,,,,Y,UNKNOWN,UNKNOWN,
ACC_P599,P599,PARTIAL,UNKNOWN,UNKNOWN,UNKNOWN,PARTIAL,PARTIAL,PARTIAL,PARTIAL,Y,CONDITIONAL,CONDITIONAL,시설접근 기준 판정 — 활동참여 개별 근거 미확보,경사로/단차 없는 통로 일부,연못 산책로+주변 동산/노면 확인필요,주차장+화장실+연못 산책로+휠체어/유모차 이동 가능 보도자료+장애인화장실 확인필요,,,,,,휠내비길(wheelnavi.kr) 음성안내 · 제주올레 오디오가이드(jejuolle.org) 코스별 음성해설,「탐나는수어」 앱 · 제주수어통역센터 여행수어 자료(jejudeaf.com),,,,차량+대중교통+도보,,,,,,,,,,,,2023-12,,,,,,,UNKNOWN,UNKNOWN,,,,,제주관광약자접근성안내센터(이지제주) · 한국관광공사 열린관광 · ㈜휴플 현장조사,2026-06,2024~2026,https://easyjeju.net · https://www.data.go.kr/data/15101897/openapi.do,제주관광공사 「오감으로 즐기는 제주」(2023.12.22) · 한국관광공사 열린관광지 · 이지제주,"현재 무장애 정보는 이동(지체) 접근성 기준입니다. 시각·청각·발달 장애 정보는 확보 중이며, 열린관광 모두의여행(access.visitkorea.or.kr) 또는 이지제주(easyjeju.net)에서 확인하실 수 있습니다.",SURVEYED,[FIX65] 한국관광공사 무장애 API(detailWithTour2) — restroom=장애인 전용 화장실 있음,FIX65: disabledToilet UNKNOWN→PARTIAL (KTO API),v3,ROUTE_SURVEY,경로 상태 조사: 연못 산책로+주변 동산/노면 확인필요,,,,Y,UNKNOWN,UNKNOWN,
ACC_P600,P600,PARTIAL,UNKNOWN,UNKNOWN,UNKNOWN,PARTIAL,PARTIAL,PARTIAL,PARTIAL,Y,CONDITIONAL,CONDITIONAL,마을길 무장애 코스 이용 가능 / 포구 진입은 자갈·계단으로 제약,오르막/내리막,자갈길+계단 1~8개+나무데크 계단,오조포구마을길 일부 무장애코스+마을길/포구 접근+식산봉·족지물 계단 주의+장애인화장실 확인 상충,"오조포구 마을길 일부가 무장애 코스임. 다만 포구 쪽은 자갈길과 계단 1~8개, 나무데크 계단이 있어 접근이 제약됨. 장애인 화장실은 일부만 이용 가능",오조포구 마을길 일부가 무장애 코스로 조성되어 있어 그 구간은 이동하시기 수월합니다. 식산봉과 족지물 쪽으로도 이어집니다. 다만 포구 쪽으로 내려가는 길에는 자갈과 계단이 있어 물가까지 가시기는 어렵습니다. 장애인 화장실은 있으나 이용에 제약이 있습니다.,,,,휠내비길(wheelnavi.kr) 음성안내 · 제주올레 오디오가이드(jejuolle.org) 코스별 음성해설,「탐나는수어」 앱 · 제주수어통역센터 여행수어 자료(jejudeaf.com),,IN_VENUE,이용 동선에서 이용 가능,차량+대중교통+도보,,,,,,,,,,,,2023-12,,,,,,,UNKNOWN,UNKNOWN,,,,,제주관광약자접근성안내센터(이지제주) · 한국관광공사 열린관광 · ㈜휴플 현장조사,2026-06,2024~2026,https://easyjeju.net,제주관광공사 「오감으로 즐기는 제주」(2023.12.22) · 한국관광공사 열린관광지 · 이지제주,"현재 무장애 정보는 이동(지체) 접근성 기준입니다. 시각·청각·발달 장애 정보는 확보 중이며, 열린관광 모두의여행(access.visitkorea.or.kr) 또는 이지제주(easyjeju.net)에서 확인하실 수 있습니다.",SURVEYED,"[FIX86] 해양 유형 사유 이관 — 조사 기록은 routeCondition·barrierFreeDetail 참조. 잔여 확인 — 무장애 코스의 연장과 시·종점, 장애인 화장실 제약 내용",FIX86: 해양 유형 사유·안내문 신설,v3,ROUTE_SURVEY,경로 상태 조사: 자갈길+계단 1~8개+나무데크 계단,,,,Y,UNKNOWN,UNKNOWN,
ACC_P601,P601,PARTIAL,UNKNOWN,UNKNOWN,UNKNOWN,PARTIAL,PARTIAL,PARTIAL,PARTIAL,Y,CONDITIONAL,CONDITIONAL,"포구 주변 포장 구간 이용 가능 / 환해장성 해안길은 자연 노면, 올레 3코스는 휠체어 지정 밖",일부 경사/노면 불량,해안길/환해장성+포구 주차공터,온평포구/제주올레3코스 시작점+포장 보행로 일부+온평다목적회관 장애인화장실 인접+해안길 경사/계단 주의,경로 조사 — 포장 보행로 일부와 포구 주차 공터. 온평다목적회관 인접. 제주올레 3코스 시작점이나 3코스는 공식 휠체어 지정 구간이 아님. 환해장성 구간은 자연 노면,포구에 주차 공터가 있고 포장된 보행로 구간이 있습니다. 온평다목적회관도 가까이 있습니다. 다만 환해장성을 따라가는 해안길은 자연 그대로의 노면이라 이동이 어렵습니다. 올레 3코스가 여기서 시작하지만 이 코스는 휠체어 이용 구간으로 지정되어 있지 않습니다.,,,,휠내비길(wheelnavi.kr) 음성안내 · 제주올레 오디오가이드(jejuolle.org) 코스별 음성해설,「탐나는수어」 앱 · 제주수어통역센터 여행수어 자료(jejudeaf.com),,IN_VENUE,이용 동선에서 이용 가능,차량+대중교통+도보,,,,,,,,,,,,2023-12,,,,,,,UNKNOWN,UNKNOWN,,,,,제주관광약자접근성안내센터(이지제주) · 한국관광공사 열린관광 · ㈜휴플 현장조사,2026-06,2024~2026,https://easyjeju.net,제주관광공사 「오감으로 즐기는 제주」(2023.12.22) · 한국관광공사 열린관광지 · 이지제주,"현재 무장애 정보는 이동(지체) 접근성 기준입니다. 시각·청각·발달 장애 정보는 확보 중이며, 열린관광 모두의여행(access.visitkorea.or.kr) 또는 이지제주(easyjeju.net)에서 확인하실 수 있습니다.",SURVEYED,[FIX86] 해양 유형 사유 이관 — 조사 기록은 routeCondition·barrierFreeDetail 참조 ※ 올레 3코스 시작점 — 휠체어 지정 10개 코스 밖. 잔여 확인 — 장애인 화장실 유무,FIX86: 해양 유형 사유·안내문 신설,v3,ROUTE_SURVEY,경로 상태 조사: 해안길/환해장성+포구 주차공터,,,,Y,UNKNOWN,UNKNOWN,
ACC_P602,P602,NONE,UNKNOWN,UNKNOWN,UNKNOWN,NONE,NONE,NONE,UNKNOWN,Y,UNAVAILABLE,UNAVAILABLE,탐방로 입구 편의시설은 이용 가능 / 장거리 산행 구간은 접근 불가,계단/경사/자연노면,한라산 탐방로+4.7km 이상 산행,어리목/영실/돈내코 탐방로 연결+공용주차장/화장실 가능+휠체어/유모차 접근 어려움,,"웃세오름은 한라산 탐방로 위에 있는 지점으로, 어리목·영실·돈내코 탐방로에서 4.7km 이상 산행해야 닿습니다. 휠체어로 이동하시기 어렵습니다. 탐방로 입구에는 공용 주차장과 화장실이 있으나 장애인 화장실 여부는 확인되지 않았습니다.",,,,휠내비길(wheelnavi.kr) 음성안내 · 제주올레 오디오가이드(jejuolle.org) 코스별 음성해설,「탐나는수어」 앱 · 제주수어통역센터 여행수어 자료(jejudeaf.com),,,,차량+대중교통+도보,,,,,,,,,,,,2023-12,,,,,,,UNKNOWN,UNKNOWN,,,,,제주관광약자접근성안내센터(이지제주) · 한국관광공사 열린관광 · ㈜휴플 현장조사,2026-06,2024~2026,https://easyjeju.net,제주관광공사 「오감으로 즐기는 제주」(2023.12.22) · 한국관광공사 열린관광지 · 이지제주,"현재 무장애 정보는 이동(지체) 접근성 기준입니다. 시각·청각·발달 장애 정보는 확보 중이며, 열린관광 모두의여행(access.visitkorea.or.kr) 또는 이지제주(easyjeju.net)에서 확인하실 수 있습니다.",SURVEYED,[FIX89] 산·오름 사유 이관 — 조사 기록은 routeCondition·barrierFreeDetail 참조,,v3,ROUTE_SURVEY,경로 상태 조사: 한라산 탐방로+4.7km 이상 산행,,,,N,UNKNOWN,UNKNOWN,"시각장애인은 동행자와 함께라면 이용 가능할 수 있으나 안내 설비 정보가 없습니다. 청각장애인은 이동에 제약이 적을 것으로 보이나, 조난 시 연락 수단·안내 방송 여부가 확인되지 않았습니다"
ACC_P603,P603,PARTIAL,UNKNOWN,UNKNOWN,UNKNOWN,PARTIAL,PARTIAL,PARTIAL,UNKNOWN,Y,CONDITIONAL,CONDITIONAL,시설접근 기준 판정 — 활동참여 개별 근거 미확보,월대교 5도 경사,판석길+5cm 턱+계단/징검다리 반환점,장애인주차구역+추천코스+일반화장실+휠체어 반환점+계단·징검다리 구간 주의,,,,,,휠내비길(wheelnavi.kr) 음성안내 · 제주올레 오디오가이드(jejuolle.org) 코스별 음성해설,「탐나는수어」 앱 · 제주수어통역센터 여행수어 자료(jejudeaf.com),,,,차량+대중교통+도보,,,,,,,,,,,,2023-12,,,,,,,UNKNOWN,UNKNOWN,,,,,제주관광약자접근성안내센터(이지제주) · 한국관광공사 열린관광 · ㈜휴플 현장조사,2026-06,2024~2026,https://easyjeju.net,제주관광공사 「오감으로 즐기는 제주」(2023.12.22) · 한국관광공사 열린관광지 · 이지제주,"현재 무장애 정보는 이동(지체) 접근성 기준입니다. 시각·청각·발달 장애 정보는 확보 중이며, 열린관광 모두의여행(access.visitkorea.or.kr) 또는 이지제주(easyjeju.net)에서 확인하실 수 있습니다.",SURVEYED,,,v3,ROUTE_SURVEY,경로 상태 조사: 판석길+5cm 턱+계단/징검다리 반환점,,,"계곡물은 수심을 눈으로 가늠하기 어렵고 바닥이 미끄러우니 발이 닿는 곳에서만 머물러 주세요. 비가 온 뒤에는 상류에서 물이 갑자기 불어날 수 있어, 시간당 10mm 이상 비가 예보된 날에는 입수를 삼가 주세요. 폭포 아래는 수심이 깊고 물살이 강합니다.",Y,UNKNOWN,UNKNOWN,
ACC_P604,P604,PARTIAL,UNKNOWN,UNKNOWN,UNKNOWN,PARTIAL,PARTIAL,PARTIAL,PARTIAL,N,CONDITIONAL,CONDITIONAL,감귤박물관 산책로는 이용 가능 / 정상 구간은 접근 제한,경사/계단 가능,감귤박물관 생이소리길+정상바위까지 1시간 산책로,감귤박물관 산책로+주변 장애인화장실/주차 편의+정상부 오름길 보조 필요,감귤박물관 생이소리길과 주변 장애인 화장실·주차 편의 확보. 정상바위까지는 1시간 산책로로 보조 필요,"월라봉은 감귤박물관 쪽 생이소리길까지는 이용하실 수 있고, 주변에 장애인 화장실과 주차 편의가 있습니다. 정상 바위까지는 1시간 정도 걸리는 산책로라 휠체어로 이동하시려면 동행하시는 분의 도움이 필요합니다.",,,,휠내비길(wheelnavi.kr) 음성안내 · 제주올레 오디오가이드(jejuolle.org) 코스별 음성해설,「탐나는수어」 앱 · 제주수어통역센터 여행수어 자료(jejudeaf.com),,,이 관광지 안에는 장애인 화장실이 없습니다.,차량+도보,,,,,,,,,,,,2023-12,,,,,,,UNKNOWN,UNKNOWN,,,,,제주관광약자접근성안내센터(이지제주) · 한국관광공사 열린관광 · ㈜휴플 현장조사,2026-06,2024~2026,https://easyjeju.net,제주관광공사 「오감으로 즐기는 제주」(2023.12.22) · 한국관광공사 열린관광지 · 이지제주,"현재 무장애 정보는 이동(지체) 접근성 기준입니다. 시각·청각·발달 장애 정보는 확보 중이며, 열린관광 모두의여행(access.visitkorea.or.kr) 또는 이지제주(easyjeju.net)에서 확인하실 수 있습니다.",SURVEYED,[FIX89] 산·오름 사유 이관 — 조사 기록은 routeCondition·barrierFreeDetail 참조 [FIX99] 조사기록에 「인근·주변에 장애인 화장실 있음」으로만 적혀 있고 시설명·거리가 특정되지 않아 이용자 안내에서는 제외함. 정확한 시설명과 거리 확인 필요.,,v3,ROUTE_SURVEY,경로 상태 조사: 감귤박물관 생이소리길+정상바위까지 1시간 산책로,,,,Y,UNKNOWN,UNKNOWN,
ACC_P605,P605,PARTIAL,UNKNOWN,UNKNOWN,UNKNOWN,PARTIAL,PARTIAL,PARTIAL,PARTIAL,N,CONDITIONAL,CONDITIONAL,"포구 주변 산책 구간 이용 가능 / 해안 바위·계단 구간 제약, 화장실 정보 상충",,포구/올레7·8코스 경유+해안길·바위/계단 가능+화장실 정보 상충,월평포구 산책/올레 경유+무장애 편의 아이콘 확인+현장 화장실 여부 재확인 필요,경로 조사 — 포구 산책 구간과 올레 7·8코스 경유 지점. 해안길에 바위와 계단 구간이 있을 수 있음. 화장실 정보가 자료마다 달라 확인 필요,포구 주변을 산책하실 수 있고 올레 7코스와 8코스가 지나는 지점입니다. 다만 해안 쪽으로는 바위와 계단이 있는 구간이 있어 이동이 어려울 수 있습니다. 화장실 정보가 자료마다 달라 방문 전에 확인해 보시는 편이 좋습니다.,,,,휠내비길(wheelnavi.kr) 음성안내 · 제주올레 오디오가이드(jejuolle.org) 코스별 음성해설,「탐나는수어」 앱 · 제주수어통역센터 여행수어 자료(jejudeaf.com),,IN_VENUE,이용 동선에서 이용 가능,차량+도보,,,,,,,,,,,,2023-12,,,,,,,UNKNOWN,UNKNOWN,,,,,제주관광약자접근성안내센터(이지제주) · 한국관광공사 열린관광 · ㈜휴플 현장조사,2026-06,2024~2026,https://easyjeju.net,제주관광공사 「오감으로 즐기는 제주」(2023.12.22) · 한국관광공사 열린관광지 · 이지제주,"현재 무장애 정보는 이동(지체) 접근성 기준입니다. 시각·청각·발달 장애 정보는 확보 중이며, 열린관광 모두의여행(access.visitkorea.or.kr) 또는 이지제주(easyjeju.net)에서 확인하실 수 있습니다.",SURVEYED,[FIX86] 해양 유형 사유 이관 — 조사 기록은 routeCondition·barrierFreeDetail 참조 ※ 화장실 정보 자료 간 불일치 — 현장 확인 필요. 올레 8코스 휠체어 구간(논짓물~대평포구)과의 위치 관계 확인 필요,FIX86: 해양 유형 사유·안내문 신설,v3,ROUTE_SURVEY,경로 상태 조사: 포구/올레7·8코스 경유+해안길·바위/계단 가능+화장실 정보 상충,,,,Y,UNKNOWN,UNKNOWN,
ACC_P606,P606,NONE,UNKNOWN,UNKNOWN,UNKNOWN,NONE,NONE,NONE,UNKNOWN,N,UNAVAILABLE,UNAVAILABLE,탐방로 입구 편의시설은 이용 가능 / 장거리 산행 구간은 접근 불가,계단/경사/자연노면,한라산 탐방로+4.7km 이상 산행,어리목/영실/돈내코 탐방로 연결+공용주차장/화장실 가능+휠체어/유모차 접근 어려움,,"윗세오름은 한라산 탐방로 위에 있는 지점으로, 어리목·영실·돈내코 탐방로에서 4.7km 이상 산행해야 닿습니다. 휠체어로 이동하시기 어렵습니다. 탐방로 입구에는 공용 주차장과 화장실이 있으나 장애인 화장실 여부는 확인되지 않았습니다.",,,,휠내비길(wheelnavi.kr) 음성안내 · 제주올레 오디오가이드(jejuolle.org) 코스별 음성해설,「탐나는수어」 앱 · 제주수어통역센터 여행수어 자료(jejudeaf.com),,,,차량+도보,,,,,,,,,,,,2023-12,,,,,,,UNKNOWN,UNKNOWN,,,,,제주관광약자접근성안내센터(이지제주) · 한국관광공사 열린관광 · ㈜휴플 현장조사,2026-06,2024~2026,https://easyjeju.net,제주관광공사 「오감으로 즐기는 제주」(2023.12.22) · 한국관광공사 열린관광지 · 이지제주,"현재 무장애 정보는 이동(지체) 접근성 기준입니다. 시각·청각·발달 장애 정보는 확보 중이며, 열린관광 모두의여행(access.visitkorea.or.kr) 또는 이지제주(easyjeju.net)에서 확인하실 수 있습니다.",SURVEYED,[FIX89] 산·오름 사유 이관 — 조사 기록은 routeCondition·barrierFreeDetail 참조,,v3,ROUTE_SURVEY,경로 상태 조사: 한라산 탐방로+4.7km 이상 산행,,,,N,UNKNOWN,UNKNOWN,"시각장애인은 동행자와 함께라면 이용 가능할 수 있으나 안내 설비 정보가 없습니다. 청각장애인은 이동에 제약이 적을 것으로 보이나, 조난 시 연락 수단·안내 방송 여부가 확인되지 않았습니다"
ACC_P607,P607,NONE,UNKNOWN,UNKNOWN,UNKNOWN,NONE,NONE,PARTIAL,UNKNOWN,N,UNAVAILABLE,UNAVAILABLE,주차장 등 진입부는 이용 가능 / 오름 등반로는 접근 불가,,오름 농로/능선+비고 75m+자연노면/초지,오름 산행로+산책로 일부+무장애 편의시설 미확인,,유건에오름의 오름 등반로는 비포장 자연 노면이라 휠체어로 이동하시기 어렵습니다. 장애인 화장실은 확인되지 않았습니다.,,,,휠내비길(wheelnavi.kr) 음성안내 · 제주올레 오디오가이드(jejuolle.org) 코스별 음성해설,「탐나는수어」 앱 · 제주수어통역센터 여행수어 자료(jejudeaf.com),,,,차량+도보,,,,,,,,,,,,2023-12,,,,,,,UNKNOWN,UNKNOWN,,,,,제주관광약자접근성안내센터(이지제주) · 한국관광공사 열린관광 · ㈜휴플 현장조사,2026-06,2024~2026,https://easyjeju.net,제주관광공사 「오감으로 즐기는 제주」(2023.12.22) · 한국관광공사 열린관광지 · 이지제주,"현재 무장애 정보는 이동(지체) 접근성 기준입니다. 시각·청각·발달 장애 정보는 확보 중이며, 열린관광 모두의여행(access.visitkorea.or.kr) 또는 이지제주(easyjeju.net)에서 확인하실 수 있습니다.",SURVEYED,[FIX89] 산·오름 사유 이관 — 조사 기록은 routeCondition·barrierFreeDetail 참조,,v3,ROUTE_SURVEY,경로 상태 조사: 오름 농로/능선+비고 75m+자연노면/초지,,,,N,UNKNOWN,UNKNOWN,"시각장애인은 동행자와 함께라면 이용 가능할 수 있으나 안내 설비 정보가 없습니다. 청각장애인은 이동에 제약이 적을 것으로 보이나, 조난 시 연락 수단·안내 방송 여부가 확인되지 않았습니다"
ACC_P608,P608,NONE,UNKNOWN,UNKNOWN,UNKNOWN,NONE,NONE,NONE,UNKNOWN,N,UNAVAILABLE,UNAVAILABLE,주차장 등 진입부는 이용 가능 / 오름 등반로는 접근 불가,,비정비 오름/자연노면+탐방 편의 제한,은다리오름/은월봉 자연 오름+무장애 편의시설 미확인,,은월봉의 오름 등반로는 비포장 자연 노면·고르지 않은 노면이라 휠체어로 이동하시기 어렵습니다. 장애인 화장실은 확인되지 않았습니다.,,,,휠내비길(wheelnavi.kr) 음성안내 · 제주올레 오디오가이드(jejuolle.org) 코스별 음성해설,「탐나는수어」 앱 · 제주수어통역센터 여행수어 자료(jejudeaf.com),,,,차량+도보,,,,,,,,,,,,2023-12,,,,,,,UNKNOWN,UNKNOWN,,,,,제주관광약자접근성안내센터(이지제주) · 한국관광공사 열린관광 · ㈜휴플 현장조사,2026-06,2024~2026,https://easyjeju.net,제주관광공사 「오감으로 즐기는 제주」(2023.12.22) · 한국관광공사 열린관광지 · 이지제주,"현재 무장애 정보는 이동(지체) 접근성 기준입니다. 시각·청각·발달 장애 정보는 확보 중이며, 열린관광 모두의여행(access.visitkorea.or.kr) 또는 이지제주(easyjeju.net)에서 확인하실 수 있습니다.",SURVEYED,[FIX89] 산·오름 사유 이관 — 조사 기록은 routeCondition·barrierFreeDetail 참조,,v3,FACILITY_SURVEY,편의시설 조사: 은다리오름/은월봉 자연 오름+무장애 편의시설 미확인,,,,N,UNKNOWN,UNKNOWN,"시각장애인은 동행자와 함께라면 이용 가능할 수 있으나 안내 설비 정보가 없습니다. 청각장애인은 이동에 제약이 적을 것으로 보이나, 조난 시 연락 수단·안내 방송 여부가 확인되지 않았습니다"
ACC_P609,P609,NONE,UNKNOWN,UNKNOWN,UNKNOWN,NONE,NONE,PARTIAL,UNKNOWN,N,UNAVAILABLE,UNAVAILABLE,주차장 등 진입부는 이용 가능 / 오름 등반로는 접근 불가,,오름 탐방로+새별오름 주차장/화장실 이용+정비 미흡/가시덤불 주의,새별오름 인접+일반 주차장/화장실 이용+정상 산행로+무장애 편의시설 미확인,,인접한 새별오름 주차장과 화장실을 이용하실 수 있습니다. 이달봉의 오름 등반로는 고르지 않은 노면·수풀이라 휠체어로 이동하시기 어렵습니다. 장애인 화장실은 확인되지 않았습니다.,,,,휠내비길(wheelnavi.kr) 음성안내 · 제주올레 오디오가이드(jejuolle.org) 코스별 음성해설,「탐나는수어」 앱 · 제주수어통역센터 여행수어 자료(jejudeaf.com),,,,차량+도보,,,,,,,,,,,,2023-12,,,,,,,UNKNOWN,UNKNOWN,,,,,제주관광약자접근성안내센터(이지제주) · 한국관광공사 열린관광 · ㈜휴플 현장조사,2026-06,2024~2026,https://easyjeju.net,제주관광공사 「오감으로 즐기는 제주」(2023.12.22) · 한국관광공사 열린관광지 · 이지제주,"현재 무장애 정보는 이동(지체) 접근성 기준입니다. 시각·청각·발달 장애 정보는 확보 중이며, 열린관광 모두의여행(access.visitkorea.or.kr) 또는 이지제주(easyjeju.net)에서 확인하실 수 있습니다.",SURVEYED,[FIX89] 산·오름 사유 이관 — 조사 기록은 routeCondition·barrierFreeDetail 참조,,v3,FACILITY_SURVEY,편의시설 조사: 새별오름 인접+일반 주차장/화장실 이용+정상 산행로+무장애 편의시설 미확인,,,,N,UNKNOWN,UNKNOWN,"시각장애인은 동행자와 함께라면 이용 가능할 수 있으나 안내 설비 정보가 없습니다. 청각장애인은 이동에 제약이 적을 것으로 보이나, 조난 시 연락 수단·안내 방송 여부가 확인되지 않았습니다"
ACC_P610,P610,NONE,UNKNOWN,UNKNOWN,UNKNOWN,NONE,NONE,PARTIAL,UNKNOWN,N,UNAVAILABLE,UNAVAILABLE,주차장 등 진입부는 이용 가능 / 오름 등반로는 접근 불가,,삼나무숲길/오름 탐방로+주차장 이후 산길+화장실은 초입,이승악탐방휴게소 주차/화장실+삼나무숲길+탐방로 내 화장실 없음+무장애시설 미확인,,이승악탐방휴게소 주차장까지는 차로 오실 수 있습니다. 이승이오름(이승악)의 오름 등반로는 비포장 자연 노면이라 휠체어로 이동하시기 어렵습니다. 화장실은 탐방 초입에만 있고 탐방로 안에는 없습니다. 장애인 화장실 여부는 확인되지 않았습니다.,,,,휠내비길(wheelnavi.kr) 음성안내 · 제주올레 오디오가이드(jejuolle.org) 코스별 음성해설,「탐나는수어」 앱 · 제주수어통역센터 여행수어 자료(jejudeaf.com),,,,차량+도보,,,,,,,,,,,,2023-12,,,,,,,UNKNOWN,UNKNOWN,,,,,제주관광약자접근성안내센터(이지제주) · 한국관광공사 열린관광 · ㈜휴플 현장조사,2026-06,2024~2026,https://easyjeju.net,제주관광공사 「오감으로 즐기는 제주」(2023.12.22) · 한국관광공사 열린관광지 · 이지제주,"현재 무장애 정보는 이동(지체) 접근성 기준입니다. 시각·청각·발달 장애 정보는 확보 중이며, 열린관광 모두의여행(access.visitkorea.or.kr) 또는 이지제주(easyjeju.net)에서 확인하실 수 있습니다.",SURVEYED,[FIX89] 산·오름 사유 이관 — 조사 기록은 routeCondition·barrierFreeDetail 참조,,v3,FACILITY_SURVEY,편의시설 조사: 이승악탐방휴게소 주차/화장실+삼나무숲길+탐방로 내 화장실 없음+무장애시설 미확인,,,,N,UNKNOWN,UNKNOWN,"시각장애인은 동행자와 함께라면 이용 가능할 수 있으나 안내 설비 정보가 없습니다. 청각장애인은 이동에 제약이 적을 것으로 보이나, 조난 시 연락 수단·안내 방송 여부가 확인되지 않았습니다"
ACC_P611,P611,UNKNOWN,UNKNOWN,UNKNOWN,UNKNOWN,UNKNOWN,PARTIAL,PARTIAL,UNKNOWN,Y,UNKNOWN,UNKNOWN,,오름 경사·계단 가능,정비 산책로/유아숲체험원,주차장+화장실+유아숲체험원+산책로 정비+장애인편의 확인필요,,,,,,휠내비길(wheelnavi.kr) 음성안내 · 제주올레 오디오가이드(jejuolle.org) 코스별 음성해설,「탐나는수어」 앱 · 제주수어통역센터 여행수어 자료(jejudeaf.com),,,,차량+대중교통+도보,,,,,,,,,,,,2023-12,,,,,,,UNKNOWN,UNKNOWN,,,,,제주관광약자접근성안내센터(이지제주) · 한국관광공사 열린관광 · ㈜휴플 현장조사,2026-06,2024~2026,https://easyjeju.net,제주관광공사 「오감으로 즐기는 제주」(2023.12.22) · 한국관광공사 열린관광지 · 이지제주,"현재 무장애 정보는 이동(지체) 접근성 기준입니다. 시각·청각·발달 장애 정보는 확보 중이며, 열린관광 모두의여행(access.visitkorea.or.kr) 또는 이지제주(easyjeju.net)에서 확인하실 수 있습니다.",SURVEYED,,,v3,ROUTE_SURVEY,경로 상태 조사: 정비 산책로/유아숲체험원,,,,Y,UNKNOWN,UNKNOWN,
ACC_P612,P612,PARTIAL,UNKNOWN,UNKNOWN,UNKNOWN,PARTIAL,PARTIAL,PARTIAL,FULL,N,CONDITIONAL,CONDITIONAL,둘레길·주차장·화장실은 이용 가능 / 정상 탐방은 보조 필요,정상·분화구 경사/계단 가능,둘레길/오름 탐방로+주차장/공중화장실,저지오름 둘레길+주차장+휠체어/유모차 접근 가능한 화장실 정보+정상부 탐방은 보조 필요,주차장에 공중화장실과 휠체어·유모차 접근 가능한 화장실 정보 있음. 정상 탐방은 보조 필요,"저지오름은 주차장과 공중화장실이 있고 휠체어·유모차로 이용하실 수 있는 화장실 정보가 확인되어 있습니다. 둘레길 쪽은 이용하실 수 있으나, 정상까지 오르시려면 동행하시는 분의 도움이 필요합니다.",,,,휠내비길(wheelnavi.kr) 음성안내 · 제주올레 오디오가이드(jejuolle.org) 코스별 음성해설,「탐나는수어」 앱 · 제주수어통역센터 여행수어 자료(jejudeaf.com),,IN_VENUE,이용 동선에서 이용 가능,차량+도보,,,,,,,,,,,,2023-12,,,,,,,UNKNOWN,UNKNOWN,,,,,제주관광약자접근성안내센터(이지제주) · 한국관광공사 열린관광 · ㈜휴플 현장조사,2026-06,2024~2026,https://easyjeju.net,제주관광공사 「오감으로 즐기는 제주」(2023.12.22) · 한국관광공사 열린관광지 · 이지제주,"현재 무장애 정보는 이동(지체) 접근성 기준입니다. 시각·청각·발달 장애 정보는 확보 중이며, 열린관광 모두의여행(access.visitkorea.or.kr) 또는 이지제주(easyjeju.net)에서 확인하실 수 있습니다.",SURVEYED,[FIX89] 산·오름 사유 이관 — 조사 기록은 routeCondition·barrierFreeDetail 참조,,v3,ROUTE_SURVEY,경로 상태 조사: 둘레길/오름 탐방로+주차장/공중화장실,,,,Y,UNKNOWN,UNKNOWN,
ACC_P613,P613,PARTIAL,UNKNOWN,UNKNOWN,UNKNOWN,PARTIAL,PARTIAL,PARTIAL,FULL,N,CONDITIONAL,CONDITIONAL,휴양림 무장애 산책로는 이용 가능 / 오름 정상 등산로는 보조 필요,절물오름 등산로 경사/자연노면,휴양림 무장애 산책로,장애인화장실+장애인주차+휠체어/유모차 대여+오름 정상 등산로는 보조 필요,절물자연휴양림 무장애 산책로 확보. 장애인 화장실·장애인 주차구역·휠체어 대여 있음,절물오름은 절물자연휴양림의 무장애 산책로가 있어 휠체어로도 한 바퀴 이용하실 수 있습니다. 장애인 화장실과 장애인 주차구역이 있고 휠체어와 유모차도 빌리실 수 있습니다. 다만 오름 정상으로 오르는 등산로는 동행하시는 분의 도움이 필요합니다.,,,,휠내비길(wheelnavi.kr) 음성안내 · 제주올레 오디오가이드(jejuolle.org) 코스별 음성해설,「탐나는수어」 앱 · 제주수어통역센터 여행수어 자료(jejudeaf.com),,IN_VENUE,이용 동선에서 이용 가능,차량+도보,,,,,,,,,,,,2023-12,,,,,,,UNKNOWN,UNKNOWN,,,,,제주관광약자접근성안내센터(이지제주) · 한국관광공사 열린관광 · ㈜휴플 현장조사,2026-06,2024~2026,https://easyjeju.net,제주관광공사 「오감으로 즐기는 제주」(2023.12.22) · 한국관광공사 열린관광지 · 이지제주,"현재 무장애 정보는 이동(지체) 접근성 기준입니다. 시각·청각·발달 장애 정보는 확보 중이며, 열린관광 모두의여행(access.visitkorea.or.kr) 또는 이지제주(easyjeju.net)에서 확인하실 수 있습니다.",SURVEYED,[FIX89] 산·오름 사유 이관 — 조사 기록은 routeCondition·barrierFreeDetail 참조,,v3,ROUTE_SURVEY,경로 상태 조사: 휴양림 무장애 산책로,,,,Y,UNKNOWN,UNKNOWN,
ACC_P614,P614,NONE,UNKNOWN,UNKNOWN,UNKNOWN,NONE,NONE,PARTIAL,PARTIAL,Y,UNAVAILABLE,UNAVAILABLE,시설접근 기준 판정 — 활동참여 개별 근거 미확보,,절부암 돌계단/턱+용수포구 포장 산책로 인접,용수포구 산책로 일부 접근+절부암 본 지점 계단·턱으로 휠체어 출입불가+인근 대체 장애인화장실,,,,,,휠내비길(wheelnavi.kr) 음성안내 · 제주올레 오디오가이드(jejuolle.org) 코스별 음성해설,「탐나는수어」 앱 · 제주수어통역센터 여행수어 자료(jejudeaf.com),,,이 관광지 안에는 장애인 화장실이 없습니다.,차량+대중교통+도보,,,,,,,,,,,,2023-12,,,,,,,UNKNOWN,UNKNOWN,,,,,제주관광약자접근성안내센터(이지제주) · 한국관광공사 열린관광 · ㈜휴플 현장조사,2026-06,2024~2026,https://easyjeju.net,제주관광공사 「오감으로 즐기는 제주」(2023.12.22) · 한국관광공사 열린관광지 · 이지제주,"현재 무장애 정보는 이동(지체) 접근성 기준입니다. 시각·청각·발달 장애 정보는 확보 중이며, 열린관광 모두의여행(access.visitkorea.or.kr) 또는 이지제주(easyjeju.net)에서 확인하실 수 있습니다.",SURVEYED,[FIX99] 조사기록에 「인근·주변에 장애인 화장실 있음」으로만 적혀 있고 시설명·거리가 특정되지 않아 이용자 안내에서는 제외함. 정확한 시설명과 거리 확인 필요.,,v3,ROUTE_SURVEY,경로 상태 조사: 절부암 돌계단/턱+용수포구 포장 산책로 인접,,,,N,UNKNOWN,UNKNOWN,시각·청각 접근성 정보가 확인되지 않았습니다
ACC_P615,P615,NONE,UNKNOWN,UNKNOWN,UNKNOWN,NONE,NONE,PARTIAL,NONE,N,UNAVAILABLE,UNAVAILABLE,주차장 등 진입부는 이용 가능 / 오름 등반로는 접근 불가,완만한 경사/가파른 계단 혼재,오름 탐방로+화장실 없음,주차장 있음+동쪽 완만한 탐방로+서쪽 가파른 계단+장애인편의 미확인,,주차장까지는 차로 오실 수 있습니다. 정물오름의 오름 등반로는 정비된 길이 아니어서 휠체어로 이동하시기 어렵습니다. 장애인 화장실은 없습니다.,,,,휠내비길(wheelnavi.kr) 음성안내 · 제주올레 오디오가이드(jejuolle.org) 코스별 음성해설,「탐나는수어」 앱 · 제주수어통역센터 여행수어 자료(jejudeaf.com),,,,차량+도보,,,,,,,,,,,,2023-12,,,,,,,UNKNOWN,UNKNOWN,,,,,제주관광약자접근성안내센터(이지제주) · 한국관광공사 열린관광 · ㈜휴플 현장조사,2026-06,2024~2026,https://easyjeju.net,제주관광공사 「오감으로 즐기는 제주」(2023.12.22) · 한국관광공사 열린관광지 · 이지제주,"현재 무장애 정보는 이동(지체) 접근성 기준입니다. 시각·청각·발달 장애 정보는 확보 중이며, 열린관광 모두의여행(access.visitkorea.or.kr) 또는 이지제주(easyjeju.net)에서 확인하실 수 있습니다.",SURVEYED,[FIX89] 산·오름 사유 이관 — 조사 기록은 routeCondition·barrierFreeDetail 참조,,v3,ROUTE_SURVEY,경로 상태 조사: 오름 탐방로+화장실 없음,,,,N,UNKNOWN,UNKNOWN,"시각장애인은 동행자와 함께라면 이용 가능할 수 있으나 안내 설비 정보가 없습니다. 청각장애인은 이동에 제약이 적을 것으로 보이나, 조난 시 연락 수단·안내 방송 여부가 확인되지 않았습니다"
ACC_P616,P616,NONE,UNKNOWN,UNKNOWN,UNKNOWN,NONE,NONE,NONE,UNKNOWN,N,UNAVAILABLE,UNAVAILABLE,주차장 등 진입부는 이용 가능 / 오름 등반로는 접근 불가,,오름 자연노면+비고 56m+정비/편의시설 확인 부족,정월오름 자연 탐방지+무장애시설 미확인+오름 마니아 중심 탐방,,정월오름의 오름 등반로는 비포장 자연 노면이라 휠체어로 이동하시기 어렵습니다. 장애인 화장실은 확인되지 않았습니다.,,,,휠내비길(wheelnavi.kr) 음성안내 · 제주올레 오디오가이드(jejuolle.org) 코스별 음성해설,「탐나는수어」 앱 · 제주수어통역센터 여행수어 자료(jejudeaf.com),,,,차량+도보,,,,,,,,,,,,2023-12,,,,,,,UNKNOWN,UNKNOWN,,,,,제주관광약자접근성안내센터(이지제주) · 한국관광공사 열린관광 · ㈜휴플 현장조사,2026-06,2024~2026,https://easyjeju.net,제주관광공사 「오감으로 즐기는 제주」(2023.12.22) · 한국관광공사 열린관광지 · 이지제주,"현재 무장애 정보는 이동(지체) 접근성 기준입니다. 시각·청각·발달 장애 정보는 확보 중이며, 열린관광 모두의여행(access.visitkorea.or.kr) 또는 이지제주(easyjeju.net)에서 확인하실 수 있습니다.",SURVEYED,[FIX89] 산·오름 사유 이관 — 조사 기록은 routeCondition·barrierFreeDetail 참조,,v3,ROUTE_SURVEY,경로 상태 조사: 오름 자연노면+비고 56m+정비/편의시설 확인 부족,,,,N,UNKNOWN,UNKNOWN,"시각장애인은 동행자와 함께라면 이용 가능할 수 있으나 안내 설비 정보가 없습니다. 청각장애인은 이동에 제약이 적을 것으로 보이나, 조난 시 연락 수단·안내 방송 여부가 확인되지 않았습니다"
ACC_P617,P617,PARTIAL,UNKNOWN,UNKNOWN,UNKNOWN,PARTIAL,PARTIAL,PARTIAL,FULL,Y,CONDITIONAL,CONDITIONAL,시설접근 기준 판정 — 활동참여 개별 근거 미확보,,성읍/정의읍성 야외 관람로+시멘트길 중심+돌/석분 구간,장애인화장실+장애인주차+주출입 단차 없음+관람로 일부 돌/석분 노면,,,,,,휠내비길(wheelnavi.kr) 음성안내 · 제주올레 오디오가이드(jejuolle.org) 코스별 음성해설,「탐나는수어」 앱 · 제주수어통역센터 여행수어 자료(jejudeaf.com),,IN_VENUE,이용 동선에서 이용 가능,차량+대중교통+도보,,,,,,,,,,,,2023-12,,,,,,,UNKNOWN,UNKNOWN,,,,,제주관광약자접근성안내센터(이지제주) · 한국관광공사 열린관광 · ㈜휴플 현장조사,2026-06,2024~2026,https://easyjeju.net,제주관광공사 「오감으로 즐기는 제주」(2023.12.22) · 한국관광공사 열린관광지 · 이지제주,"현재 무장애 정보는 이동(지체) 접근성 기준입니다. 시각·청각·발달 장애 정보는 확보 중이며, 열린관광 모두의여행(access.visitkorea.or.kr) 또는 이지제주(easyjeju.net)에서 확인하실 수 있습니다.",SURVEYED,,,v3,FACILITY_SURVEY,편의시설 조사: 장애인화장실+장애인주차+주출입 단차 없음+관람로 일부 돌/석분 노면,,,,Y,UNKNOWN,UNKNOWN,
ACC_P618,P618,UNKNOWN,UNKNOWN,UNKNOWN,UNKNOWN,UNKNOWN,UNKNOWN,UNKNOWN,UNKNOWN,N,UNKNOWN,UNKNOWN,,잔디·비포장/경사 가능,녹차밭/미로 산책로+접근성 확인필요,녹차미로공원+주차/화장실 일반 정보+무장애시설 직접 확인필요,,,,,,휠내비길(wheelnavi.kr) 음성안내 · 제주올레 오디오가이드(jejuolle.org) 코스별 음성해설,「탐나는수어」 앱 · 제주수어통역센터 여행수어 자료(jejudeaf.com),,,,차량+도보,,,,,,,,,,,,2023-12,,,,,,,UNKNOWN,UNKNOWN,,,,,제주관광약자접근성안내센터(이지제주) · 한국관광공사 열린관광 · ㈜휴플 현장조사,2026-06,2024~2026,https://easyjeju.net,제주관광공사 「오감으로 즐기는 제주」(2023.12.22) · 한국관광공사 열린관광지 · 이지제주,"현재 무장애 정보는 이동(지체) 접근성 기준입니다. 시각·청각·발달 장애 정보는 확보 중이며, 열린관광 모두의여행(access.visitkorea.or.kr) 또는 이지제주(easyjeju.net)에서 확인하실 수 있습니다.",SURVEYED,,,v3,ROUTE_SURVEY,경로 상태 조사: 녹차밭/미로 산책로+접근성 확인필요,,,,Y,UNKNOWN,UNKNOWN,
ACC_P619,P619,PARTIAL,PARTIAL,UNKNOWN,UNKNOWN,PARTIAL,PARTIAL,PARTIAL,PARTIAL,Y,CONDITIONAL,CONDITIONAL,시설접근 기준 판정 — 활동참여 개별 근거 미확보,,전체 17.5km 장거리+바윗길/오름+엉알길~자구내포구 휠체어구간 일부,올레12코스 일부 휠체어구간+엉알길~자구내포구 1km+수월봉/자구내포구 장애인화장실 인접+전체코스는 보조 필요,,휠체어로 이용하실 수 있는 구간은 엉알길 입구에서 자구내포구 입구까지 1.1km입니다. 차량은 들어갈 수 없습니다. 수월봉 입구 쪽 140m 내리막은 경사가 가파릅니다. 자구내포구에서 거꾸로 들어가 왕복 2.2km로 다녀오시는 편이 편합니다.,"올레 휠체어 구간(엉알길 입구~자구내포구 입구, 1.1km, 난이도 중): 차량 접근 불가. 수월봉 입구 8-16도 내리막 140m. 자구내포구서 역진입 왕복 2.2km 추천",제주올레 오디오가이드 전 코스 제공(코스별 음성 설명),,제주올레 오디오가이드(jejuolle.org) + 휠내비길,「탐나는수어」 앱 · 제주수어통역센터 여행수어 자료(jejudeaf.com),,IN_VENUE,이용 동선에서 이용 가능,차량+대중교통+도보,,,,,,,,,,,,2023-12,,,엉알길 입구~자구내포구 입구,1.1km,MEDIUM,차량 접근 불가. 수월봉 입구 8-16도 내리막 140m. 자구내포구서 역진입 왕복 2.2km 추천,N,N,종점 자구내포구 장애인화장실,,,,"이지제주올레(제주올레×관광약자접근성안내센터, 재발행 2022.07) 휠체어 구간 조사",2022-07,,jejuolle.org / easyjeju.net,제주관광공사 「오감으로 즐기는 제주」(2023.12.22) · 한국관광공사 열린관광지 · 이지제주,"현재 무장애 정보는 이동(지체) 접근성 기준입니다. 시각·청각·발달 장애 정보는 확보 중이며, 열린관광 모두의여행(access.visitkorea.or.kr) 또는 이지제주(easyjeju.net)에서 확인하실 수 있습니다.",VERIFIED,"검증완료(2026-07) — 이지제주올레 휠체어 구간 조사 대조 ※ FIX50: 제주올레 공식 코스페이지 「휠체어 가능여부」 전수 확인(2026-08) — 난이도 중, 구간거리 1.1km / 엉알길 입구~자구내포구 입구, 시작점 제주시 한경면 고산리 3674-2. 코스 총 길이 17.5km. 이지제주올레(2022.07) 발간물과 다를 경우 공식 현행을 우선함",nan | FIX24: 올레 휠체어 구간 실측 반영 | FIX50: 공식 휠체어 박스 전수 반영,v3,PUBLICATION,,,,,Y,Y,UNKNOWN,
ACC_P620,P620,NONE,UNKNOWN,UNKNOWN,UNKNOWN,NONE,NONE,PARTIAL,UNKNOWN,Y,UNAVAILABLE,UNAVAILABLE,제주올레 공식 휠체어 지정 코스 외 — 코스 접근 불가,,15.9km 내외 중산간 숲길/밭길+저지오름+장거리 보행,용수포구~저지예술정보화마을 장거리 코스+숲길/오름 포함+휠체어구간 미확인,,"제주올레 13코스는 제주올레가 지정한 휠체어 이용 구간 열 개 코스에 들어 있지 않습니다. 용수포구에서 저지예술정보화마을까지 15.9km 내외로 길고 중산간 숲길과 밭길, 저지오름을 지나 코스를 휠체어로 이용하시기는 어렵습니다. 휠체어 이용 구간은 확인되지 않았습니다. 휠체어로 이용하실 수 있는 올레 구간을 찾으신다면 1·4·5·6·8·10·10-1·12·14·17코스를 확인해 주세요.",,,,휠내비길(wheelnavi.kr) 음성안내 · 제주올레 오디오가이드(jejuolle.org) 코스별 음성해설,「탐나는수어」 앱 · 제주수어통역센터 여행수어 자료(jejudeaf.com),,,,차량+대중교통+도보,,,,,,,,,,,,2023-12,,,,,,,UNKNOWN,UNKNOWN,,,,,제주관광약자접근성안내센터(이지제주) · 한국관광공사 열린관광 · ㈜휴플 현장조사,2026-06,2024~2026,https://easyjeju.net,제주관광공사 「오감으로 즐기는 제주」(2023.12.22) · 한국관광공사 열린관광지 · 이지제주,"현재 무장애 정보는 이동(지체) 접근성 기준입니다. 시각·청각·발달 장애 정보는 확보 중이며, 열린관광 모두의여행(access.visitkorea.or.kr) 또는 이지제주(easyjeju.net)에서 확인하실 수 있습니다.",SURVEYED,,[FIX90] 트레일 사유 이관 — 조사 기록은 routeCondition·barrierFreeDetail·slopeInfo 참조,v3,FACILITY_SURVEY,편의시설 조사: 용수포구~저지예술정보화마을 장거리 코스+숲길/오름 포함+휠체어구간 미확인,,,,N,UNKNOWN,UNKNOWN,"시각장애인은 동행자와 함께라면 이용 가능할 수 있으나 안내 설비 정보가 없습니다. 청각장애인은 이동에 제약이 적을 것으로 보이나, 조난 시 연락 수단·안내 방송 여부가 확인되지 않았습니다"
ACC_P621,P621,PARTIAL,PARTIAL,UNKNOWN,UNKNOWN,PARTIAL,PARTIAL,PARTIAL,FULL,Y,CONDITIONAL,CONDITIONAL,시설접근 기준 판정 — 활동참여 개별 근거 미확보,4~8도 경사 일부,전체 장거리/중산간·해안길+금능리 2.1km 휠체어구간,14코스 금능리 휠체어구간+장애인주차구역+장애인화장실+금능포구 장애인화장실+방파제 일부 진입불가,,휠체어로 이용하실 수 있는 구간은 일성콘도에서 금능해수욕장까지 2.1km입니다. 차량은 들어갈 수 없습니다. 중간 마을길은 폭이 좁습니다. 일성콘도 옆 샛길로 들어가시면 됩니다.,"올레 휠체어 구간(일성콘도~금능으뜸해변 입구, 2.1km, 난이도 중): 차량 접근 불가. 중간 마을길 폭 좁음. 일성콘도 옆 샛길로 진입",제주올레 오디오가이드 전 코스 제공(코스별 음성 설명),,제주올레 오디오가이드(jejuolle.org) + 휠내비길,「탐나는수어」 앱 · 제주수어통역센터 여행수어 자료(jejudeaf.com),,IN_VENUE,이용 동선에서 이용 가능,차량+대중교통+도보,,,,,,,,,,,,2023-12,,,일성콘도~금능해수욕장,2.1km,MEDIUM,차량 접근 불가. 중간 마을길 폭 좁음. 일성콘도 옆 샛길로 진입,N,N,종점 금능해수욕장 장애인화장실,,,,"이지제주올레(제주올레×관광약자접근성안내센터, 재발행 2022.07) 휠체어 구간 조사",2022-07,,jejuolle.org / easyjeju.net,제주관광공사 「오감으로 즐기는 제주」(2023.12.22) · 한국관광공사 열린관광지 · 이지제주,"현재 무장애 정보는 이동(지체) 접근성 기준입니다. 시각·청각·발달 장애 정보는 확보 중이며, 열린관광 모두의여행(access.visitkorea.or.kr) 또는 이지제주(easyjeju.net)에서 확인하실 수 있습니다.",VERIFIED,"검증완료(2026-07) — 이지제주올레 휠체어 구간 조사 대조 ※ FIX50: 제주올레 공식 코스페이지 「휠체어 가능여부」 전수 확인(2026-08) — 난이도 중, 구간거리 2.1km / 일성콘도~금능해수욕장, 시작점 제주시 한림읍 금능리 1625. 코스 총 길이 19.9km. 이지제주올레(2022.07) 발간물과 다를 경우 공식 현행을 우선함",nan | FIX24: 올레 휠체어 구간 실측 반영 | FIX50: 공식 휠체어 박스 전수 반영,v3,PUBLICATION,,,,,Y,Y,UNKNOWN,
ACC_P622,P622,NONE,UNKNOWN,UNKNOWN,UNKNOWN,NONE,NONE,PARTIAL,UNKNOWN,N,UNAVAILABLE,UNAVAILABLE,제주올레 공식 휠체어 지정 코스 외 — 코스 접근 불가,,14.5km 장거리+광치기해변/둑방길+식산봉 오름+자연노면 가능,광치기해변~온평포구 장거리 올레+식산봉 등산로+무장애구간 미확인,,제주올레 2코스는 제주올레가 지정한 휠체어 이용 구간 열 개 코스에 들어 있지 않습니다. 광치기해변에서 온평포구까지 14.5km로 길고 둑방길과 식산봉 등산로에 자연 노면이 이어져 코스를 휠체어로 이용하시기는 어렵습니다. 무장애 구간은 확인되지 않았습니다. 휠체어로 이용하실 수 있는 올레 구간을 찾으신다면 1·4·5·6·8·10·10-1·12·14·17코스를 확인해 주세요.,,,,휠내비길(wheelnavi.kr) 음성안내 · 제주올레 오디오가이드(jejuolle.org) 코스별 음성해설,「탐나는수어」 앱 · 제주수어통역센터 여행수어 자료(jejudeaf.com),,,,차량+도보,,,,,,,,,,,,2023-12,,,,,,,UNKNOWN,UNKNOWN,,,,,제주관광약자접근성안내센터(이지제주) · 한국관광공사 열린관광 · ㈜휴플 현장조사,2026-06,2024~2026,https://easyjeju.net,제주관광공사 「오감으로 즐기는 제주」(2023.12.22) · 한국관광공사 열린관광지 · 이지제주,"현재 무장애 정보는 이동(지체) 접근성 기준입니다. 시각·청각·발달 장애 정보는 확보 중이며, 열린관광 모두의여행(access.visitkorea.or.kr) 또는 이지제주(easyjeju.net)에서 확인하실 수 있습니다.",SURVEYED,,[FIX90] 트레일 사유 이관 — 조사 기록은 routeCondition·barrierFreeDetail·slopeInfo 참조,v3,FACILITY_SURVEY,편의시설 조사: 광치기해변~온평포구 장거리 올레+식산봉 등산로+무장애구간 미확인,,,,N,UNKNOWN,UNKNOWN,"시각장애인은 동행자와 함께라면 이용 가능할 수 있으나 안내 설비 정보가 없습니다. 청각장애인은 이동에 제약이 적을 것으로 보이나, 조난 시 연락 수단·안내 방송 여부가 확인되지 않았습니다"
ACC_P623,P623,NONE,UNKNOWN,UNKNOWN,UNKNOWN,NONE,NONE,PARTIAL,PARTIAL,Y,UNAVAILABLE,UNAVAILABLE,제주올레 공식 휠체어 지정 코스 외 — 코스 접근 불가,,장거리 올레+해안/마을길+오름·비포장 가능,온평포구 등 일부 포장 구간+전체 코스 장거리/자연노면+휠체어구간 직접 미확인,,제주올레 3코스는 제주올레가 지정한 휠체어 이용 구간 열 개 코스에 들어 있지 않습니다. 온평포구 등 일부는 포장되어 있으나 전체 구간이 길고 오름과 비포장 자연 노면이 섞여 있어 코스를 휠체어로 이용하시기는 어렵습니다. 휠체어 이용 구간은 직접 확인되지 않았습니다. 휠체어로 이용하실 수 있는 올레 구간을 찾으신다면 1·4·5·6·8·10·10-1·12·14·17코스를 확인해 주세요.,,,,휠내비길(wheelnavi.kr) 음성안내 · 제주올레 오디오가이드(jejuolle.org) 코스별 음성해설,「탐나는수어」 앱 · 제주수어통역센터 여행수어 자료(jejudeaf.com),,ENTRANCE_ONLY,장애인 화장실은 입구·주차장 등 부대시설에 위치. 이용 동선에는 없음,차량+대중교통+도보,,,,,,,,,,,,2023-12,,,,,,,UNKNOWN,UNKNOWN,,,,,제주관광약자접근성안내센터(이지제주) · 한국관광공사 열린관광 · ㈜휴플 현장조사,2026-06,2024~2026,https://easyjeju.net,제주관광공사 「오감으로 즐기는 제주」(2023.12.22) · 한국관광공사 열린관광지 · 이지제주,"현재 무장애 정보는 이동(지체) 접근성 기준입니다. 시각·청각·발달 장애 정보는 확보 중이며, 열린관광 모두의여행(access.visitkorea.or.kr) 또는 이지제주(easyjeju.net)에서 확인하실 수 있습니다.",SURVEYED,,[FIX90] 트레일 사유 이관 — 조사 기록은 routeCondition·barrierFreeDetail·slopeInfo 참조,v3,ROUTE_SURVEY,경로 상태 조사: 장거리 올레+해안/마을길+오름·비포장 가능,,,,N,UNKNOWN,UNKNOWN,"시각장애인은 동행자와 함께라면 이용 가능할 수 있으나 안내 설비 정보가 없습니다. 청각장애인은 이동에 제약이 적을 것으로 보이나, 조난 시 연락 수단·안내 방송 여부가 확인되지 않았습니다"
ACC_P624,P624,PARTIAL,PARTIAL,UNKNOWN,UNKNOWN,PARTIAL,PARTIAL,PARTIAL,PARTIAL,N,CONDITIONAL,CONDITIONAL,시설접근 기준 판정 — 활동참여 개별 근거 미확보,,표선~남원 장거리 올레+당케포구~세화2리 해녀의집 5.5km 무장애구간,당케포구~세화2리 해녀의집 휠체어 이용 가능 구간+해양수산연구원 내 화장실+전체 4코스는 장거리/자연노면,,휠체어로 이용하실 수 있는 구간은 당케포구에서 세화2리 해녀의집까지 5.5km입니다. 경사 없는 평지이고 연석으로 차도와 나뉘어 있어 안전합니다. 종점 포구 쪽에 완만한 경사가 있습니다. 등대길은 경사가 가팔라 우회하시는 편이 좋습니다.,"제주올레 공식 휠체어 구간(당케포구~세화2리 해녀의집, 5.5km, 난이도 중): 경사구간 없는 평지·연석 보차구분으로 안전. 종점 포구 경사 4-5도. 등대길 경사 11-14도 우회 ※ 이지제주올레(2022.07) 발간물은 '해비치호텔&리조트~가마리개 쉼터 4.8km'로 기재 — 공식 현행을 우선함",제주올레 오디오가이드 전 코스 제공(코스별 음성 설명),,제주올레 오디오가이드(jejuolle.org) + 휠내비길,「탐나는수어」 앱 · 제주수어통역센터 여행수어 자료(jejudeaf.com),,IN_VENUE,이용 동선에서 이용 가능,차량+도보,,,,,,,,,,,,2023-12,,,당케포구~세화2리 해녀의집,5.5km,MEDIUM,경사구간 없는 평지·연석 보차구분으로 안전. 종점 포구 경사 4-5도. 등대길 경사 11-14도 우회,N,Y,해양수산연구원 내,,,,"이지제주올레(제주올레×관광약자접근성안내센터, 재발행 2022.07) 휠체어 구간 조사",2022-07,,jejuolle.org / easyjeju.net,제주관광공사 「오감으로 즐기는 제주」(2023.12.22) · 한국관광공사 열린관광지 · 이지제주,"현재 무장애 정보는 이동(지체) 접근성 기준입니다. 시각·청각·발달 장애 정보는 확보 중이며, 열린관광 모두의여행(access.visitkorea.or.kr) 또는 이지제주(easyjeju.net)에서 확인하실 수 있습니다.",VERIFIED,"검증완료(2026-07) — 이지제주올레 휠체어 구간 조사 대조 ※ FIX50: 제주올레 공식 코스페이지 「휠체어 가능여부」 전수 확인(2026-08) — 난이도 중, 구간거리 5.5km / 당케포구~세화2리 해녀의집, 시작점 서귀포시 표선면 민속해안로 566-1. 코스 총 길이 19.0km. 이지제주올레(2022.07) 발간물과 다를 경우 공식 현행을 우선함",nan | FIX24: 올레 휠체어 구간 실측 반영 | FIX50: 공식 휠체어 박스 전수 반영 | FIX82: 공식 현행 5.5km 와 발간물 4.8km 병기 정리 — 근거 필드 정합성 확보,v3,PUBLICATION,,,,,Y,Y,UNKNOWN,
ACC_P625,P625,PARTIAL,PARTIAL,PARTIAL,UNKNOWN,PARTIAL,FULL,FULL,FULL,Y,CONDITIONAL,CONDITIONAL,시설접근 기준 판정 — 활동참여 개별 근거 미확보,야외 4~10도 경사·자갈길 일부,실내 무단차/엘리베이터,장애인주차구역+장애인화장실+엘리베이터+휠체어/유모차 대여+야외 경사/자갈길 일부,일부 구간의 경사가 가팔라 통행이 제한됨,,,점자 안내판 보유 (제주관광공사 「오감으로 즐기는 제주」 2023.12),"수어해설 영상 — 「탐나는수어」 앱(제주수어통역센터 2023.1) QR·AR 인식, 현장 QR 탑재 확인",휠내비길(wheelnavi.kr) 음성안내 · 제주올레 오디오가이드(jejuolle.org) 코스별 음성해설,「탐나는수어」 앱 · 제주수어통역센터 여행수어 자료(jejudeaf.com),,IN_VENUE,이용 동선에서 이용 가능,차량+대중교통,NONE,Y,,,,,㈜휴플 자체 현장조사 (2024~2025),,,,,2023-12,,,,,,,UNKNOWN,UNKNOWN,,,,,제주관광약자접근성안내센터(이지제주) · 한국관광공사 열린관광 · ㈜휴플 현장조사,2026-06,2024~2026,https://easyjeju.net,제주관광공사 「오감으로 즐기는 제주」(2023.12.22) · 한국관광공사 열린관광지 · 이지제주,"현재 무장애 정보는 이동(지체) 접근성 기준입니다. 시각·청각·발달 장애 정보는 확보 중이며, 열린관광 모두의여행(access.visitkorea.or.kr) 또는 이지제주(easyjeju.net)에서 확인하실 수 있습니다.",VERIFIED,,FIX20: FULL 재점검 — 구간편차 기준 일괄 적용,v3,FIELD_SURVEY,㈜휴플 자체 현장조사 / 경로: 실내 무단차/엘리베이터,,,,Y,Y,Y,
ACC_P626,P626,NONE,UNKNOWN,UNKNOWN,UNKNOWN,NONE,NONE,PARTIAL,PARTIAL,N,UNAVAILABLE,UNAVAILABLE,시설접근 기준 판정 — 활동참여 개별 근거 미확보,,종달항 포장 구간+데크로드 이후 돌길+전망대 계단 26개,종달항 장애인화장실+전망대 주차장+전망대 본 지점 계단 26개로 휠체어 접근 어려움,,,,,,휠내비길(wheelnavi.kr) 음성안내 · 제주올레 오디오가이드(jejuolle.org) 코스별 음성해설,「탐나는수어」 앱 · 제주수어통역센터 여행수어 자료(jejudeaf.com),,ENTRANCE_ONLY,장애인 화장실은 입구·주차장 등 부대시설에 위치. 이용 동선에는 없음,차량+도보,,,,,,,,,,,,2023-12,,,,,,,UNKNOWN,UNKNOWN,,,,,제주관광약자접근성안내센터(이지제주) · 한국관광공사 열린관광 · ㈜휴플 현장조사,2026-06,2024~2026,https://easyjeju.net,제주관광공사 「오감으로 즐기는 제주」(2023.12.22) · 한국관광공사 열린관광지 · 이지제주,"현재 무장애 정보는 이동(지체) 접근성 기준입니다. 시각·청각·발달 장애 정보는 확보 중이며, 열린관광 모두의여행(access.visitkorea.or.kr) 또는 이지제주(easyjeju.net)에서 확인하실 수 있습니다.",SURVEYED,,,v3,ROUTE_SURVEY,경로 상태 조사: 종달항 포장 구간+데크로드 이후 돌길+전망대 계단 26개,,,,N,UNKNOWN,UNKNOWN,시각·청각 접근성 정보가 확인되지 않았습니다
ACC_P627,P627,PARTIAL,UNKNOWN,UNKNOWN,UNKNOWN,PARTIAL,PARTIAL,PARTIAL,FULL,N,CONDITIONAL,CONDITIONAL,포장 밭담길은 이동 가능 / 18cm 턱 구간은 접근 불가,오르막 끝: 접근성정보(*계단. 길 상태. 경사) 있음+진빌레 밭담길 표지판: 인도 턱 18 cm로 이용 불가. 주변 카페 카약올레(경사로. 각도 12º. 2m)+내리막길: 3~4º 미만,밭담길/시멘트·아스팔트+턱 3~18cm+패임,장애인주차 2대+장애인화장실+추천코스+밭담길 턱/패임/연속 경사 주의,"장애인 주차 2면·장애인 화장실 확보, 시멘트·아스팔트 포장. 3~18cm 턱과 패임, 연속 경사 존재","진빌레 밭담길은 장애인 주차 2면과 장애인 화장실이 있고 시멘트·아스팔트로 포장되어 있습니다. 다만 3~18cm 턱과 패임이 있고 경사가 이어지는 구간이 있습니다. 특히 진빌레 밭담길 표지판 쪽은 인도 턱이 18cm라 그대로 이용하기 어렵고, 인근 카페 카약올레에는 가파른 경사로가 있습니다.",,,,휠내비길(wheelnavi.kr) 음성안내 · 제주올레 오디오가이드(jejuolle.org) 코스별 음성해설,「탐나는수어」 앱 · 제주수어통역센터 여행수어 자료(jejudeaf.com),,IN_VENUE,이용 동선에서 이용 가능,차량+도보,,,,,,,,,,,,2023-12,,,,,,,UNKNOWN,UNKNOWN,,,,,제주관광약자접근성안내센터(이지제주) · 한국관광공사 열린관광 · ㈜휴플 현장조사,2026-06,2024~2026,https://easyjeju.net,제주관광공사 「오감으로 즐기는 제주」(2023.12.22) · 한국관광공사 열린관광지 · 이지제주,"현재 무장애 정보는 이동(지체) 접근성 기준입니다. 시각·청각·발달 장애 정보는 확보 중이며, 열린관광 모두의여행(access.visitkorea.or.kr) 또는 이지제주(easyjeju.net)에서 확인하실 수 있습니다.",SURVEYED,,[FIX90] 트레일 사유 이관 — 조사 기록은 routeCondition·barrierFreeDetail·slopeInfo 참조,v3,ROUTE_SURVEY,경로 상태 조사: 밭담길/시멘트·아스팔트+턱 3~18cm+패임,,,,Y,UNKNOWN,UNKNOWN,
ACC_P628,P628,NONE,UNKNOWN,UNKNOWN,UNKNOWN,NONE,NONE,PARTIAL,NONE,N,UNAVAILABLE,UNAVAILABLE,숲길 자연 노면 — 접근 불가,UNKNOWN,한라산둘레길 10.9km+계곡 횡단+숲길 난이도 있음,천아계곡/천아숲길 장거리 숲길+우천 후 통제+휠체어/유모차 접근 어려움,,천아숲길은 한라산둘레길 10.9km 구간으로 계곡을 건너는 곳이 있고 숲길 난이도가 있어 휠체어로 이동하시기 어렵습니다. 장애인 화장실은 없습니다. 비가 온 뒤에는 입산이 통제될 수 있으니 방문 전에 확인해 주세요.,,,,휠내비길(wheelnavi.kr) 음성안내 · 제주올레 오디오가이드(jejuolle.org) 코스별 음성해설,「탐나는수어」 앱 · 제주수어통역센터 여행수어 자료(jejudeaf.com),,,,차량+도보,,,,,,,,,,,,2023-12,,,,,,,UNKNOWN,UNKNOWN,,,,,제주관광약자접근성안내센터(이지제주) · 한국관광공사 열린관광 · ㈜휴플 현장조사,2026-06,2024~2026,https://easyjeju.net,제주관광공사 「오감으로 즐기는 제주」(2023.12.22) · 한국관광공사 열린관광지 · 이지제주,"현재 무장애 정보는 이동(지체) 접근성 기준입니다. 시각·청각·발달 장애 정보는 확보 중이며, 열린관광 모두의여행(access.visitkorea.or.kr) 또는 이지제주(easyjeju.net)에서 확인하실 수 있습니다.",SURVEYED,,FIX68: P855 병합 수신 (대표 노드) | [FIX90] 트레일 사유 이관 — 조사 기록은 routeCondition·barrierFreeDetail·slopeInfo 참조,v3,FACILITY_SURVEY,편의시설 조사: 천아계곡/천아숲길 장거리 숲길+우천 후 통제+휠체어/유모차 접근 어려움,,,"계곡물은 수심을 눈으로 가늠하기 어렵고 바닥이 미끄러우니 발이 닿는 곳에서만 머물러 주세요. 비가 온 뒤에는 상류에서 물이 갑자기 불어날 수 있어, 시간당 10mm 이상 비가 예보된 날에는 입수를 삼가 주세요. 폭포 아래는 수심이 깊고 물살이 강합니다.",N,UNKNOWN,UNKNOWN,"시각장애인은 동행자와 함께라면 이용 가능할 수 있으나 안내 설비 정보가 없습니다. 청각장애인은 이동에 제약이 적을 것으로 보이나, 조난 시 연락 수단·안내 방송 여부가 확인되지 않았습니다"
ACC_P629,P629,NONE,UNKNOWN,UNKNOWN,UNKNOWN,NONE,NONE,PARTIAL,UNKNOWN,Y,UNAVAILABLE,UNAVAILABLE,시설접근 기준 판정 — 활동참여 개별 근거 미확보,,곶자왈 자연숲 탐방로+야간 반딧불이 탐방+자연노면,청수곶자왈 생태숲+탐방로/조망대+무장애 편의시설 직접 미확인,,,,,,휠내비길(wheelnavi.kr) 음성안내 · 제주올레 오디오가이드(jejuolle.org) 코스별 음성해설,「탐나는수어」 앱 · 제주수어통역센터 여행수어 자료(jejudeaf.com),,,,차량+대중교통+도보,,,,,,,,,,,,2023-12,,,,,,,UNKNOWN,UNKNOWN,,,,,제주관광약자접근성안내센터(이지제주) · 한국관광공사 열린관광 · ㈜휴플 현장조사,2026-06,2024~2026,https://easyjeju.net,제주관광공사 「오감으로 즐기는 제주」(2023.12.22) · 한국관광공사 열린관광지 · 이지제주,"현재 무장애 정보는 이동(지체) 접근성 기준입니다. 시각·청각·발달 장애 정보는 확보 중이며, 열린관광 모두의여행(access.visitkorea.or.kr) 또는 이지제주(easyjeju.net)에서 확인하실 수 있습니다.",SURVEYED,,,v3,FACILITY_SURVEY,편의시설 조사: 청수곶자왈 생태숲+탐방로/조망대+무장애 편의시설 직접 미확인,,,,N,UNKNOWN,UNKNOWN,시각·청각 접근성 정보가 확인되지 않았습니다
ACC_P630,P630,NONE,UNKNOWN,UNKNOWN,UNKNOWN,NONE,NONE,PARTIAL,UNKNOWN,Y,UNAVAILABLE,UNAVAILABLE,시설접근 기준 판정 — 활동참여 개별 근거 미확보,등대 접근 경사·데크계단 가능,추자도 섬 탐방/올레18-1코스,추자도등대 경유 올레길+섬 이동/산책로+무장애 편의시설 직접 미확인,,제주항에서 배로 1시간 들어가야 합니다. 등대까지 오르는 길에 경사와 데크 계단이 있어 휠체어로 오르기 어렵습니다. 섬 안의 무장애 편의시설은 확인되지 않았습니다.,[도서] 여객선 60분. 승선 시 높이차·선내 계단,,,휠내비길(wheelnavi.kr) 음성안내 · 제주올레 오디오가이드(jejuolle.org) 코스별 음성해설,「탐나는수어」 앱 · 제주수어통역센터 여행수어 자료(jejudeaf.com),,,,차량+대중교통+도보,,,,,,,,,,,,2023-12,FERRY_BOARDING,여객선 승하선 제약 · 풍랑 시 결항 가능,,,,,UNKNOWN,UNKNOWN,,,,,제주관광약자접근성안내센터(이지제주) · 한국관광공사 열린관광 · ㈜휴플 현장조사,2026-06,2024~2026,https://easyjeju.net,제주관광공사 「오감으로 즐기는 제주」(2023.12.22) · 한국관광공사 열린관광지 · 이지제주,"현재 무장애 정보는 이동(지체) 접근성 기준입니다. 시각·청각·발달 장애 정보는 확보 중이며, 열린관광 모두의여행(access.visitkorea.or.kr) 또는 이지제주(easyjeju.net)에서 확인하실 수 있습니다.",SURVEYED,,,v3,ROUTE_SURVEY,경로 상태 조사: 추자도 섬 탐방/올레18-1코스,,,,N,UNKNOWN,UNKNOWN,시각·청각장애인의 입수는 동행자와 안전요원 배치 여부에 따라 달라집니다. 해당 해수욕장의 장애인 지원 체계가 확인되지 않았습니다
ACC_P631,P631,UNKNOWN,UNKNOWN,UNKNOWN,UNKNOWN,UNKNOWN,UNKNOWN,PARTIAL,UNKNOWN,Y,CONDITIONAL,UNKNOWN,"미조사 — 교량 보행 접근성 근거 미확보, 여객선 도달 제약 병존",,상·하추자 연결 교량/도로변 포장+차도 인접+보행환경 확인필요,추자연도교 차량 접근 가능+교량 조망+장애인화장실 직접 미확인,"상추자도와 하추자도를 잇는 교량이라는 기본 정보만 확인되고, 보행로 폭·단차·경사·차도 분리 여부는 조사되지 않음","상추자도와 하추자도를 잇는 교량이라는 기본 정보만 확인되고, 보행로 폭·단차·경사·차도 분리 여부는 조사되지 않았습니다. 추자도까지는 여객선 이용이 필수이며 기상에 따라 결항할 수 있습니다. 방문 전 추자면사무소 또는 운항사에 확인해 주세요",,,,휠내비길(wheelnavi.kr) 음성안내 · 제주올레 오디오가이드(jejuolle.org) 코스별 음성해설,「탐나는수어」 앱 · 제주수어통역센터 여행수어 자료(jejudeaf.com),,,,차량+대중교통+도보,,,,,,,,,,,,2023-12,,,,,,,UNKNOWN,UNKNOWN,,,,,제주관광약자접근성안내센터(이지제주) · 한국관광공사 열린관광 · ㈜휴플 현장조사,2026-06,2024~2026,https://easyjeju.net,제주관광공사 「오감으로 즐기는 제주」(2023.12.22) · 한국관광공사 열린관광지 · 이지제주,"현재 무장애 정보는 이동(지체) 접근성 기준입니다. 시각·청각·발달 장애 정보는 확보 중이며, 열린관광 모두의여행(access.visitkorea.or.kr) 또는 이지제주(easyjeju.net)에서 확인하실 수 있습니다.",SURVEYED,비짓제주 기본 제원 외 접근성 상세 미발견(2026-08). 현장 실측 또는 지자체 도로 도면 확인 필요 ※ [FIX83] 근거 없는 PARTIAL 을 UNKNOWN 으로 정정. UNKNOWN 은 불가가 아니라 미조사 (FIX51),FIX51: 근거 없는 PARTIAL → UNKNOWN | FIX83: 이용자 사유 필드에서 내부 표기 제거,v3,FACILITY_SURVEY,편의시설 조사: 추자연도교 차량 접근 가능+교량 조망+장애인화장실 직접 미확인,,,,N,UNKNOWN,UNKNOWN,
ACC_P632,P632,NONE,UNKNOWN,UNKNOWN,UNKNOWN,NONE,NONE,NONE,UNKNOWN,N,UNAVAILABLE,UNAVAILABLE,주차장 등 진입부는 이용 가능 / 오름 등반로는 접근 불가,가파른 경사,오름 산행+왕복 약 2시간 자연노면,큰노꼬메오름 주차장 접근+정상 산행 경사 큼+장애인편의 미확인,,주차장까지는 차로 오실 수 있습니다. 큰노꼬메오름의 오름 등반로는 비포장 자연 노면이라 휠체어로 이동하시기 어렵습니다. 장애인 화장실은 확인되지 않았습니다.,,,,휠내비길(wheelnavi.kr) 음성안내 · 제주올레 오디오가이드(jejuolle.org) 코스별 음성해설,「탐나는수어」 앱 · 제주수어통역센터 여행수어 자료(jejudeaf.com),,,,차량+도보,,,,,,,,,,,,2023-12,,,,,,,UNKNOWN,UNKNOWN,,,,,제주관광약자접근성안내센터(이지제주) · 한국관광공사 열린관광 · ㈜휴플 현장조사,2026-06,2024~2026,https://easyjeju.net,제주관광공사 「오감으로 즐기는 제주」(2023.12.22) · 한국관광공사 열린관광지 · 이지제주,"현재 무장애 정보는 이동(지체) 접근성 기준입니다. 시각·청각·발달 장애 정보는 확보 중이며, 열린관광 모두의여행(access.visitkorea.or.kr) 또는 이지제주(easyjeju.net)에서 확인하실 수 있습니다.",SURVEYED,[FIX89] 산·오름 사유 이관 — 조사 기록은 routeCondition·barrierFreeDetail 참조,,v3,ROUTE_SURVEY,경로 상태 조사: 오름 산행+왕복 약 2시간 자연노면,,,,N,UNKNOWN,UNKNOWN,"시각장애인은 동행자와 함께라면 이용 가능할 수 있으나 안내 설비 정보가 없습니다. 청각장애인은 이동에 제약이 적을 것으로 보이나, 조난 시 연락 수단·안내 방송 여부가 확인되지 않았습니다"
ACC_P633,P633,NONE,UNKNOWN,UNKNOWN,UNKNOWN,NONE,NONE,PARTIAL,UNKNOWN,Y,UNAVAILABLE,UNAVAILABLE,주차장 등 진입부는 이용 가능 / 오름 등반로는 접근 불가,초반 오르막,오름 탐방로+주차장/화장실은 있으나 장애인편의 미확인,큰바리메오름 주차장/일반화장실+정상 산행로+휠체어/유모차 접근 어려움,,주차장까지는 차로 오실 수 있습니다. 큰바리메오름의 오름 등반로는 정비된 길이 아니어서 휠체어로 이동하시기 어렵습니다. 장애인 화장실은 확인되지 않았습니다.,,,,휠내비길(wheelnavi.kr) 음성안내 · 제주올레 오디오가이드(jejuolle.org) 코스별 음성해설,「탐나는수어」 앱 · 제주수어통역센터 여행수어 자료(jejudeaf.com),,,,차량+대중교통+도보,,,,,,,,,,,,2023-12,,,,,,,UNKNOWN,UNKNOWN,,,,,제주관광약자접근성안내센터(이지제주) · 한국관광공사 열린관광 · ㈜휴플 현장조사,2026-06,2024~2026,https://easyjeju.net,제주관광공사 「오감으로 즐기는 제주」(2023.12.22) · 한국관광공사 열린관광지 · 이지제주,"현재 무장애 정보는 이동(지체) 접근성 기준입니다. 시각·청각·발달 장애 정보는 확보 중이며, 열린관광 모두의여행(access.visitkorea.or.kr) 또는 이지제주(easyjeju.net)에서 확인하실 수 있습니다.",SURVEYED,[FIX89] 산·오름 사유 이관 — 조사 기록은 routeCondition·barrierFreeDetail 참조,,v3,FACILITY_SURVEY,편의시설 조사: 큰바리메오름 주차장/일반화장실+정상 산행로+휠체어/유모차 접근 어려움,,,,N,UNKNOWN,UNKNOWN,"시각장애인은 동행자와 함께라면 이용 가능할 수 있으나 안내 설비 정보가 없습니다. 청각장애인은 이동에 제약이 적을 것으로 보이나, 조난 시 연락 수단·안내 방송 여부가 확인되지 않았습니다"
ACC_P634,P634,NONE,UNKNOWN,UNKNOWN,UNKNOWN,NONE,NONE,PARTIAL,UNKNOWN,N,UNAVAILABLE,UNAVAILABLE,주차장 등 진입부는 이용 가능 / 오름 등반로는 접근 불가,,대록산 오름 탐방로+정석항공관 주차 후 자연노면/갈림길,정석항공관 인근 주차 가능+큰사슴이오름 산책/억새길+장애인편의 미확인,,주차장까지는 차로 오실 수 있습니다. 큰사슴이오름(대록산)의 오름 등반로는 비포장 자연 노면이라 휠체어로 이동하시기 어렵습니다. 장애인 화장실은 확인되지 않았습니다.,,,,휠내비길(wheelnavi.kr) 음성안내 · 제주올레 오디오가이드(jejuolle.org) 코스별 음성해설,「탐나는수어」 앱 · 제주수어통역센터 여행수어 자료(jejudeaf.com),,,,차량+도보,,,,,,,,,,,,2023-12,,,,,,,UNKNOWN,UNKNOWN,,,,,제주관광약자접근성안내센터(이지제주) · 한국관광공사 열린관광 · ㈜휴플 현장조사,2026-06,2024~2026,https://easyjeju.net,제주관광공사 「오감으로 즐기는 제주」(2023.12.22) · 한국관광공사 열린관광지 · 이지제주,"현재 무장애 정보는 이동(지체) 접근성 기준입니다. 시각·청각·발달 장애 정보는 확보 중이며, 열린관광 모두의여행(access.visitkorea.or.kr) 또는 이지제주(easyjeju.net)에서 확인하실 수 있습니다.",SURVEYED,[FIX89] 산·오름 사유 이관 — 조사 기록은 routeCondition·barrierFreeDetail 참조,,v3,FACILITY_SURVEY,편의시설 조사: 정석항공관 인근 주차 가능+큰사슴이오름 산책/억새길+장애인편의 미확인,,,,N,UNKNOWN,UNKNOWN,"시각장애인은 동행자와 함께라면 이용 가능할 수 있으나 안내 설비 정보가 없습니다. 청각장애인은 이동에 제약이 적을 것으로 보이나, 조난 시 연락 수단·안내 방송 여부가 확인되지 않았습니다"
ACC_P635,P635,UNKNOWN,UNKNOWN,UNKNOWN,UNKNOWN,UNKNOWN,UNKNOWN,UNKNOWN,UNKNOWN,Y,UNKNOWN,UNKNOWN,,노면·경사 확인필요,야외 테마파크/돌·연못 공간,탐나라공화국 일반 관광정보 확인+무장애 편의시설 직접 확인필요,,,,,,휠내비길(wheelnavi.kr) 음성안내 · 제주올레 오디오가이드(jejuolle.org) 코스별 음성해설,「탐나는수어」 앱 · 제주수어통역센터 여행수어 자료(jejudeaf.com),,,,차량+대중교통+도보,,,,,,,,,,,,2023-12,,,,,,,UNKNOWN,UNKNOWN,,,,,제주관광약자접근성안내센터(이지제주) · 한국관광공사 열린관광 · ㈜휴플 현장조사,2026-06,2024~2026,https://easyjeju.net,제주관광공사 「오감으로 즐기는 제주」(2023.12.22) · 한국관광공사 열린관광지 · 이지제주,"현재 무장애 정보는 이동(지체) 접근성 기준입니다. 시각·청각·발달 장애 정보는 확보 중이며, 열린관광 모두의여행(access.visitkorea.or.kr) 또는 이지제주(easyjeju.net)에서 확인하실 수 있습니다.",SURVEYED,,,v3,ROUTE_SURVEY,경로 상태 조사: 야외 테마파크/돌·연못 공간,,,,Y,UNKNOWN,UNKNOWN,
ACC_P636,P636,PARTIAL,UNKNOWN,UNKNOWN,UNKNOWN,PARTIAL,PARTIAL,PARTIAL,FULL,Y,CONDITIONAL,CONDITIONAL,평탄한 해안로와 무장애 코스·장애인 편의시설 이용 가능 / 섬 상륙은 불가,하도포구 정자 계단/경사 일부,하도포구 해안로/평탄 산책로,토끼섬·하도포구 무장애코스+장애인화장실+주차장+평탄 해안로+일부 계단/경사 주의,경로 조사 — 하도포구 해안로가 평탄한 산책로. 토끼섬·하도포구 무장애 코스와 장애인 화장실·주차장 확보,"하도포구 해안로가 평탄해 이동하시기 좋고, 토끼섬과 하도포구를 잇는 무장애 코스가 조성되어 있습니다. 장애인 화장실과 주차장도 갖춰져 있습니다. 토끼섬은 물이 빠질 때 드러나는 섬이라 섬 안까지 들어가시기는 어렵지만, 해안로에서 바라보실 수 있습니다.",,,,휠내비길(wheelnavi.kr) 음성안내 · 제주올레 오디오가이드(jejuolle.org) 코스별 음성해설,「탐나는수어」 앱 · 제주수어통역센터 여행수어 자료(jejudeaf.com),,IN_VENUE,이용 동선에서 이용 가능,차량+대중교통+도보,,,,,,,,,,,,2023-12,,,,,,,UNKNOWN,UNKNOWN,,,,,제주관광약자접근성안내센터(이지제주) · 한국관광공사 열린관광 · ㈜휴플 현장조사,2026-06,2024~2026,https://easyjeju.net,제주관광공사 「오감으로 즐기는 제주」(2023.12.22) · 한국관광공사 열린관광지 · 이지제주,"현재 무장애 정보는 이동(지체) 접근성 기준입니다. 시각·청각·발달 장애 정보는 확보 중이며, 열린관광 모두의여행(access.visitkorea.or.kr) 또는 이지제주(easyjeju.net)에서 확인하실 수 있습니다.",SURVEYED,[FIX86] 해양 유형 사유 이관 — 조사 기록은 routeCondition·barrierFreeDetail 참조 ※ 등급 상향 검토 대상 — 무장애 코스·평탄 해안로·장애인 화장실이 모두 확인됨. 잔여 확인 — 무장애 코스 연장,FIX86: 해양 유형 사유·안내문 신설,v3,ROUTE_SURVEY,경로 상태 조사: 하도포구 해안로/평탄 산책로,,,,Y,UNKNOWN,UNKNOWN,
ACC_P637,P637,UNKNOWN,UNKNOWN,UNKNOWN,UNKNOWN,UNKNOWN,UNKNOWN,UNKNOWN,UNKNOWN,Y,UNKNOWN,UNKNOWN,,,현무암/숲 체험 공간+돌·자연노면 가능+접근성 확인필요,파파빌레 일반 관광정보 확인+무장애 편의시설 직접 확인필요,,,,,,휠내비길(wheelnavi.kr) 음성안내 · 제주올레 오디오가이드(jejuolle.org) 코스별 음성해설,「탐나는수어」 앱 · 제주수어통역센터 여행수어 자료(jejudeaf.com),,,,차량+대중교통+도보,,,,,,,,,,,,2023-12,,,,,,,UNKNOWN,UNKNOWN,,,,,제주관광약자접근성안내센터(이지제주) · 한국관광공사 열린관광 · ㈜휴플 현장조사,2026-06,2024~2026,https://easyjeju.net,제주관광공사 「오감으로 즐기는 제주」(2023.12.22) · 한국관광공사 열린관광지 · 이지제주,"현재 무장애 정보는 이동(지체) 접근성 기준입니다. 시각·청각·발달 장애 정보는 확보 중이며, 열린관광 모두의여행(access.visitkorea.or.kr) 또는 이지제주(easyjeju.net)에서 확인하실 수 있습니다.",SURVEYED,,,v3,FACILITY_SURVEY,편의시설 조사: 파파빌레 일반 관광정보 확인+무장애 편의시설 직접 확인필요,,,,Y,UNKNOWN,UNKNOWN,
ACC_P638,P638,PARTIAL,UNKNOWN,UNKNOWN,UNKNOWN,PARTIAL,PARTIAL,PARTIAL,FULL,Y,CONDITIONAL,CONDITIONAL,시설접근 기준 판정 — 활동참여 개별 근거 미확보,,전통시장 개방형 통로+장애인주차 2대+전동휠체어 화장실 이용 주의,장애인전용주차구역+넓은 출입통로+장애인화장실+유모차대여+장날 혼잡/화장실 폭 주의,시장 출입 통로는 비교적 넓고 장애인 주차·화장실이 있으나 장날 혼잡과 장애인 화장실 이용환경에 일부 제약이 있음.,출입 통로는 넓지만 장날에는 통로가 붐비고 장애인 화장실 이용이 불편할 수 있습니다. 혼잡한 시간대를 피하면 이동이 수월합니다.,,,,휠내비길(wheelnavi.kr) 음성안내 · 제주올레 오디오가이드(jejuolle.org) 코스별 음성해설,「탐나는수어」 앱 · 제주수어통역센터 여행수어 자료(jejudeaf.com),,IN_VENUE,이용 동선에서 이용 가능,차량+대중교통,,,,,,,,,,,,2023-12,MARKET_STALL,노점·가판대·적재물로 실제 통로 폭이 조사값보다 좁아질 수 있음. 장날·성수기 통행 곤란,,,,,UNKNOWN,UNKNOWN,,,,,제주관광약자접근성안내센터(이지제주) · 한국관광공사 열린관광 · ㈜휴플 현장조사,2026-06,2024~2026,https://easyjeju.net,제주관광공사 「오감으로 즐기는 제주」(2023.12.22) · 한국관광공사 열린관광지 · 이지제주,"현재 무장애 정보는 이동(지체) 접근성 기준입니다. 시각·청각·발달 장애 정보는 확보 중이며, 열린관광 모두의여행(access.visitkorea.or.kr) 또는 이지제주(easyjeju.net)에서 확인하실 수 있습니다.",SURVEYED,,,v3,FACILITY_SURVEY,편의시설 조사: 장애인전용주차구역+넓은 출입통로+장애인화장실+유모차대여+장날 혼잡/화장실 폭 주의,,,,Y,UNKNOWN,UNKNOWN,
ACC_P639,P639,PARTIAL,UNKNOWN,UNKNOWN,UNKNOWN,PARTIAL,PARTIAL,PARTIAL,FULL,Y,CONDITIONAL,CONDITIONAL,시설접근 기준 판정 — 활동참여 개별 근거 미확보,,야외 유적 관람로+주출입구 단차 없음+토성/잔디 구간 일부 주의,장애인주차장+장애인화장실+주출입구 휠체어 접근 가능+유모차대여,,,,,,휠내비길(wheelnavi.kr) 음성안내 · 제주올레 오디오가이드(jejuolle.org) 코스별 음성해설,「탐나는수어」 앱 · 제주수어통역센터 여행수어 자료(jejudeaf.com),,IN_VENUE,이용 동선에서 이용 가능,차량+대중교통+도보,NONE,Y,,,,,㈜휴플 자체 현장조사 (2024~2025),,,,,2023-12,,,,,,,UNKNOWN,UNKNOWN,,,,,제주관광약자접근성안내센터(이지제주) · 한국관광공사 열린관광 · ㈜휴플 현장조사,2026-06,2024~2026,https://easyjeju.net,제주관광공사 「오감으로 즐기는 제주」(2023.12.22) · 한국관광공사 열린관광지 · 이지제주,"현재 무장애 정보는 이동(지체) 접근성 기준입니다. 시각·청각·발달 장애 정보는 확보 중이며, 열린관광 모두의여행(access.visitkorea.or.kr) 또는 이지제주(easyjeju.net)에서 확인하실 수 있습니다.",VERIFIED,,,v3,FIELD_SURVEY,㈜휴플 자체 현장조사 / 경로: 야외 유적 관람로+주출입구 단차 없음+토성/잔디 구간 일부 주의,,,,Y,UNKNOWN,UNKNOWN,
ACC_P640,P640,PARTIAL,UNKNOWN,UNKNOWN,UNKNOWN,PARTIAL,FULL,FULL,FULL,N,CONDITIONAL,CONDITIONAL,시설접근 기준 판정 — 활동참여 개별 근거 미확보,"내부 관람로 경사, 단차 없습니다+내부 관람로 단차, 경사 없습니다+보행장애물 및 단차가 없으며, 유효폭 및 전후면 유효공간이 적정합니다",기념관 실내 무단차+자동문+장애인주차장,장애인주차장+주출입구 턱 없음+자동문+장애인화장실+수유실,"노면·단차 제약 — 조사문에 ""단차,"" 명시",,,,,휠내비길(wheelnavi.kr) 음성안내 · 제주올레 오디오가이드(jejuolle.org) 코스별 음성해설,「탐나는수어」 앱 · 제주수어통역센터 여행수어 자료(jejudeaf.com),,IN_VENUE,이용 동선에서 이용 가능,차량+도보,,,,,,,,,,,,2023-12,,,,,,,UNKNOWN,UNKNOWN,,,,,제주관광약자접근성안내센터(이지제주) · 한국관광공사 열린관광 · ㈜휴플 현장조사,2026-06,2024~2026,https://easyjeju.net,제주관광공사 「오감으로 즐기는 제주」(2023.12.22) · 한국관광공사 열린관광지 · 이지제주,"현재 무장애 정보는 이동(지체) 접근성 기준입니다. 시각·청각·발달 장애 정보는 확보 중이며, 열린관광 모두의여행(access.visitkorea.or.kr) 또는 이지제주(easyjeju.net)에서 확인하실 수 있습니다.",SURVEYED,,FIX22: 논리검사 패턴 보완(요철·단차·노면불량),v3,ROUTE_SURVEY,경로 상태 조사: 기념관 실내 무단차+자동문+장애인주차장,,,,Y,UNKNOWN,UNKNOWN,
ACC_P641,P641,PARTIAL,PARTIAL,UNKNOWN,UNKNOWN,PARTIAL,FULL,FULL,FULL,N,CONDITIONAL,CONDITIONAL,시설접근 기준 판정 — 활동참여 개별 근거 미확보,"외부 관람로 바닥 요철 구간 다수 있으며, 최대 경사 10도 구간 있습니다+분수광장 부근 바닥요철 마감 및 10도 내외 경사 있습니다+연못 관람로 초입 약 6도 경사 있습니다",주차장/관람로 중심+주출입구 단차 없음+야외 동선 일부 주의,장애인주차장+장애인화장실+주출입구 턱 없음+휠체어 접근 가능,일부 구간의 경사가 가팔라 통행이 제한됨,,,시각장애인 추천 코스 2일차 수록(오감 p.5),,휠내비길(wheelnavi.kr) 음성안내 · 제주올레 오디오가이드(jejuolle.org) 코스별 음성해설,「탐나는수어」 앱 · 제주수어통역센터 여행수어 자료(jejudeaf.com),,IN_VENUE,이용 동선에서 이용 가능,차량+도보,,,,,,,,,,,,2023-12,,,,,,,UNKNOWN,UNKNOWN,,,,,제주관광약자접근성안내센터(이지제주) · 한국관광공사 열린관광 · ㈜휴플 현장조사,2026-06,2024~2026,https://easyjeju.net,제주관광공사 「오감으로 즐기는 제주」(2023.12.22) · 한국관광공사 열린관광지 · 이지제주,"현재 무장애 정보는 이동(지체) 접근성 기준입니다. 시각·청각·발달 장애 정보는 확보 중이며, 열린관광 모두의여행(access.visitkorea.or.kr) 또는 이지제주(easyjeju.net)에서 확인하실 수 있습니다.",SURVEYED,,FIX20: FULL 재점검 — 구간편차 기준 일괄 적용,v3,ROUTE_SURVEY,경로 상태 조사: 주차장/관람로 중심+주출입구 단차 없음+야외 동선 일부 주의,,,,Y,Y,UNKNOWN,
ACC_P642,P642,NONE,UNKNOWN,UNKNOWN,UNKNOWN,NONE,NONE,PARTIAL,NONE,Y,UNAVAILABLE,UNAVAILABLE,시설접근 기준 판정 — 활동참여 개별 근거 미확보,,곶자왈 자연숲+요철 강한 지형+숲길 휠체어 진입 어려움,장애인전용주차구역 외 접근성 제한+숲길/화장실 단차 문제 보도+보행 가능자 동행 필요,,,,,,휠내비길(wheelnavi.kr) 음성안내 · 제주올레 오디오가이드(jejuolle.org) 코스별 음성해설,「탐나는수어」 앱 · 제주수어통역센터 여행수어 자료(jejudeaf.com),,,,차량+대중교통+도보,,,,,,,,,,,,2023-12,,,,,,,UNKNOWN,UNKNOWN,,,,,제주관광약자접근성안내센터(이지제주) · 한국관광공사 열린관광 · ㈜휴플 현장조사,2026-06,2024~2026,https://easyjeju.net,제주관광공사 「오감으로 즐기는 제주」(2023.12.22) · 한국관광공사 열린관광지 · 이지제주,"현재 무장애 정보는 이동(지체) 접근성 기준입니다. 시각·청각·발달 장애 정보는 확보 중이며, 열린관광 모두의여행(access.visitkorea.or.kr) 또는 이지제주(easyjeju.net)에서 확인하실 수 있습니다.",SURVEYED,,,v3,ROUTE_SURVEY,경로 상태 조사: 곶자왈 자연숲+요철 강한 지형+숲길 휠체어 진입 어려움,,,,N,UNKNOWN,UNKNOWN,시각·청각 접근성 정보가 확인되지 않았습니다
ACC_P643,P643,PARTIAL,UNKNOWN,UNKNOWN,UNKNOWN,PARTIAL,NONE,PARTIAL,NONE,N,CONDITIONAL,CONDITIONAL,시설접근 기준 판정 — 활동참여 개별 근거 미확보,,뮤지엄 간 버스 이동+석·풍뮤지엄 입구 계단+관람 중 화장실 이용 불가+동행보조 필요,장애인 할인+자체 휠체어 지참 시 일부 가능+휠체어 대여 없음+계단 구간 보조 필요,,,,,,휠내비길(wheelnavi.kr) 음성안내 · 제주올레 오디오가이드(jejuolle.org) 코스별 음성해설,「탐나는수어」 앱 · 제주수어통역센터 여행수어 자료(jejudeaf.com),,,,차량+도보,,,,,,,,,,,,2023-12,,,,,,,UNKNOWN,UNKNOWN,,,,,제주관광약자접근성안내센터(이지제주) · 한국관광공사 열린관광 · ㈜휴플 현장조사,2026-06,2024~2026,https://easyjeju.net,제주관광공사 「오감으로 즐기는 제주」(2023.12.22) · 한국관광공사 열린관광지 · 이지제주,"현재 무장애 정보는 이동(지체) 접근성 기준입니다. 시각·청각·발달 장애 정보는 확보 중이며, 열린관광 모두의여행(access.visitkorea.or.kr) 또는 이지제주(easyjeju.net)에서 확인하실 수 있습니다.",SURVEYED,,,v3,ROUTE_SURVEY,경로 상태 조사: 뮤지엄 간 버스 이동+석·풍뮤지엄 입구 계단+관람 중 화장실 이용 불가+동행보조 필요,,,,Y,UNKNOWN,UNKNOWN,
ACC_P644,P644,FULL,UNKNOWN,UNKNOWN,UNKNOWN,FULL,FULL,FULL,UNKNOWN,Y,AVAILABLE,AVAILABLE,시설접근 기준 판정 — 활동참여 개별 근거 미확보,주출입구 경사로,주출입구 단차 없음+엘리베이터 있음+휠체어 접근 가능,경사로 있음+주출입구 턱 없음+엘리베이터 있음+음성안내어플 제공,,장애인 화장실 유무를 확인하지 못했습니다. 오래 머무르실 계획이라면 방문 전에 시설에 문의해 주세요.,,,,휠내비길(wheelnavi.kr) 음성안내 · 제주올레 오디오가이드(jejuolle.org) 코스별 음성해설,「탐나는수어」 앱 · 제주수어통역센터 여행수어 자료(jejudeaf.com),,,,차량+대중교통,,,,,,,,,,,,2023-12,,,,,,,UNKNOWN,UNKNOWN,,,,,제주관광약자접근성안내센터(이지제주) · 한국관광공사 열린관광 · ㈜휴플 현장조사,2026-06,2024~2026,https://easyjeju.net,제주관광공사 「오감으로 즐기는 제주」(2023.12.22) · 한국관광공사 열린관광지 · 이지제주,"현재 무장애 정보는 이동(지체) 접근성 기준입니다. 시각·청각·발달 장애 정보는 확보 중이며, 열린관광 모두의여행(access.visitkorea.or.kr) 또는 이지제주(easyjeju.net)에서 확인하실 수 있습니다.",SURVEYED,,,v3,ROUTE_SURVEY,경로 상태 조사: 주출입구 단차 없음+엘리베이터 있음+휠체어 접근 가능,,,,Y,UNKNOWN,UNKNOWN,
ACC_P645,P645,PARTIAL,UNKNOWN,UNKNOWN,UNKNOWN,PARTIAL,UNKNOWN,UNKNOWN,FULL,Y,UNKNOWN,UNKNOWN,,UNKNOWN,UNKNOWN,장애인 화장실 있음+장애인 주차장 있음,장애인 시설은 있고 좌석·입장은 사전 확인 필요,휠체어 좌석과 입장 방법에 대한 세부정보가 충분히 확인되지 않았습니다. 예매 전에 공연장에 휠체어 좌석과 이동 경로를 문의해 주세요.,,,,휠내비길(wheelnavi.kr) 음성안내 · 제주올레 오디오가이드(jejuolle.org) 코스별 음성해설,「탐나는수어」 앱 · 제주수어통역센터 여행수어 자료(jejudeaf.com),,IN_VENUE,이용 동선에서 이용 가능,차량+대중교통,,,,,,,,,,,,2023-12,,,,,,,UNKNOWN,UNKNOWN,,,,,제주관광약자접근성안내센터(이지제주) · 한국관광공사 열린관광 · ㈜휴플 현장조사,2026-06,2024~2026,https://easyjeju.net,제주관광공사 「오감으로 즐기는 제주」(2023.12.22) · 한국관광공사 열린관광지 · 이지제주,"현재 무장애 정보는 이동(지체) 접근성 기준입니다. 시각·청각·발달 장애 정보는 확보 중이며, 열린관광 모두의여행(access.visitkorea.or.kr) 또는 이지제주(easyjeju.net)에서 확인하실 수 있습니다.",SURVEYED,,,v3,FACILITY_SURVEY,편의시설 조사: 장애인 화장실 있음+장애인 주차장 있음,,,,Y,UNKNOWN,UNKNOWN,
ACC_P646,P646,FULL,UNKNOWN,UNKNOWN,UNKNOWN,FULL,FULL,FULL,FULL,Y,AVAILABLE,AVAILABLE,시설접근 기준 판정 — 활동참여 개별 근거 미확보,"관람석 접근로 유효 폭 협소하며, 높은 경사로 있습니다+주 출입구 경사로 설치되어 있습니다",단차 없음+휠체어 접근 가능,장애인 주차장 있음+장애인 화장실 있음+엘리베이터 있음+휠체어 대여 가능,,,,,,휠내비길(wheelnavi.kr) 음성안내 · 제주올레 오디오가이드(jejuolle.org) 코스별 음성해설,「탐나는수어」 앱 · 제주수어통역센터 여행수어 자료(jejudeaf.com),,IN_VENUE,이용 동선에서 이용 가능,차량+대중교통,,,,,,,,,,,,2023-12,,,,,,,UNKNOWN,UNKNOWN,,,,,제주관광약자접근성안내센터(이지제주) · 한국관광공사 열린관광 · ㈜휴플 현장조사,2026-06,2024~2026,https://easyjeju.net,제주관광공사 「오감으로 즐기는 제주」(2023.12.22) · 한국관광공사 열린관광지 · 이지제주,"현재 무장애 정보는 이동(지체) 접근성 기준입니다. 시각·청각·발달 장애 정보는 확보 중이며, 열린관광 모두의여행(access.visitkorea.or.kr) 또는 이지제주(easyjeju.net)에서 확인하실 수 있습니다.",SURVEYED,,,v3,ROUTE_SURVEY,경로 상태 조사: 단차 없음+휠체어 접근 가능,,,,Y,UNKNOWN,UNKNOWN,
ACC_P647,P647,FULL,PARTIAL,UNKNOWN,UNKNOWN,FULL,FULL,FULL,FULL,Y,AVAILABLE,AVAILABLE,시설접근 기준 판정 — 활동참여 개별 근거 미확보,주출입구는 단차가 없어 휠체어 접근 가능 함+출입구까지 단차가 없어 휠체어 접근 가능 함(수동문),단차 없음+휠체어 접근 가능,엘리베이터 있음+장애인 주차장 있음+장애인 화장실 있음+휠체어 대여 가능,주출입구에 단차가 없고 엘리베이터가 있음. 장애인 화장실·장애인 주차구역과 1층 맨 뒷줄 장애인 관람석 12석이 있으며 휠체어를 무료로 빌릴 수 있음,,[FULL 확인] 열린관광: 주출입구 단차 없음(수동문) · 엘리베이터 · 장애인 전용 화장실 · 장애인 전용 관람석 12석(1층 맨 뒷줄) · 휠체어 무료대여 2대 · 장애인 전용 주차구역,,,휠내비길(wheelnavi.kr) 음성안내 · 제주올레 오디오가이드(jejuolle.org) 코스별 음성해설,「탐나는수어」 앱 · 제주수어통역센터 여행수어 자료(jejudeaf.com),,IN_VENUE,이용 동선에서 이용 가능,차량+대중교통,,Y,,,Y,1층 맨 뒷줄 12석,,,,,,2023-12,,,,,,,UNKNOWN,UNKNOWN,,,,,제주관광약자접근성안내센터(이지제주) · 한국관광공사 열린관광 · ㈜휴플 현장조사,2026-06,2024~2026,https://easyjeju.net · https://www.data.go.kr/data/15101897/openapi.do,제주관광공사 「오감으로 즐기는 제주」(2023.12.22) · 한국관광공사 열린관광지 · 이지제주,"현재 무장애 정보는 이동(지체) 접근성 기준입니다. 시각·청각·발달 장애 정보는 확보 중이며, 열린관광 모두의여행(access.visitkorea.or.kr) 또는 이지제주(easyjeju.net)에서 확인하실 수 있습니다.",VERIFIED,"검증완료(2026-07) [FIX65] 한국관광공사 무장애 API(detailWithTour2) — braileblock=점자블록 있음(접근로,계단,주출입구)_시각장애인 편의시설",FIX65: visualAccess UNKNOWN→PARTIAL (KTO API),v3,ROUTE_SURVEY,경로 상태 조사: 단차 없음+휠체어 접근 가능,,,,Y,UNKNOWN,UNKNOWN,
ACC_P648,P648,FULL,UNKNOWN,UNKNOWN,UNKNOWN,FULL,UNKNOWN,UNKNOWN,FULL,Y,AVAILABLE,AVAILABLE,시설접근 기준 판정 — 활동참여 개별 근거 미확보,등대 가는 길 오르막 시작점: 접근성 정보 있음 (계단 혹은 경사 있음. 길 상태 안 좋음)+등대 가는 길 오르막 종료지점: 경사구간 : 오르막 길이 81m(경사 8˚),폭 좁음+휠체어 접근 가능,장애인 주차장 있음+휠체어 전동화 키트 충전기 있음+장애인 화장실 있음,,,,,,휠내비길(wheelnavi.kr) 음성안내 · 제주올레 오디오가이드(jejuolle.org) 코스별 음성해설,「탐나는수어」 앱 · 제주수어통역센터 여행수어 자료(jejudeaf.com),,IN_VENUE,이용 동선에서 이용 가능,차량+대중교통+도보,,,,,,,,,,,,2023-12,,,,,,,UNKNOWN,UNKNOWN,,,,,제주관광약자접근성안내센터(이지제주) · 한국관광공사 열린관광 · ㈜휴플 현장조사,2026-06,2024~2026,https://easyjeju.net,제주관광공사 「오감으로 즐기는 제주」(2023.12.22) · 한국관광공사 열린관광지 · 이지제주,"현재 무장애 정보는 이동(지체) 접근성 기준입니다. 시각·청각·발달 장애 정보는 확보 중이며, 열린관광 모두의여행(access.visitkorea.or.kr) 또는 이지제주(easyjeju.net)에서 확인하실 수 있습니다.",SURVEYED,,,v3,ROUTE_SURVEY,경로 상태 조사: 폭 좁음+휠체어 접근 가능,,,,Y,UNKNOWN,UNKNOWN,
ACC_P649,P649,UNKNOWN,UNKNOWN,UNKNOWN,UNKNOWN,UNKNOWN,UNKNOWN,PARTIAL,UNKNOWN,Y,UNKNOWN,UNKNOWN,,"수적전시관 접근로, 외부 관람로 바닥 요철마감+실내 관람로 주 출입구 경사(약 8.7도) 있음+화장실 외부 관람로 내 위치해 휠체어 및 유아차 접근 어려움",노면 불량+이동 보조 필요,,,,,,,휠내비길(wheelnavi.kr) 음성안내 · 제주올레 오디오가이드(jejuolle.org) 코스별 음성해설,「탐나는수어」 앱 · 제주수어통역센터 여행수어 자료(jejudeaf.com),,,,차량+대중교통+도보,,,,,,,,,,,,2023-12,,,,,,,UNKNOWN,UNKNOWN,,,,,제주관광약자접근성안내센터(이지제주) · 한국관광공사 열린관광 · ㈜휴플 현장조사,2026-06,2024~2026,https://easyjeju.net,제주관광공사 「오감으로 즐기는 제주」(2023.12.22) · 한국관광공사 열린관광지 · 이지제주,"현재 무장애 정보는 이동(지체) 접근성 기준입니다. 시각·청각·발달 장애 정보는 확보 중이며, 열린관광 모두의여행(access.visitkorea.or.kr) 또는 이지제주(easyjeju.net)에서 확인하실 수 있습니다.",SURVEYED,,,v3,ROUTE_SURVEY,경로 상태 조사: 노면 불량+이동 보조 필요,,,,Y,UNKNOWN,UNKNOWN,
ACC_P650,P650,UNKNOWN,UNKNOWN,UNKNOWN,UNKNOWN,UNKNOWN,UNKNOWN,UNKNOWN,UNKNOWN,N,UNKNOWN,UNKNOWN,,UNKNOWN,UNKNOWN,UNKNOWN,,,,,,휠내비길(wheelnavi.kr) 음성안내 · 제주올레 오디오가이드(jejuolle.org) 코스별 음성해설,「탐나는수어」 앱 · 제주수어통역센터 여행수어 자료(jejudeaf.com),,,,차량+도보,,,,,,,,,,,,2023-12,,,,,,,UNKNOWN,UNKNOWN,,,,,제주관광약자접근성안내센터(이지제주) · 한국관광공사 열린관광 · ㈜휴플 현장조사,2026-06,2024~2026,https://easyjeju.net,제주관광공사 「오감으로 즐기는 제주」(2023.12.22) · 한국관광공사 열린관광지 · 이지제주,"현재 무장애 정보는 이동(지체) 접근성 기준입니다. 시각·청각·발달 장애 정보는 확보 중이며, 열린관광 모두의여행(access.visitkorea.or.kr) 또는 이지제주(easyjeju.net)에서 확인하실 수 있습니다.",SURVEYED,,,v3,FACILITY_SURVEY,편의시설 조사: UNKNOWN,,,,Y,UNKNOWN,UNKNOWN,
ACC_P651,P651,NONE,UNKNOWN,UNKNOWN,UNKNOWN,NONE,PARTIAL,PARTIAL,UNKNOWN,N,UNAVAILABLE,UNAVAILABLE,시설접근 기준 판정 — 활동참여 개별 근거 미확보,UNKNOWN,접근 불가,UNKNOWN,,,,,,휠내비길(wheelnavi.kr) 음성안내 · 제주올레 오디오가이드(jejuolle.org) 코스별 음성해설,「탐나는수어」 앱 · 제주수어통역센터 여행수어 자료(jejudeaf.com),,,,차량+도보,,,,,,,,,,,,2023-12,,,,,,,UNKNOWN,UNKNOWN,,,,,제주관광약자접근성안내센터(이지제주) · 한국관광공사 열린관광 · ㈜휴플 현장조사,2026-06,2024~2026,https://easyjeju.net,제주관광공사 「오감으로 즐기는 제주」(2023.12.22) · 한국관광공사 열린관광지 · 이지제주,"현재 무장애 정보는 이동(지체) 접근성 기준입니다. 시각·청각·발달 장애 정보는 확보 중이며, 열린관광 모두의여행(access.visitkorea.or.kr) 또는 이지제주(easyjeju.net)에서 확인하실 수 있습니다.",SURVEYED,,,v3,FACILITY_SURVEY,편의시설 조사: UNKNOWN,,,,N,UNKNOWN,UNKNOWN,시각·청각 접근성 정보가 확인되지 않았습니다
ACC_P652,P652,FULL,UNKNOWN,UNKNOWN,UNKNOWN,FULL,FULL,FULL,FULL,Y,AVAILABLE,AVAILABLE,시설접근 기준 판정 — 활동참여 개별 근거 미확보,전시실까지는 단차가 없으나 한옥건물은 계단이 있고 전시관건물 앞은 데크로드로 조성되어 있음,단차 없음+판석+폭 좁음+휠체어 접근 가능,장애인 주차장 있음+장애인 화장실 있음+휠체어 대여 가능,,,,,,휠내비길(wheelnavi.kr) 음성안내 · 제주올레 오디오가이드(jejuolle.org) 코스별 음성해설,「탐나는수어」 앱 · 제주수어통역센터 여행수어 자료(jejudeaf.com),,IN_VENUE,이용 동선에서 이용 가능,차량+대중교통+도보,,,,,,,,,,,,2023-12,,,,,,,UNKNOWN,UNKNOWN,,,,,제주관광약자접근성안내센터(이지제주) · 한국관광공사 열린관광 · ㈜휴플 현장조사,2026-06,2024~2026,https://easyjeju.net,제주관광공사 「오감으로 즐기는 제주」(2023.12.22) · 한국관광공사 열린관광지 · 이지제주,"현재 무장애 정보는 이동(지체) 접근성 기준입니다. 시각·청각·발달 장애 정보는 확보 중이며, 열린관광 모두의여행(access.visitkorea.or.kr) 또는 이지제주(easyjeju.net)에서 확인하실 수 있습니다.",SURVEYED,,,v3,ROUTE_SURVEY,경로 상태 조사: 단차 없음+판석+폭 좁음+휠체어 접근 가능,,,,Y,UNKNOWN,UNKNOWN,
ACC_P653,P653,PARTIAL,UNKNOWN,UNKNOWN,UNKNOWN,PARTIAL,FULL,FULL,FULL,Y,CONDITIONAL,CONDITIONAL,시설접근 기준 판정 — 활동참여 개별 근거 미확보,외부 관람로 바닥 요철마감 구간 있습니다+외부 관람로 바닥 요철 마감 구간 있습니다+화장실 접근로 바닥 요철 마감입니다,단차 없음+노면 불량+휠체어 접근 가능,장애인 주차장 있음+장애인 화장실 있음+휠체어 대여 가능,"노면·단차 제약 — 조사문에 ""요철"" 명시",,,,,휠내비길(wheelnavi.kr) 음성안내 · 제주올레 오디오가이드(jejuolle.org) 코스별 음성해설,「탐나는수어」 앱 · 제주수어통역센터 여행수어 자료(jejudeaf.com),,IN_VENUE,이용 동선에서 이용 가능,차량+대중교통+도보,,,,,,,,,,,,2023-12,,,,,,,UNKNOWN,UNKNOWN,,,,,제주관광약자접근성안내센터(이지제주) · 한국관광공사 열린관광 · ㈜휴플 현장조사,2026-06,2024~2026,https://easyjeju.net,제주관광공사 「오감으로 즐기는 제주」(2023.12.22) · 한국관광공사 열린관광지 · 이지제주,"현재 무장애 정보는 이동(지체) 접근성 기준입니다. 시각·청각·발달 장애 정보는 확보 중이며, 열린관광 모두의여행(access.visitkorea.or.kr) 또는 이지제주(easyjeju.net)에서 확인하실 수 있습니다.",SURVEYED,,FIX22: 논리검사 패턴 보완(요철·단차·노면불량),v3,ROUTE_SURVEY,경로 상태 조사: 단차 없음+노면 불량+휠체어 접근 가능,,,,Y,UNKNOWN,UNKNOWN,
ACC_P654,P654,PARTIAL,UNKNOWN,PARTIAL,UNKNOWN,PARTIAL,FULL,FULL,FULL,Y,CONDITIONAL,CONDITIONAL,시설접근 기준 판정 — 활동참여 개별 근거 미확보,"내부 관람로 일부 구간 경사(~10.5도) 있습니다+외부 관람로 바닥 요철마감(자연석 등) , 경사(~7도) 구간 있습니다+※ 내부 관람로 다랑쉬굴 구간 경사로 '도움필요 상' 이며 그 외 '도움필요 하' 입니다",단차 없음+휠체어 접근 가능,장애인 주차장 있음+장애인 화장실 있음+엘리베이터 있음+휠체어 대여 가능+휠체어 전동화 키트 충전기 있음,내부 관람로에는 가파른 구간이 있고 외부에는 자연석 요철과 경사 구간이 이어짐,,"내부 관람로 ~10.5도, 외부 자연석 요철·~7도 경사",,"수어해설 영상 — 「탐나는수어」 앱(제주수어통역센터 2023.1) QR·AR 인식, 현장 QR 탑재 확인",휠내비길(wheelnavi.kr) 음성안내 · 제주올레 오디오가이드(jejuolle.org) 코스별 음성해설,「탐나는수어」 앱 · 제주수어통역센터 여행수어 자료(jejudeaf.com),,IN_VENUE,이용 동선에서 이용 가능,차량+대중교통+도보,NONE,Y,,,,,㈜휴플 자체 현장조사 (2024~2025),,,,,2023-12,,,,,,,UNKNOWN,UNKNOWN,,,,,제주관광약자접근성안내센터(이지제주) · 한국관광공사 열린관광 · ㈜휴플 현장조사,2026-06,2024~2026,https://easyjeju.net,제주관광공사 「오감으로 즐기는 제주」(2023.12.22) · 한국관광공사 열린관광지 · 이지제주,"현재 무장애 정보는 이동(지체) 접근성 기준입니다. 시각·청각·발달 장애 정보는 확보 중이며, 열린관광 모두의여행(access.visitkorea.or.kr) 또는 이지제주(easyjeju.net)에서 확인하실 수 있습니다.",VERIFIED,검증완료(2026-07),FIX14: POPULAR FULL 외부·서술 검증 하향,v3,FIELD_SURVEY,㈜휴플 자체 현장조사 / 경로: 단차 없음+휠체어 접근 가능,,,,Y,UNKNOWN,Y,
ACC_P655,P655,UNKNOWN,UNKNOWN,UNKNOWN,UNKNOWN,UNKNOWN,PARTIAL,PARTIAL,NONE,N,UNAVAILABLE,UNAVAILABLE,시설접근 기준 판정 — 활동참여 개별 근거 미확보,UNKNOWN,접근 불가,,,,현재 동굴 내부 출입이 붕괴·낙석 위험으로 통제되어 있어 휠체어 접근성 자체를 정상적으로 평가하기 어려움.,,,휠내비길(wheelnavi.kr) 음성안내 · 제주올레 오디오가이드(jejuolle.org) 코스별 음성해설,「탐나는수어」 앱 · 제주수어통역센터 여행수어 자료(jejudeaf.com),,,,차량+도보,,,,,,,,,,,,2023-12,,,,,,,UNKNOWN,UNKNOWN,,,,,제주관광약자접근성안내센터(이지제주) · 한국관광공사 열린관광 · ㈜휴플 현장조사,2026-06,2024~2026,https://www.visitjeju.net/kr/detail/view?contentsid=CONT_000000000500379,제주관광공사 「오감으로 즐기는 제주」(2023.12.22) · 한국관광공사 열린관광지 · 이지제주,"현재 무장애 정보는 이동(지체) 접근성 기준입니다. 시각·청각·발달 장애 정보는 확보 중이며, 열린관광 모두의여행(access.visitkorea.or.kr) 또는 이지제주(easyjeju.net)에서 확인하실 수 있습니다.",SURVEYED,,,v3,ROUTE_SURVEY,경로 상태: 접근 불가,,,,N,UNKNOWN,UNKNOWN,시각·청각 접근성 정보가 확인되지 않았습니다
ACC_P656,P656,NONE,UNKNOWN,UNKNOWN,UNKNOWN,NONE,UNKNOWN,PARTIAL,UNKNOWN,N,CONDITIONAL,CONDITIONAL,흙길·노면 불량으로 접근 불가 / 편의시설 미확인,UNKNOWN,노면 불량+흙길+이동 보조 필요+휠체어 접근 제한,장애인 주차장 있음,,굴로 이어지는 길이 흙길이고 노면이 고르지 않으며 이동에 도움이 필요해 휠체어로 가시기는 어렵습니다. 주차 공간과 화장실은 확인되지 않았습니다. 4·3 유적지로 현장 보존을 우선하는 곳입니다.,,,,휠내비길(wheelnavi.kr) 음성안내 · 제주올레 오디오가이드(jejuolle.org) 코스별 음성해설,「탐나는수어」 앱 · 제주수어통역센터 여행수어 자료(jejudeaf.com),,,,차량+도보,,,,,,,,,,,,2023-12,,,,,,,UNKNOWN,UNKNOWN,,,,,제주관광약자접근성안내센터(이지제주) · 한국관광공사 열린관광 · ㈜휴플 현장조사,2026-06,2024~2026,https://easyjeju.net,제주관광공사 「오감으로 즐기는 제주」(2023.12.22) · 한국관광공사 열린관광지 · 이지제주,"현재 무장애 정보는 이동(지체) 접근성 기준입니다. 시각·청각·발달 장애 정보는 확보 중이며, 열린관광 모두의여행(access.visitkorea.or.kr) 또는 이지제주(easyjeju.net)에서 확인하실 수 있습니다.",SURVEYED,[FIX85] 4·3 유적 — 현장 보존 우선 지역. 잔여 확인 — 주차 공간·화장실 유무,FIX85: 이용자 안내문 신설 — 내부 표기 사유 제거,v3,FACILITY_SURVEY,편의시설 조사: 장애인 주차장 있음,,,,Y,UNKNOWN,UNKNOWN,
ACC_P657,P657,PARTIAL,UNKNOWN,UNKNOWN,UNKNOWN,PARTIAL,FULL,FULL,FULL,Y,CONDITIONAL,CONDITIONAL,시설접근 기준 판정 — 활동참여 개별 근거 미확보,"삶터 출입구 정낭, 단차가 있습니다+화장실 출입구 단차 있습니다+삶터 출입구 정낭, 집 출입구 단차 있습니다. 휠체어 사용자의 출입이 불가합니다",단차 없음+휠체어 접근 가능,장애인 주차장 있음+장애인 화장실 있음+유모차 대여 가능,"노면·단차 제약 — 조사문에 ""단차 있"" 명시",,,,,휠내비길(wheelnavi.kr) 음성안내 · 제주올레 오디오가이드(jejuolle.org) 코스별 음성해설,「탐나는수어」 앱 · 제주수어통역센터 여행수어 자료(jejudeaf.com),,IN_VENUE,이용 동선에서 이용 가능,차량+대중교통+도보,,,,,,,,,,,,2023-12,,,,,,,UNKNOWN,UNKNOWN,,,,,제주관광약자접근성안내센터(이지제주) · 한국관광공사 열린관광 · ㈜휴플 현장조사,2026-06,2024~2026,https://easyjeju.net,제주관광공사 「오감으로 즐기는 제주」(2023.12.22) · 한국관광공사 열린관광지 · 이지제주,"현재 무장애 정보는 이동(지체) 접근성 기준입니다. 시각·청각·발달 장애 정보는 확보 중이며, 열린관광 모두의여행(access.visitkorea.or.kr) 또는 이지제주(easyjeju.net)에서 확인하실 수 있습니다.",SURVEYED,,FIX22: 논리검사 패턴 보완(요철·단차·노면불량),v3,ROUTE_SURVEY,경로 상태 조사: 단차 없음+휠체어 접근 가능,,,,Y,UNKNOWN,UNKNOWN,
ACC_P658,P658,FULL,UNKNOWN,UNKNOWN,UNKNOWN,FULL,FULL,FULL,FULL,Y,UNKNOWN,UNKNOWN,,주출입구는 경사로가 있어 휠체어 접근 가능함+출입구까지 경사로가 설치되어 있음,UNKNOWN,장애인 주차장 있음+장애인 화장실 있음,,출입구까지 경사로가 설치되어 있고 실내에는 엘리베이터가 있습니다. 장애인 주차구역과 장애인 화장실이 있으며 휠체어 대여도 가능합니다.,,,,휠내비길(wheelnavi.kr) 음성안내 · 제주올레 오디오가이드(jejuolle.org) 코스별 음성해설,「탐나는수어」 앱 · 제주수어통역센터 여행수어 자료(jejudeaf.com),,IN_VENUE,이용 동선에서 이용 가능,차량+대중교통+도보,,,,,,,,,,,,2023-12,,,,,,,UNKNOWN,UNKNOWN,,,,,제주관광약자접근성안내센터(이지제주) · 한국관광공사 열린관광 · ㈜휴플 현장조사,2026-06,2024~2026,https://easyjeju.net,제주관광공사 「오감으로 즐기는 제주」(2023.12.22) · 한국관광공사 열린관광지 · 이지제주,"현재 무장애 정보는 이동(지체) 접근성 기준입니다. 시각·청각·발달 장애 정보는 확보 중이며, 열린관광 모두의여행(access.visitkorea.or.kr) 또는 이지제주(easyjeju.net)에서 확인하실 수 있습니다.",SURVEYED,,,v3,ROUTE_SURVEY,경로 상태 조사: UNKNOWN,,,,Y,UNKNOWN,UNKNOWN,
ACC_P659,P659,FULL,UNKNOWN,UNKNOWN,UNKNOWN,FULL,FULL,FULL,FULL,Y,AVAILABLE,AVAILABLE,시설접근 기준 판정 — 활동참여 개별 근거 미확보,주출입구 경사로 있음,단차 없음+휠체어 접근 가능,장애인 주차장 있음+장애인 화장실 있음+휠체어 대여 가능,,,,,,휠내비길(wheelnavi.kr) 음성안내 · 제주올레 오디오가이드(jejuolle.org) 코스별 음성해설,「탐나는수어」 앱 · 제주수어통역센터 여행수어 자료(jejudeaf.com),,IN_VENUE,이용 동선에서 이용 가능,차량+대중교통+도보,,,,,,,,,,,,2023-12,,,,,,,UNKNOWN,UNKNOWN,,,,,제주관광약자접근성안내센터(이지제주) · 한국관광공사 열린관광 · ㈜휴플 현장조사,2026-06,2024~2026,https://easyjeju.net,제주관광공사 「오감으로 즐기는 제주」(2023.12.22) · 한국관광공사 열린관광지 · 이지제주,"현재 무장애 정보는 이동(지체) 접근성 기준입니다. 시각·청각·발달 장애 정보는 확보 중이며, 열린관광 모두의여행(access.visitkorea.or.kr) 또는 이지제주(easyjeju.net)에서 확인하실 수 있습니다.",SURVEYED,,,v3,ROUTE_SURVEY,경로 상태 조사: 단차 없음+휠체어 접근 가능,,,,Y,UNKNOWN,UNKNOWN,
ACC_P660,P660,NONE,UNKNOWN,UNKNOWN,UNKNOWN,NONE,PARTIAL,PARTIAL,NONE,N,CONDITIONAL,CONDITIONAL,화장실은 이용 가능 / 계단·비포장으로 비석 접근 불가,UNKNOWN,계단 있음+비포장+이동 보조 필요+휠체어 접근 제한,,,공중화장실이 있습니다. 다만 최남단비까지 가는 길에 계단이 있고 비포장 구간이 이어져 휠체어로 가시기는 어렵습니다.,,,,휠내비길(wheelnavi.kr) 음성안내 · 제주올레 오디오가이드(jejuolle.org) 코스별 음성해설,「탐나는수어」 앱 · 제주수어통역센터 여행수어 자료(jejudeaf.com),,,,차량+도보,,,,,,,,,,,,2023-12,,,,,,,UNKNOWN,UNKNOWN,,,,,제주관광약자접근성안내센터(이지제주) · 한국관광공사 열린관광 · ㈜휴플 현장조사,2026-06,2024~2026,https://easyjeju.net,제주관광공사 「오감으로 즐기는 제주」(2023.12.22) · 한국관광공사 열린관광지 · 이지제주,"현재 무장애 정보는 이동(지체) 접근성 기준입니다. 시각·청각·발달 장애 정보는 확보 중이며, 열린관광 모두의여행(access.visitkorea.or.kr) 또는 이지제주(easyjeju.net)에서 확인하실 수 있습니다.",SURVEYED,[FIX85] 마라도 내 지점 — 여객선 승하선 조건이 별도로 걸림. 잔여 확인 — 우회 동선 유무,FIX85: 이용자 안내문 신설 — 내부 표기 사유 제거,v3,ROUTE_SURVEY,경로 상태 조사: 계단 있음+비포장+이동 보조 필요+휠체어 접근 제한,,,,Y,UNKNOWN,UNKNOWN,
ACC_P661,P661,NONE,UNKNOWN,UNKNOWN,UNKNOWN,NONE,PARTIAL,PARTIAL,FULL,Y,CONDITIONAL,CONDITIONAL,주차는 가능 / 계단·비포장으로 동굴진지 접근 불가,주출입구 경사로 있음,계단 있음+비포장+이동 보조 필요+휠체어 접근 제한,장애인 화장실 있음,,공용주차장이 있습니다. 다만 동굴진지로 이어지는 길에 계단이 있고 비포장 구간이 이어져 휠체어로 가시기는 어렵습니다. 화장실 정보는 확인되지 않았습니다.,,,,휠내비길(wheelnavi.kr) 음성안내 · 제주올레 오디오가이드(jejuolle.org) 코스별 음성해설,「탐나는수어」 앱 · 제주수어통역센터 여행수어 자료(jejudeaf.com),,IN_VENUE,이용 동선에서 이용 가능,차량+대중교통+도보,,,,,,,,,,,,2023-12,,,,,,,UNKNOWN,UNKNOWN,,,,,제주관광약자접근성안내센터(이지제주) · 한국관광공사 열린관광 · ㈜휴플 현장조사,2026-06,2024~2026,https://easyjeju.net,제주관광공사 「오감으로 즐기는 제주」(2023.12.22) · 한국관광공사 열린관광지 · 이지제주,"현재 무장애 정보는 이동(지체) 접근성 기준입니다. 시각·청각·발달 장애 정보는 확보 중이며, 열린관광 모두의여행(access.visitkorea.or.kr) 또는 이지제주(easyjeju.net)에서 확인하실 수 있습니다.",SURVEYED,"[FIX85] 일제 동굴진지 유적. 잔여 확인 — 화장실 유무, 지상 전시·안내 시설의 접근성",FIX85: 이용자 안내문 신설 — 내부 표기 사유 제거,v3,ROUTE_SURVEY,경로 상태 조사: 계단 있음+비포장+이동 보조 필요+휠체어 접근 제한,,,,Y,UNKNOWN,UNKNOWN,
ACC_P662,P662,UNKNOWN,UNKNOWN,UNKNOWN,UNKNOWN,UNKNOWN,UNKNOWN,UNKNOWN,FULL,N,UNKNOWN,UNKNOWN,,UNKNOWN,무장애 코스 포함+확인 필요,장애인 화장실 있음,,,,,,휠내비길(wheelnavi.kr) 음성안내 · 제주올레 오디오가이드(jejuolle.org) 코스별 음성해설,「탐나는수어」 앱 · 제주수어통역센터 여행수어 자료(jejudeaf.com),,IN_VENUE,이용 동선에서 이용 가능,차량+도보,,,,,,,,,,,,2023-12,,,,,,,UNKNOWN,UNKNOWN,,,,,제주관광약자접근성안내센터(이지제주) · 한국관광공사 열린관광 · ㈜휴플 현장조사,2026-06,2024~2026,https://easyjeju.net,제주관광공사 「오감으로 즐기는 제주」(2023.12.22) · 한국관광공사 열린관광지 · 이지제주,"현재 무장애 정보는 이동(지체) 접근성 기준입니다. 시각·청각·발달 장애 정보는 확보 중이며, 열린관광 모두의여행(access.visitkorea.or.kr) 또는 이지제주(easyjeju.net)에서 확인하실 수 있습니다.",SURVEYED,,,v3,FACILITY_SURVEY,편의시설 조사: 장애인 화장실 있음,,,,Y,UNKNOWN,UNKNOWN,
ACC_P663,P663,NONE,UNKNOWN,UNKNOWN,UNKNOWN,NONE,UNKNOWN,PARTIAL,NONE,Y,CONDITIONAL,CONDITIONAL,주차장·관리사무소는 이용 가능 / 성 내부는 흙길·판석으로 접근 불가,"성터 출입구 단차 6cm 있으며, 관람로 바닥 요철 마감 구간 있습니다+성터 출입구 단차 6cm 있습니다",흙길+판석+이동 보조 필요+휠체어 접근 제한,,,주차장과 관리사무소가 있습니다. 다만 성 안쪽 길이 흙길과 판석으로 되어 있고 이동에 도움이 필요해 휠체어로 다니시기는 어렵습니다. 4·3 유적지입니다.,,,,휠내비길(wheelnavi.kr) 음성안내 · 제주올레 오디오가이드(jejuolle.org) 코스별 음성해설,「탐나는수어」 앱 · 제주수어통역센터 여행수어 자료(jejudeaf.com),,,,차량+대중교통+도보,,,,,,,,,,,,2023-12,,,,,,,UNKNOWN,UNKNOWN,,,,,제주관광약자접근성안내센터(이지제주) · 한국관광공사 열린관광 · ㈜휴플 현장조사,2026-06,2024~2026,https://easyjeju.net,제주관광공사 「오감으로 즐기는 제주」(2023.12.22) · 한국관광공사 열린관광지 · 이지제주,"현재 무장애 정보는 이동(지체) 접근성 기준입니다. 시각·청각·발달 장애 정보는 확보 중이며, 열린관광 모두의여행(access.visitkorea.or.kr) 또는 이지제주(easyjeju.net)에서 확인하실 수 있습니다.",SURVEYED,"[FIX85] 4·3 유적. 잔여 확인 — 관리사무소 쪽 관람·안내 범위, 화장실 유무",FIX85: 이용자 안내문 신설 — 내부 표기 사유 제거,v3,ROUTE_SURVEY,경로 상태 조사: 흙길+판석+이동 보조 필요+휠체어 접근 제한,,,,Y,UNKNOWN,UNKNOWN,
ACC_P664,P664,UNKNOWN,UNKNOWN,UNKNOWN,UNKNOWN,UNKNOWN,UNKNOWN,UNKNOWN,UNKNOWN,Y,UNKNOWN,UNKNOWN,,UNKNOWN,UNKNOWN,UNKNOWN,,,,,,휠내비길(wheelnavi.kr) 음성안내 · 제주올레 오디오가이드(jejuolle.org) 코스별 음성해설,「탐나는수어」 앱 · 제주수어통역센터 여행수어 자료(jejudeaf.com),,,,차량+대중교통+도보,,,,,,,,,,,,2023-12,,,,,,,UNKNOWN,UNKNOWN,,,,,제주관광약자접근성안내센터(이지제주) · 한국관광공사 열린관광 · ㈜휴플 현장조사,2026-06,2024~2026,https://easyjeju.net,제주관광공사 「오감으로 즐기는 제주」(2023.12.22) · 한국관광공사 열린관광지 · 이지제주,"현재 무장애 정보는 이동(지체) 접근성 기준입니다. 시각·청각·발달 장애 정보는 확보 중이며, 열린관광 모두의여행(access.visitkorea.or.kr) 또는 이지제주(easyjeju.net)에서 확인하실 수 있습니다.",SURVEYED,,,v3,FACILITY_SURVEY,편의시설 조사: UNKNOWN,,,,Y,UNKNOWN,UNKNOWN,
ACC_P665,P665,NONE,UNKNOWN,UNKNOWN,UNKNOWN,NONE,UNKNOWN,PARTIAL,FULL,Y,CONDITIONAL,CONDITIONAL,화장실·샤워실은 이용 가능 / 못 주변 이동은 보조가 필요해 접근 불가,경사로 있음,이동 보조 필요+휠체어 접근 제한,장애인 화장실 있음,,화장실과 샤워실이 있습니다. 다만 못 주변 이동에 도움이 필요한 구간이 있어 휠체어로 다니시기는 어렵습니다. 주차 공간은 확인되지 않았습니다.,,,,휠내비길(wheelnavi.kr) 음성안내 · 제주올레 오디오가이드(jejuolle.org) 코스별 음성해설,「탐나는수어」 앱 · 제주수어통역센터 여행수어 자료(jejudeaf.com),,IN_VENUE,이용 동선에서 이용 가능,차량+대중교통+도보,,,,,,,,,,,,2023-12,,,,,,,UNKNOWN,UNKNOWN,,,,,제주관광약자접근성안내센터(이지제주) · 한국관광공사 열린관광 · ㈜휴플 현장조사,2026-06,2024~2026,https://easyjeju.net,제주관광공사 「오감으로 즐기는 제주」(2023.12.22) · 한국관광공사 열린관광지 · 이지제주,"현재 무장애 정보는 이동(지체) 접근성 기준입니다. 시각·청각·발달 장애 정보는 확보 중이며, 열린관광 모두의여행(access.visitkorea.or.kr) 또는 이지제주(easyjeju.net)에서 확인하실 수 있습니다.",SURVEYED,"[FIX85] 잔여 확인 — 주차 공간 유무, 이동 보조가 필요한 구간의 성격",FIX85: 이용자 안내문 신설 — 내부 표기 사유 제거,v3,ROUTE_SURVEY,경로 상태 조사: 이동 보조 필요+휠체어 접근 제한,,,,Y,UNKNOWN,UNKNOWN,
ACC_P666,P666,NONE,UNKNOWN,UNKNOWN,UNKNOWN,NONE,PARTIAL,PARTIAL,UNKNOWN,N,UNAVAILABLE,UNAVAILABLE,시설접근 기준 판정 — 활동참여 개별 근거 미확보,UNKNOWN,접근 불가+노면 불량,UNKNOWN,,,,,,휠내비길(wheelnavi.kr) 음성안내 · 제주올레 오디오가이드(jejuolle.org) 코스별 음성해설,「탐나는수어」 앱 · 제주수어통역센터 여행수어 자료(jejudeaf.com),,,,차량+도보,,,,,,,,,,,,2023-12,,,,,,,UNKNOWN,UNKNOWN,,,,,제주관광약자접근성안내센터(이지제주) · 한국관광공사 열린관광 · ㈜휴플 현장조사,2026-06,2024~2026,https://easyjeju.net,제주관광공사 「오감으로 즐기는 제주」(2023.12.22) · 한국관광공사 열린관광지 · 이지제주,"현재 무장애 정보는 이동(지체) 접근성 기준입니다. 시각·청각·발달 장애 정보는 확보 중이며, 열린관광 모두의여행(access.visitkorea.or.kr) 또는 이지제주(easyjeju.net)에서 확인하실 수 있습니다.",SURVEYED,,,v3,FACILITY_SURVEY,편의시설 조사: UNKNOWN,,,,N,UNKNOWN,UNKNOWN,시각·청각 접근성 정보가 확인되지 않았습니다
ACC_P667,P667,NONE,UNKNOWN,UNKNOWN,UNKNOWN,NONE,PARTIAL,PARTIAL,UNKNOWN,Y,UNAVAILABLE,UNAVAILABLE,시설접근 기준 판정 — 활동참여 개별 근거 미확보,UNKNOWN,접근 불가,UNKNOWN,,,,,,휠내비길(wheelnavi.kr) 음성안내 · 제주올레 오디오가이드(jejuolle.org) 코스별 음성해설,「탐나는수어」 앱 · 제주수어통역센터 여행수어 자료(jejudeaf.com),,,,차량+대중교통+도보,,,,,,,,,,,,2023-12,MARKET_STALL,노점·가판대·적재물로 실제 통로 폭이 조사값보다 좁아질 수 있음. 장날·성수기 통행 곤란,,,,,UNKNOWN,UNKNOWN,,,,,제주관광약자접근성안내센터(이지제주) · 한국관광공사 열린관광 · ㈜휴플 현장조사,2026-06,2024~2026,https://easyjeju.net,제주관광공사 「오감으로 즐기는 제주」(2023.12.22) · 한국관광공사 열린관광지 · 이지제주,"현재 무장애 정보는 이동(지체) 접근성 기준입니다. 시각·청각·발달 장애 정보는 확보 중이며, 열린관광 모두의여행(access.visitkorea.or.kr) 또는 이지제주(easyjeju.net)에서 확인하실 수 있습니다.",SURVEYED,,,v3,FACILITY_SURVEY,편의시설 조사: UNKNOWN,,,,N,UNKNOWN,UNKNOWN,시각·청각 접근성 정보가 확인되지 않았습니다
ACC_P668,P668,NONE,UNKNOWN,UNKNOWN,UNKNOWN,NONE,PARTIAL,PARTIAL,UNKNOWN,Y,UNKNOWN,UNKNOWN,,UNKNOWN,UNKNOWN,UNKNOWN,,정의향교 출입구에 계단이 있어 휠체어로 내부에 들어가기 어렵습니다.,출입구에 계단이 있어 내부 진입 불가,,,휠내비길(wheelnavi.kr) 음성안내 · 제주올레 오디오가이드(jejuolle.org) 코스별 음성해설,「탐나는수어」 앱 · 제주수어통역센터 여행수어 자료(jejudeaf.com),,,,차량+대중교통+도보,,,,,,,,,,,,2023-12,,,,,,,UNKNOWN,UNKNOWN,,,,,제주관광약자접근성안내센터(이지제주) · 한국관광공사 열린관광 · ㈜휴플 현장조사,2026-06,2024~2026,https://easyjeju.net,제주관광공사 「오감으로 즐기는 제주」(2023.12.22) · 한국관광공사 열린관광지 · 이지제주,"현재 무장애 정보는 이동(지체) 접근성 기준입니다. 시각·청각·발달 장애 정보는 확보 중이며, 열린관광 모두의여행(access.visitkorea.or.kr) 또는 이지제주(easyjeju.net)에서 확인하실 수 있습니다.",SURVEYED,,,v3,FACILITY_SURVEY,편의시설 조사: UNKNOWN,,,,Y,UNKNOWN,UNKNOWN,
ACC_P669,P669,NONE,UNKNOWN,UNKNOWN,UNKNOWN,NONE,UNKNOWN,PARTIAL,FULL,N,CONDITIONAL,CONDITIONAL,주차장·화장실은 이용 가능 / 동굴 진입로는 보조가 필요해 접근 불가,휠체어관람로 : 출입구의 경사가 급한편으로 (경사도 8-9도 100M ) 관람로 중간 중간 오르막 내리막 경사가 있어 (경사도 7-8도) 수동휠체어 이용자는 보호자의 도움이 필요합니다,이동 보조 필요+휠체어 접근 제한,장애인 화장실 있음,,주차장과 화장실이 있습니다. 다만 동굴로 들어가는 길에 이동에 도움이 필요한 구간이 있어 휠체어로 가시기는 어렵습니다.,,,,휠내비길(wheelnavi.kr) 음성안내 · 제주올레 오디오가이드(jejuolle.org) 코스별 음성해설,「탐나는수어」 앱 · 제주수어통역센터 여행수어 자료(jejudeaf.com),,IN_VENUE,이용 동선에서 이용 가능,차량+도보,,,,,,,,,,,,2023-12,,,,,,,UNKNOWN,UNKNOWN,,,,,제주관광약자접근성안내센터(이지제주) · 한국관광공사 열린관광 · ㈜휴플 현장조사,2026-06,2024~2026,https://easyjeju.net,제주관광공사 「오감으로 즐기는 제주」(2023.12.22) · 한국관광공사 열린관광지 · 이지제주,"현재 무장애 정보는 이동(지체) 접근성 기준입니다. 시각·청각·발달 장애 정보는 확보 중이며, 열린관광 모두의여행(access.visitkorea.or.kr) 또는 이지제주(easyjeju.net)에서 확인하실 수 있습니다.",SURVEYED,"[FIX85] 잔여 확인 — 동굴 진입로 구조, 지상 안내 시설의 접근성",FIX85: 이용자 안내문 신설 — 내부 표기 사유 제거,v3,ROUTE_SURVEY,경로 상태 조사: 이동 보조 필요+휠체어 접근 제한,,,,Y,UNKNOWN,UNKNOWN,
ACC_P670,P670,NONE,UNKNOWN,UNKNOWN,UNKNOWN,PARTIAL,PARTIAL,PARTIAL,UNKNOWN,Y,UNAVAILABLE,UNAVAILABLE,시설접근 기준 판정 — 활동참여 개별 근거 미확보,UNKNOWN,접근 불가,UNKNOWN,해안길은 이용 가능하고 일부 편의시설에 단차,해안길은 휠체어로 이용하실 수 있습니다. 장애인 주차구역이 있습니다. 일부 편의시설로 가는 길에 단차가 있어 도움이 필요할 수 있습니다.,,,,휠내비길(wheelnavi.kr) 음성안내 · 제주올레 오디오가이드(jejuolle.org) 코스별 음성해설,「탐나는수어」 앱 · 제주수어통역센터 여행수어 자료(jejudeaf.com),,,,차량+대중교통+도보,,,,,,,전수조사 38곳 (2026-09-08) · 한국관광공사 열린관광·제주도·비짓제주 1차 공식출처,,,,,2023-12,,,,,,,UNKNOWN,UNKNOWN,,,,,제주관광약자접근성안내센터(이지제주) · 한국관광공사 열린관광 · ㈜휴플 현장조사,2026-06,2024~2026,https://easyjeju.net,제주관광공사 「오감으로 즐기는 제주」(2023.12.22) · 한국관광공사 열린관광지 · 이지제주,"현재 무장애 정보는 이동(지체) 접근성 기준입니다. 시각·청각·발달 장애 정보는 확보 중이며, 열린관광 모두의여행(access.visitkorea.or.kr) 또는 이지제주(easyjeju.net)에서 확인하실 수 있습니다.",SURVEYED,,,v3,FACILITY_SURVEY,편의시설 조사: UNKNOWN,,,,N,UNKNOWN,UNKNOWN,시각·청각 접근성 정보가 확인되지 않았습니다
ACC_P671,P671,UNKNOWN,UNKNOWN,UNKNOWN,UNKNOWN,UNKNOWN,UNKNOWN,UNKNOWN,UNKNOWN,N,UNKNOWN,UNKNOWN,,UNKNOWN,UNKNOWN,UNKNOWN,,,,,,휠내비길(wheelnavi.kr) 음성안내 · 제주올레 오디오가이드(jejuolle.org) 코스별 음성해설,「탐나는수어」 앱 · 제주수어통역센터 여행수어 자료(jejudeaf.com),,,,차량+도보,,,,,,,,,,,,2023-12,,,,,,,UNKNOWN,UNKNOWN,,,,,제주관광약자접근성안내센터(이지제주) · 한국관광공사 열린관광 · ㈜휴플 현장조사,2026-06,2024~2026,https://easyjeju.net,제주관광공사 「오감으로 즐기는 제주」(2023.12.22) · 한국관광공사 열린관광지 · 이지제주,"현재 무장애 정보는 이동(지체) 접근성 기준입니다. 시각·청각·발달 장애 정보는 확보 중이며, 열린관광 모두의여행(access.visitkorea.or.kr) 또는 이지제주(easyjeju.net)에서 확인하실 수 있습니다.",SURVEYED,,,v3,FACILITY_SURVEY,편의시설 조사: UNKNOWN,,,,Y,UNKNOWN,UNKNOWN,
ACC_P672,P672,UNKNOWN,UNKNOWN,UNKNOWN,UNKNOWN,UNKNOWN,UNKNOWN,UNKNOWN,UNKNOWN,Y,UNKNOWN,UNKNOWN,,UNKNOWN,UNKNOWN,UNKNOWN,,,,,,휠내비길(wheelnavi.kr) 음성안내 · 제주올레 오디오가이드(jejuolle.org) 코스별 음성해설,「탐나는수어」 앱 · 제주수어통역센터 여행수어 자료(jejudeaf.com),,,,차량+대중교통,,,,,,,,,,,,2023-12,,,,,,,UNKNOWN,UNKNOWN,,,,,제주관광약자접근성안내센터(이지제주) · 한국관광공사 열린관광 · ㈜휴플 현장조사,2026-06,2024~2026,https://easyjeju.net,제주관광공사 「오감으로 즐기는 제주」(2023.12.22) · 한국관광공사 열린관광지 · 이지제주,"현재 무장애 정보는 이동(지체) 접근성 기준입니다. 시각·청각·발달 장애 정보는 확보 중이며, 열린관광 모두의여행(access.visitkorea.or.kr) 또는 이지제주(easyjeju.net)에서 확인하실 수 있습니다.",SURVEYED,,,v3,FACILITY_SURVEY,편의시설 조사: UNKNOWN,,,,Y,UNKNOWN,UNKNOWN,
ACC_P673,P673,UNKNOWN,UNKNOWN,UNKNOWN,UNKNOWN,UNKNOWN,UNKNOWN,PARTIAL,UNKNOWN,N,UNKNOWN,UNKNOWN,,UNKNOWN,UNKNOWN,UNKNOWN,,,,,,휠내비길(wheelnavi.kr) 음성안내 · 제주올레 오디오가이드(jejuolle.org) 코스별 음성해설,「탐나는수어」 앱 · 제주수어통역센터 여행수어 자료(jejudeaf.com),,,,차량,,,,,,,,,,,,2023-12,,,,,,,UNKNOWN,UNKNOWN,,,,,제주관광약자접근성안내센터(이지제주) · 한국관광공사 열린관광 · ㈜휴플 현장조사,2026-06,2024~2026,https://easyjeju.net,제주관광공사 「오감으로 즐기는 제주」(2023.12.22) · 한국관광공사 열린관광지 · 이지제주,"현재 무장애 정보는 이동(지체) 접근성 기준입니다. 시각·청각·발달 장애 정보는 확보 중이며, 열린관광 모두의여행(access.visitkorea.or.kr) 또는 이지제주(easyjeju.net)에서 확인하실 수 있습니다.",SURVEYED,,,v3,FACILITY_SURVEY,편의시설 조사: UNKNOWN,,,,Y,UNKNOWN,UNKNOWN,
ACC_P674,P674,NONE,UNKNOWN,UNKNOWN,UNKNOWN,NONE,UNKNOWN,UNKNOWN,UNKNOWN,Y,CONDITIONAL,CONDITIONAL,주차장·화장실은 이용 가능 / 관람 동선에 통행 불가 구간 기록,UNKNOWN,휠체어 접근 제한,UNKNOWN,,관람 동선에 휠체어로 이동하기 어려운 구간이 있는 것으로 안내되고 있습니다. 구체적인 이용 가능 구간은 출발 전 시설에 문의해 주세요.,공용주차장과 화장실이 있습니다. 다만 관람 동선에 휠체어로 통행할 수 없는 구간이 있다고 조사되어 있습니다. 실내 전시 중심이라 실제 조건이 다를 수 있으니 방문 전에 문의해 보시는 편이 좋습니다.,,,휠내비길(wheelnavi.kr) 음성안내 · 제주올레 오디오가이드(jejuolle.org) 코스별 음성해설,「탐나는수어」 앱 · 제주수어통역센터 여행수어 자료(jejudeaf.com),,,,차량+대중교통,,,,,,,,,,,,2023-12,,,,,,,UNKNOWN,UNKNOWN,,,,,제주관광약자접근성안내센터(이지제주) · 한국관광공사 열린관광 · ㈜휴플 현장조사,2026-06,2024~2026,https://easyjeju.net,제주관광공사 「오감으로 즐기는 제주」(2023.12.22) · 한국관광공사 열린관광지 · 이지제주,"현재 무장애 정보는 이동(지체) 접근성 기준입니다. 시각·청각·발달 장애 정보는 확보 중이며, 열린관광 모두의여행(access.visitkorea.or.kr) 또는 이지제주(easyjeju.net)에서 확인하실 수 있습니다.",SURVEYED,[FIX85] 등급 재검토 대상 — 조사 기록과 등급이 어긋남 — routeCondition 이 '휠체어 접근 제한' 한 줄뿐. 관람 동선 재조사 필요,FIX85: 이용자 안내문 신설 — 내부 표기 사유 제거,v3,FACILITY_SURVEY,편의시설 조사: UNKNOWN,,,,Y,UNKNOWN,UNKNOWN,
ACC_P675,P675,NONE,UNKNOWN,UNKNOWN,UNKNOWN,NONE,FULL,FULL,FULL,N,CONDITIONAL,CONDITIONAL,출입 단차 없어 진입 가능 / 내부 계단으로 전 구간 관람 불가,주출입구 단차 없음,단차 없음+계단 있음+휠체어 접근 제한,장애인 화장실 있음+장애인 주차장 있음,,"카페와 주차장, 화장실이 있고 출입 단차는 없습니다. 다만 내부에 계단이 있어 전 구간을 둘러보시기는 어렵습니다. 어느 층까지 이용하실 수 있는지는 방문 전에 문의해 보시는 편이 좋습니다.",,,,휠내비길(wheelnavi.kr) 음성안내 · 제주올레 오디오가이드(jejuolle.org) 코스별 음성해설,「탐나는수어」 앱 · 제주수어통역센터 여행수어 자료(jejudeaf.com),,IN_VENUE,이용 동선에서 이용 가능,차량,,,,,,,,,,,,2023-12,,,,,,,UNKNOWN,UNKNOWN,,,,,제주관광약자접근성안내센터(이지제주) · 한국관광공사 열린관광 · ㈜휴플 현장조사,2026-06,2024~2026,https://easyjeju.net,제주관광공사 「오감으로 즐기는 제주」(2023.12.22) · 한국관광공사 열린관광지 · 이지제주,"현재 무장애 정보는 이동(지체) 접근성 기준입니다. 시각·청각·발달 장애 정보는 확보 중이며, 열린관광 모두의여행(access.visitkorea.or.kr) 또는 이지제주(easyjeju.net)에서 확인하실 수 있습니다.",SURVEYED,[FIX85] 등급 재검토 대상 — 조사 기록과 등급이 어긋남 — 단차 없음 기록과 NONE 등급이 어긋남. 층별 접근 범위 확인 후 재판정 필요,FIX85: 이용자 안내문 신설 — 내부 표기 사유 제거,v3,ROUTE_SURVEY,경로 상태 조사: 단차 없음+계단 있음+휠체어 접근 제한,,,,Y,UNKNOWN,UNKNOWN,
ACC_P676,P676,NONE,UNKNOWN,UNKNOWN,UNKNOWN,NONE,FULL,FULL,FULL,Y,CONDITIONAL,CONDITIONAL,단차 없음·엘리베이터 확인 / 관람 동선 통행 불가 기록과 상충 — 확인 필요,주출입구 경사로 있음,단차 없음+휠체어 접근 제한,장애인 화장실 있음+장애인 주차장 있음,,"주차장과 화장실, 엘리베이터가 있고 단차가 없습니다. 다만 관람 동선에 휠체어로 이동하기 어려운 구간이 있어 전체 관람은 제한될 수 있습니다. 방문 전 이용 가능한 구간을 시설에 문의해 주세요.",,,,휠내비길(wheelnavi.kr) 음성안내 · 제주올레 오디오가이드(jejuolle.org) 코스별 음성해설,「탐나는수어」 앱 · 제주수어통역센터 여행수어 자료(jejudeaf.com),,IN_VENUE,이용 동선에서 이용 가능,차량+대중교통,,,,,,,,,,,,2023-12,,,,,,,UNKNOWN,UNKNOWN,,,,,제주관광약자접근성안내센터(이지제주) · 한국관광공사 열린관광 · ㈜휴플 현장조사,2026-06,2024~2026,https://easyjeju.net,제주관광공사 「오감으로 즐기는 제주」(2023.12.22) · 한국관광공사 열린관광지 · 이지제주,"현재 무장애 정보는 이동(지체) 접근성 기준입니다. 시각·청각·발달 장애 정보는 확보 중이며, 열린관광 모두의여행(access.visitkorea.or.kr) 또는 이지제주(easyjeju.net)에서 확인하실 수 있습니다.",SURVEYED,[FIX85] 등급 재검토 대상 — 조사 기록과 등급이 어긋남 — routeCondition 이 '단차 없음+휠체어 접근 제한'으로 자체 모순. 엘리베이터도 확인됨. 재조사 우선순위 높음,FIX85: 이용자 안내문 신설 — 내부 표기 사유 제거,v3,ROUTE_SURVEY,경로 상태 조사: 단차 없음+휠체어 접근 제한,,,,Y,UNKNOWN,UNKNOWN,
ACC_P677,P677,PARTIAL,UNKNOWN,UNKNOWN,UNKNOWN,PARTIAL,PARTIAL,PARTIAL,FULL,Y,CONDITIONAL,CONDITIONAL,시설접근 기준 판정 — 활동참여 개별 근거 미확보,내부 관람로 내 약 4.4도 경사로 있습니다+1층 주출입구 접근로 경사로 설치되어 있습니다,단차 있음+계단 있음+휠체어 접근 제한+무장애 코스 포함,장애인 화장실 있음+장애인 주차장 있음,,,,,,휠내비길(wheelnavi.kr) 음성안내 · 제주올레 오디오가이드(jejuolle.org) 코스별 음성해설,「탐나는수어」 앱 · 제주수어통역센터 여행수어 자료(jejudeaf.com),,IN_VENUE,이용 동선에서 이용 가능,차량+대중교통,,,,,,,,,,,,2023-12,,,,,,,UNKNOWN,UNKNOWN,,,,,제주관광약자접근성안내센터(이지제주) · 한국관광공사 열린관광 · ㈜휴플 현장조사,2026-06,2024~2026,https://easyjeju.net,제주관광공사 「오감으로 즐기는 제주」(2023.12.22) · 한국관광공사 열린관광지 · 이지제주,"현재 무장애 정보는 이동(지체) 접근성 기준입니다. 시각·청각·발달 장애 정보는 확보 중이며, 열린관광 모두의여행(access.visitkorea.or.kr) 또는 이지제주(easyjeju.net)에서 확인하실 수 있습니다.",SURVEYED,,,v3,ROUTE_SURVEY,경로 상태 조사: 단차 있음+계단 있음+휠체어 접근 제한+무장애 코스 포함,,,,Y,UNKNOWN,UNKNOWN,
ACC_P678,P678,PARTIAL,UNKNOWN,UNKNOWN,UNKNOWN,PARTIAL,FULL,FULL,FULL,Y,CONDITIONAL,CONDITIONAL,시설접근 기준 판정 — 활동참여 개별 근거 미확보,경사로 있음,단차 없음+휠체어 접근 가능+이동 보조 필요,장애인 화장실 있음+장애인 주차장 있음+엘리베이터 있음+휠체어 대여 가능+유모차 대여 가능,구간별 접근 제한 — 조사문에 동행 도움 필요 명시,,,,,휠내비길(wheelnavi.kr) 음성안내 · 제주올레 오디오가이드(jejuolle.org) 코스별 음성해설,「탐나는수어」 앱 · 제주수어통역센터 여행수어 자료(jejudeaf.com),,IN_VENUE,이용 동선에서 이용 가능,차량+대중교통,,,,,,,,,,,,2023-12,,,,,,,UNKNOWN,UNKNOWN,,,,,제주관광약자접근성안내센터(이지제주) · 한국관광공사 열린관광 · ㈜휴플 현장조사,2026-06,2024~2026,https://easyjeju.net,제주관광공사 「오감으로 즐기는 제주」(2023.12.22) · 한국관광공사 열린관광지 · 이지제주,"현재 무장애 정보는 이동(지체) 접근성 기준입니다. 시각·청각·발달 장애 정보는 확보 중이며, 열린관광 모두의여행(access.visitkorea.or.kr) 또는 이지제주(easyjeju.net)에서 확인하실 수 있습니다.",SURVEYED,,FIX20: FULL 재점검 — 구간편차 기준 일괄 적용,v3,ROUTE_SURVEY,경로 상태 조사: 단차 없음+휠체어 접근 가능+이동 보조 필요,,,,Y,UNKNOWN,UNKNOWN,
ACC_P679,P679,PARTIAL,UNKNOWN,UNKNOWN,UNKNOWN,PARTIAL,FULL,FULL,FULL,Y,CONDITIONAL,CONDITIONAL,시설접근 기준 판정 — 활동참여 개별 근거 미확보,매표소 접근로에 단차 및 보행장애물이 없습니다+1층 전시관의 경우 대체적으로 평탄하며 일부구간 단차가 있으나 경사로가 설치되어 있습니다+2층 전시관의 경우 계단으로 되어 있어 휠체어 이용자의 경우 접근이 어렵습니다,단차 없음+휠체어 접근 가능,장애인 화장실 있음+장애인 주차장 있음+엘리베이터 있음+휠체어 대여 가능+유모차 대여 가능,2층 전시관 계단 — 1층만 관람 가능,,,,,휠내비길(wheelnavi.kr) 음성안내 · 제주올레 오디오가이드(jejuolle.org) 코스별 음성해설,「탐나는수어」 앱 · 제주수어통역센터 여행수어 자료(jejudeaf.com),,IN_VENUE,이용 동선에서 이용 가능,차량+대중교통,,,,,,,,,,,,2023-12,,,,,,,UNKNOWN,UNKNOWN,,,,,제주관광약자접근성안내센터(이지제주) · 한국관광공사 열린관광 · ㈜휴플 현장조사,2026-06,2024~2026,https://easyjeju.net,제주관광공사 「오감으로 즐기는 제주」(2023.12.22) · 한국관광공사 열린관광지 · 이지제주,"현재 무장애 정보는 이동(지체) 접근성 기준입니다. 시각·청각·발달 장애 정보는 확보 중이며, 열린관광 모두의여행(access.visitkorea.or.kr) 또는 이지제주(easyjeju.net)에서 확인하실 수 있습니다.",SURVEYED,,FIX12: 조사 서술문 제약 명시로 FULL→PARTIAL 하향,v3,ROUTE_SURVEY,경로 상태 조사: 단차 없음+휠체어 접근 가능,,,,Y,UNKNOWN,UNKNOWN,
ACC_P680,P680,FULL,UNKNOWN,UNKNOWN,UNKNOWN,FULL,FULL,FULL,FULL,Y,AVAILABLE,AVAILABLE,시설접근 기준 판정 — 활동참여 개별 근거 미확보,출입구: 경사로(외부),단차 없음+휠체어 접근 가능,장애인 화장실 있음+장애인 주차장 있음,,,,,,휠내비길(wheelnavi.kr) 음성안내 · 제주올레 오디오가이드(jejuolle.org) 코스별 음성해설,「탐나는수어」 앱 · 제주수어통역센터 여행수어 자료(jejudeaf.com),,IN_VENUE,이용 동선에서 이용 가능,차량+대중교통,,,,,,,,,,,,2023-12,,,,,,,UNKNOWN,UNKNOWN,,,,,제주관광약자접근성안내센터(이지제주) · 한국관광공사 열린관광 · ㈜휴플 현장조사,2026-06,2024~2026,https://easyjeju.net,제주관광공사 「오감으로 즐기는 제주」(2023.12.22) · 한국관광공사 열린관광지 · 이지제주,"현재 무장애 정보는 이동(지체) 접근성 기준입니다. 시각·청각·발달 장애 정보는 확보 중이며, 열린관광 모두의여행(access.visitkorea.or.kr) 또는 이지제주(easyjeju.net)에서 확인하실 수 있습니다.",SURVEYED,,,v3,ROUTE_SURVEY,경로 상태 조사: 단차 없음+휠체어 접근 가능,,,,Y,UNKNOWN,UNKNOWN,
ACC_P681,P681,PARTIAL,PARTIAL,UNKNOWN,UNKNOWN,PARTIAL,FULL,FULL,FULL,N,CONDITIONAL,CONDITIONAL,시설접근 기준 판정 — 활동참여 개별 근거 미확보,전시실 건물 복도와 전시실 사이 단차 4cm 있습니다+지상 층 접근로 단차(계단)으로 휠체어 이용자는 접근이 불가합니다,단차 없음+휠체어 접근 가능,장애인 화장실 있음+장애인 주차장 있음+엘리베이터 있음,구간별 접근 제한 — 일부 구역 접근 불가 명시 / 접근로 계단 존재(우회로 미확인),,,,,휠내비길(wheelnavi.kr) 음성안내 · 제주올레 오디오가이드(jejuolle.org) 코스별 음성해설,「탐나는수어」 앱 · 제주수어통역센터 여행수어 자료(jejudeaf.com),,IN_VENUE,이용 동선에서 이용 가능,차량,,,,,,,,,,,,2023-12,,,,,,,UNKNOWN,UNKNOWN,,,,,제주관광약자접근성안내센터(이지제주) · 한국관광공사 열린관광 · ㈜휴플 현장조사,2026-06,2024~2026,https://easyjeju.net · https://www.data.go.kr/data/15101897/openapi.do,제주관광공사 「오감으로 즐기는 제주」(2023.12.22) · 한국관광공사 열린관광지 · 이지제주,"현재 무장애 정보는 이동(지체) 접근성 기준입니다. 시각·청각·발달 장애 정보는 확보 중이며, 열린관광 모두의여행(access.visitkorea.or.kr) 또는 이지제주(easyjeju.net)에서 확인하실 수 있습니다.",SURVEYED,[FIX65] 한국관광공사 무장애 API(detailWithTour2) — guidehuman=전시해설자 있음(1일 4회)_시각장애인 편의시설,FIX20: FULL 재점검 — 구간편차 기준 일괄 적용 | FIX65: visualAccess UNKNOWN→PARTIAL (KTO API),v3,ROUTE_SURVEY,경로 상태 조사: 단차 없음+휠체어 접근 가능,,,,Y,UNKNOWN,UNKNOWN,
ACC_P682,P682,PARTIAL,FULL,UNKNOWN,UNKNOWN,PARTIAL,FULL,FULL,FULL,Y,CONDITIONAL,CONDITIONAL,시설접근 기준 판정 — 활동참여 개별 근거 미확보,내부 관람로 경사 최대 7도 구간 있습니다+외부 관람로 놀이터 부근 5cm 단차 및 17도 경사 있습니다+※ 외부 관람로 놀이터 부근 경사로 '도움필요 상' 이며 그 외 '도움필요 하' 입니다,단차 없음+휠체어 접근 가능,장애인 화장실 있음+장애인 주차장 있음+엘리베이터 있음+휠체어 대여 가능,일부 구간의 경사가 매우 가팔라 통행이 제한되며 동행자의 도움이 필요함,,,,,휠내비길(wheelnavi.kr) 음성안내 · 제주올레 오디오가이드(jejuolle.org) 코스별 음성해설,「탐나는수어」 앱 · 제주수어통역센터 여행수어 자료(jejudeaf.com),,IN_VENUE,이용 동선에서 이용 가능,차량+대중교통,,,,,,,,,,,,2023-12,,,,,,,UNKNOWN,UNKNOWN,,,,,제주관광약자접근성안내센터(이지제주) · 한국관광공사 열린관광 · ㈜휴플 현장조사,2026-06,2024~2026,https://easyjeju.net · https://www.data.go.kr/data/15101897/openapi.do,제주관광공사 「오감으로 즐기는 제주」(2023.12.22) · 한국관광공사 열린관광지 · 이지제주,"현재 무장애 정보는 이동(지체) 접근성 기준입니다. 시각·청각·발달 장애 정보는 확보 중이며, 열린관광 모두의여행(access.visitkorea.or.kr) 또는 이지제주(easyjeju.net)에서 확인하실 수 있습니다.",SURVEYED,[FIX65] 한국관광공사 무장애 API(detailWithTour2) — braileblock=점자블록 있음(주출입구)_시각장애인 편의시설; guidehuman=안내요원 있음,FIX20: FULL 재점검 — 구간편차 기준 일괄 적용 | FIX65: visualAccess UNKNOWN→FULL (KTO API),v3,ROUTE_SURVEY,경로 상태 조사: 단차 없음+휠체어 접근 가능,,,,Y,UNKNOWN,UNKNOWN,
ACC_P683,P683,FULL,UNKNOWN,UNKNOWN,UNKNOWN,FULL,PARTIAL,UNKNOWN,FULL,N,AVAILABLE,AVAILABLE,시설접근 기준 판정 — 활동참여 개별 근거 미확보,주출입구는 턱이 없어 휠체어 접근 가능함+출입구까지 턱이 없어 휠체어 접근 가능함,휠체어 접근 가능+확인 필요,장애인 화장실 있음+장애인 주차장 있음,,,,,,휠내비길(wheelnavi.kr) 음성안내 · 제주올레 오디오가이드(jejuolle.org) 코스별 음성해설,「탐나는수어」 앱 · 제주수어통역센터 여행수어 자료(jejudeaf.com),,IN_VENUE,이용 동선에서 이용 가능,차량,,,,,,,,,,,,2023-12,,,,,,,UNKNOWN,UNKNOWN,,,,,제주관광약자접근성안내센터(이지제주) · 한국관광공사 열린관광 · ㈜휴플 현장조사,2026-06,2024~2026,https://easyjeju.net · https://www.data.go.kr/data/15101897/openapi.do,제주관광공사 「오감으로 즐기는 제주」(2023.12.22) · 한국관광공사 열린관광지 · 이지제주,"현재 무장애 정보는 이동(지체) 접근성 기준입니다. 시각·청각·발달 장애 정보는 확보 중이며, 열린관광 모두의여행(access.visitkorea.or.kr) 또는 이지제주(easyjeju.net)에서 확인하실 수 있습니다.",SURVEYED,[FIX65] 한국관광공사 무장애 API(detailWithTour2) — stroller=입구에서 유모차 2대 보유,FIX65: strollerAccess UNKNOWN→PARTIAL (KTO API),v3,FACILITY_SURVEY,편의시설 조사: 장애인 화장실 있음+장애인 주차장 있음,,,,Y,UNKNOWN,UNKNOWN,
ACC_P684,P684,PARTIAL,UNKNOWN,UNKNOWN,UNKNOWN,PARTIAL,FULL,FULL,FULL,Y,CONDITIONAL,CONDITIONAL,시설접근 기준 판정 — 활동참여 개별 근거 미확보,"내부 전시관 접근로 3도 경사 있으며, 단차없이 관람 가능합니다+장애인 화장실 남녀구분 되어 귀속 설치되어 있으며, 접근로 14도 짧은 경사로 있습니다+주 출입구 접근로 단차, 경사 없습니다",단차 없음+휠체어 접근 가능+폭 좁음,장애인 화장실 있음+장애인 주차장 있음,일부 구간의 경사가 매우 가팔라 통행이 제한됨,,,,,휠내비길(wheelnavi.kr) 음성안내 · 제주올레 오디오가이드(jejuolle.org) 코스별 음성해설,「탐나는수어」 앱 · 제주수어통역센터 여행수어 자료(jejudeaf.com),,IN_VENUE,이용 동선에서 이용 가능,차량+대중교통,NONE,Y,,,,,㈜휴플 자체 현장조사 (2024~2025),,,,,2023-12,,,,,,,UNKNOWN,UNKNOWN,,,,,제주관광약자접근성안내센터(이지제주) · 한국관광공사 열린관광 · ㈜휴플 현장조사,2026-06,2024~2026,https://easyjeju.net,제주관광공사 「오감으로 즐기는 제주」(2023.12.22) · 한국관광공사 열린관광지 · 이지제주,"현재 무장애 정보는 이동(지체) 접근성 기준입니다. 시각·청각·발달 장애 정보는 확보 중이며, 열린관광 모두의여행(access.visitkorea.or.kr) 또는 이지제주(easyjeju.net)에서 확인하실 수 있습니다.",VERIFIED,,FIX20: FULL 재점검 — 구간편차 기준 일괄 적용,v3,FIELD_SURVEY,㈜휴플 자체 현장조사 / 경로: 단차 없음+휠체어 접근 가능+폭 좁음,,,,Y,UNKNOWN,UNKNOWN,
ACC_P685,P685,NONE,UNKNOWN,UNKNOWN,UNKNOWN,NONE,PARTIAL,PARTIAL,UNKNOWN,Y,CONDITIONAL,CONDITIONAL,엘리베이터로 일부 층 접근 가능 / 계단 구간은 관람 불가,UNKNOWN,계단 있음+휠체어 접근 제한,UNKNOWN,,화장실과 엘리베이터가 있습니다. 다만 건물 구조상 계단이 있어 전 구간을 둘러보시기는 어렵습니다. 엘리베이터로 갈 수 있는 층이 어디까지인지는 방문 전에 문의해 보시는 편이 좋습니다.,,,,휠내비길(wheelnavi.kr) 음성안내 · 제주올레 오디오가이드(jejuolle.org) 코스별 음성해설,「탐나는수어」 앱 · 제주수어통역센터 여행수어 자료(jejudeaf.com),,,,차량+대중교통,,,,,,,,,,,,2023-12,,,,,,,UNKNOWN,UNKNOWN,,,,,제주관광약자접근성안내센터(이지제주) · 한국관광공사 열린관광 · ㈜휴플 현장조사,2026-06,2024~2026,https://easyjeju.net,제주관광공사 「오감으로 즐기는 제주」(2023.12.22) · 한국관광공사 열린관광지 · 이지제주,"현재 무장애 정보는 이동(지체) 접근성 기준입니다. 시각·청각·발달 장애 정보는 확보 중이며, 열린관광 모두의여행(access.visitkorea.or.kr) 또는 이지제주(easyjeju.net)에서 확인하실 수 있습니다.",SURVEYED,[FIX85] 등급 재검토 대상 — 조사 기록과 등급이 어긋남 — 엘리베이터가 확인되는데 NONE. 층별 접근 범위 확인 후 재판정 필요,FIX85: 이용자 안내문 신설 — 내부 표기 사유 제거,v3,ROUTE_SURVEY,경로 상태 조사: 계단 있음+휠체어 접근 제한,,,,Y,UNKNOWN,UNKNOWN,
ACC_P686,P686,PARTIAL,UNKNOWN,UNKNOWN,UNKNOWN,PARTIAL,UNKNOWN,PARTIAL,UNKNOWN,Y,CONDITIONAL,CONDITIONAL,시설접근 기준 판정 — 활동참여 개별 근거 미확보,"본관 주 출입구에 약 5-9도의 경사로가 설치되어 있습니다+내부 관람도 단차, 경사 없이 관람 가능합니다+아열대식물원 바닥 요철 마감 및 경사 구간 있습니다",단차 있음+판석+이동 보조 필요+휠체어 접근 가능,장애인 주차장 있음+엘리베이터 있음+휠체어 대여 가능,아열대식물원 일부 관람 구간에 가파른 경사가 있어 동행자의 도움이 필요함,,구간별 접근 제한 — 조사문에 동행 도움 필요 명시 / 경사 최대 9.0도(법정 기준 약 4.8도 초과),,,휠내비길(wheelnavi.kr) 음성안내 · 제주올레 오디오가이드(jejuolle.org) 코스별 음성해설,「탐나는수어」 앱 · 제주수어통역센터 여행수어 자료(jejudeaf.com),,,,차량+대중교통,,,,,,,,,,,,2023-12,,,,,,,UNKNOWN,UNKNOWN,,,,,제주관광약자접근성안내센터(이지제주) · 한국관광공사 열린관광 · ㈜휴플 현장조사,2026-06,2024~2026,https://easyjeju.net,제주관광공사 「오감으로 즐기는 제주」(2023.12.22) · 한국관광공사 열린관광지 · 이지제주,"현재 무장애 정보는 이동(지체) 접근성 기준입니다. 시각·청각·발달 장애 정보는 확보 중이며, 열린관광 모두의여행(access.visitkorea.or.kr) 또는 이지제주(easyjeju.net)에서 확인하실 수 있습니다.",SURVEYED,,FIX20: FULL 재점검 — 구간편차 기준 일괄 적용,v3,ROUTE_SURVEY,경로 상태 조사: 단차 있음+판석+이동 보조 필요+휠체어 접근 가능,,,,Y,UNKNOWN,UNKNOWN,
ACC_P687,P687,UNKNOWN,UNKNOWN,UNKNOWN,UNKNOWN,UNKNOWN,UNKNOWN,UNKNOWN,UNKNOWN,Y,UNKNOWN,UNKNOWN,,UNKNOWN,UNKNOWN,UNKNOWN,,,,,,휠내비길(wheelnavi.kr) 음성안내 · 제주올레 오디오가이드(jejuolle.org) 코스별 음성해설,「탐나는수어」 앱 · 제주수어통역센터 여행수어 자료(jejudeaf.com),,,,차량+대중교통,,,,,,,,,,,,2023-12,,,,,,,UNKNOWN,UNKNOWN,,,,,제주관광약자접근성안내센터(이지제주) · 한국관광공사 열린관광 · ㈜휴플 현장조사,2026-06,2024~2026,https://easyjeju.net,제주관광공사 「오감으로 즐기는 제주」(2023.12.22) · 한국관광공사 열린관광지 · 이지제주,"현재 무장애 정보는 이동(지체) 접근성 기준입니다. 시각·청각·발달 장애 정보는 확보 중이며, 열린관광 모두의여행(access.visitkorea.or.kr) 또는 이지제주(easyjeju.net)에서 확인하실 수 있습니다.",SURVEYED,,,v3,FACILITY_SURVEY,편의시설 조사: UNKNOWN,,,,Y,UNKNOWN,UNKNOWN,
ACC_P688,P688,FULL,UNKNOWN,UNKNOWN,UNKNOWN,FULL,FULL,FULL,FULL,Y,AVAILABLE,AVAILABLE,시설접근 기준 판정 — 활동참여 개별 근거 미확보,"내부관람로 평평한 바닥 재질이며, 단차 없이 이동 가능합니다+인도 방면 출입구에 약 3.7도의 경사로가 설치되어 있습니다+내부 관람로 단차 없이 이동 가능합니다",단차 없음+휠체어 접근 가능,장애인 화장실 있음+장애인 주차장 있음,,,,,,휠내비길(wheelnavi.kr) 음성안내 · 제주올레 오디오가이드(jejuolle.org) 코스별 음성해설,「탐나는수어」 앱 · 제주수어통역센터 여행수어 자료(jejudeaf.com),,IN_VENUE,이용 동선에서 이용 가능,차량+대중교통,,,,,,,,,,,,2023-12,,,,,,,UNKNOWN,UNKNOWN,,,,,제주관광약자접근성안내센터(이지제주) · 한국관광공사 열린관광 · ㈜휴플 현장조사,2026-06,2024~2026,https://easyjeju.net,제주관광공사 「오감으로 즐기는 제주」(2023.12.22) · 한국관광공사 열린관광지 · 이지제주,"현재 무장애 정보는 이동(지체) 접근성 기준입니다. 시각·청각·발달 장애 정보는 확보 중이며, 열린관광 모두의여행(access.visitkorea.or.kr) 또는 이지제주(easyjeju.net)에서 확인하실 수 있습니다.",SURVEYED,,,v3,ROUTE_SURVEY,경로 상태 조사: 단차 없음+휠체어 접근 가능,,,,Y,UNKNOWN,UNKNOWN,
ACC_P689,P689,UNKNOWN,UNKNOWN,UNKNOWN,UNKNOWN,UNKNOWN,UNKNOWN,UNKNOWN,UNKNOWN,Y,UNKNOWN,UNKNOWN,,UNKNOWN,UNKNOWN,UNKNOWN,,,,,,휠내비길(wheelnavi.kr) 음성안내 · 제주올레 오디오가이드(jejuolle.org) 코스별 음성해설,「탐나는수어」 앱 · 제주수어통역센터 여행수어 자료(jejudeaf.com),,,,차량+대중교통,NONE,Y,,,,,㈜휴플 자체 현장조사 (2024~2025),,,,,2023-12,,,,,,,UNKNOWN,UNKNOWN,,,,,제주관광약자접근성안내센터(이지제주) · 한국관광공사 열린관광 · ㈜휴플 현장조사,2026-06,2024~2026,https://easyjeju.net,제주관광공사 「오감으로 즐기는 제주」(2023.12.22) · 한국관광공사 열린관광지 · 이지제주,"현재 무장애 정보는 이동(지체) 접근성 기준입니다. 시각·청각·발달 장애 정보는 확보 중이며, 열린관광 모두의여행(access.visitkorea.or.kr) 또는 이지제주(easyjeju.net)에서 확인하실 수 있습니다.",VERIFIED,,,v3,FIELD_SURVEY,㈜휴플 자체 현장조사 / 경로: UNKNOWN,,,,Y,UNKNOWN,UNKNOWN,
ACC_P690,P690,UNKNOWN,UNKNOWN,UNKNOWN,UNKNOWN,UNKNOWN,UNKNOWN,UNKNOWN,UNKNOWN,Y,UNKNOWN,UNKNOWN,,UNKNOWN,UNKNOWN,UNKNOWN,,,,,,휠내비길(wheelnavi.kr) 음성안내 · 제주올레 오디오가이드(jejuolle.org) 코스별 음성해설,「탐나는수어」 앱 · 제주수어통역센터 여행수어 자료(jejudeaf.com),,,,차량+대중교통,,,,,,,,,,,,2023-12,,,,,,,UNKNOWN,UNKNOWN,,,,,제주관광약자접근성안내센터(이지제주) · 한국관광공사 열린관광 · ㈜휴플 현장조사,2026-06,2024~2026,https://easyjeju.net,제주관광공사 「오감으로 즐기는 제주」(2023.12.22) · 한국관광공사 열린관광지 · 이지제주,"현재 무장애 정보는 이동(지체) 접근성 기준입니다. 시각·청각·발달 장애 정보는 확보 중이며, 열린관광 모두의여행(access.visitkorea.or.kr) 또는 이지제주(easyjeju.net)에서 확인하실 수 있습니다.",SURVEYED,,,v3,FACILITY_SURVEY,편의시설 조사: UNKNOWN,,,,Y,UNKNOWN,UNKNOWN,
ACC_P691,P691,FULL,UNKNOWN,UNKNOWN,UNKNOWN,FULL,UNKNOWN,UNKNOWN,UNKNOWN,Y,AVAILABLE,AVAILABLE,시설접근 기준 판정 — 활동참여 개별 근거 미확보,경사로 있음,휠체어 접근 가능,장애인 주차장 있음,,장애인 화장실 유무를 확인하지 못했습니다. 오래 머무르실 계획이라면 방문 전에 시설에 문의해 주세요.,,,,휠내비길(wheelnavi.kr) 음성안내 · 제주올레 오디오가이드(jejuolle.org) 코스별 음성해설,「탐나는수어」 앱 · 제주수어통역센터 여행수어 자료(jejudeaf.com),,,,차량+대중교통,,,,,,,,,,,,2023-12,,,,,,,UNKNOWN,UNKNOWN,,,,,제주관광약자접근성안내센터(이지제주) · 한국관광공사 열린관광 · ㈜휴플 현장조사,2026-06,2024~2026,https://easyjeju.net,제주관광공사 「오감으로 즐기는 제주」(2023.12.22) · 한국관광공사 열린관광지 · 이지제주,"현재 무장애 정보는 이동(지체) 접근성 기준입니다. 시각·청각·발달 장애 정보는 확보 중이며, 열린관광 모두의여행(access.visitkorea.or.kr) 또는 이지제주(easyjeju.net)에서 확인하실 수 있습니다.",SURVEYED,,,v3,ROUTE_SURVEY,경로 상태 조사: 휠체어 접근 가능,,,,Y,UNKNOWN,UNKNOWN,
ACC_P692,P692,NONE,UNKNOWN,UNKNOWN,UNKNOWN,NONE,PARTIAL,PARTIAL,UNKNOWN,Y,UNAVAILABLE,UNAVAILABLE,시설접근 기준 판정 — 활동참여 개별 근거 미확보,UNKNOWN,접근 불가,UNKNOWN,,,,,,휠내비길(wheelnavi.kr) 음성안내 · 제주올레 오디오가이드(jejuolle.org) 코스별 음성해설,「탐나는수어」 앱 · 제주수어통역센터 여행수어 자료(jejudeaf.com),,,,차량+대중교통,,,,,,,,,,,,2023-12,,,,,,,UNKNOWN,UNKNOWN,,,,,제주관광약자접근성안내센터(이지제주) · 한국관광공사 열린관광 · ㈜휴플 현장조사,2026-06,2024~2026,https://easyjeju.net,제주관광공사 「오감으로 즐기는 제주」(2023.12.22) · 한국관광공사 열린관광지 · 이지제주,"현재 무장애 정보는 이동(지체) 접근성 기준입니다. 시각·청각·발달 장애 정보는 확보 중이며, 열린관광 모두의여행(access.visitkorea.or.kr) 또는 이지제주(easyjeju.net)에서 확인하실 수 있습니다.",SURVEYED,,,v3,FACILITY_SURVEY,편의시설 조사: UNKNOWN,,,,N,UNKNOWN,UNKNOWN,시각·청각 접근성 정보가 확인되지 않았습니다
ACC_P693,P693,FULL,UNKNOWN,UNKNOWN,UNKNOWN,FULL,FULL,FULL,UNKNOWN,Y,AVAILABLE,AVAILABLE,시설접근 기준 판정 — 활동참여 개별 근거 미확보,경사로 있음,단차 없음+휠체어 접근 가능,UNKNOWN,,장애인 화장실 유무를 확인하지 못했습니다. 오래 머무르실 계획이라면 방문 전에 시설에 문의해 주세요.,,,,휠내비길(wheelnavi.kr) 음성안내 · 제주올레 오디오가이드(jejuolle.org) 코스별 음성해설,「탐나는수어」 앱 · 제주수어통역센터 여행수어 자료(jejudeaf.com),,,,차량+대중교통,,,,,,,,,,,,2023-12,,,,,,,UNKNOWN,UNKNOWN,,,,,제주관광약자접근성안내센터(이지제주) · 한국관광공사 열린관광 · ㈜휴플 현장조사,2026-06,2024~2026,https://easyjeju.net,제주관광공사 「오감으로 즐기는 제주」(2023.12.22) · 한국관광공사 열린관광지 · 이지제주,"현재 무장애 정보는 이동(지체) 접근성 기준입니다. 시각·청각·발달 장애 정보는 확보 중이며, 열린관광 모두의여행(access.visitkorea.or.kr) 또는 이지제주(easyjeju.net)에서 확인하실 수 있습니다.",SURVEYED,,,v3,ROUTE_SURVEY,경로 상태 조사: 단차 없음+휠체어 접근 가능,,,,Y,UNKNOWN,UNKNOWN,
ACC_P694,P694,PARTIAL,UNKNOWN,UNKNOWN,UNKNOWN,PARTIAL,FULL,FULL,FULL,Y,CONDITIONAL,CONDITIONAL,시설접근 기준 판정 — 활동참여 개별 근거 미확보,1평 미술관: 특이사항없음 / 경사구간 : 16m/5˚+계단: 계단 20개+내리막 경사로 & 쉼터: 특이사항없음 / 경사구간 : 16m/8~12˚,단차 없음+휠체어 접근 가능,휠체어 대여 가능+엘리베이터 있음+장애인 화장실 있음+휠체어 전동화 키트 충전기 있음+장애인 주차장 있음,구간별 접근 제한 — 접근로 계단 존재(우회로 미확인),,,,,휠내비길(wheelnavi.kr) 음성안내 · 제주올레 오디오가이드(jejuolle.org) 코스별 음성해설,「탐나는수어」 앱 · 제주수어통역센터 여행수어 자료(jejudeaf.com),,IN_VENUE,이용 동선에서 이용 가능,차량+대중교통,NONE,Y,,,,,㈜휴플 자체 현장조사 (2024~2025),,,,,2023-12,,,,,,,UNKNOWN,UNKNOWN,,,,,제주관광약자접근성안내센터(이지제주) · 한국관광공사 열린관광 · ㈜휴플 현장조사,2026-06,2024~2026,https://easyjeju.net,제주관광공사 「오감으로 즐기는 제주」(2023.12.22) · 한국관광공사 열린관광지 · 이지제주,"현재 무장애 정보는 이동(지체) 접근성 기준입니다. 시각·청각·발달 장애 정보는 확보 중이며, 열린관광 모두의여행(access.visitkorea.or.kr) 또는 이지제주(easyjeju.net)에서 확인하실 수 있습니다.",VERIFIED,,FIX20: FULL 재점검 — 구간편차 기준 일괄 적용,v3,FIELD_SURVEY,㈜휴플 자체 현장조사 / 경로: 단차 없음+휠체어 접근 가능,,,,Y,UNKNOWN,UNKNOWN,
ACC_P695,P695,PARTIAL,UNKNOWN,PARTIAL,UNKNOWN,PARTIAL,FULL,FULL,FULL,Y,CONDITIONAL,CONDITIONAL,시설접근 기준 판정 — 활동참여 개별 근거 미확보,"경사로 끝, 오르막 시작: 경사로 끝, 오르막 시작 / 오르막 시작+경사로 시작: 경사로 시작 / 5도 7m",단차 없음+단차 있음+계단 있음+휠체어 접근 가능,휠체어 대여 가능+유모차 대여 가능+엘리베이터 있음+장애인 화장실 있음+휠체어 전동화 키트 충전기 있음+장애인 주차장 있음,구간별 접근 제한 — 접근로 계단 존재(우회로 미확인),,,,탐나는수어 앱 수어해설 21곳(7.제주세계자연유산센터). 현장 QR·AR 수어영상,휠내비길(wheelnavi.kr) 음성안내 · 제주올레 오디오가이드(jejuolle.org) 코스별 음성해설,「탐나는수어」 앱(제주수어통역센터) + 현장 QR,,IN_VENUE,이용 동선에서 이용 가능,차량+대중교통,NONE,Y,,,,,㈜휴플 자체 현장조사 (2024~2025),,,,,2023-12,,,,,,,UNKNOWN,UNKNOWN,,,,,제주관광약자접근성안내센터(이지제주) · 한국관광공사 열린관광 · ㈜휴플 현장조사,2026-06,2024~2026,https://easyjeju.net,제주관광공사 「오감으로 즐기는 제주」(2023.12.22) · 한국관광공사 열린관광지 · 이지제주,"현재 무장애 정보는 이동(지체) 접근성 기준입니다. 시각·청각·발달 장애 정보는 확보 중이며, 열린관광 모두의여행(access.visitkorea.or.kr) 또는 이지제주(easyjeju.net)에서 확인하실 수 있습니다.",VERIFIED,,FIX20: FULL 재점검 — 구간편차 기준 일괄 적용,v3,FIELD_SURVEY,㈜휴플 자체 현장조사 / 경로: 단차 없음+단차 있음+계단 있음+휠체어 접근 가능,,,,Y,UNKNOWN,Y,
ACC_P696,P696,FULL,UNKNOWN,UNKNOWN,UNKNOWN,FULL,FULL,FULL,FULL,Y,AVAILABLE,AVAILABLE,시설접근 기준 판정 — 활동참여 개별 근거 미확보,UNKNOWN,단차 없음+휠체어 접근 가능,장애인 주차장 있음+장애인 화장실 있음+엘리베이터 있음,,,,,,휠내비길(wheelnavi.kr) 음성안내 · 제주올레 오디오가이드(jejuolle.org) 코스별 음성해설,「탐나는수어」 앱 · 제주수어통역센터 여행수어 자료(jejudeaf.com),,IN_VENUE,이용 동선에서 이용 가능,차량+대중교통,,,,,,,,,,,,2023-12,,,,,,,UNKNOWN,UNKNOWN,,,,,제주관광약자접근성안내센터(이지제주) · 한국관광공사 열린관광 · ㈜휴플 현장조사,2026-06,2024~2026,https://easyjeju.net,제주관광공사 「오감으로 즐기는 제주」(2023.12.22) · 한국관광공사 열린관광지 · 이지제주,"현재 무장애 정보는 이동(지체) 접근성 기준입니다. 시각·청각·발달 장애 정보는 확보 중이며, 열린관광 모두의여행(access.visitkorea.or.kr) 또는 이지제주(easyjeju.net)에서 확인하실 수 있습니다.",SURVEYED,,,v3,ROUTE_SURVEY,경로 상태 조사: 단차 없음+휠체어 접근 가능,,,,Y,UNKNOWN,UNKNOWN,
ACC_P697,P697,UNKNOWN,UNKNOWN,UNKNOWN,UNKNOWN,UNKNOWN,UNKNOWN,UNKNOWN,UNKNOWN,Y,UNKNOWN,UNKNOWN,,UNKNOWN,UNKNOWN,UNKNOWN,,,,,,휠내비길(wheelnavi.kr) 음성안내 · 제주올레 오디오가이드(jejuolle.org) 코스별 음성해설,「탐나는수어」 앱 · 제주수어통역센터 여행수어 자료(jejudeaf.com),,,,차량+대중교통,,,,,,,,,,,,2023-12,,,,,,,UNKNOWN,UNKNOWN,,,,,제주관광약자접근성안내센터(이지제주) · 한국관광공사 열린관광 · ㈜휴플 현장조사,2026-06,2024~2026,https://easyjeju.net,제주관광공사 「오감으로 즐기는 제주」(2023.12.22) · 한국관광공사 열린관광지 · 이지제주,"현재 무장애 정보는 이동(지체) 접근성 기준입니다. 시각·청각·발달 장애 정보는 확보 중이며, 열린관광 모두의여행(access.visitkorea.or.kr) 또는 이지제주(easyjeju.net)에서 확인하실 수 있습니다.",SURVEYED,,,v3,FACILITY_SURVEY,편의시설 조사: UNKNOWN,,,,Y,UNKNOWN,UNKNOWN,
ACC_P698,P698,FULL,UNKNOWN,UNKNOWN,UNKNOWN,FULL,FULL,FULL,FULL,Y,AVAILABLE,AVAILABLE,시설접근 기준 판정 — 활동참여 개별 근거 미확보,UNKNOWN,단차 없음+휠체어 접근 가능,장애인 화장실 있음+엘리베이터 있음+장애인 주차장 있음+휠체어 대여 가능,,,,,,휠내비길(wheelnavi.kr) 음성안내 · 제주올레 오디오가이드(jejuolle.org) 코스별 음성해설,「탐나는수어」 앱 · 제주수어통역센터 여행수어 자료(jejudeaf.com),,IN_VENUE,이용 동선에서 이용 가능,차량+대중교통,,,,,,,,,,,,2023-12,,,,,,,UNKNOWN,UNKNOWN,,,,,제주관광약자접근성안내센터(이지제주) · 한국관광공사 열린관광 · ㈜휴플 현장조사,2026-06,2024~2026,https://easyjeju.net,제주관광공사 「오감으로 즐기는 제주」(2023.12.22) · 한국관광공사 열린관광지 · 이지제주,"현재 무장애 정보는 이동(지체) 접근성 기준입니다. 시각·청각·발달 장애 정보는 확보 중이며, 열린관광 모두의여행(access.visitkorea.or.kr) 또는 이지제주(easyjeju.net)에서 확인하실 수 있습니다.",SURVEYED,,,v3,ROUTE_SURVEY,경로 상태 조사: 단차 없음+휠체어 접근 가능,,,,Y,UNKNOWN,UNKNOWN,
ACC_P699,P699,PARTIAL,UNKNOWN,UNKNOWN,UNKNOWN,PARTIAL,FULL,FULL,FULL,Y,CONDITIONAL,CONDITIONAL,시설접근 기준 판정 — 활동참여 개별 근거 미확보,테우: 산지천 공연장(계단),단차 없음+휠체어 접근 가능,엘리베이터 있음+장애인 화장실 있음+휠체어 대여 가능+유모차 대여 가능+휠체어 전동화 키트 충전기 있음,구간별 접근 제한 — 접근로 계단 존재(우회로 미확인),,,,,휠내비길(wheelnavi.kr) 음성안내 · 제주올레 오디오가이드(jejuolle.org) 코스별 음성해설,「탐나는수어」 앱 · 제주수어통역센터 여행수어 자료(jejudeaf.com),,IN_VENUE,이용 동선에서 이용 가능,차량+대중교통,,,,,,,,,,,,2023-12,,,,,,,UNKNOWN,UNKNOWN,,,,,제주관광약자접근성안내센터(이지제주) · 한국관광공사 열린관광 · ㈜휴플 현장조사,2026-06,2024~2026,https://easyjeju.net,제주관광공사 「오감으로 즐기는 제주」(2023.12.22) · 한국관광공사 열린관광지 · 이지제주,"현재 무장애 정보는 이동(지체) 접근성 기준입니다. 시각·청각·발달 장애 정보는 확보 중이며, 열린관광 모두의여행(access.visitkorea.or.kr) 또는 이지제주(easyjeju.net)에서 확인하실 수 있습니다.",SURVEYED,,FIX20: FULL 재점검 — 구간편차 기준 일괄 적용,v3,ROUTE_SURVEY,경로 상태 조사: 단차 없음+휠체어 접근 가능,,,,Y,UNKNOWN,UNKNOWN,
ACC_P700,P700,UNKNOWN,UNKNOWN,UNKNOWN,UNKNOWN,UNKNOWN,UNKNOWN,UNKNOWN,UNKNOWN,Y,UNKNOWN,UNKNOWN,,UNKNOWN,UNKNOWN,UNKNOWN,,,,,,휠내비길(wheelnavi.kr) 음성안내 · 제주올레 오디오가이드(jejuolle.org) 코스별 음성해설,「탐나는수어」 앱 · 제주수어통역센터 여행수어 자료(jejudeaf.com),,,,차량+대중교통,,,,,,,,,,,,2023-12,,,,,,,UNKNOWN,UNKNOWN,,,,,제주관광약자접근성안내센터(이지제주) · 한국관광공사 열린관광 · ㈜휴플 현장조사,2026-06,2024~2026,https://easyjeju.net,제주관광공사 「오감으로 즐기는 제주」(2023.12.22) · 한국관광공사 열린관광지 · 이지제주,"현재 무장애 정보는 이동(지체) 접근성 기준입니다. 시각·청각·발달 장애 정보는 확보 중이며, 열린관광 모두의여행(access.visitkorea.or.kr) 또는 이지제주(easyjeju.net)에서 확인하실 수 있습니다.",SURVEYED,,,v3,FACILITY_SURVEY,편의시설 조사: UNKNOWN,,,,Y,UNKNOWN,UNKNOWN,
ACC_P701,P701,UNKNOWN,UNKNOWN,UNKNOWN,UNKNOWN,UNKNOWN,UNKNOWN,UNKNOWN,UNKNOWN,Y,UNKNOWN,UNKNOWN,,UNKNOWN,UNKNOWN,UNKNOWN,,,,,,휠내비길(wheelnavi.kr) 음성안내 · 제주올레 오디오가이드(jejuolle.org) 코스별 음성해설,「탐나는수어」 앱 · 제주수어통역센터 여행수어 자료(jejudeaf.com),,,,차량+대중교통,,,,,,,,,,,,2023-12,,,,,,,UNKNOWN,UNKNOWN,,,,,제주관광약자접근성안내센터(이지제주) · 한국관광공사 열린관광 · ㈜휴플 현장조사,2026-06,2024~2026,https://easyjeju.net,제주관광공사 「오감으로 즐기는 제주」(2023.12.22) · 한국관광공사 열린관광지 · 이지제주,"현재 무장애 정보는 이동(지체) 접근성 기준입니다. 시각·청각·발달 장애 정보는 확보 중이며, 열린관광 모두의여행(access.visitkorea.or.kr) 또는 이지제주(easyjeju.net)에서 확인하실 수 있습니다.",SURVEYED,,,v3,FACILITY_SURVEY,편의시설 조사: UNKNOWN,,,,Y,UNKNOWN,UNKNOWN,
ACC_P702,P702,PARTIAL,UNKNOWN,UNKNOWN,UNKNOWN,PARTIAL,PARTIAL,PARTIAL,UNKNOWN,Y,CONDITIONAL,CONDITIONAL,시설접근 기준 판정 — 활동참여 개별 근거 미확보,경사로 있음,단차 있음+계단 있음+휠체어 접근 가능,UNKNOWN,구간별 접근 제한 — 접근로 계단 존재(우회로 미확인),,,,,휠내비길(wheelnavi.kr) 음성안내 · 제주올레 오디오가이드(jejuolle.org) 코스별 음성해설,「탐나는수어」 앱 · 제주수어통역센터 여행수어 자료(jejudeaf.com),,,,차량+대중교통,,,,,,,,,,,,2023-12,,,,,,,UNKNOWN,UNKNOWN,,,,,제주관광약자접근성안내센터(이지제주) · 한국관광공사 열린관광 · ㈜휴플 현장조사,2026-06,2024~2026,https://easyjeju.net,제주관광공사 「오감으로 즐기는 제주」(2023.12.22) · 한국관광공사 열린관광지 · 이지제주,"현재 무장애 정보는 이동(지체) 접근성 기준입니다. 시각·청각·발달 장애 정보는 확보 중이며, 열린관광 모두의여행(access.visitkorea.or.kr) 또는 이지제주(easyjeju.net)에서 확인하실 수 있습니다.",SURVEYED,,FIX20: FULL 재점검 — 구간편차 기준 일괄 적용,v3,ROUTE_SURVEY,경로 상태 조사: 단차 있음+계단 있음+휠체어 접근 가능,,,,Y,UNKNOWN,UNKNOWN,
ACC_P703,P703,UNKNOWN,UNKNOWN,UNKNOWN,UNKNOWN,UNKNOWN,UNKNOWN,UNKNOWN,UNKNOWN,Y,UNKNOWN,UNKNOWN,,UNKNOWN,UNKNOWN,UNKNOWN,,,,,,휠내비길(wheelnavi.kr) 음성안내 · 제주올레 오디오가이드(jejuolle.org) 코스별 음성해설,「탐나는수어」 앱 · 제주수어통역센터 여행수어 자료(jejudeaf.com),,,,차량+대중교통,,,,,,,,,,,,2023-12,,,,,,,UNKNOWN,UNKNOWN,,,,,제주관광약자접근성안내센터(이지제주) · 한국관광공사 열린관광 · ㈜휴플 현장조사,2026-06,2024~2026,https://easyjeju.net,제주관광공사 「오감으로 즐기는 제주」(2023.12.22) · 한국관광공사 열린관광지 · 이지제주,"현재 무장애 정보는 이동(지체) 접근성 기준입니다. 시각·청각·발달 장애 정보는 확보 중이며, 열린관광 모두의여행(access.visitkorea.or.kr) 또는 이지제주(easyjeju.net)에서 확인하실 수 있습니다.",SURVEYED,,,v3,FACILITY_SURVEY,편의시설 조사: UNKNOWN,,,,Y,UNKNOWN,UNKNOWN,
ACC_P704,P704,FULL,UNKNOWN,UNKNOWN,UNKNOWN,FULL,FULL,FULL,UNKNOWN,Y,AVAILABLE,AVAILABLE,시설접근 기준 판정 — 활동참여 개별 근거 미확보,UNKNOWN,단차 없음+휠체어 접근 가능+무장애 코스 포함,UNKNOWN,,장애인 화장실 유무를 확인하지 못했습니다. 오래 머무르실 계획이라면 방문 전에 시설에 문의해 주세요.,,,,휠내비길(wheelnavi.kr) 음성안내 · 제주올레 오디오가이드(jejuolle.org) 코스별 음성해설,「탐나는수어」 앱 · 제주수어통역센터 여행수어 자료(jejudeaf.com),,,,차량+대중교통,,,,,,,,,,,,2023-12,,,,,,,UNKNOWN,UNKNOWN,,,,,제주관광약자접근성안내센터(이지제주) · 한국관광공사 열린관광 · ㈜휴플 현장조사,2026-06,2024~2026,https://easyjeju.net,제주관광공사 「오감으로 즐기는 제주」(2023.12.22) · 한국관광공사 열린관광지 · 이지제주,"현재 무장애 정보는 이동(지체) 접근성 기준입니다. 시각·청각·발달 장애 정보는 확보 중이며, 열린관광 모두의여행(access.visitkorea.or.kr) 또는 이지제주(easyjeju.net)에서 확인하실 수 있습니다.",SURVEYED,,,v3,ROUTE_SURVEY,경로 상태 조사: 단차 없음+휠체어 접근 가능+무장애 코스 포함,,,,Y,UNKNOWN,UNKNOWN,
ACC_P705,P705,PARTIAL,PARTIAL,UNKNOWN,UNKNOWN,PARTIAL,PARTIAL,PARTIAL,FULL,Y,CONDITIONAL,CONDITIONAL,시설접근 기준 판정 — 활동참여 개별 근거 미확보,"내부 관람로 천체관측실 접근로 계단 단차 있으며, 휠체어 관람석 없습니다+※ 천체관측실 접근로 계단 단차로 '도움필요 상' 이며 그 외 '단독접근가능' 입니다+주 출입구 경사로 설치되어 있습니다",단차 있음+계단 있음+휠체어 접근 가능+이동 보조 필요,장애인 주차장 있음+장애인 화장실 있음+엘리베이터 있음+휠체어 대여 가능,천체관측실 계단 단차 · 휠체어 관람석 없음,,,,,휠내비길(wheelnavi.kr) 음성안내 · 제주올레 오디오가이드(jejuolle.org) 코스별 음성해설,「탐나는수어」 앱 · 제주수어통역센터 여행수어 자료(jejudeaf.com),,IN_VENUE,이용 동선에서 이용 가능,차량+대중교통,,Y,,,N,휠체어 전용 관람석 없음,㈜휴플 자체 현장조사 (2024~2025),,,,,2023-12,,,,,,,UNKNOWN,UNKNOWN,,,,,제주관광약자접근성안내센터(이지제주) · 한국관광공사 열린관광 · ㈜휴플 현장조사,2026-06,2024~2026,https://easyjeju.net · https://www.data.go.kr/data/15101897/openapi.do,제주관광공사 「오감으로 즐기는 제주」(2023.12.22) · 한국관광공사 열린관광지 · 이지제주,"현재 무장애 정보는 이동(지체) 접근성 기준입니다. 시각·청각·발달 장애 정보는 확보 중이며, 열린관광 모두의여행(access.visitkorea.or.kr) 또는 이지제주(easyjeju.net)에서 확인하실 수 있습니다.",VERIFIED,"[FIX65] 한국관광공사 무장애 API(detailWithTour2) — braileblock=점자유도로 있음(전시관 출입구 앞)<br />
점자 블록 있음_시각장애인",FIX12: 조사 서술문 제약 명시로 FULL→PARTIAL 하향 | FIX65: visualAccess UNKNOWN→PARTIAL (KTO API),v3,FIELD_SURVEY,㈜휴플 자체 현장조사 / 경로: 단차 있음+계단 있음+휠체어 접근 가능+이동 보조 필요,,,,Y,UNKNOWN,UNKNOWN,
ACC_P706,P706,FULL,UNKNOWN,UNKNOWN,UNKNOWN,FULL,FULL,FULL,FULL,Y,AVAILABLE,AVAILABLE,시설접근 기준 판정 — 활동참여 개별 근거 미확보,UNKNOWN,단차 없음+휠체어 접근 가능,장애인 화장실 있음+장애인 주차장 있음+엘리베이터 있음+휠체어 대여 가능,,,,,,휠내비길(wheelnavi.kr) 음성안내 · 제주올레 오디오가이드(jejuolle.org) 코스별 음성해설,「탐나는수어」 앱 · 제주수어통역센터 여행수어 자료(jejudeaf.com),,IN_VENUE,이용 동선에서 이용 가능,차량+대중교통,,,,,,,,,,,,2023-12,,,,,,,UNKNOWN,UNKNOWN,,,,,제주관광약자접근성안내센터(이지제주) · 한국관광공사 열린관광 · ㈜휴플 현장조사,2026-06,2024~2026,https://easyjeju.net,제주관광공사 「오감으로 즐기는 제주」(2023.12.22) · 한국관광공사 열린관광지 · 이지제주,"현재 무장애 정보는 이동(지체) 접근성 기준입니다. 시각·청각·발달 장애 정보는 확보 중이며, 열린관광 모두의여행(access.visitkorea.or.kr) 또는 이지제주(easyjeju.net)에서 확인하실 수 있습니다.",SURVEYED,,,v3,ROUTE_SURVEY,경로 상태 조사: 단차 없음+휠체어 접근 가능,,,,Y,UNKNOWN,UNKNOWN,
ACC_P707,P707,NONE,UNKNOWN,UNKNOWN,UNKNOWN,NONE,UNKNOWN,UNKNOWN,FULL,Y,CONDITIONAL,CONDITIONAL,조사 미완 — 판정 근거 부족,UNKNOWN,휠체어 접근 제한+확인 필요,장애인 화장실 있음,,이동 조건이 조사되지 않아 휠체어로 이용하실 수 있는지 확인해 드리기 어렵습니다. 방문하실 계획이라면 운영처에 직접 문의해 주세요.,,,,휠내비길(wheelnavi.kr) 음성안내 · 제주올레 오디오가이드(jejuolle.org) 코스별 음성해설,「탐나는수어」 앱 · 제주수어통역센터 여행수어 자료(jejudeaf.com),,IN_VENUE,이용 동선에서 이용 가능,차량+대중교통,,,,,,,,,,,,2023-12,,,,,,,UNKNOWN,UNKNOWN,,,,,제주관광약자접근성안내센터(이지제주) · 한국관광공사 열린관광 · ㈜휴플 현장조사,2026-06,2024~2026,https://easyjeju.net,제주관광공사 「오감으로 즐기는 제주」(2023.12.22) · 한국관광공사 열린관광지 · 이지제주,"현재 무장애 정보는 이동(지체) 접근성 기준입니다. 시각·청각·발달 장애 정보는 확보 중이며, 열린관광 모두의여행(access.visitkorea.or.kr) 또는 이지제주(easyjeju.net)에서 확인하실 수 있습니다.",SURVEYED,[FIX85] routeCondition 이 '휠체어 접근 제한+확인 필요'로 미조사 상태. NONE 이 아니라 UNKNOWN 이 맞을 수 있음 — 재판정 검토 필요,FIX85: 이용자 안내문 신설 — 내부 표기 사유 제거,v3,FACILITY_SURVEY,편의시설 조사: 장애인 화장실 있음,,,,Y,UNKNOWN,UNKNOWN,
ACC_P708,P708,UNKNOWN,UNKNOWN,UNKNOWN,UNKNOWN,UNKNOWN,UNKNOWN,UNKNOWN,UNKNOWN,Y,UNKNOWN,UNKNOWN,,UNKNOWN,정보 없음+확인 필요,UNKNOWN,,,,,,휠내비길(wheelnavi.kr) 음성안내 · 제주올레 오디오가이드(jejuolle.org) 코스별 음성해설,「탐나는수어」 앱 · 제주수어통역센터 여행수어 자료(jejudeaf.com),,,,차량+대중교통,,,,,,,,,,,,2023-12,,,,,,,UNKNOWN,UNKNOWN,,,,,제주관광약자접근성안내센터(이지제주) · 한국관광공사 열린관광 · ㈜휴플 현장조사,2026-06,2024~2026,https://easyjeju.net,제주관광공사 「오감으로 즐기는 제주」(2023.12.22) · 한국관광공사 열린관광지 · 이지제주,"현재 무장애 정보는 이동(지체) 접근성 기준입니다. 시각·청각·발달 장애 정보는 확보 중이며, 열린관광 모두의여행(access.visitkorea.or.kr) 또는 이지제주(easyjeju.net)에서 확인하실 수 있습니다.",SURVEYED,,,v3,FACILITY_SURVEY,편의시설 조사: UNKNOWN,,,,Y,UNKNOWN,UNKNOWN,
ACC_P709,P709,FULL,UNKNOWN,UNKNOWN,UNKNOWN,FULL,FULL,FULL,FULL,Y,AVAILABLE,AVAILABLE,시설접근 기준 판정 — 활동참여 개별 근거 미확보,UNKNOWN,단차 없음+휠체어 접근 가능,장애인 주차장 있음+장애인 화장실 있음,,,,,,휠내비길(wheelnavi.kr) 음성안내 · 제주올레 오디오가이드(jejuolle.org) 코스별 음성해설,「탐나는수어」 앱 · 제주수어통역센터 여행수어 자료(jejudeaf.com),,IN_VENUE,이용 동선에서 이용 가능,차량+대중교통,,,,,,,,,,,,2023-12,,,,,,,UNKNOWN,UNKNOWN,,,,,제주관광약자접근성안내센터(이지제주) · 한국관광공사 열린관광 · ㈜휴플 현장조사,2026-06,2024~2026,https://easyjeju.net,제주관광공사 「오감으로 즐기는 제주」(2023.12.22) · 한국관광공사 열린관광지 · 이지제주,"현재 무장애 정보는 이동(지체) 접근성 기준입니다. 시각·청각·발달 장애 정보는 확보 중이며, 열린관광 모두의여행(access.visitkorea.or.kr) 또는 이지제주(easyjeju.net)에서 확인하실 수 있습니다.",SURVEYED,,,v3,ROUTE_SURVEY,경로 상태 조사: 단차 없음+휠체어 접근 가능,,,,Y,UNKNOWN,UNKNOWN,
ACC_P710,P710,FULL,UNKNOWN,UNKNOWN,UNKNOWN,FULL,FULL,FULL,FULL,N,AVAILABLE,AVAILABLE,시설접근 기준 판정 — 활동참여 개별 근거 미확보,UNKNOWN,단차 없음+휠체어 접근 가능,장애인 주차장 있음+엘리베이터 있음+휠체어 대여 가능+장애인 화장실 있음,,,,,,휠내비길(wheelnavi.kr) 음성안내 · 제주올레 오디오가이드(jejuolle.org) 코스별 음성해설,「탐나는수어」 앱 · 제주수어통역센터 여행수어 자료(jejudeaf.com),,IN_VENUE,이용 동선에서 이용 가능,차량,,,,,,,,,,,,2023-12,,,,,,,UNKNOWN,UNKNOWN,,,,,제주관광약자접근성안내센터(이지제주) · 한국관광공사 열린관광 · ㈜휴플 현장조사,2026-06,2024~2026,https://easyjeju.net,제주관광공사 「오감으로 즐기는 제주」(2023.12.22) · 한국관광공사 열린관광지 · 이지제주,"현재 무장애 정보는 이동(지체) 접근성 기준입니다. 시각·청각·발달 장애 정보는 확보 중이며, 열린관광 모두의여행(access.visitkorea.or.kr) 또는 이지제주(easyjeju.net)에서 확인하실 수 있습니다.",SURVEYED,,,v3,ROUTE_SURVEY,경로 상태 조사: 단차 없음+휠체어 접근 가능,,,,Y,UNKNOWN,UNKNOWN,
ACC_P711,P711,FULL,PARTIAL,UNKNOWN,UNKNOWN,FULL,FULL,FULL,FULL,Y,AVAILABLE,AVAILABLE,시설접근 기준 판정 — 활동참여 개별 근거 미확보,주출입구는 턱이 없어 휠체어 접근 가능함(수동문)+출입구까지 경사로가 설치되어 있음,단차 없음+휠체어 접근 가능,장애인 주차장 있음+엘리베이터 있음+장애인 화장실 있음,,,,,,휠내비길(wheelnavi.kr) 음성안내 · 제주올레 오디오가이드(jejuolle.org) 코스별 음성해설,「탐나는수어」 앱 · 제주수어통역센터 여행수어 자료(jejudeaf.com),,IN_VENUE,이용 동선에서 이용 가능,차량+대중교통,,,,,,,,,,,,2023-12,,,,,,,UNKNOWN,UNKNOWN,,,,,제주관광약자접근성안내센터(이지제주) · 한국관광공사 열린관광 · ㈜휴플 현장조사,2026-06,2024~2026,https://easyjeju.net · https://www.data.go.kr/data/15101897/openapi.do,제주관광공사 「오감으로 즐기는 제주」(2023.12.22) · 한국관광공사 열린관광지 · 이지제주,"현재 무장애 정보는 이동(지체) 접근성 기준입니다. 시각·청각·발달 장애 정보는 확보 중이며, 열린관광 모두의여행(access.visitkorea.or.kr) 또는 이지제주(easyjeju.net)에서 확인하실 수 있습니다.",SURVEYED,[FIX65] 한국관광공사 무장애 API(detailWithTour2) — braileblock=점자블록 있음(주출입구)_시각장애인 편의시설,FIX65: visualAccess UNKNOWN→PARTIAL (KTO API),v3,ROUTE_SURVEY,경로 상태 조사: 단차 없음+휠체어 접근 가능,,,,Y,UNKNOWN,UNKNOWN,
ACC_P712,P712,FULL,UNKNOWN,UNKNOWN,UNKNOWN,FULL,UNKNOWN,UNKNOWN,FULL,Y,AVAILABLE,AVAILABLE,시설접근 기준 판정 — 활동참여 개별 근거 미확보,UNKNOWN,휠체어 접근 가능,장애인 주차장 있음+장애인 화장실 있음+엘리베이터 있음+휠체어 대여 가능,,,,,,휠내비길(wheelnavi.kr) 음성안내 · 제주올레 오디오가이드(jejuolle.org) 코스별 음성해설,「탐나는수어」 앱 · 제주수어통역센터 여행수어 자료(jejudeaf.com),,IN_VENUE,이용 동선에서 이용 가능,차량+대중교통,,,,,,,,,,,,2023-12,,,,,,,UNKNOWN,UNKNOWN,,,,,제주관광약자접근성안내센터(이지제주) · 한국관광공사 열린관광 · ㈜휴플 현장조사,2026-06,2024~2026,https://easyjeju.net,제주관광공사 「오감으로 즐기는 제주」(2023.12.22) · 한국관광공사 열린관광지 · 이지제주,"현재 무장애 정보는 이동(지체) 접근성 기준입니다. 시각·청각·발달 장애 정보는 확보 중이며, 열린관광 모두의여행(access.visitkorea.or.kr) 또는 이지제주(easyjeju.net)에서 확인하실 수 있습니다.",SURVEYED,,,v3,FACILITY_SURVEY,편의시설 조사: 장애인 주차장 있음+장애인 화장실 있음+엘리베이터 있음+휠체어 대여 가능,,,,Y,UNKNOWN,UNKNOWN,
ACC_P713,P713,UNKNOWN,UNKNOWN,UNKNOWN,UNKNOWN,UNKNOWN,UNKNOWN,UNKNOWN,UNKNOWN,Y,UNKNOWN,UNKNOWN,,UNKNOWN,정보 없음+확인 필요,UNKNOWN,,,,,,휠내비길(wheelnavi.kr) 음성안내 · 제주올레 오디오가이드(jejuolle.org) 코스별 음성해설,「탐나는수어」 앱 · 제주수어통역센터 여행수어 자료(jejudeaf.com),,,,차량+대중교통,,,,,,,,,,,,2023-12,,,,,,,UNKNOWN,UNKNOWN,,,,,제주관광약자접근성안내센터(이지제주) · 한국관광공사 열린관광 · ㈜휴플 현장조사,2026-06,2024~2026,https://easyjeju.net,제주관광공사 「오감으로 즐기는 제주」(2023.12.22) · 한국관광공사 열린관광지 · 이지제주,"현재 무장애 정보는 이동(지체) 접근성 기준입니다. 시각·청각·발달 장애 정보는 확보 중이며, 열린관광 모두의여행(access.visitkorea.or.kr) 또는 이지제주(easyjeju.net)에서 확인하실 수 있습니다.",SURVEYED,,,v3,FACILITY_SURVEY,편의시설 조사: UNKNOWN,,,,Y,UNKNOWN,UNKNOWN,
ACC_P714,P714,UNKNOWN,UNKNOWN,UNKNOWN,UNKNOWN,UNKNOWN,UNKNOWN,UNKNOWN,FULL,Y,UNKNOWN,UNKNOWN,,UNKNOWN,UNKNOWN,장애인 화장실 있음,,,,,,휠내비길(wheelnavi.kr) 음성안내 · 제주올레 오디오가이드(jejuolle.org) 코스별 음성해설,「탐나는수어」 앱 · 제주수어통역센터 여행수어 자료(jejudeaf.com),,IN_VENUE,이용 동선에서 이용 가능,차량+대중교통,,,,,,,,,,,,2023-12,,,,,,,UNKNOWN,UNKNOWN,,,,,제주관광약자접근성안내센터(이지제주) · 한국관광공사 열린관광 · ㈜휴플 현장조사,2026-06,2024~2026,https://easyjeju.net,제주관광공사 「오감으로 즐기는 제주」(2023.12.22) · 한국관광공사 열린관광지 · 이지제주,"현재 무장애 정보는 이동(지체) 접근성 기준입니다. 시각·청각·발달 장애 정보는 확보 중이며, 열린관광 모두의여행(access.visitkorea.or.kr) 또는 이지제주(easyjeju.net)에서 확인하실 수 있습니다.",SURVEYED,,,v3,FACILITY_SURVEY,편의시설 조사: 장애인 화장실 있음,,,,Y,UNKNOWN,UNKNOWN,
ACC_P715,P715,PARTIAL,UNKNOWN,UNKNOWN,UNKNOWN,PARTIAL,FULL,FULL,FULL,N,CONDITIONAL,CONDITIONAL,시설접근 기준 판정 — 활동참여 개별 근거 미확보,내부 주 출입구 단차(2cm 이하) 있습니다+산책로 단차 및 요철 마감 구간 있습니다+경사로 설치 되어 있습니다,단차 없음+휠체어 접근 가능,장애인 화장실 있음+장애인 주차장 있음,"노면·단차 제약 — 조사문에 ""단차 및"" 명시",,,,,휠내비길(wheelnavi.kr) 음성안내 · 제주올레 오디오가이드(jejuolle.org) 코스별 음성해설,「탐나는수어」 앱 · 제주수어통역센터 여행수어 자료(jejudeaf.com),,IN_VENUE,이용 동선에서 이용 가능,차량,,,,,,,,,,,,2023-12,,,,,,,UNKNOWN,UNKNOWN,,,,,제주관광약자접근성안내센터(이지제주) · 한국관광공사 열린관광 · ㈜휴플 현장조사,2026-06,2024~2026,https://easyjeju.net,제주관광공사 「오감으로 즐기는 제주」(2023.12.22) · 한국관광공사 열린관광지 · 이지제주,"현재 무장애 정보는 이동(지체) 접근성 기준입니다. 시각·청각·발달 장애 정보는 확보 중이며, 열린관광 모두의여행(access.visitkorea.or.kr) 또는 이지제주(easyjeju.net)에서 확인하실 수 있습니다.",SURVEYED,,FIX22: 논리검사 패턴 보완(요철·단차·노면불량),v3,ROUTE_SURVEY,경로 상태 조사: 단차 없음+휠체어 접근 가능,,,,Y,UNKNOWN,UNKNOWN,
ACC_P716,P716,NONE,UNKNOWN,UNKNOWN,UNKNOWN,NONE,UNKNOWN,PARTIAL,NONE,Y,CONDITIONAL,CONDITIONAL,주차는 가능 / 진입부 단차·폭 제약으로 내부 접근 불가,"주 출입구, 내부 단차(계단) 있습니다+주 출입구 단차(계단) 있습니다,+내부 단차 있습니다",단차 있음+폭 좁음+휠체어 접근 제한,,,주차장이 있습니다. 다만 교회로 들어가는 길에 단차가 있고 폭이 좁은 구간이 있어 휠체어로 진입하시기는 어렵습니다. 화장실 정보는 확인되지 않았습니다.,,,,휠내비길(wheelnavi.kr) 음성안내 · 제주올레 오디오가이드(jejuolle.org) 코스별 음성해설,「탐나는수어」 앱 · 제주수어통역센터 여행수어 자료(jejudeaf.com),,,,차량+대중교통,,,,,,,,,,,,2023-12,,,,,,,UNKNOWN,UNKNOWN,,,,,제주관광약자접근성안내센터(이지제주) · 한국관광공사 열린관광 · ㈜휴플 현장조사,2026-06,2024~2026,https://easyjeju.net,제주관광공사 「오감으로 즐기는 제주」(2023.12.22) · 한국관광공사 열린관광지 · 이지제주,"현재 무장애 정보는 이동(지체) 접근성 기준입니다. 시각·청각·발달 장애 정보는 확보 중이며, 열린관광 모두의여행(access.visitkorea.or.kr) 또는 이지제주(easyjeju.net)에서 확인하실 수 있습니다.",SURVEYED,"[FIX85] 잔여 확인 — 단차 높이와 유효 폭, 화장실 유무",FIX85: 이용자 안내문 신설 — 내부 표기 사유 제거,v3,ROUTE_SURVEY,경로 상태 조사: 단차 있음+폭 좁음+휠체어 접근 제한,,,,Y,UNKNOWN,UNKNOWN,
ACC_P717,P717,UNKNOWN,UNKNOWN,UNKNOWN,UNKNOWN,UNKNOWN,UNKNOWN,UNKNOWN,UNKNOWN,Y,UNKNOWN,UNKNOWN,,UNKNOWN,UNKNOWN,UNKNOWN,,,,,,휠내비길(wheelnavi.kr) 음성안내 · 제주올레 오디오가이드(jejuolle.org) 코스별 음성해설,「탐나는수어」 앱 · 제주수어통역센터 여행수어 자료(jejudeaf.com),,,,차량+대중교통,,,,,,,,,,,,2023-12,,,,,,,UNKNOWN,UNKNOWN,,,,,제주관광약자접근성안내센터(이지제주) · 한국관광공사 열린관광 · ㈜휴플 현장조사,2026-06,2024~2026,https://easyjeju.net,제주관광공사 「오감으로 즐기는 제주」(2023.12.22) · 한국관광공사 열린관광지 · 이지제주,"현재 무장애 정보는 이동(지체) 접근성 기준입니다. 시각·청각·발달 장애 정보는 확보 중이며, 열린관광 모두의여행(access.visitkorea.or.kr) 또는 이지제주(easyjeju.net)에서 확인하실 수 있습니다.",SURVEYED,,,v3,FACILITY_SURVEY,편의시설 조사: UNKNOWN,,,,Y,UNKNOWN,UNKNOWN,
ACC_P718,P718,FULL,UNKNOWN,UNKNOWN,UNKNOWN,FULL,FULL,FULL,FULL,Y,AVAILABLE,AVAILABLE,시설접근 기준 판정 — 활동참여 개별 근거 미확보,주출입구 경사로 있음,단차 없음+휠체어 접근 가능,장애인 화장실 있음+장애인 주차장 있음+엘리베이터 있음,"장애인 전용 주차구역, 무단차 출입구, 휠체어 이동 동선, 엘리베이터와 장애인 화장실이 갖춰져 있어 주요 관람 구간을 이용할 수 있음",,[FULL 유지] 주출입구 경사로 있음 — 단 종교시설로 관광지 추천 대상에서는 제외,,,휠내비길(wheelnavi.kr) 음성안내 · 제주올레 오디오가이드(jejuolle.org) 코스별 음성해설,「탐나는수어」 앱 · 제주수어통역센터 여행수어 자료(jejudeaf.com),,IN_VENUE,이용 동선에서 이용 가능,차량+대중교통,,,,,,,,,,,,2023-12,,,,,,,UNKNOWN,UNKNOWN,,,,,제주관광약자접근성안내센터(이지제주) · 한국관광공사 열린관광 · ㈜휴플 현장조사,2026-06,2024~2026,https://easyjeju.net,제주관광공사 「오감으로 즐기는 제주」(2023.12.22) · 한국관광공사 열린관광지 · 이지제주,"현재 무장애 정보는 이동(지체) 접근성 기준입니다. 시각·청각·발달 장애 정보는 확보 중이며, 열린관광 모두의여행(access.visitkorea.or.kr) 또는 이지제주(easyjeju.net)에서 확인하실 수 있습니다.",VERIFIED,검증완료(2026-07),,v3,ROUTE_SURVEY,경로 상태 조사: 단차 없음+휠체어 접근 가능,,,,Y,UNKNOWN,UNKNOWN,
ACC_P719,P719,PARTIAL,UNKNOWN,UNKNOWN,UNKNOWN,PARTIAL,FULL,FULL,FULL,N,CONDITIONAL,CONDITIONAL,시설접근 기준 판정 — 활동참여 개별 근거 미확보,주 출입구 접근로 경사(약 11도)가 있습니다+내부 관람로까지 계단으로만 이루어져 있어서 접근이 불가능합니다+화장실까지 계단 및 경사(약 14도) 있습니다,단차 없음+휠체어 접근 가능,장애인 화장실 있음+장애인 주차장 있음+엘리베이터 있음+휠체어 대여 가능,진입로 계단 — 휠체어 접근 제한,,,,,휠내비길(wheelnavi.kr) 음성안내 · 제주올레 오디오가이드(jejuolle.org) 코스별 음성해설,「탐나는수어」 앱 · 제주수어통역센터 여행수어 자료(jejudeaf.com),,IN_VENUE,이용 동선에서 이용 가능,차량,,,,,,,,,,,,2023-12,,,,,,,UNKNOWN,UNKNOWN,,,,,제주관광약자접근성안내센터(이지제주) · 한국관광공사 열린관광 · ㈜휴플 현장조사,2026-06,2024~2026,https://easyjeju.net,제주관광공사 「오감으로 즐기는 제주」(2023.12.22) · 한국관광공사 열린관광지 · 이지제주,"현재 무장애 정보는 이동(지체) 접근성 기준입니다. 시각·청각·발달 장애 정보는 확보 중이며, 열린관광 모두의여행(access.visitkorea.or.kr) 또는 이지제주(easyjeju.net)에서 확인하실 수 있습니다.",SURVEYED,,FIX12: 조사 서술문 제약 명시로 FULL→PARTIAL 하향,v3,ROUTE_SURVEY,경로 상태 조사: 단차 없음+휠체어 접근 가능,,,,Y,UNKNOWN,UNKNOWN,
ACC_P720,P720,NONE,UNKNOWN,UNKNOWN,UNKNOWN,NONE,PARTIAL,PARTIAL,NONE,N,UNAVAILABLE,UNAVAILABLE,시설접근 기준 판정 — 활동참여 개별 근거 미확보,UNKNOWN,계단 있음+노면 불량+접근 불가,,,,,,,휠내비길(wheelnavi.kr) 음성안내 · 제주올레 오디오가이드(jejuolle.org) 코스별 음성해설,「탐나는수어」 앱 · 제주수어통역센터 여행수어 자료(jejudeaf.com),,,,차량,,,,,,,,,,,,2023-12,,,,,,,UNKNOWN,UNKNOWN,,,,,제주관광약자접근성안내센터(이지제주) · 한국관광공사 열린관광 · ㈜휴플 현장조사,2026-06,2024~2026,https://easyjeju.net,제주관광공사 「오감으로 즐기는 제주」(2023.12.22) · 한국관광공사 열린관광지 · 이지제주,"현재 무장애 정보는 이동(지체) 접근성 기준입니다. 시각·청각·발달 장애 정보는 확보 중이며, 열린관광 모두의여행(access.visitkorea.or.kr) 또는 이지제주(easyjeju.net)에서 확인하실 수 있습니다.",SURVEYED,,,v3,ROUTE_SURVEY,경로 상태 조사: 계단 있음+노면 불량+접근 불가,,,,N,UNKNOWN,UNKNOWN,시각·청각 접근성 정보가 확인되지 않았습니다
ACC_P721,P721,PARTIAL,UNKNOWN,UNKNOWN,UNKNOWN,PARTIAL,UNKNOWN,PARTIAL,FULL,N,CONDITIONAL,CONDITIONAL,시설접근 기준 판정 — 활동참여 개별 근거 미확보,UNKNOWN,이동 보조 필요+휠체어 접근 가능,장애인 화장실 있음+장애인 주차장 있음,구간별 접근 제한 — 조사문에 동행 도움 필요 명시,,,,,휠내비길(wheelnavi.kr) 음성안내 · 제주올레 오디오가이드(jejuolle.org) 코스별 음성해설,「탐나는수어」 앱 · 제주수어통역센터 여행수어 자료(jejudeaf.com),,IN_VENUE,이용 동선에서 이용 가능,차량,,,,,,,,,,,,2023-12,,,,,,,UNKNOWN,UNKNOWN,,,,,제주관광약자접근성안내센터(이지제주) · 한국관광공사 열린관광 · ㈜휴플 현장조사,2026-06,2024~2026,https://easyjeju.net,제주관광공사 「오감으로 즐기는 제주」(2023.12.22) · 한국관광공사 열린관광지 · 이지제주,"현재 무장애 정보는 이동(지체) 접근성 기준입니다. 시각·청각·발달 장애 정보는 확보 중이며, 열린관광 모두의여행(access.visitkorea.or.kr) 또는 이지제주(easyjeju.net)에서 확인하실 수 있습니다.",SURVEYED,,FIX20: FULL 재점검 — 구간편차 기준 일괄 적용,v3,FACILITY_SURVEY,편의시설 조사: 장애인 화장실 있음+장애인 주차장 있음,,,,Y,UNKNOWN,UNKNOWN,
ACC_P722,P722,NONE,UNKNOWN,UNKNOWN,UNKNOWN,NONE,PARTIAL,PARTIAL,NONE,Y,UNAVAILABLE,UNAVAILABLE,시설접근 기준 판정 — 활동참여 개별 근거 미확보,UNKNOWN,계단 있음+비포장+흙길+접근 불가,,,,,,,휠내비길(wheelnavi.kr) 음성안내 · 제주올레 오디오가이드(jejuolle.org) 코스별 음성해설,「탐나는수어」 앱 · 제주수어통역센터 여행수어 자료(jejudeaf.com),,,,차량+대중교통,,,,,,,,,,,,2023-12,,,,,,,UNKNOWN,UNKNOWN,,,,,제주관광약자접근성안내센터(이지제주) · 한국관광공사 열린관광 · ㈜휴플 현장조사,2026-06,2024~2026,https://easyjeju.net,제주관광공사 「오감으로 즐기는 제주」(2023.12.22) · 한국관광공사 열린관광지 · 이지제주,"현재 무장애 정보는 이동(지체) 접근성 기준입니다. 시각·청각·발달 장애 정보는 확보 중이며, 열린관광 모두의여행(access.visitkorea.or.kr) 또는 이지제주(easyjeju.net)에서 확인하실 수 있습니다.",SURVEYED,,,v3,ROUTE_SURVEY,경로 상태 조사: 계단 있음+비포장+흙길+접근 불가,,,,N,UNKNOWN,UNKNOWN,시각·청각 접근성 정보가 확인되지 않았습니다
ACC_P723,P723,NONE,UNKNOWN,UNKNOWN,UNKNOWN,NONE,PARTIAL,PARTIAL,NONE,N,UNAVAILABLE,UNAVAILABLE,시설접근 기준 판정 — 활동참여 개별 근거 미확보,UNKNOWN,단차 있음+계단 있음+접근 불가,,,"배를 타고 마라도로 들어가야 하고, 선착장에 계단과 고르지 않은 노면이 있습니다. 섬 안은 시계 방향으로 도는 길이 그나마 나은 편이지만, 기원정사 출입구에 단차와 계단이 있어 휠체어로 들어가기 어렵습니다.",[도서] 자리덕 선착장 계단·노면 요철. 휠체어는 시계방향 이동 권장. 여객선 승선 높이 가변·선내 계단,,,휠내비길(wheelnavi.kr) 음성안내 · 제주올레 오디오가이드(jejuolle.org) 코스별 음성해설,「탐나는수어」 앱 · 제주수어통역센터 여행수어 자료(jejudeaf.com),,,,차량,,,,,,,,,,,,2023-12,FERRY_BOARDING,여객선 승하선 제약 · 풍랑 시 결항 가능,,,,,UNKNOWN,UNKNOWN,,,,,제주관광약자접근성안내센터(이지제주) · 한국관광공사 열린관광 · ㈜휴플 현장조사,2026-06,2024~2026,https://easyjeju.net,제주관광공사 「오감으로 즐기는 제주」(2023.12.22) · 한국관광공사 열린관광지 · 이지제주,"현재 무장애 정보는 이동(지체) 접근성 기준입니다. 시각·청각·발달 장애 정보는 확보 중이며, 열린관광 모두의여행(access.visitkorea.or.kr) 또는 이지제주(easyjeju.net)에서 확인하실 수 있습니다.",VERIFIED,검증완료(2026-07),,v3,ROUTE_SURVEY,경로 상태 조사: 단차 있음+계단 있음+접근 불가,,,,N,UNKNOWN,UNKNOWN,시각·청각 접근성 정보가 확인되지 않았습니다
ACC_P724,P724,NONE,UNKNOWN,UNKNOWN,UNKNOWN,NONE,PARTIAL,PARTIAL,UNKNOWN,N,CONDITIONAL,CONDITIONAL,시설접근 기준 판정 — 활동참여 개별 근거 미확보,UNKNOWN,계단 있음+노면 불량+폭 좁음+이동 보조 필요+휠체어 접근 제한,UNKNOWN,,"마라도는 운진항이나 산이수동항에서 배로 30분 걸리는 섬입니다. 성당까지 가는 길은 자리덕 선착장의 계단과 고르지 않은 노면을 지나야 하고 폭이 좁은 구간이 있어, 휠체어로 이동하시기는 어렵습니다. 여객선은 배에 오르내릴 때 높이 차가 있고 선내에 계단이 있으며, 풍랑특보가 내리면 결항하니 방문 전에 운항을 확인해 주세요.",,,,휠내비길(wheelnavi.kr) 음성안내 · 제주올레 오디오가이드(jejuolle.org) 코스별 음성해설,「탐나는수어」 앱 · 제주수어통역센터 여행수어 자료(jejudeaf.com),,,,차량,,,,,,,,,,,,2023-12,FERRY_BOARDING,여객선 승하선 제약 · 풍랑 시 결항 가능,,,,,UNKNOWN,UNKNOWN,,,,,제주관광약자접근성안내센터(이지제주) · 한국관광공사 열린관광 · ㈜휴플 현장조사,2026-06,2024~2026,https://easyjeju.net,제주관광공사 「오감으로 즐기는 제주」(2023.12.22) · 한국관광공사 열린관광지 · 이지제주,"현재 무장애 정보는 이동(지체) 접근성 기준입니다. 시각·청각·발달 장애 정보는 확보 중이며, 열린관광 모두의여행(access.visitkorea.or.kr) 또는 이지제주(easyjeju.net)에서 확인하실 수 있습니다.",VERIFIED,검증완료(2026-07) ※ [FIX83] 도서 지역 — 자리덕 선착장 계단·노면 요철. 여객선 승선 높이 가변·선내 계단,FIX83: 이용자 사유 필드에서 내부 표기 제거,v3,ROUTE_SURVEY,경로 상태 조사: 계단 있음+노면 불량+폭 좁음+이동 보조 필요+휠체어 접근 제한,,,,Y,UNKNOWN,UNKNOWN,
ACC_P725,P725,UNKNOWN,UNKNOWN,UNKNOWN,UNKNOWN,UNKNOWN,UNKNOWN,UNKNOWN,UNKNOWN,Y,UNKNOWN,UNKNOWN,,UNKNOWN,UNKNOWN,UNKNOWN,,,,,,휠내비길(wheelnavi.kr) 음성안내 · 제주올레 오디오가이드(jejuolle.org) 코스별 음성해설,「탐나는수어」 앱 · 제주수어통역센터 여행수어 자료(jejudeaf.com),,,,차량+대중교통,,,,,,,,,,,,2023-12,,,,,,,UNKNOWN,UNKNOWN,,,,,제주관광약자접근성안내센터(이지제주) · 한국관광공사 열린관광 · ㈜휴플 현장조사,2026-06,2024~2026,https://easyjeju.net,제주관광공사 「오감으로 즐기는 제주」(2023.12.22) · 한국관광공사 열린관광지 · 이지제주,"현재 무장애 정보는 이동(지체) 접근성 기준입니다. 시각·청각·발달 장애 정보는 확보 중이며, 열린관광 모두의여행(access.visitkorea.or.kr) 또는 이지제주(easyjeju.net)에서 확인하실 수 있습니다.",SURVEYED,,,v3,FACILITY_SURVEY,편의시설 조사: UNKNOWN,,,,Y,UNKNOWN,UNKNOWN,
ACC_P726,P726,NONE,UNKNOWN,UNKNOWN,UNKNOWN,NONE,PARTIAL,PARTIAL,NONE,Y,UNAVAILABLE,UNAVAILABLE,시설접근 기준 판정 — 활동참여 개별 근거 미확보,UNKNOWN,단차 있음+접근 불가,,,,,,,휠내비길(wheelnavi.kr) 음성안내 · 제주올레 오디오가이드(jejuolle.org) 코스별 음성해설,「탐나는수어」 앱 · 제주수어통역센터 여행수어 자료(jejudeaf.com),,,,차량+대중교통,,,,,,,,,,,,2023-12,,,,,,,UNKNOWN,UNKNOWN,,,,,제주관광약자접근성안내센터(이지제주) · 한국관광공사 열린관광 · ㈜휴플 현장조사,2026-06,2024~2026,https://easyjeju.net,제주관광공사 「오감으로 즐기는 제주」(2023.12.22) · 한국관광공사 열린관광지 · 이지제주,"현재 무장애 정보는 이동(지체) 접근성 기준입니다. 시각·청각·발달 장애 정보는 확보 중이며, 열린관광 모두의여행(access.visitkorea.or.kr) 또는 이지제주(easyjeju.net)에서 확인하실 수 있습니다.",SURVEYED,,,v3,ROUTE_SURVEY,경로 상태 조사: 단차 있음+접근 불가,,,,N,UNKNOWN,UNKNOWN,시각·청각 접근성 정보가 확인되지 않았습니다
ACC_P727,P727,NONE,UNKNOWN,UNKNOWN,UNKNOWN,NONE,PARTIAL,PARTIAL,NONE,N,CONDITIONAL,CONDITIONAL,인근 주차는 가능 / 단차·비포장으로 접근 불가,N,단차 있음+비포장+휠체어 접근 제한,,,인근에 공영주차장이 있습니다. 다만 당으로 이어지는 길에 단차가 있고 비포장 구간이 이어져 휠체어로 가시기는 어렵습니다. 화장실 정보는 확인되지 않았습니다.,,,,휠내비길(wheelnavi.kr) 음성안내 · 제주올레 오디오가이드(jejuolle.org) 코스별 음성해설,「탐나는수어」 앱 · 제주수어통역센터 여행수어 자료(jejudeaf.com),,,,차량+도보,,,,,,,,,,,,2023-12,,,,,,,UNKNOWN,UNKNOWN,,,,,제주관광약자접근성안내센터(이지제주) · 한국관광공사 열린관광 · ㈜휴플 현장조사,2026-06,2024~2026,https://easyjeju.net,제주관광공사 「오감으로 즐기는 제주」(2023.12.22) · 한국관광공사 열린관광지 · 이지제주,"현재 무장애 정보는 이동(지체) 접근성 기준입니다. 시각·청각·발달 장애 정보는 확보 중이며, 열린관광 모두의여행(access.visitkorea.or.kr) 또는 이지제주(easyjeju.net)에서 확인하실 수 있습니다.",SURVEYED,"[FIX85] 잔여 확인 — 인근 주차장까지의 거리, 화장실 유무",FIX85: 이용자 안내문 신설 — 내부 표기 사유 제거,v3,ROUTE_SURVEY,경로 상태 조사: 단차 있음+비포장+휠체어 접근 제한,,,,Y,UNKNOWN,UNKNOWN,
ACC_P728,P728,PARTIAL,UNKNOWN,UNKNOWN,UNKNOWN,PARTIAL,FULL,FULL,FULL,Y,CONDITIONAL,CONDITIONAL,시설접근 기준 판정 — 활동참여 개별 근거 미확보,성이시돌센터 출입구 경사로 7도 입니다+휠체어 사용자는 흰색 십자가 동산에서 출구 방향으로 가면 경사 13도고 가파르므로 다시 되돌아서 나와야 합니다,단차 없음+휠체어 접근 가능,장애인 화장실 있음+장애인 주차장 있음+엘리베이터 있음+휠체어 대여 가능,"일부 구역은 접근이 불가하며, 경사가 매우 가파른 구간이 있어 통행이 제한됨",,,,,휠내비길(wheelnavi.kr) 음성안내 · 제주올레 오디오가이드(jejuolle.org) 코스별 음성해설,「탐나는수어」 앱 · 제주수어통역센터 여행수어 자료(jejudeaf.com),,IN_VENUE,이용 동선에서 이용 가능,차량+대중교통,,,,,,,,,,,,2023-12,,,,,,,UNKNOWN,UNKNOWN,,,,,제주관광약자접근성안내센터(이지제주) · 한국관광공사 열린관광 · ㈜휴플 현장조사,2026-06,2024~2026,https://easyjeju.net,제주관광공사 「오감으로 즐기는 제주」(2023.12.22) · 한국관광공사 열린관광지 · 이지제주,"현재 무장애 정보는 이동(지체) 접근성 기준입니다. 시각·청각·발달 장애 정보는 확보 중이며, 열린관광 모두의여행(access.visitkorea.or.kr) 또는 이지제주(easyjeju.net)에서 확인하실 수 있습니다.",SURVEYED,,FIX20: FULL 재점검 — 구간편차 기준 일괄 적용,v3,ROUTE_SURVEY,경로 상태 조사: 단차 없음+휠체어 접근 가능,,,,Y,UNKNOWN,UNKNOWN,
ACC_P729,P729,UNKNOWN,UNKNOWN,UNKNOWN,UNKNOWN,UNKNOWN,UNKNOWN,UNKNOWN,UNKNOWN,Y,UNKNOWN,UNKNOWN,,UNKNOWN,UNKNOWN,UNKNOWN,,,,,,휠내비길(wheelnavi.kr) 음성안내 · 제주올레 오디오가이드(jejuolle.org) 코스별 음성해설,「탐나는수어」 앱 · 제주수어통역센터 여행수어 자료(jejudeaf.com),,,,차량+대중교통,,,,,,,,,,,,2023-12,EVENT_CROWD,행사 기간 부스·관람객 밀집으로 통행 제약. 평시와 접근성이 크게 다름,,,,,UNKNOWN,UNKNOWN,,,,,제주관광약자접근성안내센터(이지제주) · 한국관광공사 열린관광 · ㈜휴플 현장조사,2026-06,2024~2026,https://easyjeju.net,제주관광공사 「오감으로 즐기는 제주」(2023.12.22) · 한국관광공사 열린관광지 · 이지제주,"현재 무장애 정보는 이동(지체) 접근성 기준입니다. 시각·청각·발달 장애 정보는 확보 중이며, 열린관광 모두의여행(access.visitkorea.or.kr) 또는 이지제주(easyjeju.net)에서 확인하실 수 있습니다.",SURVEYED,,,v3,FACILITY_SURVEY,편의시설 조사: UNKNOWN,,,,Y,UNKNOWN,UNKNOWN,
ACC_P730,P730,PARTIAL,UNKNOWN,UNKNOWN,UNKNOWN,PARTIAL,UNKNOWN,PARTIAL,FULL,Y,UNKNOWN,UNKNOWN,,UNKNOWN,단차 있음+확인 필요,장애인 화장실 있음+장애인 주차장 있음,해안 산책로는 이용 가능하고 매장마다 다름,해안 산책로에는 평탄하게 포장된 구간이 있지만 일부 오르막이 있습니다. 카페마다 출입구 단차와 편의시설이 다르므로 방문할 매장의 휠체어 출입 여부를 먼저 확인해 주세요.,,,,휠내비길(wheelnavi.kr) 음성안내 · 제주올레 오디오가이드(jejuolle.org) 코스별 음성해설,「탐나는수어」 앱 · 제주수어통역센터 여행수어 자료(jejudeaf.com),,IN_VENUE,이용 동선에서 이용 가능,차량+대중교통+도보,,,,,,,,,,,,2023-12,MARKET_STALL,노점·가판대·적재물로 실제 통로 폭이 조사값보다 좁아질 수 있음. 장날·성수기 통행 곤란,,,,,UNKNOWN,UNKNOWN,,,,,제주관광약자접근성안내센터(이지제주) · 한국관광공사 열린관광 · ㈜휴플 현장조사,2026-06,2024~2026,https://easyjeju.net,제주관광공사 「오감으로 즐기는 제주」(2023.12.22) · 한국관광공사 열린관광지 · 이지제주,"현재 무장애 정보는 이동(지체) 접근성 기준입니다. 시각·청각·발달 장애 정보는 확보 중이며, 열린관광 모두의여행(access.visitkorea.or.kr) 또는 이지제주(easyjeju.net)에서 확인하실 수 있습니다.",SURVEYED,,,v3,ROUTE_SURVEY,경로 상태 조사: 단차 있음+확인 필요,,,,Y,UNKNOWN,UNKNOWN,
ACC_P731,P731,PARTIAL,UNKNOWN,UNKNOWN,UNKNOWN,PARTIAL,UNKNOWN,PARTIAL,FULL,Y,CONDITIONAL,CONDITIONAL,시설접근 기준 판정 — 활동참여 개별 근거 미확보,세화해녀오일장 입구: 경사구간 : 경사로 36cm/14도/rp30여개+화장실: 접근성 정보 있음 (계단 혹은 경사 있음. 길 상태 안 좋음),단차 있음+휠체어 접근 가능,장애인 화장실 있음,일부 구간의 경사가 매우 가팔라 통행이 제한됨,,구간별 접근 제한 — 경사 최대 14.0도(법정 기준 약 4.8도 초과),,,휠내비길(wheelnavi.kr) 음성안내 · 제주올레 오디오가이드(jejuolle.org) 코스별 음성해설,「탐나는수어」 앱 · 제주수어통역센터 여행수어 자료(jejudeaf.com),,IN_VENUE,이용 동선에서 이용 가능,차량+대중교통,,,,,,,,,,,,2023-12,MARKET_STALL,노점·가판대·적재물로 실제 통로 폭이 조사값보다 좁아질 수 있음. 장날·성수기 통행 곤란,,,,,UNKNOWN,UNKNOWN,,,,,제주관광약자접근성안내센터(이지제주) · 한국관광공사 열린관광 · ㈜휴플 현장조사,2026-06,2024~2026,https://easyjeju.net,제주관광공사 「오감으로 즐기는 제주」(2023.12.22) · 한국관광공사 열린관광지 · 이지제주,"현재 무장애 정보는 이동(지체) 접근성 기준입니다. 시각·청각·발달 장애 정보는 확보 중이며, 열린관광 모두의여행(access.visitkorea.or.kr) 또는 이지제주(easyjeju.net)에서 확인하실 수 있습니다.",SURVEYED,,FIX20: FULL 재점검 — 구간편차 기준 일괄 적용,v3,ROUTE_SURVEY,경로 상태 조사: 단차 있음+휠체어 접근 가능,,,,Y,UNKNOWN,UNKNOWN,
ACC_P732,P732,PARTIAL,PARTIAL,UNKNOWN,UNKNOWN,PARTIAL,FULL,FULL,FULL,Y,CONDITIONAL,CONDITIONAL,시설접근 기준 판정 — 활동참여 개별 근거 미확보,주출입구는 턱이 없어 휠체어 접근 가능함+출입구까지 턱이 없어 휠체어 접근 가능함,단차 없음+휠체어 접근 가능,장애인 화장실 있음+장애인 주차장 있음,전통시장 — 노점·가판대·적재물로 실제 통로 폭이 조사값보다 좁아짐(동문시장·민속오일장과 동일 기준),,,,,휠내비길(wheelnavi.kr) 음성안내 · 제주올레 오디오가이드(jejuolle.org) 코스별 음성해설,「탐나는수어」 앱 · 제주수어통역센터 여행수어 자료(jejudeaf.com),,IN_VENUE,이용 동선에서 이용 가능,차량+대중교통,,,,,,,,,,,,2023-12,MARKET_STALL,노점·적재물로 실통행 폭 협소 — 장날·성수기 통행 곤란,,,,,UNKNOWN,UNKNOWN,,,,,제주관광약자접근성안내센터(이지제주) · 한국관광공사 열린관광 · ㈜휴플 현장조사,2026-06,2024~2026,https://easyjeju.net · https://www.data.go.kr/data/15101897/openapi.do,제주관광공사 「오감으로 즐기는 제주」(2023.12.22) · 한국관광공사 열린관광지 · 이지제주,"현재 무장애 정보는 이동(지체) 접근성 기준입니다. 시각·청각·발달 장애 정보는 확보 중이며, 열린관광 모두의여행(access.visitkorea.or.kr) 또는 이지제주(easyjeju.net)에서 확인하실 수 있습니다.",SURVEYED,[FIX65] 한국관광공사 무장애 API(detailWithTour2) — helpdog=동반가능_시각장애인 편의시설,FIX22: 시장 판정 일관성 적용 | FIX65: visualAccess UNKNOWN→PARTIAL (KTO API),v3,ROUTE_SURVEY,경로 상태 조사: 단차 없음+휠체어 접근 가능,,,,Y,UNKNOWN,UNKNOWN,
ACC_P733,P733,PARTIAL,UNKNOWN,UNKNOWN,UNKNOWN,PARTIAL,FULL,FULL,FULL,Y,CONDITIONAL,CONDITIONAL,시설접근 기준 판정 — 활동참여 개별 근거 미확보,인도 쪽에 주·정차하는 차량으로 인해 출입구 접근로 유효폭이 좁을 수 있습니다,단차 없음+휠체어 접근 가능,장애인 화장실 있음+장애인 주차장 있음+휠체어 대여 가능,일부 구간에 가파른 경사가 있고 노점이 밀집해 실제 통행 폭이 좁음. 한산한 시간대 방문을 권함,,경사 6~10도 + 노점 밀집으로 실통행 폭 협소 — 한산한 시간대 방문 권장,,,휠내비길(wheelnavi.kr) 음성안내 · 제주올레 오디오가이드(jejuolle.org) 코스별 음성해설,「탐나는수어」 앱 · 제주수어통역센터 여행수어 자료(jejudeaf.com),,IN_VENUE,이용 동선에서 이용 가능,차량+대중교통,,,,,,,,,,,,2023-12,MARKET_STALL_SEVERE,가판대·적재물로 보행 자체가 혼잡. 휠체어 통행은 사실상 어려움(현장 확인),,,,,UNKNOWN,UNKNOWN,,,,,제주관광약자접근성안내센터(이지제주) · 한국관광공사 열린관광 · ㈜휴플 현장조사,2026-06,2024~2026,https://easyjeju.net,제주관광공사 「오감으로 즐기는 제주」(2023.12.22) · 한국관광공사 열린관광지 · 이지제주,"현재 무장애 정보는 이동(지체) 접근성 기준입니다. 시각·청각·발달 장애 정보는 확보 중이며, 열린관광 모두의여행(access.visitkorea.or.kr) 또는 이지제주(easyjeju.net)에서 확인하실 수 있습니다.",SURVEYED,,,v3,ROUTE_SURVEY,경로 상태 조사: 단차 없음+휠체어 접근 가능,,,,Y,UNKNOWN,UNKNOWN,
ACC_P734,P734,PARTIAL,PARTIAL,UNKNOWN,UNKNOWN,PARTIAL,FULL,FULL,UNKNOWN,Y,CONDITIONAL,CONDITIONAL,시설접근 기준 판정 — 활동참여 개별 근거 미확보,주출입구는 턱이 없어 휠체어 접근 가능함+출입구까지 턱이 없어 휠체어 접근 가능함,단차 없음+휠체어 접근 가능,장애인 주차장 있음,전통시장 — 노점·가판대·적재물로 실제 통로 폭이 조사값보다 좁아짐(동문시장·민속오일장과 동일 기준),,,,,휠내비길(wheelnavi.kr) 음성안내 · 제주올레 오디오가이드(jejuolle.org) 코스별 음성해설,「탐나는수어」 앱 · 제주수어통역센터 여행수어 자료(jejudeaf.com),,,,차량+대중교통,,,,,,,,,,,,2023-12,MARKET_STALL,노점·적재물로 실통행 폭 협소 — 장날·성수기 통행 곤란,,,,,UNKNOWN,UNKNOWN,,,,,제주관광약자접근성안내센터(이지제주) · 한국관광공사 열린관광 · ㈜휴플 현장조사,2026-06,2024~2026,https://easyjeju.net · https://www.data.go.kr/data/15101897/openapi.do,제주관광공사 「오감으로 즐기는 제주」(2023.12.22) · 한국관광공사 열린관광지 · 이지제주,"현재 무장애 정보는 이동(지체) 접근성 기준입니다. 시각·청각·발달 장애 정보는 확보 중이며, 열린관광 모두의여행(access.visitkorea.or.kr) 또는 이지제주(easyjeju.net)에서 확인하실 수 있습니다.",SURVEYED,[FIX65] 한국관광공사 무장애 API(detailWithTour2) — helpdog=동반가능_시각장애인 편의시설,FIX22: 시장 판정 일관성 적용 | FIX65: visualAccess UNKNOWN→PARTIAL (KTO API),v3,ROUTE_SURVEY,경로 상태 조사: 단차 없음+휠체어 접근 가능,,,,Y,UNKNOWN,UNKNOWN,
ACC_P735,P735,PARTIAL,UNKNOWN,UNKNOWN,UNKNOWN,PARTIAL,FULL,FULL,FULL,Y,CONDITIONAL,CONDITIONAL,시설접근 기준 판정 — 활동참여 개별 근거 미확보,UNKNOWN,단차 없음+휠체어 접근 가능,장애인 화장실 있음+장애인 주차장 있음,전통시장 — 노점·가판대·적재물로 실제 통로 폭이 조사값보다 좁아짐(동문시장·민속오일장과 동일 기준),,,,,휠내비길(wheelnavi.kr) 음성안내 · 제주올레 오디오가이드(jejuolle.org) 코스별 음성해설,「탐나는수어」 앱 · 제주수어통역센터 여행수어 자료(jejudeaf.com),,IN_VENUE,이용 동선에서 이용 가능,차량+대중교통,,,,,,,,,,,,2023-12,MARKET_STALL,노점·적재물로 실통행 폭 협소 — 장날·성수기 통행 곤란,,,,,UNKNOWN,UNKNOWN,,,,,제주관광약자접근성안내센터(이지제주) · 한국관광공사 열린관광 · ㈜휴플 현장조사,2026-06,2024~2026,https://easyjeju.net,제주관광공사 「오감으로 즐기는 제주」(2023.12.22) · 한국관광공사 열린관광지 · 이지제주,"현재 무장애 정보는 이동(지체) 접근성 기준입니다. 시각·청각·발달 장애 정보는 확보 중이며, 열린관광 모두의여행(access.visitkorea.or.kr) 또는 이지제주(easyjeju.net)에서 확인하실 수 있습니다.",SURVEYED,,FIX22: 시장 판정 일관성 적용,v3,ROUTE_SURVEY,경로 상태 조사: 단차 없음+휠체어 접근 가능,,,,Y,UNKNOWN,UNKNOWN,
ACC_P736,P736,NONE,UNKNOWN,UNKNOWN,UNKNOWN,NONE,UNKNOWN,UNKNOWN,NONE,Y,CONDITIONAL,CONDITIONAL,체험 참여 제약 / 시설 내 이동 조건 미조사,UNKNOWN,노면 불량+휠체어 접근 제한,,,"주차장이 있습니다. 다만 야외 부지의 노면이 고르지 않아 이동이 어려울 수 있고, 체험 참여 조건은 업체에 직접 확인하셔야 합니다. 시설 안을 이동하시는 조건은 따로 조사되지 않았으니, 관람이나 동행만 생각하고 계시더라도 미리 확인해 보시는 편이 좋습니다.",,,,휠내비길(wheelnavi.kr) 음성안내 · 제주올레 오디오가이드(jejuolle.org) 코스별 음성해설,「탐나는수어」 앱 · 제주수어통역센터 여행수어 자료(jejudeaf.com),,,,차량+대중교통,,,,,,,,,,,,2023-12,,,,,,,UNKNOWN,UNKNOWN,,,,,제주관광약자접근성안내센터(이지제주) · 한국관광공사 열린관광 · ㈜휴플 현장조사,2026-06,2024~2026,https://easyjeju.net,제주관광공사 「오감으로 즐기는 제주」(2023.12.22) · 한국관광공사 열린관광지 · 이지제주,"현재 무장애 정보는 이동(지체) 접근성 기준입니다. 시각·청각·발달 장애 정보는 확보 중이며, 열린관광 모두의여행(access.visitkorea.or.kr) 또는 이지제주(easyjeju.net)에서 확인하실 수 있습니다.",SURVEYED,[FIX85] 등급 재검토 대상 — facilityAccess·activityAccess 는 CONDITIONAL 인데 wheelchairAccess 는 NONE. routeCondition 이 '휠체어 접근 제한' 한 줄에 그쳐 활동 참여 불가를 시설 접근 불가로 옮겨 적은 판정으로 보임. 시설 내 이동 조건 조사 후 재판정 필요 (FIX73·FIX78 선례),FIX85: 이용자 안내문 신설 — 내부 표기 사유 제거,v3,ROUTE_SURVEY,경로 상태: 노면 불량+휠체어 접근 제한,,,,Y,UNKNOWN,UNKNOWN,
ACC_P737,P737,UNKNOWN,UNKNOWN,UNKNOWN,UNKNOWN,UNKNOWN,UNKNOWN,UNKNOWN,UNKNOWN,Y,UNKNOWN,UNKNOWN,,UNKNOWN,UNKNOWN,UNKNOWN,,,,,,휠내비길(wheelnavi.kr) 음성안내 · 제주올레 오디오가이드(jejuolle.org) 코스별 음성해설,「탐나는수어」 앱 · 제주수어통역센터 여행수어 자료(jejudeaf.com),,,,차량+대중교통,,,,,,,,,,,,2023-12,,,,,,,UNKNOWN,UNKNOWN,,,,,제주관광약자접근성안내센터(이지제주) · 한국관광공사 열린관광 · ㈜휴플 현장조사,2026-06,2024~2026,https://easyjeju.net,제주관광공사 「오감으로 즐기는 제주」(2023.12.22) · 한국관광공사 열린관광지 · 이지제주,"현재 무장애 정보는 이동(지체) 접근성 기준입니다. 시각·청각·발달 장애 정보는 확보 중이며, 열린관광 모두의여행(access.visitkorea.or.kr) 또는 이지제주(easyjeju.net)에서 확인하실 수 있습니다.",SURVEYED,,,v3,FACILITY_SURVEY,편의시설 조사: UNKNOWN,,,,Y,UNKNOWN,UNKNOWN,
ACC_P738,P738,NONE,UNKNOWN,UNKNOWN,UNKNOWN,NONE,UNKNOWN,PARTIAL,UNKNOWN,Y,CONDITIONAL,CONDITIONAL,화장실·편의점은 이용 가능 / 단차와 보조 필요 구간으로 시설 내 이동 불가,UNKNOWN,단차 있음+이동 보조 필요+휠체어 접근 제한,장애인 주차장 있음,,화장실과 편의점이 있습니다. 다만 시설 안에 단차가 있고 이동에 도움이 필요한 구간이 있어 휠체어로 다니시기는 어렵습니다. 주차 공간은 확인되지 않았습니다.,,,,휠내비길(wheelnavi.kr) 음성안내 · 제주올레 오디오가이드(jejuolle.org) 코스별 음성해설,「탐나는수어」 앱 · 제주수어통역센터 여행수어 자료(jejudeaf.com),,,,차량+대중교통+도보,,,,,,,,,,,,2023-12,,,,,,,UNKNOWN,UNKNOWN,,,,,제주관광약자접근성안내센터(이지제주) · 한국관광공사 열린관광 · ㈜휴플 현장조사,2026-06,2024~2026,https://easyjeju.net,제주관광공사 「오감으로 즐기는 제주」(2023.12.22) · 한국관광공사 열린관광지 · 이지제주,"현재 무장애 정보는 이동(지체) 접근성 기준입니다. 시각·청각·발달 장애 정보는 확보 중이며, 열린관광 모두의여행(access.visitkorea.or.kr) 또는 이지제주(easyjeju.net)에서 확인하실 수 있습니다.",SURVEYED,"[FIX85] 잔여 확인 — 주차 공간 유무, 단차 위치",FIX85: 이용자 안내문 신설 — 내부 표기 사유 제거,v3,ROUTE_SURVEY,경로 상태 조사: 단차 있음+이동 보조 필요+휠체어 접근 제한,,,,Y,UNKNOWN,UNKNOWN,
ACC_P739,P739,PARTIAL,UNKNOWN,UNKNOWN,UNKNOWN,PARTIAL,PARTIAL,PARTIAL,FULL,N,CONDITIONAL,CONDITIONAL,탐방안내소 및 주변 무장애 구간 접근 가능 / 활동참여 조건부 — 정상 등반은 불가,경사로 있음,계단 있음+무장애 코스 포함+휠체어 접근 제한,장애인 화장실 있음+장애인 주차장 있음+휠체어 대여 가능,계단·돌길로 정상 등반 접근 불가. 탐방안내소 및 주변 무장애 구간은 이용 가능하며 장애인 주차구역·장애인 화장실·휠체어 대여 확인. 탐방로별 무장애 구간의 위치와 연장은 미확인,"탐방로는 계단과 돌길이 길게 이어져 정상까지 오르시기는 어렵습니다. 다만 탐방안내소까지는 차량으로 가실 수 있고, 안내소에는 장애인 주차구역과 장애인 화장실이 있으며 휠체어도 빌리실 수 있습니다. 안내소 주변 무장애 구간에서 한라산 경관을 보실 수 있습니다. 구간별 상황은 계절과 기상에 따라 달라지니 방문 전에 확인해 주세요.",,,,휠내비길(wheelnavi.kr) 음성안내 · 제주올레 오디오가이드(jejuolle.org) 코스별 음성해설,「탐나는수어」 앱 · 제주수어통역센터 여행수어 자료(jejudeaf.com),,IN_VENUE,이용 동선에서 이용 가능,차량+도보,,,,,,,,,,,,2023-12,,,,,,,UNKNOWN,UNKNOWN,,,,,제주관광약자접근성안내센터(이지제주) · 한국관광공사 열린관광 · ㈜휴플 현장조사,2026-06,2024~2026,https://easyjeju.net,제주관광공사 「오감으로 즐기는 제주」(2023.12.22) · 한국관광공사 열린관광지 · 이지제주,"현재 무장애 정보는 이동(지체) 접근성 기준입니다. 시각·청각·발달 장애 정보는 확보 중이며, 열린관광 모두의여행(access.visitkorea.or.kr) 또는 이지제주(easyjeju.net)에서 확인하실 수 있습니다.",SURVEYED,[FIX82] 잔여 확인 — 탐방로별(어리목·영실·성판악 등) 무장애 구간의 위치와 연장. 한라산국립공원 홈페이지 및 전화 확인 필요. 확인 전까지 안내문에 특정 탐방로 이름을 쓰지 않음,FIX82: 이용자 안내문 신설 — 탐방안내소 기준 접근 범위 명시,v3,ROUTE_SURVEY,경로 상태 조사: 계단 있음+무장애 코스 포함+휠체어 접근 제한,,,,Y,UNKNOWN,UNKNOWN,
ACC_P740,P740,PARTIAL,UNKNOWN,UNKNOWN,UNKNOWN,PARTIAL,FULL,FULL,FULL,Y,AVAILABLE,UNAVAILABLE,시설접근 가능 / 활동참여 불가 — 한라산 고지 휴게소 — 휴게소 시설은 접근 가능하나 탐방로 등산 불가,"안내센터의 왼쪽 입구에 경사 5도의 오르막 경사로가 설치 되어 있으며, 총 7개의 쉼터 형태의 휴게공간이 마련되어 있다+3) 1100고지 습지 의 나무데크 노면의 경사각도는 전체적으로 2~4도로 이루어져 있어 휠체어 이용자도 그다지 불편없이 이용할 수 있다",단차 없음+무장애 코스 포함+휠체어 접근 가능,장애인 화장실 있음+장애인 주차장 있음,휴게소 시설은 이용 가능하며 단차가 없고 장애인 화장실·장애인 주차구역이 확보됨. 안내센터 왼쪽 입구에 완만한 경사로가 있고 쉼터가 7곳 있음. 1100고지 습지 나무 데크는 경사가 완만해 휠체어 이용이 가능함. 다만 한라산 탐방로 등산은 불가,"1100고지 휴게소는 차로 접근할 수 있고 단차 없이 들어갈 수 있습니다. 장애인 화장실과 장애인 주차구역이 있으며, 1100고지 습지의 나무 데크도 비교적 완만합니다. 한라산 등산로는 휠체어로 이용하기 어렵습니다.","휴게소 시설은 이용 가능 — 단차 없음, 장애인 화장실·장애인 주차구역 확보. 안내센터 왼쪽 입구에 5도 경사로, 쉼터 7곳. 1100고지 습지 나무데크는 경사 2~4도로 휠체어 이용 가능. 다만 한라산 탐방로 등산은 불가",,,휠내비길(wheelnavi.kr) 음성안내 · 제주올레 오디오가이드(jejuolle.org) 코스별 음성해설,「탐나는수어」 앱 · 제주수어통역센터 여행수어 자료(jejudeaf.com),,IN_VENUE,이용 동선에서 이용 가능,차량+대중교통+도보,,,,,,,,,,,,2023-12,,,,,,,UNKNOWN,UNKNOWN,,,,,제주관광약자접근성안내센터(이지제주) · 한국관광공사 열린관광 · ㈜휴플 현장조사,2026-06,2024~2026,https://easyjeju.net,제주관광공사 「오감으로 즐기는 제주」(2023.12.22) · 한국관광공사 열린관광지 · 이지제주,"현재 무장애 정보는 이동(지체) 접근성 기준입니다. 시각·청각·발달 장애 정보는 확보 중이며, 열린관광 모두의여행(access.visitkorea.or.kr) 또는 이지제주(easyjeju.net)에서 확인하실 수 있습니다.",VERIFIED,검증완료(2026-07) ※ [FIX83] 한라산 고지 휴게소 — 시설 접근과 탐방로 등산을 분리 판정 (FIX28),nan | FIX28: Activity 축 모순 해소 | FIX83: 이용자 사유 필드에서 내부 표기 제거,v3,ROUTE_SURVEY,경로 상태 조사: 단차 없음+무장애 코스 포함+휠체어 접근 가능,,,,N,UNKNOWN,UNKNOWN,"시각장애인은 동행자와 함께라면 이용 가능할 수 있으나 안내 설비 정보가 없습니다. 청각장애인은 이동에 제약이 적을 것으로 보이나, 조난 시 연락 수단·안내 방송 여부가 확인되지 않았습니다"
ACC_P741,P741,NONE,UNKNOWN,UNKNOWN,UNKNOWN,NONE,PARTIAL,PARTIAL,NONE,N,CONDITIONAL,CONDITIONAL,주차장 등 진입부는 이용 가능 / 오름 등반로는 접근 불가,UNKNOWN,접근 불가+휠체어 접근 제한,,,주차장까지는 차로 오실 수 있어 오름 앞까지 닿으실 수 있습니다. 다만 오름을 오르는 길은 휠체어로 통행할 수 없는 구조라 정상까지 가시기는 어렵습니다. 장애인 화장실은 없습니다.,,,,휠내비길(wheelnavi.kr) 음성안내 · 제주올레 오디오가이드(jejuolle.org) 코스별 음성해설,「탐나는수어」 앱 · 제주수어통역센터 여행수어 자료(jejudeaf.com),,,,차량+도보,,,,,,,,,,,,2023-12,,,,,,,UNKNOWN,UNKNOWN,,,,,제주관광약자접근성안내센터(이지제주) · 한국관광공사 열린관광 · ㈜휴플 현장조사,2026-06,2024~2026,https://easyjeju.net,제주관광공사 「오감으로 즐기는 제주」(2023.12.22) · 한국관광공사 열린관광지 · 이지제주,"현재 무장애 정보는 이동(지체) 접근성 기준입니다. 시각·청각·발달 장애 정보는 확보 중이며, 열린관광 모두의여행(access.visitkorea.or.kr) 또는 이지제주(easyjeju.net)에서 확인하실 수 있습니다.",SURVEYED,[FIX84] 오름 등반로 접근 불가 — 진입부(주차장·화장실)와 등반로를 분리 판정. 조사 기록은 routeCondition 참조,FIX84: 이용자 안내문 신설 — 내부 표기 사유 제거,v3,ROUTE_SURVEY,경로 상태: 접근 불가+휠체어 접근 제한,,,,Y,UNKNOWN,UNKNOWN,
ACC_P742,P742,NONE,UNKNOWN,UNKNOWN,UNKNOWN,NONE,PARTIAL,PARTIAL,NONE,N,UNAVAILABLE,UNAVAILABLE,주차장 등 진입부는 이용 가능 / 오름 등반로는 접근 불가,UNKNOWN,노면 불량+접근 불가,,,돈대산의 오름 등반로는 고르지 않은 노면이라 휠체어로 이동하시기 어렵습니다. 장애인 화장실은 없습니다.,,,,휠내비길(wheelnavi.kr) 음성안내 · 제주올레 오디오가이드(jejuolle.org) 코스별 음성해설,「탐나는수어」 앱 · 제주수어통역센터 여행수어 자료(jejudeaf.com),,,,차량+도보,,,,,,,,,,,,2023-12,,,,,,,UNKNOWN,UNKNOWN,,,,,제주관광약자접근성안내센터(이지제주) · 한국관광공사 열린관광 · ㈜휴플 현장조사,2026-06,2024~2026,https://easyjeju.net,제주관광공사 「오감으로 즐기는 제주」(2023.12.22) · 한국관광공사 열린관광지 · 이지제주,"현재 무장애 정보는 이동(지체) 접근성 기준입니다. 시각·청각·발달 장애 정보는 확보 중이며, 열린관광 모두의여행(access.visitkorea.or.kr) 또는 이지제주(easyjeju.net)에서 확인하실 수 있습니다.",SURVEYED,[FIX89] 산·오름 사유 이관 — 조사 기록은 routeCondition·barrierFreeDetail 참조,,v3,ROUTE_SURVEY,경로 상태: 노면 불량+접근 불가,,,,N,UNKNOWN,UNKNOWN,"시각장애인은 동행자와 함께라면 이용 가능할 수 있으나 안내 설비 정보가 없습니다. 청각장애인은 이동에 제약이 적을 것으로 보이나, 조난 시 연락 수단·안내 방송 여부가 확인되지 않았습니다"
ACC_P743,P743,FULL,UNKNOWN,UNKNOWN,UNKNOWN,FULL,FULL,FULL,FULL,Y,AVAILABLE,AVAILABLE,시설접근 기준 판정 — 활동참여 개별 근거 미확보,경사로 있음,데크탐방로+완만한 경사+휠체어 접근 가능,장애인 화장실 있음+장애인 주차장 있음,,,,,,휠내비길(wheelnavi.kr) 음성안내 · 제주올레 오디오가이드(jejuolle.org) 코스별 음성해설,「탐나는수어」 앱 · 제주수어통역센터 여행수어 자료(jejudeaf.com),,IN_VENUE,이용 동선에서 이용 가능,차량+대중교통+도보,,,,,,,,,,,,2023-12,NARROW_TWOWAY,입출구 분리 운영이나 역방향 통행 이용객으로 휠체어 이동 시 불편 가능,,,,,UNKNOWN,UNKNOWN,,,,,제주관광약자접근성안내센터(이지제주) · 한국관광공사 열린관광 · ㈜휴플 현장조사,2026-06,2024~2026,https://easyjeju.net,제주관광공사 「오감으로 즐기는 제주」(2023.12.22) · 한국관광공사 열린관광지 · 이지제주,"현재 무장애 정보는 이동(지체) 접근성 기준입니다. 시각·청각·발달 장애 정보는 확보 중이며, 열린관광 모두의여행(access.visitkorea.or.kr) 또는 이지제주(easyjeju.net)에서 확인하실 수 있습니다.",VERIFIED,검증완료(2026-07),FIX16: 외부검증 FULL 유지 — 데크 경사 2~4도·관람로 폭 92cm 확인(제주도 무장애여행). 출입구 무단차·장애인화장실·주차구역 완비,v3,ROUTE_SURVEY,경로 상태 조사: 데크탐방로+완만한 경사+휠체어 접근 가능,,,,Y,UNKNOWN,UNKNOWN,
ACC_P744,P744,NONE,UNKNOWN,UNKNOWN,UNKNOWN,NONE,PARTIAL,PARTIAL,NONE,N,UNAVAILABLE,UNAVAILABLE,주차장 등 진입부는 이용 가능 / 오름 등반로는 접근 불가,UNKNOWN,계단 있음+흙길+접근 불가,,,다랑쉬오름(월랑봉)의 오름 등반로는 비포장 자연 노면·계단이라 휠체어로 이동하시기 어렵습니다. 장애인 화장실은 없습니다.,,,,휠내비길(wheelnavi.kr) 음성안내 · 제주올레 오디오가이드(jejuolle.org) 코스별 음성해설,「탐나는수어」 앱 · 제주수어통역센터 여행수어 자료(jejudeaf.com),,,,차량+도보,,,,,,,,,,,,2023-12,,,,,,,UNKNOWN,UNKNOWN,,,,,제주관광약자접근성안내센터(이지제주) · 한국관광공사 열린관광 · ㈜휴플 현장조사,2026-06,2024~2026,https://easyjeju.net,제주관광공사 「오감으로 즐기는 제주」(2023.12.22) · 한국관광공사 열린관광지 · 이지제주,"현재 무장애 정보는 이동(지체) 접근성 기준입니다. 시각·청각·발달 장애 정보는 확보 중이며, 열린관광 모두의여행(access.visitkorea.or.kr) 또는 이지제주(easyjeju.net)에서 확인하실 수 있습니다.",SURVEYED,[FIX89] 산·오름 사유 이관 — 조사 기록은 routeCondition·barrierFreeDetail 참조,,v3,ROUTE_SURVEY,경로 상태 조사: 계단 있음+흙길+접근 불가,,,,N,UNKNOWN,UNKNOWN,"시각장애인은 동행자와 함께라면 이용 가능할 수 있으나 안내 설비 정보가 없습니다. 청각장애인은 이동에 제약이 적을 것으로 보이나, 조난 시 연락 수단·안내 방송 여부가 확인되지 않았습니다"
ACC_P745,P745,PARTIAL,UNKNOWN,UNKNOWN,UNKNOWN,PARTIAL,UNKNOWN,PARTIAL,FULL,N,CONDITIONAL,CONDITIONAL,시설접근 기준 판정 — 활동참여 개별 근거 미확보,경사로 있음,단차 있음+무장애 코스 포함+휠체어 접근 가능,장애인 화장실 있음+장애인 주차장 있음,"구간별 접근성 상이 — ①정상 전망대: 차량 접근 가능, 안내센터 경사로·장애인 주차장 있음 ②차귀엉알해변로(자구내포구~수월봉 약 1km): 평탄 해안길로 휠체어 동선 안내됨 ③엉알길 지질트레일 전 구간(3.3km): 노면 불규칙·구간 단절로 부적합. 일부 구간 동행자 도움 권장",,,,,휠내비길(wheelnavi.kr) 음성안내 · 제주올레 오디오가이드(jejuolle.org) 코스별 음성해설,「탐나는수어」 앱 · 제주수어통역센터 여행수어 자료(jejudeaf.com),,IN_VENUE,이용 동선에서 이용 가능,차량+도보,,,,,,,,,,,,2023-12,TRAIL_SEGMENT,관광지 내 구간별 접근성 편차 큼 — 전망대·해변로 구간만 이용 권장,,,,,UNKNOWN,UNKNOWN,,,,,제주관광약자접근성안내센터(이지제주) · 한국관광공사 열린관광 · ㈜휴플 현장조사,2026-06,2024~2026,https://easyjeju.net,제주관광공사 「오감으로 즐기는 제주」(2023.12.22) · 한국관광공사 열린관광지 · 이지제주,"현재 무장애 정보는 이동(지체) 접근성 기준입니다. 시각·청각·발달 장애 정보는 확보 중이며, 열린관광 모두의여행(access.visitkorea.or.kr) 또는 이지제주(easyjeju.net)에서 확인하실 수 있습니다.",VERIFIED,검증완료(2026-07),FIX19: 구간별 접근 상이 — 판정 일관성 적용(올레10코스·주상절리대와 동일 기준) FULL→PARTIAL,v3,ROUTE_SURVEY,경로 상태 조사: 단차 있음+무장애 코스 포함+휠체어 접근 가능,,,,Y,UNKNOWN,UNKNOWN,
ACC_P746,P746,NONE,UNKNOWN,UNKNOWN,UNKNOWN,NONE,PARTIAL,PARTIAL,UNKNOWN,Y,CONDITIONAL,CONDITIONAL,주차장 등 진입부는 이용 가능 / 오름 등반로는 접근 불가,UNKNOWN,노면 불량+비포장+흙길+접근 불가+휠체어 접근 제한,UNKNOWN,,주차장과 화장실이 있어 오름 아래까지는 차로 오실 수 있습니다. 다만 탐방로가 흙길과 비포장으로 이어지고 노면이 고르지 않아 휠체어로 오르시기는 어렵습니다.,,,,휠내비길(wheelnavi.kr) 음성안내 · 제주올레 오디오가이드(jejuolle.org) 코스별 음성해설,「탐나는수어」 앱 · 제주수어통역센터 여행수어 자료(jejudeaf.com),,,,차량+대중교통+도보,,,,,,,,,,,,2023-12,,,,,,,UNKNOWN,UNKNOWN,,,,,제주관광약자접근성안내센터(이지제주) · 한국관광공사 열린관광 · ㈜휴플 현장조사,2026-06,2024~2026,https://easyjeju.net,제주관광공사 「오감으로 즐기는 제주」(2023.12.22) · 한국관광공사 열린관광지 · 이지제주,"현재 무장애 정보는 이동(지체) 접근성 기준입니다. 시각·청각·발달 장애 정보는 확보 중이며, 열린관광 모두의여행(access.visitkorea.or.kr) 또는 이지제주(easyjeju.net)에서 확인하실 수 있습니다.",SURVEYED,[FIX84] 오름 등반로 접근 불가 — 진입부(주차장·화장실)와 등반로를 분리 판정. 조사 기록은 routeCondition 참조,FIX84: 이용자 안내문 신설 — 내부 표기 사유 제거,v3,ROUTE_SURVEY,경로 상태 조사: 노면 불량+비포장+흙길+접근 불가+휠체어 접근 제한,,,,Y,UNKNOWN,UNKNOWN,
ACC_P747,P747,NONE,UNKNOWN,UNKNOWN,UNKNOWN,NONE,PARTIAL,PARTIAL,UNKNOWN,N,CONDITIONAL,CONDITIONAL,주차장 등 진입부는 이용 가능 / 오름 등반로는 접근 불가,UNKNOWN,계단 있음+단차 있음+접근 불가+휠체어 접근 제한,UNKNOWN,,주차장과 화장실이 있어 탐방로 입구까지는 차로 오실 수 있습니다. 다만 탐방로에 계단과 단차가 이어져 휠체어로 오르시기는 어렵습니다.,,,,휠내비길(wheelnavi.kr) 음성안내 · 제주올레 오디오가이드(jejuolle.org) 코스별 음성해설,「탐나는수어」 앱 · 제주수어통역센터 여행수어 자료(jejudeaf.com),,,,차량+도보,,,,,,,,,,,,2023-12,,,,,,,UNKNOWN,UNKNOWN,,,,,제주관광약자접근성안내센터(이지제주) · 한국관광공사 열린관광 · ㈜휴플 현장조사,2026-06,2024~2026,https://easyjeju.net,제주관광공사 「오감으로 즐기는 제주」(2023.12.22) · 한국관광공사 열린관광지 · 이지제주,"현재 무장애 정보는 이동(지체) 접근성 기준입니다. 시각·청각·발달 장애 정보는 확보 중이며, 열린관광 모두의여행(access.visitkorea.or.kr) 또는 이지제주(easyjeju.net)에서 확인하실 수 있습니다.",SURVEYED,[FIX84] 오름 등반로 접근 불가 — 진입부(주차장·화장실)와 등반로를 분리 판정. 조사 기록은 routeCondition 참조,FIX84: 이용자 안내문 신설 — 내부 표기 사유 제거,v3,ROUTE_SURVEY,경로 상태 조사: 계단 있음+단차 있음+접근 불가+휠체어 접근 제한,,,,Y,UNKNOWN,UNKNOWN,
ACC_P748,P748,NONE,UNKNOWN,UNKNOWN,UNKNOWN,NONE,PARTIAL,PARTIAL,UNKNOWN,Y,CONDITIONAL,CONDITIONAL,주차장 등 진입부는 이용 가능 / 오름 등반로는 접근 불가,UNKNOWN,단차 있음+계단 있음+이동 보조 필요+휠체어 접근 제한,UNKNOWN,,주차장과 화장실이 있습니다. 다만 탐방로에 계단과 단차가 있고 이동에 도움이 필요한 구간이 있어 휠체어로 오르시기는 어렵습니다.,,,,휠내비길(wheelnavi.kr) 음성안내 · 제주올레 오디오가이드(jejuolle.org) 코스별 음성해설,「탐나는수어」 앱 · 제주수어통역센터 여행수어 자료(jejudeaf.com),,,,차량+대중교통+도보,,,,,,,,,,,,2023-12,,,,,,,UNKNOWN,UNKNOWN,,,,,제주관광약자접근성안내센터(이지제주) · 한국관광공사 열린관광 · ㈜휴플 현장조사,2026-06,2024~2026,https://easyjeju.net,제주관광공사 「오감으로 즐기는 제주」(2023.12.22) · 한국관광공사 열린관광지 · 이지제주,"현재 무장애 정보는 이동(지체) 접근성 기준입니다. 시각·청각·발달 장애 정보는 확보 중이며, 열린관광 모두의여행(access.visitkorea.or.kr) 또는 이지제주(easyjeju.net)에서 확인하실 수 있습니다.",SURVEYED,[FIX84] 오름 등반로 접근 불가 — 진입부(주차장·화장실)와 등반로를 분리 판정. 조사 기록은 routeCondition 참조,FIX84: 이용자 안내문 신설 — 내부 표기 사유 제거,v3,ROUTE_SURVEY,경로 상태 조사: 단차 있음+계단 있음+이동 보조 필요+휠체어 접근 제한,,,,Y,UNKNOWN,UNKNOWN,
ACC_P749,P749,NONE,UNKNOWN,UNKNOWN,UNKNOWN,NONE,PARTIAL,PARTIAL,UNKNOWN,N,CONDITIONAL,CONDITIONAL,주차장 등 진입부는 이용 가능 / 오름 등반로는 접근 불가,UNKNOWN,계단 있음+노면 불량+흙길+접근 불가+휠체어 접근 제한,UNKNOWN,,주차장까지는 차로 오실 수 있습니다. 다만 오름 탐방로에 계단이 있고 흙길과 고르지 않은 노면이 이어져 휠체어로 오르시기는 어렵습니다.,,,,휠내비길(wheelnavi.kr) 음성안내 · 제주올레 오디오가이드(jejuolle.org) 코스별 음성해설,「탐나는수어」 앱 · 제주수어통역센터 여행수어 자료(jejudeaf.com),,,,차량+도보,,,,,,,,,,,,2023-12,,,,,,,UNKNOWN,UNKNOWN,,,,,제주관광약자접근성안내센터(이지제주) · 한국관광공사 열린관광 · ㈜휴플 현장조사,2026-06,2024~2026,https://easyjeju.net,제주관광공사 「오감으로 즐기는 제주」(2023.12.22) · 한국관광공사 열린관광지 · 이지제주,"현재 무장애 정보는 이동(지체) 접근성 기준입니다. 시각·청각·발달 장애 정보는 확보 중이며, 열린관광 모두의여행(access.visitkorea.or.kr) 또는 이지제주(easyjeju.net)에서 확인하실 수 있습니다.",SURVEYED,[FIX84] 오름 등반로 접근 불가 — 진입부(주차장·화장실)와 등반로를 분리 판정. 조사 기록은 routeCondition 참조,FIX84: 이용자 안내문 신설 — 내부 표기 사유 제거,v3,ROUTE_SURVEY,경로 상태 조사: 계단 있음+노면 불량+흙길+접근 불가+휠체어 접근 제한,,,,Y,UNKNOWN,UNKNOWN,
ACC_P750,P750,NONE,UNKNOWN,UNKNOWN,UNKNOWN,NONE,PARTIAL,PARTIAL,UNKNOWN,Y,CONDITIONAL,CONDITIONAL,주차장 등 진입부는 이용 가능 / 오름 등반로는 접근 불가,UNKNOWN,계단 있음+노면 불량+비포장+흙길+접근 불가+휠체어 접근 제한,UNKNOWN,,주차장과 공중화장실이 있어 오름 아래까지는 차로 오실 수 있습니다. 다만 탐방로에 계단이 있고 흙길과 비포장 구간이 이어지며 노면이 고르지 않아 휠체어로 오르시기는 어렵습니다.,,,,휠내비길(wheelnavi.kr) 음성안내 · 제주올레 오디오가이드(jejuolle.org) 코스별 음성해설,「탐나는수어」 앱 · 제주수어통역센터 여행수어 자료(jejudeaf.com),,,,차량+대중교통+도보,,,,,,,,,,,,2023-12,,,,,,,UNKNOWN,UNKNOWN,,,,,제주관광약자접근성안내센터(이지제주) · 한국관광공사 열린관광 · ㈜휴플 현장조사,2026-06,2024~2026,https://easyjeju.net,제주관광공사 「오감으로 즐기는 제주」(2023.12.22) · 한국관광공사 열린관광지 · 이지제주,"현재 무장애 정보는 이동(지체) 접근성 기준입니다. 시각·청각·발달 장애 정보는 확보 중이며, 열린관광 모두의여행(access.visitkorea.or.kr) 또는 이지제주(easyjeju.net)에서 확인하실 수 있습니다.",SURVEYED,[FIX84] 오름 등반로 접근 불가 — 진입부(주차장·화장실)와 등반로를 분리 판정. 조사 기록은 routeCondition 참조,FIX84: 이용자 안내문 신설 — 내부 표기 사유 제거,v3,ROUTE_SURVEY,경로 상태 조사: 계단 있음+노면 불량+비포장+흙길+접근 불가+휠체어 접근 제한,,,,Y,UNKNOWN,UNKNOWN,
ACC_P751,P751,NONE,UNKNOWN,UNKNOWN,UNKNOWN,NONE,PARTIAL,PARTIAL,NONE,N,CONDITIONAL,CONDITIONAL,주차장 등 진입부는 이용 가능 / 오름 등반로는 접근 불가,UNKNOWN,노면 불량+비포장+흙길+접근 불가+휠체어 접근 제한,,,주차장까지는 차로 오실 수 있습니다. 다만 오름으로 오르는 길이 흙길과 비포장으로 이어지고 노면이 고르지 않아 휠체어로 오르시기는 어렵습니다. 장애인 화장실은 없습니다.,,,,휠내비길(wheelnavi.kr) 음성안내 · 제주올레 오디오가이드(jejuolle.org) 코스별 음성해설,「탐나는수어」 앱 · 제주수어통역센터 여행수어 자료(jejudeaf.com),,,,차량+도보,,,,,,,,,,,,2023-12,,,,,,,UNKNOWN,UNKNOWN,,,,,제주관광약자접근성안내센터(이지제주) · 한국관광공사 열린관광 · ㈜휴플 현장조사,2026-06,2024~2026,https://easyjeju.net,제주관광공사 「오감으로 즐기는 제주」(2023.12.22) · 한국관광공사 열린관광지 · 이지제주,"현재 무장애 정보는 이동(지체) 접근성 기준입니다. 시각·청각·발달 장애 정보는 확보 중이며, 열린관광 모두의여행(access.visitkorea.or.kr) 또는 이지제주(easyjeju.net)에서 확인하실 수 있습니다.",SURVEYED,[FIX84] 오름 등반로 접근 불가 — 진입부(주차장·화장실)와 등반로를 분리 판정. 조사 기록은 routeCondition 참조,FIX84: 이용자 안내문 신설 — 내부 표기 사유 제거,v3,ROUTE_SURVEY,경로 상태 조사: 노면 불량+비포장+흙길+접근 불가+휠체어 접근 제한,,,,Y,UNKNOWN,UNKNOWN,
ACC_P752,P752,NONE,UNKNOWN,UNKNOWN,UNKNOWN,NONE,PARTIAL,PARTIAL,UNKNOWN,N,CONDITIONAL,CONDITIONAL,주차장 등 진입부는 이용 가능 / 오름 등반로는 접근 불가,UNKNOWN,계단 있음+노면 불량+접근 불가+휠체어 접근 제한,UNKNOWN,,주차장과 화장실이 있습니다. 다만 오름 탐방로에 계단이 있고 노면이 고르지 않아 휠체어로 오르시기는 어렵습니다.,,,,휠내비길(wheelnavi.kr) 음성안내 · 제주올레 오디오가이드(jejuolle.org) 코스별 음성해설,「탐나는수어」 앱 · 제주수어통역센터 여행수어 자료(jejudeaf.com),,,,차량+도보,,,,,,,,,,,,2023-12,,,,,,,UNKNOWN,UNKNOWN,,,,,제주관광약자접근성안내센터(이지제주) · 한국관광공사 열린관광 · ㈜휴플 현장조사,2026-06,2024~2026,https://easyjeju.net,제주관광공사 「오감으로 즐기는 제주」(2023.12.22) · 한국관광공사 열린관광지 · 이지제주,"현재 무장애 정보는 이동(지체) 접근성 기준입니다. 시각·청각·발달 장애 정보는 확보 중이며, 열린관광 모두의여행(access.visitkorea.or.kr) 또는 이지제주(easyjeju.net)에서 확인하실 수 있습니다.",SURVEYED,[FIX84] 오름 등반로 접근 불가 — 진입부(주차장·화장실)와 등반로를 분리 판정. 조사 기록은 routeCondition 참조,FIX84: 이용자 안내문 신설 — 내부 표기 사유 제거,v3,ROUTE_SURVEY,경로 상태 조사: 계단 있음+노면 불량+접근 불가+휠체어 접근 제한,,,,Y,UNKNOWN,UNKNOWN,
ACC_P753,P753,NONE,UNKNOWN,UNKNOWN,UNKNOWN,NONE,UNKNOWN,PARTIAL,UNKNOWN,N,CONDITIONAL,CONDITIONAL,"추모제단은 경사로로 접근 가능(11도, 가파름) / 오름 구간은 비포장으로 접근 불가",추모재단 11도 경사로 있습니다+추모제단 11도 경사로 설치되어 있습니다+화장실 경사로 접근로 인도 단차 있습니다,비포장+흙길+이동 보조 필요+휠체어 접근 제한,UNKNOWN,,"4·3 유적지입니다. 추모제단 쪽에는 경사로가 설치되어 있어 추모 공간까지는 가실 수 있습니다. 다만 경사가 가팔라 혼자 오르시기는 부담이 될 수 있고, 화장실로 이어지는 인도에는 단차가 있습니다. 오름 쪽 길은 비포장 흙길이라 휠체어로 이동하시기 어렵습니다.",,,,휠내비길(wheelnavi.kr) 음성안내 · 제주올레 오디오가이드(jejuolle.org) 코스별 음성해설,「탐나는수어」 앱 · 제주수어통역센터 여행수어 자료(jejudeaf.com),,,,차량+도보,,,,,,,,,,,,2023-12,,,,,,,UNKNOWN,UNKNOWN,,,,,제주관광약자접근성안내센터(이지제주) · 한국관광공사 열린관광 · ㈜휴플 현장조사,2026-06,2024~2026,https://easyjeju.net,제주관광공사 「오감으로 즐기는 제주」(2023.12.22) · 한국관광공사 열린관광지 · 이지제주,"현재 무장애 정보는 이동(지체) 접근성 기준입니다. 시각·청각·발달 장애 정보는 확보 중이며, 열린관광 모두의여행(access.visitkorea.or.kr) 또는 이지제주(easyjeju.net)에서 확인하실 수 있습니다.",SURVEYED,[FIX84] 오름 등반로 접근 불가 — 진입부(주차장·화장실)와 등반로를 분리 판정. 조사 기록은 routeCondition 참조 ※ 등급 재검토 후보 — 추모제단 경사로가 확인되어 NONE 이 과할 수 있음. 경사로 연장과 상단 평탄부 확인 후 PARTIAL 여부 판단 필요,FIX84: 이용자 안내문 신설 — 내부 표기 사유 제거,v3,ROUTE_SURVEY,경로 상태 조사: 비포장+흙길+이동 보조 필요+휠체어 접근 제한,,,,Y,UNKNOWN,UNKNOWN,
ACC_P754,P754,PARTIAL,FULL,UNKNOWN,UNKNOWN,PARTIAL,FULL,FULL,PARTIAL,N,CONDITIONAL,UNAVAILABLE,입구부 경사로·손잡이까지 접근 가능. 오름 정상 등반로(1.7km)는 자연 지형으로 휠체어 이용 불가,· 입구 경사로 및 손잡이 설치,단차 없음+무장애 코스 포함+휠체어 접근 가능,장애인 주차장 있음+휠체어 대여 가능,입구 경사로·손잡이 설치되어 있으나 오름 정상 등반로는 접근 불가(구간별 편차),,,,,휠내비길(wheelnavi.kr) 음성안내 · 제주올레 오디오가이드(jejuolle.org) 코스별 음성해설,「탐나는수어」 앱 · 제주수어통역센터 여행수어 자료(jejudeaf.com),,,,차량+도보,,,,,,,,,,,,2023-12,,,,,,,UNKNOWN,UNKNOWN,,,,,제주관광약자접근성안내센터(이지제주) · 한국관광공사 열린관광 · ㈜휴플 현장조사,2026-06,2024~2026,https://easyjeju.net · https://www.data.go.kr/data/15101897/openapi.do,제주관광공사 「오감으로 즐기는 제주」(2023.12.22) · 한국관광공사 열린관광지 · 이지제주,"현재 무장애 정보는 이동(지체) 접근성 기준입니다. 시각·청각·발달 장애 정보는 확보 중이며, 열린관광 모두의여행(access.visitkorea.or.kr) 또는 이지제주(easyjeju.net)에서 확인하실 수 있습니다.",VERIFIED,검증완료(2026-07) — 이용 가부 판정 [FIX65] 한국관광공사 무장애 API(detailWithTour2) — braileblock=점자블록 있음(주요시설 앞)_시각장애인 편의시설; brailepromotion=점자 안내판 있음,FIX23: CENTRAL 검증 | FIX65: visualAccess UNKNOWN→FULL (KTO API) | FIX65: disabledToilet UNKNOWN→PARTIAL (KTO API),v3,ROUTE_SURVEY,경로 상태 조사: 단차 없음+무장애 코스 포함+휠체어 접근 가능,,,,N,UNKNOWN,UNKNOWN,"시각장애인은 동행자와 함께라면 이용 가능할 수 있으나 안내 설비 정보가 없습니다. 청각장애인은 이동에 제약이 적을 것으로 보이나, 조난 시 연락 수단·안내 방송 여부가 확인되지 않았습니다"
ACC_P755,P755,PARTIAL,UNKNOWN,UNKNOWN,UNKNOWN,PARTIAL,FULL,FULL,FULL,N,AVAILABLE,CONDITIONAL,"인접 사려니숲 무장애나눔길(데크 1.3km, 경사 최대 5도)은 휠체어 이용 가능. 오름 탐방로 자체는 미확인 — 무장애나눔길 이용 권장",주출입구 경사로 있음,단차 없음+무장애 코스 포함+휠체어 접근 가능,장애인 주차장 있음+장애인 화장실 있음+휠체어 대여 가능,주출입구 경사로 있으나 오름 탐방로 전 구간 휠체어 이용 여부 미확인 — 인접 사려니숲 무장애나눔길(1.3km 데크) 이용 권장,,,,,휠내비길(wheelnavi.kr) 음성안내 · 제주올레 오디오가이드(jejuolle.org) 코스별 음성해설,「탐나는수어」 앱 · 제주수어통역센터 여행수어 자료(jejudeaf.com),,IN_VENUE,이용 동선에서 이용 가능,차량+도보,,,,,,,,,,,,2023-12,,,,,,,UNKNOWN,UNKNOWN,,,,,제주관광약자접근성안내센터(이지제주) · 한국관광공사 열린관광 · ㈜휴플 현장조사,2026-06,2024~2026,https://easyjeju.net,제주관광공사 「오감으로 즐기는 제주」(2023.12.22) · 한국관광공사 열린관광지 · 이지제주,"현재 무장애 정보는 이동(지체) 접근성 기준입니다. 시각·청각·발달 장애 정보는 확보 중이며, 열린관광 모두의여행(access.visitkorea.or.kr) 또는 이지제주(easyjeju.net)에서 확인하실 수 있습니다.",VERIFIED,검증완료(2026-07) — 이용 가부 판정,FIX23: CENTRAL 검증,v3,ROUTE_SURVEY,경로 상태 조사: 단차 없음+무장애 코스 포함+휠체어 접근 가능,,,,Y,UNKNOWN,UNKNOWN,
ACC_P756,P756,NONE,UNKNOWN,UNKNOWN,UNKNOWN,NONE,PARTIAL,PARTIAL,UNKNOWN,Y,UNAVAILABLE,UNAVAILABLE,주차장 등 진입부는 이용 가능 / 오름 등반로는 접근 불가,UNKNOWN,접근 불가,UNKNOWN,,성널오름의 오름 등반로는 정비된 길이 아니어서 휠체어로 이동하시기 어렵습니다. 장애인 화장실은 확인되지 않았습니다.,,,,휠내비길(wheelnavi.kr) 음성안내 · 제주올레 오디오가이드(jejuolle.org) 코스별 음성해설,「탐나는수어」 앱 · 제주수어통역센터 여행수어 자료(jejudeaf.com),,,,차량+대중교통+도보,,,,,,,,,,,,2023-12,,,,,,,UNKNOWN,UNKNOWN,,,,,제주관광약자접근성안내센터(이지제주) · 한국관광공사 열린관광 · ㈜휴플 현장조사,2026-06,2024~2026,https://easyjeju.net,제주관광공사 「오감으로 즐기는 제주」(2023.12.22) · 한국관광공사 열린관광지 · 이지제주,"현재 무장애 정보는 이동(지체) 접근성 기준입니다. 시각·청각·발달 장애 정보는 확보 중이며, 열린관광 모두의여행(access.visitkorea.or.kr) 또는 이지제주(easyjeju.net)에서 확인하실 수 있습니다.",SURVEYED,[FIX89] 산·오름 사유 이관 — 조사 기록은 routeCondition·barrierFreeDetail 참조,,v3,FACILITY_SURVEY,편의시설 조사: UNKNOWN,,,,N,UNKNOWN,UNKNOWN,"시각장애인은 동행자와 함께라면 이용 가능할 수 있으나 안내 설비 정보가 없습니다. 청각장애인은 이동에 제약이 적을 것으로 보이나, 조난 시 연락 수단·안내 방송 여부가 확인되지 않았습니다"
ACC_P757,P757,NONE,UNKNOWN,UNKNOWN,UNKNOWN,NONE,PARTIAL,PARTIAL,UNKNOWN,Y,UNAVAILABLE,UNAVAILABLE,주차장 등 진입부는 이용 가능 / 오름 등반로는 접근 불가,UNKNOWN,계단 있음+접근 불가,UNKNOWN,,"당산봉(당오름,차귀오름)의 오름 등반로는 계단이라 휠체어로 이동하시기 어렵습니다. 장애인 화장실은 확인되지 않았습니다.",,,,휠내비길(wheelnavi.kr) 음성안내 · 제주올레 오디오가이드(jejuolle.org) 코스별 음성해설,「탐나는수어」 앱 · 제주수어통역센터 여행수어 자료(jejudeaf.com),,,,차량+대중교통+도보,,,,,,,,,,,,2023-12,,,,,,,UNKNOWN,UNKNOWN,,,,,제주관광약자접근성안내센터(이지제주) · 한국관광공사 열린관광 · ㈜휴플 현장조사,2026-06,2024~2026,https://easyjeju.net,제주관광공사 「오감으로 즐기는 제주」(2023.12.22) · 한국관광공사 열린관광지 · 이지제주,"현재 무장애 정보는 이동(지체) 접근성 기준입니다. 시각·청각·발달 장애 정보는 확보 중이며, 열린관광 모두의여행(access.visitkorea.or.kr) 또는 이지제주(easyjeju.net)에서 확인하실 수 있습니다.",SURVEYED,[FIX89] 산·오름 사유 이관 — 조사 기록은 routeCondition·barrierFreeDetail 참조,,v3,ROUTE_SURVEY,경로 상태 조사: 계단 있음+접근 불가,,,,N,UNKNOWN,UNKNOWN,"시각장애인은 동행자와 함께라면 이용 가능할 수 있으나 안내 설비 정보가 없습니다. 청각장애인은 이동에 제약이 적을 것으로 보이나, 조난 시 연락 수단·안내 방송 여부가 확인되지 않았습니다"
ACC_P758,P758,NONE,UNKNOWN,UNKNOWN,UNKNOWN,NONE,PARTIAL,PARTIAL,UNKNOWN,N,UNAVAILABLE,UNAVAILABLE,주차장 등 진입부는 이용 가능 / 오름 등반로는 접근 불가,UNKNOWN,비포장+접근 불가,UNKNOWN,,문도지오름 (문돗지)의 오름 등반로는 비포장 자연 노면이라 휠체어로 이동하시기 어렵습니다. 장애인 화장실은 확인되지 않았습니다.,,,,휠내비길(wheelnavi.kr) 음성안내 · 제주올레 오디오가이드(jejuolle.org) 코스별 음성해설,「탐나는수어」 앱 · 제주수어통역센터 여행수어 자료(jejudeaf.com),,,,차량+도보,,,,,,,,,,,,2023-12,,,,,,,UNKNOWN,UNKNOWN,,,,,제주관광약자접근성안내센터(이지제주) · 한국관광공사 열린관광 · ㈜휴플 현장조사,2026-06,2024~2026,https://easyjeju.net,제주관광공사 「오감으로 즐기는 제주」(2023.12.22) · 한국관광공사 열린관광지 · 이지제주,"현재 무장애 정보는 이동(지체) 접근성 기준입니다. 시각·청각·발달 장애 정보는 확보 중이며, 열린관광 모두의여행(access.visitkorea.or.kr) 또는 이지제주(easyjeju.net)에서 확인하실 수 있습니다.",SURVEYED,[FIX89] 산·오름 사유 이관 — 조사 기록은 routeCondition·barrierFreeDetail 참조,,v3,ROUTE_SURVEY,경로 상태 조사: 비포장+접근 불가,,,,N,UNKNOWN,UNKNOWN,"시각장애인은 동행자와 함께라면 이용 가능할 수 있으나 안내 설비 정보가 없습니다. 청각장애인은 이동에 제약이 적을 것으로 보이나, 조난 시 연락 수단·안내 방송 여부가 확인되지 않았습니다"
ACC_P759,P759,NONE,UNKNOWN,UNKNOWN,UNKNOWN,NONE,PARTIAL,PARTIAL,UNKNOWN,N,UNAVAILABLE,UNAVAILABLE,주차장 등 진입부는 이용 가능 / 오름 등반로는 접근 불가,UNKNOWN,단차 있음+접근 불가,UNKNOWN,,별도봉의 오름 등반로는 단차이라 휠체어로 이동하시기 어렵습니다. 장애인 화장실은 확인되지 않았습니다.,,,,휠내비길(wheelnavi.kr) 음성안내 · 제주올레 오디오가이드(jejuolle.org) 코스별 음성해설,「탐나는수어」 앱 · 제주수어통역센터 여행수어 자료(jejudeaf.com),,,,차량+도보,,,,,,,,,,,,2023-12,,,,,,,UNKNOWN,UNKNOWN,,,,,제주관광약자접근성안내센터(이지제주) · 한국관광공사 열린관광 · ㈜휴플 현장조사,2026-06,2024~2026,https://easyjeju.net,제주관광공사 「오감으로 즐기는 제주」(2023.12.22) · 한국관광공사 열린관광지 · 이지제주,"현재 무장애 정보는 이동(지체) 접근성 기준입니다. 시각·청각·발달 장애 정보는 확보 중이며, 열린관광 모두의여행(access.visitkorea.or.kr) 또는 이지제주(easyjeju.net)에서 확인하실 수 있습니다.",SURVEYED,[FIX89] 산·오름 사유 이관 — 조사 기록은 routeCondition·barrierFreeDetail 참조,,v3,ROUTE_SURVEY,경로 상태 조사: 단차 있음+접근 불가,,,,N,UNKNOWN,UNKNOWN,"시각장애인은 동행자와 함께라면 이용 가능할 수 있으나 안내 설비 정보가 없습니다. 청각장애인은 이동에 제약이 적을 것으로 보이나, 조난 시 연락 수단·안내 방송 여부가 확인되지 않았습니다"
ACC_P760,P760,NONE,UNKNOWN,UNKNOWN,UNKNOWN,NONE,PARTIAL,PARTIAL,UNKNOWN,N,UNAVAILABLE,UNAVAILABLE,주차장 등 진입부는 이용 가능 / 오름 등반로는 접근 불가,UNKNOWN,단차 있음+접근 불가,UNKNOWN,,원당봉의 오름 등반로는 단차이라 휠체어로 이동하시기 어렵습니다. 장애인 화장실은 확인되지 않았습니다.,,,,휠내비길(wheelnavi.kr) 음성안내 · 제주올레 오디오가이드(jejuolle.org) 코스별 음성해설,「탐나는수어」 앱 · 제주수어통역센터 여행수어 자료(jejudeaf.com),,,,차량+도보,,,,,,,,,,,,2023-12,,,,,,,UNKNOWN,UNKNOWN,,,,,제주관광약자접근성안내센터(이지제주) · 한국관광공사 열린관광 · ㈜휴플 현장조사,2026-06,2024~2026,https://easyjeju.net,제주관광공사 「오감으로 즐기는 제주」(2023.12.22) · 한국관광공사 열린관광지 · 이지제주,"현재 무장애 정보는 이동(지체) 접근성 기준입니다. 시각·청각·발달 장애 정보는 확보 중이며, 열린관광 모두의여행(access.visitkorea.or.kr) 또는 이지제주(easyjeju.net)에서 확인하실 수 있습니다.",SURVEYED,[FIX89] 산·오름 사유 이관 — 조사 기록은 routeCondition·barrierFreeDetail 참조,,v3,ROUTE_SURVEY,경로 상태 조사: 단차 있음+접근 불가,,,,N,UNKNOWN,UNKNOWN,"시각장애인은 동행자와 함께라면 이용 가능할 수 있으나 안내 설비 정보가 없습니다. 청각장애인은 이동에 제약이 적을 것으로 보이나, 조난 시 연락 수단·안내 방송 여부가 확인되지 않았습니다"
ACC_P761,P761,NONE,UNKNOWN,UNKNOWN,UNKNOWN,NONE,PARTIAL,PARTIAL,UNKNOWN,N,UNAVAILABLE,UNAVAILABLE,주차장 등 진입부는 이용 가능 / 오름 등반로는 접근 불가,UNKNOWN,계단 있음+접근 불가,UNKNOWN,,두산봉(말미오름)의 오름 등반로는 계단이라 휠체어로 이동하시기 어렵습니다. 장애인 화장실은 확인되지 않았습니다.,,,,휠내비길(wheelnavi.kr) 음성안내 · 제주올레 오디오가이드(jejuolle.org) 코스별 음성해설,「탐나는수어」 앱 · 제주수어통역센터 여행수어 자료(jejudeaf.com),,,,차량+도보,,,,,,,,,,,,2023-12,,,,,,,UNKNOWN,UNKNOWN,,,,,제주관광약자접근성안내센터(이지제주) · 한국관광공사 열린관광 · ㈜휴플 현장조사,2026-06,2024~2026,https://easyjeju.net,제주관광공사 「오감으로 즐기는 제주」(2023.12.22) · 한국관광공사 열린관광지 · 이지제주,"현재 무장애 정보는 이동(지체) 접근성 기준입니다. 시각·청각·발달 장애 정보는 확보 중이며, 열린관광 모두의여행(access.visitkorea.or.kr) 또는 이지제주(easyjeju.net)에서 확인하실 수 있습니다.",SURVEYED,[FIX89] 산·오름 사유 이관 — 조사 기록은 routeCondition·barrierFreeDetail 참조,,v3,ROUTE_SURVEY,경로 상태 조사: 계단 있음+접근 불가,,,,N,UNKNOWN,UNKNOWN,"시각장애인은 동행자와 함께라면 이용 가능할 수 있으나 안내 설비 정보가 없습니다. 청각장애인은 이동에 제약이 적을 것으로 보이나, 조난 시 연락 수단·안내 방송 여부가 확인되지 않았습니다"
ACC_P762,P762,NONE,UNKNOWN,UNKNOWN,UNKNOWN,NONE,PARTIAL,PARTIAL,UNKNOWN,N,UNAVAILABLE,UNAVAILABLE,주차장 등 진입부는 이용 가능 / 오름 등반로는 접근 불가,UNKNOWN,비포장+접근 불가,UNKNOWN,,높은오름의 오름 등반로는 비포장 자연 노면이라 휠체어로 이동하시기 어렵습니다. 장애인 화장실은 확인되지 않았습니다.,,,,휠내비길(wheelnavi.kr) 음성안내 · 제주올레 오디오가이드(jejuolle.org) 코스별 음성해설,「탐나는수어」 앱 · 제주수어통역센터 여행수어 자료(jejudeaf.com),,,,차량+도보,,,,,,,,,,,,2023-12,,,,,,,UNKNOWN,UNKNOWN,,,,,제주관광약자접근성안내센터(이지제주) · 한국관광공사 열린관광 · ㈜휴플 현장조사,2026-06,2024~2026,https://easyjeju.net,제주관광공사 「오감으로 즐기는 제주」(2023.12.22) · 한국관광공사 열린관광지 · 이지제주,"현재 무장애 정보는 이동(지체) 접근성 기준입니다. 시각·청각·발달 장애 정보는 확보 중이며, 열린관광 모두의여행(access.visitkorea.or.kr) 또는 이지제주(easyjeju.net)에서 확인하실 수 있습니다.",SURVEYED,[FIX89] 산·오름 사유 이관 — 조사 기록은 routeCondition·barrierFreeDetail 참조,,v3,ROUTE_SURVEY,경로 상태 조사: 비포장+접근 불가,,,,N,UNKNOWN,UNKNOWN,"시각장애인은 동행자와 함께라면 이용 가능할 수 있으나 안내 설비 정보가 없습니다. 청각장애인은 이동에 제약이 적을 것으로 보이나, 조난 시 연락 수단·안내 방송 여부가 확인되지 않았습니다"
ACC_P763,P763,NONE,FULL,UNKNOWN,UNKNOWN,PARTIAL,FULL,PARTIAL,PARTIAL,Y,CONDITIONAL,CONDITIONAL,주출입구 경사로·장애인 주차구역으로 입구 접근 가능 / 오름 등반로는 계단으로 접근 불가,주출입구 경사로 있음,계단 있음+휠체어 접근 제한,장애인 주차장 있음,입구까지는 접근 가능하고 오르는 길은 계단,주출입구에 경사로가 있고 장애인 주차구역이 있어 입구까지는 접근하실 수 있습니다. 장애인 화장실도 일부 갖춰져 있습니다. 다만 오름으로 오르는 길에 계단이 있어 정상까지 가시기는 어렵습니다.,,,,휠내비길(wheelnavi.kr) 음성안내 · 제주올레 오디오가이드(jejuolle.org) 코스별 음성해설,「탐나는수어」 앱 · 제주수어통역센터 여행수어 자료(jejudeaf.com),,,,차량+대중교통+도보,,,,,,,전수조사 38곳 (2026-09-08) · 한국관광공사 열린관광·제주도·비짓제주 1차 공식출처,,,,,2023-12,,,,,,,UNKNOWN,UNKNOWN,,,,,제주관광약자접근성안내센터(이지제주) · 한국관광공사 열린관광 · ㈜휴플 현장조사,2026-06,2024~2026,https://easyjeju.net · https://www.data.go.kr/data/15101897/openapi.do,제주관광공사 「오감으로 즐기는 제주」(2023.12.22) · 한국관광공사 열린관광지 · 이지제주,"현재 무장애 정보는 이동(지체) 접근성 기준입니다. 시각·청각·발달 장애 정보는 확보 중이며, 열린관광 모두의여행(access.visitkorea.or.kr) 또는 이지제주(easyjeju.net)에서 확인하실 수 있습니다.",SURVEYED,[FIX65] 한국관광공사 무장애 API(detailWithTour2) — braileblock=점자블록 있음(주요시설 앞)_시각장애인 편의시설; brailepromotion=점자 안내판 있음 ※ [FIX84] 오름 등반로 접근 불가 — 진입부(주차장·화장실)와 등반로를 분리 판정. 조사 기록은 routeCondition 참조 ※ 등급 재검토 후보 — 주출입구 경사로·장애인 주차구역·장애인 화장실(PARTIAL)이 확인되어 NONE 이 과할 수 있음. 입구부 관람 범위 확인 후 판단 필요,FIX65: visualAccess UNKNOWN→FULL (KTO API) | FIX65: strollerAccess PARTIAL→FULL (KTO API) | FIX65: disabledToilet UNKNOWN→PARTIAL (KTO API) | FIX84: 이용자 안내문 신설 — 내부 표기 사유 제거,v3,ROUTE_SURVEY,경로 상태 조사: 계단 있음+휠체어 접근 제한,,,,Y,UNKNOWN,UNKNOWN,
ACC_P764,P764,NONE,UNKNOWN,UNKNOWN,UNKNOWN,NONE,PARTIAL,PARTIAL,UNKNOWN,N,UNAVAILABLE,UNAVAILABLE,주차장 등 진입부는 이용 가능 / 오름 등반로는 접근 불가,UNKNOWN,흙길+접근 불가,UNKNOWN,,족은노꼬메오름의 오름 등반로는 비포장 자연 노면이라 휠체어로 이동하시기 어렵습니다. 장애인 화장실은 확인되지 않았습니다.,,,,휠내비길(wheelnavi.kr) 음성안내 · 제주올레 오디오가이드(jejuolle.org) 코스별 음성해설,「탐나는수어」 앱 · 제주수어통역센터 여행수어 자료(jejudeaf.com),,,,차량+도보,,,,,,,,,,,,2023-12,,,,,,,UNKNOWN,UNKNOWN,,,,,제주관광약자접근성안내센터(이지제주) · 한국관광공사 열린관광 · ㈜휴플 현장조사,2026-06,2024~2026,https://easyjeju.net,제주관광공사 「오감으로 즐기는 제주」(2023.12.22) · 한국관광공사 열린관광지 · 이지제주,"현재 무장애 정보는 이동(지체) 접근성 기준입니다. 시각·청각·발달 장애 정보는 확보 중이며, 열린관광 모두의여행(access.visitkorea.or.kr) 또는 이지제주(easyjeju.net)에서 확인하실 수 있습니다.",SURVEYED,[FIX89] 산·오름 사유 이관 — 조사 기록은 routeCondition·barrierFreeDetail 참조,,v3,FACILITY_SURVEY,편의시설 조사: UNKNOWN,,,,N,UNKNOWN,UNKNOWN,"시각장애인은 동행자와 함께라면 이용 가능할 수 있으나 안내 설비 정보가 없습니다. 청각장애인은 이동에 제약이 적을 것으로 보이나, 조난 시 연락 수단·안내 방송 여부가 확인되지 않았습니다"
ACC_P765,P765,NONE,UNKNOWN,UNKNOWN,UNKNOWN,NONE,PARTIAL,PARTIAL,UNKNOWN,Y,UNAVAILABLE,UNAVAILABLE,주차장 등 진입부는 이용 가능 / 오름 등반로는 접근 불가,"경사로 설치(폭1.2m, 경사도1/12이하, 손잡이 등)+오르막 시작 → 오르막 종료 (2-5도)+저류지앞→오르막 시작(2-5도)→괭이모루 둘레길 입구→삼나무 쉼터(오르막 종료)",접근 불가,UNKNOWN,,당오름의 오름 등반로는 정비된 길이 아니어서 휠체어로 이동하시기 어렵습니다. 장애인 화장실은 확인되지 않았습니다.,,,,휠내비길(wheelnavi.kr) 음성안내 · 제주올레 오디오가이드(jejuolle.org) 코스별 음성해설,「탐나는수어」 앱 · 제주수어통역센터 여행수어 자료(jejudeaf.com),,,,차량+대중교통+도보,,,,,,,,,,,,2023-12,,,,,,,UNKNOWN,UNKNOWN,,,,,제주관광약자접근성안내센터(이지제주) · 한국관광공사 열린관광 · ㈜휴플 현장조사,2026-06,2024~2026,https://easyjeju.net,제주관광공사 「오감으로 즐기는 제주」(2023.12.22) · 한국관광공사 열린관광지 · 이지제주,"현재 무장애 정보는 이동(지체) 접근성 기준입니다. 시각·청각·발달 장애 정보는 확보 중이며, 열린관광 모두의여행(access.visitkorea.or.kr) 또는 이지제주(easyjeju.net)에서 확인하실 수 있습니다.",SURVEYED,[FIX89] 산·오름 사유 이관 — 조사 기록은 routeCondition·barrierFreeDetail 참조,,v3,ROUTE_SURVEY,경로 상태 조사: 접근 불가,,,,N,UNKNOWN,UNKNOWN,"시각장애인은 동행자와 함께라면 이용 가능할 수 있으나 안내 설비 정보가 없습니다. 청각장애인은 이동에 제약이 적을 것으로 보이나, 조난 시 연락 수단·안내 방송 여부가 확인되지 않았습니다"
ACC_P766,P766,UNKNOWN,UNKNOWN,UNKNOWN,UNKNOWN,UNKNOWN,UNKNOWN,UNKNOWN,UNKNOWN,N,UNKNOWN,UNKNOWN,,UNKNOWN,UNKNOWN,UNKNOWN,,,,,,휠내비길(wheelnavi.kr) 음성안내 · 제주올레 오디오가이드(jejuolle.org) 코스별 음성해설,「탐나는수어」 앱 · 제주수어통역센터 여행수어 자료(jejudeaf.com),,,,차량+도보,,,,,,,,,,,,2023-12,,,,,,,UNKNOWN,UNKNOWN,,,,,제주관광약자접근성안내센터(이지제주) · 한국관광공사 열린관광 · ㈜휴플 현장조사,2026-06,2024~2026,https://easyjeju.net,제주관광공사 「오감으로 즐기는 제주」(2023.12.22) · 한국관광공사 열린관광지 · 이지제주,"현재 무장애 정보는 이동(지체) 접근성 기준입니다. 시각·청각·발달 장애 정보는 확보 중이며, 열린관광 모두의여행(access.visitkorea.or.kr) 또는 이지제주(easyjeju.net)에서 확인하실 수 있습니다.",SURVEYED,,,v3,FACILITY_SURVEY,편의시설 조사: UNKNOWN,,,,Y,UNKNOWN,UNKNOWN,
ACC_P767,P767,UNKNOWN,UNKNOWN,UNKNOWN,UNKNOWN,UNKNOWN,UNKNOWN,UNKNOWN,UNKNOWN,Y,UNKNOWN,UNKNOWN,,UNKNOWN,UNKNOWN,UNKNOWN,,,,,,휠내비길(wheelnavi.kr) 음성안내 · 제주올레 오디오가이드(jejuolle.org) 코스별 음성해설,「탐나는수어」 앱 · 제주수어통역센터 여행수어 자료(jejudeaf.com),,,,차량+대중교통+도보,,,,,,,,,,,,2023-12,,,,,,,UNKNOWN,UNKNOWN,,,,,제주관광약자접근성안내센터(이지제주) · 한국관광공사 열린관광 · ㈜휴플 현장조사,2026-06,2024~2026,https://easyjeju.net,제주관광공사 「오감으로 즐기는 제주」(2023.12.22) · 한국관광공사 열린관광지 · 이지제주,"현재 무장애 정보는 이동(지체) 접근성 기준입니다. 시각·청각·발달 장애 정보는 확보 중이며, 열린관광 모두의여행(access.visitkorea.or.kr) 또는 이지제주(easyjeju.net)에서 확인하실 수 있습니다.",SURVEYED,,,v3,FACILITY_SURVEY,편의시설 조사: UNKNOWN,,,,Y,UNKNOWN,UNKNOWN,
ACC_P768,P768,UNKNOWN,UNKNOWN,UNKNOWN,UNKNOWN,UNKNOWN,UNKNOWN,UNKNOWN,UNKNOWN,N,UNKNOWN,UNKNOWN,,UNKNOWN,UNKNOWN,UNKNOWN,,,,,,휠내비길(wheelnavi.kr) 음성안내 · 제주올레 오디오가이드(jejuolle.org) 코스별 음성해설,「탐나는수어」 앱 · 제주수어통역센터 여행수어 자료(jejudeaf.com),,,,차량+도보,,,,,,,,,,,,2023-12,,,,,,,UNKNOWN,UNKNOWN,,,,,제주관광약자접근성안내센터(이지제주) · 한국관광공사 열린관광 · ㈜휴플 현장조사,2026-06,2024~2026,https://easyjeju.net,제주관광공사 「오감으로 즐기는 제주」(2023.12.22) · 한국관광공사 열린관광지 · 이지제주,"현재 무장애 정보는 이동(지체) 접근성 기준입니다. 시각·청각·발달 장애 정보는 확보 중이며, 열린관광 모두의여행(access.visitkorea.or.kr) 또는 이지제주(easyjeju.net)에서 확인하실 수 있습니다.",SURVEYED,,,v3,FACILITY_SURVEY,편의시설 조사: UNKNOWN,,,,Y,UNKNOWN,UNKNOWN,
ACC_P769,P769,PARTIAL,UNKNOWN,UNKNOWN,UNKNOWN,PARTIAL,FULL,FULL,FULL,N,AVAILABLE,UNAVAILABLE,시설접근 가능 / 활동참여 불가 — 오름 등반로 — 휠체어 진입 불가,경사로 있음,단차 없음+휠체어 접근 가능+무장애 코스 포함,장애인 화장실 있음+장애인 주차장 있음+휠체어 대여 가능+유모차 대여 가능+휠체어 전동화 키트 충전기 있음,"진입부와 편의시설은 이용 가능 — 단차 없음, 무장애 코스 포함, 장애인 화장실·장애인 주차구역·휠체어 및 유모차 대여·전동화 키트 충전기 확보. 다만 오름 등반로는 휠체어 진입 불가","진입부와 편의시설은 잘 갖춰져 있습니다. 단차가 없고 무장애 코스가 있으며, 장애인 화장실과 장애인 주차구역, 휠체어와 유모차 대여, 전동화 키트 충전기까지 있습니다. 다만 오름 정상으로 오르는 등반로는 휠체어로 올라가시기 어렵습니다. 무장애 코스와 주변 경관만으로도 충분히 둘러보실 만합니다.",,,,휠내비길(wheelnavi.kr) 음성안내 · 제주올레 오디오가이드(jejuolle.org) 코스별 음성해설,「탐나는수어」 앱 · 제주수어통역센터 여행수어 자료(jejudeaf.com),,IN_VENUE,이용 동선에서 이용 가능,차량+도보,,,,,,,,,,,,2023-12,,,,,,,UNKNOWN,UNKNOWN,,,,,제주관광약자접근성안내센터(이지제주) · 한국관광공사 열린관광 · ㈜휴플 현장조사,2026-06,2024~2026,https://easyjeju.net,제주관광공사 「오감으로 즐기는 제주」(2023.12.22) · 한국관광공사 열린관광지 · 이지제주,"현재 무장애 정보는 이동(지체) 접근성 기준입니다. 시각·청각·발달 장애 정보는 확보 중이며, 열린관광 모두의여행(access.visitkorea.or.kr) 또는 이지제주(easyjeju.net)에서 확인하실 수 있습니다.",SURVEYED,[FIX83] 오름 등반로 — 진입부·편의시설과 등반로를 분리 판정 (FIX28),nan | FIX28: Activity 축 모순 해소 | FIX83: 이용자 사유 필드에서 내부 표기 제거,v3,ROUTE_SURVEY,경로 상태 조사: 단차 없음+휠체어 접근 가능+무장애 코스 포함,,,,N,UNKNOWN,UNKNOWN,"시각장애인은 동행자와 함께라면 이용 가능할 수 있으나 안내 설비 정보가 없습니다. 청각장애인은 이동에 제약이 적을 것으로 보이나, 조난 시 연락 수단·안내 방송 여부가 확인되지 않았습니다"
ACC_P770,P770,NONE,UNKNOWN,UNKNOWN,UNKNOWN,NONE,PARTIAL,PARTIAL,UNKNOWN,N,CONDITIONAL,CONDITIONAL,주차장 등 진입부는 이용 가능 / 오름 등반로는 접근 불가,UNKNOWN,노면 불량+휠체어 접근 제한+접근 불가,UNKNOWN,,입구 주변에 주차 공간이 있습니다. 다만 오름으로 오르는 길의 노면이 고르지 않고 휠체어로 통행할 수 없는 구간이 있어 오르시기는 어렵습니다.,,,,휠내비길(wheelnavi.kr) 음성안내 · 제주올레 오디오가이드(jejuolle.org) 코스별 음성해설,「탐나는수어」 앱 · 제주수어통역센터 여행수어 자료(jejudeaf.com),,,,차량+도보,,,,,,,,,,,,2023-12,,,,,,,UNKNOWN,UNKNOWN,,,,,제주관광약자접근성안내센터(이지제주) · 한국관광공사 열린관광 · ㈜휴플 현장조사,2026-06,2024~2026,https://easyjeju.net,제주관광공사 「오감으로 즐기는 제주」(2023.12.22) · 한국관광공사 열린관광지 · 이지제주,"현재 무장애 정보는 이동(지체) 접근성 기준입니다. 시각·청각·발달 장애 정보는 확보 중이며, 열린관광 모두의여행(access.visitkorea.or.kr) 또는 이지제주(easyjeju.net)에서 확인하실 수 있습니다.",SURVEYED,[FIX84] 오름 등반로 접근 불가 — 진입부(주차장·화장실)와 등반로를 분리 판정. 조사 기록은 routeCondition 참조,FIX84: 이용자 안내문 신설 — 내부 표기 사유 제거,v3,FACILITY_SURVEY,편의시설 조사: UNKNOWN,,,,Y,UNKNOWN,UNKNOWN,
ACC_P771,P771,UNKNOWN,UNKNOWN,UNKNOWN,UNKNOWN,UNKNOWN,UNKNOWN,UNKNOWN,UNKNOWN,N,UNKNOWN,UNKNOWN,,UNKNOWN,UNKNOWN,UNKNOWN,,,,,,휠내비길(wheelnavi.kr) 음성안내 · 제주올레 오디오가이드(jejuolle.org) 코스별 음성해설,「탐나는수어」 앱 · 제주수어통역센터 여행수어 자료(jejudeaf.com),,,,차량+도보,,,,,,,,,,,,2023-12,,,,,,,UNKNOWN,UNKNOWN,,,,,제주관광약자접근성안내센터(이지제주) · 한국관광공사 열린관광 · ㈜휴플 현장조사,2026-06,2024~2026,https://easyjeju.net,제주관광공사 「오감으로 즐기는 제주」(2023.12.22) · 한국관광공사 열린관광지 · 이지제주,"현재 무장애 정보는 이동(지체) 접근성 기준입니다. 시각·청각·발달 장애 정보는 확보 중이며, 열린관광 모두의여행(access.visitkorea.or.kr) 또는 이지제주(easyjeju.net)에서 확인하실 수 있습니다.",SURVEYED,,,v3,FACILITY_SURVEY,편의시설 조사: UNKNOWN,,,,Y,UNKNOWN,UNKNOWN,
ACC_P772,P772,NONE,UNKNOWN,UNKNOWN,UNKNOWN,NONE,PARTIAL,PARTIAL,UNKNOWN,N,CONDITIONAL,CONDITIONAL,주차장 등 진입부는 이용 가능 / 오름 등반로는 접근 불가,UNKNOWN,노면 불량+폭 좁음+휠체어 접근 제한+접근 불가,UNKNOWN,,주차장까지는 차로 오실 수 있습니다. 다만 오름 탐방로의 노면이 고르지 않고 폭이 좁아지는 구간이 있어 휠체어로 오르시기는 어렵습니다.,,,,휠내비길(wheelnavi.kr) 음성안내 · 제주올레 오디오가이드(jejuolle.org) 코스별 음성해설,「탐나는수어」 앱 · 제주수어통역센터 여행수어 자료(jejudeaf.com),,,,차량+도보,,,,,,,,,,,,2023-12,,,,,,,UNKNOWN,UNKNOWN,,,,,제주관광약자접근성안내센터(이지제주) · 한국관광공사 열린관광 · ㈜휴플 현장조사,2026-06,2024~2026,https://easyjeju.net,제주관광공사 「오감으로 즐기는 제주」(2023.12.22) · 한국관광공사 열린관광지 · 이지제주,"현재 무장애 정보는 이동(지체) 접근성 기준입니다. 시각·청각·발달 장애 정보는 확보 중이며, 열린관광 모두의여행(access.visitkorea.or.kr) 또는 이지제주(easyjeju.net)에서 확인하실 수 있습니다.",SURVEYED,[FIX84] 오름 등반로 접근 불가 — 진입부(주차장·화장실)와 등반로를 분리 판정. 조사 기록은 routeCondition 참조,FIX84: 이용자 안내문 신설 — 내부 표기 사유 제거,v3,FACILITY_SURVEY,편의시설 조사: UNKNOWN,,,,Y,UNKNOWN,UNKNOWN,
ACC_P773,P773,UNKNOWN,UNKNOWN,UNKNOWN,UNKNOWN,UNKNOWN,UNKNOWN,UNKNOWN,UNKNOWN,N,UNKNOWN,UNKNOWN,,UNKNOWN,UNKNOWN,UNKNOWN,,,,,,휠내비길(wheelnavi.kr) 음성안내 · 제주올레 오디오가이드(jejuolle.org) 코스별 음성해설,「탐나는수어」 앱 · 제주수어통역센터 여행수어 자료(jejudeaf.com),,,,차량+도보,,,,,,,,,,,,2023-12,,,,,,,UNKNOWN,UNKNOWN,,,,,제주관광약자접근성안내센터(이지제주) · 한국관광공사 열린관광 · ㈜휴플 현장조사,2026-06,2024~2026,https://easyjeju.net,제주관광공사 「오감으로 즐기는 제주」(2023.12.22) · 한국관광공사 열린관광지 · 이지제주,"현재 무장애 정보는 이동(지체) 접근성 기준입니다. 시각·청각·발달 장애 정보는 확보 중이며, 열린관광 모두의여행(access.visitkorea.or.kr) 또는 이지제주(easyjeju.net)에서 확인하실 수 있습니다.",SURVEYED,,,v3,FACILITY_SURVEY,편의시설 조사: UNKNOWN,,,,Y,UNKNOWN,UNKNOWN,
ACC_P774,P774,UNKNOWN,UNKNOWN,UNKNOWN,UNKNOWN,UNKNOWN,UNKNOWN,UNKNOWN,UNKNOWN,N,UNKNOWN,UNKNOWN,,UNKNOWN,UNKNOWN,UNKNOWN,,,,,,휠내비길(wheelnavi.kr) 음성안내 · 제주올레 오디오가이드(jejuolle.org) 코스별 음성해설,「탐나는수어」 앱 · 제주수어통역센터 여행수어 자료(jejudeaf.com),,,,차량+도보,,,,,,,,,,,,2023-12,,,,,,,UNKNOWN,UNKNOWN,,,,,제주관광약자접근성안내센터(이지제주) · 한국관광공사 열린관광 · ㈜휴플 현장조사,2026-06,2024~2026,https://easyjeju.net,제주관광공사 「오감으로 즐기는 제주」(2023.12.22) · 한국관광공사 열린관광지 · 이지제주,"현재 무장애 정보는 이동(지체) 접근성 기준입니다. 시각·청각·발달 장애 정보는 확보 중이며, 열린관광 모두의여행(access.visitkorea.or.kr) 또는 이지제주(easyjeju.net)에서 확인하실 수 있습니다.",SURVEYED,,,v3,FACILITY_SURVEY,편의시설 조사: UNKNOWN,,,,Y,UNKNOWN,UNKNOWN,
ACC_P775,P775,NONE,UNKNOWN,UNKNOWN,UNKNOWN,NONE,PARTIAL,PARTIAL,UNKNOWN,N,CONDITIONAL,CONDITIONAL,주차장 등 진입부는 이용 가능 / 오름 등반로는 접근 불가,UNKNOWN,노면 불량+휠체어 접근 제한+접근 불가,UNKNOWN,,주차장까지는 차로 오실 수 있습니다. 다만 오름으로 오르는 길의 노면이 고르지 않아 휠체어로 오르시기는 어렵습니다.,,,,휠내비길(wheelnavi.kr) 음성안내 · 제주올레 오디오가이드(jejuolle.org) 코스별 음성해설,「탐나는수어」 앱 · 제주수어통역센터 여행수어 자료(jejudeaf.com),,,,차량+도보,,,,,,,,,,,,2023-12,,,,,,,UNKNOWN,UNKNOWN,,,,,제주관광약자접근성안내센터(이지제주) · 한국관광공사 열린관광 · ㈜휴플 현장조사,2026-06,2024~2026,https://easyjeju.net,제주관광공사 「오감으로 즐기는 제주」(2023.12.22) · 한국관광공사 열린관광지 · 이지제주,"현재 무장애 정보는 이동(지체) 접근성 기준입니다. 시각·청각·발달 장애 정보는 확보 중이며, 열린관광 모두의여행(access.visitkorea.or.kr) 또는 이지제주(easyjeju.net)에서 확인하실 수 있습니다.",SURVEYED,[FIX84] 오름 등반로 접근 불가 — 진입부(주차장·화장실)와 등반로를 분리 판정. 조사 기록은 routeCondition 참조,FIX84: 이용자 안내문 신설 — 내부 표기 사유 제거,v3,FACILITY_SURVEY,편의시설 조사: UNKNOWN,,,,Y,UNKNOWN,UNKNOWN,
ACC_P776,P776,NONE,UNKNOWN,UNKNOWN,UNKNOWN,NONE,PARTIAL,PARTIAL,NONE,N,CONDITIONAL,CONDITIONAL,주차장 등 진입부는 이용 가능 / 오름 등반로는 접근 불가,UNKNOWN,단차 있음+계단 있음+비포장+휠체어 접근 제한,,,주차장과 화장실이 있습니다. 다만 오름 탐방로에 단차와 계단이 있고 비포장 구간이 이어져 휠체어로 오르시기는 어렵습니다. 장애인 화장실은 없습니다.,,,,휠내비길(wheelnavi.kr) 음성안내 · 제주올레 오디오가이드(jejuolle.org) 코스별 음성해설,「탐나는수어」 앱 · 제주수어통역센터 여행수어 자료(jejudeaf.com),,,,차량+도보,,,,,,,,,,,,2023-12,,,,,,,UNKNOWN,UNKNOWN,,,,,제주관광약자접근성안내센터(이지제주) · 한국관광공사 열린관광 · ㈜휴플 현장조사,2026-06,2024~2026,https://easyjeju.net,제주관광공사 「오감으로 즐기는 제주」(2023.12.22) · 한국관광공사 열린관광지 · 이지제주,"현재 무장애 정보는 이동(지체) 접근성 기준입니다. 시각·청각·발달 장애 정보는 확보 중이며, 열린관광 모두의여행(access.visitkorea.or.kr) 또는 이지제주(easyjeju.net)에서 확인하실 수 있습니다.",SURVEYED,[FIX84] 오름 등반로 접근 불가 — 진입부(주차장·화장실)와 등반로를 분리 판정. 조사 기록은 routeCondition 참조,FIX84: 이용자 안내문 신설 — 내부 표기 사유 제거,v3,ROUTE_SURVEY,경로 상태 조사: 단차 있음+계단 있음+비포장+휠체어 접근 제한,,,,Y,UNKNOWN,UNKNOWN,
ACC_P777,P777,NONE,UNKNOWN,UNKNOWN,UNKNOWN,NONE,UNKNOWN,PARTIAL,NONE,N,CONDITIONAL,CONDITIONAL,주차장 등 진입부는 이용 가능 / 오름 등반로는 접근 불가,UNKNOWN,단차 있음+노면 불량+비포장+흙길+휠체어 접근 제한,,,주차장까지는 차로 오실 수 있습니다. 다만 오름 탐방로에 단차가 있고 흙길과 비포장 구간이 이어지며 노면이 고르지 않아 휠체어로 오르시기는 어렵습니다. 장애인 화장실은 없습니다.,,,,휠내비길(wheelnavi.kr) 음성안내 · 제주올레 오디오가이드(jejuolle.org) 코스별 음성해설,「탐나는수어」 앱 · 제주수어통역센터 여행수어 자료(jejudeaf.com),,,,차량+도보,,,,,,,,,,,,2023-12,,,,,,,UNKNOWN,UNKNOWN,,,,,제주관광약자접근성안내센터(이지제주) · 한국관광공사 열린관광 · ㈜휴플 현장조사,2026-06,2024~2026,https://easyjeju.net,제주관광공사 「오감으로 즐기는 제주」(2023.12.22) · 한국관광공사 열린관광지 · 이지제주,"현재 무장애 정보는 이동(지체) 접근성 기준입니다. 시각·청각·발달 장애 정보는 확보 중이며, 열린관광 모두의여행(access.visitkorea.or.kr) 또는 이지제주(easyjeju.net)에서 확인하실 수 있습니다.",SURVEYED,[FIX84] 오름 등반로 접근 불가 — 진입부(주차장·화장실)와 등반로를 분리 판정. 조사 기록은 routeCondition 참조,FIX84: 이용자 안내문 신설 — 내부 표기 사유 제거,v3,ROUTE_SURVEY,경로 상태 조사: 단차 있음+노면 불량+비포장+흙길+휠체어 접근 제한,,,,Y,UNKNOWN,UNKNOWN,
ACC_P778,P778,NONE,UNKNOWN,UNKNOWN,UNKNOWN,NONE,NONE,PARTIAL,NONE,N,UNAVAILABLE,UNAVAILABLE,활동참여 불가 — 정상 탐방로 급경사·비포장·좁은 능선. 진입부 접근 가능은 정상 접근을 뜻하지 않음,UNKNOWN,단차 있음+노면 불량+비포장+흙길+휠체어 접근 제한,,,"오름 진입부 임도에는 완만한 구간이 있으나, 정상으로 이어지는 탐방로는 급경사 비포장 자연로이고 정상 능선은 폭이 약 1m에 양쪽이 가파른 낭떠러지여서 휠체어로 정상에 오르실 수 없습니다. 동행자 도움으로 해결되는 수준의 장애물이 아닙니다",,,,휠내비길(wheelnavi.kr) 음성안내 · 제주올레 오디오가이드(jejuolle.org) 코스별 음성해설,「탐나는수어」 앱 · 제주수어통역센터 여행수어 자료(jejudeaf.com),,,,차량+도보,,,,,,,,,,,,2023-12,,,,,,,UNKNOWN,UNKNOWN,,,,,제주관광약자접근성안내센터(이지제주) · 한국관광공사 열린관광 · ㈜휴플 현장조사,2026-06,2024~2026,https://easyjeju.net,제주관광공사 「오감으로 즐기는 제주」(2023.12.22) · 한국관광공사 열린관광지 · 이지제주,"현재 무장애 정보는 이동(지체) 접근성 기준입니다. 시각·청각·발달 장애 정보는 확보 중이며, 열린관광 모두의여행(access.visitkorea.or.kr) 또는 이지제주(easyjeju.net)에서 확인하실 수 있습니다.",SURVEYED,FIX68: P798 과 동일 장소(중복 노드). 대표는 P798 이며 이 노드는 추천 대상에서 제외함. 접근성 정보는 P798 로 이관 완료. 관계는 이력 보존을 위해 남겨둠 ※ [FIX83] 정상 접근 NONE 확정 — 진입부 접근만으로 PARTIAL 부여 시 오독 위험 (FIX68 판단),FIX68: P798 로 병합 (중복 노드) | FIX83: 이용자 사유 필드에서 내부 표기 제거,v3,ROUTE_SURVEY,경로 상태 조사: 단차 있음+노면 불량+비포장+흙길+휠체어 접근 제한,,,,N,UNKNOWN,UNKNOWN,
ACC_P779,P779,NONE,UNKNOWN,UNKNOWN,UNKNOWN,NONE,UNKNOWN,PARTIAL,NONE,N,CONDITIONAL,CONDITIONAL,주차장 등 진입부는 이용 가능 / 오름 등반로는 접근 불가,UNKNOWN,단차 있음+노면 불량+비포장+휠체어 접근 제한,,,주차장까지는 차로 오실 수 있습니다. 다만 오름 탐방로에 단차가 있고 비포장 구간의 노면이 고르지 않아 휠체어로 오르시기는 어렵습니다. 장애인 화장실은 없습니다.,,,,휠내비길(wheelnavi.kr) 음성안내 · 제주올레 오디오가이드(jejuolle.org) 코스별 음성해설,「탐나는수어」 앱 · 제주수어통역센터 여행수어 자료(jejudeaf.com),,,,차량+도보,,,,,,,,,,,,2023-12,,,,,,,UNKNOWN,UNKNOWN,,,,,제주관광약자접근성안내센터(이지제주) · 한국관광공사 열린관광 · ㈜휴플 현장조사,2026-06,2024~2026,https://easyjeju.net,제주관광공사 「오감으로 즐기는 제주」(2023.12.22) · 한국관광공사 열린관광지 · 이지제주,"현재 무장애 정보는 이동(지체) 접근성 기준입니다. 시각·청각·발달 장애 정보는 확보 중이며, 열린관광 모두의여행(access.visitkorea.or.kr) 또는 이지제주(easyjeju.net)에서 확인하실 수 있습니다.",SURVEYED,[FIX84] 오름 등반로 접근 불가 — 진입부(주차장·화장실)와 등반로를 분리 판정. 조사 기록은 routeCondition 참조,FIX84: 이용자 안내문 신설 — 내부 표기 사유 제거,v3,ROUTE_SURVEY,경로 상태 조사: 단차 있음+노면 불량+비포장+휠체어 접근 제한,,,,Y,UNKNOWN,UNKNOWN,
ACC_P780,P780,NONE,UNKNOWN,UNKNOWN,UNKNOWN,NONE,UNKNOWN,PARTIAL,NONE,Y,CONDITIONAL,CONDITIONAL,주차장 등 진입부는 이용 가능 / 오름 등반로는 접근 불가,UNKNOWN,단차 있음+비포장+흙길+휠체어 접근 제한,,,오름 탐방로에 단차가 있고 흙길과 비포장 구간이 이어져 휠체어로 오르시기는 어렵습니다. 주차장과 장애인 화장실은 확인되지 않았으니 방문하실 계획이라면 미리 알아보시는 편이 좋습니다.,,,,휠내비길(wheelnavi.kr) 음성안내 · 제주올레 오디오가이드(jejuolle.org) 코스별 음성해설,「탐나는수어」 앱 · 제주수어통역센터 여행수어 자료(jejudeaf.com),,,,차량+대중교통+도보,,,,,,,,,,,,2023-12,,,,,,,UNKNOWN,UNKNOWN,,,,,제주관광약자접근성안내센터(이지제주) · 한국관광공사 열린관광 · ㈜휴플 현장조사,2026-06,2024~2026,https://easyjeju.net,제주관광공사 「오감으로 즐기는 제주」(2023.12.22) · 한국관광공사 열린관광지 · 이지제주,"현재 무장애 정보는 이동(지체) 접근성 기준입니다. 시각·청각·발달 장애 정보는 확보 중이며, 열린관광 모두의여행(access.visitkorea.or.kr) 또는 이지제주(easyjeju.net)에서 확인하실 수 있습니다.",SURVEYED,[FIX84] 오름 등반로 접근 불가 — 진입부(주차장·화장실)와 등반로를 분리 판정. 조사 기록은 routeCondition 참조 ※ 잔여 확인 — 주차 공간 유무,FIX84: 이용자 안내문 신설 — 내부 표기 사유 제거,v3,ROUTE_SURVEY,경로 상태 조사: 단차 있음+비포장+흙길+휠체어 접근 제한,,,,Y,UNKNOWN,UNKNOWN,
ACC_P781,P781,NONE,UNKNOWN,UNKNOWN,UNKNOWN,NONE,PARTIAL,PARTIAL,NONE,N,CONDITIONAL,CONDITIONAL,주차장 등 진입부는 이용 가능 / 오름 등반로는 접근 불가,UNKNOWN,단차 있음+계단 있음+비포장+흙길+휠체어 접근 제한,,,"주차장 24면과 화장실, 안내도가 갖춰져 있어 오름 아래까지는 차로 오실 수 있습니다. 다만 탐방로에 단차와 계단이 있고 흙길과 비포장 구간이 이어져 휠체어로 오르시기는 어렵습니다. 장애인 화장실은 없습니다.",,,,휠내비길(wheelnavi.kr) 음성안내 · 제주올레 오디오가이드(jejuolle.org) 코스별 음성해설,「탐나는수어」 앱 · 제주수어통역센터 여행수어 자료(jejudeaf.com),,,,차량+도보,,,,,,,,,,,,2023-12,,,,,,,UNKNOWN,UNKNOWN,,,,,제주관광약자접근성안내센터(이지제주) · 한국관광공사 열린관광 · ㈜휴플 현장조사,2026-06,2024~2026,https://easyjeju.net,제주관광공사 「오감으로 즐기는 제주」(2023.12.22) · 한국관광공사 열린관광지 · 이지제주,"현재 무장애 정보는 이동(지체) 접근성 기준입니다. 시각·청각·발달 장애 정보는 확보 중이며, 열린관광 모두의여행(access.visitkorea.or.kr) 또는 이지제주(easyjeju.net)에서 확인하실 수 있습니다.",SURVEYED,[FIX84] 오름 등반로 접근 불가 — 진입부(주차장·화장실)와 등반로를 분리 판정. 조사 기록은 routeCondition 참조,FIX84: 이용자 안내문 신설 — 내부 표기 사유 제거,v3,ROUTE_SURVEY,경로 상태 조사: 단차 있음+계단 있음+비포장+흙길+휠체어 접근 제한,,,,Y,UNKNOWN,UNKNOWN,
ACC_P782,P782,NONE,UNKNOWN,UNKNOWN,UNKNOWN,NONE,PARTIAL,PARTIAL,NONE,N,CONDITIONAL,CONDITIONAL,주차장 등 진입부는 이용 가능 / 오름 등반로는 접근 불가,UNKNOWN,단차 있음+계단 있음+노면 불량+휠체어 접근 제한,,,공용주차장과 화장실이 있습니다. 다만 탐방로에 단차와 계단이 있고 노면이 고르지 않아 휠체어로 오르시기는 어렵습니다. 장애인 화장실은 없습니다.,,,,휠내비길(wheelnavi.kr) 음성안내 · 제주올레 오디오가이드(jejuolle.org) 코스별 음성해설,「탐나는수어」 앱 · 제주수어통역센터 여행수어 자료(jejudeaf.com),,,,차량+도보,,,,,,,,,,,,2023-12,,,,,,,UNKNOWN,UNKNOWN,,,,,제주관광약자접근성안내센터(이지제주) · 한국관광공사 열린관광 · ㈜휴플 현장조사,2026-06,2024~2026,https://easyjeju.net,제주관광공사 「오감으로 즐기는 제주」(2023.12.22) · 한국관광공사 열린관광지 · 이지제주,"현재 무장애 정보는 이동(지체) 접근성 기준입니다. 시각·청각·발달 장애 정보는 확보 중이며, 열린관광 모두의여행(access.visitkorea.or.kr) 또는 이지제주(easyjeju.net)에서 확인하실 수 있습니다.",SURVEYED,[FIX84] 오름 등반로 접근 불가 — 진입부(주차장·화장실)와 등반로를 분리 판정. 조사 기록은 routeCondition 참조,FIX84: 이용자 안내문 신설 — 내부 표기 사유 제거,v3,ROUTE_SURVEY,경로 상태 조사: 단차 있음+계단 있음+노면 불량+휠체어 접근 제한,,,,Y,UNKNOWN,UNKNOWN,
ACC_P783,P783,NONE,UNKNOWN,UNKNOWN,UNKNOWN,NONE,UNKNOWN,PARTIAL,NONE,N,CONDITIONAL,CONDITIONAL,주차장 등 진입부는 이용 가능 / 오름 등반로는 접근 불가,UNKNOWN,단차 있음+비포장+흙길+휠체어 접근 제한,,,전용주차장과 화장실이 있어 오름 아래까지는 차로 오실 수 있습니다. 다만 탐방로에 단차가 있고 흙길과 비포장 구간이 이어져 휠체어로 오르시기는 어렵습니다. 장애인 화장실은 없습니다.,,,,휠내비길(wheelnavi.kr) 음성안내 · 제주올레 오디오가이드(jejuolle.org) 코스별 음성해설,「탐나는수어」 앱 · 제주수어통역센터 여행수어 자료(jejudeaf.com),,,,차량+도보,,,,,,,,,,,,2023-12,,,,,,,UNKNOWN,UNKNOWN,,,,,제주관광약자접근성안내센터(이지제주) · 한국관광공사 열린관광 · ㈜휴플 현장조사,2026-06,2024~2026,https://easyjeju.net,제주관광공사 「오감으로 즐기는 제주」(2023.12.22) · 한국관광공사 열린관광지 · 이지제주,"현재 무장애 정보는 이동(지체) 접근성 기준입니다. 시각·청각·발달 장애 정보는 확보 중이며, 열린관광 모두의여행(access.visitkorea.or.kr) 또는 이지제주(easyjeju.net)에서 확인하실 수 있습니다.",SURVEYED,[FIX84] 오름 등반로 접근 불가 — 진입부(주차장·화장실)와 등반로를 분리 판정. 조사 기록은 routeCondition 참조,FIX84: 이용자 안내문 신설 — 내부 표기 사유 제거,v3,ROUTE_SURVEY,경로 상태 조사: 단차 있음+비포장+흙길+휠체어 접근 제한,,,,Y,UNKNOWN,UNKNOWN,
ACC_P784,P784,NONE,UNKNOWN,UNKNOWN,UNKNOWN,NONE,UNKNOWN,PARTIAL,NONE,N,CONDITIONAL,CONDITIONAL,주차장 등 진입부는 이용 가능 / 오름 등반로는 접근 불가,UNKNOWN,단차 있음+노면 불량+비포장+휠체어 접근 제한,,,오름 탐방로에 단차가 있고 비포장 구간의 노면이 고르지 않아 휠체어로 오르시기는 어렵습니다. 주차 공간과 장애인 화장실은 확인되지 않았으니 방문하실 계획이라면 미리 알아보시는 편이 좋습니다.,,,,휠내비길(wheelnavi.kr) 음성안내 · 제주올레 오디오가이드(jejuolle.org) 코스별 음성해설,「탐나는수어」 앱 · 제주수어통역센터 여행수어 자료(jejudeaf.com),,,,차량+도보,,,,,,,,,,,,2023-12,,,,,,,UNKNOWN,UNKNOWN,,,,,제주관광약자접근성안내센터(이지제주) · 한국관광공사 열린관광 · ㈜휴플 현장조사,2026-06,2024~2026,https://easyjeju.net,제주관광공사 「오감으로 즐기는 제주」(2023.12.22) · 한국관광공사 열린관광지 · 이지제주,"현재 무장애 정보는 이동(지체) 접근성 기준입니다. 시각·청각·발달 장애 정보는 확보 중이며, 열린관광 모두의여행(access.visitkorea.or.kr) 또는 이지제주(easyjeju.net)에서 확인하실 수 있습니다.",SURVEYED,[FIX84] 오름 등반로 접근 불가 — 진입부(주차장·화장실)와 등반로를 분리 판정. 조사 기록은 routeCondition 참조 ※ 잔여 확인 — 주차 공간 유무,FIX84: 이용자 안내문 신설 — 내부 표기 사유 제거,v3,ROUTE_SURVEY,경로 상태 조사: 단차 있음+노면 불량+비포장+휠체어 접근 제한,,,,Y,UNKNOWN,UNKNOWN,
ACC_P785,P785,NONE,UNKNOWN,UNKNOWN,UNKNOWN,NONE,UNKNOWN,PARTIAL,NONE,Y,CONDITIONAL,CONDITIONAL,주차장 등 진입부는 이용 가능 / 오름 등반로는 접근 불가,UNKNOWN,단차 있음+비포장+흙길+휠체어 접근 제한,,,오름 탐방로에 단차가 있고 흙길과 비포장 구간이 이어져 휠체어로 오르시기는 어렵습니다. 주차 공간과 장애인 화장실은 확인되지 않았으니 방문하실 계획이라면 미리 알아보시는 편이 좋습니다.,,,,휠내비길(wheelnavi.kr) 음성안내 · 제주올레 오디오가이드(jejuolle.org) 코스별 음성해설,「탐나는수어」 앱 · 제주수어통역센터 여행수어 자료(jejudeaf.com),,,,차량+대중교통+도보,,,,,,,,,,,,2023-12,,,,,,,UNKNOWN,UNKNOWN,,,,,제주관광약자접근성안내센터(이지제주) · 한국관광공사 열린관광 · ㈜휴플 현장조사,2026-06,2024~2026,https://easyjeju.net,제주관광공사 「오감으로 즐기는 제주」(2023.12.22) · 한국관광공사 열린관광지 · 이지제주,"현재 무장애 정보는 이동(지체) 접근성 기준입니다. 시각·청각·발달 장애 정보는 확보 중이며, 열린관광 모두의여행(access.visitkorea.or.kr) 또는 이지제주(easyjeju.net)에서 확인하실 수 있습니다.",SURVEYED,[FIX84] 오름 등반로 접근 불가 — 진입부(주차장·화장실)와 등반로를 분리 판정. 조사 기록은 routeCondition 참조 ※ 잔여 확인 — 주차 공간 유무,FIX84: 이용자 안내문 신설 — 내부 표기 사유 제거,v3,ROUTE_SURVEY,경로 상태 조사: 단차 있음+비포장+흙길+휠체어 접근 제한,,,,Y,UNKNOWN,UNKNOWN,
ACC_P786,P786,NONE,UNKNOWN,UNKNOWN,UNKNOWN,NONE,UNKNOWN,PARTIAL,NONE,Y,CONDITIONAL,CONDITIONAL,주차장 등 진입부는 이용 가능 / 오름 등반로는 접근 불가,UNKNOWN,비포장+단차 있음+휠체어 접근 제한,,,오름 탐방로가 비포장이고 단차가 있어 휠체어로 오르시기는 어렵습니다. 주차 공간과 장애인 화장실은 확인되지 않았으니 방문하실 계획이라면 미리 알아보시는 편이 좋습니다.,,,,휠내비길(wheelnavi.kr) 음성안내 · 제주올레 오디오가이드(jejuolle.org) 코스별 음성해설,「탐나는수어」 앱 · 제주수어통역센터 여행수어 자료(jejudeaf.com),,,,차량+대중교통+도보,,,,,,,,,,,,2023-12,,,,,,,UNKNOWN,UNKNOWN,,,,,제주관광약자접근성안내센터(이지제주) · 한국관광공사 열린관광 · ㈜휴플 현장조사,2026-06,2024~2026,https://easyjeju.net,제주관광공사 「오감으로 즐기는 제주」(2023.12.22) · 한국관광공사 열린관광지 · 이지제주,"현재 무장애 정보는 이동(지체) 접근성 기준입니다. 시각·청각·발달 장애 정보는 확보 중이며, 열린관광 모두의여행(access.visitkorea.or.kr) 또는 이지제주(easyjeju.net)에서 확인하실 수 있습니다.",SURVEYED,[FIX84] 오름 등반로 접근 불가 — 진입부(주차장·화장실)와 등반로를 분리 판정. 조사 기록은 routeCondition 참조 ※ 잔여 확인 — 주차 공간 유무,FIX84: 이용자 안내문 신설 — 내부 표기 사유 제거,v3,ROUTE_SURVEY,경로 상태 조사: 비포장+단차 있음+휠체어 접근 제한,,,,Y,UNKNOWN,UNKNOWN,
ACC_P787,P787,NONE,UNKNOWN,UNKNOWN,UNKNOWN,NONE,PARTIAL,PARTIAL,NONE,N,UNAVAILABLE,UNAVAILABLE,주차장 등 진입부는 이용 가능 / 오름 등반로는 접근 불가,UNKNOWN,비포장+단차 있음+접근 불가,,,족은바리메의 오름 등반로는 비포장 자연 노면·단차이라 휠체어로 이동하시기 어렵습니다. 장애인 화장실은 없습니다.,,,,휠내비길(wheelnavi.kr) 음성안내 · 제주올레 오디오가이드(jejuolle.org) 코스별 음성해설,「탐나는수어」 앱 · 제주수어통역센터 여행수어 자료(jejudeaf.com),,,,차량+도보,,,,,,,,,,,,2023-12,,,,,,,UNKNOWN,UNKNOWN,,,,,제주관광약자접근성안내센터(이지제주) · 한국관광공사 열린관광 · ㈜휴플 현장조사,2026-06,2024~2026,https://easyjeju.net,제주관광공사 「오감으로 즐기는 제주」(2023.12.22) · 한국관광공사 열린관광지 · 이지제주,"현재 무장애 정보는 이동(지체) 접근성 기준입니다. 시각·청각·발달 장애 정보는 확보 중이며, 열린관광 모두의여행(access.visitkorea.or.kr) 또는 이지제주(easyjeju.net)에서 확인하실 수 있습니다.",SURVEYED,[FIX89] 산·오름 사유 이관 — 조사 기록은 routeCondition·barrierFreeDetail 참조,,v3,ROUTE_SURVEY,경로 상태 조사: 비포장+단차 있음+접근 불가,,,,N,UNKNOWN,UNKNOWN,"시각장애인은 동행자와 함께라면 이용 가능할 수 있으나 안내 설비 정보가 없습니다. 청각장애인은 이동에 제약이 적을 것으로 보이나, 조난 시 연락 수단·안내 방송 여부가 확인되지 않았습니다"
ACC_P788,P788,NONE,UNKNOWN,UNKNOWN,UNKNOWN,NONE,UNKNOWN,UNKNOWN,NONE,Y,CONDITIONAL,CONDITIONAL,주차장 등 진입부는 이용 가능 / 오름 등반로는 접근 불가,UNKNOWN,비포장+휠체어 접근 제한,,,주차장까지는 차로 오실 수 있습니다. 다만 오름으로 오르는 길이 비포장이라 휠체어로 오르시기는 어렵습니다. 장애인 화장실은 없습니다.,,,,휠내비길(wheelnavi.kr) 음성안내 · 제주올레 오디오가이드(jejuolle.org) 코스별 음성해설,「탐나는수어」 앱 · 제주수어통역센터 여행수어 자료(jejudeaf.com),,,,차량+대중교통+도보,,,,,,,,,,,,2023-12,,,,,,,UNKNOWN,UNKNOWN,,,,,제주관광약자접근성안내센터(이지제주) · 한국관광공사 열린관광 · ㈜휴플 현장조사,2026-06,2024~2026,https://easyjeju.net,제주관광공사 「오감으로 즐기는 제주」(2023.12.22) · 한국관광공사 열린관광지 · 이지제주,"현재 무장애 정보는 이동(지체) 접근성 기준입니다. 시각·청각·발달 장애 정보는 확보 중이며, 열린관광 모두의여행(access.visitkorea.or.kr) 또는 이지제주(easyjeju.net)에서 확인하실 수 있습니다.",SURVEYED,[FIX84] 오름 등반로 접근 불가 — 진입부(주차장·화장실)와 등반로를 분리 판정. 조사 기록은 routeCondition 참조,FIX84: 이용자 안내문 신설 — 내부 표기 사유 제거,v3,ROUTE_SURVEY,경로 상태 조사: 비포장+휠체어 접근 제한,,,,Y,UNKNOWN,UNKNOWN,
ACC_P789,P789,NONE,UNKNOWN,UNKNOWN,UNKNOWN,NONE,PARTIAL,PARTIAL,NONE,Y,UNAVAILABLE,UNAVAILABLE,주차장 등 진입부는 이용 가능 / 오름 등반로는 접근 불가,UNKNOWN,비포장+단차 있음+접근 불가,,,토산봉(망오름)의 오름 등반로는 비포장 자연 노면·단차이라 휠체어로 이동하시기 어렵습니다. 장애인 화장실은 없습니다.,,,,휠내비길(wheelnavi.kr) 음성안내 · 제주올레 오디오가이드(jejuolle.org) 코스별 음성해설,「탐나는수어」 앱 · 제주수어통역센터 여행수어 자료(jejudeaf.com),,,,차량+대중교통+도보,,,,,,,,,,,,2023-12,,,,,,,UNKNOWN,UNKNOWN,,,,,제주관광약자접근성안내센터(이지제주) · 한국관광공사 열린관광 · ㈜휴플 현장조사,2026-06,2024~2026,https://easyjeju.net,제주관광공사 「오감으로 즐기는 제주」(2023.12.22) · 한국관광공사 열린관광지 · 이지제주,"현재 무장애 정보는 이동(지체) 접근성 기준입니다. 시각·청각·발달 장애 정보는 확보 중이며, 열린관광 모두의여행(access.visitkorea.or.kr) 또는 이지제주(easyjeju.net)에서 확인하실 수 있습니다.",SURVEYED,[FIX89] 산·오름 사유 이관 — 조사 기록은 routeCondition·barrierFreeDetail 참조,,v3,ROUTE_SURVEY,경로 상태 조사: 비포장+단차 있음+접근 불가,,,,N,UNKNOWN,UNKNOWN,"시각장애인은 동행자와 함께라면 이용 가능할 수 있으나 안내 설비 정보가 없습니다. 청각장애인은 이동에 제약이 적을 것으로 보이나, 조난 시 연락 수단·안내 방송 여부가 확인되지 않았습니다"
ACC_P790,P790,NONE,UNKNOWN,UNKNOWN,UNKNOWN,NONE,PARTIAL,PARTIAL,NONE,N,UNAVAILABLE,UNAVAILABLE,주차장 등 진입부는 이용 가능 / 오름 등반로는 접근 불가,UNKNOWN,비포장+노면 불량+접근 불가,,,족은사슴이오름의 오름 등반로는 비포장 자연 노면·고르지 않은 노면이라 휠체어로 이동하시기 어렵습니다. 장애인 화장실은 없습니다.,,,,휠내비길(wheelnavi.kr) 음성안내 · 제주올레 오디오가이드(jejuolle.org) 코스별 음성해설,「탐나는수어」 앱 · 제주수어통역센터 여행수어 자료(jejudeaf.com),,,,차량+도보,,,,,,,,,,,,2023-12,,,,,,,UNKNOWN,UNKNOWN,,,,,제주관광약자접근성안내센터(이지제주) · 한국관광공사 열린관광 · ㈜휴플 현장조사,2026-06,2024~2026,https://easyjeju.net,제주관광공사 「오감으로 즐기는 제주」(2023.12.22) · 한국관광공사 열린관광지 · 이지제주,"현재 무장애 정보는 이동(지체) 접근성 기준입니다. 시각·청각·발달 장애 정보는 확보 중이며, 열린관광 모두의여행(access.visitkorea.or.kr) 또는 이지제주(easyjeju.net)에서 확인하실 수 있습니다.",SURVEYED,[FIX89] 산·오름 사유 이관 — 조사 기록은 routeCondition·barrierFreeDetail 참조,,v3,ROUTE_SURVEY,경로 상태 조사: 비포장+노면 불량+접근 불가,,,,N,UNKNOWN,UNKNOWN,"시각장애인은 동행자와 함께라면 이용 가능할 수 있으나 안내 설비 정보가 없습니다. 청각장애인은 이동에 제약이 적을 것으로 보이나, 조난 시 연락 수단·안내 방송 여부가 확인되지 않았습니다"
ACC_P791,P791,NONE,UNKNOWN,UNKNOWN,UNKNOWN,NONE,PARTIAL,PARTIAL,NONE,N,UNAVAILABLE,UNAVAILABLE,주차장 등 진입부는 이용 가능 / 오름 등반로는 접근 불가,UNKNOWN,비포장+계단 있음+접근 불가,,,걸서악의 오름 등반로는 비포장 자연 노면·계단이라 휠체어로 이동하시기 어렵습니다. 장애인 화장실은 없습니다.,,,,휠내비길(wheelnavi.kr) 음성안내 · 제주올레 오디오가이드(jejuolle.org) 코스별 음성해설,「탐나는수어」 앱 · 제주수어통역센터 여행수어 자료(jejudeaf.com),,,,차량+도보,,,,,,,,,,,,2023-12,,,,,,,UNKNOWN,UNKNOWN,,,,,제주관광약자접근성안내센터(이지제주) · 한국관광공사 열린관광 · ㈜휴플 현장조사,2026-06,2024~2026,https://easyjeju.net,제주관광공사 「오감으로 즐기는 제주」(2023.12.22) · 한국관광공사 열린관광지 · 이지제주,"현재 무장애 정보는 이동(지체) 접근성 기준입니다. 시각·청각·발달 장애 정보는 확보 중이며, 열린관광 모두의여행(access.visitkorea.or.kr) 또는 이지제주(easyjeju.net)에서 확인하실 수 있습니다.",SURVEYED,[FIX89] 산·오름 사유 이관 — 조사 기록은 routeCondition·barrierFreeDetail 참조,,v3,ROUTE_SURVEY,경로 상태 조사: 비포장+계단 있음+접근 불가,,,,N,UNKNOWN,UNKNOWN,"시각장애인은 동행자와 함께라면 이용 가능할 수 있으나 안내 설비 정보가 없습니다. 청각장애인은 이동에 제약이 적을 것으로 보이나, 조난 시 연락 수단·안내 방송 여부가 확인되지 않았습니다"
ACC_P792,P792,NONE,UNKNOWN,UNKNOWN,UNKNOWN,NONE,PARTIAL,PARTIAL,NONE,Y,UNAVAILABLE,UNAVAILABLE,주차장 등 진입부는 이용 가능 / 오름 등반로는 접근 불가,UNKNOWN,비포장+단차 있음+노면 불량+접근 불가,,,뒤굽은이오름의 오름 등반로는 비포장 자연 노면·고르지 않은 노면·단차이라 휠체어로 이동하시기 어렵습니다. 장애인 화장실은 없습니다.,,,,휠내비길(wheelnavi.kr) 음성안내 · 제주올레 오디오가이드(jejuolle.org) 코스별 음성해설,「탐나는수어」 앱 · 제주수어통역센터 여행수어 자료(jejudeaf.com),,,,차량+대중교통+도보,,,,,,,,,,,,2023-12,,,,,,,UNKNOWN,UNKNOWN,,,,,제주관광약자접근성안내센터(이지제주) · 한국관광공사 열린관광 · ㈜휴플 현장조사,2026-06,2024~2026,https://easyjeju.net,제주관광공사 「오감으로 즐기는 제주」(2023.12.22) · 한국관광공사 열린관광지 · 이지제주,"현재 무장애 정보는 이동(지체) 접근성 기준입니다. 시각·청각·발달 장애 정보는 확보 중이며, 열린관광 모두의여행(access.visitkorea.or.kr) 또는 이지제주(easyjeju.net)에서 확인하실 수 있습니다.",SURVEYED,[FIX89] 산·오름 사유 이관 — 조사 기록은 routeCondition·barrierFreeDetail 참조,,v3,ROUTE_SURVEY,경로 상태 조사: 비포장+단차 있음+노면 불량+접근 불가,,,,N,UNKNOWN,UNKNOWN,"시각장애인은 동행자와 함께라면 이용 가능할 수 있으나 안내 설비 정보가 없습니다. 청각장애인은 이동에 제약이 적을 것으로 보이나, 조난 시 연락 수단·안내 방송 여부가 확인되지 않았습니다"
ACC_P793,P793,NONE,UNKNOWN,UNKNOWN,UNKNOWN,NONE,PARTIAL,PARTIAL,NONE,N,UNAVAILABLE,UNAVAILABLE,주차장 등 진입부는 이용 가능 / 오름 등반로는 접근 불가,UNKNOWN,비포장+단차 있음+노면 불량+접근 불가,,,마복이오름의 오름 등반로는 비포장 자연 노면·고르지 않은 노면·단차이라 휠체어로 이동하시기 어렵습니다. 장애인 화장실은 없습니다.,,,,휠내비길(wheelnavi.kr) 음성안내 · 제주올레 오디오가이드(jejuolle.org) 코스별 음성해설,「탐나는수어」 앱 · 제주수어통역센터 여행수어 자료(jejudeaf.com),,,,차량+도보,,,,,,,,,,,,2023-12,,,,,,,UNKNOWN,UNKNOWN,,,,,제주관광약자접근성안내센터(이지제주) · 한국관광공사 열린관광 · ㈜휴플 현장조사,2026-06,2024~2026,https://easyjeju.net,제주관광공사 「오감으로 즐기는 제주」(2023.12.22) · 한국관광공사 열린관광지 · 이지제주,"현재 무장애 정보는 이동(지체) 접근성 기준입니다. 시각·청각·발달 장애 정보는 확보 중이며, 열린관광 모두의여행(access.visitkorea.or.kr) 또는 이지제주(easyjeju.net)에서 확인하실 수 있습니다.",SURVEYED,[FIX89] 산·오름 사유 이관 — 조사 기록은 routeCondition·barrierFreeDetail 참조,,v3,ROUTE_SURVEY,경로 상태 조사: 비포장+단차 있음+노면 불량+접근 불가,,,,N,UNKNOWN,UNKNOWN,"시각장애인은 동행자와 함께라면 이용 가능할 수 있으나 안내 설비 정보가 없습니다. 청각장애인은 이동에 제약이 적을 것으로 보이나, 조난 시 연락 수단·안내 방송 여부가 확인되지 않았습니다"
ACC_P794,P794,PARTIAL,UNKNOWN,UNKNOWN,UNKNOWN,PARTIAL,FULL,FULL,NONE,Y,AVAILABLE,UNAVAILABLE,시설접근 가능 / 활동참여 불가 — 오름·숲길 트레킹 — 휠체어 진입 불가,UNKNOWN,단차 없음+휠체어 접근 가능,,진입부는 단차 없이 접근 가능하고 주차장과 화장실이 있음. 다만 오름·숲길 트레킹 구간은 휠체어 진입 불가이며 장애인 화장실은 없음,"진입부는 단차 없이 들어가실 수 있고 주차장과 화장실이 있습니다. 다만 오름과 숲길 트레킹 구간은 휠체어로 이동하시기 어렵고, 장애인 화장실은 없는 것으로 확인되었습니다. 오래 머무실 계획이라면 이 점을 감안해 주세요.",,,,휠내비길(wheelnavi.kr) 음성안내 · 제주올레 오디오가이드(jejuolle.org) 코스별 음성해설,「탐나는수어」 앱 · 제주수어통역센터 여행수어 자료(jejudeaf.com),,,,차량+대중교통+도보,,,,,,,,,,,,2023-12,,,,,,,UNKNOWN,UNKNOWN,,,,,제주관광약자접근성안내센터(이지제주) · 한국관광공사 열린관광 · ㈜휴플 현장조사,2026-06,2024~2026,https://easyjeju.net,제주관광공사 「오감으로 즐기는 제주」(2023.12.22) · 한국관광공사 열린관광지 · 이지제주,"현재 무장애 정보는 이동(지체) 접근성 기준입니다. 시각·청각·발달 장애 정보는 확보 중이며, 열린관광 모두의여행(access.visitkorea.or.kr) 또는 이지제주(easyjeju.net)에서 확인하실 수 있습니다.",SURVEYED,[FIX83] 오름·숲길 트레킹 — 진입부와 트레킹 구간을 분리 판정 (FIX28). disabledToilet=NONE 확인됨,FIX13: 장애인 화장실 미비 표기 | FIX28: Activity 축 모순 해소 | FIX83: 이용자 사유 필드에서 내부 표기 제거,v3,ROUTE_SURVEY,경로 상태 조사: 단차 없음+휠체어 접근 가능,,,,N,UNKNOWN,UNKNOWN,"시각장애인은 동행자와 함께라면 이용 가능할 수 있으나 안내 설비 정보가 없습니다. 청각장애인은 이동에 제약이 적을 것으로 보이나, 조난 시 연락 수단·안내 방송 여부가 확인되지 않았습니다"
ACC_P795,P795,PARTIAL,UNKNOWN,UNKNOWN,UNKNOWN,PARTIAL,PARTIAL,PARTIAL,PARTIAL,Y,CONDITIONAL,CONDITIONAL,시설접근 기준 판정 — 활동참여 개별 근거 미확보,전시관 경사로/엘리베이터+탐방로 계단/경사 주의,예약제 탐방로+오름 탐방 중 화장실 없음+경사·노면 주의,"탐방안내소 편의시설 확인, 탐방로 내부는 보행 중심",,화장실은 탐방안내소에 있습니다. 탐방로 안에는 화장실이 없으니 출발 전에 이용해 주세요. 전시관은 경사로와 엘리베이터로 이동하실 수 있으나 탐방로에는 계단과 경사 구간이 있습니다,,,,휠내비길(wheelnavi.kr) 음성안내 · 제주올레 오디오가이드(jejuolle.org) 코스별 음성해설,「탐나는수어」 앱 · 제주수어통역센터 여행수어 자료(jejudeaf.com),,,,차량+대중교통+도보,,,,,,,,,,,,2023-12,,,,,,,UNKNOWN,UNKNOWN,,,,,제주관광약자접근성안내센터(이지제주) · 한국관광공사 열린관광 · ㈜휴플 현장조사,2026-06,2024~2026,https://easyjeju.net,제주관광공사 「오감으로 즐기는 제주」(2023.12.22) · 한국관광공사 열린관광지 · 이지제주,"현재 무장애 정보는 이동(지체) 접근성 기준입니다. 시각·청각·발달 장애 정보는 확보 중이며, 열린관광 모두의여행(access.visitkorea.or.kr) 또는 이지제주(easyjeju.net)에서 확인하실 수 있습니다.",SURVEYED,"※ FIX53: P554 거문오름 중복 노드 병합 — 접근성 조사값(장애인화장실·경사)을 이관받음. 화장실은 탐방안내소 한정이므로 FULL 이 아니라 PARTIAL. 근거: 비짓제주(탐방 중 화장실 이용 불가 안내), 한국관광공사 무장애 정보(장애인화장실 등록)",FIX53: P554 병합 수신 (대표 노드),v3,ROUTE_SURVEY,경로 상태 조사: 예약제 탐방로+오름 탐방 중 화장실 없음+경사·노면 주의,,,,Y,UNKNOWN,UNKNOWN,
ACC_P796,P796,NONE,UNKNOWN,UNKNOWN,UNKNOWN,NONE,PARTIAL,PARTIAL,NONE,N,UNAVAILABLE,UNAVAILABLE,주차장 등 진입부는 이용 가능 / 오름 등반로는 접근 불가,UNKNOWN,흙길+오름 경사+일부 사유지 출입제한 가능,UNKNOWN,,궷물오름의 오름 등반로는 비포장 자연 노면·경사 구간이라 휠체어로 이동하시기 어렵습니다. 장애인 화장실은 없습니다.,,,,휠내비길(wheelnavi.kr) 음성안내 · 제주올레 오디오가이드(jejuolle.org) 코스별 음성해설,「탐나는수어」 앱 · 제주수어통역센터 여행수어 자료(jejudeaf.com),,,,차량+도보,,,,,,,,,,,,2023-12,,,,,,,UNKNOWN,UNKNOWN,,,,,제주관광약자접근성안내센터(이지제주) · 한국관광공사 열린관광 · ㈜휴플 현장조사,2026-06,2024~2026,https://easyjeju.net,제주관광공사 「오감으로 즐기는 제주」(2023.12.22) · 한국관광공사 열린관광지 · 이지제주,"현재 무장애 정보는 이동(지체) 접근성 기준입니다. 시각·청각·발달 장애 정보는 확보 중이며, 열린관광 모두의여행(access.visitkorea.or.kr) 또는 이지제주(easyjeju.net)에서 확인하실 수 있습니다.",SURVEYED,[FIX89] 산·오름 사유 이관 — 조사 기록은 routeCondition·barrierFreeDetail 참조,,v3,ROUTE_SURVEY,경로 상태 조사: 흙길+오름 경사+일부 사유지 출입제한 가능,,,,N,UNKNOWN,UNKNOWN,"시각장애인은 동행자와 함께라면 이용 가능할 수 있으나 안내 설비 정보가 없습니다. 청각장애인은 이동에 제약이 적을 것으로 보이나, 조난 시 연락 수단·안내 방송 여부가 확인되지 않았습니다"
ACC_P797,P797,NONE,UNKNOWN,UNKNOWN,UNKNOWN,NONE,PARTIAL,PARTIAL,NONE,N,UNAVAILABLE,UNAVAILABLE,주차장 등 진입부는 이용 가능 / 오름 등반로는 접근 불가,UNKNOWN,오름 흙길+정상부 일부 통제+화장실·탐방안내소 없음,UNKNOWN,,백약이오름의 오름 등반로는 비포장 자연 노면이라 휠체어로 이동하시기 어렵습니다. 장애인 화장실은 없습니다.,,,,휠내비길(wheelnavi.kr) 음성안내 · 제주올레 오디오가이드(jejuolle.org) 코스별 음성해설,「탐나는수어」 앱 · 제주수어통역센터 여행수어 자료(jejudeaf.com),,,,차량+도보,,,,,,,,,,,,2023-12,,,,,,,UNKNOWN,UNKNOWN,,,,,제주관광약자접근성안내센터(이지제주) · 한국관광공사 열린관광 · ㈜휴플 현장조사,2026-06,2024~2026,https://easyjeju.net,제주관광공사 「오감으로 즐기는 제주」(2023.12.22) · 한국관광공사 열린관광지 · 이지제주,"현재 무장애 정보는 이동(지체) 접근성 기준입니다. 시각·청각·발달 장애 정보는 확보 중이며, 열린관광 모두의여행(access.visitkorea.or.kr) 또는 이지제주(easyjeju.net)에서 확인하실 수 있습니다.",SURVEYED,[FIX89] 산·오름 사유 이관 — 조사 기록은 routeCondition·barrierFreeDetail 참조,,v3,FACILITY_SURVEY,편의시설 조사: UNKNOWN,,,,N,UNKNOWN,UNKNOWN,"시각장애인은 동행자와 함께라면 이용 가능할 수 있으나 안내 설비 정보가 없습니다. 청각장애인은 이동에 제약이 적을 것으로 보이나, 조난 시 연락 수단·안내 방송 여부가 확인되지 않았습니다"
ACC_P798,P798,NONE,UNKNOWN,UNKNOWN,UNKNOWN,NONE,NONE,PARTIAL,NONE,N,UNAVAILABLE,UNAVAILABLE,활동참여 불가 — 정상 탐방로 급경사·비포장·좁은 능선. 진입부 접근 가능은 정상 접근을 뜻하지 않음,UNKNOWN,가파른 오름 탐방로+일부 사유지/출입 제한 가능성+악천후 주의,UNKNOWN,,"오름 진입부 임도에는 완만한 구간이 있으나, 정상으로 이어지는 탐방로는 급경사 비포장 자연로이고 정상 능선은 폭이 약 1m에 양쪽이 가파른 낭떠러지여서 휠체어로 정상에 오르실 수 없습니다. 동행자 도움으로 해결되는 수준의 장애물이 아닙니다",,,,휠내비길(wheelnavi.kr) 음성안내 · 제주올레 오디오가이드(jejuolle.org) 코스별 음성해설,「탐나는수어」 앱 · 제주수어통역센터 여행수어 자료(jejudeaf.com),,,,차량+도보,,,,,,,,,,,,2023-12,,,,,,,UNKNOWN,UNKNOWN,,,,,제주관광약자접근성안내센터(이지제주) · 한국관광공사 열린관광 · ㈜휴플 현장조사,2026-06,2024~2026,https://easyjeju.net,제주관광공사 「오감으로 즐기는 제주」(2023.12.22) · 한국관광공사 열린관광지 · 이지제주,"현재 무장애 정보는 이동(지체) 접근성 기준입니다. 시각·청각·발달 장애 정보는 확보 중이며, 열린관광 모두의여행(access.visitkorea.or.kr) 또는 이지제주(easyjeju.net)에서 확인하실 수 있습니다.",SURVEYED,"비짓제주 탐방 난이도 「아주 어려움」. 무장애 정상 접근로 미제시. 제주일보 현장 기록 — 정상 능선 폭 약 1m, 양쪽 가파른 낭떠러지 ※ [FIX83] 정상 접근 NONE 확정 — 진입부 접근만으로 PARTIAL 부여 시 오독 위험 (FIX68 판단)",FIX68: P778 병합 수신 (대표 노드) | FIX83: 이용자 사유 필드에서 내부 표기 제거,v3,FACILITY_SURVEY,편의시설 조사: UNKNOWN,,,,N,UNKNOWN,UNKNOWN,"시각장애인은 동행자와 함께라면 이용 가능할 수 있으나 안내 설비 정보가 없습니다. 청각장애인은 이동에 제약이 적을 것으로 보이나, 조난 시 연락 수단·안내 방송 여부가 확인되지 않았습니다"
ACC_P799,P799,PARTIAL,UNKNOWN,UNKNOWN,UNKNOWN,PARTIAL,UNKNOWN,PARTIAL,FULL,Y,CONDITIONAL,CONDITIONAL,시설접근 기준 판정 — 활동참여 개별 근거 미확보,경사로 있음,단차 있음+노면 불량+이동 보조 필요+휠체어 접근 가능,장애인 화장실 있음+장애인 주차장 있음,구간별 접근 제한 — 조사문에 동행 도움 필요 명시,,,,,휠내비길(wheelnavi.kr) 음성안내 · 제주올레 오디오가이드(jejuolle.org) 코스별 음성해설,「탐나는수어」 앱 · 제주수어통역센터 여행수어 자료(jejudeaf.com),,IN_VENUE,이용 동선에서 이용 가능,차량+대중교통+도보,,,,,,,,,,,,2023-12,,,,,,,UNKNOWN,UNKNOWN,,,,,제주관광약자접근성안내센터(이지제주) · 한국관광공사 열린관광 · ㈜휴플 현장조사,2026-06,2024~2026,https://easyjeju.net,제주관광공사 「오감으로 즐기는 제주」(2023.12.22) · 한국관광공사 열린관광지 · 이지제주,"현재 무장애 정보는 이동(지체) 접근성 기준입니다. 시각·청각·발달 장애 정보는 확보 중이며, 열린관광 모두의여행(access.visitkorea.or.kr) 또는 이지제주(easyjeju.net)에서 확인하실 수 있습니다.",SURVEYED,,FIX20: FULL 재점검 — 구간편차 기준 일괄 적용,v3,ROUTE_SURVEY,경로 상태 조사: 단차 있음+노면 불량+이동 보조 필요+휠체어 접근 가능,,,,Y,UNKNOWN,UNKNOWN,
ACC_P800,P800,NONE,UNKNOWN,UNKNOWN,UNKNOWN,NONE,PARTIAL,PARTIAL,UNKNOWN,N,UNAVAILABLE,UNAVAILABLE,시설접근 기준 판정 — 활동참여 개별 근거 미확보,UNKNOWN,비포장+접근 불가,UNKNOWN,,숲길 바닥에 돌과 뿌리가 많고 비포장 자연 노면이라 휠체어로 이동하기 어렵습니다.,곶자왈 숲길에 돌·뿌리와 비포장 자연 노면이 많아 휠체어가 안정적으로 통행하기 어려움.,,,휠내비길(wheelnavi.kr) 음성안내 · 제주올레 오디오가이드(jejuolle.org) 코스별 음성해설,「탐나는수어」 앱 · 제주수어통역센터 여행수어 자료(jejudeaf.com),,,,차량+도보,,,,,,,,,,,,2023-12,,,,,,,UNKNOWN,UNKNOWN,,,,,제주관광약자접근성안내센터(이지제주) · 한국관광공사 열린관광 · ㈜휴플 현장조사,2026-06,2024~2026,https://www.visitjeju.net/kr/detail/view?contentsid=CNTS_000000000020975,제주관광공사 「오감으로 즐기는 제주」(2023.12.22) · 한국관광공사 열린관광지 · 이지제주,"현재 무장애 정보는 이동(지체) 접근성 기준입니다. 시각·청각·발달 장애 정보는 확보 중이며, 열린관광 모두의여행(access.visitkorea.or.kr) 또는 이지제주(easyjeju.net)에서 확인하실 수 있습니다.",SURVEYED,,,v3,ROUTE_SURVEY,경로 상태 조사: 비포장+접근 불가,,,,N,UNKNOWN,UNKNOWN,시각·청각 접근성 정보가 확인되지 않았습니다
ACC_P801,P801,NONE,UNKNOWN,UNKNOWN,UNKNOWN,NONE,UNKNOWN,UNKNOWN,UNKNOWN,Y,CONDITIONAL,CONDITIONAL,주차장·화장실은 이용 가능 / 곶자왈 탐방로는 비포장으로 접근 불가,UNKNOWN,비포장+노면 불량+휠체어 접근 제한,UNKNOWN,,주차장과 화장실이 있습니다. 다만 곶자왈 탐방로가 비포장이고 노면이 고르지 않아 휠체어로 이동하시기는 어렵습니다.,,,,휠내비길(wheelnavi.kr) 음성안내 · 제주올레 오디오가이드(jejuolle.org) 코스별 음성해설,「탐나는수어」 앱 · 제주수어통역센터 여행수어 자료(jejudeaf.com),,,,차량+대중교통+도보,,,,,,,,,,,,2023-12,,,,,,,UNKNOWN,UNKNOWN,,,,,제주관광약자접근성안내센터(이지제주) · 한국관광공사 열린관광 · ㈜휴플 현장조사,2026-06,2024~2026,https://easyjeju.net,제주관광공사 「오감으로 즐기는 제주」(2023.12.22) · 한국관광공사 열린관광지 · 이지제주,"현재 무장애 정보는 이동(지체) 접근성 기준입니다. 시각·청각·발달 장애 정보는 확보 중이며, 열린관광 모두의여행(access.visitkorea.or.kr) 또는 이지제주(easyjeju.net)에서 확인하실 수 있습니다.",SURVEYED,[FIX85] 잔여 확인 — 장애인 주차구역·장애인 화장실 유무,FIX85: 이용자 안내문 신설 — 내부 표기 사유 제거,v3,ROUTE_SURVEY,경로 상태 조사: 비포장+노면 불량+휠체어 접근 제한,,,,Y,UNKNOWN,UNKNOWN,
ACC_P802,P802,NONE,UNKNOWN,UNKNOWN,UNKNOWN,NONE,UNKNOWN,UNKNOWN,UNKNOWN,Y,CONDITIONAL,CONDITIONAL,곶자왈 탐방로는 비포장으로 접근 불가 / 편의시설 미확인,UNKNOWN,비포장+노면 불량+휠체어 접근 제한,UNKNOWN,,곶자왈 탐방로가 비포장이고 노면이 고르지 않아 휠체어로 이동하시기는 어렵습니다. 주차 공간과 화장실은 확인되지 않았으니 방문하실 계획이라면 미리 알아보시는 편이 좋습니다.,,,,휠내비길(wheelnavi.kr) 음성안내 · 제주올레 오디오가이드(jejuolle.org) 코스별 음성해설,「탐나는수어」 앱 · 제주수어통역센터 여행수어 자료(jejudeaf.com),,,,차량+대중교통+도보,,,,,,,,,,,,2023-12,,,,,,,UNKNOWN,UNKNOWN,,,,,제주관광약자접근성안내센터(이지제주) · 한국관광공사 열린관광 · ㈜휴플 현장조사,2026-06,2024~2026,https://easyjeju.net,제주관광공사 「오감으로 즐기는 제주」(2023.12.22) · 한국관광공사 열린관광지 · 이지제주,"현재 무장애 정보는 이동(지체) 접근성 기준입니다. 시각·청각·발달 장애 정보는 확보 중이며, 열린관광 모두의여행(access.visitkorea.or.kr) 또는 이지제주(easyjeju.net)에서 확인하실 수 있습니다.",SURVEYED,[FIX85] 잔여 확인 — 주차 공간·화장실 유무,FIX85: 이용자 안내문 신설 — 내부 표기 사유 제거,v3,ROUTE_SURVEY,경로 상태 조사: 비포장+노면 불량+휠체어 접근 제한,,,,Y,UNKNOWN,UNKNOWN,
ACC_P803,P803,PARTIAL,UNKNOWN,UNKNOWN,UNKNOWN,PARTIAL,FULL,FULL,UNKNOWN,N,CONDITIONAL,CONDITIONAL,시설접근 기준 판정 — 활동참여 개별 근거 미확보,"주 출입구 접근로 바닥 요철 마감입니다+내부 관람로 요철 구간 및 5도 내외 경사 있으며, 출구 부근 7도 경사 있습니다+외부 관람로 바닥 요철 마감이며, 경사 구간 있습니다",단차 없음+휠체어 접근 가능,장애인 주차장 있음,"노면·단차 제약 — 조사문에 ""요철"" 명시",,,,,휠내비길(wheelnavi.kr) 음성안내 · 제주올레 오디오가이드(jejuolle.org) 코스별 음성해설,「탐나는수어」 앱 · 제주수어통역센터 여행수어 자료(jejudeaf.com),,,,차량+도보,,,,,,,,,,,,2023-12,,,,,,,UNKNOWN,UNKNOWN,,,,,제주관광약자접근성안내센터(이지제주) · 한국관광공사 열린관광 · ㈜휴플 현장조사,2026-06,2024~2026,https://easyjeju.net,제주관광공사 「오감으로 즐기는 제주」(2023.12.22) · 한국관광공사 열린관광지 · 이지제주,"현재 무장애 정보는 이동(지체) 접근성 기준입니다. 시각·청각·발달 장애 정보는 확보 중이며, 열린관광 모두의여행(access.visitkorea.or.kr) 또는 이지제주(easyjeju.net)에서 확인하실 수 있습니다.",SURVEYED,,FIX22: 논리검사 패턴 보완(요철·단차·노면불량),v3,ROUTE_SURVEY,경로 상태 조사: 단차 없음+휠체어 접근 가능,,,,Y,UNKNOWN,UNKNOWN,
ACC_P804,P804,UNKNOWN,UNKNOWN,UNKNOWN,UNKNOWN,UNKNOWN,UNKNOWN,PARTIAL,UNKNOWN,N,UNKNOWN,UNKNOWN,,UNKNOWN,노면 불량+이동 보조 필요,UNKNOWN,,,,,,휠내비길(wheelnavi.kr) 음성안내 · 제주올레 오디오가이드(jejuolle.org) 코스별 음성해설,「탐나는수어」 앱 · 제주수어통역센터 여행수어 자료(jejudeaf.com),,,,차량+도보,,,,,,,,,,,,2023-12,,,,,,,UNKNOWN,UNKNOWN,,,,,제주관광약자접근성안내센터(이지제주) · 한국관광공사 열린관광 · ㈜휴플 현장조사,2026-06,2024~2026,https://easyjeju.net,제주관광공사 「오감으로 즐기는 제주」(2023.12.22) · 한국관광공사 열린관광지 · 이지제주,"현재 무장애 정보는 이동(지체) 접근성 기준입니다. 시각·청각·발달 장애 정보는 확보 중이며, 열린관광 모두의여행(access.visitkorea.or.kr) 또는 이지제주(easyjeju.net)에서 확인하실 수 있습니다.",SURVEYED,,,v3,FACILITY_SURVEY,편의시설 조사: UNKNOWN,,,,Y,UNKNOWN,UNKNOWN,
ACC_P805,P805,FULL,UNKNOWN,UNKNOWN,UNKNOWN,FULL,FULL,FULL,UNKNOWN,Y,AVAILABLE,AVAILABLE,시설접근 기준 판정 — 활동참여 개별 근거 미확보,주출입구 단차 없음,단차 없음+휠체어 접근 가능,장애인 주차장 있음,,장애인 화장실 유무를 확인하지 못했습니다. 오래 머무르실 계획이라면 방문 전에 시설에 문의해 주세요.,,,,휠내비길(wheelnavi.kr) 음성안내 · 제주올레 오디오가이드(jejuolle.org) 코스별 음성해설,「탐나는수어」 앱 · 제주수어통역센터 여행수어 자료(jejudeaf.com),,,,차량+대중교통+도보,,,,,,,,,,,,2023-12,,,,,,,UNKNOWN,UNKNOWN,,,,,제주관광약자접근성안내센터(이지제주) · 한국관광공사 열린관광 · ㈜휴플 현장조사,2026-06,2024~2026,https://easyjeju.net,제주관광공사 「오감으로 즐기는 제주」(2023.12.22) · 한국관광공사 열린관광지 · 이지제주,"현재 무장애 정보는 이동(지체) 접근성 기준입니다. 시각·청각·발달 장애 정보는 확보 중이며, 열린관광 모두의여행(access.visitkorea.or.kr) 또는 이지제주(easyjeju.net)에서 확인하실 수 있습니다.",SURVEYED,,,v3,ROUTE_SURVEY,경로 상태 조사: 단차 없음+휠체어 접근 가능,,,,Y,UNKNOWN,UNKNOWN,
ACC_P806,P806,PARTIAL,PARTIAL,UNKNOWN,UNKNOWN,PARTIAL,FULL,FULL,UNKNOWN,N,CONDITIONAL,CONDITIONAL,시설접근 기준 판정 — 활동참여 개별 근거 미확보,UNKNOWN,단차 없음+휠체어 접근 가능+이동 보조 필요,UNKNOWN,구간별 접근 제한 — 조사문에 동행 도움 필요 명시,,,,,휠내비길(wheelnavi.kr) 음성안내 · 제주올레 오디오가이드(jejuolle.org) 코스별 음성해설,「탐나는수어」 앱 · 제주수어통역센터 여행수어 자료(jejudeaf.com),,,,차량+도보,,,,,,,,,,,,2023-12,,,,,,,UNKNOWN,UNKNOWN,,,,,제주관광약자접근성안내센터(이지제주) · 한국관광공사 열린관광 · ㈜휴플 현장조사,2026-06,2024~2026,https://easyjeju.net · https://www.data.go.kr/data/15101897/openapi.do,제주관광공사 「오감으로 즐기는 제주」(2023.12.22) · 한국관광공사 열린관광지 · 이지제주,"현재 무장애 정보는 이동(지체) 접근성 기준입니다. 시각·청각·발달 장애 정보는 확보 중이며, 열린관광 모두의여행(access.visitkorea.or.kr) 또는 이지제주(easyjeju.net)에서 확인하실 수 있습니다.",SURVEYED,[FIX65] 한국관광공사 무장애 API(detailWithTour2) — helpdog=동반가능_시각장애인 편의시설,FIX20: FULL 재점검 — 구간편차 기준 일괄 적용 | FIX65: visualAccess UNKNOWN→PARTIAL (KTO API),v3,ROUTE_SURVEY,경로 상태 조사: 단차 없음+휠체어 접근 가능+이동 보조 필요,,,,Y,UNKNOWN,UNKNOWN,
ACC_P807,P807,PARTIAL,UNKNOWN,UNKNOWN,UNKNOWN,PARTIAL,FULL,FULL,UNKNOWN,Y,CONDITIONAL,CONDITIONAL,도로변 벚꽃 가로 — 인도 포장 상태에 따라 이동 가능하나 조사 자료 없음. 벚꽃축제 기간에는 인파·노점으로 통행 곤란,UNKNOWN,단차 없음+휠체어 접근 가능,UNKNOWN,인도는 이용 가능하고 일부 구간에 경사와 요철,"도로 옆 인도로 접근할 수 있고 축제 기간에는 아스팔트 도로를 단차 없이 이동할 수 있습니다. 일부 구간에 경사와 요철, 나무 등 장애물이 있어 주의가 필요합니다.",,,,휠내비길(wheelnavi.kr) 음성안내 · 제주올레 오디오가이드(jejuolle.org) 코스별 음성해설,「탐나는수어」 앱 · 제주수어통역센터 여행수어 자료(jejudeaf.com),,,,차량+대중교통+도보,,,,,,,,,,,,2023-12,MARKET_STALL,노점·가판대·적재물로 실제 통로 폭이 조사값보다 좁아질 수 있음. 장날·성수기 통행 곤란,,,,,UNKNOWN,UNKNOWN,,,,,제주관광약자접근성안내센터(이지제주) · 한국관광공사 열린관광 · ㈜휴플 현장조사,2026-06,2024~2026,https://easyjeju.net,제주관광공사 「오감으로 즐기는 제주」(2023.12.22) · 한국관광공사 열린관광지 · 이지제주,"현재 무장애 정보는 이동(지체) 접근성 기준입니다. 시각·청각·발달 장애 정보는 확보 중이며, 열린관광 모두의여행(access.visitkorea.or.kr) 또는 이지제주(easyjeju.net)에서 확인하실 수 있습니다.",VERIFIED,검증완료(2026-07) — 이용 가부 판정 [FIX97] 등급 재검토 대상 — partialReason 에 「접근성 조사 자료 없음」이라 적혀 있으나 등급이 NONE·PARTIAL. 조사되지 않은 것이라면 UNKNOWN 이 맞음. 미조사 NONE 유형(P315·P707·P1017)과 같은 건.,FIX23: 근거 부재 FULL→UNKNOWN,v3,ROUTE_SURVEY,경로 상태 조사: 단차 없음+휠체어 접근 가능,,,,Y,UNKNOWN,UNKNOWN,
ACC_P808,P808,UNKNOWN,UNKNOWN,UNKNOWN,UNKNOWN,UNKNOWN,UNKNOWN,UNKNOWN,UNKNOWN,Y,UNKNOWN,UNKNOWN,,UNKNOWN,UNKNOWN,UNKNOWN,,,,,,휠내비길(wheelnavi.kr) 음성안내 · 제주올레 오디오가이드(jejuolle.org) 코스별 음성해설,「탐나는수어」 앱 · 제주수어통역센터 여행수어 자료(jejudeaf.com),,,,차량+대중교통+도보,,,,,,,,,,,,2023-12,MARKET_STALL,노점·가판대·적재물로 실제 통로 폭이 조사값보다 좁아질 수 있음. 장날·성수기 통행 곤란,,,,,UNKNOWN,UNKNOWN,,,,,제주관광약자접근성안내센터(이지제주) · 한국관광공사 열린관광 · ㈜휴플 현장조사,2026-06,2024~2026,https://easyjeju.net,제주관광공사 「오감으로 즐기는 제주」(2023.12.22) · 한국관광공사 열린관광지 · 이지제주,"현재 무장애 정보는 이동(지체) 접근성 기준입니다. 시각·청각·발달 장애 정보는 확보 중이며, 열린관광 모두의여행(access.visitkorea.or.kr) 또는 이지제주(easyjeju.net)에서 확인하실 수 있습니다.",SURVEYED,,,v3,FACILITY_SURVEY,편의시설 조사: UNKNOWN,,,,Y,UNKNOWN,UNKNOWN,
ACC_P809,P809,PARTIAL,UNKNOWN,UNKNOWN,UNKNOWN,PARTIAL,UNKNOWN,PARTIAL,NONE,Y,CONDITIONAL,CONDITIONAL,시설접근 기준 판정 — 활동참여 개별 근거 미확보,외부 관람로(메밀 밭) 바닥 요철 마감입니다+주 출입구 접근로 바닥 요철 마감 구간있습니다+주 출입구 경사로 설치되어 있습니다,흙길+휠체어 접근 가능+이동 보조 필요,,장애인 화장실이 없고 일부 이동 구간은 동행자의 도움이 필요함,,/ 장애인 화장실 없음 || 구간별 접근 제한 — 조사문에 동행 도움 필요 명시,,,휠내비길(wheelnavi.kr) 음성안내 · 제주올레 오디오가이드(jejuolle.org) 코스별 음성해설,「탐나는수어」 앱 · 제주수어통역센터 여행수어 자료(jejudeaf.com),,,,차량+대중교통+도보,,,,,,,,,,,,2023-12,,,,,,,UNKNOWN,UNKNOWN,,,,,제주관광약자접근성안내센터(이지제주) · 한국관광공사 열린관광 · ㈜휴플 현장조사,2026-06,2024~2026,https://easyjeju.net,제주관광공사 「오감으로 즐기는 제주」(2023.12.22) · 한국관광공사 열린관광지 · 이지제주,"현재 무장애 정보는 이동(지체) 접근성 기준입니다. 시각·청각·발달 장애 정보는 확보 중이며, 열린관광 모두의여행(access.visitkorea.or.kr) 또는 이지제주(easyjeju.net)에서 확인하실 수 있습니다.",SURVEYED,,FIX20: FULL 재점검 — 구간편차 기준 일괄 적용,v3,ROUTE_SURVEY,경로 상태 조사: 흙길+휠체어 접근 가능+이동 보조 필요,,,,Y,UNKNOWN,UNKNOWN,
ACC_P810,P810,UNKNOWN,UNKNOWN,UNKNOWN,UNKNOWN,UNKNOWN,UNKNOWN,UNKNOWN,UNKNOWN,N,UNKNOWN,UNKNOWN,,UNKNOWN,UNKNOWN,UNKNOWN,,,,,,휠내비길(wheelnavi.kr) 음성안내 · 제주올레 오디오가이드(jejuolle.org) 코스별 음성해설,「탐나는수어」 앱 · 제주수어통역센터 여행수어 자료(jejudeaf.com),,,,차량+도보,,,,,,,,,,,,2023-12,,,,,,,UNKNOWN,UNKNOWN,,,,,제주관광약자접근성안내센터(이지제주) · 한국관광공사 열린관광 · ㈜휴플 현장조사,2026-06,2024~2026,https://easyjeju.net,제주관광공사 「오감으로 즐기는 제주」(2023.12.22) · 한국관광공사 열린관광지 · 이지제주,"현재 무장애 정보는 이동(지체) 접근성 기준입니다. 시각·청각·발달 장애 정보는 확보 중이며, 열린관광 모두의여행(access.visitkorea.or.kr) 또는 이지제주(easyjeju.net)에서 확인하실 수 있습니다.",SURVEYED,,,v3,FACILITY_SURVEY,편의시설 조사: UNKNOWN,,,,Y,UNKNOWN,UNKNOWN,
ACC_P811,P811,NONE,UNKNOWN,UNKNOWN,UNKNOWN,NONE,UNKNOWN,PARTIAL,UNKNOWN,N,CONDITIONAL,CONDITIONAL,주차장·화장실·쉼터는 이용 가능 / 숲길은 이동 보조가 필요한 구간으로 접근 불가,UNKNOWN,이동 보조 필요+휠체어 접근 제한,UNKNOWN,,"주차장과 화장실, 쉼터가 있습니다. 다만 숲길 이동에 도움이 필요한 구간이 있어 휠체어로 다니시기는 어렵습니다.",,,,휠내비길(wheelnavi.kr) 음성안내 · 제주올레 오디오가이드(jejuolle.org) 코스별 음성해설,「탐나는수어」 앱 · 제주수어통역센터 여행수어 자료(jejudeaf.com),,,,차량+도보,,,,,,,,,,,,2023-12,,,,,,,UNKNOWN,UNKNOWN,,,,,제주관광약자접근성안내센터(이지제주) · 한국관광공사 열린관광 · ㈜휴플 현장조사,2026-06,2024~2026,https://easyjeju.net,제주관광공사 「오감으로 즐기는 제주」(2023.12.22) · 한국관광공사 열린관광지 · 이지제주,"현재 무장애 정보는 이동(지체) 접근성 기준입니다. 시각·청각·발달 장애 정보는 확보 중이며, 열린관광 모두의여행(access.visitkorea.or.kr) 또는 이지제주(easyjeju.net)에서 확인하실 수 있습니다.",SURVEYED,"[FIX85] 잔여 확인 — 이동 보조가 필요한 구간의 위치, 장애인 전용 시설 유무",FIX85: 이용자 안내문 신설 — 내부 표기 사유 제거,v3,FACILITY_SURVEY,편의시설 조사: UNKNOWN,,,,Y,UNKNOWN,UNKNOWN,
ACC_P812,P812,UNKNOWN,UNKNOWN,UNKNOWN,UNKNOWN,UNKNOWN,UNKNOWN,UNKNOWN,UNKNOWN,N,UNKNOWN,UNKNOWN,,UNKNOWN,UNKNOWN,UNKNOWN,,,,,,휠내비길(wheelnavi.kr) 음성안내 · 제주올레 오디오가이드(jejuolle.org) 코스별 음성해설,「탐나는수어」 앱 · 제주수어통역센터 여행수어 자료(jejudeaf.com),,,,차량+도보,,,,,,,,,,,,2023-12,,,,,,,UNKNOWN,UNKNOWN,,,,,제주관광약자접근성안내센터(이지제주) · 한국관광공사 열린관광 · ㈜휴플 현장조사,2026-06,2024~2026,https://easyjeju.net,제주관광공사 「오감으로 즐기는 제주」(2023.12.22) · 한국관광공사 열린관광지 · 이지제주,"현재 무장애 정보는 이동(지체) 접근성 기준입니다. 시각·청각·발달 장애 정보는 확보 중이며, 열린관광 모두의여행(access.visitkorea.or.kr) 또는 이지제주(easyjeju.net)에서 확인하실 수 있습니다.",SURVEYED,,,v3,FACILITY_SURVEY,편의시설 조사: UNKNOWN,,,,Y,UNKNOWN,UNKNOWN,
ACC_P813,P813,PARTIAL,UNKNOWN,UNKNOWN,UNKNOWN,PARTIAL,UNKNOWN,PARTIAL,FULL,Y,CONDITIONAL,CONDITIONAL,시설접근 기준 판정 — 활동참여 개별 근거 미확보,감귤테마하우스 한라앤탐: 우측. 계단 4개+동백화방: 경사로 턱 높이:7cm,무장애 코스 포함+노면 불량+흙길+이동 보조 필요+휠체어 접근 가능,장애인 주차장 있음+장애인 화장실 있음,"감귤테마하우스 우측 계단 4개, 동백화방 턱 7cm",,,,,휠내비길(wheelnavi.kr) 음성안내 · 제주올레 오디오가이드(jejuolle.org) 코스별 음성해설,「탐나는수어」 앱 · 제주수어통역센터 여행수어 자료(jejudeaf.com),,IN_VENUE,이용 동선에서 이용 가능,차량+대중교통+도보,,,,,,,,,,,,2023-12,,,,,,,UNKNOWN,UNKNOWN,,,,,제주관광약자접근성안내센터(이지제주) · 한국관광공사 열린관광 · ㈜휴플 현장조사,2026-06,2024~2026,https://easyjeju.net,제주관광공사 「오감으로 즐기는 제주」(2023.12.22) · 한국관광공사 열린관광지 · 이지제주,"현재 무장애 정보는 이동(지체) 접근성 기준입니다. 시각·청각·발달 장애 정보는 확보 중이며, 열린관광 모두의여행(access.visitkorea.or.kr) 또는 이지제주(easyjeju.net)에서 확인하실 수 있습니다.",SURVEYED,,FIX13: FULL 검증 결과 하향,v3,ROUTE_SURVEY,경로 상태 조사: 무장애 코스 포함+노면 불량+흙길+이동 보조 필요+휠체어 접근 가능,,,,Y,UNKNOWN,UNKNOWN,
ACC_P814,P814,NONE,UNKNOWN,UNKNOWN,UNKNOWN,NONE,UNKNOWN,UNKNOWN,UNKNOWN,Y,CONDITIONAL,CONDITIONAL,주차는 가능 / 흙길·비포장으로 군락 접근 불가,UNKNOWN,노면 불량+흙길+비포장+휠체어 접근 제한,UNKNOWN,,주차장이 있습니다. 다만 동백 군락으로 이어지는 길이 흙길과 비포장으로 이어지고 노면이 고르지 않아 휠체어로 이동하시기는 어렵습니다. 화장실 정보는 확인되지 않았습니다.,,,,휠내비길(wheelnavi.kr) 음성안내 · 제주올레 오디오가이드(jejuolle.org) 코스별 음성해설,「탐나는수어」 앱 · 제주수어통역센터 여행수어 자료(jejudeaf.com),,,,차량+대중교통+도보,,,,,,,,,,,,2023-12,,,,,,,UNKNOWN,UNKNOWN,,,,,제주관광약자접근성안내센터(이지제주) · 한국관광공사 열린관광 · ㈜휴플 현장조사,2026-06,2024~2026,https://easyjeju.net,제주관광공사 「오감으로 즐기는 제주」(2023.12.22) · 한국관광공사 열린관광지 · 이지제주,"현재 무장애 정보는 이동(지체) 접근성 기준입니다. 시각·청각·발달 장애 정보는 확보 중이며, 열린관광 모두의여행(access.visitkorea.or.kr) 또는 이지제주(easyjeju.net)에서 확인하실 수 있습니다.",SURVEYED,[FIX85] 잔여 확인 — 화장실 유무,FIX85: 이용자 안내문 신설 — 내부 표기 사유 제거,v3,ROUTE_SURVEY,경로 상태 조사: 노면 불량+흙길+비포장+휠체어 접근 제한,,,,Y,UNKNOWN,UNKNOWN,
ACC_P815,P815,PARTIAL,UNKNOWN,UNKNOWN,UNKNOWN,PARTIAL,UNKNOWN,PARTIAL,NONE,Y,CONDITIONAL,CONDITIONAL,시설접근 기준 판정 — 활동참여 개별 근거 미확보,경사로 있음,단차 있음+이동 보조 필요+휠체어 접근 가능,,장애인 화장실이 없고 일부 이동 구간은 동행자의 도움이 필요함,산책길 일부 구간은 경사가 가팔라 휠체어로 이동할 때 동행자의 도움이 필요할 수 있습니다.,해안가 데크길 조성으로 휠체어 바다산책 적합. 단 일부 급경사로 동행자 도움 필요(오감 p.17),,,휠내비길(wheelnavi.kr) 음성안내 · 제주올레 오디오가이드(jejuolle.org) 코스별 음성해설,「탐나는수어」 앱 · 제주수어통역센터 여행수어 자료(jejudeaf.com),,,,차량+대중교통+도보,,,,,,,,,,,,2023-12,,,,,,,UNKNOWN,UNKNOWN,,,,,제주관광약자접근성안내센터(이지제주) · 한국관광공사 열린관광 · ㈜휴플 현장조사,2026-06,2024~2026,https://easyjeju.net,제주관광공사 「오감으로 즐기는 제주」(2023.12.22) · 한국관광공사 열린관광지 · 이지제주,"현재 무장애 정보는 이동(지체) 접근성 기준입니다. 시각·청각·발달 장애 정보는 확보 중이며, 열린관광 모두의여행(access.visitkorea.or.kr) 또는 이지제주(easyjeju.net)에서 확인하실 수 있습니다.",SURVEYED,,FIX20: FULL 재점검 — 구간편차 기준 일괄 적용,v3,ROUTE_SURVEY,경로 상태 조사: 단차 있음+이동 보조 필요+휠체어 접근 가능,,,,Y,UNKNOWN,UNKNOWN,
ACC_P816,P816,PARTIAL,PARTIAL,UNKNOWN,UNKNOWN,PARTIAL,FULL,FULL,FULL,Y,CONDITIONAL,CONDITIONAL,시설접근 기준 판정 — 활동참여 개별 근거 미확보,"매표소 접근로 인도 단차 5cm, 내리막 경사 4도 있으며, 매표소 높이 약 88cm, 하부 공간 16cm입니다+내부 전시관 주 출입구 접근로 경사로 약 6.5도 2.5m 있습니다",단차 없음+휠체어 접근 가능,장애인 주차장 있음+장애인 화장실 있음+휠체어 대여 가능+유모차 대여 가능,매표소 단차 5cm·높이 88cm — 발권 시 도움 필요,,,,,휠내비길(wheelnavi.kr) 음성안내 · 제주올레 오디오가이드(jejuolle.org) 코스별 음성해설,「탐나는수어」 앱 · 제주수어통역센터 여행수어 자료(jejudeaf.com),,IN_VENUE,이용 동선에서 이용 가능,차량+대중교통+도보,,,,,,,,,,,,2023-12,,,,,,,UNKNOWN,UNKNOWN,,,,,제주관광약자접근성안내센터(이지제주) · 한국관광공사 열린관광 · ㈜휴플 현장조사,2026-06,2024~2026,https://easyjeju.net · https://www.data.go.kr/data/15101897/openapi.do,제주관광공사 「오감으로 즐기는 제주」(2023.12.22) · 한국관광공사 열린관광지 · 이지제주,"현재 무장애 정보는 이동(지체) 접근성 기준입니다. 시각·청각·발달 장애 정보는 확보 중이며, 열린관광 모두의여행(access.visitkorea.or.kr) 또는 이지제주(easyjeju.net)에서 확인하실 수 있습니다.",SURVEYED,[FIX65] 한국관광공사 무장애 API(detailWithTour2) — braileblock=점자블록 있음(전시관 출입구 앞)_시각장애인 편의시설,FIX13: FULL 검증 결과 하향 | FIX65: visualAccess UNKNOWN→PARTIAL (KTO API),v3,ROUTE_SURVEY,경로 상태 조사: 단차 없음+휠체어 접근 가능,,,,Y,UNKNOWN,UNKNOWN,
ACC_P817,P817,UNKNOWN,UNKNOWN,UNKNOWN,UNKNOWN,UNKNOWN,UNKNOWN,PARTIAL,UNKNOWN,N,UNKNOWN,UNKNOWN,,외부 관람로 요철 구간 있습니다,노면 불량+비포장+단차 있음+무장애 코스 포함,UNKNOWN,,,,,,휠내비길(wheelnavi.kr) 음성안내 · 제주올레 오디오가이드(jejuolle.org) 코스별 음성해설,「탐나는수어」 앱 · 제주수어통역센터 여행수어 자료(jejudeaf.com),,,,차량+도보,,,,,,,,,,,,2023-12,,,,,,,UNKNOWN,UNKNOWN,,,,,제주관광약자접근성안내센터(이지제주) · 한국관광공사 열린관광 · ㈜휴플 현장조사,2026-06,2024~2026,https://easyjeju.net,제주관광공사 「오감으로 즐기는 제주」(2023.12.22) · 한국관광공사 열린관광지 · 이지제주,"현재 무장애 정보는 이동(지체) 접근성 기준입니다. 시각·청각·발달 장애 정보는 확보 중이며, 열린관광 모두의여행(access.visitkorea.or.kr) 또는 이지제주(easyjeju.net)에서 확인하실 수 있습니다.",SURVEYED,,,v3,ROUTE_SURVEY,경로 상태 조사: 노면 불량+비포장+단차 있음+무장애 코스 포함,,,,Y,UNKNOWN,UNKNOWN,
ACC_P818,P818,PARTIAL,UNKNOWN,UNKNOWN,UNKNOWN,PARTIAL,FULL,FULL,FULL,N,CONDITIONAL,CONDITIONAL,시설접근 기준 판정 — 활동참여 개별 근거 미확보,갈림길: 경사로 9도+경사로 시작: 경사로 시작 / 10도+경사로 시작: 경사로 시작 / 내리막 10도,단차 없음+이동 보조 필요+휠체어 접근 가능,장애인 화장실 있음,관람로에 가파른 경사 구간이 있어 동행 도움이 필요함,,,,,휠내비길(wheelnavi.kr) 음성안내 · 제주올레 오디오가이드(jejuolle.org) 코스별 음성해설,「탐나는수어」 앱 · 제주수어통역센터 여행수어 자료(jejudeaf.com),,IN_VENUE,이용 동선에서 이용 가능,차량+도보,,,,,,,,,,,,2023-12,,,,,,,UNKNOWN,UNKNOWN,,,,,제주관광약자접근성안내센터(이지제주) · 한국관광공사 열린관광 · ㈜휴플 현장조사,2026-06,2024~2026,https://easyjeju.net,제주관광공사 「오감으로 즐기는 제주」(2023.12.22) · 한국관광공사 열린관광지 · 이지제주,"현재 무장애 정보는 이동(지체) 접근성 기준입니다. 시각·청각·발달 장애 정보는 확보 중이며, 열린관광 모두의여행(access.visitkorea.or.kr) 또는 이지제주(easyjeju.net)에서 확인하실 수 있습니다.",SURVEYED,,FIX13: FULL 검증 결과 하향,v3,ROUTE_SURVEY,경로 상태 조사: 단차 없음+이동 보조 필요+휠체어 접근 가능,,,,Y,UNKNOWN,UNKNOWN,
ACC_P819,P819,PARTIAL,UNKNOWN,UNKNOWN,UNKNOWN,PARTIAL,UNKNOWN,PARTIAL,FULL,Y,CONDITIONAL,CONDITIONAL,시설접근 기준 판정 — 활동참여 개별 근거 미확보,경사로 있음,노면 불량+흙길+단차 있음+이동 보조 필요+휠체어 접근 가능+무장애 코스 포함,장애인 주차장 있음+장애인 화장실 있음+휠체어 대여 가능,구간별 접근 제한 — 조사문에 동행 도움 필요 명시,,,,,휠내비길(wheelnavi.kr) 음성안내 · 제주올레 오디오가이드(jejuolle.org) 코스별 음성해설,「탐나는수어」 앱 · 제주수어통역센터 여행수어 자료(jejudeaf.com),,IN_VENUE,이용 동선에서 이용 가능,차량+대중교통+도보,,,,,,,,,,,,2023-12,,,,,,,UNKNOWN,UNKNOWN,,,,,제주관광약자접근성안내센터(이지제주) · 한국관광공사 열린관광 · ㈜휴플 현장조사,2026-06,2024~2026,https://easyjeju.net,제주관광공사 「오감으로 즐기는 제주」(2023.12.22) · 한국관광공사 열린관광지 · 이지제주,"현재 무장애 정보는 이동(지체) 접근성 기준입니다. 시각·청각·발달 장애 정보는 확보 중이며, 열린관광 모두의여행(access.visitkorea.or.kr) 또는 이지제주(easyjeju.net)에서 확인하실 수 있습니다.",SURVEYED,,FIX20: FULL 재점검 — 구간편차 기준 일괄 적용,v3,ROUTE_SURVEY,경로 상태 조사: 노면 불량+흙길+단차 있음+이동 보조 필요+휠체어 접근 가능+무장애 코스 포함,,,,Y,UNKNOWN,UNKNOWN,
ACC_P820,P820,PARTIAL,UNKNOWN,UNKNOWN,UNKNOWN,PARTIAL,FULL,FULL,FULL,Y,CONDITIONAL,CONDITIONAL,시설접근 기준 판정 — 활동참여 개별 근거 미확보,"매표소 건물 출입구 약 8도 경사 있습니다+갤러리 건물 출입구 8도 경사 있습니다. 층간 이동 수직 계단 단차 있으며, 화폐전시관 출입구 10cm 단차 있습니다",단차 없음+휠체어 접근 가능,장애인 화장실 있음+장애인 주차장 있음+휠체어 대여 가능+유모차 대여 가능,층간 이동 수직 계단 — 일부 전시관 접근 불가,,,,,휠내비길(wheelnavi.kr) 음성안내 · 제주올레 오디오가이드(jejuolle.org) 코스별 음성해설,「탐나는수어」 앱 · 제주수어통역센터 여행수어 자료(jejudeaf.com),,IN_VENUE,이용 동선에서 이용 가능,차량+대중교통+도보,,,,,,,,,,,,2023-12,,,,,,,UNKNOWN,UNKNOWN,,,,,제주관광약자접근성안내센터(이지제주) · 한국관광공사 열린관광 · ㈜휴플 현장조사,2026-06,2024~2026,https://easyjeju.net,제주관광공사 「오감으로 즐기는 제주」(2023.12.22) · 한국관광공사 열린관광지 · 이지제주,"현재 무장애 정보는 이동(지체) 접근성 기준입니다. 시각·청각·발달 장애 정보는 확보 중이며, 열린관광 모두의여행(access.visitkorea.or.kr) 또는 이지제주(easyjeju.net)에서 확인하실 수 있습니다.",SURVEYED,,FIX13: FULL 검증 결과 하향,v3,ROUTE_SURVEY,경로 상태 조사: 단차 없음+휠체어 접근 가능,,,,Y,UNKNOWN,UNKNOWN,
ACC_P821,P821,UNKNOWN,UNKNOWN,UNKNOWN,UNKNOWN,UNKNOWN,UNKNOWN,UNKNOWN,UNKNOWN,Y,UNKNOWN,UNKNOWN,,UNKNOWN,UNKNOWN,UNKNOWN,,,,,,휠내비길(wheelnavi.kr) 음성안내 · 제주올레 오디오가이드(jejuolle.org) 코스별 음성해설,「탐나는수어」 앱 · 제주수어통역센터 여행수어 자료(jejudeaf.com),,,,차량+대중교통+도보,,,,,,,,,,,,2023-12,,,,,,,UNKNOWN,UNKNOWN,,,,,제주관광약자접근성안내센터(이지제주) · 한국관광공사 열린관광 · ㈜휴플 현장조사,2026-06,2024~2026,https://easyjeju.net,제주관광공사 「오감으로 즐기는 제주」(2023.12.22) · 한국관광공사 열린관광지 · 이지제주,"현재 무장애 정보는 이동(지체) 접근성 기준입니다. 시각·청각·발달 장애 정보는 확보 중이며, 열린관광 모두의여행(access.visitkorea.or.kr) 또는 이지제주(easyjeju.net)에서 확인하실 수 있습니다.",SURVEYED,,,v3,FACILITY_SURVEY,편의시설 조사: UNKNOWN,,,,Y,UNKNOWN,UNKNOWN,
ACC_P822,P822,NONE,UNKNOWN,UNKNOWN,UNKNOWN,NONE,UNKNOWN,PARTIAL,NONE,N,CONDITIONAL,CONDITIONAL,쉼터는 이용 가능 / 단차·노면 불량으로 숲 접근 불가,UNKNOWN,노면 불량+단차 있음+휠체어 접근 제한,,,쉼터가 있습니다. 다만 야자숲으로 이어지는 길에 단차가 있고 노면이 고르지 않아 휠체어로 이동하시기는 어렵습니다. 주차 공간과 화장실은 확인되지 않았습니다.,,,,휠내비길(wheelnavi.kr) 음성안내 · 제주올레 오디오가이드(jejuolle.org) 코스별 음성해설,「탐나는수어」 앱 · 제주수어통역센터 여행수어 자료(jejudeaf.com),,,,차량+도보,,,,,,,,,,,,2023-12,MARKET_STALL,노점·가판대·적재물로 실제 통로 폭이 조사값보다 좁아질 수 있음. 장날·성수기 통행 곤란,,,,,UNKNOWN,UNKNOWN,,,,,제주관광약자접근성안내센터(이지제주) · 한국관광공사 열린관광 · ㈜휴플 현장조사,2026-06,2024~2026,https://easyjeju.net,제주관광공사 「오감으로 즐기는 제주」(2023.12.22) · 한국관광공사 열린관광지 · 이지제주,"현재 무장애 정보는 이동(지체) 접근성 기준입니다. 시각·청각·발달 장애 정보는 확보 중이며, 열린관광 모두의여행(access.visitkorea.or.kr) 또는 이지제주(easyjeju.net)에서 확인하실 수 있습니다.",SURVEYED,[FIX85] 잔여 확인 — 주차 공간·화장실 유무,FIX85: 이용자 안내문 신설 — 내부 표기 사유 제거,v3,ROUTE_SURVEY,경로 상태 조사: 노면 불량+단차 있음+휠체어 접근 제한,,,,Y,UNKNOWN,UNKNOWN,
ACC_P823,P823,UNKNOWN,UNKNOWN,UNKNOWN,UNKNOWN,UNKNOWN,UNKNOWN,UNKNOWN,UNKNOWN,N,UNKNOWN,UNKNOWN,,"관람로 출입구에 약 5도의 경사 있습니다+관람로 바닥 재질 다양합니다. 흙, 돌, 잔디 마감 있습니다+출입구(관람로 입구)에 경사로 설치되어 있습니다",UNKNOWN,UNKNOWN,,,,,,휠내비길(wheelnavi.kr) 음성안내 · 제주올레 오디오가이드(jejuolle.org) 코스별 음성해설,「탐나는수어」 앱 · 제주수어통역센터 여행수어 자료(jejudeaf.com),,,,차량+도보,,,,,,,,,,,,2023-12,,,,,,,UNKNOWN,UNKNOWN,,,,,제주관광약자접근성안내센터(이지제주) · 한국관광공사 열린관광 · ㈜휴플 현장조사,2026-06,2024~2026,https://easyjeju.net,제주관광공사 「오감으로 즐기는 제주」(2023.12.22) · 한국관광공사 열린관광지 · 이지제주,"현재 무장애 정보는 이동(지체) 접근성 기준입니다. 시각·청각·발달 장애 정보는 확보 중이며, 열린관광 모두의여행(access.visitkorea.or.kr) 또는 이지제주(easyjeju.net)에서 확인하실 수 있습니다.",SURVEYED,,,v3,ROUTE_SURVEY,경로 상태 조사: UNKNOWN,,,,Y,UNKNOWN,UNKNOWN,
ACC_P824,P824,UNKNOWN,UNKNOWN,UNKNOWN,UNKNOWN,UNKNOWN,UNKNOWN,UNKNOWN,UNKNOWN,Y,UNKNOWN,UNKNOWN,,UNKNOWN,UNKNOWN,UNKNOWN,,,,,,휠내비길(wheelnavi.kr) 음성안내 · 제주올레 오디오가이드(jejuolle.org) 코스별 음성해설,「탐나는수어」 앱 · 제주수어통역센터 여행수어 자료(jejudeaf.com),,,,차량+대중교통+도보,,,,,,,,,,,,2023-12,,,,,,,UNKNOWN,UNKNOWN,,,,,제주관광약자접근성안내센터(이지제주) · 한국관광공사 열린관광 · ㈜휴플 현장조사,2026-06,2024~2026,https://easyjeju.net,제주관광공사 「오감으로 즐기는 제주」(2023.12.22) · 한국관광공사 열린관광지 · 이지제주,"현재 무장애 정보는 이동(지체) 접근성 기준입니다. 시각·청각·발달 장애 정보는 확보 중이며, 열린관광 모두의여행(access.visitkorea.or.kr) 또는 이지제주(easyjeju.net)에서 확인하실 수 있습니다.",SURVEYED,,,v3,FACILITY_SURVEY,편의시설 조사: UNKNOWN,,,,Y,UNKNOWN,UNKNOWN,
ACC_P825,P825,PARTIAL,UNKNOWN,UNKNOWN,UNKNOWN,PARTIAL,FULL,FULL,FULL,Y,CONDITIONAL,CONDITIONAL,시설접근 기준 판정 — 활동참여 개별 근거 미확보,데크다리 시작(오르막): 경사구간 : 아치형. 5˚+데크다리 종점(내리막)/판석길 시작 Ⅰ: 경사구간 : 7˚+새섬전망대 (앞): 전망대는 계단으로 올라가야 함,단차 없음+휠체어 접근 가능+무장애 코스 포함,장애인 화장실 있음+장애인 주차장 있음,일부 산책로 계단 — 우회 경로 확인 필요,,,,,휠내비길(wheelnavi.kr) 음성안내 · 제주올레 오디오가이드(jejuolle.org) 코스별 음성해설,「탐나는수어」 앱 · 제주수어통역센터 여행수어 자료(jejudeaf.com),,IN_VENUE,이용 동선에서 이용 가능,차량+대중교통+도보,,,,,,,,,,,,2023-12,,,,,,,UNKNOWN,UNKNOWN,,,,,제주관광약자접근성안내센터(이지제주) · 한국관광공사 열린관광 · ㈜휴플 현장조사,2026-06,2024~2026,https://easyjeju.net,제주관광공사 「오감으로 즐기는 제주」(2023.12.22) · 한국관광공사 열린관광지 · 이지제주,"현재 무장애 정보는 이동(지체) 접근성 기준입니다. 시각·청각·발달 장애 정보는 확보 중이며, 열린관광 모두의여행(access.visitkorea.or.kr) 또는 이지제주(easyjeju.net)에서 확인하실 수 있습니다.",SURVEYED,,FIX12: 조사 서술문 제약 명시로 FULL→PARTIAL 하향,v3,ROUTE_SURVEY,경로 상태 조사: 단차 없음+휠체어 접근 가능+무장애 코스 포함,,,,Y,UNKNOWN,UNKNOWN,
ACC_P826,P826,PARTIAL,UNKNOWN,UNKNOWN,UNKNOWN,PARTIAL,UNKNOWN,PARTIAL,FULL,Y,CONDITIONAL,CONDITIONAL,시설접근 기준 판정 — 활동참여 개별 근거 미확보,"주 출입구 접근로 경사 최대 9.5도 있습니다+산책로 최대 경사 14도 있습니다+정상 부근 단차 10cm, 정상 나무데크 단차 10cm 있습니다",단차 있음+휠체어 접근 가능,장애인 화장실 있음+장애인 주차장 있음+휠체어 대여 가능,산책로에 매우 가파른 구간이 있고 정상부에 단차 10cm가 있어 상부 접근이 제한됨,,"산책로 최대 경사 14도, 정상부 단차 10cm — 상부 접근 제한",,,휠내비길(wheelnavi.kr) 음성안내 · 제주올레 오디오가이드(jejuolle.org) 코스별 음성해설,「탐나는수어」 앱 · 제주수어통역센터 여행수어 자료(jejudeaf.com),,IN_VENUE,이용 동선에서 이용 가능,차량+대중교통+도보,,,,,,,,,,,,2023-12,,,,,,,UNKNOWN,UNKNOWN,,,,,제주관광약자접근성안내센터(이지제주) · 한국관광공사 열린관광 · ㈜휴플 현장조사,2026-06,2024~2026,https://easyjeju.net,제주관광공사 「오감으로 즐기는 제주」(2023.12.22) · 한국관광공사 열린관광지 · 이지제주,"현재 무장애 정보는 이동(지체) 접근성 기준입니다. 시각·청각·발달 장애 정보는 확보 중이며, 열린관광 모두의여행(access.visitkorea.or.kr) 또는 이지제주(easyjeju.net)에서 확인하실 수 있습니다.",SURVEYED,,FIX13: FULL 검증 결과 하향,v3,ROUTE_SURVEY,경로 상태 조사: 단차 있음+휠체어 접근 가능,,,,Y,UNKNOWN,UNKNOWN,
ACC_P827,P827,NONE,UNKNOWN,UNKNOWN,UNKNOWN,NONE,PARTIAL,PARTIAL,FULL,Y,CONDITIONAL,CONDITIONAL,주차장·화장실은 이용 가능 / 공원 산책로는 단차·계단으로 접근 불가,주출입구 경사로 있음,단차 있음+계단 있음+휠체어 접근 제한,장애인 화장실 있음+장애인 주차장 있음+휠체어 대여 가능,,주차장과 화장실이 있습니다. 다만 공원 안 산책로에 단차와 계단이 있어 휠체어로 이동하시기는 어렵습니다.,,,,휠내비길(wheelnavi.kr) 음성안내 · 제주올레 오디오가이드(jejuolle.org) 코스별 음성해설,「탐나는수어」 앱 · 제주수어통역센터 여행수어 자료(jejudeaf.com),,IN_VENUE,이용 동선에서 이용 가능,차량+대중교통+도보,,,,,,,,,,,,2023-12,,,,,,,UNKNOWN,UNKNOWN,,,,,제주관광약자접근성안내센터(이지제주) · 한국관광공사 열린관광 · ㈜휴플 현장조사,2026-06,2024~2026,https://easyjeju.net,제주관광공사 「오감으로 즐기는 제주」(2023.12.22) · 한국관광공사 열린관광지 · 이지제주,"현재 무장애 정보는 이동(지체) 접근성 기준입니다. 시각·청각·발달 장애 정보는 확보 중이며, 열린관광 모두의여행(access.visitkorea.or.kr) 또는 이지제주(easyjeju.net)에서 확인하실 수 있습니다.",SURVEYED,"[FIX85] 잔여 확인 — 단차 없는 우회 동선 유무, 장애인 전용 시설 유무",FIX85: 이용자 안내문 신설 — 내부 표기 사유 제거,v3,ROUTE_SURVEY,경로 상태 조사: 단차 있음+계단 있음+휠체어 접근 제한,,,,Y,UNKNOWN,UNKNOWN,
ACC_P828,P828,NONE,UNKNOWN,UNKNOWN,UNKNOWN,NONE,UNKNOWN,PARTIAL,NONE,N,CONDITIONAL,CONDITIONAL,쉼터는 이용 가능 / 단차로 공원 내 이동 불가,UNKNOWN,단차 있음+휠체어 접근 제한,,,쉼터가 있습니다. 다만 공원 안에 단차가 있어 휠체어로 이동하시기는 어렵습니다. 주차 공간과 화장실은 확인되지 않았습니다.,,,,휠내비길(wheelnavi.kr) 음성안내 · 제주올레 오디오가이드(jejuolle.org) 코스별 음성해설,「탐나는수어」 앱 · 제주수어통역센터 여행수어 자료(jejudeaf.com),,,,차량+도보,,,,,,,,,,,,2023-12,,,,,,,UNKNOWN,UNKNOWN,,,,,제주관광약자접근성안내센터(이지제주) · 한국관광공사 열린관광 · ㈜휴플 현장조사,2026-06,2024~2026,https://easyjeju.net,제주관광공사 「오감으로 즐기는 제주」(2023.12.22) · 한국관광공사 열린관광지 · 이지제주,"현재 무장애 정보는 이동(지체) 접근성 기준입니다. 시각·청각·발달 장애 정보는 확보 중이며, 열린관광 모두의여행(access.visitkorea.or.kr) 또는 이지제주(easyjeju.net)에서 확인하실 수 있습니다.",SURVEYED,"[FIX85] 잔여 확인 — 주차 공간·화장실 유무, 단차 위치",FIX85: 이용자 안내문 신설 — 내부 표기 사유 제거,v3,ROUTE_SURVEY,경로 상태 조사: 단차 있음+휠체어 접근 제한,,,"계곡물은 수심을 눈으로 가늠하기 어렵고 바닥이 미끄러우니 발이 닿는 곳에서만 머물러 주세요. 비가 온 뒤에는 상류에서 물이 갑자기 불어날 수 있어, 시간당 10mm 이상 비가 예보된 날에는 입수를 삼가 주세요. 폭포 아래는 수심이 깊고 물살이 강합니다.",Y,UNKNOWN,UNKNOWN,
ACC_P829,P829,FULL,UNKNOWN,UNKNOWN,UNKNOWN,FULL,FULL,FULL,UNKNOWN,Y,AVAILABLE,AVAILABLE,시설접근 기준 판정 — 활동참여 개별 근거 미확보,경사로 있음,단차 없음+휠체어 접근 가능,,,장애인 화장실 유무를 확인하지 못했습니다. 오래 머무르실 계획이라면 방문 전에 시설에 문의해 주세요.,,,,휠내비길(wheelnavi.kr) 음성안내 · 제주올레 오디오가이드(jejuolle.org) 코스별 음성해설,「탐나는수어」 앱 · 제주수어통역센터 여행수어 자료(jejudeaf.com),,,,차량+대중교통+도보,,,,,,,,,,,,2023-12,,,,,,,UNKNOWN,UNKNOWN,,,,,제주관광약자접근성안내센터(이지제주) · 한국관광공사 열린관광 · ㈜휴플 현장조사,2026-06,2024~2026,https://easyjeju.net,제주관광공사 「오감으로 즐기는 제주」(2023.12.22) · 한국관광공사 열린관광지 · 이지제주,"현재 무장애 정보는 이동(지체) 접근성 기준입니다. 시각·청각·발달 장애 정보는 확보 중이며, 열린관광 모두의여행(access.visitkorea.or.kr) 또는 이지제주(easyjeju.net)에서 확인하실 수 있습니다.",SURVEYED,,,v3,ROUTE_SURVEY,경로 상태 조사: 단차 없음+휠체어 접근 가능,,,,Y,UNKNOWN,UNKNOWN,
ACC_P830,P830,NONE,UNKNOWN,UNKNOWN,UNKNOWN,NONE,UNKNOWN,PARTIAL,NONE,Y,CONDITIONAL,CONDITIONAL,주차장·화장실·쉼터는 이용 가능 / 단차로 공원 내 이동 불가,UNKNOWN,단차 있음+휠체어 접근 제한,장애인 주차장 있음,,"주차장과 화장실, 음료대, 쉼터가 있습니다. 다만 공원 안에 단차가 있어 휠체어로 이동하시기는 어렵습니다.",,,,휠내비길(wheelnavi.kr) 음성안내 · 제주올레 오디오가이드(jejuolle.org) 코스별 음성해설,「탐나는수어」 앱 · 제주수어통역센터 여행수어 자료(jejudeaf.com),,,,차량+대중교통+도보,,,,,,,,,,,,2023-12,,,,,,,UNKNOWN,UNKNOWN,,,,,제주관광약자접근성안내센터(이지제주) · 한국관광공사 열린관광 · ㈜휴플 현장조사,2026-06,2024~2026,https://easyjeju.net,제주관광공사 「오감으로 즐기는 제주」(2023.12.22) · 한국관광공사 열린관광지 · 이지제주,"현재 무장애 정보는 이동(지체) 접근성 기준입니다. 시각·청각·발달 장애 정보는 확보 중이며, 열린관광 모두의여행(access.visitkorea.or.kr) 또는 이지제주(easyjeju.net)에서 확인하실 수 있습니다.",SURVEYED,"[FIX85] 잔여 확인 — 단차 위치와 우회 동선, 장애인 전용 시설 유무",FIX85: 이용자 안내문 신설 — 내부 표기 사유 제거,v3,ROUTE_SURVEY,경로 상태 조사: 단차 있음+휠체어 접근 제한,,,,Y,UNKNOWN,UNKNOWN,
ACC_P831,P831,PARTIAL,FULL,PARTIAL,UNKNOWN,PARTIAL,UNKNOWN,PARTIAL,FULL,Y,CONDITIONAL,CONDITIONAL,시설접근 기준 판정 — 활동참여 개별 근거 미확보,"‘맨발로 걸어요’ 체험 흙길 입구 단차 9cm, 입구 근방 포토존 단차 약 32cm입니다+무장애 나눔길의 경사는 5~8도입니다",무장애 코스 포함+휠체어 접근 가능+이동 보조 필요,장애인 화장실 있음+장애인 주차장 있음+휠체어 대여 가능,무장애 나눔길에 경사 구간이 있고 800m 지점(쉼팡)부터 흙길로 바뀌어 관광약자는 입구로 되돌아 나와야 함,,이지제주: 무장애 나눔길 경사 5~8도 · 800m 지점(쉼팡)부터 흙길로 바뀌어 관광약자는 입구로 회차 필요,"점자 안내판 + 음성안내 병기(오감 p.7, 8곳 중 유일). 산록남로 2271",탐나는수어 앱 수어해설 21곳(19번) + 청각장애인 추천 코스 수록: 해먹체험·맨발 흙촉감·족욕 등 비청각 감각 중심(오감 p.9),휠내비길(wheelnavi.kr) 음성안내 · 제주올레 오디오가이드(jejuolle.org) 코스별 음성해설,「탐나는수어」 앱(제주수어통역센터) + 현장 QR,"숲 해먹체험·맨발체험·족욕·차롱도시락. 064-760-3067, 서귀포시 E-ticket 예약",IN_VENUE,이용 동선에서 이용 가능,차량+대중교통+도보,,,,,,,,LOW,,,,2023-12,,,,,,,UNKNOWN,UNKNOWN,,,,Y,제주관광약자접근성안내센터(이지제주) · 한국관광공사 열린관광 · ㈜휴플 현장조사,2026-06,2024~2026,https://easyjeju.net,제주관광공사 「오감으로 즐기는 제주」(2023.12.22) · 한국관광공사 열린관광지 · 이지제주,"현재 무장애 정보는 이동(지체) 접근성 기준입니다. 시각·청각·발달 장애 정보는 확보 중이며, 열린관광 모두의여행(access.visitkorea.or.kr) 또는 이지제주(easyjeju.net)에서 확인하실 수 있습니다.",VERIFIED,검증완료(2026-07),FIX15: 이지제주 원문 대조 하향,v3,ROUTE_SURVEY,경로 상태 조사: 무장애 코스 포함+휠체어 접근 가능+이동 보조 필요,,,,Y,Y,Y,
ACC_P832,P832,PARTIAL,PARTIAL,UNKNOWN,UNKNOWN,PARTIAL,FULL,FULL,FULL,N,CONDITIONAL,CONDITIONAL,"무장애 나눔길 접근 가능 / 활동참여 조건부 — 출입구 경사와 화장실 폭이 제약, 오름 등반로는 접근 불가",경사로/데크 무장애숲길,무장애숲길+완만한 평지 중심+일부 오름 탐방로는 산길,2020 열린관광지+장애인 주차구역+장애인 화장실+무장애 데크길,무장애 나눔길 약 1.1km는 평탄한 데크로 휠체어 이용이 가능하고 휠체어 대여도 가능함. 다만 출입구 일부 경사가 가파르고 장애인 화장실은 통로 폭 74cm·대변기 측면 공간 83cm로 협소함. 붉은오름 등반로 1.7km는 산길이라 접근이 어려움,무장애 나눔숲길은 완만한 데크로 조성되어 있어 휠체어로 이용할 수 있습니다. 오름 등반로는 산길이므로 무장애 숲길을 이용해 주세요.,무장애 나눔길 1km는 평탄 데크·점자블록·휠체어 대여 우수. 단 ①출입구 경사 최대 12도(이지제주) ②장애인화장실 통로 폭 74cm·대변기 측면 83cm로 휠체어 이용 부적합(제주도 무장애여행) ③붉은오름 등반로 1.7km는 접근 불가,점자 안내판 보유(오감 p.7). 남조로 1487-73,,휠내비길 앱(음성안내),「탐나는수어」 앱 · 제주수어통역센터 여행수어 자료(jejudeaf.com),,IN_VENUE,이용 동선에서 이용 가능,차량+도보,,,,,,,,,,,,2023-12,,,,,,,UNKNOWN,UNKNOWN,,,,Y,제주관광약자접근성안내센터(이지제주) · 한국관광공사 열린관광 · ㈜휴플 현장조사,2026-06,2024~2026,https://easyjeju.net,제주관광공사 「오감으로 즐기는 제주」(2023.12.22) · 한국관광공사 열린관광지 · 이지제주,"현재 무장애 정보는 이동(지체) 접근성 기준입니다. 시각·청각·발달 장애 정보는 확보 중이며, 열린관광 모두의여행(access.visitkorea.or.kr) 또는 이지제주(easyjeju.net)에서 확인하실 수 있습니다.",VERIFIED,검증완료(2026-07),FIX23: CENTRAL 검증 | FIX82: 이용자 안내문 신설 — 출입구 경사·화장실 폭 제약 반영,v3,ROUTE_SURVEY,경로 상태 조사: 무장애숲길+완만한 평지 중심+일부 오름 탐방로는 산길,,,,Y,Y,UNKNOWN,
ACC_P833,P833,PARTIAL,PARTIAL,UNKNOWN,UNKNOWN,PARTIAL,FULL,FULL,FULL,Y,CONDITIONAL,CONDITIONAL,시설접근 기준 판정 — 활동참여 개별 근거 미확보,매표소 앞 낮은 단차 및 경사 있습니다+전망대 2층 계단으로 접근 불가능합니다,단차 없음+휠체어 접근 가능+이동 보조 필요,장애인 화장실 있음+장애인 주차장 있음+휠체어 대여 가능+유모차 대여 가능,일부 탐방로 계단 — 무장애 데크 구간만 이용 권장,,,,,휠내비길(wheelnavi.kr) 음성안내 · 제주올레 오디오가이드(jejuolle.org) 코스별 음성해설,「탐나는수어」 앱 · 제주수어통역센터 여행수어 자료(jejudeaf.com),,IN_VENUE,이용 동선에서 이용 가능,차량+대중교통+도보,LOW,Y,,,,,㈜휴플 자체 현장조사 (2024~2025),,,,,2023-12,,,,,,,UNKNOWN,UNKNOWN,,,,,제주관광약자접근성안내센터(이지제주) · 한국관광공사 열린관광 · ㈜휴플 현장조사,2026-06,2024~2026,https://easyjeju.net · https://www.data.go.kr/data/15101897/openapi.do,제주관광공사 「오감으로 즐기는 제주」(2023.12.22) · 한국관광공사 열린관광지 · 이지제주,"현재 무장애 정보는 이동(지체) 접근성 기준입니다. 시각·청각·발달 장애 정보는 확보 중이며, 열린관광 모두의여행(access.visitkorea.or.kr) 또는 이지제주(easyjeju.net)에서 확인하실 수 있습니다.",VERIFIED,[FIX65] 한국관광공사 무장애 API(detailWithTour2) — braileblock=점자블록 있음(탐방안내센터)_시각장애인 편의시설,FIX12: 조사 서술문 제약 명시로 FULL→PARTIAL 하향 | FIX65: visualAccess UNKNOWN→PARTIAL (KTO API),v3,FIELD_SURVEY,㈜휴플 자체 현장조사 / 경로: 단차 없음+휠체어 접근 가능+이동 보조 필요,,,,Y,UNKNOWN,UNKNOWN,
ACC_P834,P834,PARTIAL,UNKNOWN,UNKNOWN,UNKNOWN,PARTIAL,FULL,PARTIAL,FULL,Y,CONDITIONAL,CONDITIONAL,시설접근 기준 판정 — 활동참여 개별 근거 미확보,"외부 관람로는 대체로 평탄하나, 일부 구간 경사가 높습니다. 휠체어 사용자는 동행자의 도움이 필요합니다+관람로 시작 지점에 경사로 2개 중 오른쪽 경사로를 이용하면 수월합니다. 오른쪽 경사로는 6.5~8.4도이며, 약 15m입니다+관람로 중간 6번 돌다리 경사 약 9도입니다",단차 있음+휠체어 접근 가능+이동 보조 필요,장애인 화장실 있음+장애인 주차장 있음+휠체어 대여 가능+유모차 대여 가능,일부 구간 경사 높음 — 휠체어 사용자는 동행자 도움 필요(조사 명시),,,,,휠내비길(wheelnavi.kr) 음성안내 · 제주올레 오디오가이드(jejuolle.org) 코스별 음성해설,「탐나는수어」 앱 · 제주수어통역센터 여행수어 자료(jejudeaf.com),,IN_VENUE,이용 동선에서 이용 가능,차량+대중교통+도보,,,,,,,,,,,,2023-12,,,,,,,UNKNOWN,UNKNOWN,,,,,제주관광약자접근성안내센터(이지제주) · 한국관광공사 열린관광 · ㈜휴플 현장조사,2026-06,2024~2026,https://easyjeju.net,제주관광공사 「오감으로 즐기는 제주」(2023.12.22) · 한국관광공사 열린관광지 · 이지제주,"현재 무장애 정보는 이동(지체) 접근성 기준입니다. 시각·청각·발달 장애 정보는 확보 중이며, 열린관광 모두의여행(access.visitkorea.or.kr) 또는 이지제주(easyjeju.net)에서 확인하실 수 있습니다.",SURVEYED,,FIX13: FULL 검증 결과 하향,v3,ROUTE_SURVEY,경로 상태 조사: 단차 있음+휠체어 접근 가능+이동 보조 필요,,,,Y,UNKNOWN,UNKNOWN,
ACC_P835,P835,PARTIAL,UNKNOWN,UNKNOWN,UNKNOWN,PARTIAL,UNKNOWN,PARTIAL,FULL,Y,CONDITIONAL,CONDITIONAL,시설접근 기준 판정 — 활동참여 개별 근거 미확보,"외부 관람로 최대 18도 경사, 단차 구간 있습니다+장애인 전용 주차구역~주 출입구 4~5도 경사가 있습니다+매표소 전면 3도 경사 있습니다",단차 있음+휠체어 접근 가능+이동 보조 필요,장애인 화장실 있음+장애인 주차장 있음+휠체어 대여 가능,외부 관람로에 매우 가파른 경사와 단차 구간이 있어 동행 도움이 필요함,,외부 관람로 최대 18도 경사·단차 구간 — 동행 도움 필요,,,휠내비길(wheelnavi.kr) 음성안내 · 제주올레 오디오가이드(jejuolle.org) 코스별 음성해설,「탐나는수어」 앱 · 제주수어통역센터 여행수어 자료(jejudeaf.com),,IN_VENUE,이용 동선에서 이용 가능,차량+대중교통+도보,MEDIUM,Y,,,,,㈜휴플 자체 현장조사 (2024~2025),,,,,2023-12,,,,,,,UNKNOWN,UNKNOWN,,,,,제주관광약자접근성안내센터(이지제주) · 한국관광공사 열린관광 · ㈜휴플 현장조사,2026-06,2024~2026,https://easyjeju.net,제주관광공사 「오감으로 즐기는 제주」(2023.12.22) · 한국관광공사 열린관광지 · 이지제주,"현재 무장애 정보는 이동(지체) 접근성 기준입니다. 시각·청각·발달 장애 정보는 확보 중이며, 열린관광 모두의여행(access.visitkorea.or.kr) 또는 이지제주(easyjeju.net)에서 확인하실 수 있습니다.",VERIFIED,,FIX13: FULL 검증 결과 하향,v3,FIELD_SURVEY,㈜휴플 자체 현장조사 / 경로: 단차 있음+휠체어 접근 가능+이동 보조 필요,,,,Y,UNKNOWN,UNKNOWN,
ACC_P836,P836,PARTIAL,UNKNOWN,UNKNOWN,UNKNOWN,PARTIAL,FULL,FULL,FULL,Y,CONDITIONAL,CONDITIONAL,시설접근 기준 판정 — 활동참여 개별 근거 미확보,"주차장에서 매표소 및 주 출입구까지 보차구분이 되어 있지 않습니다+내부 관람로 단차 없이 관람 가능합니다+외부 관람로 단차, 경사 및 바닥 요철 마감 구간 다수 있습니다",단차 없음+휠체어 접근 가능,장애인 화장실 있음+장애인 주차장 있음+휠체어 대여 가능+엘리베이터 있음,"노면·단차 제약 — 조사문에 ""단차,"" 명시",,,,,휠내비길(wheelnavi.kr) 음성안내 · 제주올레 오디오가이드(jejuolle.org) 코스별 음성해설,「탐나는수어」 앱 · 제주수어통역센터 여행수어 자료(jejudeaf.com),,IN_VENUE,이용 동선에서 이용 가능,차량+대중교통+도보,,Y,,,,,㈜휴플 자체 현장조사 (2024~2025),,,,,2023-12,,,,,,,UNKNOWN,UNKNOWN,,,,,제주관광약자접근성안내센터(이지제주) · 한국관광공사 열린관광 · ㈜휴플 현장조사,2026-06,2024~2026,https://easyjeju.net,제주관광공사 「오감으로 즐기는 제주」(2023.12.22) · 한국관광공사 열린관광지 · 이지제주,"현재 무장애 정보는 이동(지체) 접근성 기준입니다. 시각·청각·발달 장애 정보는 확보 중이며, 열린관광 모두의여행(access.visitkorea.or.kr) 또는 이지제주(easyjeju.net)에서 확인하실 수 있습니다.",VERIFIED,,FIX22: 논리검사 패턴 보완(요철·단차·노면불량),v3,FIELD_SURVEY,㈜휴플 자체 현장조사 / 경로: 단차 없음+휠체어 접근 가능,,,,Y,UNKNOWN,UNKNOWN,
ACC_P837,P837,UNKNOWN,UNKNOWN,UNKNOWN,UNKNOWN,UNKNOWN,UNKNOWN,UNKNOWN,UNKNOWN,N,UNKNOWN,UNKNOWN,,UNKNOWN,UNKNOWN,장애인 주차장 있음,,,,,,휠내비길(wheelnavi.kr) 음성안내 · 제주올레 오디오가이드(jejuolle.org) 코스별 음성해설,「탐나는수어」 앱 · 제주수어통역센터 여행수어 자료(jejudeaf.com),,,,차량+도보,,,,,,,,,,,,2023-12,,,,,,,UNKNOWN,UNKNOWN,,,,,제주관광약자접근성안내센터(이지제주) · 한국관광공사 열린관광 · ㈜휴플 현장조사,2026-06,2024~2026,https://easyjeju.net,제주관광공사 「오감으로 즐기는 제주」(2023.12.22) · 한국관광공사 열린관광지 · 이지제주,"현재 무장애 정보는 이동(지체) 접근성 기준입니다. 시각·청각·발달 장애 정보는 확보 중이며, 열린관광 모두의여행(access.visitkorea.or.kr) 또는 이지제주(easyjeju.net)에서 확인하실 수 있습니다.",SURVEYED,,,v3,FACILITY_SURVEY,편의시설 조사: 장애인 주차장 있음,,,,Y,UNKNOWN,UNKNOWN,
ACC_P838,P838,NONE,UNKNOWN,UNKNOWN,UNKNOWN,NONE,UNKNOWN,PARTIAL,NONE,N,CONDITIONAL,CONDITIONAL,다원 내 이동은 보조가 필요해 접근 불가 / 편의시설 미확인,UNKNOWN,휠체어 접근 제한+이동 보조 필요,장애인 주차장 있음,,다원 안 이동에 도움이 필요한 구간이 있어 휠체어로 다니시기는 어렵습니다. 주차 공간과 화장실은 확인되지 않았으니 방문하실 계획이라면 미리 알아보시는 편이 좋습니다.,,,,휠내비길(wheelnavi.kr) 음성안내 · 제주올레 오디오가이드(jejuolle.org) 코스별 음성해설,「탐나는수어」 앱 · 제주수어통역센터 여행수어 자료(jejudeaf.com),,,,차량+도보,,,,,,,,,,,,2023-12,,,,,,,UNKNOWN,UNKNOWN,,,,,제주관광약자접근성안내센터(이지제주) · 한국관광공사 열린관광 · ㈜휴플 현장조사,2026-06,2024~2026,https://easyjeju.net,제주관광공사 「오감으로 즐기는 제주」(2023.12.22) · 한국관광공사 열린관광지 · 이지제주,"현재 무장애 정보는 이동(지체) 접근성 기준입니다. 시각·청각·발달 장애 정보는 확보 중이며, 열린관광 모두의여행(access.visitkorea.or.kr) 또는 이지제주(easyjeju.net)에서 확인하실 수 있습니다.",SURVEYED,"[FIX85] 잔여 확인 — 주차 공간·화장실 유무, 이동 보조가 필요한 구간의 성격",FIX85: 이용자 안내문 신설 — 내부 표기 사유 제거,v3,FACILITY_SURVEY,편의시설 조사: 장애인 주차장 있음,,,,Y,UNKNOWN,UNKNOWN,
ACC_P839,P839,PARTIAL,UNKNOWN,UNKNOWN,UNKNOWN,PARTIAL,FULL,FULL,FULL,Y,CONDITIONAL,CONDITIONAL,시설접근 기준 판정 — 활동참여 개별 근거 미확보,입구에서 다실까지 경사가 가파르고 횡경사가 심하여 차량으로 다실 주차장까지 이동 가능합니다+다실 출입구는 계단입니다. (3칸)+입구 주차장에서 녹차밭까지 급경사 구간이 많고 횡경사가 있습니다,단차 없음+휠체어 접근 가능,장애인 화장실 있음+장애인 주차장 있음+휠체어 대여 가능,다실 출입구 계단 3칸 — 차량으로 다실 주차장까지 이동 필요,,,,,휠내비길(wheelnavi.kr) 음성안내 · 제주올레 오디오가이드(jejuolle.org) 코스별 음성해설,「탐나는수어」 앱 · 제주수어통역센터 여행수어 자료(jejudeaf.com),,IN_VENUE,이용 동선에서 이용 가능,차량+대중교통+도보,,,,,,,,,,,,2023-12,,,,,,,UNKNOWN,UNKNOWN,,,,,제주관광약자접근성안내센터(이지제주) · 한국관광공사 열린관광 · ㈜휴플 현장조사,2026-06,2024~2026,https://easyjeju.net,제주관광공사 「오감으로 즐기는 제주」(2023.12.22) · 한국관광공사 열린관광지 · 이지제주,"현재 무장애 정보는 이동(지체) 접근성 기준입니다. 시각·청각·발달 장애 정보는 확보 중이며, 열린관광 모두의여행(access.visitkorea.or.kr) 또는 이지제주(easyjeju.net)에서 확인하실 수 있습니다.",SURVEYED,,FIX13: FULL 검증 결과 하향,v3,ROUTE_SURVEY,경로 상태 조사: 단차 없음+휠체어 접근 가능,,,,Y,UNKNOWN,UNKNOWN,
ACC_P840,P840,UNKNOWN,UNKNOWN,UNKNOWN,UNKNOWN,UNKNOWN,UNKNOWN,UNKNOWN,UNKNOWN,Y,UNKNOWN,UNKNOWN,,UNKNOWN,UNKNOWN,UNKNOWN,,,,,,휠내비길(wheelnavi.kr) 음성안내 · 제주올레 오디오가이드(jejuolle.org) 코스별 음성해설,「탐나는수어」 앱 · 제주수어통역센터 여행수어 자료(jejudeaf.com),,,,차량+대중교통+도보,,,,,,,,,,,,2023-12,,,,,,,UNKNOWN,UNKNOWN,,,,,제주관광약자접근성안내센터(이지제주) · 한국관광공사 열린관광 · ㈜휴플 현장조사,2026-06,2024~2026,https://easyjeju.net,제주관광공사 「오감으로 즐기는 제주」(2023.12.22) · 한국관광공사 열린관광지 · 이지제주,"현재 무장애 정보는 이동(지체) 접근성 기준입니다. 시각·청각·발달 장애 정보는 확보 중이며, 열린관광 모두의여행(access.visitkorea.or.kr) 또는 이지제주(easyjeju.net)에서 확인하실 수 있습니다.",SURVEYED,,,v3,FACILITY_SURVEY,편의시설 조사: UNKNOWN,,,,Y,UNKNOWN,UNKNOWN,
ACC_P841,P841,UNKNOWN,UNKNOWN,UNKNOWN,UNKNOWN,UNKNOWN,FULL,FULL,NONE,Y,UNKNOWN,UNKNOWN,,UNKNOWN,단차 없음,,,,,,,휠내비길(wheelnavi.kr) 음성안내 · 제주올레 오디오가이드(jejuolle.org) 코스별 음성해설,「탐나는수어」 앱 · 제주수어통역센터 여행수어 자료(jejudeaf.com),,,,차량+대중교통+도보,,,,,,,,,,,,2023-12,,,,,,,UNKNOWN,UNKNOWN,,,,,제주관광약자접근성안내센터(이지제주) · 한국관광공사 열린관광 · ㈜휴플 현장조사,2026-06,2024~2026,https://easyjeju.net,제주관광공사 「오감으로 즐기는 제주」(2023.12.22) · 한국관광공사 열린관광지 · 이지제주,"현재 무장애 정보는 이동(지체) 접근성 기준입니다. 시각·청각·발달 장애 정보는 확보 중이며, 열린관광 모두의여행(access.visitkorea.or.kr) 또는 이지제주(easyjeju.net)에서 확인하실 수 있습니다.",SURVEYED,,,v3,ROUTE_SURVEY,경로 상태 조사: 단차 없음,,,,Y,UNKNOWN,UNKNOWN,
ACC_P842,P842,UNKNOWN,UNKNOWN,UNKNOWN,UNKNOWN,UNKNOWN,UNKNOWN,UNKNOWN,UNKNOWN,N,UNKNOWN,UNKNOWN,,UNKNOWN,UNKNOWN,UNKNOWN,,,,,,휠내비길(wheelnavi.kr) 음성안내 · 제주올레 오디오가이드(jejuolle.org) 코스별 음성해설,「탐나는수어」 앱 · 제주수어통역센터 여행수어 자료(jejudeaf.com),,,,차량+도보,,,,,,,,,,,,2023-12,,,,,,,UNKNOWN,UNKNOWN,,,,,제주관광약자접근성안내센터(이지제주) · 한국관광공사 열린관광 · ㈜휴플 현장조사,2026-06,2024~2026,https://easyjeju.net,제주관광공사 「오감으로 즐기는 제주」(2023.12.22) · 한국관광공사 열린관광지 · 이지제주,"현재 무장애 정보는 이동(지체) 접근성 기준입니다. 시각·청각·발달 장애 정보는 확보 중이며, 열린관광 모두의여행(access.visitkorea.or.kr) 또는 이지제주(easyjeju.net)에서 확인하실 수 있습니다.",SURVEYED,,,v3,FACILITY_SURVEY,편의시설 조사: UNKNOWN,,,,Y,UNKNOWN,UNKNOWN,
ACC_P843,P843,UNKNOWN,UNKNOWN,UNKNOWN,UNKNOWN,UNKNOWN,UNKNOWN,PARTIAL,UNKNOWN,N,UNKNOWN,UNKNOWN,,UNKNOWN,단차 있음+확인 필요,UNKNOWN,,,,,,휠내비길(wheelnavi.kr) 음성안내 · 제주올레 오디오가이드(jejuolle.org) 코스별 음성해설,「탐나는수어」 앱 · 제주수어통역센터 여행수어 자료(jejudeaf.com),,,,차량+도보,,,,,,,,,,,,2023-12,,,,,,,UNKNOWN,UNKNOWN,,,,,제주관광약자접근성안내센터(이지제주) · 한국관광공사 열린관광 · ㈜휴플 현장조사,2026-06,2024~2026,https://easyjeju.net,제주관광공사 「오감으로 즐기는 제주」(2023.12.22) · 한국관광공사 열린관광지 · 이지제주,"현재 무장애 정보는 이동(지체) 접근성 기준입니다. 시각·청각·발달 장애 정보는 확보 중이며, 열린관광 모두의여행(access.visitkorea.or.kr) 또는 이지제주(easyjeju.net)에서 확인하실 수 있습니다.",SURVEYED,,,v3,ROUTE_SURVEY,경로 상태 조사: 단차 있음+확인 필요,,,,Y,UNKNOWN,UNKNOWN,
ACC_P844,P844,UNKNOWN,UNKNOWN,UNKNOWN,UNKNOWN,UNKNOWN,UNKNOWN,UNKNOWN,UNKNOWN,N,UNKNOWN,UNKNOWN,,UNKNOWN,UNKNOWN,UNKNOWN,,,,,,휠내비길(wheelnavi.kr) 음성안내 · 제주올레 오디오가이드(jejuolle.org) 코스별 음성해설,「탐나는수어」 앱 · 제주수어통역센터 여행수어 자료(jejudeaf.com),,,,차량+도보,,,,,,,,,,,,2023-12,,,,,,,UNKNOWN,UNKNOWN,,,,,제주관광약자접근성안내센터(이지제주) · 한국관광공사 열린관광 · ㈜휴플 현장조사,2026-06,2024~2026,https://easyjeju.net,제주관광공사 「오감으로 즐기는 제주」(2023.12.22) · 한국관광공사 열린관광지 · 이지제주,"현재 무장애 정보는 이동(지체) 접근성 기준입니다. 시각·청각·발달 장애 정보는 확보 중이며, 열린관광 모두의여행(access.visitkorea.or.kr) 또는 이지제주(easyjeju.net)에서 확인하실 수 있습니다.",SURVEYED,,,v3,FACILITY_SURVEY,편의시설 조사: UNKNOWN,,,,Y,UNKNOWN,UNKNOWN,
ACC_P845,P845,NONE,UNKNOWN,UNKNOWN,UNKNOWN,NONE,PARTIAL,PARTIAL,UNKNOWN,Y,UNAVAILABLE,UNAVAILABLE,시설접근 기준 판정 — 활동참여 개별 근거 미확보,UNKNOWN,계단 있음+단차 있음+접근 불가,UNKNOWN,,영실기암은 산악 탐방로를 따라 올라가야 하며 휠체어로 접근하기 어렵습니다.,영실기암은 산악 탐방로를 따라 접근해야 하며 계단·단차와 가파른 구간이 포함되어 휠체어 접근이 어려움.,,,휠내비길(wheelnavi.kr) 음성안내 · 제주올레 오디오가이드(jejuolle.org) 코스별 음성해설,「탐나는수어」 앱 · 제주수어통역센터 여행수어 자료(jejudeaf.com),,,,차량+대중교통+도보,,,,,,,,,,,,2023-12,,,,,,,UNKNOWN,UNKNOWN,,,,,제주관광약자접근성안내센터(이지제주) · 한국관광공사 열린관광 · ㈜휴플 현장조사,2026-06,2024~2026,https://visithalla.jeju.go.kr/contents/contents.do?id=60,제주관광공사 「오감으로 즐기는 제주」(2023.12.22) · 한국관광공사 열린관광지 · 이지제주,"현재 무장애 정보는 이동(지체) 접근성 기준입니다. 시각·청각·발달 장애 정보는 확보 중이며, 열린관광 모두의여행(access.visitkorea.or.kr) 또는 이지제주(easyjeju.net)에서 확인하실 수 있습니다.",SURVEYED,,,v3,ROUTE_SURVEY,경로 상태 조사: 계단 있음+단차 있음+접근 불가,,,,N,UNKNOWN,UNKNOWN,시각·청각 접근성 정보가 확인되지 않았습니다
ACC_P846,P846,NONE,UNKNOWN,UNKNOWN,UNKNOWN,NONE,PARTIAL,PARTIAL,UNKNOWN,N,UNAVAILABLE,UNAVAILABLE,시설접근 기준 판정 — 활동참여 개별 근거 미확보,UNKNOWN,접근 불가,UNKNOWN,,"배를 타고 우도로 들어가야 하고, 배에 오르내릴 때 높이 차와 선내 계단이 있습니다. 동안경굴까지 이어지는 접근로가 없어 휠체어로는 가실 수 없습니다.",[도서] 여객선 승선 시 높이차·선내 계단. 섬 내 이동수단 별도 확인 필요,,,휠내비길(wheelnavi.kr) 음성안내 · 제주올레 오디오가이드(jejuolle.org) 코스별 음성해설,「탐나는수어」 앱 · 제주수어통역센터 여행수어 자료(jejudeaf.com),,,,차량+도보,,,,,,,,,,,,2023-12,FERRY_BOARDING,여객선 승하선 제약 · 풍랑 시 결항 가능,,,,,UNKNOWN,UNKNOWN,,,,,제주관광약자접근성안내센터(이지제주) · 한국관광공사 열린관광 · ㈜휴플 현장조사,2026-06,2024~2026,https://easyjeju.net,제주관광공사 「오감으로 즐기는 제주」(2023.12.22) · 한국관광공사 열린관광지 · 이지제주,"현재 무장애 정보는 이동(지체) 접근성 기준입니다. 시각·청각·발달 장애 정보는 확보 중이며, 열린관광 모두의여행(access.visitkorea.or.kr) 또는 이지제주(easyjeju.net)에서 확인하실 수 있습니다.",SURVEYED,,,v3,FACILITY_SURVEY,편의시설 조사: UNKNOWN,,,,N,UNKNOWN,UNKNOWN,시각·청각 접근성 정보가 확인되지 않았습니다
ACC_P847,P847,NONE,UNKNOWN,UNKNOWN,UNKNOWN,NONE,PARTIAL,PARTIAL,UNKNOWN,Y,UNAVAILABLE,UNAVAILABLE,시설접근 기준 판정 — 활동참여 개별 근거 미확보,UNKNOWN,비포장+접근 불가,UNKNOWN,,,,,,휠내비길(wheelnavi.kr) 음성안내 · 제주올레 오디오가이드(jejuolle.org) 코스별 음성해설,「탐나는수어」 앱 · 제주수어통역센터 여행수어 자료(jejudeaf.com),,,,차량+대중교통+도보,,,,,,,,,,,,2023-12,,,,,,,UNKNOWN,UNKNOWN,,,,,제주관광약자접근성안내센터(이지제주) · 한국관광공사 열린관광 · ㈜휴플 현장조사,2026-06,2024~2026,https://easyjeju.net,제주관광공사 「오감으로 즐기는 제주」(2023.12.22) · 한국관광공사 열린관광지 · 이지제주,"현재 무장애 정보는 이동(지체) 접근성 기준입니다. 시각·청각·발달 장애 정보는 확보 중이며, 열린관광 모두의여행(access.visitkorea.or.kr) 또는 이지제주(easyjeju.net)에서 확인하실 수 있습니다.",SURVEYED,,,v3,ROUTE_SURVEY,경로 상태 조사: 비포장+접근 불가,,,,N,UNKNOWN,UNKNOWN,시각·청각 접근성 정보가 확인되지 않았습니다
ACC_P848,P848,NONE,UNKNOWN,UNKNOWN,UNKNOWN,NONE,PARTIAL,PARTIAL,UNKNOWN,N,UNAVAILABLE,UNAVAILABLE,시설접근 기준 판정 — 활동참여 개별 근거 미확보,UNKNOWN,계단 있음+단차 있음+접근 불가,UNKNOWN,,백록담은 장거리 산악 탐방로와 가파른 구간을 지나야 해 휠체어로 접근하기 어렵습니다.,백록담은 장거리 산악 탐방로와 가파른 구간을 지나야 도달할 수 있어 휠체어 접근이 어려움.,,,휠내비길(wheelnavi.kr) 음성안내 · 제주올레 오디오가이드(jejuolle.org) 코스별 음성해설,「탐나는수어」 앱 · 제주수어통역센터 여행수어 자료(jejudeaf.com),,,,차량+도보,,,,,,,,,,,,2023-12,,,,,,,UNKNOWN,UNKNOWN,,,,,제주관광약자접근성안내센터(이지제주) · 한국관광공사 열린관광 · ㈜휴플 현장조사,2026-06,2024~2026,https://visithalla.jeju.go.kr/contents/contents.do?id=61 · https://visithalla.jeju.go.kr/contents/contents.do?id=62,제주관광공사 「오감으로 즐기는 제주」(2023.12.22) · 한국관광공사 열린관광지 · 이지제주,"현재 무장애 정보는 이동(지체) 접근성 기준입니다. 시각·청각·발달 장애 정보는 확보 중이며, 열린관광 모두의여행(access.visitkorea.or.kr) 또는 이지제주(easyjeju.net)에서 확인하실 수 있습니다.",SURVEYED,,,v3,ROUTE_SURVEY,경로 상태 조사: 계단 있음+단차 있음+접근 불가,,,,N,UNKNOWN,UNKNOWN,시각·청각 접근성 정보가 확인되지 않았습니다
ACC_P849,P849,FULL,UNKNOWN,UNKNOWN,UNKNOWN,FULL,FULL,FULL,FULL,Y,AVAILABLE,AVAILABLE,시설접근 기준 판정 — 활동참여 개별 근거 미확보,주출입구 단차 없음,단차 없음+휠체어 접근 가능,장애인 화장실 있음+장애인 주차장 있음+엘리베이터 있음+휠체어 대여 가능,,,,,,휠내비길(wheelnavi.kr) 음성안내 · 제주올레 오디오가이드(jejuolle.org) 코스별 음성해설,「탐나는수어」 앱 · 제주수어통역센터 여행수어 자료(jejudeaf.com),,IN_VENUE,이용 동선에서 이용 가능,차량+대중교통+도보,,,,,,,,,,,,2023-12,,,,,,,UNKNOWN,UNKNOWN,,,,,제주관광약자접근성안내센터(이지제주) · 한국관광공사 열린관광 · ㈜휴플 현장조사,2026-06,2024~2026,https://easyjeju.net,제주관광공사 「오감으로 즐기는 제주」(2023.12.22) · 한국관광공사 열린관광지 · 이지제주,"현재 무장애 정보는 이동(지체) 접근성 기준입니다. 시각·청각·발달 장애 정보는 확보 중이며, 열린관광 모두의여행(access.visitkorea.or.kr) 또는 이지제주(easyjeju.net)에서 확인하실 수 있습니다.",SURVEYED,,,v3,ROUTE_SURVEY,경로 상태 조사: 단차 없음+휠체어 접근 가능,,,,Y,UNKNOWN,UNKNOWN,
ACC_P850,P850,NONE,UNKNOWN,UNKNOWN,UNKNOWN,NONE,PARTIAL,PARTIAL,FULL,Y,CONDITIONAL,CONDITIONAL,주차장·화장실은 이용 가능 / 계단·단차로 폭포 접근 불가,경사로 없음,단차 있음+계단 있음+이동 보조 필요+휠체어 접근 제한,장애인 화장실 있음+장애인 주차장 있음,,"공용주차장과 화장실, 음료대가 있습니다. 다만 폭포로 내려가는 길에 계단과 단차가 있고 이동에 도움이 필요해 휠체어로 폭포 앞까지 가시기는 어렵습니다.",,,,휠내비길(wheelnavi.kr) 음성안내 · 제주올레 오디오가이드(jejuolle.org) 코스별 음성해설,「탐나는수어」 앱 · 제주수어통역센터 여행수어 자료(jejudeaf.com),,IN_VENUE,이용 동선에서 이용 가능,차량+대중교통+도보,,,,,,,,,,,,2023-12,,,,,,,UNKNOWN,UNKNOWN,,,,,제주관광약자접근성안내센터(이지제주) · 한국관광공사 열린관광 · ㈜휴플 현장조사,2026-06,2024~2026,https://easyjeju.net,제주관광공사 「오감으로 즐기는 제주」(2023.12.22) · 한국관광공사 열린관광지 · 이지제주,"현재 무장애 정보는 이동(지체) 접근성 기준입니다. 시각·청각·발달 장애 정보는 확보 중이며, 열린관광 모두의여행(access.visitkorea.or.kr) 또는 이지제주(easyjeju.net)에서 확인하실 수 있습니다.",SURVEYED,"[FIX85] 잔여 확인 — 상부 조망 지점 유무, 장애인 전용 시설 유무",FIX85: 이용자 안내문 신설 — 내부 표기 사유 제거,v3,ROUTE_SURVEY,경로 상태 조사: 단차 있음+계단 있음+이동 보조 필요+휠체어 접근 제한,,,,Y,UNKNOWN,UNKNOWN,
ACC_P851,P851,FULL,UNKNOWN,UNKNOWN,UNKNOWN,FULL,FULL,FULL,FULL,Y,AVAILABLE,AVAILABLE,시설접근 기준 판정 — 활동참여 개별 근거 미확보,주출입구 경사로 있음,단차 없음+휠체어 접근 가능,장애인 화장실 있음+장애인 주차장 있음,,,,,,휠내비길(wheelnavi.kr) 음성안내 · 제주올레 오디오가이드(jejuolle.org) 코스별 음성해설,「탐나는수어」 앱 · 제주수어통역센터 여행수어 자료(jejudeaf.com),,IN_VENUE,이용 동선에서 이용 가능,차량+대중교통+도보,,,,,,,,,,,,2023-12,,,,,,,UNKNOWN,UNKNOWN,,,,,제주관광약자접근성안내센터(이지제주) · 한국관광공사 열린관광 · ㈜휴플 현장조사,2026-06,2024~2026,https://easyjeju.net,제주관광공사 「오감으로 즐기는 제주」(2023.12.22) · 한국관광공사 열린관광지 · 이지제주,"현재 무장애 정보는 이동(지체) 접근성 기준입니다. 시각·청각·발달 장애 정보는 확보 중이며, 열린관광 모두의여행(access.visitkorea.or.kr) 또는 이지제주(easyjeju.net)에서 확인하실 수 있습니다.",SURVEYED,,,v3,ROUTE_SURVEY,경로 상태 조사: 단차 없음+휠체어 접근 가능,,,,Y,UNKNOWN,UNKNOWN,
ACC_P852,P852,PARTIAL,UNKNOWN,UNKNOWN,UNKNOWN,PARTIAL,FULL,FULL,FULL,Y,CONDITIONAL,CONDITIONAL,시설접근 기준 판정 — 활동참여 개별 근거 미확보,"외부 관람로는 경사 구간 다수 있습니다+주차장에서 산지천 산책로까지 단차 없이 접근 가능합니다+주차장에서 산지천 산책로 접근로 약 3.2도 경사로, 5~7.7도 경사 있습니다",단차 없음+휠체어 접근 가능,장애인 화장실 있음+장애인 주차장 있음+엘리베이터 있음,"노면·단차 제약 — 조사문에 ""경사 구간 다수"" 명시",,,,,휠내비길(wheelnavi.kr) 음성안내 · 제주올레 오디오가이드(jejuolle.org) 코스별 음성해설,「탐나는수어」 앱 · 제주수어통역센터 여행수어 자료(jejudeaf.com),,IN_VENUE,이용 동선에서 이용 가능,차량+대중교통+도보,,,,,,,,,,,,2023-12,,,,,,,UNKNOWN,UNKNOWN,,,,,제주관광약자접근성안내센터(이지제주) · 한국관광공사 열린관광 · ㈜휴플 현장조사,2026-06,2024~2026,https://easyjeju.net,제주관광공사 「오감으로 즐기는 제주」(2023.12.22) · 한국관광공사 열린관광지 · 이지제주,"현재 무장애 정보는 이동(지체) 접근성 기준입니다. 시각·청각·발달 장애 정보는 확보 중이며, 열린관광 모두의여행(access.visitkorea.or.kr) 또는 이지제주(easyjeju.net)에서 확인하실 수 있습니다.",SURVEYED,,FIX22: 논리검사 패턴 보완(요철·단차·노면불량),v3,ROUTE_SURVEY,경로 상태 조사: 단차 없음+휠체어 접근 가능,,,"계곡물은 수심을 눈으로 가늠하기 어렵고 바닥이 미끄러우니 발이 닿는 곳에서만 머물러 주세요. 비가 온 뒤에는 상류에서 물이 갑자기 불어날 수 있어, 시간당 10mm 이상 비가 예보된 날에는 입수를 삼가 주세요. 폭포 아래는 수심이 깊고 물살이 강합니다.",Y,UNKNOWN,UNKNOWN,
ACC_P853,P853,PARTIAL,UNKNOWN,UNKNOWN,PARTIAL,PARTIAL,FULL,FULL,FULL,Y,CONDITIONAL,CONDITIONAL,시설접근 기준 판정 — 활동참여 개별 근거 미확보,단차 없음,단차 없음+휠체어 접근 가능,장애인 화장실 있음+장애인 주차장 있음,안내센터와 주변은 접근 가능하며 제주올레 6코스 휠체어 구간의 시작점임. 장애인 화장실과 쉼터가 있음. 다만 이어지는 코스(보목포구까지 2.6~3.3km)는 오르막 구간이 많고 430m 지점부터 보행로와 차도가 나뉘지 않음. 휠체어로 2~3시간이 걸려 동행을 권함,,"쇠소깍 안내센터·주변은 접근 가능(올레6코스 휠체어구간 시작점, 장애인화장실·쉼터 있음). 단 이어지는 코스(보목포구까지 2.6~3.3km)는 오르막 4~8도 구간 다수·430m 지점부터 보행로와 차도 미분리 — 휠체어 2~3시간 소요, 동행 권장(이지제주)",,,휠내비길(wheelnavi.kr) 음성안내 · 제주올레 오디오가이드(jejuolle.org) 코스별 음성해설,「탐나는수어」 앱 · 제주수어통역센터 여행수어 자료(jejudeaf.com),발달장애인 추천 코스 수록: 테우(전통 뗏목)체험(오감 p.13),IN_VENUE,이용 동선에서 이용 가능,차량+대중교통+도보,,,,,,,,,,,,2023-12,ROAD_SHARED,"보행로·차도 미분리 구간, 유동 차량 많음",,,,,UNKNOWN,UNKNOWN,,,,,제주관광약자접근성안내센터(이지제주) · 한국관광공사 열린관광 · ㈜휴플 현장조사,2026-06,2024~2026,https://easyjeju.net,제주관광공사 「오감으로 즐기는 제주」(2023.12.22) · 한국관광공사 열린관광지 · 이지제주,"현재 무장애 정보는 이동(지체) 접근성 기준입니다. 시각·청각·발달 장애 정보는 확보 중이며, 열린관광 모두의여행(access.visitkorea.or.kr) 또는 이지제주(easyjeju.net)에서 확인하실 수 있습니다.",VERIFIED,검증완료(2026-07),FIX21: 구간별 접근 상이 — FULL→PARTIAL | FIX68: P052 병합 수신 (대표 노드),v3,ROUTE_SURVEY,경로 상태 조사: 단차 없음+휠체어 접근 가능,,,"계곡물은 수심을 눈으로 가늠하기 어렵고 바닥이 미끄러우니 발이 닿는 곳에서만 머물러 주세요. 비가 온 뒤에는 상류에서 물이 갑자기 불어날 수 있어, 시간당 10mm 이상 비가 예보된 날에는 입수를 삼가 주세요. 폭포 아래는 수심이 깊고 물살이 강합니다.",Y,UNKNOWN,UNKNOWN,
ACC_P854,P854,NONE,UNKNOWN,UNKNOWN,UNKNOWN,NONE,PARTIAL,PARTIAL,NONE,Y,UNAVAILABLE,UNAVAILABLE,시설접근 기준 판정 — 활동참여 개별 근거 미확보,UNKNOWN,접근 불가+정보 없음,,,,,,,휠내비길(wheelnavi.kr) 음성안내 · 제주올레 오디오가이드(jejuolle.org) 코스별 음성해설,「탐나는수어」 앱 · 제주수어통역센터 여행수어 자료(jejudeaf.com),,,,차량+대중교통+도보,,,,,,,,,,,,2023-12,,,,,,,UNKNOWN,UNKNOWN,,,,,제주관광약자접근성안내센터(이지제주) · 한국관광공사 열린관광 · ㈜휴플 현장조사,2026-06,2024~2026,https://easyjeju.net,제주관광공사 「오감으로 즐기는 제주」(2023.12.22) · 한국관광공사 열린관광지 · 이지제주,"현재 무장애 정보는 이동(지체) 접근성 기준입니다. 시각·청각·발달 장애 정보는 확보 중이며, 열린관광 모두의여행(access.visitkorea.or.kr) 또는 이지제주(easyjeju.net)에서 확인하실 수 있습니다.",SURVEYED,,,v3,ROUTE_SURVEY,경로 상태: 접근 불가+정보 없음,,,"계곡물은 수심을 눈으로 가늠하기 어렵고 바닥이 미끄러우니 발이 닿는 곳에서만 머물러 주세요. 비가 온 뒤에는 상류에서 물이 갑자기 불어날 수 있어, 시간당 10mm 이상 비가 예보된 날에는 입수를 삼가 주세요. 폭포 아래는 수심이 깊고 물살이 강합니다.",N,UNKNOWN,UNKNOWN,시각·청각 접근성 정보가 확인되지 않았습니다
ACC_P855,P855,NONE,UNKNOWN,UNKNOWN,UNKNOWN,NONE,NONE,PARTIAL,NONE,N,UNAVAILABLE,UNAVAILABLE,시설접근 기준 판정 — 활동참여 개별 근거 미확보,UNKNOWN,계곡 횡단+숲길+우천 후 2일 입산통제 가능+등산화 권장,공식 무장애 정보 없음,,계곡과 숲길을 지나야 하는 자연 탐방 구간이라 휠체어로 이동하기 어렵습니다.,계곡 횡단과 자연 숲길을 포함한 탐방 구간으로 휠체어가 통행할 수 있는 연속적인 무장애 동선이 확인되지 않음.,,,휠내비길(wheelnavi.kr) 음성안내 · 제주올레 오디오가이드(jejuolle.org) 코스별 음성해설,「탐나는수어」 앱 · 제주수어통역센터 여행수어 자료(jejudeaf.com),,,,차량+도보,,,,,,,,,,,,2023-12,,,,,,,UNKNOWN,UNKNOWN,,,,,제주관광약자접근성안내센터(이지제주) · 한국관광공사 열린관광 · ㈜휴플 현장조사,2026-06,2024~2026,https://easyjeju.net,제주관광공사 「오감으로 즐기는 제주」(2023.12.22) · 한국관광공사 열린관광지 · 이지제주,"현재 무장애 정보는 이동(지체) 접근성 기준입니다. 시각·청각·발달 장애 정보는 확보 중이며, 열린관광 모두의여행(access.visitkorea.or.kr) 또는 이지제주(easyjeju.net)에서 확인하실 수 있습니다.",SURVEYED,※ FIX68: P628 과 동일 장소(중복 노드). 대표는 P628 이며 이 노드는 추천 대상에서 제외함. 접근성 정보는 P628 로 이관 완료. 관계는 이력 보존을 위해 남겨둠,FIX68: P628 로 병합 (중복 노드),v3,FACILITY_SURVEY,편의시설 조사: 공식 무장애 정보 없음,,,"계곡물은 수심을 눈으로 가늠하기 어렵고 바닥이 미끄러우니 발이 닿는 곳에서만 머물러 주세요. 비가 온 뒤에는 상류에서 물이 갑자기 불어날 수 있어, 시간당 10mm 이상 비가 예보된 날에는 입수를 삼가 주세요. 폭포 아래는 수심이 깊고 물살이 강합니다.",N,UNKNOWN,UNKNOWN,시각·청각 접근성 정보가 확인되지 않았습니다
ACC_P856,P856,NONE,UNKNOWN,UNKNOWN,UNKNOWN,NONE,PARTIAL,PARTIAL,NONE,Y,CONDITIONAL,CONDITIONAL,노면 불량으로 접근 불가 / 편의시설 미확인,UNKNOWN,노면 불량+접근 불가+휠체어 접근 제한,,,화석 산지로 이어지는 길의 노면이 고르지 않고 휠체어로 통행할 수 없는 구간이 있어 가시기는 어렵습니다. 주차 공간과 화장실은 확인되지 않았습니다.,,,,휠내비길(wheelnavi.kr) 음성안내 · 제주올레 오디오가이드(jejuolle.org) 코스별 음성해설,「탐나는수어」 앱 · 제주수어통역센터 여행수어 자료(jejudeaf.com),,,,차량+대중교통+도보,,,,,,,,,,,,2023-12,,,,,,,UNKNOWN,UNKNOWN,,,,,제주관광약자접근성안내센터(이지제주) · 한국관광공사 열린관광 · ㈜휴플 현장조사,2026-06,2024~2026,https://easyjeju.net,제주관광공사 「오감으로 즐기는 제주」(2023.12.22) · 한국관광공사 열린관광지 · 이지제주,"현재 무장애 정보는 이동(지체) 접근성 기준입니다. 시각·청각·발달 장애 정보는 확보 중이며, 열린관광 모두의여행(access.visitkorea.or.kr) 또는 이지제주(easyjeju.net)에서 확인하실 수 있습니다.",SURVEYED,[FIX85] 천연기념물 지정지 — 출입 제한 여부 확인 필요. 잔여 확인 — 주차 공간·화장실 유무,FIX85: 이용자 안내문 신설 — 내부 표기 사유 제거,v3,ROUTE_SURVEY,경로 상태: 노면 불량+접근 불가+휠체어 접근 제한,,,,Y,UNKNOWN,UNKNOWN,
ACC_P857,P857,PARTIAL,UNKNOWN,UNKNOWN,UNKNOWN,PARTIAL,PARTIAL,PARTIAL,NONE,Y,CONDITIONAL,CONDITIONAL,"시설접근 조건부 / 활동참여 조건부 — 관람은 부분 가능, 물놀이 공간 직접 진입은 제약",UNKNOWN,노면 불량+접근 불가+휠체어 접근 제한,,경로 조사 — 관광지 주변과 물통 인근까지 접근 가능하나 입구 노면이 고르지 않음. 용천수 물놀이 공간은 계단 구조로 진입 불가,관광지 주변과 물통 인근까지는 휠체어로 접근하실 수 있으나 입구 노면이 울퉁불퉁합니다. 용천수 물놀이 공간은 현무암 바닥에 단차가 있고 이끼로 매우 미끄러워 직접 들어가시기는 어렵습니다. 물통은 만조에 잠기고 간조에 드러나므로 물때를 확인해 주세요,,,,휠내비길(wheelnavi.kr) 음성안내 · 제주올레 오디오가이드(jejuolle.org) 코스별 음성해설,「탐나는수어」 앱 · 제주수어통역센터 여행수어 자료(jejudeaf.com),,,,차량+대중교통+도보,,,,,,,,,,,,2023-12,,,,,,,UNKNOWN,UNKNOWN,,,,,제주관광약자접근성안내센터(이지제주) · 한국관광공사 열린관광 · ㈜휴플 현장조사,2026-06,2024~2026,https://easyjeju.net,제주관광공사 「오감으로 즐기는 제주」(2023.12.22) · 한국관광공사 열린관광지 · 이지제주,"현재 무장애 정보는 이동(지체) 접근성 기준입니다. 시각·청각·발달 장애 정보는 확보 중이며, 열린관광 모두의여행(access.visitkorea.or.kr) 또는 이지제주(easyjeju.net)에서 확인하실 수 있습니다.",SURVEYED,FIX68: P400 과 동일 장소(중복 노드). 대표는 P400 이며 이 노드는 추천 대상에서 제외함. 접근성 정보는 P400 로 이관 완료. 관계는 이력 보존을 위해 남겨둠 ※ [FIX83] 주변 접근 가능·물놀이 공간 진입 불가로 판정 확정 (FIX68),FIX68: P400 로 병합 (중복 노드) | FIX83: 이용자 사유 필드에서 내부 표기 제거,v3,ROUTE_SURVEY,경로 상태: 노면 불량+접근 불가+휠체어 접근 제한,,,,Y,UNKNOWN,UNKNOWN,
ACC_P858,P858,FULL,UNKNOWN,UNKNOWN,UNKNOWN,FULL,FULL,FULL,FULL,N,AVAILABLE,AVAILABLE,시설접근 기준 판정 — 활동참여 개별 근거 미확보,주출입구 단차 없음,단차 없음+휠체어 접근 가능,장애인 화장실 있음+장애인 주차장 있음,,,,,,휠내비길(wheelnavi.kr) 음성안내 · 제주올레 오디오가이드(jejuolle.org) 코스별 음성해설,「탐나는수어」 앱 · 제주수어통역센터 여행수어 자료(jejudeaf.com),,IN_VENUE,이용 동선에서 이용 가능,차량+도보,,,,,,,,,,,,2023-12,,,,,,,UNKNOWN,UNKNOWN,,,,,제주관광약자접근성안내센터(이지제주) · 한국관광공사 열린관광 · ㈜휴플 현장조사,2026-06,2024~2026,https://easyjeju.net,제주관광공사 「오감으로 즐기는 제주」(2023.12.22) · 한국관광공사 열린관광지 · 이지제주,"현재 무장애 정보는 이동(지체) 접근성 기준입니다. 시각·청각·발달 장애 정보는 확보 중이며, 열린관광 모두의여행(access.visitkorea.or.kr) 또는 이지제주(easyjeju.net)에서 확인하실 수 있습니다.",SURVEYED,,,v3,ROUTE_SURVEY,경로 상태 조사: 단차 없음+휠체어 접근 가능,,,,Y,UNKNOWN,UNKNOWN,
ACC_P859,P859,NONE,UNKNOWN,UNKNOWN,UNKNOWN,NONE,PARTIAL,PARTIAL,FULL,Y,CONDITIONAL,CONDITIONAL,탐방안내소·주차장은 이용 가능(장애인 주차구역·장애인 화장실 확보) / 탐방로는 접근 불가,UNKNOWN,노면 불량+계단 있음+단차 있음+접근 불가+휠체어 접근 제한,장애인 화장실 있음+장애인 주차장 있음,,"탐방안내소까지는 차로 오실 수 있고, 장애인 주차구역과 장애인 화장실이 갖춰져 있습니다. 주차장은 150면 규모입니다. 다만 영실 탐방로는 노면이 고르지 않고 계단과 단차가 이어져 휠체어로 오르시기는 어렵습니다. 안내소 주변에서 한라산 경관을 보실 수 있습니다.",,,,휠내비길(wheelnavi.kr) 음성안내 · 제주올레 오디오가이드(jejuolle.org) 코스별 음성해설,「탐나는수어」 앱 · 제주수어통역센터 여행수어 자료(jejudeaf.com),,IN_VENUE,이용 동선에서 이용 가능,차량+대중교통+도보,,,,,,,,,,,,2023-12,,,,,,,UNKNOWN,UNKNOWN,,,,,제주관광약자접근성안내센터(이지제주) · 한국관광공사 열린관광 · ㈜휴플 현장조사,2026-06,2024~2026,https://easyjeju.net,제주관광공사 「오감으로 즐기는 제주」(2023.12.22) · 한국관광공사 열린관광지 · 이지제주,"현재 무장애 정보는 이동(지체) 접근성 기준입니다. 시각·청각·발달 장애 정보는 확보 중이며, 열린관광 모두의여행(access.visitkorea.or.kr) 또는 이지제주(easyjeju.net)에서 확인하실 수 있습니다.",SURVEYED,[FIX84] 탐방로 접근 불가 — 진입부(주차장·편의시설)와 탐방로를 분리 판정. 조사 기록은 routeCondition 참조,FIX84: 이용자 안내문 신설 — 내부 표기 사유 제거,v3,ROUTE_SURVEY,경로 상태 조사: 노면 불량+계단 있음+단차 있음+접근 불가+휠체어 접근 제한,,,,Y,UNKNOWN,UNKNOWN,
ACC_P860,P860,NONE,UNKNOWN,UNKNOWN,PARTIAL,NONE,UNKNOWN,PARTIAL,FULL,N,CONDITIONAL,CONDITIONAL,안내소·주차장은 이용 가능(장애인 주차구역·장애인 화장실 확보) / 숲길은 접근 불가,UNKNOWN,비포장+흙길+단차 있음+이동 보조 필요+휠체어 접근 제한,장애인 화장실 있음+장애인 주차장 있음,,"주차장과 장애인 화장실, 장애인 주차구역이 갖춰져 있고 안내소 주변에 식음료 시설과 쉼터, 전기차 충전소가 있습니다. 다만 숲길은 흙길과 비포장으로 이어지고 단차가 있어 휠체어로 이동하시기는 어렵습니다. 안내소 주변까지는 편하게 다녀오실 수 있습니다.",,,,휠내비길(wheelnavi.kr) 음성안내 · 제주올레 오디오가이드(jejuolle.org) 코스별 음성해설,「탐나는수어」 앱 · 제주수어통역센터 여행수어 자료(jejudeaf.com),발달장애인 추천 코스 수록: 숲해설가 동반 숲나들이 + 야외족욕장 힐링족욕(오감 p.15). 064-805-3113,IN_VENUE,이용 동선에서 이용 가능,차량+도보,,,,,,,,LOW,Y,숲해설가 동반,Y,2023-12,,,,,,,UNKNOWN,UNKNOWN,,,,,제주관광약자접근성안내센터(이지제주) · 한국관광공사 열린관광 · ㈜휴플 현장조사,2026-06,2024~2026,https://easyjeju.net,제주관광공사 「오감으로 즐기는 제주」(2023.12.22) · 한국관광공사 열린관광지 · 이지제주,"현재 무장애 정보는 이동(지체) 접근성 기준입니다. 시각·청각·발달 장애 정보는 확보 중이며, 열린관광 모두의여행(access.visitkorea.or.kr) 또는 이지제주(easyjeju.net)에서 확인하실 수 있습니다.",SURVEYED,[FIX84] 탐방로 접근 불가 — 진입부(주차장·편의시설)와 탐방로를 분리 판정. 조사 기록은 routeCondition 참조,FIX84: 이용자 안내문 신설 — 내부 표기 사유 제거,v3,ROUTE_SURVEY,경로 상태 조사: 비포장+흙길+단차 있음+이동 보조 필요+휠체어 접근 제한,,,,Y,UNKNOWN,UNKNOWN,
ACC_P861,P861,NONE,UNKNOWN,UNKNOWN,UNKNOWN,NONE,UNKNOWN,PARTIAL,UNKNOWN,Y,CONDITIONAL,CONDITIONAL,제주올레 공식 휠체어 지정 구간 밖 — 코스 통행 불가 / 시작점 주변 시설은 이용 가능,경사로 있음,단차 있음+비포장+휠체어 접근 제한,,,제주올레 15-A코스는 제주올레가 지정한 휠체어 이용 구간 열 개 코스에 들어 있지 않습니다. 단차와 비포장 구간이 있어 코스를 휠체어로 이용하시기는 어렵습니다. 시작점 주변에는 주차장과 화장실이 있고 경사로도 설치되어 있습니다. 휠체어로 이용하실 수 있는 올레 구간을 찾으신다면 1·4·5·6·8·10·10-1·12·14·17코스를 확인해 주세요.,,,,휠내비길(wheelnavi.kr) 음성안내 · 제주올레 오디오가이드(jejuolle.org) 코스별 음성해설,「탐나는수어」 앱 · 제주수어통역센터 여행수어 자료(jejudeaf.com),,,,차량+대중교통+도보,,,,,,,,,,,,2023-12,,,,,,,UNKNOWN,UNKNOWN,,,,,제주관광약자접근성안내센터(이지제주) · 한국관광공사 열린관광 · ㈜휴플 현장조사,2026-06,2024~2026,https://easyjeju.net,제주관광공사 「오감으로 즐기는 제주」(2023.12.22) · 한국관광공사 열린관광지 · 이지제주,"현재 무장애 정보는 이동(지체) 접근성 기준입니다. 시각·청각·발달 장애 정보는 확보 중이며, 열린관광 모두의여행(access.visitkorea.or.kr) 또는 이지제주(easyjeju.net)에서 확인하실 수 있습니다.",SURVEYED,[FIX84] 탐방로 접근 불가 — 진입부(주차장·편의시설)와 탐방로를 분리 판정. 조사 기록은 routeCondition 참조 ※ 제주올레 공식 휠체어 지정 구간 10개(01·04·05·06·08·10·10-1·12·14·17) 밖. 이지제주올레 목차 확인(2026-08),FIX84: 이용자 안내문 신설 — 내부 표기 사유 제거,v3,ROUTE_SURVEY,경로 상태 조사: 단차 있음+비포장+휠체어 접근 제한,,,,Y,UNKNOWN,UNKNOWN,
ACC_P862,P862,NONE,UNKNOWN,UNKNOWN,UNKNOWN,NONE,UNKNOWN,UNKNOWN,UNKNOWN,N,CONDITIONAL,CONDITIONAL,주차장·편의시설 등 진입부는 이용 가능 / 탐방로는 접근 불가,UNKNOWN,비포장+휠체어 접근 제한,,,숲길이 비포장이라 휠체어로 이동하시기는 어렵습니다. 주차장과 화장실은 있으나 주차 면수가 확인되지 않으니 차로 오실 계획이라면 미리 알아보시는 편이 좋습니다.,,,,휠내비길(wheelnavi.kr) 음성안내 · 제주올레 오디오가이드(jejuolle.org) 코스별 음성해설,「탐나는수어」 앱 · 제주수어통역센터 여행수어 자료(jejudeaf.com),,,,차량+도보,,,,,,,,,,,,2023-12,,,,,,,UNKNOWN,UNKNOWN,,,,,제주관광약자접근성안내센터(이지제주) · 한국관광공사 열린관광 · ㈜휴플 현장조사,2026-06,2024~2026,https://easyjeju.net,제주관광공사 「오감으로 즐기는 제주」(2023.12.22) · 한국관광공사 열린관광지 · 이지제주,"현재 무장애 정보는 이동(지체) 접근성 기준입니다. 시각·청각·발달 장애 정보는 확보 중이며, 열린관광 모두의여행(access.visitkorea.or.kr) 또는 이지제주(easyjeju.net)에서 확인하실 수 있습니다.",SURVEYED,"[FIX84] 탐방로 접근 불가 — 진입부(주차장·편의시설)와 탐방로를 분리 판정. 조사 기록은 routeCondition 참조 ※ 잔여 확인 — 주차 면수(현재 0으로 기록), 장애인 화장실 유무",FIX84: 이용자 안내문 신설 — 내부 표기 사유 제거,v3,ROUTE_SURVEY,경로 상태 조사: 비포장+휠체어 접근 제한,,,,Y,UNKNOWN,UNKNOWN,
ACC_P863,P863,NONE,UNKNOWN,UNKNOWN,UNKNOWN,NONE,PARTIAL,PARTIAL,UNKNOWN,Y,UNAVAILABLE,UNAVAILABLE,숲길 자연 노면 — 접근 불가,경사로 있음,흙길+단차 있음+접근 불가,,,한라산둘레길 9구간 숫모르편백숲길은 흙길에 단차가 있고 경사로 구간이 있어 휠체어로 이동하시기 어렵습니다. 장애인 화장실은 확인되지 않았습니다.,,,,휠내비길(wheelnavi.kr) 음성안내 · 제주올레 오디오가이드(jejuolle.org) 코스별 음성해설,「탐나는수어」 앱 · 제주수어통역센터 여행수어 자료(jejudeaf.com),,,,차량+대중교통+도보,,,,,,,,,,,,2023-12,,,,,,,UNKNOWN,UNKNOWN,,,,,제주관광약자접근성안내센터(이지제주) · 한국관광공사 열린관광 · ㈜휴플 현장조사,2026-06,2024~2026,https://easyjeju.net,제주관광공사 「오감으로 즐기는 제주」(2023.12.22) · 한국관광공사 열린관광지 · 이지제주,"현재 무장애 정보는 이동(지체) 접근성 기준입니다. 시각·청각·발달 장애 정보는 확보 중이며, 열린관광 모두의여행(access.visitkorea.or.kr) 또는 이지제주(easyjeju.net)에서 확인하실 수 있습니다.",SURVEYED,,[FIX90] 트레일 사유 이관 — 조사 기록은 routeCondition·barrierFreeDetail·slopeInfo 참조,v3,ROUTE_SURVEY,경로 상태 조사: 흙길+단차 있음+접근 불가,,,,N,UNKNOWN,UNKNOWN,"시각장애인은 동행자와 함께라면 이용 가능할 수 있으나 안내 설비 정보가 없습니다. 청각장애인은 이동에 제약이 적을 것으로 보이나, 조난 시 연락 수단·안내 방송 여부가 확인되지 않았습니다"
ACC_P864,P864,PARTIAL,UNKNOWN,UNKNOWN,UNKNOWN,PARTIAL,FULL,FULL,UNKNOWN,N,AVAILABLE,UNAVAILABLE,시설접근 가능 / 활동참여 불가 — 삼나무길 트레킹 — 노면 비포장,완만한 경사로 있음,단차 없음+무장애 코스 포함+휠체어 접근 가능,장애인 주차장 있음+휠체어 대여 가능,"진입 구간은 단차 없이 접근 가능하고 무장애 코스가 포함되어 있음. 장애인 주차구역과 휠체어 대여 확보, 경사는 완만. 다만 삼나무길 안쪽 노면은 비포장","진입 구간은 단차 없이 들어가실 수 있고 무장애 코스가 마련되어 있습니다. 장애인 주차구역이 있고 휠체어도 빌리실 수 있으며 경사는 완만합니다. 다만 삼나무길 안쪽으로 들어가면 노면이 비포장이라 이동이 어려워집니다. 장애인 화장실은 확인되지 않아, 오래 머무실 계획이라면 미리 알아보시는 편이 좋습니다.",,,,휠내비길(wheelnavi.kr) 음성안내 · 제주올레 오디오가이드(jejuolle.org) 코스별 음성해설,「탐나는수어」 앱 · 제주수어통역센터 여행수어 자료(jejudeaf.com),,,,차량+도보,,,,,,,,,,,,2023-12,,,,,,,UNKNOWN,UNKNOWN,,,,,제주관광약자접근성안내센터(이지제주) · 한국관광공사 열린관광 · ㈜휴플 현장조사,2026-06,2024~2026,https://easyjeju.net,제주관광공사 「오감으로 즐기는 제주」(2023.12.22) · 한국관광공사 열린관광지 · 이지제주,"현재 무장애 정보는 이동(지체) 접근성 기준입니다. 시각·청각·발달 장애 정보는 확보 중이며, 열린관광 모두의여행(access.visitkorea.or.kr) 또는 이지제주(easyjeju.net)에서 확인하실 수 있습니다.",SURVEYED,[FIX83] 삼나무길 트레킹 — 진입 구간과 안쪽 비포장 구간을 분리 판정 (FIX28). 잔여 확인 — 무장애 코스의 실제 연장,nan | FIX28: Activity 축 모순 해소 | FIX83: 이용자 사유 필드에서 내부 표기 제거,v3,ROUTE_SURVEY,경로 상태 조사: 단차 없음+무장애 코스 포함+휠체어 접근 가능,,,,N,UNKNOWN,UNKNOWN,"시각장애인은 동행자와 함께라면 이용 가능할 수 있으나 안내 설비 정보가 없습니다. 청각장애인은 이동에 제약이 적을 것으로 보이나, 조난 시 연락 수단·안내 방송 여부가 확인되지 않았습니다"
ACC_P865,P865,NONE,UNKNOWN,UNKNOWN,UNKNOWN,NONE,UNKNOWN,UNKNOWN,UNKNOWN,N,CONDITIONAL,CONDITIONAL,주차장·편의시설 등 진입부는 이용 가능 / 탐방로는 접근 불가,UNKNOWN,흙길+비포장+휠체어 접근 제한,,,동산으로 이어지는 길이 흙길과 비포장이라 휠체어로 이동하시기는 어렵습니다. 화장실은 있으나 주차 공간과 장애인 화장실은 확인되지 않았습니다.,,,,휠내비길(wheelnavi.kr) 음성안내 · 제주올레 오디오가이드(jejuolle.org) 코스별 음성해설,「탐나는수어」 앱 · 제주수어통역센터 여행수어 자료(jejudeaf.com),,,,차량+도보,,,,,,,,,,,,2023-12,,,,,,,UNKNOWN,UNKNOWN,,,,,제주관광약자접근성안내센터(이지제주) · 한국관광공사 열린관광 · ㈜휴플 현장조사,2026-06,2024~2026,https://easyjeju.net,제주관광공사 「오감으로 즐기는 제주」(2023.12.22) · 한국관광공사 열린관광지 · 이지제주,"현재 무장애 정보는 이동(지체) 접근성 기준입니다. 시각·청각·발달 장애 정보는 확보 중이며, 열린관광 모두의여행(access.visitkorea.or.kr) 또는 이지제주(easyjeju.net)에서 확인하실 수 있습니다.",SURVEYED,"[FIX84] 탐방로 접근 불가 — 진입부(주차장·편의시설)와 탐방로를 분리 판정. 조사 기록은 routeCondition 참조 ※ 잔여 확인 — 주차 공간, 장애인 화장실 유무",FIX84: 이용자 안내문 신설 — 내부 표기 사유 제거,v3,ROUTE_SURVEY,경로 상태 조사: 흙길+비포장+휠체어 접근 제한,,,,Y,UNKNOWN,UNKNOWN,
ACC_P866,P866,NONE,UNKNOWN,UNKNOWN,UNKNOWN,NONE,UNKNOWN,PARTIAL,UNKNOWN,N,CONDITIONAL,CONDITIONAL,주차장·편의시설 등 진입부는 이용 가능 / 탐방로는 접근 불가,UNKNOWN,비포장+노면 불량+단차 있음+휠체어 접근 제한,,,주차장과 화장실이 있고 식음료 시설과 쉼터도 갖춰져 있습니다. 다만 탐방로가 비포장이고 노면이 고르지 않으며 단차가 있어 휠체어로 이동하시기는 어렵습니다.,,,,휠내비길(wheelnavi.kr) 음성안내 · 제주올레 오디오가이드(jejuolle.org) 코스별 음성해설,「탐나는수어」 앱 · 제주수어통역센터 여행수어 자료(jejudeaf.com),,,,차량+도보,,,,,,,,,,,,2023-12,,,,,,,UNKNOWN,UNKNOWN,,,,,제주관광약자접근성안내센터(이지제주) · 한국관광공사 열린관광 · ㈜휴플 현장조사,2026-06,2024~2026,https://easyjeju.net,제주관광공사 「오감으로 즐기는 제주」(2023.12.22) · 한국관광공사 열린관광지 · 이지제주,"현재 무장애 정보는 이동(지체) 접근성 기준입니다. 시각·청각·발달 장애 정보는 확보 중이며, 열린관광 모두의여행(access.visitkorea.or.kr) 또는 이지제주(easyjeju.net)에서 확인하실 수 있습니다.",SURVEYED,[FIX84] 탐방로 접근 불가 — 진입부(주차장·편의시설)와 탐방로를 분리 판정. 조사 기록은 routeCondition 참조 ※ 잔여 확인 — 장애인 화장실 유무,FIX84: 이용자 안내문 신설 — 내부 표기 사유 제거,v3,ROUTE_SURVEY,경로 상태 조사: 비포장+노면 불량+단차 있음+휠체어 접근 제한,,,,Y,UNKNOWN,UNKNOWN,
ACC_P867,P867,UNKNOWN,UNKNOWN,UNKNOWN,PARTIAL,UNKNOWN,UNKNOWN,PARTIAL,UNKNOWN,N,UNKNOWN,UNKNOWN,,UNKNOWN,흙길+비포장+이동 보조 필요,,,,고이악오름 완만한 오름길로 어린이·어르신도 부담 없이 산책 가능(오감 p.25),,,휠내비길(wheelnavi.kr) 음성안내 · 제주올레 오디오가이드(jejuolle.org) 코스별 음성해설,「탐나는수어」 앱 · 제주수어통역센터 여행수어 자료(jejudeaf.com),"흑염소 약 3,000마리 동물체험·먹이주기, ATV 체험, 공중 외나무다리(오감 p.25)",,,차량+도보,,,,,,,,,,,,2023-12,,,,,,,UNKNOWN,UNKNOWN,,,,,제주관광약자접근성안내센터(이지제주) · 한국관광공사 열린관광 · ㈜휴플 현장조사,2026-06,2024~2026,https://easyjeju.net,제주관광공사 「오감으로 즐기는 제주」(2023.12.22) · 한국관광공사 열린관광지 · 이지제주,"현재 무장애 정보는 이동(지체) 접근성 기준입니다. 시각·청각·발달 장애 정보는 확보 중이며, 열린관광 모두의여행(access.visitkorea.or.kr) 또는 이지제주(easyjeju.net)에서 확인하실 수 있습니다.",SURVEYED,,,v3,ROUTE_SURVEY,경로 상태 조사: 흙길+비포장+이동 보조 필요,,,,Y,UNKNOWN,UNKNOWN,
ACC_P868,P868,NONE,UNKNOWN,UNKNOWN,UNKNOWN,NONE,PARTIAL,PARTIAL,FULL,Y,CONDITIONAL,CONDITIONAL,탐방안내소·주차장은 이용 가능(장애인 화장실 확보) / 탐방로는 접근 불가,UNKNOWN,노면 불량+계단 있음+단차 있음+접근 불가+휠체어 접근 제한,장애인 화장실 있음,,탐방안내소까지는 차로 오실 수 있고 장애인 화장실이 갖춰져 있습니다. 주차장은 156면 규모이고 대피소도 있습니다. 다만 성판악 탐방로는 노면이 고르지 않고 계단과 단차가 이어져 휠체어로 오르시기는 어렵습니다.,,,,휠내비길(wheelnavi.kr) 음성안내 · 제주올레 오디오가이드(jejuolle.org) 코스별 음성해설,「탐나는수어」 앱 · 제주수어통역센터 여행수어 자료(jejudeaf.com),,IN_VENUE,이용 동선에서 이용 가능,차량+대중교통+도보,,,,,,,,,,,,2023-12,,,,,,,UNKNOWN,UNKNOWN,,,,,제주관광약자접근성안내센터(이지제주) · 한국관광공사 열린관광 · ㈜휴플 현장조사,2026-06,2024~2026,https://easyjeju.net,제주관광공사 「오감으로 즐기는 제주」(2023.12.22) · 한국관광공사 열린관광지 · 이지제주,"현재 무장애 정보는 이동(지체) 접근성 기준입니다. 시각·청각·발달 장애 정보는 확보 중이며, 열린관광 모두의여행(access.visitkorea.or.kr) 또는 이지제주(easyjeju.net)에서 확인하실 수 있습니다.",SURVEYED,[FIX84] 탐방로 접근 불가 — 진입부(주차장·편의시설)와 탐방로를 분리 판정. 조사 기록은 routeCondition 참조 ※ 잔여 확인 — 장애인 주차구역 유무,FIX84: 이용자 안내문 신설 — 내부 표기 사유 제거,v3,ROUTE_SURVEY,경로 상태 조사: 노면 불량+계단 있음+단차 있음+접근 불가+휠체어 접근 제한,,,,Y,UNKNOWN,UNKNOWN,
ACC_P869,P869,NONE,UNKNOWN,UNKNOWN,UNKNOWN,NONE,NONE,PARTIAL,FULL,Y,CONDITIONAL,CONDITIONAL,탐방 입구 편의시설은 이용 가능 / 탐방 구간은 접근 불가,UNKNOWN,고난도 등산로+계단·급경사+기상상황에 따른 통제 가능,"탐방로 내부는 보행 등산 중심, 화장실은 야영장·탐라계곡·삼각봉대피소 확인",,"관음사 탐방로는 계단과 급한 경사가 이어지는 고난도 등산로라 휠체어로 이동하시기 어렵습니다. 화장실은 야영장과 탐라계곡, 삼각봉대피소에 있습니다. 기상 상황에 따라 통제될 수 있으니 방문 전에 확인해 주세요.",,,,휠내비길(wheelnavi.kr) 음성안내 · 제주올레 오디오가이드(jejuolle.org) 코스별 음성해설,「탐나는수어」 앱 · 제주수어통역센터 여행수어 자료(jejudeaf.com),,IN_VENUE,이용 동선에서 이용 가능,차량+대중교통+도보,,,,,,,,,,,,2023-12,,,,,,,UNKNOWN,UNKNOWN,,,,,제주관광약자접근성안내센터(이지제주) · 한국관광공사 열린관광 · ㈜휴플 현장조사,2026-06,2024~2026,https://easyjeju.net,제주관광공사 「오감으로 즐기는 제주」(2023.12.22) · 한국관광공사 열린관광지 · 이지제주,"현재 무장애 정보는 이동(지체) 접근성 기준입니다. 시각·청각·발달 장애 정보는 확보 중이며, 열린관광 모두의여행(access.visitkorea.or.kr) 또는 이지제주(easyjeju.net)에서 확인하실 수 있습니다.",SURVEYED,,[FIX90] 트레일 사유 이관 — 조사 기록은 routeCondition·barrierFreeDetail·slopeInfo 참조,v3,ROUTE_SURVEY,경로 상태 조사: 고난도 등산로+계단·급경사+기상상황에 따른 통제 가능,,,,Y,UNKNOWN,UNKNOWN,
ACC_P870,P870,NONE,UNKNOWN,UNKNOWN,UNKNOWN,NONE,PARTIAL,PARTIAL,NONE,Y,UNAVAILABLE,UNAVAILABLE,숲길 자연 노면 — 접근 불가,UNKNOWN,숲길 장거리 구간+일부 입출구 대중교통 제한+노면·기상 주의,UNKNOWN,,한라산둘레길 수악길은 숲길이 길게 이어지고 노면과 기상에 주의가 필요해 휠체어로 이동하시기 어렵습니다. 일부 입출구는 대중교통으로 오시기 어렵습니다. 장애인 화장실은 없습니다.,,,,휠내비길(wheelnavi.kr) 음성안내 · 제주올레 오디오가이드(jejuolle.org) 코스별 음성해설,「탐나는수어」 앱 · 제주수어통역센터 여행수어 자료(jejudeaf.com),,,,차량+대중교통+도보,,,,,,,,,,,,2023-12,,,,,,,UNKNOWN,UNKNOWN,,,,,제주관광약자접근성안내센터(이지제주) · 한국관광공사 열린관광 · ㈜휴플 현장조사,2026-06,2024~2026,https://easyjeju.net,제주관광공사 「오감으로 즐기는 제주」(2023.12.22) · 한국관광공사 열린관광지 · 이지제주,"현재 무장애 정보는 이동(지체) 접근성 기준입니다. 시각·청각·발달 장애 정보는 확보 중이며, 열린관광 모두의여행(access.visitkorea.or.kr) 또는 이지제주(easyjeju.net)에서 확인하실 수 있습니다.",SURVEYED,,[FIX90] 트레일 사유 이관 — 조사 기록은 routeCondition·barrierFreeDetail·slopeInfo 참조,v3,FACILITY_SURVEY,편의시설 조사: UNKNOWN,,,,N,UNKNOWN,UNKNOWN,"시각장애인은 동행자와 함께라면 이용 가능할 수 있으나 안내 설비 정보가 없습니다. 청각장애인은 이동에 제약이 적을 것으로 보이나, 조난 시 연락 수단·안내 방송 여부가 확인되지 않았습니다"
ACC_P871,P871,PARTIAL,UNKNOWN,UNKNOWN,UNKNOWN,PARTIAL,UNKNOWN,PARTIAL,FULL,N,CONDITIONAL,CONDITIONAL,시설접근 기준 판정 — 활동참여 개별 근거 미확보,평탄함,휠체어 접근 가능+단차 있음+이동 보조 필요,장애인 주차장 있음+장애인 화장실 있음,구간별 접근 제한 — 조사문에 동행 도움 필요 명시,,,,,휠내비길(wheelnavi.kr) 음성안내 · 제주올레 오디오가이드(jejuolle.org) 코스별 음성해설,「탐나는수어」 앱 · 제주수어통역센터 여행수어 자료(jejudeaf.com),,IN_VENUE,이용 동선에서 이용 가능,차량+도보,,,,,,,,,,,,2023-12,,,,,,,UNKNOWN,UNKNOWN,,,,,제주관광약자접근성안내센터(이지제주) · 한국관광공사 열린관광 · ㈜휴플 현장조사,2026-06,2024~2026,https://easyjeju.net,제주관광공사 「오감으로 즐기는 제주」(2023.12.22) · 한국관광공사 열린관광지 · 이지제주,"현재 무장애 정보는 이동(지체) 접근성 기준입니다. 시각·청각·발달 장애 정보는 확보 중이며, 열린관광 모두의여행(access.visitkorea.or.kr) 또는 이지제주(easyjeju.net)에서 확인하실 수 있습니다.",SURVEYED,,FIX20: FULL 재점검 — 구간편차 기준 일괄 적용,v3,ROUTE_SURVEY,경로 상태 조사: 휠체어 접근 가능+단차 있음+이동 보조 필요,,,,Y,UNKNOWN,UNKNOWN,
ACC_P872,P872,UNKNOWN,UNKNOWN,UNKNOWN,UNKNOWN,UNKNOWN,FULL,FULL,FULL,N,UNKNOWN,UNKNOWN,,UNKNOWN,단차 없음+휠체어 접근 가능+무장애 코스 포함,장애인 화장실 있음+장애인 주차장 있음,경사로·접근 정보 미조사 — 확인 필요,,,,,휠내비길(wheelnavi.kr) 음성안내 · 제주올레 오디오가이드(jejuolle.org) 코스별 음성해설,「탐나는수어」 앱 · 제주수어통역센터 여행수어 자료(jejudeaf.com),,IN_VENUE,이용 동선에서 이용 가능,차량+도보,,,,,,,,,,,,2023-12,,,,,,,UNKNOWN,UNKNOWN,,,,,제주관광약자접근성안내센터(이지제주) · 한국관광공사 열린관광 · ㈜휴플 현장조사,2026-06,2024~2026,https://easyjeju.net,제주관광공사 「오감으로 즐기는 제주」(2023.12.22) · 한국관광공사 열린관광지 · 이지제주,"현재 무장애 정보는 이동(지체) 접근성 기준입니다. 시각·청각·발달 장애 정보는 확보 중이며, 열린관광 모두의여행(access.visitkorea.or.kr) 또는 이지제주(easyjeju.net)에서 확인하실 수 있습니다.",SURVEYED,,FIX13: 근거 부족으로 FULL→UNKNOWN,v3,ROUTE_SURVEY,경로 상태 조사: 단차 없음+휠체어 접근 가능+무장애 코스 포함,,,,Y,UNKNOWN,UNKNOWN,
ACC_P873,P873,NONE,UNKNOWN,UNKNOWN,UNKNOWN,NONE,PARTIAL,PARTIAL,UNKNOWN,Y,CONDITIONAL,CONDITIONAL,주차장·편의시설 등 진입부는 이용 가능 / 탐방로는 접근 불가,UNKNOWN,단차 있음+계단 있음+접근 불가+휠체어 접근 제한,UNKNOWN,,주차장과 화장실이 있습니다. 다만 길에 단차와 계단이 있고 휠체어로 통행할 수 없는 구간이 있어 이동하시기는 어렵습니다.,,,,휠내비길(wheelnavi.kr) 음성안내 · 제주올레 오디오가이드(jejuolle.org) 코스별 음성해설,「탐나는수어」 앱 · 제주수어통역센터 여행수어 자료(jejudeaf.com),,,,차량+대중교통+도보,,,,,,,,,,,,2023-12,,,,,,,UNKNOWN,UNKNOWN,,,,,제주관광약자접근성안내센터(이지제주) · 한국관광공사 열린관광 · ㈜휴플 현장조사,2026-06,2024~2026,https://easyjeju.net,제주관광공사 「오감으로 즐기는 제주」(2023.12.22) · 한국관광공사 열린관광지 · 이지제주,"현재 무장애 정보는 이동(지체) 접근성 기준입니다. 시각·청각·발달 장애 정보는 확보 중이며, 열린관광 모두의여행(access.visitkorea.or.kr) 또는 이지제주(easyjeju.net)에서 확인하실 수 있습니다.",SURVEYED,[FIX84] 탐방로 접근 불가 — 진입부(주차장·편의시설)와 탐방로를 분리 판정. 조사 기록은 routeCondition 참조 ※ 잔여 확인 — 장애인 화장실 유무,FIX84: 이용자 안내문 신설 — 내부 표기 사유 제거,v3,ROUTE_SURVEY,경로 상태 조사: 단차 있음+계단 있음+접근 불가+휠체어 접근 제한,,,,Y,UNKNOWN,UNKNOWN,
ACC_P874,P874,UNKNOWN,UNKNOWN,UNKNOWN,UNKNOWN,UNKNOWN,UNKNOWN,PARTIAL,UNKNOWN,Y,UNKNOWN,UNKNOWN,,UNKNOWN,단차 있음+확인 필요,UNKNOWN,,,,,,휠내비길(wheelnavi.kr) 음성안내 · 제주올레 오디오가이드(jejuolle.org) 코스별 음성해설,「탐나는수어」 앱 · 제주수어통역센터 여행수어 자료(jejudeaf.com),,,,차량+대중교통+도보,,,,,,,,,,,,2023-12,,,,,,,UNKNOWN,UNKNOWN,,,,,제주관광약자접근성안내센터(이지제주) · 한국관광공사 열린관광 · ㈜휴플 현장조사,2026-06,2024~2026,https://easyjeju.net,제주관광공사 「오감으로 즐기는 제주」(2023.12.22) · 한국관광공사 열린관광지 · 이지제주,"현재 무장애 정보는 이동(지체) 접근성 기준입니다. 시각·청각·발달 장애 정보는 확보 중이며, 열린관광 모두의여행(access.visitkorea.or.kr) 또는 이지제주(easyjeju.net)에서 확인하실 수 있습니다.",SURVEYED,,,v3,ROUTE_SURVEY,경로 상태 조사: 단차 있음+확인 필요,,,,Y,UNKNOWN,UNKNOWN,
ACC_P875,P875,UNKNOWN,UNKNOWN,UNKNOWN,UNKNOWN,UNKNOWN,FULL,FULL,UNKNOWN,N,UNKNOWN,UNKNOWN,,UNKNOWN,단차 없음+휠체어 접근 가능+무장애 코스 포함,UNKNOWN,경사로·접근 정보 미조사 — 확인 필요,,,,,휠내비길(wheelnavi.kr) 음성안내 · 제주올레 오디오가이드(jejuolle.org) 코스별 음성해설,「탐나는수어」 앱 · 제주수어통역센터 여행수어 자료(jejudeaf.com),,,,차량+도보,,,,,,,,,,,,2023-12,,,,,,,UNKNOWN,UNKNOWN,,,,,제주관광약자접근성안내센터(이지제주) · 한국관광공사 열린관광 · ㈜휴플 현장조사,2026-06,2024~2026,https://easyjeju.net,제주관광공사 「오감으로 즐기는 제주」(2023.12.22) · 한국관광공사 열린관광지 · 이지제주,"현재 무장애 정보는 이동(지체) 접근성 기준입니다. 시각·청각·발달 장애 정보는 확보 중이며, 열린관광 모두의여행(access.visitkorea.or.kr) 또는 이지제주(easyjeju.net)에서 확인하실 수 있습니다.",SURVEYED,,FIX13: 근거 부족으로 FULL→UNKNOWN,v3,ROUTE_SURVEY,경로 상태 조사: 단차 없음+휠체어 접근 가능+무장애 코스 포함,,,,Y,UNKNOWN,UNKNOWN,
ACC_P876,P876,NONE,UNKNOWN,UNKNOWN,UNKNOWN,NONE,UNKNOWN,PARTIAL,UNKNOWN,Y,CONDITIONAL,CONDITIONAL,인증센터·화장실 등 거점 시설은 이용 가능 / 자전거길 본선은 단차·폭 제약으로 접근 불가,UNKNOWN,단차 있음+폭 좁음+휠체어 접근 제한,UNKNOWN,,"인증센터와 화장실, 급수대, 쉼터가 곳곳에 마련되어 있습니다. 다만 길에 단차가 있고 폭이 좁아지는 구간이 있어 휠체어로 이용하시기는 어렵습니다. 구간에 따라 조건이 다르니 특정 구간을 생각하고 계시면 그 구간을 따로 확인해 주세요.",,,,휠내비길(wheelnavi.kr) 음성안내 · 제주올레 오디오가이드(jejuolle.org) 코스별 음성해설,「탐나는수어」 앱 · 제주수어통역센터 여행수어 자료(jejudeaf.com),,,,차량+대중교통+도보,,,,,,,,,,,,2023-12,,,,,,,UNKNOWN,UNKNOWN,,,,,제주관광약자접근성안내센터(이지제주) · 한국관광공사 열린관광 · ㈜휴플 현장조사,2026-06,2024~2026,https://easyjeju.net,제주관광공사 「오감으로 즐기는 제주」(2023.12.22) · 한국관광공사 열린관광지 · 이지제주,"현재 무장애 정보는 이동(지체) 접근성 기준입니다. 시각·청각·발달 장애 정보는 확보 중이며, 열린관광 모두의여행(access.visitkorea.or.kr) 또는 이지제주(easyjeju.net)에서 확인하실 수 있습니다.",SURVEYED,[FIX84] 탐방로 접근 불가 — 진입부(주차장·편의시설)와 탐방로를 분리 판정. 조사 기록은 routeCondition 참조 ※ 잔여 확인 — 구간별 조건. 전 구간을 하나의 등급으로 판정한 상태이며 구간 분할 여부 검토 필요,FIX84: 이용자 안내문 신설 — 내부 표기 사유 제거,v3,ROUTE_SURVEY,경로 상태 조사: 단차 있음+폭 좁음+휠체어 접근 제한,,,,Y,UNKNOWN,UNKNOWN,
ACC_P877,P877,PARTIAL,UNKNOWN,UNKNOWN,UNKNOWN,PARTIAL,UNKNOWN,PARTIAL,FULL,N,CONDITIONAL,CONDITIONAL,시설접근 기준 판정 — 활동참여 개별 근거 미확보,초입은 약 5~6도 경사입니다+초입을 지나면 바로 약 9 ~11도 급경사 있습니다+그 외에 대체로 5~6도 경사입니다,단차 있음+노면 불량+휠체어 접근 제한,장애인 화장실 있음,"구간별 접근성 상이 — ①정상 전망대: 차량 접근 가능, 안내센터 경사로·장애인 주차장 있음 ②차귀엉알해변로(자구내포구~수월봉 약 1km): 평탄 해안길로 휠체어 동선 안내됨 ③엉알길 지질트레일 전 구간(3.3km): 노면 불규칙·구간 단절로 부적합. 일부 구간 동행자 도움 권장",,,,,휠내비길(wheelnavi.kr) 음성안내 · 제주올레 오디오가이드(jejuolle.org) 코스별 음성해설,「탐나는수어」 앱 · 제주수어통역센터 여행수어 자료(jejudeaf.com),,IN_VENUE,이용 동선에서 이용 가능,차량+도보,,,,,,,,,,,,2023-12,TRAIL_SEGMENT,관광지 내 구간별 접근성 편차 큼 — 전망대·해변로 구간만 이용 권장,,,,,UNKNOWN,UNKNOWN,,,,,제주관광약자접근성안내센터(이지제주) · 한국관광공사 열린관광 · ㈜휴플 현장조사,2026-06,2024~2026,https://easyjeju.net,제주관광공사 「오감으로 즐기는 제주」(2023.12.22) · 한국관광공사 열린관광지 · 이지제주,"현재 무장애 정보는 이동(지체) 접근성 기준입니다. 시각·청각·발달 장애 정보는 확보 중이며, 열린관광 모두의여행(access.visitkorea.or.kr) 또는 이지제주(easyjeju.net)에서 확인하실 수 있습니다.",VERIFIED,검증완료(2026-07),FIX19: 구간별 접근 상이 — 판정 일관성 적용(올레10코스·주상절리대와 동일 기준) FULL→PARTIAL,v3,ROUTE_SURVEY,경로 상태 조사: 단차 있음+노면 불량+휠체어 접근 제한,,,,Y,UNKNOWN,UNKNOWN,
ACC_P878,P878,PARTIAL,PARTIAL,UNKNOWN,UNKNOWN,PARTIAL,PARTIAL,PARTIAL,FULL,Y,CONDITIONAL,CONDITIONAL,시설접근 기준 판정 — 활동참여 개별 근거 미확보,"보차구분이 잘 되어 있으며, 바닥이 미끄럽지않고 평탄하게 마감되어 있습니다+경사구간 없이 평지로 이루어져 있으며 연석으로 보차구분이 되어 있어 안전한 보행가능합니다+사계포구클린 화장실 : 시작점에서 반대방향으로 30m에 위치 / 화장실 진입로 16도, 1.3m 급경사 주의",단차 없음+휠체어 접근 가능+무장애 코스 포함,장애인 화장실 있음,전체 17.3km 중 사계포구~송악산 3.2km 구간만 휠체어 가능(비짓제주),휠체어로 이용하실 수 있는 구간은 사계어촌체험마을에서 송악산 주차장까지 2.7km입니다. 평지이고 연석으로 차도와 나뉘어 있어 안전하게 다니실 수 있습니다. 사계포구 클린화장실 진입로는 경사가 매우 가파릅니다.,"올레 휠체어 구간(사계포구~송악산 주차장, 2.9km, 난이도 중): 평지·연석 보차구분으로 안전 보행. 사계포구클린화장실 진입로 16도 급경사",제주올레 오디오가이드 전 코스 제공(코스별 음성 설명),,제주올레 오디오가이드(jejuolle.org) + 휠내비길,「탐나는수어」 앱 · 제주수어통역센터 여행수어 자료(jejudeaf.com),,IN_VENUE,이용 동선에서 이용 가능,차량+대중교통+도보,,,,,,,,,,,,2023-12,,,사계어촌체험마을~송악산 주차장,2.7km,MEDIUM,평지·연석 보차구분으로 안전 보행. 사계포구클린화장실 진입로 16도 급경사,N,Y,장애인화장실 없음,,,,"이지제주올레(제주올레×관광약자접근성안내센터, 재발행 2022.07) 휠체어 구간 조사",2022-07,,jejuolle.org / easyjeju.net,제주관광공사 「오감으로 즐기는 제주」(2023.12.22) · 한국관광공사 열린관광지 · 이지제주,"현재 무장애 정보는 이동(지체) 접근성 기준입니다. 시각·청각·발달 장애 정보는 확보 중이며, 열린관광 모두의여행(access.visitkorea.or.kr) 또는 이지제주(easyjeju.net)에서 확인하실 수 있습니다.",VERIFIED,"검증완료(2026-07) — 이지제주올레 휠체어 구간 조사 대조 ※ FIX50: 제주올레 공식 코스페이지 「휠체어 가능여부」 전수 확인(2026-08) — 난이도 중, 구간거리 2.7km / 사계어촌체험마을~송악산 주차장, 시작점 서귀포시 안덕면 형제해안로 13-1. 코스 총 길이 15.6km. 이지제주올레(2022.07) 발간물과 다를 경우 공식 현행을 우선함",FIX13: FULL 검증 결과 하향 | FIX24: 올레 휠체어 구간 실측 반영 | FIX50: 공식 휠체어 박스 전수 반영,v3,PUBLICATION,,,,,Y,Y,UNKNOWN,
ACC_P879,P879,NONE,PARTIAL,UNKNOWN,UNKNOWN,PARTIAL,PARTIAL,PARTIAL,PARTIAL,Y,UNKNOWN,CONDITIONAL,"시설접근 조건부 / 활동참여 조건부 — 08코스 전체(19.6km)는 휠체어 통행 불가하나 논짓물~대평포구 3.6km 구간은 통행 가능(난이도 상, 동행자 도움 필요)",7~10도 이상 경사 6개 구간,단차 없음+휠체어 접근 가능+무장애 코스 포함,UNKNOWN,코스 전체는 어렵고 일부 구간만 이용 가능,코스 전체를 휠체어로 이용하기는 어렵습니다. 휠체어로 이용하실 수 있는 구간은 논짓물에서 대평포구까지 3.4km입니다. 자연 지형이라 경사가 가파른 구간이 여섯 군데 있습니다. 카페8길은 길 폭이 73cm로 좁습니다. 동행이 필요합니다.,,,,휠내비길(wheelnavi.kr) 음성안내 · 제주올레 오디오가이드(jejuolle.org) 코스별 음성해설,「탐나는수어」 앱 · 제주수어통역센터 여행수어 자료(jejudeaf.com),,,,차량+대중교통+도보,,,,,,,전수조사 38곳 (2026-09-08) · 한국관광공사 열린관광·제주도·비짓제주 1차 공식출처,,,,,2023-12,,,논짓물~대평포구,3.4km,HIGH,자연지형 7-10도 이상 경사 6개 구간. 카페8길 유효폭 73cm. 동행자 도움 필수,Y,UNKNOWN,,,,,"이지제주올레(제주올레×관광약자접근성안내센터, 재발행 2022.07) 휠체어 구간 조사",2022-07,,https://easyjeju.net · 이지제주올레 개정판(2022.07) · https://www.data.go.kr/data/15101897/openapi.do,제주관광공사 「오감으로 즐기는 제주」(2023.12.22) · 한국관광공사 열린관광지 · 이지제주,"현재 무장애 정보는 이동(지체) 접근성 기준입니다. 시각·청각·발달 장애 정보는 확보 중이며, 열린관광 모두의여행(access.visitkorea.or.kr) 또는 이지제주(easyjeju.net)에서 확인하실 수 있습니다.",VERIFIED,"이지제주올레(2022.07 개정판) 원본 대조 완료 — 목차 및 본문에 '08코스 휠체어구간 : 논짓물 - 대평포구' 명시. 원본 휠체어 구간은 총 9개(01·04·05·06·08·10·12·14·17)이며 09코스에는 구간이 없음. ※ 제주올레 인터뷰(2026)에는 휠체어 구간이 10개로 언급됨 — 2022.07 이후 1개 추가 추정, 미확인 ※ FIX50: 제주올레 공식 코스페이지 「휠체어 가능여부」 전수 확인(2026-08) — 난이도 상, 구간거리 3.4km / 논짓물~대평포구, 시작점 서귀포시 하예동 532-3. 코스 총 길이 19.3km. 이지제주올레(2022.07) 발간물과 다를 경우 공식 현행을 우선함 [FIX65] 한국관광공사 무장애 API(detailWithTour2) — helpdog=보조견 동반 가능함 ※ [FIX83] 이지제주올레 원본 대조 완료 — 08코스 휠체어 구간 확정, 구간 한정 접근 (FIX41 판단)","FIX40: 휠체어 구간 이관 수신 (P503 → P879) | FIX41: 원본 대조 완료, 서술 근거 이관 및 판정 확정 | FIX50: 공식 휠체어 박스 전수 반영 | FIX65: visualAccess UNKNOWN→PARTIAL (KTO API) | FIX65: disabledToilet UNKNOWN→PARTIAL (KTO API) | FIX83: 이용자 사유 필드에서 내부 표기 제거",v3,PUBLICATION,경로 상태 조사: 단차 없음+휠체어 접근 가능+무장애 코스 포함,,,,Y,UNKNOWN,UNKNOWN,
ACC_P880,P880,NONE,UNKNOWN,UNKNOWN,UNKNOWN,NONE,UNKNOWN,PARTIAL,UNKNOWN,Y,CONDITIONAL,CONDITIONAL,제주올레 공식 휠체어 지정 구간 밖 — 코스 통행 불가 / 시작점 주변 시설은 이용 가능,UNKNOWN,단차 있음+휠체어 접근 제한,UNKNOWN,,"제주올레 18코스는 제주올레가 지정한 휠체어 이용 구간 열 개 코스에 들어 있지 않습니다. 단차가 있어 코스를 휠체어로 이용하시기는 어렵습니다. 시작점 주변에는 주차장과 화장실, 쉼터가 있습니다. 휠체어로 이용하실 수 있는 올레 구간을 찾으신다면 1·4·5·6·8·10·10-1·12·14·17코스를 확인해 주세요.",,,,휠내비길(wheelnavi.kr) 음성안내 · 제주올레 오디오가이드(jejuolle.org) 코스별 음성해설,「탐나는수어」 앱 · 제주수어통역센터 여행수어 자료(jejudeaf.com),,,,차량+대중교통+도보,,,,,,,,,,,,2023-12,,,,,,,UNKNOWN,UNKNOWN,,,,,제주관광약자접근성안내센터(이지제주) · 한국관광공사 열린관광 · ㈜휴플 현장조사,2026-06,2024~2026,https://easyjeju.net,제주관광공사 「오감으로 즐기는 제주」(2023.12.22) · 한국관광공사 열린관광지 · 이지제주,"현재 무장애 정보는 이동(지체) 접근성 기준입니다. 시각·청각·발달 장애 정보는 확보 중이며, 열린관광 모두의여행(access.visitkorea.or.kr) 또는 이지제주(easyjeju.net)에서 확인하실 수 있습니다.",SURVEYED,[FIX84] 탐방로 접근 불가 — 진입부(주차장·편의시설)와 탐방로를 분리 판정. 조사 기록은 routeCondition 참조 ※ 제주올레 공식 휠체어 지정 구간 10개(01·04·05·06·08·10·10-1·12·14·17) 밖. 이지제주올레 목차 확인(2026-08),FIX84: 이용자 안내문 신설 — 내부 표기 사유 제거,v3,ROUTE_SURVEY,경로 상태 조사: 단차 있음+휠체어 접근 제한,,,,Y,UNKNOWN,UNKNOWN,
ACC_P881,P881,NONE,UNKNOWN,UNKNOWN,UNKNOWN,NONE,UNKNOWN,PARTIAL,UNKNOWN,Y,CONDITIONAL,CONDITIONAL,제주올레 공식 휠체어 지정 구간 밖 — 코스 통행 불가 / 시작점 주변 시설은 이용 가능,UNKNOWN,단차 있음+비포장+휠체어 접근 제한,UNKNOWN,,"제주올레 19코스는 제주올레가 지정한 휠체어 이용 구간 열 개 코스에 들어 있지 않습니다. 단차와 비포장 구간이 있어 코스를 휠체어로 이용하시기는 어렵습니다. 시작점 주변에는 주차장과 화장실, 편의점이 있습니다. 휠체어로 이용하실 수 있는 올레 구간을 찾으신다면 1·4·5·6·8·10·10-1·12·14·17코스를 확인해 주세요.",,,,휠내비길(wheelnavi.kr) 음성안내 · 제주올레 오디오가이드(jejuolle.org) 코스별 음성해설,「탐나는수어」 앱 · 제주수어통역센터 여행수어 자료(jejudeaf.com),,,,차량+대중교통+도보,,,,,,,,,,,,2023-12,,,,,,,UNKNOWN,UNKNOWN,,,,,제주관광약자접근성안내센터(이지제주) · 한국관광공사 열린관광 · ㈜휴플 현장조사,2026-06,2024~2026,https://easyjeju.net,제주관광공사 「오감으로 즐기는 제주」(2023.12.22) · 한국관광공사 열린관광지 · 이지제주,"현재 무장애 정보는 이동(지체) 접근성 기준입니다. 시각·청각·발달 장애 정보는 확보 중이며, 열린관광 모두의여행(access.visitkorea.or.kr) 또는 이지제주(easyjeju.net)에서 확인하실 수 있습니다.",SURVEYED,[FIX84] 탐방로 접근 불가 — 진입부(주차장·편의시설)와 탐방로를 분리 판정. 조사 기록은 routeCondition 참조 ※ 제주올레 공식 휠체어 지정 구간 10개(01·04·05·06·08·10·10-1·12·14·17) 밖. 이지제주올레 목차 확인(2026-08),FIX84: 이용자 안내문 신설 — 내부 표기 사유 제거,v3,ROUTE_SURVEY,경로 상태 조사: 단차 있음+비포장+휠체어 접근 제한,,,,Y,UNKNOWN,UNKNOWN,
ACC_P882,P882,NONE,UNKNOWN,UNKNOWN,UNKNOWN,NONE,UNKNOWN,UNKNOWN,UNKNOWN,Y,CONDITIONAL,CONDITIONAL,제주올레 공식 휠체어 지정 구간 밖 — 코스 통행 불가 / 시작점 주변 시설은 이용 가능,UNKNOWN,휠체어 접근 제한,UNKNOWN,,제주올레 7-1코스는 제주올레가 지정한 휠체어 이용 구간 열 개 코스에 들어 있지 않아 코스를 휠체어로 이용하시기는 어렵습니다. 다만 시작점 주변은 주차장이 723면 규모로 넓고 화장실과 엘리베이터가 있어 그 일대는 이동하기 수월합니다. 휠체어로 이용하실 수 있는 올레 구간을 찾으신다면 1·4·5·6·8·10·10-1·12·14·17코스를 확인해 주세요.,,,,휠내비길(wheelnavi.kr) 음성안내 · 제주올레 오디오가이드(jejuolle.org) 코스별 음성해설,「탐나는수어」 앱 · 제주수어통역센터 여행수어 자료(jejudeaf.com),,,,차량+대중교통+도보,,,,,,,,,,,,2023-12,,,,,,,UNKNOWN,UNKNOWN,,,,,제주관광약자접근성안내센터(이지제주) · 한국관광공사 열린관광 · ㈜휴플 현장조사,2026-06,2024~2026,https://easyjeju.net,제주관광공사 「오감으로 즐기는 제주」(2023.12.22) · 한국관광공사 열린관광지 · 이지제주,"현재 무장애 정보는 이동(지체) 접근성 기준입니다. 시각·청각·발달 장애 정보는 확보 중이며, 열린관광 모두의여행(access.visitkorea.or.kr) 또는 이지제주(easyjeju.net)에서 확인하실 수 있습니다.",SURVEYED,[FIX84] 탐방로 접근 불가 — 진입부(주차장·편의시설)와 탐방로를 분리 판정. 조사 기록은 routeCondition 참조 ※ 제주올레 공식 휠체어 지정 구간 10개(01·04·05·06·08·10·10-1·12·14·17) 밖. 이지제주올레 목차 확인(2026-08) ※ 잔여 확인 — 시작점 일대(월드컵경기장) 무장애 범위. 시작점 시설이 좋아 부분 이용 안내가 가능할 수 있음,FIX84: 이용자 안내문 신설 — 내부 표기 사유 제거,v3,FACILITY_SURVEY,편의시설 조사: UNKNOWN,,,,Y,UNKNOWN,UNKNOWN,
ACC_P883,P883,NONE,UNKNOWN,UNKNOWN,UNKNOWN,NONE,PARTIAL,PARTIAL,UNKNOWN,Y,CONDITIONAL,CONDITIONAL,제주올레 공식 휠체어 지정 구간 밖 — 코스 통행 불가 / 시작점 주변 시설은 이용 가능 / 도서 지역으로 여객선 승하선 조건 별도,UNKNOWN,단차 있음+계단 있음+휠체어 접근 제한,UNKNOWN,,"제주올레 18-1코스는 추자도에 있는 코스이고, 제주올레가 지정한 휠체어 이용 구간 열 개 코스에 들어 있지 않습니다. 단차와 계단이 있어 코스를 휠체어로 이용하시기는 어렵습니다. 추자도까지는 제주항에서 배로 가셔야 하고, 여객선은 배에 오르내릴 때 높이 차가 있으며 풍랑특보가 내리면 결항합니다. 시작점 주변에는 주차장과 화장실이 있습니다. 휠체어로 이용하실 수 있는 올레 구간을 찾으신다면 1·4·5·6·8·10·10-1·12·14·17코스를 확인해 주세요.",,,,휠내비길(wheelnavi.kr) 음성안내 · 제주올레 오디오가이드(jejuolle.org) 코스별 음성해설,「탐나는수어」 앱 · 제주수어통역센터 여행수어 자료(jejudeaf.com),,,,차량+대중교통+도보,,,,,,,,,,,,2023-12,,,,,,,UNKNOWN,UNKNOWN,,,,,제주관광약자접근성안내센터(이지제주) · 한국관광공사 열린관광 · ㈜휴플 현장조사,2026-06,2024~2026,https://easyjeju.net,제주관광공사 「오감으로 즐기는 제주」(2023.12.22) · 한국관광공사 열린관광지 · 이지제주,"현재 무장애 정보는 이동(지체) 접근성 기준입니다. 시각·청각·발달 장애 정보는 확보 중이며, 열린관광 모두의여행(access.visitkorea.or.kr) 또는 이지제주(easyjeju.net)에서 확인하실 수 있습니다.",SURVEYED,[FIX84] 탐방로 접근 불가 — 진입부(주차장·편의시설)와 탐방로를 분리 판정. 조사 기록은 routeCondition 참조 ※ 제주올레 공식 휠체어 지정 구간 10개(01·04·05·06·08·10·10-1·12·14·17) 밖. 이지제주올레 목차 확인(2026-08) ※ 도서(추자도) — 여객선 승하선 조건이 별도 관문,FIX84: 이용자 안내문 신설 — 내부 표기 사유 제거,v3,ROUTE_SURVEY,경로 상태 조사: 단차 있음+계단 있음+휠체어 접근 제한,,,,Y,UNKNOWN,UNKNOWN,
ACC_P884,P884,PARTIAL,PARTIAL,UNKNOWN,UNKNOWN,PARTIAL,FULL,FULL,FULL,N,AVAILABLE,CONDITIONAL,"시설접근 가능 / 활동참여 조건부 — 올레 10-1(가파도) 4.2km 난이도 하, 완만한 경사로 전 구간 휠체어 이용 가능. 제약은 코스가 아니라 여객선 승하선",완만한 경사,단차 없음+휠체어 접근 가능+인도 없는 마을 안길 차량 주의,UNKNOWN,올레 코스 전 구간(4.2km)을 휠체어로 이동 가능(공식 휠체어 난이도 상). 다만 가파도까지 여객선을 타야 하며 승하선 조건은 별도 확인 필요,"올레 코스 전 구간 4.2km를 휠체어로 이동하실 수 있습니다. 여유 있게 일정을 잡아 주세요. 실제 제약은 배를 타고 내리는 과정입니다. 그 높이가 조수간만에 따라 수시로 바뀌어 계단 이용을 피하기 어렵습니다. 음력 7~13일 무렵이 접근성이 가장 좋으니 일정을 잡으실 때 참고해 주세요. 전동휠체어는 무게 때문에 탑승이 어려워 수동휠체어로 바꿔 타셔야 하고, 선박 안에도 계단과 단차가 있어 이동 지원이 필요합니다. 동행자를 미리 확보해 주세요.",,,,휠내비길(wheelnavi.kr) 음성안내 · 제주올레 오디오가이드(jejuolle.org) 코스별 음성해설,「탐나는수어」 앱 · 제주수어통역센터 여행수어 자료(jejudeaf.com),"제주올레 공식 코스정보 — 4.2km · 1~2시간 · 난이도 하 · 완만한 경사, 전 구간 휠체어 이용 가능. 한국관광공사 열린관광 무장애 편의정보(가파도) — 장애인 전용주차 2대, 주출입구까지 약 220m, 상시 개방형 출입통로(넓음, 휠체어·전동스쿠터 진입 쉬움), 장애인 화장실 있음. 지형 보완 — 인도 없는 마을 안길 차량 통행 주의. 여객선: 접이식 수동휠체어 선적 가능 / 전동휠체어 선적 불가 안내 / 서귀포신문 2022-12-21 기획기사(서귀포시장애인자립생활지원센터, 2022-10 실제 승선 시도 기록) — 운진항 가파도행에서 전동휠체어 이용자는 수동휠체어 환승 요구와 배·수면 높이차로 탑승을 포기. 마라도행은 램프 턱과 선실 계단으로 직원 2인이 들어 올려 승선했고 선내 휠체어 전용공간이 없었음(교통약자의 이동편의증진법 시행규칙 별표1: 여객정원 100명당 휠체어전용공간 1개 이상). 마라도 선착장은 부잔교 미설치로 하선에 3인의 도움이 필요했음. 기사 기준 제주 부속섬(가파도·마라도·추자도·우도) 중 전동휠체어 승하선·선내안전을 담보하는 여객선은 없음 / 두리함께 가파도 무장애 여행정보(2021) — 승선장은 조수간만 차이로 승선 높이가 수시로 바뀌어 계단 이용 불가피, 선박 내에도 계단·단차 존재. 음력 7~13일이 접근성 최적. 전동휠체어는 무게로 탑승 곤란하여 수동휠체어 교체 필요. 상동포구 선착장 경사로 3개소, 접안 위치에 따라 계단 이용 최소화 가능. 장애인화장실 2개소 — 운진항 대합실(출입문 88cm/출입문~대변기 120cm/대변기~벽 30cm), 가파도 터미널(82cm/110cm/92cm). 무장애 추천 코스 5.2km 13개 지점. 운항 10~15분, 결항 시 사전 전화 확인 필요. 중증 장애인 50%·경증 20%·국가유공자 20% 할인",,,차량+도보,,,,,,,,,,,,2023-12,,,전 구간 (상동포구~가파치안센터),4.2km,HIGH,코스 자체는 전 구간 통행이 가능하나 여유 있게 일정을 잡아 주세요,Y,UNKNOWN,,,,,제주관광약자접근성안내센터(이지제주) · 한국관광공사 열린관광 · ㈜휴플 현장조사,2026-06,2024~2026,https://easyjeju.net · https://www.jejuolle.org/trail#/road/10_1 (공식 코스정보) · https://access.visitkorea.or.kr (열린관광 가파도 cotId=e3a53bc7) · https://www.jejudatahub.net · https://wonderfulis.co.kr (마라도가파도정기여객선) · https://www.seogwipo.co.kr/news/articleView.html?idxno=215569 · https://blog.naver.com/duritrip/222519556245 (두리함께 2021) · https://www.data.go.kr/data/15101897/openapi.do,제주관광공사 「오감으로 즐기는 제주」(2023.12.22) · 한국관광공사 열린관광지 · 이지제주,"현재 무장애 정보는 이동(지체) 접근성 기준입니다. 시각·청각·발달 장애 정보는 확보 중이며, 열린관광 모두의여행(access.visitkorea.or.kr) 또는 이지제주(easyjeju.net)에서 확인하실 수 있습니다.",PARTIAL,"제주올레 공식 코스정보로 확인(2026-08) — 전 구간 휠체어 이용 가능. 제주올레 공식 휠체어 코스 10개 중 유일한 '전 구간' 코스이며 나머지 9개는 구간 한정. 현지 편의시설은 한국관광공사 열린관광 무장애 편의정보로 확인. ※ 모순 주의: 현지는 '전동스쿠터 진입 쉬움'이나 여객선은 전동휠체어 선적 불가 — 섬 안 이동은 가능하나 도달이 막히는 구조이므로 반드시 함께 안내할 것. ※ 출처 구분: 제공된 여객선 무장애 편의정보(출입구 경사로·선내 장애인 화장실)는 '마라도' 여객선 건임. 운진항 출항·운항사가 겹쳐도 선박이 다르면 사양이 다르므로 가파도행은 별도 확인 필요 ※ 2022-10 시점 기록 — 이후 항만·선박 개선 여부 미확인. 재확인 필요. ※ 기존 '접이식 수동휠체어 선적 가능' 안내는 '선적'과 '자력 승선'을 혼동한 것으로 FIX44에서 정정 ※ FIX45: 두리함께 2021 현장조사 반영 — 2022 서귀포신문 1차 기록과 상호 확증. 전동휠체어 탑승 곤란 사유가 '무게'(2021)와 '배·수면 높이차'(2022) 두 가지로 확인됨. 판정은 CONDITIONAL 유지 — 경사로 3개소와 접안 위치 조정으로 완전 불가는 아님 ※ FIX49: 제주올레 공식 코스페이지 「휠체어 가능여부」 박스 직접 확인 — 난이도 ★★★, 구간거리 4.2km / 상동포구 ~ 가파치안센터, 시작점 가파도 상동포구. 두리함께 2021 지도의 「휠체어 올레길 종점」 표기와 다르나 공식 현행을 우선함. ※ 종점 지명이 자료마다 다름 — 공식 「가파치안센터」, 일부 소개글 「가파포구」 ※ FIX50: 제주올레 공식 코스페이지 「휠체어 가능여부」 전수 확인(2026-08) — 난이도 상, 구간거리 4.2km / 상동포구~가파치안센터, 시작점 가파도 상동포구. 코스 총 길이 4.2km. 이지제주올레(2022.07) 발간물과 다를 경우 공식 현행을 우선함 [FIX65] 한국관광공사 무장애 API(detailWithTour2) — helpdog=보조견 동반 가능함 ※ [FIX83] 난이도 표기 이력 정리 — FIX37이 '난이도 하'로 정정했으나 이후 FIX49에서 제주올레 공식 휠체어 박스로 '난이도 상'을 확인했고 현재 wheelchairDifficulty=HIGH 가 맞음. FIX37 메모는 폐기하고 공식 현행을 따름","nan | FIX28: Activity 축 모순 해소 | FIX37: 난이도 오기재 정정, UNAVAILABLE→CONDITIONAL | FIX42: 공식 휠체어 코스 10개 체계 등재 — 전 구간 코스 | FIX43: 열린관광 편의정보 반영, 여객선 모순 명시 | FIX44: 여객선 승하선 실태 반영, 자력 승선 오해 문구 정정 | FIX45: 두리함께 2021 현장조사 반영 (조수 시점·경사로·할인·결항) | FIX47: 전 구간 → 상동포구~휠체어 올레길 종점 (실측 우선) | FIX49: 공식 휠체어 박스 확인 — 전 구간 4.2km 복원, 난이도 HIGH | FIX50: 공식 휠체어 박스 전수 반영 | FIX65: visualAccess UNKNOWN→PARTIAL (KTO API) | FIX83: 이용자 사유 필드에서 내부 표기 제거",v3,ROUTE_SURVEY,경로 상태 조사: 단차 없음+휠체어 접근 가능,,,,Y,UNKNOWN,UNKNOWN,"시각장애인은 동행자와 함께라면 이용 가능할 수 있으나 안내 설비 정보가 없습니다. 청각장애인은 이동에 제약이 적을 것으로 보이나, 조난 시 연락 수단·안내 방송 여부가 확인되지 않았습니다"
ACC_P885,P885,NONE,UNKNOWN,UNKNOWN,UNKNOWN,NONE,UNKNOWN,UNKNOWN,UNKNOWN,N,CONDITIONAL,CONDITIONAL,주차장·편의시설 등 진입부는 이용 가능 / 탐방로는 접근 불가,UNKNOWN,비포장+흙길+휠체어 접근 제한,UNKNOWN,,해안 절벽을 따라가는 길이 흙길과 비포장이라 휠체어로 이동하시기는 어렵습니다. 주차장과 화장실은 있으나 주차 면수가 확인되지 않으니 차로 오실 계획이라면 미리 알아보시는 편이 좋습니다.,,,,휠내비길(wheelnavi.kr) 음성안내 · 제주올레 오디오가이드(jejuolle.org) 코스별 음성해설,「탐나는수어」 앱 · 제주수어통역센터 여행수어 자료(jejudeaf.com),,,,차량+도보,,,,,,,,,,,,2023-12,,,,,,,UNKNOWN,UNKNOWN,,,,,제주관광약자접근성안내센터(이지제주) · 한국관광공사 열린관광 · ㈜휴플 현장조사,2026-06,2024~2026,https://easyjeju.net,제주관광공사 「오감으로 즐기는 제주」(2023.12.22) · 한국관광공사 열린관광지 · 이지제주,"현재 무장애 정보는 이동(지체) 접근성 기준입니다. 시각·청각·발달 장애 정보는 확보 중이며, 열린관광 모두의여행(access.visitkorea.or.kr) 또는 이지제주(easyjeju.net)에서 확인하실 수 있습니다.",SURVEYED,"[FIX84] 탐방로 접근 불가 — 진입부(주차장·편의시설)와 탐방로를 분리 판정. 조사 기록은 routeCondition 참조 ※ 잔여 확인 — 주차 면수(현재 0으로 기록), 장애인 화장실 유무",FIX84: 이용자 안내문 신설 — 내부 표기 사유 제거,v3,ROUTE_SURVEY,경로 상태 조사: 비포장+흙길+휠체어 접근 제한,,,,Y,UNKNOWN,UNKNOWN,
ACC_P886,P886,NONE,UNKNOWN,UNKNOWN,UNKNOWN,NONE,UNKNOWN,UNKNOWN,UNKNOWN,Y,CONDITIONAL,CONDITIONAL,주차장·편의시설 등 진입부는 이용 가능 / 탐방로는 접근 불가,UNKNOWN,비포장+흙길+휠체어 접근 제한,UNKNOWN,,"공용주차장과 화장실, 엘리베이터가 있습니다. 다만 순례길 자체는 흙길과 비포장으로 이어져 휠체어로 이동하시기는 어렵습니다.",,,,휠내비길(wheelnavi.kr) 음성안내 · 제주올레 오디오가이드(jejuolle.org) 코스별 음성해설,「탐나는수어」 앱 · 제주수어통역센터 여행수어 자료(jejudeaf.com),,,,차량+대중교통+도보,,,,,,,,,,,,2023-12,,,,,,,UNKNOWN,UNKNOWN,,,,,제주관광약자접근성안내센터(이지제주) · 한국관광공사 열린관광 · ㈜휴플 현장조사,2026-06,2024~2026,https://easyjeju.net,제주관광공사 「오감으로 즐기는 제주」(2023.12.22) · 한국관광공사 열린관광지 · 이지제주,"현재 무장애 정보는 이동(지체) 접근성 기준입니다. 시각·청각·발달 장애 정보는 확보 중이며, 열린관광 모두의여행(access.visitkorea.or.kr) 또는 이지제주(easyjeju.net)에서 확인하실 수 있습니다.",SURVEYED,[FIX84] 탐방로 접근 불가 — 진입부(주차장·편의시설)와 탐방로를 분리 판정. 조사 기록은 routeCondition 참조 ※ 잔여 확인 — 엘리베이터가 있는 거점 시설의 위치와 무장애 범위,FIX84: 이용자 안내문 신설 — 내부 표기 사유 제거,v3,ROUTE_SURVEY,경로 상태 조사: 비포장+흙길+휠체어 접근 제한,,,,Y,UNKNOWN,UNKNOWN,
ACC_P887,P887,NONE,UNKNOWN,UNKNOWN,UNKNOWN,NONE,UNKNOWN,PARTIAL,FULL,Y,CONDITIONAL,CONDITIONAL,거점 시설은 이용 가능(장애인 주차구역·장애인 화장실·엘리베이터·휠체어 대여) / 길 전 구간은 단차로 접근 불가,경사로 있음,단차 있음+휠체어 접근 제한,장애인 화장실 있음+장애인 주차장 있음+엘리베이터 있음+휠체어 대여 가능,,"장애인 주차구역과 장애인 화장실, 엘리베이터가 갖춰져 있고 휠체어도 빌리실 수 있습니다. 경사로도 설치되어 있어 거점 시설 주변은 이동하기 수월합니다. 다만 길 자체에 단차가 있어 전 구간을 휠체어로 이동하시기는 어렵습니다.",,,,휠내비길(wheelnavi.kr) 음성안내 · 제주올레 오디오가이드(jejuolle.org) 코스별 음성해설,「탐나는수어」 앱 · 제주수어통역센터 여행수어 자료(jejudeaf.com),,IN_VENUE,이용 동선에서 이용 가능,차량+대중교통+도보,,,,,,,,,,,,2023-12,,,,,,,UNKNOWN,UNKNOWN,,,,,제주관광약자접근성안내센터(이지제주) · 한국관광공사 열린관광 · ㈜휴플 현장조사,2026-06,2024~2026,https://easyjeju.net,제주관광공사 「오감으로 즐기는 제주」(2023.12.22) · 한국관광공사 열린관광지 · 이지제주,"현재 무장애 정보는 이동(지체) 접근성 기준입니다. 시각·청각·발달 장애 정보는 확보 중이며, 열린관광 모두의여행(access.visitkorea.or.kr) 또는 이지제주(easyjeju.net)에서 확인하실 수 있습니다.",SURVEYED,[FIX84] 탐방로 접근 불가 — 진입부(주차장·편의시설)와 탐방로를 분리 판정. 조사 기록은 routeCondition 참조 ※ 등급 재검토 후보 — 장애인 주차구역·장애인 화장실·엘리베이터·휠체어 대여·경사로가 모두 확인되어 NONE 이 과할 수 있음. 단차 위치와 우회 가능 구간 확인 후 판단 필요,FIX84: 이용자 안내문 신설 — 내부 표기 사유 제거,v3,ROUTE_SURVEY,경로 상태 조사: 단차 있음+휠체어 접근 제한,,,,Y,UNKNOWN,UNKNOWN,
ACC_P888,P888,NONE,UNKNOWN,UNKNOWN,UNKNOWN,NONE,PARTIAL,PARTIAL,UNKNOWN,Y,CONDITIONAL,CONDITIONAL,주차장·편의시설 등 진입부는 이용 가능 / 탐방로는 접근 불가,UNKNOWN,비포장+계단 있음+휠체어 접근 제한,UNKNOWN,,주차장과 화장실이 있습니다. 다만 순례길이 비포장이고 계단이 있어 휠체어로 이동하시기는 어렵습니다.,,,,휠내비길(wheelnavi.kr) 음성안내 · 제주올레 오디오가이드(jejuolle.org) 코스별 음성해설,「탐나는수어」 앱 · 제주수어통역센터 여행수어 자료(jejudeaf.com),,,,차량+대중교통+도보,,,,,,,,,,,,2023-12,,,,,,,UNKNOWN,UNKNOWN,,,,,제주관광약자접근성안내센터(이지제주) · 한국관광공사 열린관광 · ㈜휴플 현장조사,2026-06,2024~2026,https://easyjeju.net,제주관광공사 「오감으로 즐기는 제주」(2023.12.22) · 한국관광공사 열린관광지 · 이지제주,"현재 무장애 정보는 이동(지체) 접근성 기준입니다. 시각·청각·발달 장애 정보는 확보 중이며, 열린관광 모두의여행(access.visitkorea.or.kr) 또는 이지제주(easyjeju.net)에서 확인하실 수 있습니다.",SURVEYED,[FIX84] 탐방로 접근 불가 — 진입부(주차장·편의시설)와 탐방로를 분리 판정. 조사 기록은 routeCondition 참조 ※ 잔여 확인 — 장애인 화장실 유무,FIX84: 이용자 안내문 신설 — 내부 표기 사유 제거,v3,ROUTE_SURVEY,경로 상태 조사: 비포장+계단 있음+휠체어 접근 제한,,,,Y,UNKNOWN,UNKNOWN,
ACC_P889,P889,NONE,UNKNOWN,UNKNOWN,UNKNOWN,NONE,UNKNOWN,UNKNOWN,UNKNOWN,Y,CONDITIONAL,CONDITIONAL,주차장·편의시설 등 진입부는 이용 가능 / 탐방로는 접근 불가,UNKNOWN,비포장+노면 불량+휠체어 접근 제한,UNKNOWN,,주차장과 화장실이 있습니다. 다만 순례길이 비포장이고 노면이 고르지 않아 휠체어로 이동하시기는 어렵습니다.,,,,휠내비길(wheelnavi.kr) 음성안내 · 제주올레 오디오가이드(jejuolle.org) 코스별 음성해설,「탐나는수어」 앱 · 제주수어통역센터 여행수어 자료(jejudeaf.com),,,,차량+대중교통+도보,,,,,,,,,,,,2023-12,,,,,,,UNKNOWN,UNKNOWN,,,,,제주관광약자접근성안내센터(이지제주) · 한국관광공사 열린관광 · ㈜휴플 현장조사,2026-06,2024~2026,https://easyjeju.net,제주관광공사 「오감으로 즐기는 제주」(2023.12.22) · 한국관광공사 열린관광지 · 이지제주,"현재 무장애 정보는 이동(지체) 접근성 기준입니다. 시각·청각·발달 장애 정보는 확보 중이며, 열린관광 모두의여행(access.visitkorea.or.kr) 또는 이지제주(easyjeju.net)에서 확인하실 수 있습니다.",SURVEYED,[FIX84] 탐방로 접근 불가 — 진입부(주차장·편의시설)와 탐방로를 분리 판정. 조사 기록은 routeCondition 참조 ※ 잔여 확인 — 장애인 화장실 유무,FIX84: 이용자 안내문 신설 — 내부 표기 사유 제거,v3,ROUTE_SURVEY,경로 상태 조사: 비포장+노면 불량+휠체어 접근 제한,,,,Y,UNKNOWN,UNKNOWN,
ACC_P890,P890,NONE,UNKNOWN,UNKNOWN,UNKNOWN,NONE,UNKNOWN,UNKNOWN,UNKNOWN,N,CONDITIONAL,CONDITIONAL,주차장·편의시설 등 진입부는 이용 가능 / 탐방로는 접근 불가,UNKNOWN,비포장+휠체어 접근 제한,UNKNOWN,,주차장과 화장실이 있습니다. 다만 순례길이 비포장이라 휠체어로 이동하시기는 어렵습니다.,,,,휠내비길(wheelnavi.kr) 음성안내 · 제주올레 오디오가이드(jejuolle.org) 코스별 음성해설,「탐나는수어」 앱 · 제주수어통역센터 여행수어 자료(jejudeaf.com),,,,차량+도보,,,,,,,,,,,,2023-12,,,,,,,UNKNOWN,UNKNOWN,,,,,제주관광약자접근성안내센터(이지제주) · 한국관광공사 열린관광 · ㈜휴플 현장조사,2026-06,2024~2026,https://easyjeju.net,제주관광공사 「오감으로 즐기는 제주」(2023.12.22) · 한국관광공사 열린관광지 · 이지제주,"현재 무장애 정보는 이동(지체) 접근성 기준입니다. 시각·청각·발달 장애 정보는 확보 중이며, 열린관광 모두의여행(access.visitkorea.or.kr) 또는 이지제주(easyjeju.net)에서 확인하실 수 있습니다.",SURVEYED,[FIX84] 탐방로 접근 불가 — 진입부(주차장·편의시설)와 탐방로를 분리 판정. 조사 기록은 routeCondition 참조 ※ 잔여 확인 — 장애인 화장실 유무,FIX84: 이용자 안내문 신설 — 내부 표기 사유 제거,v3,ROUTE_SURVEY,경로 상태 조사: 비포장+휠체어 접근 제한,,,,Y,UNKNOWN,UNKNOWN,
ACC_P891,P891,PARTIAL,UNKNOWN,UNKNOWN,UNKNOWN,PARTIAL,FULL,FULL,FULL,Y,CONDITIONAL,CONDITIONAL,시설접근 기준 판정 — 활동참여 개별 근거 미확보,경사로 있음,단차 없음+이동 보조 필요+휠체어 접근 가능,장애인 주차장 있음+장애인 화장실 있음,구간별 접근 제한 — 조사문에 동행 도움 필요 명시,,,,,휠내비길(wheelnavi.kr) 음성안내 · 제주올레 오디오가이드(jejuolle.org) 코스별 음성해설,「탐나는수어」 앱 · 제주수어통역센터 여행수어 자료(jejudeaf.com),,IN_VENUE,이용 동선에서 이용 가능,차량+대중교통+도보,,,,,,,,,,,,2023-12,,,,,,,UNKNOWN,UNKNOWN,,,,,제주관광약자접근성안내센터(이지제주) · 한국관광공사 열린관광 · ㈜휴플 현장조사,2026-06,2024~2026,https://easyjeju.net,제주관광공사 「오감으로 즐기는 제주」(2023.12.22) · 한국관광공사 열린관광지 · 이지제주,"현재 무장애 정보는 이동(지체) 접근성 기준입니다. 시각·청각·발달 장애 정보는 확보 중이며, 열린관광 모두의여행(access.visitkorea.or.kr) 또는 이지제주(easyjeju.net)에서 확인하실 수 있습니다.",SURVEYED,,FIX20: FULL 재점검 — 구간편차 기준 일괄 적용,v3,ROUTE_SURVEY,경로 상태 조사: 단차 없음+이동 보조 필요+휠체어 접근 가능,UNKNOWN,모래사장은 휠체어 바퀴가 빠져 이동이 어렵습니다. 진입로·데크 설치 여부가 확인되지 않았으니 방문 전 문의하시거나 해변용 휠체어 대여 가능 여부를 확인해 주세요,입수하실 경우 반드시 동행자와 함께 수심이 얕은 구역에 머물러 주세요. 휠체어 이용자는 파도에 중심을 잃기 쉽고 스스로 빠져나오기 어렵습니다,Y,UNKNOWN,UNKNOWN,
ACC_P892,P892,PARTIAL,UNKNOWN,UNKNOWN,UNKNOWN,PARTIAL,FULL,FULL,UNKNOWN,Y,CONDITIONAL,CONDITIONAL,시설접근 기준 판정 — 활동참여 개별 근거 미확보,경사로 있음,단차 없음+무장애 코스 포함+휠체어 접근 가능+이동 보조 필요,,구간별 접근 제한 — 조사문에 동행 도움 필요 명시,,,,,휠내비길(wheelnavi.kr) 음성안내 · 제주올레 오디오가이드(jejuolle.org) 코스별 음성해설,「탐나는수어」 앱 · 제주수어통역센터 여행수어 자료(jejudeaf.com),,,,차량+대중교통+도보,,,,,,,,,,,,2023-12,,,,,,,UNKNOWN,UNKNOWN,,,,,제주관광약자접근성안내센터(이지제주) · 한국관광공사 열린관광 · ㈜휴플 현장조사,2026-06,2024~2026,https://easyjeju.net,제주관광공사 「오감으로 즐기는 제주」(2023.12.22) · 한국관광공사 열린관광지 · 이지제주,"현재 무장애 정보는 이동(지체) 접근성 기준입니다. 시각·청각·발달 장애 정보는 확보 중이며, 열린관광 모두의여행(access.visitkorea.or.kr) 또는 이지제주(easyjeju.net)에서 확인하실 수 있습니다.",SURVEYED,,FIX20: FULL 재점검 — 구간편차 기준 일괄 적용,v3,ROUTE_SURVEY,경로 상태 조사: 단차 없음+무장애 코스 포함+휠체어 접근 가능+이동 보조 필요,,,,Y,UNKNOWN,UNKNOWN,
ACC_P893,P893,PARTIAL,UNKNOWN,UNKNOWN,UNKNOWN,PARTIAL,UNKNOWN,PARTIAL,FULL,Y,CONDITIONAL,CONDITIONAL,시설접근 기준 판정 — 활동참여 개별 근거 미확보,"경사로 끝: 경사로 끝 / 중간지점 도로 턱(파인 곳)+등대 진입로, 내리막: 등대 진입로, 내리막 / 경사로 시작 - 내리막 9도 12m",단차 있음+노면 불량+휠체어 접근 가능+이동 보조 필요,장애인 화장실 있음,일부 구간의 경사가 가팔라 통행이 제한되며 동행자의 도움이 필요함,,,,,휠내비길(wheelnavi.kr) 음성안내 · 제주올레 오디오가이드(jejuolle.org) 코스별 음성해설,「탐나는수어」 앱 · 제주수어통역센터 여행수어 자료(jejudeaf.com),,IN_VENUE,이용 동선에서 이용 가능,차량+대중교통+도보,,,,,,,,,,,,2023-12,,,,,,,UNKNOWN,UNKNOWN,,,,,제주관광약자접근성안내센터(이지제주) · 한국관광공사 열린관광 · ㈜휴플 현장조사,2026-06,2024~2026,https://easyjeju.net,제주관광공사 「오감으로 즐기는 제주」(2023.12.22) · 한국관광공사 열린관광지 · 이지제주,"현재 무장애 정보는 이동(지체) 접근성 기준입니다. 시각·청각·발달 장애 정보는 확보 중이며, 열린관광 모두의여행(access.visitkorea.or.kr) 또는 이지제주(easyjeju.net)에서 확인하실 수 있습니다.",SURVEYED,,FIX20: FULL 재점검 — 구간편차 기준 일괄 적용,v3,ROUTE_SURVEY,경로 상태 조사: 단차 있음+노면 불량+휠체어 접근 가능+이동 보조 필요,,,,Y,UNKNOWN,UNKNOWN,
ACC_P894,P894,NONE,UNKNOWN,UNKNOWN,UNKNOWN,NONE,PARTIAL,PARTIAL,UNKNOWN,Y,CONDITIONAL,CONDITIONAL,포구 — 단차로 물가 접근 불가 / 주차·화장실 미확인,N,단차 있음+휠체어 접근 제한,,,포구로 이어지는 길에 단차가 있어 휠체어로 물가까지 가시기는 어렵습니다. 주차 공간과 화장실은 확인되지 않았으니 방문하실 계획이라면 미리 알아보시는 편이 좋습니다.,,,,휠내비길(wheelnavi.kr) 음성안내 · 제주올레 오디오가이드(jejuolle.org) 코스별 음성해설,「탐나는수어」 앱 · 제주수어통역센터 여행수어 자료(jejudeaf.com),,,,차량+대중교통+도보,,,,,,,,,,,,2023-12,,,,,,,UNKNOWN,UNKNOWN,,,,,제주관광약자접근성안내센터(이지제주) · 한국관광공사 열린관광 · ㈜휴플 현장조사,2026-06,2024~2026,https://easyjeju.net,제주관광공사 「오감으로 즐기는 제주」(2023.12.22) · 한국관광공사 열린관광지 · 이지제주,"현재 무장애 정보는 이동(지체) 접근성 기준입니다. 시각·청각·발달 장애 정보는 확보 중이며, 열린관광 모두의여행(access.visitkorea.or.kr) 또는 이지제주(easyjeju.net)에서 확인하실 수 있습니다.",SURVEYED,"[FIX85] 잔여 확인 — 주차 공간·화장실 유무, 단차 위치",FIX85: 이용자 안내문 신설 — 내부 표기 사유 제거,v3,ROUTE_SURVEY,경로 상태 조사: 단차 있음+휠체어 접근 제한,,,,Y,UNKNOWN,UNKNOWN,
ACC_P895,P895,FULL,UNKNOWN,UNKNOWN,UNKNOWN,FULL,FULL,FULL,FULL,N,AVAILABLE,AVAILABLE,시설접근 기준 판정 — 활동참여 개별 근거 미확보,경사로 있음,포장 보행로+무단차 동선+일부 시장 배수로/턱 주의,장애인 화장실 있음+장애인 주차장 있음+휠체어 접근 가능,,,,,,휠내비길(wheelnavi.kr) 음성안내 · 제주올레 오디오가이드(jejuolle.org) 코스별 음성해설,「탐나는수어」 앱 · 제주수어통역센터 여행수어 자료(jejudeaf.com),,IN_VENUE,이용 동선에서 이용 가능,차량+도보,,,,,,,,,,,,2023-12,,,,,,,UNKNOWN,UNKNOWN,,,,,제주관광약자접근성안내센터(이지제주) · 한국관광공사 열린관광 · ㈜휴플 현장조사,2026-06,2024~2026,https://easyjeju.net,제주관광공사 「오감으로 즐기는 제주」(2023.12.22) · 한국관광공사 열린관광지 · 이지제주,"현재 무장애 정보는 이동(지체) 접근성 기준입니다. 시각·청각·발달 장애 정보는 확보 중이며, 열린관광 모두의여행(access.visitkorea.or.kr) 또는 이지제주(easyjeju.net)에서 확인하실 수 있습니다.",SURVEYED,,,v3,ROUTE_SURVEY,경로 상태 조사: 포장 보행로+무단차 동선+일부 시장 배수로/턱 주의,,,,Y,UNKNOWN,UNKNOWN,
ACC_P896,P896,PARTIAL,UNKNOWN,UNKNOWN,UNKNOWN,PARTIAL,PARTIAL,PARTIAL,FULL,Y,CONDITIONAL,CONDITIONAL,시설접근 기준 판정 — 활동참여 개별 근거 미확보,경사로/무단차 출입,주출입구 단차 없음+여객터미널 실내 동선+항만 외부 일부 주의,장애인 화장실 있음+장애인 주차장 있음+엘리베이터 있음+휠체어 대여 가능+유모차 대여 가능,여객터미널 편의시설은 확보되나 승선 과정에 계단·높이차 존재(교통시설 — 관광지 추천 대상 아님),여객터미널 내부는 휠체어로 이동할 수 있지만 선박 승하선 조건은 조수와 선박에 따라 달라질 수 있습니다. 출발 전 운항사에 휠체어 승선과 이동 지원 가능 여부를 문의해 주세요.,,,,휠내비길(wheelnavi.kr) 음성안내 · 제주올레 오디오가이드(jejuolle.org) 코스별 음성해설,「탐나는수어」 앱 · 제주수어통역센터 여행수어 자료(jejudeaf.com),"두리함께 가파도 무장애 여행정보(2021) — 승선장은 조수간만 차이로 승선 높이가 수시로 바뀌어 계단 이용 불가피, 선박 내에도 계단·단차 존재. 음력 7~13일이 접근성 최적. 전동휠체어는 무게로 탑승 곤란하여 수동휠체어 교체 필요. 상동포구 선착장 경사로 3개소, 접안 위치에 따라 계단 이용 최소화 가능. 장애인화장실 2개소 — 운진항 대합실(출입문 88cm/출입문~대변기 120cm/대변기~벽 30cm), 가파도 터미널(82cm/110cm/92cm). 무장애 추천 코스 5.2km 13개 지점. 운항 10~15분, 결항 시 사전 전화 확인 필요. 중증 장애인 50%·경증 20%·국가유공자 20% 할인",IN_VENUE,이용 동선에서 이용 가능,차량+대중교통+도보+여객선,,,,,,,,,,,,2023-12,,,,,,,Y,UNKNOWN,,,,,제주관광약자접근성안내센터(이지제주) · 한국관광공사 열린관광 · ㈜휴플 현장조사,2026-06,2024~2026,https://easyjeju.net · https://blog.naver.com/duritrip/222519556245 (두리함께 2021),제주관광공사 「오감으로 즐기는 제주」(2023.12.22) · 한국관광공사 열린관광지 · 이지제주,"현재 무장애 정보는 이동(지체) 접근성 기준입니다. 시각·청각·발달 장애 정보는 확보 중이며, 열린관광 모두의여행(access.visitkorea.or.kr) 또는 이지제주(easyjeju.net)에서 확인하실 수 있습니다.",VERIFIED,검증완료(2026-07) ※ FIX45: 두리함께 2021 현장조사 반영 — 2022 서귀포신문 1차 기록과 상호 확증. 전동휠체어 탑승 곤란 사유가 '무게'(2021)와 '배·수면 높이차'(2022) 두 가지로 확인됨. 판정은 CONDITIONAL 유지 — 경사로 3개소와 접안 위치 조정으로 완전 불가는 아님,FIX17: 섬·항만 실지 접근 재검증 하향 | FIX45: 두리함께 2021 현장조사 반영 (조수 시점·경사로·할인·결항),v3,ROUTE_SURVEY,경로 상태 조사: 주출입구 단차 없음+여객터미널 실내 동선+항만 외부 일부 주의,,,,Y,UNKNOWN,UNKNOWN,
ACC_P897,P897,NONE,UNKNOWN,UNKNOWN,UNKNOWN,NONE,PARTIAL,PARTIAL,NONE,N,UNAVAILABLE,UNAVAILABLE,시설접근 기준 판정 — 활동참여 개별 근거 미확보,UNKNOWN,방파제·갓길주차+안전요원 없음+화장실 없음,UNKNOWN,,,,,,휠내비길(wheelnavi.kr) 음성안내 · 제주올레 오디오가이드(jejuolle.org) 코스별 음성해설,「탐나는수어」 앱 · 제주수어통역센터 여행수어 자료(jejudeaf.com),,,,차량+도보,,,,,,,,,,,,2023-12,,,,,,,UNKNOWN,UNKNOWN,,,,,제주관광약자접근성안내센터(이지제주) · 한국관광공사 열린관광 · ㈜휴플 현장조사,2026-06,2024~2026,https://easyjeju.net,제주관광공사 「오감으로 즐기는 제주」(2023.12.22) · 한국관광공사 열린관광지 · 이지제주,"현재 무장애 정보는 이동(지체) 접근성 기준입니다. 시각·청각·발달 장애 정보는 확보 중이며, 열린관광 모두의여행(access.visitkorea.or.kr) 또는 이지제주(easyjeju.net)에서 확인하실 수 있습니다.",SURVEYED,,,v3,FACILITY_SURVEY,편의시설 조사: UNKNOWN,,,,N,UNKNOWN,UNKNOWN,시각·청각장애인의 입수는 동행자와 안전요원 배치 여부에 따라 달라집니다. 해당 해수욕장의 장애인 지원 체계가 확인되지 않았습니다
ACC_P898,P898,PARTIAL,UNKNOWN,UNKNOWN,UNKNOWN,PARTIAL,PARTIAL,PARTIAL,UNKNOWN,Y,CONDITIONAL,CONDITIONAL,"포구·방파제 보행로 이용 가능 / 단차·노면 주의, 편의시설 미확인",UNKNOWN,포구·방파제 보행로+일부 단차/노면 주의,UNKNOWN,경로 조사 — 포구와 방파제 보행로. 일부 단차와 노면 주의. 편의시설 미확인,포구와 방파제를 따라 보행로가 있어 항구 풍경을 보실 수 있습니다. 다만 구간에 따라 단차가 있고 노면이 고르지 않은 곳이 있습니다. 주차장과 화장실은 확인되지 않았으니 미리 알아보시는 편이 좋습니다.,,,,휠내비길(wheelnavi.kr) 음성안내 · 제주올레 오디오가이드(jejuolle.org) 코스별 음성해설,「탐나는수어」 앱 · 제주수어통역센터 여행수어 자료(jejudeaf.com),,,,차량+대중교통+도보,,,,,,,,,,,,2023-12,,,,,,,UNKNOWN,UNKNOWN,,,,,제주관광약자접근성안내센터(이지제주) · 한국관광공사 열린관광 · ㈜휴플 현장조사,2026-06,2024~2026,https://easyjeju.net,제주관광공사 「오감으로 즐기는 제주」(2023.12.22) · 한국관광공사 열린관광지 · 이지제주,"현재 무장애 정보는 이동(지체) 접근성 기준입니다. 시각·청각·발달 장애 정보는 확보 중이며, 열린관광 모두의여행(access.visitkorea.or.kr) 또는 이지제주(easyjeju.net)에서 확인하실 수 있습니다.",SURVEYED,[FIX86] 해양 유형 사유 이관 — 조사 기록은 routeCondition·barrierFreeDetail 참조. 잔여 확인 — 주차장·화장실·장애인 화장실 유무,FIX86: 해양 유형 사유·안내문 신설,v3,ROUTE_SURVEY,경로 상태 조사: 포구·방파제 보행로+일부 단차/노면 주의,,,,Y,UNKNOWN,UNKNOWN,
ACC_P899,P899,PARTIAL,UNKNOWN,UNKNOWN,UNKNOWN,PARTIAL,PARTIAL,PARTIAL,UNKNOWN,Y,CONDITIONAL,CONDITIONAL,"포구·방파제 이용 가능 / 단차와 안전펜스 구간 주의, 편의시설 미확인",UNKNOWN,포구·방파제+일부 단차/안전펜스 주의,UNKNOWN,경로 조사 — 포구와 방파제. 일부 단차가 있고 안전펜스 구간 주의. 편의시설 미확인,포구와 방파제를 따라 바다를 보실 수 있습니다. 다만 구간에 따라 단차가 있고 안전펜스가 있는 곳은 주의가 필요합니다. 주차장과 화장실은 확인되지 않았으니 미리 알아보시는 편이 좋습니다.,,,,휠내비길(wheelnavi.kr) 음성안내 · 제주올레 오디오가이드(jejuolle.org) 코스별 음성해설,「탐나는수어」 앱 · 제주수어통역센터 여행수어 자료(jejudeaf.com),,,,차량+대중교통+도보,,,,,,,,,,,,2023-12,,,,,,,UNKNOWN,UNKNOWN,,,,,제주관광약자접근성안내센터(이지제주) · 한국관광공사 열린관광 · ㈜휴플 현장조사,2026-06,2024~2026,https://easyjeju.net,제주관광공사 「오감으로 즐기는 제주」(2023.12.22) · 한국관광공사 열린관광지 · 이지제주,"현재 무장애 정보는 이동(지체) 접근성 기준입니다. 시각·청각·발달 장애 정보는 확보 중이며, 열린관광 모두의여행(access.visitkorea.or.kr) 또는 이지제주(easyjeju.net)에서 확인하실 수 있습니다.",SURVEYED,[FIX86] 해양 유형 사유 이관 — 조사 기록은 routeCondition·barrierFreeDetail 참조. 잔여 확인 — 주차장·화장실·장애인 화장실 유무,FIX86: 해양 유형 사유·안내문 신설,v3,ROUTE_SURVEY,경로 상태 조사: 포구·방파제+일부 단차/안전펜스 주의,,,,Y,UNKNOWN,UNKNOWN,
ACC_P900,P900,UNKNOWN,UNKNOWN,UNKNOWN,UNKNOWN,UNKNOWN,UNKNOWN,UNKNOWN,UNKNOWN,N,UNKNOWN,UNKNOWN,,UNKNOWN,UNKNOWN,장애인 주차장 있음,,,,,,휠내비길(wheelnavi.kr) 음성안내 · 제주올레 오디오가이드(jejuolle.org) 코스별 음성해설,「탐나는수어」 앱 · 제주수어통역센터 여행수어 자료(jejudeaf.com),,,,차량+도보,,,,,,,,,,,,2023-12,,,,,,,UNKNOWN,UNKNOWN,,,,,제주관광약자접근성안내센터(이지제주) · 한국관광공사 열린관광 · ㈜휴플 현장조사,2026-06,2024~2026,https://easyjeju.net,제주관광공사 「오감으로 즐기는 제주」(2023.12.22) · 한국관광공사 열린관광지 · 이지제주,"현재 무장애 정보는 이동(지체) 접근성 기준입니다. 시각·청각·발달 장애 정보는 확보 중이며, 열린관광 모두의여행(access.visitkorea.or.kr) 또는 이지제주(easyjeju.net)에서 확인하실 수 있습니다.",SURVEYED,,,v3,FACILITY_SURVEY,편의시설 조사: 장애인 주차장 있음,UNKNOWN,모래사장은 휠체어 바퀴가 빠져 이동이 어렵습니다. 진입로·데크 설치 여부가 확인되지 않았으니 방문 전 문의하시거나 해변용 휠체어 대여 가능 여부를 확인해 주세요,발이 닿는 깊이까지만 들어가시고 먼 바다 쪽으로는 나가지 말아 주세요. 파고가 2m를 넘거나 풍랑특보가 발효되면 입수를 삼가 주세요. 너울은 파도가 잔잔해 보여도 갑자기 밀려오니 갯바위와 방파제 위에는 올라가지 말아 주세요. 체감온도 33도가 넘는 날에는 한낮 물놀이를 피하고 그늘에서 자주 쉬어 주세요. 휠체어 이용자는 파도에 중심을 잃기 쉽고 스스로 빠져나오기 어려우니 반드시 동행자와 함께해 주세요.,Y,UNKNOWN,UNKNOWN,
ACC_P901,P901,NONE,UNKNOWN,UNKNOWN,UNKNOWN,NONE,PARTIAL,PARTIAL,NONE,Y,CONDITIONAL,CONDITIONAL,주변 시설·조망은 이용 가능 / 몽돌 해변과 진입로는 접근 불가,UNKNOWN,노면 불량+접근 불가+휠체어 접근 제한,,,"주차장과 화장실이 있고 식음료시설과 쉼터, 편의점도 가까이 있습니다. 다만 해변이 몽돌로 되어 있어 바퀴가 빠지고, 물가로 내려가는 길의 노면이 고르지 않아 휠체어로 해변에 들어가시기는 어렵습니다. 주차장 쪽에서 바다를 보실 수 있습니다.",,,,휠내비길(wheelnavi.kr) 음성안내 · 제주올레 오디오가이드(jejuolle.org) 코스별 음성해설,「탐나는수어」 앱 · 제주수어통역센터 여행수어 자료(jejudeaf.com),,,,차량+대중교통+도보,,,,,,,,,,,,2023-12,,,,,,,UNKNOWN,UNKNOWN,,,,,제주관광약자접근성안내센터(이지제주) · 한국관광공사 열린관광 · ㈜휴플 현장조사,2026-06,2024~2026,https://easyjeju.net,제주관광공사 「오감으로 즐기는 제주」(2023.12.22) · 한국관광공사 열린관광지 · 이지제주,"현재 무장애 정보는 이동(지체) 접근성 기준입니다. 시각·청각·발달 장애 정보는 확보 중이며, 열린관광 모두의여행(access.visitkorea.or.kr) 또는 이지제주(easyjeju.net)에서 확인하실 수 있습니다.",SURVEYED,"[FIX85] 잔여 확인 — 장애인 주차구역·장애인 화장실 유무, 조망 데크 유무",FIX85: 이용자 안내문 신설 — 내부 표기 사유 제거,v3,ROUTE_SURVEY,경로 상태: 노면 불량+접근 불가+휠체어 접근 제한,UNKNOWN,모래사장은 휠체어 바퀴가 빠져 이동이 어렵습니다. 진입로·데크 설치 여부가 확인되지 않았으니 방문 전 문의하시거나 해변용 휠체어 대여 가능 여부를 확인해 주세요,발이 닿는 깊이까지만 들어가시고 먼 바다 쪽으로는 나가지 말아 주세요. 파고가 2m를 넘거나 풍랑특보가 발효되면 입수를 삼가 주세요. 너울은 파도가 잔잔해 보여도 갑자기 밀려오니 갯바위와 방파제 위에는 올라가지 말아 주세요. 체감온도 33도가 넘는 날에는 한낮 물놀이를 피하고 그늘에서 자주 쉬어 주세요. 휠체어 이용자는 파도에 중심을 잃기 쉽고 스스로 빠져나오기 어려우니 반드시 동행자와 함께해 주세요.,Y,UNKNOWN,UNKNOWN,
ACC_P902,P902,NONE,UNKNOWN,UNKNOWN,UNKNOWN,NONE,PARTIAL,PARTIAL,NONE,N,CONDITIONAL,CONDITIONAL,주변 시설은 이용 가능 / 진입로 폭 제약으로 물가 접근 불가,UNKNOWN,폭 좁음+접근 불가+휠체어 접근 제한,,,주차장과 화장실이 있습니다. 다만 물가로 이어지는 길의 폭이 좁고 휠체어로 통행할 수 없는 구간이 있어 가까이 가시기는 어렵습니다.,,,,휠내비길(wheelnavi.kr) 음성안내 · 제주올레 오디오가이드(jejuolle.org) 코스별 음성해설,「탐나는수어」 앱 · 제주수어통역센터 여행수어 자료(jejudeaf.com),,,,차량+도보,,,,,,,,,,,,2023-12,,,,,,,UNKNOWN,UNKNOWN,,,,,제주관광약자접근성안내센터(이지제주) · 한국관광공사 열린관광 · ㈜휴플 현장조사,2026-06,2024~2026,https://easyjeju.net,제주관광공사 「오감으로 즐기는 제주」(2023.12.22) · 한국관광공사 열린관광지 · 이지제주,"현재 무장애 정보는 이동(지체) 접근성 기준입니다. 시각·청각·발달 장애 정보는 확보 중이며, 열린관광 모두의여행(access.visitkorea.or.kr) 또는 이지제주(easyjeju.net)에서 확인하실 수 있습니다.",SURVEYED,[FIX85] 잔여 확인 — 장애인 주차구역·장애인 화장실 유무,FIX85: 이용자 안내문 신설 — 내부 표기 사유 제거,v3,ROUTE_SURVEY,경로 상태: 폭 좁음+접근 불가+휠체어 접근 제한,,,,Y,UNKNOWN,UNKNOWN,
ACC_P903,P903,UNKNOWN,UNKNOWN,UNKNOWN,UNKNOWN,UNKNOWN,UNKNOWN,UNKNOWN,UNKNOWN,Y,UNKNOWN,UNKNOWN,,UNKNOWN,UNKNOWN,,,,,,,휠내비길(wheelnavi.kr) 음성안내 · 제주올레 오디오가이드(jejuolle.org) 코스별 음성해설,「탐나는수어」 앱 · 제주수어통역센터 여행수어 자료(jejudeaf.com),,,,차량+대중교통+도보,,,,,,,,,,,,2023-12,,,,,,,UNKNOWN,UNKNOWN,,,,,제주관광약자접근성안내센터(이지제주) · 한국관광공사 열린관광 · ㈜휴플 현장조사,2026-06,2024~2026,https://easyjeju.net,제주관광공사 「오감으로 즐기는 제주」(2023.12.22) · 한국관광공사 열린관광지 · 이지제주,"현재 무장애 정보는 이동(지체) 접근성 기준입니다. 시각·청각·발달 장애 정보는 확보 중이며, 열린관광 모두의여행(access.visitkorea.or.kr) 또는 이지제주(easyjeju.net)에서 확인하실 수 있습니다.",SURVEYED,,,v3,ROUTE_SURVEY,경로 상태: UNKNOWN,,,,Y,UNKNOWN,UNKNOWN,
ACC_P904,P904,NONE,UNKNOWN,UNKNOWN,UNKNOWN,NONE,PARTIAL,PARTIAL,NONE,N,CONDITIONAL,CONDITIONAL,주변 시설·조망은 이용 가능 / 해변 진입로는 접근 불가,UNKNOWN,접근 불가+휠체어 접근 제한,,,주차장과 화장실이 있습니다. 다만 해변으로 내려가는 길이 휠체어로 통행할 수 없는 구조라 물가까지 가시기는 어렵습니다. 주차장 쪽에서 바다를 보실 수 있습니다.,,,,휠내비길(wheelnavi.kr) 음성안내 · 제주올레 오디오가이드(jejuolle.org) 코스별 음성해설,「탐나는수어」 앱 · 제주수어통역센터 여행수어 자료(jejudeaf.com),,,,차량+도보,,,,,,,,,,,,2023-12,,,,,,,UNKNOWN,UNKNOWN,,,,,제주관광약자접근성안내센터(이지제주) · 한국관광공사 열린관광 · ㈜휴플 현장조사,2026-06,2024~2026,https://easyjeju.net,제주관광공사 「오감으로 즐기는 제주」(2023.12.22) · 한국관광공사 열린관광지 · 이지제주,"현재 무장애 정보는 이동(지체) 접근성 기준입니다. 시각·청각·발달 장애 정보는 확보 중이며, 열린관광 모두의여행(access.visitkorea.or.kr) 또는 이지제주(easyjeju.net)에서 확인하실 수 있습니다.",SURVEYED,"[FIX85] 잔여 확인 — 장애인 주차구역·장애인 화장실 유무, 진입로 구조",FIX85: 이용자 안내문 신설 — 내부 표기 사유 제거,v3,ROUTE_SURVEY,경로 상태: 접근 불가+휠체어 접근 제한,UNKNOWN,모래사장은 휠체어 바퀴가 빠져 이동이 어렵습니다. 진입로·데크 설치 여부가 확인되지 않았으니 방문 전 문의하시거나 해변용 휠체어 대여 가능 여부를 확인해 주세요,발이 닿는 깊이까지만 들어가시고 먼 바다 쪽으로는 나가지 말아 주세요. 파고가 2m를 넘거나 풍랑특보가 발효되면 입수를 삼가 주세요. 너울은 파도가 잔잔해 보여도 갑자기 밀려오니 갯바위와 방파제 위에는 올라가지 말아 주세요. 체감온도 33도가 넘는 날에는 한낮 물놀이를 피하고 그늘에서 자주 쉬어 주세요. 휠체어 이용자는 파도에 중심을 잃기 쉽고 스스로 빠져나오기 어려우니 반드시 동행자와 함께해 주세요.,Y,UNKNOWN,UNKNOWN,
ACC_P905,P905,PARTIAL,UNKNOWN,UNKNOWN,UNKNOWN,PARTIAL,UNKNOWN,PARTIAL,FULL,Y,CONDITIONAL,CONDITIONAL,시설접근 기준 판정 — 활동참여 개별 근거 미확보,UNKNOWN,단차 있음+무장애 코스 포함+휠체어 접근 가능+이동 보조 필요,장애인 화장실 있음+장애인 주차장 있음,구간별 접근 제한 — 조사문에 동행 도움 필요 명시,,,,,휠내비길(wheelnavi.kr) 음성안내 · 제주올레 오디오가이드(jejuolle.org) 코스별 음성해설,「탐나는수어」 앱 · 제주수어통역센터 여행수어 자료(jejudeaf.com),,IN_VENUE,이용 동선에서 이용 가능,차량+대중교통+도보,,,,,,,,,,,,2023-12,,,,,,,UNKNOWN,UNKNOWN,,,,,제주관광약자접근성안내센터(이지제주) · 한국관광공사 열린관광 · ㈜휴플 현장조사,2026-06,2024~2026,https://easyjeju.net,제주관광공사 「오감으로 즐기는 제주」(2023.12.22) · 한국관광공사 열린관광지 · 이지제주,"현재 무장애 정보는 이동(지체) 접근성 기준입니다. 시각·청각·발달 장애 정보는 확보 중이며, 열린관광 모두의여행(access.visitkorea.or.kr) 또는 이지제주(easyjeju.net)에서 확인하실 수 있습니다.",SURVEYED,,FIX20: FULL 재점검 — 구간편차 기준 일괄 적용,v3,ROUTE_SURVEY,경로 상태 조사: 단차 있음+무장애 코스 포함+휠체어 접근 가능+이동 보조 필요,UNKNOWN,모래사장은 휠체어 바퀴가 빠져 이동이 어렵습니다. 진입로·데크 설치 여부가 확인되지 않았으니 방문 전 문의하시거나 해변용 휠체어 대여 가능 여부를 확인해 주세요,발이 닿는 깊이까지만 들어가시고 먼 바다 쪽으로는 나가지 말아 주세요. 파고가 2m를 넘거나 풍랑특보가 발효되면 입수를 삼가 주세요. 너울은 파도가 잔잔해 보여도 갑자기 밀려오니 갯바위와 방파제 위에는 올라가지 말아 주세요. 체감온도 33도가 넘는 날에는 한낮 물놀이를 피하고 그늘에서 자주 쉬어 주세요. 휠체어 이용자는 파도에 중심을 잃기 쉽고 스스로 빠져나오기 어려우니 반드시 동행자와 함께해 주세요.,Y,UNKNOWN,UNKNOWN,
ACC_P906,P906,PARTIAL,UNKNOWN,UNKNOWN,UNKNOWN,PARTIAL,FULL,FULL,FULL,Y,CONDITIONAL,CONDITIONAL,시설접근 기준 판정 — 활동참여 개별 근거 미확보,"외부 관람로 8~11도 경사 있으며, 출구 표지판 이후 11~14도 경사 및 계단 단차 있습니다+외부 관람로 바닥 요철 마감 구간 있습니다+주 출입구 접근로 보차구분 없습니다",단차 없음+노면 불량+휠체어 접근 가능,장애인 화장실 있음,접근로에 계단이 있고 우회로는 확인되지 않음. 경사가 매우 가파른 구간이 있어 통행이 제한됨,,구간별 접근 제한 — 접근로 계단 존재(우회로 미확인) / 경사 최대 14.0도(법정 기준 약 4.8도 초과),,,휠내비길(wheelnavi.kr) 음성안내 · 제주올레 오디오가이드(jejuolle.org) 코스별 음성해설,「탐나는수어」 앱 · 제주수어통역센터 여행수어 자료(jejudeaf.com),,IN_VENUE,이용 동선에서 이용 가능,차량+대중교통+도보,,,,,,,,,,,,2023-12,,,,,,,UNKNOWN,UNKNOWN,,,,,제주관광약자접근성안내센터(이지제주) · 한국관광공사 열린관광 · ㈜휴플 현장조사,2026-06,2024~2026,https://easyjeju.net,제주관광공사 「오감으로 즐기는 제주」(2023.12.22) · 한국관광공사 열린관광지 · 이지제주,"현재 무장애 정보는 이동(지체) 접근성 기준입니다. 시각·청각·발달 장애 정보는 확보 중이며, 열린관광 모두의여행(access.visitkorea.or.kr) 또는 이지제주(easyjeju.net)에서 확인하실 수 있습니다.",SURVEYED,,FIX20: FULL 재점검 — 구간편차 기준 일괄 적용,v3,ROUTE_SURVEY,경로 상태 조사: 단차 없음+노면 불량+휠체어 접근 가능,,,,Y,UNKNOWN,UNKNOWN,
ACC_P907,P907,PARTIAL,UNKNOWN,UNKNOWN,UNKNOWN,PARTIAL,PARTIAL,PARTIAL,FULL,Y,AVAILABLE,CONDITIONAL,외곽 관람로·관람대 접근 가능 / 활동참여 조건부 — 내부 입욕은 불가하나 용천수 지형 관람과 해변 조망은 휠체어로 가능,UNKNOWN,단차 없음+휠체어 접근 가능,장애인 화장실 있음+장애인 주차장 있음,"곽지해수욕장 무장애 조사 — 장애인 주차구역·경사로·장애인 화장실 보유. 포장 데크·경사로로 노천탕 외곽 및 관람대까지 진입 가능하며, 용천수 지형과 현무암 노천탕 외형, 관람대 조망 등 입욕 외 관람 가치가 있음. 노천탕 내부는 자갈·돌바닥과 계단 단차로 휠체어 상태 입욕 불가","바닷가 바로 앞에서 차가운 용천수가 솟는 곳이라, 현무암으로 둘러싸인 노천탕의 모습과 바다 풍경을 관람대에서 한눈에 보실 수 있습니다. 곽지해수욕장 광장에서 포장 데크와 경사로를 따라 노천탕 외곽과 관람대까지 휠체어로 이동하실 수 있고, 해변 데크로 이어져 일몰을 보기에도 좋습니다. 다만 노천탕 안쪽 진입로는 자갈·돌바닥과 계단 단차가 있어 휠체어에 앉은 상태로 입욕하기는 어렵습니다. 수온이 매우 낮아 노약자와 어린이는 주의가 필요합니다.",,,,휠내비길(wheelnavi.kr) 음성안내 · 제주올레 오디오가이드(jejuolle.org) 코스별 음성해설,「탐나는수어」 앱 · 제주수어통역센터 여행수어 자료(jejudeaf.com),,IN_VENUE,이용 동선에서 이용 가능,차량+대중교통+도보,,,,,,,,,,,,2023-12,,,,,,,UNKNOWN,UNKNOWN,,,,,제주관광약자접근성안내센터(이지제주) · 한국관광공사 열린관광 · ㈜휴플 현장조사,2026-06,2024~2026,https://easyjeju.net,제주관광공사 「오감으로 즐기는 제주」(2023.12.22) · 한국관광공사 열린관광지 · 이지제주,"현재 무장애 정보는 이동(지체) 접근성 기준입니다. 시각·청각·발달 장애 정보는 확보 중이며, 열린관광 모두의여행(access.visitkorea.or.kr) 또는 이지제주(easyjeju.net)에서 확인하실 수 있습니다.",SURVEYED,[FIX78] 잔여 확인 — 노천탕 외부 관람 동선의 최단 경사로 위치. 전화 문의 필요 (064-728-3985),"FIX75: 활동참여 조건부 전환 — 입욕 시설, 조사 대기 | FIX77: 등급 FULL→PARTIAL — 돌길 구간 및 입욕 공간 미확인 반영 | FIX78: 입욕 불가 확정 — '미확인'에서 '불가'로 구체화",v3,ROUTE_SURVEY,"경로 상태 조사: 단차 없음+휠체어 접근 가능 | [FIX78] 온라인 교차확인 — 포장 데크 접근 가능, 내부 자갈·돌바닥 및 계단 단차",Y,,"노천탕 내부는 자갈·돌바닥과 계단 단차가 있어 휠체어 상태로는 입욕하기 어렵습니다. 동행자가 있어도 옮겨 앉을 공간이 좁으니 미리 확인해 주세요. 대신 외곽 관람로와 관람대까지는 포장 데크로 이동하실 수 있어, 파도가 치는 바다와 용천수 노천탕을 함께 보실 수 있습니다. 용천수는 한여름에도 수온이 낮으니 입수하실 경우 장시간은 피해 주세요.",Y,UNKNOWN,UNKNOWN,
ACC_P908,P908,NONE,UNKNOWN,UNKNOWN,UNKNOWN,NONE,PARTIAL,PARTIAL,NONE,Y,CONDITIONAL,CONDITIONAL,편의시설은 이용 가능 / 비포장 진입로로 해변 접근 불가,UNKNOWN,비포장+접근 불가+휠체어 접근 제한,,,"주차장과 화장실, 샤워장과 탈의실, 쉼터가 갖춰져 있습니다. 다만 해변으로 내려가는 길이 비포장이고 휠체어로 통행할 수 없는 구간이 있어 물가까지 가시기는 어렵습니다.",,,,휠내비길(wheelnavi.kr) 음성안내 · 제주올레 오디오가이드(jejuolle.org) 코스별 음성해설,「탐나는수어」 앱 · 제주수어통역센터 여행수어 자료(jejudeaf.com),,,,차량+대중교통+도보,,,,,,,,,,,,2023-12,,,,,,,UNKNOWN,UNKNOWN,,,,,제주관광약자접근성안내센터(이지제주) · 한국관광공사 열린관광 · ㈜휴플 현장조사,2026-06,2024~2026,https://easyjeju.net,제주관광공사 「오감으로 즐기는 제주」(2023.12.22) · 한국관광공사 열린관광지 · 이지제주,"현재 무장애 정보는 이동(지체) 접근성 기준입니다. 시각·청각·발달 장애 정보는 확보 중이며, 열린관광 모두의여행(access.visitkorea.or.kr) 또는 이지제주(easyjeju.net)에서 확인하실 수 있습니다.",SURVEYED,"[FIX85] 잔여 확인 — 장애인 주차구역·장애인 화장실 유무, 진입 데크 설치 여부",FIX85: 이용자 안내문 신설 — 내부 표기 사유 제거,v3,ROUTE_SURVEY,경로 상태 조사: 비포장+접근 불가+휠체어 접근 제한,UNKNOWN,모래사장은 휠체어 바퀴가 빠져 이동이 어렵습니다. 진입로·데크 설치 여부가 확인되지 않았으니 방문 전 문의하시거나 해변용 휠체어 대여 가능 여부를 확인해 주세요,발이 닿는 깊이까지만 들어가시고 먼 바다 쪽으로는 나가지 말아 주세요. 파고가 2m를 넘거나 풍랑특보가 발효되면 입수를 삼가 주세요. 너울은 파도가 잔잔해 보여도 갑자기 밀려오니 갯바위와 방파제 위에는 올라가지 말아 주세요. 체감온도 33도가 넘는 날에는 한낮 물놀이를 피하고 그늘에서 자주 쉬어 주세요. 휠체어 이용자는 파도에 중심을 잃기 쉽고 스스로 빠져나오기 어려우니 반드시 동행자와 함께해 주세요.,Y,UNKNOWN,UNKNOWN,
ACC_P909,P909,NONE,UNKNOWN,UNKNOWN,UNKNOWN,NONE,PARTIAL,PARTIAL,NONE,N,CONDITIONAL,CONDITIONAL,주변 시설은 이용 가능 / 계단·비포장으로 해변 접근 불가,UNKNOWN,계단 있음+비포장+접근 불가+휠체어 접근 제한,,,주차장과 화장실이 있습니다. 다만 해변으로 내려가는 길에 계단이 있고 비포장 구간이 이어져 물가까지 가시기는 어렵습니다.,,,,휠내비길(wheelnavi.kr) 음성안내 · 제주올레 오디오가이드(jejuolle.org) 코스별 음성해설,「탐나는수어」 앱 · 제주수어통역센터 여행수어 자료(jejudeaf.com),,,,차량+도보,,,,,,,,,,,,2023-12,,,,,,,UNKNOWN,UNKNOWN,,,,,제주관광약자접근성안내센터(이지제주) · 한국관광공사 열린관광 · ㈜휴플 현장조사,2026-06,2024~2026,https://easyjeju.net,제주관광공사 「오감으로 즐기는 제주」(2023.12.22) · 한국관광공사 열린관광지 · 이지제주,"현재 무장애 정보는 이동(지체) 접근성 기준입니다. 시각·청각·발달 장애 정보는 확보 중이며, 열린관광 모두의여행(access.visitkorea.or.kr) 또는 이지제주(easyjeju.net)에서 확인하실 수 있습니다.",SURVEYED,[FIX85] 잔여 확인 — 장애인 주차구역·장애인 화장실 유무,FIX85: 이용자 안내문 신설 — 내부 표기 사유 제거,v3,ROUTE_SURVEY,경로 상태 조사: 계단 있음+비포장+접근 불가+휠체어 접근 제한,UNKNOWN,모래사장은 휠체어 바퀴가 빠져 이동이 어렵습니다. 진입로·데크 설치 여부가 확인되지 않았으니 방문 전 문의하시거나 해변용 휠체어 대여 가능 여부를 확인해 주세요,발이 닿는 깊이까지만 들어가시고 먼 바다 쪽으로는 나가지 말아 주세요. 파고가 2m를 넘거나 풍랑특보가 발효되면 입수를 삼가 주세요. 너울은 파도가 잔잔해 보여도 갑자기 밀려오니 갯바위와 방파제 위에는 올라가지 말아 주세요. 체감온도 33도가 넘는 날에는 한낮 물놀이를 피하고 그늘에서 자주 쉬어 주세요. 휠체어 이용자는 파도에 중심을 잃기 쉽고 스스로 빠져나오기 어려우니 반드시 동행자와 함께해 주세요.,Y,UNKNOWN,UNKNOWN,
ACC_P910,P910,NONE,UNKNOWN,UNKNOWN,UNKNOWN,NONE,PARTIAL,PARTIAL,UNKNOWN,Y,CONDITIONAL,CONDITIONAL,주변 시설·조망은 이용 가능 / 비포장 해변은 접근 불가,Y,비포장+휠체어 접근 제한,장애인 전용 주차구역 및 장애인 화장실 있음,,"공영주차장과 화장실, 샤워실이 있습니다. 다만 해변이 비포장이라 휠체어로 들어가시기는 어렵습니다. 주차장과 해안도로 쪽에서 바다를 보실 수 있습니다.",,,,휠내비길(wheelnavi.kr) 음성안내 · 제주올레 오디오가이드(jejuolle.org) 코스별 음성해설,「탐나는수어」 앱 · 제주수어통역센터 여행수어 자료(jejudeaf.com),,,,차량+대중교통+도보,,,,,,,,,,,,2023-12,,,,,,,UNKNOWN,UNKNOWN,,,,,제주관광약자접근성안내센터(이지제주) · 한국관광공사 열린관광 · ㈜휴플 현장조사,2026-06,2024~2026,https://easyjeju.net,제주관광공사 「오감으로 즐기는 제주」(2023.12.22) · 한국관광공사 열린관광지 · 이지제주,"현재 무장애 정보는 이동(지체) 접근성 기준입니다. 시각·청각·발달 장애 정보는 확보 중이며, 열린관광 모두의여행(access.visitkorea.or.kr) 또는 이지제주(easyjeju.net)에서 확인하실 수 있습니다.",SURVEYED,"[FIX85] 잔여 확인 — 장애인 주차구역·장애인 화장실 유무, 해변 진입 데크 유무",FIX85: 이용자 안내문 신설 — 내부 표기 사유 제거,v3,ROUTE_SURVEY,경로 상태 조사: 비포장+휠체어 접근 제한,UNKNOWN,모래사장은 휠체어 바퀴가 빠져 이동이 어렵습니다. 진입로·데크 설치 여부가 확인되지 않았으니 방문 전 문의하시거나 해변용 휠체어 대여 가능 여부를 확인해 주세요,발이 닿는 깊이까지만 들어가시고 먼 바다 쪽으로는 나가지 말아 주세요. 파고가 2m를 넘거나 풍랑특보가 발효되면 입수를 삼가 주세요. 너울은 파도가 잔잔해 보여도 갑자기 밀려오니 갯바위와 방파제 위에는 올라가지 말아 주세요. 체감온도 33도가 넘는 날에는 한낮 물놀이를 피하고 그늘에서 자주 쉬어 주세요. 휠체어 이용자는 파도에 중심을 잃기 쉽고 스스로 빠져나오기 어려우니 반드시 동행자와 함께해 주세요.,Y,UNKNOWN,UNKNOWN,
ACC_P911,P911,PARTIAL,UNKNOWN,UNKNOWN,UNKNOWN,PARTIAL,FULL,FULL,FULL,N,CONDITIONAL,CONDITIONAL,시설접근 기준 판정 — 활동참여 개별 근거 미확보,UNKNOWN,단차 없음+흙길+노면 불량+휠체어 접근 가능,장애인 화장실 있음+장애인 주차장 있음,"노면·단차 제약 — 조사문에 ""흙길"" 명시",,,,,휠내비길(wheelnavi.kr) 음성안내 · 제주올레 오디오가이드(jejuolle.org) 코스별 음성해설,「탐나는수어」 앱 · 제주수어통역센터 여행수어 자료(jejudeaf.com),,IN_VENUE,이용 동선에서 이용 가능,차량+도보,,,,,,,,,,,,2023-12,,,,,,,UNKNOWN,UNKNOWN,,,,,제주관광약자접근성안내센터(이지제주) · 한국관광공사 열린관광 · ㈜휴플 현장조사,2026-06,2024~2026,https://easyjeju.net,제주관광공사 「오감으로 즐기는 제주」(2023.12.22) · 한국관광공사 열린관광지 · 이지제주,"현재 무장애 정보는 이동(지체) 접근성 기준입니다. 시각·청각·발달 장애 정보는 확보 중이며, 열린관광 모두의여행(access.visitkorea.or.kr) 또는 이지제주(easyjeju.net)에서 확인하실 수 있습니다.",SURVEYED,,FIX22: 논리검사 패턴 보완(요철·단차·노면불량),v3,ROUTE_SURVEY,경로 상태 조사: 단차 없음+흙길+노면 불량+휠체어 접근 가능,UNKNOWN,모래사장은 휠체어 바퀴가 빠져 이동이 어렵습니다. 진입로·데크 설치 여부가 확인되지 않았으니 방문 전 문의하시거나 해변용 휠체어 대여 가능 여부를 확인해 주세요,발이 닿는 깊이까지만 들어가시고 먼 바다 쪽으로는 나가지 말아 주세요. 파고가 2m를 넘거나 풍랑특보가 발효되면 입수를 삼가 주세요. 너울은 파도가 잔잔해 보여도 갑자기 밀려오니 갯바위와 방파제 위에는 올라가지 말아 주세요. 체감온도 33도가 넘는 날에는 한낮 물놀이를 피하고 그늘에서 자주 쉬어 주세요. 휠체어 이용자는 파도에 중심을 잃기 쉽고 스스로 빠져나오기 어려우니 반드시 동행자와 함께해 주세요.,Y,UNKNOWN,UNKNOWN,
ACC_P912,P912,FULL,UNKNOWN,UNKNOWN,UNKNOWN,FULL,FULL,FULL,FULL,Y,AVAILABLE,UNAVAILABLE,해변 편의시설 접근 가능 / 입수 활동은 휠체어 이용자 불가,주출입구 단차 없음,모래해변+탈의실·샤워시설+여름철 안전요원+주출입구 단차 없음,장애인 화장실 있음+장애인 주차장 있음+저상버스 접근 가능+유모차 대여 가능,,해수욕 이용 지원 여부는 확인되지 않았습니다. 물놀이를 계획하신다면 방문 전에 이용 가능한 범위를 확인해 주세요.,,,,휠내비길(wheelnavi.kr) 음성안내 · 제주올레 오디오가이드(jejuolle.org) 코스별 음성해설,「탐나는수어」 앱 · 제주수어통역센터 여행수어 자료(jejudeaf.com),,IN_VENUE,이용 동선에서 이용 가능,차량+대중교통+도보,,,,,,,,,,,,2023-12,,,,,,,UNKNOWN,UNKNOWN,,,,,제주관광약자접근성안내센터(이지제주) · 한국관광공사 열린관광 · ㈜휴플 현장조사,2026-06,2024~2026,https://easyjeju.net,제주관광공사 「오감으로 즐기는 제주」(2023.12.22) · 한국관광공사 열린관광지 · 이지제주,"현재 무장애 정보는 이동(지체) 접근성 기준입니다. 시각·청각·발달 장애 정보는 확보 중이며, 열린관광 모두의여행(access.visitkorea.or.kr) 또는 이지제주(easyjeju.net)에서 확인하실 수 있습니다.",SURVEYED,,,v3,ROUTE_SURVEY,경로 상태 조사: 모래해변+탈의실·샤워시설+여름철 안전요원+주출입구 단차 없음,UNKNOWN,모래사장은 휠체어 바퀴가 빠져 이동이 어렵습니다. 진입로·데크 설치 여부가 확인되지 않았으니 방문 전 문의하시거나 해변용 휠체어 대여 가능 여부를 확인해 주세요,발이 닿는 깊이까지만 들어가시고 먼 바다 쪽으로는 나가지 말아 주세요. 파고가 2m를 넘거나 풍랑특보가 발효되면 입수를 삼가 주세요. 너울은 파도가 잔잔해 보여도 갑자기 밀려오니 갯바위와 방파제 위에는 올라가지 말아 주세요. 체감온도 33도가 넘는 날에는 한낮 물놀이를 피하고 그늘에서 자주 쉬어 주세요. 휠체어 이용자는 파도에 중심을 잃기 쉽고 스스로 빠져나오기 어려우니 반드시 동행자와 함께해 주세요.,N,UNKNOWN,UNKNOWN,시각·청각장애인의 입수는 동행자와 안전요원 배치 여부에 따라 달라집니다. 해당 해수욕장의 장애인 지원 체계가 확인되지 않았습니다
ACC_P913,P913,PARTIAL,UNKNOWN,UNKNOWN,UNKNOWN,PARTIAL,FULL,FULL,FULL,N,AVAILABLE,CONDITIONAL,"시설접근 조건부 / 활동참여 조건부 — 도달 접근사슬(여객선 승하선) 미확보, 섬 내부 미조사",경사로 있음,단차 없음+휠체어 접근 가능,장애인 화장실 있음,"섬 안의 해안산책로는 휠체어 이동이 비교적 가능하지만, 도항선 구조상 휠체어 승하선이 어려울 수 있음",비양도 해안산책로는 비교적 평탄해 섬 안에서는 휠체어로 이동하기 어렵지 않은 편입니다. 다만 한림항에서 비양도로 들어가는 도항선은 구조상 휠체어 승하선이 어려울 수 있으므로 출발 전 선사에 이용 가능 여부를 확인해 주세요.,[도서] 여객선 승선 시 높이차·선내 계단,,,휠내비길(wheelnavi.kr) 음성안내 · 제주올레 오디오가이드(jejuolle.org) 코스별 음성해설,「탐나는수어」 앱 · 제주수어통역센터 여행수어 자료(jejudeaf.com),,IN_VENUE,이용 동선에서 이용 가능,차량+도보,,,,,,,,,,,,2023-12,FERRY_BOARDING,여객선 승하선 제약 · 풍랑 시 결항 가능,,,,,UNKNOWN,UNKNOWN,,,,,제주관광약자접근성안내센터(이지제주) · 한국관광공사 열린관광 · ㈜휴플 현장조사,2026-06,2024~2026,https://easyjeju.net,제주관광공사 「오감으로 즐기는 제주」(2023.12.22) · 한국관광공사 열린관광지 · 이지제주,"현재 무장애 정보는 이동(지체) 접근성 기준입니다. 시각·청각·발달 장애 정보는 확보 중이며, 열린관광 모두의여행(access.visitkorea.or.kr) 또는 이지제주(easyjeju.net)에서 확인하실 수 있습니다.",SURVEYED,검증시도(2026-08) — 올레·오감 모두 섬 내부 접근성 정보 없음,FIX75: 활동참여 조건부 전환 — 여객선 승하선 제약 및 섬 내부 미조사 반영,v3,ROUTE_SURVEY,경로 상태 조사: 단차 없음+휠체어 접근 가능,,,,Y,UNKNOWN,UNKNOWN,
ACC_P914,P914,PARTIAL,PARTIAL,UNKNOWN,UNKNOWN,PARTIAL,PARTIAL,PARTIAL,FULL,N,CONDITIONAL,CONDITIONAL,시설접근 기준 판정 — 활동참여 개별 근거 미확보,경사로 있음,단차 없음+판석+무장애 코스 포함+휠체어 접근 가능,장애인 화장실 있음+장애인 주차장 있음,제주도 무장애여행: 자리덕 선착장 계단·노면 요철 있음. 휠체어는 시계방향 이동 권장(오르막 회피). 여객선 승선 높이 가변·선내 계단 등 탑승 불편요소 존재,마라도까지는 선박을 이용해야 하며 승하선 과정에서 계단이나 단차가 생길 수 있습니다. 출발 전 운항사에 휠체어 승선과 이동 지원 가능 여부를 문의해 주세요.,,,,휠내비길(wheelnavi.kr) 음성안내 · 제주올레 오디오가이드(jejuolle.org) 코스별 음성해설,「탐나는수어」 앱 · 제주수어통역센터 여행수어 자료(jejudeaf.com),"서귀포신문 2022-12-21 기획기사(서귀포시장애인자립생활지원센터, 2022-10 실제 승선 시도 기록) — 운진항 가파도행에서 전동휠체어 이용자는 수동휠체어 환승 요구와 배·수면 높이차로 탑승을 포기. 마라도행은 램프 턱과 선실 계단으로 직원 2인이 들어 올려 승선했고 선내 휠체어 전용공간이 없었음(교통약자의 이동편의증진법 시행규칙 별표1: 여객정원 100명당 휠체어전용공간 1개 이상). 마라도 선착장은 부잔교 미설치로 하선에 3인의 도움이 필요했음. 기사 기준 제주 부속섬(가파도·마라도·추자도·우도) 중 전동휠체어 승하선·선내안전을 담보하는 여객선은 없음",IN_VENUE,이용 동선에서 이용 가능,차량+도보,,,,,,,,,,,,2023-12,FERRY_BOARDING,여객선 승하선 제약 · 풍랑 시 결항 가능,,,,,Y,UNKNOWN,,,,,제주관광약자접근성안내센터(이지제주) · 한국관광공사 열린관광 · ㈜휴플 현장조사,2026-06,2024~2026,https://easyjeju.net · https://www.seogwipo.co.kr/news/articleView.html?idxno=215569 · https://www.data.go.kr/data/15101897/openapi.do,제주관광공사 「오감으로 즐기는 제주」(2023.12.22) · 한국관광공사 열린관광지 · 이지제주,"현재 무장애 정보는 이동(지체) 접근성 기준입니다. 시각·청각·발달 장애 정보는 확보 중이며, 열린관광 모두의여행(access.visitkorea.or.kr) 또는 이지제주(easyjeju.net)에서 확인하실 수 있습니다.",VERIFIED,검증완료(2026-07) ※ 2022-10 시점 기록 — 이후 항만·선박 개선 여부 미확인. 재확인 필요. ※ 기존 '접이식 수동휠체어 선적 가능' 안내는 '선적'과 '자력 승선'을 혼동한 것으로 FIX44에서 정정 [FIX65] 한국관광공사 무장애 API(detailWithTour2) — braileblock=점자블록 있음(주출입구)_시각장애인 편의시설,"FIX17: 섬·항만 실지 접근 재검증 하향 | FIX44: 여객선 승하선 실태 반영, 자력 승선 오해 문구 정정 | FIX65: visualAccess UNKNOWN→PARTIAL (KTO API)",v3,ROUTE_SURVEY,경로 상태 조사: 단차 없음+판석+무장애 코스 포함+휠체어 접근 가능,,,,Y,UNKNOWN,UNKNOWN,
ACC_P915,P915,PARTIAL,PARTIAL,UNKNOWN,UNKNOWN,PARTIAL,PARTIAL,PARTIAL,FULL,N,CONDITIONAL,CONDITIONAL,시설접근 기준 판정 — 활동참여 개별 근거 미확보,경사로 있음,단차 없음+무장애 코스 포함+휠체어 접근 가능+이동 보조 필요,장애인 화장실 있음+장애인 주차장 있음,섬 안에서는 제주올레 10-1코스 전 구간을 휠체어로 이동할 수 있음. 여객선에 오르내릴 때 높이 차가 있고 선내에 계단이 있음. 일부 구간은 동행 도움이 필요함,"가파도에는 비교적 평탄한 이동 구간과 휠체어 대여 정보가 있지만, 선박 승하선 조건은 별도로 확인해야 합니다. 출발 전 운항사에 휠체어 승선 지원 가능 여부를 문의해 주세요.",[도서] 섬 내 이동은 올레10-1 전 구간 휠체어 가능. 여객선 승선 시 높이차·선내 계단 || 구간별 접근 제한 — 조사문에 동행 도움 필요 명시,,,휠내비길(wheelnavi.kr) 음성안내 · 제주올레 오디오가이드(jejuolle.org) 코스별 음성해설,「탐나는수어」 앱 · 제주수어통역센터 여행수어 자료(jejudeaf.com),"서귀포신문 2022-12-21 기획기사(서귀포시장애인자립생활지원센터, 2022-10 실제 승선 시도 기록) — 운진항 가파도행에서 전동휠체어 이용자는 수동휠체어 환승 요구와 배·수면 높이차로 탑승을 포기. 마라도행은 램프 턱과 선실 계단으로 직원 2인이 들어 올려 승선했고 선내 휠체어 전용공간이 없었음(교통약자의 이동편의증진법 시행규칙 별표1: 여객정원 100명당 휠체어전용공간 1개 이상). 마라도 선착장은 부잔교 미설치로 하선에 3인의 도움이 필요했음. 기사 기준 제주 부속섬(가파도·마라도·추자도·우도) 중 전동휠체어 승하선·선내안전을 담보하는 여객선은 없음 / 두리함께 가파도 무장애 여행정보(2021) — 승선장은 조수간만 차이로 승선 높이가 수시로 바뀌어 계단 이용 불가피, 선박 내에도 계단·단차 존재. 음력 7~13일이 접근성 최적. 전동휠체어는 무게로 탑승 곤란하여 수동휠체어 교체 필요. 상동포구 선착장 경사로 3개소, 접안 위치에 따라 계단 이용 최소화 가능. 장애인화장실 2개소 — 운진항 대합실(출입문 88cm/출입문~대변기 120cm/대변기~벽 30cm), 가파도 터미널(82cm/110cm/92cm). 무장애 추천 코스 5.2km 13개 지점. 운항 10~15분, 결항 시 사전 전화 확인 필요. 중증 장애인 50%·경증 20%·국가유공자 20% 할인",IN_VENUE,이용 동선에서 이용 가능,차량+도보,,,,,,,,,,,,2023-12,FERRY_BOARDING,"섬 내 이동은 올레10-1 전구간 휠체어 가능하나, 여객선 승선 시 높이차·선내 계단 등 불편요소 존재",전 구간 순환 (터미널 출발·도착),5.2km,LOW,,Y,UNKNOWN,,,,,제주관광약자접근성안내센터(이지제주) · 한국관광공사 열린관광 · ㈜휴플 현장조사,2026-06,2024~2026,https://easyjeju.net · https://www.seogwipo.co.kr/news/articleView.html?idxno=215569 · https://blog.naver.com/duritrip/222519556245 (두리함께 2021) · https://www.data.go.kr/data/15101897/openapi.do,제주관광공사 「오감으로 즐기는 제주」(2023.12.22) · 한국관광공사 열린관광지 · 이지제주,"현재 무장애 정보는 이동(지체) 접근성 기준입니다. 시각·청각·발달 장애 정보는 확보 중이며, 열린관광 모두의여행(access.visitkorea.or.kr) 또는 이지제주(easyjeju.net)에서 확인하실 수 있습니다.",VERIFIED,"검증완료(2026-07) ※ 2022-10 시점 기록 — 이후 항만·선박 개선 여부 미확인. 재확인 필요. ※ 기존 '접이식 수동휠체어 선적 가능' 안내는 '선적'과 '자력 승선'을 혼동한 것으로 FIX44에서 정정 ※ FIX45: 두리함께 2021 현장조사 반영 — 2022 서귀포신문 1차 기록과 상호 확증. 전동휠체어 탑승 곤란 사유가 '무게'(2021)와 '배·수면 높이차'(2022) 두 가지로 확인됨. 판정은 CONDITIONAL 유지 — 경사로 3개소와 접안 위치 조정으로 완전 불가는 아님 ※ FIX47: 무장애 추천 코스 5.2km(13개 지점, 터미널 순환) 등재. 올레 10-1(4.2km 편도, 내륙 마을길)과 별개 경로임. 13개 지점의 번호가 지도 범례와 본문에서 서로 달라 지점 목록은 확정하지 않음 — 원본 재확인 필요 [FIX65] 한국관광공사 무장애 API(detailWithTour2) — helpdog=보조견 동반 가능함 [FIX74] contentId 범위 정정(2026-08-21 TourAPI 웹 검증) — contentid 1841279 는 '[제주올레 10-1코스] 가파도 올레'. 코스는 섬에 포함되므로 보조견 동반 근거는 유지하되 출처를 코스 단위로 명시","FIX20: FULL 재점검 — 구간편차 기준 일괄 적용 | FIX44: 여객선 승하선 실태 반영, 자력 승선 오해 문구 정정 | FIX45: 두리함께 2021 현장조사 반영 (조수 시점·경사로·할인·결항) | FIX47: 무장애 순환 코스 5.2km 등재 | FIX65: visualAccess UNKNOWN→PARTIAL (KTO API) | FIX74: FIX65 근거 출처를 '가파도 올레 코스'로 명시 (값 유지)",v3,ROUTE_SURVEY,경로 상태 조사: 단차 없음+무장애 코스 포함+휠체어 접근 가능+이동 보조 필요,,,,Y,UNKNOWN,UNKNOWN,
ACC_P916,P916,NONE,UNKNOWN,UNKNOWN,UNKNOWN,NONE,PARTIAL,PARTIAL,NONE,N,CONDITIONAL,CONDITIONAL,"섬 — 선박 상륙 필요, 상륙 후 이동 불가 / 육지 쪽 조망은 가능",UNKNOWN,단차 있음+접근 불가+휠체어 접근 제한,,,차귀도는 배를 타고 들어가는 무인도입니다. 상륙 지점에 단차가 있고 섬 안 길은 정비되지 않아 휠체어로 이동하시기는 어렵습니다. 자구내포구 쪽 주차장과 화장실에서 섬을 바라보실 수 있습니다.,,,,휠내비길(wheelnavi.kr) 음성안내 · 제주올레 오디오가이드(jejuolle.org) 코스별 음성해설,「탐나는수어」 앱 · 제주수어통역센터 여행수어 자료(jejudeaf.com),,,,차량+도보,,,,,,,,,,,,2023-12,,,,,,,UNKNOWN,UNKNOWN,,,,,제주관광약자접근성안내센터(이지제주) · 한국관광공사 열린관광 · ㈜휴플 현장조사,2026-06,2024~2026,https://easyjeju.net,제주관광공사 「오감으로 즐기는 제주」(2023.12.22) · 한국관광공사 열린관광지 · 이지제주,"현재 무장애 정보는 이동(지체) 접근성 기준입니다. 시각·청각·발달 장애 정보는 확보 중이며, 열린관광 모두의여행(access.visitkorea.or.kr) 또는 이지제주(easyjeju.net)에서 확인하실 수 있습니다.",SURVEYED,[FIX85] 섬 — 선박 없이는 도달 불가. 육지 조망 지점과 상륙 조건을 구분해 판정,FIX85: 이용자 안내문 신설 — 내부 표기 사유 제거,v3,ROUTE_SURVEY,경로 상태 조사: 단차 있음+접근 불가+휠체어 접근 제한,,,,Y,UNKNOWN,UNKNOWN,
ACC_P917,P917,NONE,UNKNOWN,UNKNOWN,UNKNOWN,NONE,PARTIAL,PARTIAL,NONE,Y,CONDITIONAL,CONDITIONAL,시설접근 기준 판정 — 활동참여 개별 근거 미확보,UNKNOWN,계단 있음+단차 있음+휠체어 접근 제한+이동 보조 필요,,,"추자도는 제주항에서 배로 한 시간 걸리는 섬입니다. 섬 안 길은 계단과 단차가 많아 휠체어로 다니시기는 어렵고, 장애인 화장실도 없습니다. 여객선은 배에 오르내릴 때 높이 차가 있고 선내에 계단이 있으며, 풍랑특보가 내리면 결항하니 방문 전에 운항을 확인해 주세요.",,,,휠내비길(wheelnavi.kr) 음성안내 · 제주올레 오디오가이드(jejuolle.org) 코스별 음성해설,「탐나는수어」 앱 · 제주수어통역센터 여행수어 자료(jejudeaf.com),,,,차량+대중교통+도보,,,,,,,,,,,,2023-12,FERRY_BOARDING,여객선 승하선 제약 · 풍랑 시 결항 가능,,,,,UNKNOWN,UNKNOWN,,,,,제주관광약자접근성안내센터(이지제주) · 한국관광공사 열린관광 · ㈜휴플 현장조사,2026-06,2024~2026,https://easyjeju.net,제주관광공사 「오감으로 즐기는 제주」(2023.12.22) · 한국관광공사 열린관광지 · 이지제주,"현재 무장애 정보는 이동(지체) 접근성 기준입니다. 시각·청각·발달 장애 정보는 확보 중이며, 열린관광 모두의여행(access.visitkorea.or.kr) 또는 이지제주(easyjeju.net)에서 확인하실 수 있습니다.",SURVEYED,[FIX83] 도서 지역 — 제주항에서 여객선 60분. 승선 높이차·선내 계단,FIX83: 이용자 사유 필드에서 내부 표기 제거,v3,ROUTE_SURVEY,경로 상태 조사: 계단 있음+단차 있음+휠체어 접근 제한+이동 보조 필요,,,,Y,UNKNOWN,UNKNOWN,
ACC_P918,P918,NONE,UNKNOWN,UNKNOWN,UNKNOWN,NONE,PARTIAL,PARTIAL,NONE,N,CONDITIONAL,CONDITIONAL,포구 쪽 시설·조망은 이용 가능 / 기정 접근로는 비포장으로 접근 불가,UNKNOWN,비포장+접근 불가+휠체어 접근 제한,,,"주차장과 화장실, 식음료시설이 있습니다. 다만 박수기정으로 가는 길이 비포장이고 휠체어로 통행할 수 없는 구간이 있어 절벽 앞까지 가시기는 어렵습니다. 대평포구 쪽에서 기정 절벽을 바라보실 수 있습니다.",,,,휠내비길(wheelnavi.kr) 음성안내 · 제주올레 오디오가이드(jejuolle.org) 코스별 음성해설,「탐나는수어」 앱 · 제주수어통역센터 여행수어 자료(jejudeaf.com),,,,차량+도보,,,,,,,,,,,,2023-12,,,,,,,UNKNOWN,UNKNOWN,,,,,제주관광약자접근성안내센터(이지제주) · 한국관광공사 열린관광 · ㈜휴플 현장조사,2026-06,2024~2026,https://easyjeju.net,제주관광공사 「오감으로 즐기는 제주」(2023.12.22) · 한국관광공사 열린관광지 · 이지제주,"현재 무장애 정보는 이동(지체) 접근성 기준입니다. 시각·청각·발달 장애 정보는 확보 중이며, 열린관광 모두의여행(access.visitkorea.or.kr) 또는 이지제주(easyjeju.net)에서 확인하실 수 있습니다.",SURVEYED,"[FIX85] 잔여 확인 — 대평포구 조망 지점의 접근성, 장애인 전용 시설 유무",FIX85: 이용자 안내문 신설 — 내부 표기 사유 제거,v3,ROUTE_SURVEY,경로 상태 조사: 비포장+접근 불가+휠체어 접근 제한,,,,Y,UNKNOWN,UNKNOWN,
ACC_P919,P919,NONE,UNKNOWN,UNKNOWN,UNKNOWN,NONE,PARTIAL,PARTIAL,UNKNOWN,N,CONDITIONAL,CONDITIONAL,섬 — 선박 없이 도달 불가 / 사계 해안 조망 지점은 이용 가능,UNKNOWN,접근 불가+휠체어 접근 제한,UNKNOWN,,"형제섬은 배를 타야 닿을 수 있는 무인도라 직접 들어가시기는 어렵습니다. 다만 사계 해안 쪽 공용주차장과 화장실, 편의점이 있는 자리에서 형제섬을 바라보실 수 있습니다.",,,,휠내비길(wheelnavi.kr) 음성안내 · 제주올레 오디오가이드(jejuolle.org) 코스별 음성해설,「탐나는수어」 앱 · 제주수어통역센터 여행수어 자료(jejudeaf.com),,,,차량+도보,,,,,,,,,,,,2023-12,,,,,,,UNKNOWN,UNKNOWN,,,,,제주관광약자접근성안내센터(이지제주) · 한국관광공사 열린관광 · ㈜휴플 현장조사,2026-06,2024~2026,https://easyjeju.net,제주관광공사 「오감으로 즐기는 제주」(2023.12.22) · 한국관광공사 열린관광지 · 이지제주,"현재 무장애 정보는 이동(지체) 접근성 기준입니다. 시각·청각·발달 장애 정보는 확보 중이며, 열린관광 모두의여행(access.visitkorea.or.kr) 또는 이지제주(easyjeju.net)에서 확인하실 수 있습니다.",SURVEYED,[FIX85] 섬 — 선박 없이는 도달 불가. 육지 조망 지점과 상륙 조건을 구분해 판정,FIX85: 이용자 안내문 신설 — 내부 표기 사유 제거,v3,FACILITY_SURVEY,편의시설 조사: UNKNOWN,,,,Y,UNKNOWN,UNKNOWN,
ACC_P920,P920,FULL,UNKNOWN,UNKNOWN,UNKNOWN,FULL,FULL,FULL,UNKNOWN,Y,AVAILABLE,AVAILABLE,시설접근 기준 판정 — 활동참여 개별 근거 미확보,주출입구 단차 없음,단차 없음+휠체어 접근 가능+무장애 코스 포함,장애인 주차장 있음,,장애인 화장실 유무를 확인하지 못했습니다. 오래 머무르실 계획이라면 방문 전에 시설에 문의해 주세요.,,,,휠내비길(wheelnavi.kr) 음성안내 · 제주올레 오디오가이드(jejuolle.org) 코스별 음성해설,「탐나는수어」 앱 · 제주수어통역센터 여행수어 자료(jejudeaf.com),,,,차량+대중교통+도보,,,,,,,,,,,,2023-12,,,,,,,UNKNOWN,UNKNOWN,,,,,제주관광약자접근성안내센터(이지제주) · 한국관광공사 열린관광 · ㈜휴플 현장조사,2026-06,2024~2026,https://easyjeju.net,제주관광공사 「오감으로 즐기는 제주」(2023.12.22) · 한국관광공사 열린관광지 · 이지제주,"현재 무장애 정보는 이동(지체) 접근성 기준입니다. 시각·청각·발달 장애 정보는 확보 중이며, 열린관광 모두의여행(access.visitkorea.or.kr) 또는 이지제주(easyjeju.net)에서 확인하실 수 있습니다.",SURVEYED,,,v3,ROUTE_SURVEY,경로 상태 조사: 단차 없음+휠체어 접근 가능+무장애 코스 포함,,,,Y,UNKNOWN,UNKNOWN,
ACC_P921,P921,NONE,UNKNOWN,UNKNOWN,UNKNOWN,NONE,FULL,FULL,FULL,N,CONDITIONAL,CONDITIONAL,해안 조망은 가능 / 간조 시 연결로는 노면 불량으로 접근 불가 — 물때 확인 필수,주출입구 단차 없음,단차 없음+노면 불량+휠체어 접근 제한,장애인 화장실 있음+엘리베이터 있음+장애인 주차장 있음+휠체어 대여 가능,,"공용주차장이 있습니다. 서건도는 물이 빠질 때만 육지와 이어지는 섬이고, 건너가는 길의 노면이 고르지 않아 휠체어로 건너시기는 어렵습니다. 물때에 따라 길이 잠기니 가까이 가실 계획이라면 반드시 물때를 확인해 주세요. 해안 쪽에서 섬을 바라보실 수 있습니다.",,,,휠내비길(wheelnavi.kr) 음성안내 · 제주올레 오디오가이드(jejuolle.org) 코스별 음성해설,「탐나는수어」 앱 · 제주수어통역센터 여행수어 자료(jejudeaf.com),,IN_VENUE,이용 동선에서 이용 가능,차량+도보,,,,,,,,,,,,2023-12,,,,,,,UNKNOWN,UNKNOWN,,,,,제주관광약자접근성안내센터(이지제주) · 한국관광공사 열린관광 · ㈜휴플 현장조사,2026-06,2024~2026,https://easyjeju.net,제주관광공사 「오감으로 즐기는 제주」(2023.12.22) · 한국관광공사 열린관광지 · 이지제주,"현재 무장애 정보는 이동(지체) 접근성 기준입니다. 시각·청각·발달 장애 정보는 확보 중이며, 열린관광 모두의여행(access.visitkorea.or.kr) 또는 이지제주(easyjeju.net)에서 확인하실 수 있습니다.",SURVEYED,"[FIX85] 간조 시에만 연결되는 섬 — 안전 판정과 연계 필요. 잔여 확인 — 화장실 유무, 연결로 노면 실측 [FIX98] 등급 재검토 대상 — 무인도(강정동 산1)이고 시설 목록은 공용주차장뿐인데 disabledToilet=FULL 이며 barrierFreeDetail 에 엘리베이터·휠체어 대여가 적혀 있음. 인근 육지 시설 데이터 복사로 보임. 일반 화장실은 조사로 N 확인.",FIX85: 이용자 안내문 신설 — 내부 표기 사유 제거,v3,ROUTE_SURVEY,경로 상태 조사: 단차 없음+노면 불량+휠체어 접근 제한,,,,Y,UNKNOWN,UNKNOWN,
ACC_P922,P922,NONE,UNKNOWN,UNKNOWN,UNKNOWN,NONE,PARTIAL,PARTIAL,UNKNOWN,N,CONDITIONAL,CONDITIONAL,섬 — 선박 없이 도달 불가 / 보목 해안 조망 지점은 이용 가능,UNKNOWN,접근 불가+휠체어 접근 제한,UNKNOWN,,"섶섬은 배를 타야 닿을 수 있는 무인도라 직접 들어가시기는 어렵습니다. 다만 보목 해안 쪽 주차장과 화장실, 식음료시설이 있는 자리에서 섬을 바라보실 수 있습니다.",,,,휠내비길(wheelnavi.kr) 음성안내 · 제주올레 오디오가이드(jejuolle.org) 코스별 음성해설,「탐나는수어」 앱 · 제주수어통역센터 여행수어 자료(jejudeaf.com),,,,차량+도보,,,,,,,,,,,,2023-12,,,,,,,UNKNOWN,UNKNOWN,,,,,제주관광약자접근성안내센터(이지제주) · 한국관광공사 열린관광 · ㈜휴플 현장조사,2026-06,2024~2026,https://easyjeju.net,제주관광공사 「오감으로 즐기는 제주」(2023.12.22) · 한국관광공사 열린관광지 · 이지제주,"현재 무장애 정보는 이동(지체) 접근성 기준입니다. 시각·청각·발달 장애 정보는 확보 중이며, 열린관광 모두의여행(access.visitkorea.or.kr) 또는 이지제주(easyjeju.net)에서 확인하실 수 있습니다.",SURVEYED,[FIX85] 섬 — 선박 없이는 도달 불가. 육지 조망 지점과 상륙 조건을 구분해 판정,FIX85: 이용자 안내문 신설 — 내부 표기 사유 제거,v3,FACILITY_SURVEY,편의시설 조사: UNKNOWN,,,,Y,UNKNOWN,UNKNOWN,
ACC_P923,P923,PARTIAL,UNKNOWN,UNKNOWN,UNKNOWN,PARTIAL,FULL,FULL,FULL,Y,CONDITIONAL,CONDITIONAL,시설접근 기준 판정 — 활동참여 개별 근거 미확보,단차 없음,단차 없음+휠체어 접근 가능+노면 불량,장애인 화장실 있음,"노면·단차 제약 — 조사문에 ""노면 불량"" 명시",,,,,휠내비길(wheelnavi.kr) 음성안내 · 제주올레 오디오가이드(jejuolle.org) 코스별 음성해설,「탐나는수어」 앱 · 제주수어통역센터 여행수어 자료(jejudeaf.com),,IN_VENUE,이용 동선에서 이용 가능,차량+대중교통+도보,,,,,,,,,,,,2023-12,,,,,,,UNKNOWN,UNKNOWN,,,,,제주관광약자접근성안내센터(이지제주) · 한국관광공사 열린관광 · ㈜휴플 현장조사,2026-06,2024~2026,https://easyjeju.net,제주관광공사 「오감으로 즐기는 제주」(2023.12.22) · 한국관광공사 열린관광지 · 이지제주,"현재 무장애 정보는 이동(지체) 접근성 기준입니다. 시각·청각·발달 장애 정보는 확보 중이며, 열린관광 모두의여행(access.visitkorea.or.kr) 또는 이지제주(easyjeju.net)에서 확인하실 수 있습니다.",SURVEYED,,FIX22: 논리검사 패턴 보완(요철·단차·노면불량),v3,ROUTE_SURVEY,경로 상태 조사: 단차 없음+휠체어 접근 가능+노면 불량,,,,Y,UNKNOWN,UNKNOWN,
ACC_P924,P924,NONE,UNKNOWN,UNKNOWN,UNKNOWN,NONE,PARTIAL,PARTIAL,FULL,N,CONDITIONAL,CONDITIONAL,시설접근 기준 판정 — 활동참여 개별 근거 미확보,경사로 있음,단차 있음+계단 있음+노면 불량+휠체어 접근 제한,장애인 화장실 있음,,"마라도는 운진항이나 산이수동항에서 배로 30분 걸리는 섬입니다. 섬 안에 장애인 화장실이 있고 등대 방향에 경사로도 있지만, 등대까지 이어지는 길에 단차와 계단이 있고 노면이 고르지 않아 휠체어로 등대까지 가시기는 어렵습니다. 여객선은 배에 오르내릴 때 높이 차가 있고 선내에 계단이 있으며, 풍랑특보가 내리면 결항하니 방문 전에 운항을 확인해 주세요.",,,,휠내비길(wheelnavi.kr) 음성안내 · 제주올레 오디오가이드(jejuolle.org) 코스별 음성해설,「탐나는수어」 앱 · 제주수어통역센터 여행수어 자료(jejudeaf.com),,IN_VENUE,이용 동선에서 이용 가능,차량+도보,,,,,,,,,,,,2023-12,FERRY_BOARDING,여객선 승하선 제약 · 풍랑 시 결항 가능,,,,,UNKNOWN,UNKNOWN,,,,,제주관광약자접근성안내센터(이지제주) · 한국관광공사 열린관광 · ㈜휴플 현장조사,2026-06,2024~2026,https://easyjeju.net,제주관광공사 「오감으로 즐기는 제주」(2023.12.22) · 한국관광공사 열린관광지 · 이지제주,"현재 무장애 정보는 이동(지체) 접근성 기준입니다. 시각·청각·발달 장애 정보는 확보 중이며, 열린관광 모두의여행(access.visitkorea.or.kr) 또는 이지제주(easyjeju.net)에서 확인하실 수 있습니다.",VERIFIED,검증완료(2026-07) ※ [FIX83] 도서 지역 — 자리덕 선착장 계단·노면 요철. 여객선 승선 높이 가변·선내 계단,FIX83: 이용자 사유 필드에서 내부 표기 제거,v3,ROUTE_SURVEY,경로 상태 조사: 단차 있음+계단 있음+노면 불량+휠체어 접근 제한,,,,Y,UNKNOWN,UNKNOWN,
ACC_P925,P925,NONE,UNKNOWN,UNKNOWN,UNKNOWN,NONE,PARTIAL,PARTIAL,UNKNOWN,Y,CONDITIONAL,CONDITIONAL,섬 — 선박 없이 도달 불가 / 북촌 해안 조망 지점은 이용 가능,UNKNOWN,접근 불가+휠체어 접근 제한,UNKNOWN,,다려도는 배를 타야 닿을 수 있는 무인도라 직접 들어가시기는 어렵습니다. 다만 북촌 해안 쪽 주차장과 화장실이 있는 자리에서 섬을 바라보실 수 있습니다.,,,,휠내비길(wheelnavi.kr) 음성안내 · 제주올레 오디오가이드(jejuolle.org) 코스별 음성해설,「탐나는수어」 앱 · 제주수어통역센터 여행수어 자료(jejudeaf.com),,,,차량+대중교통+도보,,,,,,,,,,,,2023-12,,,,,,,UNKNOWN,UNKNOWN,,,,,제주관광약자접근성안내센터(이지제주) · 한국관광공사 열린관광 · ㈜휴플 현장조사,2026-06,2024~2026,https://easyjeju.net,제주관광공사 「오감으로 즐기는 제주」(2023.12.22) · 한국관광공사 열린관광지 · 이지제주,"현재 무장애 정보는 이동(지체) 접근성 기준입니다. 시각·청각·발달 장애 정보는 확보 중이며, 열린관광 모두의여행(access.visitkorea.or.kr) 또는 이지제주(easyjeju.net)에서 확인하실 수 있습니다.",SURVEYED,[FIX85] 섬 — 선박 없이는 도달 불가. 육지 조망 지점과 상륙 조건을 구분해 판정,FIX85: 이용자 안내문 신설 — 내부 표기 사유 제거,v3,FACILITY_SURVEY,편의시설 조사: UNKNOWN,,,,Y,UNKNOWN,UNKNOWN,
ACC_P926,P926,NONE,UNKNOWN,UNKNOWN,UNKNOWN,NONE,UNKNOWN,PARTIAL,FULL,N,CONDITIONAL,CONDITIONAL,도서 — 여객선 승하선 조건 별도 / 섬 내 등대 접근로는 단차로 이동 불가,UNKNOWN,단차 있음+이동 보조 필요+휠체어 접근 제한,장애인 화장실 있음,,비양등대는 비양도 안에 있어 한림항에서 배를 타셔야 합니다. 등대로 가는 길에 단차가 있고 이동에 도움이 필요한 구간이 있어 휠체어로 등대까지 가시기는 어렵습니다. 여객선은 풍랑특보가 내리면 결항하니 방문 전에 운항을 확인해 주세요.,,,,휠내비길(wheelnavi.kr) 음성안내 · 제주올레 오디오가이드(jejuolle.org) 코스별 음성해설,「탐나는수어」 앱 · 제주수어통역센터 여행수어 자료(jejudeaf.com),,IN_VENUE,이용 동선에서 이용 가능,차량+도보,,,,,,,,,,,,2023-12,,,,,,,UNKNOWN,UNKNOWN,,,,,제주관광약자접근성안내센터(이지제주) · 한국관광공사 열린관광 · ㈜휴플 현장조사,2026-06,2024~2026,https://easyjeju.net,제주관광공사 「오감으로 즐기는 제주」(2023.12.22) · 한국관광공사 열린관광지 · 이지제주,"현재 무장애 정보는 이동(지체) 접근성 기준입니다. 시각·청각·발달 장애 정보는 확보 중이며, 열린관광 모두의여행(access.visitkorea.or.kr) 또는 이지제주(easyjeju.net)에서 확인하실 수 있습니다.",SURVEYED,[FIX85] 섬 — 선박 없이는 도달 불가. 육지 조망 지점과 상륙 조건을 구분해 판정 ※ 잔여 확인 — 한림항 여객선 승하선 조건,FIX85: 이용자 안내문 신설 — 내부 표기 사유 제거,v3,ROUTE_SURVEY,경로 상태 조사: 단차 있음+이동 보조 필요+휠체어 접근 제한,,,,Y,UNKNOWN,UNKNOWN,
ACC_P927,P927,NONE,UNKNOWN,UNKNOWN,UNKNOWN,NONE,UNKNOWN,PARTIAL,UNKNOWN,Y,CONDITIONAL,CONDITIONAL,주차장·주변 시설과 해안도로 조망은 이용 가능 / 전망대 접근로는 단차로 접근 불가,UNKNOWN,단차 있음+노면 불량+휠체어 접근 제한,UNKNOWN,,"공용주차장과 화장실, 편의점, 음료대가 있습니다. 다만 전망대로 오르는 길에 단차가 있고 노면이 고르지 않아 전망대까지 가시기는 어렵습니다. 주차장 쪽 해안도로에서도 형제섬 방향 바다를 보실 수 있습니다.",,,,휠내비길(wheelnavi.kr) 음성안내 · 제주올레 오디오가이드(jejuolle.org) 코스별 음성해설,「탐나는수어」 앱 · 제주수어통역센터 여행수어 자료(jejudeaf.com),,,,차량+대중교통+도보,,,,,,,,,,,,2023-12,,,,,,,UNKNOWN,UNKNOWN,,,,,제주관광약자접근성안내센터(이지제주) · 한국관광공사 열린관광 · ㈜휴플 현장조사,2026-06,2024~2026,https://easyjeju.net,제주관광공사 「오감으로 즐기는 제주」(2023.12.22) · 한국관광공사 열린관광지 · 이지제주,"현재 무장애 정보는 이동(지체) 접근성 기준입니다. 시각·청각·발달 장애 정보는 확보 중이며, 열린관광 모두의여행(access.visitkorea.or.kr) 또는 이지제주(easyjeju.net)에서 확인하실 수 있습니다.",SURVEYED,[FIX85] 등급 재검토 대상 — 조사 기록과 등급이 어긋남 — 전망대 자체가 조망 시설인데 접근 불가. 대체 조망 지점 확인 필요. 잔여 확인 — 장애인 주차구역·장애인 화장실 유무,FIX85: 이용자 안내문 신설 — 내부 표기 사유 제거,v3,ROUTE_SURVEY,경로 상태 조사: 단차 있음+노면 불량+휠체어 접근 제한,,,,Y,UNKNOWN,UNKNOWN,
ACC_P928,P928,PARTIAL,UNKNOWN,UNKNOWN,UNKNOWN,PARTIAL,UNKNOWN,UNKNOWN,UNKNOWN,N,UNKNOWN,UNKNOWN,,주 출입구 접근로 높은 내리막 경사 있습니다+외부 관람로 바닥 요철 마감 및 경사 구간 다수 있습니다+주차장~주 출입구 내리막 높은 경사 있습니다,비포장+흙길+확인 필요,UNKNOWN,출입구 내리막과 관람로 요철로 동행 필요,"주차장에서 출입구까지 내리막 경사가 가파르고, 외부 관람로에 요철과 경사 구간이 여러 곳 있습니다. 이동 시 동행자의 도움을 권합니다.",,,,휠내비길(wheelnavi.kr) 음성안내 · 제주올레 오디오가이드(jejuolle.org) 코스별 음성해설,「탐나는수어」 앱 · 제주수어통역센터 여행수어 자료(jejudeaf.com),,,,차량,,,,,,,,,,,,2023-12,,,,,,,UNKNOWN,UNKNOWN,,,,,제주관광약자접근성안내센터(이지제주) · 한국관광공사 열린관광 · ㈜휴플 현장조사,2026-06,2024~2026,https://easyjeju.net,제주관광공사 「오감으로 즐기는 제주」(2023.12.22) · 한국관광공사 열린관광지 · 이지제주,"현재 무장애 정보는 이동(지체) 접근성 기준입니다. 시각·청각·발달 장애 정보는 확보 중이며, 열린관광 모두의여행(access.visitkorea.or.kr) 또는 이지제주(easyjeju.net)에서 확인하실 수 있습니다.",SURVEYED,,,v3,ROUTE_SURVEY,경로 상태 조사: 비포장+흙길+확인 필요,,,,Y,UNKNOWN,UNKNOWN,
ACC_P929,P929,FULL,UNKNOWN,UNKNOWN,UNKNOWN,FULL,FULL,FULL,FULL,N,AVAILABLE,UNKNOWN,"시설 접근은 가능하나, 활동 참여(입욕·탑승·체험)에 대한 개별 근거가 없습니다. 보조 인력·이동 전이 필요 여부는 시설에 직접 확인이 필요합니다.",주출입구 단차 없음,단차 없음+휠체어 접근 가능,장애인 주차장 있음+장애인 화장실 있음+엘리베이터 있음+휠체어 대여 가능,,,,,,휠내비길(wheelnavi.kr) 음성안내 · 제주올레 오디오가이드(jejuolle.org) 코스별 음성해설,「탐나는수어」 앱 · 제주수어통역센터 여행수어 자료(jejudeaf.com),,IN_VENUE,이용 동선에서 이용 가능,차량,,,,,,,,,,,,2023-12,,,,,,,UNKNOWN,UNKNOWN,,,,,제주관광약자접근성안내센터(이지제주) · 한국관광공사 열린관광 · ㈜휴플 현장조사,2026-06,2024~2026,https://easyjeju.net,제주관광공사 「오감으로 즐기는 제주」(2023.12.22) · 한국관광공사 열린관광지 · 이지제주,"현재 무장애 정보는 이동(지체) 접근성 기준입니다. 시각·청각·발달 장애 정보는 확보 중이며, 열린관광 모두의여행(access.visitkorea.or.kr) 또는 이지제주(easyjeju.net)에서 확인하실 수 있습니다.",SURVEYED,,,v3,ROUTE_SURVEY,경로 상태 조사: 단차 없음+휠체어 접근 가능,,,,Y,UNKNOWN,UNKNOWN,
ACC_P930,P930,UNKNOWN,UNKNOWN,UNKNOWN,UNKNOWN,UNKNOWN,UNKNOWN,UNKNOWN,UNKNOWN,Y,UNKNOWN,UNKNOWN,,UNKNOWN,UNKNOWN,UNKNOWN,,,,,,휠내비길(wheelnavi.kr) 음성안내 · 제주올레 오디오가이드(jejuolle.org) 코스별 음성해설,「탐나는수어」 앱 · 제주수어통역센터 여행수어 자료(jejudeaf.com),,,,차량+대중교통,,,,,,,,,,,,2023-12,,,,,,,UNKNOWN,UNKNOWN,,,,,제주관광약자접근성안내센터(이지제주) · 한국관광공사 열린관광 · ㈜휴플 현장조사,2026-06,2024~2026,https://easyjeju.net,제주관광공사 「오감으로 즐기는 제주」(2023.12.22) · 한국관광공사 열린관광지 · 이지제주,"현재 무장애 정보는 이동(지체) 접근성 기준입니다. 시각·청각·발달 장애 정보는 확보 중이며, 열린관광 모두의여행(access.visitkorea.or.kr) 또는 이지제주(easyjeju.net)에서 확인하실 수 있습니다.",SURVEYED,,,v3,FACILITY_SURVEY,편의시설 조사: UNKNOWN,,,,Y,UNKNOWN,UNKNOWN,
ACC_P931,P931,UNKNOWN,UNKNOWN,UNKNOWN,UNKNOWN,UNKNOWN,UNKNOWN,UNKNOWN,UNKNOWN,N,UNKNOWN,UNKNOWN,,UNKNOWN,UNKNOWN,UNKNOWN,,,,,,휠내비길(wheelnavi.kr) 음성안내 · 제주올레 오디오가이드(jejuolle.org) 코스별 음성해설,「탐나는수어」 앱 · 제주수어통역센터 여행수어 자료(jejudeaf.com),,,,차량,,,,,,,,,,,,2023-12,,,,,,,UNKNOWN,UNKNOWN,,,,,제주관광약자접근성안내센터(이지제주) · 한국관광공사 열린관광 · ㈜휴플 현장조사,2026-06,2024~2026,https://easyjeju.net,제주관광공사 「오감으로 즐기는 제주」(2023.12.22) · 한국관광공사 열린관광지 · 이지제주,"현재 무장애 정보는 이동(지체) 접근성 기준입니다. 시각·청각·발달 장애 정보는 확보 중이며, 열린관광 모두의여행(access.visitkorea.or.kr) 또는 이지제주(easyjeju.net)에서 확인하실 수 있습니다.",SURVEYED,,,v3,FACILITY_SURVEY,편의시설 조사: UNKNOWN,,,,Y,UNKNOWN,UNKNOWN,
ACC_P932,P932,NONE,UNKNOWN,UNKNOWN,UNKNOWN,NONE,PARTIAL,PARTIAL,UNKNOWN,Y,CONDITIONAL,CONDITIONAL,편의시설은 확보(엘리베이터·수유실·유모차 대여) / 관람 동선에 통행 불가 구간 기록,UNKNOWN,휠체어 접근 제한+접근 불가,UNKNOWN,,"주차장과 화장실, 엘리베이터, 수유실이 있고 유모차도 빌리실 수 있습니다. 다만 관람 동선에 휠체어로 이동하기 어려운 구간이 있어 전체 관람은 제한될 수 있습니다. 방문 전 이용 가능한 구간을 시설에 문의해 주세요.",,,,휠내비길(wheelnavi.kr) 음성안내 · 제주올레 오디오가이드(jejuolle.org) 코스별 음성해설,「탐나는수어」 앱 · 제주수어통역센터 여행수어 자료(jejudeaf.com),,,,차량+대중교통,,,,,,,,,,,,2023-12,,,,,,,UNKNOWN,UNKNOWN,,,,,제주관광약자접근성안내센터(이지제주) · 한국관광공사 열린관광 · ㈜휴플 현장조사,2026-06,2024~2026,https://easyjeju.net,제주관광공사 「오감으로 즐기는 제주」(2023.12.22) · 한국관광공사 열린관광지 · 이지제주,"현재 무장애 정보는 이동(지체) 접근성 기준입니다. 시각·청각·발달 장애 정보는 확보 중이며, 열린관광 모두의여행(access.visitkorea.or.kr) 또는 이지제주(easyjeju.net)에서 확인하실 수 있습니다.",SURVEYED,[FIX85] 등급 재검토 대상 — 조사 기록과 등급이 어긋남 — 엘리베이터·유모차 대여가 확인되는데 NONE. 관람 동선 재조사 필요,FIX85: 이용자 안내문 신설 — 내부 표기 사유 제거,v3,FACILITY_SURVEY,편의시설 조사: UNKNOWN,,,,Y,UNKNOWN,UNKNOWN,
ACC_P933,P933,UNKNOWN,UNKNOWN,UNKNOWN,UNKNOWN,UNKNOWN,UNKNOWN,UNKNOWN,UNKNOWN,Y,UNKNOWN,UNKNOWN,,주 출입구 접근로 경사로(약6도) 설치 되어 있습니다+주 출입구 접근로 요철마감 구간 내리막 경사 15도 구간있습니다,UNKNOWN,UNKNOWN,,,,,,휠내비길(wheelnavi.kr) 음성안내 · 제주올레 오디오가이드(jejuolle.org) 코스별 음성해설,「탐나는수어」 앱 · 제주수어통역센터 여행수어 자료(jejudeaf.com),,,,차량+대중교통,,,,,,,,,,,,2023-12,,,,,,,UNKNOWN,UNKNOWN,,,,,제주관광약자접근성안내센터(이지제주) · 한국관광공사 열린관광 · ㈜휴플 현장조사,2026-06,2024~2026,https://easyjeju.net,제주관광공사 「오감으로 즐기는 제주」(2023.12.22) · 한국관광공사 열린관광지 · 이지제주,"현재 무장애 정보는 이동(지체) 접근성 기준입니다. 시각·청각·발달 장애 정보는 확보 중이며, 열린관광 모두의여행(access.visitkorea.or.kr) 또는 이지제주(easyjeju.net)에서 확인하실 수 있습니다.",SURVEYED,,,v3,ROUTE_SURVEY,경로 상태 조사: UNKNOWN,,,,Y,UNKNOWN,UNKNOWN,
ACC_P934,P934,UNKNOWN,UNKNOWN,UNKNOWN,UNKNOWN,UNKNOWN,UNKNOWN,UNKNOWN,UNKNOWN,Y,UNKNOWN,UNKNOWN,,UNKNOWN,UNKNOWN,UNKNOWN,,,,,,휠내비길(wheelnavi.kr) 음성안내 · 제주올레 오디오가이드(jejuolle.org) 코스별 음성해설,「탐나는수어」 앱 · 제주수어통역센터 여행수어 자료(jejudeaf.com),,,,차량+대중교통,,,,,,,,,,,,2023-12,,,,,,,UNKNOWN,UNKNOWN,,,,,제주관광약자접근성안내센터(이지제주) · 한국관광공사 열린관광 · ㈜휴플 현장조사,2026-06,2024~2026,https://easyjeju.net,제주관광공사 「오감으로 즐기는 제주」(2023.12.22) · 한국관광공사 열린관광지 · 이지제주,"현재 무장애 정보는 이동(지체) 접근성 기준입니다. 시각·청각·발달 장애 정보는 확보 중이며, 열린관광 모두의여행(access.visitkorea.or.kr) 또는 이지제주(easyjeju.net)에서 확인하실 수 있습니다.",SURVEYED,,,v3,FACILITY_SURVEY,편의시설 조사: UNKNOWN,,,,Y,UNKNOWN,UNKNOWN,
ACC_P935,P935,PARTIAL,UNKNOWN,UNKNOWN,UNKNOWN,PARTIAL,UNKNOWN,PARTIAL,FULL,N,UNKNOWN,UNKNOWN,,"장애인 전용 주차장 없으며, 주차장 경사(약 8도) 있습니다+주 출입구 접근로 경사(약 10도)및 장애물(방지턱) 2개 있습니다+카페 접근로 경사로(4~9도)있습니다",단차 있음+노면 불량+비포장+이동 보조 필요,장애인 화장실 있음,주출입구와 체험장에 가파른 경사와 거친 노면,주출입구와 체험장에 가파른 경사와 거친 노면이 있습니다. 방지턱 2개가 있고 장애인 화장실 출입문 폭은 약 84cm입니다. 이동 시 동행자의 도움을 권합니다.,,,,휠내비길(wheelnavi.kr) 음성안내 · 제주올레 오디오가이드(jejuolle.org) 코스별 음성해설,「탐나는수어」 앱 · 제주수어통역센터 여행수어 자료(jejudeaf.com),,IN_VENUE,이용 동선에서 이용 가능,차량+도보,,,,,,,,,,,,2023-12,,,,,,,UNKNOWN,UNKNOWN,,,,,제주관광약자접근성안내센터(이지제주) · 한국관광공사 열린관광 · ㈜휴플 현장조사,2026-06,2024~2026,https://easyjeju.net,제주관광공사 「오감으로 즐기는 제주」(2023.12.22) · 한국관광공사 열린관광지 · 이지제주,"현재 무장애 정보는 이동(지체) 접근성 기준입니다. 시각·청각·발달 장애 정보는 확보 중이며, 열린관광 모두의여행(access.visitkorea.or.kr) 또는 이지제주(easyjeju.net)에서 확인하실 수 있습니다.",SURVEYED,,,v3,ROUTE_SURVEY,경로 상태 조사: 단차 있음+노면 불량+비포장+이동 보조 필요,,,,Y,UNKNOWN,UNKNOWN,
ACC_P936,P936,FULL,UNKNOWN,UNKNOWN,UNKNOWN,FULL,FULL,FULL,FULL,Y,AVAILABLE,UNKNOWN,"시설 접근은 가능하나, 활동 참여(입욕·탑승·체험)에 대한 개별 근거가 없습니다. 보조 인력·이동 전이 필요 여부는 시설에 직접 확인이 필요합니다.",주출입구 단차 없음,단차 없음+휠체어 접근 가능,장애인 주차장 있음+장애인 화장실 있음+엘리베이터 있음+휠체어 대여 가능,,,,,,휠내비길(wheelnavi.kr) 음성안내 · 제주올레 오디오가이드(jejuolle.org) 코스별 음성해설,「탐나는수어」 앱 · 제주수어통역센터 여행수어 자료(jejudeaf.com),,IN_VENUE,이용 동선에서 이용 가능,차량+대중교통+도보,,,,,,,,,,,,2023-12,,,,,,,UNKNOWN,UNKNOWN,,,,,제주관광약자접근성안내센터(이지제주) · 한국관광공사 열린관광 · ㈜휴플 현장조사,2026-06,2024~2026,https://easyjeju.net,제주관광공사 「오감으로 즐기는 제주」(2023.12.22) · 한국관광공사 열린관광지 · 이지제주,"현재 무장애 정보는 이동(지체) 접근성 기준입니다. 시각·청각·발달 장애 정보는 확보 중이며, 열린관광 모두의여행(access.visitkorea.or.kr) 또는 이지제주(easyjeju.net)에서 확인하실 수 있습니다.",SURVEYED,,,v3,ROUTE_SURVEY,경로 상태 조사: 단차 없음+휠체어 접근 가능,,,,Y,UNKNOWN,UNKNOWN,
ACC_P937,P937,UNKNOWN,UNKNOWN,UNKNOWN,UNKNOWN,UNKNOWN,UNKNOWN,UNKNOWN,UNKNOWN,Y,UNKNOWN,UNKNOWN,,UNKNOWN,UNKNOWN,UNKNOWN,,,,,,휠내비길(wheelnavi.kr) 음성안내 · 제주올레 오디오가이드(jejuolle.org) 코스별 음성해설,「탐나는수어」 앱 · 제주수어통역센터 여행수어 자료(jejudeaf.com),,,,차량+대중교통+도보,,,,,,,,,,,,2023-12,,,,,,,UNKNOWN,UNKNOWN,,,,,제주관광약자접근성안내센터(이지제주) · 한국관광공사 열린관광 · ㈜휴플 현장조사,2026-06,2024~2026,https://easyjeju.net,제주관광공사 「오감으로 즐기는 제주」(2023.12.22) · 한국관광공사 열린관광지 · 이지제주,"현재 무장애 정보는 이동(지체) 접근성 기준입니다. 시각·청각·발달 장애 정보는 확보 중이며, 열린관광 모두의여행(access.visitkorea.or.kr) 또는 이지제주(easyjeju.net)에서 확인하실 수 있습니다.",SURVEYED,,,v3,FACILITY_SURVEY,편의시설 조사: UNKNOWN,,,,Y,UNKNOWN,UNKNOWN,
ACC_P938,P938,UNKNOWN,UNKNOWN,UNKNOWN,UNKNOWN,UNKNOWN,FULL,FULL,FULL,N,UNKNOWN,UNKNOWN,,주출입구 단차 없음,단차 없음+노면 불량+이동 보조 필요,장애인 주차장 있음+장애인 화장실 있음+엘리베이터 있음+휠체어 대여 가능,,,,,,휠내비길(wheelnavi.kr) 음성안내 · 제주올레 오디오가이드(jejuolle.org) 코스별 음성해설,「탐나는수어」 앱 · 제주수어통역센터 여행수어 자료(jejudeaf.com),,IN_VENUE,이용 동선에서 이용 가능,차량+도보,,,,,,,,,,,,2023-12,,,,,,,UNKNOWN,UNKNOWN,,,,,제주관광약자접근성안내센터(이지제주) · 한국관광공사 열린관광 · ㈜휴플 현장조사,2026-06,2024~2026,https://easyjeju.net,제주관광공사 「오감으로 즐기는 제주」(2023.12.22) · 한국관광공사 열린관광지 · 이지제주,"현재 무장애 정보는 이동(지체) 접근성 기준입니다. 시각·청각·발달 장애 정보는 확보 중이며, 열린관광 모두의여행(access.visitkorea.or.kr) 또는 이지제주(easyjeju.net)에서 확인하실 수 있습니다.",SURVEYED,,,v3,ROUTE_SURVEY,경로 상태 조사: 단차 없음+노면 불량+이동 보조 필요,,,,Y,UNKNOWN,UNKNOWN,
ACC_P939,P939,PARTIAL,UNKNOWN,PARTIAL,UNKNOWN,PARTIAL,FULL,FULL,FULL,Y,CONDITIONAL,CONDITIONAL,시설접근 기준 판정 — 활동참여 개별 근거 미확보,"주출입구 접근로에 약 5도의 경사 있습니다+카페 출입구 단차 없이 이동 가능합니다+외부 관람로 전체적으로 바닥 재질 흙길이며, 송이 산책길 일부 구간 11도의 경사 있습니다",단차 없음+휠체어 접근 가능,장애인 화장실 있음+장애인 주차장 있음+엘리베이터 있음+휠체어 대여 가능,야외 산책로는 흙길과 잔디로 되어 있고 일부 구간에 가파른 경사가 있어 휠체어 이동이 제한됨. 장애인 화장실은 없음,,구간별 접근 제한 — 경사 최대 11.0도(법정 기준 약 4.8도 초과),,청각장애인 추천 코스 수록: 승마체험(송이밭코스 약 800m) — 시각 중심 체험(오감 p.10),휠내비길(wheelnavi.kr) 음성안내 · 제주올레 오디오가이드(jejuolle.org) 코스별 음성해설,「탐나는수어」 앱 · 제주수어통역센터 여행수어 자료(jejudeaf.com),"영업 09:00~18:30, 매주 수요일 휴무. 이색자전거 체험 병설",IN_VENUE,이용 동선에서 이용 가능,차량+대중교통+도보,,,,,,,,,,,Y,2023-12,,,,,,,UNKNOWN,UNKNOWN,,,,,제주관광약자접근성안내센터(이지제주) · 한국관광공사 열린관광 · ㈜휴플 현장조사,2026-06,2024~2026,https://easyjeju.net,제주관광공사 「오감으로 즐기는 제주」(2023.12.22) · 한국관광공사 열린관광지 · 이지제주,"현재 무장애 정보는 이동(지체) 접근성 기준입니다. 시각·청각·발달 장애 정보는 확보 중이며, 열린관광 모두의여행(access.visitkorea.or.kr) 또는 이지제주(easyjeju.net)에서 확인하실 수 있습니다.",SURVEYED,,FIX20: FULL 재점검 — 구간편차 기준 일괄 적용,v3,ROUTE_SURVEY,경로 상태 조사: 단차 없음+휠체어 접근 가능,,,,Y,UNKNOWN,Y,
ACC_P940,P940,UNKNOWN,UNKNOWN,UNKNOWN,UNKNOWN,UNKNOWN,UNKNOWN,UNKNOWN,UNKNOWN,N,UNKNOWN,UNKNOWN,,UNKNOWN,UNKNOWN,UNKNOWN,여객선에 오르내릴 때 높이 차가 있고 선내에 계단이 있음. 섬 안의 이동 수단은 별도 확인이 필요함,,,,,휠내비길(wheelnavi.kr) 음성안내 · 제주올레 오디오가이드(jejuolle.org) 코스별 음성해설,「탐나는수어」 앱 · 제주수어통역센터 여행수어 자료(jejudeaf.com),,,,차량,,,,,,,,,,,,2023-12,FERRY_BOARDING,여객선 승하선 제약 · 풍랑 시 결항 가능,,,,,UNKNOWN,UNKNOWN,,,,,제주관광약자접근성안내센터(이지제주) · 한국관광공사 열린관광 · ㈜휴플 현장조사,2026-06,2024~2026,https://easyjeju.net,제주관광공사 「오감으로 즐기는 제주」(2023.12.22) · 한국관광공사 열린관광지 · 이지제주,"현재 무장애 정보는 이동(지체) 접근성 기준입니다. 시각·청각·발달 장애 정보는 확보 중이며, 열린관광 모두의여행(access.visitkorea.or.kr) 또는 이지제주(easyjeju.net)에서 확인하실 수 있습니다.",SURVEYED,,,v3,FACILITY_SURVEY,편의시설 조사: UNKNOWN,,,,Y,UNKNOWN,UNKNOWN,
ACC_P941,P941,UNKNOWN,UNKNOWN,UNKNOWN,UNKNOWN,UNKNOWN,UNKNOWN,UNKNOWN,UNKNOWN,Y,UNKNOWN,UNKNOWN,,UNKNOWN,UNKNOWN,UNKNOWN,,,,,,휠내비길(wheelnavi.kr) 음성안내 · 제주올레 오디오가이드(jejuolle.org) 코스별 음성해설,「탐나는수어」 앱 · 제주수어통역센터 여행수어 자료(jejudeaf.com),,,,차량+대중교통,,,,,,,,,,,,2023-12,,,,,,,UNKNOWN,UNKNOWN,,,,,제주관광약자접근성안내센터(이지제주) · 한국관광공사 열린관광 · ㈜휴플 현장조사,2026-06,2024~2026,https://easyjeju.net,제주관광공사 「오감으로 즐기는 제주」(2023.12.22) · 한국관광공사 열린관광지 · 이지제주,"현재 무장애 정보는 이동(지체) 접근성 기준입니다. 시각·청각·발달 장애 정보는 확보 중이며, 열린관광 모두의여행(access.visitkorea.or.kr) 또는 이지제주(easyjeju.net)에서 확인하실 수 있습니다.",SURVEYED,,,v3,FACILITY_SURVEY,편의시설 조사: UNKNOWN,,,,Y,UNKNOWN,UNKNOWN,
ACC_P942,P942,UNKNOWN,UNKNOWN,UNKNOWN,UNKNOWN,UNKNOWN,UNKNOWN,UNKNOWN,UNKNOWN,Y,UNKNOWN,UNKNOWN,,UNKNOWN,UNKNOWN,UNKNOWN,,,,,,휠내비길(wheelnavi.kr) 음성안내 · 제주올레 오디오가이드(jejuolle.org) 코스별 음성해설,「탐나는수어」 앱 · 제주수어통역센터 여행수어 자료(jejudeaf.com),,,,차량+대중교통,,,,,,,,,,,,2023-12,,,,,,,UNKNOWN,UNKNOWN,,,,,제주관광약자접근성안내센터(이지제주) · 한국관광공사 열린관광 · ㈜휴플 현장조사,2026-06,2024~2026,https://easyjeju.net,제주관광공사 「오감으로 즐기는 제주」(2023.12.22) · 한국관광공사 열린관광지 · 이지제주,"현재 무장애 정보는 이동(지체) 접근성 기준입니다. 시각·청각·발달 장애 정보는 확보 중이며, 열린관광 모두의여행(access.visitkorea.or.kr) 또는 이지제주(easyjeju.net)에서 확인하실 수 있습니다.",SURVEYED,,,v3,FACILITY_SURVEY,편의시설 조사: UNKNOWN,,,,Y,UNKNOWN,UNKNOWN,
ACC_P943,P943,PARTIAL,UNKNOWN,UNKNOWN,UNKNOWN,PARTIAL,FULL,FULL,FULL,Y,AVAILABLE,UNAVAILABLE,매표소·선착장 접근 가능. 잠수함은 좁은 해치·선내 수직 계단 구조로 휠체어 이용자 승선 불가 — 사전 문의(064-732-6060),주출입구 단차 없음,단차 없음+휠체어 접근 가능,장애인 화장실 있음+장애인 주차장 있음+엘리베이터 있음+휠체어 대여 가능,매표소·선착장 단차 없음(조사값). 단 잠수함 승선은 선내 계단 구조로 휠체어 접근 확인 필요 — 사전 문의 권장(064-732-6060),,,,,휠내비길(wheelnavi.kr) 음성안내 · 제주올레 오디오가이드(jejuolle.org) 코스별 음성해설,「탐나는수어」 앱 · 제주수어통역센터 여행수어 자료(jejudeaf.com),탐나오 예약 안내 — 장애인 할인 요금 운영 확인(중복할인 불가 조항),IN_VENUE,이용 동선에서 이용 가능,차량+대중교통,,,,,,,,,,,,2023-12,,,,,,,UNKNOWN,UNKNOWN,,,,,제주관광약자접근성안내센터(이지제주) · 한국관광공사 열린관광 · ㈜휴플 현장조사,2026-06,2024~2026,https://easyjeju.net,제주관광공사 「오감으로 즐기는 제주」(2023.12.22) · 한국관광공사 열린관광지 · 이지제주,"현재 무장애 정보는 이동(지체) 접근성 기준입니다. 시각·청각·발달 장애 정보는 확보 중이며, 열린관광 모두의여행(access.visitkorea.or.kr) 또는 이지제주(easyjeju.net)에서 확인하실 수 있습니다.",PARTIAL,"부분검증(2026-08) — 장애인 할인 존재 확인, 승선 조건 미확인",FIX18: 승선 구조 미확인으로 보수 하향,v3,ROUTE_SURVEY,경로 상태 조사: 단차 없음+휠체어 접근 가능,,,,N,UNKNOWN,UNKNOWN,"장애인 할인 요금이 운영되고 있어 이용 자체는 가능한 것으로 보이나, 선내 수직 계단 구조상 이동 보조가 필요합니다. 시각·청각장애인의 승선 조건은 확인되지 않았으니 예약 전 시설(064-732-6060)에 문의해 주세요"
ACC_P944,P944,PARTIAL,UNKNOWN,UNKNOWN,UNKNOWN,PARTIAL,FULL,FULL,FULL,Y,AVAILABLE,UNAVAILABLE,볼 내부에 탑승해 경사면을 구르는 구조 — 자세 유지·충격 대응이 필요해 휠체어 이용자 참여 불가,주출입구 단차 없음,단차 없음+휠체어 접근 가능,장애인 화장실 있음+장애인 주차장 있음+엘리베이터 있음+휠체어 대여 가능,매표소·주출입구는 단차 없으나 액티비티(볼 라이드) 탑승은 안전기준상 제한 가능 — 사전 문의 필요,,,,,휠내비길(wheelnavi.kr) 음성안내 · 제주올레 오디오가이드(jejuolle.org) 코스별 음성해설,「탐나는수어」 앱 · 제주수어통역센터 여행수어 자료(jejudeaf.com),"조브 신장 130cm 이상·빅조브 150cm 이상, 체중 90kg 이상 탑승 불가, 기본 2인 동승. 경사면을 170~300m 굴러 내려오는 구조. 운영사 공식 장애인 이용제한 문구는 확인되지 않음 — 사전 문의 필수",IN_VENUE,이용 동선에서 이용 가능,차량+대중교통,,,,,,,,,,,,2023-12,,,,,,,UNKNOWN,UNKNOWN,,,,,제주관광약자접근성안내센터(이지제주) · 한국관광공사 열린관광 · ㈜휴플 현장조사,2026-06,2024~2026,https://easyjeju.net · visitjeju.net · 예약처 공통 탑승기준(신장·체중),제주관광공사 「오감으로 즐기는 제주」(2023.12.22) · 한국관광공사 열린관광지 · 이지제주,"현재 무장애 정보는 이동(지체) 접근성 기준입니다. 시각·청각·발달 장애 정보는 확보 중이며, 열린관광 모두의여행(access.visitkorea.or.kr) 또는 이지제주(easyjeju.net)에서 확인하실 수 있습니다.",PARTIAL,탑승 신체기준(신장·체중)은 확인. activityAccess=UNAVAILABLE은 자세 유지 요구 구조 기반 추론 — 운영사 명시 문구 미확보(2026-08 재확인),FIX23: CENTRAL 검증,v3,ROUTE_SURVEY,경로 상태 조사: 단차 없음+휠체어 접근 가능,,,,N,UNKNOWN,UNKNOWN,시각·청각장애인의 탑승 가능 여부는 시설 안전 규정에 따라 다릅니다. 해당 시설의 장애인 이용 정책이 확인되지 않았으니 예약 전 직접 문의해 주세요
ACC_P945,P945,PARTIAL,UNKNOWN,UNKNOWN,UNKNOWN,PARTIAL,FULL,FULL,UNKNOWN,Y,AVAILABLE,UNAVAILABLE,매표소·주변 시설 접근 가능. 짚라인은 하네스 착용 후 출발대(계단·고소)에서 탑승하는 구조로 휠체어 이용자 단독 참여 불가. 공식 약관상 안전요원 지시 불응 시 탑승 거부 — 사전 문의 필수(064-799-4185),주출입구 경사로 있음,단차 없음+휠체어 접근 가능,장애인 주차장 있음,매표소 접근은 가능하나 짚라인 탑승은 안전기준상 휠체어 이용자 제한 가능 — 사전 문의 필요,"짚라인은 체중 30~100kg, 키 130~190cm가 기본 탑승 기준이며 샌들·하이힐·치마 차림은 이용이 제한됩니다. 방문 전에 최신 탑승 기준을 확인해 주세요.",,,,휠내비길(wheelnavi.kr) 음성안내 · 제주올레 오디오가이드(jejuolle.org) 코스별 음성해설,「탐나는수어」 앱 · 제주수어통역센터 여행수어 자료(jejudeaf.com),"제주라프 공식 이용안내(jejulaf.com/lafly.php) — 하네스 착용 불가 시 이용 불가, 체중 기준 기상에 따라 변동",,,차량+대중교통,,,,,,,,,,,,2023-12,,,,,,,UNKNOWN,UNKNOWN,,,,,제주관광약자접근성안내센터(이지제주) · 한국관광공사 열린관광 · ㈜휴플 현장조사,2026-06,2024~2026,https://www.jejulaf.net/lafoot · https://www.visitjeju.net/kr/detail/view?contentsid=CONT_000000000500006,제주관광공사 「오감으로 즐기는 제주」(2023.12.22) · 한국관광공사 열린관광지 · 이지제주,"현재 무장애 정보는 이동(지체) 접근성 기준입니다. 시각·청각·발달 장애 정보는 확보 중이며, 열린관광 모두의여행(access.visitkorea.or.kr) 또는 이지제주(easyjeju.net)에서 확인하실 수 있습니다.",VERIFIED,검증완료(2026-08) — 운영사 공식 이용안내 확인,FIX23: CENTRAL 검증,v3,OFFICIAL_DOC,경로 상태 조사: 단차 없음+휠체어 접근 가능,,,,N,UNKNOWN,UNKNOWN,"운영사 공식 안내: ""신체 구조상 안전장비(하네스) 착용 불가할 경우 이용이 어렵습니다"". 시각·청각장애인의 이용 가부는 명시되어 있지 않으므로 예약 전 시설(제주라프)에 직접 문의해 주세요"
ACC_P946,P946,UNKNOWN,UNKNOWN,UNKNOWN,UNKNOWN,UNKNOWN,UNKNOWN,UNKNOWN,UNKNOWN,N,UNKNOWN,UNKNOWN,,UNKNOWN,UNKNOWN,UNKNOWN,,,,,,휠내비길(wheelnavi.kr) 음성안내 · 제주올레 오디오가이드(jejuolle.org) 코스별 음성해설,「탐나는수어」 앱 · 제주수어통역센터 여행수어 자료(jejudeaf.com),,,,차량,,,,,,,,,,,,2023-12,,,,,,,UNKNOWN,UNKNOWN,,,,,제주관광약자접근성안내센터(이지제주) · 한국관광공사 열린관광 · ㈜휴플 현장조사,2026-06,2024~2026,https://easyjeju.net,제주관광공사 「오감으로 즐기는 제주」(2023.12.22) · 한국관광공사 열린관광지 · 이지제주,"현재 무장애 정보는 이동(지체) 접근성 기준입니다. 시각·청각·발달 장애 정보는 확보 중이며, 열린관광 모두의여행(access.visitkorea.or.kr) 또는 이지제주(easyjeju.net)에서 확인하실 수 있습니다.",SURVEYED,,,v3,FACILITY_SURVEY,편의시설 조사: UNKNOWN,,,,Y,UNKNOWN,UNKNOWN,
ACC_P947,P947,PARTIAL,FULL,UNKNOWN,UNKNOWN,PARTIAL,FULL,FULL,FULL,N,AVAILABLE,CONDITIONAL,어드벤처 코스(공중 밧줄·네트)는 참여 불가. 정원·산책 구역은 이용 가능,주출입구 단차 없음,단차 없음+휠체어 접근 가능,장애인 화장실 있음+장애인 주차장 있음+엘리베이터 있음+휠체어 대여 가능,매표소·주출입구 단차 없으나 어드벤처 액티비티 참여는 제한 가능 — 사전 문의 필요,,,,,휠내비길(wheelnavi.kr) 음성안내 · 제주올레 오디오가이드(jejuolle.org) 코스별 음성해설,「탐나는수어」 앱 · 제주수어통역센터 여행수어 자료(jejudeaf.com),,IN_VENUE,이용 동선에서 이용 가능,차량+도보,,,,,,,,,,,,2023-12,,,,,,,UNKNOWN,UNKNOWN,,,,,제주관광약자접근성안내센터(이지제주) · 한국관광공사 열린관광 · ㈜휴플 현장조사,2026-06,2024~2026,https://easyjeju.net · https://www.data.go.kr/data/15101897/openapi.do,제주관광공사 「오감으로 즐기는 제주」(2023.12.22) · 한국관광공사 열린관광지 · 이지제주,"현재 무장애 정보는 이동(지체) 접근성 기준입니다. 시각·청각·발달 장애 정보는 확보 중이며, 열린관광 모두의여행(access.visitkorea.or.kr) 또는 이지제주(easyjeju.net)에서 확인하실 수 있습니다.",VERIFIED,검증완료(2026-07) — 시설/활동 분리 판정 [FIX65] 한국관광공사 무장애 API(detailWithTour2) — helpdog=동반가능_시각장애인 편의시설; guidehuman=안내요원 있음,FIX23: CENTRAL 검증 | FIX65: visualAccess UNKNOWN→FULL (KTO API),v3,ROUTE_SURVEY,경로 상태 조사: 단차 없음+휠체어 접근 가능,,,,Y,UNKNOWN,UNKNOWN,
ACC_P948,P948,PARTIAL,UNKNOWN,UNKNOWN,UNKNOWN,PARTIAL,FULL,FULL,FULL,Y,AVAILABLE,CONDITIONAL,해양 체험(스노클링·보트)은 안전기준상 제한. 해변 데크·전망 구역은 이용 가능 — 사전 문의 필요,주출입구 단차 없음,단차 없음+휠체어 접근 가능,장애인 화장실 있음+장애인 주차장 있음+엘리베이터 있음+휠체어 대여 가능,매표소 접근 가능하나 해양 체험활동 참여는 제한 가능 — 사전 문의 필요,,,,,휠내비길(wheelnavi.kr) 음성안내 · 제주올레 오디오가이드(jejuolle.org) 코스별 음성해설,「탐나는수어」 앱 · 제주수어통역센터 여행수어 자료(jejudeaf.com),,IN_VENUE,이용 동선에서 이용 가능,차량+대중교통,,,,,,,,,,,,2023-12,,,,,,,UNKNOWN,UNKNOWN,,,,,제주관광약자접근성안내센터(이지제주) · 한국관광공사 열린관광 · ㈜휴플 현장조사,2026-06,2024~2026,https://easyjeju.net,제주관광공사 「오감으로 즐기는 제주」(2023.12.22) · 한국관광공사 열린관광지 · 이지제주,"현재 무장애 정보는 이동(지체) 접근성 기준입니다. 시각·청각·발달 장애 정보는 확보 중이며, 열린관광 모두의여행(access.visitkorea.or.kr) 또는 이지제주(easyjeju.net)에서 확인하실 수 있습니다.",VERIFIED,검증완료(2026-07) — 시설/활동 분리 판정,FIX23: CENTRAL 검증,v3,ROUTE_SURVEY,경로 상태 조사: 단차 없음+휠체어 접근 가능,,,,Y,UNKNOWN,UNKNOWN,
ACC_P949,P949,PARTIAL,UNKNOWN,UNKNOWN,UNKNOWN,PARTIAL,FULL,FULL,FULL,Y,AVAILABLE,CONDITIONAL,"매표소 접근 가능. 승선은 선내 계단·조수 높이차로 동반 도움 필요, 선사 사전 협의 시 승선 지원 가능",단차 없음,단차 없음+휠체어 접근 가능,장애인 화장실 있음+장애인 주차장 있음,매표소 단차 없으나 유람선 승선은 선내 계단·조수간만 높이차로 제약 — 사전 문의 권장(서귀포잠수함과 동일 유형),,,,,휠내비길(wheelnavi.kr) 음성안내 · 제주올레 오디오가이드(jejuolle.org) 코스별 음성해설,「탐나는수어」 앱 · 제주수어통역센터 여행수어 자료(jejudeaf.com),,IN_VENUE,이용 동선에서 이용 가능,차량+대중교통,,,,,,,,,,,,2023-12,,,,,,,UNKNOWN,UNKNOWN,,,,,제주관광약자접근성안내센터(이지제주) · 한국관광공사 열린관광 · ㈜휴플 현장조사,2026-06,2024~2026,https://easyjeju.net,제주관광공사 「오감으로 즐기는 제주」(2023.12.22) · 한국관광공사 열린관광지 · 이지제주,"현재 무장애 정보는 이동(지체) 접근성 기준입니다. 시각·청각·발달 장애 정보는 확보 중이며, 열린관광 모두의여행(access.visitkorea.or.kr) 또는 이지제주(easyjeju.net)에서 확인하실 수 있습니다.",VERIFIED,검증완료(2026-07) — 시설/활동 분리 판정,FIX23: CENTRAL 검증,v3,ROUTE_SURVEY,경로 상태 조사: 단차 없음+휠체어 접근 가능,,,,Y,UNKNOWN,UNKNOWN,
ACC_P950,P950,PARTIAL,UNKNOWN,UNKNOWN,UNKNOWN,PARTIAL,UNKNOWN,PARTIAL,FULL,Y,AVAILABLE,CONDITIONAL,"시설 관람 접근 가능 / 활동참여 조건부 — 놀이기구는 이승 또는 보조 필요, 기구별 기준 상이",단차 없음,단차 없음+휠체어 접근 가능,장애인 화장실 있음+장애인 주차장 있음+엘리베이터 있음+휠체어 대여 가능,"평지 부지로 시설 진입·관람은 자유로우나, 놀이기구에 안전 보조장치가 없어 휠체어 착석 상태 탑승 불가. 이승 또는 동행자 보조가 필요",휠체어 접근 정보가 자료마다 달라 이용 가능 범위를 확정하기 어렵습니다. 놀이기구 탑승 조건도 시설별로 다르므로 출발 전 시설에 문의해 주세요.,,,,휠내비길(wheelnavi.kr) 음성안내 · 제주올레 오디오가이드(jejuolle.org) 코스별 음성해설,「탐나는수어」 앱 · 제주수어통역센터 여행수어 자료(jejudeaf.com),,IN_VENUE,이용 동선에서 이용 가능,차량+대중교통,LOW,,,,,,,,,,,2023-12,,,,,,,UNKNOWN,UNKNOWN,,,,,제주관광약자접근성안내센터(이지제주) · 한국관광공사 열린관광 · ㈜휴플 현장조사,2026-06,2024~2026,https://easyjeju.net,제주관광공사 「오감으로 즐기는 제주」(2023.12.22) · 한국관광공사 열린관광지 · 이지제주,"현재 무장애 정보는 이동(지체) 접근성 기준입니다. 시각·청각·발달 장애 정보는 확보 중이며, 열린관광 모두의여행(access.visitkorea.or.kr) 또는 이지제주(easyjeju.net)에서 확인하실 수 있습니다.",SURVEYED,[FIX78] 잔여 확인 — 이승 탑승 시 보호자 보조 허용 여부와 기구별 이용 가이드라인. 전화 문의 필요 (064-794-1425),"FIX75: 활동참여 조건부 전환 — 탑승형 시설, 조사 대기 | FIX77: 등급 FULL→PARTIAL — 일괄 기본값에서 개별 판정으로 전환 | FIX78: 놀이기구 제약 구체화 — 이승 또는 보조 필요",v3,ROUTE_SURVEY,"경로 상태 조사: 단차 없음+휠체어 접근 가능 | [FIX78] 온라인 교차확인 — 평지 부지, 놀이기구 안전 보조장치 없음",,,,Y,UNKNOWN,UNKNOWN,
ACC_P951,P951,NONE,UNKNOWN,UNKNOWN,UNKNOWN,NONE,PARTIAL,PARTIAL,FULL,Y,AVAILABLE,CONDITIONAL,"시설접근 가능 / 활동참여 조건부 — 복합 레저시설. 카트는 장애인 이용 제한·탑승 거부 가능 명시, 미로공원은 계단·좁은 통로로 휠체어·유모차 입장 불가 명시, 승마는 장애인 관련 안내 미확인. 판정을 시설 전체가 아니라 체험별로 구분함",카드체험장 접근로 단차 있습니다+미로 접근로 요철 및 단차(계단)있습니다,단차 없음+노면 불량+휠체어 접근 제한,장애인 화장실 있음+장애인 주차장 있음,,"체험별로 이용 조건이 다릅니다. 미로공원은 통로가 좁고 계단이 있어 휠체어와 유모차를 가지고 입장하실 수 없습니다. 카트는 장애인의 경우 안전상 이용이 제한되거나 탑승이 어려울 수 있고, 임산부·고령 이용자도 제한 대상입니다. 2인승은 성인 보호자가 함께 타셔야 합니다. 승마는 장애인 이용 안내가 확인되지 않았으니 예약 전 시설에 직접 문의해 주세요. 장애인화장실은 이용하실 수 있습니다",,,,휠내비길(wheelnavi.kr) 음성안내 · 제주올레 오디오가이드(jejuolle.org) 코스별 음성해설,「탐나는수어」 앱 · 제주수어통역센터 여행수어 자료(jejudeaf.com),"세리월드 공식 요금·이용안내(seriworld.modoo.at) — 조항 2개 확인. ① 카트: 장애인의 경우 상황에 따라 이용 제한 가능·탑승 거부 가능, 2인승 성인 보호자 동승, 임산부·노약자·주취자 이용 제한, 36개월 미만 이용 불가. ② 미로공원: 통로가 좁고 계단을 이용해야 하므로 휠체어·유모차 입장 불가. ③ 승마: 장애인 관련 명시 없음 — 7세 이상·키 120cm 이상 단독승마, 90kg 이하 확인",IN_VENUE,이용 동선에서 이용 가능,차량+대중교통,NONE,Y,,,,,㈜휴플 자체 현장조사 (2024~2025),,,,,2023-12,,,,,,,UNKNOWN,UNKNOWN,,,,,제주관광약자접근성안내센터(이지제주) · 한국관광공사 열린관광 · ㈜휴플 현장조사,2026-06,2024~2026,https://easyjeju.net · https://seriworld.modoo.at/?link=9udmzefr (공식 요금·이용안내),제주관광공사 「오감으로 즐기는 제주」(2023.12.22) · 한국관광공사 열린관광지 · 이지제주,"현재 무장애 정보는 이동(지체) 접근성 기준입니다. 시각·청각·발달 장애 정보는 확보 중이며, 열린관광 모두의여행(access.visitkorea.or.kr) 또는 이지제주(easyjeju.net)에서 확인하실 수 있습니다.",PARTIAL,"카트·미로공원은 운영사 공식 문구로 직접 확인(2026-08). 승마는 장애인 이용 안내 미확보 — 유선 확인 필요. ※ 일부 자료의 '엘리베이터'는 세리리조트(숙박) 부대시설로 확인되므로 세리월드 편의시설 근거로 쓰지 말 것 ※ [FIX83] 카트 조항을 시설 전체에 전파한 기존 판정을 정정. 카트·미로공원은 제한 명시, 승마는 미확인 — 전면 불가 확정 불가 (FIX38 판단)","FIX21-A: 경로상 휠체어 접근 불가 | FIX38: 카트 조항 전체 전파 정정, UNAVAILABLE→CONDITIONAL | FIX46: elderlyAccess FULL→PARTIAL — mobilityCaveat의 '임산부·고령 이용자 제한' 과 모순 | FIX83: 이용자 사유 필드에서 내부 표기 제거",v3,FIELD_SURVEY,㈜휴플 자체 현장조사 / 경로: 단차 없음+노면 불량+휠체어 접근 제한,,,,N,UNKNOWN,UNKNOWN,시각·청각장애인의 탑승 가능 여부는 시설 안전 규정에 따라 다릅니다. 해당 시설의 장애인 이용 정책이 확인되지 않았으니 예약 전 직접 문의해 주세요
ACC_P952,P952,UNKNOWN,UNKNOWN,UNKNOWN,UNKNOWN,UNKNOWN,UNKNOWN,UNKNOWN,UNKNOWN,Y,UNKNOWN,UNKNOWN,,UNKNOWN,UNKNOWN,UNKNOWN,,,,,,휠내비길(wheelnavi.kr) 음성안내 · 제주올레 오디오가이드(jejuolle.org) 코스별 음성해설,「탐나는수어」 앱 · 제주수어통역센터 여행수어 자료(jejudeaf.com),,,,차량+대중교통,,,,,,,,,,,,2023-12,,,,,,,UNKNOWN,UNKNOWN,,,,,제주관광약자접근성안내센터(이지제주) · 한국관광공사 열린관광 · ㈜휴플 현장조사,2026-06,2024~2026,https://easyjeju.net,제주관광공사 「오감으로 즐기는 제주」(2023.12.22) · 한국관광공사 열린관광지 · 이지제주,"현재 무장애 정보는 이동(지체) 접근성 기준입니다. 시각·청각·발달 장애 정보는 확보 중이며, 열린관광 모두의여행(access.visitkorea.or.kr) 또는 이지제주(easyjeju.net)에서 확인하실 수 있습니다.",SURVEYED,,,v3,FACILITY_SURVEY,편의시설 조사: UNKNOWN,,,,Y,UNKNOWN,UNKNOWN,
ACC_P953,P953,UNKNOWN,UNKNOWN,UNKNOWN,UNKNOWN,UNKNOWN,UNKNOWN,UNKNOWN,UNKNOWN,Y,UNKNOWN,UNKNOWN,,UNKNOWN,UNKNOWN,UNKNOWN,,,,,,휠내비길(wheelnavi.kr) 음성안내 · 제주올레 오디오가이드(jejuolle.org) 코스별 음성해설,「탐나는수어」 앱 · 제주수어통역센터 여행수어 자료(jejudeaf.com),,,,차량+대중교통,,,,,,,,,,,,2023-12,,,,,,,UNKNOWN,UNKNOWN,,,,,제주관광약자접근성안내센터(이지제주) · 한국관광공사 열린관광 · ㈜휴플 현장조사,2026-06,2024~2026,https://easyjeju.net,제주관광공사 「오감으로 즐기는 제주」(2023.12.22) · 한국관광공사 열린관광지 · 이지제주,"현재 무장애 정보는 이동(지체) 접근성 기준입니다. 시각·청각·발달 장애 정보는 확보 중이며, 열린관광 모두의여행(access.visitkorea.or.kr) 또는 이지제주(easyjeju.net)에서 확인하실 수 있습니다.",SURVEYED,,,v3,FACILITY_SURVEY,편의시설 조사: UNKNOWN,,,,Y,UNKNOWN,UNKNOWN,
ACC_P954,P954,UNKNOWN,UNKNOWN,UNKNOWN,UNKNOWN,UNKNOWN,UNKNOWN,UNKNOWN,UNKNOWN,Y,UNKNOWN,UNKNOWN,,UNKNOWN,UNKNOWN,UNKNOWN,,,,,,휠내비길(wheelnavi.kr) 음성안내 · 제주올레 오디오가이드(jejuolle.org) 코스별 음성해설,「탐나는수어」 앱 · 제주수어통역센터 여행수어 자료(jejudeaf.com),,,,차량+대중교통,,,,,,,,,,,,2023-12,,,,,,,UNKNOWN,UNKNOWN,,,,,제주관광약자접근성안내센터(이지제주) · 한국관광공사 열린관광 · ㈜휴플 현장조사,2026-06,2024~2026,https://easyjeju.net,제주관광공사 「오감으로 즐기는 제주」(2023.12.22) · 한국관광공사 열린관광지 · 이지제주,"현재 무장애 정보는 이동(지체) 접근성 기준입니다. 시각·청각·발달 장애 정보는 확보 중이며, 열린관광 모두의여행(access.visitkorea.or.kr) 또는 이지제주(easyjeju.net)에서 확인하실 수 있습니다.",SURVEYED,,,v3,FACILITY_SURVEY,편의시설 조사: UNKNOWN,,,,Y,UNKNOWN,UNKNOWN,
ACC_P955,P955,UNKNOWN,UNKNOWN,UNKNOWN,UNKNOWN,UNKNOWN,UNKNOWN,UNKNOWN,UNKNOWN,N,UNKNOWN,UNKNOWN,,UNKNOWN,UNKNOWN,UNKNOWN,,,,,,휠내비길(wheelnavi.kr) 음성안내 · 제주올레 오디오가이드(jejuolle.org) 코스별 음성해설,「탐나는수어」 앱 · 제주수어통역센터 여행수어 자료(jejudeaf.com),,,,차량,,,,,,,,,,,,2023-12,,,,,,,UNKNOWN,UNKNOWN,,,,,제주관광약자접근성안내센터(이지제주) · 한국관광공사 열린관광 · ㈜휴플 현장조사,2026-06,2024~2026,https://easyjeju.net,제주관광공사 「오감으로 즐기는 제주」(2023.12.22) · 한국관광공사 열린관광지 · 이지제주,"현재 무장애 정보는 이동(지체) 접근성 기준입니다. 시각·청각·발달 장애 정보는 확보 중이며, 열린관광 모두의여행(access.visitkorea.or.kr) 또는 이지제주(easyjeju.net)에서 확인하실 수 있습니다.",SURVEYED,,,v3,FACILITY_SURVEY,편의시설 조사: UNKNOWN,,,,Y,UNKNOWN,UNKNOWN,
ACC_P956,P956,NONE,UNKNOWN,UNKNOWN,UNKNOWN,NONE,PARTIAL,PARTIAL,UNKNOWN,Y,UNAVAILABLE,UNAVAILABLE,시설접근 기준 판정 — 활동참여 개별 근거 미확보,UNKNOWN,접근 불가,UNKNOWN,,,,,,휠내비길(wheelnavi.kr) 음성안내 · 제주올레 오디오가이드(jejuolle.org) 코스별 음성해설,「탐나는수어」 앱 · 제주수어통역센터 여행수어 자료(jejudeaf.com),,,,차량+대중교통,,,,,,,,,,,,2023-12,,,,,,,UNKNOWN,UNKNOWN,,,,,제주관광약자접근성안내센터(이지제주) · 한국관광공사 열린관광 · ㈜휴플 현장조사,2026-06,2024~2026,https://easyjeju.net,제주관광공사 「오감으로 즐기는 제주」(2023.12.22) · 한국관광공사 열린관광지 · 이지제주,"현재 무장애 정보는 이동(지체) 접근성 기준입니다. 시각·청각·발달 장애 정보는 확보 중이며, 열린관광 모두의여행(access.visitkorea.or.kr) 또는 이지제주(easyjeju.net)에서 확인하실 수 있습니다.",SURVEYED,,,v3,FACILITY_SURVEY,편의시설 조사: UNKNOWN,,,,N,UNKNOWN,UNKNOWN,시각·청각장애인의 탑승 가능 여부는 시설 안전 규정에 따라 다릅니다. 해당 시설의 장애인 이용 정책이 확인되지 않았으니 예약 전 직접 문의해 주세요
ACC_P957,P957,NONE,UNKNOWN,UNKNOWN,UNKNOWN,NONE,UNKNOWN,UNKNOWN,UNKNOWN,Y,CONDITIONAL,CONDITIONAL,요트 승선 참여 제약 / 육상 시설 이동 조건 미조사,UNKNOWN,휠체어 접근 제한,UNKNOWN,,요트 승선 시 휠체어 이용 가능 여부와 이동 지원 방식이 확인되지 않았습니다. 출발 전 업체에 승선 가능 여부를 문의해 주세요.,,,,휠내비길(wheelnavi.kr) 음성안내 · 제주올레 오디오가이드(jejuolle.org) 코스별 음성해설,「탐나는수어」 앱 · 제주수어통역센터 여행수어 자료(jejudeaf.com),,,,차량+대중교통,,,,,,,,,,,,2023-12,,,,,,,UNKNOWN,UNKNOWN,,,,,제주관광약자접근성안내센터(이지제주) · 한국관광공사 열린관광 · ㈜휴플 현장조사,2026-06,2024~2026,https://easyjeju.net,제주관광공사 「오감으로 즐기는 제주」(2023.12.22) · 한국관광공사 열린관광지 · 이지제주,"현재 무장애 정보는 이동(지체) 접근성 기준입니다. 시각·청각·발달 장애 정보는 확보 중이며, 열린관광 모두의여행(access.visitkorea.or.kr) 또는 이지제주(easyjeju.net)에서 확인하실 수 있습니다.",SURVEYED,[FIX85] 등급 재검토 대상 — facilityAccess·activityAccess 는 CONDITIONAL 인데 wheelchairAccess 는 NONE. routeCondition 이 '휠체어 접근 제한' 한 줄에 그쳐 활동 참여 불가를 시설 접근 불가로 옮겨 적은 판정으로 보임. 시설 내 이동 조건 조사 후 재판정 필요 (FIX73·FIX78 선례),FIX85: 이용자 안내문 신설 — 내부 표기 사유 제거,v3,FACILITY_SURVEY,편의시설 조사: UNKNOWN,,,,Y,UNKNOWN,UNKNOWN,
ACC_P958,P958,NONE,UNKNOWN,UNKNOWN,UNKNOWN,NONE,UNKNOWN,UNKNOWN,FULL,Y,CONDITIONAL,CONDITIONAL,바다 체험 참여 제약 / 육상 시설 이동 조건 미조사,UNKNOWN,휠체어 접근 제한,장애인 화장실 있음+장애인 주차장 있음,,"공용주차장과 화장실이 있습니다. 다만 바다 체험 참여는 승하선과 물가 이동이 따르므로 조건을 업체에 직접 확인해 주세요. 시설 안을 이동하시는 조건은 따로 조사되지 않았으니, 관람이나 동행만 생각하고 계시더라도 미리 확인해 보시는 편이 좋습니다.",,,,휠내비길(wheelnavi.kr) 음성안내 · 제주올레 오디오가이드(jejuolle.org) 코스별 음성해설,「탐나는수어」 앱 · 제주수어통역센터 여행수어 자료(jejudeaf.com),,IN_VENUE,이용 동선에서 이용 가능,차량+대중교통,,,,,,,,,,,,2023-12,,,,,,,UNKNOWN,UNKNOWN,,,,,제주관광약자접근성안내센터(이지제주) · 한국관광공사 열린관광 · ㈜휴플 현장조사,2026-06,2024~2026,https://easyjeju.net,제주관광공사 「오감으로 즐기는 제주」(2023.12.22) · 한국관광공사 열린관광지 · 이지제주,"현재 무장애 정보는 이동(지체) 접근성 기준입니다. 시각·청각·발달 장애 정보는 확보 중이며, 열린관광 모두의여행(access.visitkorea.or.kr) 또는 이지제주(easyjeju.net)에서 확인하실 수 있습니다.",SURVEYED,[FIX85] 등급 재검토 대상 — facilityAccess·activityAccess 는 CONDITIONAL 인데 wheelchairAccess 는 NONE. routeCondition 이 '휠체어 접근 제한' 한 줄에 그쳐 활동 참여 불가를 시설 접근 불가로 옮겨 적은 판정으로 보임. 시설 내 이동 조건 조사 후 재판정 필요 (FIX73·FIX78 선례),FIX85: 이용자 안내문 신설 — 내부 표기 사유 제거,v3,FACILITY_SURVEY,편의시설 조사: 장애인 화장실 있음+장애인 주차장 있음,,,,Y,UNKNOWN,UNKNOWN,
ACC_P959,P959,UNKNOWN,UNKNOWN,UNKNOWN,UNKNOWN,UNKNOWN,UNKNOWN,UNKNOWN,UNKNOWN,Y,UNKNOWN,UNKNOWN,,UNKNOWN,UNKNOWN,UNKNOWN,,,,,,휠내비길(wheelnavi.kr) 음성안내 · 제주올레 오디오가이드(jejuolle.org) 코스별 음성해설,「탐나는수어」 앱 · 제주수어통역센터 여행수어 자료(jejudeaf.com),,,,차량+대중교통,,,,,,,,,,,,2023-12,,,,,,,UNKNOWN,UNKNOWN,,,,,제주관광약자접근성안내센터(이지제주) · 한국관광공사 열린관광 · ㈜휴플 현장조사,2026-06,2024~2026,https://easyjeju.net,제주관광공사 「오감으로 즐기는 제주」(2023.12.22) · 한국관광공사 열린관광지 · 이지제주,"현재 무장애 정보는 이동(지체) 접근성 기준입니다. 시각·청각·발달 장애 정보는 확보 중이며, 열린관광 모두의여행(access.visitkorea.or.kr) 또는 이지제주(easyjeju.net)에서 확인하실 수 있습니다.",SURVEYED,,,v3,FACILITY_SURVEY,편의시설 조사: UNKNOWN,,,,Y,UNKNOWN,UNKNOWN,
ACC_P960,P960,NONE,UNKNOWN,UNKNOWN,UNKNOWN,NONE,UNKNOWN,UNKNOWN,UNKNOWN,N,CONDITIONAL,CONDITIONAL,시설접근 기준 판정 — 활동참여 개별 근거 미확보,UNKNOWN,휠체어 접근 제한,UNKNOWN,,보트 승선 시 휠체어 이용 가능 여부와 이동 지원 방식이 확인되지 않았습니다. 출발 전 업체에 승선 가능 여부를 문의해 주세요.,,,,휠내비길(wheelnavi.kr) 음성안내 · 제주올레 오디오가이드(jejuolle.org) 코스별 음성해설,「탐나는수어」 앱 · 제주수어통역센터 여행수어 자료(jejudeaf.com),,,,차량,,,,,,,,,,,,2023-12,FERRY_BOARDING,여객선 승하선 제약 · 풍랑 시 결항 가능,,,,,UNKNOWN,UNKNOWN,,,,,제주관광약자접근성안내센터(이지제주) · 한국관광공사 열린관광 · ㈜휴플 현장조사,2026-06,2024~2026,https://easyjeju.net,제주관광공사 「오감으로 즐기는 제주」(2023.12.22) · 한국관광공사 열린관광지 · 이지제주,"현재 무장애 정보는 이동(지체) 접근성 기준입니다. 시각·청각·발달 장애 정보는 확보 중이며, 열린관광 모두의여행(access.visitkorea.or.kr) 또는 이지제주(easyjeju.net)에서 확인하실 수 있습니다.",SURVEYED,[FIX83] 도서 지역 — 여객선 승선 높이차·선내 계단. 섬 내 이동수단 별도 확인 필요,FIX83: 이용자 사유 필드에서 내부 표기 제거,v3,FACILITY_SURVEY,편의시설 조사: UNKNOWN,,,,Y,UNKNOWN,UNKNOWN,
ACC_P961,P961,NONE,UNKNOWN,UNKNOWN,UNKNOWN,NONE,UNKNOWN,PARTIAL,NONE,N,CONDITIONAL,CONDITIONAL,주차는 가능 / 진입부 단차로 시설 접근 불가,주 출입구 단차(약 20cm)있습니다+바닥이 미끄럽지 않고 평탄합니다+주차장에서 주출입구까지 단차가 없습니다,단차 있음+휠체어 접근 제한,UNKNOWN,,주차장이 있습니다. 다만 시설로 들어가는 길에 단차가 있어 휠체어로 진입하시기는 어렵습니다. 화장실 정보는 확인되지 않았습니다.,,,,휠내비길(wheelnavi.kr) 음성안내 · 제주올레 오디오가이드(jejuolle.org) 코스별 음성해설,「탐나는수어」 앱 · 제주수어통역센터 여행수어 자료(jejudeaf.com),,,,차량,,,,,,,,,,,,2023-12,,,,,,,UNKNOWN,UNKNOWN,,,,,제주관광약자접근성안내센터(이지제주) · 한국관광공사 열린관광 · ㈜휴플 현장조사,2026-06,2024~2026,https://easyjeju.net,제주관광공사 「오감으로 즐기는 제주」(2023.12.22) · 한국관광공사 열린관광지 · 이지제주,"현재 무장애 정보는 이동(지체) 접근성 기준입니다. 시각·청각·발달 장애 정보는 확보 중이며, 열린관광 모두의여행(access.visitkorea.or.kr) 또는 이지제주(easyjeju.net)에서 확인하실 수 있습니다.",SURVEYED,"[FIX85] 잔여 확인 — 단차 높이, 화장실 유무",FIX85: 이용자 안내문 신설 — 내부 표기 사유 제거,v3,ROUTE_SURVEY,경로 상태 조사: 단차 있음+휠체어 접근 제한,,,,Y,UNKNOWN,UNKNOWN,
ACC_P962,P962,UNKNOWN,UNKNOWN,UNKNOWN,UNKNOWN,UNKNOWN,UNKNOWN,UNKNOWN,UNKNOWN,Y,UNKNOWN,UNKNOWN,,UNKNOWN,UNKNOWN,UNKNOWN,,,,,,휠내비길(wheelnavi.kr) 음성안내 · 제주올레 오디오가이드(jejuolle.org) 코스별 음성해설,「탐나는수어」 앱 · 제주수어통역센터 여행수어 자료(jejudeaf.com),,,,차량+대중교통,,,,,,,,,,,,2023-12,,,,,,,UNKNOWN,UNKNOWN,,,,,제주관광약자접근성안내센터(이지제주) · 한국관광공사 열린관광 · ㈜휴플 현장조사,2026-06,2024~2026,https://easyjeju.net,제주관광공사 「오감으로 즐기는 제주」(2023.12.22) · 한국관광공사 열린관광지 · 이지제주,"현재 무장애 정보는 이동(지체) 접근성 기준입니다. 시각·청각·발달 장애 정보는 확보 중이며, 열린관광 모두의여행(access.visitkorea.or.kr) 또는 이지제주(easyjeju.net)에서 확인하실 수 있습니다.",SURVEYED,,,v3,FACILITY_SURVEY,편의시설 조사: UNKNOWN,,,,Y,UNKNOWN,UNKNOWN,
ACC_P963,P963,UNKNOWN,UNKNOWN,UNKNOWN,UNKNOWN,UNKNOWN,UNKNOWN,UNKNOWN,UNKNOWN,Y,UNKNOWN,UNKNOWN,,UNKNOWN,UNKNOWN,UNKNOWN,,,,,,휠내비길(wheelnavi.kr) 음성안내 · 제주올레 오디오가이드(jejuolle.org) 코스별 음성해설,「탐나는수어」 앱 · 제주수어통역센터 여행수어 자료(jejudeaf.com),,,,차량+대중교통,,,,,,,,,,,,2023-12,,,,,,,UNKNOWN,UNKNOWN,,,,,제주관광약자접근성안내센터(이지제주) · 한국관광공사 열린관광 · ㈜휴플 현장조사,2026-06,2024~2026,https://easyjeju.net,제주관광공사 「오감으로 즐기는 제주」(2023.12.22) · 한국관광공사 열린관광지 · 이지제주,"현재 무장애 정보는 이동(지체) 접근성 기준입니다. 시각·청각·발달 장애 정보는 확보 중이며, 열린관광 모두의여행(access.visitkorea.or.kr) 또는 이지제주(easyjeju.net)에서 확인하실 수 있습니다.",SURVEYED,,,v3,FACILITY_SURVEY,편의시설 조사: UNKNOWN,,,,Y,UNKNOWN,UNKNOWN,
ACC_P964,P964,NONE,UNKNOWN,UNKNOWN,UNKNOWN,NONE,PARTIAL,PARTIAL,UNKNOWN,Y,CONDITIONAL,CONDITIONAL,오프로드 체험 참여 제약 / 비포장 주행 구간,UNKNOWN,접근 불가+휠체어 접근 제한,UNKNOWN,,"공용주차장과 화장실이 있습니다. 다만 오프로드 차량 체험은 탑승 구조상 참여가 어려울 수 있고, 주행 구간이 비포장이라 관람만 하시기에도 이동이 어렵습니다. 참여 조건은 업체에 직접 확인해 주세요. 시설 안을 이동하시는 조건은 따로 조사되지 않았으니, 관람이나 동행만 생각하고 계시더라도 미리 확인해 보시는 편이 좋습니다.",,,,휠내비길(wheelnavi.kr) 음성안내 · 제주올레 오디오가이드(jejuolle.org) 코스별 음성해설,「탐나는수어」 앱 · 제주수어통역센터 여행수어 자료(jejudeaf.com),,,,차량+대중교통,,,,,,,,,,,,2023-12,,,,,,,UNKNOWN,UNKNOWN,,,,,제주관광약자접근성안내센터(이지제주) · 한국관광공사 열린관광 · ㈜휴플 현장조사,2026-06,2024~2026,https://easyjeju.net,제주관광공사 「오감으로 즐기는 제주」(2023.12.22) · 한국관광공사 열린관광지 · 이지제주,"현재 무장애 정보는 이동(지체) 접근성 기준입니다. 시각·청각·발달 장애 정보는 확보 중이며, 열린관광 모두의여행(access.visitkorea.or.kr) 또는 이지제주(easyjeju.net)에서 확인하실 수 있습니다.",SURVEYED,[FIX85] 등급 재검토 대상 — facilityAccess·activityAccess 는 CONDITIONAL 인데 wheelchairAccess 는 NONE. routeCondition 이 '휠체어 접근 제한' 한 줄에 그쳐 활동 참여 불가를 시설 접근 불가로 옮겨 적은 판정으로 보임. 시설 내 이동 조건 조사 후 재판정 필요 (FIX73·FIX78 선례),FIX85: 이용자 안내문 신설 — 내부 표기 사유 제거,v3,FACILITY_SURVEY,편의시설 조사: UNKNOWN,,,,Y,UNKNOWN,UNKNOWN,
ACC_P965,P965,UNKNOWN,UNKNOWN,UNKNOWN,UNKNOWN,UNKNOWN,UNKNOWN,UNKNOWN,UNKNOWN,Y,UNKNOWN,UNKNOWN,,UNKNOWN,UNKNOWN,UNKNOWN,,,,,,휠내비길(wheelnavi.kr) 음성안내 · 제주올레 오디오가이드(jejuolle.org) 코스별 음성해설,「탐나는수어」 앱 · 제주수어통역센터 여행수어 자료(jejudeaf.com),,,,차량+대중교통,,,,,,,,,,,,2023-12,,,,,,,UNKNOWN,UNKNOWN,,,,,제주관광약자접근성안내센터(이지제주) · 한국관광공사 열린관광 · ㈜휴플 현장조사,2026-06,2024~2026,https://easyjeju.net,제주관광공사 「오감으로 즐기는 제주」(2023.12.22) · 한국관광공사 열린관광지 · 이지제주,"현재 무장애 정보는 이동(지체) 접근성 기준입니다. 시각·청각·발달 장애 정보는 확보 중이며, 열린관광 모두의여행(access.visitkorea.or.kr) 또는 이지제주(easyjeju.net)에서 확인하실 수 있습니다.",SURVEYED,,,v3,FACILITY_SURVEY,편의시설 조사: UNKNOWN,,,,Y,UNKNOWN,UNKNOWN,
ACC_P966,P966,UNKNOWN,UNKNOWN,UNKNOWN,UNKNOWN,UNKNOWN,UNKNOWN,UNKNOWN,UNKNOWN,Y,UNKNOWN,UNKNOWN,,UNKNOWN,UNKNOWN,UNKNOWN,,,,,,휠내비길(wheelnavi.kr) 음성안내 · 제주올레 오디오가이드(jejuolle.org) 코스별 음성해설,「탐나는수어」 앱 · 제주수어통역센터 여행수어 자료(jejudeaf.com),,,,차량+대중교통,,,,,,,,,,,,2023-12,,,,,,,UNKNOWN,UNKNOWN,,,,,제주관광약자접근성안내센터(이지제주) · 한국관광공사 열린관광 · ㈜휴플 현장조사,2026-06,2024~2026,https://easyjeju.net,제주관광공사 「오감으로 즐기는 제주」(2023.12.22) · 한국관광공사 열린관광지 · 이지제주,"현재 무장애 정보는 이동(지체) 접근성 기준입니다. 시각·청각·발달 장애 정보는 확보 중이며, 열린관광 모두의여행(access.visitkorea.or.kr) 또는 이지제주(easyjeju.net)에서 확인하실 수 있습니다.",SURVEYED,,,v3,FACILITY_SURVEY,편의시설 조사: UNKNOWN,,,,Y,UNKNOWN,UNKNOWN,
ACC_P967,P967,UNKNOWN,UNKNOWN,UNKNOWN,UNKNOWN,UNKNOWN,UNKNOWN,UNKNOWN,UNKNOWN,Y,UNKNOWN,UNKNOWN,,UNKNOWN,UNKNOWN,UNKNOWN,,,,,,휠내비길(wheelnavi.kr) 음성안내 · 제주올레 오디오가이드(jejuolle.org) 코스별 음성해설,「탐나는수어」 앱 · 제주수어통역센터 여행수어 자료(jejudeaf.com),,,,차량+대중교통,,,,,,,,,,,,2023-12,,,,,,,UNKNOWN,UNKNOWN,,,,,제주관광약자접근성안내센터(이지제주) · 한국관광공사 열린관광 · ㈜휴플 현장조사,2026-06,2024~2026,https://easyjeju.net,제주관광공사 「오감으로 즐기는 제주」(2023.12.22) · 한국관광공사 열린관광지 · 이지제주,"현재 무장애 정보는 이동(지체) 접근성 기준입니다. 시각·청각·발달 장애 정보는 확보 중이며, 열린관광 모두의여행(access.visitkorea.or.kr) 또는 이지제주(easyjeju.net)에서 확인하실 수 있습니다.",SURVEYED,,,v3,FACILITY_SURVEY,편의시설 조사: UNKNOWN,,,,Y,UNKNOWN,UNKNOWN,
ACC_P968,P968,UNKNOWN,UNKNOWN,UNKNOWN,UNKNOWN,UNKNOWN,UNKNOWN,UNKNOWN,UNKNOWN,Y,UNKNOWN,UNKNOWN,,UNKNOWN,UNKNOWN,UNKNOWN,,,,,,휠내비길(wheelnavi.kr) 음성안내 · 제주올레 오디오가이드(jejuolle.org) 코스별 음성해설,「탐나는수어」 앱 · 제주수어통역센터 여행수어 자료(jejudeaf.com),,,,차량+대중교통,,,,,,,,,,,,2023-12,,,,,,,UNKNOWN,UNKNOWN,,,,,제주관광약자접근성안내센터(이지제주) · 한국관광공사 열린관광 · ㈜휴플 현장조사,2026-06,2024~2026,https://easyjeju.net,제주관광공사 「오감으로 즐기는 제주」(2023.12.22) · 한국관광공사 열린관광지 · 이지제주,"현재 무장애 정보는 이동(지체) 접근성 기준입니다. 시각·청각·발달 장애 정보는 확보 중이며, 열린관광 모두의여행(access.visitkorea.or.kr) 또는 이지제주(easyjeju.net)에서 확인하실 수 있습니다.",SURVEYED,,,v3,FACILITY_SURVEY,편의시설 조사: UNKNOWN,,,,Y,UNKNOWN,UNKNOWN,
ACC_P969,P969,NONE,UNKNOWN,UNKNOWN,UNKNOWN,NONE,PARTIAL,PARTIAL,UNKNOWN,Y,CONDITIONAL,CONDITIONAL,스쿠터 주행 참여 불가 / 시설 내 이동 조건 미조사,UNKNOWN,접근 불가+휠체어 접근 제한,UNKNOWN,,"주차장이 있습니다. 다만 스쿠터 주행 체험은 탑승 구조상 참여가 어렵습니다. 참여 조건은 업체에 직접 확인해 주세요. 시설 안을 이동하시는 조건은 따로 조사되지 않았으니, 관람이나 동행만 생각하고 계시더라도 미리 확인해 보시는 편이 좋습니다.",,,,휠내비길(wheelnavi.kr) 음성안내 · 제주올레 오디오가이드(jejuolle.org) 코스별 음성해설,「탐나는수어」 앱 · 제주수어통역센터 여행수어 자료(jejudeaf.com),,,,차량+대중교통,,,,,,,,,,,,2023-12,,,,,,,UNKNOWN,UNKNOWN,,,,,제주관광약자접근성안내센터(이지제주) · 한국관광공사 열린관광 · ㈜휴플 현장조사,2026-06,2024~2026,https://easyjeju.net,제주관광공사 「오감으로 즐기는 제주」(2023.12.22) · 한국관광공사 열린관광지 · 이지제주,"현재 무장애 정보는 이동(지체) 접근성 기준입니다. 시각·청각·발달 장애 정보는 확보 중이며, 열린관광 모두의여행(access.visitkorea.or.kr) 또는 이지제주(easyjeju.net)에서 확인하실 수 있습니다.",SURVEYED,[FIX85] 등급 재검토 대상 — facilityAccess·activityAccess 는 CONDITIONAL 인데 wheelchairAccess 는 NONE. routeCondition 이 '휠체어 접근 제한' 한 줄에 그쳐 활동 참여 불가를 시설 접근 불가로 옮겨 적은 판정으로 보임. 시설 내 이동 조건 조사 후 재판정 필요 (FIX73·FIX78 선례),FIX85: 이용자 안내문 신설 — 내부 표기 사유 제거,v3,FACILITY_SURVEY,편의시설 조사: UNKNOWN,,,,Y,UNKNOWN,UNKNOWN,
ACC_P970,P970,UNKNOWN,UNKNOWN,UNKNOWN,UNKNOWN,UNKNOWN,UNKNOWN,PARTIAL,UNKNOWN,Y,UNKNOWN,UNKNOWN,,UNKNOWN,확인 필요+이동 보조 필요,UNKNOWN,,,,,,휠내비길(wheelnavi.kr) 음성안내 · 제주올레 오디오가이드(jejuolle.org) 코스별 음성해설,「탐나는수어」 앱 · 제주수어통역센터 여행수어 자료(jejudeaf.com),,,,차량+대중교통,,,,,,,,,,,,2023-12,,,,,,,UNKNOWN,UNKNOWN,,,,,제주관광약자접근성안내센터(이지제주) · 한국관광공사 열린관광 · ㈜휴플 현장조사,2026-06,2024~2026,https://easyjeju.net,제주관광공사 「오감으로 즐기는 제주」(2023.12.22) · 한국관광공사 열린관광지 · 이지제주,"현재 무장애 정보는 이동(지체) 접근성 기준입니다. 시각·청각·발달 장애 정보는 확보 중이며, 열린관광 모두의여행(access.visitkorea.or.kr) 또는 이지제주(easyjeju.net)에서 확인하실 수 있습니다.",SURVEYED,,,v3,FACILITY_SURVEY,편의시설 조사: UNKNOWN,,,,Y,UNKNOWN,UNKNOWN,
ACC_P971,P971,NONE,UNKNOWN,UNKNOWN,UNKNOWN,NONE,UNKNOWN,PARTIAL,UNKNOWN,Y,CONDITIONAL,CONDITIONAL,물놀이 체험 참여 제약 / 물가 접근로 비포장,UNKNOWN,비포장+휠체어 접근 제한+이동 보조 필요,UNKNOWN,,"공용주차장과 화장실, 편의점, 음료대, 샤워장과 탈의실이 있습니다. 다만 물놀이 체험은 물가까지 비포장 구간을 지나야 하고 이동에 도움이 필요합니다. 참여 조건은 업체에 직접 확인해 주세요. 시설 안을 이동하시는 조건은 따로 조사되지 않았으니, 관람이나 동행만 생각하고 계시더라도 미리 확인해 보시는 편이 좋습니다.",,,,휠내비길(wheelnavi.kr) 음성안내 · 제주올레 오디오가이드(jejuolle.org) 코스별 음성해설,「탐나는수어」 앱 · 제주수어통역센터 여행수어 자료(jejudeaf.com),,,,차량+대중교통,,,,,,,,,,,,2023-12,,,,,,,UNKNOWN,UNKNOWN,,,,,제주관광약자접근성안내센터(이지제주) · 한국관광공사 열린관광 · ㈜휴플 현장조사,2026-06,2024~2026,https://easyjeju.net,제주관광공사 「오감으로 즐기는 제주」(2023.12.22) · 한국관광공사 열린관광지 · 이지제주,"현재 무장애 정보는 이동(지체) 접근성 기준입니다. 시각·청각·발달 장애 정보는 확보 중이며, 열린관광 모두의여행(access.visitkorea.or.kr) 또는 이지제주(easyjeju.net)에서 확인하실 수 있습니다.",SURVEYED,[FIX85] 등급 재검토 대상 — facilityAccess·activityAccess 는 CONDITIONAL 인데 wheelchairAccess 는 NONE. routeCondition 이 '휠체어 접근 제한' 한 줄에 그쳐 활동 참여 불가를 시설 접근 불가로 옮겨 적은 판정으로 보임. 시설 내 이동 조건 조사 후 재판정 필요 (FIX73·FIX78 선례),FIX85: 이용자 안내문 신설 — 내부 표기 사유 제거,v3,ROUTE_SURVEY,경로 상태 조사: 비포장+휠체어 접근 제한+이동 보조 필요,,,,Y,UNKNOWN,UNKNOWN,
ACC_P972,P972,NONE,UNKNOWN,UNKNOWN,UNKNOWN,NONE,UNKNOWN,PARTIAL,UNKNOWN,Y,CONDITIONAL,CONDITIONAL,서핑 체험 참여 제약 / 물가 접근로 비포장,UNKNOWN,비포장+휠체어 접근 제한+이동 보조 필요,UNKNOWN,,"주차장과 샤워실, 탈의실, 쉼터가 있습니다. 다만 서핑 체험은 물가까지 비포장 구간을 지나야 하고 이동에 도움이 필요합니다. 참여 조건은 업체에 직접 확인해 주세요. 시설 안을 이동하시는 조건은 따로 조사되지 않았으니, 관람이나 동행만 생각하고 계시더라도 미리 확인해 보시는 편이 좋습니다.",,,,휠내비길(wheelnavi.kr) 음성안내 · 제주올레 오디오가이드(jejuolle.org) 코스별 음성해설,「탐나는수어」 앱 · 제주수어통역센터 여행수어 자료(jejudeaf.com),,,,차량+대중교통,,,,,,,,,,,,2023-12,,,,,,,UNKNOWN,UNKNOWN,,,,,제주관광약자접근성안내센터(이지제주) · 한국관광공사 열린관광 · ㈜휴플 현장조사,2026-06,2024~2026,https://easyjeju.net,제주관광공사 「오감으로 즐기는 제주」(2023.12.22) · 한국관광공사 열린관광지 · 이지제주,"현재 무장애 정보는 이동(지체) 접근성 기준입니다. 시각·청각·발달 장애 정보는 확보 중이며, 열린관광 모두의여행(access.visitkorea.or.kr) 또는 이지제주(easyjeju.net)에서 확인하실 수 있습니다.",SURVEYED,[FIX85] 등급 재검토 대상 — facilityAccess·activityAccess 는 CONDITIONAL 인데 wheelchairAccess 는 NONE. routeCondition 이 '휠체어 접근 제한' 한 줄에 그쳐 활동 참여 불가를 시설 접근 불가로 옮겨 적은 판정으로 보임. 시설 내 이동 조건 조사 후 재판정 필요 (FIX73·FIX78 선례),FIX85: 이용자 안내문 신설 — 내부 표기 사유 제거,v3,ROUTE_SURVEY,경로 상태 조사: 비포장+휠체어 접근 제한+이동 보조 필요,,,,Y,UNKNOWN,UNKNOWN,
ACC_P973,P973,UNKNOWN,UNKNOWN,UNKNOWN,UNKNOWN,UNKNOWN,UNKNOWN,PARTIAL,UNKNOWN,Y,UNKNOWN,UNKNOWN,,UNKNOWN,단차 있음+확인 필요+이동 보조 필요,UNKNOWN,,,,,,휠내비길(wheelnavi.kr) 음성안내 · 제주올레 오디오가이드(jejuolle.org) 코스별 음성해설,「탐나는수어」 앱 · 제주수어통역센터 여행수어 자료(jejudeaf.com),,,,차량+대중교통,,,,,,,,,,,,2023-12,,,,,,,UNKNOWN,UNKNOWN,,,,,제주관광약자접근성안내센터(이지제주) · 한국관광공사 열린관광 · ㈜휴플 현장조사,2026-06,2024~2026,https://easyjeju.net,제주관광공사 「오감으로 즐기는 제주」(2023.12.22) · 한국관광공사 열린관광지 · 이지제주,"현재 무장애 정보는 이동(지체) 접근성 기준입니다. 시각·청각·발달 장애 정보는 확보 중이며, 열린관광 모두의여행(access.visitkorea.or.kr) 또는 이지제주(easyjeju.net)에서 확인하실 수 있습니다.",SURVEYED,,,v3,ROUTE_SURVEY,경로 상태 조사: 단차 있음+확인 필요+이동 보조 필요,,,,Y,UNKNOWN,UNKNOWN,
ACC_P974,P974,UNKNOWN,UNKNOWN,UNKNOWN,UNKNOWN,UNKNOWN,UNKNOWN,UNKNOWN,UNKNOWN,Y,UNKNOWN,UNKNOWN,,UNKNOWN,UNKNOWN,UNKNOWN,,,,,,휠내비길(wheelnavi.kr) 음성안내 · 제주올레 오디오가이드(jejuolle.org) 코스별 음성해설,「탐나는수어」 앱 · 제주수어통역센터 여행수어 자료(jejudeaf.com),,,,차량+대중교통,,,,,,,,,,,,2023-12,,,,,,,UNKNOWN,UNKNOWN,,,,,제주관광약자접근성안내센터(이지제주) · 한국관광공사 열린관광 · ㈜휴플 현장조사,2026-06,2024~2026,https://easyjeju.net,제주관광공사 「오감으로 즐기는 제주」(2023.12.22) · 한국관광공사 열린관광지 · 이지제주,"현재 무장애 정보는 이동(지체) 접근성 기준입니다. 시각·청각·발달 장애 정보는 확보 중이며, 열린관광 모두의여행(access.visitkorea.or.kr) 또는 이지제주(easyjeju.net)에서 확인하실 수 있습니다.",SURVEYED,,,v3,FACILITY_SURVEY,편의시설 조사: UNKNOWN,,,,Y,UNKNOWN,UNKNOWN,
ACC_P975,P975,NONE,UNKNOWN,UNKNOWN,UNKNOWN,NONE,UNKNOWN,PARTIAL,UNKNOWN,Y,CONDITIONAL,CONDITIONAL,육상 편의시설은 확보 / 물가 접근로 비포장으로 체험 참여 제약,UNKNOWN,비포장+휠체어 접근 제한+이동 보조 필요,UNKNOWN,,"주차장과 화장실, 샤워실, 탈의실이 있습니다. 다만 체험이 이루어지는 물가까지 비포장 구간을 지나야 하고 이동에 도움이 필요합니다. 참여 조건은 운영처에 직접 확인해 주세요.",,,,휠내비길(wheelnavi.kr) 음성안내 · 제주올레 오디오가이드(jejuolle.org) 코스별 음성해설,「탐나는수어」 앱 · 제주수어통역센터 여행수어 자료(jejudeaf.com),,,,차량+대중교통,,,,,,,,,,,,2023-12,,,,,,,UNKNOWN,UNKNOWN,,,,,제주관광약자접근성안내센터(이지제주) · 한국관광공사 열린관광 · ㈜휴플 현장조사,2026-06,2024~2026,https://easyjeju.net,제주관광공사 「오감으로 즐기는 제주」(2023.12.22) · 한국관광공사 열린관광지 · 이지제주,"현재 무장애 정보는 이동(지체) 접근성 기준입니다. 시각·청각·발달 장애 정보는 확보 중이며, 열린관광 모두의여행(access.visitkorea.or.kr) 또는 이지제주(easyjeju.net)에서 확인하실 수 있습니다.",SURVEYED,[FIX85] 등급 재검토 대상 — facilityAccess·activityAccess 는 CONDITIONAL 인데 wheelchairAccess 는 NONE. routeCondition 이 '휠체어 접근 제한' 한 줄에 그쳐 활동 참여 불가를 시설 접근 불가로 옮겨 적은 판정으로 보임. 시설 내 이동 조건 조사 후 재판정 필요 (FIX73·FIX78 선례),FIX85: 이용자 안내문 신설 — 내부 표기 사유 제거,v3,ROUTE_SURVEY,경로 상태 조사: 비포장+휠체어 접근 제한+이동 보조 필요,,,,Y,UNKNOWN,UNKNOWN,
ACC_P976,P976,NONE,UNKNOWN,UNKNOWN,UNKNOWN,NONE,UNKNOWN,PARTIAL,UNKNOWN,Y,CONDITIONAL,CONDITIONAL,요트 승선 참여 제약 / 육상 시설 이동 조건 미조사,UNKNOWN,휠체어 접근 제한+이동 보조 필요,UNKNOWN,,요트 승선 시 휠체어 이용 가능 여부와 이동 지원 방식이 확인되지 않았습니다. 출발 전 업체에 승선 가능 여부를 문의해 주세요.,,,,휠내비길(wheelnavi.kr) 음성안내 · 제주올레 오디오가이드(jejuolle.org) 코스별 음성해설,「탐나는수어」 앱 · 제주수어통역센터 여행수어 자료(jejudeaf.com),,,,차량+대중교통,,,,,,,,,,,,2023-12,,,,,,,UNKNOWN,UNKNOWN,,,,,제주관광약자접근성안내센터(이지제주) · 한국관광공사 열린관광 · ㈜휴플 현장조사,2026-06,2024~2026,https://easyjeju.net,제주관광공사 「오감으로 즐기는 제주」(2023.12.22) · 한국관광공사 열린관광지 · 이지제주,"현재 무장애 정보는 이동(지체) 접근성 기준입니다. 시각·청각·발달 장애 정보는 확보 중이며, 열린관광 모두의여행(access.visitkorea.or.kr) 또는 이지제주(easyjeju.net)에서 확인하실 수 있습니다.",SURVEYED,[FIX85] 등급 재검토 대상 — facilityAccess·activityAccess 는 CONDITIONAL 인데 wheelchairAccess 는 NONE. routeCondition 이 '휠체어 접근 제한' 한 줄에 그쳐 활동 참여 불가를 시설 접근 불가로 옮겨 적은 판정으로 보임. 시설 내 이동 조건 조사 후 재판정 필요 (FIX73·FIX78 선례),FIX85: 이용자 안내문 신설 — 내부 표기 사유 제거,v3,FACILITY_SURVEY,편의시설 조사: UNKNOWN,,,,Y,UNKNOWN,UNKNOWN,
ACC_P977,P977,UNKNOWN,UNKNOWN,UNKNOWN,UNKNOWN,UNKNOWN,UNKNOWN,UNKNOWN,UNKNOWN,Y,UNKNOWN,UNKNOWN,,UNKNOWN,흙길+비포장+확인 필요,UNKNOWN,,,,,,휠내비길(wheelnavi.kr) 음성안내 · 제주올레 오디오가이드(jejuolle.org) 코스별 음성해설,「탐나는수어」 앱 · 제주수어통역센터 여행수어 자료(jejudeaf.com),,,,차량+대중교통,,,,,,,,,,,,2023-12,,,,,,,UNKNOWN,UNKNOWN,,,,,제주관광약자접근성안내센터(이지제주) · 한국관광공사 열린관광 · ㈜휴플 현장조사,2026-06,2024~2026,https://easyjeju.net,제주관광공사 「오감으로 즐기는 제주」(2023.12.22) · 한국관광공사 열린관광지 · 이지제주,"현재 무장애 정보는 이동(지체) 접근성 기준입니다. 시각·청각·발달 장애 정보는 확보 중이며, 열린관광 모두의여행(access.visitkorea.or.kr) 또는 이지제주(easyjeju.net)에서 확인하실 수 있습니다.",SURVEYED,,,v3,ROUTE_SURVEY,경로 상태 조사: 흙길+비포장+확인 필요,,,,Y,UNKNOWN,UNKNOWN,
ACC_P978,P978,NONE,UNKNOWN,UNKNOWN,UNKNOWN,NONE,UNKNOWN,UNKNOWN,UNKNOWN,Y,CONDITIONAL,CONDITIONAL,야외 부지 비포장 / 체험 참여 조건 미확인,UNKNOWN,비포장+노면 불량+휠체어 접근 제한,장애인 주차장 있음,,"주차장과 화장실, 카페, 소품샵이 있습니다. 다만 야외 부지가 비포장이고 노면이 고르지 않아 이동이 어려울 수 있습니다. 체험 참여 조건은 업체에 직접 확인해 주세요. 시설 안을 이동하시는 조건은 따로 조사되지 않았으니, 관람이나 동행만 생각하고 계시더라도 미리 확인해 보시는 편이 좋습니다.",,,,휠내비길(wheelnavi.kr) 음성안내 · 제주올레 오디오가이드(jejuolle.org) 코스별 음성해설,「탐나는수어」 앱 · 제주수어통역센터 여행수어 자료(jejudeaf.com),,,,차량+대중교통,,,,,,,,,,,,2023-12,,,,,,,UNKNOWN,UNKNOWN,,,,,제주관광약자접근성안내센터(이지제주) · 한국관광공사 열린관광 · ㈜휴플 현장조사,2026-06,2024~2026,https://easyjeju.net,제주관광공사 「오감으로 즐기는 제주」(2023.12.22) · 한국관광공사 열린관광지 · 이지제주,"현재 무장애 정보는 이동(지체) 접근성 기준입니다. 시각·청각·발달 장애 정보는 확보 중이며, 열린관광 모두의여행(access.visitkorea.or.kr) 또는 이지제주(easyjeju.net)에서 확인하실 수 있습니다.",SURVEYED,[FIX85] 등급 재검토 대상 — facilityAccess·activityAccess 는 CONDITIONAL 인데 wheelchairAccess 는 NONE. routeCondition 이 '휠체어 접근 제한' 한 줄에 그쳐 활동 참여 불가를 시설 접근 불가로 옮겨 적은 판정으로 보임. 시설 내 이동 조건 조사 후 재판정 필요 (FIX73·FIX78 선례),FIX85: 이용자 안내문 신설 — 내부 표기 사유 제거,v3,ROUTE_SURVEY,경로 상태 조사: 비포장+노면 불량+휠체어 접근 제한,,,,Y,UNKNOWN,UNKNOWN,
ACC_P979,P979,UNKNOWN,UNKNOWN,UNKNOWN,UNKNOWN,UNKNOWN,UNKNOWN,UNKNOWN,UNKNOWN,N,UNKNOWN,UNKNOWN,,UNKNOWN,UNKNOWN,UNKNOWN,,,,,,휠내비길(wheelnavi.kr) 음성안내 · 제주올레 오디오가이드(jejuolle.org) 코스별 음성해설,「탐나는수어」 앱 · 제주수어통역센터 여행수어 자료(jejudeaf.com),,,,차량,,,,,,,,,,,,2023-12,,,,,,,UNKNOWN,UNKNOWN,,,,,제주관광약자접근성안내센터(이지제주) · 한국관광공사 열린관광 · ㈜휴플 현장조사,2026-06,2024~2026,https://easyjeju.net,제주관광공사 「오감으로 즐기는 제주」(2023.12.22) · 한국관광공사 열린관광지 · 이지제주,"현재 무장애 정보는 이동(지체) 접근성 기준입니다. 시각·청각·발달 장애 정보는 확보 중이며, 열린관광 모두의여행(access.visitkorea.or.kr) 또는 이지제주(easyjeju.net)에서 확인하실 수 있습니다.",SURVEYED,,,v3,FACILITY_SURVEY,편의시설 조사: UNKNOWN,,,,Y,UNKNOWN,UNKNOWN,
ACC_P980,P980,NONE,UNKNOWN,UNKNOWN,UNKNOWN,NONE,UNKNOWN,PARTIAL,UNKNOWN,N,CONDITIONAL,CONDITIONAL,승마 참여 제약 / 시설 내 이동 조건 미조사,UNKNOWN,휠체어 접근 제한+이동 보조 필요,UNKNOWN,,"전용주차장과 화장실, 카페, 아트숍, 야외광장이 있습니다. 다만 승마 체험은 말에 오르셔야 해서 참여가 어렵거나 도움이 필요합니다. 참여 조건은 업체에 직접 확인해 주세요. 시설 안을 이동하시는 조건은 따로 조사되지 않았으니, 관람이나 동행만 생각하고 계시더라도 미리 확인해 보시는 편이 좋습니다.",,,,휠내비길(wheelnavi.kr) 음성안내 · 제주올레 오디오가이드(jejuolle.org) 코스별 음성해설,「탐나는수어」 앱 · 제주수어통역센터 여행수어 자료(jejudeaf.com),,,,차량,,,,,,,,,,,,2023-12,,,,,,,UNKNOWN,UNKNOWN,,,,,제주관광약자접근성안내센터(이지제주) · 한국관광공사 열린관광 · ㈜휴플 현장조사,2026-06,2024~2026,https://easyjeju.net,제주관광공사 「오감으로 즐기는 제주」(2023.12.22) · 한국관광공사 열린관광지 · 이지제주,"현재 무장애 정보는 이동(지체) 접근성 기준입니다. 시각·청각·발달 장애 정보는 확보 중이며, 열린관광 모두의여행(access.visitkorea.or.kr) 또는 이지제주(easyjeju.net)에서 확인하실 수 있습니다.",SURVEYED,[FIX85] 등급 재검토 대상 — facilityAccess·activityAccess 는 CONDITIONAL 인데 wheelchairAccess 는 NONE. routeCondition 이 '휠체어 접근 제한' 한 줄에 그쳐 활동 참여 불가를 시설 접근 불가로 옮겨 적은 판정으로 보임. 시설 내 이동 조건 조사 후 재판정 필요 (FIX73·FIX78 선례),FIX85: 이용자 안내문 신설 — 내부 표기 사유 제거,v3,FACILITY_SURVEY,편의시설 조사: UNKNOWN,,,,Y,UNKNOWN,UNKNOWN,
ACC_P981,P981,UNKNOWN,UNKNOWN,UNKNOWN,UNKNOWN,UNKNOWN,UNKNOWN,UNKNOWN,UNKNOWN,Y,UNKNOWN,UNKNOWN,,UNKNOWN,UNKNOWN,UNKNOWN,,,,,,휠내비길(wheelnavi.kr) 음성안내 · 제주올레 오디오가이드(jejuolle.org) 코스별 음성해설,「탐나는수어」 앱 · 제주수어통역센터 여행수어 자료(jejudeaf.com),,,,차량+대중교통,,,,,,,,,,,,2023-12,,,,,,,UNKNOWN,UNKNOWN,,,,,제주관광약자접근성안내센터(이지제주) · 한국관광공사 열린관광 · ㈜휴플 현장조사,2026-06,2024~2026,https://easyjeju.net,제주관광공사 「오감으로 즐기는 제주」(2023.12.22) · 한국관광공사 열린관광지 · 이지제주,"현재 무장애 정보는 이동(지체) 접근성 기준입니다. 시각·청각·발달 장애 정보는 확보 중이며, 열린관광 모두의여행(access.visitkorea.or.kr) 또는 이지제주(easyjeju.net)에서 확인하실 수 있습니다.",SURVEYED,,,v3,FACILITY_SURVEY,편의시설 조사: UNKNOWN,,,,Y,UNKNOWN,UNKNOWN,
ACC_P982,P982,UNKNOWN,UNKNOWN,UNKNOWN,UNKNOWN,UNKNOWN,UNKNOWN,UNKNOWN,UNKNOWN,Y,UNKNOWN,UNKNOWN,,UNKNOWN,UNKNOWN,UNKNOWN,,,,,,휠내비길(wheelnavi.kr) 음성안내 · 제주올레 오디오가이드(jejuolle.org) 코스별 음성해설,「탐나는수어」 앱 · 제주수어통역센터 여행수어 자료(jejudeaf.com),,,,차량+대중교통,,,,,,,,,,,,2023-12,,,,,,,UNKNOWN,UNKNOWN,,,,,제주관광약자접근성안내센터(이지제주) · 한국관광공사 열린관광 · ㈜휴플 현장조사,2026-06,2024~2026,https://easyjeju.net,제주관광공사 「오감으로 즐기는 제주」(2023.12.22) · 한국관광공사 열린관광지 · 이지제주,"현재 무장애 정보는 이동(지체) 접근성 기준입니다. 시각·청각·발달 장애 정보는 확보 중이며, 열린관광 모두의여행(access.visitkorea.or.kr) 또는 이지제주(easyjeju.net)에서 확인하실 수 있습니다.",SURVEYED,,,v3,FACILITY_SURVEY,편의시설 조사: UNKNOWN,,,,Y,UNKNOWN,UNKNOWN,
ACC_P983,P983,NONE,UNKNOWN,UNKNOWN,UNKNOWN,NONE,UNKNOWN,UNKNOWN,UNKNOWN,N,CONDITIONAL,CONDITIONAL,시설접근 기준 판정 — 활동참여 개별 근거 미확보,UNKNOWN,휠체어 접근 제한+흙길,UNKNOWN,,"우도에 있는 승마 체험장입니다. 성산항에서 우도까지 배로 15분이 걸리고, 체험장 노면이 흙길이라 휠체어로 이동하시기는 어렵습니다. 승마 참여 조건은 업체에 직접 확인해 주세요. 여객선은 풍랑특보가 내리면 결항하니 방문 전에 운항을 확인해 주세요.",,,,휠내비길(wheelnavi.kr) 음성안내 · 제주올레 오디오가이드(jejuolle.org) 코스별 음성해설,「탐나는수어」 앱 · 제주수어통역센터 여행수어 자료(jejudeaf.com),,,,차량,,,,,,,,,,,,2023-12,FERRY_BOARDING,여객선 승하선 제약 · 풍랑 시 결항 가능,,,,,UNKNOWN,UNKNOWN,,,,,제주관광약자접근성안내센터(이지제주) · 한국관광공사 열린관광 · ㈜휴플 현장조사,2026-06,2024~2026,https://easyjeju.net,제주관광공사 「오감으로 즐기는 제주」(2023.12.22) · 한국관광공사 열린관광지 · 이지제주,"현재 무장애 정보는 이동(지체) 접근성 기준입니다. 시각·청각·발달 장애 정보는 확보 중이며, 열린관광 모두의여행(access.visitkorea.or.kr) 또는 이지제주(easyjeju.net)에서 확인하실 수 있습니다.",SURVEYED,[FIX83] 도서 지역 — 여객선 승선 높이차·선내 계단. 섬 내 이동수단 별도 확인 필요,FIX83: 이용자 사유 필드에서 내부 표기 제거,v3,FACILITY_SURVEY,편의시설 조사: UNKNOWN,,,,Y,UNKNOWN,UNKNOWN,
ACC_P984,P984,UNKNOWN,UNKNOWN,UNKNOWN,UNKNOWN,UNKNOWN,UNKNOWN,UNKNOWN,UNKNOWN,N,UNKNOWN,UNKNOWN,,UNKNOWN,UNKNOWN,UNKNOWN,,,,,,휠내비길(wheelnavi.kr) 음성안내 · 제주올레 오디오가이드(jejuolle.org) 코스별 음성해설,「탐나는수어」 앱 · 제주수어통역센터 여행수어 자료(jejudeaf.com),,,,차량,,,,,,,,,,,,2023-12,,,,,,,UNKNOWN,UNKNOWN,,,,,제주관광약자접근성안내센터(이지제주) · 한국관광공사 열린관광 · ㈜휴플 현장조사,2026-06,2024~2026,https://easyjeju.net,제주관광공사 「오감으로 즐기는 제주」(2023.12.22) · 한국관광공사 열린관광지 · 이지제주,"현재 무장애 정보는 이동(지체) 접근성 기준입니다. 시각·청각·발달 장애 정보는 확보 중이며, 열린관광 모두의여행(access.visitkorea.or.kr) 또는 이지제주(easyjeju.net)에서 확인하실 수 있습니다.",SURVEYED,,,v3,FACILITY_SURVEY,편의시설 조사: UNKNOWN,,,,Y,UNKNOWN,UNKNOWN,
ACC_P985,P985,FULL,UNKNOWN,UNKNOWN,PARTIAL,FULL,UNKNOWN,UNKNOWN,FULL,N,AVAILABLE,CONDITIONAL,마방·관람 시설 접근 가능 / 승마 탑승은 보조 필요,UNKNOWN,휠체어 접근 가능,장애인 주차장 있음+장애인 화장실 있음,,재활승마 프로그램을 운영하지만 일반 체험의 장애 유형별 참여 조건은 확인되지 않았습니다. 승마를 원하시면 방문 전에 이용 가능 여부를 문의해 주세요.,,,,휠내비길(wheelnavi.kr) 음성안내 · 제주올레 오디오가이드(jejuolle.org) 코스별 음성해설,「탐나는수어」 앱 · 제주수어통역센터 여행수어 자료(jejudeaf.com),오감 p.24: 체험승마 600m·강습승마 1시간·외승승마 10.5km 단계별 운영,IN_VENUE,이용 동선에서 이용 가능,차량,,,,,,,,,,,Y,2023-12,,,,,,,UNKNOWN,UNKNOWN,,,,,제주관광약자접근성안내센터(이지제주) · 한국관광공사 열린관광 · ㈜휴플 현장조사,2026-06,2024~2026,https://korean.visitkorea.or.kr/detail/ms_detail.do?cotid=b3ee92ff-f3e4-41f4-82de-ba8eef8ee234,제주관광공사 「오감으로 즐기는 제주」(2023.12.22) · 한국관광공사 열린관광지 · 이지제주,"현재 무장애 정보는 이동(지체) 접근성 기준입니다. 시각·청각·발달 장애 정보는 확보 중이며, 열린관광 모두의여행(access.visitkorea.or.kr) 또는 이지제주(easyjeju.net)에서 확인하실 수 있습니다.",PARTIAL,"부분검증(2026-08) — 오감 액티비티 수록, 휠체어 탑승 가부 미확인",,v3,PUBLICATION,,,,,Y,UNKNOWN,UNKNOWN,
ACC_P986,P986,UNKNOWN,UNKNOWN,UNKNOWN,UNKNOWN,UNKNOWN,UNKNOWN,UNKNOWN,UNKNOWN,N,UNKNOWN,UNKNOWN,,UNKNOWN,UNKNOWN,UNKNOWN,,,,,,휠내비길(wheelnavi.kr) 음성안내 · 제주올레 오디오가이드(jejuolle.org) 코스별 음성해설,「탐나는수어」 앱 · 제주수어통역센터 여행수어 자료(jejudeaf.com),,,,차량,,,,,,,,,,,,2023-12,,,,,,,UNKNOWN,UNKNOWN,,,,,제주관광약자접근성안내센터(이지제주) · 한국관광공사 열린관광 · ㈜휴플 현장조사,2026-06,2024~2026,https://easyjeju.net,제주관광공사 「오감으로 즐기는 제주」(2023.12.22) · 한국관광공사 열린관광지 · 이지제주,"현재 무장애 정보는 이동(지체) 접근성 기준입니다. 시각·청각·발달 장애 정보는 확보 중이며, 열린관광 모두의여행(access.visitkorea.or.kr) 또는 이지제주(easyjeju.net)에서 확인하실 수 있습니다.",SURVEYED,,,v3,FACILITY_SURVEY,편의시설 조사: UNKNOWN,,,,Y,UNKNOWN,UNKNOWN,
ACC_P987,P987,UNKNOWN,UNKNOWN,UNKNOWN,UNKNOWN,UNKNOWN,UNKNOWN,UNKNOWN,UNKNOWN,N,UNKNOWN,UNKNOWN,,UNKNOWN,UNKNOWN,UNKNOWN,,,,,,휠내비길(wheelnavi.kr) 음성안내 · 제주올레 오디오가이드(jejuolle.org) 코스별 음성해설,「탐나는수어」 앱 · 제주수어통역센터 여행수어 자료(jejudeaf.com),,,,차량,,,,,,,,,,,,2023-12,,,,,,,UNKNOWN,UNKNOWN,,,,,제주관광약자접근성안내센터(이지제주) · 한국관광공사 열린관광 · ㈜휴플 현장조사,2026-06,2024~2026,https://easyjeju.net,제주관광공사 「오감으로 즐기는 제주」(2023.12.22) · 한국관광공사 열린관광지 · 이지제주,"현재 무장애 정보는 이동(지체) 접근성 기준입니다. 시각·청각·발달 장애 정보는 확보 중이며, 열린관광 모두의여행(access.visitkorea.or.kr) 또는 이지제주(easyjeju.net)에서 확인하실 수 있습니다.",SURVEYED,,,v3,FACILITY_SURVEY,편의시설 조사: UNKNOWN,,,,Y,UNKNOWN,UNKNOWN,
ACC_P988,P988,NONE,UNKNOWN,UNKNOWN,UNKNOWN,NONE,UNKNOWN,UNKNOWN,NONE,Y,CONDITIONAL,CONDITIONAL,승마 참여 제약 / 시설 내 이동 조건 미조사,UNKNOWN,휠체어 접근 제한,,,"주차장과 화장실, 카페, 소품샵이 있습니다. 다만 승마 체험은 말에 오르셔야 해서 참여가 어렵거나 도움이 필요합니다. 참여 조건은 업체에 직접 확인해 주세요. 시설 안을 이동하시는 조건은 따로 조사되지 않았으니, 관람이나 동행만 생각하고 계시더라도 미리 확인해 보시는 편이 좋습니다.",,,,휠내비길(wheelnavi.kr) 음성안내 · 제주올레 오디오가이드(jejuolle.org) 코스별 음성해설,「탐나는수어」 앱 · 제주수어통역센터 여행수어 자료(jejudeaf.com),,,,차량+대중교통,,,,,,,,,,,,2023-12,,,,,,,UNKNOWN,UNKNOWN,,,,,제주관광약자접근성안내센터(이지제주) · 한국관광공사 열린관광 · ㈜휴플 현장조사,2026-06,2024~2026,https://easyjeju.net,제주관광공사 「오감으로 즐기는 제주」(2023.12.22) · 한국관광공사 열린관광지 · 이지제주,"현재 무장애 정보는 이동(지체) 접근성 기준입니다. 시각·청각·발달 장애 정보는 확보 중이며, 열린관광 모두의여행(access.visitkorea.or.kr) 또는 이지제주(easyjeju.net)에서 확인하실 수 있습니다.",SURVEYED,[FIX85] 등급 재검토 대상 — facilityAccess·activityAccess 는 CONDITIONAL 인데 wheelchairAccess 는 NONE. routeCondition 이 '휠체어 접근 제한' 한 줄에 그쳐 활동 참여 불가를 시설 접근 불가로 옮겨 적은 판정으로 보임. 시설 내 이동 조건 조사 후 재판정 필요 (FIX73·FIX78 선례),FIX85: 이용자 안내문 신설 — 내부 표기 사유 제거,v3,ROUTE_SURVEY,경로 상태: 휠체어 접근 제한,,,,Y,UNKNOWN,UNKNOWN,
ACC_P989,P989,NONE,UNKNOWN,UNKNOWN,UNKNOWN,NONE,UNKNOWN,UNKNOWN,UNKNOWN,Y,CONDITIONAL,CONDITIONAL,카트 주행 참여 제약 / 시설 내 이동 조건 미조사,UNKNOWN,휠체어 접근 제한,,,"주차장과 카페가 있습니다. 다만 카트 주행은 탑승 구조와 안전 기준상 참여가 어려울 수 있습니다. 참여 조건은 업체에 직접 확인해 주세요. 시설 안을 이동하시는 조건은 따로 조사되지 않았으니, 관람이나 동행만 생각하고 계시더라도 미리 확인해 보시는 편이 좋습니다.",,,,휠내비길(wheelnavi.kr) 음성안내 · 제주올레 오디오가이드(jejuolle.org) 코스별 음성해설,「탐나는수어」 앱 · 제주수어통역센터 여행수어 자료(jejudeaf.com),"카트(1.2km)·산악버기카·짚라인(왕복 250m, 스토프 제동장치)·서바이벌·사계절썰매(높이 12m). 단체숙박 120명 수용(오감 p.29)",,,차량+대중교통,,,,,,,,,,,,2023-12,,,,,,,UNKNOWN,UNKNOWN,,,,,제주관광약자접근성안내센터(이지제주) · 한국관광공사 열린관광 · ㈜휴플 현장조사,2026-06,2024~2026,https://easyjeju.net,제주관광공사 「오감으로 즐기는 제주」(2023.12.22) · 한국관광공사 열린관광지 · 이지제주,"현재 무장애 정보는 이동(지체) 접근성 기준입니다. 시각·청각·발달 장애 정보는 확보 중이며, 열린관광 모두의여행(access.visitkorea.or.kr) 또는 이지제주(easyjeju.net)에서 확인하실 수 있습니다.",SURVEYED,[FIX85] 등급 재검토 대상 — facilityAccess·activityAccess 는 CONDITIONAL 인데 wheelchairAccess 는 NONE. routeCondition 이 '휠체어 접근 제한' 한 줄에 그쳐 활동 참여 불가를 시설 접근 불가로 옮겨 적은 판정으로 보임. 시설 내 이동 조건 조사 후 재판정 필요 (FIX73·FIX78 선례),FIX85: 이용자 안내문 신설 — 내부 표기 사유 제거,v3,ROUTE_SURVEY,경로 상태: 휠체어 접근 제한,,,,Y,UNKNOWN,UNKNOWN,
ACC_P990,P990,NONE,UNKNOWN,UNKNOWN,UNKNOWN,NONE,UNKNOWN,UNKNOWN,UNKNOWN,Y,CONDITIONAL,CONDITIONAL,카트 주행 참여 제약 / 시설 내 이동 조건 미조사,UNKNOWN,휠체어 접근 제한,,,"주차장이 있습니다. 다만 카트 주행은 탑승 구조와 안전 기준상 참여가 어려울 수 있습니다. 참여 조건은 업체에 직접 확인해 주세요. 시설 안을 이동하시는 조건은 따로 조사되지 않았으니, 관람이나 동행만 생각하고 계시더라도 미리 확인해 보시는 편이 좋습니다.",,,,휠내비길(wheelnavi.kr) 음성안내 · 제주올레 오디오가이드(jejuolle.org) 코스별 음성해설,「탐나는수어」 앱 · 제주수어통역센터 여행수어 자료(jejudeaf.com),,,,차량+대중교통,,,,,,,,,,,,2023-12,,,,,,,UNKNOWN,UNKNOWN,,,,,제주관광약자접근성안내센터(이지제주) · 한국관광공사 열린관광 · ㈜휴플 현장조사,2026-06,2024~2026,https://easyjeju.net,제주관광공사 「오감으로 즐기는 제주」(2023.12.22) · 한국관광공사 열린관광지 · 이지제주,"현재 무장애 정보는 이동(지체) 접근성 기준입니다. 시각·청각·발달 장애 정보는 확보 중이며, 열린관광 모두의여행(access.visitkorea.or.kr) 또는 이지제주(easyjeju.net)에서 확인하실 수 있습니다.",SURVEYED,[FIX85] 등급 재검토 대상 — facilityAccess·activityAccess 는 CONDITIONAL 인데 wheelchairAccess 는 NONE. routeCondition 이 '휠체어 접근 제한' 한 줄에 그쳐 활동 참여 불가를 시설 접근 불가로 옮겨 적은 판정으로 보임. 시설 내 이동 조건 조사 후 재판정 필요 (FIX73·FIX78 선례),FIX85: 이용자 안내문 신설 — 내부 표기 사유 제거,v3,ROUTE_SURVEY,경로 상태: 휠체어 접근 제한,,,,Y,UNKNOWN,UNKNOWN,
ACC_P991,P991,NONE,UNKNOWN,UNKNOWN,UNKNOWN,NONE,UNKNOWN,UNKNOWN,UNKNOWN,Y,CONDITIONAL,CONDITIONAL,카트 주행 참여 제약 / 시설 내 이동 조건 미조사,UNKNOWN,휠체어 접근 제한,,,"주차장과 화장실, 카페, 카트 대기실이 있습니다. 다만 카트 주행은 탑승 구조와 안전 기준상 참여가 어려울 수 있습니다. 참여 조건은 업체에 직접 확인해 주세요. 시설 안을 이동하시는 조건은 따로 조사되지 않았으니, 관람이나 동행만 생각하고 계시더라도 미리 확인해 보시는 편이 좋습니다.",,,,휠내비길(wheelnavi.kr) 음성안내 · 제주올레 오디오가이드(jejuolle.org) 코스별 음성해설,「탐나는수어」 앱 · 제주수어통역센터 여행수어 자료(jejudeaf.com),,,,차량+대중교통,,,,,,,,,,,,2023-12,,,,,,,UNKNOWN,UNKNOWN,,,,,제주관광약자접근성안내센터(이지제주) · 한국관광공사 열린관광 · ㈜휴플 현장조사,2026-06,2024~2026,https://easyjeju.net,제주관광공사 「오감으로 즐기는 제주」(2023.12.22) · 한국관광공사 열린관광지 · 이지제주,"현재 무장애 정보는 이동(지체) 접근성 기준입니다. 시각·청각·발달 장애 정보는 확보 중이며, 열린관광 모두의여행(access.visitkorea.or.kr) 또는 이지제주(easyjeju.net)에서 확인하실 수 있습니다.",SURVEYED,[FIX85] 등급 재검토 대상 — facilityAccess·activityAccess 는 CONDITIONAL 인데 wheelchairAccess 는 NONE. routeCondition 이 '휠체어 접근 제한' 한 줄에 그쳐 활동 참여 불가를 시설 접근 불가로 옮겨 적은 판정으로 보임. 시설 내 이동 조건 조사 후 재판정 필요 (FIX73·FIX78 선례),FIX85: 이용자 안내문 신설 — 내부 표기 사유 제거,v3,ROUTE_SURVEY,경로 상태: 휠체어 접근 제한,,,,Y,UNKNOWN,UNKNOWN,
ACC_P992,P992,PARTIAL,UNKNOWN,UNKNOWN,UNKNOWN,PARTIAL,FULL,FULL,UNKNOWN,N,AVAILABLE,UNAVAILABLE,ATV는 직접 운전·조작이 필요해 하지 마비 이용자 참여 불가. 수렵사격은 개별 상담 필요,UNKNOWN,단차 없음+휠체어 접근 가능,장애인 주차장 있음,ATV·수렵사격 시설 — 접근성 조사 자료 없음. 활동 특성상 휠체어 이용 제한 가능,,,,,휠내비길(wheelnavi.kr) 음성안내 · 제주올레 오디오가이드(jejuolle.org) 코스별 음성해설,「탐나는수어」 앱 · 제주수어통역센터 여행수어 자료(jejudeaf.com),"한국관광공사 열린관광 모두의여행 무장애 관광정보 등재 — 장애인 전용주차 2대, 주출입구까지 약 40m, 부지 넓음(시설접근 근거). 만 14세 이상 이용. ATV·버기카는 이용자가 직접 운전·조작하는 구조. 운영사 공식 장애인 이용제한 문구는 확인되지 않음 — 사전 문의 필수(064-738-0500)",,,차량,,,,,,,,,,,,2023-12,,,,,,,UNKNOWN,UNKNOWN,,,,,제주관광약자접근성안내센터(이지제주) · 한국관광공사 열린관광 · ㈜휴플 현장조사,2026-06,2024~2026,https://easyjeju.net · access.visitkorea.or.kr(열린관광 등재) · daeyooland.com,제주관광공사 「오감으로 즐기는 제주」(2023.12.22) · 한국관광공사 열린관광지 · 이지제주,"현재 무장애 정보는 이동(지체) 접근성 기준입니다. 시각·청각·발달 장애 정보는 확보 중이며, 열린관광 모두의여행(access.visitkorea.or.kr) 또는 이지제주(easyjeju.net)에서 확인하실 수 있습니다.",PARTIAL,시설접근은 열린관광 공식 등재로 확인. activityAccess=UNAVAILABLE은 조작 구조 기반 추론 — 운영사 명시 문구 미확보(2026-08 재확인) [FIX97] 등급 재검토 대상 — partialReason 에 「접근성 조사 자료 없음」이라 적혀 있으나 등급이 NONE·PARTIAL. 조사되지 않은 것이라면 UNKNOWN 이 맞음. 미조사 NONE 유형(P315·P707·P1017)과 같은 건.,FIX23: CENTRAL 검증,v3,ROUTE_SURVEY,경로 상태 조사: 단차 없음+휠체어 접근 가능,,,,N,UNKNOWN,UNKNOWN,시각·청각장애인의 탑승 가능 여부는 시설 안전 규정에 따라 다릅니다. 해당 시설의 장애인 이용 정책이 확인되지 않았으니 예약 전 직접 문의해 주세요
ACC_P993,P993,UNKNOWN,UNKNOWN,UNKNOWN,UNKNOWN,UNKNOWN,UNKNOWN,UNKNOWN,UNKNOWN,Y,UNKNOWN,UNKNOWN,,UNKNOWN,UNKNOWN,,,,,,,휠내비길(wheelnavi.kr) 음성안내 · 제주올레 오디오가이드(jejuolle.org) 코스별 음성해설,「탐나는수어」 앱 · 제주수어통역센터 여행수어 자료(jejudeaf.com),,,,차량+대중교통,,,,,,,,,,,,2023-12,,,,,,,UNKNOWN,UNKNOWN,,,,,제주관광약자접근성안내센터(이지제주) · 한국관광공사 열린관광 · ㈜휴플 현장조사,2026-06,2024~2026,https://easyjeju.net,제주관광공사 「오감으로 즐기는 제주」(2023.12.22) · 한국관광공사 열린관광지 · 이지제주,"현재 무장애 정보는 이동(지체) 접근성 기준입니다. 시각·청각·발달 장애 정보는 확보 중이며, 열린관광 모두의여행(access.visitkorea.or.kr) 또는 이지제주(easyjeju.net)에서 확인하실 수 있습니다.",SURVEYED,,,v3,ROUTE_SURVEY,경로 상태: UNKNOWN,,,,Y,UNKNOWN,UNKNOWN,
ACC_P994,P994,FULL,UNKNOWN,UNKNOWN,UNKNOWN,FULL,FULL,FULL,UNKNOWN,Y,AVAILABLE,CONDITIONAL,매표·대기 시설 접근 가능 / 카트 탑승은 이승 보조 필요,UNKNOWN,단차 없음+휠체어 접근 가능,,,카트 탑승 조건과 승하차 지원 여부는 확인되지 않았습니다. 이동에 도움이 필요하다면 방문 전에 시설에 문의해 주세요.,,,,휠내비길(wheelnavi.kr) 음성안내 · 제주올레 오디오가이드(jejuolle.org) 코스별 음성해설,「탐나는수어」 앱 · 제주수어통역센터 여행수어 자료(jejudeaf.com),,,,차량+대중교통,,,,,,,,,,,,2023-12,,,,,,,UNKNOWN,UNKNOWN,,,,,제주관광약자접근성안내센터(이지제주) · 한국관광공사 열린관광 · ㈜휴플 현장조사,2026-06,2024~2026,https://korean.visitkorea.or.kr/detail/ms_detail.do?cotid=9f8337d1-c0ed-424d-a361-bdbeb80ef9a1,제주관광공사 「오감으로 즐기는 제주」(2023.12.22) · 한국관광공사 열린관광지 · 이지제주,"현재 무장애 정보는 이동(지체) 접근성 기준입니다. 시각·청각·발달 장애 정보는 확보 중이며, 열린관광 모두의여행(access.visitkorea.or.kr) 또는 이지제주(easyjeju.net)에서 확인하실 수 있습니다.",SURVEYED,,,v3,ROUTE_SURVEY,경로 상태 조사: 단차 없음+휠체어 접근 가능,,,,Y,UNKNOWN,UNKNOWN,
ACC_P995,P995,NONE,UNKNOWN,UNKNOWN,UNKNOWN,NONE,UNKNOWN,PARTIAL,UNKNOWN,Y,CONDITIONAL,CONDITIONAL,시설 내 이동 조건 미조사 — 판정 근거 부족,확인불가,휠체어 접근 제한+확인 필요,확인불가,,"주차장이 있습니다. 다만 카페와 목장 시설의 이동 조건이 조사되지 않았습니다. 방문하실 계획이라면 미리 확인해 보시는 편이 좋습니다. 시설 안을 이동하시는 조건은 따로 조사되지 않았으니, 관람이나 동행만 생각하고 계시더라도 미리 확인해 보시는 편이 좋습니다.",,,,휠내비길(wheelnavi.kr) 음성안내 · 제주올레 오디오가이드(jejuolle.org) 코스별 음성해설,「탐나는수어」 앱 · 제주수어통역센터 여행수어 자료(jejudeaf.com),,,,차량+대중교통,,,,,,,,,,,,2023-12,,,,,,,UNKNOWN,UNKNOWN,,,,,제주관광약자접근성안내센터(이지제주) · 한국관광공사 열린관광 · ㈜휴플 현장조사,2026-06,2024~2026,https://easyjeju.net,제주관광공사 「오감으로 즐기는 제주」(2023.12.22) · 한국관광공사 열린관광지 · 이지제주,"현재 무장애 정보는 이동(지체) 접근성 기준입니다. 시각·청각·발달 장애 정보는 확보 중이며, 열린관광 모두의여행(access.visitkorea.or.kr) 또는 이지제주(easyjeju.net)에서 확인하실 수 있습니다.",SURVEYED,[FIX85] 등급 재검토 대상 — facilityAccess·activityAccess 는 CONDITIONAL 인데 wheelchairAccess 는 NONE. routeCondition 이 '휠체어 접근 제한' 한 줄에 그쳐 활동 참여 불가를 시설 접근 불가로 옮겨 적은 판정으로 보임. 시설 내 이동 조건 조사 후 재판정 필요 (FIX73·FIX78 선례),FIX85: 이용자 안내문 신설 — 내부 표기 사유 제거,v3,FACILITY_SURVEY,편의시설 조사: 확인불가,,,,Y,UNKNOWN,UNKNOWN,
ACC_P996,P996,FULL,UNKNOWN,UNKNOWN,UNKNOWN,FULL,FULL,FULL,FULL,Y,AVAILABLE,UNKNOWN,"시설 접근은 가능하나, 활동 참여(입욕·탑승·체험)에 대한 개별 근거가 없습니다. 보조 인력·이동 전이 필요 여부는 시설에 직접 확인이 필요합니다.",경사로 있음,경사로 접근+엘리베이터+경기장 관람 동선,장애인 전용 주차구역 22개+장애인 화장실+장애인 관람석 336석+엘리베이터,공공체육시설로 장애인등편의법 의무설치 대상(휠체어석·엘리베이터 등). 단 무장애 조사 자료 미확인 — 경기·행사 시 좌석 위치 사전 문의 권장,,,,,휠내비길(wheelnavi.kr) 음성안내 · 제주올레 오디오가이드(jejuolle.org) 코스별 음성해설,「탐나는수어」 앱 · 제주수어통역센터 여행수어 자료(jejudeaf.com),,IN_VENUE,이용 동선에서 이용 가능,차량+대중교통+도보,,,,,,,,,,,,2023-12,,,,,,,UNKNOWN,UNKNOWN,,,,,제주관광약자접근성안내센터(이지제주) · 한국관광공사 열린관광 · ㈜휴플 현장조사,2026-06,2024~2026,https://easyjeju.net,제주관광공사 「오감으로 즐기는 제주」(2023.12.22) · 한국관광공사 열린관광지 · 이지제주,"현재 무장애 정보는 이동(지체) 접근성 기준입니다. 시각·청각·발달 장애 정보는 확보 중이며, 열린관광 모두의여행(access.visitkorea.or.kr) 또는 이지제주(easyjeju.net)에서 확인하실 수 있습니다.",PARTIAL,"부분검증(2026-07) — 법정 의무시설 근거, 실지 조사 미확인",,v3,LEGAL_PRESUMPTION,,,,,Y,UNKNOWN,UNKNOWN,
ACC_P997,P997,UNKNOWN,UNKNOWN,UNKNOWN,UNKNOWN,PARTIAL,UNKNOWN,UNKNOWN,FULL,Y,UNKNOWN,UNKNOWN,,UNKNOWN,UNKNOWN,UNKNOWN,실내 주요 시설은 이용 가능하고 외부 보행로에 경사,장애인 주차구역이 있습니다. 장애인 화장실이 있습니다. 외부 보행로에 경사와 고르지 않은 노면이 있어 살펴 이동해 주세요.,,,,휠내비길(wheelnavi.kr) 음성안내 · 제주올레 오디오가이드(jejuolle.org) 코스별 음성해설,「탐나는수어」 앱 · 제주수어통역센터 여행수어 자료(jejudeaf.com),,,,차량+대중교통+도보,,,,,,,전수조사 38곳 (2026-09-08) · 한국관광공사 열린관광·제주도·비짓제주 1차 공식출처,,,,,2023-12,,,,,,,UNKNOWN,UNKNOWN,,,,,제주관광약자접근성안내센터(이지제주) · 한국관광공사 열린관광 · ㈜휴플 현장조사,2026-06,2024~2026,https://easyjeju.net,제주관광공사 「오감으로 즐기는 제주」(2023.12.22) · 한국관광공사 열린관광지 · 이지제주,"현재 무장애 정보는 이동(지체) 접근성 기준입니다. 시각·청각·발달 장애 정보는 확보 중이며, 열린관광 모두의여행(access.visitkorea.or.kr) 또는 이지제주(easyjeju.net)에서 확인하실 수 있습니다.",SURVEYED,,,v3,FACILITY_SURVEY,편의시설 조사: UNKNOWN,,,,Y,UNKNOWN,UNKNOWN,
ACC_P998,P998,UNKNOWN,UNKNOWN,UNKNOWN,UNKNOWN,UNKNOWN,UNKNOWN,UNKNOWN,UNKNOWN,Y,UNKNOWN,UNKNOWN,,UNKNOWN,UNKNOWN,UNKNOWN,,,,,,휠내비길(wheelnavi.kr) 음성안내 · 제주올레 오디오가이드(jejuolle.org) 코스별 음성해설,「탐나는수어」 앱 · 제주수어통역센터 여행수어 자료(jejudeaf.com),,,,차량+대중교통,,,,,,,,,,,,2023-12,,,,,,,UNKNOWN,UNKNOWN,,,,,제주관광약자접근성안내센터(이지제주) · 한국관광공사 열린관광 · ㈜휴플 현장조사,2026-06,2024~2026,https://easyjeju.net,제주관광공사 「오감으로 즐기는 제주」(2023.12.22) · 한국관광공사 열린관광지 · 이지제주,"현재 무장애 정보는 이동(지체) 접근성 기준입니다. 시각·청각·발달 장애 정보는 확보 중이며, 열린관광 모두의여행(access.visitkorea.or.kr) 또는 이지제주(easyjeju.net)에서 확인하실 수 있습니다.",SURVEYED,,,v3,FACILITY_SURVEY,편의시설 조사: UNKNOWN,,,,Y,UNKNOWN,UNKNOWN,
ACC_P999,P999,FULL,UNKNOWN,UNKNOWN,UNKNOWN,FULL,UNKNOWN,UNKNOWN,UNKNOWN,Y,AVAILABLE,UNKNOWN,"시설 접근은 가능하나, 활동 참여(입욕·탑승·체험)에 대한 개별 근거가 없습니다. 보조 인력·이동 전이 필요 여부는 시설에 직접 확인이 필요합니다.",출입구까지 경사로 있어 휠체어 접근 가능함,경사로 있음+휠체어 접근 가능,장애인 전용 주차구역 있음(4대)+엘리베이터 있음,,장애인 화장실 유무를 확인하지 못했습니다. 오래 머무르실 계획이라면 방문 전에 시설에 문의해 주세요.,,,,휠내비길(wheelnavi.kr) 음성안내 · 제주올레 오디오가이드(jejuolle.org) 코스별 음성해설,「탐나는수어」 앱 · 제주수어통역센터 여행수어 자료(jejudeaf.com),,,,차량+대중교통,,,,,,,,,,,,2023-12,,,,,,,UNKNOWN,UNKNOWN,,,,,제주관광약자접근성안내센터(이지제주) · 한국관광공사 열린관광 · ㈜휴플 현장조사,2026-06,2024~2026,https://easyjeju.net,제주관광공사 「오감으로 즐기는 제주」(2023.12.22) · 한국관광공사 열린관광지 · 이지제주,"현재 무장애 정보는 이동(지체) 접근성 기준입니다. 시각·청각·발달 장애 정보는 확보 중이며, 열린관광 모두의여행(access.visitkorea.or.kr) 또는 이지제주(easyjeju.net)에서 확인하실 수 있습니다.",SURVEYED,,,v3,ROUTE_SURVEY,경로 상태 조사: 경사로 있음+휠체어 접근 가능,,,,Y,UNKNOWN,UNKNOWN,
ACC_P1000,P1000,FULL,UNKNOWN,UNKNOWN,UNKNOWN,FULL,UNKNOWN,UNKNOWN,UNKNOWN,Y,AVAILABLE,UNKNOWN,"시설 접근은 가능하나, 활동 참여(입욕·탑승·체험)에 대한 개별 근거가 없습니다. 보조 인력·이동 전이 필요 여부는 시설에 직접 확인이 필요합니다.",UNKNOWN,휠체어 접근 가능,엘리베이터 있음,,장애인 화장실 유무를 확인하지 못했습니다. 오래 머무르실 계획이라면 방문 전에 시설에 문의해 주세요.,,,,휠내비길(wheelnavi.kr) 음성안내 · 제주올레 오디오가이드(jejuolle.org) 코스별 음성해설,「탐나는수어」 앱 · 제주수어통역센터 여행수어 자료(jejudeaf.com),,,,차량+대중교통,,,,,,,,,,,,2023-12,,,,,,,UNKNOWN,UNKNOWN,,,,,제주관광약자접근성안내센터(이지제주) · 한국관광공사 열린관광 · ㈜휴플 현장조사,2026-06,2024~2026,https://easyjeju.net,제주관광공사 「오감으로 즐기는 제주」(2023.12.22) · 한국관광공사 열린관광지 · 이지제주,"현재 무장애 정보는 이동(지체) 접근성 기준입니다. 시각·청각·발달 장애 정보는 확보 중이며, 열린관광 모두의여행(access.visitkorea.or.kr) 또는 이지제주(easyjeju.net)에서 확인하실 수 있습니다.",SURVEYED,,,v3,FACILITY_SURVEY,편의시설 조사: 엘리베이터 있음,,,,Y,UNKNOWN,UNKNOWN,
ACC_P1001,P1001,FULL,PARTIAL,UNKNOWN,UNKNOWN,FULL,FULL,FULL,FULL,Y,AVAILABLE,CONDITIONAL,시설접근 가능 / 활동참여 조건부 — 주출입·실내 이동은 확인되었으나 개별 어트랙션 탑승은 안전기준상 제한 가능,경사로 있음,단차 없음+휠체어 접근 가능,휠체어 대여 가능+엘리베이터 있음+장애인 화장실 있음+장애인 주차장 있음,"열린관광지 확인 — 주 출입 접근로 평지·주출입구 턱 없음, 실내 놀이기구는 엘리베이터, 없는 곳은 경사로 배치. 장애인 주차 24면, 휠체어 대여(복지카드 시 면제). 다만 개별 어트랙션 탑승은 안전기준상 제한될 수 있음","시설 이동과 놀이기구 탑승은 따로 확인하셔야 합니다. 주 출입 접근로는 평지이고 실내 놀이기구는 엘리베이터, 그 외는 경사로로 이동할 수 있습니다. 다만 개별 어트랙션 탑승은 안전기준상 제한될 수 있으니 방문 전 문의를 권합니다.",,,,휠내비길(wheelnavi.kr) 음성안내 · 제주올레 오디오가이드(jejuolle.org) 코스별 음성해설,「탐나는수어」 앱 · 제주수어통역센터 여행수어 자료(jejudeaf.com),,IN_VENUE,이용 동선에서 이용 가능,차량+대중교통,,Y,,,,,,,,,,2023-12,,,,,,,UNKNOWN,UNKNOWN,,,,,제주관광약자접근성안내센터(이지제주) · 한국관광공사 열린관광 · ㈜휴플 현장조사,2026-06,2024~2026,https://easyjeju.net · https://www.data.go.kr/data/15101897/openapi.do,제주관광공사 「오감으로 즐기는 제주」(2023.12.22) · 한국관광공사 열린관광지 · 이지제주,"현재 무장애 정보는 이동(지체) 접근성 기준입니다. 시각·청각·발달 장애 정보는 확보 중이며, 열린관광 모두의여행(access.visitkorea.or.kr) 또는 이지제주(easyjeju.net)에서 확인하실 수 있습니다.",PARTIAL,검증완료(2026-07) [FIX65] 한국관광공사 무장애 API(detailWithTour2) — helpdog=동반가능_시각장애인 편의시설 / [FIX73] 활동참여 축은 미확인. 개별 어트랙션 탑승 가부는 현장 판정 사항 ※ [FIX83] FULL 판정 근거는 열린관광 시설 조사. 어트랙션 탑승은 활동참여 축으로 분리 (FIX73),"FIX65: visualAccess UNKNOWN→PARTIAL (KTO API); FIX73: activityAccess AVAILABLE→CONDITIONAL, 어트랙션 탑승 제한 안내 명문화 | FIX83: 이용자 사유 필드에서 내부 표기 제거",v3,ROUTE_SURVEY,경로 상태 조사: 단차 없음+휠체어 접근 가능,,,,Y,UNKNOWN,UNKNOWN,
ACC_P1002,P1002,PARTIAL,UNKNOWN,UNKNOWN,UNKNOWN,PARTIAL,FULL,FULL,FULL,Y,AVAILABLE,CONDITIONAL,시설 접근·유수풀은 이용 가능한 경우 있음. 슬라이드·급류 어트랙션은 안전기준상 제한 — 사전 문의 필요,경사로 있음,단차 없음+휠체어 접근 가능,휠체어 대여 가능+엘리베이터 있음+장애인 화장실 있음+장애인 주차장 있음,시설 접근은 가능하나 수영장·슬라이드 이용은 안전기준상 제한 가능 — 사전 문의 필요,,,,,휠내비길(wheelnavi.kr) 음성안내 · 제주올레 오디오가이드(jejuolle.org) 코스별 음성해설,「탐나는수어」 앱 · 제주수어통역센터 여행수어 자료(jejudeaf.com),,IN_VENUE,이용 동선에서 이용 가능,차량+대중교통,,,,,,,,,,,,2023-12,,,,,,,UNKNOWN,UNKNOWN,,,,,제주관광약자접근성안내센터(이지제주) · 한국관광공사 열린관광 · ㈜휴플 현장조사,2026-06,2024~2026,https://easyjeju.net,제주관광공사 「오감으로 즐기는 제주」(2023.12.22) · 한국관광공사 열린관광지 · 이지제주,"현재 무장애 정보는 이동(지체) 접근성 기준입니다. 시각·청각·발달 장애 정보는 확보 중이며, 열린관광 모두의여행(access.visitkorea.or.kr) 또는 이지제주(easyjeju.net)에서 확인하실 수 있습니다.",VERIFIED,검증완료(2026-07) — 시설/활동 분리 판정,FIX23: CENTRAL 검증,v3,ROUTE_SURVEY,경로 상태 조사: 단차 없음+휠체어 접근 가능,,,기상이 나쁜 날에는 실내 구역 이용이 가능한지 미리 확인해 주세요. 체감온도 33도가 넘는 날에는 야외 구역 체류를 줄이고 수분을 자주 보충해 주세요.,Y,UNKNOWN,UNKNOWN,
ACC_P1003,P1003,UNKNOWN,UNKNOWN,UNKNOWN,UNKNOWN,UNKNOWN,UNKNOWN,PARTIAL,FULL,Y,UNKNOWN,UNKNOWN,,경사로 있음,단차 있음+이동 보조 필요,장애인 주차장 있음+장애인 화장실 있음+엘리베이터 있음,,,,,,휠내비길(wheelnavi.kr) 음성안내 · 제주올레 오디오가이드(jejuolle.org) 코스별 음성해설,「탐나는수어」 앱 · 제주수어통역센터 여행수어 자료(jejudeaf.com),,IN_VENUE,이용 동선에서 이용 가능,차량+대중교통,,,,,,,,,,,,2023-12,,,,,,,UNKNOWN,UNKNOWN,,,,,제주관광약자접근성안내센터(이지제주) · 한국관광공사 열린관광 · ㈜휴플 현장조사,2026-06,2024~2026,https://easyjeju.net,제주관광공사 「오감으로 즐기는 제주」(2023.12.22) · 한국관광공사 열린관광지 · 이지제주,"현재 무장애 정보는 이동(지체) 접근성 기준입니다. 시각·청각·발달 장애 정보는 확보 중이며, 열린관광 모두의여행(access.visitkorea.or.kr) 또는 이지제주(easyjeju.net)에서 확인하실 수 있습니다.",SURVEYED,,,v3,ROUTE_SURVEY,경로 상태 조사: 단차 있음+이동 보조 필요,,,,Y,UNKNOWN,UNKNOWN,
ACC_P1004,P1004,PARTIAL,PARTIAL,UNKNOWN,UNKNOWN,PARTIAL,UNKNOWN,PARTIAL,UNKNOWN,Y,CONDITIONAL,CONDITIONAL,시설접근 기준 판정 — 활동참여 개별 근거 미확보,경사로 있음,휠체어 접근 가능+이동 보조 필요,장애인 주차장 있음+휠체어 대여 가능,구간별 접근 제한 — 조사문에 동행 도움 필요 명시,,,,,휠내비길(wheelnavi.kr) 음성안내 · 제주올레 오디오가이드(jejuolle.org) 코스별 음성해설,「탐나는수어」 앱 · 제주수어통역센터 여행수어 자료(jejudeaf.com),,,,차량+대중교통+도보,,,,,,,,,,,,2023-12,,,,,,,UNKNOWN,UNKNOWN,,,,,제주관광약자접근성안내센터(이지제주) · 한국관광공사 열린관광 · ㈜휴플 현장조사,2026-06,2024~2026,https://easyjeju.net · https://www.data.go.kr/data/15101897/openapi.do,제주관광공사 「오감으로 즐기는 제주」(2023.12.22) · 한국관광공사 열린관광지 · 이지제주,"현재 무장애 정보는 이동(지체) 접근성 기준입니다. 시각·청각·발달 장애 정보는 확보 중이며, 열린관광 모두의여행(access.visitkorea.or.kr) 또는 이지제주(easyjeju.net)에서 확인하실 수 있습니다.",SURVEYED,[FIX65] 한국관광공사 무장애 API(detailWithTour2) — guidehuman=매표소에 안내데스크 및 안내요원 상주,FIX20: FULL 재점검 — 구간편차 기준 일괄 적용 | FIX65: visualAccess UNKNOWN→PARTIAL (KTO API),v3,ROUTE_SURVEY,경로 상태 조사: 휠체어 접근 가능+이동 보조 필요,,,,Y,UNKNOWN,UNKNOWN,
ACC_P1005,P1005,UNKNOWN,UNKNOWN,UNKNOWN,UNKNOWN,UNKNOWN,UNKNOWN,PARTIAL,UNKNOWN,Y,UNKNOWN,UNKNOWN,,UNKNOWN,이동 보조 필요,장애인 주차장 있음,,,,,,휠내비길(wheelnavi.kr) 음성안내 · 제주올레 오디오가이드(jejuolle.org) 코스별 음성해설,「탐나는수어」 앱 · 제주수어통역센터 여행수어 자료(jejudeaf.com),,,,차량+대중교통+도보,,,,,,,,,,,,2023-12,,,,,,,UNKNOWN,UNKNOWN,,,,,제주관광약자접근성안내센터(이지제주) · 한국관광공사 열린관광 · ㈜휴플 현장조사,2026-06,2024~2026,https://easyjeju.net,제주관광공사 「오감으로 즐기는 제주」(2023.12.22) · 한국관광공사 열린관광지 · 이지제주,"현재 무장애 정보는 이동(지체) 접근성 기준입니다. 시각·청각·발달 장애 정보는 확보 중이며, 열린관광 모두의여행(access.visitkorea.or.kr) 또는 이지제주(easyjeju.net)에서 확인하실 수 있습니다.",SURVEYED,,,v3,FACILITY_SURVEY,편의시설 조사: 장애인 주차장 있음,,,,Y,UNKNOWN,UNKNOWN,
ACC_P1006,P1006,PARTIAL,UNKNOWN,UNKNOWN,UNKNOWN,PARTIAL,UNKNOWN,UNKNOWN,UNKNOWN,Y,CONDITIONAL,CONDITIONAL,시설접근 기준 판정 — 활동참여 개별 근거 미확보,외부 관람로 일부 구간 바닥 요철마감 및 경사(약 4도~7도)있습니다+피자체험관 주 출입구 경사로 설치되어 있습니다,휠체어 접근 가능,,"노면·단차 제약 — 조사문에 ""요철"" 명시",,,,,휠내비길(wheelnavi.kr) 음성안내 · 제주올레 오디오가이드(jejuolle.org) 코스별 음성해설,「탐나는수어」 앱 · 제주수어통역센터 여행수어 자료(jejudeaf.com),,,,차량+대중교통+도보,,,,,,,,,,,,2023-12,,,,,,,UNKNOWN,UNKNOWN,,,,,제주관광약자접근성안내센터(이지제주) · 한국관광공사 열린관광 · ㈜휴플 현장조사,2026-06,2024~2026,https://easyjeju.net,제주관광공사 「오감으로 즐기는 제주」(2023.12.22) · 한국관광공사 열린관광지 · 이지제주,"현재 무장애 정보는 이동(지체) 접근성 기준입니다. 시각·청각·발달 장애 정보는 확보 중이며, 열린관광 모두의여행(access.visitkorea.or.kr) 또는 이지제주(easyjeju.net)에서 확인하실 수 있습니다.",SURVEYED,,FIX22: 논리검사 패턴 보완(요철·단차·노면불량),v3,ROUTE_SURVEY,경로 상태 조사: 휠체어 접근 가능,,,,Y,UNKNOWN,UNKNOWN,
ACC_P1007,P1007,UNKNOWN,UNKNOWN,UNKNOWN,UNKNOWN,UNKNOWN,UNKNOWN,PARTIAL,FULL,Y,UNKNOWN,UNKNOWN,,UNKNOWN,비포장+이동 보조 필요,장애인 화장실 있음+휠체어 대여 가능,,,,,,휠내비길(wheelnavi.kr) 음성안내 · 제주올레 오디오가이드(jejuolle.org) 코스별 음성해설,「탐나는수어」 앱 · 제주수어통역센터 여행수어 자료(jejudeaf.com),,IN_VENUE,이용 동선에서 이용 가능,차량+대중교통+도보,,,,,,,,,,,,2023-12,,,,,,,UNKNOWN,UNKNOWN,,,,,제주관광약자접근성안내센터(이지제주) · 한국관광공사 열린관광 · ㈜휴플 현장조사,2026-06,2024~2026,https://easyjeju.net,제주관광공사 「오감으로 즐기는 제주」(2023.12.22) · 한국관광공사 열린관광지 · 이지제주,"현재 무장애 정보는 이동(지체) 접근성 기준입니다. 시각·청각·발달 장애 정보는 확보 중이며, 열린관광 모두의여행(access.visitkorea.or.kr) 또는 이지제주(easyjeju.net)에서 확인하실 수 있습니다.",SURVEYED,,,v3,ROUTE_SURVEY,경로 상태 조사: 비포장+이동 보조 필요,,,,Y,UNKNOWN,UNKNOWN,
ACC_P1008,P1008,PARTIAL,UNKNOWN,UNKNOWN,UNKNOWN,PARTIAL,FULL,FULL,FULL,Y,CONDITIONAL,CONDITIONAL,시설접근 기준 판정 — 활동참여 개별 근거 미확보,"매표소 건물과 관람 건물이 분리되어 있으며, 매표소 건물 접근로에 12도 경사로가 있습니다+매표소 건물 주 출입구 접근로에 경사로가 설치되어 있습니다. 경사로는 12도, 75cm 입니다",단차 없음+휠체어 접근 가능,장애인 주차장 있음+장애인 화장실 있음+휠체어 대여 가능,일부 구간의 경사가 가팔라 통행이 제한됨,,,,,휠내비길(wheelnavi.kr) 음성안내 · 제주올레 오디오가이드(jejuolle.org) 코스별 음성해설,「탐나는수어」 앱 · 제주수어통역센터 여행수어 자료(jejudeaf.com),,IN_VENUE,이용 동선에서 이용 가능,차량+대중교통+도보,,,,,,,,,,,,2023-12,,,,,,,UNKNOWN,UNKNOWN,,,,,제주관광약자접근성안내센터(이지제주) · 한국관광공사 열린관광 · ㈜휴플 현장조사,2026-06,2024~2026,https://easyjeju.net,제주관광공사 「오감으로 즐기는 제주」(2023.12.22) · 한국관광공사 열린관광지 · 이지제주,"현재 무장애 정보는 이동(지체) 접근성 기준입니다. 시각·청각·발달 장애 정보는 확보 중이며, 열린관광 모두의여행(access.visitkorea.or.kr) 또는 이지제주(easyjeju.net)에서 확인하실 수 있습니다.",SURVEYED,,FIX20: FULL 재점검 — 구간편차 기준 일괄 적용,v3,ROUTE_SURVEY,경로 상태 조사: 단차 없음+휠체어 접근 가능,,,,Y,UNKNOWN,UNKNOWN,
ACC_P1009,P1009,PARTIAL,UNKNOWN,UNKNOWN,UNKNOWN,PARTIAL,FULL,FULL,FULL,Y,CONDITIONAL,CONDITIONAL,시설접근 기준 판정 — 활동참여 개별 근거 미확보,"내부 관람로 단차, 경사 없으며, 이동 경로 유효 폭 적정합니다+전망대 경사 있습니다",단차 없음+휠체어 접근 가능,장애인 주차장 있음+장애인 화장실 있음+휠체어 대여 가능+휠체어 전동화 키트 충전기 있음,"노면·단차 제약 — 조사문에 ""단차,"" 명시",,,,,휠내비길(wheelnavi.kr) 음성안내 · 제주올레 오디오가이드(jejuolle.org) 코스별 음성해설,「탐나는수어」 앱 · 제주수어통역센터 여행수어 자료(jejudeaf.com),,IN_VENUE,이용 동선에서 이용 가능,차량+대중교통+도보,NONE,Y,,,,,㈜휴플 자체 현장조사 (2024~2025),,,,,2023-12,,,,,,,UNKNOWN,UNKNOWN,,,,,제주관광약자접근성안내센터(이지제주) · 한국관광공사 열린관광 · ㈜휴플 현장조사,2026-06,2024~2026,https://easyjeju.net,제주관광공사 「오감으로 즐기는 제주」(2023.12.22) · 한국관광공사 열린관광지 · 이지제주,"현재 무장애 정보는 이동(지체) 접근성 기준입니다. 시각·청각·발달 장애 정보는 확보 중이며, 열린관광 모두의여행(access.visitkorea.or.kr) 또는 이지제주(easyjeju.net)에서 확인하실 수 있습니다.",VERIFIED,,FIX22: 논리검사 패턴 보완(요철·단차·노면불량),v3,FIELD_SURVEY,㈜휴플 자체 현장조사 / 경로: 단차 없음+휠체어 접근 가능,,,,Y,UNKNOWN,UNKNOWN,
ACC_P1010,P1010,PARTIAL,UNKNOWN,UNKNOWN,UNKNOWN,PARTIAL,PARTIAL,FULL,FULL,Y,UNKNOWN,UNKNOWN,,매표소에 약간의 경사가 있으니 주의하시길 바랍니다+관람로는 전체적으로 평탄합니다+일부구간 경사가 있어 동행자의 도움이 필요합니다,단차 없음+폭 좁음,장애인 주차장 있음+장애인 화장실 있음+휠체어 대여 가능,관람로는 평탄하고 일부 구간이 좁고 경사,출입구에 단차가 없고 관람로는 대부분 평탄합니다. 일부 구간이 좁고 경사가 있어 동행자의 도움이 필요합니다. 휠체어 대여가 됩니다. 장애인 화장실과 장애인 주차구역이 있습니다.,,,,휠내비길(wheelnavi.kr) 음성안내 · 제주올레 오디오가이드(jejuolle.org) 코스별 음성해설,「탐나는수어」 앱 · 제주수어통역센터 여행수어 자료(jejudeaf.com),,IN_VENUE,이용 동선에서 이용 가능,차량+대중교통+도보,NONE,Y,,,,,㈜휴플 자체 현장조사 (2024~2025),,,,,2023-12,,,,,,,UNKNOWN,UNKNOWN,,,,,제주관광약자접근성안내센터(이지제주) · 한국관광공사 열린관광 · ㈜휴플 현장조사,2026-06,2024~2026,https://easyjeju.net,제주관광공사 「오감으로 즐기는 제주」(2023.12.22) · 한국관광공사 열린관광지 · 이지제주,"현재 무장애 정보는 이동(지체) 접근성 기준입니다. 시각·청각·발달 장애 정보는 확보 중이며, 열린관광 모두의여행(access.visitkorea.or.kr) 또는 이지제주(easyjeju.net)에서 확인하실 수 있습니다.",VERIFIED,,,v3,FIELD_SURVEY,㈜휴플 자체 현장조사 / 경로: 단차 없음+폭 좁음,,,,Y,UNKNOWN,UNKNOWN,
ACC_P1011,P1011,NONE,PARTIAL,UNKNOWN,UNKNOWN,NONE,PARTIAL,PARTIAL,FULL,Y,CONDITIONAL,CONDITIONAL,주차장·화장실은 이용 가능 / 전시 구역 간 단차로 전체 관람 불가,매표소 접근로에 보차구분이 되어 있지 않으니 주의가 필요합니다+주 출입구 접근로에 바리게이트로 인하여 폭이 다소 좁으실 수 있습니다+내부관람로는 대체적으로 단차는 없으나 일부구간 경사가 있는 곳이 있으니 동행자의 도움이 필요합니다,단차 있음+휠체어 접근 제한+이동 보조 필요,장애인 주차장 있음+장애인 화장실 있음+휠체어 대여 가능,,"공용주차장과 화장실, 쉼터가 있습니다. 다만 전시 구역 사이에 단차가 있고 이동에 도움이 필요한 구간이 있어 휠체어로 전체를 둘러보시기는 어렵습니다.",,,,휠내비길(wheelnavi.kr) 음성안내 · 제주올레 오디오가이드(jejuolle.org) 코스별 음성해설,「탐나는수어」 앱 · 제주수어통역센터 여행수어 자료(jejudeaf.com),,IN_VENUE,이용 동선에서 이용 가능,차량+대중교통,NONE,Y,,,,,㈜휴플 자체 현장조사 (2024~2025),,,,,2023-12,,,,,,,UNKNOWN,UNKNOWN,,,,,제주관광약자접근성안내센터(이지제주) · 한국관광공사 열린관광 · ㈜휴플 현장조사,2026-06,2024~2026,https://easyjeju.net · https://www.data.go.kr/data/15101897/openapi.do,제주관광공사 「오감으로 즐기는 제주」(2023.12.22) · 한국관광공사 열린관광지 · 이지제주,"현재 무장애 정보는 이동(지체) 접근성 기준입니다. 시각·청각·발달 장애 정보는 확보 중이며, 열린관광 모두의여행(access.visitkorea.or.kr) 또는 이지제주(easyjeju.net)에서 확인하실 수 있습니다.",VERIFIED,"[FIX65] 한국관광공사 무장애 API(detailWithTour2) — braileblock=점자블록 있음(먹거리장터 주출입구)_시각장애인 편의시설 ※ [FIX85] 잔여 확인 — 단차 없이 관람 가능한 구역 범위, 장애인 전용 시설 유무",FIX65: visualAccess UNKNOWN→PARTIAL (KTO API) | FIX65: strollerAccess UNKNOWN→PARTIAL (KTO API) | FIX85: 이용자 안내문 신설 — 내부 표기 사유 제거,v3,FIELD_SURVEY,㈜휴플 자체 현장조사 / 경로: 단차 있음+휠체어 접근 제한+이동 보조 필요,,,,Y,UNKNOWN,UNKNOWN,
ACC_P1012,P1012,NONE,UNKNOWN,UNKNOWN,UNKNOWN,NONE,PARTIAL,PARTIAL,FULL,Y,UNAVAILABLE,UNAVAILABLE,시설접근 기준 판정 — 활동참여 개별 근거 미확보,경사로 있음,단차 있음+접근 불가+이동 보조 필요,장애인 주차장 있음+장애인 화장실 있음,,시설 일부에는 경사로가 있지만 주요 체험 구간에는 단차가 있어 휠체어로 이용하기 어렵습니다. 체험 이용을 원하시면 사전에 운영처에 확인해 주세요.,일부 접근 보조시설은 있으나 주요 체험 구간에 단차가 있고 기존 원자료에서 휠체어 접근 불가로 확인됨.,,,휠내비길(wheelnavi.kr) 음성안내 · 제주올레 오디오가이드(jejuolle.org) 코스별 음성해설,「탐나는수어」 앱 · 제주수어통역센터 여행수어 자료(jejudeaf.com),,ENTRANCE_ONLY,장애인 화장실은 입구·주차장 등 부대시설에 위치. 이용 동선에는 없음,차량+대중교통,,,,,,,,,,,,2023-12,,,,,,,UNKNOWN,UNKNOWN,,,,,제주관광약자접근성안내센터(이지제주) · 한국관광공사 열린관광 · ㈜휴플 현장조사,2026-06,2024~2026,http://theveniceland.com/,제주관광공사 「오감으로 즐기는 제주」(2023.12.22) · 한국관광공사 열린관광지 · 이지제주,"현재 무장애 정보는 이동(지체) 접근성 기준입니다. 시각·청각·발달 장애 정보는 확보 중이며, 열린관광 모두의여행(access.visitkorea.or.kr) 또는 이지제주(easyjeju.net)에서 확인하실 수 있습니다.",SURVEYED,,,v3,ROUTE_SURVEY,경로 상태 조사: 단차 있음+접근 불가+이동 보조 필요,,,,N,UNKNOWN,UNKNOWN,시각·청각 접근성 정보가 확인되지 않았습니다
ACC_P1013,P1013,NONE,PARTIAL,UNKNOWN,UNKNOWN,NONE,FULL,FULL,FULL,Y,CONDITIONAL,CONDITIONAL,단차 없음 확인 / 통행 불가 기록과 상충 — 통로 폭 확인 필요,주출입구 경사로 있음,단차 없음+휠체어 접근 제한,장애인 화장실 있음+장애인 주차장 있음,,"주차장과 휴게공간은 이용할 수 있지만, 관람 동선에는 휠체어로 통행하기 어려운 구간이 있어 전체 체험 이용이 어렵습니다. 방문 전 이용 가능한 구간을 시설에 문의해 주세요.","주차장과 휴게공간이 있고 단차가 없다고 조사되어 있습니다. 그런데도 통행할 수 없는 구간이 있다고 기록되어 있어, 실제 조건은 방문 전에 문의해 확인해 주시는 편이 좋습니다. 미로 구조라 통로 폭이 제약이 될 수 있습니다.",,,휠내비길(wheelnavi.kr) 음성안내 · 제주올레 오디오가이드(jejuolle.org) 코스별 음성해설,「탐나는수어」 앱 · 제주수어통역센터 여행수어 자료(jejudeaf.com),,IN_VENUE,이용 동선에서 이용 가능,차량+대중교통,,,,,,,,,,,,2023-12,,,,,,,UNKNOWN,UNKNOWN,,,,,제주관광약자접근성안내센터(이지제주) · 한국관광공사 열린관광 · ㈜휴플 현장조사,2026-06,2024~2026,https://easyjeju.net · https://www.data.go.kr/data/15101897/openapi.do,제주관광공사 「오감으로 즐기는 제주」(2023.12.22) · 한국관광공사 열린관광지 · 이지제주,"현재 무장애 정보는 이동(지체) 접근성 기준입니다. 시각·청각·발달 장애 정보는 확보 중이며, 열린관광 모두의여행(access.visitkorea.or.kr) 또는 이지제주(easyjeju.net)에서 확인하실 수 있습니다.",SURVEYED,[FIX65] 한국관광공사 무장애 API(detailWithTour2) — guidehuman=안내요원 있음_시각장애인 편의시설 ※ [FIX85] 등급 재검토 대상 — 조사 기록과 등급이 어긋남 — routeCondition 이 '단차 없음+휠체어 접근 제한'으로 자체 모순. 미로 통로 유효 폭 실측 후 재판정 필요,FIX65: visualAccess UNKNOWN→PARTIAL (KTO API) | FIX85: 이용자 안내문 신설 — 내부 표기 사유 제거,v3,ROUTE_SURVEY,경로 상태 조사: 단차 없음+휠체어 접근 제한,,,,Y,UNKNOWN,UNKNOWN,
ACC_P1014,P1014,FULL,UNKNOWN,UNKNOWN,UNKNOWN,FULL,FULL,FULL,FULL,N,UNKNOWN,UNKNOWN,접근성 조사 자료 없음 — 방문 전 시설 직접 문의 필요,UNKNOWN,단차 없음+휠체어 접근 가능,장애인 화장실 있음+장애인 주차장 있음+엘리베이터 있음+휠체어 대여 가능,,주출입구에 단차가 없고 휠체어로 접근할 수 있습니다. 장애인 주차구역과 장애인 화장실이 있습니다. 엘리베이터가 있습니다. 휠체어 대여가 됩니다.,,,,휠내비길(wheelnavi.kr) 음성안내 · 제주올레 오디오가이드(jejuolle.org) 코스별 음성해설,「탐나는수어」 앱 · 제주수어통역센터 여행수어 자료(jejudeaf.com),,IN_VENUE,이용 동선에서 이용 가능,차량,,,,,,,,,,,,2023-12,,,,,,,UNKNOWN,UNKNOWN,,,,,제주관광약자접근성안내센터(이지제주) · 한국관광공사 열린관광 · ㈜휴플 현장조사,2026-06,2024~2026,https://easyjeju.net,제주관광공사 「오감으로 즐기는 제주」(2023.12.22) · 한국관광공사 열린관광지 · 이지제주,"현재 무장애 정보는 이동(지체) 접근성 기준입니다. 시각·청각·발달 장애 정보는 확보 중이며, 열린관광 모두의여행(access.visitkorea.or.kr) 또는 이지제주(easyjeju.net)에서 확인하실 수 있습니다.",VERIFIED,검증완료(2026-07) — 이용 가부 판정 [FIX97] 등급 재검토 대상 — partialReason 에 「접근성 조사 자료 없음」이라 적혀 있으나 등급이 NONE·PARTIAL. 조사되지 않은 것이라면 UNKNOWN 이 맞음. 미조사 NONE 유형(P315·P707·P1017)과 같은 건.,FIX23: 근거 부재 FULL→UNKNOWN,v3,ROUTE_SURVEY,경로 상태 조사: 단차 없음+휠체어 접근 가능,,,,Y,UNKNOWN,UNKNOWN,
ACC_P1015,P1015,UNKNOWN,UNKNOWN,UNKNOWN,UNKNOWN,UNKNOWN,UNKNOWN,UNKNOWN,UNKNOWN,N,UNKNOWN,UNKNOWN,,UNKNOWN,확인 필요+정보 없음,UNKNOWN,,,,,,휠내비길(wheelnavi.kr) 음성안내 · 제주올레 오디오가이드(jejuolle.org) 코스별 음성해설,「탐나는수어」 앱 · 제주수어통역센터 여행수어 자료(jejudeaf.com),,,,차량,,,,,,,,,,,,2023-12,,,,,,,UNKNOWN,UNKNOWN,,,,,제주관광약자접근성안내센터(이지제주) · 한국관광공사 열린관광 · ㈜휴플 현장조사,2026-06,2024~2026,https://easyjeju.net,제주관광공사 「오감으로 즐기는 제주」(2023.12.22) · 한국관광공사 열린관광지 · 이지제주,"현재 무장애 정보는 이동(지체) 접근성 기준입니다. 시각·청각·발달 장애 정보는 확보 중이며, 열린관광 모두의여행(access.visitkorea.or.kr) 또는 이지제주(easyjeju.net)에서 확인하실 수 있습니다.",SURVEYED,,,v3,FACILITY_SURVEY,편의시설 조사: UNKNOWN,,,,Y,UNKNOWN,UNKNOWN,
ACC_P1016,P1016,PARTIAL,PARTIAL,UNKNOWN,UNKNOWN,PARTIAL,FULL,FULL,FULL,Y,CONDITIONAL,CONDITIONAL,시설접근 기준 판정 — 활동참여 개별 근거 미확보,"주 출입구 접근로 경사로(약 17도) 있으며, 전면 유효 공간 70cm 입니다+실내 놀이터 주 출입구 앞 뒤 10cm 이상 단차 있습니다+공룡 사파리 입구 부근 경사 8도, 바니오닉스 구간 경사 9도, 출구 부근 경사 15도 있습니다",단차 없음+휠체어 접근 가능,장애인 화장실 있음+장애인 주차장 있음+유모차 대여 가능,일부 구간의 경사가 매우 가팔라 통행이 제한됨,,,,,휠내비길(wheelnavi.kr) 음성안내 · 제주올레 오디오가이드(jejuolle.org) 코스별 음성해설,「탐나는수어」 앱 · 제주수어통역센터 여행수어 자료(jejudeaf.com),,IN_VENUE,이용 동선에서 이용 가능,차량+대중교통,,,,,,,,,,,,2023-12,,,,,,,UNKNOWN,UNKNOWN,,,,,제주관광약자접근성안내센터(이지제주) · 한국관광공사 열린관광 · ㈜휴플 현장조사,2026-06,2024~2026,https://easyjeju.net · https://www.data.go.kr/data/15101897/openapi.do,제주관광공사 「오감으로 즐기는 제주」(2023.12.22) · 한국관광공사 열린관광지 · 이지제주,"현재 무장애 정보는 이동(지체) 접근성 기준입니다. 시각·청각·발달 장애 정보는 확보 중이며, 열린관광 모두의여행(access.visitkorea.or.kr) 또는 이지제주(easyjeju.net)에서 확인하실 수 있습니다.",SURVEYED,[FIX65] 한국관광공사 무장애 API(detailWithTour2) — guidehuman=안내요원 있음_시각장애인 편의시설,FIX20: FULL 재점검 — 구간편차 기준 일괄 적용 | FIX65: visualAccess UNKNOWN→PARTIAL (KTO API),v3,ROUTE_SURVEY,경로 상태 조사: 단차 없음+휠체어 접근 가능,,,,Y,UNKNOWN,UNKNOWN,
ACC_P1017,P1017,NONE,UNKNOWN,UNKNOWN,UNKNOWN,NONE,UNKNOWN,UNKNOWN,UNKNOWN,Y,CONDITIONAL,CONDITIONAL,주차장·화장실은 이용 가능 / 시설 내 이동 조건 미조사,UNKNOWN,휠체어 접근 제한+확인 필요,UNKNOWN,,휠체어로 이용할 수 있는 동선과 체험 범위가 충분히 확인되지 않았습니다. 출발 전 런닝맨 제주점에 이용 가능 여부를 문의해 주세요.,,,,휠내비길(wheelnavi.kr) 음성안내 · 제주올레 오디오가이드(jejuolle.org) 코스별 음성해설,「탐나는수어」 앱 · 제주수어통역센터 여행수어 자료(jejudeaf.com),,,,차량+대중교통,,,,,,,,,,,,2023-12,,,,,,,UNKNOWN,UNKNOWN,,,,,제주관광약자접근성안내센터(이지제주) · 한국관광공사 열린관광 · ㈜휴플 현장조사,2026-06,2024~2026,https://easyjeju.net,제주관광공사 「오감으로 즐기는 제주」(2023.12.22) · 한국관광공사 열린관광지 · 이지제주,"현재 무장애 정보는 이동(지체) 접근성 기준입니다. 시각·청각·발달 장애 정보는 확보 중이며, 열린관광 모두의여행(access.visitkorea.or.kr) 또는 이지제주(easyjeju.net)에서 확인하실 수 있습니다.",SURVEYED,[FIX85] routeCondition 이 '휠체어 접근 제한+확인 필요'로 미조사 상태. NONE 이 아니라 UNKNOWN 이 맞을 수 있음 — 재판정 검토 필요,FIX85: 이용자 안내문 신설 — 내부 표기 사유 제거,v3,FACILITY_SURVEY,편의시설 조사: UNKNOWN,,,,Y,UNKNOWN,UNKNOWN,
ACC_P1018,P1018,UNKNOWN,UNKNOWN,UNKNOWN,UNKNOWN,UNKNOWN,UNKNOWN,UNKNOWN,UNKNOWN,N,UNKNOWN,UNKNOWN,,UNKNOWN,노면 불량+확인 필요,UNKNOWN,,,,,,휠내비길(wheelnavi.kr) 음성안내 · 제주올레 오디오가이드(jejuolle.org) 코스별 음성해설,「탐나는수어」 앱 · 제주수어통역센터 여행수어 자료(jejudeaf.com),,,,차량,,,,,,,,,,,,2023-12,,,,,,,UNKNOWN,UNKNOWN,,,,,제주관광약자접근성안내센터(이지제주) · 한국관광공사 열린관광 · ㈜휴플 현장조사,2026-06,2024~2026,https://easyjeju.net,제주관광공사 「오감으로 즐기는 제주」(2023.12.22) · 한국관광공사 열린관광지 · 이지제주,"현재 무장애 정보는 이동(지체) 접근성 기준입니다. 시각·청각·발달 장애 정보는 확보 중이며, 열린관광 모두의여행(access.visitkorea.or.kr) 또는 이지제주(easyjeju.net)에서 확인하실 수 있습니다.",SURVEYED,,,v3,FACILITY_SURVEY,편의시설 조사: UNKNOWN,,,,Y,UNKNOWN,UNKNOWN,
ACC_P1019,P1019,FULL,UNKNOWN,UNKNOWN,UNKNOWN,FULL,FULL,FULL,UNKNOWN,Y,AVAILABLE,AVAILABLE,시설접근 기준 판정 — 활동참여 개별 근거 미확보,경사로 있음,단차 없음+휠체어 접근 가능,UNKNOWN,,장애인 화장실 유무를 확인하지 못했습니다. 오래 머무르실 계획이라면 방문 전에 시설에 문의해 주세요.,,,,휠내비길(wheelnavi.kr) 음성안내 · 제주올레 오디오가이드(jejuolle.org) 코스별 음성해설,「탐나는수어」 앱 · 제주수어통역센터 여행수어 자료(jejudeaf.com),,,,차량+대중교통+도보,,,,,,,,,,,,2023-12,,,,,,,UNKNOWN,UNKNOWN,,,,,제주관광약자접근성안내센터(이지제주) · 한국관광공사 열린관광 · ㈜휴플 현장조사,2026-06,2024~2026,https://easyjeju.net,제주관광공사 「오감으로 즐기는 제주」(2023.12.22) · 한국관광공사 열린관광지 · 이지제주,"현재 무장애 정보는 이동(지체) 접근성 기준입니다. 시각·청각·발달 장애 정보는 확보 중이며, 열린관광 모두의여행(access.visitkorea.or.kr) 또는 이지제주(easyjeju.net)에서 확인하실 수 있습니다.",SURVEYED,,,v3,ROUTE_SURVEY,경로 상태 조사: 단차 없음+휠체어 접근 가능,,,,Y,UNKNOWN,UNKNOWN,
ACC_P1020,P1020,UNKNOWN,UNKNOWN,UNKNOWN,UNKNOWN,UNKNOWN,UNKNOWN,UNKNOWN,UNKNOWN,Y,UNKNOWN,UNKNOWN,,UNKNOWN,UNKNOWN,UNKNOWN,,,,,,휠내비길(wheelnavi.kr) 음성안내 · 제주올레 오디오가이드(jejuolle.org) 코스별 음성해설,「탐나는수어」 앱 · 제주수어통역센터 여행수어 자료(jejudeaf.com),,,,차량+대중교통,,,,,,,,,,,,2023-12,,,,,,,UNKNOWN,UNKNOWN,,,,,제주관광약자접근성안내센터(이지제주) · 한국관광공사 열린관광 · ㈜휴플 현장조사,2026-06,2024~2026,https://easyjeju.net,제주관광공사 「오감으로 즐기는 제주」(2023.12.22) · 한국관광공사 열린관광지 · 이지제주,"현재 무장애 정보는 이동(지체) 접근성 기준입니다. 시각·청각·발달 장애 정보는 확보 중이며, 열린관광 모두의여행(access.visitkorea.or.kr) 또는 이지제주(easyjeju.net)에서 확인하실 수 있습니다.",SURVEYED,,,v3,FACILITY_SURVEY,편의시설 조사: UNKNOWN,,,,Y,UNKNOWN,UNKNOWN,
ACC_P1021,P1021,UNKNOWN,UNKNOWN,UNKNOWN,UNKNOWN,UNKNOWN,PARTIAL,PARTIAL,UNKNOWN,N,UNKNOWN,UNKNOWN,,"매표소 건물 고스트공연 영상관 출입구 단차 있고 유효 폭 매우 협소하며, 4D 체험관 단차 있습니다+고스트 메이즈, 유령의집 주 출입구 단차있으며 유효 폭 협소합니다+주 출입구 경사(약 7도) 있습니다",단차 있음+계단 있음+확인 필요,장애인 주차장 있음,,,,,,휠내비길(wheelnavi.kr) 음성안내 · 제주올레 오디오가이드(jejuolle.org) 코스별 음성해설,「탐나는수어」 앱 · 제주수어통역센터 여행수어 자료(jejudeaf.com),,,,차량,,,,,,,,,,,,2023-12,,,,,,,UNKNOWN,UNKNOWN,,,,,제주관광약자접근성안내센터(이지제주) · 한국관광공사 열린관광 · ㈜휴플 현장조사,2026-06,2024~2026,https://easyjeju.net,제주관광공사 「오감으로 즐기는 제주」(2023.12.22) · 한국관광공사 열린관광지 · 이지제주,"현재 무장애 정보는 이동(지체) 접근성 기준입니다. 시각·청각·발달 장애 정보는 확보 중이며, 열린관광 모두의여행(access.visitkorea.or.kr) 또는 이지제주(easyjeju.net)에서 확인하실 수 있습니다.",SURVEYED,,,v3,ROUTE_SURVEY,경로 상태 조사: 단차 있음+계단 있음+확인 필요,,,,Y,UNKNOWN,UNKNOWN,
ACC_P1022,P1022,PARTIAL,FULL,UNKNOWN,PARTIAL,PARTIAL,FULL,FULL,FULL,Y,CONDITIONAL,CONDITIONAL,시설접근 기준 판정 — 활동참여 개별 근거 미확보,아트전시관&영상체험관 주출입구 앞 요철마감입니다+아트전시관&영상체험관 주출입구 경사로 설치되어 있습니다+내부 관람로 단차없이 관람가능합니다,단차 없음+휠체어 접근 가능,장애인 화장실 있음+장애인 주차장 있음+휠체어 대여 가능+유모차 대여 가능,"노면·단차 제약 — 조사문에 ""요철"" 명시",,,,,휠내비길(wheelnavi.kr) 음성안내 · 제주올레 오디오가이드(jejuolle.org) 코스별 음성해설,「탐나는수어」 앱 · 제주수어통역센터 여행수어 자료(jejudeaf.com),발달장애인 추천 코스 수록: 감각자극 낮은 실내 테마파크(오감 p.14). 정크아트·미디어아트·게임 체험공간,IN_VENUE,이용 동선에서 이용 가능,차량+대중교통,,,,,,,,LOW,,,,2023-12,,,,,,,UNKNOWN,UNKNOWN,,,,,제주관광약자접근성안내센터(이지제주) · 한국관광공사 열린관광 · ㈜휴플 현장조사,2026-06,2024~2026,https://easyjeju.net · https://www.data.go.kr/data/15101897/openapi.do,제주관광공사 「오감으로 즐기는 제주」(2023.12.22) · 한국관광공사 열린관광지 · 이지제주,"현재 무장애 정보는 이동(지체) 접근성 기준입니다. 시각·청각·발달 장애 정보는 확보 중이며, 열린관광 모두의여행(access.visitkorea.or.kr) 또는 이지제주(easyjeju.net)에서 확인하실 수 있습니다.",SURVEYED,[FIX65] 한국관광공사 무장애 API(detailWithTour2) — braileblock=점자블록 있음(주요시설 앞)_시각장애인 편의시설; helpdog=동반가능; guidehuman=안내요원 있음(전시해설자 있음),FIX22: 논리검사 패턴 보완(요철·단차·노면불량) | FIX65: visualAccess UNKNOWN→FULL (KTO API),v3,ROUTE_SURVEY,경로 상태 조사: 단차 없음+휠체어 접근 가능,,,,Y,UNKNOWN,UNKNOWN,
ACC_P1023,P1023,PARTIAL,UNKNOWN,UNKNOWN,UNKNOWN,PARTIAL,FULL,PARTIAL,FULL,Y,AVAILABLE,CONDITIONAL,무장애 동선 확보 / 활동참여 조건부 — 안전수칙상 대상 제한 존재,경사로 있음,단차 없음+휠체어 접근 가능+무장애 코스 포함,장애인 화장실 있음+장애인 주차장 있음,"2026년 리뉴얼로 무장애 관람 동선 신설, 휠체어·유모차 이동 편의성 개선 (공식 보도 확인). 다만 공포체험 특성상 안전수칙에 따라 고령자·거동 불편자의 입장이 제한될 수 있음",2026년 리뉴얼로 무장애 관람 동선이 새로 생겨 휠체어·유모차 이동이 한결 수월해졌습니다. 다만 어두운 실내와 돌발 연출이 있는 공포 체험이라 안전수칙상 고령자나 거동이 불편한 분은 입장이 제한될 수 있습니다. 36개월 이상 이용할 수 있고 만 14세 미만은 보호자 동반이 필요합니다.,,,,휠내비길(wheelnavi.kr) 음성안내 · 제주올레 오디오가이드(jejuolle.org) 코스별 음성해설,「탐나는수어」 앱 · 제주수어통역센터 여행수어 자료(jejudeaf.com),,IN_VENUE,이용 동선에서 이용 가능,차량+대중교통,,,,,,,,,,,,2023-12,,,,,,,UNKNOWN,UNKNOWN,,,,,제주관광약자접근성안내센터(이지제주) · 한국관광공사 열린관광 · ㈜휴플 현장조사,2026-06,2024~2026,https://easyjeju.net,제주관광공사 「오감으로 즐기는 제주」(2023.12.22) · 한국관광공사 열린관광지 · 이지제주,"현재 무장애 정보는 이동(지체) 접근성 기준입니다. 시각·청각·발달 장애 정보는 확보 중이며, 열린관광 모두의여행(access.visitkorea.or.kr) 또는 이지제주(easyjeju.net)에서 확인하실 수 있습니다.",SURVEYED,[FIX78] 잔여 확인 — 리뉴얼 후 휠체어 이용자의 구체적 입장 허용 수칙. 전화 문의 필요 (064-805-0996),"FIX75: 활동참여 조건부 전환 — 체험형 시설, 조사 대기 | FIX77: 등급 FULL→PARTIAL — 이용규정상 입장 제한 가능성 반영 | FIX78: 무장애 동선 신설 반영, 제한 대상 명시",v3,ROUTE_SURVEY,경로 상태 조사: 단차 없음+휠체어 접근 가능+무장애 코스 포함 | [FIX78] 온라인 교차확인 — 2026년 리뉴얼 무장애 동선 신설 보도,,,,Y,UNKNOWN,UNKNOWN,
ACC_P1024,P1024,PARTIAL,UNKNOWN,UNKNOWN,UNKNOWN,PARTIAL,PARTIAL,PARTIAL,FULL,Y,CONDITIONAL,CONDITIONAL,시설접근 기준 판정 — 활동참여 개별 근거 미확보,경사로 있음,계단 있음+단차 있음+휠체어 접근 가능,장애인 화장실 있음+장애인 주차장 있음+엘리베이터 있음+휠체어 대여 가능,구간별 접근 제한 — 접근로 계단 존재(우회로 미확인),,,,,휠내비길(wheelnavi.kr) 음성안내 · 제주올레 오디오가이드(jejuolle.org) 코스별 음성해설,「탐나는수어」 앱 · 제주수어통역센터 여행수어 자료(jejudeaf.com),,IN_VENUE,이용 동선에서 이용 가능,차량+대중교통,,,,,,,,,,,,2023-12,,,,,,,UNKNOWN,UNKNOWN,,,,,제주관광약자접근성안내센터(이지제주) · 한국관광공사 열린관광 · ㈜휴플 현장조사,2026-06,2024~2026,https://easyjeju.net,제주관광공사 「오감으로 즐기는 제주」(2023.12.22) · 한국관광공사 열린관광지 · 이지제주,"현재 무장애 정보는 이동(지체) 접근성 기준입니다. 시각·청각·발달 장애 정보는 확보 중이며, 열린관광 모두의여행(access.visitkorea.or.kr) 또는 이지제주(easyjeju.net)에서 확인하실 수 있습니다.",SURVEYED,,FIX20: FULL 재점검 — 구간편차 기준 일괄 적용,v3,ROUTE_SURVEY,경로 상태 조사: 계단 있음+단차 있음+휠체어 접근 가능,,,,Y,UNKNOWN,UNKNOWN,
ACC_P1025,P1025,UNKNOWN,UNKNOWN,UNKNOWN,UNKNOWN,UNKNOWN,UNKNOWN,UNKNOWN,UNKNOWN,Y,UNKNOWN,UNKNOWN,,"주 출입구 접근로 경사로(약 6도)있습니다+매표소 하부 공간 없으며, 매표소 앞 입장 경로 유효폭 약 82cm 입니다+관람로 이동경로 유효폭 약 70cm~132cm 이며, 바닥 타일 깨짐으로 코일매트 깔려있습니다",UNKNOWN,UNKNOWN,,,,,,휠내비길(wheelnavi.kr) 음성안내 · 제주올레 오디오가이드(jejuolle.org) 코스별 음성해설,「탐나는수어」 앱 · 제주수어통역센터 여행수어 자료(jejudeaf.com),,,,차량+대중교통,,,,,,,,,,,,2023-12,,,,,,,UNKNOWN,UNKNOWN,,,,,제주관광약자접근성안내센터(이지제주) · 한국관광공사 열린관광 · ㈜휴플 현장조사,2026-06,2024~2026,https://easyjeju.net,제주관광공사 「오감으로 즐기는 제주」(2023.12.22) · 한국관광공사 열린관광지 · 이지제주,"현재 무장애 정보는 이동(지체) 접근성 기준입니다. 시각·청각·발달 장애 정보는 확보 중이며, 열린관광 모두의여행(access.visitkorea.or.kr) 또는 이지제주(easyjeju.net)에서 확인하실 수 있습니다.",SURVEYED,,,v3,ROUTE_SURVEY,경로 상태 조사: UNKNOWN,,,,Y,UNKNOWN,UNKNOWN,
ACC_P1026,P1026,PARTIAL,PARTIAL,PARTIAL,PARTIAL,PARTIAL,PARTIAL,PARTIAL,FULL,N,AVAILABLE,AVAILABLE,실내 전시 관람 중심으로 휠체어(수동·전동) 이용자 관람 가능 — 이지제주 추천 고객유형에 포함,"주출입구 경사로 적정(폭 1.2m, 경사도 1/12 이하, 손잡이)",주출입구 단차 없음+경사로 적정+점자블록 연속 설치 / 주차장 잔디블럭·화장실 접근로 판석 패임,주출입구 단차 없음+경사로(1/12 이하)+점자블록 연속(주차장→체험관 입구)+장애인화장실 2곳(본관 입구 추천)+장애인 주차 2면+무장애 관람코스 별도 지정,주출입구까지 접근성 중 바닥마감·단차 부적절 / 주차장 장애인구역 잔디블럭으로 휠체어 주의 / 화장실 접근로 판석 사이 패임 / 화장실1 출입구 단차제거 부적절·화장실2 손잡이 부적절,휠체어로 관람하실 때는 주차장에서 입구로 들어가 물방울분수 경사로와 옥상 경사로를 거쳐 돌아오는 무장애 관람로를 이용해 주세요.,,"점자블록 연속 설치(주차장→주출입구→체험관 입구, 선형·점형, 형태·색상 적절) / 촉지도식 점자안내판·음성안내·BF보행로 안내 모두 미설치 → 이지제주 추천 고객유형에 시각장애인 미포함",수어해설 영상 — 「탐나는수어」 앱(제주수어통역센터 2023.1 출시) 수록 21개 관광지 / 장애인화장실 출입문 시각 안내설비 적절 / 이지제주 추천 고객유형에 청각장애인 포함,휠내비길 앱(음성안내)·올레 오디오가이드 — 전 관광지 공통,「탐나는수어」 앱 + 현장 QR,,IN_VENUE,,차량+도보,,,,,,,,,,,,2026-07,,,,,,,UNKNOWN,UNKNOWN,,,,,이지제주(제주관광약자접근성안내센터) 접근성 조사 원문,2020-10-21,,https://access.visitkorea.or.kr/ms/detail.do?cotId=26af7a1d-35c8-45d3-b5e9-c6674468bd89,제주관광공사 「오감으로 즐기는 제주」(2023.12) + 이지제주 추천 고객유형,이지제주 추천 고객유형: 지적장애인·휠체어(수동·전동)·보행가능 지체장애인·청각장애인·어르신·어린이·보호자 (시각장애인 미포함),VERIFIED,검증완료(2026-07) — 이지제주 접근성 조사 원문 전항목 대조,FIX22: 미등재 관광지 신규 등재 — 수어해설 21곳 목록 중 유일 미매칭분,v3,FIELD_SURVEY,,,,,Y,Y,Y,
ACC_P1027,P1027,PARTIAL,PARTIAL,PARTIAL,UNKNOWN,UNKNOWN,PARTIAL,UNKNOWN,FULL,UNKNOWN,AVAILABLE,AVAILABLE,시설접근 기준 판정 — 활동참여 개별 근거 미확보,,,,,,,점자 안내판 보유(오감 p.7),"탐나는수어 앱 수어해설 21곳(오감 p.11, 21번)",,,,,,차량+도보,,,,,,,,,,,,,,,,,,,UNKNOWN,UNKNOWN,,,,,제주관광공사 「오감으로 즐기는 제주」 무장애관광 안내책자(2023.12.22),2023-12,,easyjeju.net / access.visitkorea.or.kr · https://www.data.go.kr/data/15101897/openapi.do,,,VERIFIED,검증완료(2026-07) — 오감 시각·청각 목록 양축 매칭 [FIX65] 한국관광공사 무장애 API(detailWithTour2) — stroller=안내데스크에서 유모차 무료대여 가능(10대구비); lactationroom=안내데스크 뒤쪽에 위치,FIX23: 미등재 신규 등재(시각+청각 실데이터 보유) | FIX65: strollerAccess UNKNOWN→PARTIAL (KTO API),v3,PUBLICATION,,,,,Y,Y,Y,
ACC_P1028,P1028,UNKNOWN,PARTIAL,UNKNOWN,UNKNOWN,UNKNOWN,UNKNOWN,UNKNOWN,UNKNOWN,UNKNOWN,UNKNOWN,UNKNOWN,,,,,,,,점자 안내판 보유(오감 p.7),,,,,,,차량+도보,,,,,,,,,,,,,,,,,,,UNKNOWN,UNKNOWN,,,,,제주관광공사 「오감으로 즐기는 제주」 무장애관광 안내책자(2023.12.22),2023-12,,easyjeju.net / access.visitkorea.or.kr,,,PARTIAL,"부분검증(2026-07) — 시각 목록 매칭, 이동축 미확인",FIX23: 오감 다유형 목록 매칭 미등재분 신규 등재,v3,PUBLICATION,,,,,Y,Y,UNKNOWN,
ACC_P1029,P1029,PARTIAL,PARTIAL,PARTIAL,UNKNOWN,UNKNOWN,UNKNOWN,UNKNOWN,UNKNOWN,UNKNOWN,UNKNOWN,UNKNOWN,,,,,,,,점자 안내판 보유(오감 p.7),"탐나는수어 앱 수어해설 21곳(오감 p.11, 10번)",,,,,,차량+도보,,,,,,,,,,,,,,,,,,,UNKNOWN,UNKNOWN,,,,,제주관광공사 「오감으로 즐기는 제주」 무장애관광 안내책자(2023.12.22),2023-12,,easyjeju.net / access.visitkorea.or.kr,,,VERIFIED,검증완료(2026-07) — 오감 시각·청각 목록 양축 매칭,FIX23: 미등재 신규 등재(시각+청각 실데이터 보유),v3,PUBLICATION,,,,,Y,Y,Y,
