accidentId,placeId,distance_m,date,season,month,accidentTypeKr,risk_id,injuredPlaceType,weather_temp,source,attribution,latitude,longitude
AE_FIRE_2020_00185,P151,87.3,20110209,겨울,2,기타 둔상,RP_SLIP_TERRAIN,공공장소,10.6,fire,PLACE_CONFIRMED_FIRE,33.24965027,126.411356903
AE_FIRE_2020_00347,P190,129.1,20110320,봄,3,추락/낙상,RP_SLIP_TERRAIN,공공장소,11.5,fire,PLACE_CONFIRMED_FIRE,33.512783044,126.512733412
AE_FIRE_2020_00465,P412,3.2,20110405,봄,4,추락/낙상,RP_SLIP_TERRAIN,공공장소,14.8,fire,PLACE_CONFIRMED_FIRE,33.290396527,126.322620544
AE_FIRE_2020_00497,P191,92.1,20110410,봄,4,추락/낙상,RP_SLIP_TERRAIN,산,17.8,fire,PLACE_CONFIRMED_FIRE,33.438014967,126.902732841
AE_FIRE_2020_00667,P454,74.2,20110428,봄,4,추락/낙상,RP_SLIP_TERRAIN,산,17.5,fire,PLACE_CONFIRMED_FIRE,33.340694434,126.479835482
AE_FIRE_2020_00754,P244,177.7,20110510,봄,5,추락/낙상,RP_SLIP_TERRAIN,산,26.0,fire,PLACE_CONFIRMED_FIRE,33.507785799,126.951934837
AE_FIRE_2020_00836,P309,173.1,20110519,봄,5,추락/낙상,RP_SLIP_TERRAIN,산,21.0,fire,PLACE_CONFIRMED_FIRE,33.438053135,126.630035438
AE_FIRE_2020_00988,P197,23.6,20110609,여름,6,추락/낙상,RP_SLIP_TERRAIN,공공장소,21.5,fire,PLACE_CONFIRMED_FIRE,33.499785742,126.531351466
AE_FIRE_2020_01227,P191,92.1,20110719,여름,7,추락/낙상,RP_SLIP_TERRAIN,공공장소,32.6,fire,PLACE_CONFIRMED_FIRE,33.438014967,126.902732841
AE_FIRE_2020_01253,P197,23.6,20110723,여름,7,추락/낙상,RP_SLIP_TERRAIN,공공장소,27.5,fire,PLACE_CONFIRMED_FIRE,33.499785742,126.531351466
AE_FIRE_2020_01314,P292,63.1,20110730,여름,7,추락/낙상,RP_SLIP_TERRAIN,공공장소,29.2,fire,PLACE_CONFIRMED_FIRE,33.250344134,126.537358613
AE_FIRE_2020_01339,P739,30.6,20110731,여름,7,추락/낙상,RP_SLIP_TERRAIN,산,31.1,fire,PLACE_CONFIRMED_FIRE,33.391933431,126.494033757
AE_FIRE_2020_01364,P020,169.3,20110731,여름,7,기타 둔상,RP_SLIP_TERRAIN,공공장소,28.4,fire,PLACE_CONFIRMED_FIRE,33.518850771,126.533086945
AE_FIRE_2020_01397,P233,177.2,20110802,여름,8,추락/낙상,RP_SLIP_TERRAIN,강바다,29.1,fire,PLACE_CONFIRMED_FIRE,33.252498621,126.560234135
AE_FIRE_2020_01533,P244,177.7,20110815,여름,8,추락/낙상,RP_SLIP_TERRAIN,강바다,27.5,fire,PLACE_CONFIRMED_FIRE,33.507785799,126.951934837
AE_FIRE_2020_01549,P191,92.1,20110817,여름,8,추락/낙상,RP_SLIP_TERRAIN,공공장소,26.1,fire,PLACE_CONFIRMED_FIRE,33.438014967,126.902732841
AE_FIRE_2020_01631,P233,22.3,20110825,여름,8,익수,RP_DROWN_01,공공장소,25.2,fire,PLACE_CONFIRMED_FIRE,33.25398401,126.559992284
AE_FIRE_2020_01736,P125,168.4,20110911,가을,9,추락/낙상,RP_SLIP_TERRAIN,강바다,25.8,fire,PLACE_CONFIRMED_FIRE,33.24507967,126.413397251
AE_FIRE_2020_01978,P739,30.6,20111021,가을,10,추락/낙상,RP_SLIP_TERRAIN,산,19.9,fire,PLACE_CONFIRMED_FIRE,33.391933431,126.494033757
AE_FIRE_2020_01980,P739,62.8,20111021,가을,10,추락/낙상,RP_SLIP_TERRAIN,산,19.4,fire,PLACE_CONFIRMED_FIRE,33.391674044,126.493835413
AE_FIRE_2020_01981,P309,92.2,20111021,가을,10,추락/낙상,RP_SLIP_TERRAIN,공공장소,19.5,fire,PLACE_CONFIRMED_FIRE,33.439224243,126.630332926
AE_FIRE_2020_01982,P309,92.2,20111021,가을,10,기타 둔상,RP_SLIP_TERRAIN,공공장소,19.5,fire,PLACE_CONFIRMED_FIRE,33.439224243,126.630332926
AE_FIRE_2020_02000,P244,177.7,20111023,가을,10,추락/낙상,RP_SLIP_TERRAIN,공공장소,17.3,fire,PLACE_CONFIRMED_FIRE,33.507785799,126.951934837
AE_FIRE_2020_02087,P352,40.5,20111107,가을,11,추락/낙상,RP_SLIP_TERRAIN,공공장소,17.9,fire,PLACE_CONFIRMED_FIRE,33.506237447,126.531519832
AE_FIRE_2020_02141,P414,193.7,20111116,가을,11,추락/낙상,RP_SLIP_TERRAIN,산,16.6,fire,PLACE_CONFIRMED_FIRE,33.505295088,126.955428077
AE_FIRE_2020_02311,P045,149.1,20111222,겨울,12,기타 둔상,RP_SLIP_TERRAIN,체육시설,7.2,fire,PLACE_CONFIRMED_FIRE,33.43528366,126.733635009
AE_FIRE_2020_02339,P739,62.8,20111228,겨울,12,추락/낙상,RP_SLIP_TERRAIN,산,10.5,fire,PLACE_CONFIRMED_FIRE,33.391674044,126.493835413
AE_FIRE_2020_02574,P020,78.7,20120218,겨울,2,기타 둔상,RP_SLIP_TERRAIN,공공장소,1.4,fire,PLACE_CONFIRMED_FIRE,33.519603072,126.534893936
AE_FIRE_2020_02575,P020,78.7,20120218,겨울,2,기타 둔상,RP_SLIP_TERRAIN,공공장소,1.4,fire,PLACE_CONFIRMED_FIRE,33.519603072,126.534893936
AE_FIRE_2020_02588,P869,146.1,20120220,겨울,2,추락/낙상,RP_SLIP_TERRAIN,산,6.8,fire,PLACE_CONFIRMED_FIRE,33.421448452,126.550939067
AE_FIRE_2020_02615,P390,105.1,20120225,겨울,2,추락/낙상,RP_SLIP_TERRAIN,공공장소,8.6,fire,PLACE_CONFIRMED_FIRE,33.38805389,126.855232234
AE_FIRE_2020_02663,P412,3.2,20120303,봄,3,추락/낙상,RP_SLIP_TERRAIN,공공장소,12.6,fire,PLACE_CONFIRMED_FIRE,33.290396527,126.322620544
AE_FIRE_2020_02699,P739,63.1,20120315,봄,3,기타 둔상,RP_SLIP_TERRAIN,산,12.6,fire,PLACE_CONFIRMED_FIRE,33.391670241,126.493835435
AE_FIRE_2020_02742,P756,160.4,20120323,봄,3,추락/낙상,RP_SLIP_TERRAIN,산,8.0,fire,PLACE_CONFIRMED_FIRE,33.386257369,126.618319011
AE_FIRE_2020_02750,P005,124.4,20120324,봄,3,추락/낙상,RP_SLIP_TERRAIN,공공장소,7.1,fire,PLACE_CONFIRMED_FIRE,33.461127311,126.937002706
AE_FIRE_2020_02752,P756,160.4,20120324,봄,3,추락/낙상,RP_SLIP_TERRAIN,산,8.8,fire,PLACE_CONFIRMED_FIRE,33.386257369,126.618319011
AE_FIRE_2020_02788,P739,63.1,20120328,봄,3,추락/낙상,RP_SLIP_TERRAIN,산,12.8,fire,PLACE_CONFIRMED_FIRE,33.391670241,126.493835435
AE_FIRE_2020_02789,P739,63.1,20120328,봄,3,추락/낙상,RP_SLIP_TERRAIN,산,12.8,fire,PLACE_CONFIRMED_FIRE,33.391670241,126.493835435
AE_FIRE_2020_02790,P739,63.1,20120328,봄,3,추락/낙상,RP_SLIP_TERRAIN,산,12.8,fire,PLACE_CONFIRMED_FIRE,33.391670241,126.493835435
AE_FIRE_2020_02791,P739,63.1,20120328,봄,3,기타 둔상,RP_SLIP_TERRAIN,산,12.8,fire,PLACE_CONFIRMED_FIRE,33.391670241,126.493835435
AE_FIRE_2020_02911,P018,102.1,20120417,봄,4,추락/낙상,RP_SLIP_TERRAIN,공공장소,14.2,fire,PLACE_CONFIRMED_FIRE,33.249133949,126.2988362
AE_FIRE_2020_02914,P483,84.4,20120418,봄,4,농기계,RP_MACHINE_01,산,19.6,fire,PLACE_CONFIRMED_FIRE,33.491962993,126.964698994
AE_FIRE_2020_02927,P414,193.7,20120419,봄,4,기타 둔상,RP_SLIP_TERRAIN,강바다,15.1,fire,PLACE_CONFIRMED_FIRE,33.505295088,126.955428077
AE_FIRE_2020_02949,P078,31.4,20120421,봄,4,추락/낙상,RP_SLIP_TERRAIN,공공장소,17.9,fire,PLACE_CONFIRMED_FIRE,33.314384059,126.344602361
AE_FIRE_2020_02955,P273,57.4,20120421,봄,4,추락/낙상,RP_SLIP_TERRAIN,공공장소,19.2,fire,PLACE_CONFIRMED_FIRE,33.24488472,126.421690543
AE_FIRE_2020_03012,P136,128.5,20120427,봄,4,기타 둔상,RP_SLIP_TERRAIN,강바다,13.5,fire,PLACE_CONFIRMED_FIRE,33.246751601,126.563646512
AE_FIRE_2020_03032,P244,177.0,20120429,봄,4,추락/낙상,RP_SLIP_TERRAIN,강바다,18.3,fire,PLACE_CONFIRMED_FIRE,33.507778157,126.951934842
AE_FIRE_2020_03224,P237,198.9,20120522,봄,5,익수,RP_DROWN_01,강바다,21.0,fire,PLACE_CONFIRMED_FIRE,33.504440321,126.465530476
AE_FIRE_2020_03229,P734,160.1,20120522,봄,5,익수,RP_DROWN_01,강바다,17.8,fire,PLACE_CONFIRMED_FIRE,33.41444017,126.263832097
AE_FIRE_2020_03365,P734,23.6,20120607,여름,6,기타 둔상,RP_SLIP_TERRAIN,공공장소,20.7,fire,PLACE_CONFIRMED_FIRE,33.415550234,126.264999447
AE_FIRE_2020_03394,P334,124.7,20120610,여름,6,익수,RP_DROWN_01,강바다,24.1,fire,PLACE_CONFIRMED_FIRE,33.511067894,126.483485878
AE_FIRE_2020_03595,P237,198.9,20120709,여름,7,익수,RP_DROWN_01,강바다,22.0,fire,PLACE_CONFIRMED_FIRE,33.504440321,126.465530476
AE_FIRE_2020_03650,P039,108.4,20120716,여름,7,추락/낙상,RP_SLIP_TERRAIN,공공장소,25.9,fire,PLACE_CONFIRMED_FIRE,33.431511657,126.928451301
AE_FIRE_2020_03675,P244,177.0,20120721,여름,7,추락/낙상,RP_SLIP_TERRAIN,공공장소,27.0,fire,PLACE_CONFIRMED_FIRE,33.507778157,126.951934842
AE_FIRE_2020_03742,P249,178.9,20120729,여름,7,기타 둔상,RP_SLIP_TERRAIN,공공장소,27.3,fire,PLACE_CONFIRMED_FIRE,33.323738529,126.831213955
AE_FIRE_2020_03749,P341,80.7,20120729,여름,7,추락/낙상,RP_SLIP_TERRAIN,강바다,29.0,fire,PLACE_CONFIRMED_FIRE,33.221939083,126.253631603
AE_FIRE_2020_03828,P008,130.3,20120803,여름,8,기타 둔상,RP_SLIP_TERRAIN,강바다,27.0,fire,PLACE_CONFIRMED_FIRE,33.496906688,126.452069937
AE_FIRE_2020_03915,P032,20.8,20120811,여름,8,추락/낙상,RP_SLIP_TERRAIN,강바다,28.5,fire,PLACE_CONFIRMED_FIRE,33.543255047,126.671094653
AE_FIRE_2020_03923,P032,37.9,20120812,여름,8,해파리,RP_ANIMAL_01,강바다,30.9,fire,PLACE_CONFIRMED_FIRE,33.543322047,126.67090093
AE_FIRE_2020_03971,P302,83.0,20120816,여름,8,추락/낙상,RP_SLIP_TERRAIN,강바다,31.7,fire,PLACE_CONFIRMED_FIRE,33.252429953,126.334434443
AE_FIRE_2020_03990,P407,189.9,20120817,여름,8,추락/낙상,RP_SLIP_TERRAIN,강바다,32.9,fire,PLACE_CONFIRMED_FIRE,33.548519133,126.754631016
AE_FIRE_2020_04001,P147,72.6,20120818,여름,8,익수,RP_DROWN_01,강바다,30.4,fire,PLACE_CONFIRMED_FIRE,33.540918041,126.666925036
AE_FIRE_2020_04035,P878,99.8,20120821,여름,8,해파리,RP_ANIMAL_01,강바다,29.1,fire,PLACE_CONFIRMED_FIRE,33.240697316,126.332890137
AE_FIRE_2020_04056,P297,137.8,20120825,여름,8,동물/곤충기타,RP_ANIMAL_01,공공장소,30.8,fire,PLACE_CONFIRMED_FIRE,33.391126513,126.238672247
AE_FIRE_2020_04090,P219,124.3,20120902,가을,9,익수,RP_DROWN_01,강바다,25.4,fire,PLACE_CONFIRMED_FIRE,33.463870995,126.320030216
AE_FIRE_2020_04100,P233,22.3,20120903,가을,9,기타 둔상,RP_SLIP_TERRAIN,공공장소,24.4,fire,PLACE_CONFIRMED_FIRE,33.25398401,126.559992284
AE_FIRE_2020_04159,P125,157.1,20120906,가을,9,낙상,RP_SLIP_TERRAIN,공공장소,24.8,fire,PLACE_CONFIRMED_FIRE,33.245830536,126.410232536
AE_FIRE_2020_04185,P203,182.4,20120908,가을,9,익수,RP_DROWN_01,강바다,27.5,fire,PLACE_CONFIRMED_FIRE,33.241481028,126.566883071
AE_FIRE_2020_04310,P968,116.4,20120923,가을,9,낙상,RP_SLIP_TERRAIN,강바다,20.5,fire,PLACE_CONFIRMED_FIRE,33.54270278,126.669082835
AE_FIRE_2020_04317,P868,49.5,20120925,가을,9,낙상,RP_SLIP_TERRAIN,산,23.7,fire,PLACE_CONFIRMED_FIRE,33.385489171,126.619341191
AE_FIRE_2020_04368,P190,128.9,20121004,가을,10,낙상,RP_SLIP_TERRAIN,강바다,24.2,fire,PLACE_CONFIRMED_FIRE,33.512779241,126.512733433
AE_FIRE_2020_04426,P299,126.9,20121011,가을,10,열상,RP_MACHINE_01,공공장소,20.4,fire,PLACE_CONFIRMED_FIRE,33.497099167,126.911210105
AE_FIRE_2020_04442,P173,28.6,20121012,가을,10,낙상,RP_SLIP_TERRAIN,공공장소,18.8,fire,PLACE_CONFIRMED_FIRE,33.325275929,126.845960011
AE_FIRE_2020_04462,P739,38.1,20121015,가을,10,낙상,RP_SLIP_TERRAIN,산,22.5,fire,PLACE_CONFIRMED_FIRE,33.391753424,126.494490924
AE_FIRE_2020_04463,P739,38.1,20121015,가을,10,낙상,RP_SLIP_TERRAIN,산,22.5,fire,PLACE_CONFIRMED_FIRE,33.391753424,126.494490924
AE_FIRE_2020_04464,P739,38.1,20121015,가을,10,낙상,RP_SLIP_TERRAIN,산,22.5,fire,PLACE_CONFIRMED_FIRE,33.391753424,126.494490924
AE_FIRE_2020_04486,P063,2.4,20121017,가을,10,기타 둔상,RP_SLIP_TERRAIN,공공장소,17.4,fire,PLACE_CONFIRMED_FIRE,33.469111078,126.490345999
AE_FIRE_2020_04502,P868,10.4,20121019,가을,10,낙상,RP_SLIP_TERRAIN,산,16.4,fire,PLACE_CONFIRMED_FIRE,33.384975772,126.61938457
AE_FIRE_2020_04521,P005,112.6,20121021,가을,10,기계,RP_MACHINE_01,강바다,21.4,fire,PLACE_CONFIRMED_FIRE,33.46323355,126.936990425
AE_FIRE_2020_04559,P277,77.9,20121026,가을,10,추락,RP_FALL_CLIFF,강바다,18.4,fire,PLACE_CONFIRMED_FIRE,33.518878261,126.492098955
AE_FIRE_2020_04572,P009,165.6,20121028,가을,10,기계,RP_MACHINE_01,공공장소,21.9,fire,PLACE_CONFIRMED_FIRE,33.433555141,126.92579722
AE_FIRE_2020_04616,P074,40.5,20121103,가을,11,낙상,RP_SLIP_TERRAIN,산,16.9,fire,PLACE_CONFIRMED_FIRE,33.432309197,126.693983474
AE_FIRE_2020_04682,P349,128.4,20121112,가을,11,열상,RP_MACHINE_01,강바다,15.6,fire,PLACE_CONFIRMED_FIRE,33.208830972,126.291339808
AE_FIRE_2020_04708,P005,124.4,20121116,가을,11,낙상,RP_SLIP_TERRAIN,공공장소,13.4,fire,PLACE_CONFIRMED_FIRE,33.461127311,126.937002706
AE_FIRE_2020_04848,P363,110.3,20121214,겨울,12,기계,RP_MACHINE_01,강바다,15.8,fire,PLACE_CONFIRMED_FIRE,33.23608474,126.335923062
AE_FIRE_2020_04915,P195,180.2,20121225,겨울,12,기타 둔상,RP_SLIP_TERRAIN,강바다,6.5,fire,PLACE_CONFIRMED_FIRE,33.458980659,126.322646373
AE_FIRE_2020_05043,P070,9.7,20130119,겨울,1,낙상,RP_SLIP_TERRAIN,공공장소,8.7,fire,PLACE_CONFIRMED_FIRE,33.472569159,126.932337617
AE_FIRE_2020_05044,P979,66.5,20130119,겨울,1,낙상,RP_SLIP_TERRAIN,체육시설,7.6,fire,PLACE_CONFIRMED_FIRE,33.405268093,126.405372073
AE_FIRE_2020_05127,P203,186.5,20130203,겨울,2,기타 둔상,RP_SLIP_TERRAIN,강바다,8.3,fire,PLACE_CONFIRMED_FIRE,33.241838014,126.566401823
AE_FIRE_2020_05138,P734,160.1,20130205,겨울,2,낙상,RP_SLIP_TERRAIN,강바다,10.1,fire,PLACE_CONFIRMED_FIRE,33.41444017,126.263832097
AE_FIRE_2020_05210,P756,160.4,20130224,겨울,2,낙상,RP_SLIP_TERRAIN,산,8.8,fire,PLACE_CONFIRMED_FIRE,33.386257369,126.618319011
AE_FIRE_2020_05248,P435,101.4,20130301,봄,3,추락,RP_FALL_CLIFF,강바다,10.7,fire,PLACE_CONFIRMED_FIRE,33.237296252,126.516722152
AE_FIRE_2020_05272,P185,162.1,20130305,봄,3,낙상,RP_SLIP_TERRAIN,강바다,5.8,fire,PLACE_CONFIRMED_FIRE,33.517914073,126.532938425
AE_FIRE_2020_05326,P244,177.0,20130320,봄,3,낙상,RP_SLIP_TERRAIN,강바다,11.0,fire,PLACE_CONFIRMED_FIRE,33.507778157,126.951934842
AE_FIRE_2020_05329,P734,23.6,20130321,봄,3,기타 둔상,RP_SLIP_TERRAIN,강바다,5.6,fire,PLACE_CONFIRMED_FIRE,33.415550234,126.264999447
AE_FIRE_2020_05391,P739,63.1,20130328,봄,3,낙상,RP_SLIP_TERRAIN,산,15.3,fire,PLACE_CONFIRMED_FIRE,33.391670241,126.493835435
AE_FIRE_2020_05392,P739,63.1,20130328,봄,3,낙상,RP_SLIP_TERRAIN,산,15.3,fire,PLACE_CONFIRMED_FIRE,33.391670241,126.493835435
AE_FIRE_2020_05401,P233,177.2,20130329,봄,3,낙상,RP_SLIP_TERRAIN,공공장소,16.1,fire,PLACE_CONFIRMED_FIRE,33.252498621,126.560234135
AE_FIRE_2020_05438,P005,57.5,20130403,봄,4,낙상,RP_SLIP_TERRAIN,공공장소,17.0,fire,PLACE_CONFIRMED_FIRE,33.462102437,126.936200944
AE_FIRE_2020_05500,P124,151.3,20130410,봄,4,낙상,RP_SLIP_TERRAIN,공공장소,12.3,fire,PLACE_CONFIRMED_FIRE,33.247779844,126.561332665
AE_FIRE_2020_05515,P434,26.8,20130412,봄,4,낙상,RP_SLIP_TERRAIN,공공장소,14.0,fire,PLACE_CONFIRMED_FIRE,33.240157055,126.5318376
AE_FIRE_2020_05517,P173,182.7,20130412,봄,4,익수,RP_DROWN_01,강바다,15.7,fire,PLACE_CONFIRMED_FIRE,33.326060202,126.844248925
AE_FIRE_2020_05518,P173,182.7,20130412,봄,4,익수,RP_DROWN_01,강바다,15.7,fire,PLACE_CONFIRMED_FIRE,33.326060202,126.844248925
AE_FIRE_2020_05519,P173,182.7,20130412,봄,4,익수,RP_DROWN_01,강바다,15.7,fire,PLACE_CONFIRMED_FIRE,33.326060202,126.844248925
AE_FIRE_2020_05558,P132,65.2,20130418,봄,4,낙상,RP_SLIP_TERRAIN,강바다,16.8,fire,PLACE_CONFIRMED_FIRE,33.245131695,126.416291848
AE_FIRE_2020_05651,P260,45.6,20130501,봄,5,낙상,RP_SLIP_TERRAIN,산,15.1,fire,PLACE_CONFIRMED_FIRE,33.391769404,126.494834939
AE_FIRE_2020_05681,P309,26.8,20130504,봄,5,낙상,RP_SLIP_TERRAIN,산,18.1,fire,PLACE_CONFIRMED_FIRE,33.439296883,126.629288802
AE_FIRE_2020_05889,P739,63.1,20130529,봄,5,낙상,RP_SLIP_TERRAIN,산,20.6,fire,PLACE_CONFIRMED_FIRE,33.391670241,126.493835435
AE_FIRE_2020_05919,P197,89.4,20130602,여름,6,낙상,RP_SLIP_TERRAIN,산,19.6,fire,PLACE_CONFIRMED_FIRE,33.500376402,126.53152215
AE_FIRE_2020_05922,P368,30.2,20130602,여름,6,열상,RP_MACHINE_01,공공장소,22.3,fire,PLACE_CONFIRMED_FIRE,33.239935876,126.546014007
AE_FIRE_2020_05947,P414,193.7,20130604,여름,6,낙상,RP_SLIP_TERRAIN,산,22.3,fire,PLACE_CONFIRMED_FIRE,33.505295088,126.955428077
AE_FIRE_2020_06024,P006,130.7,20130612,여름,6,해파리,RP_ANIMAL_01,강바다,21.6,fire,PLACE_CONFIRMED_FIRE,33.391704995,126.237929796
AE_FIRE_2020_06025,P006,130.7,20130612,여름,6,해파리,RP_ANIMAL_01,강바다,21.6,fire,PLACE_CONFIRMED_FIRE,33.391704995,126.237929796
AE_FIRE_2020_06026,P006,130.7,20130612,여름,6,해파리,RP_ANIMAL_01,강바다,21.6,fire,PLACE_CONFIRMED_FIRE,33.391704995,126.237929796
AE_FIRE_2020_06068,P348,73.6,20130618,여름,6,낙상,RP_SLIP_TERRAIN,공공장소,24.5,fire,PLACE_CONFIRMED_FIRE,33.385767374,126.226890356
AE_FIRE_2020_06078,P706,168.2,20130619,여름,6,기계,RP_MACHINE_01,강바다,22.7,fire,PLACE_CONFIRMED_FIRE,33.408585661,126.257673189
AE_FIRE_2020_06097,P125,83.8,20130623,여름,6,익수,RP_DROWN_01,강바다,24.3,fire,PLACE_CONFIRMED_FIRE,33.245707709,126.411865519
AE_FIRE_2020_06098,P125,83.8,20130623,여름,6,익수,RP_DROWN_01,강바다,24.3,fire,PLACE_CONFIRMED_FIRE,33.245707709,126.411865519
AE_FIRE_2020_06274,P153,62.4,20130712,여름,7,기타 둔상,RP_SLIP_TERRAIN,강바다,30.7,fire,PLACE_CONFIRMED_FIRE,33.228642288,126.306020383
AE_FIRE_2020_06345,P037,19.5,20130718,여름,7,낙상,RP_SLIP_TERRAIN,강바다,30.0,fire,PLACE_CONFIRMED_FIRE,33.244913932,126.573152508
AE_FIRE_2020_06352,P344,116.1,20130719,여름,7,기타 둔상,RP_SLIP_TERRAIN,강바다,29.0,fire,PLACE_CONFIRMED_FIRE,33.251444871,126.567691226
AE_FIRE_2020_06373,P082,133.5,20130722,여름,7,벌,RP_ANIMAL_01,강바다,29.5,fire,PLACE_CONFIRMED_FIRE,33.2519231,126.4157794
AE_FIRE_2020_06422,P191,136.7,20130728,여름,7,낙상,RP_SLIP_TERRAIN,강바다,28.8,fire,PLACE_CONFIRMED_FIRE,33.437500012,126.902534468
AE_FIRE_2020_06463,P463,111.8,20130731,여름,7,해파리,RP_ANIMAL_01,강바다,28.7,fire,PLACE_CONFIRMED_FIRE,33.246940607,126.277534483
AE_FIRE_2020_06532,P846,8.5,20130805,여름,8,기타 둔상,RP_SLIP_TERRAIN,강바다,31.0,fire,PLACE_CONFIRMED_FIRE,33.497735847,126.967574813
AE_FIRE_2020_06536,P147,76.1,20130805,여름,8,낙상,RP_SLIP_TERRAIN,강바다,32.0,fire,PLACE_CONFIRMED_FIRE,33.54098355,126.667070303
AE_FIRE_2020_06602,P898,147.3,20130810,여름,8,해파리,RP_ANIMAL_01,강바다,31.4,fire,PLACE_CONFIRMED_FIRE,33.279159551,126.719131446
AE_FIRE_2020_06603,P898,147.3,20130810,여름,8,해파리,RP_ANIMAL_01,강바다,31.4,fire,PLACE_CONFIRMED_FIRE,33.279159551,126.719131446
AE_FIRE_2020_06607,P191,119.5,20130810,여름,8,낙상,RP_SLIP_TERRAIN,강바다,28.7,fire,PLACE_CONFIRMED_FIRE,33.437778456,126.902534493
AE_FIRE_2020_06614,P414,193.7,20130811,여름,8,열상,RP_MACHINE_01,강바다,31.7,fire,PLACE_CONFIRMED_FIRE,33.505295088,126.955428077
AE_FIRE_2020_06678,P010,40.9,20130816,여름,8,추락,RP_FALL_CLIFF,강바다,26.8,fire,PLACE_CONFIRMED_FIRE,33.423672813,126.929980011
AE_FIRE_2020_06684,P414,193.7,20130816,여름,8,낙상,RP_SLIP_TERRAIN,공공장소,30.9,fire,PLACE_CONFIRMED_FIRE,33.505295088,126.955428077
AE_FIRE_2020_06702,P006,110.0,20130817,여름,8,해파리,RP_ANIMAL_01,강바다,30.8,fire,PLACE_CONFIRMED_FIRE,33.393262466,126.238258883
AE_FIRE_2020_06721,P735,8.8,20130819,여름,8,기타 둔상,RP_SLIP_TERRAIN,강바다,31.7,fire,PLACE_CONFIRMED_FIRE,33.221939079,126.254432701
AE_FIRE_2020_06859,P005,90.0,20130902,가을,9,낙상,RP_SLIP_TERRAIN,공공장소,29.9,fire,PLACE_CONFIRMED_FIRE,33.461700453,126.937530557
AE_FIRE_2020_06915,P191,119.5,20130910,가을,9,낙상,RP_SLIP_TERRAIN,공공장소,24.9,fire,PLACE_CONFIRMED_FIRE,33.437778456,126.902534493
AE_FIRE_2020_06973,P414,193.7,20130916,가을,9,낙상,RP_SLIP_TERRAIN,강바다,24.4,fire,PLACE_CONFIRMED_FIRE,33.505295088,126.955428077
AE_FIRE_2020_07084,P110,153.2,20130928,가을,9,낙상,RP_SLIP_TERRAIN,공공장소,27.1,fire,PLACE_CONFIRMED_FIRE,33.281900639,126.350333943
AE_FIRE_2020_07137,P688,102.3,20131004,가을,10,낙상,RP_SLIP_TERRAIN,강바다,22.1,fire,PLACE_CONFIRMED_FIRE,33.51818432,126.53370961
AE_FIRE_2020_07172,P244,177.0,20131010,가을,10,열상,RP_MACHINE_01,강바다,25.0,fire,PLACE_CONFIRMED_FIRE,33.507778157,126.951934842
AE_FIRE_2020_07189,P030,189.2,20131012,가을,10,낙상,RP_SLIP_TERRAIN,공공장소,19.4,fire,PLACE_CONFIRMED_FIRE,33.354160295,126.305534438
AE_FIRE_2020_07197,P178,120.9,20131012,가을,10,기타 둔상,RP_SLIP_TERRAIN,공공장소,24.8,fire,PLACE_CONFIRMED_FIRE,33.251939426,126.424093074
AE_FIRE_2020_07208,P297,133.8,20131015,가을,10,낙상,RP_SLIP_TERRAIN,공공장소,19.9,fire,PLACE_CONFIRMED_FIRE,33.390122661,126.238255037
AE_FIRE_2020_07228,P186,51.9,20131018,가을,10,낙상,RP_SLIP_TERRAIN,강바다,19.4,fire,PLACE_CONFIRMED_FIRE,33.244720454,126.416633584
AE_FIRE_2020_07289,P244,168.0,20131024,가을,10,낙상,RP_SLIP_TERRAIN,공공장소,21.3,fire,PLACE_CONFIRMED_FIRE,33.507762896,126.95208889
AE_FIRE_2020_07291,P1012,197.9,20131024,가을,10,열상,RP_MACHINE_01,공공장소,20.1,fire,PLACE_CONFIRMED_FIRE,33.417111825,126.841269036
AE_FIRE_2020_07380,P739,17.4,20131102,가을,11,낙상,RP_SLIP_TERRAIN,산,21.8,fire,PLACE_CONFIRMED_FIRE,33.392043455,126.49413741
AE_FIRE_2020_07403,P739,63.5,20131105,가을,11,낙상,RP_SLIP_TERRAIN,산,19.5,fire,PLACE_CONFIRMED_FIRE,33.391700761,126.493797303
AE_FIRE_2020_07414,P861,11.6,20131107,가을,11,기타 둔상,RP_SLIP_TERRAIN,강바다,17.1,fire,PLACE_CONFIRMED_FIRE,33.41922082,126.262590295
AE_FIRE_2020_07425,P164,57.5,20131109,가을,11,낙상,RP_SLIP_TERRAIN,공공장소,22.3,fire,PLACE_CONFIRMED_FIRE,33.249424297,126.413394886
AE_FIRE_2020_07462,P302,141.0,20131115,가을,11,기계,RP_MACHINE_01,강바다,12.9,fire,PLACE_CONFIRMED_FIRE,33.252998769,126.334363061
AE_FIRE_2020_07510,P192,132.6,20131123,가을,11,낙상,RP_SLIP_TERRAIN,공공장소,15.1,fire,PLACE_CONFIRMED_FIRE,33.437221534,126.902534444
AE_FIRE_2020_07601,P370,39.2,20131211,겨울,12,열상,RP_MACHINE_01,공공장소,9.2,fire,PLACE_CONFIRMED_FIRE,33.412036967,126.393293391
AE_FIRE_2020_07648,P302,141.0,20131221,겨울,12,기계,RP_MACHINE_01,강바다,8.6,fire,PLACE_CONFIRMED_FIRE,33.252998769,126.334363061
AE_FIRE_2020_07713,P084,47.4,20140103,겨울,1,낙상,RP_SLIP_TERRAIN,공공장소,13.9,fire,PLACE_CONFIRMED_FIRE,33.388290795,126.239417301
AE_FIRE_2020_07714,P735,186.9,20140104,겨울,1,기타 둔상,RP_SLIP_TERRAIN,공공장소,10.5,fire,PLACE_CONFIRMED_FIRE,33.223003935,126.25610684
AE_FIRE_2020_07728,P289,131.3,20140107,겨울,1,낙상,RP_SLIP_TERRAIN,강바다,13.8,fire,PLACE_CONFIRMED_FIRE,33.219835826,126.249542838
AE_FIRE_2020_07839,P454,73.9,20140124,겨울,1,낙상,RP_SLIP_TERRAIN,산,14.6,fire,PLACE_CONFIRMED_FIRE,33.340690596,126.479835505
AE_FIRE_2020_07849,P153,77.3,20140126,겨울,1,기타 둔상,RP_SLIP_TERRAIN,공공장소,11.4,fire,PLACE_CONFIRMED_FIRE,33.227857386,126.305508793
AE_FIRE_2020_07938,P015,87.2,20140212,겨울,2,낙상,RP_SLIP_TERRAIN,강바다,9.8,fire,PLACE_CONFIRMED_FIRE,33.233342114,126.31332327
AE_FIRE_2020_08136,P124,151.3,20140312,봄,3,낙상,RP_SLIP_TERRAIN,산,15.3,fire,PLACE_CONFIRMED_FIRE,33.247779844,126.561332665
AE_FIRE_2020_08149,P144,93.9,20140314,봄,3,낙상,RP_SLIP_TERRAIN,공공장소,5.7,fire,PLACE_CONFIRMED_FIRE,33.244666814,126.56452249
AE_FIRE_2020_08211,P029,64.7,20140324,봄,3,낙상,RP_SLIP_TERRAIN,산,16.1,fire,PLACE_CONFIRMED_FIRE,33.455345454,126.668848845
AE_FIRE_2020_08361,P065,189.1,20140411,봄,4,추락,RP_FALL_CLIFF,공공장소,18.8,fire,PLACE_CONFIRMED_FIRE,33.304623881,126.298338099
AE_FIRE_2020_08372,P869,44.5,20140412,봄,4,낙상,RP_SLIP_TERRAIN,산,16.6,fire,PLACE_CONFIRMED_FIRE,33.421627135,126.549787364
AE_FIRE_2020_08400,P124,135.4,20140416,봄,4,낙상,RP_SLIP_TERRAIN,공공장소,17.4,fire,PLACE_CONFIRMED_FIRE,33.247489931,126.561332772
AE_FIRE_2020_08480,P009,182.5,20140428,봄,4,기타 둔상,RP_SLIP_TERRAIN,공공장소,17.1,fire,PLACE_CONFIRMED_FIRE,33.433522163,126.925540342
AE_FIRE_2020_08539,P132,127.2,20140504,봄,5,낙상,RP_SLIP_TERRAIN,공공장소,13.6,fire,PLACE_CONFIRMED_FIRE,33.245549656,126.41682323
AE_FIRE_2020_08594,P331,135.4,20140513,봄,5,기타 둔상,RP_SLIP_TERRAIN,강바다,24.5,fire,PLACE_CONFIRMED_FIRE,33.413037924,126.254414682
AE_FIRE_2020_08601,P167,44.9,20140515,봄,5,낙상,RP_SLIP_TERRAIN,공공장소,24.2,fire,PLACE_CONFIRMED_FIRE,33.43310272,126.928254915
AE_FIRE_2020_08612,P846,109.8,20140517,봄,5,낙상,RP_SLIP_TERRAIN,공공장소,20.5,fire,PLACE_CONFIRMED_FIRE,33.497970107,126.968649029
AE_FIRE_2020_08688,P869,125.1,20140530,봄,5,낙상,RP_SLIP_TERRAIN,산,26.1,fire,PLACE_CONFIRMED_FIRE,33.421917631,126.550584776
AE_FIRE_2020_08760,P739,83.6,20140607,여름,6,낙상,RP_SLIP_TERRAIN,산,22.6,fire,PLACE_CONFIRMED_FIRE,33.391364913,126.49464679
AE_FIRE_2020_08800,P072,27.8,20140611,여름,6,기타 둔상,RP_SLIP_TERRAIN,공공장소,22.7,fire,PLACE_CONFIRMED_FIRE,33.241144159,126.424199325
AE_FIRE_2020_08824,P082,63.3,20140615,여름,6,낙상,RP_SLIP_TERRAIN,공공장소,26.4,fire,PLACE_CONFIRMED_FIRE,33.253153966,126.414986493
AE_FIRE_2020_08880,P363,11.6,20140623,여름,6,기계,RP_MACHINE_01,강바다,22.3,fire,PLACE_CONFIRMED_FIRE,33.236847993,126.335069754
AE_FIRE_2020_08924,P143,93.7,20140629,여름,6,기계,RP_MACHINE_01,강바다,21.0,fire,PLACE_CONFIRMED_FIRE,33.238213015,126.565860618
AE_FIRE_2020_08926,P414,193.7,20140629,여름,6,해파리,RP_ANIMAL_01,강바다,28.7,fire,PLACE_CONFIRMED_FIRE,33.505295077,126.955428025
AE_FIRE_2020_08929,P414,193.7,20140629,여름,6,해파리,RP_ANIMAL_01,강바다,27.7,fire,PLACE_CONFIRMED_FIRE,33.505295077,126.955428025
AE_FIRE_2020_08937,P414,193.7,20140630,여름,6,해파리,RP_ANIMAL_01,강바다,26.8,fire,PLACE_CONFIRMED_FIRE,33.505295076,126.955428025
AE_FIRE_2020_08946,P190,128.9,20140702,여름,7,낙상,RP_SLIP_TERRAIN,공공장소,22.3,fire,PLACE_CONFIRMED_FIRE,33.512779236,126.512733459
AE_FIRE_2020_08994,P414,193.7,20140708,여름,7,낙상,RP_SLIP_TERRAIN,강바다,26.3,fire,PLACE_CONFIRMED_FIRE,33.505295076,126.955428025
AE_FIRE_2020_09031,P398,78.4,20140713,여름,7,낙상,RP_SLIP_TERRAIN,공공장소,22.0,fire,PLACE_CONFIRMED_FIRE,33.496526708,126.910660354
AE_FIRE_2020_09121,P132,79.3,20140723,여름,7,해파리,RP_ANIMAL_01,강바다,31.0,fire,PLACE_CONFIRMED_FIRE,33.244958562,126.414752242
AE_FIRE_2020_09201,P414,193.7,20140731,여름,7,기타 둔상,RP_SLIP_TERRAIN,공공장소,32.3,fire,PLACE_CONFIRMED_FIRE,33.505295077,126.955428025
AE_FIRE_2020_09279,P207,84.5,20140809,여름,8,낙상,RP_SLIP_TERRAIN,강바다,29.9,fire,PLACE_CONFIRMED_FIRE,33.244999081,126.571902819
AE_FIRE_2020_09343,P070,180.5,20140816,여름,8,낙상,RP_SLIP_TERRAIN,공공장소,26.3,fire,PLACE_CONFIRMED_FIRE,33.470958061,126.931650716
AE_FIRE_2020_09358,P907,44.1,20140817,여름,8,낙상,RP_SLIP_TERRAIN,강바다,23.9,fire,PLACE_CONFIRMED_FIRE,33.450471644,126.305243807
AE_FIRE_2020_09359,P907,44.1,20140817,여름,8,낙상,RP_SLIP_TERRAIN,강바다,23.9,fire,PLACE_CONFIRMED_FIRE,33.450471644,126.305243807
AE_FIRE_2020_09392,P012,87.3,20140821,여름,8,낙상,RP_SLIP_TERRAIN,강바다,26.6,fire,PLACE_CONFIRMED_FIRE,33.450196021,126.304727605
AE_FIRE_2020_09444,P968,91.4,20140827,여름,8,개,RP_ANIMAL_01,강바다,23.8,fire,PLACE_CONFIRMED_FIRE,33.542883881,126.668807428
AE_FIRE_2020_09445,P878,175.3,20140828,여름,8,익수,RP_DROWN_01,강바다,22.6,fire,PLACE_CONFIRMED_FIRE,33.241339549,126.332151968
AE_FIRE_2020_09500,P060,60.3,20140907,가을,9,익수,RP_DROWN_01,강바다,26.1,fire,PLACE_CONFIRMED_FIRE,33.36542014,126.198934193
AE_FIRE_2020_09504,P332,144.8,20140908,가을,9,추락,RP_FALL_CLIFF,강바다,23.5,fire,PLACE_CONFIRMED_FIRE,33.497767828,126.447977652
AE_FIRE_2020_09517,P495,177.1,20140909,가을,9,낙상,RP_SLIP_TERRAIN,강바다,27.6,fire,PLACE_CONFIRMED_FIRE,33.271174072,126.66486098
AE_FIRE_2020_09522,P454,189.0,20140911,가을,9,낙상,RP_SLIP_TERRAIN,산,27.2,fire,PLACE_CONFIRMED_FIRE,33.338482035,126.479017827
AE_FIRE_2020_09524,P551,114.8,20140911,가을,9,기타 둔상,RP_SLIP_TERRAIN,강바다,27.0,fire,PLACE_CONFIRMED_FIRE,33.227356694,126.473597662
AE_FIRE_2020_09585,P309,173.5,20140918,가을,9,낙상,RP_SLIP_TERRAIN,공공장소,22.0,fire,PLACE_CONFIRMED_FIRE,33.438049317,126.630035401
AE_FIRE_2020_09618,P033,104.9,20140922,가을,9,낙상,RP_SLIP_TERRAIN,공공장소,21.0,fire,PLACE_CONFIRMED_FIRE,33.485137596,126.490819252
AE_FIRE_2020_09628,P368,16.0,20140923,가을,9,낙상,RP_SLIP_TERRAIN,공공장소,25.4,fire,PLACE_CONFIRMED_FIRE,33.240181238,126.545826494
AE_FIRE_2020_09631,P078,32.5,20140923,가을,9,낙상,RP_SLIP_TERRAIN,공공장소,23.6,fire,PLACE_CONFIRMED_FIRE,33.314362642,126.344594426
AE_FIRE_2020_09640,P244,177.0,20140925,가을,9,열상,RP_MACHINE_01,공공장소,25.5,fire,PLACE_CONFIRMED_FIRE,33.507778168,126.951934815
AE_FIRE_2020_09646,P483,116.4,20140926,가을,9,낙상,RP_SLIP_TERRAIN,산,26.1,fire,PLACE_CONFIRMED_FIRE,33.491654927,126.964708722
AE_FIRE_2020_09674,P386,51.9,20140930,가을,9,낙상,RP_SLIP_TERRAIN,공공장소,22.5,fire,PLACE_CONFIRMED_FIRE,33.506394136,126.531086639
AE_FIRE_2020_09735,P009,182.5,20141005,가을,10,낙상,RP_SLIP_TERRAIN,공공장소,22.5,fire,PLACE_CONFIRMED_FIRE,33.433522174,126.925540295
AE_FIRE_2020_09741,P004,181.3,20141006,가을,10,낙상,RP_SLIP_TERRAIN,강바다,20.6,fire,PLACE_CONFIRMED_FIRE,33.545285629,126.668200041
AE_FIRE_2020_09747,P031,69.9,20141007,가을,10,낙상,RP_SLIP_TERRAIN,공공장소,22.7,fire,PLACE_CONFIRMED_FIRE,33.497892241,126.474921838
AE_FIRE_2020_09754,P302,81.1,20141008,가을,10,낙상,RP_SLIP_TERRAIN,강바다,23.5,fire,PLACE_CONFIRMED_FIRE,33.252410889,126.334434509
AE_FIRE_2020_09756,P389,85.7,20141008,가을,10,낙상,RP_SLIP_TERRAIN,공공장소,22.2,fire,PLACE_CONFIRMED_FIRE,33.348106461,126.357598994
AE_FIRE_2020_09790,P183,41.9,20141012,가을,10,낙상,RP_SLIP_TERRAIN,산,22.3,fire,PLACE_CONFIRMED_FIRE,33.384481109,126.61940642
AE_FIRE_2020_09797,P237,191.4,20141013,가을,10,낙상,RP_SLIP_TERRAIN,산,19.0,fire,PLACE_CONFIRMED_FIRE,33.503330231,126.46523285
AE_FIRE_2020_09909,P764,2.5,20141027,가을,10,낙상,RP_SLIP_TERRAIN,산,17.5,fire,PLACE_CONFIRMED_FIRE,33.39221805,126.415845076
AE_FIRE_2020_09912,P248,142.4,20141028,가을,10,익수,RP_DROWN_01,강바다,12.9,fire,PLACE_CONFIRMED_FIRE,33.516490936,126.535331726
AE_FIRE_2020_09950,P997,86.0,20141101,가을,11,낙상,RP_SLIP_TERRAIN,공공장소,18.5,fire,PLACE_CONFIRMED_FIRE,33.49641348,126.513469931
AE_FIRE_2020_09966,P414,193.7,20141103,가을,11,열상,RP_MACHINE_01,공공장소,14.1,fire,PLACE_CONFIRMED_FIRE,33.505295076,126.955428025
AE_FIRE_2020_10107,P734,18.6,20141124,가을,11,추락,RP_FALL_CLIFF,공공장소,15.3,fire,PLACE_CONFIRMED_FIRE,33.415551494,126.264937827
AE_FIRE_2020_10164,P110,13.0,20141207,겨울,12,열상,RP_MACHINE_01,공공장소,9.3,fire,PLACE_CONFIRMED_FIRE,33.283191242,126.349910276
AE_FIRE_2020_10274,P951,118.3,20141227,겨울,12,낙상,RP_SLIP_TERRAIN,공공장소,8.7,fire,PLACE_CONFIRMED_FIRE,33.24746727,126.511393209
AE_FIRE_2020_10319,P039,75.0,20150102,겨울,1,낙상,RP_SLIP_TERRAIN,공공장소,6.9,fire,PLACE_CONFIRMED_FIRE,33.43078767,126.926753967
AE_FIRE_2020_10336,P162,177.7,20150105,겨울,1,낙상,RP_SLIP_TERRAIN,공공장소,14.9,fire,PLACE_CONFIRMED_FIRE,33.431262247,126.929498849
AE_FIRE_2020_10337,P018,89.0,20150105,겨울,1,열상,RP_MACHINE_01,공공장소,14.8,fire,PLACE_CONFIRMED_FIRE,33.24900682,126.298739145
AE_FIRE_2020_10422,P277,172.0,20150118,겨울,1,물,RP_DROWN_01,공공장소,8.3,fire,PLACE_CONFIRMED_FIRE,33.518954611,126.490466853
AE_FIRE_2020_10490,P358,88.3,20150131,겨울,1,낙상,RP_SLIP_TERRAIN,공공장소,3.8,fire,PLACE_CONFIRMED_FIRE,33.240886344,126.547442704
AE_FIRE_2020_10504,P018,54.8,20150201,겨울,2,열상,RP_MACHINE_01,공공장소,7.6,fire,PLACE_CONFIRMED_FIRE,33.248696547,126.299022116
AE_FIRE_2020_10558,P331,96.0,20150209,겨울,2,기계,RP_MACHINE_01,강바다,0.0,fire,PLACE_CONFIRMED_FIRE,33.412923651,126.256542935
AE_FIRE_2020_10568,P070,110.1,20150210,겨울,2,낙상,RP_SLIP_TERRAIN,공공장소,9.0,fire,PLACE_CONFIRMED_FIRE,33.473427585,126.93267534
AE_FIRE_2020_10581,P070,29.3,20150212,겨울,2,기계,RP_MACHINE_01,강바다,13.1,fire,PLACE_CONFIRMED_FIRE,33.472286197,126.932101626
AE_FIRE_2020_10605,P167,115.5,20150215,겨울,2,열상,RP_MACHINE_01,공공장소,13.5,fire,PLACE_CONFIRMED_FIRE,33.433750498,126.926964289
AE_FIRE_2020_10709,P899,67.4,20150306,봄,3,낙상,RP_SLIP_TERRAIN,강바다,6.6,fire,PLACE_CONFIRMED_FIRE,33.537808731,126.619839367
AE_FIRE_2020_10737,P306,141.0,20150310,봄,3,낙상,RP_SLIP_TERRAIN,공공장소,3.2,fire,PLACE_CONFIRMED_FIRE,33.438681089,126.626973796
AE_FIRE_2020_10775,P183,37.6,20150317,봄,3,기타 둔상,RP_SLIP_TERRAIN,산,19.4,fire,PLACE_CONFIRMED_FIRE,33.384504958,126.619450917
AE_FIRE_2020_10777,P756,39.0,20150317,봄,3,낙상,RP_SLIP_TERRAIN,산,17.5,fire,PLACE_CONFIRMED_FIRE,33.385350321,126.619160278
AE_FIRE_2020_10878,P109,25.9,20150331,봄,3,열상,RP_MACHINE_01,공공장소,16.0,fire,PLACE_CONFIRMED_FIRE,33.402521134,126.778464669
AE_FIRE_2020_10880,P292,62.5,20150331,봄,3,낙상,RP_SLIP_TERRAIN,공공장소,17.1,fire,PLACE_CONFIRMED_FIRE,33.250360079,126.537357027
AE_FIRE_2020_10899,P081,49.9,20150403,봄,4,낙상,RP_SLIP_TERRAIN,강바다,16.2,fire,PLACE_CONFIRMED_FIRE,33.218542448,126.248361072
AE_FIRE_2020_10921,P244,177.0,20150406,봄,4,낙상,RP_SLIP_TERRAIN,공공장소,12.6,fire,PLACE_CONFIRMED_FIRE,33.507778168,126.951934815
AE_FIRE_2020_10951,P014,90.5,20150410,봄,4,낙상,RP_SLIP_TERRAIN,공공장소,15.6,fire,PLACE_CONFIRMED_FIRE,33.472918259,126.933327794
AE_FIRE_2020_11098,P280,23.7,20150427,봄,4,낙상,RP_SLIP_TERRAIN,강바다,21.9,fire,PLACE_CONFIRMED_FIRE,33.524374568,126.952589278
AE_FIRE_2020_11100,P313,82.6,20150427,봄,4,낙상,RP_SLIP_TERRAIN,강바다,21.5,fire,PLACE_CONFIRMED_FIRE,33.515017469,126.968391339
AE_FIRE_2020_11114,P163,133.8,20150429,봄,4,낙상,RP_SLIP_TERRAIN,공공장소,16.6,fire,PLACE_CONFIRMED_FIRE,33.252384516,126.418715376
AE_FIRE_2020_11179,P070,29.3,20150507,봄,5,기타 둔상,RP_SLIP_TERRAIN,공공장소,21.6,fire,PLACE_CONFIRMED_FIRE,33.472286197,126.932101626
AE_FIRE_2020_11183,P262,32.5,20150508,봄,5,낙상,RP_SLIP_TERRAIN,산,18.8,fire,PLACE_CONFIRMED_FIRE,33.392419439,126.494980761
AE_FIRE_2020_11186,P005,120.9,20150509,봄,5,낙상,RP_SLIP_TERRAIN,공공장소,20.9,fire,PLACE_CONFIRMED_FIRE,33.462598909,126.935572511
AE_FIRE_2020_11200,P423,9.0,20150510,봄,5,열상,RP_MACHINE_01,공공장소,19.8,fire,PLACE_CONFIRMED_FIRE,33.258440786,126.352976395
AE_FIRE_2020_11228,P683,46.1,20150513,봄,5,뱀,RP_ANIMAL_01,공공장소,19.6,fire,PLACE_CONFIRMED_FIRE,33.278195607,126.369840039
AE_FIRE_2020_11229,P070,71.9,20150513,봄,5,낙상,RP_SLIP_TERRAIN,산,26.1,fire,PLACE_CONFIRMED_FIRE,33.473117862,126.932140891
AE_FIRE_2020_11230,P070,71.9,20150513,봄,5,낙상,RP_SLIP_TERRAIN,공공장소,21.2,fire,PLACE_CONFIRMED_FIRE,33.473117862,126.932140891
AE_FIRE_2020_11261,P271,32.7,20150518,봄,5,낙상,RP_SLIP_TERRAIN,강바다,15.8,fire,PLACE_CONFIRMED_FIRE,33.435527303,126.274553907
AE_FIRE_2020_11267,P689,50.6,20150519,봄,5,낙상,RP_SLIP_TERRAIN,공공장소,16.5,fire,PLACE_CONFIRMED_FIRE,33.497578877,126.750444891
AE_FIRE_2020_11280,P739,63.5,20150521,봄,5,낙상,RP_SLIP_TERRAIN,산,21.0,fire,PLACE_CONFIRMED_FIRE,33.391700745,126.493797302
AE_FIRE_2020_11304,P010,44.4,20150524,봄,5,낙상,RP_SLIP_TERRAIN,강바다,22.4,fire,PLACE_CONFIRMED_FIRE,33.42358708,126.929832135
AE_FIRE_2020_11305,P082,79.5,20150524,봄,5,뱀,RP_ANIMAL_01,공공장소,22.4,fire,PLACE_CONFIRMED_FIRE,33.252900278,126.415452838
AE_FIRE_2020_11329,P006,135.5,20150526,봄,5,기타 둔상,RP_SLIP_TERRAIN,강바다,21.6,fire,PLACE_CONFIRMED_FIRE,33.393535655,126.239718139
AE_FIRE_2020_11330,P006,135.5,20150526,봄,5,기타 둔상,RP_SLIP_TERRAIN,강바다,21.6,fire,PLACE_CONFIRMED_FIRE,33.393535655,126.239718139
AE_FIRE_2020_11333,P692,40.7,20150526,봄,5,동물/곤충기타,RP_ANIMAL_01,공공장소,24.0,fire,PLACE_CONFIRMED_FIRE,33.25,126.412536621
AE_FIRE_2020_11347,P369,107.2,20150528,봄,5,낙상,RP_SLIP_TERRAIN,공공장소,24.1,fire,PLACE_CONFIRMED_FIRE,33.381111145,126.842529297
AE_FIRE_2020_11348,P369,107.2,20150528,봄,5,낙상,RP_SLIP_TERRAIN,공공장소,24.1,fire,PLACE_CONFIRMED_FIRE,33.381111145,126.842529297
AE_FIRE_2020_11349,P167,191.7,20150528,봄,5,낙상,RP_SLIP_TERRAIN,공공장소,24.2,fire,PLACE_CONFIRMED_FIRE,33.434352622,126.926551279
AE_FIRE_2020_11376,P997,134.7,20150531,봄,5,기타 둔상,RP_SLIP_TERRAIN,체육시설,19.8,fire,PLACE_CONFIRMED_FIRE,33.496587947,126.514944084
AE_FIRE_2020_11384,P542,83.0,20150601,여름,6,동물/곤충기타,RP_ANIMAL_01,공공장소,22.5,fire,PLACE_CONFIRMED_FIRE,33.390737516,126.801125739
AE_FIRE_2020_11448,P262,30.9,20150610,여름,6,낙상,RP_SLIP_TERRAIN,산,28.0,fire,PLACE_CONFIRMED_FIRE,33.392442116,126.494682044
AE_FIRE_2020_11467,P364,85.0,20150613,여름,6,낙상,RP_SLIP_TERRAIN,공공장소,25.6,fire,PLACE_CONFIRMED_FIRE,33.382978225,126.842192198
AE_FIRE_2020_11469,P454,165.0,20150613,여름,6,낙상,RP_SLIP_TERRAIN,산,21.7,fire,PLACE_CONFIRMED_FIRE,33.338675379,126.479263518
AE_FIRE_2020_11474,P215,134.7,20150613,여름,6,낙상,RP_SLIP_TERRAIN,공공장소,21.7,fire,PLACE_CONFIRMED_FIRE,33.504229008,126.467138062
AE_FIRE_2020_11475,P899,145.9,20150614,여름,6,열상,RP_MACHINE_01,강바다,22.4,fire,PLACE_CONFIRMED_FIRE,33.537237633,126.61921323
AE_FIRE_2020_11520,P957,47.3,20150619,여름,6,기타 둔상,RP_SLIP_TERRAIN,강바다,24.0,fire,PLACE_CONFIRMED_FIRE,33.238455469,126.439106944
AE_FIRE_2020_11524,P006,137.8,20150619,여름,6,열상,RP_MACHINE_01,공공장소,24.4,fire,PLACE_CONFIRMED_FIRE,33.391255167,126.238775201
AE_FIRE_2020_11525,P006,137.8,20150619,여름,6,열상,RP_MACHINE_01,공공장소,24.4,fire,PLACE_CONFIRMED_FIRE,33.391255167,126.238775201
AE_FIRE_2020_11604,P287,6.5,20150628,여름,6,낙상,RP_SLIP_TERRAIN,강바다,22.9,fire,PLACE_CONFIRMED_FIRE,33.239611052,126.335703435
AE_FIRE_2020_11639,P312,129.1,20150702,여름,7,열상,RP_MACHINE_01,공공장소,21.4,fire,PLACE_CONFIRMED_FIRE,33.274362496,126.70449202
AE_FIRE_2020_11719,P290,74.6,20150713,여름,7,추락,RP_FALL_CLIFF,공공장소,31.4,fire,PLACE_CONFIRMED_FIRE,33.4779438,126.368680991
AE_FIRE_2020_11734,P012,102.4,20150714,여름,7,낙상,RP_SLIP_TERRAIN,강바다,28.2,fire,PLACE_CONFIRMED_FIRE,33.449740363,126.304695964
AE_FIRE_2020_11758,P377,152.9,20150716,여름,7,낙상,RP_SLIP_TERRAIN,강바다,26.8,fire,PLACE_CONFIRMED_FIRE,33.557131739,126.758554356
AE_FIRE_2020_11764,P247,68.5,20150716,여름,7,추락,RP_FALL_CLIFF,강바다,28.1,fire,PLACE_CONFIRMED_FIRE,33.556809063,126.794249048
AE_FIRE_2020_11772,P331,115.8,20150717,여름,7,기타 둔상,RP_SLIP_TERRAIN,강바다,22.3,fire,PLACE_CONFIRMED_FIRE,33.41319137,126.256549361
AE_FIRE_2020_11776,P025,135.3,20150717,여름,7,낙상,RP_SLIP_TERRAIN,강바다,24.7,fire,PLACE_CONFIRMED_FIRE,33.245108348,126.409398113
AE_FIRE_2020_11848,P692,22.7,20150724,여름,7,기타 둔상,RP_SLIP_TERRAIN,강바다,25.3,fire,PLACE_CONFIRMED_FIRE,33.25,126.412734985
AE_FIRE_2020_11850,P006,136.2,20150724,여름,7,열상,RP_MACHINE_01,강바다,30.7,fire,PLACE_CONFIRMED_FIRE,33.392497053,126.237518466
AE_FIRE_2020_11869,P830,20.4,20150726,여름,7,낙상,RP_SLIP_TERRAIN,공공장소,28.3,fire,PLACE_CONFIRMED_FIRE,33.491621027,126.491849713
AE_FIRE_2020_11886,P247,53.7,20150726,여름,7,낙상,RP_SLIP_TERRAIN,강바다,28.7,fire,PLACE_CONFIRMED_FIRE,33.556674588,126.794383329
AE_FIRE_2020_11902,P329,57.9,20150728,여름,7,동물/곤충기타,RP_ANIMAL_01,공공장소,26.0,fire,PLACE_CONFIRMED_FIRE,33.278261853,126.720185216
AE_FIRE_2020_11943,P260,45.6,20150731,여름,7,낙상,RP_SLIP_TERRAIN,산,29.2,fire,PLACE_CONFIRMED_FIRE,33.39176941,126.4948349
AE_FIRE_2020_11968,P012,163.6,20150802,여름,8,낙상,RP_SLIP_TERRAIN,강바다,31.3,fire,PLACE_CONFIRMED_FIRE,33.449508004,126.304097791
AE_FIRE_2020_12004,P038,89.5,20150804,여름,8,온열손상,RP_HEAT_02,강바다,29.6,fire,PLACE_CONFIRMED_FIRE,33.236384648,126.313623314
AE_FIRE_2020_12005,P006,127.5,20150804,여름,8,열상,RP_MACHINE_01,강바다,29.5,fire,PLACE_CONFIRMED_FIRE,33.392940927,126.23772751
AE_FIRE_2020_12067,P850,58.6,20150808,여름,8,추락,RP_FALL_CLIFF,강바다,28.6,fire,PLACE_CONFIRMED_FIRE,33.300372633,126.582561979
AE_FIRE_2020_12070,P203,185.0,20150808,여름,8,낙상,RP_SLIP_TERRAIN,강바다,27.1,fire,PLACE_CONFIRMED_FIRE,33.241827843,126.566431065
AE_FIRE_2020_12081,P053,93.1,20150809,여름,8,기타 둔상,RP_SLIP_TERRAIN,강바다,28.9,fire,PLACE_CONFIRMED_FIRE,33.55562441,126.79579897
AE_FIRE_2020_12093,P048,170.8,20150810,여름,8,기타 둔상,RP_SLIP_TERRAIN,강바다,26.4,fire,PLACE_CONFIRMED_FIRE,33.523556015,126.543153759
AE_FIRE_2020_12105,P287,6.5,20150811,여름,8,추락,RP_FALL_CLIFF,강바다,28.8,fire,PLACE_CONFIRMED_FIRE,33.239611052,126.335703435
AE_FIRE_2020_12130,P957,98.9,20150813,여름,8,추락,RP_FALL_CLIFF,강바다,23.9,fire,PLACE_CONFIRMED_FIRE,33.238609314,126.440536499
AE_FIRE_2020_12141,P008,89.9,20150814,여름,8,낙상,RP_SLIP_TERRAIN,강바다,28.4,fire,PLACE_CONFIRMED_FIRE,33.497214976,126.453346651
AE_FIRE_2020_12154,P876,122.3,20150815,여름,8,낙상,RP_SLIP_TERRAIN,공공장소,28.0,fire,PLACE_CONFIRMED_FIRE,33.514934312,126.510652846
AE_FIRE_2020_12155,P006,171.7,20150815,여름,8,열상,RP_MACHINE_01,강바다,28.5,fire,PLACE_CONFIRMED_FIRE,33.393941938,126.238384621
AE_FIRE_2020_12161,P004,81.7,20150815,여름,8,낙상,RP_SLIP_TERRAIN,강바다,29.6,fire,PLACE_CONFIRMED_FIRE,33.543346492,126.669585083
AE_FIRE_2020_12170,P173,144.8,20150816,여름,8,기타 둔상,RP_SLIP_TERRAIN,강바다,26.1,fire,PLACE_CONFIRMED_FIRE,33.325616696,126.844397733
AE_FIRE_2020_12174,P006,199.2,20150816,여름,8,열상,RP_MACHINE_01,강바다,25.8,fire,PLACE_CONFIRMED_FIRE,33.394101621,126.23990109
AE_FIRE_2020_12198,P006,2.5,20150818,여름,8,낙상,RP_SLIP_TERRAIN,강바다,27.0,fire,PLACE_CONFIRMED_FIRE,33.392461802,126.238972657
AE_FIRE_2020_12203,P966,139.7,20150818,여름,8,낙상,RP_SLIP_TERRAIN,강바다,25.7,fire,PLACE_CONFIRMED_FIRE,33.38962984,126.235016298
AE_FIRE_2020_12228,P163,153.5,20150821,여름,8,기타 둔상,RP_SLIP_TERRAIN,공공장소,26.9,fire,PLACE_CONFIRMED_FIRE,33.252806018,126.418694879
AE_FIRE_2020_12229,P163,153.5,20150821,여름,8,기타 둔상,RP_SLIP_TERRAIN,공공장소,26.9,fire,PLACE_CONFIRMED_FIRE,33.252806018,126.418694879
AE_FIRE_2020_12230,P163,153.5,20150821,여름,8,기타 둔상,RP_SLIP_TERRAIN,공공장소,26.9,fire,PLACE_CONFIRMED_FIRE,33.252806018,126.418694879
AE_FIRE_2020_12241,P053,109.2,20150822,여름,8,낙상,RP_SLIP_TERRAIN,강바다,26.1,fire,PLACE_CONFIRMED_FIRE,33.55560445,126.796380193
AE_FIRE_2020_12350,P793,89.4,20150901,가을,9,낙상,RP_SLIP_TERRAIN,산,24.8,fire,PLACE_CONFIRMED_FIRE,33.320019298,126.391947268
AE_FIRE_2020_12388,P006,171.3,20150906,가을,9,기타 둔상,RP_SLIP_TERRAIN,강바다,24.4,fire,PLACE_CONFIRMED_FIRE,33.394004701,126.238709851
AE_FIRE_2020_12417,P053,129.8,20150909,가을,9,기타 둔상,RP_SLIP_TERRAIN,강바다,25.0,fire,PLACE_CONFIRMED_FIRE,33.555497964,126.796594521
AE_FIRE_2020_12482,P058,17.0,20150916,가을,9,기타 둔상,RP_SLIP_TERRAIN,공공장소,19.1,fire,PLACE_CONFIRMED_FIRE,33.290037136,126.352076616
AE_FIRE_2020_12492,P070,109.6,20150917,가을,9,낙상,RP_SLIP_TERRAIN,공공장소,24.2,fire,PLACE_CONFIRMED_FIRE,33.473121148,126.933210158
AE_FIRE_2020_12521,P112,120.2,20150921,가을,9,낙상,RP_SLIP_TERRAIN,공공장소,25.0,fire,PLACE_CONFIRMED_FIRE,33.472632716,126.934334879
AE_FIRE_2020_12525,P020,107.6,20150922,가을,9,낙상,RP_SLIP_TERRAIN,공공장소,25.0,fire,PLACE_CONFIRMED_FIRE,33.519376099,126.535070185
AE_FIRE_2020_12530,P712,197.8,20150922,가을,9,낙상,RP_SLIP_TERRAIN,공공장소,25.5,fire,PLACE_CONFIRMED_FIRE,33.235120609,126.3136937
AE_FIRE_2020_12544,P112,136.6,20150923,가을,9,기타 둔상,RP_SLIP_TERRAIN,공공장소,21.4,fire,PLACE_CONFIRMED_FIRE,33.472214185,126.934667085
AE_FIRE_2020_12562,P238,100.8,20150926,가을,9,낙상,RP_SLIP_TERRAIN,산,25.9,fire,PLACE_CONFIRMED_FIRE,33.507857418,126.46815892
AE_FIRE_2020_12591,P005,98.2,20150929,가을,9,낙상,RP_SLIP_TERRAIN,강바다,26.8,fire,PLACE_CONFIRMED_FIRE,33.461444517,126.936325916
AE_FIRE_2020_12610,P856,45.8,20151002,가을,10,기타 둔상,RP_SLIP_TERRAIN,공공장소,16.3,fire,PLACE_CONFIRMED_FIRE,33.239785897,126.558758799
AE_FIRE_2020_12614,P070,103.1,20151003,가을,10,낙상,RP_SLIP_TERRAIN,강바다,23.8,fire,PLACE_CONFIRMED_FIRE,33.47289182,126.931307084
AE_FIRE_2020_12622,P001,134.6,20151004,가을,10,낙상,RP_SLIP_TERRAIN,공공장소,23.0,fire,PLACE_CONFIRMED_FIRE,33.506660461,126.49383545
AE_FIRE_2020_12635,P196,123.4,20151006,가을,10,추락,RP_FALL_CLIFF,강바다,21.0,fire,PLACE_CONFIRMED_FIRE,33.51589721,126.514939895
AE_FIRE_2020_12649,P301,172.4,20151008,가을,10,낙상,RP_SLIP_TERRAIN,공공장소,22.2,fire,PLACE_CONFIRMED_FIRE,33.425811921,126.930498935
AE_FIRE_2020_12652,P147,142.3,20151008,가을,10,낙상,RP_SLIP_TERRAIN,공공장소,20.4,fire,PLACE_CONFIRMED_FIRE,33.541565753,126.667495469
AE_FIRE_2020_12717,P359,121.0,20151015,가을,10,열상,RP_MACHINE_01,강바다,22.4,fire,PLACE_CONFIRMED_FIRE,33.242091278,126.550948898
AE_FIRE_2020_12723,P153,141.4,20151016,가을,10,낙상,RP_SLIP_TERRAIN,강바다,16.5,fire,PLACE_CONFIRMED_FIRE,33.22810103,126.307796145
AE_FIRE_2020_12807,P868,45.9,20151024,가을,10,낙상,RP_SLIP_TERRAIN,산,21.5,fire,PLACE_CONFIRMED_FIRE,33.385442661,126.619282826
AE_FIRE_2020_12817,P072,4.5,20151025,가을,10,낙상,RP_SLIP_TERRAIN,공공장소,21.3,fire,PLACE_CONFIRMED_FIRE,33.241293644,126.424490513
AE_FIRE_2020_12818,P072,4.5,20151025,가을,10,낙상,RP_SLIP_TERRAIN,공공장소,21.3,fire,PLACE_CONFIRMED_FIRE,33.241293644,126.424490513
AE_FIRE_2020_12827,P369,107.2,20151027,가을,10,낙상,RP_SLIP_TERRAIN,공공장소,20.4,fire,PLACE_CONFIRMED_FIRE,33.381111145,126.842529297
AE_FIRE_2020_12840,P841,4.4,20151027,가을,10,낙상,RP_SLIP_TERRAIN,논.밭,17.7,fire,PLACE_CONFIRMED_FIRE,33.322573667,126.2632854
AE_FIRE_2020_12843,P816,4.0,20151028,가을,10,낙상,RP_SLIP_TERRAIN,공공장소,19.1,fire,PLACE_CONFIRMED_FIRE,33.44432901,126.626732056
AE_FIRE_2020_12862,P291,22.4,20151031,가을,10,기타 둔상,RP_SLIP_TERRAIN,산,13.3,fire,PLACE_CONFIRMED_FIRE,33.523077391,126.862609079
AE_FIRE_2020_12863,P364,85.0,20151031,가을,10,낙상,RP_SLIP_TERRAIN,공공장소,15.7,fire,PLACE_CONFIRMED_FIRE,33.382978225,126.842192198
AE_FIRE_2020_12871,P014,75.1,20151102,가을,11,낙상,RP_SLIP_TERRAIN,공공장소,17.8,fire,PLACE_CONFIRMED_FIRE,33.472785955,126.933257644
AE_FIRE_2020_12889,P997,21.5,20151104,가을,11,추락,RP_FALL_CLIFF,체육시설,20.8,fire,PLACE_CONFIRMED_FIRE,33.497307923,126.513830808
AE_FIRE_2020_12902,P461,29.0,20151105,가을,11,기타 둔상,RP_SLIP_TERRAIN,공공장소,20.8,fire,PLACE_CONFIRMED_FIRE,33.318979337,126.345674483
AE_FIRE_2020_12964,P167,3.9,20151114,가을,11,낙상,RP_SLIP_TERRAIN,공공장소,18.7,fire,PLACE_CONFIRMED_FIRE,33.432985628,126.92783649
AE_FIRE_2020_12977,P277,73.1,20151115,가을,11,낙상,RP_SLIP_TERRAIN,공공장소,15.9,fire,PLACE_CONFIRMED_FIRE,33.519423635,126.49293194
AE_FIRE_2020_13029,P196,94.1,20151123,가을,11,낙상,RP_SLIP_TERRAIN,강바다,18.1,fire,PLACE_CONFIRMED_FIRE,33.515727756,126.514261022
AE_FIRE_2020_13031,P005,42.6,20151123,가을,11,낙상,RP_SLIP_TERRAIN,공공장소,15.9,fire,PLACE_CONFIRMED_FIRE,33.462241458,126.936341254
AE_FIRE_2020_13115,P183,37.6,20151211,겨울,12,낙상,RP_SLIP_TERRAIN,산,13.2,fire,PLACE_CONFIRMED_FIRE,33.384504958,126.619450917
AE_FIRE_2020_13130,P183,37.6,20151213,겨울,12,낙상,RP_SLIP_TERRAIN,산,14.5,fire,PLACE_CONFIRMED_FIRE,33.384504958,126.619450917
AE_FIRE_2020_13139,P262,80.3,20151215,겨울,12,낙상,RP_SLIP_TERRAIN,산,11.1,fire,PLACE_CONFIRMED_FIRE,33.392272531,126.495548255
AE_FIRE_2020_13211,P363,17.1,20151227,겨울,12,추락,RP_FALL_CLIFF,강바다,11.1,fire,PLACE_CONFIRMED_FIRE,33.237000157,126.335283504
AE_FIRE_2020_13234,P846,144.6,20151231,겨울,12,화상,RP_HEAT_02,공공장소,9.5,fire,PLACE_CONFIRMED_FIRE,33.49773002,126.969049331
AE_FIRE_2020_13252,P183,41.0,20160101,겨울,1,낙상,RP_SLIP_TERRAIN,산,8.8,fire,PLACE_CONFIRMED_FIRE,33.384508179,126.61988402
AE_FIRE_2020_13279,P443,78.1,20160106,겨울,1,낙상,RP_SLIP_TERRAIN,산,7.5,fire,PLACE_CONFIRMED_FIRE,33.492488861,126.965530396
AE_FIRE_2020_13281,P070,44.0,20160106,겨울,1,낙상,RP_SLIP_TERRAIN,공공장소,11.3,fire,PLACE_CONFIRMED_FIRE,33.47210079,126.932200531
AE_FIRE_2020_13350,P164,55.8,20160116,겨울,1,낙상,RP_SLIP_TERRAIN,공공장소,10.1,fire,PLACE_CONFIRMED_FIRE,33.249502899,126.41358043
AE_FIRE_2020_13362,P065,48.8,20160118,겨울,1,열상,RP_MACHINE_01,공공장소,5.4,fire,PLACE_CONFIRMED_FIRE,33.303272442,126.298495302
AE_FIRE_2020_13375,P522,47.9,20160119,겨울,1,낙상,RP_SLIP_TERRAIN,공공장소,1.5,fire,PLACE_CONFIRMED_FIRE,33.529200469,126.771899623
AE_FIRE_2020_13380,P014,68.2,20160120,겨울,1,낙상,RP_SLIP_TERRAIN,공공장소,4.2,fire,PLACE_CONFIRMED_FIRE,33.472700923,126.933405205
AE_FIRE_2020_13381,P014,68.2,20160120,겨울,1,낙상,RP_SLIP_TERRAIN,논.밭,4.2,fire,PLACE_CONFIRMED_FIRE,33.472700923,126.933405205
AE_FIRE_2020_13396,P551,173.2,20160123,겨울,1,추락,RP_FALL_CLIFF,강바다,3.6,fire,PLACE_CONFIRMED_FIRE,33.228817855,126.475878293
AE_FIRE_2020_13434,P602,32.6,20160130,겨울,1,낙상,RP_SLIP_TERRAIN,산,8.8,fire,PLACE_CONFIRMED_FIRE,33.360141754,126.460731506
AE_FIRE_2020_13447,P756,27.3,20160131,겨울,1,낙상,RP_SLIP_TERRAIN,산,9.3,fire,PLACE_CONFIRMED_FIRE,33.385245449,126.619155684
AE_FIRE_2020_13451,P018,14.6,20160201,겨울,2,열상,RP_MACHINE_01,공공장소,4.8,fire,PLACE_CONFIRMED_FIRE,33.248128169,126.299005944
AE_FIRE_2020_13472,P371,125.2,20160207,겨울,2,낙상,RP_SLIP_TERRAIN,강바다,6.8,fire,PLACE_CONFIRMED_FIRE,33.231861864,126.314685784
AE_FIRE_2020_13484,P349,7.9,20160208,겨울,2,추락,RP_FALL_CLIFF,강바다,7.3,fire,PLACE_CONFIRMED_FIRE,33.207769544,126.290936901
AE_FIRE_2020_13488,P005,41.5,20160209,겨울,2,낙상,RP_SLIP_TERRAIN,공공장소,12.2,fire,PLACE_CONFIRMED_FIRE,33.461925717,126.937053056
AE_FIRE_2020_13495,P016,8.2,20160211,겨울,2,낙상,RP_SLIP_TERRAIN,공공장소,19.2,fire,PLACE_CONFIRMED_FIRE,33.491377495,126.811102702
AE_FIRE_2020_13523,P001,43.9,20160214,겨울,2,낙상,RP_SLIP_TERRAIN,공공장소,2.9,fire,PLACE_CONFIRMED_FIRE,33.506171616,126.495644374
AE_FIRE_2020_13552,P070,102.8,20160217,겨울,2,낙상,RP_SLIP_TERRAIN,공공장소,8.3,fire,PLACE_CONFIRMED_FIRE,33.473177678,126.933042715
AE_FIRE_2020_13588,P483,5.6,20160223,겨울,2,낙상,RP_SLIP_TERRAIN,산,8.7,fire,PLACE_CONFIRMED_FIRE,33.492657648,126.964240331
AE_FIRE_2020_13611,P387,120.7,20160226,겨울,2,낙상,RP_SLIP_TERRAIN,강바다,12.7,fire,PLACE_CONFIRMED_FIRE,33.512333717,126.484519495
AE_FIRE_2020_13643,P454,169.6,20160229,겨울,2,낙상,RP_SLIP_TERRAIN,산,3.2,fire,PLACE_CONFIRMED_FIRE,33.338636511,126.47921842
AE_FIRE_2020_13649,P167,115.5,20160301,봄,3,낙상,RP_SLIP_TERRAIN,공공장소,5.6,fire,PLACE_CONFIRMED_FIRE,33.433750498,126.926964289
AE_FIRE_2020_13684,P183,16.3,20160308,봄,3,낙상,RP_SLIP_TERRAIN,산,10.0,fire,PLACE_CONFIRMED_FIRE,33.384955551,126.619616398
AE_FIRE_2020_13720,P251,47.7,20160314,봄,3,추락,RP_FALL_CLIFF,강바다,6.7,fire,PLACE_CONFIRMED_FIRE,33.546298157,126.661420839
AE_FIRE_2020_13754,P244,91.6,20160320,봄,3,낙상,RP_SLIP_TERRAIN,강바다,12.2,fire,PLACE_CONFIRMED_FIRE,33.507221222,126.953330993
AE_FIRE_2020_13795,P038,86.0,20160326,봄,3,낙상,RP_SLIP_TERRAIN,산,12.1,fire,PLACE_CONFIRMED_FIRE,33.236137223,126.312150452
AE_FIRE_2020_13804,P508,33.9,20160327,봄,3,익수,RP_DROWN_01,강바다,10.4,fire,PLACE_CONFIRMED_FIRE,33.308871174,126.165097478
AE_FIRE_2020_13820,P017,6.3,20160330,봄,3,낙상,RP_SLIP_TERRAIN,공공장소,15.5,fire,PLACE_CONFIRMED_FIRE,33.289152524,126.370046103
AE_FIRE_2020_13841,P164,55.8,20160401,봄,4,기타 둔상,RP_SLIP_TERRAIN,공공장소,18.9,fire,PLACE_CONFIRMED_FIRE,33.249502899,126.41358043
AE_FIRE_2020_13849,P846,110.8,20160402,봄,4,낙상,RP_SLIP_TERRAIN,강바다,18.5,fire,PLACE_CONFIRMED_FIRE,33.497463524,126.966350698
AE_FIRE_2020_13850,P501,25.6,20160402,봄,4,낙상,RP_SLIP_TERRAIN,강바다,18.5,fire,PLACE_CONFIRMED_FIRE,33.309379266,126.165627481
AE_FIRE_2020_13862,P018,54.8,20160403,봄,4,낙상,RP_SLIP_TERRAIN,공공장소,17.6,fire,PLACE_CONFIRMED_FIRE,33.248696547,126.299022116
AE_FIRE_2020_13866,P427,125.8,20160403,봄,4,온열손상,RP_HEAT_02,산,15.3,fire,PLACE_CONFIRMED_FIRE,33.471924054,126.386576677
AE_FIRE_2020_13968,P294,60.4,20160413,봄,4,낙상,RP_SLIP_TERRAIN,공공장소,17.6,fire,PLACE_CONFIRMED_FIRE,33.24467921,126.573880333
AE_FIRE_2020_13974,P262,4.2,20160414,봄,4,낙상,RP_SLIP_TERRAIN,산,16.4,fire,PLACE_CONFIRMED_FIRE,33.392690613,126.49488493
AE_FIRE_2020_14018,P001,144.0,20160418,봄,4,화상,RP_HEAT_02,공공장소,12.6,fire,PLACE_CONFIRMED_FIRE,33.506544008,126.493707907
AE_FIRE_2020_14034,P868,13.0,20160420,봄,4,낙상,RP_SLIP_TERRAIN,산,17.6,fire,PLACE_CONFIRMED_FIRE,33.384964219,126.619355737
AE_FIRE_2020_14142,P070,56.3,20160501,봄,5,뱀,RP_ANIMAL_01,강바다,20.1,fire,PLACE_CONFIRMED_FIRE,33.472029495,126.93257056
AE_FIRE_2020_14153,P1011,83.1,20160502,봄,5,낙상,RP_SLIP_TERRAIN,공공장소,23.2,fire,PLACE_CONFIRMED_FIRE,33.478990004,126.703165037
AE_FIRE_2020_14155,P167,3.9,20160502,봄,5,낙상,RP_SLIP_TERRAIN,공공장소,19.3,fire,PLACE_CONFIRMED_FIRE,33.432985628,126.92783649
AE_FIRE_2020_14161,P070,167.0,20160503,봄,5,낙상,RP_SLIP_TERRAIN,강바다,17.4,fire,PLACE_CONFIRMED_FIRE,33.472358888,126.930512901
AE_FIRE_2020_14180,P1015,124.7,20160506,봄,5,기타 둔상,RP_SLIP_TERRAIN,공공장소,21.3,fire,PLACE_CONFIRMED_FIRE,33.335065278,126.324525544
AE_FIRE_2020_14200,P495,102.9,20160508,봄,5,추락,RP_FALL_CLIFF,강바다,17.6,fire,PLACE_CONFIRMED_FIRE,33.270082658,126.66383003
AE_FIRE_2020_14217,P1015,124.7,20160509,봄,5,낙상,RP_SLIP_TERRAIN,공공장소,16.1,fire,PLACE_CONFIRMED_FIRE,33.335065278,126.324525544
AE_FIRE_2020_14271,P183,41.0,20160514,봄,5,낙상,RP_SLIP_TERRAIN,산,20.2,fire,PLACE_CONFIRMED_FIRE,33.384508179,126.61988402
AE_FIRE_2020_14272,P183,41.0,20160514,봄,5,낙상,RP_SLIP_TERRAIN,산,20.2,fire,PLACE_CONFIRMED_FIRE,33.384508179,126.61988402
AE_FIRE_2020_14279,P508,94.8,20160515,봄,5,낙상,RP_SLIP_TERRAIN,강바다,23.8,fire,PLACE_CONFIRMED_FIRE,33.308148066,126.165227315
AE_FIRE_2020_14291,P846,6.1,20160517,봄,5,낙상,RP_SLIP_TERRAIN,강바다,23.1,fire,PLACE_CONFIRMED_FIRE,33.497749744,126.967553816
AE_FIRE_2020_14344,P1011,83.1,20160523,봄,5,낙상,RP_SLIP_TERRAIN,공공장소,25.9,fire,PLACE_CONFIRMED_FIRE,33.478990004,126.703165037
AE_FIRE_2020_14389,P183,14.0,20160529,봄,5,낙상,RP_SLIP_TERRAIN,산,17.5,fire,PLACE_CONFIRMED_FIRE,33.384865829,126.619494914
AE_FIRE_2020_14422,P739,38.4,20160601,여름,6,낙상,RP_SLIP_TERRAIN,산,21.8,fire,PLACE_CONFIRMED_FIRE,33.391971187,126.493924875
AE_FIRE_2020_14462,P167,3.9,20160605,여름,6,낙상,RP_SLIP_TERRAIN,공공장소,22.4,fire,PLACE_CONFIRMED_FIRE,33.432985628,126.92783649
AE_FIRE_2020_14511,P001,134.7,20160609,여름,6,낙상,RP_SLIP_TERRAIN,공공장소,23.4,fire,PLACE_CONFIRMED_FIRE,33.506153918,126.493825011
AE_FIRE_2020_14520,P196,39.0,20160610,여름,6,낙상,RP_SLIP_TERRAIN,공공장소,24.5,fire,PLACE_CONFIRMED_FIRE,33.514538896,126.514346883
AE_FIRE_2020_14546,P006,39.9,20160613,여름,6,해파리,RP_ANIMAL_01,강바다,23.0,fire,PLACE_CONFIRMED_FIRE,33.392188,126.238739125
AE_FIRE_2020_14562,P139,8.0,20160615,여름,6,익수,RP_DROWN_01,강바다,23.5,fire,PLACE_CONFIRMED_FIRE,33.239344514,126.558545782
AE_FIRE_2020_14572,P008,84.9,20160617,여름,6,해파리,RP_ANIMAL_01,강바다,23.9,fire,PLACE_CONFIRMED_FIRE,33.497794051,126.453731598
AE_FIRE_2020_14575,P256,61.4,20160617,여름,6,해파리,RP_ANIMAL_01,강바다,23.6,fire,PLACE_CONFIRMED_FIRE,33.496405781,126.455348766
AE_FIRE_2020_14582,P707,7.1,20160618,여름,6,열상,RP_MACHINE_01,공공장소,24.0,fire,PLACE_CONFIRMED_FIRE,33.470635242,126.488291431
AE_FIRE_2020_14587,P046,82.4,20160619,여름,6,낙상,RP_SLIP_TERRAIN,강바다,25.6,fire,PLACE_CONFIRMED_FIRE,33.515596951,126.511147893
AE_FIRE_2020_14591,P006,135.4,20160619,여름,6,해파리,RP_ANIMAL_01,강바다,25.4,fire,PLACE_CONFIRMED_FIRE,33.393223022,126.237828336
AE_FIRE_2020_14649,P070,68.1,20160625,여름,6,추락,RP_FALL_CLIFF,논.밭,22.6,fire,PLACE_CONFIRMED_FIRE,33.473032118,126.931973558
AE_FIRE_2020_14653,P092,118.9,20160625,여름,6,낙상,RP_SLIP_TERRAIN,강바다,22.4,fire,PLACE_CONFIRMED_FIRE,33.234561422,126.490002887
AE_FIRE_2020_14663,P907,112.7,20160627,여름,6,낙상,RP_SLIP_TERRAIN,강바다,21.7,fire,PLACE_CONFIRMED_FIRE,33.45031138,126.304462644
AE_FIRE_2020_14735,P360,183.1,20160705,여름,7,낙상,RP_SLIP_TERRAIN,체육시설,25.4,fire,PLACE_CONFIRMED_FIRE,33.250529502,126.554547363
AE_FIRE_2020_14766,P036,103.5,20160708,여름,7,낙상,RP_SLIP_TERRAIN,강바다,28.7,fire,PLACE_CONFIRMED_FIRE,33.245574305,126.572684503
AE_FIRE_2020_14811,P377,159.7,20160714,여름,7,기타 둔상,RP_SLIP_TERRAIN,강바다,27.7,fire,PLACE_CONFIRMED_FIRE,33.555785684,126.759214334
AE_FIRE_2020_14827,P125,162.7,20160716,여름,7,낙상,RP_SLIP_TERRAIN,강바다,26.4,fire,PLACE_CONFIRMED_FIRE,33.246228826,126.410659533
AE_FIRE_2020_14842,P125,123.0,20160718,여름,7,해파리,RP_ANIMAL_01,강바다,25.6,fire,PLACE_CONFIRMED_FIRE,33.24602473,126.411122944
AE_FIRE_2020_14843,P125,123.0,20160718,여름,7,해파리,RP_ANIMAL_01,강바다,25.6,fire,PLACE_CONFIRMED_FIRE,33.24602473,126.411122944
AE_FIRE_2020_14844,P125,123.0,20160718,여름,7,해파리,RP_ANIMAL_01,강바다,25.6,fire,PLACE_CONFIRMED_FIRE,33.24602473,126.411122944
AE_FIRE_2020_14852,P966,188.7,20160719,여름,7,낙상,RP_SLIP_TERRAIN,강바다,30.5,fire,PLACE_CONFIRMED_FIRE,33.389366583,126.234593321
AE_FIRE_2020_14860,P006,2.5,20160719,여름,7,열상,RP_MACHINE_01,강바다,28.7,fire,PLACE_CONFIRMED_FIRE,33.392461802,126.238972657
AE_FIRE_2020_14902,P911,3.8,20160723,여름,7,해파리,RP_ANIMAL_01,강바다,29.1,fire,PLACE_CONFIRMED_FIRE,33.513514715,126.89881681
AE_FIRE_2020_14910,P501,5.1,20160724,여름,7,추락,RP_FALL_CLIFF,공공장소,29.8,fire,PLACE_CONFIRMED_FIRE,33.309189014,126.165477462
AE_FIRE_2020_14938,P850,19.2,20160728,여름,7,낙상,RP_SLIP_TERRAIN,공공장소,29.8,fire,PLACE_CONFIRMED_FIRE,33.300454014,126.582148755
AE_FIRE_2020_14954,P899,150.8,20160729,여름,7,익수,RP_DROWN_01,강바다,31.2,fire,PLACE_CONFIRMED_FIRE,33.537499543,126.618714468
AE_FIRE_2020_14956,P344,112.9,20160729,여름,7,낙상,RP_SLIP_TERRAIN,강바다,28.1,fire,PLACE_CONFIRMED_FIRE,33.251463012,126.567746536
AE_FIRE_2020_15015,P627,163.4,20160802,여름,8,낙상,RP_SLIP_TERRAIN,강바다,30.2,fire,PLACE_CONFIRMED_FIRE,33.563387388,126.780716677
AE_FIRE_2020_15028,P018,4.5,20160805,여름,8,낙상,RP_SLIP_TERRAIN,공공장소,30.4,fire,PLACE_CONFIRMED_FIRE,33.24821903,126.298938047
AE_FIRE_2020_15052,P014,14.0,20160807,여름,8,익수,RP_DROWN_01,강바다,31.9,fire,PLACE_CONFIRMED_FIRE,33.472204602,126.933096501
AE_FIRE_2020_15053,P014,14.0,20160807,여름,8,익수,RP_DROWN_01,강바다,31.9,fire,PLACE_CONFIRMED_FIRE,33.472204602,126.933096501
AE_FIRE_2020_15054,P966,90.7,20160807,여름,8,기타 둔상,RP_SLIP_TERRAIN,강바다,30.8,fire,PLACE_CONFIRMED_FIRE,33.389815547,126.235525078
AE_FIRE_2020_15063,P014,148.7,20160808,여름,8,중독,RP_CO_01,공공장소,28.9,fire,PLACE_CONFIRMED_FIRE,33.473348764,126.933808255
AE_FIRE_2020_15126,P398,109.4,20160814,여름,8,낙상,RP_SLIP_TERRAIN,강바다,32.9,fire,PLACE_CONFIRMED_FIRE,33.496656213,126.910958845
AE_FIRE_2020_15129,P186,108.3,20160814,여름,8,기타 둔상,RP_SLIP_TERRAIN,강바다,30.6,fire,PLACE_CONFIRMED_FIRE,33.244251841,126.417338478
AE_FIRE_2020_15131,P094,16.8,20160814,여름,8,낙상,RP_SLIP_TERRAIN,강바다,30.3,fire,PLACE_CONFIRMED_FIRE,33.52319881,126.862342143
AE_FIRE_2020_15147,P125,153.9,20160816,여름,8,물,RP_DROWN_01,강바다,31.6,fire,PLACE_CONFIRMED_FIRE,33.246241702,126.410884244
AE_FIRE_2020_15180,P923,59.9,20160819,여름,8,열상,RP_MACHINE_01,강바다,29.1,fire,PLACE_CONFIRMED_FIRE,33.369418718,126.206463407
AE_FIRE_2020_15188,P203,13.2,20160820,여름,8,익수,RP_DROWN_01,강바다,31.3,fire,PLACE_CONFIRMED_FIRE,33.242831873,126.567900183
AE_FIRE_2020_15240,P739,52.2,20160825,여름,8,물,RP_DROWN_01,산,30.0,fire,PLACE_CONFIRMED_FIRE,33.391899109,126.493797302
AE_FIRE_2020_15284,P438,48.4,20160830,여름,8,익수,RP_DROWN_01,강바다,22.1,fire,PLACE_CONFIRMED_FIRE,33.237310898,126.516127962
AE_FIRE_2020_15299,P143,164.5,20160831,여름,8,낙상,RP_SLIP_TERRAIN,강바다,21.3,fire,PLACE_CONFIRMED_FIRE,33.238252085,126.565094886
AE_FIRE_2020_15311,P364,85.0,20160901,가을,9,낙상,RP_SLIP_TERRAIN,공공장소,27.1,fire,PLACE_CONFIRMED_FIRE,33.382978225,126.842192198
AE_FIRE_2020_15315,P309,177.6,20160901,가을,9,낙상,RP_SLIP_TERRAIN,산,28.5,fire,PLACE_CONFIRMED_FIRE,33.437999726,126.629997253
AE_FIRE_2020_15389,P361,87.5,20160911,가을,9,낙상,RP_SLIP_TERRAIN,강바다,25.4,fire,PLACE_CONFIRMED_FIRE,33.483627241,126.376988281
AE_FIRE_2020_15412,P018,51.7,20160914,가을,9,낙상,RP_SLIP_TERRAIN,공공장소,24.6,fire,PLACE_CONFIRMED_FIRE,33.248632825,126.29913787
AE_FIRE_2020_15434,P183,41.0,20160916,가을,9,낙상,RP_SLIP_TERRAIN,산,25.3,fire,PLACE_CONFIRMED_FIRE,33.384508179,126.61988402
AE_FIRE_2020_15468,P004,10.0,20160923,가을,9,낙상,RP_SLIP_TERRAIN,공공장소,24.2,fire,PLACE_CONFIRMED_FIRE,33.543695742,126.668933858
AE_FIRE_2020_15504,P085,130.3,20160927,가을,9,낙상,RP_SLIP_TERRAIN,산,25.1,fire,PLACE_CONFIRMED_FIRE,33.458615273,126.831347624
AE_FIRE_2020_15516,P005,23.0,20160928,가을,9,낙상,RP_SLIP_TERRAIN,산,23.7,fire,PLACE_CONFIRMED_FIRE,33.462402647,126.936657069
AE_FIRE_2020_15531,P132,4.5,20160930,가을,9,낙상,RP_SLIP_TERRAIN,강바다,21.7,fire,PLACE_CONFIRMED_FIRE,33.245044275,126.415646774
AE_FIRE_2020_15625,P070,167.8,20161012,가을,10,기계,RP_MACHINE_01,강바다,17.8,fire,PLACE_CONFIRMED_FIRE,33.473343074,126.930818083
AE_FIRE_2020_15626,P070,167.8,20161012,가을,10,기계,RP_MACHINE_01,강바다,17.8,fire,PLACE_CONFIRMED_FIRE,33.473343074,126.930818083
AE_FIRE_2020_15651,P522,73.9,20161016,가을,10,낙상,RP_SLIP_TERRAIN,공공장소,21.0,fire,PLACE_CONFIRMED_FIRE,33.529646901,126.771780463
AE_FIRE_2020_15710,P070,98.8,20161025,가을,10,낙상,RP_SLIP_TERRAIN,강바다,20.6,fire,PLACE_CONFIRMED_FIRE,33.473073515,126.931507583
AE_FIRE_2020_15720,P227,48.4,20161026,가을,10,낙상,RP_SLIP_TERRAIN,강바다,19.1,fire,PLACE_CONFIRMED_FIRE,33.505365976,126.941748973
AE_FIRE_2020_15728,P1013,39.9,20161027,가을,10,추락,RP_FALL_CLIFF,공공장소,21.0,fire,PLACE_CONFIRMED_FIRE,33.399144226,126.78513321
AE_FIRE_2020_15742,P112,21.6,20161030,가을,10,낙상,RP_SLIP_TERRAIN,산,18.8,fire,PLACE_CONFIRMED_FIRE,33.471921252,126.933145131
AE_FIRE_2020_15743,P207,38.4,20161030,가을,10,낙상,RP_SLIP_TERRAIN,공공장소,18.4,fire,PLACE_CONFIRMED_FIRE,33.245055191,126.571309059
AE_FIRE_2020_15758,P016,41.9,20161105,가을,11,낙상,RP_SLIP_TERRAIN,산,17.2,fire,PLACE_CONFIRMED_FIRE,33.491104286,126.811501973
AE_FIRE_2020_15882,P001,192.5,20161127,가을,11,추락,RP_FALL_CLIFF,공공장소,11.6,fire,PLACE_CONFIRMED_FIRE,33.505180359,126.49673462
AE_FIRE_2020_15957,P183,41.0,20161213,겨울,12,낙상,RP_SLIP_TERRAIN,산,14.9,fire,PLACE_CONFIRMED_FIRE,33.384508179,126.61988402
AE_FIRE_2020_16007,P070,29.3,20161224,겨울,12,추락,RP_FALL_CLIFF,강바다,5.8,fire,PLACE_CONFIRMED_FIRE,33.472286197,126.932101626
AE_FIRE_2020_16033,P143,179.8,20161228,겨울,12,기계,RP_MACHINE_01,강바다,5.3,fire,PLACE_CONFIRMED_FIRE,33.237716427,126.568668565
AE_FIRE_2020_16058,P002,119.8,20170101,겨울,1,기타 둔상,RP_SLIP_TERRAIN,오락/문화시설,11.2,fire,PLACE_CONFIRMED_FIRE,33.250263445,126.561937735
AE_FIRE_2020_16117,P997,176.7,20170113,겨울,1,낙상,RP_SLIP_TERRAIN,운동시설,8.4,fire,PLACE_CONFIRMED_FIRE,33.497392311,126.515556859
AE_FIRE_2020_16467,P739,36.4,20170318,봄,3,낙상,RP_SLIP_TERRAIN,바다/강/산/논밭,11.9,fire,PLACE_CONFIRMED_FIRE,33.39177446,126.494500932
AE_FIRE_2020_16490,P017,16.3,20170321,봄,3,낙상,RP_SLIP_TERRAIN,오락/문화시설,12.7,fire,PLACE_CONFIRMED_FIRE,33.289027461,126.369990963
AE_FIRE_2020_16491,P966,138.3,20170321,봄,3,낙상,RP_SLIP_TERRAIN,바다/강/산/논밭,9.4,fire,PLACE_CONFIRMED_FIRE,33.389603879,126.235060913
AE_FIRE_2020_16503,P009,99.4,20170323,봄,3,기타 둔상,RP_SLIP_TERRAIN,오락/문화시설,12.4,fire,PLACE_CONFIRMED_FIRE,33.433470412,126.926889787
AE_FIRE_2020_16532,P564,22.1,20170327,봄,3,낙상,RP_SLIP_TERRAIN,바다/강/산/논밭,11.9,fire,PLACE_CONFIRMED_FIRE,33.423633237,126.557996169
AE_FIRE_2020_16586,P070,72.9,20170403,봄,4,낙상,RP_SLIP_TERRAIN,바다/강/산/논밭,15.4,fire,PLACE_CONFIRMED_FIRE,33.472917381,126.931715126
AE_FIRE_2020_16596,P070,97.7,20170404,봄,4,낙상,RP_SLIP_TERRAIN,바다/강/산/논밭,16.3,fire,PLACE_CONFIRMED_FIRE,33.473270043,126.932783153
AE_FIRE_2020_16621,P756,32.0,20170408,봄,4,낙상,RP_SLIP_TERRAIN,바다/강/산/논밭,17.7,fire,PLACE_CONFIRMED_FIRE,33.385265084,126.619031466
AE_FIRE_2020_16630,P098,26.5,20170410,봄,4,동물/곤충기타,RP_ANIMAL_01,오락/문화시설,13.4,fire,PLACE_CONFIRMED_FIRE,33.276010764,126.305055679
AE_FIRE_2020_16650,P868,74.1,20170412,봄,4,낙상,RP_SLIP_TERRAIN,바다/강/산/논밭,15.7,fire,PLACE_CONFIRMED_FIRE,33.385675723,126.619163589
AE_FIRE_2020_16669,P262,42.7,20170414,봄,4,낙상,RP_SLIP_TERRAIN,바다/강/산/논밭,21.9,fire,PLACE_CONFIRMED_FIRE,33.392498,126.49444
AE_FIRE_2020_16747,P009,99.4,20170424,봄,4,낙상,RP_SLIP_TERRAIN,오락/문화시설,18.9,fire,PLACE_CONFIRMED_FIRE,33.433470412,126.926889787
AE_FIRE_2020_16758,P386,56.1,20170425,봄,4,낙상,RP_SLIP_TERRAIN,오락/문화시설,20.9,fire,PLACE_CONFIRMED_FIRE,33.506413,126.530271
AE_FIRE_2020_16798,P110,14.0,20170501,봄,5,낙상,RP_SLIP_TERRAIN,오락/문화시설,19.6,fire,PLACE_CONFIRMED_FIRE,33.283212745,126.349918704
AE_FIRE_2020_16823,P247,53.5,20170504,봄,5,열상,RP_MACHINE_01,바다/강/산/논밭,24.1,fire,PLACE_CONFIRMED_FIRE,33.556664672,126.794384214
AE_FIRE_2020_16894,P207,60.7,20170515,봄,5,추락,RP_FALL_CLIFF,바다/강/산/논밭,20.3,fire,PLACE_CONFIRMED_FIRE,33.245043971,126.571611705
AE_FIRE_2020_16895,P652,95.3,20170515,봄,5,낙상,RP_SLIP_TERRAIN,바다/강/산/논밭,20.3,fire,PLACE_CONFIRMED_FIRE,33.244937638,126.569643989
AE_FIRE_2020_16914,P005,179.0,20170518,봄,5,동물/곤충기타,RP_ANIMAL_01,바다/강/산/논밭,22.5,fire,PLACE_CONFIRMED_FIRE,33.462807963,126.934997499
AE_FIRE_2020_16915,P183,27.3,20170518,봄,5,낙상,RP_SLIP_TERRAIN,바다/강/산/논밭,22.0,fire,PLACE_CONFIRMED_FIRE,33.384882337,126.619909797
AE_FIRE_2020_16944,P302,141.0,20170522,봄,5,낙상,RP_SLIP_TERRAIN,바다/강/산/논밭,23.9,fire,PLACE_CONFIRMED_FIRE,33.252998761,126.334363038
AE_FIRE_2020_16947,P171,193.7,20170522,봄,5,열상,RP_MACHINE_01,바다/강/산/논밭,25.9,fire,PLACE_CONFIRMED_FIRE,33.39479,126.241043
AE_FIRE_2020_16961,P070,47.3,20170524,봄,5,낙상,RP_SLIP_TERRAIN,바다/강/산/논밭,20.1,fire,PLACE_CONFIRMED_FIRE,33.472513506,126.931797743
AE_FIRE_2020_16967,P906,48.2,20170525,봄,5,낙상,RP_SLIP_TERRAIN,바다/강/산/논밭,21.6,fire,PLACE_CONFIRMED_FIRE,33.272980347,126.703983929
AE_FIRE_2020_16972,P453,150.5,20170526,봄,5,낙상,RP_SLIP_TERRAIN,바다/강/산/논밭,22.7,fire,PLACE_CONFIRMED_FIRE,33.234825164,126.314432108
AE_FIRE_2020_17003,P649,138.5,20170531,봄,5,낙상,RP_SLIP_TERRAIN,오락/문화시설,21.7,fire,PLACE_CONFIRMED_FIRE,33.354604995,126.252570964
AE_FIRE_2020_17066,P997,124.5,20170609,여름,6,낙상,RP_SLIP_TERRAIN,운동시설,26.0,fire,PLACE_CONFIRMED_FIRE,33.497237715,126.515010623
AE_FIRE_2020_17068,P070,156.3,20170610,여름,6,기타 둔상,RP_SLIP_TERRAIN,바다/강/산/논밭,22.8,fire,PLACE_CONFIRMED_FIRE,33.471180235,126.931683676
AE_FIRE_2020_17073,P261,166.3,20170610,여름,6,낙상,RP_SLIP_TERRAIN,바다/강/산/논밭,23.5,fire,PLACE_CONFIRMED_FIRE,33.367337554,126.35704175
AE_FIRE_2020_17079,P997,156.4,20170611,여름,6,기타 둔상,RP_SLIP_TERRAIN,운동시설,23.6,fire,PLACE_CONFIRMED_FIRE,33.497333061,126.515345624
AE_FIRE_2020_17182,P060,167.7,20170624,여름,6,낙상,RP_SLIP_TERRAIN,바다/강/산/논밭,23.4,fire,PLACE_CONFIRMED_FIRE,33.365849107,126.201241552
AE_FIRE_2020_17188,P051,0.0,20170625,여름,6,낙상,RP_SLIP_TERRAIN,바다/강/산/논밭,24.1,fire,PLACE_CONFIRMED_FIRE,33.291938528,126.527902157
AE_FIRE_2020_17198,P439,109.5,20170627,여름,6,낙상,RP_SLIP_TERRAIN,오락/문화시설,23.6,fire,PLACE_CONFIRMED_FIRE,33.52002697,126.573457916
AE_FIRE_2020_17223,P968,133.8,20170701,여름,7,동물/곤충기타,RP_ANIMAL_01,바다/강/산/논밭,26.4,fire,PLACE_CONFIRMED_FIRE,33.542504,126.668844
AE_FIRE_2020_17226,P125,124.2,20170702,여름,7,기타 둔상,RP_SLIP_TERRAIN,바다/강/산/논밭,26.5,fire,PLACE_CONFIRMED_FIRE,33.245669933,126.410531088
AE_FIRE_2020_17250,P012,187.0,20170706,여름,7,열상,RP_MACHINE_01,바다/강/산/논밭,29.4,fire,PLACE_CONFIRMED_FIRE,33.448934076,126.304310484
AE_FIRE_2020_17271,P358,97.1,20170711,여름,7,낙상,RP_SLIP_TERRAIN,바다/강/산/논밭,25.7,fire,PLACE_CONFIRMED_FIRE,33.241168696,126.547655092
AE_FIRE_2020_17274,P006,115.5,20170712,여름,7,기타 둔상,RP_SLIP_TERRAIN,바다/강/산/논밭,27.6,fire,PLACE_CONFIRMED_FIRE,33.393459263,126.238566713
AE_FIRE_2020_17280,P953,85.6,20170712,여름,7,낙상,RP_SLIP_TERRAIN,오락/문화시설,26.3,fire,PLACE_CONFIRMED_FIRE,33.4876785,126.490234
AE_FIRE_2020_17282,P051,147.5,20170713,여름,7,뱀,RP_ANIMAL_01,바다/강/산/논밭,28.4,fire,PLACE_CONFIRMED_FIRE,33.291961677,126.52948912
AE_FIRE_2020_17309,P002,118.9,20170716,여름,7,낙상,RP_SLIP_TERRAIN,오락/문화시설,28.5,fire,PLACE_CONFIRMED_FIRE,33.249202566,126.563830233
AE_FIRE_2020_17321,P009,99.4,20170718,여름,7,낙상,RP_SLIP_TERRAIN,오락/문화시설,26.6,fire,PLACE_CONFIRMED_FIRE,33.433470412,126.926889787
AE_FIRE_2020_17324,P359,88.3,20170719,여름,7,낙상,RP_SLIP_TERRAIN,바다/강/산/논밭,26.6,fire,PLACE_CONFIRMED_FIRE,33.242118209,126.550491885
AE_FIRE_2020_17336,P344,130.9,20170720,여름,7,기타 둔상,RP_SLIP_TERRAIN,바다/강/산/논밭,30.1,fire,PLACE_CONFIRMED_FIRE,33.251174104,126.567376131
AE_FIRE_2020_17343,P968,185.3,20170721,여름,7,낙상,RP_SLIP_TERRAIN,바다/강/산/논밭,32.3,fire,PLACE_CONFIRMED_FIRE,33.5426849,126.66712651
AE_FIRE_2020_17366,P484,7.4,20170724,여름,7,열상,RP_MACHINE_01,바다/강/산/논밭,30.3,fire,PLACE_CONFIRMED_FIRE,33.239570858,126.592094548
AE_FIRE_2020_17369,P006,159.9,20170724,여름,7,동물/곤충기타,RP_ANIMAL_01,바다/강/산/논밭,33.6,fire,PLACE_CONFIRMED_FIRE,33.393852538,126.238464185
AE_FIRE_2020_17376,P968,97.0,20170725,여름,7,낙상,RP_SLIP_TERRAIN,바다/강/산/논밭,31.5,fire,PLACE_CONFIRMED_FIRE,33.542945876,126.668188525
AE_FIRE_2020_17384,P171,156.8,20170727,여름,7,낙상,RP_SLIP_TERRAIN,바다/강/산/논밭,28.7,fire,PLACE_CONFIRMED_FIRE,33.394634333,126.241442161
AE_FIRE_2020_17420,P136,189.9,20170731,여름,7,열상,RP_MACHINE_01,오락/문화시설,27.3,fire,PLACE_CONFIRMED_FIRE,33.24738,126.5634
AE_FIRE_2020_17430,P062,147.2,20170801,여름,8,벌,RP_ANIMAL_01,오락/문화시설,30.2,fire,PLACE_CONFIRMED_FIRE,33.447399297,126.659420551
AE_FIRE_2020_17432,P227,180.3,20170802,여름,8,낙상,RP_SLIP_TERRAIN,바다/강/산/논밭,31.9,fire,PLACE_CONFIRMED_FIRE,33.504181,126.941657
AE_FIRE_2020_17462,P008,45.6,20170805,여름,8,열상,RP_MACHINE_01,바다/강/산/논밭,31.1,fire,PLACE_CONFIRMED_FIRE,33.49751158,126.452995265
AE_FIRE_2020_17473,P053,86.9,20170806,여름,8,해파리,RP_ANIMAL_01,바다/강/산/논밭,32.1,fire,PLACE_CONFIRMED_FIRE,33.555702135,126.795585032
AE_FIRE_2020_17475,P008,138.6,20170807,여름,8,추락,RP_FALL_CLIFF,바다/강/산/논밭,29.7,fire,PLACE_CONFIRMED_FIRE,33.496882356,126.451953353
AE_FIRE_2020_17521,P125,81.9,20170816,여름,8,낙상,RP_SLIP_TERRAIN,바다/강/산/논밭,31.8,fire,PLACE_CONFIRMED_FIRE,33.245721229,126.411691317
AE_FIRE_2020_17542,P060,17.7,20170819,여름,8,열상,RP_MACHINE_01,바다/강/산/논밭,30.4,fire,PLACE_CONFIRMED_FIRE,33.365389466,126.199713997
AE_FIRE_2020_17556,P730,70.0,20170822,여름,8,추락,RP_FALL_CLIFF,바다/강/산/논밭,32.0,fire,PLACE_CONFIRMED_FIRE,33.462482071,126.309433587
AE_FIRE_2020_17585,P610,109.1,20170826,여름,8,낙상,RP_SLIP_TERRAIN,바다/강/산/논밭,29.2,fire,PLACE_CONFIRMED_FIRE,33.315721324,126.630902477
AE_FIRE_2020_17595,P060,130.3,20170827,여름,8,낙상,RP_SLIP_TERRAIN,바다/강/산/논밭,28.7,fire,PLACE_CONFIRMED_FIRE,33.36638,126.20008
AE_FIRE_2020_17615,P841,2.5,20170828,여름,8,낙상,RP_SLIP_TERRAIN,바다/강/산/논밭,32.9,fire,PLACE_CONFIRMED_FIRE,33.32256296,126.263213213
AE_FIRE_2020_17652,P159,78.4,20170903,가을,9,기타 둔상,RP_SLIP_TERRAIN,오락/문화시설,22.5,fire,PLACE_CONFIRMED_FIRE,33.513129,126.52746
AE_FIRE_2020_17713,P060,40.6,20170910,가을,9,열상,RP_MACHINE_01,바다/강/산/논밭,29.8,fire,PLACE_CONFIRMED_FIRE,33.365040775,126.199245395
AE_FIRE_2020_17725,P048,83.4,20170911,가을,9,추락,RP_FALL_CLIFF,바다/강/산/논밭,23.2,fire,PLACE_CONFIRMED_FIRE,33.52393685,126.541106183
AE_FIRE_2020_17764,P058,8.4,20170916,가을,9,낙상,RP_SLIP_TERRAIN,오락/문화시설,23.4,fire,PLACE_CONFIRMED_FIRE,33.290094713,126.352138993
AE_FIRE_2020_17770,P053,106.5,20170917,가을,9,익수,RP_DROWN_01,바다/강/산/논밭,23.4,fire,PLACE_CONFIRMED_FIRE,33.555521636,126.796022443
AE_FIRE_2020_17834,P012,118.2,20170926,가을,9,낙상,RP_SLIP_TERRAIN,바다/강/산/논밭,27.8,fire,PLACE_CONFIRMED_FIRE,33.449697513,126.304530892
AE_FIRE_2020_17857,P012,107.9,20170930,가을,9,열상,RP_MACHINE_01,바다/강/산/논밭,26.8,fire,PLACE_CONFIRMED_FIRE,33.450062554,126.304512921
AE_FIRE_2020_17868,P876,26.2,20171002,가을,10,낙상,RP_SLIP_TERRAIN,바다/강/산/논밭,21.3,fire,PLACE_CONFIRMED_FIRE,33.5152702,126.511932
AE_FIRE_2020_17876,P979,0.0,20171003,가을,10,낙상,RP_SLIP_TERRAIN,바다/강/산/논밭,22.4,fire,PLACE_CONFIRMED_FIRE,33.40511265,126.406064271
AE_FIRE_2020_17905,P199,76.4,20171005,가을,10,낙상,RP_SLIP_TERRAIN,오락/문화시설,21.1,fire,PLACE_CONFIRMED_FIRE,33.389476131,126.238859923
AE_FIRE_2020_17917,P363,72.5,20171007,가을,10,기계,RP_MACHINE_01,바다/강/산/논밭,20.9,fire,PLACE_CONFIRMED_FIRE,33.236514415,126.335849914
AE_FIRE_2020_18036,P713,120.7,20171031,가을,10,낙상,RP_SLIP_TERRAIN,바다/강/산/논밭,18.7,fire,PLACE_CONFIRMED_FIRE,33.2599105,126.328933
AE_FIRE_2020_18083,P020,63.9,20171108,가을,11,열상,RP_MACHINE_01,바다/강/산/논밭,19.9,fire,PLACE_CONFIRMED_FIRE,33.519833923,126.533582523
AE_FIRE_2020_18101,P199,151.7,20171110,가을,11,낙상,RP_SLIP_TERRAIN,오락/문화시설,21.6,fire,PLACE_CONFIRMED_FIRE,33.389446,126.238049999
AE_FIRE_2020_18128,P331,141.8,20171117,가을,11,기계,RP_MACHINE_01,바다/강/산/논밭,15.8,fire,PLACE_CONFIRMED_FIRE,33.413232768,126.256882922
AE_FIRE_2020_18136,P017,197.0,20171119,가을,11,낙상,RP_SLIP_TERRAIN,오락/문화시설,7.5,fire,PLACE_CONFIRMED_FIRE,33.290140095,126.368365118
AE_FIRE_2020_18152,P391,170.4,20171122,가을,11,낙상,RP_SLIP_TERRAIN,바다/강/산/논밭,11.7,fire,PLACE_CONFIRMED_FIRE,33.206108,126.290229
AE_FIRE_2020_18156,P734,180.9,20171123,가을,11,낙상,RP_SLIP_TERRAIN,바다/강/산/논밭,10.3,fire,PLACE_CONFIRMED_FIRE,33.416511643,126.263122496
AE_FIRE_2020_18158,P868,18.4,20171123,가을,11,낙상,RP_SLIP_TERRAIN,바다/강/산/논밭,10.1,fire,PLACE_CONFIRMED_FIRE,33.385034705,126.619643459
AE_FIRE_2020_18334,P698,155.3,20180106,겨울,1,낙상,RP_SLIP_TERRAIN,오락/문화시설,7.7,fire,PLACE_CONFIRMED_FIRE,33.494218004,126.549920412
AE_FIRE_2020_18507,P258,25.1,20180217,겨울,2,낙상,RP_SLIP_TERRAIN,바다/강/산/논밭,5.3,fire,PLACE_CONFIRMED_FIRE,33.3889007,126.494201
AE_FIRE_2020_18568,P943,12.3,20180304,봄,3,열상,RP_MACHINE_01,바다/강/산/논밭,17.4,fire,PLACE_CONFIRMED_FIRE,33.239287528,126.55834178
AE_FIRE_2020_18571,P976,50.2,20180306,봄,3,기타 둔상,RP_SLIP_TERRAIN,바다/강/산/논밭,11.0,fire,PLACE_CONFIRMED_FIRE,33.210440007,126.257508473
AE_FIRE_2020_18587,P368,2.7,20180312,봄,3,낙상,RP_SLIP_TERRAIN,바다/강/산/논밭,14.8,fire,PLACE_CONFIRMED_FIRE,33.240082358,126.545710697
AE_FIRE_2020_18654,P907,122.5,20180326,봄,3,낙상,RP_SLIP_TERRAIN,바다/강/산/논밭,15.8,fire,PLACE_CONFIRMED_FIRE,33.450966,126.304235
AE_FIRE_2020_18669,P074,101.0,20180329,봄,3,낙상,RP_SLIP_TERRAIN,오락/문화시설,17.7,fire,PLACE_CONFIRMED_FIRE,33.433535675,126.693618823
AE_FIRE_2020_18680,P112,48.4,20180401,봄,4,낙상,RP_SLIP_TERRAIN,바다/강/산/논밭,20.8,fire,PLACE_CONFIRMED_FIRE,33.472103236,126.93372163
AE_FIRE_2020_18694,P012,74.5,20180404,봄,4,낙상,RP_SLIP_TERRAIN,바다/강/산/논밭,20.1,fire,PLACE_CONFIRMED_FIRE,33.45055,126.306335
AE_FIRE_2020_18813,P361,19.6,20180425,봄,4,낙상,RP_SLIP_TERRAIN,바다/강/산/논밭,15.8,fire,PLACE_CONFIRMED_FIRE,33.483037648,126.377248143
AE_FIRE_2020_18816,P029,65.0,20180426,봄,4,기계,RP_MACHINE_01,운동시설,17.1,fire,PLACE_CONFIRMED_FIRE,33.455348514,126.668852766
AE_FIRE_2020_18843,P046,28.6,20180501,봄,5,낙상,RP_SLIP_TERRAIN,바다/강/산/논밭,22.5,fire,PLACE_CONFIRMED_FIRE,33.515936393,126.512038168
AE_FIRE_2020_18844,P046,28.6,20180501,봄,5,낙상,RP_SLIP_TERRAIN,바다/강/산/논밭,22.5,fire,PLACE_CONFIRMED_FIRE,33.515936393,126.512038168
AE_FIRE_2020_18870,P004,5.1,20180505,봄,5,낙상,RP_SLIP_TERRAIN,바다/강/산/논밭,21.2,fire,PLACE_CONFIRMED_FIRE,33.543784394,126.668875916
AE_FIRE_2020_18892,P018,58.1,20180510,봄,5,낙상,RP_SLIP_TERRAIN,오락/문화시설,17.8,fire,PLACE_CONFIRMED_FIRE,33.248711453,126.299091316
AE_FIRE_2020_18907,P018,77.5,20180512,봄,5,낙상,RP_SLIP_TERRAIN,오락/문화시설,20.0,fire,PLACE_CONFIRMED_FIRE,33.2488784,126.298629
AE_FIRE_2020_18940,P053,73.1,20180517,봄,5,낙상,RP_SLIP_TERRAIN,바다/강/산/논밭,24.7,fire,PLACE_CONFIRMED_FIRE,33.555894,126.796202
AE_FIRE_2020_18952,P799,59.1,20180519,봄,5,낙상,RP_SLIP_TERRAIN,바다/강/산/논밭,16.9,fire,PLACE_CONFIRMED_FIRE,33.263997602,126.332218693
AE_FIRE_2020_18964,P060,115.4,20180522,봄,5,낙상,RP_SLIP_TERRAIN,바다/강/산/논밭,21.1,fire,PLACE_CONFIRMED_FIRE,33.365149038,126.200795709
AE_FIRE_2020_19026,P058,8.4,20180606,여름,6,낙상,RP_SLIP_TERRAIN,오락/문화시설,22.5,fire,PLACE_CONFIRMED_FIRE,33.290094713,126.352138993
AE_FIRE_2020_19030,P040,67.9,20180607,여름,6,낙상,RP_SLIP_TERRAIN,오락/문화시설,21.8,fire,PLACE_CONFIRMED_FIRE,33.307183336,126.31748488
AE_FIRE_2020_19058,P032,110.1,20180611,여름,6,동물/곤충기타,RP_ANIMAL_01,바다/강/산/논밭,20.5,fire,PLACE_CONFIRMED_FIRE,33.542697,126.670109999
AE_FIRE_2020_19064,P078,27.0,20180613,여름,6,낙상,RP_SLIP_TERRAIN,오락/문화시설,23.1,fire,PLACE_CONFIRMED_FIRE,33.314386645,126.344649443
AE_FIRE_2020_19170,P907,33.4,20180701,여름,7,낙상,RP_SLIP_TERRAIN,바다/강/산/논밭,28.7,fire,PLACE_CONFIRMED_FIRE,33.451083109,126.305502973
AE_FIRE_2020_19209,P125,86.5,20180709,여름,7,낙상,RP_SLIP_TERRAIN,바다/강/산/논밭,25.9,fire,PLACE_CONFIRMED_FIRE,33.245465734,126.412325892
AE_FIRE_2020_19212,P203,81.3,20180710,여름,7,열상,RP_MACHINE_01,바다/강/산/논밭,28.6,fire,PLACE_CONFIRMED_FIRE,33.242518411,126.567235937
AE_FIRE_2020_19213,P203,81.3,20180710,여름,7,열상,RP_MACHINE_01,바다/강/산/논밭,28.6,fire,PLACE_CONFIRMED_FIRE,33.242518411,126.567235937
AE_FIRE_2020_19256,P006,161.7,20180721,여름,7,열상,RP_MACHINE_01,바다/강/산/논밭,28.9,fire,PLACE_CONFIRMED_FIRE,33.393394098,126.237630045
AE_FIRE_2020_19258,P032,182.6,20180721,여름,7,기타 둔상,RP_SLIP_TERRAIN,바다/강/산/논밭,29.5,fire,PLACE_CONFIRMED_FIRE,33.542467008,126.673022944
AE_FIRE_2020_19333,P968,65.1,20180805,여름,8,익수,RP_DROWN_01,바다/강/산/논밭,31.4,fire,PLACE_CONFIRMED_FIRE,33.543359219,126.668141078
AE_FIRE_2020_19368,P012,70.8,20180810,여름,8,낙상,RP_SLIP_TERRAIN,바다/강/산/논밭,31.6,fire,PLACE_CONFIRMED_FIRE,33.450251862,126.30491032
AE_FIRE_2020_19381,P966,51.1,20180812,여름,8,낙상,RP_SLIP_TERRAIN,바다/강/산/논밭,31.2,fire,PLACE_CONFIRMED_FIRE,33.390123303,126.235766465
AE_FIRE_2020_19396,P143,5.8,20180817,여름,8,열상,RP_MACHINE_01,바다/강/산/논밭,25.7,fire,PLACE_CONFIRMED_FIRE,33.238301839,126.56692496
AE_FIRE_2020_19400,P351,164.4,20180818,여름,8,낙상,RP_SLIP_TERRAIN,바다/강/산/논밭,28.1,fire,PLACE_CONFIRMED_FIRE,33.532401014,126.849429128
AE_FIRE_2020_19415,P338,10.7,20180822,여름,8,낙상,RP_SLIP_TERRAIN,바다/강/산/논밭,27.4,fire,PLACE_CONFIRMED_FIRE,33.517996352,126.487264347
AE_FIRE_2020_19431,P161,144.0,20180826,여름,8,익수,RP_DROWN_01,바다/강/산/논밭,26.6,fire,PLACE_CONFIRMED_FIRE,33.517919298,126.525720639
AE_FIRE_2020_19440,P846,51.1,20180827,여름,8,낙상,RP_SLIP_TERRAIN,바다/강/산/논밭,30.8,fire,PLACE_CONFIRMED_FIRE,33.497819457,126.966943512
AE_FIRE_2020_19473,P363,138.8,20180905,가을,9,익수,RP_DROWN_01,바다/강/산/논밭,27.4,fire,PLACE_CONFIRMED_FIRE,33.236785053,126.33370357
AE_FIRE_2020_19490,P338,199.0,20180909,가을,9,낙상,RP_SLIP_TERRAIN,바다/강/산/논밭,24.4,fire,PLACE_CONFIRMED_FIRE,33.518879,126.489072
AE_FIRE_2020_19500,P494,159.2,20180912,가을,9,낙상,RP_SLIP_TERRAIN,바다/강/산/논밭,22.4,fire,PLACE_CONFIRMED_FIRE,33.344071626,126.175498517
AE_FIRE_2020_19508,P204,92.5,20180915,가을,9,낙상,RP_SLIP_TERRAIN,바다/강/산/논밭,26.8,fire,PLACE_CONFIRMED_FIRE,33.238834236,126.608140731
AE_FIRE_2020_19511,P997,180.6,20180916,가을,9,기타 둔상,RP_SLIP_TERRAIN,오락/문화시설,27.2,fire,PLACE_CONFIRMED_FIRE,33.497366345,126.515603062
AE_FIRE_2020_19553,P438,21.8,20180925,가을,9,익수,RP_DROWN_01,바다/강/산/논밭,21.8,fire,PLACE_CONFIRMED_FIRE,33.237222504,126.515401225
AE_FIRE_2020_19599,P312,188.5,20181011,가을,10,낙상,RP_SLIP_TERRAIN,오락/문화시설,18.6,fire,PLACE_CONFIRMED_FIRE,33.274723,126.70499
AE_FIRE_2020_19641,P010,64.2,20181022,가을,10,낙상,RP_SLIP_TERRAIN,바다/강/산/논밭,18.7,fire,PLACE_CONFIRMED_FIRE,33.423655331,126.930308296
AE_FIRE_2020_19664,P976,105.8,20181028,가을,10,낙상,RP_SLIP_TERRAIN,바다/강/산/논밭,19.0,fire,PLACE_CONFIRMED_FIRE,33.210762681,126.256298243
AE_FIRE_2020_19686,P183,70.6,20181103,가을,11,낙상,RP_SLIP_TERRAIN,바다/강/산/논밭,17.9,fire,PLACE_CONFIRMED_FIRE,33.385034672,126.620339459
AE_FIRE_2020_19695,P739,25.5,20181107,가을,11,낙상,RP_SLIP_TERRAIN,바다/강/산/논밭,17.3,fire,PLACE_CONFIRMED_FIRE,33.392197563,126.494097576
AE_FIRE_2020_19703,P070,81.8,20181109,가을,11,낙상,RP_SLIP_TERRAIN,바다/강/산/논밭,17.6,fire,PLACE_CONFIRMED_FIRE,33.473187682,126.932041322
AE_FIRE_2020_19716,P093,89.4,20181110,가을,11,낙상,RP_SLIP_TERRAIN,바다/강/산/논밭,17.1,fire,PLACE_CONFIRMED_FIRE,33.364996,126.355755
AE_FIRE_2020_19727,P524,52.8,20181112,가을,11,추락,RP_FALL_CLIFF,바다/강/산/논밭,16.9,fire,PLACE_CONFIRMED_FIRE,33.286559261,126.750980955
AE_FIRE_2020_19751,P277,91.9,20181119,가을,11,추락,RP_FALL_CLIFF,바다/강/산/논밭,14.6,fire,PLACE_CONFIRMED_FIRE,33.519467,126.493147
AE_FIRE_2020_19762,P869,120.2,20181122,가을,11,낙상,RP_SLIP_TERRAIN,바다/강/산/논밭,11.0,fire,PLACE_CONFIRMED_FIRE,33.422517416,126.549302849
AE_FIRE_2020_19777,P136,160.8,20181127,가을,11,낙상,RP_SLIP_TERRAIN,오락/문화시설,13.2,fire,PLACE_CONFIRMED_FIRE,33.247061223,126.563478611
AE_FIRE_2020_19796,P985,53.1,20181203,겨울,12,기타 둔상,RP_SLIP_TERRAIN,오락/문화시설,20.7,fire,PLACE_CONFIRMED_FIRE,33.339996,126.68334
AE_FIRE_2020_19809,P018,58.6,20181211,겨울,12,낙상,RP_SLIP_TERRAIN,오락/문화시설,11.7,fire,PLACE_CONFIRMED_FIRE,33.248709587,126.299112148
AE_FIRE_2020_19887,P244,18.9,20190103,겨울,1,낙상,RP_SLIP_TERRAIN,바다/강/산/논밭,6.3,fire,PLACE_CONFIRMED_FIRE,33.506556147,126.953143899
AE_FIRE_2020_19897,P335,69.8,20190108,겨울,1,추락,RP_FALL_CLIFF,오락/문화시설,7.6,fire,PLACE_CONFIRMED_FIRE,33.518447057,126.544841687
AE_FIRE_2020_19912,P756,10.7,20190112,겨울,1,낙상,RP_SLIP_TERRAIN,바다/강/산/논밭,13.0,fire,PLACE_CONFIRMED_FIRE,33.385090791,126.619204292
AE_FIRE_2020_19954,P739,30.3,20190126,겨울,1,낙상,RP_SLIP_TERRAIN,바다/강/산/논밭,4.9,fire,PLACE_CONFIRMED_FIRE,33.391941,126.494033
AE_FIRE_2020_19956,P739,30.3,20190127,겨울,1,낙상,RP_SLIP_TERRAIN,바다/강/산/논밭,6.1,fire,PLACE_CONFIRMED_FIRE,33.391941,126.494033
AE_FIRE_2020_19986,P305,173.5,20190203,겨울,2,기타 둔상,RP_SLIP_TERRAIN,오락/문화시설,15.9,fire,PLACE_CONFIRMED_FIRE,33.242446109,126.423169101
AE_FIRE_2020_19999,P183,72.9,20190208,겨울,2,낙상,RP_SLIP_TERRAIN,바다/강/산/논밭,9.1,fire,PLACE_CONFIRMED_FIRE,33.384159,126.619735
AE_FIRE_2020_20025,P756,3.0,20190216,겨울,2,낙상,RP_SLIP_TERRAIN,바다/강/산/논밭,7.5,fire,PLACE_CONFIRMED_FIRE,33.384986443,126.619194107
AE_FIRE_2020_20064,P167,96.6,20190228,겨울,2,낙상,RP_SLIP_TERRAIN,오락/문화시설,13.6,fire,PLACE_CONFIRMED_FIRE,33.433479732,126.92694602
AE_FIRE_2020_20084,P037,3.9,20190304,봄,3,낙상,RP_SLIP_TERRAIN,바다/강/산/논밭,10.5,fire,PLACE_CONFIRMED_FIRE,33.244740627,126.573227321
AE_FIRE_2020_20091,P734,57.6,20190305,봄,3,낙상,RP_SLIP_TERRAIN,오락/문화시설,11.5,fire,PLACE_CONFIRMED_FIRE,33.415138764,126.264651677
AE_FIRE_2020_20098,P329,165.0,20190308,봄,3,추락,RP_FALL_CLIFF,바다/강/산/논밭,6.1,fire,PLACE_CONFIRMED_FIRE,33.279215608,126.720469641
AE_FIRE_2020_20104,P070,144.6,20190310,봄,3,열상,RP_MACHINE_01,바다/강/산/논밭,12.9,fire,PLACE_CONFIRMED_FIRE,33.473765,126.932023
AE_FIRE_2020_20110,P522,11.0,20190313,봄,3,낙상,RP_SLIP_TERRAIN,오락/문화시설,11.2,fire,PLACE_CONFIRMED_FIRE,33.529155605,126.771429516
AE_FIRE_2020_20118,P172,66.9,20190315,봄,3,낙상,RP_SLIP_TERRAIN,바다/강/산/논밭,14.2,fire,PLACE_CONFIRMED_FIRE,33.4189109,126.261734
AE_FIRE_2020_20165,P290,27.2,20190327,봄,3,추락,RP_FALL_CLIFF,바다/강/산/논밭,18.6,fire,PLACE_CONFIRMED_FIRE,33.478206,126.369102
AE_FIRE_2020_20169,P1013,0.0,20190328,봄,3,낙상,RP_SLIP_TERRAIN,오락/문화시설,17.3,fire,PLACE_CONFIRMED_FIRE,33.399111477,126.784705797
AE_FIRE_2020_20182,P112,59.3,20190331,봄,3,낙상,RP_SLIP_TERRAIN,바다/강/산/논밭,9.3,fire,PLACE_CONFIRMED_FIRE,33.471685212,126.9328131
AE_FIRE_2020_20183,P015,30.8,20190331,봄,3,낙상,RP_SLIP_TERRAIN,오락/문화시설,9.1,fire,PLACE_CONFIRMED_FIRE,33.233053296,126.313825182
AE_FIRE_2020_20189,P183,67.9,20190402,봄,4,낙상,RP_SLIP_TERRAIN,바다/강/산/논밭,14.7,fire,PLACE_CONFIRMED_FIRE,33.384201,126.619697
AE_FIRE_2020_20265,P434,13.4,20190419,봄,4,낙상,RP_SLIP_TERRAIN,바다/강/산/논밭,13.7,fire,PLACE_CONFIRMED_FIRE,33.239798475,126.531885461
AE_FIRE_2020_20315,P207,87.3,20190429,봄,4,열상,RP_MACHINE_01,바다/강/산/논밭,19.0,fire,PLACE_CONFIRMED_FIRE,33.244779,126.571963
AE_FIRE_2020_20336,P868,10.7,20190502,봄,5,낙상,RP_SLIP_TERRAIN,바다/강/산/논밭,22.7,fire,PLACE_CONFIRMED_FIRE,33.385043489,126.619332499
AE_FIRE_2020_20350,P522,102.0,20190505,봄,5,낙상,RP_SLIP_TERRAIN,오락/문화시설,21.4,fire,PLACE_CONFIRMED_FIRE,33.528204954,126.771817192
AE_FIRE_2020_20355,P005,120.2,20190506,봄,5,낙상,RP_SLIP_TERRAIN,바다/강/산/논밭,20.9,fire,PLACE_CONFIRMED_FIRE,33.463157979,126.937472876
AE_FIRE_2020_20410,P501,78.7,20190521,봄,5,익수,RP_DROWN_01,바다/강/산/논밭,20.1,fire,PLACE_CONFIRMED_FIRE,33.30909,126.1646
AE_FIRE_2020_20413,P756,10.7,20190522,봄,5,낙상,RP_SLIP_TERRAIN,바다/강/산/논밭,22.2,fire,PLACE_CONFIRMED_FIRE,33.384959172,126.619062678
AE_FIRE_2020_20465,P484,59.3,20190602,여름,6,열상,RP_MACHINE_01,바다/강/산/논밭,21.7,fire,PLACE_CONFIRMED_FIRE,33.2392,126.591725
AE_FIRE_2020_20478,P148,125.6,20190606,여름,6,낙상,RP_SLIP_TERRAIN,오락/문화시설,22.7,fire,PLACE_CONFIRMED_FIRE,33.247614197,126.412533096
AE_FIRE_2020_20497,P082,26.7,20190609,여름,6,낙상,RP_SLIP_TERRAIN,오락/문화시설,21.2,fire,PLACE_CONFIRMED_FIRE,33.252450971,126.414507425
AE_FIRE_2020_20514,P125,177.1,20190613,여름,6,낙상,RP_SLIP_TERRAIN,바다/강/산/논밭,22.1,fire,PLACE_CONFIRMED_FIRE,33.245685744,126.413302902
AE_FIRE_2020_20532,P398,170.7,20190619,여름,6,기타 둔상,RP_SLIP_TERRAIN,바다/강/산/논밭,23.4,fire,PLACE_CONFIRMED_FIRE,33.496242,126.911702
AE_FIRE_2020_20567,P004,46.3,20190627,여름,6,열상,RP_MACHINE_01,바다/강/산/논밭,25.9,fire,PLACE_CONFIRMED_FIRE,33.543427,126.669166
AE_FIRE_2020_20635,P125,107.9,20190709,여름,7,낙상,RP_SLIP_TERRAIN,바다/강/산/논밭,22.0,fire,PLACE_CONFIRMED_FIRE,33.245367575,126.410521636
AE_FIRE_2020_20642,P707,16.3,20190710,여름,7,낙상,RP_SLIP_TERRAIN,오락/문화시설,21.9,fire,PLACE_CONFIRMED_FIRE,33.470528126,126.488311747
AE_FIRE_2020_20712,P247,8.5,20190720,여름,7,익수,RP_DROWN_01,바다/강/산/논밭,25.9,fire,PLACE_CONFIRMED_FIRE,33.556668911,126.794874716
AE_FIRE_2020_20724,P999,124.9,20190721,여름,7,낙상,RP_SLIP_TERRAIN,바다/강/산/논밭,26.2,fire,PLACE_CONFIRMED_FIRE,33.516479977,126.505652339
AE_FIRE_2020_20730,P012,194.2,20190722,여름,7,해파리,RP_ANIMAL_01,바다/강/산/논밭,29.0,fire,PLACE_CONFIRMED_FIRE,33.449701159,126.303654428
AE_FIRE_2020_20743,P153,172.2,20190723,여름,7,낙상,RP_SLIP_TERRAIN,바다/강/산/논밭,25.8,fire,PLACE_CONFIRMED_FIRE,33.228459311,126.308083836
AE_FIRE_2020_20774,P060,51.4,20190726,여름,7,낙상,RP_SLIP_TERRAIN,바다/강/산/논밭,30.1,fire,PLACE_CONFIRMED_FIRE,33.365731002,126.199730103
AE_FIRE_2020_20795,P048,149.0,20190728,여름,7,동물/곤충기타,RP_ANIMAL_01,바다/강/산/논밭,27.4,fire,PLACE_CONFIRMED_FIRE,33.523378427,126.540820108
AE_FIRE_2020_20818,P868,46.6,20190730,여름,7,낙상,RP_SLIP_TERRAIN,바다/강/산/논밭,27.9,fire,PLACE_CONFIRMED_FIRE,33.3852117,126.619911051
AE_FIRE_2020_20850,P012,82.9,20190802,여름,8,추락,RP_FALL_CLIFF,바다/강/산/논밭,30.3,fire,PLACE_CONFIRMED_FIRE,33.44944,126.305534
AE_FIRE_2020_20852,P358,107.3,20190802,여름,8,낙상,RP_SLIP_TERRAIN,바다/강/산/논밭,29.6,fire,PLACE_CONFIRMED_FIRE,33.241228,126.547565
AE_FIRE_2020_20865,P522,78.0,20190804,여름,8,낙상,RP_SLIP_TERRAIN,오락/문화시설,29.4,fire,PLACE_CONFIRMED_FIRE,33.528377419,126.771615754
AE_FIRE_2020_20902,P125,50.2,20190807,여름,8,기타 둔상,RP_SLIP_TERRAIN,바다/강/산/논밭,30.0,fire,PLACE_CONFIRMED_FIRE,33.244987702,126.411050389
AE_FIRE_2020_20913,P125,141.2,20190808,여름,8,익수,RP_DROWN_01,바다/강/산/논밭,30.8,fire,PLACE_CONFIRMED_FIRE,33.245187,126.41309
AE_FIRE_2020_20914,P125,124.9,20190808,여름,8,낙상,RP_SLIP_TERRAIN,바다/강/산/논밭,31.0,fire,PLACE_CONFIRMED_FIRE,33.2449913,126.412933
AE_FIRE_2020_20920,P125,114.4,20190808,여름,8,낙상,RP_SLIP_TERRAIN,바다/강/산/논밭,30.3,fire,PLACE_CONFIRMED_FIRE,33.245567069,126.410571373
AE_FIRE_2020_20953,P060,32.3,20190812,여름,8,낙상,RP_SLIP_TERRAIN,바다/강/산/논밭,31.7,fire,PLACE_CONFIRMED_FIRE,33.365532,126.199758001
AE_FIRE_2020_20968,P014,94.1,20190813,여름,8,낙상,RP_SLIP_TERRAIN,바다/강/산/논밭,30.8,fire,PLACE_CONFIRMED_FIRE,33.472712104,126.933913632
AE_FIRE_2020_20969,P053,84.0,20190813,여름,8,동물/곤충,RP_ANIMAL_01,바다/강/산/논밭,30.2,fire,PLACE_CONFIRMED_FIRE,33.557214,126.795723
AE_FIRE_2020_20992,P012,70.8,20190816,여름,8,기타 둔상,RP_SLIP_TERRAIN,바다/강/산/논밭,28.9,fire,PLACE_CONFIRMED_FIRE,33.449851406,126.305011924
AE_FIRE_2020_20999,P125,123.1,20190816,여름,8,열상,RP_MACHINE_01,바다/강/산/논밭,30.2,fire,PLACE_CONFIRMED_FIRE,33.2453689,126.412834
AE_FIRE_2020_21024,P183,40.1,20190819,여름,8,낙상,RP_SLIP_TERRAIN,바다/강/산/논밭,28.8,fire,PLACE_CONFIRMED_FIRE,33.384499504,126.619407092
AE_FIRE_2020_21031,P008,59.7,20190819,여름,8,낙상,RP_SLIP_TERRAIN,바다/강/산/논밭,27.2,fire,PLACE_CONFIRMED_FIRE,33.49785942,126.453466785
AE_FIRE_2020_21049,P633,0.0,20190821,여름,8,기타 둔상,RP_SLIP_TERRAIN,오락/문화시설,29.6,fire,PLACE_CONFIRMED_FIRE,33.390239373,126.375424508
AE_FIRE_2020_21064,P143,21.4,20190824,여름,8,기타 둔상,RP_SLIP_TERRAIN,바다/강/산/논밭,25.4,fire,PLACE_CONFIRMED_FIRE,33.238277,126.567092
AE_FIRE_2020_21116,P070,123.3,20190830,여름,8,낙상,RP_SLIP_TERRAIN,바다/강/산/논밭,26.7,fire,PLACE_CONFIRMED_FIRE,33.47239828,126.930982036
AE_FIRE_2020_21133,P494,189.9,20190901,가을,9,열상,RP_MACHINE_01,바다/강/산/논밭,25.7,fire,PLACE_CONFIRMED_FIRE,33.343262975,126.176039581
AE_FIRE_2020_21177,P012,100.7,20190909,가을,9,낙상,RP_SLIP_TERRAIN,바다/강/산/논밭,25.4,fire,PLACE_CONFIRMED_FIRE,33.449491199,126.304959408
AE_FIRE_2020_21207,P309,42.8,20190914,가을,9,낙상,RP_SLIP_TERRAIN,오락/문화시설,25.7,fire,PLACE_CONFIRMED_FIRE,33.439679317,126.629822266
AE_FIRE_2020_21213,P544,88.1,20190915,가을,9,낙상,RP_SLIP_TERRAIN,바다/강/산/논밭,26.0,fire,PLACE_CONFIRMED_FIRE,33.426747104,126.263824699
AE_FIRE_2020_21244,P167,33.3,20190920,가을,9,낙상,RP_SLIP_TERRAIN,오락/문화시설,25.4,fire,PLACE_CONFIRMED_FIRE,33.4327697,126.927536
AE_FIRE_2020_21257,P219,88.7,20190922,가을,9,열상,RP_MACHINE_01,오락/문화시설,21.0,fire,PLACE_CONFIRMED_FIRE,33.465654089,126.320671656
AE_FIRE_2020_21285,P324,99.3,20190925,가을,9,동물/곤충기타,RP_ANIMAL_01,바다/강/산/논밭,21.0,fire,PLACE_CONFIRMED_FIRE,33.469487348,126.924192144
AE_FIRE_2020_21321,P976,114.3,20190928,가을,9,낙상,RP_SLIP_TERRAIN,바다/강/산/논밭,25.9,fire,PLACE_CONFIRMED_FIRE,33.2103445,126.255934425
AE_FIRE_2020_21400,P966,52.7,20191008,가을,10,기타 둔상,RP_SLIP_TERRAIN,바다/강/산/논밭,22.1,fire,PLACE_CONFIRMED_FIRE,33.3899497,126.23603
AE_FIRE_2020_21453,P183,64.7,20191016,가을,10,낙상,RP_SLIP_TERRAIN,바다/강/산/논밭,20.6,fire,PLACE_CONFIRMED_FIRE,33.384872417,126.620321464
AE_FIRE_2020_21454,P363,107.9,20191017,가을,10,추락,RP_FALL_CLIFF,일차산업장,19.7,fire,PLACE_CONFIRMED_FIRE,33.237027636,126.334049243
AE_FIRE_2020_21515,P143,171.0,20191027,가을,10,낙상,RP_SLIP_TERRAIN,바다/강/산/논밭,14.1,fire,PLACE_CONFIRMED_FIRE,33.2368011,126.567298
AE_FIRE_2020_21521,P467,35.0,20191027,가을,10,동물/곤충기타,RP_ANIMAL_01,바다/강/산/논밭,17.4,fire,PLACE_CONFIRMED_FIRE,33.239395,126.607163
AE_FIRE_2020_21553,P046,70.7,20191101,가을,11,낙상,RP_SLIP_TERRAIN,바다/강/산/논밭,16.4,fire,PLACE_CONFIRMED_FIRE,33.51583,126.51111
AE_FIRE_2020_21567,P868,33.4,20191102,가을,11,낙상,RP_SLIP_TERRAIN,바다/강/산/논밭,22.1,fire,PLACE_CONFIRMED_FIRE,33.385097946,126.61980289
AE_FIRE_2020_21604,P986,102.1,20191108,가을,11,추락,RP_FALL_CLIFF,운동시설,14.6,fire,PLACE_CONFIRMED_FIRE,33.449281009,126.712409601
AE_FIRE_2020_21622,P183,40.1,20191110,가을,11,낙상,RP_SLIP_TERRAIN,바다/강/산/논밭,18.0,fire,PLACE_CONFIRMED_FIRE,33.384499504,126.619406984
AE_FIRE_2020_21630,P443,78.1,20191111,가을,11,낙상,RP_SLIP_TERRAIN,바다/강/산/논밭,18.0,fire,PLACE_CONFIRMED_FIRE,33.4924888,126.96553
AE_FIRE_2020_21637,P183,47.4,20191112,가을,11,낙상,RP_SLIP_TERRAIN,바다/강/산/논밭,16.5,fire,PLACE_CONFIRMED_FIRE,33.384486964,126.619963534
AE_FIRE_2020_21649,P262,27.6,20191114,가을,11,낙상,RP_SLIP_TERRAIN,바다/강/산/논밭,12.7,fire,PLACE_CONFIRMED_FIRE,33.392812292,126.495097257
AE_FIRE_2020_21652,P797,6.6,20191114,가을,11,낙상,RP_SLIP_TERRAIN,바다/강/산/논밭,13.9,fire,PLACE_CONFIRMED_FIRE,33.437337153,126.79015012
AE_FIRE_2020_21704,P070,9.7,20191123,가을,11,낙상,RP_SLIP_TERRAIN,바다/강/산/논밭,17.0,fire,PLACE_CONFIRMED_FIRE,33.472569161,126.932337549
AE_FIRE_2020_21712,P090,134.3,20191124,가을,11,낙상,RP_SLIP_TERRAIN,바다/강/산/논밭,19.0,fire,PLACE_CONFIRMED_FIRE,33.363107,126.361957
AE_FIRE_2020_21717,P318,23.8,20191126,가을,11,열상,RP_MACHINE_01,바다/강/산/논밭,15.2,fire,PLACE_CONFIRMED_FIRE,33.378622345,126.216273915
AE_FIRE_2020_21724,P056,167.3,20191127,가을,11,익수,RP_DROWN_01,바다/강/산/논밭,10.2,fire,PLACE_CONFIRMED_FIRE,33.523426226,126.540264949
AE_FIRE_2020_21725,P136,170.0,20191127,가을,11,낙상,RP_SLIP_TERRAIN,오락/문화시설,11.7,fire,PLACE_CONFIRMED_FIRE,33.247675244,126.564536375
AE_FIRE_2020_21728,P167,76.3,20191128,가을,11,낙상,RP_SLIP_TERRAIN,오락/문화시설,15.6,fire,PLACE_CONFIRMED_FIRE,33.4323501,126.928131
AE_FIRE_2020_21738,P072,0.0,20191130,가을,11,추락,RP_FALL_CLIFF,오락/문화시설,15.7,fire,PLACE_CONFIRMED_FIRE,33.241289636,126.424442792
AE_FIRE_2020_21744,P097,42.0,20191202,겨울,12,낙상,RP_SLIP_TERRAIN,오락/문화시설,11.9,fire,PLACE_CONFIRMED_FIRE,33.300314761,126.636206488
AE_FIRE_2020_21748,P070,108.2,20191203,겨울,12,기타 둔상,RP_SLIP_TERRAIN,바다/강/산/논밭,10.2,fire,PLACE_CONFIRMED_FIRE,33.473443,126.932516
AE_FIRE_2020_21753,P020,91.9,20191203,겨울,12,기계,RP_MACHINE_01,바다/강/산/논밭,10.2,fire,PLACE_CONFIRMED_FIRE,33.519335819,126.533708658
AE_FIRE_2020_21834,P207,61.1,20191218,겨울,12,열상,RP_MACHINE_01,바다/강/산/논밭,12.9,fire,PLACE_CONFIRMED_FIRE,33.245048934,126.571612754
AE_FIRE_2020_21843,P704,97.1,20191220,겨울,12,낙상,RP_SLIP_TERRAIN,오락/문화시설,10.6,fire,PLACE_CONFIRMED_FIRE,33.254559248,126.410731207
AE_FIRE_2020_21872,P070,10.4,20191226,겨울,12,기계,RP_MACHINE_01,바다/강/산/논밭,12.6,fire,PLACE_CONFIRMED_FIRE,33.472577092,126.932332056
AE_FIRE_2020_21893,P868,36.7,20191229,겨울,12,낙상,RP_SLIP_TERRAIN,바다/강/산/논밭,11.8,fire,PLACE_CONFIRMED_FIRE,33.3851203,126.619834
AE_FIRE_2020_21921,P183,35.8,20200101,겨울,1,낙상,RP_SLIP_TERRAIN,바다/강/산/논밭,8.7,fire,PLACE_CONFIRMED_FIRE,33.384755244,126.620009333
AE_FIRE_2020_21929,P183,36.5,20200102,겨울,1,낙상,RP_SLIP_TERRAIN,바다/강/산/논밭,11.4,fire,PLACE_CONFIRMED_FIRE,33.384900124,126.620006446
AE_FIRE_2020_21980,P453,30.6,20200109,겨울,1,낙상,RP_SLIP_TERRAIN,바다/강/산/논밭,9.4,fire,PLACE_CONFIRMED_FIRE,33.233396,126.314943
AE_FIRE_2020_21991,P869,126.7,20200111,겨울,1,낙상,RP_SLIP_TERRAIN,바다/강/산/논밭,8.8,fire,PLACE_CONFIRMED_FIRE,33.421944241,126.550588187
AE_FIRE_2020_21995,P143,0.6,20200111,겨울,1,기타 둔상,RP_SLIP_TERRAIN,바다/강/산/논밭,10.1,fire,PLACE_CONFIRMED_FIRE,33.238300456,126.566864239
AE_FIRE_2020_22026,P454,170.4,20200116,겨울,1,낙상,RP_SLIP_TERRAIN,바다/강/산/논밭,7.7,fire,PLACE_CONFIRMED_FIRE,33.338632443,126.479172792
AE_FIRE_2020_22116,P999,163.6,20200127,겨울,1,익수,RP_DROWN_01,바다/강/산/논밭,11.1,fire,PLACE_CONFIRMED_FIRE,33.516552147,126.506092696
AE_FIRE_2020_22117,P999,163.6,20200127,겨울,1,익수,RP_DROWN_01,바다/강/산/논밭,11.1,fire,PLACE_CONFIRMED_FIRE,33.516552147,126.506092696
AE_FIRE_2020_22124,P207,94.4,20200127,겨울,1,낙상,RP_SLIP_TERRAIN,바다/강/산/논밭,10.1,fire,PLACE_CONFIRMED_FIRE,33.244446,126.571945
AE_FIRE_2020_22158,P756,162.8,20200131,겨울,1,낙상,RP_SLIP_TERRAIN,바다/강/산/논밭,7.1,fire,PLACE_CONFIRMED_FIRE,33.38628535,126.618327352
AE_FIRE_2020_22162,P005,83.6,20200201,겨울,2,낙상,RP_SLIP_TERRAIN,바다/강/산/논밭,11.4,fire,PLACE_CONFIRMED_FIRE,33.462145,126.935906
AE_FIRE_2020_22180,P368,93.9,20200205,겨울,2,낙상,RP_SLIP_TERRAIN,바다/강/산/논밭,8.5,fire,PLACE_CONFIRMED_FIRE,33.24038,126.546664
AE_FIRE_2020_22204,P053,106.3,20200212,겨울,2,익수,RP_DROWN_01,바다/강/산/논밭,11.6,fire,PLACE_CONFIRMED_FIRE,33.555712,126.796517
AE_FIRE_2020_22206,P183,9.8,20200213,겨울,2,낙상,RP_SLIP_TERRAIN,바다/강/산/논밭,14.7,fire,PLACE_CONFIRMED_FIRE,33.384881302,126.619689588
AE_FIRE_2020_22208,P172,38.4,20200213,겨울,2,기타 둔상,RP_SLIP_TERRAIN,바다/강/산/논밭,12.0,fire,PLACE_CONFIRMED_FIRE,33.418939578,126.262039223
AE_FIRE_2020_22210,P020,146.8,20200214,겨울,2,기계,RP_MACHINE_01,바다/강/산/논밭,11.3,fire,PLACE_CONFIRMED_FIRE,33.519223628,126.532981837
AE_FIRE_2020_22437,P224,140.6,20200407,봄,4,낙상,RP_SLIP_TERRAIN,바다/강/산/논밭,17.3,fire,PLACE_CONFIRMED_FIRE,33.244402896,126.349868692
AE_FIRE_2020_22450,P173,47.4,20200410,봄,4,낙상,RP_SLIP_TERRAIN,바다/강/산/논밭,17.2,fire,PLACE_CONFIRMED_FIRE,33.324827,126.846235
AE_FIRE_2020_22545,P046,72.2,20200426,봄,4,낙상,RP_SLIP_TERRAIN,바다/강/산/논밭,13.9,fire,PLACE_CONFIRMED_FIRE,33.5158,126.511109
AE_FIRE_2020_22581,P070,44.9,20200501,봄,5,낙상,RP_SLIP_TERRAIN,바다/강/산/논밭,19.1,fire,PLACE_CONFIRMED_FIRE,33.47217522,126.932616708
AE_FIRE_2020_22597,P167,76.3,20200502,봄,5,열상,RP_MACHINE_01,오락/문화시설,21.0,fire,PLACE_CONFIRMED_FIRE,33.4323501,126.928131
AE_FIRE_2020_22615,P297,0.0,20200504,봄,5,낙상,RP_SLIP_TERRAIN,오락/문화시설,22.5,fire,PLACE_CONFIRMED_FIRE,33.390224856,126.239691076
AE_FIRE_2020_22623,P869,50.3,20200506,봄,5,낙상,RP_SLIP_TERRAIN,바다/강/산/논밭,22.4,fire,PLACE_CONFIRMED_FIRE,33.4211082,126.549736001
AE_FIRE_2020_22656,P363,160.0,20200511,봄,5,추락,RP_FALL_CLIFF,바다/강/산/논밭,21.2,fire,PLACE_CONFIRMED_FIRE,33.238279138,126.334868584
AE_FIRE_2020_22689,P070,66.4,20200517,봄,5,낙상,RP_SLIP_TERRAIN,바다/강/산/논밭,18.8,fire,PLACE_CONFIRMED_FIRE,33.472804883,126.932911535
AE_FIRE_2020_22772,P313,38.1,20200528,봄,5,열상,RP_MACHINE_01,바다/강/산/논밭,19.2,fire,PLACE_CONFIRMED_FIRE,33.515054217,126.96968553
AE_FIRE_2020_22773,P299,66.6,20200528,봄,5,낙상,RP_SLIP_TERRAIN,바다/강/산/논밭,19.2,fire,PLACE_CONFIRMED_FIRE,33.497589453,126.912973921
AE_FIRE_2020_22793,P262,61.9,20200530,봄,5,낙상,RP_SLIP_TERRAIN,바다/강/산/논밭,21.9,fire,PLACE_CONFIRMED_FIRE,33.392364009,126.495384246
AE_FIRE_2020_22821,P707,14.4,20200604,여름,6,기타 둔상,RP_SLIP_TERRAIN,오락/문화시설,20.9,fire,PLACE_CONFIRMED_FIRE,33.470596926,126.488357494
AE_FIRE_2020_22834,P171,186.5,20200605,여름,6,낙상,RP_SLIP_TERRAIN,바다/강/산/논밭,21.2,fire,PLACE_CONFIRMED_FIRE,33.394788794,126.241120843
AE_FIRE_2020_22835,P125,67.3,20200605,여름,6,익수,RP_DROWN_01,바다/강/산/논밭,23.3,fire,PLACE_CONFIRMED_FIRE,33.244830337,126.410891459
AE_FIRE_2020_22850,P510,181.2,20200606,여름,6,열상,RP_MACHINE_01,바다/강/산/논밭,21.4,fire,PLACE_CONFIRMED_FIRE,33.53332,126.842802
AE_FIRE_2020_22857,P347,42.2,20200607,여름,6,낙상,RP_SLIP_TERRAIN,오락/문화시설,22.5,fire,PLACE_CONFIRMED_FIRE,33.210120219,126.257631945
AE_FIRE_2020_22861,P756,162.8,20200607,여름,6,낙상,RP_SLIP_TERRAIN,바다/강/산/논밭,22.0,fire,PLACE_CONFIRMED_FIRE,33.38628535,126.618327352
AE_FIRE_2020_22880,P017,77.7,20200609,여름,6,열상,RP_MACHINE_01,오락/문화시설,26.0,fire,PLACE_CONFIRMED_FIRE,33.289785593,126.369806232
AE_FIRE_2020_22890,P125,133.2,20200611,여름,6,기타 둔상,RP_SLIP_TERRAIN,바다/강/산/논밭,23.1,fire,PLACE_CONFIRMED_FIRE,33.245068506,126.413018923
AE_FIRE_2020_22911,P438,38.5,20200613,여름,6,열상,RP_MACHINE_01,바다/강/산/논밭,23.5,fire,PLACE_CONFIRMED_FIRE,33.237303115,126.515194243
AE_FIRE_2020_22928,P004,64.2,20200615,여름,6,해파리,RP_ANIMAL_01,바다/강/산/논밭,23.4,fire,PLACE_CONFIRMED_FIRE,33.543491,126.669466
AE_FIRE_2020_23023,P036,58.6,20200625,여름,6,낙상,RP_SLIP_TERRAIN,바다/강/산/논밭,22.5,fire,PLACE_CONFIRMED_FIRE,33.2447891,126.572532
AE_FIRE_2020_23035,P029,153.1,20200627,여름,6,동물/곤충기타,RP_ANIMAL_01,운동시설,25.5,fire,PLACE_CONFIRMED_FIRE,33.455,126.666664001
AE_FIRE_2020_23094,P125,53.2,20200703,여름,7,익수,RP_DROWN_01,바다/강/산/논밭,21.1,fire,PLACE_CONFIRMED_FIRE,33.244894377,126.411029984
AE_FIRE_2020_23095,P162,143.2,20200703,여름,7,기타 둔상,RP_SLIP_TERRAIN,오락/문화시설,21.0,fire,PLACE_CONFIRMED_FIRE,33.429291446,126.92783987
AE_FIRE_2020_23154,P349,175.1,20200709,여름,7,낙상,RP_SLIP_TERRAIN,바다/강/산/논밭,26.0,fire,PLACE_CONFIRMED_FIRE,33.206164928,126.290651463
AE_FIRE_2020_23210,P976,67.0,20200715,여름,7,기타 둔상,RP_SLIP_TERRAIN,바다/강/산/논밭,22.8,fire,PLACE_CONFIRMED_FIRE,33.210525482,126.257659949
AE_FIRE_2020_23238,P510,11.7,20200717,여름,7,열상,RP_MACHINE_01,바다/강/산/논밭,24.3,fire,PLACE_CONFIRMED_FIRE,33.533740822,126.841014183
AE_FIRE_2020_23250,P997,95.3,20200718,여름,7,기타 둔상,RP_SLIP_TERRAIN,운동시설,23.3,fire,PLACE_CONFIRMED_FIRE,33.497784155,126.514385254
AE_FIRE_2020_23251,P081,189.4,20200718,여름,7,낙상,RP_SLIP_TERRAIN,바다/강/산/논밭,22.9,fire,PLACE_CONFIRMED_FIRE,33.217661399,126.250005912
AE_FIRE_2020_23298,P968,177.8,20200721,여름,7,낙상,RP_SLIP_TERRAIN,바다/강/산/논밭,25.7,fire,PLACE_CONFIRMED_FIRE,33.542221,126.669433
AE_FIRE_2020_23335,P153,50.6,20200724,여름,7,낙상,RP_SLIP_TERRAIN,바다/강/산/논밭,21.4,fire,PLACE_CONFIRMED_FIRE,33.227804953,126.306665184
AE_FIRE_2020_23344,P816,71.1,20200725,여름,7,벌,RP_ANIMAL_01,바다/강/산/논밭,25.3,fire,PLACE_CONFIRMED_FIRE,33.444613082,126.626006079
AE_FIRE_2020_23345,P816,71.1,20200725,여름,7,벌,RP_ANIMAL_01,바다/강/산/논밭,25.3,fire,PLACE_CONFIRMED_FIRE,33.444613082,126.626006079
AE_FIRE_2020_23346,P014,38.3,20200725,여름,7,기타 둔상,RP_SLIP_TERRAIN,바다/강/산/논밭,24.1,fire,PLACE_CONFIRMED_FIRE,33.472358676,126.932909512
AE_FIRE_2020_23356,P756,31.9,20200726,여름,7,낙상,RP_SLIP_TERRAIN,바다/강/산/논밭,24.6,fire,PLACE_CONFIRMED_FIRE,33.384717673,126.619106183
AE_FIRE_2020_23367,P734,89.5,20200727,여름,7,낙상,RP_SLIP_TERRAIN,바다/강/산/논밭,25.0,fire,PLACE_CONFIRMED_FIRE,33.414842002,126.264749646
AE_FIRE_2020_23383,P147,170.5,20200728,여름,7,낙상,RP_SLIP_TERRAIN,바다/강/산/논밭,29.2,fire,PLACE_CONFIRMED_FIRE,33.5414505,126.668434
AE_FIRE_2020_23393,P614,32.7,20200729,여름,7,낙상,RP_SLIP_TERRAIN,바다/강/산/논밭,26.9,fire,PLACE_CONFIRMED_FIRE,33.323677973,126.166605672
AE_FIRE_2020_23400,P494,10.1,20200729,여름,7,낙상,RP_SLIP_TERRAIN,오락/문화시설,29.2,fire,PLACE_CONFIRMED_FIRE,33.343427886,126.173910485
AE_FIRE_2020_23435,P377,30.3,20200801,여름,8,낙상,RP_SLIP_TERRAIN,바다/강/산/논밭,30.0,fire,PLACE_CONFIRMED_FIRE,33.557029723,126.759874772
AE_FIRE_2020_23452,P032,125.6,20200802,여름,8,열상,RP_MACHINE_01,바다/강/산/논밭,32.6,fire,PLACE_CONFIRMED_FIRE,33.542490321,126.67005153
AE_FIRE_2020_23489,P060,128.4,20200804,여름,8,열상,RP_MACHINE_01,바다/강/산/논밭,31.3,fire,PLACE_CONFIRMED_FIRE,33.366386,126.2
AE_FIRE_2020_23501,P377,26.6,20200805,여름,8,열상,RP_MACHINE_01,바다/강/산/논밭,29.5,fire,PLACE_CONFIRMED_FIRE,33.556895089,126.760466236
AE_FIRE_2020_23506,P125,45.5,20200805,여름,8,열상,RP_MACHINE_01,바다/강/산/논밭,27.6,fire,PLACE_CONFIRMED_FIRE,33.245374266,126.41142056
AE_FIRE_2020_23565,P012,93.2,20200808,여름,8,낙상,RP_SLIP_TERRAIN,바다/강/산/논밭,31.2,fire,PLACE_CONFIRMED_FIRE,33.449707429,126.304836043
AE_FIRE_2020_23583,P739,24.2,20200809,여름,8,낙상,RP_SLIP_TERRAIN,바다/강/산/논밭,30.3,fire,PLACE_CONFIRMED_FIRE,33.39220596,126.494122571
AE_FIRE_2020_23586,P572,187.7,20200809,여름,8,낙상,RP_SLIP_TERRAIN,바다/강/산/논밭,29.0,fire,PLACE_CONFIRMED_FIRE,33.558072,126.748645
AE_FIRE_2020_23615,P406,143.9,20200812,여름,8,중독,RP_CO_01,오락/문화시설,29.7,fire,PLACE_CONFIRMED_FIRE,33.50303,126.4576
AE_FIRE_2020_23624,P125,19.1,20200812,여름,8,낙상,RP_SLIP_TERRAIN,바다/강/산/논밭,28.2,fire,PLACE_CONFIRMED_FIRE,33.244835382,126.411500034
AE_FIRE_2020_23636,P907,60.7,20200812,여름,8,벌,RP_ANIMAL_01,바다/강/산/논밭,33.7,fire,PLACE_CONFIRMED_FIRE,33.451078985,126.306086911
AE_FIRE_2020_23663,P952,165.7,20200814,여름,8,낙상,RP_SLIP_TERRAIN,바다/강/산/논밭,28.2,fire,PLACE_CONFIRMED_FIRE,33.4626998,126.312202
AE_FIRE_2020_23677,P171,180.1,20200815,여름,8,낙상,RP_SLIP_TERRAIN,바다/강/산/논밭,35.7,fire,PLACE_CONFIRMED_FIRE,33.39463938,126.241191253
AE_FIRE_2020_23699,P539,48.2,20200816,여름,8,추락,RP_FALL_CLIFF,바다/강/산/논밭,30.8,fire,PLACE_CONFIRMED_FIRE,33.29916767,126.167974013
AE_FIRE_2020_23701,P060,19.6,20200816,여름,8,열상,RP_MACHINE_01,바다/강/산/논밭,31.5,fire,PLACE_CONFIRMED_FIRE,33.365466025,126.199576302
AE_FIRE_2020_23710,P363,15.1,20200817,여름,8,기타 둔상,RP_SLIP_TERRAIN,바다/강/산/논밭,26.0,fire,PLACE_CONFIRMED_FIRE,33.236997104,126.335235247
AE_FIRE_2020_23737,P070,128.5,20200818,여름,8,낙상,RP_SLIP_TERRAIN,바다/강/산/논밭,29.3,fire,PLACE_CONFIRMED_FIRE,33.473295474,126.933295338
AE_FIRE_2020_23766,P207,61.1,20200819,여름,8,낙상,RP_SLIP_TERRAIN,오락/문화시설,28.6,fire,PLACE_CONFIRMED_FIRE,33.245048934,126.571612754
AE_FIRE_2020_23788,P405,100.1,20200820,여름,8,낙상,RP_SLIP_TERRAIN,바다/강/산/논밭,30.8,fire,PLACE_CONFIRMED_FIRE,33.494957897,126.425652359
AE_FIRE_2020_23802,P510,157.6,20200821,여름,8,해파리,RP_ANIMAL_01,바다/강/산/논밭,28.6,fire,PLACE_CONFIRMED_FIRE,33.533234951,126.842508318
AE_FIRE_2020_23839,P053,97.7,20200823,여름,8,낙상,RP_SLIP_TERRAIN,바다/강/산/논밭,28.3,fire,PLACE_CONFIRMED_FIRE,33.555595733,126.795631048
AE_FIRE_2020_23856,P522,93.9,20200825,여름,8,낙상,RP_SLIP_TERRAIN,오락/문화시설,28.9,fire,PLACE_CONFIRMED_FIRE,33.529861376,126.771723489
AE_FIRE_2020_23885,P037,25.7,20200827,여름,8,낙상,RP_SLIP_TERRAIN,바다/강/산/논밭,26.2,fire,PLACE_CONFIRMED_FIRE,33.244711937,126.573458802
AE_FIRE_2020_23909,P028,73.0,20200829,여름,8,해파리,RP_ANIMAL_01,바다/강/산/논밭,29.0,fire,PLACE_CONFIRMED_FIRE,33.327623688,126.837471659
AE_FIRE_2020_23914,P484,47.9,20200829,여름,8,낙상,RP_SLIP_TERRAIN,바다/강/산/논밭,28.4,fire,PLACE_CONFIRMED_FIRE,33.239256679,126.59183174
AE_FIRE_2020_23923,P878,56.6,20200830,여름,8,동물/곤충기타,RP_ANIMAL_01,바다/강/산/논밭,27.5,fire,PLACE_CONFIRMED_FIRE,33.240847674,126.333337347
AE_FIRE_2020_24009,P252,190.7,20200910,가을,9,해파리,RP_ANIMAL_01,바다/강/산/논밭,25.5,fire,PLACE_CONFIRMED_FIRE,33.513005195,126.957570366
AE_FIRE_2020_24019,P219,6.5,20200911,가을,9,익수,RP_DROWN_01,바다/강/산/논밭,24.5,fire,PLACE_CONFIRMED_FIRE,33.464897884,126.320613874
AE_FIRE_2020_24022,P947,42.1,20200911,가을,9,낙상,RP_SLIP_TERRAIN,오락/문화시설,24.3,fire,PLACE_CONFIRMED_FIRE,33.3496963,126.218533001
AE_FIRE_2020_24054,P819,65.8,20200915,가을,9,낙상,RP_SLIP_TERRAIN,오락/문화시설,23.8,fire,PLACE_CONFIRMED_FIRE,33.3074989,126.586631
AE_FIRE_2020_24065,P976,50.2,20200917,가을,9,추락,RP_FALL_CLIFF,바다/강/산/논밭,22.5,fire,PLACE_CONFIRMED_FIRE,33.210440007,126.257508473
AE_FIRE_2020_24072,P110,53.8,20200918,가을,9,낙상,RP_SLIP_TERRAIN,오락/문화시설,20.9,fire,PLACE_CONFIRMED_FIRE,33.282716,126.349854
AE_FIRE_2020_24078,P030,109.0,20200919,가을,9,동물/곤충기타,RP_ANIMAL_01,바다/강/산/논밭,24.2,fire,PLACE_CONFIRMED_FIRE,33.3548011,126.305999
AE_FIRE_2020_24081,P070,79.7,20200919,가을,9,낙상,RP_SLIP_TERRAIN,바다/강/산/논밭,23.6,fire,PLACE_CONFIRMED_FIRE,33.472909391,126.931612928
AE_FIRE_2020_24184,P923,94.2,20200929,가을,9,낙상,RP_SLIP_TERRAIN,운동시설,23.5,fire,PLACE_CONFIRMED_FIRE,33.370543,126.206625
AE_FIRE_2020_24191,P363,187.8,20200930,가을,9,열상,RP_MACHINE_01,바다/강/산/논밭,22.2,fire,PLACE_CONFIRMED_FIRE,33.235341549,126.33432413
AE_FIRE_2020_24212,P313,77.1,20201001,가을,10,낙상,RP_SLIP_TERRAIN,바다/강/산/논밭,23.3,fire,PLACE_CONFIRMED_FIRE,33.51506,126.97011
AE_FIRE_2020_24213,P014,144.6,20201001,가을,10,낙상,RP_SLIP_TERRAIN,바다/강/산/논밭,23.2,fire,PLACE_CONFIRMED_FIRE,33.473209586,126.934034071
AE_FIRE_2020_24215,P070,10.4,20201001,가을,10,낙상,RP_SLIP_TERRAIN,바다/강/산/논밭,23.2,fire,PLACE_CONFIRMED_FIRE,33.472577092,126.932332056
AE_FIRE_2020_24250,P112,154.8,20201003,가을,10,낙상,RP_SLIP_TERRAIN,바다/강/산/논밭,24.1,fire,PLACE_CONFIRMED_FIRE,33.472766602,126.934671189
AE_FIRE_2020_24267,P112,43.5,20201005,가을,10,낙상,RP_SLIP_TERRAIN,바다/강/산/논밭,22.0,fire,PLACE_CONFIRMED_FIRE,33.471742128,126.93335914
AE_FIRE_2020_24337,P070,94.7,20201013,가을,10,낙상,RP_SLIP_TERRAIN,바다/강/산/논밭,21.8,fire,PLACE_CONFIRMED_FIRE,33.473173188,126.932909745
AE_FIRE_2020_24363,P966,104.2,20201015,가을,10,낙상,RP_SLIP_TERRAIN,바다/강/산/논밭,19.1,fire,PLACE_CONFIRMED_FIRE,33.389778058,126.235366878
AE_FIRE_2020_24391,P484,7.3,20201018,가을,10,낙상,RP_SLIP_TERRAIN,바다/강/산/논밭,19.9,fire,PLACE_CONFIRMED_FIRE,33.239576091,126.592095597
AE_FIRE_2020_24393,P112,80.9,20201018,가을,10,낙상,RP_SLIP_TERRAIN,바다/강/산/논밭,20.7,fire,PLACE_CONFIRMED_FIRE,33.471580254,126.933797336
AE_FIRE_2020_24394,P923,45.2,20201018,가을,10,낙상,RP_SLIP_TERRAIN,오락/문화시설,19.6,fire,PLACE_CONFIRMED_FIRE,33.369433649,126.206091275
AE_FIRE_2020_24411,P960,117.7,20201019,가을,10,낙상,RP_SLIP_TERRAIN,바다/강/산/논밭,19.5,fire,PLACE_CONFIRMED_FIRE,33.517558599,126.948852998
AE_FIRE_2020_24420,P070,10.4,20201020,가을,10,낙상,RP_SLIP_TERRAIN,바다/강/산/논밭,20.5,fire,PLACE_CONFIRMED_FIRE,33.472577092,126.932332056
AE_FIRE_2020_24441,P171,188.8,20201023,가을,10,추락,RP_FALL_CLIFF,바다/강/산/논밭,16.1,fire,PLACE_CONFIRMED_FIRE,33.396217,126.242158
AE_FIRE_2020_24443,P070,167.2,20201023,가을,10,낙상,RP_SLIP_TERRAIN,바다/강/산/논밭,17.6,fire,PLACE_CONFIRMED_FIRE,33.473108931,126.930665931
AE_FIRE_2020_24444,P183,33.8,20201023,가을,10,낙상,RP_SLIP_TERRAIN,바다/강/산/논밭,18.1,fire,PLACE_CONFIRMED_FIRE,33.384865711,126.619986176
AE_FIRE_2020_24454,P363,102.8,20201024,가을,10,기계,RP_MACHINE_01,바다/강/산/논밭,18.0,fire,PLACE_CONFIRMED_FIRE,33.235941559,126.335214481
AE_FIRE_2020_24477,P999,89.6,20201026,가을,10,추락,RP_FALL_CLIFF,오락/문화시설,16.6,fire,PLACE_CONFIRMED_FIRE,33.516542877,126.50411075
AE_FIRE_2020_24481,P833,141.5,20201027,가을,10,낙상,RP_SLIP_TERRAIN,바다/강/산/논밭,19.6,fire,PLACE_CONFIRMED_FIRE,33.430275,126.595
AE_FIRE_2020_24484,P991,75.1,20201027,가을,10,기타 둔상,RP_SLIP_TERRAIN,오락/문화시설,19.2,fire,PLACE_CONFIRMED_FIRE,33.2891106,126.589472
AE_FIRE_2020_24485,P869,102.3,20201027,가을,10,낙상,RP_SLIP_TERRAIN,바다/강/산/논밭,18.1,fire,PLACE_CONFIRMED_FIRE,33.422137242,126.550081746
AE_FIRE_2020_24487,P044,59.0,20201027,가을,10,낙상,RP_SLIP_TERRAIN,오락/문화시설,16.2,fire,PLACE_CONFIRMED_FIRE,33.3052787,126.791336
AE_FIRE_2020_24495,P070,85.0,20201028,가을,10,낙상,RP_SLIP_TERRAIN,바다/강/산/논밭,20.7,fire,PLACE_CONFIRMED_FIRE,33.472946594,126.933038051
AE_FIRE_2020_24547,P167,135.5,20201031,가을,10,추락,RP_FALL_CLIFF,바다/강/산/논밭,18.3,fire,PLACE_CONFIRMED_FIRE,33.434124054,126.927302281
AE_FIRE_2020_24562,P038,84.1,20201101,가을,11,낙상,RP_SLIP_TERRAIN,바다/강/산/논밭,21.3,fire,PLACE_CONFIRMED_FIRE,33.23611,126.312225
AE_FIRE_2020_24591,P183,47.6,20201104,가을,11,낙상,RP_SLIP_TERRAIN,바다/강/산/논밭,12.7,fire,PLACE_CONFIRMED_FIRE,33.38471982,126.620130287
AE_FIRE_2020_24609,P006,80.8,20201106,가을,11,낙상,RP_SLIP_TERRAIN,바다/강/산/논밭,20.0,fire,PLACE_CONFIRMED_FIRE,33.392943569,126.239657194
AE_FIRE_2020_24611,P503,54.6,20201106,가을,11,낙상,RP_SLIP_TERRAIN,바다/강/산/논밭,20.4,fire,PLACE_CONFIRMED_FIRE,33.237068074,126.361975574
AE_FIRE_2020_24643,P869,77.9,20201108,가을,11,낙상,RP_SLIP_TERRAIN,바다/강/산/논밭,15.6,fire,PLACE_CONFIRMED_FIRE,33.421596283,126.550182485
AE_FIRE_2020_24644,P027,105.0,20201108,가을,11,기타 둔상,RP_SLIP_TERRAIN,오락/문화시설,15.4,fire,PLACE_CONFIRMED_FIRE,33.3214683,126.844535
AE_FIRE_2020_24647,P904,84.1,20201109,가을,11,낙상,RP_SLIP_TERRAIN,오락/문화시설,11.2,fire,PLACE_CONFIRMED_FIRE,33.4862785,126.902633
AE_FIRE_2020_24677,P758,188.2,20201111,가을,11,낙상,RP_SLIP_TERRAIN,바다/강/산/논밭,15.3,fire,PLACE_CONFIRMED_FIRE,33.327428179,126.296112642
AE_FIRE_2020_24709,P869,61.4,20201113,가을,11,낙상,RP_SLIP_TERRAIN,바다/강/산/논밭,16.5,fire,PLACE_CONFIRMED_FIRE,33.4211082,126.548835
AE_FIRE_2020_24736,P861,0.0,20201116,가을,11,익수,RP_DROWN_01,바다/강/산/논밭,15.0,fire,PLACE_CONFIRMED_FIRE,33.419306582,126.262518853
AE_FIRE_2020_24750,P318,98.1,20201117,가을,11,낙상,RP_SLIP_TERRAIN,바다/강/산/논밭,16.3,fire,PLACE_CONFIRMED_FIRE,33.379503703,126.216382607
AE_FIRE_2020_24756,P083,47.7,20201117,가을,11,추락,RP_FALL_CLIFF,일차산업장,22.4,fire,PLACE_CONFIRMED_FIRE,33.258126,126.406739
AE_FIRE_2020_24761,P183,72.7,20201117,가을,11,낙상,RP_SLIP_TERRAIN,바다/강/산/논밭,22.6,fire,PLACE_CONFIRMED_FIRE,33.384982694,126.620383749
AE_FIRE_2020_24822,P976,65.3,20201122,가을,11,낙상,RP_SLIP_TERRAIN,바다/강/산/논밭,16.8,fire,PLACE_CONFIRMED_FIRE,33.210547357,126.257608818
AE_FIRE_2020_24826,P331,173.9,20201123,가을,11,낙상,RP_SLIP_TERRAIN,바다/강/산/논밭,9.9,fire,PLACE_CONFIRMED_FIRE,33.41333317,126.257223398
AE_FIRE_2020_24848,P297,154.2,20201125,가을,11,낙상,RP_SLIP_TERRAIN,오락/문화시설,13.1,fire,PLACE_CONFIRMED_FIRE,33.390688227,126.238125281
AE_FIRE_2020_24890,P255,200.0,20201130,가을,11,낙상,RP_SLIP_TERRAIN,바다/강/산/논밭,8.8,fire,PLACE_CONFIRMED_FIRE,33.467648956,126.699329141
AE_FIRE_2020_24892,P868,14.2,20201130,가을,11,낙상,RP_SLIP_TERRAIN,바다/강/산/논밭,11.2,fire,PLACE_CONFIRMED_FIRE,33.385112056,126.619582185
AE_FIRE_2020_24893,P868,75.2,20201130,가을,11,낙상,RP_SLIP_TERRAIN,바다/강/산/논밭,9.8,fire,PLACE_CONFIRMED_FIRE,33.3852996,126.620201
AE_FIRE_2020_24915,P190,61.9,20201203,겨울,12,낙상,RP_SLIP_TERRAIN,오락/문화시설,8.5,fire,PLACE_CONFIRMED_FIRE,33.5125,126.514725
AE_FIRE_2020_24920,P183,15.1,20201203,겨울,12,낙상,RP_SLIP_TERRAIN,바다/강/산/논밭,14.0,fire,PLACE_CONFIRMED_FIRE,33.384783973,126.619468939
AE_FIRE_2020_24933,P510,189.1,20201205,겨울,12,동물/곤충기타,RP_ANIMAL_01,바다/강/산/논밭,9.3,fire,PLACE_CONFIRMED_FIRE,33.533339757,126.842895265
AE_FIRE_2020_24937,P438,65.1,20201206,겨울,12,기타 둔상,RP_SLIP_TERRAIN,바다/강/산/논밭,12.8,fire,PLACE_CONFIRMED_FIRE,33.2368719,126.516065
AE_FIRE_2020_24961,P878,169.1,20201210,겨울,12,추락,RP_FALL_CLIFF,바다/강/산/논밭,13.0,fire,PLACE_CONFIRMED_FIRE,33.2420754,126.332859
AE_FIRE_2021_00014,P143,122.9,20210102,겨울,1,낙상,RP_SLIP_TERRAIN,바다/강/산/논밭,9.5,fire,PLACE_CONFIRMED_FIRE,33.2375,126.56778
AE_FIRE_2021_00086,P239,80.9,20210119,겨울,1,익수,RP_DROWN_01,바다/강/산/논밭,4.6,fire,PLACE_CONFIRMED_FIRE,33.50725799,126.46638432
AE_FIRE_2021_00124,P048,171.4,20210127,겨울,1,낙상,RP_SLIP_TERRAIN,바다/강/산/논밭,8.8,fire,PLACE_CONFIRMED_FIRE,33.52450522,126.54354889
AE_FIRE_2021_00128,P262,32.9,20210127,겨울,1,낙상,RP_SLIP_TERRAIN,바다/강/산/논밭,9.3,fire,PLACE_CONFIRMED_FIRE,33.39241176,126.49471017
AE_FIRE_2021_00142,P213,107.6,20210129,겨울,1,익수,RP_DROWN_01,바다/강/산/논밭,3.7,fire,PLACE_CONFIRMED_FIRE,33.50709787,126.46588421
AE_FIRE_2021_00148,P183,9.7,20210130,겨울,1,낙상,RP_SLIP_TERRAIN,바다/강/산/논밭,10.9,fire,PLACE_CONFIRMED_FIRE,33.38489524,126.6196172
AE_FIRE_2021_00167,P008,157.0,20210202,겨울,2,열상,RP_MACHINE_01,바다/강/산/논밭,3.6,fire,PLACE_CONFIRMED_FIRE,33.49694074,126.45157785
AE_FIRE_2021_00182,P183,8.9,20210204,겨울,2,낙상,RP_SLIP_TERRAIN,바다/강/산/논밭,11.2,fire,PLACE_CONFIRMED_FIRE,33.38479247,126.61953554
AE_FIRE_2021_00247,P079,113.4,20210213,겨울,2,열상,RP_MACHINE_01,오락/문화시설,16.0,fire,PLACE_CONFIRMED_FIRE,33.24556129,126.45052438
AE_FIRE_2021_00256,P167,76.3,20210216,겨울,2,낙상,RP_SLIP_TERRAIN,오락/문화시설,8.2,fire,PLACE_CONFIRMED_FIRE,33.4323501,126.928131
AE_FIRE_2021_00261,P012,122.3,20210216,겨울,2,익수,RP_DROWN_01,바다/강/산/논밭,3.9,fire,PLACE_CONFIRMED_FIRE,33.449614,126.304536
AE_FIRE_2021_00268,P261,184.4,20210217,겨울,2,낙상,RP_SLIP_TERRAIN,바다/강/산/논밭,2.0,fire,PLACE_CONFIRMED_FIRE,33.36601518,126.35632985
AE_FIRE_2021_00270,P023,132.3,20210217,겨울,2,낙상,RP_SLIP_TERRAIN,운동시설,1.3,fire,PLACE_CONFIRMED_FIRE,33.247594,126.410938
AE_FIRE_2021_00325,P343,66.7,20210221,겨울,2,기타 둔상,RP_SLIP_TERRAIN,오락/문화시설,17.6,fire,PLACE_CONFIRMED_FIRE,33.52527298,126.58352877
AE_FIRE_2021_00328,P957,6.0,20210222,겨울,2,낙상,RP_SLIP_TERRAIN,바다/강/산/논밭,16.5,fire,PLACE_CONFIRMED_FIRE,33.23821194,126.43958778
AE_FIRE_2021_00330,P015,80.2,20210222,겨울,2,낙상,RP_SLIP_TERRAIN,바다/강/산/논밭,18.7,fire,PLACE_CONFIRMED_FIRE,33.23258,126.313269
AE_FIRE_2021_00376,P260,28.5,20210227,겨울,2,열상,RP_MACHINE_01,바다/강/산/논밭,11.6,fire,PLACE_CONFIRMED_FIRE,33.39212086,126.49487759
AE_FIRE_2021_00377,P018,0.0,20210227,겨울,2,낙상,RP_SLIP_TERRAIN,오락/문화시설,11.6,fire,PLACE_CONFIRMED_FIRE,33.2482165,126.29888967
AE_FIRE_2021_00403,P036,21.1,20210302,봄,3,낙상,RP_SLIP_TERRAIN,바다/강/산/논밭,10.5,fire,PLACE_CONFIRMED_FIRE,33.24462596,126.57297068
AE_FIRE_2021_00411,P975,140.3,20210302,봄,3,추락,RP_FALL_CLIFF,오락/문화시설,7.0,fire,PLACE_CONFIRMED_FIRE,33.48351,126.401326
AE_FIRE_2021_00434,P164,130.1,20210305,봄,3,낙상,RP_SLIP_TERRAIN,바다/강/산/논밭,13.5,fire,PLACE_CONFIRMED_FIRE,33.249135,126.414292
AE_FIRE_2021_00454,P688,89.7,20210308,봄,3,낙상,RP_SLIP_TERRAIN,바다/강/산/논밭,11.6,fire,PLACE_CONFIRMED_FIRE,33.51818095,126.53384585
AE_FIRE_2021_00455,P688,89.7,20210308,봄,3,낙상,RP_SLIP_TERRAIN,바다/강/산/논밭,11.6,fire,PLACE_CONFIRMED_FIRE,33.51818095,126.53384585
AE_FIRE_2021_00471,P168,108.9,20210310,봄,3,낙상,RP_SLIP_TERRAIN,바다/강/산/논밭,8.4,fire,PLACE_CONFIRMED_FIRE,33.51355174,126.52038613
AE_FIRE_2021_00506,P593,106.6,20210314,봄,3,추락,RP_FALL_CLIFF,바다/강/산/논밭,12.3,fire,PLACE_CONFIRMED_FIRE,33.52669,126.883464
AE_FIRE_2021_00549,P070,10.4,20210319,봄,3,낙상,RP_SLIP_TERRAIN,바다/강/산/논밭,16.5,fire,PLACE_CONFIRMED_FIRE,33.47257709,126.93233206
AE_FIRE_2021_00555,P143,194.6,20210320,봄,3,낙상,RP_SLIP_TERRAIN,바다/강/산/논밭,15.6,fire,PLACE_CONFIRMED_FIRE,33.23813332,126.56478014
AE_FIRE_2021_00570,P861,10.5,20210321,봄,3,낙상,RP_SLIP_TERRAIN,바다/강/산/논밭,8.7,fire,PLACE_CONFIRMED_FIRE,33.419334,126.262627
AE_FIRE_2021_00632,P262,121.7,20210326,봄,3,낙상,RP_SLIP_TERRAIN,바다/강/산/논밭,17.5,fire,PLACE_CONFIRMED_FIRE,33.39237276,126.49609605
AE_FIRE_2021_00685,P164,89.7,20210402,봄,4,기타 둔상,RP_SLIP_TERRAIN,운동시설,16.2,fire,PLACE_CONFIRMED_FIRE,33.25027821,126.41413647
AE_FIRE_2021_00689,P125,147.6,20210402,봄,4,열상,RP_MACHINE_01,바다/강/산/논밭,18.9,fire,PLACE_CONFIRMED_FIRE,33.24494,126.413176
AE_FIRE_2021_00716,P310,198.7,20210405,봄,4,낙상,RP_SLIP_TERRAIN,바다/강/산/논밭,16.1,fire,PLACE_CONFIRMED_FIRE,33.2832098,126.273636
AE_FIRE_2021_00825,P907,161.7,20210414,봄,4,기타 둔상,RP_SLIP_TERRAIN,바다/강/산/논밭,14.2,fire,PLACE_CONFIRMED_FIRE,33.45151718,126.30704183
AE_FIRE_2021_00867,P180,38.6,20210417,봄,4,낙상,RP_SLIP_TERRAIN,오락/문화시설,17.0,fire,PLACE_CONFIRMED_FIRE,33.25488058,126.40869869
AE_FIRE_2021_00882,P652,68.3,20210418,봄,4,낙상,RP_SLIP_TERRAIN,오락/문화시설,17.9,fire,PLACE_CONFIRMED_FIRE,33.2451286,126.57003
AE_FIRE_2021_00932,P539,77.2,20210422,봄,4,낙상,RP_SLIP_TERRAIN,바다/강/산/논밭,24.3,fire,PLACE_CONFIRMED_FIRE,33.298874,126.168022
AE_FIRE_2021_00969,P312,189.5,20210424,봄,4,낙상,RP_SLIP_TERRAIN,바다/강/산/논밭,21.7,fire,PLACE_CONFIRMED_FIRE,33.27430008,126.70546847
AE_FIRE_2021_01024,P676,0.0,20210429,봄,4,낙상,RP_SLIP_TERRAIN,오락/문화시설,18.9,fire,PLACE_CONFIRMED_FIRE,33.32128714,126.84308821
AE_FIRE_2021_01026,P539,132.4,20210429,봄,4,낙상,RP_SLIP_TERRAIN,바다/강/산/논밭,21.7,fire,PLACE_CONFIRMED_FIRE,33.298332,126.16722
AE_FIRE_2021_01042,P301,63.0,20210501,봄,5,낙상,RP_SLIP_TERRAIN,바다/강/산/논밭,17.6,fire,PLACE_CONFIRMED_FIRE,33.426826,126.932623
AE_FIRE_2021_01127,P183,40.1,20210507,봄,5,낙상,RP_SLIP_TERRAIN,바다/강/산/논밭,22.6,fire,PLACE_CONFIRMED_FIRE,33.3844995,126.61940698
AE_FIRE_2021_01172,P927,51.5,20210510,봄,5,낙상,RP_SLIP_TERRAIN,바다/강/산/논밭,21.0,fire,PLACE_CONFIRMED_FIRE,33.22780328,126.30326682
AE_FIRE_2021_01238,P869,126.7,20210513,봄,5,낙상,RP_SLIP_TERRAIN,바다/강/산/논밭,21.5,fire,PLACE_CONFIRMED_FIRE,33.42194424,126.55058819
AE_FIRE_2021_01300,P087,196.8,20210517,봄,5,동물/곤충기타,RP_ANIMAL_01,운동시설,16.1,fire,PLACE_CONFIRMED_FIRE,33.444194,126.546108
AE_FIRE_2021_01304,P070,56.0,20210517,봄,5,낙상,RP_SLIP_TERRAIN,바다/강/산/논밭,21.7,fire,PLACE_CONFIRMED_FIRE,33.4729644,126.93211874
AE_FIRE_2021_01325,P363,139.2,20210518,봄,5,열상,RP_MACHINE_01,바다/강/산/논밭,21.3,fire,PLACE_CONFIRMED_FIRE,33.23750487,126.33648006
AE_FIRE_2021_01340,P361,108.7,20210519,봄,5,낙상,RP_SLIP_TERRAIN,바다/강/산/논밭,19.5,fire,PLACE_CONFIRMED_FIRE,33.483887,126.37722
AE_FIRE_2021_01378,P744,44.1,20210522,봄,5,낙상,RP_SLIP_TERRAIN,바다/강/산/논밭,20.1,fire,PLACE_CONFIRMED_FIRE,33.474408,126.826429
AE_FIRE_2021_01412,P613,99.8,20210524,봄,5,낙상,RP_SLIP_TERRAIN,바다/강/산/논밭,21.7,fire,PLACE_CONFIRMED_FIRE,33.434701,126.627517
AE_FIRE_2021_01414,P539,63.2,20210524,봄,5,낙상,RP_SLIP_TERRAIN,바다/강/산/논밭,20.0,fire,PLACE_CONFIRMED_FIRE,33.29915746,126.16817295
AE_FIRE_2021_01429,P165,19.9,20210526,봄,5,낙상,RP_SLIP_TERRAIN,오락/문화시설,18.3,fire,PLACE_CONFIRMED_FIRE,33.32338427,126.84476525
AE_FIRE_2021_01430,P030,138.7,20210526,봄,5,낙상,RP_SLIP_TERRAIN,바다/강/산/논밭,22.5,fire,PLACE_CONFIRMED_FIRE,33.35631199,126.30755499
AE_FIRE_2021_01447,P145,11.1,20210527,봄,5,익수,RP_DROWN_01,바다/강/산/논밭,21.1,fire,PLACE_CONFIRMED_FIRE,33.2265938,126.56605213
AE_FIRE_2021_01448,P979,33.0,20210527,봄,5,낙상,RP_SLIP_TERRAIN,오락/문화시설,23.2,fire,PLACE_CONFIRMED_FIRE,33.4051,126.405709
AE_FIRE_2021_01464,P986,102.6,20210528,봄,5,낙상,RP_SLIP_TERRAIN,바다/강/산/논밭,23.9,fire,PLACE_CONFIRMED_FIRE,33.44928641,126.71240603
AE_FIRE_2021_01465,P986,102.6,20210528,봄,5,낙상,RP_SLIP_TERRAIN,바다/강/산/논밭,23.9,fire,PLACE_CONFIRMED_FIRE,33.44928641,126.71240603
AE_FIRE_2021_01469,P361,109.7,20210528,봄,5,추락,RP_FALL_CLIFF,바다/강/산/논밭,22.0,fire,PLACE_CONFIRMED_FIRE,33.48360278,126.37655173
AE_FIRE_2021_01474,P002,172.5,20210529,봄,5,낙상,RP_SLIP_TERRAIN,오락/문화시설,17.6,fire,PLACE_CONFIRMED_FIRE,33.24879685,126.56414333
AE_FIRE_2021_01545,P759,8.9,20210603,여름,6,낙상,RP_SLIP_TERRAIN,바다/강/산/논밭,25.4,fire,PLACE_CONFIRMED_FIRE,33.519233,126.552951
AE_FIRE_2021_01552,P070,10.4,20210604,여름,6,낙상,RP_SLIP_TERRAIN,바다/강/산/논밭,26.5,fire,PLACE_CONFIRMED_FIRE,33.47257709,126.93233206
AE_FIRE_2021_01584,P006,166.7,20210605,여름,6,열상,RP_MACHINE_01,바다/강/산/논밭,27.1,fire,PLACE_CONFIRMED_FIRE,33.39394496,126.2393773
AE_FIRE_2021_01593,P020,84.9,20210606,여름,6,기타 둔상,RP_SLIP_TERRAIN,바다/강/산/논밭,23.7,fire,PLACE_CONFIRMED_FIRE,33.51956875,126.53494569
AE_FIRE_2021_01677,P438,23.2,20210611,여름,6,낙상,RP_SLIP_TERRAIN,바다/강/산/논밭,21.5,fire,PLACE_CONFIRMED_FIRE,33.23722,126.51583
AE_FIRE_2021_01687,P163,96.7,20210612,여름,6,낙상,RP_SLIP_TERRAIN,바다/강/산/논밭,23.8,fire,PLACE_CONFIRMED_FIRE,33.25237928,126.41828918
AE_FIRE_2021_01713,P907,151.5,20210613,여름,6,낙상,RP_SLIP_TERRAIN,바다/강/산/논밭,21.9,fire,PLACE_CONFIRMED_FIRE,33.451946,126.30639
AE_FIRE_2021_01764,P057,60.4,20210617,여름,6,낙상,RP_SLIP_TERRAIN,오락/문화시설,23.8,fire,PLACE_CONFIRMED_FIRE,33.3046567,126.315693
AE_FIRE_2021_01784,P042,121.2,20210619,여름,6,추락,RP_FALL_CLIFF,오락/문화시설,24.9,fire,PLACE_CONFIRMED_FIRE,33.44393896,126.77840161
AE_FIRE_2021_01813,P756,162.8,20210620,여름,6,낙상,RP_SLIP_TERRAIN,바다/강/산/논밭,25.9,fire,PLACE_CONFIRMED_FIRE,33.38628535,126.61832735
AE_FIRE_2021_01839,P053,54.8,20210622,여름,6,낙상,RP_SLIP_TERRAIN,바다/강/산/논밭,25.0,fire,PLACE_CONFIRMED_FIRE,33.55639,126.79639
AE_FIRE_2021_01888,P260,3.8,20210624,여름,6,낙상,RP_SLIP_TERRAIN,바다/강/산/논밭,27.2,fire,PLACE_CONFIRMED_FIRE,33.39211446,126.4946115
AE_FIRE_2021_01937,P165,19.9,20210627,여름,6,낙상,RP_SLIP_TERRAIN,바다/강/산/논밭,24.5,fire,PLACE_CONFIRMED_FIRE,33.32338427,126.84476525
AE_FIRE_2021_01946,P037,46.3,20210628,여름,6,낙상,RP_SLIP_TERRAIN,바다/강/산/논밭,26.8,fire,PLACE_CONFIRMED_FIRE,33.24467599,126.5736768
AE_FIRE_2021_02000,P966,14.6,20210630,여름,6,해파리,RP_ANIMAL_01,바다/강/산/논밭,27.0,fire,PLACE_CONFIRMED_FIRE,33.39027066,126.2361824
AE_FIRE_2021_02009,P125,163.9,20210701,여름,7,기타 둔상,RP_SLIP_TERRAIN,바다/강/산/논밭,27.2,fire,PLACE_CONFIRMED_FIRE,33.2460212,126.410331
AE_FIRE_2021_02026,P143,131.0,20210702,여름,7,익수,RP_DROWN_01,바다/강/산/논밭,25.2,fire,PLACE_CONFIRMED_FIRE,33.23902003,126.56797376
AE_FIRE_2021_02028,P132,164.0,20210702,여름,7,낙상,RP_SLIP_TERRAIN,바다/강/산/논밭,25.3,fire,PLACE_CONFIRMED_FIRE,33.24456024,126.4139318
AE_FIRE_2021_02125,P125,170.5,20210707,여름,7,해파리,RP_ANIMAL_01,바다/강/산/논밭,26.1,fire,PLACE_CONFIRMED_FIRE,33.244737,126.413398
AE_FIRE_2021_02140,P972,21.5,20210708,여름,7,기타 둔상,RP_SLIP_TERRAIN,바다/강/산/논밭,31.0,fire,PLACE_CONFIRMED_FIRE,33.4502148,126.308526
AE_FIRE_2021_02162,P204,73.1,20210710,여름,7,동물/곤충기타,RP_ANIMAL_01,바다/강/산/논밭,26.9,fire,PLACE_CONFIRMED_FIRE,33.239029,126.607653
AE_FIRE_2021_02188,P943,0.0,20210712,여름,7,익수,RP_DROWN_01,바다/강/산/논밭,25.9,fire,PLACE_CONFIRMED_FIRE,33.23920108,126.55842387
AE_FIRE_2021_02209,P488,63.2,20210713,여름,7,기타 둔상,RP_SLIP_TERRAIN,바다/강/산/논밭,29.2,fire,PLACE_CONFIRMED_FIRE,33.237044,126.595395
AE_FIRE_2021_02210,P488,63.2,20210713,여름,7,기타 둔상,RP_SLIP_TERRAIN,바다/강/산/논밭,29.2,fire,PLACE_CONFIRMED_FIRE,33.237044,126.595395
AE_FIRE_2021_02211,P488,63.2,20210713,여름,7,기타 둔상,RP_SLIP_TERRAIN,바다/강/산/논밭,29.2,fire,PLACE_CONFIRMED_FIRE,33.237044,126.595395
AE_FIRE_2021_02239,P372,113.0,20210714,여름,7,익수,RP_DROWN_01,바다/강/산/논밭,28.7,fire,PLACE_CONFIRMED_FIRE,33.23952428,126.54898983
AE_FIRE_2021_02240,P372,113.0,20210714,여름,7,익수,RP_DROWN_01,바다/강/산/논밭,28.7,fire,PLACE_CONFIRMED_FIRE,33.23952428,126.54898983
AE_FIRE_2021_02256,P522,92.0,20210715,여름,7,낙상,RP_SLIP_TERRAIN,오락/문화시설,30.1,fire,PLACE_CONFIRMED_FIRE,33.52861469,126.77057425
AE_FIRE_2021_02263,P203,80.8,20210716,여름,7,낙상,RP_SLIP_TERRAIN,바다/강/산/논밭,26.7,fire,PLACE_CONFIRMED_FIRE,33.24226386,126.5674622
AE_FIRE_2021_02267,P204,68.7,20210716,여름,7,익수,RP_DROWN_01,바다/강/산/논밭,29.1,fire,PLACE_CONFIRMED_FIRE,33.23904581,126.60810062
AE_FIRE_2021_02269,P605,40.4,20210716,여름,7,낙상,RP_SLIP_TERRAIN,바다/강/산/논밭,28.5,fire,PLACE_CONFIRMED_FIRE,33.234444,126.46305
AE_FIRE_2021_02273,P335,70.1,20210716,여름,7,낙상,RP_SLIP_TERRAIN,바다/강/산/논밭,28.3,fire,PLACE_CONFIRMED_FIRE,33.5183751,126.544754
AE_FIRE_2021_02279,P361,120.7,20210717,여름,7,기타 둔상,RP_SLIP_TERRAIN,바다/강/산/논밭,27.8,fire,PLACE_CONFIRMED_FIRE,33.48398376,126.37713744
AE_FIRE_2021_02282,P186,108.0,20210717,여름,7,열상,RP_MACHINE_01,바다/강/산/논밭,28.7,fire,PLACE_CONFIRMED_FIRE,33.2436981,126.415435
AE_FIRE_2021_02294,P297,152.8,20210718,여름,7,낙상,RP_SLIP_TERRAIN,바다/강/산/논밭,25.1,fire,PLACE_CONFIRMED_FIRE,33.39110218,126.2384239
AE_FIRE_2021_02313,P012,143.6,20210719,여름,7,낙상,RP_SLIP_TERRAIN,바다/강/산/논밭,32.1,fire,PLACE_CONFIRMED_FIRE,33.4499523,126.30414425
AE_FIRE_2021_02326,P309,129.3,20210720,여름,7,뱀,RP_ANIMAL_01,바다/강/산/논밭,29.6,fire,PLACE_CONFIRMED_FIRE,33.43985704,126.63073669
AE_FIRE_2021_02328,P132,179.2,20210720,여름,7,동물/곤충기타,RP_ANIMAL_01,바다/강/산/논밭,29.9,fire,PLACE_CONFIRMED_FIRE,33.24455673,126.41376046
AE_FIRE_2021_02329,P132,179.2,20210720,여름,7,동물/곤충기타,RP_ANIMAL_01,바다/강/산/논밭,29.9,fire,PLACE_CONFIRMED_FIRE,33.24455673,126.41376046
AE_FIRE_2021_02343,P902,50.4,20210721,여름,7,익수,RP_DROWN_01,바다/강/산/논밭,30.9,fire,PLACE_CONFIRMED_FIRE,33.27002485,126.69161551
AE_FIRE_2021_02344,P053,45.9,20210721,여름,7,낙상,RP_SLIP_TERRAIN,바다/강/산/논밭,28.8,fire,PLACE_CONFIRMED_FIRE,33.55611813,126.79553032
AE_FIRE_2021_02345,P501,55.6,20210721,여름,7,낙상,RP_SLIP_TERRAIN,바다/강/산/논밭,29.2,fire,PLACE_CONFIRMED_FIRE,33.30912,126.164846
AE_FIRE_2021_02353,P029,128.3,20210722,여름,7,기타 둔상,RP_SLIP_TERRAIN,오락/문화시설,28.1,fire,PLACE_CONFIRMED_FIRE,33.45518244,126.66686826
AE_FIRE_2021_02366,P125,175.9,20210722,여름,7,기타 둔상,RP_SLIP_TERRAIN,바다/강/산/논밭,29.2,fire,PLACE_CONFIRMED_FIRE,33.2447254,126.413455
AE_FIRE_2021_02375,P132,164.0,20210723,여름,7,열상,RP_MACHINE_01,바다/강/산/논밭,28.6,fire,PLACE_CONFIRMED_FIRE,33.24456024,126.4139318
AE_FIRE_2021_02385,P484,160.1,20210723,여름,7,익수,RP_DROWN_01,바다/강/산/논밭,28.6,fire,PLACE_CONFIRMED_FIRE,33.24086068,126.5929582
AE_FIRE_2021_02386,P125,56.0,20210723,여름,7,낙상,RP_SLIP_TERRAIN,바다/강/산/논밭,28.2,fire,PLACE_CONFIRMED_FIRE,33.245176,126.41103
AE_FIRE_2021_02415,P104,148.9,20210725,여름,7,낙상,RP_SLIP_TERRAIN,바다/강/산/논밭,27.9,fire,PLACE_CONFIRMED_FIRE,33.46042325,126.31062226
AE_FIRE_2021_02443,P025,126.8,20210727,여름,7,기타 둔상,RP_SLIP_TERRAIN,바다/강/산/논밭,28.8,fire,PLACE_CONFIRMED_FIRE,33.24484737,126.40921606
AE_FIRE_2021_02476,P954,72.4,20210729,여름,7,추락,RP_FALL_CLIFF,오락/문화시설,32.7,fire,PLACE_CONFIRMED_FIRE,33.38173292,126.23574993
AE_FIRE_2021_02478,P358,77.7,20210729,여름,7,낙상,RP_SLIP_TERRAIN,바다/강/산/논밭,28.5,fire,PLACE_CONFIRMED_FIRE,33.239876,126.548724
AE_FIRE_2021_02538,P900,69.3,20210801,여름,8,낙상,RP_SLIP_TERRAIN,바다/강/산/논밭,28.8,fire,PLACE_CONFIRMED_FIRE,33.23707097,126.38790525
AE_FIRE_2021_02551,P065,160.8,20210802,여름,8,열상,RP_MACHINE_01,오락/문화시설,28.3,fire,PLACE_CONFIRMED_FIRE,33.30425494,126.29972962
AE_FIRE_2021_02571,P125,9.7,20210803,여름,8,기타 둔상,RP_SLIP_TERRAIN,바다/강/산/논밭,28.1,fire,PLACE_CONFIRMED_FIRE,33.24493084,126.41151356
AE_FIRE_2021_02640,P900,15.3,20210807,여름,8,낙상,RP_SLIP_TERRAIN,바다/강/산/논밭,30.0,fire,PLACE_CONFIRMED_FIRE,33.2368583,126.388435
AE_FIRE_2021_02642,P869,46.9,20210807,여름,8,낙상,RP_SLIP_TERRAIN,바다/강/산/논밭,30.4,fire,PLACE_CONFIRMED_FIRE,33.4217262,126.54973432
AE_FIRE_2021_02662,P125,140.1,20210808,여름,8,낙상,RP_SLIP_TERRAIN,바다/강/산/논밭,30.3,fire,PLACE_CONFIRMED_FIRE,33.24479397,126.41307849
AE_FIRE_2021_02663,P060,149.5,20210808,여름,8,열상,RP_MACHINE_01,바다/강/산/논밭,29.0,fire,PLACE_CONFIRMED_FIRE,33.36653,126.200187
AE_FIRE_2021_02689,P252,134.2,20210809,여름,8,해파리,RP_ANIMAL_01,바다/강/산/논밭,30.5,fire,PLACE_CONFIRMED_FIRE,33.51351863,126.9577462
AE_FIRE_2021_02690,P020,127.5,20210809,여름,8,낙상,RP_SLIP_TERRAIN,바다/강/산/논밭,30.0,fire,PLACE_CONFIRMED_FIRE,33.51949133,126.5354335
AE_FIRE_2021_02720,P438,23.5,20210811,여름,8,열상,RP_MACHINE_01,바다/강/산/논밭,27.3,fire,PLACE_CONFIRMED_FIRE,33.2371043,126.51560927
AE_FIRE_2021_02722,P104,88.9,20210811,여름,8,열상,RP_MACHINE_01,바다/강/산/논밭,26.7,fire,PLACE_CONFIRMED_FIRE,33.4597799,126.31104814
AE_FIRE_2021_02727,P964,144.8,20210812,여름,8,열상,RP_MACHINE_01,일차산업장,25.2,fire,PLACE_CONFIRMED_FIRE,33.48721553,126.71626409
AE_FIRE_2021_02733,P053,174.8,20210812,여름,8,기타 둔상,RP_SLIP_TERRAIN,바다/강/산/논밭,27.5,fire,PLACE_CONFIRMED_FIRE,33.55516854,126.79687764
AE_FIRE_2021_02775,P132,174.4,20210814,여름,8,익수,RP_DROWN_01,바다/강/산/논밭,22.8,fire,PLACE_CONFIRMED_FIRE,33.24443732,126.41386781
AE_FIRE_2021_02793,P070,18.3,20210815,여름,8,낙상,RP_SLIP_TERRAIN,바다/강/산/논밭,25.5,fire,PLACE_CONFIRMED_FIRE,33.47264801,126.93226971
AE_FIRE_2021_02816,P947,35.1,20210817,여름,8,동물/곤충기타,RP_ANIMAL_01,바다/강/산/논밭,24.6,fire,PLACE_CONFIRMED_FIRE,33.349729,126.218362
AE_FIRE_2021_02859,P902,28.2,20210819,여름,8,익수,RP_DROWN_01,바다/강/산/논밭,26.5,fire,PLACE_CONFIRMED_FIRE,33.27040496,126.69099057
AE_FIRE_2021_02860,P1002,124.8,20210819,여름,8,기타 둔상,RP_SLIP_TERRAIN,오락/문화시설,27.1,fire,PLACE_CONFIRMED_FIRE,33.30385045,126.31631966
AE_FIRE_2021_02861,P1002,124.8,20210819,여름,8,열상,RP_MACHINE_01,오락/문화시설,27.1,fire,PLACE_CONFIRMED_FIRE,33.30385045,126.31631966
AE_FIRE_2021_02873,P132,182.2,20210820,여름,8,열상,RP_MACHINE_01,바다/강/산/논밭,27.3,fire,PLACE_CONFIRMED_FIRE,33.24485384,126.41365214
AE_FIRE_2021_02880,P891,89.2,20210821,여름,8,낙상,RP_SLIP_TERRAIN,바다/강/산/논밭,28.3,fire,PLACE_CONFIRMED_FIRE,33.3012878,126.166949
AE_FIRE_2021_02893,P902,105.6,20210822,여름,8,익수,RP_DROWN_01,바다/강/산/논밭,25.7,fire,PLACE_CONFIRMED_FIRE,33.269444,126.6914
AE_FIRE_2021_02914,P053,190.4,20210825,여름,8,기타 둔상,RP_SLIP_TERRAIN,바다/강/산/논밭,29.9,fire,PLACE_CONFIRMED_FIRE,33.555379,126.797397
AE_FIRE_2021_02926,P204,63.0,20210826,여름,8,열상,RP_MACHINE_01,바다/강/산/논밭,27.8,fire,PLACE_CONFIRMED_FIRE,33.23909946,126.60810039
AE_FIRE_2021_02980,P005,62.9,20210830,여름,8,낙상,RP_SLIP_TERRAIN,바다/강/산/논밭,27.4,fire,PLACE_CONFIRMED_FIRE,33.462306,126.937473
AE_FIRE_2021_03047,P959,125.4,20210905,가을,9,열상,RP_MACHINE_01,바다/강/산/논밭,25.0,fire,PLACE_CONFIRMED_FIRE,33.32453577,126.16483632
AE_FIRE_2021_03124,P125,94.0,20210911,가을,9,기타 둔상,RP_SLIP_TERRAIN,바다/강/산/논밭,26.5,fire,PLACE_CONFIRMED_FIRE,33.24476883,126.41256511
AE_FIRE_2021_03135,P070,98.2,20210912,가을,9,중독,RP_CO_01,바다/강/산/논밭,28.1,fire,PLACE_CONFIRMED_FIRE,33.47331623,126.93266768
AE_FIRE_2021_03190,P869,41.3,20210918,가을,9,벌,RP_ANIMAL_01,바다/강/산/논밭,27.1,fire,PLACE_CONFIRMED_FIRE,33.42161341,126.54975759
AE_FIRE_2021_03191,P869,41.3,20210918,가을,9,벌,RP_ANIMAL_01,바다/강/산/논밭,27.1,fire,PLACE_CONFIRMED_FIRE,33.42161341,126.54975759
AE_FIRE_2021_03192,P869,41.3,20210918,가을,9,벌,RP_ANIMAL_01,바다/강/산/논밭,27.1,fire,PLACE_CONFIRMED_FIRE,33.42161341,126.54975759
AE_FIRE_2021_03193,P869,41.3,20210918,가을,9,벌,RP_ANIMAL_01,바다/강/산/논밭,27.1,fire,PLACE_CONFIRMED_FIRE,33.42161341,126.54975759
AE_FIRE_2021_03194,P869,41.3,20210918,가을,9,벌,RP_ANIMAL_01,바다/강/산/논밭,27.1,fire,PLACE_CONFIRMED_FIRE,33.42161341,126.54975759
AE_FIRE_2021_03195,P869,41.3,20210918,가을,9,벌,RP_ANIMAL_01,바다/강/산/논밭,27.1,fire,PLACE_CONFIRMED_FIRE,33.42161341,126.54975759
AE_FIRE_2021_03196,P869,41.3,20210918,가을,9,벌,RP_ANIMAL_01,바다/강/산/논밭,27.1,fire,PLACE_CONFIRMED_FIRE,33.42161341,126.54975759
AE_FIRE_2021_03197,P869,41.3,20210918,가을,9,벌,RP_ANIMAL_01,바다/강/산/논밭,27.1,fire,PLACE_CONFIRMED_FIRE,33.42161341,126.54975759
AE_FIRE_2021_03198,P869,41.3,20210918,가을,9,벌,RP_ANIMAL_01,바다/강/산/논밭,27.1,fire,PLACE_CONFIRMED_FIRE,33.42161341,126.54975759
AE_FIRE_2021_03199,P869,41.3,20210918,가을,9,벌,RP_ANIMAL_01,바다/강/산/논밭,27.1,fire,PLACE_CONFIRMED_FIRE,33.42161341,126.54975759
AE_FIRE_2021_03205,P363,105.7,20210919,가을,9,동물/곤충기타,RP_ANIMAL_01,바다/강/산/논밭,22.3,fire,PLACE_CONFIRMED_FIRE,33.23600972,126.33568765
AE_FIRE_2021_03208,P004,97.3,20210919,가을,9,익수,RP_DROWN_01,바다/강/산/논밭,23.7,fire,PLACE_CONFIRMED_FIRE,33.54447073,126.66943308
AE_FIRE_2021_03231,P848,0.4,20210920,가을,9,낙상,RP_SLIP_TERRAIN,바다/강/산/논밭,26.7,fire,PLACE_CONFIRMED_FIRE,33.34690641,126.53545386
AE_FIRE_2021_03237,P968,128.2,20210920,가을,9,익수,RP_DROWN_01,바다/강/산/논밭,30.6,fire,PLACE_CONFIRMED_FIRE,33.54256838,126.66845774
AE_FIRE_2021_03253,P968,186.5,20210920,가을,9,추락,RP_FALL_CLIFF,바다/강/산/논밭,25.0,fire,PLACE_CONFIRMED_FIRE,33.542665,126.667128
AE_FIRE_2021_03262,P144,46.1,20210921,가을,9,낙상,RP_SLIP_TERRAIN,오락/문화시설,23.9,fire,PLACE_CONFIRMED_FIRE,33.24591027,126.56432205
AE_FIRE_2021_03265,P070,106.3,20210921,가을,9,낙상,RP_SLIP_TERRAIN,바다/강/산/논밭,25.1,fire,PLACE_CONFIRMED_FIRE,33.47342588,126.93251676
AE_FIRE_2021_03302,P006,76.9,20210923,가을,9,낙상,RP_SLIP_TERRAIN,바다/강/산/논밭,25.2,fire,PLACE_CONFIRMED_FIRE,33.39306,126.23944
AE_FIRE_2021_03305,P139,18.3,20210923,가을,9,낙상,RP_SLIP_TERRAIN,바다/강/산/논밭,22.9,fire,PLACE_CONFIRMED_FIRE,33.23942091,126.55847759
AE_FIRE_2021_03319,P153,58.7,20210924,가을,9,낙상,RP_SLIP_TERRAIN,바다/강/산/논밭,22.3,fire,PLACE_CONFIRMED_FIRE,33.228225,126.306896
AE_FIRE_2021_03333,P020,37.5,20210925,가을,9,낙상,RP_SLIP_TERRAIN,바다/강/산/논밭,26.0,fire,PLACE_CONFIRMED_FIRE,33.51993516,126.53461048
AE_FIRE_2021_03400,P110,33.6,20210929,가을,9,기타 둔상,RP_SLIP_TERRAIN,오락/문화시설,27.8,fire,PLACE_CONFIRMED_FIRE,33.283054,126.34945
AE_FIRE_2021_03403,P835,161.8,20210929,가을,9,열상,RP_MACHINE_01,오락/문화시설,27.1,fire,PLACE_CONFIRMED_FIRE,33.330342,126.815679
AE_FIRE_2021_03466,P347,39.7,20211003,가을,10,기타 둔상,RP_SLIP_TERRAIN,바다/강/산/논밭,20.2,fire,PLACE_CONFIRMED_FIRE,33.20978604,126.2580492
AE_FIRE_2021_03467,P869,126.7,20211003,가을,10,낙상,RP_SLIP_TERRAIN,바다/강/산/논밭,31.0,fire,PLACE_CONFIRMED_FIRE,33.42194424,126.55058819
AE_FIRE_2021_03469,P172,30.8,20211003,가을,10,뱀,RP_ANIMAL_01,바다/강/산/논밭,30.5,fire,PLACE_CONFIRMED_FIRE,33.41878655,126.2622306
AE_FIRE_2021_03485,P171,151.0,20211004,가을,10,낙상,RP_SLIP_TERRAIN,바다/강/산/논밭,29.3,fire,PLACE_CONFIRMED_FIRE,33.39591971,126.2423545
AE_FIRE_2021_03493,P006,172.6,20211004,가을,10,열상,RP_MACHINE_01,바다/강/산/논밭,23.6,fire,PLACE_CONFIRMED_FIRE,33.39401885,126.23872381
AE_FIRE_2021_03561,P868,14.8,20211009,가을,10,낙상,RP_SLIP_TERRAIN,바다/강/산/논밭,23.0,fire,PLACE_CONFIRMED_FIRE,33.38497201,126.61957301
AE_FIRE_2021_03570,P845,38.6,20211009,가을,10,낙상,RP_SLIP_TERRAIN,바다/강/산/논밭,26.3,fire,PLACE_CONFIRMED_FIRE,33.34035008,126.48022074
AE_FIRE_2021_03583,P060,168.6,20211010,가을,10,낙상,RP_SLIP_TERRAIN,바다/강/산/논밭,22.9,fire,PLACE_CONFIRMED_FIRE,33.36576163,126.19783951
AE_FIRE_2021_03605,P132,113.0,20211011,가을,10,열상,RP_MACHINE_01,바다/강/산/논밭,26.2,fire,PLACE_CONFIRMED_FIRE,33.244724,126.414444
AE_FIRE_2021_03618,P164,121.9,20211012,가을,10,낙상,RP_SLIP_TERRAIN,오락/문화시설,23.1,fire,PLACE_CONFIRMED_FIRE,33.250577,126.414324
AE_FIRE_2021_03635,P143,87.0,20211013,가을,10,열상,RP_MACHINE_01,바다/강/산/논밭,22.6,fire,PLACE_CONFIRMED_FIRE,33.2377517,126.56619
AE_FIRE_2021_03669,P021,50.1,20211015,가을,10,낙상,RP_SLIP_TERRAIN,오락/문화시설,25.3,fire,PLACE_CONFIRMED_FIRE,33.23799435,126.42601755
AE_FIRE_2021_03673,P227,49.4,20211015,가을,10,낙상,RP_SLIP_TERRAIN,바다/강/산/논밭,25.9,fire,PLACE_CONFIRMED_FIRE,33.50621524,126.94165316
AE_FIRE_2021_03698,P260,54.7,20211017,가을,10,낙상,RP_SLIP_TERRAIN,바다/강/산/논밭,15.9,fire,PLACE_CONFIRMED_FIRE,33.39177014,126.49499075
AE_FIRE_2021_03708,P363,81.9,20211018,가을,10,기타 둔상,RP_SLIP_TERRAIN,바다/강/산/논밭,11.1,fire,PLACE_CONFIRMED_FIRE,33.23686892,126.33431266
AE_FIRE_2021_03813,P744,37.8,20211024,가을,10,낙상,RP_SLIP_TERRAIN,바다/강/산/논밭,20.4,fire,PLACE_CONFIRMED_FIRE,33.47493912,126.82661905
AE_FIRE_2021_03816,P030,146.4,20211024,가을,10,낙상,RP_SLIP_TERRAIN,바다/강/산/논밭,19.6,fire,PLACE_CONFIRMED_FIRE,33.3545112,126.305732
AE_FIRE_2021_03833,P484,85.4,20211025,가을,10,낙상,RP_SLIP_TERRAIN,바다/강/산/논밭,20.7,fire,PLACE_CONFIRMED_FIRE,33.23915611,126.59140775
AE_FIRE_2021_03874,P051,21.6,20211028,가을,10,낙상,RP_SLIP_TERRAIN,바다/강/산/논밭,20.9,fire,PLACE_CONFIRMED_FIRE,33.291782,126.528039
AE_FIRE_2021_03924,P112,156.5,20211031,가을,10,기타 둔상,RP_SLIP_TERRAIN,바다/강/산/논밭,21.2,fire,PLACE_CONFIRMED_FIRE,33.47275472,126.93469971
AE_FIRE_2021_03925,P112,156.5,20211031,가을,10,기타 둔상,RP_SLIP_TERRAIN,바다/강/산/논밭,21.2,fire,PLACE_CONFIRMED_FIRE,33.47275472,126.93469971
AE_FIRE_2021_03942,P498,147.2,20211101,가을,11,낙상,RP_SLIP_TERRAIN,바다/강/산/논밭,20.8,fire,PLACE_CONFIRMED_FIRE,33.3568992,126.307136
AE_FIRE_2021_03956,P745,34.3,20211102,가을,11,열상,RP_MACHINE_01,바다/강/산/논밭,18.1,fire,PLACE_CONFIRMED_FIRE,33.29505505,126.1635294
AE_FIRE_2021_03986,P139,7.6,20211104,가을,11,낙상,RP_SLIP_TERRAIN,바다/강/산/논밭,21.8,fire,PLACE_CONFIRMED_FIRE,33.23930493,126.5586978
AE_FIRE_2021_04006,P070,27.6,20211105,가을,11,낙상,RP_SLIP_TERRAIN,바다/강/산/논밭,19.7,fire,PLACE_CONFIRMED_FIRE,33.47259785,126.93204071
AE_FIRE_2021_04019,P065,127.4,20211106,가을,11,낙상,RP_SLIP_TERRAIN,오락/문화시설,19.7,fire,PLACE_CONFIRMED_FIRE,33.30397511,126.29958981
AE_FIRE_2021_04029,P143,94.0,20211107,가을,11,낙상,RP_SLIP_TERRAIN,바다/강/산/논밭,17.3,fire,PLACE_CONFIRMED_FIRE,33.237505,126.567221
AE_FIRE_2021_04087,P143,173.8,20211110,가을,11,기계,RP_MACHINE_01,바다/강/산/논밭,11.8,fire,PLACE_CONFIRMED_FIRE,33.23678698,126.56637247
AE_FIRE_2021_04137,P262,0.0,20211113,가을,11,낙상,RP_SLIP_TERRAIN,바다/강/산/논밭,15.0,fire,PLACE_CONFIRMED_FIRE,33.39268673,126.49484035
AE_FIRE_2021_04148,P006,171.1,20211114,가을,11,열상,RP_MACHINE_01,바다/강/산/논밭,19.1,fire,PLACE_CONFIRMED_FIRE,33.39277498,126.23717629
AE_FIRE_2021_04156,P513,34.8,20211115,가을,11,낙상,RP_SLIP_TERRAIN,바다/강/산/논밭,19.1,fire,PLACE_CONFIRMED_FIRE,33.51871002,126.54731814
AE_FIRE_2021_04179,P363,149.7,20211116,가을,11,기타 둔상,RP_SLIP_TERRAIN,바다/강/산/논밭,17.0,fire,PLACE_CONFIRMED_FIRE,33.2364461,126.33366355
AE_FIRE_2021_04218,P508,153.9,20211119,가을,11,낙상,RP_SLIP_TERRAIN,바다/강/산/논밭,18.2,fire,PLACE_CONFIRMED_FIRE,33.30815426,126.16411001
AE_FIRE_2021_04220,P869,81.5,20211119,가을,11,낙상,RP_SLIP_TERRAIN,바다/강/산/논밭,17.4,fire,PLACE_CONFIRMED_FIRE,33.42170259,126.55018473
AE_FIRE_2021_04230,P431,66.5,20211120,가을,11,기타 둔상,RP_SLIP_TERRAIN,운동시설,18.4,fire,PLACE_CONFIRMED_FIRE,33.55619473,126.76093348
AE_FIRE_2021_04345,P739,30.3,20211127,가을,11,낙상,RP_SLIP_TERRAIN,바다/강/산/논밭,14.0,fire,PLACE_CONFIRMED_FIRE,33.391941,126.494033
AE_FIRE_2021_04365,P260,25.6,20211128,가을,11,낙상,RP_SLIP_TERRAIN,바다/강/산/논밭,17.1,fire,PLACE_CONFIRMED_FIRE,33.392169,126.494839
AE_FIRE_2021_04447,P104,131.7,20211205,겨울,12,낙상,RP_SLIP_TERRAIN,바다/강/산/논밭,13.3,fire,PLACE_CONFIRMED_FIRE,33.46025175,126.31081465
AE_FIRE_2021_04471,P082,118.8,20211207,겨울,12,낙상,RP_SLIP_TERRAIN,오락/문화시설,16.2,fire,PLACE_CONFIRMED_FIRE,33.251613,126.414893
AE_FIRE_2021_04493,P564,31.3,20211208,겨울,12,낙상,RP_SLIP_TERRAIN,바다/강/산/논밭,14.7,fire,PLACE_CONFIRMED_FIRE,33.42354028,126.55822426
AE_FIRE_2021_04504,P283,69.3,20211209,겨울,12,낙상,RP_SLIP_TERRAIN,바다/강/산/논밭,11.2,fire,PLACE_CONFIRMED_FIRE,33.52645532,126.85648711
AE_FIRE_2021_04530,P153,25.2,20211211,겨울,12,기타 둔상,RP_SLIP_TERRAIN,바다/강/산/논밭,16.1,fire,PLACE_CONFIRMED_FIRE,33.22830794,126.30643507
AE_FIRE_2021_04541,P763,79.4,20211211,겨울,12,추락,RP_FALL_CLIFF,바다/강/산/논밭,11.6,fire,PLACE_CONFIRMED_FIRE,33.43508022,126.91682734
AE_FIRE_2021_04620,P756,25.6,20211218,겨울,12,낙상,RP_SLIP_TERRAIN,바다/강/산/논밭,6.2,fire,PLACE_CONFIRMED_FIRE,33.384827,126.619349
AE_FIRE_2021_04672,P047,72.1,20211223,겨울,12,낙상,RP_SLIP_TERRAIN,오락/문화시설,8.8,fire,PLACE_CONFIRMED_FIRE,33.48526225,126.48145945
AE_FIRE_2021_04699,P906,95.2,20211227,겨울,12,낙상,RP_SLIP_TERRAIN,바다/강/산/논밭,4.9,fire,PLACE_CONFIRMED_FIRE,33.27365626,126.70275585
AE_FIRE_2021_04747,P207,61.1,20211231,겨울,12,낙상,RP_SLIP_TERRAIN,바다/강/산/논밭,6.5,fire,PLACE_CONFIRMED_FIRE,33.24505083,126.5716121
