accidentId,risk_id,relationship,attribution
AE_FIRE_PT_00001,RP_SLIP_TERRAIN,EVIDENCES,FIRE_119_RECORD
AE_FIRE_PT_00002,RP_TRAFFIC_01,EVIDENCES,FIRE_119_RECORD
AE_FIRE_PT_00003,RP_TRAFFIC_01,EVIDENCES,FIRE_119_RECORD
AE_FIRE_PT_00004,RP_SLIP_TERRAIN,EVIDENCES,FIRE_119_RECORD
AE_FIRE_PT_00005,RP_SLIP_TERRAIN,EVIDENCES,FIRE_119_RECORD
AE_FIRE_PT_00006,RP_TRAFFIC_01,EVIDENCES,FIRE_119_RECORD
AE_FIRE_PT_00007,RP_SLIP_TERRAIN,EVIDENCES,FIRE_119_RECORD
AE_FIRE_PT_00008,RP_TRAFFIC_01,EVIDENCES,FIRE_119_RECORD
AE_FIRE_PT_00009,RP_TRAFFIC_01,EVIDENCES,FIRE_119_RECORD
AE_FIRE_PT_00010,RP_FALL_CLIFF,EVIDENCES,FIRE_119_RECORD
AE_FIRE_PT_00011,RP_SLIP_TERRAIN,EVIDENCES,FIRE_119_RECORD
AE_FIRE_PT_00012,RP_MACHINE_01,EVIDENCES,FIRE_119_RECORD
AE_FIRE_PT_00013,RP_TRAFFIC_01,EVIDENCES,FIRE_119_RECORD
AE_FIRE_PT_00014,RP_TRAFFIC_01,EVIDENCES,FIRE_119_RECORD
AE_FIRE_PT_00015,RP_TRAFFIC_01,EVIDENCES,FIRE_119_RECORD
AE_FIRE_PT_00016,RP_MACHINE_01,EVIDENCES,FIRE_119_RECORD
AE_FIRE_PT_00017,RP_TRAFFIC_01,EVIDENCES,FIRE_119_RECORD
AE_FIRE_PT_00018,RP_TRAFFIC_01,EVIDENCES,FIRE_119_RECORD
AE_FIRE_PT_00019,RP_TRAFFIC_01,EVIDENCES,FIRE_119_RECORD
AE_FIRE_PT_00020,RP_TRAFFIC_01,EVIDENCES,FIRE_119_RECORD
AE_FIRE_PT_00021,RP_TRAFFIC_01,EVIDENCES,FIRE_119_RECORD
AE_FIRE_PT_00022,RP_SLIP_TERRAIN,EVIDENCES,FIRE_119_RECORD
AE_FIRE_PT_00023,RP_SLIP_TERRAIN,EVIDENCES,FIRE_119_RECORD
AE_FIRE_PT_00024,RP_MACHINE_01,EVIDENCES,FIRE_119_RECORD
AE_FIRE_PT_00025,RP_TRAFFIC_01,EVIDENCES,FIRE_119_RECORD
AE_FIRE_PT_00026,RP_MACHINE_01,EVIDENCES,FIRE_119_RECORD
AE_FIRE_PT_00027,RP_MACHINE_01,EVIDENCES,FIRE_119_RECORD
AE_FIRE_PT_00028,RP_SLIP_TERRAIN,EVIDENCES,FIRE_119_RECORD
AE_FIRE_PT_00029,RP_TRAFFIC_01,EVIDENCES,FIRE_119_RECORD
AE_FIRE_PT_00030,RP_TRAFFIC_01,EVIDENCES,FIRE_119_RECORD
AE_FIRE_PT_00031,RP_TRAFFIC_01,EVIDENCES,FIRE_119_RECORD
AE_FIRE_PT_00032,RP_SLIP_TERRAIN,EVIDENCES,FIRE_119_RECORD
AE_FIRE_PT_00033,RP_SLIP_TERRAIN,EVIDENCES,FIRE_119_RECORD
AE_FIRE_PT_00034,RP_SLIP_TERRAIN,EVIDENCES,FIRE_119_RECORD
AE_FIRE_PT_00035,RP_TRAFFIC_01,EVIDENCES,FIRE_119_RECORD
AE_FIRE_PT_00036,RP_TRAFFIC_01,EVIDENCES,FIRE_119_RECORD
AE_FIRE_PT_00037,RP_SLIP_TERRAIN,EVIDENCES,FIRE_119_RECORD
AE_FIRE_PT_00038,RP_SLIP_TERRAIN,EVIDENCES,FIRE_119_RECORD
AE_FIRE_PT_00039,RP_TRAFFIC_01,EVIDENCES,FIRE_119_RECORD
AE_FIRE_PT_00040,RP_TRAFFIC_01,EVIDENCES,FIRE_119_RECORD
AE_FIRE_PT_00041,RP_TRAFFIC_01,EVIDENCES,FIRE_119_RECORD
AE_FIRE_PT_00042,RP_MACHINE_01,EVIDENCES,FIRE_119_RECORD
AE_FIRE_PT_00043,RP_FALL_CLIFF,EVIDENCES,FIRE_119_RECORD
AE_FIRE_PT_00044,RP_MACHINE_01,EVIDENCES,FIRE_119_RECORD
AE_FIRE_PT_00045,RP_ANIMAL_01,EVIDENCES,FIRE_119_RECORD
AE_FIRE_PT_00046,RP_TRAFFIC_01,EVIDENCES,FIRE_119_RECORD
AE_FIRE_PT_00047,RP_ANIMAL_01,EVIDENCES,FIRE_119_RECORD
AE_FIRE_PT_00048,RP_SLIP_TERRAIN,EVIDENCES,FIRE_119_RECORD
AE_FIRE_PT_00049,RP_TRAFFIC_01,EVIDENCES,FIRE_119_RECORD
AE_FIRE_PT_00050,RP_TRAFFIC_01,EVIDENCES,FIRE_119_RECORD
AE_FIRE_PT_00051,RP_SLIP_TERRAIN,EVIDENCES,FIRE_119_RECORD
AE_FIRE_PT_00052,RP_MACHINE_01,EVIDENCES,FIRE_119_RECORD
AE_FIRE_PT_00053,RP_TRAFFIC_01,EVIDENCES,FIRE_119_RECORD
AE_FIRE_PT_00054,RP_SLIP_TERRAIN,EVIDENCES,FIRE_119_RECORD
AE_FIRE_PT_00055,RP_SLIP_TERRAIN,EVIDENCES,FIRE_119_RECORD
AE_FIRE_PT_00056,RP_TRAFFIC_01,EVIDENCES,FIRE_119_RECORD
AE_FIRE_PT_00057,RP_TRAFFIC_01,EVIDENCES,FIRE_119_RECORD
AE_FIRE_PT_00058,RP_SLIP_TERRAIN,EVIDENCES,FIRE_119_RECORD
AE_FIRE_PT_00059,RP_TRAFFIC_01,EVIDENCES,FIRE_119_RECORD
AE_FIRE_PT_00060,RP_TRAFFIC_01,EVIDENCES,FIRE_119_RECORD
AE_FIRE_PT_00061,RP_TRAFFIC_01,EVIDENCES,FIRE_119_RECORD
AE_FIRE_PT_00062,RP_TRAFFIC_01,EVIDENCES,FIRE_119_RECORD
AE_FIRE_PT_00063,RP_SLIP_TERRAIN,EVIDENCES,FIRE_119_RECORD
AE_FIRE_PT_00064,RP_SLIP_TERRAIN,EVIDENCES,FIRE_119_RECORD
AE_FIRE_PT_00065,RP_TRAFFIC_01,EVIDENCES,FIRE_119_RECORD
AE_FIRE_PT_00066,RP_TRAFFIC_01,EVIDENCES,FIRE_119_RECORD
AE_FIRE_PT_00067,RP_TRAFFIC_01,EVIDENCES,FIRE_119_RECORD
AE_FIRE_PT_00068,RP_FALL_CLIFF,EVIDENCES,FIRE_119_RECORD
AE_FIRE_PT_00069,RP_MACHINE_01,EVIDENCES,FIRE_119_RECORD
AE_FIRE_PT_00070,RP_SLIP_TERRAIN,EVIDENCES,FIRE_119_RECORD
AE_FIRE_PT_00071,RP_SLIP_TERRAIN,EVIDENCES,FIRE_119_RECORD
AE_FIRE_PT_00072,RP_MACHINE_01,EVIDENCES,FIRE_119_RECORD
AE_FIRE_PT_00073,RP_TRAFFIC_01,EVIDENCES,FIRE_119_RECORD
AE_FIRE_PT_00074,RP_SLIP_TERRAIN,EVIDENCES,FIRE_119_RECORD
AE_FIRE_PT_00075,RP_TRAFFIC_01,EVIDENCES,FIRE_119_RECORD
AE_FIRE_PT_00076,RP_TRAFFIC_01,EVIDENCES,FIRE_119_RECORD
AE_FIRE_PT_00077,RP_FALL_CLIFF,EVIDENCES,FIRE_119_RECORD
AE_FIRE_PT_00078,RP_SLIP_TERRAIN,EVIDENCES,FIRE_119_RECORD
AE_FIRE_PT_00079,RP_TRAFFIC_01,EVIDENCES,FIRE_119_RECORD
AE_FIRE_PT_00080,RP_TRAFFIC_01,EVIDENCES,FIRE_119_RECORD
AE_FIRE_PT_00081,RP_TRAFFIC_01,EVIDENCES,FIRE_119_RECORD
AE_FIRE_PT_00082,RP_TRAFFIC_01,EVIDENCES,FIRE_119_RECORD
AE_FIRE_PT_00083,RP_SLIP_TERRAIN,EVIDENCES,FIRE_119_RECORD
AE_FIRE_PT_00084,RP_SLIP_TERRAIN,EVIDENCES,FIRE_119_RECORD
AE_FIRE_PT_00085,RP_MACHINE_01,EVIDENCES,FIRE_119_RECORD
AE_FIRE_PT_00086,RP_TRAFFIC_01,EVIDENCES,FIRE_119_RECORD
AE_FIRE_PT_00087,RP_TRAFFIC_01,EVIDENCES,FIRE_119_RECORD
AE_FIRE_PT_00088,RP_TRAFFIC_01,EVIDENCES,FIRE_119_RECORD
AE_FIRE_PT_00089,RP_MACHINE_01,EVIDENCES,FIRE_119_RECORD
AE_FIRE_PT_00090,RP_MACHINE_01,EVIDENCES,FIRE_119_RECORD
AE_FIRE_PT_00091,RP_FALL_CLIFF,EVIDENCES,FIRE_119_RECORD
AE_FIRE_PT_00092,RP_TRAFFIC_01,EVIDENCES,FIRE_119_RECORD
AE_FIRE_PT_00093,RP_MACHINE_01,EVIDENCES,FIRE_119_RECORD
AE_FIRE_PT_00094,RP_SLIP_TERRAIN,EVIDENCES,FIRE_119_RECORD
AE_FIRE_PT_00095,RP_TRAFFIC_01,EVIDENCES,FIRE_119_RECORD
AE_FIRE_PT_00096,RP_TRAFFIC_01,EVIDENCES,FIRE_119_RECORD
AE_FIRE_PT_00097,RP_SLIP_TERRAIN,EVIDENCES,FIRE_119_RECORD
AE_FIRE_PT_00098,RP_SLIP_TERRAIN,EVIDENCES,FIRE_119_RECORD
AE_FIRE_PT_00099,RP_FALL_CLIFF,EVIDENCES,FIRE_119_RECORD
AE_FIRE_PT_00100,RP_SLIP_TERRAIN,EVIDENCES,FIRE_119_RECORD
AE_FIRE_PT_00101,RP_SLIP_TERRAIN,EVIDENCES,FIRE_119_RECORD
AE_FIRE_PT_00102,RP_DROWN_01,EVIDENCES,FIRE_119_RECORD
AE_FIRE_PT_00103,RP_DROWN_01,EVIDENCES,FIRE_119_RECORD
AE_FIRE_PT_00104,RP_MACHINE_01,EVIDENCES,FIRE_119_RECORD
AE_FIRE_PT_00105,RP_SLIP_TERRAIN,EVIDENCES,FIRE_119_RECORD
AE_FIRE_PT_00106,RP_SLIP_TERRAIN,EVIDENCES,FIRE_119_RECORD
AE_FIRE_PT_00107,RP_TRAFFIC_01,EVIDENCES,FIRE_119_RECORD
AE_FIRE_PT_00108,RP_SLIP_TERRAIN,EVIDENCES,FIRE_119_RECORD
AE_FIRE_PT_00109,RP_FALL_CLIFF,EVIDENCES,FIRE_119_RECORD
AE_FIRE_PT_00110,RP_TRAFFIC_01,EVIDENCES,FIRE_119_RECORD
AE_FIRE_PT_00111,RP_TRAFFIC_01,EVIDENCES,FIRE_119_RECORD
AE_FIRE_PT_00112,RP_MACHINE_01,EVIDENCES,FIRE_119_RECORD
AE_FIRE_PT_00113,RP_MACHINE_01,EVIDENCES,FIRE_119_RECORD
AE_FIRE_PT_00114,RP_TRAFFIC_01,EVIDENCES,FIRE_119_RECORD
AE_FIRE_PT_00115,RP_TRAFFIC_01,EVIDENCES,FIRE_119_RECORD
AE_FIRE_PT_00116,RP_TRAFFIC_01,EVIDENCES,FIRE_119_RECORD
AE_FIRE_PT_00117,RP_SLIP_TERRAIN,EVIDENCES,FIRE_119_RECORD
AE_FIRE_PT_00118,RP_SLIP_TERRAIN,EVIDENCES,FIRE_119_RECORD
AE_FIRE_PT_00119,RP_MACHINE_01,EVIDENCES,FIRE_119_RECORD
AE_FIRE_PT_00120,RP_TRAFFIC_01,EVIDENCES,FIRE_119_RECORD
AE_FIRE_PT_00121,RP_TRAFFIC_01,EVIDENCES,FIRE_119_RECORD
AE_FIRE_PT_00122,RP_TRAFFIC_01,EVIDENCES,FIRE_119_RECORD
AE_FIRE_PT_00123,RP_TRAFFIC_01,EVIDENCES,FIRE_119_RECORD
AE_FIRE_PT_00124,RP_SLIP_TERRAIN,EVIDENCES,FIRE_119_RECORD
AE_FIRE_PT_00125,RP_SLIP_TERRAIN,EVIDENCES,FIRE_119_RECORD
AE_FIRE_PT_00126,RP_SLIP_TERRAIN,EVIDENCES,FIRE_119_RECORD
AE_FIRE_PT_00127,RP_TRAFFIC_01,EVIDENCES,FIRE_119_RECORD
AE_FIRE_PT_00128,RP_FALL_CLIFF,EVIDENCES,FIRE_119_RECORD
AE_FIRE_PT_00129,RP_TRAFFIC_01,EVIDENCES,FIRE_119_RECORD
AE_FIRE_PT_00130,RP_TRAFFIC_01,EVIDENCES,FIRE_119_RECORD
AE_FIRE_PT_00131,RP_TRAFFIC_01,EVIDENCES,FIRE_119_RECORD
AE_FIRE_PT_00132,RP_SLIP_TERRAIN,EVIDENCES,FIRE_119_RECORD
AE_FIRE_PT_00133,RP_TRAFFIC_01,EVIDENCES,FIRE_119_RECORD
AE_FIRE_PT_00134,RP_SLIP_TERRAIN,EVIDENCES,FIRE_119_RECORD
AE_FIRE_PT_00135,RP_TRAFFIC_01,EVIDENCES,FIRE_119_RECORD
AE_FIRE_PT_00136,RP_TRAFFIC_01,EVIDENCES,FIRE_119_RECORD
AE_FIRE_PT_00137,RP_SLIP_TERRAIN,EVIDENCES,FIRE_119_RECORD
AE_FIRE_PT_00138,RP_TRAFFIC_01,EVIDENCES,FIRE_119_RECORD
AE_FIRE_PT_00139,RP_TRAFFIC_01,EVIDENCES,FIRE_119_RECORD
AE_FIRE_PT_00140,RP_MACHINE_01,EVIDENCES,FIRE_119_RECORD
AE_FIRE_PT_00141,RP_MACHINE_01,EVIDENCES,FIRE_119_RECORD
AE_FIRE_PT_00142,RP_SLIP_TERRAIN,EVIDENCES,FIRE_119_RECORD
AE_FIRE_PT_00143,RP_SLIP_TERRAIN,EVIDENCES,FIRE_119_RECORD
AE_FIRE_PT_00144,RP_SLIP_TERRAIN,EVIDENCES,FIRE_119_RECORD
AE_FIRE_PT_00145,RP_DROWN_01,EVIDENCES,FIRE_119_RECORD
AE_FIRE_PT_00146,RP_SLIP_TERRAIN,EVIDENCES,FIRE_119_RECORD
AE_FIRE_PT_00147,RP_MACHINE_01,EVIDENCES,FIRE_119_RECORD
AE_FIRE_PT_00148,RP_TRAFFIC_01,EVIDENCES,FIRE_119_RECORD
AE_FIRE_PT_00149,RP_SLIP_TERRAIN,EVIDENCES,FIRE_119_RECORD
AE_FIRE_PT_00150,RP_TRAFFIC_01,EVIDENCES,FIRE_119_RECORD
AE_FIRE_PT_00151,RP_SLIP_TERRAIN,EVIDENCES,FIRE_119_RECORD
AE_FIRE_PT_00152,RP_SLIP_TERRAIN,EVIDENCES,FIRE_119_RECORD
AE_FIRE_PT_00153,RP_TRAFFIC_01,EVIDENCES,FIRE_119_RECORD
AE_FIRE_PT_00154,RP_SLIP_TERRAIN,EVIDENCES,FIRE_119_RECORD
AE_FIRE_PT_00155,RP_TRAFFIC_01,EVIDENCES,FIRE_119_RECORD
AE_FIRE_PT_00156,RP_FALL_CLIFF,EVIDENCES,FIRE_119_RECORD
AE_FIRE_PT_00157,RP_SLIP_TERRAIN,EVIDENCES,FIRE_119_RECORD
AE_FIRE_PT_00158,RP_TRAFFIC_01,EVIDENCES,FIRE_119_RECORD
AE_FIRE_PT_00159,RP_SLIP_TERRAIN,EVIDENCES,FIRE_119_RECORD
AE_FIRE_PT_00160,RP_SLIP_TERRAIN,EVIDENCES,FIRE_119_RECORD
AE_FIRE_PT_00161,RP_SLIP_TERRAIN,EVIDENCES,FIRE_119_RECORD
AE_FIRE_PT_00162,RP_TRAFFIC_01,EVIDENCES,FIRE_119_RECORD
AE_FIRE_PT_00163,RP_TRAFFIC_01,EVIDENCES,FIRE_119_RECORD
AE_FIRE_PT_00164,RP_TRAFFIC_01,EVIDENCES,FIRE_119_RECORD
AE_FIRE_PT_00165,RP_SLIP_TERRAIN,EVIDENCES,FIRE_119_RECORD
AE_FIRE_PT_00166,RP_TRAFFIC_01,EVIDENCES,FIRE_119_RECORD
AE_FIRE_PT_00167,RP_SLIP_TERRAIN,EVIDENCES,FIRE_119_RECORD
AE_FIRE_PT_00168,RP_TRAFFIC_01,EVIDENCES,FIRE_119_RECORD
AE_FIRE_PT_00169,RP_SLIP_TERRAIN,EVIDENCES,FIRE_119_RECORD
AE_FIRE_PT_00170,RP_MACHINE_01,EVIDENCES,FIRE_119_RECORD
AE_FIRE_PT_00171,RP_FIRE_01,EVIDENCES,FIRE_119_RECORD
AE_FIRE_PT_00172,RP_TRAFFIC_01,EVIDENCES,FIRE_119_RECORD
AE_FIRE_PT_00173,RP_MACHINE_01,EVIDENCES,FIRE_119_RECORD
AE_FIRE_PT_00174,RP_TRAFFIC_01,EVIDENCES,FIRE_119_RECORD
AE_FIRE_PT_00175,RP_TRAFFIC_01,EVIDENCES,FIRE_119_RECORD
AE_FIRE_PT_00176,RP_TRAFFIC_01,EVIDENCES,FIRE_119_RECORD
AE_FIRE_PT_00177,RP_SLIP_TERRAIN,EVIDENCES,FIRE_119_RECORD
AE_FIRE_PT_00178,RP_SLIP_TERRAIN,EVIDENCES,FIRE_119_RECORD
AE_FIRE_PT_00179,RP_TRAFFIC_01,EVIDENCES,FIRE_119_RECORD
AE_FIRE_PT_00180,RP_SLIP_TERRAIN,EVIDENCES,FIRE_119_RECORD
AE_FIRE_PT_00181,RP_TRAFFIC_01,EVIDENCES,FIRE_119_RECORD
AE_FIRE_PT_00182,RP_MACHINE_01,EVIDENCES,FIRE_119_RECORD
AE_FIRE_PT_00183,RP_TRAFFIC_01,EVIDENCES,FIRE_119_RECORD
AE_FIRE_PT_00184,RP_MACHINE_01,EVIDENCES,FIRE_119_RECORD
AE_FIRE_PT_00185,RP_MACHINE_01,EVIDENCES,FIRE_119_RECORD
AE_FIRE_PT_00186,RP_SLIP_TERRAIN,EVIDENCES,FIRE_119_RECORD
AE_FIRE_PT_00187,RP_TRAFFIC_01,EVIDENCES,FIRE_119_RECORD
AE_FIRE_PT_00188,RP_MACHINE_01,EVIDENCES,FIRE_119_RECORD
AE_FIRE_PT_00189,RP_FALL_CLIFF,EVIDENCES,FIRE_119_RECORD
AE_FIRE_PT_00190,RP_SLIP_TERRAIN,EVIDENCES,FIRE_119_RECORD
AE_FIRE_PT_00191,RP_MACHINE_01,EVIDENCES,FIRE_119_RECORD
AE_FIRE_PT_00192,RP_SLIP_TERRAIN,EVIDENCES,FIRE_119_RECORD
AE_FIRE_PT_00193,RP_TRAFFIC_01,EVIDENCES,FIRE_119_RECORD
AE_FIRE_PT_00194,RP_TRAFFIC_01,EVIDENCES,FIRE_119_RECORD
AE_FIRE_PT_00195,RP_TRAFFIC_01,EVIDENCES,FIRE_119_RECORD
AE_FIRE_PT_00196,RP_TRAFFIC_01,EVIDENCES,FIRE_119_RECORD
AE_FIRE_PT_00197,RP_TRAFFIC_01,EVIDENCES,FIRE_119_RECORD
AE_FIRE_PT_00198,RP_SLIP_TERRAIN,EVIDENCES,FIRE_119_RECORD
AE_FIRE_PT_00199,RP_SLIP_TERRAIN,EVIDENCES,FIRE_119_RECORD
AE_FIRE_PT_00200,RP_MACHINE_01,EVIDENCES,FIRE_119_RECORD
AE_FIRE_PT_00201,RP_MACHINE_01,EVIDENCES,FIRE_119_RECORD
AE_FIRE_PT_00202,RP_SLIP_TERRAIN,EVIDENCES,FIRE_119_RECORD
AE_FIRE_PT_00203,RP_MACHINE_01,EVIDENCES,FIRE_119_RECORD
AE_FIRE_PT_00204,RP_TRAFFIC_01,EVIDENCES,FIRE_119_RECORD
AE_FIRE_PT_00205,RP_ANIMAL_01,EVIDENCES,FIRE_119_RECORD
AE_FIRE_PT_00206,RP_TRAFFIC_01,EVIDENCES,FIRE_119_RECORD
AE_FIRE_PT_00207,RP_TRAFFIC_01,EVIDENCES,FIRE_119_RECORD
AE_FIRE_PT_00208,RP_TRAFFIC_01,EVIDENCES,FIRE_119_RECORD
AE_FIRE_PT_00209,RP_TRAFFIC_01,EVIDENCES,FIRE_119_RECORD
AE_FIRE_PT_00210,RP_TRAFFIC_01,EVIDENCES,FIRE_119_RECORD
AE_FIRE_PT_00211,RP_MACHINE_01,EVIDENCES,FIRE_119_RECORD
AE_FIRE_PT_00212,RP_MACHINE_01,EVIDENCES,FIRE_119_RECORD
AE_FIRE_PT_00213,RP_MACHINE_01,EVIDENCES,FIRE_119_RECORD
AE_FIRE_PT_00214,RP_FALL_CLIFF,EVIDENCES,FIRE_119_RECORD
AE_FIRE_PT_00215,RP_TRAFFIC_01,EVIDENCES,FIRE_119_RECORD
AE_FIRE_PT_00216,RP_TRAFFIC_01,EVIDENCES,FIRE_119_RECORD
AE_FIRE_PT_00217,RP_TRAFFIC_01,EVIDENCES,FIRE_119_RECORD
AE_FIRE_PT_00218,RP_TRAFFIC_01,EVIDENCES,FIRE_119_RECORD
AE_FIRE_PT_00219,RP_TRAFFIC_01,EVIDENCES,FIRE_119_RECORD
AE_FIRE_PT_00220,RP_TRAFFIC_01,EVIDENCES,FIRE_119_RECORD
AE_FIRE_PT_00221,RP_TRAFFIC_01,EVIDENCES,FIRE_119_RECORD
AE_FIRE_PT_00222,RP_TRAFFIC_01,EVIDENCES,FIRE_119_RECORD
AE_FIRE_PT_00223,RP_TRAFFIC_01,EVIDENCES,FIRE_119_RECORD
AE_FIRE_PT_00224,RP_TRAFFIC_01,EVIDENCES,FIRE_119_RECORD
AE_FIRE_PT_00225,RP_TRAFFIC_01,EVIDENCES,FIRE_119_RECORD
AE_FIRE_PT_00226,RP_TRAFFIC_01,EVIDENCES,FIRE_119_RECORD
AE_FIRE_PT_00227,RP_TRAFFIC_01,EVIDENCES,FIRE_119_RECORD
AE_FIRE_PT_00228,RP_SLIP_TERRAIN,EVIDENCES,FIRE_119_RECORD
AE_FIRE_PT_00229,RP_MACHINE_01,EVIDENCES,FIRE_119_RECORD
AE_FIRE_PT_00230,RP_SLIP_TERRAIN,EVIDENCES,FIRE_119_RECORD
AE_FIRE_PT_00231,RP_MACHINE_01,EVIDENCES,FIRE_119_RECORD
AE_FIRE_PT_00232,RP_MACHINE_01,EVIDENCES,FIRE_119_RECORD
AE_FIRE_PT_00233,RP_MACHINE_01,EVIDENCES,FIRE_119_RECORD
AE_FIRE_PT_00234,RP_TRAFFIC_01,EVIDENCES,FIRE_119_RECORD
AE_FIRE_PT_00235,RP_CO_01,EVIDENCES,FIRE_119_RECORD
AE_FIRE_PT_00236,RP_SLIP_TERRAIN,EVIDENCES,FIRE_119_RECORD
AE_FIRE_PT_00237,RP_SLIP_TERRAIN,EVIDENCES,FIRE_119_RECORD
AE_FIRE_PT_00238,RP_SLIP_TERRAIN,EVIDENCES,FIRE_119_RECORD
AE_FIRE_PT_00239,RP_MACHINE_01,EVIDENCES,FIRE_119_RECORD
AE_FIRE_PT_00240,RP_TRAFFIC_01,EVIDENCES,FIRE_119_RECORD
AE_FIRE_PT_00241,RP_TRAFFIC_01,EVIDENCES,FIRE_119_RECORD
AE_FIRE_PT_00242,RP_SLIP_TERRAIN,EVIDENCES,FIRE_119_RECORD
AE_FIRE_PT_00243,RP_TRAFFIC_01,EVIDENCES,FIRE_119_RECORD
AE_FIRE_PT_00244,RP_MACHINE_01,EVIDENCES,FIRE_119_RECORD
AE_FIRE_PT_00245,RP_MACHINE_01,EVIDENCES,FIRE_119_RECORD
AE_FIRE_PT_00246,RP_SLIP_TERRAIN,EVIDENCES,FIRE_119_RECORD
AE_FIRE_PT_00247,RP_TRAFFIC_01,EVIDENCES,FIRE_119_RECORD
AE_FIRE_PT_00248,RP_SLIP_TERRAIN,EVIDENCES,FIRE_119_RECORD
AE_FIRE_PT_00249,RP_TRAFFIC_01,EVIDENCES,FIRE_119_RECORD
AE_FIRE_PT_00250,RP_TRAFFIC_01,EVIDENCES,FIRE_119_RECORD
AE_FIRE_PT_00251,RP_TRAFFIC_01,EVIDENCES,FIRE_119_RECORD
AE_FIRE_PT_00252,RP_TRAFFIC_01,EVIDENCES,FIRE_119_RECORD
AE_FIRE_PT_00253,RP_FALL_CLIFF,EVIDENCES,FIRE_119_RECORD
AE_FIRE_PT_00254,RP_SLIP_TERRAIN,EVIDENCES,FIRE_119_RECORD
AE_FIRE_PT_00255,RP_SLIP_TERRAIN,EVIDENCES,FIRE_119_RECORD
AE_FIRE_PT_00256,RP_TRAFFIC_01,EVIDENCES,FIRE_119_RECORD
AE_FIRE_PT_00257,RP_TRAFFIC_01,EVIDENCES,FIRE_119_RECORD
AE_FIRE_PT_00258,RP_TRAFFIC_01,EVIDENCES,FIRE_119_RECORD
AE_FIRE_PT_00259,RP_TRAFFIC_01,EVIDENCES,FIRE_119_RECORD
AE_FIRE_PT_00260,RP_TRAFFIC_01,EVIDENCES,FIRE_119_RECORD
AE_FIRE_PT_00261,RP_TRAFFIC_01,EVIDENCES,FIRE_119_RECORD
AE_FIRE_PT_00262,RP_SLIP_TERRAIN,EVIDENCES,FIRE_119_RECORD
AE_FIRE_PT_00263,RP_MACHINE_01,EVIDENCES,FIRE_119_RECORD
AE_FIRE_PT_00264,RP_SLIP_TERRAIN,EVIDENCES,FIRE_119_RECORD
AE_FIRE_PT_00265,RP_MACHINE_01,EVIDENCES,FIRE_119_RECORD
AE_FIRE_PT_00266,RP_MACHINE_01,EVIDENCES,FIRE_119_RECORD
AE_FIRE_PT_00267,RP_SLIP_TERRAIN,EVIDENCES,FIRE_119_RECORD
AE_FIRE_PT_00268,RP_TRAFFIC_01,EVIDENCES,FIRE_119_RECORD
AE_FIRE_PT_00269,RP_SLIP_TERRAIN,EVIDENCES,FIRE_119_RECORD
AE_FIRE_PT_00270,RP_TRAFFIC_01,EVIDENCES,FIRE_119_RECORD
AE_FIRE_PT_00271,RP_TRAFFIC_01,EVIDENCES,FIRE_119_RECORD
AE_FIRE_PT_00272,RP_TRAFFIC_01,EVIDENCES,FIRE_119_RECORD
AE_FIRE_PT_00273,RP_TRAFFIC_01,EVIDENCES,FIRE_119_RECORD
AE_FIRE_PT_00274,RP_TRAFFIC_01,EVIDENCES,FIRE_119_RECORD
AE_FIRE_PT_00275,RP_MACHINE_01,EVIDENCES,FIRE_119_RECORD
AE_FIRE_PT_00276,RP_MACHINE_01,EVIDENCES,FIRE_119_RECORD
AE_FIRE_PT_00277,RP_TRAFFIC_01,EVIDENCES,FIRE_119_RECORD
AE_FIRE_PT_00278,RP_TRAFFIC_01,EVIDENCES,FIRE_119_RECORD
AE_FIRE_PT_00279,RP_SLIP_TERRAIN,EVIDENCES,FIRE_119_RECORD
AE_FIRE_PT_00280,RP_FALL_CLIFF,EVIDENCES,FIRE_119_RECORD
AE_FIRE_PT_00281,RP_SLIP_TERRAIN,EVIDENCES,FIRE_119_RECORD
AE_FIRE_PT_00282,RP_TRAFFIC_01,EVIDENCES,FIRE_119_RECORD
AE_FIRE_PT_00283,RP_TRAFFIC_01,EVIDENCES,FIRE_119_RECORD
AE_FIRE_PT_00284,RP_TRAFFIC_01,EVIDENCES,FIRE_119_RECORD
AE_FIRE_PT_00285,RP_FALL_CLIFF,EVIDENCES,FIRE_119_RECORD
AE_FIRE_PT_00286,RP_SLIP_TERRAIN,EVIDENCES,FIRE_119_RECORD
AE_FIRE_PT_00287,RP_FALL_CLIFF,EVIDENCES,FIRE_119_RECORD
AE_FIRE_PT_00288,RP_MACHINE_01,EVIDENCES,FIRE_119_RECORD
AE_FIRE_PT_00289,RP_MACHINE_01,EVIDENCES,FIRE_119_RECORD
AE_FIRE_PT_00290,RP_FALL_CLIFF,EVIDENCES,FIRE_119_RECORD
AE_FIRE_PT_00291,RP_FALL_CLIFF,EVIDENCES,FIRE_119_RECORD
AE_FIRE_PT_00292,RP_TRAFFIC_01,EVIDENCES,FIRE_119_RECORD
AE_FIRE_PT_00293,RP_SLIP_TERRAIN,EVIDENCES,FIRE_119_RECORD
AE_FIRE_PT_00294,RP_SLIP_TERRAIN,EVIDENCES,FIRE_119_RECORD
AE_FIRE_PT_00295,RP_MACHINE_01,EVIDENCES,FIRE_119_RECORD
AE_FIRE_PT_00296,RP_SLIP_TERRAIN,EVIDENCES,FIRE_119_RECORD
AE_FIRE_PT_00297,RP_TRAFFIC_01,EVIDENCES,FIRE_119_RECORD
AE_FIRE_PT_00298,RP_TRAFFIC_01,EVIDENCES,FIRE_119_RECORD
AE_FIRE_PT_00299,RP_TRAFFIC_01,EVIDENCES,FIRE_119_RECORD
AE_FIRE_PT_00300,RP_TRAFFIC_01,EVIDENCES,FIRE_119_RECORD
AE_FIRE_PT_00301,RP_TRAFFIC_01,EVIDENCES,FIRE_119_RECORD
AE_FIRE_PT_00302,RP_SLIP_TERRAIN,EVIDENCES,FIRE_119_RECORD
AE_FIRE_PT_00303,RP_TRAFFIC_01,EVIDENCES,FIRE_119_RECORD
AE_FIRE_PT_00304,RP_SLIP_TERRAIN,EVIDENCES,FIRE_119_RECORD
AE_FIRE_PT_00305,RP_TRAFFIC_01,EVIDENCES,FIRE_119_RECORD
AE_FIRE_PT_00306,RP_SLIP_TERRAIN,EVIDENCES,FIRE_119_RECORD
AE_FIRE_PT_00307,RP_TRAFFIC_01,EVIDENCES,FIRE_119_RECORD
AE_FIRE_PT_00308,RP_TRAFFIC_01,EVIDENCES,FIRE_119_RECORD
AE_FIRE_PT_00309,RP_SLIP_TERRAIN,EVIDENCES,FIRE_119_RECORD
AE_FIRE_PT_00310,RP_TRAFFIC_01,EVIDENCES,FIRE_119_RECORD
AE_FIRE_PT_00311,RP_SLIP_TERRAIN,EVIDENCES,FIRE_119_RECORD
AE_FIRE_PT_00312,RP_ANIMAL_01,EVIDENCES,FIRE_119_RECORD
AE_FIRE_PT_00313,RP_SLIP_TERRAIN,EVIDENCES,FIRE_119_RECORD
AE_FIRE_PT_00314,RP_TRAFFIC_01,EVIDENCES,FIRE_119_RECORD
AE_FIRE_PT_00315,RP_TRAFFIC_01,EVIDENCES,FIRE_119_RECORD
AE_FIRE_PT_00316,RP_TRAFFIC_01,EVIDENCES,FIRE_119_RECORD
AE_FIRE_PT_00317,RP_MACHINE_01,EVIDENCES,FIRE_119_RECORD
AE_FIRE_PT_00318,RP_SLIP_TERRAIN,EVIDENCES,FIRE_119_RECORD
AE_FIRE_PT_00319,RP_SLIP_TERRAIN,EVIDENCES,FIRE_119_RECORD
AE_FIRE_PT_00320,RP_MACHINE_01,EVIDENCES,FIRE_119_RECORD
AE_FIRE_PT_00321,RP_TRAFFIC_01,EVIDENCES,FIRE_119_RECORD
AE_FIRE_PT_00322,RP_TRAFFIC_01,EVIDENCES,FIRE_119_RECORD
AE_FIRE_PT_00323,RP_TRAFFIC_01,EVIDENCES,FIRE_119_RECORD
AE_FIRE_PT_00324,RP_SLIP_TERRAIN,EVIDENCES,FIRE_119_RECORD
AE_FIRE_PT_00325,RP_SLIP_TERRAIN,EVIDENCES,FIRE_119_RECORD
AE_FIRE_PT_00326,RP_MACHINE_01,EVIDENCES,FIRE_119_RECORD
AE_FIRE_PT_00327,RP_TRAFFIC_01,EVIDENCES,FIRE_119_RECORD
AE_FIRE_PT_00328,RP_TRAFFIC_01,EVIDENCES,FIRE_119_RECORD
AE_FIRE_PT_00329,RP_TRAFFIC_01,EVIDENCES,FIRE_119_RECORD
AE_FIRE_PT_00330,RP_TRAFFIC_01,EVIDENCES,FIRE_119_RECORD
AE_FIRE_PT_00331,RP_TRAFFIC_01,EVIDENCES,FIRE_119_RECORD
AE_FIRE_PT_00332,RP_TRAFFIC_01,EVIDENCES,FIRE_119_RECORD
AE_FIRE_PT_00333,RP_MACHINE_01,EVIDENCES,FIRE_119_RECORD
AE_FIRE_PT_00334,RP_MACHINE_01,EVIDENCES,FIRE_119_RECORD
AE_FIRE_PT_00335,RP_MACHINE_01,EVIDENCES,FIRE_119_RECORD
AE_FIRE_PT_00336,RP_SLIP_TERRAIN,EVIDENCES,FIRE_119_RECORD
AE_FIRE_PT_00337,RP_MACHINE_01,EVIDENCES,FIRE_119_RECORD
AE_FIRE_PT_00338,RP_SLIP_TERRAIN,EVIDENCES,FIRE_119_RECORD
AE_FIRE_PT_00339,RP_TRAFFIC_01,EVIDENCES,FIRE_119_RECORD
AE_FIRE_PT_00340,RP_ANIMAL_01,EVIDENCES,FIRE_119_RECORD
AE_FIRE_PT_00341,RP_ANIMAL_01,EVIDENCES,FIRE_119_RECORD
AE_FIRE_PT_00342,RP_TRAFFIC_01,EVIDENCES,FIRE_119_RECORD
AE_FIRE_PT_00343,RP_TRAFFIC_01,EVIDENCES,FIRE_119_RECORD
AE_FIRE_PT_00344,RP_SLIP_TERRAIN,EVIDENCES,FIRE_119_RECORD
AE_FIRE_PT_00345,RP_TRAFFIC_01,EVIDENCES,FIRE_119_RECORD
AE_FIRE_PT_00346,RP_ANIMAL_01,EVIDENCES,FIRE_119_RECORD
AE_FIRE_PT_00347,RP_MACHINE_01,EVIDENCES,FIRE_119_RECORD
AE_FIRE_PT_00348,RP_MACHINE_01,EVIDENCES,FIRE_119_RECORD
AE_FIRE_PT_00349,RP_SLIP_TERRAIN,EVIDENCES,FIRE_119_RECORD
AE_FIRE_PT_00350,RP_TRAFFIC_01,EVIDENCES,FIRE_119_RECORD
AE_FIRE_PT_00351,RP_MACHINE_01,EVIDENCES,FIRE_119_RECORD
AE_FIRE_PT_00352,RP_TRAFFIC_01,EVIDENCES,FIRE_119_RECORD
AE_FIRE_PT_00353,RP_TRAFFIC_01,EVIDENCES,FIRE_119_RECORD
AE_FIRE_PT_00354,RP_TRAFFIC_01,EVIDENCES,FIRE_119_RECORD
AE_FIRE_PT_00355,RP_MACHINE_01,EVIDENCES,FIRE_119_RECORD
AE_FIRE_PT_00356,RP_TRAFFIC_01,EVIDENCES,FIRE_119_RECORD
AE_FIRE_PT_00357,RP_MACHINE_01,EVIDENCES,FIRE_119_RECORD
AE_FIRE_PT_00358,RP_SLIP_TERRAIN,EVIDENCES,FIRE_119_RECORD
AE_FIRE_PT_00359,RP_TRAFFIC_01,EVIDENCES,FIRE_119_RECORD
AE_FIRE_PT_00360,RP_SLIP_TERRAIN,EVIDENCES,FIRE_119_RECORD
AE_FIRE_PT_00361,RP_TRAFFIC_01,EVIDENCES,FIRE_119_RECORD
AE_FIRE_PT_00362,RP_FALL_CLIFF,EVIDENCES,FIRE_119_RECORD
AE_FIRE_PT_00363,RP_TRAFFIC_01,EVIDENCES,FIRE_119_RECORD
AE_FIRE_PT_00364,RP_SLIP_TERRAIN,EVIDENCES,FIRE_119_RECORD
AE_FIRE_PT_00365,RP_SLIP_TERRAIN,EVIDENCES,FIRE_119_RECORD
AE_FIRE_PT_00366,RP_TRAFFIC_01,EVIDENCES,FIRE_119_RECORD
AE_FIRE_PT_00367,RP_SLIP_TERRAIN,EVIDENCES,FIRE_119_RECORD
AE_FIRE_PT_00368,RP_TRAFFIC_01,EVIDENCES,FIRE_119_RECORD
AE_FIRE_PT_00369,RP_SLIP_TERRAIN,EVIDENCES,FIRE_119_RECORD
AE_FIRE_PT_00370,RP_TRAFFIC_01,EVIDENCES,FIRE_119_RECORD
AE_FIRE_PT_00371,RP_TRAFFIC_01,EVIDENCES,FIRE_119_RECORD
AE_FIRE_PT_00372,RP_TRAFFIC_01,EVIDENCES,FIRE_119_RECORD
AE_FIRE_PT_00373,RP_TRAFFIC_01,EVIDENCES,FIRE_119_RECORD
AE_FIRE_PT_00374,RP_SLIP_TERRAIN,EVIDENCES,FIRE_119_RECORD
AE_FIRE_PT_00375,RP_SLIP_TERRAIN,EVIDENCES,FIRE_119_RECORD
AE_FIRE_PT_00376,RP_TRAFFIC_01,EVIDENCES,FIRE_119_RECORD
AE_FIRE_PT_00377,RP_SLIP_TERRAIN,EVIDENCES,FIRE_119_RECORD
AE_FIRE_PT_00378,RP_SLIP_TERRAIN,EVIDENCES,FIRE_119_RECORD
AE_FIRE_PT_00379,RP_SLIP_TERRAIN,EVIDENCES,FIRE_119_RECORD
AE_FIRE_PT_00380,RP_TRAFFIC_01,EVIDENCES,FIRE_119_RECORD
AE_FIRE_PT_00381,RP_SLIP_TERRAIN,EVIDENCES,FIRE_119_RECORD
AE_FIRE_PT_00382,RP_FALL_CLIFF,EVIDENCES,FIRE_119_RECORD
AE_FIRE_PT_00383,RP_TRAFFIC_01,EVIDENCES,FIRE_119_RECORD
AE_FIRE_PT_00384,RP_TRAFFIC_01,EVIDENCES,FIRE_119_RECORD
AE_FIRE_PT_00385,RP_MACHINE_01,EVIDENCES,FIRE_119_RECORD
AE_FIRE_PT_00386,RP_SLIP_TERRAIN,EVIDENCES,FIRE_119_RECORD
AE_FIRE_PT_00387,RP_TRAFFIC_01,EVIDENCES,FIRE_119_RECORD
AE_FIRE_PT_00388,RP_TRAFFIC_01,EVIDENCES,FIRE_119_RECORD
AE_FIRE_PT_00389,RP_TRAFFIC_01,EVIDENCES,FIRE_119_RECORD
AE_FIRE_PT_00390,RP_MACHINE_01,EVIDENCES,FIRE_119_RECORD
AE_FIRE_PT_00391,RP_SLIP_TERRAIN,EVIDENCES,FIRE_119_RECORD
AE_FIRE_PT_00392,RP_SLIP_TERRAIN,EVIDENCES,FIRE_119_RECORD
AE_FIRE_PT_00393,RP_SLIP_TERRAIN,EVIDENCES,FIRE_119_RECORD
AE_FIRE_PT_00394,RP_MACHINE_01,EVIDENCES,FIRE_119_RECORD
AE_FIRE_PT_00395,RP_MACHINE_01,EVIDENCES,FIRE_119_RECORD
AE_FIRE_PT_00396,RP_TRAFFIC_01,EVIDENCES,FIRE_119_RECORD
AE_FIRE_PT_00397,RP_TRAFFIC_01,EVIDENCES,FIRE_119_RECORD
AE_FIRE_PT_00398,RP_TRAFFIC_01,EVIDENCES,FIRE_119_RECORD
AE_FIRE_PT_00399,RP_SLIP_TERRAIN,EVIDENCES,FIRE_119_RECORD
AE_FIRE_PT_00400,RP_MACHINE_01,EVIDENCES,FIRE_119_RECORD
AE_FIRE_PT_00401,RP_MACHINE_01,EVIDENCES,FIRE_119_RECORD
AE_FIRE_PT_00402,RP_TRAFFIC_01,EVIDENCES,FIRE_119_RECORD
AE_FIRE_PT_00403,RP_TRAFFIC_01,EVIDENCES,FIRE_119_RECORD
AE_FIRE_PT_00404,RP_TRAFFIC_01,EVIDENCES,FIRE_119_RECORD
AE_FIRE_PT_00405,RP_TRAFFIC_01,EVIDENCES,FIRE_119_RECORD
AE_FIRE_PT_00406,RP_TRAFFIC_01,EVIDENCES,FIRE_119_RECORD
AE_FIRE_PT_00407,RP_TRAFFIC_01,EVIDENCES,FIRE_119_RECORD
AE_FIRE_PT_00408,RP_FIRE_01,EVIDENCES,FIRE_119_RECORD
AE_FIRE_PT_00409,RP_TRAFFIC_01,EVIDENCES,FIRE_119_RECORD
AE_FIRE_PT_00410,RP_SLIP_TERRAIN,EVIDENCES,FIRE_119_RECORD
AE_FIRE_PT_00411,RP_SLIP_TERRAIN,EVIDENCES,FIRE_119_RECORD
AE_FIRE_PT_00412,RP_SLIP_TERRAIN,EVIDENCES,FIRE_119_RECORD
AE_FIRE_PT_00413,RP_SLIP_TERRAIN,EVIDENCES,FIRE_119_RECORD
AE_FIRE_PT_00414,RP_TRAFFIC_01,EVIDENCES,FIRE_119_RECORD
AE_FIRE_PT_00415,RP_TRAFFIC_01,EVIDENCES,FIRE_119_RECORD
AE_FIRE_PT_00416,RP_TRAFFIC_01,EVIDENCES,FIRE_119_RECORD
AE_FIRE_PT_00417,RP_TRAFFIC_01,EVIDENCES,FIRE_119_RECORD
AE_FIRE_PT_00418,RP_TRAFFIC_01,EVIDENCES,FIRE_119_RECORD
AE_FIRE_PT_00419,RP_TRAFFIC_01,EVIDENCES,FIRE_119_RECORD
AE_FIRE_PT_00420,RP_SLIP_TERRAIN,EVIDENCES,FIRE_119_RECORD
AE_FIRE_PT_00421,RP_TRAFFIC_01,EVIDENCES,FIRE_119_RECORD
AE_FIRE_PT_00422,RP_TRAFFIC_01,EVIDENCES,FIRE_119_RECORD
AE_FIRE_PT_00423,RP_TRAFFIC_01,EVIDENCES,FIRE_119_RECORD
AE_FIRE_PT_00424,RP_MACHINE_01,EVIDENCES,FIRE_119_RECORD
AE_FIRE_PT_00425,RP_MACHINE_01,EVIDENCES,FIRE_119_RECORD
AE_FIRE_PT_00426,RP_SLIP_TERRAIN,EVIDENCES,FIRE_119_RECORD
AE_FIRE_PT_00427,RP_SLIP_TERRAIN,EVIDENCES,FIRE_119_RECORD
AE_FIRE_PT_00428,RP_MACHINE_01,EVIDENCES,FIRE_119_RECORD
AE_FIRE_PT_00429,RP_SLIP_TERRAIN,EVIDENCES,FIRE_119_RECORD
AE_FIRE_PT_00430,RP_SLIP_TERRAIN,EVIDENCES,FIRE_119_RECORD
AE_FIRE_PT_00431,RP_TRAFFIC_01,EVIDENCES,FIRE_119_RECORD
AE_FIRE_PT_00432,RP_TRAFFIC_01,EVIDENCES,FIRE_119_RECORD
AE_FIRE_PT_00433,RP_TRAFFIC_01,EVIDENCES,FIRE_119_RECORD
AE_FIRE_PT_00434,RP_TRAFFIC_01,EVIDENCES,FIRE_119_RECORD
AE_FIRE_PT_00435,RP_TRAFFIC_01,EVIDENCES,FIRE_119_RECORD
AE_FIRE_PT_00436,RP_TRAFFIC_01,EVIDENCES,FIRE_119_RECORD
AE_FIRE_PT_00437,RP_TRAFFIC_01,EVIDENCES,FIRE_119_RECORD
AE_FIRE_PT_00438,RP_SLIP_TERRAIN,EVIDENCES,FIRE_119_RECORD
AE_FIRE_PT_00439,RP_TRAFFIC_01,EVIDENCES,FIRE_119_RECORD
AE_FIRE_PT_00440,RP_TRAFFIC_01,EVIDENCES,FIRE_119_RECORD
AE_FIRE_PT_00441,RP_MACHINE_01,EVIDENCES,FIRE_119_RECORD
AE_FIRE_PT_00442,RP_TRAFFIC_01,EVIDENCES,FIRE_119_RECORD
AE_FIRE_PT_00443,RP_TRAFFIC_01,EVIDENCES,FIRE_119_RECORD
AE_FIRE_PT_00444,RP_SLIP_TERRAIN,EVIDENCES,FIRE_119_RECORD
AE_FIRE_PT_00445,RP_SLIP_TERRAIN,EVIDENCES,FIRE_119_RECORD
AE_FIRE_PT_00446,RP_TRAFFIC_01,EVIDENCES,FIRE_119_RECORD
AE_FIRE_PT_00447,RP_TRAFFIC_01,EVIDENCES,FIRE_119_RECORD
AE_FIRE_PT_00448,RP_FALL_CLIFF,EVIDENCES,FIRE_119_RECORD
AE_FIRE_PT_00449,RP_TRAFFIC_01,EVIDENCES,FIRE_119_RECORD
AE_FIRE_PT_00450,RP_MACHINE_01,EVIDENCES,FIRE_119_RECORD
AE_FIRE_PT_00451,RP_TRAFFIC_01,EVIDENCES,FIRE_119_RECORD
AE_FIRE_PT_00452,RP_TRAFFIC_01,EVIDENCES,FIRE_119_RECORD
AE_FIRE_PT_00453,RP_MACHINE_01,EVIDENCES,FIRE_119_RECORD
AE_FIRE_PT_00454,RP_MACHINE_01,EVIDENCES,FIRE_119_RECORD
AE_FIRE_PT_00455,RP_SLIP_TERRAIN,EVIDENCES,FIRE_119_RECORD
AE_FIRE_PT_00456,RP_SLIP_TERRAIN,EVIDENCES,FIRE_119_RECORD
AE_FIRE_PT_00457,RP_SLIP_TERRAIN,EVIDENCES,FIRE_119_RECORD
AE_FIRE_PT_00458,RP_DROWN_01,EVIDENCES,FIRE_119_RECORD
AE_FIRE_PT_00459,RP_ANIMAL_01,EVIDENCES,FIRE_119_RECORD
AE_FIRE_PT_00460,RP_ANIMAL_01,EVIDENCES,FIRE_119_RECORD
AE_FIRE_PT_00461,RP_SLIP_TERRAIN,EVIDENCES,FIRE_119_RECORD
AE_FIRE_PT_00462,RP_CO_01,EVIDENCES,FIRE_119_RECORD
AE_FIRE_PT_00463,RP_TRAFFIC_01,EVIDENCES,FIRE_119_RECORD
AE_FIRE_PT_00464,RP_DROWN_01,EVIDENCES,FIRE_119_RECORD
AE_FIRE_PT_00465,RP_MACHINE_01,EVIDENCES,FIRE_119_RECORD
AE_FIRE_PT_00466,RP_MACHINE_01,EVIDENCES,FIRE_119_RECORD
AE_FIRE_PT_00467,RP_SLIP_TERRAIN,EVIDENCES,FIRE_119_RECORD
AE_FIRE_PT_00468,RP_SLIP_TERRAIN,EVIDENCES,FIRE_119_RECORD
AE_FIRE_PT_00469,RP_TRAFFIC_01,EVIDENCES,FIRE_119_RECORD
AE_FIRE_PT_00470,RP_SLIP_TERRAIN,EVIDENCES,FIRE_119_RECORD
AE_FIRE_PT_00471,RP_SLIP_TERRAIN,EVIDENCES,FIRE_119_RECORD
AE_FIRE_PT_00472,RP_FALL_CLIFF,EVIDENCES,FIRE_119_RECORD
AE_FIRE_PT_00473,RP_TRAFFIC_01,EVIDENCES,FIRE_119_RECORD
AE_FIRE_PT_00474,RP_FALL_CLIFF,EVIDENCES,FIRE_119_RECORD
AE_FIRE_PT_00475,RP_TRAFFIC_01,EVIDENCES,FIRE_119_RECORD
AE_FIRE_PT_00476,RP_TRAFFIC_01,EVIDENCES,FIRE_119_RECORD
AE_FIRE_PT_00477,RP_ANIMAL_01,EVIDENCES,FIRE_119_RECORD
AE_FIRE_PT_00478,RP_MACHINE_01,EVIDENCES,FIRE_119_RECORD
AE_FIRE_PT_00479,RP_TRAFFIC_01,EVIDENCES,FIRE_119_RECORD
AE_FIRE_PT_00480,RP_MACHINE_01,EVIDENCES,FIRE_119_RECORD
AE_FIRE_PT_00481,RP_SLIP_TERRAIN,EVIDENCES,FIRE_119_RECORD
AE_FIRE_PT_00482,RP_MACHINE_01,EVIDENCES,FIRE_119_RECORD
AE_FIRE_PT_00483,RP_MACHINE_01,EVIDENCES,FIRE_119_RECORD
AE_FIRE_PT_00484,RP_SLIP_TERRAIN,EVIDENCES,FIRE_119_RECORD
AE_FIRE_PT_00485,RP_FALL_CLIFF,EVIDENCES,FIRE_119_RECORD
AE_FIRE_PT_00486,RP_MACHINE_01,EVIDENCES,FIRE_119_RECORD
AE_FIRE_PT_00487,RP_TRAFFIC_01,EVIDENCES,FIRE_119_RECORD
AE_FIRE_PT_00488,RP_TRAFFIC_01,EVIDENCES,FIRE_119_RECORD
AE_FIRE_PT_00489,RP_CO_01,EVIDENCES,FIRE_119_RECORD
AE_FIRE_PT_00490,RP_TRAFFIC_01,EVIDENCES,FIRE_119_RECORD
AE_FIRE_PT_00491,RP_TRAFFIC_01,EVIDENCES,FIRE_119_RECORD
AE_FIRE_PT_00492,RP_TRAFFIC_01,EVIDENCES,FIRE_119_RECORD
AE_FIRE_PT_00493,RP_FALL_CLIFF,EVIDENCES,FIRE_119_RECORD
AE_FIRE_PT_00494,RP_MACHINE_01,EVIDENCES,FIRE_119_RECORD
AE_FIRE_PT_00495,RP_MACHINE_01,EVIDENCES,FIRE_119_RECORD
AE_FIRE_PT_00496,RP_ANIMAL_01,EVIDENCES,FIRE_119_RECORD
AE_FIRE_PT_00497,RP_MACHINE_01,EVIDENCES,FIRE_119_RECORD
AE_FIRE_PT_00498,RP_SLIP_TERRAIN,EVIDENCES,FIRE_119_RECORD
AE_FIRE_PT_00499,RP_TRAFFIC_01,EVIDENCES,FIRE_119_RECORD
AE_FIRE_PT_00500,RP_SLIP_TERRAIN,EVIDENCES,FIRE_119_RECORD
AE_FIRE_PT_00501,RP_SLIP_TERRAIN,EVIDENCES,FIRE_119_RECORD
AE_FIRE_PT_00502,RP_TRAFFIC_01,EVIDENCES,FIRE_119_RECORD
AE_FIRE_PT_00503,RP_TRAFFIC_01,EVIDENCES,FIRE_119_RECORD
AE_FIRE_PT_00504,RP_SLIP_TERRAIN,EVIDENCES,FIRE_119_RECORD
AE_FIRE_PT_00505,RP_TRAFFIC_01,EVIDENCES,FIRE_119_RECORD
AE_FIRE_PT_00506,RP_ANIMAL_01,EVIDENCES,FIRE_119_RECORD
AE_FIRE_PT_00507,RP_TRAFFIC_01,EVIDENCES,FIRE_119_RECORD
AE_FIRE_PT_00508,RP_TRAFFIC_01,EVIDENCES,FIRE_119_RECORD
AE_FIRE_PT_00509,RP_MACHINE_01,EVIDENCES,FIRE_119_RECORD
AE_FIRE_PT_00510,RP_TRAFFIC_01,EVIDENCES,FIRE_119_RECORD
AE_FIRE_PT_00511,RP_TRAFFIC_01,EVIDENCES,FIRE_119_RECORD
AE_FIRE_PT_00512,RP_TRAFFIC_01,EVIDENCES,FIRE_119_RECORD
AE_FIRE_PT_00513,RP_TRAFFIC_01,EVIDENCES,FIRE_119_RECORD
AE_FIRE_PT_00514,RP_TRAFFIC_01,EVIDENCES,FIRE_119_RECORD
AE_FIRE_PT_00515,RP_MACHINE_01,EVIDENCES,FIRE_119_RECORD
AE_FIRE_PT_00516,RP_MACHINE_01,EVIDENCES,FIRE_119_RECORD
AE_FIRE_PT_00517,RP_FALL_CLIFF,EVIDENCES,FIRE_119_RECORD
AE_FIRE_PT_00518,RP_TRAFFIC_01,EVIDENCES,FIRE_119_RECORD
AE_FIRE_PT_00519,RP_MACHINE_01,EVIDENCES,FIRE_119_RECORD
AE_FIRE_PT_00520,RP_MACHINE_01,EVIDENCES,FIRE_119_RECORD
AE_FIRE_PT_00521,RP_TRAFFIC_01,EVIDENCES,FIRE_119_RECORD
AE_FIRE_PT_00522,RP_TRAFFIC_01,EVIDENCES,FIRE_119_RECORD
AE_FIRE_PT_00523,RP_TRAFFIC_01,EVIDENCES,FIRE_119_RECORD
AE_FIRE_PT_00524,RP_TRAFFIC_01,EVIDENCES,FIRE_119_RECORD
AE_FIRE_PT_00525,RP_MACHINE_01,EVIDENCES,FIRE_119_RECORD
AE_FIRE_PT_00526,RP_SLIP_TERRAIN,EVIDENCES,FIRE_119_RECORD
AE_FIRE_PT_00527,RP_TRAFFIC_01,EVIDENCES,FIRE_119_RECORD
AE_FIRE_PT_00528,RP_SLIP_TERRAIN,EVIDENCES,FIRE_119_RECORD
AE_FIRE_PT_00529,RP_SLIP_TERRAIN,EVIDENCES,FIRE_119_RECORD
AE_FIRE_PT_00530,RP_SLIP_TERRAIN,EVIDENCES,FIRE_119_RECORD
AE_FIRE_PT_00531,RP_TRAFFIC_01,EVIDENCES,FIRE_119_RECORD
AE_FIRE_PT_00532,RP_TRAFFIC_01,EVIDENCES,FIRE_119_RECORD
AE_FIRE_PT_00533,RP_TRAFFIC_01,EVIDENCES,FIRE_119_RECORD
AE_FIRE_PT_00534,RP_TRAFFIC_01,EVIDENCES,FIRE_119_RECORD
AE_FIRE_PT_00535,RP_TRAFFIC_01,EVIDENCES,FIRE_119_RECORD
AE_FIRE_PT_00536,RP_SLIP_TERRAIN,EVIDENCES,FIRE_119_RECORD
AE_FIRE_PT_00537,RP_SLIP_TERRAIN,EVIDENCES,FIRE_119_RECORD
AE_FIRE_PT_00538,RP_TRAFFIC_01,EVIDENCES,FIRE_119_RECORD
AE_FIRE_PT_00539,RP_TRAFFIC_01,EVIDENCES,FIRE_119_RECORD
AE_FIRE_PT_00540,RP_FALL_CLIFF,EVIDENCES,FIRE_119_RECORD
AE_FIRE_PT_00541,RP_MACHINE_01,EVIDENCES,FIRE_119_RECORD
AE_FIRE_PT_00542,RP_TRAFFIC_01,EVIDENCES,FIRE_119_RECORD
AE_FIRE_PT_00543,RP_TRAFFIC_01,EVIDENCES,FIRE_119_RECORD
AE_FIRE_PT_00544,RP_SLIP_TERRAIN,EVIDENCES,FIRE_119_RECORD
AE_FIRE_PT_00545,RP_SLIP_TERRAIN,EVIDENCES,FIRE_119_RECORD
AE_FIRE_PT_00546,RP_TRAFFIC_01,EVIDENCES,FIRE_119_RECORD
AE_FIRE_PT_00547,RP_SLIP_TERRAIN,EVIDENCES,FIRE_119_RECORD
AE_FIRE_PT_00548,RP_SLIP_TERRAIN,EVIDENCES,FIRE_119_RECORD
AE_FIRE_PT_00549,RP_TRAFFIC_01,EVIDENCES,FIRE_119_RECORD
AE_FIRE_PT_00550,RP_TRAFFIC_01,EVIDENCES,FIRE_119_RECORD
AE_FIRE_PT_00551,RP_MACHINE_01,EVIDENCES,FIRE_119_RECORD
AE_FIRE_PT_00552,RP_SLIP_TERRAIN,EVIDENCES,FIRE_119_RECORD
AE_FIRE_PT_00553,RP_TRAFFIC_01,EVIDENCES,FIRE_119_RECORD
AE_FIRE_PT_00554,RP_TRAFFIC_01,EVIDENCES,FIRE_119_RECORD
AE_FIRE_PT_00555,RP_TRAFFIC_01,EVIDENCES,FIRE_119_RECORD
AE_FIRE_PT_00556,RP_TRAFFIC_01,EVIDENCES,FIRE_119_RECORD
AE_FIRE_PT_00557,RP_TRAFFIC_01,EVIDENCES,FIRE_119_RECORD
AE_FIRE_PT_00558,RP_TRAFFIC_01,EVIDENCES,FIRE_119_RECORD
AE_FIRE_PT_00559,RP_TRAFFIC_01,EVIDENCES,FIRE_119_RECORD
AE_FIRE_PT_00560,RP_TRAFFIC_01,EVIDENCES,FIRE_119_RECORD
AE_FIRE_PT_00561,RP_TRAFFIC_01,EVIDENCES,FIRE_119_RECORD
AE_FIRE_PT_00562,RP_SLIP_TERRAIN,EVIDENCES,FIRE_119_RECORD
AE_FIRE_PT_00563,RP_SLIP_TERRAIN,EVIDENCES,FIRE_119_RECORD
AE_FIRE_PT_00564,RP_TRAFFIC_01,EVIDENCES,FIRE_119_RECORD
AE_FIRE_PT_00565,RP_TRAFFIC_01,EVIDENCES,FIRE_119_RECORD
AE_FIRE_PT_00566,RP_SLIP_TERRAIN,EVIDENCES,FIRE_119_RECORD
AE_FIRE_PT_00567,RP_ANIMAL_01,EVIDENCES,FIRE_119_RECORD
AE_FIRE_PT_00568,RP_MACHINE_01,EVIDENCES,FIRE_119_RECORD
AE_FIRE_PT_00569,RP_TRAFFIC_01,EVIDENCES,FIRE_119_RECORD
AE_FIRE_PT_00570,RP_TRAFFIC_01,EVIDENCES,FIRE_119_RECORD
AE_FIRE_PT_00571,RP_TRAFFIC_01,EVIDENCES,FIRE_119_RECORD
AE_FIRE_PT_00572,RP_FALL_CLIFF,EVIDENCES,FIRE_119_RECORD
AE_FIRE_PT_00573,RP_DROWN_01,EVIDENCES,FIRE_119_RECORD
AE_FIRE_PT_00574,RP_TRAFFIC_01,EVIDENCES,FIRE_119_RECORD
AE_FIRE_PT_00575,RP_TRAFFIC_01,EVIDENCES,FIRE_119_RECORD
AE_FIRE_PT_00576,RP_TRAFFIC_01,EVIDENCES,FIRE_119_RECORD
AE_FIRE_PT_00577,RP_MACHINE_01,EVIDENCES,FIRE_119_RECORD
AE_FIRE_PT_00578,RP_SLIP_TERRAIN,EVIDENCES,FIRE_119_RECORD
AE_FIRE_PT_00579,RP_MACHINE_01,EVIDENCES,FIRE_119_RECORD
AE_FIRE_PT_00580,RP_MACHINE_01,EVIDENCES,FIRE_119_RECORD
AE_FIRE_PT_00581,RP_MACHINE_01,EVIDENCES,FIRE_119_RECORD
AE_FIRE_PT_00582,RP_SLIP_TERRAIN,EVIDENCES,FIRE_119_RECORD
AE_FIRE_PT_00583,RP_TRAFFIC_01,EVIDENCES,FIRE_119_RECORD
AE_FIRE_PT_00584,RP_SLIP_TERRAIN,EVIDENCES,FIRE_119_RECORD
AE_FIRE_PT_00585,RP_MACHINE_01,EVIDENCES,FIRE_119_RECORD
AE_FIRE_PT_00586,RP_TRAFFIC_01,EVIDENCES,FIRE_119_RECORD
AE_FIRE_PT_00587,RP_SLIP_TERRAIN,EVIDENCES,FIRE_119_RECORD
AE_FIRE_PT_00588,RP_TRAFFIC_01,EVIDENCES,FIRE_119_RECORD
AE_FIRE_PT_00589,RP_TRAFFIC_01,EVIDENCES,FIRE_119_RECORD
AE_FIRE_PT_00590,RP_SLIP_TERRAIN,EVIDENCES,FIRE_119_RECORD
AE_FIRE_PT_00591,RP_SLIP_TERRAIN,EVIDENCES,FIRE_119_RECORD
AE_FIRE_PT_00592,RP_FALL_CLIFF,EVIDENCES,FIRE_119_RECORD
AE_FIRE_PT_00593,RP_TRAFFIC_01,EVIDENCES,FIRE_119_RECORD
AE_FIRE_PT_00594,RP_TRAFFIC_01,EVIDENCES,FIRE_119_RECORD
AE_FIRE_PT_00595,RP_TRAFFIC_01,EVIDENCES,FIRE_119_RECORD
AE_FIRE_PT_00596,RP_DROWN_01,EVIDENCES,FIRE_119_RECORD
AE_FIRE_PT_00597,RP_MACHINE_01,EVIDENCES,FIRE_119_RECORD
AE_FIRE_PT_00598,RP_TRAFFIC_01,EVIDENCES,FIRE_119_RECORD
AE_FIRE_PT_00599,RP_TRAFFIC_01,EVIDENCES,FIRE_119_RECORD
AE_FIRE_PT_00600,RP_TRAFFIC_01,EVIDENCES,FIRE_119_RECORD
AE_FIRE_PT_00601,RP_TRAFFIC_01,EVIDENCES,FIRE_119_RECORD
AE_FIRE_PT_00602,RP_MACHINE_01,EVIDENCES,FIRE_119_RECORD
AE_FIRE_PT_00603,RP_MACHINE_01,EVIDENCES,FIRE_119_RECORD
AE_FIRE_PT_00604,RP_TRAFFIC_01,EVIDENCES,FIRE_119_RECORD
AE_FIRE_PT_00605,RP_TRAFFIC_01,EVIDENCES,FIRE_119_RECORD
AE_FIRE_PT_00606,RP_TRAFFIC_01,EVIDENCES,FIRE_119_RECORD
AE_FIRE_PT_00607,RP_MACHINE_01,EVIDENCES,FIRE_119_RECORD
AE_FIRE_PT_00608,RP_SLIP_TERRAIN,EVIDENCES,FIRE_119_RECORD
AE_FIRE_PT_00609,RP_TRAFFIC_01,EVIDENCES,FIRE_119_RECORD
AE_FIRE_PT_00610,RP_SLIP_TERRAIN,EVIDENCES,FIRE_119_RECORD
AE_FIRE_PT_00611,RP_TRAFFIC_01,EVIDENCES,FIRE_119_RECORD
AE_FIRE_PT_00612,RP_TRAFFIC_01,EVIDENCES,FIRE_119_RECORD
AE_FIRE_PT_00613,RP_TRAFFIC_01,EVIDENCES,FIRE_119_RECORD
AE_FIRE_PT_00614,RP_TRAFFIC_01,EVIDENCES,FIRE_119_RECORD
AE_FIRE_PT_00615,RP_SLIP_TERRAIN,EVIDENCES,FIRE_119_RECORD
AE_FIRE_PT_00616,RP_MACHINE_01,EVIDENCES,FIRE_119_RECORD
AE_FIRE_PT_00617,RP_DROWN_01,EVIDENCES,FIRE_119_RECORD
AE_FIRE_PT_00618,RP_SLIP_TERRAIN,EVIDENCES,FIRE_119_RECORD
AE_FIRE_PT_00619,RP_SLIP_TERRAIN,EVIDENCES,FIRE_119_RECORD
AE_FIRE_PT_00620,RP_TRAFFIC_01,EVIDENCES,FIRE_119_RECORD
AE_FIRE_PT_00621,RP_SLIP_TERRAIN,EVIDENCES,FIRE_119_RECORD
AE_FIRE_PT_00622,RP_MACHINE_01,EVIDENCES,FIRE_119_RECORD
AE_FIRE_PT_00623,RP_TRAFFIC_01,EVIDENCES,FIRE_119_RECORD
AE_FIRE_PT_00624,RP_TRAFFIC_01,EVIDENCES,FIRE_119_RECORD
AE_FIRE_PT_00625,RP_TRAFFIC_01,EVIDENCES,FIRE_119_RECORD
AE_FIRE_PT_00626,RP_TRAFFIC_01,EVIDENCES,FIRE_119_RECORD
AE_FIRE_PT_00627,RP_TRAFFIC_01,EVIDENCES,FIRE_119_RECORD
AE_FIRE_PT_00628,RP_TRAFFIC_01,EVIDENCES,FIRE_119_RECORD
AE_FIRE_PT_00629,RP_SLIP_TERRAIN,EVIDENCES,FIRE_119_RECORD
AE_FIRE_PT_00630,RP_MACHINE_01,EVIDENCES,FIRE_119_RECORD
AE_FIRE_PT_00631,RP_SLIP_TERRAIN,EVIDENCES,FIRE_119_RECORD
AE_FIRE_PT_00632,RP_TRAFFIC_01,EVIDENCES,FIRE_119_RECORD
AE_FIRE_PT_00633,RP_TRAFFIC_01,EVIDENCES,FIRE_119_RECORD
AE_FIRE_PT_00634,RP_TRAFFIC_01,EVIDENCES,FIRE_119_RECORD
AE_FIRE_PT_00635,RP_TRAFFIC_01,EVIDENCES,FIRE_119_RECORD
AE_FIRE_PT_00636,RP_TRAFFIC_01,EVIDENCES,FIRE_119_RECORD
AE_FIRE_PT_00637,RP_SLIP_TERRAIN,EVIDENCES,FIRE_119_RECORD
AE_FIRE_PT_00638,RP_MACHINE_01,EVIDENCES,FIRE_119_RECORD
AE_FIRE_PT_00639,RP_MACHINE_01,EVIDENCES,FIRE_119_RECORD
AE_FIRE_PT_00640,RP_TRAFFIC_01,EVIDENCES,FIRE_119_RECORD
AE_FIRE_PT_00641,RP_SLIP_TERRAIN,EVIDENCES,FIRE_119_RECORD
AE_FIRE_PT_00642,RP_SLIP_TERRAIN,EVIDENCES,FIRE_119_RECORD
AE_FIRE_PT_00643,RP_TRAFFIC_01,EVIDENCES,FIRE_119_RECORD
AE_FIRE_PT_00644,RP_TRAFFIC_01,EVIDENCES,FIRE_119_RECORD
AE_FIRE_PT_00645,RP_SLIP_TERRAIN,EVIDENCES,FIRE_119_RECORD
AE_FIRE_PT_00646,RP_SLIP_TERRAIN,EVIDENCES,FIRE_119_RECORD
AE_FIRE_PT_00647,RP_TRAFFIC_01,EVIDENCES,FIRE_119_RECORD
AE_FIRE_PT_00648,RP_TRAFFIC_01,EVIDENCES,FIRE_119_RECORD
AE_FIRE_PT_00649,RP_SLIP_TERRAIN,EVIDENCES,FIRE_119_RECORD
AE_FIRE_PT_00650,RP_TRAFFIC_01,EVIDENCES,FIRE_119_RECORD
AE_FIRE_PT_00651,RP_MACHINE_01,EVIDENCES,FIRE_119_RECORD
AE_FIRE_PT_00652,RP_SLIP_TERRAIN,EVIDENCES,FIRE_119_RECORD
AE_FIRE_PT_00653,RP_TRAFFIC_01,EVIDENCES,FIRE_119_RECORD
AE_FIRE_PT_00654,RP_TRAFFIC_01,EVIDENCES,FIRE_119_RECORD
AE_FIRE_PT_00655,RP_TRAFFIC_01,EVIDENCES,FIRE_119_RECORD
AE_FIRE_PT_00656,RP_TRAFFIC_01,EVIDENCES,FIRE_119_RECORD
AE_FIRE_PT_00657,RP_TRAFFIC_01,EVIDENCES,FIRE_119_RECORD
AE_FIRE_PT_00658,RP_TRAFFIC_01,EVIDENCES,FIRE_119_RECORD
AE_FIRE_PT_00659,RP_FALL_CLIFF,EVIDENCES,FIRE_119_RECORD
AE_FIRE_PT_00660,RP_SLIP_TERRAIN,EVIDENCES,FIRE_119_RECORD
AE_FIRE_PT_00661,RP_TRAFFIC_01,EVIDENCES,FIRE_119_RECORD
AE_FIRE_PT_00662,RP_MACHINE_01,EVIDENCES,FIRE_119_RECORD
AE_FIRE_PT_00663,RP_MACHINE_01,EVIDENCES,FIRE_119_RECORD
AE_FIRE_PT_00664,RP_TRAFFIC_01,EVIDENCES,FIRE_119_RECORD
AE_FIRE_PT_00665,RP_SLIP_TERRAIN,EVIDENCES,FIRE_119_RECORD
AE_FIRE_PT_00666,RP_SLIP_TERRAIN,EVIDENCES,FIRE_119_RECORD
AE_FIRE_PT_00667,RP_MACHINE_01,EVIDENCES,FIRE_119_RECORD
AE_FIRE_PT_00668,RP_MACHINE_01,EVIDENCES,FIRE_119_RECORD
AE_FIRE_PT_00669,RP_SLIP_TERRAIN,EVIDENCES,FIRE_119_RECORD
AE_FIRE_PT_00670,RP_SLIP_TERRAIN,EVIDENCES,FIRE_119_RECORD
AE_FIRE_PT_00671,RP_SLIP_TERRAIN,EVIDENCES,FIRE_119_RECORD
AE_FIRE_PT_00672,RP_MACHINE_01,EVIDENCES,FIRE_119_RECORD
AE_FIRE_PT_00673,RP_TRAFFIC_01,EVIDENCES,FIRE_119_RECORD
AE_FIRE_PT_00674,RP_SLIP_TERRAIN,EVIDENCES,FIRE_119_RECORD
AE_FIRE_PT_00675,RP_TRAFFIC_01,EVIDENCES,FIRE_119_RECORD
AE_FIRE_PT_00676,RP_TRAFFIC_01,EVIDENCES,FIRE_119_RECORD
AE_FIRE_PT_00677,RP_FALL_CLIFF,EVIDENCES,FIRE_119_RECORD
AE_FIRE_PT_00678,RP_SLIP_TERRAIN,EVIDENCES,FIRE_119_RECORD
AE_FIRE_PT_00679,RP_MACHINE_01,EVIDENCES,FIRE_119_RECORD
AE_FIRE_PT_00680,RP_MACHINE_01,EVIDENCES,FIRE_119_RECORD
AE_FIRE_PT_00681,RP_SLIP_TERRAIN,EVIDENCES,FIRE_119_RECORD
AE_FIRE_PT_00682,RP_TRAFFIC_01,EVIDENCES,FIRE_119_RECORD
AE_FIRE_PT_00683,RP_SLIP_TERRAIN,EVIDENCES,FIRE_119_RECORD
AE_FIRE_PT_00684,RP_SLIP_TERRAIN,EVIDENCES,FIRE_119_RECORD
AE_FIRE_PT_00685,RP_TRAFFIC_01,EVIDENCES,FIRE_119_RECORD
AE_FIRE_PT_00686,RP_SLIP_TERRAIN,EVIDENCES,FIRE_119_RECORD
AE_FIRE_PT_00687,RP_TRAFFIC_01,EVIDENCES,FIRE_119_RECORD
AE_FIRE_PT_00688,RP_MACHINE_01,EVIDENCES,FIRE_119_RECORD
AE_FIRE_PT_00689,RP_SLIP_TERRAIN,EVIDENCES,FIRE_119_RECORD
AE_FIRE_PT_00690,RP_TRAFFIC_01,EVIDENCES,FIRE_119_RECORD
AE_FIRE_PT_00691,RP_TRAFFIC_01,EVIDENCES,FIRE_119_RECORD
AE_FIRE_PT_00692,RP_MACHINE_01,EVIDENCES,FIRE_119_RECORD
AE_FIRE_PT_00693,RP_TRAFFIC_01,EVIDENCES,FIRE_119_RECORD
AE_FIRE_PT_00694,RP_TRAFFIC_01,EVIDENCES,FIRE_119_RECORD
AE_FIRE_PT_00695,RP_SLIP_TERRAIN,EVIDENCES,FIRE_119_RECORD
AE_FIRE_PT_00696,RP_TRAFFIC_01,EVIDENCES,FIRE_119_RECORD
AE_FIRE_PT_00697,RP_TRAFFIC_01,EVIDENCES,FIRE_119_RECORD
AE_FIRE_PT_00698,RP_TRAFFIC_01,EVIDENCES,FIRE_119_RECORD
AE_FIRE_PT_00699,RP_TRAFFIC_01,EVIDENCES,FIRE_119_RECORD
AE_FIRE_PT_00700,RP_TRAFFIC_01,EVIDENCES,FIRE_119_RECORD
AE_FIRE_PT_00701,RP_TRAFFIC_01,EVIDENCES,FIRE_119_RECORD
AE_FIRE_PT_00702,RP_TRAFFIC_01,EVIDENCES,FIRE_119_RECORD
AE_FIRE_PT_00703,RP_TRAFFIC_01,EVIDENCES,FIRE_119_RECORD
AE_FIRE_PT_00704,RP_TRAFFIC_01,EVIDENCES,FIRE_119_RECORD
AE_FIRE_PT_00705,RP_ANIMAL_01,EVIDENCES,FIRE_119_RECORD
AE_FIRE_PT_00706,RP_TRAFFIC_01,EVIDENCES,FIRE_119_RECORD
AE_FIRE_PT_00707,RP_TRAFFIC_01,EVIDENCES,FIRE_119_RECORD
AE_FIRE_PT_00708,RP_TRAFFIC_01,EVIDENCES,FIRE_119_RECORD
AE_FIRE_PT_00709,RP_SLIP_TERRAIN,EVIDENCES,FIRE_119_RECORD
AE_FIRE_PT_00710,RP_TRAFFIC_01,EVIDENCES,FIRE_119_RECORD
AE_FIRE_PT_00711,RP_MACHINE_01,EVIDENCES,FIRE_119_RECORD
AE_FIRE_PT_00712,RP_SLIP_TERRAIN,EVIDENCES,FIRE_119_RECORD
AE_FIRE_PT_00713,RP_ANIMAL_01,EVIDENCES,FIRE_119_RECORD
AE_FIRE_PT_00714,RP_ANIMAL_01,EVIDENCES,FIRE_119_RECORD
AE_FIRE_PT_00715,RP_MACHINE_01,EVIDENCES,FIRE_119_RECORD
AE_FIRE_PT_00716,RP_TRAFFIC_01,EVIDENCES,FIRE_119_RECORD
AE_FIRE_PT_00717,RP_SLIP_TERRAIN,EVIDENCES,FIRE_119_RECORD
AE_FIRE_PT_00718,RP_TRAFFIC_01,EVIDENCES,FIRE_119_RECORD
AE_FIRE_PT_00719,RP_SLIP_TERRAIN,EVIDENCES,FIRE_119_RECORD
AE_FIRE_PT_00720,RP_SLIP_TERRAIN,EVIDENCES,FIRE_119_RECORD
AE_FIRE_PT_00721,RP_ANIMAL_01,EVIDENCES,FIRE_119_RECORD
AE_FIRE_PT_00722,RP_MACHINE_01,EVIDENCES,FIRE_119_RECORD
AE_FIRE_PT_00723,RP_SLIP_TERRAIN,EVIDENCES,FIRE_119_RECORD
AE_FIRE_PT_00724,RP_SLIP_TERRAIN,EVIDENCES,FIRE_119_RECORD
AE_FIRE_PT_00725,RP_MACHINE_01,EVIDENCES,FIRE_119_RECORD
AE_FIRE_PT_00726,RP_TRAFFIC_01,EVIDENCES,FIRE_119_RECORD
AE_FIRE_PT_00727,RP_SLIP_TERRAIN,EVIDENCES,FIRE_119_RECORD
AE_FIRE_PT_00728,RP_TRAFFIC_01,EVIDENCES,FIRE_119_RECORD
AE_FIRE_PT_00729,RP_TRAFFIC_01,EVIDENCES,FIRE_119_RECORD
AE_FIRE_PT_00730,RP_SLIP_TERRAIN,EVIDENCES,FIRE_119_RECORD
AE_FIRE_PT_00731,RP_TRAFFIC_01,EVIDENCES,FIRE_119_RECORD
AE_FIRE_PT_00732,RP_MACHINE_01,EVIDENCES,FIRE_119_RECORD
AE_FIRE_PT_00733,RP_SLIP_TERRAIN,EVIDENCES,FIRE_119_RECORD
AE_FIRE_PT_00734,RP_MACHINE_01,EVIDENCES,FIRE_119_RECORD
AE_FIRE_PT_00735,RP_SLIP_TERRAIN,EVIDENCES,FIRE_119_RECORD
AE_FIRE_PT_00736,RP_TRAFFIC_01,EVIDENCES,FIRE_119_RECORD
AE_FIRE_PT_00737,RP_TRAFFIC_01,EVIDENCES,FIRE_119_RECORD
AE_FIRE_PT_00738,RP_TRAFFIC_01,EVIDENCES,FIRE_119_RECORD
AE_FIRE_PT_00739,RP_TRAFFIC_01,EVIDENCES,FIRE_119_RECORD
AE_FIRE_PT_00740,RP_SLIP_TERRAIN,EVIDENCES,FIRE_119_RECORD
AE_FIRE_PT_00741,RP_SLIP_TERRAIN,EVIDENCES,FIRE_119_RECORD
AE_FIRE_PT_00742,RP_MACHINE_01,EVIDENCES,FIRE_119_RECORD
AE_FIRE_PT_00743,RP_SLIP_TERRAIN,EVIDENCES,FIRE_119_RECORD
AE_FIRE_PT_00744,RP_TRAFFIC_01,EVIDENCES,FIRE_119_RECORD
AE_FIRE_PT_00745,RP_TRAFFIC_01,EVIDENCES,FIRE_119_RECORD
AE_FIRE_PT_00746,RP_ANIMAL_01,EVIDENCES,FIRE_119_RECORD
AE_FIRE_PT_00747,RP_TRAFFIC_01,EVIDENCES,FIRE_119_RECORD
AE_FIRE_PT_00748,RP_TRAFFIC_01,EVIDENCES,FIRE_119_RECORD
AE_FIRE_PT_00749,RP_SLIP_TERRAIN,EVIDENCES,FIRE_119_RECORD
AE_FIRE_PT_00750,RP_TRAFFIC_01,EVIDENCES,FIRE_119_RECORD
AE_FIRE_PT_00751,RP_MACHINE_01,EVIDENCES,FIRE_119_RECORD
AE_FIRE_PT_00752,RP_TRAFFIC_01,EVIDENCES,FIRE_119_RECORD
AE_FIRE_PT_00753,RP_TRAFFIC_01,EVIDENCES,FIRE_119_RECORD
AE_FIRE_PT_00754,RP_TRAFFIC_01,EVIDENCES,FIRE_119_RECORD
AE_FIRE_PT_00755,RP_TRAFFIC_01,EVIDENCES,FIRE_119_RECORD
AE_FIRE_PT_00756,RP_MACHINE_01,EVIDENCES,FIRE_119_RECORD
AE_FIRE_PT_00757,RP_SLIP_TERRAIN,EVIDENCES,FIRE_119_RECORD
AE_FIRE_PT_00758,RP_MACHINE_01,EVIDENCES,FIRE_119_RECORD
AE_FIRE_PT_00759,RP_TRAFFIC_01,EVIDENCES,FIRE_119_RECORD
AE_FIRE_PT_00760,RP_TRAFFIC_01,EVIDENCES,FIRE_119_RECORD
AE_FIRE_PT_00761,RP_TRAFFIC_01,EVIDENCES,FIRE_119_RECORD
AE_FIRE_PT_00762,RP_MACHINE_01,EVIDENCES,FIRE_119_RECORD
AE_FIRE_PT_00763,RP_TRAFFIC_01,EVIDENCES,FIRE_119_RECORD
AE_FIRE_PT_00764,RP_SLIP_TERRAIN,EVIDENCES,FIRE_119_RECORD
AE_FIRE_PT_00765,RP_TRAFFIC_01,EVIDENCES,FIRE_119_RECORD
AE_FIRE_PT_00766,RP_MACHINE_01,EVIDENCES,FIRE_119_RECORD
AE_FIRE_PT_00767,RP_TRAFFIC_01,EVIDENCES,FIRE_119_RECORD
AE_FIRE_PT_00768,RP_TRAFFIC_01,EVIDENCES,FIRE_119_RECORD
AE_FIRE_PT_00769,RP_MACHINE_01,EVIDENCES,FIRE_119_RECORD
AE_FIRE_PT_00770,RP_TRAFFIC_01,EVIDENCES,FIRE_119_RECORD
AE_FIRE_PT_00771,RP_TRAFFIC_01,EVIDENCES,FIRE_119_RECORD
AE_FIRE_PT_00772,RP_TRAFFIC_01,EVIDENCES,FIRE_119_RECORD
AE_FIRE_PT_00773,RP_ANIMAL_01,EVIDENCES,FIRE_119_RECORD
AE_FIRE_PT_00774,RP_SLIP_TERRAIN,EVIDENCES,FIRE_119_RECORD
AE_FIRE_PT_00775,RP_SLIP_TERRAIN,EVIDENCES,FIRE_119_RECORD
AE_FIRE_PT_00776,RP_TRAFFIC_01,EVIDENCES,FIRE_119_RECORD
AE_FIRE_PT_00777,RP_TRAFFIC_01,EVIDENCES,FIRE_119_RECORD
AE_FIRE_PT_00778,RP_ANIMAL_01,EVIDENCES,FIRE_119_RECORD
AE_FIRE_PT_00779,RP_SLIP_TERRAIN,EVIDENCES,FIRE_119_RECORD
AE_FIRE_PT_00780,RP_MACHINE_01,EVIDENCES,FIRE_119_RECORD
AE_FIRE_PT_00781,RP_MACHINE_01,EVIDENCES,FIRE_119_RECORD
AE_FIRE_PT_00782,RP_TRAFFIC_01,EVIDENCES,FIRE_119_RECORD
AE_FIRE_PT_00783,RP_MACHINE_01,EVIDENCES,FIRE_119_RECORD
AE_FIRE_PT_00784,RP_SLIP_TERRAIN,EVIDENCES,FIRE_119_RECORD
AE_FIRE_PT_00785,RP_TRAFFIC_01,EVIDENCES,FIRE_119_RECORD
AE_FIRE_PT_00786,RP_MACHINE_01,EVIDENCES,FIRE_119_RECORD
AE_FIRE_PT_00787,RP_TRAFFIC_01,EVIDENCES,FIRE_119_RECORD
AE_FIRE_PT_00788,RP_MACHINE_01,EVIDENCES,FIRE_119_RECORD
AE_FIRE_PT_00789,RP_TRAFFIC_01,EVIDENCES,FIRE_119_RECORD
AE_FIRE_PT_00790,RP_TRAFFIC_01,EVIDENCES,FIRE_119_RECORD
AE_FIRE_PT_00791,RP_SLIP_TERRAIN,EVIDENCES,FIRE_119_RECORD
AE_FIRE_PT_00792,RP_MACHINE_01,EVIDENCES,FIRE_119_RECORD
AE_FIRE_PT_00793,RP_TRAFFIC_01,EVIDENCES,FIRE_119_RECORD
AE_FIRE_PT_00794,RP_TRAFFIC_01,EVIDENCES,FIRE_119_RECORD
AE_FIRE_PT_00795,RP_TRAFFIC_01,EVIDENCES,FIRE_119_RECORD
AE_FIRE_PT_00796,RP_TRAFFIC_01,EVIDENCES,FIRE_119_RECORD
AE_FIRE_PT_00797,RP_TRAFFIC_01,EVIDENCES,FIRE_119_RECORD
AE_FIRE_PT_00798,RP_TRAFFIC_01,EVIDENCES,FIRE_119_RECORD
AE_FIRE_PT_00799,RP_TRAFFIC_01,EVIDENCES,FIRE_119_RECORD
AE_FIRE_PT_00800,RP_TRAFFIC_01,EVIDENCES,FIRE_119_RECORD
AE_FIRE_PT_00801,RP_TRAFFIC_01,EVIDENCES,FIRE_119_RECORD
AE_FIRE_PT_00802,RP_SLIP_TERRAIN,EVIDENCES,FIRE_119_RECORD
AE_FIRE_PT_00803,RP_TRAFFIC_01,EVIDENCES,FIRE_119_RECORD
AE_FIRE_PT_00804,RP_SLIP_TERRAIN,EVIDENCES,FIRE_119_RECORD
AE_FIRE_PT_00805,RP_TRAFFIC_01,EVIDENCES,FIRE_119_RECORD
AE_FIRE_PT_00806,RP_TRAFFIC_01,EVIDENCES,FIRE_119_RECORD
AE_FIRE_PT_00807,RP_SLIP_TERRAIN,EVIDENCES,FIRE_119_RECORD
AE_FIRE_PT_00808,RP_MACHINE_01,EVIDENCES,FIRE_119_RECORD
AE_FIRE_PT_00809,RP_MACHINE_01,EVIDENCES,FIRE_119_RECORD
AE_FIRE_PT_00810,RP_ANIMAL_01,EVIDENCES,FIRE_119_RECORD
AE_FIRE_PT_00811,RP_MACHINE_01,EVIDENCES,FIRE_119_RECORD
AE_FIRE_PT_00812,RP_TRAFFIC_01,EVIDENCES,FIRE_119_RECORD
AE_FIRE_PT_00813,RP_TRAFFIC_01,EVIDENCES,FIRE_119_RECORD
AE_FIRE_PT_00814,RP_SLIP_TERRAIN,EVIDENCES,FIRE_119_RECORD
AE_FIRE_PT_00815,RP_SLIP_TERRAIN,EVIDENCES,FIRE_119_RECORD
AE_FIRE_PT_00816,RP_TRAFFIC_01,EVIDENCES,FIRE_119_RECORD
AE_FIRE_PT_00817,RP_TRAFFIC_01,EVIDENCES,FIRE_119_RECORD
AE_FIRE_PT_00818,RP_TRAFFIC_01,EVIDENCES,FIRE_119_RECORD
AE_FIRE_PT_00819,RP_SLIP_TERRAIN,EVIDENCES,FIRE_119_RECORD
AE_FIRE_PT_00820,RP_TRAFFIC_01,EVIDENCES,FIRE_119_RECORD
AE_FIRE_PT_00821,RP_TRAFFIC_01,EVIDENCES,FIRE_119_RECORD
AE_FIRE_PT_00822,RP_TRAFFIC_01,EVIDENCES,FIRE_119_RECORD
AE_FIRE_PT_00823,RP_SLIP_TERRAIN,EVIDENCES,FIRE_119_RECORD
AE_FIRE_PT_00824,RP_MACHINE_01,EVIDENCES,FIRE_119_RECORD
AE_FIRE_PT_00825,RP_TRAFFIC_01,EVIDENCES,FIRE_119_RECORD
AE_FIRE_PT_00826,RP_TRAFFIC_01,EVIDENCES,FIRE_119_RECORD
AE_FIRE_PT_00827,RP_MACHINE_01,EVIDENCES,FIRE_119_RECORD
AE_FIRE_PT_00828,RP_MACHINE_01,EVIDENCES,FIRE_119_RECORD
AE_FIRE_PT_00829,RP_MACHINE_01,EVIDENCES,FIRE_119_RECORD
AE_FIRE_PT_00830,RP_MACHINE_01,EVIDENCES,FIRE_119_RECORD
AE_FIRE_PT_00831,RP_MACHINE_01,EVIDENCES,FIRE_119_RECORD
AE_FIRE_PT_00832,RP_TRAFFIC_01,EVIDENCES,FIRE_119_RECORD
AE_FIRE_PT_00833,RP_ANIMAL_01,EVIDENCES,FIRE_119_RECORD
AE_FIRE_PT_00834,RP_TRAFFIC_01,EVIDENCES,FIRE_119_RECORD
AE_FIRE_PT_00835,RP_TRAFFIC_01,EVIDENCES,FIRE_119_RECORD
AE_FIRE_PT_00836,RP_SLIP_TERRAIN,EVIDENCES,FIRE_119_RECORD
AE_FIRE_PT_00837,RP_SLIP_TERRAIN,EVIDENCES,FIRE_119_RECORD
AE_FIRE_PT_00838,RP_ANIMAL_01,EVIDENCES,FIRE_119_RECORD
AE_FIRE_PT_00839,RP_MACHINE_01,EVIDENCES,FIRE_119_RECORD
AE_FIRE_PT_00840,RP_TRAFFIC_01,EVIDENCES,FIRE_119_RECORD
AE_FIRE_PT_00841,RP_MACHINE_01,EVIDENCES,FIRE_119_RECORD
AE_FIRE_PT_00842,RP_SLIP_TERRAIN,EVIDENCES,FIRE_119_RECORD
AE_FIRE_PT_00843,RP_TRAFFIC_01,EVIDENCES,FIRE_119_RECORD
AE_FIRE_PT_00844,RP_SLIP_TERRAIN,EVIDENCES,FIRE_119_RECORD
AE_FIRE_PT_00845,RP_TRAFFIC_01,EVIDENCES,FIRE_119_RECORD
AE_FIRE_PT_00846,RP_ANIMAL_01,EVIDENCES,FIRE_119_RECORD
AE_FIRE_PT_00847,RP_DROWN_01,EVIDENCES,FIRE_119_RECORD
AE_FIRE_PT_00848,RP_MACHINE_01,EVIDENCES,FIRE_119_RECORD
AE_FIRE_PT_00849,RP_MACHINE_01,EVIDENCES,FIRE_119_RECORD
AE_FIRE_PT_00850,RP_CO_01,EVIDENCES,FIRE_119_RECORD
AE_FIRE_PT_00851,RP_MACHINE_01,EVIDENCES,FIRE_119_RECORD
AE_FIRE_PT_00852,RP_SLIP_TERRAIN,EVIDENCES,FIRE_119_RECORD
AE_FIRE_PT_00853,RP_TRAFFIC_01,EVIDENCES,FIRE_119_RECORD
AE_FIRE_PT_00854,RP_TRAFFIC_01,EVIDENCES,FIRE_119_RECORD
AE_FIRE_PT_00855,RP_SLIP_TERRAIN,EVIDENCES,FIRE_119_RECORD
AE_FIRE_PT_00856,RP_TRAFFIC_01,EVIDENCES,FIRE_119_RECORD
AE_FIRE_PT_00857,RP_TRAFFIC_01,EVIDENCES,FIRE_119_RECORD
AE_FIRE_PT_00858,RP_TRAFFIC_01,EVIDENCES,FIRE_119_RECORD
AE_FIRE_PT_00859,RP_TRAFFIC_01,EVIDENCES,FIRE_119_RECORD
AE_FIRE_PT_00860,RP_TRAFFIC_01,EVIDENCES,FIRE_119_RECORD
AE_FIRE_PT_00861,RP_TRAFFIC_01,EVIDENCES,FIRE_119_RECORD
AE_FIRE_PT_00862,RP_TRAFFIC_01,EVIDENCES,FIRE_119_RECORD
AE_FIRE_PT_00863,RP_ANIMAL_01,EVIDENCES,FIRE_119_RECORD
AE_FIRE_PT_00864,RP_TRAFFIC_01,EVIDENCES,FIRE_119_RECORD
AE_FIRE_PT_00865,RP_MACHINE_01,EVIDENCES,FIRE_119_RECORD
AE_FIRE_PT_00866,RP_SLIP_TERRAIN,EVIDENCES,FIRE_119_RECORD
AE_FIRE_PT_00867,RP_SLIP_TERRAIN,EVIDENCES,FIRE_119_RECORD
AE_FIRE_PT_00868,RP_MACHINE_01,EVIDENCES,FIRE_119_RECORD
AE_FIRE_PT_00869,RP_TRAFFIC_01,EVIDENCES,FIRE_119_RECORD
AE_FIRE_PT_00870,RP_FALL_CLIFF,EVIDENCES,FIRE_119_RECORD
AE_FIRE_PT_00871,RP_ANIMAL_01,EVIDENCES,FIRE_119_RECORD
AE_FIRE_PT_00872,RP_TRAFFIC_01,EVIDENCES,FIRE_119_RECORD
AE_FIRE_PT_00873,RP_TRAFFIC_01,EVIDENCES,FIRE_119_RECORD
AE_FIRE_PT_00874,RP_TRAFFIC_01,EVIDENCES,FIRE_119_RECORD
AE_FIRE_PT_00875,RP_TRAFFIC_01,EVIDENCES,FIRE_119_RECORD
AE_FIRE_PT_00876,RP_TRAFFIC_01,EVIDENCES,FIRE_119_RECORD
AE_FIRE_PT_00877,RP_SLIP_TERRAIN,EVIDENCES,FIRE_119_RECORD
AE_FIRE_PT_00878,RP_TRAFFIC_01,EVIDENCES,FIRE_119_RECORD
AE_FIRE_PT_00879,RP_SLIP_TERRAIN,EVIDENCES,FIRE_119_RECORD
AE_FIRE_PT_00880,RP_MACHINE_01,EVIDENCES,FIRE_119_RECORD
AE_FIRE_PT_00881,RP_DROWN_01,EVIDENCES,FIRE_119_RECORD
AE_FIRE_PT_00882,RP_ANIMAL_01,EVIDENCES,FIRE_119_RECORD
AE_FIRE_PT_00883,RP_MACHINE_01,EVIDENCES,FIRE_119_RECORD
AE_FIRE_PT_00884,RP_TRAFFIC_01,EVIDENCES,FIRE_119_RECORD
AE_FIRE_PT_00885,RP_SLIP_TERRAIN,EVIDENCES,FIRE_119_RECORD
AE_FIRE_PT_00886,RP_ANIMAL_01,EVIDENCES,FIRE_119_RECORD
AE_FIRE_PT_00887,RP_TRAFFIC_01,EVIDENCES,FIRE_119_RECORD
AE_FIRE_PT_00888,RP_MACHINE_01,EVIDENCES,FIRE_119_RECORD
AE_FIRE_PT_00889,RP_TRAFFIC_01,EVIDENCES,FIRE_119_RECORD
AE_FIRE_PT_00890,RP_MACHINE_01,EVIDENCES,FIRE_119_RECORD
AE_FIRE_PT_00891,RP_TRAFFIC_01,EVIDENCES,FIRE_119_RECORD
AE_FIRE_PT_00892,RP_TRAFFIC_01,EVIDENCES,FIRE_119_RECORD
AE_FIRE_PT_00893,RP_FALL_CLIFF,EVIDENCES,FIRE_119_RECORD
AE_FIRE_PT_00894,RP_MACHINE_01,EVIDENCES,FIRE_119_RECORD
AE_FIRE_PT_00895,RP_FALL_CLIFF,EVIDENCES,FIRE_119_RECORD
AE_FIRE_PT_00896,RP_TRAFFIC_01,EVIDENCES,FIRE_119_RECORD
AE_FIRE_PT_00897,RP_MACHINE_01,EVIDENCES,FIRE_119_RECORD
AE_FIRE_PT_00898,RP_SLIP_TERRAIN,EVIDENCES,FIRE_119_RECORD
AE_FIRE_PT_00899,RP_TRAFFIC_01,EVIDENCES,FIRE_119_RECORD
AE_FIRE_PT_00900,RP_SLIP_TERRAIN,EVIDENCES,FIRE_119_RECORD
AE_FIRE_PT_00901,RP_MACHINE_01,EVIDENCES,FIRE_119_RECORD
AE_FIRE_PT_00902,RP_HEAT_02,EVIDENCES,FIRE_119_RECORD
AE_FIRE_PT_00903,RP_TRAFFIC_01,EVIDENCES,FIRE_119_RECORD
AE_FIRE_PT_00904,RP_SLIP_TERRAIN,EVIDENCES,FIRE_119_RECORD
AE_FIRE_PT_00905,RP_SLIP_TERRAIN,EVIDENCES,FIRE_119_RECORD
AE_FIRE_PT_00906,RP_TRAFFIC_01,EVIDENCES,FIRE_119_RECORD
AE_FIRE_PT_00907,RP_DROWN_01,EVIDENCES,FIRE_119_RECORD
AE_FIRE_PT_00908,RP_SLIP_TERRAIN,EVIDENCES,FIRE_119_RECORD
AE_FIRE_PT_00909,RP_SLIP_TERRAIN,EVIDENCES,FIRE_119_RECORD
AE_FIRE_PT_00910,RP_SLIP_TERRAIN,EVIDENCES,FIRE_119_RECORD
AE_FIRE_PT_00911,RP_ANIMAL_01,EVIDENCES,FIRE_119_RECORD
AE_FIRE_PT_00912,RP_TRAFFIC_01,EVIDENCES,FIRE_119_RECORD
AE_FIRE_PT_00913,RP_TRAFFIC_01,EVIDENCES,FIRE_119_RECORD
AE_FIRE_PT_00914,RP_FALL_CLIFF,EVIDENCES,FIRE_119_RECORD
AE_FIRE_PT_00915,RP_TRAFFIC_01,EVIDENCES,FIRE_119_RECORD
AE_FIRE_PT_00916,RP_TRAFFIC_01,EVIDENCES,FIRE_119_RECORD
AE_FIRE_PT_00917,RP_SLIP_TERRAIN,EVIDENCES,FIRE_119_RECORD
AE_FIRE_PT_00918,RP_TRAFFIC_01,EVIDENCES,FIRE_119_RECORD
AE_FIRE_PT_00919,RP_HEAT_02,EVIDENCES,FIRE_119_RECORD
AE_FIRE_PT_00920,RP_TRAFFIC_01,EVIDENCES,FIRE_119_RECORD
AE_FIRE_PT_00921,RP_TRAFFIC_01,EVIDENCES,FIRE_119_RECORD
AE_FIRE_PT_00922,RP_MACHINE_01,EVIDENCES,FIRE_119_RECORD
AE_FIRE_PT_00923,RP_TRAFFIC_01,EVIDENCES,FIRE_119_RECORD
AE_FIRE_PT_00924,RP_TRAFFIC_01,EVIDENCES,FIRE_119_RECORD
AE_FIRE_PT_00925,RP_FALL_CLIFF,EVIDENCES,FIRE_119_RECORD
AE_FIRE_PT_00926,RP_TRAFFIC_01,EVIDENCES,FIRE_119_RECORD
AE_FIRE_PT_00927,RP_SLIP_TERRAIN,EVIDENCES,FIRE_119_RECORD
AE_FIRE_PT_00928,RP_TRAFFIC_01,EVIDENCES,FIRE_119_RECORD
AE_FIRE_PT_00929,RP_TRAFFIC_01,EVIDENCES,FIRE_119_RECORD
AE_FIRE_PT_00930,RP_MACHINE_01,EVIDENCES,FIRE_119_RECORD
AE_FIRE_PT_00931,RP_HEAT_02,EVIDENCES,FIRE_119_RECORD
AE_FIRE_PT_00932,RP_TRAFFIC_01,EVIDENCES,FIRE_119_RECORD
AE_FIRE_PT_00933,RP_SLIP_TERRAIN,EVIDENCES,FIRE_119_RECORD
AE_FIRE_PT_00934,RP_TRAFFIC_01,EVIDENCES,FIRE_119_RECORD
AE_FIRE_PT_00935,RP_TRAFFIC_01,EVIDENCES,FIRE_119_RECORD
AE_FIRE_PT_00936,RP_TRAFFIC_01,EVIDENCES,FIRE_119_RECORD
AE_FIRE_PT_00937,RP_SLIP_TERRAIN,EVIDENCES,FIRE_119_RECORD
AE_FIRE_PT_00938,RP_TRAFFIC_01,EVIDENCES,FIRE_119_RECORD
AE_FIRE_PT_00939,RP_MACHINE_01,EVIDENCES,FIRE_119_RECORD
AE_FIRE_PT_00940,RP_SLIP_TERRAIN,EVIDENCES,FIRE_119_RECORD
AE_FIRE_PT_00941,RP_ANIMAL_01,EVIDENCES,FIRE_119_RECORD
AE_FIRE_PT_00942,RP_TRAFFIC_01,EVIDENCES,FIRE_119_RECORD
AE_FIRE_PT_00943,RP_MACHINE_01,EVIDENCES,FIRE_119_RECORD
AE_FIRE_PT_00944,RP_MACHINE_01,EVIDENCES,FIRE_119_RECORD
AE_FIRE_PT_00945,RP_SLIP_TERRAIN,EVIDENCES,FIRE_119_RECORD
AE_FIRE_PT_00946,RP_TRAFFIC_01,EVIDENCES,FIRE_119_RECORD
AE_FIRE_PT_00947,RP_SLIP_TERRAIN,EVIDENCES,FIRE_119_RECORD
AE_FIRE_PT_00948,RP_TRAFFIC_01,EVIDENCES,FIRE_119_RECORD
AE_FIRE_PT_00949,RP_TRAFFIC_01,EVIDENCES,FIRE_119_RECORD
AE_FIRE_PT_00950,RP_SLIP_TERRAIN,EVIDENCES,FIRE_119_RECORD
AE_FIRE_PT_00951,RP_TRAFFIC_01,EVIDENCES,FIRE_119_RECORD
AE_FIRE_PT_00952,RP_TRAFFIC_01,EVIDENCES,FIRE_119_RECORD
AE_FIRE_PT_00953,RP_TRAFFIC_01,EVIDENCES,FIRE_119_RECORD
AE_FIRE_PT_00954,RP_TRAFFIC_01,EVIDENCES,FIRE_119_RECORD
AE_FIRE_PT_00955,RP_TRAFFIC_01,EVIDENCES,FIRE_119_RECORD
AE_FIRE_PT_00956,RP_TRAFFIC_01,EVIDENCES,FIRE_119_RECORD
AE_FIRE_PT_00957,RP_SLIP_TERRAIN,EVIDENCES,FIRE_119_RECORD
AE_FIRE_PT_00958,RP_SLIP_TERRAIN,EVIDENCES,FIRE_119_RECORD
AE_FIRE_PT_00959,RP_SLIP_TERRAIN,EVIDENCES,FIRE_119_RECORD
AE_FIRE_PT_00960,RP_MACHINE_01,EVIDENCES,FIRE_119_RECORD
AE_FIRE_PT_00961,RP_TRAFFIC_01,EVIDENCES,FIRE_119_RECORD
AE_FIRE_PT_00962,RP_TRAFFIC_01,EVIDENCES,FIRE_119_RECORD
AE_FIRE_PT_00963,RP_FALL_CLIFF,EVIDENCES,FIRE_119_RECORD
AE_FIRE_PT_00964,RP_ANIMAL_01,EVIDENCES,FIRE_119_RECORD
AE_FIRE_PT_00965,RP_SLIP_TERRAIN,EVIDENCES,FIRE_119_RECORD
AE_FIRE_PT_00966,RP_TRAFFIC_01,EVIDENCES,FIRE_119_RECORD
AE_FIRE_PT_00967,RP_SLIP_TERRAIN,EVIDENCES,FIRE_119_RECORD
AE_FIRE_PT_00968,RP_SLIP_TERRAIN,EVIDENCES,FIRE_119_RECORD
AE_FIRE_PT_00969,RP_SLIP_TERRAIN,EVIDENCES,FIRE_119_RECORD
AE_FIRE_PT_00970,RP_TRAFFIC_01,EVIDENCES,FIRE_119_RECORD
AE_FIRE_PT_00971,RP_TRAFFIC_01,EVIDENCES,FIRE_119_RECORD
AE_FIRE_PT_00972,RP_TRAFFIC_01,EVIDENCES,FIRE_119_RECORD
AE_FIRE_PT_00973,RP_SLIP_TERRAIN,EVIDENCES,FIRE_119_RECORD
AE_FIRE_PT_00974,RP_TRAFFIC_01,EVIDENCES,FIRE_119_RECORD
AE_FIRE_PT_00975,RP_TRAFFIC_01,EVIDENCES,FIRE_119_RECORD
AE_FIRE_PT_00976,RP_SLIP_TERRAIN,EVIDENCES,FIRE_119_RECORD
AE_FIRE_PT_00977,RP_MACHINE_01,EVIDENCES,FIRE_119_RECORD
AE_FIRE_PT_00978,RP_TRAFFIC_01,EVIDENCES,FIRE_119_RECORD
AE_FIRE_PT_00979,RP_MACHINE_01,EVIDENCES,FIRE_119_RECORD
AE_FIRE_PT_00980,RP_SLIP_TERRAIN,EVIDENCES,FIRE_119_RECORD
AE_FIRE_PT_00981,RP_MACHINE_01,EVIDENCES,FIRE_119_RECORD
AE_FIRE_PT_00982,RP_MACHINE_01,EVIDENCES,FIRE_119_RECORD
AE_FIRE_PT_00983,RP_MACHINE_01,EVIDENCES,FIRE_119_RECORD
AE_FIRE_PT_00984,RP_SLIP_TERRAIN,EVIDENCES,FIRE_119_RECORD
AE_FIRE_PT_00985,RP_SLIP_TERRAIN,EVIDENCES,FIRE_119_RECORD
AE_FIRE_PT_00986,RP_TRAFFIC_01,EVIDENCES,FIRE_119_RECORD
AE_FIRE_PT_00987,RP_MACHINE_01,EVIDENCES,FIRE_119_RECORD
AE_FIRE_PT_00988,RP_MACHINE_01,EVIDENCES,FIRE_119_RECORD
AE_FIRE_PT_00989,RP_TRAFFIC_01,EVIDENCES,FIRE_119_RECORD
AE_FIRE_PT_00990,RP_TRAFFIC_01,EVIDENCES,FIRE_119_RECORD
AE_FIRE_PT_00991,RP_TRAFFIC_01,EVIDENCES,FIRE_119_RECORD
AE_FIRE_PT_00992,RP_TRAFFIC_01,EVIDENCES,FIRE_119_RECORD
AE_FIRE_PT_00993,RP_TRAFFIC_01,EVIDENCES,FIRE_119_RECORD
AE_FIRE_PT_00994,RP_ANIMAL_01,EVIDENCES,FIRE_119_RECORD
AE_FIRE_PT_00995,RP_SLIP_TERRAIN,EVIDENCES,FIRE_119_RECORD
AE_FIRE_PT_00996,RP_FALL_CLIFF,EVIDENCES,FIRE_119_RECORD
AE_FIRE_PT_00997,RP_SLIP_TERRAIN,EVIDENCES,FIRE_119_RECORD
AE_FIRE_PT_00998,RP_MACHINE_01,EVIDENCES,FIRE_119_RECORD
AE_FIRE_PT_00999,RP_TRAFFIC_01,EVIDENCES,FIRE_119_RECORD
AE_FIRE_PT_01000,RP_TRAFFIC_01,EVIDENCES,FIRE_119_RECORD
AE_FIRE_PT_01001,RP_ANIMAL_01,EVIDENCES,FIRE_119_RECORD
AE_FIRE_PT_01002,RP_TRAFFIC_01,EVIDENCES,FIRE_119_RECORD
AE_FIRE_PT_01003,RP_TRAFFIC_01,EVIDENCES,FIRE_119_RECORD
AE_FIRE_PT_01004,RP_TRAFFIC_01,EVIDENCES,FIRE_119_RECORD
AE_FIRE_PT_01005,RP_SLIP_TERRAIN,EVIDENCES,FIRE_119_RECORD
AE_FIRE_PT_01006,RP_SLIP_TERRAIN,EVIDENCES,FIRE_119_RECORD
AE_FIRE_PT_01007,RP_TRAFFIC_01,EVIDENCES,FIRE_119_RECORD
AE_FIRE_PT_01008,RP_MACHINE_01,EVIDENCES,FIRE_119_RECORD
AE_FIRE_PT_01009,RP_MACHINE_01,EVIDENCES,FIRE_119_RECORD
AE_FIRE_PT_01010,RP_TRAFFIC_01,EVIDENCES,FIRE_119_RECORD
AE_FIRE_PT_01011,RP_ANIMAL_01,EVIDENCES,FIRE_119_RECORD
AE_FIRE_PT_01012,RP_FALL_CLIFF,EVIDENCES,FIRE_119_RECORD
AE_FIRE_PT_01013,RP_SLIP_TERRAIN,EVIDENCES,FIRE_119_RECORD
AE_FIRE_PT_01014,RP_DROWN_01,EVIDENCES,FIRE_119_RECORD
AE_FIRE_PT_01015,RP_SLIP_TERRAIN,EVIDENCES,FIRE_119_RECORD
AE_FIRE_PT_01016,RP_TRAFFIC_01,EVIDENCES,FIRE_119_RECORD
AE_FIRE_PT_01017,RP_TRAFFIC_01,EVIDENCES,FIRE_119_RECORD
AE_FIRE_PT_01018,RP_MACHINE_01,EVIDENCES,FIRE_119_RECORD
AE_FIRE_PT_01019,RP_MACHINE_01,EVIDENCES,FIRE_119_RECORD
AE_FIRE_PT_01020,RP_SLIP_TERRAIN,EVIDENCES,FIRE_119_RECORD
AE_FIRE_PT_01021,RP_MACHINE_01,EVIDENCES,FIRE_119_RECORD
AE_FIRE_PT_01022,RP_TRAFFIC_01,EVIDENCES,FIRE_119_RECORD
AE_FIRE_PT_01023,RP_TRAFFIC_01,EVIDENCES,FIRE_119_RECORD
AE_FIRE_PT_01024,RP_TRAFFIC_01,EVIDENCES,FIRE_119_RECORD
AE_FIRE_PT_01025,RP_TRAFFIC_01,EVIDENCES,FIRE_119_RECORD
AE_FIRE_PT_01026,RP_SLIP_TERRAIN,EVIDENCES,FIRE_119_RECORD
AE_FIRE_PT_01027,RP_TRAFFIC_01,EVIDENCES,FIRE_119_RECORD
AE_FIRE_PT_01028,RP_SLIP_TERRAIN,EVIDENCES,FIRE_119_RECORD
AE_FIRE_PT_01029,RP_FALL_CLIFF,EVIDENCES,FIRE_119_RECORD
AE_FIRE_PT_01030,RP_SLIP_TERRAIN,EVIDENCES,FIRE_119_RECORD
AE_FIRE_PT_01031,RP_TRAFFIC_01,EVIDENCES,FIRE_119_RECORD
AE_FIRE_PT_01032,RP_MACHINE_01,EVIDENCES,FIRE_119_RECORD
AE_FIRE_PT_01033,RP_SLIP_TERRAIN,EVIDENCES,FIRE_119_RECORD
AE_FIRE_PT_01034,RP_MACHINE_01,EVIDENCES,FIRE_119_RECORD
AE_FIRE_PT_01035,RP_SLIP_TERRAIN,EVIDENCES,FIRE_119_RECORD
AE_FIRE_PT_01036,RP_MACHINE_01,EVIDENCES,FIRE_119_RECORD
AE_FIRE_PT_01037,RP_TRAFFIC_01,EVIDENCES,FIRE_119_RECORD
AE_FIRE_PT_01038,RP_SLIP_TERRAIN,EVIDENCES,FIRE_119_RECORD
AE_FIRE_PT_01039,RP_TRAFFIC_01,EVIDENCES,FIRE_119_RECORD
AE_FIRE_PT_01040,RP_CO_01,EVIDENCES,FIRE_119_RECORD
AE_FIRE_PT_01041,RP_TRAFFIC_01,EVIDENCES,FIRE_119_RECORD
AE_FIRE_PT_01042,RP_TRAFFIC_01,EVIDENCES,FIRE_119_RECORD
AE_FIRE_PT_01043,RP_TRAFFIC_01,EVIDENCES,FIRE_119_RECORD
AE_FIRE_PT_01044,RP_SLIP_TERRAIN,EVIDENCES,FIRE_119_RECORD
AE_FIRE_PT_01045,RP_TRAFFIC_01,EVIDENCES,FIRE_119_RECORD
AE_FIRE_PT_01046,RP_MACHINE_01,EVIDENCES,FIRE_119_RECORD
AE_FIRE_PT_01047,RP_SLIP_TERRAIN,EVIDENCES,FIRE_119_RECORD
AE_FIRE_PT_01048,RP_SLIP_TERRAIN,EVIDENCES,FIRE_119_RECORD
AE_FIRE_PT_01049,RP_SLIP_TERRAIN,EVIDENCES,FIRE_119_RECORD
AE_FIRE_PT_01050,RP_TRAFFIC_01,EVIDENCES,FIRE_119_RECORD
AE_FIRE_PT_01051,RP_TRAFFIC_01,EVIDENCES,FIRE_119_RECORD
AE_FIRE_PT_01052,RP_ANIMAL_01,EVIDENCES,FIRE_119_RECORD
AE_FIRE_PT_01053,RP_SLIP_TERRAIN,EVIDENCES,FIRE_119_RECORD
AE_FIRE_PT_01054,RP_TRAFFIC_01,EVIDENCES,FIRE_119_RECORD
AE_FIRE_PT_01055,RP_MACHINE_01,EVIDENCES,FIRE_119_RECORD
AE_FIRE_PT_01056,RP_CO_01,EVIDENCES,FIRE_119_RECORD
AE_FIRE_PT_01057,RP_SLIP_TERRAIN,EVIDENCES,FIRE_119_RECORD
AE_FIRE_PT_01058,RP_MACHINE_01,EVIDENCES,FIRE_119_RECORD
AE_FIRE_PT_01059,RP_DROWN_01,EVIDENCES,FIRE_119_RECORD
AE_FIRE_PT_01060,RP_SLIP_TERRAIN,EVIDENCES,FIRE_119_RECORD
AE_FIRE_PT_01061,RP_SLIP_TERRAIN,EVIDENCES,FIRE_119_RECORD
AE_FIRE_PT_01062,RP_TRAFFIC_01,EVIDENCES,FIRE_119_RECORD
AE_FIRE_PT_01063,RP_TRAFFIC_01,EVIDENCES,FIRE_119_RECORD
AE_FIRE_PT_01064,RP_TRAFFIC_01,EVIDENCES,FIRE_119_RECORD
AE_FIRE_PT_01065,RP_TRAFFIC_01,EVIDENCES,FIRE_119_RECORD
AE_FIRE_PT_01066,RP_TRAFFIC_01,EVIDENCES,FIRE_119_RECORD
AE_FIRE_PT_01067,RP_TRAFFIC_01,EVIDENCES,FIRE_119_RECORD
AE_FIRE_PT_01068,RP_MACHINE_01,EVIDENCES,FIRE_119_RECORD
AE_FIRE_PT_01069,RP_FALL_CLIFF,EVIDENCES,FIRE_119_RECORD
AE_FIRE_PT_01070,RP_TRAFFIC_01,EVIDENCES,FIRE_119_RECORD
AE_FIRE_PT_01071,RP_MACHINE_01,EVIDENCES,FIRE_119_RECORD
AE_FIRE_PT_01072,RP_TRAFFIC_01,EVIDENCES,FIRE_119_RECORD
AE_FIRE_PT_01073,RP_TRAFFIC_01,EVIDENCES,FIRE_119_RECORD
AE_FIRE_PT_01074,RP_SLIP_TERRAIN,EVIDENCES,FIRE_119_RECORD
AE_FIRE_PT_01075,RP_TRAFFIC_01,EVIDENCES,FIRE_119_RECORD
AE_FIRE_PT_01076,RP_SLIP_TERRAIN,EVIDENCES,FIRE_119_RECORD
AE_FIRE_PT_01077,RP_SLIP_TERRAIN,EVIDENCES,FIRE_119_RECORD
AE_FIRE_PT_01078,RP_SLIP_TERRAIN,EVIDENCES,FIRE_119_RECORD
AE_FIRE_PT_01079,RP_FALL_CLIFF,EVIDENCES,FIRE_119_RECORD
AE_FIRE_PT_01080,RP_TRAFFIC_01,EVIDENCES,FIRE_119_RECORD
AE_FIRE_PT_01081,RP_TRAFFIC_01,EVIDENCES,FIRE_119_RECORD
AE_FIRE_PT_01082,RP_FALL_CLIFF,EVIDENCES,FIRE_119_RECORD
AE_FIRE_PT_01083,RP_SLIP_TERRAIN,EVIDENCES,FIRE_119_RECORD
AE_FIRE_PT_01084,RP_SLIP_TERRAIN,EVIDENCES,FIRE_119_RECORD
AE_FIRE_PT_01085,RP_TRAFFIC_01,EVIDENCES,FIRE_119_RECORD
AE_FIRE_PT_01086,RP_SLIP_TERRAIN,EVIDENCES,FIRE_119_RECORD
AE_FIRE_PT_01087,RP_TRAFFIC_01,EVIDENCES,FIRE_119_RECORD
AE_FIRE_PT_01088,RP_TRAFFIC_01,EVIDENCES,FIRE_119_RECORD
AE_FIRE_PT_01089,RP_SLIP_TERRAIN,EVIDENCES,FIRE_119_RECORD
AE_FIRE_PT_01090,RP_TRAFFIC_01,EVIDENCES,FIRE_119_RECORD
AE_FIRE_PT_01091,RP_ANIMAL_01,EVIDENCES,FIRE_119_RECORD
AE_FIRE_PT_01092,RP_SLIP_TERRAIN,EVIDENCES,FIRE_119_RECORD
AE_FIRE_PT_01093,RP_MACHINE_01,EVIDENCES,FIRE_119_RECORD
AE_FIRE_PT_01094,RP_MACHINE_01,EVIDENCES,FIRE_119_RECORD
AE_FIRE_PT_01095,RP_CO_01,EVIDENCES,FIRE_119_RECORD
AE_FIRE_PT_01096,RP_TRAFFIC_01,EVIDENCES,FIRE_119_RECORD
AE_FIRE_PT_01097,RP_SLIP_TERRAIN,EVIDENCES,FIRE_119_RECORD
AE_FIRE_PT_01098,RP_TRAFFIC_01,EVIDENCES,FIRE_119_RECORD
AE_FIRE_PT_01099,RP_MACHINE_01,EVIDENCES,FIRE_119_RECORD
AE_FIRE_PT_01100,RP_SLIP_TERRAIN,EVIDENCES,FIRE_119_RECORD
AE_FIRE_PT_01101,RP_SLIP_TERRAIN,EVIDENCES,FIRE_119_RECORD
AE_FIRE_PT_01102,RP_TRAFFIC_01,EVIDENCES,FIRE_119_RECORD
AE_FIRE_PT_01103,RP_SLIP_TERRAIN,EVIDENCES,FIRE_119_RECORD
AE_FIRE_PT_01104,RP_TRAFFIC_01,EVIDENCES,FIRE_119_RECORD
AE_FIRE_PT_01105,RP_SLIP_TERRAIN,EVIDENCES,FIRE_119_RECORD
AE_FIRE_PT_01106,RP_FALL_CLIFF,EVIDENCES,FIRE_119_RECORD
AE_FIRE_PT_01107,RP_SLIP_TERRAIN,EVIDENCES,FIRE_119_RECORD
AE_FIRE_PT_01108,RP_TRAFFIC_01,EVIDENCES,FIRE_119_RECORD
AE_FIRE_PT_01109,RP_MACHINE_01,EVIDENCES,FIRE_119_RECORD
AE_FIRE_PT_01110,RP_SLIP_TERRAIN,EVIDENCES,FIRE_119_RECORD
AE_FIRE_PT_01111,RP_SLIP_TERRAIN,EVIDENCES,FIRE_119_RECORD
AE_FIRE_PT_01112,RP_SLIP_TERRAIN,EVIDENCES,FIRE_119_RECORD
AE_FIRE_PT_01113,RP_SLIP_TERRAIN,EVIDENCES,FIRE_119_RECORD
AE_FIRE_PT_01114,RP_FALL_CLIFF,EVIDENCES,FIRE_119_RECORD
AE_FIRE_PT_01115,RP_MACHINE_01,EVIDENCES,FIRE_119_RECORD
AE_FIRE_PT_01116,RP_TRAFFIC_01,EVIDENCES,FIRE_119_RECORD
AE_FIRE_PT_01117,RP_TRAFFIC_01,EVIDENCES,FIRE_119_RECORD
AE_FIRE_PT_01118,RP_TRAFFIC_01,EVIDENCES,FIRE_119_RECORD
AE_FIRE_PT_01119,RP_TRAFFIC_01,EVIDENCES,FIRE_119_RECORD
AE_FIRE_PT_01120,RP_TRAFFIC_01,EVIDENCES,FIRE_119_RECORD
AE_FIRE_PT_01121,RP_TRAFFIC_01,EVIDENCES,FIRE_119_RECORD
AE_FIRE_PT_01122,RP_TRAFFIC_01,EVIDENCES,FIRE_119_RECORD
AE_FIRE_PT_01123,RP_SLIP_TERRAIN,EVIDENCES,FIRE_119_RECORD
AE_FIRE_PT_01124,RP_DROWN_01,EVIDENCES,FIRE_119_RECORD
AE_FIRE_PT_01125,RP_TRAFFIC_01,EVIDENCES,FIRE_119_RECORD
AE_FIRE_PT_01126,RP_TRAFFIC_01,EVIDENCES,FIRE_119_RECORD
AE_FIRE_PT_01127,RP_MACHINE_01,EVIDENCES,FIRE_119_RECORD
AE_FIRE_PT_01128,RP_TRAFFIC_01,EVIDENCES,FIRE_119_RECORD
AE_FIRE_PT_01129,RP_TRAFFIC_01,EVIDENCES,FIRE_119_RECORD
AE_FIRE_PT_01130,RP_TRAFFIC_01,EVIDENCES,FIRE_119_RECORD
AE_FIRE_PT_01131,RP_TRAFFIC_01,EVIDENCES,FIRE_119_RECORD
AE_FIRE_PT_01132,RP_TRAFFIC_01,EVIDENCES,FIRE_119_RECORD
AE_FIRE_PT_01133,RP_TRAFFIC_01,EVIDENCES,FIRE_119_RECORD
AE_FIRE_PT_01134,RP_TRAFFIC_01,EVIDENCES,FIRE_119_RECORD
AE_FIRE_PT_01135,RP_SLIP_TERRAIN,EVIDENCES,FIRE_119_RECORD
AE_FIRE_PT_01136,RP_FALL_CLIFF,EVIDENCES,FIRE_119_RECORD
AE_FIRE_PT_01137,RP_TRAFFIC_01,EVIDENCES,FIRE_119_RECORD
AE_FIRE_PT_01138,RP_TRAFFIC_01,EVIDENCES,FIRE_119_RECORD
AE_FIRE_PT_01139,RP_TRAFFIC_01,EVIDENCES,FIRE_119_RECORD
AE_FIRE_PT_01140,RP_TRAFFIC_01,EVIDENCES,FIRE_119_RECORD
AE_FIRE_PT_01141,RP_SLIP_TERRAIN,EVIDENCES,FIRE_119_RECORD
AE_FIRE_PT_01142,RP_TRAFFIC_01,EVIDENCES,FIRE_119_RECORD
AE_FIRE_PT_01143,RP_TRAFFIC_01,EVIDENCES,FIRE_119_RECORD
AE_FIRE_PT_01144,RP_TRAFFIC_01,EVIDENCES,FIRE_119_RECORD
AE_FIRE_PT_01145,RP_TRAFFIC_01,EVIDENCES,FIRE_119_RECORD
AE_FIRE_PT_01146,RP_TRAFFIC_01,EVIDENCES,FIRE_119_RECORD
AE_FIRE_PT_01147,RP_SLIP_TERRAIN,EVIDENCES,FIRE_119_RECORD
AE_FIRE_PT_01148,RP_MACHINE_01,EVIDENCES,FIRE_119_RECORD
AE_FIRE_PT_01149,RP_TRAFFIC_01,EVIDENCES,FIRE_119_RECORD
AE_FIRE_PT_01150,RP_SLIP_TERRAIN,EVIDENCES,FIRE_119_RECORD
AE_FIRE_PT_01151,RP_SLIP_TERRAIN,EVIDENCES,FIRE_119_RECORD
AE_FIRE_PT_01152,RP_TRAFFIC_01,EVIDENCES,FIRE_119_RECORD
AE_FIRE_PT_01153,RP_TRAFFIC_01,EVIDENCES,FIRE_119_RECORD
AE_FIRE_PT_01154,RP_TRAFFIC_01,EVIDENCES,FIRE_119_RECORD
AE_FIRE_PT_01155,RP_SLIP_TERRAIN,EVIDENCES,FIRE_119_RECORD
AE_FIRE_PT_01156,RP_FALL_CLIFF,EVIDENCES,FIRE_119_RECORD
AE_FIRE_PT_01157,RP_MACHINE_01,EVIDENCES,FIRE_119_RECORD
AE_FIRE_PT_01158,RP_TRAFFIC_01,EVIDENCES,FIRE_119_RECORD
AE_FIRE_PT_01159,RP_TRAFFIC_01,EVIDENCES,FIRE_119_RECORD
AE_FIRE_PT_01160,RP_TRAFFIC_01,EVIDENCES,FIRE_119_RECORD
AE_FIRE_PT_01161,RP_TRAFFIC_01,EVIDENCES,FIRE_119_RECORD
AE_FIRE_PT_01162,RP_SLIP_TERRAIN,EVIDENCES,FIRE_119_RECORD
AE_FIRE_PT_01163,RP_TRAFFIC_01,EVIDENCES,FIRE_119_RECORD
AE_FIRE_PT_01164,RP_TRAFFIC_01,EVIDENCES,FIRE_119_RECORD
AE_FIRE_PT_01165,RP_TRAFFIC_01,EVIDENCES,FIRE_119_RECORD
AE_FIRE_PT_01166,RP_TRAFFIC_01,EVIDENCES,FIRE_119_RECORD
AE_FIRE_PT_01167,RP_MACHINE_01,EVIDENCES,FIRE_119_RECORD
AE_FIRE_PT_01168,RP_MACHINE_01,EVIDENCES,FIRE_119_RECORD
AE_FIRE_PT_01169,RP_TRAFFIC_01,EVIDENCES,FIRE_119_RECORD
AE_FIRE_PT_01170,RP_TRAFFIC_01,EVIDENCES,FIRE_119_RECORD
AE_FIRE_PT_01171,RP_SLIP_TERRAIN,EVIDENCES,FIRE_119_RECORD
AE_FIRE_PT_01172,RP_SLIP_TERRAIN,EVIDENCES,FIRE_119_RECORD
AE_FIRE_PT_01173,RP_SLIP_TERRAIN,EVIDENCES,FIRE_119_RECORD
AE_FIRE_PT_01174,RP_SLIP_TERRAIN,EVIDENCES,FIRE_119_RECORD
AE_FIRE_PT_01175,RP_ANIMAL_01,EVIDENCES,FIRE_119_RECORD
AE_FIRE_PT_01176,RP_MACHINE_01,EVIDENCES,FIRE_119_RECORD
AE_FIRE_PT_01177,RP_SLIP_TERRAIN,EVIDENCES,FIRE_119_RECORD
AE_FIRE_PT_01178,RP_TRAFFIC_01,EVIDENCES,FIRE_119_RECORD
AE_FIRE_PT_01179,RP_SLIP_TERRAIN,EVIDENCES,FIRE_119_RECORD
AE_FIRE_PT_01180,RP_MACHINE_01,EVIDENCES,FIRE_119_RECORD
AE_FIRE_PT_01181,RP_TRAFFIC_01,EVIDENCES,FIRE_119_RECORD
AE_FIRE_PT_01182,RP_TRAFFIC_01,EVIDENCES,FIRE_119_RECORD
AE_FIRE_PT_01183,RP_TRAFFIC_01,EVIDENCES,FIRE_119_RECORD
AE_FIRE_PT_01184,RP_TRAFFIC_01,EVIDENCES,FIRE_119_RECORD
AE_FIRE_PT_01185,RP_ANIMAL_01,EVIDENCES,FIRE_119_RECORD
AE_FIRE_PT_01186,RP_SLIP_TERRAIN,EVIDENCES,FIRE_119_RECORD
AE_FIRE_PT_01187,RP_MACHINE_01,EVIDENCES,FIRE_119_RECORD
AE_FIRE_PT_01188,RP_MACHINE_01,EVIDENCES,FIRE_119_RECORD
AE_FIRE_PT_01189,RP_MACHINE_01,EVIDENCES,FIRE_119_RECORD
AE_FIRE_PT_01190,RP_TRAFFIC_01,EVIDENCES,FIRE_119_RECORD
AE_FIRE_PT_01191,RP_TRAFFIC_01,EVIDENCES,FIRE_119_RECORD
AE_FIRE_PT_01192,RP_TRAFFIC_01,EVIDENCES,FIRE_119_RECORD
AE_FIRE_PT_01193,RP_TRAFFIC_01,EVIDENCES,FIRE_119_RECORD
AE_FIRE_PT_01194,RP_SLIP_TERRAIN,EVIDENCES,FIRE_119_RECORD
AE_FIRE_PT_01195,RP_TRAFFIC_01,EVIDENCES,FIRE_119_RECORD
AE_FIRE_PT_01196,RP_TRAFFIC_01,EVIDENCES,FIRE_119_RECORD
AE_FIRE_PT_01197,RP_SLIP_TERRAIN,EVIDENCES,FIRE_119_RECORD
AE_FIRE_PT_01198,RP_MACHINE_01,EVIDENCES,FIRE_119_RECORD
AE_FIRE_PT_01199,RP_SLIP_TERRAIN,EVIDENCES,FIRE_119_RECORD
AE_FIRE_PT_01200,RP_TRAFFIC_01,EVIDENCES,FIRE_119_RECORD
AE_FIRE_PT_01201,RP_SLIP_TERRAIN,EVIDENCES,FIRE_119_RECORD
AE_FIRE_PT_01202,RP_SLIP_TERRAIN,EVIDENCES,FIRE_119_RECORD
AE_FIRE_PT_01203,RP_MACHINE_01,EVIDENCES,FIRE_119_RECORD
AE_FIRE_PT_01204,RP_SLIP_TERRAIN,EVIDENCES,FIRE_119_RECORD
AE_FIRE_PT_01205,RP_ANIMAL_01,EVIDENCES,FIRE_119_RECORD
AE_FIRE_PT_01206,RP_TRAFFIC_01,EVIDENCES,FIRE_119_RECORD
AE_FIRE_PT_01207,RP_TRAFFIC_01,EVIDENCES,FIRE_119_RECORD
AE_FIRE_PT_01208,RP_FALL_CLIFF,EVIDENCES,FIRE_119_RECORD
AE_FIRE_PT_01209,RP_TRAFFIC_01,EVIDENCES,FIRE_119_RECORD
AE_FIRE_PT_01210,RP_TRAFFIC_01,EVIDENCES,FIRE_119_RECORD
AE_FIRE_PT_01211,RP_TRAFFIC_01,EVIDENCES,FIRE_119_RECORD
AE_FIRE_PT_01212,RP_MACHINE_01,EVIDENCES,FIRE_119_RECORD
AE_FIRE_PT_01213,RP_ANIMAL_01,EVIDENCES,FIRE_119_RECORD
AE_FIRE_PT_01214,RP_TRAFFIC_01,EVIDENCES,FIRE_119_RECORD
AE_FIRE_PT_01215,RP_SLIP_TERRAIN,EVIDENCES,FIRE_119_RECORD
AE_FIRE_PT_01216,RP_TRAFFIC_01,EVIDENCES,FIRE_119_RECORD
AE_FIRE_PT_01217,RP_SLIP_TERRAIN,EVIDENCES,FIRE_119_RECORD
AE_FIRE_PT_01218,RP_SLIP_TERRAIN,EVIDENCES,FIRE_119_RECORD
AE_FIRE_PT_01219,RP_MACHINE_01,EVIDENCES,FIRE_119_RECORD
AE_FIRE_PT_01220,RP_SLIP_TERRAIN,EVIDENCES,FIRE_119_RECORD
AE_FIRE_PT_01221,RP_TRAFFIC_01,EVIDENCES,FIRE_119_RECORD
AE_FIRE_PT_01222,RP_TRAFFIC_01,EVIDENCES,FIRE_119_RECORD
AE_FIRE_PT_01223,RP_MACHINE_01,EVIDENCES,FIRE_119_RECORD
AE_FIRE_PT_01224,RP_SLIP_TERRAIN,EVIDENCES,FIRE_119_RECORD
AE_FIRE_PT_01225,RP_MACHINE_01,EVIDENCES,FIRE_119_RECORD
AE_FIRE_PT_01226,RP_SLIP_TERRAIN,EVIDENCES,FIRE_119_RECORD
AE_FIRE_PT_01227,RP_SLIP_TERRAIN,EVIDENCES,FIRE_119_RECORD
AE_FIRE_PT_01228,RP_TRAFFIC_01,EVIDENCES,FIRE_119_RECORD
AE_FIRE_PT_01229,RP_SLIP_TERRAIN,EVIDENCES,FIRE_119_RECORD
AE_FIRE_PT_01230,RP_TRAFFIC_01,EVIDENCES,FIRE_119_RECORD
AE_FIRE_PT_01231,RP_SLIP_TERRAIN,EVIDENCES,FIRE_119_RECORD
AE_FIRE_PT_01232,RP_SLIP_TERRAIN,EVIDENCES,FIRE_119_RECORD
AE_FIRE_PT_01233,RP_MACHINE_01,EVIDENCES,FIRE_119_RECORD
AE_FIRE_PT_01234,RP_SLIP_TERRAIN,EVIDENCES,FIRE_119_RECORD
AE_FIRE_PT_01235,RP_MACHINE_01,EVIDENCES,FIRE_119_RECORD
AE_FIRE_PT_01236,RP_TRAFFIC_01,EVIDENCES,FIRE_119_RECORD
AE_FIRE_PT_01237,RP_SLIP_TERRAIN,EVIDENCES,FIRE_119_RECORD
AE_FIRE_PT_01238,RP_DROWN_01,EVIDENCES,FIRE_119_RECORD
AE_FIRE_PT_01239,RP_DROWN_01,EVIDENCES,FIRE_119_RECORD
AE_FIRE_PT_01240,RP_TRAFFIC_01,EVIDENCES,FIRE_119_RECORD
AE_FIRE_PT_01241,RP_TRAFFIC_01,EVIDENCES,FIRE_119_RECORD
AE_FIRE_PT_01242,RP_TRAFFIC_01,EVIDENCES,FIRE_119_RECORD
AE_FIRE_PT_01243,RP_TRAFFIC_01,EVIDENCES,FIRE_119_RECORD
AE_FIRE_PT_01244,RP_TRAFFIC_01,EVIDENCES,FIRE_119_RECORD
AE_FIRE_PT_01245,RP_TRAFFIC_01,EVIDENCES,FIRE_119_RECORD
AE_FIRE_PT_01246,RP_TRAFFIC_01,EVIDENCES,FIRE_119_RECORD
AE_FIRE_PT_01247,RP_TRAFFIC_01,EVIDENCES,FIRE_119_RECORD
AE_FIRE_PT_01248,RP_TRAFFIC_01,EVIDENCES,FIRE_119_RECORD
AE_FIRE_PT_01249,RP_TRAFFIC_01,EVIDENCES,FIRE_119_RECORD
AE_FIRE_PT_01250,RP_TRAFFIC_01,EVIDENCES,FIRE_119_RECORD
AE_FIRE_PT_01251,RP_TRAFFIC_01,EVIDENCES,FIRE_119_RECORD
AE_FIRE_PT_01252,RP_SLIP_TERRAIN,EVIDENCES,FIRE_119_RECORD
AE_FIRE_PT_01253,RP_TRAFFIC_01,EVIDENCES,FIRE_119_RECORD
AE_FIRE_PT_01254,RP_MACHINE_01,EVIDENCES,FIRE_119_RECORD
AE_FIRE_PT_01255,RP_MACHINE_01,EVIDENCES,FIRE_119_RECORD
AE_FIRE_PT_01256,RP_SLIP_TERRAIN,EVIDENCES,FIRE_119_RECORD
AE_FIRE_PT_01257,RP_TRAFFIC_01,EVIDENCES,FIRE_119_RECORD
AE_FIRE_PT_01258,RP_TRAFFIC_01,EVIDENCES,FIRE_119_RECORD
AE_FIRE_PT_01259,RP_TRAFFIC_01,EVIDENCES,FIRE_119_RECORD
AE_FIRE_PT_01260,RP_MACHINE_01,EVIDENCES,FIRE_119_RECORD
AE_FIRE_PT_01261,RP_TRAFFIC_01,EVIDENCES,FIRE_119_RECORD
AE_FIRE_PT_01262,RP_SLIP_TERRAIN,EVIDENCES,FIRE_119_RECORD
AE_FIRE_PT_01263,RP_MACHINE_01,EVIDENCES,FIRE_119_RECORD
AE_FIRE_PT_01264,RP_SLIP_TERRAIN,EVIDENCES,FIRE_119_RECORD
AE_FIRE_PT_01265,RP_SLIP_TERRAIN,EVIDENCES,FIRE_119_RECORD
AE_FIRE_PT_01266,RP_SLIP_TERRAIN,EVIDENCES,FIRE_119_RECORD
AE_FIRE_PT_01267,RP_TRAFFIC_01,EVIDENCES,FIRE_119_RECORD
AE_FIRE_PT_01268,RP_SLIP_TERRAIN,EVIDENCES,FIRE_119_RECORD
AE_FIRE_PT_01269,RP_TRAFFIC_01,EVIDENCES,FIRE_119_RECORD
AE_FIRE_PT_01270,RP_SLIP_TERRAIN,EVIDENCES,FIRE_119_RECORD
AE_FIRE_PT_01271,RP_TRAFFIC_01,EVIDENCES,FIRE_119_RECORD
AE_FIRE_PT_01272,RP_TRAFFIC_01,EVIDENCES,FIRE_119_RECORD
AE_FIRE_PT_01273,RP_SLIP_TERRAIN,EVIDENCES,FIRE_119_RECORD
AE_FIRE_PT_01274,RP_MACHINE_01,EVIDENCES,FIRE_119_RECORD
AE_FIRE_PT_01275,RP_TRAFFIC_01,EVIDENCES,FIRE_119_RECORD
AE_FIRE_PT_01276,RP_SLIP_TERRAIN,EVIDENCES,FIRE_119_RECORD
AE_FIRE_PT_01277,RP_SLIP_TERRAIN,EVIDENCES,FIRE_119_RECORD
AE_FIRE_PT_01278,RP_MACHINE_01,EVIDENCES,FIRE_119_RECORD
AE_FIRE_PT_01279,RP_ANIMAL_01,EVIDENCES,FIRE_119_RECORD
AE_FIRE_PT_01280,RP_DROWN_01,EVIDENCES,FIRE_119_RECORD
AE_FIRE_PT_01281,RP_TRAFFIC_01,EVIDENCES,FIRE_119_RECORD
AE_FIRE_PT_01282,RP_TRAFFIC_01,EVIDENCES,FIRE_119_RECORD
AE_FIRE_PT_01283,RP_TRAFFIC_01,EVIDENCES,FIRE_119_RECORD
AE_FIRE_PT_01284,RP_MACHINE_01,EVIDENCES,FIRE_119_RECORD
AE_FIRE_PT_01285,RP_FALL_CLIFF,EVIDENCES,FIRE_119_RECORD
AE_FIRE_PT_01286,RP_FALL_CLIFF,EVIDENCES,FIRE_119_RECORD
AE_FIRE_PT_01287,RP_SLIP_TERRAIN,EVIDENCES,FIRE_119_RECORD
AE_FIRE_PT_01288,RP_SLIP_TERRAIN,EVIDENCES,FIRE_119_RECORD
AE_FIRE_PT_01289,RP_TRAFFIC_01,EVIDENCES,FIRE_119_RECORD
AE_FIRE_PT_01290,RP_TRAFFIC_01,EVIDENCES,FIRE_119_RECORD
AE_FIRE_PT_01291,RP_ANIMAL_01,EVIDENCES,FIRE_119_RECORD
AE_FIRE_PT_01292,RP_TRAFFIC_01,EVIDENCES,FIRE_119_RECORD
AE_FIRE_PT_01293,RP_MACHINE_01,EVIDENCES,FIRE_119_RECORD
AE_FIRE_PT_01294,RP_MACHINE_01,EVIDENCES,FIRE_119_RECORD
AE_FIRE_PT_01295,RP_TRAFFIC_01,EVIDENCES,FIRE_119_RECORD
AE_FIRE_PT_01296,RP_SLIP_TERRAIN,EVIDENCES,FIRE_119_RECORD
AE_FIRE_PT_01297,RP_MACHINE_01,EVIDENCES,FIRE_119_RECORD
AE_FIRE_PT_01298,RP_MACHINE_01,EVIDENCES,FIRE_119_RECORD
AE_FIRE_PT_01299,RP_TRAFFIC_01,EVIDENCES,FIRE_119_RECORD
AE_FIRE_PT_01300,RP_SLIP_TERRAIN,EVIDENCES,FIRE_119_RECORD
AE_FIRE_PT_01301,RP_SLIP_TERRAIN,EVIDENCES,FIRE_119_RECORD
AE_FIRE_PT_01302,RP_TRAFFIC_01,EVIDENCES,FIRE_119_RECORD
AE_FIRE_PT_01303,RP_TRAFFIC_01,EVIDENCES,FIRE_119_RECORD
AE_FIRE_PT_01304,RP_FALL_CLIFF,EVIDENCES,FIRE_119_RECORD
AE_FIRE_PT_01305,RP_FALL_CLIFF,EVIDENCES,FIRE_119_RECORD
AE_FIRE_PT_01306,RP_TRAFFIC_01,EVIDENCES,FIRE_119_RECORD
AE_FIRE_PT_01307,RP_TRAFFIC_01,EVIDENCES,FIRE_119_RECORD
AE_FIRE_PT_01308,RP_SLIP_TERRAIN,EVIDENCES,FIRE_119_RECORD
AE_FIRE_PT_01309,RP_MACHINE_01,EVIDENCES,FIRE_119_RECORD
AE_FIRE_PT_01310,RP_MACHINE_01,EVIDENCES,FIRE_119_RECORD
AE_FIRE_PT_01311,RP_SLIP_TERRAIN,EVIDENCES,FIRE_119_RECORD
AE_FIRE_PT_01312,RP_SLIP_TERRAIN,EVIDENCES,FIRE_119_RECORD
AE_FIRE_PT_01313,RP_TRAFFIC_01,EVIDENCES,FIRE_119_RECORD
AE_FIRE_PT_01314,RP_CO_01,EVIDENCES,FIRE_119_RECORD
AE_FIRE_PT_01315,RP_MACHINE_01,EVIDENCES,FIRE_119_RECORD
AE_FIRE_PT_01316,RP_SLIP_TERRAIN,EVIDENCES,FIRE_119_RECORD
AE_FIRE_PT_01317,RP_TRAFFIC_01,EVIDENCES,FIRE_119_RECORD
AE_FIRE_PT_01318,RP_SLIP_TERRAIN,EVIDENCES,FIRE_119_RECORD
AE_FIRE_PT_01319,RP_SLIP_TERRAIN,EVIDENCES,FIRE_119_RECORD
AE_FIRE_PT_01320,RP_SLIP_TERRAIN,EVIDENCES,FIRE_119_RECORD
AE_FIRE_PT_01321,RP_TRAFFIC_01,EVIDENCES,FIRE_119_RECORD
AE_FIRE_PT_01322,RP_TRAFFIC_01,EVIDENCES,FIRE_119_RECORD
AE_FIRE_PT_01323,RP_TRAFFIC_01,EVIDENCES,FIRE_119_RECORD
AE_FIRE_PT_01324,RP_TRAFFIC_01,EVIDENCES,FIRE_119_RECORD
AE_FIRE_PT_01325,RP_TRAFFIC_01,EVIDENCES,FIRE_119_RECORD
AE_FIRE_PT_01326,RP_TRAFFIC_01,EVIDENCES,FIRE_119_RECORD
AE_FIRE_PT_01327,RP_TRAFFIC_01,EVIDENCES,FIRE_119_RECORD
AE_FIRE_PT_01328,RP_TRAFFIC_01,EVIDENCES,FIRE_119_RECORD
AE_FIRE_PT_01329,RP_TRAFFIC_01,EVIDENCES,FIRE_119_RECORD
AE_FIRE_PT_01330,RP_SLIP_TERRAIN,EVIDENCES,FIRE_119_RECORD
AE_FIRE_PT_01331,RP_SLIP_TERRAIN,EVIDENCES,FIRE_119_RECORD
AE_FIRE_PT_01332,RP_SLIP_TERRAIN,EVIDENCES,FIRE_119_RECORD
AE_FIRE_PT_01333,RP_MACHINE_01,EVIDENCES,FIRE_119_RECORD
AE_FIRE_PT_01334,RP_ANIMAL_01,EVIDENCES,FIRE_119_RECORD
AE_FIRE_PT_01335,RP_MACHINE_01,EVIDENCES,FIRE_119_RECORD
AE_FIRE_PT_01336,RP_TRAFFIC_01,EVIDENCES,FIRE_119_RECORD
AE_FIRE_PT_01337,RP_TRAFFIC_01,EVIDENCES,FIRE_119_RECORD
AE_FIRE_PT_01338,RP_TRAFFIC_01,EVIDENCES,FIRE_119_RECORD
AE_FIRE_PT_01339,RP_SLIP_TERRAIN,EVIDENCES,FIRE_119_RECORD
AE_FIRE_PT_01340,RP_TRAFFIC_01,EVIDENCES,FIRE_119_RECORD
AE_FIRE_PT_01341,RP_SLIP_TERRAIN,EVIDENCES,FIRE_119_RECORD
AE_FIRE_PT_01342,RP_TRAFFIC_01,EVIDENCES,FIRE_119_RECORD
AE_FIRE_PT_01343,RP_TRAFFIC_01,EVIDENCES,FIRE_119_RECORD
AE_FIRE_PT_01344,RP_TRAFFIC_01,EVIDENCES,FIRE_119_RECORD
AE_FIRE_PT_01345,RP_SLIP_TERRAIN,EVIDENCES,FIRE_119_RECORD
AE_FIRE_PT_01346,RP_TRAFFIC_01,EVIDENCES,FIRE_119_RECORD
AE_FIRE_PT_01347,RP_FALL_CLIFF,EVIDENCES,FIRE_119_RECORD
AE_FIRE_PT_01348,RP_TRAFFIC_01,EVIDENCES,FIRE_119_RECORD
AE_FIRE_PT_01349,RP_TRAFFIC_01,EVIDENCES,FIRE_119_RECORD
AE_FIRE_PT_01350,RP_MACHINE_01,EVIDENCES,FIRE_119_RECORD
AE_FIRE_PT_01351,RP_TRAFFIC_01,EVIDENCES,FIRE_119_RECORD
AE_FIRE_PT_01352,RP_TRAFFIC_01,EVIDENCES,FIRE_119_RECORD
AE_FIRE_PT_01353,RP_MACHINE_01,EVIDENCES,FIRE_119_RECORD
AE_FIRE_PT_01354,RP_TRAFFIC_01,EVIDENCES,FIRE_119_RECORD
AE_FIRE_PT_01355,RP_MACHINE_01,EVIDENCES,FIRE_119_RECORD
AE_FIRE_PT_01356,RP_SLIP_TERRAIN,EVIDENCES,FIRE_119_RECORD
AE_FIRE_PT_01357,RP_SLIP_TERRAIN,EVIDENCES,FIRE_119_RECORD
AE_FIRE_PT_01358,RP_MACHINE_01,EVIDENCES,FIRE_119_RECORD
AE_FIRE_PT_01359,RP_MACHINE_01,EVIDENCES,FIRE_119_RECORD
AE_FIRE_PT_01360,RP_SLIP_TERRAIN,EVIDENCES,FIRE_119_RECORD
AE_FIRE_PT_01361,RP_MACHINE_01,EVIDENCES,FIRE_119_RECORD
AE_FIRE_PT_01362,RP_MACHINE_01,EVIDENCES,FIRE_119_RECORD
AE_FIRE_PT_01363,RP_SLIP_TERRAIN,EVIDENCES,FIRE_119_RECORD
AE_FIRE_PT_01364,RP_TRAFFIC_01,EVIDENCES,FIRE_119_RECORD
AE_FIRE_PT_01365,RP_MACHINE_01,EVIDENCES,FIRE_119_RECORD
AE_FIRE_PT_01366,RP_TRAFFIC_01,EVIDENCES,FIRE_119_RECORD
AE_FIRE_PT_01367,RP_SLIP_TERRAIN,EVIDENCES,FIRE_119_RECORD
AE_FIRE_PT_01368,RP_TRAFFIC_01,EVIDENCES,FIRE_119_RECORD
AE_FIRE_PT_01369,RP_TRAFFIC_01,EVIDENCES,FIRE_119_RECORD
AE_FIRE_PT_01370,RP_SLIP_TERRAIN,EVIDENCES,FIRE_119_RECORD
AE_FIRE_PT_01371,RP_TRAFFIC_01,EVIDENCES,FIRE_119_RECORD
AE_FIRE_PT_01372,RP_SLIP_TERRAIN,EVIDENCES,FIRE_119_RECORD
AE_FIRE_PT_01373,RP_TRAFFIC_01,EVIDENCES,FIRE_119_RECORD
AE_FIRE_PT_01374,RP_SLIP_TERRAIN,EVIDENCES,FIRE_119_RECORD
AE_FIRE_PT_01375,RP_FALL_CLIFF,EVIDENCES,FIRE_119_RECORD
AE_FIRE_PT_01376,RP_SLIP_TERRAIN,EVIDENCES,FIRE_119_RECORD
AE_FIRE_PT_01377,RP_SLIP_TERRAIN,EVIDENCES,FIRE_119_RECORD
AE_FIRE_PT_01378,RP_TRAFFIC_01,EVIDENCES,FIRE_119_RECORD
AE_FIRE_PT_01379,RP_SLIP_TERRAIN,EVIDENCES,FIRE_119_RECORD
AE_FIRE_PT_01380,RP_TRAFFIC_01,EVIDENCES,FIRE_119_RECORD
AE_FIRE_PT_01381,RP_TRAFFIC_01,EVIDENCES,FIRE_119_RECORD
AE_FIRE_PT_01382,RP_SLIP_TERRAIN,EVIDENCES,FIRE_119_RECORD
AE_FIRE_PT_01383,RP_MACHINE_01,EVIDENCES,FIRE_119_RECORD
AE_FIRE_PT_01384,RP_SLIP_TERRAIN,EVIDENCES,FIRE_119_RECORD
AE_FIRE_PT_01385,RP_TRAFFIC_01,EVIDENCES,FIRE_119_RECORD
AE_FIRE_PT_01386,RP_MACHINE_01,EVIDENCES,FIRE_119_RECORD
AE_FIRE_PT_01387,RP_TRAFFIC_01,EVIDENCES,FIRE_119_RECORD
AE_FIRE_PT_01388,RP_SLIP_TERRAIN,EVIDENCES,FIRE_119_RECORD
AE_FIRE_PT_01389,RP_SLIP_TERRAIN,EVIDENCES,FIRE_119_RECORD
AE_FIRE_PT_01390,RP_SLIP_TERRAIN,EVIDENCES,FIRE_119_RECORD
AE_FIRE_PT_01391,RP_SLIP_TERRAIN,EVIDENCES,FIRE_119_RECORD
AE_FIRE_PT_01392,RP_SLIP_TERRAIN,EVIDENCES,FIRE_119_RECORD
AE_FIRE_PT_01393,RP_FIRE_01,EVIDENCES,FIRE_119_RECORD
AE_FIRE_PT_01394,RP_TRAFFIC_01,EVIDENCES,FIRE_119_RECORD
AE_FIRE_PT_01395,RP_TRAFFIC_01,EVIDENCES,FIRE_119_RECORD
AE_FIRE_PT_01396,RP_TRAFFIC_01,EVIDENCES,FIRE_119_RECORD
AE_FIRE_PT_01397,RP_TRAFFIC_01,EVIDENCES,FIRE_119_RECORD
AE_FIRE_PT_01398,RP_SLIP_TERRAIN,EVIDENCES,FIRE_119_RECORD
AE_FIRE_PT_01399,RP_MACHINE_01,EVIDENCES,FIRE_119_RECORD
AE_FIRE_PT_01400,RP_SLIP_TERRAIN,EVIDENCES,FIRE_119_RECORD
AE_FIRE_PT_01401,RP_SLIP_TERRAIN,EVIDENCES,FIRE_119_RECORD
AE_FIRE_PT_01402,RP_SLIP_TERRAIN,EVIDENCES,FIRE_119_RECORD
AE_FIRE_PT_01403,RP_SLIP_TERRAIN,EVIDENCES,FIRE_119_RECORD
AE_FIRE_PT_01404,RP_SLIP_TERRAIN,EVIDENCES,FIRE_119_RECORD
AE_FIRE_PT_01405,RP_TRAFFIC_01,EVIDENCES,FIRE_119_RECORD
AE_FIRE_PT_01406,RP_TRAFFIC_01,EVIDENCES,FIRE_119_RECORD
AE_FIRE_PT_01407,RP_TRAFFIC_01,EVIDENCES,FIRE_119_RECORD
AE_FIRE_PT_01408,RP_TRAFFIC_01,EVIDENCES,FIRE_119_RECORD
AE_FIRE_PT_01409,RP_TRAFFIC_01,EVIDENCES,FIRE_119_RECORD
AE_FIRE_PT_01410,RP_TRAFFIC_01,EVIDENCES,FIRE_119_RECORD
AE_FIRE_PT_01411,RP_MACHINE_01,EVIDENCES,FIRE_119_RECORD
AE_FIRE_PT_01412,RP_TRAFFIC_01,EVIDENCES,FIRE_119_RECORD
AE_FIRE_PT_01413,RP_SLIP_TERRAIN,EVIDENCES,FIRE_119_RECORD
AE_FIRE_PT_01414,RP_TRAFFIC_01,EVIDENCES,FIRE_119_RECORD
AE_FIRE_PT_01415,RP_TRAFFIC_01,EVIDENCES,FIRE_119_RECORD
AE_FIRE_PT_01416,RP_SLIP_TERRAIN,EVIDENCES,FIRE_119_RECORD
AE_FIRE_PT_01417,RP_FALL_CLIFF,EVIDENCES,FIRE_119_RECORD
AE_FIRE_PT_01418,RP_TRAFFIC_01,EVIDENCES,FIRE_119_RECORD
AE_FIRE_PT_01419,RP_TRAFFIC_01,EVIDENCES,FIRE_119_RECORD
AE_FIRE_PT_01420,RP_TRAFFIC_01,EVIDENCES,FIRE_119_RECORD
AE_FIRE_PT_01421,RP_SLIP_TERRAIN,EVIDENCES,FIRE_119_RECORD
AE_FIRE_PT_01422,RP_FALL_CLIFF,EVIDENCES,FIRE_119_RECORD
AE_FIRE_PT_01423,RP_TRAFFIC_01,EVIDENCES,FIRE_119_RECORD
AE_FIRE_PT_01424,RP_TRAFFIC_01,EVIDENCES,FIRE_119_RECORD
AE_FIRE_PT_01425,RP_SLIP_TERRAIN,EVIDENCES,FIRE_119_RECORD
AE_FIRE_PT_01426,RP_SLIP_TERRAIN,EVIDENCES,FIRE_119_RECORD
AE_FIRE_PT_01427,RP_SLIP_TERRAIN,EVIDENCES,FIRE_119_RECORD
AE_FIRE_PT_01428,RP_SLIP_TERRAIN,EVIDENCES,FIRE_119_RECORD
AE_FIRE_PT_01429,RP_SLIP_TERRAIN,EVIDENCES,FIRE_119_RECORD
AE_FIRE_PT_01430,RP_MACHINE_01,EVIDENCES,FIRE_119_RECORD
AE_FIRE_PT_01431,RP_MACHINE_01,EVIDENCES,FIRE_119_RECORD
AE_FIRE_PT_01432,RP_SLIP_TERRAIN,EVIDENCES,FIRE_119_RECORD
AE_FIRE_PT_01433,RP_TRAFFIC_01,EVIDENCES,FIRE_119_RECORD
AE_FIRE_PT_01434,RP_SLIP_TERRAIN,EVIDENCES,FIRE_119_RECORD
AE_FIRE_PT_01435,RP_TRAFFIC_01,EVIDENCES,FIRE_119_RECORD
AE_FIRE_PT_01436,RP_SLIP_TERRAIN,EVIDENCES,FIRE_119_RECORD
AE_FIRE_PT_01437,RP_MACHINE_01,EVIDENCES,FIRE_119_RECORD
AE_FIRE_PT_01438,RP_SLIP_TERRAIN,EVIDENCES,FIRE_119_RECORD
AE_FIRE_PT_01439,RP_TRAFFIC_01,EVIDENCES,FIRE_119_RECORD
AE_FIRE_PT_01440,RP_TRAFFIC_01,EVIDENCES,FIRE_119_RECORD
AE_FIRE_PT_01441,RP_SLIP_TERRAIN,EVIDENCES,FIRE_119_RECORD
AE_FIRE_PT_01442,RP_FALL_CLIFF,EVIDENCES,FIRE_119_RECORD
AE_FIRE_PT_01443,RP_MACHINE_01,EVIDENCES,FIRE_119_RECORD
AE_FIRE_PT_01444,RP_SLIP_TERRAIN,EVIDENCES,FIRE_119_RECORD
AE_FIRE_PT_01445,RP_TRAFFIC_01,EVIDENCES,FIRE_119_RECORD
AE_FIRE_PT_01446,RP_SLIP_TERRAIN,EVIDENCES,FIRE_119_RECORD
AE_FIRE_PT_01447,RP_SLIP_TERRAIN,EVIDENCES,FIRE_119_RECORD
AE_FIRE_PT_01448,RP_SLIP_TERRAIN,EVIDENCES,FIRE_119_RECORD
AE_FIRE_PT_01449,RP_DROWN_01,EVIDENCES,FIRE_119_RECORD
AE_FIRE_PT_01450,RP_TRAFFIC_01,EVIDENCES,FIRE_119_RECORD
AE_FIRE_PT_01451,RP_TRAFFIC_01,EVIDENCES,FIRE_119_RECORD
AE_FIRE_PT_01452,RP_TRAFFIC_01,EVIDENCES,FIRE_119_RECORD
AE_FIRE_PT_01453,RP_TRAFFIC_01,EVIDENCES,FIRE_119_RECORD
AE_FIRE_PT_01454,RP_TRAFFIC_01,EVIDENCES,FIRE_119_RECORD
AE_FIRE_PT_01455,RP_SLIP_TERRAIN,EVIDENCES,FIRE_119_RECORD
AE_FIRE_PT_01456,RP_SLIP_TERRAIN,EVIDENCES,FIRE_119_RECORD
AE_FIRE_PT_01457,RP_TRAFFIC_01,EVIDENCES,FIRE_119_RECORD
AE_FIRE_PT_01458,RP_SLIP_TERRAIN,EVIDENCES,FIRE_119_RECORD
AE_FIRE_PT_01459,RP_MACHINE_01,EVIDENCES,FIRE_119_RECORD
AE_FIRE_PT_01460,RP_MACHINE_01,EVIDENCES,FIRE_119_RECORD
AE_FIRE_PT_01461,RP_SLIP_TERRAIN,EVIDENCES,FIRE_119_RECORD
AE_FIRE_PT_01462,RP_SLIP_TERRAIN,EVIDENCES,FIRE_119_RECORD
AE_FIRE_PT_01463,RP_FALL_CLIFF,EVIDENCES,FIRE_119_RECORD
AE_FIRE_PT_01464,RP_TRAFFIC_01,EVIDENCES,FIRE_119_RECORD
AE_FIRE_PT_01465,RP_SLIP_TERRAIN,EVIDENCES,FIRE_119_RECORD
AE_FIRE_PT_01466,RP_SLIP_TERRAIN,EVIDENCES,FIRE_119_RECORD
AE_FIRE_PT_01467,RP_TRAFFIC_01,EVIDENCES,FIRE_119_RECORD
AE_FIRE_PT_01468,RP_TRAFFIC_01,EVIDENCES,FIRE_119_RECORD
AE_FIRE_PT_01469,RP_SLIP_TERRAIN,EVIDENCES,FIRE_119_RECORD
AE_FIRE_PT_01470,RP_SLIP_TERRAIN,EVIDENCES,FIRE_119_RECORD
AE_FIRE_PT_01471,RP_TRAFFIC_01,EVIDENCES,FIRE_119_RECORD
AE_FIRE_PT_01472,RP_TRAFFIC_01,EVIDENCES,FIRE_119_RECORD
AE_FIRE_PT_01473,RP_CO_01,EVIDENCES,FIRE_119_RECORD
AE_FIRE_PT_01474,RP_TRAFFIC_01,EVIDENCES,FIRE_119_RECORD
AE_FIRE_PT_01475,RP_TRAFFIC_01,EVIDENCES,FIRE_119_RECORD
AE_FIRE_PT_01476,RP_TRAFFIC_01,EVIDENCES,FIRE_119_RECORD
AE_FIRE_PT_01477,RP_TRAFFIC_01,EVIDENCES,FIRE_119_RECORD
AE_FIRE_PT_01478,RP_TRAFFIC_01,EVIDENCES,FIRE_119_RECORD
AE_FIRE_PT_01479,RP_SLIP_TERRAIN,EVIDENCES,FIRE_119_RECORD
AE_FIRE_PT_01480,RP_TRAFFIC_01,EVIDENCES,FIRE_119_RECORD
AE_FIRE_PT_01481,RP_SLIP_TERRAIN,EVIDENCES,FIRE_119_RECORD
AE_FIRE_PT_01482,RP_SLIP_TERRAIN,EVIDENCES,FIRE_119_RECORD
AE_FIRE_PT_01483,RP_CO_01,EVIDENCES,FIRE_119_RECORD
AE_FIRE_PT_01484,RP_MACHINE_01,EVIDENCES,FIRE_119_RECORD
AE_FIRE_PT_01485,RP_TRAFFIC_01,EVIDENCES,FIRE_119_RECORD
AE_FIRE_PT_01486,RP_SLIP_TERRAIN,EVIDENCES,FIRE_119_RECORD
AE_FIRE_PT_01487,RP_SLIP_TERRAIN,EVIDENCES,FIRE_119_RECORD
AE_FIRE_PT_01488,RP_SLIP_TERRAIN,EVIDENCES,FIRE_119_RECORD
AE_FIRE_PT_01489,RP_SLIP_TERRAIN,EVIDENCES,FIRE_119_RECORD
AE_FIRE_PT_01490,RP_FIRE_01,EVIDENCES,FIRE_119_RECORD
AE_FIRE_PT_01491,RP_MACHINE_01,EVIDENCES,FIRE_119_RECORD
AE_FIRE_PT_01492,RP_ANIMAL_01,EVIDENCES,FIRE_119_RECORD
AE_FIRE_PT_01493,RP_FALL_CLIFF,EVIDENCES,FIRE_119_RECORD
AE_FIRE_PT_01494,RP_SLIP_TERRAIN,EVIDENCES,FIRE_119_RECORD
AE_FIRE_PT_01495,RP_SLIP_TERRAIN,EVIDENCES,FIRE_119_RECORD
AE_FIRE_PT_01496,RP_SLIP_TERRAIN,EVIDENCES,FIRE_119_RECORD
AE_FIRE_PT_01497,RP_SLIP_TERRAIN,EVIDENCES,FIRE_119_RECORD
AE_FIRE_PT_01498,RP_TRAFFIC_01,EVIDENCES,FIRE_119_RECORD
AE_FIRE_PT_01499,RP_TRAFFIC_01,EVIDENCES,FIRE_119_RECORD
AE_FIRE_PT_01500,RP_SLIP_TERRAIN,EVIDENCES,FIRE_119_RECORD
AE_FIRE_PT_01501,RP_SLIP_TERRAIN,EVIDENCES,FIRE_119_RECORD
AE_FIRE_PT_01502,RP_SLIP_TERRAIN,EVIDENCES,FIRE_119_RECORD
AE_FIRE_PT_01503,RP_MACHINE_01,EVIDENCES,FIRE_119_RECORD
AE_FIRE_PT_01504,RP_TRAFFIC_01,EVIDENCES,FIRE_119_RECORD
AE_FIRE_PT_01505,RP_TRAFFIC_01,EVIDENCES,FIRE_119_RECORD
AE_FIRE_PT_01506,RP_TRAFFIC_01,EVIDENCES,FIRE_119_RECORD
AE_FIRE_PT_01507,RP_TRAFFIC_01,EVIDENCES,FIRE_119_RECORD
AE_FIRE_PT_01508,RP_TRAFFIC_01,EVIDENCES,FIRE_119_RECORD
AE_FIRE_PT_01509,RP_MACHINE_01,EVIDENCES,FIRE_119_RECORD
AE_FIRE_PT_01510,RP_SLIP_TERRAIN,EVIDENCES,FIRE_119_RECORD
AE_FIRE_PT_01511,RP_MACHINE_01,EVIDENCES,FIRE_119_RECORD
AE_FIRE_PT_01512,RP_TRAFFIC_01,EVIDENCES,FIRE_119_RECORD
AE_FIRE_PT_01513,RP_TRAFFIC_01,EVIDENCES,FIRE_119_RECORD
AE_FIRE_PT_01514,RP_TRAFFIC_01,EVIDENCES,FIRE_119_RECORD
AE_FIRE_PT_01515,RP_TRAFFIC_01,EVIDENCES,FIRE_119_RECORD
AE_FIRE_PT_01516,RP_TRAFFIC_01,EVIDENCES,FIRE_119_RECORD
AE_FIRE_PT_01517,RP_SLIP_TERRAIN,EVIDENCES,FIRE_119_RECORD
AE_FIRE_PT_01518,RP_MACHINE_01,EVIDENCES,FIRE_119_RECORD
AE_FIRE_PT_01519,RP_SLIP_TERRAIN,EVIDENCES,FIRE_119_RECORD
AE_FIRE_PT_01520,RP_TRAFFIC_01,EVIDENCES,FIRE_119_RECORD
AE_FIRE_PT_01521,RP_TRAFFIC_01,EVIDENCES,FIRE_119_RECORD
AE_FIRE_PT_01522,RP_MACHINE_01,EVIDENCES,FIRE_119_RECORD
AE_FIRE_PT_01523,RP_MACHINE_01,EVIDENCES,FIRE_119_RECORD
AE_FIRE_PT_01524,RP_MACHINE_01,EVIDENCES,FIRE_119_RECORD
AE_FIRE_PT_01525,RP_TRAFFIC_01,EVIDENCES,FIRE_119_RECORD
AE_FIRE_PT_01526,RP_FALL_CLIFF,EVIDENCES,FIRE_119_RECORD
AE_FIRE_PT_01527,RP_MACHINE_01,EVIDENCES,FIRE_119_RECORD
AE_FIRE_PT_01528,RP_SLIP_TERRAIN,EVIDENCES,FIRE_119_RECORD
AE_FIRE_PT_01529,RP_TRAFFIC_01,EVIDENCES,FIRE_119_RECORD
AE_FIRE_PT_01530,RP_TRAFFIC_01,EVIDENCES,FIRE_119_RECORD
AE_FIRE_PT_01531,RP_MACHINE_01,EVIDENCES,FIRE_119_RECORD
AE_FIRE_PT_01532,RP_SLIP_TERRAIN,EVIDENCES,FIRE_119_RECORD
AE_FIRE_PT_01533,RP_SLIP_TERRAIN,EVIDENCES,FIRE_119_RECORD
AE_FIRE_PT_01534,RP_SLIP_TERRAIN,EVIDENCES,FIRE_119_RECORD
AE_FIRE_PT_01535,RP_SLIP_TERRAIN,EVIDENCES,FIRE_119_RECORD
AE_FIRE_PT_01536,RP_TRAFFIC_01,EVIDENCES,FIRE_119_RECORD
AE_FIRE_PT_01537,RP_TRAFFIC_01,EVIDENCES,FIRE_119_RECORD
AE_FIRE_PT_01538,RP_TRAFFIC_01,EVIDENCES,FIRE_119_RECORD
AE_FIRE_PT_01539,RP_MACHINE_01,EVIDENCES,FIRE_119_RECORD
AE_FIRE_PT_01540,RP_SLIP_TERRAIN,EVIDENCES,FIRE_119_RECORD
AE_FIRE_PT_01541,RP_TRAFFIC_01,EVIDENCES,FIRE_119_RECORD
AE_FIRE_PT_01542,RP_MACHINE_01,EVIDENCES,FIRE_119_RECORD
AE_FIRE_PT_01543,RP_TRAFFIC_01,EVIDENCES,FIRE_119_RECORD
AE_FIRE_PT_01544,RP_TRAFFIC_01,EVIDENCES,FIRE_119_RECORD
AE_FIRE_PT_01545,RP_TRAFFIC_01,EVIDENCES,FIRE_119_RECORD
AE_FIRE_PT_01546,RP_TRAFFIC_01,EVIDENCES,FIRE_119_RECORD
AE_FIRE_PT_01547,RP_SLIP_TERRAIN,EVIDENCES,FIRE_119_RECORD
AE_FIRE_PT_01548,RP_SLIP_TERRAIN,EVIDENCES,FIRE_119_RECORD
AE_FIRE_PT_01549,RP_SLIP_TERRAIN,EVIDENCES,FIRE_119_RECORD
AE_FIRE_PT_01550,RP_MACHINE_01,EVIDENCES,FIRE_119_RECORD
AE_FIRE_PT_01551,RP_TRAFFIC_01,EVIDENCES,FIRE_119_RECORD
AE_FIRE_PT_01552,RP_SLIP_TERRAIN,EVIDENCES,FIRE_119_RECORD
AE_FIRE_PT_01553,RP_SLIP_TERRAIN,EVIDENCES,FIRE_119_RECORD
AE_FIRE_PT_01554,RP_SLIP_TERRAIN,EVIDENCES,FIRE_119_RECORD
AE_FIRE_PT_01555,RP_SLIP_TERRAIN,EVIDENCES,FIRE_119_RECORD
AE_FIRE_PT_01556,RP_ANIMAL_01,EVIDENCES,FIRE_119_RECORD
AE_FIRE_PT_01557,RP_SLIP_TERRAIN,EVIDENCES,FIRE_119_RECORD
AE_FIRE_PT_01558,RP_MACHINE_01,EVIDENCES,FIRE_119_RECORD
AE_FIRE_PT_01559,RP_TRAFFIC_01,EVIDENCES,FIRE_119_RECORD
AE_FIRE_PT_01560,RP_TRAFFIC_01,EVIDENCES,FIRE_119_RECORD
AE_FIRE_PT_01561,RP_TRAFFIC_01,EVIDENCES,FIRE_119_RECORD
AE_FIRE_PT_01562,RP_TRAFFIC_01,EVIDENCES,FIRE_119_RECORD
AE_FIRE_PT_01563,RP_ANIMAL_01,EVIDENCES,FIRE_119_RECORD
AE_FIRE_PT_01564,RP_SLIP_TERRAIN,EVIDENCES,FIRE_119_RECORD
AE_FIRE_PT_01565,RP_TRAFFIC_01,EVIDENCES,FIRE_119_RECORD
AE_FIRE_PT_01566,RP_MACHINE_01,EVIDENCES,FIRE_119_RECORD
AE_FIRE_PT_01567,RP_SLIP_TERRAIN,EVIDENCES,FIRE_119_RECORD
AE_FIRE_PT_01568,RP_FALL_CLIFF,EVIDENCES,FIRE_119_RECORD
AE_FIRE_PT_01569,RP_MACHINE_01,EVIDENCES,FIRE_119_RECORD
AE_FIRE_PT_01570,RP_SLIP_TERRAIN,EVIDENCES,FIRE_119_RECORD
AE_FIRE_PT_01571,RP_SLIP_TERRAIN,EVIDENCES,FIRE_119_RECORD
AE_FIRE_PT_01572,RP_TRAFFIC_01,EVIDENCES,FIRE_119_RECORD
AE_FIRE_PT_01573,RP_MACHINE_01,EVIDENCES,FIRE_119_RECORD
AE_FIRE_PT_01574,RP_MACHINE_01,EVIDENCES,FIRE_119_RECORD
AE_FIRE_PT_01575,RP_SLIP_TERRAIN,EVIDENCES,FIRE_119_RECORD
AE_FIRE_PT_01576,RP_TRAFFIC_01,EVIDENCES,FIRE_119_RECORD
AE_FIRE_PT_01577,RP_TRAFFIC_01,EVIDENCES,FIRE_119_RECORD
AE_FIRE_PT_01578,RP_SLIP_TERRAIN,EVIDENCES,FIRE_119_RECORD
AE_FIRE_PT_01579,RP_FALL_CLIFF,EVIDENCES,FIRE_119_RECORD
AE_FIRE_PT_01580,RP_SLIP_TERRAIN,EVIDENCES,FIRE_119_RECORD
AE_FIRE_PT_01581,RP_MACHINE_01,EVIDENCES,FIRE_119_RECORD
AE_FIRE_PT_01582,RP_SLIP_TERRAIN,EVIDENCES,FIRE_119_RECORD
AE_FIRE_PT_01583,RP_MACHINE_01,EVIDENCES,FIRE_119_RECORD
AE_FIRE_PT_01584,RP_TRAFFIC_01,EVIDENCES,FIRE_119_RECORD
AE_FIRE_PT_01585,RP_TRAFFIC_01,EVIDENCES,FIRE_119_RECORD
AE_FIRE_PT_01586,RP_SLIP_TERRAIN,EVIDENCES,FIRE_119_RECORD
AE_FIRE_PT_01587,RP_TRAFFIC_01,EVIDENCES,FIRE_119_RECORD
AE_FIRE_PT_01588,RP_TRAFFIC_01,EVIDENCES,FIRE_119_RECORD
AE_FIRE_PT_01589,RP_SLIP_TERRAIN,EVIDENCES,FIRE_119_RECORD
AE_FIRE_PT_01590,RP_TRAFFIC_01,EVIDENCES,FIRE_119_RECORD
AE_FIRE_PT_01591,RP_TRAFFIC_01,EVIDENCES,FIRE_119_RECORD
AE_FIRE_PT_01592,RP_SLIP_TERRAIN,EVIDENCES,FIRE_119_RECORD
AE_FIRE_PT_01593,RP_DROWN_01,EVIDENCES,FIRE_119_RECORD
AE_FIRE_PT_01594,RP_TRAFFIC_01,EVIDENCES,FIRE_119_RECORD
AE_FIRE_PT_01595,RP_TRAFFIC_01,EVIDENCES,FIRE_119_RECORD
AE_FIRE_PT_01596,RP_MACHINE_01,EVIDENCES,FIRE_119_RECORD
AE_FIRE_PT_01597,RP_MACHINE_01,EVIDENCES,FIRE_119_RECORD
AE_FIRE_PT_01598,RP_TRAFFIC_01,EVIDENCES,FIRE_119_RECORD
AE_FIRE_PT_01599,RP_MACHINE_01,EVIDENCES,FIRE_119_RECORD
AE_FIRE_PT_01600,RP_MACHINE_01,EVIDENCES,FIRE_119_RECORD
AE_FIRE_PT_01601,RP_MACHINE_01,EVIDENCES,FIRE_119_RECORD
AE_FIRE_PT_01602,RP_SLIP_TERRAIN,EVIDENCES,FIRE_119_RECORD
AE_FIRE_PT_01603,RP_SLIP_TERRAIN,EVIDENCES,FIRE_119_RECORD
AE_FIRE_PT_01604,RP_SLIP_TERRAIN,EVIDENCES,FIRE_119_RECORD
AE_FIRE_PT_01605,RP_SLIP_TERRAIN,EVIDENCES,FIRE_119_RECORD
AE_FIRE_PT_01606,RP_TRAFFIC_01,EVIDENCES,FIRE_119_RECORD
AE_FIRE_PT_01607,RP_SLIP_TERRAIN,EVIDENCES,FIRE_119_RECORD
AE_FIRE_PT_01608,RP_SLIP_TERRAIN,EVIDENCES,FIRE_119_RECORD
AE_FIRE_PT_01609,RP_MACHINE_01,EVIDENCES,FIRE_119_RECORD
AE_FIRE_PT_01610,RP_TRAFFIC_01,EVIDENCES,FIRE_119_RECORD
AE_FIRE_PT_01611,RP_SLIP_TERRAIN,EVIDENCES,FIRE_119_RECORD
AE_FIRE_PT_01612,RP_TRAFFIC_01,EVIDENCES,FIRE_119_RECORD
AE_FIRE_PT_01613,RP_TRAFFIC_01,EVIDENCES,FIRE_119_RECORD
AE_FIRE_PT_01614,RP_TRAFFIC_01,EVIDENCES,FIRE_119_RECORD
AE_FIRE_PT_01615,RP_TRAFFIC_01,EVIDENCES,FIRE_119_RECORD
AE_FIRE_PT_01616,RP_MACHINE_01,EVIDENCES,FIRE_119_RECORD
AE_FIRE_PT_01617,RP_SLIP_TERRAIN,EVIDENCES,FIRE_119_RECORD
AE_FIRE_PT_01618,RP_SLIP_TERRAIN,EVIDENCES,FIRE_119_RECORD
AE_FIRE_PT_01619,RP_TRAFFIC_01,EVIDENCES,FIRE_119_RECORD
AE_FIRE_PT_01620,RP_TRAFFIC_01,EVIDENCES,FIRE_119_RECORD
AE_FIRE_PT_01621,RP_TRAFFIC_01,EVIDENCES,FIRE_119_RECORD
AE_FIRE_PT_01622,RP_TRAFFIC_01,EVIDENCES,FIRE_119_RECORD
AE_FIRE_PT_01623,RP_TRAFFIC_01,EVIDENCES,FIRE_119_RECORD
AE_FIRE_PT_01624,RP_TRAFFIC_01,EVIDENCES,FIRE_119_RECORD
AE_FIRE_PT_01625,RP_SLIP_TERRAIN,EVIDENCES,FIRE_119_RECORD
AE_FIRE_PT_01626,RP_SLIP_TERRAIN,EVIDENCES,FIRE_119_RECORD
AE_FIRE_PT_01627,RP_ANIMAL_01,EVIDENCES,FIRE_119_RECORD
AE_FIRE_PT_01628,RP_SLIP_TERRAIN,EVIDENCES,FIRE_119_RECORD
AE_FIRE_PT_01629,RP_TRAFFIC_01,EVIDENCES,FIRE_119_RECORD
AE_FIRE_PT_01630,RP_SLIP_TERRAIN,EVIDENCES,FIRE_119_RECORD
AE_FIRE_PT_01631,RP_SLIP_TERRAIN,EVIDENCES,FIRE_119_RECORD
AE_FIRE_PT_01632,RP_TRAFFIC_01,EVIDENCES,FIRE_119_RECORD
AE_FIRE_PT_01633,RP_TRAFFIC_01,EVIDENCES,FIRE_119_RECORD
AE_FIRE_PT_01634,RP_TRAFFIC_01,EVIDENCES,FIRE_119_RECORD
AE_FIRE_PT_01635,RP_SLIP_TERRAIN,EVIDENCES,FIRE_119_RECORD
AE_FIRE_PT_01636,RP_TRAFFIC_01,EVIDENCES,FIRE_119_RECORD
AE_FIRE_PT_01637,RP_TRAFFIC_01,EVIDENCES,FIRE_119_RECORD
AE_FIRE_PT_01638,RP_FALL_CLIFF,EVIDENCES,FIRE_119_RECORD
AE_FIRE_PT_01639,RP_SLIP_TERRAIN,EVIDENCES,FIRE_119_RECORD
AE_FIRE_PT_01640,RP_MACHINE_01,EVIDENCES,FIRE_119_RECORD
AE_FIRE_PT_01641,RP_TRAFFIC_01,EVIDENCES,FIRE_119_RECORD
AE_FIRE_PT_01642,RP_TRAFFIC_01,EVIDENCES,FIRE_119_RECORD
AE_FIRE_PT_01643,RP_SLIP_TERRAIN,EVIDENCES,FIRE_119_RECORD
AE_FIRE_PT_01644,RP_TRAFFIC_01,EVIDENCES,FIRE_119_RECORD
AE_FIRE_PT_01645,RP_TRAFFIC_01,EVIDENCES,FIRE_119_RECORD
AE_FIRE_PT_01646,RP_TRAFFIC_01,EVIDENCES,FIRE_119_RECORD
AE_FIRE_PT_01647,RP_TRAFFIC_01,EVIDENCES,FIRE_119_RECORD
AE_FIRE_PT_01648,RP_SLIP_TERRAIN,EVIDENCES,FIRE_119_RECORD
AE_FIRE_PT_01649,RP_SLIP_TERRAIN,EVIDENCES,FIRE_119_RECORD
AE_FIRE_PT_01650,RP_SLIP_TERRAIN,EVIDENCES,FIRE_119_RECORD
AE_FIRE_PT_01651,RP_TRAFFIC_01,EVIDENCES,FIRE_119_RECORD
AE_FIRE_PT_01652,RP_TRAFFIC_01,EVIDENCES,FIRE_119_RECORD
AE_FIRE_PT_01653,RP_TRAFFIC_01,EVIDENCES,FIRE_119_RECORD
AE_FIRE_PT_01654,RP_MACHINE_01,EVIDENCES,FIRE_119_RECORD
AE_FIRE_PT_01655,RP_ANIMAL_01,EVIDENCES,FIRE_119_RECORD
AE_FIRE_PT_01656,RP_SLIP_TERRAIN,EVIDENCES,FIRE_119_RECORD
AE_FIRE_PT_01657,RP_MACHINE_01,EVIDENCES,FIRE_119_RECORD
AE_FIRE_PT_01658,RP_MACHINE_01,EVIDENCES,FIRE_119_RECORD
AE_FIRE_PT_01659,RP_SLIP_TERRAIN,EVIDENCES,FIRE_119_RECORD
AE_FIRE_PT_01660,RP_SLIP_TERRAIN,EVIDENCES,FIRE_119_RECORD
AE_FIRE_PT_01661,RP_SLIP_TERRAIN,EVIDENCES,FIRE_119_RECORD
AE_FIRE_PT_01662,RP_TRAFFIC_01,EVIDENCES,FIRE_119_RECORD
AE_FIRE_PT_01663,RP_MACHINE_01,EVIDENCES,FIRE_119_RECORD
AE_FIRE_PT_01664,RP_DROWN_01,EVIDENCES,FIRE_119_RECORD
AE_FIRE_PT_01665,RP_TRAFFIC_01,EVIDENCES,FIRE_119_RECORD
AE_FIRE_PT_01666,RP_TRAFFIC_01,EVIDENCES,FIRE_119_RECORD
AE_FIRE_PT_01667,RP_TRAFFIC_01,EVIDENCES,FIRE_119_RECORD
AE_FIRE_PT_01668,RP_TRAFFIC_01,EVIDENCES,FIRE_119_RECORD
AE_FIRE_PT_01669,RP_TRAFFIC_01,EVIDENCES,FIRE_119_RECORD
AE_FIRE_PT_01670,RP_MACHINE_01,EVIDENCES,FIRE_119_RECORD
AE_FIRE_PT_01671,RP_TRAFFIC_01,EVIDENCES,FIRE_119_RECORD
AE_FIRE_PT_01672,RP_TRAFFIC_01,EVIDENCES,FIRE_119_RECORD
AE_FIRE_PT_01673,RP_SLIP_TERRAIN,EVIDENCES,FIRE_119_RECORD
AE_FIRE_PT_01674,RP_SLIP_TERRAIN,EVIDENCES,FIRE_119_RECORD
AE_FIRE_PT_01675,RP_SLIP_TERRAIN,EVIDENCES,FIRE_119_RECORD
AE_FIRE_PT_01676,RP_MACHINE_01,EVIDENCES,FIRE_119_RECORD
AE_FIRE_PT_01677,RP_FALL_CLIFF,EVIDENCES,FIRE_119_RECORD
AE_FIRE_PT_01678,RP_TRAFFIC_01,EVIDENCES,FIRE_119_RECORD
AE_FIRE_PT_01679,RP_TRAFFIC_01,EVIDENCES,FIRE_119_RECORD
AE_FIRE_PT_01680,RP_TRAFFIC_01,EVIDENCES,FIRE_119_RECORD
AE_FIRE_PT_01681,RP_TRAFFIC_01,EVIDENCES,FIRE_119_RECORD
AE_FIRE_PT_01682,RP_SLIP_TERRAIN,EVIDENCES,FIRE_119_RECORD
AE_FIRE_PT_01683,RP_TRAFFIC_01,EVIDENCES,FIRE_119_RECORD
AE_FIRE_PT_01684,RP_SLIP_TERRAIN,EVIDENCES,FIRE_119_RECORD
AE_FIRE_PT_01685,RP_MACHINE_01,EVIDENCES,FIRE_119_RECORD
AE_FIRE_PT_01686,RP_TRAFFIC_01,EVIDENCES,FIRE_119_RECORD
AE_FIRE_PT_01687,RP_SLIP_TERRAIN,EVIDENCES,FIRE_119_RECORD
AE_FIRE_PT_01688,RP_SLIP_TERRAIN,EVIDENCES,FIRE_119_RECORD
AE_FIRE_PT_01689,RP_SLIP_TERRAIN,EVIDENCES,FIRE_119_RECORD
AE_FIRE_PT_01690,RP_SLIP_TERRAIN,EVIDENCES,FIRE_119_RECORD
AE_FIRE_PT_01691,RP_MACHINE_01,EVIDENCES,FIRE_119_RECORD
AE_FIRE_PT_01692,RP_TRAFFIC_01,EVIDENCES,FIRE_119_RECORD
AE_FIRE_PT_01693,RP_TRAFFIC_01,EVIDENCES,FIRE_119_RECORD
AE_FIRE_PT_01694,RP_MACHINE_01,EVIDENCES,FIRE_119_RECORD
AE_FIRE_PT_01695,RP_MACHINE_01,EVIDENCES,FIRE_119_RECORD
AE_FIRE_PT_01696,RP_DROWN_01,EVIDENCES,FIRE_119_RECORD
AE_FIRE_PT_01697,RP_TRAFFIC_01,EVIDENCES,FIRE_119_RECORD
AE_FIRE_PT_01698,RP_MACHINE_01,EVIDENCES,FIRE_119_RECORD
AE_FIRE_PT_01699,RP_SLIP_TERRAIN,EVIDENCES,FIRE_119_RECORD
AE_FIRE_PT_01700,RP_TRAFFIC_01,EVIDENCES,FIRE_119_RECORD
AE_FIRE_PT_01701,RP_TRAFFIC_01,EVIDENCES,FIRE_119_RECORD
AE_FIRE_PT_01702,RP_SLIP_TERRAIN,EVIDENCES,FIRE_119_RECORD
AE_FIRE_PT_01703,RP_TRAFFIC_01,EVIDENCES,FIRE_119_RECORD
AE_FIRE_PT_01704,RP_TRAFFIC_01,EVIDENCES,FIRE_119_RECORD
AE_FIRE_PT_01705,RP_SLIP_TERRAIN,EVIDENCES,FIRE_119_RECORD
AE_FIRE_PT_01706,RP_FALL_CLIFF,EVIDENCES,FIRE_119_RECORD
AE_FIRE_PT_01707,RP_TRAFFIC_01,EVIDENCES,FIRE_119_RECORD
AE_FIRE_PT_01708,RP_TRAFFIC_01,EVIDENCES,FIRE_119_RECORD
AE_FIRE_PT_01709,RP_MACHINE_01,EVIDENCES,FIRE_119_RECORD
AE_FIRE_PT_01710,RP_SLIP_TERRAIN,EVIDENCES,FIRE_119_RECORD
AE_FIRE_PT_01711,RP_MACHINE_01,EVIDENCES,FIRE_119_RECORD
AE_FIRE_PT_01712,RP_SLIP_TERRAIN,EVIDENCES,FIRE_119_RECORD
AE_FIRE_PT_01713,RP_SLIP_TERRAIN,EVIDENCES,FIRE_119_RECORD
AE_FIRE_PT_01714,RP_TRAFFIC_01,EVIDENCES,FIRE_119_RECORD
AE_FIRE_PT_01715,RP_TRAFFIC_01,EVIDENCES,FIRE_119_RECORD
AE_FIRE_PT_01716,RP_SLIP_TERRAIN,EVIDENCES,FIRE_119_RECORD
AE_FIRE_PT_01717,RP_MACHINE_01,EVIDENCES,FIRE_119_RECORD
AE_FIRE_PT_01718,RP_TRAFFIC_01,EVIDENCES,FIRE_119_RECORD
AE_FIRE_PT_01719,RP_TRAFFIC_01,EVIDENCES,FIRE_119_RECORD
AE_FIRE_PT_01720,RP_FALL_CLIFF,EVIDENCES,FIRE_119_RECORD
AE_FIRE_PT_01721,RP_FALL_CLIFF,EVIDENCES,FIRE_119_RECORD
AE_FIRE_PT_01722,RP_TRAFFIC_01,EVIDENCES,FIRE_119_RECORD
AE_FIRE_PT_01723,RP_TRAFFIC_01,EVIDENCES,FIRE_119_RECORD
AE_FIRE_PT_01724,RP_TRAFFIC_01,EVIDENCES,FIRE_119_RECORD
AE_FIRE_PT_01725,RP_TRAFFIC_01,EVIDENCES,FIRE_119_RECORD
AE_FIRE_PT_01726,RP_TRAFFIC_01,EVIDENCES,FIRE_119_RECORD
AE_FIRE_PT_01727,RP_TRAFFIC_01,EVIDENCES,FIRE_119_RECORD
AE_FIRE_PT_01728,RP_MACHINE_01,EVIDENCES,FIRE_119_RECORD
AE_FIRE_PT_01729,RP_TRAFFIC_01,EVIDENCES,FIRE_119_RECORD
AE_FIRE_PT_01730,RP_TRAFFIC_01,EVIDENCES,FIRE_119_RECORD
AE_FIRE_PT_01731,RP_TRAFFIC_01,EVIDENCES,FIRE_119_RECORD
AE_FIRE_PT_01732,RP_TRAFFIC_01,EVIDENCES,FIRE_119_RECORD
AE_FIRE_PT_01733,RP_SLIP_TERRAIN,EVIDENCES,FIRE_119_RECORD
AE_FIRE_PT_01734,RP_TRAFFIC_01,EVIDENCES,FIRE_119_RECORD
AE_FIRE_PT_01735,RP_TRAFFIC_01,EVIDENCES,FIRE_119_RECORD
AE_FIRE_PT_01736,RP_SLIP_TERRAIN,EVIDENCES,FIRE_119_RECORD
AE_FIRE_PT_01737,RP_TRAFFIC_01,EVIDENCES,FIRE_119_RECORD
AE_FIRE_PT_01738,RP_MACHINE_01,EVIDENCES,FIRE_119_RECORD
AE_FIRE_PT_01739,RP_FALL_CLIFF,EVIDENCES,FIRE_119_RECORD
AE_FIRE_PT_01740,RP_TRAFFIC_01,EVIDENCES,FIRE_119_RECORD
AE_FIRE_PT_01741,RP_TRAFFIC_01,EVIDENCES,FIRE_119_RECORD
AE_FIRE_PT_01742,RP_TRAFFIC_01,EVIDENCES,FIRE_119_RECORD
AE_FIRE_PT_01743,RP_SLIP_TERRAIN,EVIDENCES,FIRE_119_RECORD
AE_FIRE_PT_01744,RP_TRAFFIC_01,EVIDENCES,FIRE_119_RECORD
AE_FIRE_PT_01745,RP_TRAFFIC_01,EVIDENCES,FIRE_119_RECORD
AE_FIRE_PT_01746,RP_SLIP_TERRAIN,EVIDENCES,FIRE_119_RECORD
AE_FIRE_PT_01747,RP_MACHINE_01,EVIDENCES,FIRE_119_RECORD
AE_FIRE_PT_01748,RP_DROWN_01,EVIDENCES,FIRE_119_RECORD
AE_FIRE_PT_01749,RP_SLIP_TERRAIN,EVIDENCES,FIRE_119_RECORD
AE_FIRE_PT_01750,RP_SLIP_TERRAIN,EVIDENCES,FIRE_119_RECORD
AE_FIRE_PT_01751,RP_SLIP_TERRAIN,EVIDENCES,FIRE_119_RECORD
AE_FIRE_PT_01752,RP_TRAFFIC_01,EVIDENCES,FIRE_119_RECORD
AE_FIRE_PT_01753,RP_MACHINE_01,EVIDENCES,FIRE_119_RECORD
AE_FIRE_PT_01754,RP_MACHINE_01,EVIDENCES,FIRE_119_RECORD
AE_FIRE_PT_01755,RP_TRAFFIC_01,EVIDENCES,FIRE_119_RECORD
AE_FIRE_PT_01756,RP_TRAFFIC_01,EVIDENCES,FIRE_119_RECORD
AE_FIRE_PT_01757,RP_TRAFFIC_01,EVIDENCES,FIRE_119_RECORD
AE_FIRE_PT_01758,RP_TRAFFIC_01,EVIDENCES,FIRE_119_RECORD
AE_FIRE_PT_01759,RP_TRAFFIC_01,EVIDENCES,FIRE_119_RECORD
AE_FIRE_PT_01760,RP_TRAFFIC_01,EVIDENCES,FIRE_119_RECORD
AE_FIRE_PT_01761,RP_TRAFFIC_01,EVIDENCES,FIRE_119_RECORD
AE_FIRE_PT_01762,RP_TRAFFIC_01,EVIDENCES,FIRE_119_RECORD
AE_FIRE_PT_01763,RP_SLIP_TERRAIN,EVIDENCES,FIRE_119_RECORD
AE_FIRE_PT_01764,RP_TRAFFIC_01,EVIDENCES,FIRE_119_RECORD
AE_FIRE_PT_01765,RP_TRAFFIC_01,EVIDENCES,FIRE_119_RECORD
AE_FIRE_PT_01766,RP_SLIP_TERRAIN,EVIDENCES,FIRE_119_RECORD
AE_FIRE_PT_01767,RP_MACHINE_01,EVIDENCES,FIRE_119_RECORD
AE_FIRE_PT_01768,RP_MACHINE_01,EVIDENCES,FIRE_119_RECORD
AE_FIRE_PT_01769,RP_TRAFFIC_01,EVIDENCES,FIRE_119_RECORD
AE_FIRE_PT_01770,RP_TRAFFIC_01,EVIDENCES,FIRE_119_RECORD
AE_FIRE_PT_01771,RP_TRAFFIC_01,EVIDENCES,FIRE_119_RECORD
AE_FIRE_PT_01772,RP_TRAFFIC_01,EVIDENCES,FIRE_119_RECORD
AE_FIRE_PT_01773,RP_TRAFFIC_01,EVIDENCES,FIRE_119_RECORD
AE_FIRE_PT_01774,RP_TRAFFIC_01,EVIDENCES,FIRE_119_RECORD
AE_FIRE_PT_01775,RP_TRAFFIC_01,EVIDENCES,FIRE_119_RECORD
AE_FIRE_PT_01776,RP_MACHINE_01,EVIDENCES,FIRE_119_RECORD
AE_FIRE_PT_01777,RP_MACHINE_01,EVIDENCES,FIRE_119_RECORD
AE_FIRE_PT_01778,RP_MACHINE_01,EVIDENCES,FIRE_119_RECORD
AE_FIRE_PT_01779,RP_SLIP_TERRAIN,EVIDENCES,FIRE_119_RECORD
AE_FIRE_PT_01780,RP_TRAFFIC_01,EVIDENCES,FIRE_119_RECORD
AE_FIRE_PT_01781,RP_SLIP_TERRAIN,EVIDENCES,FIRE_119_RECORD
AE_FIRE_PT_01782,RP_TRAFFIC_01,EVIDENCES,FIRE_119_RECORD
AE_FIRE_PT_01783,RP_TRAFFIC_01,EVIDENCES,FIRE_119_RECORD
AE_FIRE_PT_01784,RP_TRAFFIC_01,EVIDENCES,FIRE_119_RECORD
AE_FIRE_PT_01785,RP_TRAFFIC_01,EVIDENCES,FIRE_119_RECORD
AE_FIRE_PT_01786,RP_SLIP_TERRAIN,EVIDENCES,FIRE_119_RECORD
AE_FIRE_PT_01787,RP_TRAFFIC_01,EVIDENCES,FIRE_119_RECORD
AE_FIRE_PT_01788,RP_MACHINE_01,EVIDENCES,FIRE_119_RECORD
AE_FIRE_PT_01789,RP_TRAFFIC_01,EVIDENCES,FIRE_119_RECORD
AE_FIRE_PT_01790,RP_MACHINE_01,EVIDENCES,FIRE_119_RECORD
AE_FIRE_PT_01791,RP_TRAFFIC_01,EVIDENCES,FIRE_119_RECORD
AE_FIRE_PT_01792,RP_MACHINE_01,EVIDENCES,FIRE_119_RECORD
AE_FIRE_PT_01793,RP_FALL_CLIFF,EVIDENCES,FIRE_119_RECORD
AE_FIRE_PT_01794,RP_SLIP_TERRAIN,EVIDENCES,FIRE_119_RECORD
AE_FIRE_PT_01795,RP_TRAFFIC_01,EVIDENCES,FIRE_119_RECORD
AE_FIRE_PT_01796,RP_TRAFFIC_01,EVIDENCES,FIRE_119_RECORD
AE_FIRE_PT_01797,RP_TRAFFIC_01,EVIDENCES,FIRE_119_RECORD
AE_FIRE_PT_01798,RP_TRAFFIC_01,EVIDENCES,FIRE_119_RECORD
AE_FIRE_PT_01799,RP_TRAFFIC_01,EVIDENCES,FIRE_119_RECORD
AE_FIRE_PT_01800,RP_SLIP_TERRAIN,EVIDENCES,FIRE_119_RECORD
AE_FIRE_PT_01801,RP_MACHINE_01,EVIDENCES,FIRE_119_RECORD
AE_FIRE_PT_01802,RP_SLIP_TERRAIN,EVIDENCES,FIRE_119_RECORD
AE_FIRE_PT_01803,RP_SLIP_TERRAIN,EVIDENCES,FIRE_119_RECORD
AE_FIRE_PT_01804,RP_TRAFFIC_01,EVIDENCES,FIRE_119_RECORD
AE_FIRE_PT_01805,RP_TRAFFIC_01,EVIDENCES,FIRE_119_RECORD
AE_FIRE_PT_01806,RP_TRAFFIC_01,EVIDENCES,FIRE_119_RECORD
AE_FIRE_PT_01807,RP_MACHINE_01,EVIDENCES,FIRE_119_RECORD
AE_FIRE_PT_01808,RP_SLIP_TERRAIN,EVIDENCES,FIRE_119_RECORD
AE_FIRE_PT_01809,RP_SLIP_TERRAIN,EVIDENCES,FIRE_119_RECORD
AE_FIRE_PT_01810,RP_TRAFFIC_01,EVIDENCES,FIRE_119_RECORD
AE_FIRE_PT_01811,RP_MACHINE_01,EVIDENCES,FIRE_119_RECORD
AE_FIRE_PT_01812,RP_SLIP_TERRAIN,EVIDENCES,FIRE_119_RECORD
AE_FIRE_PT_01813,RP_SLIP_TERRAIN,EVIDENCES,FIRE_119_RECORD
AE_FIRE_PT_01814,RP_TRAFFIC_01,EVIDENCES,FIRE_119_RECORD
AE_FIRE_PT_01815,RP_MACHINE_01,EVIDENCES,FIRE_119_RECORD
AE_FIRE_PT_01816,RP_TRAFFIC_01,EVIDENCES,FIRE_119_RECORD
AE_FIRE_PT_01817,RP_MACHINE_01,EVIDENCES,FIRE_119_RECORD
AE_FIRE_PT_01818,RP_MACHINE_01,EVIDENCES,FIRE_119_RECORD
AE_FIRE_PT_01819,RP_SLIP_TERRAIN,EVIDENCES,FIRE_119_RECORD
AE_FIRE_PT_01820,RP_SLIP_TERRAIN,EVIDENCES,FIRE_119_RECORD
AE_FIRE_PT_01821,RP_TRAFFIC_01,EVIDENCES,FIRE_119_RECORD
AE_FIRE_PT_01822,RP_MACHINE_01,EVIDENCES,FIRE_119_RECORD
AE_FIRE_PT_01823,RP_FALL_CLIFF,EVIDENCES,FIRE_119_RECORD
AE_FIRE_PT_01824,RP_TRAFFIC_01,EVIDENCES,FIRE_119_RECORD
AE_FIRE_PT_01825,RP_TRAFFIC_01,EVIDENCES,FIRE_119_RECORD
AE_FIRE_PT_01826,RP_TRAFFIC_01,EVIDENCES,FIRE_119_RECORD
AE_FIRE_PT_01827,RP_TRAFFIC_01,EVIDENCES,FIRE_119_RECORD
AE_FIRE_PT_01828,RP_SLIP_TERRAIN,EVIDENCES,FIRE_119_RECORD
AE_FIRE_PT_01829,RP_MACHINE_01,EVIDENCES,FIRE_119_RECORD
AE_FIRE_PT_01830,RP_TRAFFIC_01,EVIDENCES,FIRE_119_RECORD
AE_FIRE_PT_01831,RP_TRAFFIC_01,EVIDENCES,FIRE_119_RECORD
AE_FIRE_PT_01832,RP_TRAFFIC_01,EVIDENCES,FIRE_119_RECORD
AE_FIRE_PT_01833,RP_SLIP_TERRAIN,EVIDENCES,FIRE_119_RECORD
AE_FIRE_PT_01834,RP_SLIP_TERRAIN,EVIDENCES,FIRE_119_RECORD
AE_FIRE_PT_01835,RP_SLIP_TERRAIN,EVIDENCES,FIRE_119_RECORD
AE_FIRE_PT_01836,RP_SLIP_TERRAIN,EVIDENCES,FIRE_119_RECORD
AE_FIRE_PT_01837,RP_MACHINE_01,EVIDENCES,FIRE_119_RECORD
AE_FIRE_PT_01838,RP_TRAFFIC_01,EVIDENCES,FIRE_119_RECORD
AE_FIRE_PT_01839,RP_TRAFFIC_01,EVIDENCES,FIRE_119_RECORD
AE_FIRE_PT_01840,RP_TRAFFIC_01,EVIDENCES,FIRE_119_RECORD
AE_FIRE_PT_01841,RP_SLIP_TERRAIN,EVIDENCES,FIRE_119_RECORD
AE_FIRE_PT_01842,RP_MACHINE_01,EVIDENCES,FIRE_119_RECORD
AE_FIRE_PT_01843,RP_TRAFFIC_01,EVIDENCES,FIRE_119_RECORD
AE_FIRE_PT_01844,RP_SLIP_TERRAIN,EVIDENCES,FIRE_119_RECORD
AE_FIRE_PT_01845,RP_ANIMAL_01,EVIDENCES,FIRE_119_RECORD
AE_FIRE_PT_01846,RP_SLIP_TERRAIN,EVIDENCES,FIRE_119_RECORD
AE_FIRE_PT_01847,RP_SLIP_TERRAIN,EVIDENCES,FIRE_119_RECORD
AE_FIRE_PT_01848,RP_TRAFFIC_01,EVIDENCES,FIRE_119_RECORD
AE_FIRE_PT_01849,RP_TRAFFIC_01,EVIDENCES,FIRE_119_RECORD
AE_FIRE_PT_01850,RP_MACHINE_01,EVIDENCES,FIRE_119_RECORD
AE_FIRE_PT_01851,RP_SLIP_TERRAIN,EVIDENCES,FIRE_119_RECORD
AE_FIRE_PT_01852,RP_SLIP_TERRAIN,EVIDENCES,FIRE_119_RECORD
AE_FIRE_PT_01853,RP_TRAFFIC_01,EVIDENCES,FIRE_119_RECORD
AE_FIRE_PT_01854,RP_TRAFFIC_01,EVIDENCES,FIRE_119_RECORD
AE_FIRE_PT_01855,RP_TRAFFIC_01,EVIDENCES,FIRE_119_RECORD
AE_FIRE_PT_01856,RP_SLIP_TERRAIN,EVIDENCES,FIRE_119_RECORD
AE_FIRE_PT_01857,RP_SLIP_TERRAIN,EVIDENCES,FIRE_119_RECORD
AE_FIRE_PT_01858,RP_SLIP_TERRAIN,EVIDENCES,FIRE_119_RECORD
AE_FIRE_PT_01859,RP_TRAFFIC_01,EVIDENCES,FIRE_119_RECORD
AE_FIRE_PT_01860,RP_SLIP_TERRAIN,EVIDENCES,FIRE_119_RECORD
AE_FIRE_PT_01861,RP_TRAFFIC_01,EVIDENCES,FIRE_119_RECORD
AE_FIRE_PT_01862,RP_FALL_CLIFF,EVIDENCES,FIRE_119_RECORD
AE_FIRE_PT_01863,RP_TRAFFIC_01,EVIDENCES,FIRE_119_RECORD
AE_FIRE_PT_01864,RP_MACHINE_01,EVIDENCES,FIRE_119_RECORD
AE_FIRE_PT_01865,RP_SLIP_TERRAIN,EVIDENCES,FIRE_119_RECORD
AE_FIRE_PT_01866,RP_TRAFFIC_01,EVIDENCES,FIRE_119_RECORD
AE_FIRE_PT_01867,RP_SLIP_TERRAIN,EVIDENCES,FIRE_119_RECORD
AE_FIRE_PT_01868,RP_SLIP_TERRAIN,EVIDENCES,FIRE_119_RECORD
AE_FIRE_PT_01869,RP_SLIP_TERRAIN,EVIDENCES,FIRE_119_RECORD
AE_FIRE_PT_01870,RP_SLIP_TERRAIN,EVIDENCES,FIRE_119_RECORD
AE_FIRE_PT_01871,RP_SLIP_TERRAIN,EVIDENCES,FIRE_119_RECORD
AE_FIRE_PT_01872,RP_FALL_CLIFF,EVIDENCES,FIRE_119_RECORD
AE_FIRE_PT_01873,RP_SLIP_TERRAIN,EVIDENCES,FIRE_119_RECORD
AE_FIRE_PT_01874,RP_MACHINE_01,EVIDENCES,FIRE_119_RECORD
AE_FIRE_PT_01875,RP_TRAFFIC_01,EVIDENCES,FIRE_119_RECORD
AE_FIRE_PT_01876,RP_TRAFFIC_01,EVIDENCES,FIRE_119_RECORD
AE_FIRE_PT_01877,RP_SLIP_TERRAIN,EVIDENCES,FIRE_119_RECORD
AE_FIRE_PT_01878,RP_SLIP_TERRAIN,EVIDENCES,FIRE_119_RECORD
AE_FIRE_PT_01879,RP_TRAFFIC_01,EVIDENCES,FIRE_119_RECORD
AE_FIRE_PT_01880,RP_SLIP_TERRAIN,EVIDENCES,FIRE_119_RECORD
AE_FIRE_PT_01881,RP_TRAFFIC_01,EVIDENCES,FIRE_119_RECORD
AE_FIRE_PT_01882,RP_SLIP_TERRAIN,EVIDENCES,FIRE_119_RECORD
AE_FIRE_PT_01883,RP_TRAFFIC_01,EVIDENCES,FIRE_119_RECORD
AE_FIRE_PT_01884,RP_TRAFFIC_01,EVIDENCES,FIRE_119_RECORD
AE_FIRE_PT_01885,RP_TRAFFIC_01,EVIDENCES,FIRE_119_RECORD
AE_FIRE_PT_01886,RP_TRAFFIC_01,EVIDENCES,FIRE_119_RECORD
AE_FIRE_PT_01887,RP_TRAFFIC_01,EVIDENCES,FIRE_119_RECORD
AE_FIRE_PT_01888,RP_TRAFFIC_01,EVIDENCES,FIRE_119_RECORD
AE_FIRE_PT_01889,RP_TRAFFIC_01,EVIDENCES,FIRE_119_RECORD
AE_FIRE_PT_01890,RP_TRAFFIC_01,EVIDENCES,FIRE_119_RECORD
AE_FIRE_PT_01891,RP_TRAFFIC_01,EVIDENCES,FIRE_119_RECORD
AE_FIRE_PT_01892,RP_SLIP_TERRAIN,EVIDENCES,FIRE_119_RECORD
AE_FIRE_PT_01893,RP_SLIP_TERRAIN,EVIDENCES,FIRE_119_RECORD
AE_FIRE_PT_01894,RP_SLIP_TERRAIN,EVIDENCES,FIRE_119_RECORD
AE_FIRE_PT_01895,RP_MACHINE_01,EVIDENCES,FIRE_119_RECORD
AE_FIRE_PT_01896,RP_SLIP_TERRAIN,EVIDENCES,FIRE_119_RECORD
AE_FIRE_PT_01897,RP_MACHINE_01,EVIDENCES,FIRE_119_RECORD
AE_FIRE_PT_01898,RP_FALL_CLIFF,EVIDENCES,FIRE_119_RECORD
AE_FIRE_PT_01899,RP_FALL_CLIFF,EVIDENCES,FIRE_119_RECORD
AE_FIRE_PT_01900,RP_SLIP_TERRAIN,EVIDENCES,FIRE_119_RECORD
AE_FIRE_PT_01901,RP_SLIP_TERRAIN,EVIDENCES,FIRE_119_RECORD
AE_FIRE_PT_01902,RP_MACHINE_01,EVIDENCES,FIRE_119_RECORD
AE_FIRE_PT_01903,RP_SLIP_TERRAIN,EVIDENCES,FIRE_119_RECORD
AE_FIRE_PT_01904,RP_SLIP_TERRAIN,EVIDENCES,FIRE_119_RECORD
AE_FIRE_PT_01905,RP_FALL_CLIFF,EVIDENCES,FIRE_119_RECORD
AE_FIRE_PT_01906,RP_TRAFFIC_01,EVIDENCES,FIRE_119_RECORD
AE_FIRE_PT_01907,RP_TRAFFIC_01,EVIDENCES,FIRE_119_RECORD
AE_FIRE_PT_01908,RP_TRAFFIC_01,EVIDENCES,FIRE_119_RECORD
AE_FIRE_PT_01909,RP_SLIP_TERRAIN,EVIDENCES,FIRE_119_RECORD
AE_FIRE_PT_01910,RP_SLIP_TERRAIN,EVIDENCES,FIRE_119_RECORD
AE_FIRE_PT_01911,RP_ANIMAL_01,EVIDENCES,FIRE_119_RECORD
AE_FIRE_PT_01912,RP_SLIP_TERRAIN,EVIDENCES,FIRE_119_RECORD
AE_FIRE_PT_01913,RP_SLIP_TERRAIN,EVIDENCES,FIRE_119_RECORD
AE_FIRE_PT_01914,RP_TRAFFIC_01,EVIDENCES,FIRE_119_RECORD
AE_FIRE_PT_01915,RP_TRAFFIC_01,EVIDENCES,FIRE_119_RECORD
AE_FIRE_PT_01916,RP_SLIP_TERRAIN,EVIDENCES,FIRE_119_RECORD
AE_FIRE_PT_01917,RP_SLIP_TERRAIN,EVIDENCES,FIRE_119_RECORD
AE_FIRE_PT_01918,RP_TRAFFIC_01,EVIDENCES,FIRE_119_RECORD
AE_FIRE_PT_01919,RP_TRAFFIC_01,EVIDENCES,FIRE_119_RECORD
AE_FIRE_PT_01920,RP_MACHINE_01,EVIDENCES,FIRE_119_RECORD
AE_FIRE_PT_01921,RP_TRAFFIC_01,EVIDENCES,FIRE_119_RECORD
AE_FIRE_PT_01922,RP_TRAFFIC_01,EVIDENCES,FIRE_119_RECORD
AE_FIRE_PT_01923,RP_SLIP_TERRAIN,EVIDENCES,FIRE_119_RECORD
AE_FIRE_PT_01924,RP_MACHINE_01,EVIDENCES,FIRE_119_RECORD
AE_FIRE_PT_01925,RP_TRAFFIC_01,EVIDENCES,FIRE_119_RECORD
AE_FIRE_PT_01926,RP_TRAFFIC_01,EVIDENCES,FIRE_119_RECORD
AE_FIRE_PT_01927,RP_TRAFFIC_01,EVIDENCES,FIRE_119_RECORD
AE_FIRE_PT_01928,RP_SLIP_TERRAIN,EVIDENCES,FIRE_119_RECORD
AE_FIRE_PT_01929,RP_SLIP_TERRAIN,EVIDENCES,FIRE_119_RECORD
AE_FIRE_PT_01930,RP_SLIP_TERRAIN,EVIDENCES,FIRE_119_RECORD
AE_FIRE_PT_01931,RP_TRAFFIC_01,EVIDENCES,FIRE_119_RECORD
AE_FIRE_PT_01932,RP_MACHINE_01,EVIDENCES,FIRE_119_RECORD
AE_FIRE_PT_01933,RP_TRAFFIC_01,EVIDENCES,FIRE_119_RECORD
AE_FIRE_PT_01934,RP_TRAFFIC_01,EVIDENCES,FIRE_119_RECORD
AE_FIRE_PT_01935,RP_FALL_CLIFF,EVIDENCES,FIRE_119_RECORD
AE_FIRE_PT_01936,RP_TRAFFIC_01,EVIDENCES,FIRE_119_RECORD
AE_FIRE_PT_01937,RP_TRAFFIC_01,EVIDENCES,FIRE_119_RECORD
AE_FIRE_PT_01938,RP_SLIP_TERRAIN,EVIDENCES,FIRE_119_RECORD
AE_FIRE_PT_01939,RP_TRAFFIC_01,EVIDENCES,FIRE_119_RECORD
AE_FIRE_PT_01940,RP_TRAFFIC_01,EVIDENCES,FIRE_119_RECORD
AE_FIRE_PT_01941,RP_TRAFFIC_01,EVIDENCES,FIRE_119_RECORD
AE_FIRE_PT_01942,RP_MACHINE_01,EVIDENCES,FIRE_119_RECORD
AE_FIRE_PT_01943,RP_MACHINE_01,EVIDENCES,FIRE_119_RECORD
AE_FIRE_PT_01944,RP_SLIP_TERRAIN,EVIDENCES,FIRE_119_RECORD
AE_FIRE_PT_01945,RP_TRAFFIC_01,EVIDENCES,FIRE_119_RECORD
AE_FIRE_PT_01946,RP_SLIP_TERRAIN,EVIDENCES,FIRE_119_RECORD
AE_FIRE_PT_01947,RP_TRAFFIC_01,EVIDENCES,FIRE_119_RECORD
AE_FIRE_PT_01948,RP_TRAFFIC_01,EVIDENCES,FIRE_119_RECORD
AE_FIRE_PT_01949,RP_TRAFFIC_01,EVIDENCES,FIRE_119_RECORD
AE_FIRE_PT_01950,RP_SLIP_TERRAIN,EVIDENCES,FIRE_119_RECORD
AE_FIRE_PT_01951,RP_SLIP_TERRAIN,EVIDENCES,FIRE_119_RECORD
AE_FIRE_PT_01952,RP_TRAFFIC_01,EVIDENCES,FIRE_119_RECORD
AE_FIRE_PT_01953,RP_TRAFFIC_01,EVIDENCES,FIRE_119_RECORD
AE_FIRE_PT_01954,RP_MACHINE_01,EVIDENCES,FIRE_119_RECORD
AE_FIRE_PT_01955,RP_SLIP_TERRAIN,EVIDENCES,FIRE_119_RECORD
AE_FIRE_PT_01956,RP_SLIP_TERRAIN,EVIDENCES,FIRE_119_RECORD
AE_FIRE_PT_01957,RP_SLIP_TERRAIN,EVIDENCES,FIRE_119_RECORD
AE_FIRE_PT_01958,RP_FALL_CLIFF,EVIDENCES,FIRE_119_RECORD
AE_FIRE_PT_01959,RP_SLIP_TERRAIN,EVIDENCES,FIRE_119_RECORD
AE_FIRE_PT_01960,RP_FALL_CLIFF,EVIDENCES,FIRE_119_RECORD
AE_FIRE_PT_01961,RP_TRAFFIC_01,EVIDENCES,FIRE_119_RECORD
AE_FIRE_PT_01962,RP_MACHINE_01,EVIDENCES,FIRE_119_RECORD
AE_FIRE_PT_01963,RP_SLIP_TERRAIN,EVIDENCES,FIRE_119_RECORD
AE_FIRE_PT_01964,RP_SLIP_TERRAIN,EVIDENCES,FIRE_119_RECORD
AE_FIRE_PT_01965,RP_SLIP_TERRAIN,EVIDENCES,FIRE_119_RECORD
AE_FIRE_PT_01966,RP_SLIP_TERRAIN,EVIDENCES,FIRE_119_RECORD
AE_FIRE_PT_01967,RP_MACHINE_01,EVIDENCES,FIRE_119_RECORD
AE_FIRE_PT_01968,RP_MACHINE_01,EVIDENCES,FIRE_119_RECORD
AE_FIRE_PT_01969,RP_ANIMAL_01,EVIDENCES,FIRE_119_RECORD
AE_FIRE_PT_01970,RP_MACHINE_01,EVIDENCES,FIRE_119_RECORD
AE_FIRE_PT_01971,RP_SLIP_TERRAIN,EVIDENCES,FIRE_119_RECORD
AE_FIRE_PT_01972,RP_SLIP_TERRAIN,EVIDENCES,FIRE_119_RECORD
AE_FIRE_PT_01973,RP_SLIP_TERRAIN,EVIDENCES,FIRE_119_RECORD
AE_FIRE_PT_01974,RP_SLIP_TERRAIN,EVIDENCES,FIRE_119_RECORD
AE_FIRE_PT_01975,RP_SLIP_TERRAIN,EVIDENCES,FIRE_119_RECORD
AE_FIRE_PT_01976,RP_SLIP_TERRAIN,EVIDENCES,FIRE_119_RECORD
AE_FIRE_PT_01977,RP_SLIP_TERRAIN,EVIDENCES,FIRE_119_RECORD
AE_FIRE_PT_01978,RP_SLIP_TERRAIN,EVIDENCES,FIRE_119_RECORD
AE_FIRE_PT_01979,RP_MACHINE_01,EVIDENCES,FIRE_119_RECORD
AE_FIRE_PT_01980,RP_FIRE_01,EVIDENCES,FIRE_119_RECORD
AE_FIRE_PT_01981,RP_TRAFFIC_01,EVIDENCES,FIRE_119_RECORD
AE_FIRE_PT_01982,RP_SLIP_TERRAIN,EVIDENCES,FIRE_119_RECORD
AE_FIRE_PT_01983,RP_TRAFFIC_01,EVIDENCES,FIRE_119_RECORD
AE_FIRE_PT_01984,RP_TRAFFIC_01,EVIDENCES,FIRE_119_RECORD
AE_FIRE_PT_01985,RP_MACHINE_01,EVIDENCES,FIRE_119_RECORD
AE_FIRE_PT_01986,RP_SLIP_TERRAIN,EVIDENCES,FIRE_119_RECORD
AE_FIRE_PT_01987,RP_TRAFFIC_01,EVIDENCES,FIRE_119_RECORD
AE_FIRE_PT_01988,RP_TRAFFIC_01,EVIDENCES,FIRE_119_RECORD
AE_FIRE_PT_01989,RP_TRAFFIC_01,EVIDENCES,FIRE_119_RECORD
AE_FIRE_PT_01990,RP_SLIP_TERRAIN,EVIDENCES,FIRE_119_RECORD
AE_FIRE_PT_01991,RP_SLIP_TERRAIN,EVIDENCES,FIRE_119_RECORD
AE_FIRE_PT_01992,RP_SLIP_TERRAIN,EVIDENCES,FIRE_119_RECORD
AE_FIRE_PT_01993,RP_FALL_CLIFF,EVIDENCES,FIRE_119_RECORD
AE_FIRE_PT_01994,RP_TRAFFIC_01,EVIDENCES,FIRE_119_RECORD
AE_FIRE_PT_01995,RP_TRAFFIC_01,EVIDENCES,FIRE_119_RECORD
AE_FIRE_PT_01996,RP_SLIP_TERRAIN,EVIDENCES,FIRE_119_RECORD
AE_FIRE_PT_01997,RP_TRAFFIC_01,EVIDENCES,FIRE_119_RECORD
AE_FIRE_PT_01998,RP_TRAFFIC_01,EVIDENCES,FIRE_119_RECORD
AE_FIRE_PT_01999,RP_MACHINE_01,EVIDENCES,FIRE_119_RECORD
AE_FIRE_PT_02000,RP_SLIP_TERRAIN,EVIDENCES,FIRE_119_RECORD
AE_FIRE_PT_02001,RP_SLIP_TERRAIN,EVIDENCES,FIRE_119_RECORD
AE_FIRE_PT_02002,RP_SLIP_TERRAIN,EVIDENCES,FIRE_119_RECORD
AE_FIRE_PT_02003,RP_TRAFFIC_01,EVIDENCES,FIRE_119_RECORD
AE_FIRE_PT_02004,RP_SLIP_TERRAIN,EVIDENCES,FIRE_119_RECORD
AE_FIRE_PT_02005,RP_SLIP_TERRAIN,EVIDENCES,FIRE_119_RECORD
AE_FIRE_PT_02006,RP_TRAFFIC_01,EVIDENCES,FIRE_119_RECORD
AE_FIRE_PT_02007,RP_MACHINE_01,EVIDENCES,FIRE_119_RECORD
AE_FIRE_PT_02008,RP_TRAFFIC_01,EVIDENCES,FIRE_119_RECORD
AE_FIRE_PT_02009,RP_SLIP_TERRAIN,EVIDENCES,FIRE_119_RECORD
AE_FIRE_PT_02010,RP_TRAFFIC_01,EVIDENCES,FIRE_119_RECORD
AE_FIRE_PT_02011,RP_SLIP_TERRAIN,EVIDENCES,FIRE_119_RECORD
AE_FIRE_PT_02012,RP_SLIP_TERRAIN,EVIDENCES,FIRE_119_RECORD
AE_FIRE_PT_02013,RP_SLIP_TERRAIN,EVIDENCES,FIRE_119_RECORD
AE_FIRE_PT_02014,RP_TRAFFIC_01,EVIDENCES,FIRE_119_RECORD
AE_FIRE_PT_02015,RP_MACHINE_01,EVIDENCES,FIRE_119_RECORD
AE_FIRE_PT_02016,RP_TRAFFIC_01,EVIDENCES,FIRE_119_RECORD
AE_FIRE_PT_02017,RP_SLIP_TERRAIN,EVIDENCES,FIRE_119_RECORD
AE_FIRE_PT_02018,RP_TRAFFIC_01,EVIDENCES,FIRE_119_RECORD
AE_FIRE_PT_02019,RP_TRAFFIC_01,EVIDENCES,FIRE_119_RECORD
AE_FIRE_PT_02020,RP_MACHINE_01,EVIDENCES,FIRE_119_RECORD
AE_FIRE_PT_02021,RP_SLIP_TERRAIN,EVIDENCES,FIRE_119_RECORD
AE_FIRE_PT_02022,RP_TRAFFIC_01,EVIDENCES,FIRE_119_RECORD
AE_FIRE_PT_02023,RP_TRAFFIC_01,EVIDENCES,FIRE_119_RECORD
AE_FIRE_PT_02024,RP_TRAFFIC_01,EVIDENCES,FIRE_119_RECORD
AE_FIRE_PT_02025,RP_TRAFFIC_01,EVIDENCES,FIRE_119_RECORD
AE_FIRE_PT_02026,RP_TRAFFIC_01,EVIDENCES,FIRE_119_RECORD
AE_FIRE_PT_02027,RP_TRAFFIC_01,EVIDENCES,FIRE_119_RECORD
AE_FIRE_PT_02028,RP_TRAFFIC_01,EVIDENCES,FIRE_119_RECORD
AE_FIRE_PT_02029,RP_TRAFFIC_01,EVIDENCES,FIRE_119_RECORD
AE_FIRE_PT_02030,RP_TRAFFIC_01,EVIDENCES,FIRE_119_RECORD
AE_FIRE_PT_02031,RP_TRAFFIC_01,EVIDENCES,FIRE_119_RECORD
AE_FIRE_PT_02032,RP_SLIP_TERRAIN,EVIDENCES,FIRE_119_RECORD
AE_FIRE_PT_02033,RP_TRAFFIC_01,EVIDENCES,FIRE_119_RECORD
AE_FIRE_PT_02034,RP_SLIP_TERRAIN,EVIDENCES,FIRE_119_RECORD
AE_FIRE_PT_02035,RP_SLIP_TERRAIN,EVIDENCES,FIRE_119_RECORD
AE_FIRE_PT_02036,RP_MACHINE_01,EVIDENCES,FIRE_119_RECORD
AE_FIRE_PT_02037,RP_MACHINE_01,EVIDENCES,FIRE_119_RECORD
AE_FIRE_PT_02038,RP_SLIP_TERRAIN,EVIDENCES,FIRE_119_RECORD
AE_FIRE_PT_02039,RP_TRAFFIC_01,EVIDENCES,FIRE_119_RECORD
AE_FIRE_PT_02040,RP_MACHINE_01,EVIDENCES,FIRE_119_RECORD
AE_FIRE_PT_02041,RP_TRAFFIC_01,EVIDENCES,FIRE_119_RECORD
AE_FIRE_PT_02042,RP_TRAFFIC_01,EVIDENCES,FIRE_119_RECORD
AE_FIRE_PT_02043,RP_TRAFFIC_01,EVIDENCES,FIRE_119_RECORD
AE_FIRE_PT_02044,RP_TRAFFIC_01,EVIDENCES,FIRE_119_RECORD
AE_FIRE_PT_02045,RP_TRAFFIC_01,EVIDENCES,FIRE_119_RECORD
AE_FIRE_PT_02046,RP_TRAFFIC_01,EVIDENCES,FIRE_119_RECORD
AE_FIRE_PT_02047,RP_TRAFFIC_01,EVIDENCES,FIRE_119_RECORD
AE_FIRE_PT_02048,RP_TRAFFIC_01,EVIDENCES,FIRE_119_RECORD
AE_FIRE_PT_02049,RP_TRAFFIC_01,EVIDENCES,FIRE_119_RECORD
AE_FIRE_PT_02050,RP_TRAFFIC_01,EVIDENCES,FIRE_119_RECORD
AE_FIRE_PT_02051,RP_SLIP_TERRAIN,EVIDENCES,FIRE_119_RECORD
AE_FIRE_PT_02052,RP_SLIP_TERRAIN,EVIDENCES,FIRE_119_RECORD
AE_FIRE_PT_02053,RP_SLIP_TERRAIN,EVIDENCES,FIRE_119_RECORD
AE_FIRE_PT_02054,RP_TRAFFIC_01,EVIDENCES,FIRE_119_RECORD
AE_FIRE_PT_02055,RP_TRAFFIC_01,EVIDENCES,FIRE_119_RECORD
AE_FIRE_PT_02056,RP_TRAFFIC_01,EVIDENCES,FIRE_119_RECORD
AE_FIRE_PT_02057,RP_TRAFFIC_01,EVIDENCES,FIRE_119_RECORD
AE_FIRE_PT_02058,RP_TRAFFIC_01,EVIDENCES,FIRE_119_RECORD
AE_FIRE_PT_02059,RP_TRAFFIC_01,EVIDENCES,FIRE_119_RECORD
AE_FIRE_PT_02060,RP_SLIP_TERRAIN,EVIDENCES,FIRE_119_RECORD
AE_FIRE_PT_02061,RP_TRAFFIC_01,EVIDENCES,FIRE_119_RECORD
AE_FIRE_PT_02062,RP_TRAFFIC_01,EVIDENCES,FIRE_119_RECORD
AE_FIRE_PT_02063,RP_TRAFFIC_01,EVIDENCES,FIRE_119_RECORD
AE_FIRE_PT_02064,RP_SLIP_TERRAIN,EVIDENCES,FIRE_119_RECORD
AE_FIRE_PT_02065,RP_MACHINE_01,EVIDENCES,FIRE_119_RECORD
AE_FIRE_PT_02066,RP_SLIP_TERRAIN,EVIDENCES,FIRE_119_RECORD
AE_FIRE_PT_02067,RP_SLIP_TERRAIN,EVIDENCES,FIRE_119_RECORD
AE_FIRE_PT_02068,RP_SLIP_TERRAIN,EVIDENCES,FIRE_119_RECORD
AE_FIRE_PT_02069,RP_SLIP_TERRAIN,EVIDENCES,FIRE_119_RECORD
AE_FIRE_PT_02070,RP_TRAFFIC_01,EVIDENCES,FIRE_119_RECORD
AE_FIRE_PT_02071,RP_SLIP_TERRAIN,EVIDENCES,FIRE_119_RECORD
AE_FIRE_PT_02072,RP_MACHINE_01,EVIDENCES,FIRE_119_RECORD
AE_FIRE_PT_02073,RP_SLIP_TERRAIN,EVIDENCES,FIRE_119_RECORD
AE_FIRE_PT_02074,RP_TRAFFIC_01,EVIDENCES,FIRE_119_RECORD
AE_FIRE_PT_02075,RP_SLIP_TERRAIN,EVIDENCES,FIRE_119_RECORD
AE_FIRE_PT_02076,RP_SLIP_TERRAIN,EVIDENCES,FIRE_119_RECORD
AE_FIRE_PT_02077,RP_SLIP_TERRAIN,EVIDENCES,FIRE_119_RECORD
AE_FIRE_PT_02078,RP_SLIP_TERRAIN,EVIDENCES,FIRE_119_RECORD
AE_FIRE_PT_02079,RP_SLIP_TERRAIN,EVIDENCES,FIRE_119_RECORD
AE_FIRE_PT_02080,RP_TRAFFIC_01,EVIDENCES,FIRE_119_RECORD
AE_FIRE_PT_02081,RP_TRAFFIC_01,EVIDENCES,FIRE_119_RECORD
AE_FIRE_PT_02082,RP_TRAFFIC_01,EVIDENCES,FIRE_119_RECORD
AE_FIRE_PT_02083,RP_SLIP_TERRAIN,EVIDENCES,FIRE_119_RECORD
AE_FIRE_PT_02084,RP_SLIP_TERRAIN,EVIDENCES,FIRE_119_RECORD
AE_FIRE_PT_02085,RP_SLIP_TERRAIN,EVIDENCES,FIRE_119_RECORD
AE_FIRE_PT_02086,RP_SLIP_TERRAIN,EVIDENCES,FIRE_119_RECORD
AE_FIRE_PT_02087,RP_TRAFFIC_01,EVIDENCES,FIRE_119_RECORD
AE_FIRE_PT_02088,RP_TRAFFIC_01,EVIDENCES,FIRE_119_RECORD
AE_FIRE_PT_02089,RP_TRAFFIC_01,EVIDENCES,FIRE_119_RECORD
AE_FIRE_PT_02090,RP_TRAFFIC_01,EVIDENCES,FIRE_119_RECORD
AE_FIRE_PT_02091,RP_TRAFFIC_01,EVIDENCES,FIRE_119_RECORD
AE_FIRE_PT_02092,RP_SLIP_TERRAIN,EVIDENCES,FIRE_119_RECORD
AE_FIRE_PT_02093,RP_TRAFFIC_01,EVIDENCES,FIRE_119_RECORD
AE_FIRE_PT_02094,RP_SLIP_TERRAIN,EVIDENCES,FIRE_119_RECORD
AE_FIRE_PT_02095,RP_SLIP_TERRAIN,EVIDENCES,FIRE_119_RECORD
AE_FIRE_PT_02096,RP_MACHINE_01,EVIDENCES,FIRE_119_RECORD
AE_FIRE_PT_02097,RP_SLIP_TERRAIN,EVIDENCES,FIRE_119_RECORD
AE_FIRE_PT_02098,RP_ANIMAL_01,EVIDENCES,FIRE_119_RECORD
AE_FIRE_PT_02099,RP_SLIP_TERRAIN,EVIDENCES,FIRE_119_RECORD
AE_FIRE_PT_02100,RP_SLIP_TERRAIN,EVIDENCES,FIRE_119_RECORD
AE_FIRE_PT_02101,RP_TRAFFIC_01,EVIDENCES,FIRE_119_RECORD
AE_FIRE_PT_02102,RP_TRAFFIC_01,EVIDENCES,FIRE_119_RECORD
AE_FIRE_PT_02103,RP_TRAFFIC_01,EVIDENCES,FIRE_119_RECORD
AE_FIRE_PT_02104,RP_SLIP_TERRAIN,EVIDENCES,FIRE_119_RECORD
AE_FIRE_PT_02105,RP_TRAFFIC_01,EVIDENCES,FIRE_119_RECORD
AE_FIRE_PT_02106,RP_MACHINE_01,EVIDENCES,FIRE_119_RECORD
AE_FIRE_PT_02107,RP_TRAFFIC_01,EVIDENCES,FIRE_119_RECORD
AE_FIRE_PT_02108,RP_TRAFFIC_01,EVIDENCES,FIRE_119_RECORD
AE_FIRE_PT_02109,RP_TRAFFIC_01,EVIDENCES,FIRE_119_RECORD
AE_FIRE_PT_02110,RP_TRAFFIC_01,EVIDENCES,FIRE_119_RECORD
AE_FIRE_PT_02111,RP_TRAFFIC_01,EVIDENCES,FIRE_119_RECORD
AE_FIRE_PT_02112,RP_MACHINE_01,EVIDENCES,FIRE_119_RECORD
AE_FIRE_PT_02113,RP_TRAFFIC_01,EVIDENCES,FIRE_119_RECORD
AE_FIRE_PT_02114,RP_SLIP_TERRAIN,EVIDENCES,FIRE_119_RECORD
AE_FIRE_PT_02115,RP_MACHINE_01,EVIDENCES,FIRE_119_RECORD
AE_FIRE_PT_02116,RP_TRAFFIC_01,EVIDENCES,FIRE_119_RECORD
AE_FIRE_PT_02117,RP_TRAFFIC_01,EVIDENCES,FIRE_119_RECORD
AE_FIRE_PT_02118,RP_TRAFFIC_01,EVIDENCES,FIRE_119_RECORD
AE_FIRE_PT_02119,RP_FALL_CLIFF,EVIDENCES,FIRE_119_RECORD
AE_FIRE_PT_02120,RP_MACHINE_01,EVIDENCES,FIRE_119_RECORD
AE_FIRE_PT_02121,RP_SLIP_TERRAIN,EVIDENCES,FIRE_119_RECORD
AE_FIRE_PT_02122,RP_SLIP_TERRAIN,EVIDENCES,FIRE_119_RECORD
AE_FIRE_PT_02123,RP_DROWN_01,EVIDENCES,FIRE_119_RECORD
AE_FIRE_PT_02124,RP_SLIP_TERRAIN,EVIDENCES,FIRE_119_RECORD
AE_FIRE_PT_02125,RP_SLIP_TERRAIN,EVIDENCES,FIRE_119_RECORD
AE_FIRE_PT_02126,RP_TRAFFIC_01,EVIDENCES,FIRE_119_RECORD
AE_FIRE_PT_02127,RP_TRAFFIC_01,EVIDENCES,FIRE_119_RECORD
AE_FIRE_PT_02128,RP_TRAFFIC_01,EVIDENCES,FIRE_119_RECORD
AE_FIRE_PT_02129,RP_TRAFFIC_01,EVIDENCES,FIRE_119_RECORD
AE_FIRE_PT_02130,RP_MACHINE_01,EVIDENCES,FIRE_119_RECORD
AE_FIRE_PT_02131,RP_MACHINE_01,EVIDENCES,FIRE_119_RECORD
AE_FIRE_PT_02132,RP_SLIP_TERRAIN,EVIDENCES,FIRE_119_RECORD
AE_FIRE_PT_02133,RP_MACHINE_01,EVIDENCES,FIRE_119_RECORD
AE_FIRE_PT_02134,RP_MACHINE_01,EVIDENCES,FIRE_119_RECORD
AE_FIRE_PT_02135,RP_TRAFFIC_01,EVIDENCES,FIRE_119_RECORD
AE_FIRE_PT_02136,RP_MACHINE_01,EVIDENCES,FIRE_119_RECORD
AE_FIRE_PT_02137,RP_SLIP_TERRAIN,EVIDENCES,FIRE_119_RECORD
AE_FIRE_PT_02138,RP_TRAFFIC_01,EVIDENCES,FIRE_119_RECORD
AE_FIRE_PT_02139,RP_TRAFFIC_01,EVIDENCES,FIRE_119_RECORD
AE_FIRE_PT_02140,RP_MACHINE_01,EVIDENCES,FIRE_119_RECORD
AE_FIRE_PT_02141,RP_MACHINE_01,EVIDENCES,FIRE_119_RECORD
AE_FIRE_PT_02142,RP_MACHINE_01,EVIDENCES,FIRE_119_RECORD
AE_FIRE_PT_02143,RP_TRAFFIC_01,EVIDENCES,FIRE_119_RECORD
AE_FIRE_PT_02144,RP_TRAFFIC_01,EVIDENCES,FIRE_119_RECORD
AE_FIRE_PT_02145,RP_TRAFFIC_01,EVIDENCES,FIRE_119_RECORD
AE_FIRE_PT_02146,RP_MACHINE_01,EVIDENCES,FIRE_119_RECORD
AE_FIRE_PT_02147,RP_TRAFFIC_01,EVIDENCES,FIRE_119_RECORD
AE_FIRE_PT_02148,RP_SLIP_TERRAIN,EVIDENCES,FIRE_119_RECORD
AE_FIRE_PT_02149,RP_SLIP_TERRAIN,EVIDENCES,FIRE_119_RECORD
AE_FIRE_PT_02150,RP_SLIP_TERRAIN,EVIDENCES,FIRE_119_RECORD
AE_FIRE_PT_02151,RP_TRAFFIC_01,EVIDENCES,FIRE_119_RECORD
AE_FIRE_PT_02152,RP_MACHINE_01,EVIDENCES,FIRE_119_RECORD
AE_FIRE_PT_02153,RP_SLIP_TERRAIN,EVIDENCES,FIRE_119_RECORD
AE_FIRE_PT_02154,RP_FALL_CLIFF,EVIDENCES,FIRE_119_RECORD
AE_FIRE_PT_02155,RP_SLIP_TERRAIN,EVIDENCES,FIRE_119_RECORD
AE_FIRE_PT_02156,RP_TRAFFIC_01,EVIDENCES,FIRE_119_RECORD
AE_FIRE_PT_02157,RP_TRAFFIC_01,EVIDENCES,FIRE_119_RECORD
AE_FIRE_PT_02158,RP_TRAFFIC_01,EVIDENCES,FIRE_119_RECORD
AE_FIRE_PT_02159,RP_SLIP_TERRAIN,EVIDENCES,FIRE_119_RECORD
AE_FIRE_PT_02160,RP_TRAFFIC_01,EVIDENCES,FIRE_119_RECORD
AE_FIRE_PT_02161,RP_SLIP_TERRAIN,EVIDENCES,FIRE_119_RECORD
AE_FIRE_PT_02162,RP_FALL_CLIFF,EVIDENCES,FIRE_119_RECORD
AE_FIRE_PT_02163,RP_SLIP_TERRAIN,EVIDENCES,FIRE_119_RECORD
AE_FIRE_PT_02164,RP_MACHINE_01,EVIDENCES,FIRE_119_RECORD
AE_FIRE_PT_02165,RP_MACHINE_01,EVIDENCES,FIRE_119_RECORD
AE_FIRE_PT_02166,RP_TRAFFIC_01,EVIDENCES,FIRE_119_RECORD
AE_FIRE_PT_02167,RP_MACHINE_01,EVIDENCES,FIRE_119_RECORD
AE_FIRE_PT_02168,RP_FALL_CLIFF,EVIDENCES,FIRE_119_RECORD
AE_FIRE_PT_02169,RP_SLIP_TERRAIN,EVIDENCES,FIRE_119_RECORD
AE_FIRE_PT_02170,RP_TRAFFIC_01,EVIDENCES,FIRE_119_RECORD
AE_FIRE_PT_02171,RP_MACHINE_01,EVIDENCES,FIRE_119_RECORD
AE_FIRE_PT_02172,RP_SLIP_TERRAIN,EVIDENCES,FIRE_119_RECORD
AE_FIRE_PT_02173,RP_FALL_CLIFF,EVIDENCES,FIRE_119_RECORD
AE_FIRE_PT_02174,RP_TRAFFIC_01,EVIDENCES,FIRE_119_RECORD
AE_FIRE_PT_02175,RP_SLIP_TERRAIN,EVIDENCES,FIRE_119_RECORD
AE_FIRE_PT_02176,RP_TRAFFIC_01,EVIDENCES,FIRE_119_RECORD
AE_FIRE_PT_02177,RP_MACHINE_01,EVIDENCES,FIRE_119_RECORD
AE_FIRE_PT_02178,RP_MACHINE_01,EVIDENCES,FIRE_119_RECORD
AE_FIRE_PT_02179,RP_SLIP_TERRAIN,EVIDENCES,FIRE_119_RECORD
AE_FIRE_PT_02180,RP_TRAFFIC_01,EVIDENCES,FIRE_119_RECORD
AE_FIRE_PT_02181,RP_TRAFFIC_01,EVIDENCES,FIRE_119_RECORD
AE_FIRE_PT_02182,RP_TRAFFIC_01,EVIDENCES,FIRE_119_RECORD
AE_FIRE_PT_02183,RP_MACHINE_01,EVIDENCES,FIRE_119_RECORD
AE_FIRE_PT_02184,RP_TRAFFIC_01,EVIDENCES,FIRE_119_RECORD
AE_FIRE_PT_02185,RP_TRAFFIC_01,EVIDENCES,FIRE_119_RECORD
AE_FIRE_PT_02186,RP_FALL_CLIFF,EVIDENCES,FIRE_119_RECORD
AE_FIRE_PT_02187,RP_CO_01,EVIDENCES,FIRE_119_RECORD
AE_FIRE_PT_02188,RP_TRAFFIC_01,EVIDENCES,FIRE_119_RECORD
AE_FIRE_PT_02189,RP_MACHINE_01,EVIDENCES,FIRE_119_RECORD
AE_FIRE_PT_02190,RP_SLIP_TERRAIN,EVIDENCES,FIRE_119_RECORD
AE_FIRE_PT_02191,RP_MACHINE_01,EVIDENCES,FIRE_119_RECORD
AE_FIRE_PT_02192,RP_TRAFFIC_01,EVIDENCES,FIRE_119_RECORD
AE_FIRE_PT_02193,RP_TRAFFIC_01,EVIDENCES,FIRE_119_RECORD
AE_FIRE_PT_02194,RP_SLIP_TERRAIN,EVIDENCES,FIRE_119_RECORD
AE_FIRE_PT_02195,RP_MACHINE_01,EVIDENCES,FIRE_119_RECORD
AE_FIRE_PT_02196,RP_TRAFFIC_01,EVIDENCES,FIRE_119_RECORD
AE_FIRE_PT_02197,RP_TRAFFIC_01,EVIDENCES,FIRE_119_RECORD
AE_FIRE_PT_02198,RP_SLIP_TERRAIN,EVIDENCES,FIRE_119_RECORD
AE_FIRE_PT_02199,RP_MACHINE_01,EVIDENCES,FIRE_119_RECORD
AE_FIRE_PT_02200,RP_MACHINE_01,EVIDENCES,FIRE_119_RECORD
AE_FIRE_PT_02201,RP_SLIP_TERRAIN,EVIDENCES,FIRE_119_RECORD
AE_FIRE_PT_02202,RP_TRAFFIC_01,EVIDENCES,FIRE_119_RECORD
AE_FIRE_PT_02203,RP_SLIP_TERRAIN,EVIDENCES,FIRE_119_RECORD
AE_FIRE_PT_02204,RP_TRAFFIC_01,EVIDENCES,FIRE_119_RECORD
AE_FIRE_PT_02205,RP_TRAFFIC_01,EVIDENCES,FIRE_119_RECORD
AE_FIRE_PT_02206,RP_SLIP_TERRAIN,EVIDENCES,FIRE_119_RECORD
AE_FIRE_PT_02207,RP_FALL_CLIFF,EVIDENCES,FIRE_119_RECORD
AE_FIRE_PT_02208,RP_FALL_CLIFF,EVIDENCES,FIRE_119_RECORD
AE_FIRE_PT_02209,RP_CO_01,EVIDENCES,FIRE_119_RECORD
AE_FIRE_PT_02210,RP_SLIP_TERRAIN,EVIDENCES,FIRE_119_RECORD
AE_FIRE_PT_02211,RP_SLIP_TERRAIN,EVIDENCES,FIRE_119_RECORD
AE_FIRE_PT_02212,RP_TRAFFIC_01,EVIDENCES,FIRE_119_RECORD
AE_FIRE_PT_02213,RP_TRAFFIC_01,EVIDENCES,FIRE_119_RECORD
AE_FIRE_PT_02214,RP_TRAFFIC_01,EVIDENCES,FIRE_119_RECORD
AE_FIRE_PT_02215,RP_TRAFFIC_01,EVIDENCES,FIRE_119_RECORD
AE_FIRE_PT_02216,RP_SLIP_TERRAIN,EVIDENCES,FIRE_119_RECORD
AE_FIRE_PT_02217,RP_MACHINE_01,EVIDENCES,FIRE_119_RECORD
AE_FIRE_PT_02218,RP_SLIP_TERRAIN,EVIDENCES,FIRE_119_RECORD
AE_FIRE_PT_02219,RP_TRAFFIC_01,EVIDENCES,FIRE_119_RECORD
AE_FIRE_PT_02220,RP_TRAFFIC_01,EVIDENCES,FIRE_119_RECORD
AE_FIRE_PT_02221,RP_TRAFFIC_01,EVIDENCES,FIRE_119_RECORD
AE_FIRE_PT_02222,RP_TRAFFIC_01,EVIDENCES,FIRE_119_RECORD
AE_FIRE_PT_02223,RP_SLIP_TERRAIN,EVIDENCES,FIRE_119_RECORD
AE_FIRE_PT_02224,RP_SLIP_TERRAIN,EVIDENCES,FIRE_119_RECORD
AE_FIRE_PT_02225,RP_SLIP_TERRAIN,EVIDENCES,FIRE_119_RECORD
AE_FIRE_PT_02226,RP_TRAFFIC_01,EVIDENCES,FIRE_119_RECORD
AE_FIRE_PT_02227,RP_TRAFFIC_01,EVIDENCES,FIRE_119_RECORD
AE_FIRE_PT_02228,RP_SLIP_TERRAIN,EVIDENCES,FIRE_119_RECORD
AE_FIRE_PT_02229,RP_TRAFFIC_01,EVIDENCES,FIRE_119_RECORD
AE_FIRE_PT_02230,RP_SLIP_TERRAIN,EVIDENCES,FIRE_119_RECORD
AE_FIRE_PT_02231,RP_SLIP_TERRAIN,EVIDENCES,FIRE_119_RECORD
AE_FIRE_PT_02232,RP_MACHINE_01,EVIDENCES,FIRE_119_RECORD
AE_FIRE_PT_02233,RP_TRAFFIC_01,EVIDENCES,FIRE_119_RECORD
AE_FIRE_PT_02234,RP_FALL_CLIFF,EVIDENCES,FIRE_119_RECORD
AE_FIRE_PT_02235,RP_TRAFFIC_01,EVIDENCES,FIRE_119_RECORD
AE_FIRE_PT_02236,RP_MACHINE_01,EVIDENCES,FIRE_119_RECORD
AE_FIRE_PT_02237,RP_MACHINE_01,EVIDENCES,FIRE_119_RECORD
AE_FIRE_PT_02238,RP_MACHINE_01,EVIDENCES,FIRE_119_RECORD
AE_FIRE_PT_02239,RP_MACHINE_01,EVIDENCES,FIRE_119_RECORD
AE_FIRE_PT_02240,RP_SLIP_TERRAIN,EVIDENCES,FIRE_119_RECORD
AE_FIRE_PT_02241,RP_TRAFFIC_01,EVIDENCES,FIRE_119_RECORD
AE_FIRE_PT_02242,RP_TRAFFIC_01,EVIDENCES,FIRE_119_RECORD
AE_FIRE_PT_02243,RP_TRAFFIC_01,EVIDENCES,FIRE_119_RECORD
AE_FIRE_PT_02244,RP_TRAFFIC_01,EVIDENCES,FIRE_119_RECORD
AE_FIRE_PT_02245,RP_TRAFFIC_01,EVIDENCES,FIRE_119_RECORD
AE_FIRE_PT_02246,RP_TRAFFIC_01,EVIDENCES,FIRE_119_RECORD
AE_FIRE_PT_02247,RP_MACHINE_01,EVIDENCES,FIRE_119_RECORD
AE_FIRE_PT_02248,RP_TRAFFIC_01,EVIDENCES,FIRE_119_RECORD
AE_FIRE_PT_02249,RP_SLIP_TERRAIN,EVIDENCES,FIRE_119_RECORD
AE_FIRE_PT_02250,RP_TRAFFIC_01,EVIDENCES,FIRE_119_RECORD
AE_FIRE_PT_02251,RP_TRAFFIC_01,EVIDENCES,FIRE_119_RECORD
AE_FIRE_PT_02252,RP_TRAFFIC_01,EVIDENCES,FIRE_119_RECORD
AE_FIRE_PT_02253,RP_TRAFFIC_01,EVIDENCES,FIRE_119_RECORD
AE_FIRE_PT_02254,RP_SLIP_TERRAIN,EVIDENCES,FIRE_119_RECORD
AE_FIRE_PT_02255,RP_TRAFFIC_01,EVIDENCES,FIRE_119_RECORD
AE_FIRE_PT_02256,RP_TRAFFIC_01,EVIDENCES,FIRE_119_RECORD
AE_FIRE_PT_02257,RP_SLIP_TERRAIN,EVIDENCES,FIRE_119_RECORD
AE_FIRE_PT_02258,RP_MACHINE_01,EVIDENCES,FIRE_119_RECORD
AE_FIRE_PT_02259,RP_TRAFFIC_01,EVIDENCES,FIRE_119_RECORD
AE_FIRE_PT_02260,RP_ANIMAL_01,EVIDENCES,FIRE_119_RECORD
AE_FIRE_PT_02261,RP_TRAFFIC_01,EVIDENCES,FIRE_119_RECORD
AE_FIRE_PT_02262,RP_TRAFFIC_01,EVIDENCES,FIRE_119_RECORD
AE_FIRE_PT_02263,RP_TRAFFIC_01,EVIDENCES,FIRE_119_RECORD
AE_FIRE_PT_02264,RP_TRAFFIC_01,EVIDENCES,FIRE_119_RECORD
AE_FIRE_PT_02265,RP_SLIP_TERRAIN,EVIDENCES,FIRE_119_RECORD
AE_FIRE_PT_02266,RP_TRAFFIC_01,EVIDENCES,FIRE_119_RECORD
AE_FIRE_PT_02267,RP_TRAFFIC_01,EVIDENCES,FIRE_119_RECORD
AE_FIRE_PT_02268,RP_ANIMAL_01,EVIDENCES,FIRE_119_RECORD
AE_FIRE_PT_02269,RP_TRAFFIC_01,EVIDENCES,FIRE_119_RECORD
AE_FIRE_PT_02270,RP_TRAFFIC_01,EVIDENCES,FIRE_119_RECORD
AE_FIRE_PT_02271,RP_TRAFFIC_01,EVIDENCES,FIRE_119_RECORD
AE_FIRE_PT_02272,RP_SLIP_TERRAIN,EVIDENCES,FIRE_119_RECORD
AE_FIRE_PT_02273,RP_SLIP_TERRAIN,EVIDENCES,FIRE_119_RECORD
AE_FIRE_PT_02274,RP_SLIP_TERRAIN,EVIDENCES,FIRE_119_RECORD
AE_FIRE_PT_02275,RP_FALL_CLIFF,EVIDENCES,FIRE_119_RECORD
AE_FIRE_PT_02276,RP_MACHINE_01,EVIDENCES,FIRE_119_RECORD
AE_FIRE_PT_02277,RP_TRAFFIC_01,EVIDENCES,FIRE_119_RECORD
AE_FIRE_PT_02278,RP_SLIP_TERRAIN,EVIDENCES,FIRE_119_RECORD
AE_FIRE_PT_02279,RP_SLIP_TERRAIN,EVIDENCES,FIRE_119_RECORD
AE_FIRE_PT_02280,RP_SLIP_TERRAIN,EVIDENCES,FIRE_119_RECORD
AE_FIRE_PT_02281,RP_SLIP_TERRAIN,EVIDENCES,FIRE_119_RECORD
AE_FIRE_PT_02282,RP_MACHINE_01,EVIDENCES,FIRE_119_RECORD
AE_FIRE_PT_02283,RP_TRAFFIC_01,EVIDENCES,FIRE_119_RECORD
AE_FIRE_PT_02284,RP_ANIMAL_01,EVIDENCES,FIRE_119_RECORD
AE_FIRE_PT_02285,RP_TRAFFIC_01,EVIDENCES,FIRE_119_RECORD
AE_FIRE_PT_02286,RP_SLIP_TERRAIN,EVIDENCES,FIRE_119_RECORD
AE_FIRE_PT_02287,RP_TRAFFIC_01,EVIDENCES,FIRE_119_RECORD
AE_FIRE_PT_02288,RP_TRAFFIC_01,EVIDENCES,FIRE_119_RECORD
AE_FIRE_PT_02289,RP_SLIP_TERRAIN,EVIDENCES,FIRE_119_RECORD
AE_FIRE_PT_02290,RP_MACHINE_01,EVIDENCES,FIRE_119_RECORD
AE_FIRE_PT_02291,RP_TRAFFIC_01,EVIDENCES,FIRE_119_RECORD
AE_FIRE_PT_02292,RP_TRAFFIC_01,EVIDENCES,FIRE_119_RECORD
AE_FIRE_PT_02293,RP_TRAFFIC_01,EVIDENCES,FIRE_119_RECORD
AE_FIRE_PT_02294,RP_TRAFFIC_01,EVIDENCES,FIRE_119_RECORD
AE_FIRE_PT_02295,RP_MACHINE_01,EVIDENCES,FIRE_119_RECORD
AE_FIRE_PT_02296,RP_TRAFFIC_01,EVIDENCES,FIRE_119_RECORD
AE_FIRE_PT_02297,RP_ANIMAL_01,EVIDENCES,FIRE_119_RECORD
AE_FIRE_PT_02298,RP_SLIP_TERRAIN,EVIDENCES,FIRE_119_RECORD
AE_FIRE_PT_02299,RP_TRAFFIC_01,EVIDENCES,FIRE_119_RECORD
AE_FIRE_PT_02300,RP_TRAFFIC_01,EVIDENCES,FIRE_119_RECORD
AE_FIRE_PT_02301,RP_TRAFFIC_01,EVIDENCES,FIRE_119_RECORD
AE_FIRE_PT_02302,RP_SLIP_TERRAIN,EVIDENCES,FIRE_119_RECORD
AE_FIRE_PT_02303,RP_SLIP_TERRAIN,EVIDENCES,FIRE_119_RECORD
AE_FIRE_PT_02304,RP_SLIP_TERRAIN,EVIDENCES,FIRE_119_RECORD
AE_FIRE_PT_02305,RP_TRAFFIC_01,EVIDENCES,FIRE_119_RECORD
AE_FIRE_PT_02306,RP_TRAFFIC_01,EVIDENCES,FIRE_119_RECORD
AE_FIRE_PT_02307,RP_MACHINE_01,EVIDENCES,FIRE_119_RECORD
AE_FIRE_PT_02308,RP_SLIP_TERRAIN,EVIDENCES,FIRE_119_RECORD
AE_FIRE_PT_02309,RP_TRAFFIC_01,EVIDENCES,FIRE_119_RECORD
AE_FIRE_PT_02310,RP_TRAFFIC_01,EVIDENCES,FIRE_119_RECORD
AE_FIRE_PT_02311,RP_TRAFFIC_01,EVIDENCES,FIRE_119_RECORD
AE_FIRE_PT_02312,RP_SLIP_TERRAIN,EVIDENCES,FIRE_119_RECORD
AE_FIRE_PT_02313,RP_TRAFFIC_01,EVIDENCES,FIRE_119_RECORD
AE_FIRE_PT_02314,RP_TRAFFIC_01,EVIDENCES,FIRE_119_RECORD
AE_FIRE_PT_02315,RP_TRAFFIC_01,EVIDENCES,FIRE_119_RECORD
AE_FIRE_PT_02316,RP_TRAFFIC_01,EVIDENCES,FIRE_119_RECORD
AE_FIRE_PT_02317,RP_TRAFFIC_01,EVIDENCES,FIRE_119_RECORD
AE_FIRE_PT_02318,RP_TRAFFIC_01,EVIDENCES,FIRE_119_RECORD
AE_FIRE_PT_02319,RP_TRAFFIC_01,EVIDENCES,FIRE_119_RECORD
AE_FIRE_PT_02320,RP_TRAFFIC_01,EVIDENCES,FIRE_119_RECORD
AE_FIRE_PT_02321,RP_SLIP_TERRAIN,EVIDENCES,FIRE_119_RECORD
AE_FIRE_PT_02322,RP_SLIP_TERRAIN,EVIDENCES,FIRE_119_RECORD
AE_FIRE_PT_02323,RP_TRAFFIC_01,EVIDENCES,FIRE_119_RECORD
AE_FIRE_PT_02324,RP_SLIP_TERRAIN,EVIDENCES,FIRE_119_RECORD
AE_FIRE_PT_02325,RP_TRAFFIC_01,EVIDENCES,FIRE_119_RECORD
AE_FIRE_PT_02326,RP_MACHINE_01,EVIDENCES,FIRE_119_RECORD
AE_FIRE_PT_02327,RP_SLIP_TERRAIN,EVIDENCES,FIRE_119_RECORD
AE_FIRE_PT_02328,RP_TRAFFIC_01,EVIDENCES,FIRE_119_RECORD
AE_FIRE_PT_02329,RP_TRAFFIC_01,EVIDENCES,FIRE_119_RECORD
AE_FIRE_PT_02330,RP_FALL_CLIFF,EVIDENCES,FIRE_119_RECORD
AE_FIRE_PT_02331,RP_TRAFFIC_01,EVIDENCES,FIRE_119_RECORD
AE_FIRE_PT_02332,RP_SLIP_TERRAIN,EVIDENCES,FIRE_119_RECORD
AE_FIRE_PT_02333,RP_TRAFFIC_01,EVIDENCES,FIRE_119_RECORD
AE_FIRE_PT_02334,RP_TRAFFIC_01,EVIDENCES,FIRE_119_RECORD
AE_FIRE_PT_02335,RP_TRAFFIC_01,EVIDENCES,FIRE_119_RECORD
AE_FIRE_PT_02336,RP_SLIP_TERRAIN,EVIDENCES,FIRE_119_RECORD
AE_FIRE_PT_02337,RP_SLIP_TERRAIN,EVIDENCES,FIRE_119_RECORD
AE_FIRE_PT_02338,RP_SLIP_TERRAIN,EVIDENCES,FIRE_119_RECORD
AE_FIRE_PT_02339,RP_MACHINE_01,EVIDENCES,FIRE_119_RECORD
AE_FIRE_PT_02340,RP_SLIP_TERRAIN,EVIDENCES,FIRE_119_RECORD
AE_FIRE_PT_02341,RP_SLIP_TERRAIN,EVIDENCES,FIRE_119_RECORD
AE_FIRE_PT_02342,RP_SLIP_TERRAIN,EVIDENCES,FIRE_119_RECORD
AE_FIRE_PT_02343,RP_DROWN_01,EVIDENCES,FIRE_119_RECORD
AE_FIRE_PT_02344,RP_DROWN_01,EVIDENCES,FIRE_119_RECORD
AE_FIRE_PT_02345,RP_DROWN_01,EVIDENCES,FIRE_119_RECORD
AE_FIRE_PT_02346,RP_TRAFFIC_01,EVIDENCES,FIRE_119_RECORD
AE_FIRE_PT_02347,RP_MACHINE_01,EVIDENCES,FIRE_119_RECORD
AE_FIRE_PT_02348,RP_MACHINE_01,EVIDENCES,FIRE_119_RECORD
AE_FIRE_PT_02349,RP_SLIP_TERRAIN,EVIDENCES,FIRE_119_RECORD
AE_FIRE_PT_02350,RP_SLIP_TERRAIN,EVIDENCES,FIRE_119_RECORD
AE_FIRE_PT_02351,RP_SLIP_TERRAIN,EVIDENCES,FIRE_119_RECORD
AE_FIRE_PT_02352,RP_TRAFFIC_01,EVIDENCES,FIRE_119_RECORD
AE_FIRE_PT_02353,RP_TRAFFIC_01,EVIDENCES,FIRE_119_RECORD
AE_FIRE_PT_02354,RP_TRAFFIC_01,EVIDENCES,FIRE_119_RECORD
AE_FIRE_PT_02355,RP_TRAFFIC_01,EVIDENCES,FIRE_119_RECORD
AE_FIRE_PT_02356,RP_CO_01,EVIDENCES,FIRE_119_RECORD
AE_FIRE_PT_02357,RP_TRAFFIC_01,EVIDENCES,FIRE_119_RECORD
AE_FIRE_PT_02358,RP_SLIP_TERRAIN,EVIDENCES,FIRE_119_RECORD
AE_FIRE_PT_02359,RP_DROWN_01,EVIDENCES,FIRE_119_RECORD
AE_FIRE_PT_02360,RP_SLIP_TERRAIN,EVIDENCES,FIRE_119_RECORD
AE_FIRE_PT_02361,RP_TRAFFIC_01,EVIDENCES,FIRE_119_RECORD
AE_FIRE_PT_02362,RP_TRAFFIC_01,EVIDENCES,FIRE_119_RECORD
AE_FIRE_PT_02363,RP_TRAFFIC_01,EVIDENCES,FIRE_119_RECORD
AE_FIRE_PT_02364,RP_MACHINE_01,EVIDENCES,FIRE_119_RECORD
AE_FIRE_PT_02365,RP_TRAFFIC_01,EVIDENCES,FIRE_119_RECORD
AE_FIRE_PT_02366,RP_TRAFFIC_01,EVIDENCES,FIRE_119_RECORD
AE_FIRE_PT_02367,RP_TRAFFIC_01,EVIDENCES,FIRE_119_RECORD
AE_FIRE_PT_02368,RP_FALL_CLIFF,EVIDENCES,FIRE_119_RECORD
AE_FIRE_PT_02369,RP_SLIP_TERRAIN,EVIDENCES,FIRE_119_RECORD
AE_FIRE_PT_02370,RP_SLIP_TERRAIN,EVIDENCES,FIRE_119_RECORD
AE_FIRE_PT_02371,RP_TRAFFIC_01,EVIDENCES,FIRE_119_RECORD
AE_FIRE_PT_02372,RP_SLIP_TERRAIN,EVIDENCES,FIRE_119_RECORD
AE_FIRE_PT_02373,RP_FALL_CLIFF,EVIDENCES,FIRE_119_RECORD
AE_FIRE_PT_02374,RP_SLIP_TERRAIN,EVIDENCES,FIRE_119_RECORD
AE_FIRE_PT_02375,RP_SLIP_TERRAIN,EVIDENCES,FIRE_119_RECORD
AE_FIRE_PT_02376,RP_SLIP_TERRAIN,EVIDENCES,FIRE_119_RECORD
AE_FIRE_PT_02377,RP_SLIP_TERRAIN,EVIDENCES,FIRE_119_RECORD
AE_FIRE_PT_02378,RP_MACHINE_01,EVIDENCES,FIRE_119_RECORD
AE_FIRE_PT_02379,RP_MACHINE_01,EVIDENCES,FIRE_119_RECORD
AE_FIRE_PT_02380,RP_SLIP_TERRAIN,EVIDENCES,FIRE_119_RECORD
AE_FIRE_PT_02381,RP_TRAFFIC_01,EVIDENCES,FIRE_119_RECORD
AE_FIRE_PT_02382,RP_TRAFFIC_01,EVIDENCES,FIRE_119_RECORD
AE_FIRE_PT_02383,RP_SLIP_TERRAIN,EVIDENCES,FIRE_119_RECORD
AE_FIRE_PT_02384,RP_SLIP_TERRAIN,EVIDENCES,FIRE_119_RECORD
AE_FIRE_PT_02385,RP_SLIP_TERRAIN,EVIDENCES,FIRE_119_RECORD
AE_FIRE_PT_02386,RP_MACHINE_01,EVIDENCES,FIRE_119_RECORD
AE_FIRE_PT_02387,RP_SLIP_TERRAIN,EVIDENCES,FIRE_119_RECORD
AE_FIRE_PT_02388,RP_MACHINE_01,EVIDENCES,FIRE_119_RECORD
AE_FIRE_PT_02389,RP_TRAFFIC_01,EVIDENCES,FIRE_119_RECORD
AE_FIRE_PT_02390,RP_TRAFFIC_01,EVIDENCES,FIRE_119_RECORD
AE_FIRE_PT_02391,RP_TRAFFIC_01,EVIDENCES,FIRE_119_RECORD
AE_FIRE_PT_02392,RP_TRAFFIC_01,EVIDENCES,FIRE_119_RECORD
AE_FIRE_PT_02393,RP_SLIP_TERRAIN,EVIDENCES,FIRE_119_RECORD
AE_FIRE_PT_02394,RP_TRAFFIC_01,EVIDENCES,FIRE_119_RECORD
AE_FIRE_PT_02395,RP_SLIP_TERRAIN,EVIDENCES,FIRE_119_RECORD
AE_FIRE_PT_02396,RP_SLIP_TERRAIN,EVIDENCES,FIRE_119_RECORD
AE_FIRE_PT_02397,RP_SLIP_TERRAIN,EVIDENCES,FIRE_119_RECORD
AE_FIRE_PT_02398,RP_MACHINE_01,EVIDENCES,FIRE_119_RECORD
AE_FIRE_PT_02399,RP_TRAFFIC_01,EVIDENCES,FIRE_119_RECORD
AE_FIRE_PT_02400,RP_SLIP_TERRAIN,EVIDENCES,FIRE_119_RECORD
AE_FIRE_PT_02401,RP_CO_01,EVIDENCES,FIRE_119_RECORD
AE_FIRE_PT_02402,RP_TRAFFIC_01,EVIDENCES,FIRE_119_RECORD
AE_FIRE_PT_02403,RP_MACHINE_01,EVIDENCES,FIRE_119_RECORD
AE_FIRE_PT_02404,RP_TRAFFIC_01,EVIDENCES,FIRE_119_RECORD
AE_FIRE_PT_02405,RP_TRAFFIC_01,EVIDENCES,FIRE_119_RECORD
AE_FIRE_PT_02406,RP_TRAFFIC_01,EVIDENCES,FIRE_119_RECORD
AE_FIRE_PT_02407,RP_FIRE_01,EVIDENCES,FIRE_119_RECORD
AE_FIRE_PT_02408,RP_TRAFFIC_01,EVIDENCES,FIRE_119_RECORD
AE_FIRE_PT_02409,RP_TRAFFIC_01,EVIDENCES,FIRE_119_RECORD
AE_FIRE_PT_02410,RP_SLIP_TERRAIN,EVIDENCES,FIRE_119_RECORD
AE_FIRE_PT_02411,RP_SLIP_TERRAIN,EVIDENCES,FIRE_119_RECORD
AE_FIRE_PT_02412,RP_MACHINE_01,EVIDENCES,FIRE_119_RECORD
AE_FIRE_PT_02413,RP_TRAFFIC_01,EVIDENCES,FIRE_119_RECORD
AE_FIRE_PT_02414,RP_TRAFFIC_01,EVIDENCES,FIRE_119_RECORD
AE_FIRE_PT_02415,RP_TRAFFIC_01,EVIDENCES,FIRE_119_RECORD
AE_FIRE_PT_02416,RP_SLIP_TERRAIN,EVIDENCES,FIRE_119_RECORD
AE_FIRE_PT_02417,RP_SLIP_TERRAIN,EVIDENCES,FIRE_119_RECORD
AE_FIRE_PT_02418,RP_TRAFFIC_01,EVIDENCES,FIRE_119_RECORD
AE_FIRE_PT_02419,RP_MACHINE_01,EVIDENCES,FIRE_119_RECORD
AE_FIRE_PT_02420,RP_SLIP_TERRAIN,EVIDENCES,FIRE_119_RECORD
AE_FIRE_PT_02421,RP_SLIP_TERRAIN,EVIDENCES,FIRE_119_RECORD
AE_FIRE_PT_02422,RP_SLIP_TERRAIN,EVIDENCES,FIRE_119_RECORD
AE_FIRE_PT_02423,RP_TRAFFIC_01,EVIDENCES,FIRE_119_RECORD
AE_FIRE_PT_02424,RP_SLIP_TERRAIN,EVIDENCES,FIRE_119_RECORD
AE_FIRE_PT_02425,RP_MACHINE_01,EVIDENCES,FIRE_119_RECORD
AE_FIRE_PT_02426,RP_ANIMAL_01,EVIDENCES,FIRE_119_RECORD
AE_FIRE_PT_02427,RP_TRAFFIC_01,EVIDENCES,FIRE_119_RECORD
AE_FIRE_PT_02428,RP_TRAFFIC_01,EVIDENCES,FIRE_119_RECORD
AE_FIRE_PT_02429,RP_TRAFFIC_01,EVIDENCES,FIRE_119_RECORD
AE_FIRE_PT_02430,RP_TRAFFIC_01,EVIDENCES,FIRE_119_RECORD
AE_FIRE_PT_02431,RP_TRAFFIC_01,EVIDENCES,FIRE_119_RECORD
AE_FIRE_PT_02432,RP_TRAFFIC_01,EVIDENCES,FIRE_119_RECORD
AE_FIRE_PT_02433,RP_TRAFFIC_01,EVIDENCES,FIRE_119_RECORD
AE_FIRE_PT_02434,RP_TRAFFIC_01,EVIDENCES,FIRE_119_RECORD
AE_FIRE_PT_02435,RP_TRAFFIC_01,EVIDENCES,FIRE_119_RECORD
AE_FIRE_PT_02436,RP_TRAFFIC_01,EVIDENCES,FIRE_119_RECORD
AE_FIRE_PT_02437,RP_MACHINE_01,EVIDENCES,FIRE_119_RECORD
AE_FIRE_PT_02438,RP_TRAFFIC_01,EVIDENCES,FIRE_119_RECORD
AE_FIRE_PT_02439,RP_MACHINE_01,EVIDENCES,FIRE_119_RECORD
AE_FIRE_PT_02440,RP_TRAFFIC_01,EVIDENCES,FIRE_119_RECORD
AE_FIRE_PT_02441,RP_TRAFFIC_01,EVIDENCES,FIRE_119_RECORD
AE_FIRE_PT_02442,RP_MACHINE_01,EVIDENCES,FIRE_119_RECORD
AE_FIRE_PT_02443,RP_SLIP_TERRAIN,EVIDENCES,FIRE_119_RECORD
AE_FIRE_PT_02444,RP_TRAFFIC_01,EVIDENCES,FIRE_119_RECORD
AE_FIRE_PT_02445,RP_SLIP_TERRAIN,EVIDENCES,FIRE_119_RECORD
AE_FIRE_PT_02446,RP_MACHINE_01,EVIDENCES,FIRE_119_RECORD
AE_FIRE_PT_02447,RP_SLIP_TERRAIN,EVIDENCES,FIRE_119_RECORD
AE_FIRE_PT_02448,RP_TRAFFIC_01,EVIDENCES,FIRE_119_RECORD
AE_FIRE_PT_02449,RP_SLIP_TERRAIN,EVIDENCES,FIRE_119_RECORD
AE_FIRE_PT_02450,RP_FALL_CLIFF,EVIDENCES,FIRE_119_RECORD
AE_FIRE_PT_02451,RP_TRAFFIC_01,EVIDENCES,FIRE_119_RECORD
AE_FIRE_PT_02452,RP_ANIMAL_01,EVIDENCES,FIRE_119_RECORD
AE_FIRE_PT_02453,RP_SLIP_TERRAIN,EVIDENCES,FIRE_119_RECORD
AE_FIRE_PT_02454,RP_MACHINE_01,EVIDENCES,FIRE_119_RECORD
AE_FIRE_PT_02455,RP_TRAFFIC_01,EVIDENCES,FIRE_119_RECORD
AE_FIRE_PT_02456,RP_TRAFFIC_01,EVIDENCES,FIRE_119_RECORD
AE_FIRE_PT_02457,RP_TRAFFIC_01,EVIDENCES,FIRE_119_RECORD
AE_FIRE_PT_02458,RP_TRAFFIC_01,EVIDENCES,FIRE_119_RECORD
AE_FIRE_PT_02459,RP_TRAFFIC_01,EVIDENCES,FIRE_119_RECORD
AE_FIRE_PT_02460,RP_SLIP_TERRAIN,EVIDENCES,FIRE_119_RECORD
AE_FIRE_PT_02461,RP_MACHINE_01,EVIDENCES,FIRE_119_RECORD
AE_FIRE_PT_02462,RP_TRAFFIC_01,EVIDENCES,FIRE_119_RECORD
AE_FIRE_PT_02463,RP_SLIP_TERRAIN,EVIDENCES,FIRE_119_RECORD
AE_FIRE_PT_02464,RP_SLIP_TERRAIN,EVIDENCES,FIRE_119_RECORD
AE_FIRE_PT_02465,RP_TRAFFIC_01,EVIDENCES,FIRE_119_RECORD
AE_FIRE_PT_02466,RP_DROWN_01,EVIDENCES,FIRE_119_RECORD
AE_FIRE_PT_02467,RP_TRAFFIC_01,EVIDENCES,FIRE_119_RECORD
AE_FIRE_PT_02468,RP_TRAFFIC_01,EVIDENCES,FIRE_119_RECORD
AE_FIRE_PT_02469,RP_TRAFFIC_01,EVIDENCES,FIRE_119_RECORD
AE_FIRE_PT_02470,RP_TRAFFIC_01,EVIDENCES,FIRE_119_RECORD
AE_FIRE_PT_02471,RP_SLIP_TERRAIN,EVIDENCES,FIRE_119_RECORD
AE_FIRE_PT_02472,RP_FALL_CLIFF,EVIDENCES,FIRE_119_RECORD
AE_FIRE_PT_02473,RP_TRAFFIC_01,EVIDENCES,FIRE_119_RECORD
AE_FIRE_PT_02474,RP_TRAFFIC_01,EVIDENCES,FIRE_119_RECORD
AE_FIRE_PT_02475,RP_SLIP_TERRAIN,EVIDENCES,FIRE_119_RECORD
AE_FIRE_PT_02476,RP_ANIMAL_01,EVIDENCES,FIRE_119_RECORD
AE_FIRE_PT_02477,RP_FALL_CLIFF,EVIDENCES,FIRE_119_RECORD
AE_FIRE_PT_02478,RP_SLIP_TERRAIN,EVIDENCES,FIRE_119_RECORD
AE_FIRE_PT_02479,RP_TRAFFIC_01,EVIDENCES,FIRE_119_RECORD
AE_FIRE_PT_02480,RP_FALL_CLIFF,EVIDENCES,FIRE_119_RECORD
AE_FIRE_PT_02481,RP_SLIP_TERRAIN,EVIDENCES,FIRE_119_RECORD
AE_FIRE_PT_02482,RP_SLIP_TERRAIN,EVIDENCES,FIRE_119_RECORD
AE_FIRE_PT_02483,RP_SLIP_TERRAIN,EVIDENCES,FIRE_119_RECORD
AE_FIRE_PT_02484,RP_SLIP_TERRAIN,EVIDENCES,FIRE_119_RECORD
AE_FIRE_PT_02485,RP_SLIP_TERRAIN,EVIDENCES,FIRE_119_RECORD
AE_FIRE_PT_02486,RP_SLIP_TERRAIN,EVIDENCES,FIRE_119_RECORD
AE_FIRE_PT_02487,RP_SLIP_TERRAIN,EVIDENCES,FIRE_119_RECORD
AE_FIRE_PT_02488,RP_TRAFFIC_01,EVIDENCES,FIRE_119_RECORD
AE_FIRE_PT_02489,RP_TRAFFIC_01,EVIDENCES,FIRE_119_RECORD
AE_FIRE_PT_02490,RP_TRAFFIC_01,EVIDENCES,FIRE_119_RECORD
AE_FIRE_PT_02491,RP_TRAFFIC_01,EVIDENCES,FIRE_119_RECORD
AE_FIRE_PT_02492,RP_HEAT_02,EVIDENCES,FIRE_119_RECORD
AE_FIRE_PT_02493,RP_TRAFFIC_01,EVIDENCES,FIRE_119_RECORD
AE_FIRE_PT_02494,RP_TRAFFIC_01,EVIDENCES,FIRE_119_RECORD
AE_FIRE_PT_02495,RP_FALL_CLIFF,EVIDENCES,FIRE_119_RECORD
AE_FIRE_PT_02496,RP_MACHINE_01,EVIDENCES,FIRE_119_RECORD
AE_FIRE_PT_02497,RP_MACHINE_01,EVIDENCES,FIRE_119_RECORD
AE_FIRE_PT_02498,RP_SLIP_TERRAIN,EVIDENCES,FIRE_119_RECORD
AE_FIRE_PT_02499,RP_SLIP_TERRAIN,EVIDENCES,FIRE_119_RECORD
AE_FIRE_PT_02500,RP_SLIP_TERRAIN,EVIDENCES,FIRE_119_RECORD
AE_FIRE_PT_02501,RP_SLIP_TERRAIN,EVIDENCES,FIRE_119_RECORD
AE_FIRE_PT_02502,RP_SLIP_TERRAIN,EVIDENCES,FIRE_119_RECORD
AE_FIRE_PT_02503,RP_SLIP_TERRAIN,EVIDENCES,FIRE_119_RECORD
AE_FIRE_PT_02504,RP_DROWN_01,EVIDENCES,FIRE_119_RECORD
AE_FIRE_PT_02505,RP_TRAFFIC_01,EVIDENCES,FIRE_119_RECORD
AE_FIRE_PT_02506,RP_TRAFFIC_01,EVIDENCES,FIRE_119_RECORD
AE_FIRE_PT_02507,RP_TRAFFIC_01,EVIDENCES,FIRE_119_RECORD
AE_FIRE_PT_02508,RP_TRAFFIC_01,EVIDENCES,FIRE_119_RECORD
AE_FIRE_PT_02509,RP_SLIP_TERRAIN,EVIDENCES,FIRE_119_RECORD
AE_FIRE_PT_02510,RP_TRAFFIC_01,EVIDENCES,FIRE_119_RECORD
AE_FIRE_PT_02511,RP_SLIP_TERRAIN,EVIDENCES,FIRE_119_RECORD
AE_FIRE_PT_02512,RP_MACHINE_01,EVIDENCES,FIRE_119_RECORD
AE_FIRE_PT_02513,RP_SLIP_TERRAIN,EVIDENCES,FIRE_119_RECORD
AE_FIRE_PT_02514,RP_TRAFFIC_01,EVIDENCES,FIRE_119_RECORD
AE_FIRE_PT_02515,RP_MACHINE_01,EVIDENCES,FIRE_119_RECORD
AE_FIRE_PT_02516,RP_SLIP_TERRAIN,EVIDENCES,FIRE_119_RECORD
AE_FIRE_PT_02517,RP_ANIMAL_01,EVIDENCES,FIRE_119_RECORD
AE_FIRE_PT_02518,RP_MACHINE_01,EVIDENCES,FIRE_119_RECORD
AE_FIRE_PT_02519,RP_TRAFFIC_01,EVIDENCES,FIRE_119_RECORD
AE_FIRE_PT_02520,RP_CO_01,EVIDENCES,FIRE_119_RECORD
AE_FIRE_PT_02521,RP_TRAFFIC_01,EVIDENCES,FIRE_119_RECORD
AE_FIRE_PT_02522,RP_TRAFFIC_01,EVIDENCES,FIRE_119_RECORD
AE_FIRE_PT_02523,RP_SLIP_TERRAIN,EVIDENCES,FIRE_119_RECORD
AE_FIRE_PT_02524,RP_SLIP_TERRAIN,EVIDENCES,FIRE_119_RECORD
AE_FIRE_PT_02525,RP_SLIP_TERRAIN,EVIDENCES,FIRE_119_RECORD
AE_FIRE_PT_02526,RP_MACHINE_01,EVIDENCES,FIRE_119_RECORD
AE_FIRE_PT_02527,RP_TRAFFIC_01,EVIDENCES,FIRE_119_RECORD
AE_FIRE_PT_02528,RP_SLIP_TERRAIN,EVIDENCES,FIRE_119_RECORD
AE_FIRE_PT_02529,RP_MACHINE_01,EVIDENCES,FIRE_119_RECORD
AE_FIRE_PT_02530,RP_MACHINE_01,EVIDENCES,FIRE_119_RECORD
AE_FIRE_PT_02531,RP_TRAFFIC_01,EVIDENCES,FIRE_119_RECORD
AE_FIRE_PT_02532,RP_TRAFFIC_01,EVIDENCES,FIRE_119_RECORD
AE_FIRE_PT_02533,RP_TRAFFIC_01,EVIDENCES,FIRE_119_RECORD
AE_FIRE_PT_02534,RP_TRAFFIC_01,EVIDENCES,FIRE_119_RECORD
AE_FIRE_PT_02535,RP_MACHINE_01,EVIDENCES,FIRE_119_RECORD
AE_FIRE_PT_02536,RP_TRAFFIC_01,EVIDENCES,FIRE_119_RECORD
AE_FIRE_PT_02537,RP_MACHINE_01,EVIDENCES,FIRE_119_RECORD
AE_FIRE_PT_02538,RP_MACHINE_01,EVIDENCES,FIRE_119_RECORD
AE_FIRE_PT_02539,RP_FALL_CLIFF,EVIDENCES,FIRE_119_RECORD
AE_FIRE_PT_02540,RP_MACHINE_01,EVIDENCES,FIRE_119_RECORD
AE_FIRE_PT_02541,RP_SLIP_TERRAIN,EVIDENCES,FIRE_119_RECORD
AE_FIRE_PT_02542,RP_TRAFFIC_01,EVIDENCES,FIRE_119_RECORD
AE_FIRE_PT_02543,RP_TRAFFIC_01,EVIDENCES,FIRE_119_RECORD
AE_FIRE_PT_02544,RP_SLIP_TERRAIN,EVIDENCES,FIRE_119_RECORD
AE_FIRE_PT_02545,RP_SLIP_TERRAIN,EVIDENCES,FIRE_119_RECORD
AE_FIRE_PT_02546,RP_MACHINE_01,EVIDENCES,FIRE_119_RECORD
AE_FIRE_PT_02547,RP_TRAFFIC_01,EVIDENCES,FIRE_119_RECORD
AE_FIRE_PT_02548,RP_SLIP_TERRAIN,EVIDENCES,FIRE_119_RECORD
AE_FIRE_PT_02549,RP_TRAFFIC_01,EVIDENCES,FIRE_119_RECORD
AE_FIRE_PT_02550,RP_SLIP_TERRAIN,EVIDENCES,FIRE_119_RECORD
AE_FIRE_PT_02551,RP_MACHINE_01,EVIDENCES,FIRE_119_RECORD
AE_FIRE_PT_02552,RP_TRAFFIC_01,EVIDENCES,FIRE_119_RECORD
AE_FIRE_PT_02553,RP_TRAFFIC_01,EVIDENCES,FIRE_119_RECORD
AE_FIRE_PT_02554,RP_TRAFFIC_01,EVIDENCES,FIRE_119_RECORD
AE_FIRE_PT_02555,RP_SLIP_TERRAIN,EVIDENCES,FIRE_119_RECORD
AE_FIRE_PT_02556,RP_MACHINE_01,EVIDENCES,FIRE_119_RECORD
AE_FIRE_PT_02557,RP_MACHINE_01,EVIDENCES,FIRE_119_RECORD
AE_FIRE_PT_02558,RP_SLIP_TERRAIN,EVIDENCES,FIRE_119_RECORD
AE_FIRE_PT_02559,RP_MACHINE_01,EVIDENCES,FIRE_119_RECORD
AE_FIRE_PT_02560,RP_MACHINE_01,EVIDENCES,FIRE_119_RECORD
AE_FIRE_PT_02561,RP_MACHINE_01,EVIDENCES,FIRE_119_RECORD
AE_FIRE_PT_02562,RP_SLIP_TERRAIN,EVIDENCES,FIRE_119_RECORD
AE_FIRE_PT_02563,RP_TRAFFIC_01,EVIDENCES,FIRE_119_RECORD
AE_FIRE_PT_02564,RP_SLIP_TERRAIN,EVIDENCES,FIRE_119_RECORD
AE_FIRE_PT_02565,RP_TRAFFIC_01,EVIDENCES,FIRE_119_RECORD
AE_FIRE_PT_02566,RP_TRAFFIC_01,EVIDENCES,FIRE_119_RECORD
AE_FIRE_PT_02567,RP_TRAFFIC_01,EVIDENCES,FIRE_119_RECORD
AE_FIRE_PT_02568,RP_TRAFFIC_01,EVIDENCES,FIRE_119_RECORD
AE_FIRE_PT_02569,RP_TRAFFIC_01,EVIDENCES,FIRE_119_RECORD
AE_FIRE_PT_02570,RP_TRAFFIC_01,EVIDENCES,FIRE_119_RECORD
AE_FIRE_PT_02571,RP_TRAFFIC_01,EVIDENCES,FIRE_119_RECORD
AE_FIRE_PT_02572,RP_TRAFFIC_01,EVIDENCES,FIRE_119_RECORD
AE_FIRE_PT_02573,RP_TRAFFIC_01,EVIDENCES,FIRE_119_RECORD
AE_FIRE_PT_02574,RP_TRAFFIC_01,EVIDENCES,FIRE_119_RECORD
AE_FIRE_PT_02575,RP_TRAFFIC_01,EVIDENCES,FIRE_119_RECORD
AE_FIRE_PT_02576,RP_TRAFFIC_01,EVIDENCES,FIRE_119_RECORD
AE_FIRE_PT_02577,RP_SLIP_TERRAIN,EVIDENCES,FIRE_119_RECORD
AE_FIRE_PT_02578,RP_TRAFFIC_01,EVIDENCES,FIRE_119_RECORD
AE_FIRE_PT_02579,RP_TRAFFIC_01,EVIDENCES,FIRE_119_RECORD
AE_FIRE_PT_02580,RP_TRAFFIC_01,EVIDENCES,FIRE_119_RECORD
AE_FIRE_PT_02581,RP_TRAFFIC_01,EVIDENCES,FIRE_119_RECORD
AE_FIRE_PT_02582,RP_TRAFFIC_01,EVIDENCES,FIRE_119_RECORD
AE_FIRE_PT_02583,RP_SLIP_TERRAIN,EVIDENCES,FIRE_119_RECORD
AE_FIRE_PT_02584,RP_ANIMAL_01,EVIDENCES,FIRE_119_RECORD
AE_FIRE_PT_02585,RP_SLIP_TERRAIN,EVIDENCES,FIRE_119_RECORD
AE_FIRE_PT_02586,RP_SLIP_TERRAIN,EVIDENCES,FIRE_119_RECORD
AE_FIRE_PT_02587,RP_DROWN_01,EVIDENCES,FIRE_119_RECORD
AE_FIRE_PT_02588,RP_MACHINE_01,EVIDENCES,FIRE_119_RECORD
AE_FIRE_PT_02589,RP_MACHINE_01,EVIDENCES,FIRE_119_RECORD
AE_FIRE_PT_02590,RP_SLIP_TERRAIN,EVIDENCES,FIRE_119_RECORD
AE_FIRE_PT_02591,RP_ANIMAL_01,EVIDENCES,FIRE_119_RECORD
AE_FIRE_PT_02592,RP_TRAFFIC_01,EVIDENCES,FIRE_119_RECORD
AE_FIRE_PT_02593,RP_TRAFFIC_01,EVIDENCES,FIRE_119_RECORD
AE_FIRE_PT_02594,RP_TRAFFIC_01,EVIDENCES,FIRE_119_RECORD
AE_FIRE_PT_02595,RP_TRAFFIC_01,EVIDENCES,FIRE_119_RECORD
AE_FIRE_PT_02596,RP_SLIP_TERRAIN,EVIDENCES,FIRE_119_RECORD
AE_FIRE_PT_02597,RP_TRAFFIC_01,EVIDENCES,FIRE_119_RECORD
AE_FIRE_PT_02598,RP_ANIMAL_01,EVIDENCES,FIRE_119_RECORD
AE_FIRE_PT_02599,RP_SLIP_TERRAIN,EVIDENCES,FIRE_119_RECORD
AE_FIRE_PT_02600,RP_SLIP_TERRAIN,EVIDENCES,FIRE_119_RECORD
AE_FIRE_PT_02601,RP_FALL_CLIFF,EVIDENCES,FIRE_119_RECORD
AE_FIRE_PT_02602,RP_FALL_CLIFF,EVIDENCES,FIRE_119_RECORD
AE_FIRE_PT_02603,RP_TRAFFIC_01,EVIDENCES,FIRE_119_RECORD
AE_FIRE_PT_02604,RP_SLIP_TERRAIN,EVIDENCES,FIRE_119_RECORD
AE_FIRE_PT_02605,RP_SLIP_TERRAIN,EVIDENCES,FIRE_119_RECORD
AE_FIRE_PT_02606,RP_ANIMAL_01,EVIDENCES,FIRE_119_RECORD
AE_FIRE_PT_02607,RP_TRAFFIC_01,EVIDENCES,FIRE_119_RECORD
AE_FIRE_PT_02608,RP_MACHINE_01,EVIDENCES,FIRE_119_RECORD
AE_FIRE_PT_02609,RP_ANIMAL_01,EVIDENCES,FIRE_119_RECORD
AE_FIRE_PT_02610,RP_SLIP_TERRAIN,EVIDENCES,FIRE_119_RECORD
AE_FIRE_PT_02611,RP_SLIP_TERRAIN,EVIDENCES,FIRE_119_RECORD
AE_FIRE_PT_02612,RP_SLIP_TERRAIN,EVIDENCES,FIRE_119_RECORD
AE_FIRE_PT_02613,RP_SLIP_TERRAIN,EVIDENCES,FIRE_119_RECORD
AE_FIRE_PT_02614,RP_TRAFFIC_01,EVIDENCES,FIRE_119_RECORD
AE_FIRE_PT_02615,RP_TRAFFIC_01,EVIDENCES,FIRE_119_RECORD
AE_FIRE_PT_02616,RP_SLIP_TERRAIN,EVIDENCES,FIRE_119_RECORD
AE_FIRE_PT_02617,RP_TRAFFIC_01,EVIDENCES,FIRE_119_RECORD
AE_FIRE_PT_02618,RP_SLIP_TERRAIN,EVIDENCES,FIRE_119_RECORD
AE_FIRE_PT_02619,RP_ANIMAL_01,EVIDENCES,FIRE_119_RECORD
AE_FIRE_PT_02620,RP_SLIP_TERRAIN,EVIDENCES,FIRE_119_RECORD
AE_FIRE_PT_02621,RP_TRAFFIC_01,EVIDENCES,FIRE_119_RECORD
AE_FIRE_PT_02622,RP_ANIMAL_01,EVIDENCES,FIRE_119_RECORD
AE_FIRE_PT_02623,RP_ANIMAL_01,EVIDENCES,FIRE_119_RECORD
AE_FIRE_PT_02624,RP_DROWN_01,EVIDENCES,FIRE_119_RECORD
AE_FIRE_PT_02625,RP_MACHINE_01,EVIDENCES,FIRE_119_RECORD
AE_FIRE_PT_02626,RP_ANIMAL_01,EVIDENCES,FIRE_119_RECORD
AE_FIRE_PT_02627,RP_TRAFFIC_01,EVIDENCES,FIRE_119_RECORD
AE_FIRE_PT_02628,RP_TRAFFIC_01,EVIDENCES,FIRE_119_RECORD
AE_FIRE_PT_02629,RP_MACHINE_01,EVIDENCES,FIRE_119_RECORD
AE_FIRE_PT_02630,RP_TRAFFIC_01,EVIDENCES,FIRE_119_RECORD
AE_FIRE_PT_02631,RP_SLIP_TERRAIN,EVIDENCES,FIRE_119_RECORD
AE_FIRE_PT_02632,RP_TRAFFIC_01,EVIDENCES,FIRE_119_RECORD
AE_FIRE_PT_02633,RP_TRAFFIC_01,EVIDENCES,FIRE_119_RECORD
AE_FIRE_PT_02634,RP_TRAFFIC_01,EVIDENCES,FIRE_119_RECORD
AE_FIRE_PT_02635,RP_TRAFFIC_01,EVIDENCES,FIRE_119_RECORD
AE_FIRE_PT_02636,RP_TRAFFIC_01,EVIDENCES,FIRE_119_RECORD
AE_FIRE_PT_02637,RP_TRAFFIC_01,EVIDENCES,FIRE_119_RECORD
AE_FIRE_PT_02638,RP_TRAFFIC_01,EVIDENCES,FIRE_119_RECORD
AE_FIRE_PT_02639,RP_TRAFFIC_01,EVIDENCES,FIRE_119_RECORD
AE_FIRE_PT_02640,RP_TRAFFIC_01,EVIDENCES,FIRE_119_RECORD
AE_FIRE_PT_02641,RP_SLIP_TERRAIN,EVIDENCES,FIRE_119_RECORD
AE_FIRE_PT_02642,RP_SLIP_TERRAIN,EVIDENCES,FIRE_119_RECORD
AE_FIRE_PT_02643,RP_TRAFFIC_01,EVIDENCES,FIRE_119_RECORD
AE_FIRE_PT_02644,RP_MACHINE_01,EVIDENCES,FIRE_119_RECORD
AE_FIRE_PT_02645,RP_SLIP_TERRAIN,EVIDENCES,FIRE_119_RECORD
AE_FIRE_PT_02646,RP_ANIMAL_01,EVIDENCES,FIRE_119_RECORD
AE_FIRE_PT_02647,RP_SLIP_TERRAIN,EVIDENCES,FIRE_119_RECORD
AE_FIRE_PT_02648,RP_SLIP_TERRAIN,EVIDENCES,FIRE_119_RECORD
AE_FIRE_PT_02649,RP_MACHINE_01,EVIDENCES,FIRE_119_RECORD
AE_FIRE_PT_02650,RP_TRAFFIC_01,EVIDENCES,FIRE_119_RECORD
AE_FIRE_PT_02651,RP_MACHINE_01,EVIDENCES,FIRE_119_RECORD
AE_FIRE_PT_02652,RP_TRAFFIC_01,EVIDENCES,FIRE_119_RECORD
AE_FIRE_PT_02653,RP_TRAFFIC_01,EVIDENCES,FIRE_119_RECORD
AE_FIRE_PT_02654,RP_MACHINE_01,EVIDENCES,FIRE_119_RECORD
AE_FIRE_PT_02655,RP_ANIMAL_01,EVIDENCES,FIRE_119_RECORD
AE_FIRE_PT_02656,RP_FALL_CLIFF,EVIDENCES,FIRE_119_RECORD
AE_FIRE_PT_02657,RP_MACHINE_01,EVIDENCES,FIRE_119_RECORD
AE_FIRE_PT_02658,RP_SLIP_TERRAIN,EVIDENCES,FIRE_119_RECORD
AE_FIRE_PT_02659,RP_DROWN_01,EVIDENCES,FIRE_119_RECORD
AE_FIRE_PT_02660,RP_SLIP_TERRAIN,EVIDENCES,FIRE_119_RECORD
AE_FIRE_PT_02661,RP_SLIP_TERRAIN,EVIDENCES,FIRE_119_RECORD
AE_FIRE_PT_02662,RP_TRAFFIC_01,EVIDENCES,FIRE_119_RECORD
AE_FIRE_PT_02663,RP_TRAFFIC_01,EVIDENCES,FIRE_119_RECORD
AE_FIRE_PT_02664,RP_MACHINE_01,EVIDENCES,FIRE_119_RECORD
AE_FIRE_PT_02665,RP_TRAFFIC_01,EVIDENCES,FIRE_119_RECORD
AE_FIRE_PT_02666,RP_MACHINE_01,EVIDENCES,FIRE_119_RECORD
AE_FIRE_PT_02667,RP_TRAFFIC_01,EVIDENCES,FIRE_119_RECORD
AE_FIRE_PT_02668,RP_TRAFFIC_01,EVIDENCES,FIRE_119_RECORD
AE_FIRE_PT_02669,RP_TRAFFIC_01,EVIDENCES,FIRE_119_RECORD
AE_FIRE_PT_02670,RP_TRAFFIC_01,EVIDENCES,FIRE_119_RECORD
AE_FIRE_PT_02671,RP_SLIP_TERRAIN,EVIDENCES,FIRE_119_RECORD
AE_FIRE_PT_02672,RP_SLIP_TERRAIN,EVIDENCES,FIRE_119_RECORD
AE_FIRE_PT_02673,RP_TRAFFIC_01,EVIDENCES,FIRE_119_RECORD
AE_FIRE_PT_02674,RP_TRAFFIC_01,EVIDENCES,FIRE_119_RECORD
AE_FIRE_PT_02675,RP_TRAFFIC_01,EVIDENCES,FIRE_119_RECORD
AE_FIRE_PT_02676,RP_TRAFFIC_01,EVIDENCES,FIRE_119_RECORD
AE_FIRE_PT_02677,RP_TRAFFIC_01,EVIDENCES,FIRE_119_RECORD
AE_FIRE_PT_02678,RP_TRAFFIC_01,EVIDENCES,FIRE_119_RECORD
AE_FIRE_PT_02679,RP_TRAFFIC_01,EVIDENCES,FIRE_119_RECORD
AE_FIRE_PT_02680,RP_SLIP_TERRAIN,EVIDENCES,FIRE_119_RECORD
AE_FIRE_PT_02681,RP_TRAFFIC_01,EVIDENCES,FIRE_119_RECORD
AE_FIRE_PT_02682,RP_TRAFFIC_01,EVIDENCES,FIRE_119_RECORD
AE_FIRE_PT_02683,RP_MACHINE_01,EVIDENCES,FIRE_119_RECORD
AE_FIRE_PT_02684,RP_SLIP_TERRAIN,EVIDENCES,FIRE_119_RECORD
AE_FIRE_PT_02685,RP_SLIP_TERRAIN,EVIDENCES,FIRE_119_RECORD
AE_FIRE_PT_02686,RP_CO_01,EVIDENCES,FIRE_119_RECORD
AE_FIRE_PT_02687,RP_SLIP_TERRAIN,EVIDENCES,FIRE_119_RECORD
AE_FIRE_PT_02688,RP_TRAFFIC_01,EVIDENCES,FIRE_119_RECORD
AE_FIRE_PT_02689,RP_TRAFFIC_01,EVIDENCES,FIRE_119_RECORD
AE_FIRE_PT_02690,RP_TRAFFIC_01,EVIDENCES,FIRE_119_RECORD
AE_FIRE_PT_02691,RP_TRAFFIC_01,EVIDENCES,FIRE_119_RECORD
AE_FIRE_PT_02692,RP_TRAFFIC_01,EVIDENCES,FIRE_119_RECORD
AE_FIRE_PT_02693,RP_MACHINE_01,EVIDENCES,FIRE_119_RECORD
AE_FIRE_PT_02694,RP_SLIP_TERRAIN,EVIDENCES,FIRE_119_RECORD
AE_FIRE_PT_02695,RP_SLIP_TERRAIN,EVIDENCES,FIRE_119_RECORD
AE_FIRE_PT_02696,RP_TRAFFIC_01,EVIDENCES,FIRE_119_RECORD
AE_FIRE_PT_02697,RP_TRAFFIC_01,EVIDENCES,FIRE_119_RECORD
AE_FIRE_PT_02698,RP_TRAFFIC_01,EVIDENCES,FIRE_119_RECORD
AE_FIRE_PT_02699,RP_TRAFFIC_01,EVIDENCES,FIRE_119_RECORD
AE_FIRE_PT_02700,RP_TRAFFIC_01,EVIDENCES,FIRE_119_RECORD
AE_FIRE_PT_02701,RP_TRAFFIC_01,EVIDENCES,FIRE_119_RECORD
AE_FIRE_PT_02702,RP_TRAFFIC_01,EVIDENCES,FIRE_119_RECORD
AE_FIRE_PT_02703,RP_SLIP_TERRAIN,EVIDENCES,FIRE_119_RECORD
AE_FIRE_PT_02704,RP_ANIMAL_01,EVIDENCES,FIRE_119_RECORD
AE_FIRE_PT_02705,RP_TRAFFIC_01,EVIDENCES,FIRE_119_RECORD
AE_FIRE_PT_02706,RP_TRAFFIC_01,EVIDENCES,FIRE_119_RECORD
AE_FIRE_PT_02707,RP_ANIMAL_01,EVIDENCES,FIRE_119_RECORD
AE_FIRE_PT_02708,RP_TRAFFIC_01,EVIDENCES,FIRE_119_RECORD
AE_FIRE_PT_02709,RP_MACHINE_01,EVIDENCES,FIRE_119_RECORD
AE_FIRE_PT_02710,RP_TRAFFIC_01,EVIDENCES,FIRE_119_RECORD
AE_FIRE_PT_02711,RP_TRAFFIC_01,EVIDENCES,FIRE_119_RECORD
AE_FIRE_PT_02712,RP_TRAFFIC_01,EVIDENCES,FIRE_119_RECORD
AE_FIRE_PT_02713,RP_TRAFFIC_01,EVIDENCES,FIRE_119_RECORD
AE_FIRE_PT_02714,RP_TRAFFIC_01,EVIDENCES,FIRE_119_RECORD
AE_FIRE_PT_02715,RP_SLIP_TERRAIN,EVIDENCES,FIRE_119_RECORD
AE_FIRE_PT_02716,RP_TRAFFIC_01,EVIDENCES,FIRE_119_RECORD
AE_FIRE_PT_02717,RP_TRAFFIC_01,EVIDENCES,FIRE_119_RECORD
AE_FIRE_PT_02718,RP_MACHINE_01,EVIDENCES,FIRE_119_RECORD
AE_FIRE_PT_02719,RP_MACHINE_01,EVIDENCES,FIRE_119_RECORD
AE_FIRE_PT_02720,RP_SLIP_TERRAIN,EVIDENCES,FIRE_119_RECORD
AE_FIRE_PT_02721,RP_TRAFFIC_01,EVIDENCES,FIRE_119_RECORD
AE_FIRE_PT_02722,RP_ANIMAL_01,EVIDENCES,FIRE_119_RECORD
AE_FIRE_PT_02723,RP_ANIMAL_01,EVIDENCES,FIRE_119_RECORD
AE_FIRE_PT_02724,RP_TRAFFIC_01,EVIDENCES,FIRE_119_RECORD
AE_FIRE_PT_02725,RP_SLIP_TERRAIN,EVIDENCES,FIRE_119_RECORD
AE_FIRE_PT_02726,RP_SLIP_TERRAIN,EVIDENCES,FIRE_119_RECORD
AE_FIRE_PT_02727,RP_TRAFFIC_01,EVIDENCES,FIRE_119_RECORD
AE_FIRE_PT_02728,RP_TRAFFIC_01,EVIDENCES,FIRE_119_RECORD
AE_FIRE_PT_02729,RP_TRAFFIC_01,EVIDENCES,FIRE_119_RECORD
AE_FIRE_PT_02730,RP_TRAFFIC_01,EVIDENCES,FIRE_119_RECORD
AE_FIRE_PT_02731,RP_TRAFFIC_01,EVIDENCES,FIRE_119_RECORD
AE_FIRE_PT_02732,RP_MACHINE_01,EVIDENCES,FIRE_119_RECORD
AE_FIRE_PT_02733,RP_SLIP_TERRAIN,EVIDENCES,FIRE_119_RECORD
AE_FIRE_PT_02734,RP_SLIP_TERRAIN,EVIDENCES,FIRE_119_RECORD
AE_FIRE_PT_02735,RP_DROWN_01,EVIDENCES,FIRE_119_RECORD
AE_FIRE_PT_02736,RP_ANIMAL_01,EVIDENCES,FIRE_119_RECORD
AE_FIRE_PT_02737,RP_SLIP_TERRAIN,EVIDENCES,FIRE_119_RECORD
AE_FIRE_PT_02738,RP_FALL_CLIFF,EVIDENCES,FIRE_119_RECORD
AE_FIRE_PT_02739,RP_TRAFFIC_01,EVIDENCES,FIRE_119_RECORD
AE_FIRE_PT_02740,RP_MACHINE_01,EVIDENCES,FIRE_119_RECORD
AE_FIRE_PT_02741,RP_MACHINE_01,EVIDENCES,FIRE_119_RECORD
AE_FIRE_PT_02742,RP_MACHINE_01,EVIDENCES,FIRE_119_RECORD
AE_FIRE_PT_02743,RP_SLIP_TERRAIN,EVIDENCES,FIRE_119_RECORD
AE_FIRE_PT_02744,RP_TRAFFIC_01,EVIDENCES,FIRE_119_RECORD
AE_FIRE_PT_02745,RP_TRAFFIC_01,EVIDENCES,FIRE_119_RECORD
AE_FIRE_PT_02746,RP_TRAFFIC_01,EVIDENCES,FIRE_119_RECORD
AE_FIRE_PT_02747,RP_SLIP_TERRAIN,EVIDENCES,FIRE_119_RECORD
AE_FIRE_PT_02748,RP_SLIP_TERRAIN,EVIDENCES,FIRE_119_RECORD
AE_FIRE_PT_02749,RP_TRAFFIC_01,EVIDENCES,FIRE_119_RECORD
AE_FIRE_PT_02750,RP_MACHINE_01,EVIDENCES,FIRE_119_RECORD
AE_FIRE_PT_02751,RP_ANIMAL_01,EVIDENCES,FIRE_119_RECORD
AE_FIRE_PT_02752,RP_TRAFFIC_01,EVIDENCES,FIRE_119_RECORD
AE_FIRE_PT_02753,RP_SLIP_TERRAIN,EVIDENCES,FIRE_119_RECORD
AE_FIRE_PT_02754,RP_MACHINE_01,EVIDENCES,FIRE_119_RECORD
AE_FIRE_PT_02755,RP_MACHINE_01,EVIDENCES,FIRE_119_RECORD
AE_FIRE_PT_02756,RP_TRAFFIC_01,EVIDENCES,FIRE_119_RECORD
AE_FIRE_PT_02757,RP_DROWN_01,EVIDENCES,FIRE_119_RECORD
AE_FIRE_PT_02758,RP_DROWN_01,EVIDENCES,FIRE_119_RECORD
AE_FIRE_PT_02759,RP_TRAFFIC_01,EVIDENCES,FIRE_119_RECORD
AE_FIRE_PT_02760,RP_TRAFFIC_01,EVIDENCES,FIRE_119_RECORD
AE_FIRE_PT_02761,RP_TRAFFIC_01,EVIDENCES,FIRE_119_RECORD
AE_FIRE_PT_02762,RP_ANIMAL_01,EVIDENCES,FIRE_119_RECORD
AE_FIRE_PT_02763,RP_MACHINE_01,EVIDENCES,FIRE_119_RECORD
AE_FIRE_PT_02764,RP_MACHINE_01,EVIDENCES,FIRE_119_RECORD
AE_FIRE_PT_02765,RP_SLIP_TERRAIN,EVIDENCES,FIRE_119_RECORD
AE_FIRE_PT_02766,RP_MACHINE_01,EVIDENCES,FIRE_119_RECORD
AE_FIRE_PT_02767,RP_SLIP_TERRAIN,EVIDENCES,FIRE_119_RECORD
AE_FIRE_PT_02768,RP_TRAFFIC_01,EVIDENCES,FIRE_119_RECORD
AE_FIRE_PT_02769,RP_SLIP_TERRAIN,EVIDENCES,FIRE_119_RECORD
AE_FIRE_PT_02770,RP_DROWN_01,EVIDENCES,FIRE_119_RECORD
AE_FIRE_PT_02771,RP_TRAFFIC_01,EVIDENCES,FIRE_119_RECORD
AE_FIRE_PT_02772,RP_SLIP_TERRAIN,EVIDENCES,FIRE_119_RECORD
AE_FIRE_PT_02773,RP_SLIP_TERRAIN,EVIDENCES,FIRE_119_RECORD
AE_FIRE_PT_02774,RP_ANIMAL_01,EVIDENCES,FIRE_119_RECORD
AE_FIRE_PT_02775,RP_MACHINE_01,EVIDENCES,FIRE_119_RECORD
AE_FIRE_PT_02776,RP_TRAFFIC_01,EVIDENCES,FIRE_119_RECORD
AE_FIRE_PT_02777,RP_FALL_CLIFF,EVIDENCES,FIRE_119_RECORD
AE_FIRE_PT_02778,RP_MACHINE_01,EVIDENCES,FIRE_119_RECORD
AE_FIRE_PT_02779,RP_FALL_CLIFF,EVIDENCES,FIRE_119_RECORD
AE_FIRE_PT_02780,RP_TRAFFIC_01,EVIDENCES,FIRE_119_RECORD
AE_FIRE_PT_02781,RP_TRAFFIC_01,EVIDENCES,FIRE_119_RECORD
AE_FIRE_PT_02782,RP_TRAFFIC_01,EVIDENCES,FIRE_119_RECORD
AE_FIRE_PT_02783,RP_SLIP_TERRAIN,EVIDENCES,FIRE_119_RECORD
AE_FIRE_PT_02784,RP_SLIP_TERRAIN,EVIDENCES,FIRE_119_RECORD
AE_FIRE_PT_02785,RP_SLIP_TERRAIN,EVIDENCES,FIRE_119_RECORD
AE_FIRE_PT_02786,RP_SLIP_TERRAIN,EVIDENCES,FIRE_119_RECORD
AE_FIRE_PT_02787,RP_SLIP_TERRAIN,EVIDENCES,FIRE_119_RECORD
AE_FIRE_PT_02788,RP_TRAFFIC_01,EVIDENCES,FIRE_119_RECORD
AE_FIRE_PT_02789,RP_TRAFFIC_01,EVIDENCES,FIRE_119_RECORD
AE_FIRE_PT_02790,RP_MACHINE_01,EVIDENCES,FIRE_119_RECORD
AE_FIRE_PT_02791,RP_ANIMAL_01,EVIDENCES,FIRE_119_RECORD
AE_FIRE_PT_02792,RP_TRAFFIC_01,EVIDENCES,FIRE_119_RECORD
AE_FIRE_PT_02793,RP_TRAFFIC_01,EVIDENCES,FIRE_119_RECORD
AE_FIRE_PT_02794,RP_MACHINE_01,EVIDENCES,FIRE_119_RECORD
AE_FIRE_PT_02795,RP_TRAFFIC_01,EVIDENCES,FIRE_119_RECORD
AE_FIRE_PT_02796,RP_MACHINE_01,EVIDENCES,FIRE_119_RECORD
AE_FIRE_PT_02797,RP_TRAFFIC_01,EVIDENCES,FIRE_119_RECORD
AE_FIRE_PT_02798,RP_SLIP_TERRAIN,EVIDENCES,FIRE_119_RECORD
AE_FIRE_PT_02799,RP_SLIP_TERRAIN,EVIDENCES,FIRE_119_RECORD
AE_FIRE_PT_02800,RP_TRAFFIC_01,EVIDENCES,FIRE_119_RECORD
AE_FIRE_PT_02801,RP_SLIP_TERRAIN,EVIDENCES,FIRE_119_RECORD
AE_FIRE_PT_02802,RP_TRAFFIC_01,EVIDENCES,FIRE_119_RECORD
AE_FIRE_PT_02803,RP_TRAFFIC_01,EVIDENCES,FIRE_119_RECORD
AE_FIRE_PT_02804,RP_ANIMAL_01,EVIDENCES,FIRE_119_RECORD
AE_FIRE_PT_02805,RP_TRAFFIC_01,EVIDENCES,FIRE_119_RECORD
AE_FIRE_PT_02806,RP_ANIMAL_01,EVIDENCES,FIRE_119_RECORD
AE_FIRE_PT_02807,RP_ANIMAL_01,EVIDENCES,FIRE_119_RECORD
AE_FIRE_PT_02808,RP_TRAFFIC_01,EVIDENCES,FIRE_119_RECORD
AE_FIRE_PT_02809,RP_TRAFFIC_01,EVIDENCES,FIRE_119_RECORD
AE_FIRE_PT_02810,RP_MACHINE_01,EVIDENCES,FIRE_119_RECORD
AE_FIRE_PT_02811,RP_SLIP_TERRAIN,EVIDENCES,FIRE_119_RECORD
AE_FIRE_PT_02812,RP_SLIP_TERRAIN,EVIDENCES,FIRE_119_RECORD
AE_FIRE_PT_02813,RP_TRAFFIC_01,EVIDENCES,FIRE_119_RECORD
AE_FIRE_PT_02814,RP_TRAFFIC_01,EVIDENCES,FIRE_119_RECORD
AE_FIRE_PT_02815,RP_DROWN_01,EVIDENCES,FIRE_119_RECORD
AE_FIRE_PT_02816,RP_SLIP_TERRAIN,EVIDENCES,FIRE_119_RECORD
AE_FIRE_PT_02817,RP_SLIP_TERRAIN,EVIDENCES,FIRE_119_RECORD
AE_FIRE_PT_02818,RP_ANIMAL_01,EVIDENCES,FIRE_119_RECORD
AE_FIRE_PT_02819,RP_TRAFFIC_01,EVIDENCES,FIRE_119_RECORD
AE_FIRE_PT_02820,RP_MACHINE_01,EVIDENCES,FIRE_119_RECORD
AE_FIRE_PT_02821,RP_TRAFFIC_01,EVIDENCES,FIRE_119_RECORD
AE_FIRE_PT_02822,RP_TRAFFIC_01,EVIDENCES,FIRE_119_RECORD
AE_FIRE_PT_02823,RP_TRAFFIC_01,EVIDENCES,FIRE_119_RECORD
AE_FIRE_PT_02824,RP_MACHINE_01,EVIDENCES,FIRE_119_RECORD
AE_FIRE_PT_02825,RP_TRAFFIC_01,EVIDENCES,FIRE_119_RECORD
AE_FIRE_PT_02826,RP_TRAFFIC_01,EVIDENCES,FIRE_119_RECORD
AE_FIRE_PT_02827,RP_TRAFFIC_01,EVIDENCES,FIRE_119_RECORD
AE_FIRE_PT_02828,RP_MACHINE_01,EVIDENCES,FIRE_119_RECORD
AE_FIRE_PT_02829,RP_FALL_CLIFF,EVIDENCES,FIRE_119_RECORD
AE_FIRE_PT_02830,RP_MACHINE_01,EVIDENCES,FIRE_119_RECORD
AE_FIRE_PT_02831,RP_SLIP_TERRAIN,EVIDENCES,FIRE_119_RECORD
AE_FIRE_PT_02832,RP_SLIP_TERRAIN,EVIDENCES,FIRE_119_RECORD
AE_FIRE_PT_02833,RP_MACHINE_01,EVIDENCES,FIRE_119_RECORD
AE_FIRE_PT_02834,RP_TRAFFIC_01,EVIDENCES,FIRE_119_RECORD
AE_FIRE_PT_02835,RP_TRAFFIC_01,EVIDENCES,FIRE_119_RECORD
AE_FIRE_PT_02836,RP_TRAFFIC_01,EVIDENCES,FIRE_119_RECORD
AE_FIRE_PT_02837,RP_DROWN_01,EVIDENCES,FIRE_119_RECORD
AE_FIRE_PT_02838,RP_SLIP_TERRAIN,EVIDENCES,FIRE_119_RECORD
AE_FIRE_PT_02839,RP_SLIP_TERRAIN,EVIDENCES,FIRE_119_RECORD
AE_FIRE_PT_02840,RP_MACHINE_01,EVIDENCES,FIRE_119_RECORD
AE_FIRE_PT_02841,RP_MACHINE_01,EVIDENCES,FIRE_119_RECORD
AE_FIRE_PT_02842,RP_SLIP_TERRAIN,EVIDENCES,FIRE_119_RECORD
AE_FIRE_PT_02843,RP_MACHINE_01,EVIDENCES,FIRE_119_RECORD
AE_FIRE_PT_02844,RP_TRAFFIC_01,EVIDENCES,FIRE_119_RECORD
AE_FIRE_PT_02845,RP_TRAFFIC_01,EVIDENCES,FIRE_119_RECORD
AE_FIRE_PT_02846,RP_ANIMAL_01,EVIDENCES,FIRE_119_RECORD
AE_FIRE_PT_02847,RP_MACHINE_01,EVIDENCES,FIRE_119_RECORD
AE_FIRE_PT_02848,RP_TRAFFIC_01,EVIDENCES,FIRE_119_RECORD
AE_FIRE_PT_02849,RP_TRAFFIC_01,EVIDENCES,FIRE_119_RECORD
AE_FIRE_PT_02850,RP_SLIP_TERRAIN,EVIDENCES,FIRE_119_RECORD
AE_FIRE_PT_02851,RP_SLIP_TERRAIN,EVIDENCES,FIRE_119_RECORD
AE_FIRE_PT_02852,RP_SLIP_TERRAIN,EVIDENCES,FIRE_119_RECORD
AE_FIRE_PT_02853,RP_TRAFFIC_01,EVIDENCES,FIRE_119_RECORD
AE_FIRE_PT_02854,RP_SLIP_TERRAIN,EVIDENCES,FIRE_119_RECORD
AE_FIRE_PT_02855,RP_SLIP_TERRAIN,EVIDENCES,FIRE_119_RECORD
AE_FIRE_PT_02856,RP_SLIP_TERRAIN,EVIDENCES,FIRE_119_RECORD
AE_FIRE_PT_02857,RP_SLIP_TERRAIN,EVIDENCES,FIRE_119_RECORD
AE_FIRE_PT_02858,RP_SLIP_TERRAIN,EVIDENCES,FIRE_119_RECORD
AE_FIRE_PT_02859,RP_TRAFFIC_01,EVIDENCES,FIRE_119_RECORD
AE_FIRE_PT_02860,RP_TRAFFIC_01,EVIDENCES,FIRE_119_RECORD
AE_FIRE_PT_02861,RP_SLIP_TERRAIN,EVIDENCES,FIRE_119_RECORD
AE_FIRE_PT_02862,RP_MACHINE_01,EVIDENCES,FIRE_119_RECORD
AE_FIRE_PT_02863,RP_FALL_CLIFF,EVIDENCES,FIRE_119_RECORD
AE_FIRE_PT_02864,RP_TRAFFIC_01,EVIDENCES,FIRE_119_RECORD
AE_FIRE_PT_02865,RP_TRAFFIC_01,EVIDENCES,FIRE_119_RECORD
AE_FIRE_PT_02866,RP_TRAFFIC_01,EVIDENCES,FIRE_119_RECORD
AE_FIRE_PT_02867,RP_SLIP_TERRAIN,EVIDENCES,FIRE_119_RECORD
AE_FIRE_PT_02868,RP_SLIP_TERRAIN,EVIDENCES,FIRE_119_RECORD
AE_FIRE_PT_02869,RP_MACHINE_01,EVIDENCES,FIRE_119_RECORD
AE_FIRE_PT_02870,RP_SLIP_TERRAIN,EVIDENCES,FIRE_119_RECORD
AE_FIRE_PT_02871,RP_TRAFFIC_01,EVIDENCES,FIRE_119_RECORD
AE_FIRE_PT_02872,RP_TRAFFIC_01,EVIDENCES,FIRE_119_RECORD
AE_FIRE_PT_02873,RP_TRAFFIC_01,EVIDENCES,FIRE_119_RECORD
AE_FIRE_PT_02874,RP_TRAFFIC_01,EVIDENCES,FIRE_119_RECORD
AE_FIRE_PT_02875,RP_TRAFFIC_01,EVIDENCES,FIRE_119_RECORD
AE_FIRE_PT_02876,RP_TRAFFIC_01,EVIDENCES,FIRE_119_RECORD
AE_FIRE_PT_02877,RP_TRAFFIC_01,EVIDENCES,FIRE_119_RECORD
AE_FIRE_PT_02878,RP_TRAFFIC_01,EVIDENCES,FIRE_119_RECORD
AE_FIRE_PT_02879,RP_MACHINE_01,EVIDENCES,FIRE_119_RECORD
AE_FIRE_PT_02880,RP_MACHINE_01,EVIDENCES,FIRE_119_RECORD
AE_FIRE_PT_02881,RP_MACHINE_01,EVIDENCES,FIRE_119_RECORD
AE_FIRE_PT_02882,RP_TRAFFIC_01,EVIDENCES,FIRE_119_RECORD
AE_FIRE_PT_02883,RP_TRAFFIC_01,EVIDENCES,FIRE_119_RECORD
AE_FIRE_PT_02884,RP_TRAFFIC_01,EVIDENCES,FIRE_119_RECORD
AE_FIRE_PT_02885,RP_FALL_CLIFF,EVIDENCES,FIRE_119_RECORD
AE_FIRE_PT_02886,RP_TRAFFIC_01,EVIDENCES,FIRE_119_RECORD
AE_FIRE_PT_02887,RP_SLIP_TERRAIN,EVIDENCES,FIRE_119_RECORD
AE_FIRE_PT_02888,RP_TRAFFIC_01,EVIDENCES,FIRE_119_RECORD
AE_FIRE_PT_02889,RP_SLIP_TERRAIN,EVIDENCES,FIRE_119_RECORD
AE_FIRE_PT_02890,RP_ANIMAL_01,EVIDENCES,FIRE_119_RECORD
AE_FIRE_PT_02891,RP_SLIP_TERRAIN,EVIDENCES,FIRE_119_RECORD
AE_FIRE_PT_02892,RP_TRAFFIC_01,EVIDENCES,FIRE_119_RECORD
AE_FIRE_PT_02893,RP_SLIP_TERRAIN,EVIDENCES,FIRE_119_RECORD
AE_FIRE_PT_02894,RP_TRAFFIC_01,EVIDENCES,FIRE_119_RECORD
AE_FIRE_PT_02895,RP_MACHINE_01,EVIDENCES,FIRE_119_RECORD
AE_FIRE_PT_02896,RP_SLIP_TERRAIN,EVIDENCES,FIRE_119_RECORD
AE_FIRE_PT_02897,RP_TRAFFIC_01,EVIDENCES,FIRE_119_RECORD
AE_FIRE_PT_02898,RP_TRAFFIC_01,EVIDENCES,FIRE_119_RECORD
AE_FIRE_PT_02899,RP_SLIP_TERRAIN,EVIDENCES,FIRE_119_RECORD
AE_FIRE_PT_02900,RP_FALL_CLIFF,EVIDENCES,FIRE_119_RECORD
AE_FIRE_PT_02901,RP_SLIP_TERRAIN,EVIDENCES,FIRE_119_RECORD
AE_FIRE_PT_02902,RP_SLIP_TERRAIN,EVIDENCES,FIRE_119_RECORD
AE_FIRE_PT_02903,RP_SLIP_TERRAIN,EVIDENCES,FIRE_119_RECORD
AE_FIRE_PT_02904,RP_TRAFFIC_01,EVIDENCES,FIRE_119_RECORD
AE_FIRE_PT_02905,RP_SLIP_TERRAIN,EVIDENCES,FIRE_119_RECORD
AE_FIRE_PT_02906,RP_MACHINE_01,EVIDENCES,FIRE_119_RECORD
AE_FIRE_PT_02907,RP_TRAFFIC_01,EVIDENCES,FIRE_119_RECORD
AE_FIRE_PT_02908,RP_SLIP_TERRAIN,EVIDENCES,FIRE_119_RECORD
AE_FIRE_PT_02909,RP_ANIMAL_01,EVIDENCES,FIRE_119_RECORD
AE_FIRE_PT_02910,RP_SLIP_TERRAIN,EVIDENCES,FIRE_119_RECORD
AE_FIRE_PT_02911,RP_SLIP_TERRAIN,EVIDENCES,FIRE_119_RECORD
AE_FIRE_PT_02912,RP_SLIP_TERRAIN,EVIDENCES,FIRE_119_RECORD
AE_FIRE_PT_02913,RP_MACHINE_01,EVIDENCES,FIRE_119_RECORD
AE_FIRE_PT_02914,RP_MACHINE_01,EVIDENCES,FIRE_119_RECORD
AE_FIRE_PT_02915,RP_TRAFFIC_01,EVIDENCES,FIRE_119_RECORD
AE_FIRE_PT_02916,RP_ANIMAL_01,EVIDENCES,FIRE_119_RECORD
AE_FIRE_PT_02917,RP_TRAFFIC_01,EVIDENCES,FIRE_119_RECORD
AE_FIRE_PT_02918,RP_SLIP_TERRAIN,EVIDENCES,FIRE_119_RECORD
AE_FIRE_PT_02919,RP_TRAFFIC_01,EVIDENCES,FIRE_119_RECORD
AE_FIRE_PT_02920,RP_FALL_CLIFF,EVIDENCES,FIRE_119_RECORD
AE_FIRE_PT_02921,RP_TRAFFIC_01,EVIDENCES,FIRE_119_RECORD
AE_FIRE_PT_02922,RP_SLIP_TERRAIN,EVIDENCES,FIRE_119_RECORD
AE_FIRE_PT_02923,RP_ANIMAL_01,EVIDENCES,FIRE_119_RECORD
AE_FIRE_PT_02924,RP_MACHINE_01,EVIDENCES,FIRE_119_RECORD
AE_FIRE_PT_02925,RP_SLIP_TERRAIN,EVIDENCES,FIRE_119_RECORD
AE_FIRE_PT_02926,RP_TRAFFIC_01,EVIDENCES,FIRE_119_RECORD
AE_FIRE_PT_02927,RP_MACHINE_01,EVIDENCES,FIRE_119_RECORD
AE_FIRE_PT_02928,RP_TRAFFIC_01,EVIDENCES,FIRE_119_RECORD
AE_FIRE_PT_02929,RP_TRAFFIC_01,EVIDENCES,FIRE_119_RECORD
AE_FIRE_PT_02930,RP_TRAFFIC_01,EVIDENCES,FIRE_119_RECORD
AE_FIRE_PT_02931,RP_TRAFFIC_01,EVIDENCES,FIRE_119_RECORD
AE_FIRE_PT_02932,RP_TRAFFIC_01,EVIDENCES,FIRE_119_RECORD
AE_FIRE_PT_02933,RP_TRAFFIC_01,EVIDENCES,FIRE_119_RECORD
AE_FIRE_PT_02934,RP_TRAFFIC_01,EVIDENCES,FIRE_119_RECORD
AE_FIRE_PT_02935,RP_TRAFFIC_01,EVIDENCES,FIRE_119_RECORD
AE_FIRE_PT_02936,RP_TRAFFIC_01,EVIDENCES,FIRE_119_RECORD
AE_FIRE_PT_02937,RP_MACHINE_01,EVIDENCES,FIRE_119_RECORD
AE_FIRE_PT_02938,RP_MACHINE_01,EVIDENCES,FIRE_119_RECORD
AE_FIRE_PT_02939,RP_TRAFFIC_01,EVIDENCES,FIRE_119_RECORD
AE_FIRE_PT_02940,RP_ANIMAL_01,EVIDENCES,FIRE_119_RECORD
AE_FIRE_PT_02941,RP_TRAFFIC_01,EVIDENCES,FIRE_119_RECORD
AE_FIRE_PT_02942,RP_TRAFFIC_01,EVIDENCES,FIRE_119_RECORD
AE_FIRE_PT_02943,RP_TRAFFIC_01,EVIDENCES,FIRE_119_RECORD
AE_FIRE_PT_02944,RP_TRAFFIC_01,EVIDENCES,FIRE_119_RECORD
AE_FIRE_PT_02945,RP_SLIP_TERRAIN,EVIDENCES,FIRE_119_RECORD
AE_FIRE_PT_02946,RP_MACHINE_01,EVIDENCES,FIRE_119_RECORD
AE_FIRE_PT_02947,RP_TRAFFIC_01,EVIDENCES,FIRE_119_RECORD
AE_FIRE_PT_02948,RP_TRAFFIC_01,EVIDENCES,FIRE_119_RECORD
AE_FIRE_PT_02949,RP_HEAT_02,EVIDENCES,FIRE_119_RECORD
AE_FIRE_PT_02950,RP_ANIMAL_01,EVIDENCES,FIRE_119_RECORD
AE_FIRE_PT_02951,RP_TRAFFIC_01,EVIDENCES,FIRE_119_RECORD
AE_FIRE_PT_02952,RP_ANIMAL_01,EVIDENCES,FIRE_119_RECORD
AE_FIRE_PT_02953,RP_MACHINE_01,EVIDENCES,FIRE_119_RECORD
AE_FIRE_PT_02954,RP_MACHINE_01,EVIDENCES,FIRE_119_RECORD
AE_FIRE_PT_02955,RP_MACHINE_01,EVIDENCES,FIRE_119_RECORD
AE_FIRE_PT_02956,RP_TRAFFIC_01,EVIDENCES,FIRE_119_RECORD
AE_FIRE_PT_02957,RP_TRAFFIC_01,EVIDENCES,FIRE_119_RECORD
AE_FIRE_PT_02958,RP_TRAFFIC_01,EVIDENCES,FIRE_119_RECORD
AE_FIRE_PT_02959,RP_TRAFFIC_01,EVIDENCES,FIRE_119_RECORD
AE_FIRE_PT_02960,RP_SLIP_TERRAIN,EVIDENCES,FIRE_119_RECORD
AE_FIRE_PT_02961,RP_TRAFFIC_01,EVIDENCES,FIRE_119_RECORD
AE_FIRE_PT_02962,RP_TRAFFIC_01,EVIDENCES,FIRE_119_RECORD
AE_FIRE_PT_02963,RP_TRAFFIC_01,EVIDENCES,FIRE_119_RECORD
AE_FIRE_PT_02964,RP_TRAFFIC_01,EVIDENCES,FIRE_119_RECORD
AE_FIRE_PT_02965,RP_SLIP_TERRAIN,EVIDENCES,FIRE_119_RECORD
AE_FIRE_PT_02966,RP_SLIP_TERRAIN,EVIDENCES,FIRE_119_RECORD
AE_FIRE_PT_02967,RP_SLIP_TERRAIN,EVIDENCES,FIRE_119_RECORD
AE_FIRE_PT_02968,RP_SLIP_TERRAIN,EVIDENCES,FIRE_119_RECORD
AE_FIRE_PT_02969,RP_SLIP_TERRAIN,EVIDENCES,FIRE_119_RECORD
AE_FIRE_PT_02970,RP_SLIP_TERRAIN,EVIDENCES,FIRE_119_RECORD
AE_FIRE_PT_02971,RP_SLIP_TERRAIN,EVIDENCES,FIRE_119_RECORD
AE_FIRE_PT_02972,RP_SLIP_TERRAIN,EVIDENCES,FIRE_119_RECORD
AE_FIRE_PT_02973,RP_ANIMAL_01,EVIDENCES,FIRE_119_RECORD
AE_FIRE_PT_02974,RP_MACHINE_01,EVIDENCES,FIRE_119_RECORD
AE_FIRE_PT_02975,RP_SLIP_TERRAIN,EVIDENCES,FIRE_119_RECORD
AE_FIRE_PT_02976,RP_MACHINE_01,EVIDENCES,FIRE_119_RECORD
AE_FIRE_PT_02977,RP_SLIP_TERRAIN,EVIDENCES,FIRE_119_RECORD
AE_FIRE_PT_02978,RP_SLIP_TERRAIN,EVIDENCES,FIRE_119_RECORD
AE_FIRE_PT_02979,RP_TRAFFIC_01,EVIDENCES,FIRE_119_RECORD
AE_FIRE_PT_02980,RP_SLIP_TERRAIN,EVIDENCES,FIRE_119_RECORD
AE_FIRE_PT_02981,RP_MACHINE_01,EVIDENCES,FIRE_119_RECORD
AE_FIRE_PT_02982,RP_TRAFFIC_01,EVIDENCES,FIRE_119_RECORD
AE_FIRE_PT_02983,RP_HEAT_02,EVIDENCES,FIRE_119_RECORD
AE_FIRE_PT_02984,RP_SLIP_TERRAIN,EVIDENCES,FIRE_119_RECORD
AE_FIRE_PT_02985,RP_SLIP_TERRAIN,EVIDENCES,FIRE_119_RECORD
AE_FIRE_PT_02986,RP_TRAFFIC_01,EVIDENCES,FIRE_119_RECORD
AE_FIRE_PT_02987,RP_MACHINE_01,EVIDENCES,FIRE_119_RECORD
AE_FIRE_PT_02988,RP_SLIP_TERRAIN,EVIDENCES,FIRE_119_RECORD
AE_FIRE_PT_02989,RP_SLIP_TERRAIN,EVIDENCES,FIRE_119_RECORD
AE_FIRE_PT_02990,RP_TRAFFIC_01,EVIDENCES,FIRE_119_RECORD
AE_FIRE_PT_02991,RP_SLIP_TERRAIN,EVIDENCES,FIRE_119_RECORD
AE_FIRE_PT_02992,RP_ANIMAL_01,EVIDENCES,FIRE_119_RECORD
AE_FIRE_PT_02993,RP_SLIP_TERRAIN,EVIDENCES,FIRE_119_RECORD
AE_FIRE_PT_02994,RP_SLIP_TERRAIN,EVIDENCES,FIRE_119_RECORD
AE_FIRE_PT_02995,RP_TRAFFIC_01,EVIDENCES,FIRE_119_RECORD
AE_FIRE_PT_02996,RP_SLIP_TERRAIN,EVIDENCES,FIRE_119_RECORD
AE_FIRE_PT_02997,RP_COLD_01,EVIDENCES,FIRE_119_RECORD
AE_FIRE_PT_02998,RP_SLIP_TERRAIN,EVIDENCES,FIRE_119_RECORD
AE_FIRE_PT_02999,RP_TRAFFIC_01,EVIDENCES,FIRE_119_RECORD
AE_FIRE_PT_03000,RP_SLIP_TERRAIN,EVIDENCES,FIRE_119_RECORD
AE_FIRE_PT_03001,RP_MACHINE_01,EVIDENCES,FIRE_119_RECORD
AE_FIRE_PT_03002,RP_TRAFFIC_01,EVIDENCES,FIRE_119_RECORD
AE_FIRE_PT_03003,RP_TRAFFIC_01,EVIDENCES,FIRE_119_RECORD
AE_FIRE_PT_03004,RP_TRAFFIC_01,EVIDENCES,FIRE_119_RECORD
AE_FIRE_PT_03005,RP_TRAFFIC_01,EVIDENCES,FIRE_119_RECORD
AE_FIRE_PT_03006,RP_TRAFFIC_01,EVIDENCES,FIRE_119_RECORD
AE_FIRE_PT_03007,RP_MACHINE_01,EVIDENCES,FIRE_119_RECORD
AE_FIRE_PT_03008,RP_MACHINE_01,EVIDENCES,FIRE_119_RECORD
AE_FIRE_PT_03009,RP_SLIP_TERRAIN,EVIDENCES,FIRE_119_RECORD
AE_FIRE_PT_03010,RP_SLIP_TERRAIN,EVIDENCES,FIRE_119_RECORD
AE_FIRE_PT_03011,RP_MACHINE_01,EVIDENCES,FIRE_119_RECORD
AE_FIRE_PT_03012,RP_TRAFFIC_01,EVIDENCES,FIRE_119_RECORD
AE_FIRE_PT_03013,RP_DROWN_01,EVIDENCES,FIRE_119_RECORD
AE_FIRE_PT_03014,RP_MACHINE_01,EVIDENCES,FIRE_119_RECORD
AE_FIRE_PT_03015,RP_TRAFFIC_01,EVIDENCES,FIRE_119_RECORD
AE_FIRE_PT_03016,RP_TRAFFIC_01,EVIDENCES,FIRE_119_RECORD
AE_FIRE_PT_03017,RP_TRAFFIC_01,EVIDENCES,FIRE_119_RECORD
AE_FIRE_PT_03018,RP_SLIP_TERRAIN,EVIDENCES,FIRE_119_RECORD
AE_FIRE_PT_03019,RP_SLIP_TERRAIN,EVIDENCES,FIRE_119_RECORD
AE_FIRE_PT_03020,RP_ANIMAL_01,EVIDENCES,FIRE_119_RECORD
AE_FIRE_PT_03021,RP_MACHINE_01,EVIDENCES,FIRE_119_RECORD
AE_FIRE_PT_03022,RP_SLIP_TERRAIN,EVIDENCES,FIRE_119_RECORD
AE_FIRE_PT_03023,RP_TRAFFIC_01,EVIDENCES,FIRE_119_RECORD
AE_FIRE_PT_03024,RP_FALL_CLIFF,EVIDENCES,FIRE_119_RECORD
AE_FIRE_PT_03025,RP_FALL_CLIFF,EVIDENCES,FIRE_119_RECORD
AE_FIRE_PT_03026,RP_SLIP_TERRAIN,EVIDENCES,FIRE_119_RECORD
AE_FIRE_PT_03027,RP_MACHINE_01,EVIDENCES,FIRE_119_RECORD
AE_FIRE_PT_03028,RP_FALL_CLIFF,EVIDENCES,FIRE_119_RECORD
AE_FIRE_PT_03029,RP_SLIP_TERRAIN,EVIDENCES,FIRE_119_RECORD
AE_FIRE_PT_03030,RP_DROWN_01,EVIDENCES,FIRE_119_RECORD
AE_FIRE_PT_03031,RP_TRAFFIC_01,EVIDENCES,FIRE_119_RECORD
AE_FIRE_PT_03032,RP_TRAFFIC_01,EVIDENCES,FIRE_119_RECORD
AE_FIRE_PT_03033,RP_TRAFFIC_01,EVIDENCES,FIRE_119_RECORD
AE_FIRE_PT_03034,RP_SLIP_TERRAIN,EVIDENCES,FIRE_119_RECORD
AE_FIRE_PT_03035,RP_MACHINE_01,EVIDENCES,FIRE_119_RECORD
AE_FIRE_PT_03036,RP_TRAFFIC_01,EVIDENCES,FIRE_119_RECORD
AE_FIRE_PT_03037,RP_TRAFFIC_01,EVIDENCES,FIRE_119_RECORD
AE_FIRE_PT_03038,RP_TRAFFIC_01,EVIDENCES,FIRE_119_RECORD
AE_FIRE_PT_03039,RP_MACHINE_01,EVIDENCES,FIRE_119_RECORD
AE_FIRE_PT_03040,RP_SLIP_TERRAIN,EVIDENCES,FIRE_119_RECORD
AE_FIRE_PT_03041,RP_SLIP_TERRAIN,EVIDENCES,FIRE_119_RECORD
AE_FIRE_PT_03042,RP_SLIP_TERRAIN,EVIDENCES,FIRE_119_RECORD
AE_FIRE_PT_03043,RP_TRAFFIC_01,EVIDENCES,FIRE_119_RECORD
AE_FIRE_PT_03044,RP_TRAFFIC_01,EVIDENCES,FIRE_119_RECORD
AE_FIRE_PT_03045,RP_SLIP_TERRAIN,EVIDENCES,FIRE_119_RECORD
AE_FIRE_PT_03046,RP_ANIMAL_01,EVIDENCES,FIRE_119_RECORD
AE_FIRE_PT_03047,RP_SLIP_TERRAIN,EVIDENCES,FIRE_119_RECORD
AE_FIRE_PT_03048,RP_ANIMAL_01,EVIDENCES,FIRE_119_RECORD
AE_FIRE_PT_03049,RP_SLIP_TERRAIN,EVIDENCES,FIRE_119_RECORD
AE_FIRE_PT_03050,RP_TRAFFIC_01,EVIDENCES,FIRE_119_RECORD
AE_FIRE_PT_03051,RP_SLIP_TERRAIN,EVIDENCES,FIRE_119_RECORD
AE_FIRE_PT_03052,RP_TRAFFIC_01,EVIDENCES,FIRE_119_RECORD
AE_FIRE_PT_03053,RP_CO_01,EVIDENCES,FIRE_119_RECORD
AE_FIRE_PT_03054,RP_SLIP_TERRAIN,EVIDENCES,FIRE_119_RECORD
AE_FIRE_PT_03055,RP_TRAFFIC_01,EVIDENCES,FIRE_119_RECORD
AE_FIRE_PT_03056,RP_MACHINE_01,EVIDENCES,FIRE_119_RECORD
AE_FIRE_PT_03057,RP_MACHINE_01,EVIDENCES,FIRE_119_RECORD
AE_FIRE_PT_03058,RP_MACHINE_01,EVIDENCES,FIRE_119_RECORD
AE_FIRE_PT_03059,RP_MACHINE_01,EVIDENCES,FIRE_119_RECORD
AE_FIRE_PT_03060,RP_TRAFFIC_01,EVIDENCES,FIRE_119_RECORD
AE_FIRE_PT_03061,RP_SLIP_TERRAIN,EVIDENCES,FIRE_119_RECORD
AE_FIRE_PT_03062,RP_MACHINE_01,EVIDENCES,FIRE_119_RECORD
AE_FIRE_PT_03063,RP_SLIP_TERRAIN,EVIDENCES,FIRE_119_RECORD
AE_FIRE_PT_03064,RP_SLIP_TERRAIN,EVIDENCES,FIRE_119_RECORD
AE_FIRE_PT_03065,RP_TRAFFIC_01,EVIDENCES,FIRE_119_RECORD
AE_FIRE_PT_03066,RP_MACHINE_01,EVIDENCES,FIRE_119_RECORD
AE_FIRE_PT_03067,RP_SLIP_TERRAIN,EVIDENCES,FIRE_119_RECORD
AE_FIRE_PT_03068,RP_SLIP_TERRAIN,EVIDENCES,FIRE_119_RECORD
AE_FIRE_PT_03069,RP_TRAFFIC_01,EVIDENCES,FIRE_119_RECORD
AE_FIRE_PT_03070,RP_DROWN_01,EVIDENCES,FIRE_119_RECORD
AE_FIRE_PT_03071,RP_MACHINE_01,EVIDENCES,FIRE_119_RECORD
AE_FIRE_PT_03072,RP_MACHINE_01,EVIDENCES,FIRE_119_RECORD
AE_FIRE_PT_03073,RP_TRAFFIC_01,EVIDENCES,FIRE_119_RECORD
AE_FIRE_PT_03074,RP_TRAFFIC_01,EVIDENCES,FIRE_119_RECORD
AE_FIRE_PT_03075,RP_SLIP_TERRAIN,EVIDENCES,FIRE_119_RECORD
AE_FIRE_PT_03076,RP_TRAFFIC_01,EVIDENCES,FIRE_119_RECORD
AE_FIRE_PT_03077,RP_MACHINE_01,EVIDENCES,FIRE_119_RECORD
AE_FIRE_PT_03078,RP_ANIMAL_01,EVIDENCES,FIRE_119_RECORD
AE_FIRE_PT_03079,RP_SLIP_TERRAIN,EVIDENCES,FIRE_119_RECORD
AE_FIRE_PT_03080,RP_MACHINE_01,EVIDENCES,FIRE_119_RECORD
AE_FIRE_PT_03081,RP_TRAFFIC_01,EVIDENCES,FIRE_119_RECORD
AE_FIRE_PT_03082,RP_MACHINE_01,EVIDENCES,FIRE_119_RECORD
AE_FIRE_PT_03083,RP_SLIP_TERRAIN,EVIDENCES,FIRE_119_RECORD
AE_FIRE_PT_03084,RP_MACHINE_01,EVIDENCES,FIRE_119_RECORD
AE_FIRE_PT_03085,RP_DROWN_01,EVIDENCES,FIRE_119_RECORD
AE_FIRE_PT_03086,RP_MACHINE_01,EVIDENCES,FIRE_119_RECORD
AE_FIRE_PT_03087,RP_SLIP_TERRAIN,EVIDENCES,FIRE_119_RECORD
AE_FIRE_PT_03088,RP_MACHINE_01,EVIDENCES,FIRE_119_RECORD
AE_FIRE_PT_03089,RP_SLIP_TERRAIN,EVIDENCES,FIRE_119_RECORD
AE_FIRE_PT_03090,RP_TRAFFIC_01,EVIDENCES,FIRE_119_RECORD
AE_FIRE_PT_03091,RP_TRAFFIC_01,EVIDENCES,FIRE_119_RECORD
AE_FIRE_PT_03092,RP_SLIP_TERRAIN,EVIDENCES,FIRE_119_RECORD
AE_FIRE_PT_03093,RP_ANIMAL_01,EVIDENCES,FIRE_119_RECORD
AE_FIRE_PT_03094,RP_MACHINE_01,EVIDENCES,FIRE_119_RECORD
AE_FIRE_PT_03095,RP_TRAFFIC_01,EVIDENCES,FIRE_119_RECORD
AE_FIRE_PT_03096,RP_FALL_CLIFF,EVIDENCES,FIRE_119_RECORD
AE_FIRE_PT_03097,RP_ANIMAL_01,EVIDENCES,FIRE_119_RECORD
AE_FIRE_PT_03098,RP_MACHINE_01,EVIDENCES,FIRE_119_RECORD
AE_FIRE_PT_03099,RP_TRAFFIC_01,EVIDENCES,FIRE_119_RECORD
AE_FIRE_PT_03100,RP_TRAFFIC_01,EVIDENCES,FIRE_119_RECORD
AE_FIRE_PT_03101,RP_FALL_CLIFF,EVIDENCES,FIRE_119_RECORD
AE_FIRE_PT_03102,RP_SLIP_TERRAIN,EVIDENCES,FIRE_119_RECORD
AE_FIRE_PT_03103,RP_MACHINE_01,EVIDENCES,FIRE_119_RECORD
AE_FIRE_PT_03104,RP_TRAFFIC_01,EVIDENCES,FIRE_119_RECORD
AE_FIRE_PT_03105,RP_MACHINE_01,EVIDENCES,FIRE_119_RECORD
AE_FIRE_PT_03106,RP_MACHINE_01,EVIDENCES,FIRE_119_RECORD
AE_FIRE_PT_03107,RP_ANIMAL_01,EVIDENCES,FIRE_119_RECORD
AE_FIRE_PT_03108,RP_ANIMAL_01,EVIDENCES,FIRE_119_RECORD
AE_FIRE_PT_03109,RP_SLIP_TERRAIN,EVIDENCES,FIRE_119_RECORD
AE_FIRE_PT_03110,RP_MACHINE_01,EVIDENCES,FIRE_119_RECORD
AE_FIRE_PT_03111,RP_TRAFFIC_01,EVIDENCES,FIRE_119_RECORD
AE_FIRE_PT_03112,RP_SLIP_TERRAIN,EVIDENCES,FIRE_119_RECORD
AE_FIRE_PT_03113,RP_SLIP_TERRAIN,EVIDENCES,FIRE_119_RECORD
AE_FIRE_PT_03114,RP_FALL_CLIFF,EVIDENCES,FIRE_119_RECORD
AE_FIRE_PT_03115,RP_TRAFFIC_01,EVIDENCES,FIRE_119_RECORD
AE_FIRE_PT_03116,RP_TRAFFIC_01,EVIDENCES,FIRE_119_RECORD
AE_FIRE_PT_03117,RP_TRAFFIC_01,EVIDENCES,FIRE_119_RECORD
AE_FIRE_PT_03118,RP_SLIP_TERRAIN,EVIDENCES,FIRE_119_RECORD
AE_FIRE_PT_03119,RP_FIRE_01,EVIDENCES,FIRE_119_RECORD
AE_FIRE_PT_03120,RP_SLIP_TERRAIN,EVIDENCES,FIRE_119_RECORD
AE_FIRE_PT_03121,RP_FALL_CLIFF,EVIDENCES,FIRE_119_RECORD
AE_FIRE_PT_03122,RP_MACHINE_01,EVIDENCES,FIRE_119_RECORD
AE_FIRE_PT_03123,RP_SLIP_TERRAIN,EVIDENCES,FIRE_119_RECORD
AE_FIRE_PT_03124,RP_SLIP_TERRAIN,EVIDENCES,FIRE_119_RECORD
AE_FIRE_PT_03125,RP_MACHINE_01,EVIDENCES,FIRE_119_RECORD
AE_FIRE_PT_03126,RP_TRAFFIC_01,EVIDENCES,FIRE_119_RECORD
AE_FIRE_PT_03127,RP_TRAFFIC_01,EVIDENCES,FIRE_119_RECORD
AE_FIRE_PT_03128,RP_TRAFFIC_01,EVIDENCES,FIRE_119_RECORD
AE_FIRE_PT_03129,RP_SLIP_TERRAIN,EVIDENCES,FIRE_119_RECORD
AE_FIRE_PT_03130,RP_MACHINE_01,EVIDENCES,FIRE_119_RECORD
AE_FIRE_PT_03131,RP_TRAFFIC_01,EVIDENCES,FIRE_119_RECORD
AE_FIRE_PT_03132,RP_TRAFFIC_01,EVIDENCES,FIRE_119_RECORD
AE_FIRE_PT_03133,RP_MACHINE_01,EVIDENCES,FIRE_119_RECORD
AE_FIRE_PT_03134,RP_TRAFFIC_01,EVIDENCES,FIRE_119_RECORD
AE_FIRE_PT_03135,RP_MACHINE_01,EVIDENCES,FIRE_119_RECORD
AE_FIRE_PT_03136,RP_TRAFFIC_01,EVIDENCES,FIRE_119_RECORD
AE_FIRE_PT_03137,RP_SLIP_TERRAIN,EVIDENCES,FIRE_119_RECORD
AE_FIRE_PT_03138,RP_DROWN_01,EVIDENCES,FIRE_119_RECORD
AE_FIRE_PT_03139,RP_FALL_CLIFF,EVIDENCES,FIRE_119_RECORD
AE_FIRE_PT_03140,RP_TRAFFIC_01,EVIDENCES,FIRE_119_RECORD
AE_FIRE_PT_03141,RP_SLIP_TERRAIN,EVIDENCES,FIRE_119_RECORD
AE_FIRE_PT_03142,RP_SLIP_TERRAIN,EVIDENCES,FIRE_119_RECORD
AE_FIRE_PT_03143,RP_SLIP_TERRAIN,EVIDENCES,FIRE_119_RECORD
AE_FIRE_PT_03144,RP_MACHINE_01,EVIDENCES,FIRE_119_RECORD
AE_FIRE_PT_03145,RP_MACHINE_01,EVIDENCES,FIRE_119_RECORD
AE_FIRE_PT_03146,RP_MACHINE_01,EVIDENCES,FIRE_119_RECORD
AE_FIRE_PT_03147,RP_TRAFFIC_01,EVIDENCES,FIRE_119_RECORD
AE_FIRE_PT_03148,RP_TRAFFIC_01,EVIDENCES,FIRE_119_RECORD
AE_FIRE_PT_03149,RP_MACHINE_01,EVIDENCES,FIRE_119_RECORD
AE_FIRE_PT_03150,RP_TRAFFIC_01,EVIDENCES,FIRE_119_RECORD
AE_FIRE_PT_03151,RP_TRAFFIC_01,EVIDENCES,FIRE_119_RECORD
AE_FIRE_PT_03152,RP_FALL_CLIFF,EVIDENCES,FIRE_119_RECORD
AE_FIRE_PT_03153,RP_MACHINE_01,EVIDENCES,FIRE_119_RECORD
AE_FIRE_PT_03154,RP_TRAFFIC_01,EVIDENCES,FIRE_119_RECORD
AE_FIRE_PT_03155,RP_TRAFFIC_01,EVIDENCES,FIRE_119_RECORD
AE_FIRE_PT_03156,RP_TRAFFIC_01,EVIDENCES,FIRE_119_RECORD
AE_FIRE_PT_03157,RP_TRAFFIC_01,EVIDENCES,FIRE_119_RECORD
AE_FIRE_PT_03158,RP_FALL_CLIFF,EVIDENCES,FIRE_119_RECORD
AE_FIRE_PT_03159,RP_FALL_CLIFF,EVIDENCES,FIRE_119_RECORD
AE_FIRE_PT_03160,RP_SLIP_TERRAIN,EVIDENCES,FIRE_119_RECORD
AE_FIRE_PT_03161,RP_SLIP_TERRAIN,EVIDENCES,FIRE_119_RECORD
AE_FIRE_PT_03162,RP_ANIMAL_01,EVIDENCES,FIRE_119_RECORD
AE_FIRE_PT_03163,RP_TRAFFIC_01,EVIDENCES,FIRE_119_RECORD
AE_FIRE_PT_03164,RP_TRAFFIC_01,EVIDENCES,FIRE_119_RECORD
AE_FIRE_PT_03165,RP_TRAFFIC_01,EVIDENCES,FIRE_119_RECORD
AE_FIRE_PT_03166,RP_MACHINE_01,EVIDENCES,FIRE_119_RECORD
AE_FIRE_PT_03167,RP_SLIP_TERRAIN,EVIDENCES,FIRE_119_RECORD
AE_FIRE_PT_03168,RP_TRAFFIC_01,EVIDENCES,FIRE_119_RECORD
AE_FIRE_PT_03169,RP_TRAFFIC_01,EVIDENCES,FIRE_119_RECORD
AE_FIRE_PT_03170,RP_TRAFFIC_01,EVIDENCES,FIRE_119_RECORD
AE_FIRE_PT_03171,RP_TRAFFIC_01,EVIDENCES,FIRE_119_RECORD
AE_FIRE_PT_03172,RP_TRAFFIC_01,EVIDENCES,FIRE_119_RECORD
AE_FIRE_PT_03173,RP_SLIP_TERRAIN,EVIDENCES,FIRE_119_RECORD
AE_FIRE_PT_03174,RP_SLIP_TERRAIN,EVIDENCES,FIRE_119_RECORD
AE_FIRE_PT_03175,RP_FALL_CLIFF,EVIDENCES,FIRE_119_RECORD
AE_FIRE_PT_03176,RP_TRAFFIC_01,EVIDENCES,FIRE_119_RECORD
AE_FIRE_PT_03177,RP_TRAFFIC_01,EVIDENCES,FIRE_119_RECORD
AE_FIRE_PT_03178,RP_SLIP_TERRAIN,EVIDENCES,FIRE_119_RECORD
AE_FIRE_PT_03179,RP_ANIMAL_01,EVIDENCES,FIRE_119_RECORD
AE_FIRE_PT_03180,RP_TRAFFIC_01,EVIDENCES,FIRE_119_RECORD
AE_FIRE_PT_03181,RP_SLIP_TERRAIN,EVIDENCES,FIRE_119_RECORD
AE_FIRE_PT_03182,RP_MACHINE_01,EVIDENCES,FIRE_119_RECORD
AE_FIRE_PT_03183,RP_SLIP_TERRAIN,EVIDENCES,FIRE_119_RECORD
AE_FIRE_PT_03184,RP_MACHINE_01,EVIDENCES,FIRE_119_RECORD
AE_FIRE_PT_03185,RP_MACHINE_01,EVIDENCES,FIRE_119_RECORD
AE_FIRE_PT_03186,RP_SLIP_TERRAIN,EVIDENCES,FIRE_119_RECORD
AE_FIRE_PT_03187,RP_MACHINE_01,EVIDENCES,FIRE_119_RECORD
AE_FIRE_PT_03188,RP_SLIP_TERRAIN,EVIDENCES,FIRE_119_RECORD
AE_FIRE_PT_03189,RP_TRAFFIC_01,EVIDENCES,FIRE_119_RECORD
AE_FIRE_PT_03190,RP_CO_01,EVIDENCES,FIRE_119_RECORD
AE_FIRE_PT_03191,RP_TRAFFIC_01,EVIDENCES,FIRE_119_RECORD
AE_FIRE_PT_03192,RP_TRAFFIC_01,EVIDENCES,FIRE_119_RECORD
AE_FIRE_PT_03193,RP_SLIP_TERRAIN,EVIDENCES,FIRE_119_RECORD
AE_FIRE_PT_03194,RP_TRAFFIC_01,EVIDENCES,FIRE_119_RECORD
AE_FIRE_PT_03195,RP_SLIP_TERRAIN,EVIDENCES,FIRE_119_RECORD
AE_FIRE_PT_03196,RP_MACHINE_01,EVIDENCES,FIRE_119_RECORD
AE_FIRE_PT_03197,RP_TRAFFIC_01,EVIDENCES,FIRE_119_RECORD
AE_FIRE_PT_03198,RP_SLIP_TERRAIN,EVIDENCES,FIRE_119_RECORD
AE_FIRE_PT_03199,RP_SLIP_TERRAIN,EVIDENCES,FIRE_119_RECORD
AE_FIRE_PT_03200,RP_TRAFFIC_01,EVIDENCES,FIRE_119_RECORD
AE_FIRE_PT_03201,RP_SLIP_TERRAIN,EVIDENCES,FIRE_119_RECORD
AE_FIRE_PT_03202,RP_SLIP_TERRAIN,EVIDENCES,FIRE_119_RECORD
AE_FIRE_PT_03203,RP_SLIP_TERRAIN,EVIDENCES,FIRE_119_RECORD
AE_FIRE_PT_03204,RP_TRAFFIC_01,EVIDENCES,FIRE_119_RECORD
AE_FIRE_PT_03205,RP_TRAFFIC_01,EVIDENCES,FIRE_119_RECORD
AE_FIRE_PT_03206,RP_TRAFFIC_01,EVIDENCES,FIRE_119_RECORD
AE_FIRE_PT_03207,RP_TRAFFIC_01,EVIDENCES,FIRE_119_RECORD
AE_FIRE_PT_03208,RP_TRAFFIC_01,EVIDENCES,FIRE_119_RECORD
AE_FIRE_PT_03209,RP_SLIP_TERRAIN,EVIDENCES,FIRE_119_RECORD
AE_FIRE_PT_03210,RP_TRAFFIC_01,EVIDENCES,FIRE_119_RECORD
AE_FIRE_PT_03211,RP_ANIMAL_01,EVIDENCES,FIRE_119_RECORD
AE_FIRE_PT_03212,RP_ANIMAL_01,EVIDENCES,FIRE_119_RECORD
AE_FIRE_PT_03213,RP_ANIMAL_01,EVIDENCES,FIRE_119_RECORD
AE_FIRE_PT_03214,RP_ANIMAL_01,EVIDENCES,FIRE_119_RECORD
AE_FIRE_PT_03215,RP_ANIMAL_01,EVIDENCES,FIRE_119_RECORD
AE_FIRE_PT_03216,RP_ANIMAL_01,EVIDENCES,FIRE_119_RECORD
AE_FIRE_PT_03217,RP_ANIMAL_01,EVIDENCES,FIRE_119_RECORD
AE_FIRE_PT_03218,RP_ANIMAL_01,EVIDENCES,FIRE_119_RECORD
AE_FIRE_PT_03219,RP_ANIMAL_01,EVIDENCES,FIRE_119_RECORD
AE_FIRE_PT_03220,RP_ANIMAL_01,EVIDENCES,FIRE_119_RECORD
AE_FIRE_PT_03221,RP_SLIP_TERRAIN,EVIDENCES,FIRE_119_RECORD
AE_FIRE_PT_03222,RP_MACHINE_01,EVIDENCES,FIRE_119_RECORD
AE_FIRE_PT_03223,RP_ANIMAL_01,EVIDENCES,FIRE_119_RECORD
AE_FIRE_PT_03224,RP_DROWN_01,EVIDENCES,FIRE_119_RECORD
AE_FIRE_PT_03225,RP_TRAFFIC_01,EVIDENCES,FIRE_119_RECORD
AE_FIRE_PT_03226,RP_TRAFFIC_01,EVIDENCES,FIRE_119_RECORD
AE_FIRE_PT_03227,RP_TRAFFIC_01,EVIDENCES,FIRE_119_RECORD
AE_FIRE_PT_03228,RP_SLIP_TERRAIN,EVIDENCES,FIRE_119_RECORD
AE_FIRE_PT_03229,RP_ANIMAL_01,EVIDENCES,FIRE_119_RECORD
AE_FIRE_PT_03230,RP_DROWN_01,EVIDENCES,FIRE_119_RECORD
AE_FIRE_PT_03231,RP_TRAFFIC_01,EVIDENCES,FIRE_119_RECORD
AE_FIRE_PT_03232,RP_ANIMAL_01,EVIDENCES,FIRE_119_RECORD
AE_FIRE_PT_03233,RP_SLIP_TERRAIN,EVIDENCES,FIRE_119_RECORD
AE_FIRE_PT_03234,RP_TRAFFIC_01,EVIDENCES,FIRE_119_RECORD
AE_FIRE_PT_03235,RP_TRAFFIC_01,EVIDENCES,FIRE_119_RECORD
AE_FIRE_PT_03236,RP_TRAFFIC_01,EVIDENCES,FIRE_119_RECORD
AE_FIRE_PT_03237,RP_DROWN_01,EVIDENCES,FIRE_119_RECORD
AE_FIRE_PT_03238,RP_TRAFFIC_01,EVIDENCES,FIRE_119_RECORD
AE_FIRE_PT_03239,RP_DROWN_01,EVIDENCES,FIRE_119_RECORD
AE_FIRE_PT_03240,RP_MACHINE_01,EVIDENCES,FIRE_119_RECORD
AE_FIRE_PT_03241,RP_TRAFFIC_01,EVIDENCES,FIRE_119_RECORD
AE_FIRE_PT_03242,RP_TRAFFIC_01,EVIDENCES,FIRE_119_RECORD
AE_FIRE_PT_03243,RP_TRAFFIC_01,EVIDENCES,FIRE_119_RECORD
AE_FIRE_PT_03244,RP_MACHINE_01,EVIDENCES,FIRE_119_RECORD
AE_FIRE_PT_03245,RP_MACHINE_01,EVIDENCES,FIRE_119_RECORD
AE_FIRE_PT_03246,RP_SLIP_TERRAIN,EVIDENCES,FIRE_119_RECORD
AE_FIRE_PT_03247,RP_FALL_CLIFF,EVIDENCES,FIRE_119_RECORD
AE_FIRE_PT_03248,RP_ANIMAL_01,EVIDENCES,FIRE_119_RECORD
AE_FIRE_PT_03249,RP_SLIP_TERRAIN,EVIDENCES,FIRE_119_RECORD
AE_FIRE_PT_03250,RP_SLIP_TERRAIN,EVIDENCES,FIRE_119_RECORD
AE_FIRE_PT_03251,RP_SLIP_TERRAIN,EVIDENCES,FIRE_119_RECORD
AE_FIRE_PT_03252,RP_SLIP_TERRAIN,EVIDENCES,FIRE_119_RECORD
AE_FIRE_PT_03253,RP_TRAFFIC_01,EVIDENCES,FIRE_119_RECORD
AE_FIRE_PT_03254,RP_TRAFFIC_01,EVIDENCES,FIRE_119_RECORD
AE_FIRE_PT_03255,RP_MACHINE_01,EVIDENCES,FIRE_119_RECORD
AE_FIRE_PT_03256,RP_MACHINE_01,EVIDENCES,FIRE_119_RECORD
AE_FIRE_PT_03257,RP_TRAFFIC_01,EVIDENCES,FIRE_119_RECORD
AE_FIRE_PT_03258,RP_TRAFFIC_01,EVIDENCES,FIRE_119_RECORD
AE_FIRE_PT_03259,RP_MACHINE_01,EVIDENCES,FIRE_119_RECORD
AE_FIRE_PT_03260,RP_SLIP_TERRAIN,EVIDENCES,FIRE_119_RECORD
AE_FIRE_PT_03261,RP_TRAFFIC_01,EVIDENCES,FIRE_119_RECORD
AE_FIRE_PT_03262,RP_ANIMAL_01,EVIDENCES,FIRE_119_RECORD
AE_FIRE_PT_03263,RP_ANIMAL_01,EVIDENCES,FIRE_119_RECORD
AE_FIRE_PT_03264,RP_TRAFFIC_01,EVIDENCES,FIRE_119_RECORD
AE_FIRE_PT_03265,RP_SLIP_TERRAIN,EVIDENCES,FIRE_119_RECORD
AE_FIRE_PT_03266,RP_SLIP_TERRAIN,EVIDENCES,FIRE_119_RECORD
AE_FIRE_PT_03267,RP_ANIMAL_01,EVIDENCES,FIRE_119_RECORD
AE_FIRE_PT_03268,RP_SLIP_TERRAIN,EVIDENCES,FIRE_119_RECORD
AE_FIRE_PT_03269,RP_ANIMAL_01,EVIDENCES,FIRE_119_RECORD
AE_FIRE_PT_03270,RP_SLIP_TERRAIN,EVIDENCES,FIRE_119_RECORD
AE_FIRE_PT_03271,RP_MACHINE_01,EVIDENCES,FIRE_119_RECORD
AE_FIRE_PT_03272,RP_TRAFFIC_01,EVIDENCES,FIRE_119_RECORD
AE_FIRE_PT_03273,RP_TRAFFIC_01,EVIDENCES,FIRE_119_RECORD
AE_FIRE_PT_03274,RP_SLIP_TERRAIN,EVIDENCES,FIRE_119_RECORD
AE_FIRE_PT_03275,RP_SLIP_TERRAIN,EVIDENCES,FIRE_119_RECORD
AE_FIRE_PT_03276,RP_TRAFFIC_01,EVIDENCES,FIRE_119_RECORD
AE_FIRE_PT_03277,RP_TRAFFIC_01,EVIDENCES,FIRE_119_RECORD
AE_FIRE_PT_03278,RP_TRAFFIC_01,EVIDENCES,FIRE_119_RECORD
AE_FIRE_PT_03279,RP_SLIP_TERRAIN,EVIDENCES,FIRE_119_RECORD
AE_FIRE_PT_03280,RP_TRAFFIC_01,EVIDENCES,FIRE_119_RECORD
AE_FIRE_PT_03281,RP_TRAFFIC_01,EVIDENCES,FIRE_119_RECORD
AE_FIRE_PT_03282,RP_SLIP_TERRAIN,EVIDENCES,FIRE_119_RECORD
AE_FIRE_PT_03283,RP_SLIP_TERRAIN,EVIDENCES,FIRE_119_RECORD
AE_FIRE_PT_03284,RP_SLIP_TERRAIN,EVIDENCES,FIRE_119_RECORD
AE_FIRE_PT_03285,RP_MACHINE_01,EVIDENCES,FIRE_119_RECORD
AE_FIRE_PT_03286,RP_MACHINE_01,EVIDENCES,FIRE_119_RECORD
AE_FIRE_PT_03287,RP_TRAFFIC_01,EVIDENCES,FIRE_119_RECORD
AE_FIRE_PT_03288,RP_TRAFFIC_01,EVIDENCES,FIRE_119_RECORD
AE_FIRE_PT_03289,RP_SLIP_TERRAIN,EVIDENCES,FIRE_119_RECORD
AE_FIRE_PT_03290,RP_MACHINE_01,EVIDENCES,FIRE_119_RECORD
AE_FIRE_PT_03291,RP_FALL_CLIFF,EVIDENCES,FIRE_119_RECORD
AE_FIRE_PT_03292,RP_MACHINE_01,EVIDENCES,FIRE_119_RECORD
AE_FIRE_PT_03293,RP_MACHINE_01,EVIDENCES,FIRE_119_RECORD
AE_FIRE_PT_03294,RP_SLIP_TERRAIN,EVIDENCES,FIRE_119_RECORD
AE_FIRE_PT_03295,RP_TRAFFIC_01,EVIDENCES,FIRE_119_RECORD
AE_FIRE_PT_03296,RP_TRAFFIC_01,EVIDENCES,FIRE_119_RECORD
AE_FIRE_PT_03297,RP_TRAFFIC_01,EVIDENCES,FIRE_119_RECORD
AE_FIRE_PT_03298,RP_TRAFFIC_01,EVIDENCES,FIRE_119_RECORD
AE_FIRE_PT_03299,RP_TRAFFIC_01,EVIDENCES,FIRE_119_RECORD
AE_FIRE_PT_03300,RP_TRAFFIC_01,EVIDENCES,FIRE_119_RECORD
AE_FIRE_PT_03301,RP_SLIP_TERRAIN,EVIDENCES,FIRE_119_RECORD
AE_FIRE_PT_03302,RP_SLIP_TERRAIN,EVIDENCES,FIRE_119_RECORD
AE_FIRE_PT_03303,RP_MACHINE_01,EVIDENCES,FIRE_119_RECORD
AE_FIRE_PT_03304,RP_TRAFFIC_01,EVIDENCES,FIRE_119_RECORD
AE_FIRE_PT_03305,RP_SLIP_TERRAIN,EVIDENCES,FIRE_119_RECORD
AE_FIRE_PT_03306,RP_MACHINE_01,EVIDENCES,FIRE_119_RECORD
AE_FIRE_PT_03307,RP_MACHINE_01,EVIDENCES,FIRE_119_RECORD
AE_FIRE_PT_03308,RP_MACHINE_01,EVIDENCES,FIRE_119_RECORD
AE_FIRE_PT_03309,RP_MACHINE_01,EVIDENCES,FIRE_119_RECORD
AE_FIRE_PT_03310,RP_MACHINE_01,EVIDENCES,FIRE_119_RECORD
AE_FIRE_PT_03311,RP_TRAFFIC_01,EVIDENCES,FIRE_119_RECORD
AE_FIRE_PT_03312,RP_SLIP_TERRAIN,EVIDENCES,FIRE_119_RECORD
AE_FIRE_PT_03313,RP_ANIMAL_01,EVIDENCES,FIRE_119_RECORD
AE_FIRE_PT_03314,RP_MACHINE_01,EVIDENCES,FIRE_119_RECORD
AE_FIRE_PT_03315,RP_CO_01,EVIDENCES,FIRE_119_RECORD
AE_FIRE_PT_03316,RP_MACHINE_01,EVIDENCES,FIRE_119_RECORD
AE_FIRE_PT_03317,RP_TRAFFIC_01,EVIDENCES,FIRE_119_RECORD
AE_FIRE_PT_03318,RP_TRAFFIC_01,EVIDENCES,FIRE_119_RECORD
AE_FIRE_PT_03319,RP_TRAFFIC_01,EVIDENCES,FIRE_119_RECORD
AE_FIRE_PT_03320,RP_TRAFFIC_01,EVIDENCES,FIRE_119_RECORD
AE_FIRE_PT_03321,RP_SLIP_TERRAIN,EVIDENCES,FIRE_119_RECORD
AE_FIRE_PT_03322,RP_SLIP_TERRAIN,EVIDENCES,FIRE_119_RECORD
AE_FIRE_PT_03323,RP_MACHINE_01,EVIDENCES,FIRE_119_RECORD
AE_FIRE_PT_03324,RP_SLIP_TERRAIN,EVIDENCES,FIRE_119_RECORD
AE_FIRE_PT_03325,RP_SLIP_TERRAIN,EVIDENCES,FIRE_119_RECORD
AE_FIRE_PT_03326,RP_TRAFFIC_01,EVIDENCES,FIRE_119_RECORD
AE_FIRE_PT_03327,RP_SLIP_TERRAIN,EVIDENCES,FIRE_119_RECORD
AE_FIRE_PT_03328,RP_TRAFFIC_01,EVIDENCES,FIRE_119_RECORD
AE_FIRE_PT_03329,RP_TRAFFIC_01,EVIDENCES,FIRE_119_RECORD
AE_FIRE_PT_03330,RP_SLIP_TERRAIN,EVIDENCES,FIRE_119_RECORD
AE_FIRE_PT_03331,RP_ANIMAL_01,EVIDENCES,FIRE_119_RECORD
AE_FIRE_PT_03332,RP_TRAFFIC_01,EVIDENCES,FIRE_119_RECORD
AE_FIRE_PT_03333,RP_TRAFFIC_01,EVIDENCES,FIRE_119_RECORD
AE_FIRE_PT_03334,RP_MACHINE_01,EVIDENCES,FIRE_119_RECORD
AE_FIRE_PT_03335,RP_TRAFFIC_01,EVIDENCES,FIRE_119_RECORD
AE_FIRE_PT_03336,RP_SLIP_TERRAIN,EVIDENCES,FIRE_119_RECORD
AE_FIRE_PT_03337,RP_TRAFFIC_01,EVIDENCES,FIRE_119_RECORD
AE_FIRE_PT_03338,RP_TRAFFIC_01,EVIDENCES,FIRE_119_RECORD
AE_FIRE_PT_03339,RP_TRAFFIC_01,EVIDENCES,FIRE_119_RECORD
AE_FIRE_PT_03340,RP_MACHINE_01,EVIDENCES,FIRE_119_RECORD
AE_FIRE_PT_03341,RP_ANIMAL_01,EVIDENCES,FIRE_119_RECORD
AE_FIRE_PT_03342,RP_MACHINE_01,EVIDENCES,FIRE_119_RECORD
AE_FIRE_PT_03343,RP_SLIP_TERRAIN,EVIDENCES,FIRE_119_RECORD
AE_FIRE_PT_03344,RP_ANIMAL_01,EVIDENCES,FIRE_119_RECORD
AE_FIRE_PT_03345,RP_TRAFFIC_01,EVIDENCES,FIRE_119_RECORD
AE_FIRE_PT_03346,RP_SLIP_TERRAIN,EVIDENCES,FIRE_119_RECORD
AE_FIRE_PT_03347,RP_MACHINE_01,EVIDENCES,FIRE_119_RECORD
AE_FIRE_PT_03348,RP_MACHINE_01,EVIDENCES,FIRE_119_RECORD
AE_FIRE_PT_03349,RP_SLIP_TERRAIN,EVIDENCES,FIRE_119_RECORD
AE_FIRE_PT_03350,RP_SLIP_TERRAIN,EVIDENCES,FIRE_119_RECORD
AE_FIRE_PT_03351,RP_MACHINE_01,EVIDENCES,FIRE_119_RECORD
AE_FIRE_PT_03352,RP_SLIP_TERRAIN,EVIDENCES,FIRE_119_RECORD
AE_FIRE_PT_03353,RP_MACHINE_01,EVIDENCES,FIRE_119_RECORD
AE_FIRE_PT_03354,RP_TRAFFIC_01,EVIDENCES,FIRE_119_RECORD
AE_FIRE_PT_03355,RP_SLIP_TERRAIN,EVIDENCES,FIRE_119_RECORD
AE_FIRE_PT_03356,RP_SLIP_TERRAIN,EVIDENCES,FIRE_119_RECORD
AE_FIRE_PT_03357,RP_MACHINE_01,EVIDENCES,FIRE_119_RECORD
AE_FIRE_PT_03358,RP_SLIP_TERRAIN,EVIDENCES,FIRE_119_RECORD
AE_FIRE_PT_03359,RP_TRAFFIC_01,EVIDENCES,FIRE_119_RECORD
AE_FIRE_PT_03360,RP_TRAFFIC_01,EVIDENCES,FIRE_119_RECORD
AE_FIRE_PT_03361,RP_TRAFFIC_01,EVIDENCES,FIRE_119_RECORD
AE_FIRE_PT_03362,RP_SLIP_TERRAIN,EVIDENCES,FIRE_119_RECORD
AE_FIRE_PT_03363,RP_SLIP_TERRAIN,EVIDENCES,FIRE_119_RECORD
AE_FIRE_PT_03364,RP_SLIP_TERRAIN,EVIDENCES,FIRE_119_RECORD
AE_FIRE_PT_03365,RP_TRAFFIC_01,EVIDENCES,FIRE_119_RECORD
AE_FIRE_PT_03366,RP_TRAFFIC_01,EVIDENCES,FIRE_119_RECORD
AE_FIRE_PT_03367,RP_TRAFFIC_01,EVIDENCES,FIRE_119_RECORD
AE_FIRE_PT_03368,RP_TRAFFIC_01,EVIDENCES,FIRE_119_RECORD
AE_FIRE_PT_03369,RP_TRAFFIC_01,EVIDENCES,FIRE_119_RECORD
AE_FIRE_PT_03370,RP_ANIMAL_01,EVIDENCES,FIRE_119_RECORD
AE_FIRE_PT_03371,RP_TRAFFIC_01,EVIDENCES,FIRE_119_RECORD
AE_FIRE_PT_03372,RP_MACHINE_01,EVIDENCES,FIRE_119_RECORD
AE_FIRE_PT_03373,RP_MACHINE_01,EVIDENCES,FIRE_119_RECORD
AE_FIRE_PT_03374,RP_SLIP_TERRAIN,EVIDENCES,FIRE_119_RECORD
AE_FIRE_PT_03375,RP_ANIMAL_01,EVIDENCES,FIRE_119_RECORD
AE_FIRE_PT_03376,RP_TRAFFIC_01,EVIDENCES,FIRE_119_RECORD
AE_FIRE_PT_03377,RP_SLIP_TERRAIN,EVIDENCES,FIRE_119_RECORD
AE_FIRE_PT_03378,RP_TRAFFIC_01,EVIDENCES,FIRE_119_RECORD
AE_FIRE_PT_03379,RP_TRAFFIC_01,EVIDENCES,FIRE_119_RECORD
AE_FIRE_PT_03380,RP_SLIP_TERRAIN,EVIDENCES,FIRE_119_RECORD
AE_FIRE_PT_03381,RP_TRAFFIC_01,EVIDENCES,FIRE_119_RECORD
AE_FIRE_PT_03382,RP_TRAFFIC_01,EVIDENCES,FIRE_119_RECORD
AE_FIRE_PT_03383,RP_SLIP_TERRAIN,EVIDENCES,FIRE_119_RECORD
AE_FIRE_PT_03384,RP_TRAFFIC_01,EVIDENCES,FIRE_119_RECORD
AE_FIRE_PT_03385,RP_TRAFFIC_01,EVIDENCES,FIRE_119_RECORD
AE_FIRE_PT_03386,RP_TRAFFIC_01,EVIDENCES,FIRE_119_RECORD
AE_FIRE_PT_03387,RP_TRAFFIC_01,EVIDENCES,FIRE_119_RECORD
AE_FIRE_PT_03388,RP_TRAFFIC_01,EVIDENCES,FIRE_119_RECORD
AE_FIRE_PT_03389,RP_SLIP_TERRAIN,EVIDENCES,FIRE_119_RECORD
AE_FIRE_PT_03390,RP_ANIMAL_01,EVIDENCES,FIRE_119_RECORD
AE_FIRE_PT_03391,RP_SLIP_TERRAIN,EVIDENCES,FIRE_119_RECORD
AE_FIRE_PT_03392,RP_SLIP_TERRAIN,EVIDENCES,FIRE_119_RECORD
AE_FIRE_PT_03393,RP_TRAFFIC_01,EVIDENCES,FIRE_119_RECORD
AE_FIRE_PT_03394,RP_TRAFFIC_01,EVIDENCES,FIRE_119_RECORD
AE_FIRE_PT_03395,RP_ANIMAL_01,EVIDENCES,FIRE_119_RECORD
AE_FIRE_PT_03396,RP_SLIP_TERRAIN,EVIDENCES,FIRE_119_RECORD
AE_FIRE_PT_03397,RP_TRAFFIC_01,EVIDENCES,FIRE_119_RECORD
AE_FIRE_PT_03398,RP_TRAFFIC_01,EVIDENCES,FIRE_119_RECORD
AE_FIRE_PT_03399,RP_TRAFFIC_01,EVIDENCES,FIRE_119_RECORD
AE_FIRE_PT_03400,RP_TRAFFIC_01,EVIDENCES,FIRE_119_RECORD
AE_FIRE_PT_03401,RP_TRAFFIC_01,EVIDENCES,FIRE_119_RECORD
AE_FIRE_PT_03402,RP_TRAFFIC_01,EVIDENCES,FIRE_119_RECORD
AE_FIRE_PT_03403,RP_MACHINE_01,EVIDENCES,FIRE_119_RECORD
AE_FIRE_PT_03404,RP_SLIP_TERRAIN,EVIDENCES,FIRE_119_RECORD
AE_FIRE_PT_03405,RP_SLIP_TERRAIN,EVIDENCES,FIRE_119_RECORD
AE_FIRE_PT_03406,RP_SLIP_TERRAIN,EVIDENCES,FIRE_119_RECORD
AE_FIRE_PT_03407,RP_TRAFFIC_01,EVIDENCES,FIRE_119_RECORD
AE_FIRE_PT_03408,RP_TRAFFIC_01,EVIDENCES,FIRE_119_RECORD
AE_FIRE_PT_03409,RP_MACHINE_01,EVIDENCES,FIRE_119_RECORD
AE_FIRE_PT_03410,RP_TRAFFIC_01,EVIDENCES,FIRE_119_RECORD
AE_FIRE_PT_03411,RP_TRAFFIC_01,EVIDENCES,FIRE_119_RECORD
AE_FIRE_PT_03412,RP_TRAFFIC_01,EVIDENCES,FIRE_119_RECORD
AE_FIRE_PT_03413,RP_TRAFFIC_01,EVIDENCES,FIRE_119_RECORD
AE_FIRE_PT_03414,RP_SLIP_TERRAIN,EVIDENCES,FIRE_119_RECORD
AE_FIRE_PT_03415,RP_MACHINE_01,EVIDENCES,FIRE_119_RECORD
AE_FIRE_PT_03416,RP_MACHINE_01,EVIDENCES,FIRE_119_RECORD
AE_FIRE_PT_03417,RP_TRAFFIC_01,EVIDENCES,FIRE_119_RECORD
AE_FIRE_PT_03418,RP_MACHINE_01,EVIDENCES,FIRE_119_RECORD
AE_FIRE_PT_03419,RP_ANIMAL_01,EVIDENCES,FIRE_119_RECORD
AE_FIRE_PT_03420,RP_MACHINE_01,EVIDENCES,FIRE_119_RECORD
AE_FIRE_PT_03421,RP_SLIP_TERRAIN,EVIDENCES,FIRE_119_RECORD
AE_FIRE_PT_03422,RP_SLIP_TERRAIN,EVIDENCES,FIRE_119_RECORD
AE_FIRE_PT_03423,RP_MACHINE_01,EVIDENCES,FIRE_119_RECORD
AE_FIRE_PT_03424,RP_SLIP_TERRAIN,EVIDENCES,FIRE_119_RECORD
AE_FIRE_PT_03425,RP_MACHINE_01,EVIDENCES,FIRE_119_RECORD
AE_FIRE_PT_03426,RP_TRAFFIC_01,EVIDENCES,FIRE_119_RECORD
AE_FIRE_PT_03427,RP_TRAFFIC_01,EVIDENCES,FIRE_119_RECORD
AE_FIRE_PT_03428,RP_TRAFFIC_01,EVIDENCES,FIRE_119_RECORD
AE_FIRE_PT_03429,RP_TRAFFIC_01,EVIDENCES,FIRE_119_RECORD
AE_FIRE_PT_03430,RP_ANIMAL_01,EVIDENCES,FIRE_119_RECORD
AE_FIRE_PT_03431,RP_TRAFFIC_01,EVIDENCES,FIRE_119_RECORD
AE_FIRE_PT_03432,RP_TRAFFIC_01,EVIDENCES,FIRE_119_RECORD
AE_FIRE_PT_03433,RP_TRAFFIC_01,EVIDENCES,FIRE_119_RECORD
AE_FIRE_PT_03434,RP_MACHINE_01,EVIDENCES,FIRE_119_RECORD
AE_FIRE_PT_03435,RP_SLIP_TERRAIN,EVIDENCES,FIRE_119_RECORD
AE_FIRE_PT_03436,RP_TRAFFIC_01,EVIDENCES,FIRE_119_RECORD
AE_FIRE_PT_03437,RP_TRAFFIC_01,EVIDENCES,FIRE_119_RECORD
AE_FIRE_PT_03438,RP_TRAFFIC_01,EVIDENCES,FIRE_119_RECORD
AE_FIRE_PT_03439,RP_SLIP_TERRAIN,EVIDENCES,FIRE_119_RECORD
AE_FIRE_PT_03440,RP_FALL_CLIFF,EVIDENCES,FIRE_119_RECORD
AE_FIRE_PT_03441,RP_SLIP_TERRAIN,EVIDENCES,FIRE_119_RECORD
AE_FIRE_PT_03442,RP_SLIP_TERRAIN,EVIDENCES,FIRE_119_RECORD
AE_FIRE_PT_03443,RP_TRAFFIC_01,EVIDENCES,FIRE_119_RECORD
AE_FIRE_PT_03444,RP_TRAFFIC_01,EVIDENCES,FIRE_119_RECORD
AE_FIRE_PT_03445,RP_TRAFFIC_01,EVIDENCES,FIRE_119_RECORD
AE_FIRE_PT_03446,RP_MACHINE_01,EVIDENCES,FIRE_119_RECORD
AE_FIRE_PT_03447,RP_MACHINE_01,EVIDENCES,FIRE_119_RECORD
AE_FIRE_PT_03448,RP_TRAFFIC_01,EVIDENCES,FIRE_119_RECORD
AE_FIRE_PT_03449,RP_SLIP_TERRAIN,EVIDENCES,FIRE_119_RECORD
AE_FIRE_PT_03450,RP_SLIP_TERRAIN,EVIDENCES,FIRE_119_RECORD
AE_FIRE_PT_03451,RP_TRAFFIC_01,EVIDENCES,FIRE_119_RECORD
AE_FIRE_PT_03452,RP_SLIP_TERRAIN,EVIDENCES,FIRE_119_RECORD
AE_FIRE_PT_03453,RP_SLIP_TERRAIN,EVIDENCES,FIRE_119_RECORD
AE_FIRE_PT_03454,RP_SLIP_TERRAIN,EVIDENCES,FIRE_119_RECORD
AE_FIRE_PT_03455,RP_SLIP_TERRAIN,EVIDENCES,FIRE_119_RECORD
AE_FIRE_PT_03456,RP_SLIP_TERRAIN,EVIDENCES,FIRE_119_RECORD
AE_FIRE_PT_03457,RP_TRAFFIC_01,EVIDENCES,FIRE_119_RECORD
AE_FIRE_PT_03458,RP_TRAFFIC_01,EVIDENCES,FIRE_119_RECORD
AE_FIRE_PT_03459,RP_MACHINE_01,EVIDENCES,FIRE_119_RECORD
AE_FIRE_PT_03460,RP_MACHINE_01,EVIDENCES,FIRE_119_RECORD
AE_FIRE_PT_03461,RP_MACHINE_01,EVIDENCES,FIRE_119_RECORD
AE_FIRE_PT_03462,RP_SLIP_TERRAIN,EVIDENCES,FIRE_119_RECORD
AE_FIRE_PT_03463,RP_TRAFFIC_01,EVIDENCES,FIRE_119_RECORD
AE_FIRE_PT_03464,RP_SLIP_TERRAIN,EVIDENCES,FIRE_119_RECORD
AE_FIRE_PT_03465,RP_MACHINE_01,EVIDENCES,FIRE_119_RECORD
AE_FIRE_PT_03466,RP_MACHINE_01,EVIDENCES,FIRE_119_RECORD
AE_FIRE_PT_03467,RP_MACHINE_01,EVIDENCES,FIRE_119_RECORD
AE_FIRE_PT_03468,RP_MACHINE_01,EVIDENCES,FIRE_119_RECORD
AE_FIRE_PT_03469,RP_MACHINE_01,EVIDENCES,FIRE_119_RECORD
AE_FIRE_PT_03470,RP_TRAFFIC_01,EVIDENCES,FIRE_119_RECORD
AE_FIRE_PT_03471,RP_TRAFFIC_01,EVIDENCES,FIRE_119_RECORD
AE_FIRE_PT_03472,RP_MACHINE_01,EVIDENCES,FIRE_119_RECORD
AE_FIRE_PT_03473,RP_SLIP_TERRAIN,EVIDENCES,FIRE_119_RECORD
AE_FIRE_PT_03474,RP_MACHINE_01,EVIDENCES,FIRE_119_RECORD
AE_FIRE_PT_03475,RP_TRAFFIC_01,EVIDENCES,FIRE_119_RECORD
AE_FIRE_PT_03476,RP_MACHINE_01,EVIDENCES,FIRE_119_RECORD
AE_FIRE_PT_03477,RP_SLIP_TERRAIN,EVIDENCES,FIRE_119_RECORD
AE_FIRE_PT_03478,RP_SLIP_TERRAIN,EVIDENCES,FIRE_119_RECORD
AE_FIRE_PT_03479,RP_MACHINE_01,EVIDENCES,FIRE_119_RECORD
AE_FIRE_PT_03480,RP_MACHINE_01,EVIDENCES,FIRE_119_RECORD
AE_FIRE_PT_03481,RP_MACHINE_01,EVIDENCES,FIRE_119_RECORD
AE_FIRE_PT_03482,RP_FALL_CLIFF,EVIDENCES,FIRE_119_RECORD
AE_FIRE_PT_03483,RP_SLIP_TERRAIN,EVIDENCES,FIRE_119_RECORD
AE_FIRE_PT_03484,RP_SLIP_TERRAIN,EVIDENCES,FIRE_119_RECORD
AE_FIRE_PT_03485,RP_MACHINE_01,EVIDENCES,FIRE_119_RECORD
AE_FIRE_PT_03486,RP_SLIP_TERRAIN,EVIDENCES,FIRE_119_RECORD
AE_FIRE_PT_03487,RP_TRAFFIC_01,EVIDENCES,FIRE_119_RECORD
AE_FIRE_PT_03488,RP_TRAFFIC_01,EVIDENCES,FIRE_119_RECORD
AE_FIRE_PT_03489,RP_TRAFFIC_01,EVIDENCES,FIRE_119_RECORD
AE_FIRE_PT_03490,RP_SLIP_TERRAIN,EVIDENCES,FIRE_119_RECORD
AE_FIRE_PT_03491,RP_SLIP_TERRAIN,EVIDENCES,FIRE_119_RECORD
AE_FIRE_PT_03492,RP_SLIP_TERRAIN,EVIDENCES,FIRE_119_RECORD
AE_FIRE_PT_03493,RP_SLIP_TERRAIN,EVIDENCES,FIRE_119_RECORD
AE_FIRE_PT_03494,RP_SLIP_TERRAIN,EVIDENCES,FIRE_119_RECORD
AE_FIRE_PT_03495,RP_TRAFFIC_01,EVIDENCES,FIRE_119_RECORD
AE_FIRE_PT_03496,RP_TRAFFIC_01,EVIDENCES,FIRE_119_RECORD
AE_FIRE_PT_03497,RP_TRAFFIC_01,EVIDENCES,FIRE_119_RECORD
AE_FIRE_PT_03498,RP_TRAFFIC_01,EVIDENCES,FIRE_119_RECORD
AE_FIRE_PT_03499,RP_TRAFFIC_01,EVIDENCES,FIRE_119_RECORD
AE_FIRE_PT_03500,RP_MACHINE_01,EVIDENCES,FIRE_119_RECORD
AE_FIRE_PT_03501,RP_SLIP_TERRAIN,EVIDENCES,FIRE_119_RECORD
AE_FIRE_PT_03502,RP_TRAFFIC_01,EVIDENCES,FIRE_119_RECORD
AE_FIRE_PT_03503,RP_TRAFFIC_01,EVIDENCES,FIRE_119_RECORD
AE_FIRE_PT_03504,RP_MACHINE_01,EVIDENCES,FIRE_119_RECORD
AE_FIRE_PT_03505,RP_MACHINE_01,EVIDENCES,FIRE_119_RECORD
AE_FIRE_PT_03506,RP_MACHINE_01,EVIDENCES,FIRE_119_RECORD
AE_FIRE_PT_03507,RP_TRAFFIC_01,EVIDENCES,FIRE_119_RECORD
AE_FIRE_PT_03508,RP_SLIP_TERRAIN,EVIDENCES,FIRE_119_RECORD
AE_FIRE_PT_03509,RP_SLIP_TERRAIN,EVIDENCES,FIRE_119_RECORD
AE_FIRE_PT_03510,RP_SLIP_TERRAIN,EVIDENCES,FIRE_119_RECORD
AE_FIRE_PT_03511,RP_SLIP_TERRAIN,EVIDENCES,FIRE_119_RECORD
AE_FIRE_PT_03512,RP_MACHINE_01,EVIDENCES,FIRE_119_RECORD
AE_FIRE_PT_03513,RP_SLIP_TERRAIN,EVIDENCES,FIRE_119_RECORD
AE_FIRE_PT_03514,RP_TRAFFIC_01,EVIDENCES,FIRE_119_RECORD
AE_FIRE_PT_03515,RP_SLIP_TERRAIN,EVIDENCES,FIRE_119_RECORD
AE_FIRE_PT_03516,RP_SLIP_TERRAIN,EVIDENCES,FIRE_119_RECORD
AE_FIRE_PT_03517,RP_SLIP_TERRAIN,EVIDENCES,FIRE_119_RECORD
AE_FIRE_PT_03518,RP_SLIP_TERRAIN,EVIDENCES,FIRE_119_RECORD
AE_FIRE_PT_03519,RP_ANIMAL_01,EVIDENCES,FIRE_119_RECORD
AE_FIRE_PT_03520,RP_FALL_CLIFF,EVIDENCES,FIRE_119_RECORD
AE_FIRE_PT_03521,RP_MACHINE_01,EVIDENCES,FIRE_119_RECORD
AE_FIRE_PT_03522,RP_TRAFFIC_01,EVIDENCES,FIRE_119_RECORD
AE_FIRE_PT_03523,RP_TRAFFIC_01,EVIDENCES,FIRE_119_RECORD
AE_FIRE_PT_03524,RP_TRAFFIC_01,EVIDENCES,FIRE_119_RECORD
AE_FIRE_PT_03525,RP_SLIP_TERRAIN,EVIDENCES,FIRE_119_RECORD
AE_FIRE_PT_03526,RP_SLIP_TERRAIN,EVIDENCES,FIRE_119_RECORD
AE_FIRE_PT_03527,RP_TRAFFIC_01,EVIDENCES,FIRE_119_RECORD
AE_FIRE_PT_03528,RP_MACHINE_01,EVIDENCES,FIRE_119_RECORD
AE_FIRE_PT_03529,RP_TRAFFIC_01,EVIDENCES,FIRE_119_RECORD
AE_FIRE_PT_03530,RP_TRAFFIC_01,EVIDENCES,FIRE_119_RECORD
AE_FIRE_PT_03531,RP_MACHINE_01,EVIDENCES,FIRE_119_RECORD
AE_FIRE_PT_03532,RP_TRAFFIC_01,EVIDENCES,FIRE_119_RECORD
AE_FIRE_PT_03533,RP_SLIP_TERRAIN,EVIDENCES,FIRE_119_RECORD
AE_FIRE_PT_03534,RP_TRAFFIC_01,EVIDENCES,FIRE_119_RECORD
AE_FIRE_PT_03535,RP_TRAFFIC_01,EVIDENCES,FIRE_119_RECORD
AE_FIRE_PT_03536,RP_TRAFFIC_01,EVIDENCES,FIRE_119_RECORD
AE_FIRE_PT_03537,RP_MACHINE_01,EVIDENCES,FIRE_119_RECORD
AE_FIRE_PT_03538,RP_MACHINE_01,EVIDENCES,FIRE_119_RECORD
AE_FIRE_PT_03539,RP_SLIP_TERRAIN,EVIDENCES,FIRE_119_RECORD
AE_FIRE_PT_03540,RP_MACHINE_01,EVIDENCES,FIRE_119_RECORD
AE_FIRE_PT_03541,RP_CO_01,EVIDENCES,FIRE_119_RECORD
AE_FIRE_PT_03542,RP_SLIP_TERRAIN,EVIDENCES,FIRE_119_RECORD
AE_FIRE_PT_03543,RP_SLIP_TERRAIN,EVIDENCES,FIRE_119_RECORD
AE_FIRE_PT_03544,RP_SLIP_TERRAIN,EVIDENCES,FIRE_119_RECORD
AE_FIRE_PT_03545,RP_TRAFFIC_01,EVIDENCES,FIRE_119_RECORD
AE_FIRE_PT_03546,RP_TRAFFIC_01,EVIDENCES,FIRE_119_RECORD
AE_FIRE_PT_03547,RP_SLIP_TERRAIN,EVIDENCES,FIRE_119_RECORD
AE_FIRE_PT_03548,RP_SLIP_TERRAIN,EVIDENCES,FIRE_119_RECORD
AE_FIRE_PT_03549,RP_SLIP_TERRAIN,EVIDENCES,FIRE_119_RECORD
AE_FIRE_PT_03550,RP_TRAFFIC_01,EVIDENCES,FIRE_119_RECORD
AE_FIRE_PT_03551,RP_TRAFFIC_01,EVIDENCES,FIRE_119_RECORD
AE_FIRE_PT_03552,RP_TRAFFIC_01,EVIDENCES,FIRE_119_RECORD
AE_FIRE_PT_03553,RP_TRAFFIC_01,EVIDENCES,FIRE_119_RECORD
AE_FIRE_PT_03554,RP_TRAFFIC_01,EVIDENCES,FIRE_119_RECORD
AE_FIRE_PT_03555,RP_MACHINE_01,EVIDENCES,FIRE_119_RECORD
AE_FIRE_PT_03556,RP_MACHINE_01,EVIDENCES,FIRE_119_RECORD
AE_FIRE_PT_03557,RP_MACHINE_01,EVIDENCES,FIRE_119_RECORD
AE_FIRE_PT_03558,RP_TRAFFIC_01,EVIDENCES,FIRE_119_RECORD
AE_FIRE_PT_03559,RP_SLIP_TERRAIN,EVIDENCES,FIRE_119_RECORD
AE_FIRE_PT_03560,RP_SLIP_TERRAIN,EVIDENCES,FIRE_119_RECORD
AE_FIRE_PT_03561,RP_TRAFFIC_01,EVIDENCES,FIRE_119_RECORD
AE_FIRE_PT_03562,RP_TRAFFIC_01,EVIDENCES,FIRE_119_RECORD
AE_FIRE_PT_03563,RP_TRAFFIC_01,EVIDENCES,FIRE_119_RECORD
AE_FIRE_PT_03564,RP_MACHINE_01,EVIDENCES,FIRE_119_RECORD
AE_FIRE_PT_03565,RP_MACHINE_01,EVIDENCES,FIRE_119_RECORD
AE_FIRE_PT_03566,RP_TRAFFIC_01,EVIDENCES,FIRE_119_RECORD
AE_FIRE_PT_03567,RP_TRAFFIC_01,EVIDENCES,FIRE_119_RECORD
AE_FIRE_PT_03568,RP_MACHINE_01,EVIDENCES,FIRE_119_RECORD
AE_FIRE_PT_03569,RP_SLIP_TERRAIN,EVIDENCES,FIRE_119_RECORD
AE_FIRE_PT_03570,RP_SLIP_TERRAIN,EVIDENCES,FIRE_119_RECORD
AE_FIRE_PT_03571,RP_SLIP_TERRAIN,EVIDENCES,FIRE_119_RECORD
AE_FIRE_PT_03572,RP_SLIP_TERRAIN,EVIDENCES,FIRE_119_RECORD
AE_FIRE_PT_03573,RP_SLIP_TERRAIN,EVIDENCES,FIRE_119_RECORD
AE_FIRE_PT_03574,RP_TRAFFIC_01,EVIDENCES,FIRE_119_RECORD
AE_FIRE_PT_03575,RP_FALL_CLIFF,EVIDENCES,FIRE_119_RECORD
AE_FIRE_PT_03576,RP_TRAFFIC_01,EVIDENCES,FIRE_119_RECORD
AE_FIRE_PT_03577,RP_MACHINE_01,EVIDENCES,FIRE_119_RECORD
AE_FIRE_PT_03578,RP_SLIP_TERRAIN,EVIDENCES,FIRE_119_RECORD
AE_FIRE_PT_03579,RP_SLIP_TERRAIN,EVIDENCES,FIRE_119_RECORD
AE_FIRE_PT_03580,RP_TRAFFIC_01,EVIDENCES,FIRE_119_RECORD
AE_FIRE_PT_03581,RP_SLIP_TERRAIN,EVIDENCES,FIRE_119_RECORD
AE_FIRE_PT_03582,RP_SLIP_TERRAIN,EVIDENCES,FIRE_119_RECORD
AE_FIRE_PT_03583,RP_SLIP_TERRAIN,EVIDENCES,FIRE_119_RECORD
AE_FIRE_PT_03584,RP_SLIP_TERRAIN,EVIDENCES,FIRE_119_RECORD
AE_FIRE_PT_03585,RP_TRAFFIC_01,EVIDENCES,FIRE_119_RECORD
AE_FIRE_PT_03586,RP_SLIP_TERRAIN,EVIDENCES,FIRE_119_RECORD
AE_FIRE_PT_03587,RP_TRAFFIC_01,EVIDENCES,FIRE_119_RECORD
AE_FIRE_PT_03588,RP_SLIP_TERRAIN,EVIDENCES,FIRE_119_RECORD
AE_FIRE_PT_03589,RP_TRAFFIC_01,EVIDENCES,FIRE_119_RECORD
AE_FIRE_PT_03590,RP_TRAFFIC_01,EVIDENCES,FIRE_119_RECORD
AE_FIRE_PT_03591,RP_MACHINE_01,EVIDENCES,FIRE_119_RECORD
AE_FIRE_PT_03592,RP_SLIP_TERRAIN,EVIDENCES,FIRE_119_RECORD
AE_FIRE_PT_03593,RP_SLIP_TERRAIN,EVIDENCES,FIRE_119_RECORD
AE_FIRE_PT_03594,RP_MACHINE_01,EVIDENCES,FIRE_119_RECORD
AE_FIRE_PT_03595,RP_MACHINE_01,EVIDENCES,FIRE_119_RECORD
AE_FIRE_PT_03596,RP_SLIP_TERRAIN,EVIDENCES,FIRE_119_RECORD
AE_FIRE_PT_03597,RP_SLIP_TERRAIN,EVIDENCES,FIRE_119_RECORD
AE_FIRE_PT_03598,RP_SLIP_TERRAIN,EVIDENCES,FIRE_119_RECORD
AE_FIRE_PT_03599,RP_MACHINE_01,EVIDENCES,FIRE_119_RECORD
AE_FIRE_PT_03600,RP_SLIP_TERRAIN,EVIDENCES,FIRE_119_RECORD
AE_FIRE_PT_03601,RP_TRAFFIC_01,EVIDENCES,FIRE_119_RECORD
AE_FIRE_PT_03602,RP_SLIP_TERRAIN,EVIDENCES,FIRE_119_RECORD
AE_FIRE_PT_03603,RP_SLIP_TERRAIN,EVIDENCES,FIRE_119_RECORD
AE_FIRE_PT_03604,RP_TRAFFIC_01,EVIDENCES,FIRE_119_RECORD
AE_FIRE_PT_03605,RP_TRAFFIC_01,EVIDENCES,FIRE_119_RECORD
AE_FIRE_PT_03606,RP_SLIP_TERRAIN,EVIDENCES,FIRE_119_RECORD
AE_FIRE_PT_03607,RP_SLIP_TERRAIN,EVIDENCES,FIRE_119_RECORD
AE_FIRE_PT_03608,RP_MACHINE_01,EVIDENCES,FIRE_119_RECORD
AE_FIRE_PT_03609,RP_ANIMAL_01,EVIDENCES,FIRE_119_RECORD
AE_FIRE_PT_03610,RP_SLIP_TERRAIN,EVIDENCES,FIRE_119_RECORD
AE_FIRE_PT_03611,RP_TRAFFIC_01,EVIDENCES,FIRE_119_RECORD
AE_FIRE_PT_03612,RP_TRAFFIC_01,EVIDENCES,FIRE_119_RECORD
AE_FIRE_PT_03613,RP_TRAFFIC_01,EVIDENCES,FIRE_119_RECORD
AE_FIRE_PT_03614,RP_MACHINE_01,EVIDENCES,FIRE_119_RECORD
AE_FIRE_PT_03615,RP_MACHINE_01,EVIDENCES,FIRE_119_RECORD
AE_FIRE_PT_03616,RP_SLIP_TERRAIN,EVIDENCES,FIRE_119_RECORD
AE_FIRE_PT_03617,RP_ANIMAL_01,EVIDENCES,FIRE_119_RECORD
AE_FIRE_PT_03618,RP_MACHINE_01,EVIDENCES,FIRE_119_RECORD
AE_FIRE_PT_03619,RP_SLIP_TERRAIN,EVIDENCES,FIRE_119_RECORD
AE_FIRE_PT_03620,RP_SLIP_TERRAIN,EVIDENCES,FIRE_119_RECORD
AE_FIRE_PT_03621,RP_MACHINE_01,EVIDENCES,FIRE_119_RECORD
AE_FIRE_PT_03622,RP_SLIP_TERRAIN,EVIDENCES,FIRE_119_RECORD
AE_FIRE_PT_03623,RP_TRAFFIC_01,EVIDENCES,FIRE_119_RECORD
AE_FIRE_PT_03624,RP_TRAFFIC_01,EVIDENCES,FIRE_119_RECORD
AE_FIRE_PT_03625,RP_TRAFFIC_01,EVIDENCES,FIRE_119_RECORD
AE_FIRE_PT_03626,RP_SLIP_TERRAIN,EVIDENCES,FIRE_119_RECORD
AE_FIRE_PT_03627,RP_MACHINE_01,EVIDENCES,FIRE_119_RECORD
AE_FIRE_PT_03628,RP_SLIP_TERRAIN,EVIDENCES,FIRE_119_RECORD
AE_FIRE_PT_03629,RP_FALL_CLIFF,EVIDENCES,FIRE_119_RECORD
AE_FIRE_PT_03630,RP_TRAFFIC_01,EVIDENCES,FIRE_119_RECORD
AE_FIRE_PT_03631,RP_TRAFFIC_01,EVIDENCES,FIRE_119_RECORD
AE_FIRE_PT_03632,RP_TRAFFIC_01,EVIDENCES,FIRE_119_RECORD
AE_FIRE_PT_03633,RP_SLIP_TERRAIN,EVIDENCES,FIRE_119_RECORD
AE_FIRE_PT_03634,RP_SLIP_TERRAIN,EVIDENCES,FIRE_119_RECORD
AE_FIRE_PT_03635,RP_SLIP_TERRAIN,EVIDENCES,FIRE_119_RECORD
AE_FIRE_PT_03636,RP_TRAFFIC_01,EVIDENCES,FIRE_119_RECORD
AE_FIRE_PT_03637,RP_SLIP_TERRAIN,EVIDENCES,FIRE_119_RECORD
AE_FIRE_PT_03638,RP_TRAFFIC_01,EVIDENCES,FIRE_119_RECORD
AE_FIRE_PT_03639,RP_TRAFFIC_01,EVIDENCES,FIRE_119_RECORD
AE_FIRE_PT_03640,RP_MACHINE_01,EVIDENCES,FIRE_119_RECORD
AE_FIRE_PT_03641,RP_MACHINE_01,EVIDENCES,FIRE_119_RECORD
AE_FIRE_PT_03642,RP_TRAFFIC_01,EVIDENCES,FIRE_119_RECORD
AE_FIRE_PT_03643,RP_MACHINE_01,EVIDENCES,FIRE_119_RECORD
AE_FIRE_PT_03644,RP_ANIMAL_01,EVIDENCES,FIRE_119_RECORD
AE_FIRE_PT_03645,RP_SLIP_TERRAIN,EVIDENCES,FIRE_119_RECORD
AE_FIRE_PT_03646,RP_TRAFFIC_01,EVIDENCES,FIRE_119_RECORD
AE_FIRE_PT_03647,RP_TRAFFIC_01,EVIDENCES,FIRE_119_RECORD
AE_FIRE_PT_03648,RP_TRAFFIC_01,EVIDENCES,FIRE_119_RECORD
AE_FIRE_PT_03649,RP_TRAFFIC_01,EVIDENCES,FIRE_119_RECORD
AE_FIRE_PT_03650,RP_TRAFFIC_01,EVIDENCES,FIRE_119_RECORD
AE_FIRE_PT_03651,RP_TRAFFIC_01,EVIDENCES,FIRE_119_RECORD
AE_FIRE_PT_03652,RP_TRAFFIC_01,EVIDENCES,FIRE_119_RECORD
AE_FIRE_PT_03653,RP_SLIP_TERRAIN,EVIDENCES,FIRE_119_RECORD
AE_FIRE_PT_03654,RP_SLIP_TERRAIN,EVIDENCES,FIRE_119_RECORD
AE_FIRE_PT_03655,RP_SLIP_TERRAIN,EVIDENCES,FIRE_119_RECORD
AE_FIRE_PT_03656,RP_SLIP_TERRAIN,EVIDENCES,FIRE_119_RECORD
AE_FIRE_PT_03657,RP_TRAFFIC_01,EVIDENCES,FIRE_119_RECORD
AE_FIRE_PT_03658,RP_TRAFFIC_01,EVIDENCES,FIRE_119_RECORD
AE_FIRE_PT_03659,RP_TRAFFIC_01,EVIDENCES,FIRE_119_RECORD
AE_FIRE_PT_03660,RP_TRAFFIC_01,EVIDENCES,FIRE_119_RECORD
AE_FIRE_PT_03661,RP_SLIP_TERRAIN,EVIDENCES,FIRE_119_RECORD
AE_FIRE_PT_03662,RP_MACHINE_01,EVIDENCES,FIRE_119_RECORD
AE_FIRE_PT_03663,RP_MACHINE_01,EVIDENCES,FIRE_119_RECORD
AE_FIRE_PT_03664,RP_SLIP_TERRAIN,EVIDENCES,FIRE_119_RECORD
AE_FIRE_PT_03665,RP_SLIP_TERRAIN,EVIDENCES,FIRE_119_RECORD
AE_FIRE_PT_03666,RP_SLIP_TERRAIN,EVIDENCES,FIRE_119_RECORD
AE_FIRE_PT_03667,RP_TRAFFIC_01,EVIDENCES,FIRE_119_RECORD
AE_FIRE_PT_03668,RP_SLIP_TERRAIN,EVIDENCES,FIRE_119_RECORD
AE_FIRE_PT_03669,RP_TRAFFIC_01,EVIDENCES,FIRE_119_RECORD
AE_FIRE_PT_03670,RP_SLIP_TERRAIN,EVIDENCES,FIRE_119_RECORD
AE_FIRE_PT_03671,RP_TRAFFIC_01,EVIDENCES,FIRE_119_RECORD
AE_FIRE_PT_03672,RP_SLIP_TERRAIN,EVIDENCES,FIRE_119_RECORD
AE_FIRE_PT_03673,RP_SLIP_TERRAIN,EVIDENCES,FIRE_119_RECORD
AE_FIRE_PT_03674,RP_SLIP_TERRAIN,EVIDENCES,FIRE_119_RECORD
AE_FIRE_PT_03675,RP_MACHINE_01,EVIDENCES,FIRE_119_RECORD
AE_FIRE_PT_03676,RP_SLIP_TERRAIN,EVIDENCES,FIRE_119_RECORD
AE_FIRE_PT_03677,RP_MACHINE_01,EVIDENCES,FIRE_119_RECORD
AE_FIRE_PT_03678,RP_SLIP_TERRAIN,EVIDENCES,FIRE_119_RECORD
AE_FIRE_PT_03679,RP_TRAFFIC_01,EVIDENCES,FIRE_119_RECORD
AE_FIRE_PT_03680,RP_TRAFFIC_01,EVIDENCES,FIRE_119_RECORD
AE_FIRE_PT_03681,RP_MACHINE_01,EVIDENCES,FIRE_119_RECORD
AE_FIRE_PT_03682,RP_TRAFFIC_01,EVIDENCES,FIRE_119_RECORD
AE_FIRE_PT_03683,RP_SLIP_TERRAIN,EVIDENCES,FIRE_119_RECORD
AE_FIRE_PT_03684,RP_SLIP_TERRAIN,EVIDENCES,FIRE_119_RECORD
AE_FIRE_PT_03685,RP_SLIP_TERRAIN,EVIDENCES,FIRE_119_RECORD
AE_FIRE_PT_03686,RP_SLIP_TERRAIN,EVIDENCES,FIRE_119_RECORD
AE_FIRE_PT_03687,RP_SLIP_TERRAIN,EVIDENCES,FIRE_119_RECORD
AE_FIRE_PT_03688,RP_MACHINE_01,EVIDENCES,FIRE_119_RECORD
AE_FIRE_PT_03689,RP_SLIP_TERRAIN,EVIDENCES,FIRE_119_RECORD
AE_FIRE_PT_03690,RP_SLIP_TERRAIN,EVIDENCES,FIRE_119_RECORD
AE_FIRE_PT_03691,RP_TRAFFIC_01,EVIDENCES,FIRE_119_RECORD
AE_FIRE_PT_03692,RP_TRAFFIC_01,EVIDENCES,FIRE_119_RECORD
AE_FIRE_PT_03693,RP_MACHINE_01,EVIDENCES,FIRE_119_RECORD
AE_FIRE_PT_03694,RP_SLIP_TERRAIN,EVIDENCES,FIRE_119_RECORD
AE_FIRE_PT_03695,RP_SLIP_TERRAIN,EVIDENCES,FIRE_119_RECORD
AE_FIRE_PT_03696,RP_SLIP_TERRAIN,EVIDENCES,FIRE_119_RECORD
AE_FIRE_PT_03697,RP_TRAFFIC_01,EVIDENCES,FIRE_119_RECORD
AE_FIRE_PT_03698,RP_TRAFFIC_01,EVIDENCES,FIRE_119_RECORD
AE_FIRE_PT_03699,RP_SLIP_TERRAIN,EVIDENCES,FIRE_119_RECORD
AE_FIRE_PT_03700,RP_MACHINE_01,EVIDENCES,FIRE_119_RECORD
AE_FIRE_PT_03701,RP_SLIP_TERRAIN,EVIDENCES,FIRE_119_RECORD
AE_FIRE_PT_03702,RP_CO_01,EVIDENCES,FIRE_119_RECORD
AE_FIRE_PT_03703,RP_SLIP_TERRAIN,EVIDENCES,FIRE_119_RECORD
AE_FIRE_PT_03704,RP_TRAFFIC_01,EVIDENCES,FIRE_119_RECORD
AE_FIRE_PT_03705,RP_TRAFFIC_01,EVIDENCES,FIRE_119_RECORD
AE_FIRE_PT_03706,RP_TRAFFIC_01,EVIDENCES,FIRE_119_RECORD
AE_FIRE_PT_03707,RP_MACHINE_01,EVIDENCES,FIRE_119_RECORD
AE_FIRE_PT_03708,RP_MACHINE_01,EVIDENCES,FIRE_119_RECORD
AE_FIRE_PT_03709,RP_SLIP_TERRAIN,EVIDENCES,FIRE_119_RECORD
AE_FIRE_PT_03710,RP_MACHINE_01,EVIDENCES,FIRE_119_RECORD
AE_FIRE_PT_03711,RP_SLIP_TERRAIN,EVIDENCES,FIRE_119_RECORD
AE_FIRE_PT_03712,RP_MACHINE_01,EVIDENCES,FIRE_119_RECORD
AE_FIRE_PT_03713,RP_MACHINE_01,EVIDENCES,FIRE_119_RECORD
AE_FIRE_PT_03714,RP_SLIP_TERRAIN,EVIDENCES,FIRE_119_RECORD
AE_FIRE_PT_03715,RP_FALL_CLIFF,EVIDENCES,FIRE_119_RECORD
AE_FIRE_PT_03716,RP_MACHINE_01,EVIDENCES,FIRE_119_RECORD
AE_FIRE_PT_03717,RP_MACHINE_01,EVIDENCES,FIRE_119_RECORD
AE_FIRE_PT_03718,RP_TRAFFIC_01,EVIDENCES,FIRE_119_RECORD
AE_FIRE_PT_03719,RP_TRAFFIC_01,EVIDENCES,FIRE_119_RECORD
AE_FIRE_PT_03720,RP_TRAFFIC_01,EVIDENCES,FIRE_119_RECORD
AE_FIRE_PT_03721,RP_MACHINE_01,EVIDENCES,FIRE_119_RECORD
AE_FIRE_PT_03722,RP_SLIP_TERRAIN,EVIDENCES,FIRE_119_RECORD
AE_FIRE_PT_03723,RP_SLIP_TERRAIN,EVIDENCES,FIRE_119_RECORD
AE_FIRE_PT_03724,RP_SLIP_TERRAIN,EVIDENCES,FIRE_119_RECORD
AE_FIRE_PT_03725,RP_MACHINE_01,EVIDENCES,FIRE_119_RECORD
AE_FIRE_PT_03726,RP_CO_01,EVIDENCES,FIRE_119_RECORD
AE_FIRE_PT_03727,RP_TRAFFIC_01,EVIDENCES,FIRE_119_RECORD
AE_FIRE_PT_03728,RP_TRAFFIC_01,EVIDENCES,FIRE_119_RECORD
AE_FIRE_PT_03729,RP_TRAFFIC_01,EVIDENCES,FIRE_119_RECORD
AE_FIRE_PT_03730,RP_TRAFFIC_01,EVIDENCES,FIRE_119_RECORD
AE_FIRE_PT_03731,RP_TRAFFIC_01,EVIDENCES,FIRE_119_RECORD
AE_FIRE_PT_03732,RP_SLIP_TERRAIN,EVIDENCES,FIRE_119_RECORD
AE_FIRE_PT_03733,RP_SLIP_TERRAIN,EVIDENCES,FIRE_119_RECORD
AE_FIRE_PT_03734,RP_MACHINE_01,EVIDENCES,FIRE_119_RECORD
AE_FIRE_PT_03735,RP_SLIP_TERRAIN,EVIDENCES,FIRE_119_RECORD
AE_FIRE_PT_03736,RP_MACHINE_01,EVIDENCES,FIRE_119_RECORD
AE_FIRE_PT_03737,RP_SLIP_TERRAIN,EVIDENCES,FIRE_119_RECORD
AE_FIRE_PT_03738,RP_SLIP_TERRAIN,EVIDENCES,FIRE_119_RECORD
AE_FIRE_PT_03739,RP_TRAFFIC_01,EVIDENCES,FIRE_119_RECORD
AE_FIRE_PT_03740,RP_SLIP_TERRAIN,EVIDENCES,FIRE_119_RECORD
AE_FIRE_PT_03741,RP_TRAFFIC_01,EVIDENCES,FIRE_119_RECORD
AE_FIRE_PT_03742,RP_MACHINE_01,EVIDENCES,FIRE_119_RECORD
AE_FIRE_PT_03743,RP_TRAFFIC_01,EVIDENCES,FIRE_119_RECORD
AE_FIRE_PT_03744,RP_TRAFFIC_01,EVIDENCES,FIRE_119_RECORD
AE_FIRE_PT_03745,RP_SLIP_TERRAIN,EVIDENCES,FIRE_119_RECORD
AE_FIRE_PT_03746,RP_TRAFFIC_01,EVIDENCES,FIRE_119_RECORD
AE_FIRE_PT_03747,RP_TRAFFIC_01,EVIDENCES,FIRE_119_RECORD
AE_FIRE_PT_03748,RP_TRAFFIC_01,EVIDENCES,FIRE_119_RECORD
AE_FIRE_PT_03749,RP_TRAFFIC_01,EVIDENCES,FIRE_119_RECORD
AE_FIRE_PT_03750,RP_TRAFFIC_01,EVIDENCES,FIRE_119_RECORD
AE_FIRE_PT_03751,RP_TRAFFIC_01,EVIDENCES,FIRE_119_RECORD
AE_FIRE_PT_03752,RP_TRAFFIC_01,EVIDENCES,FIRE_119_RECORD
AE_FIRE_PT_03753,RP_TRAFFIC_01,EVIDENCES,FIRE_119_RECORD
AE_FIRE_PT_03754,RP_MACHINE_01,EVIDENCES,FIRE_119_RECORD
AE_FIRE_PT_03755,RP_MACHINE_01,EVIDENCES,FIRE_119_RECORD
AE_FIRE_PT_03756,RP_SLIP_TERRAIN,EVIDENCES,FIRE_119_RECORD
AE_FIRE_PT_03757,RP_SLIP_TERRAIN,EVIDENCES,FIRE_119_RECORD
AE_FIRE_PT_03758,RP_SLIP_TERRAIN,EVIDENCES,FIRE_119_RECORD
AE_FIRE_PT_03759,RP_SLIP_TERRAIN,EVIDENCES,FIRE_119_RECORD
AE_FIRE_PT_03760,RP_SLIP_TERRAIN,EVIDENCES,FIRE_119_RECORD
AE_FIRE_PT_03761,RP_FALL_CLIFF,EVIDENCES,FIRE_119_RECORD
AE_FIRE_PT_03762,RP_SLIP_TERRAIN,EVIDENCES,FIRE_119_RECORD
AE_FIRE_PT_03763,RP_SLIP_TERRAIN,EVIDENCES,FIRE_119_RECORD
AE_FIRE_PT_03764,RP_SLIP_TERRAIN,EVIDENCES,FIRE_119_RECORD
AE_FIRE_PT_03765,RP_SLIP_TERRAIN,EVIDENCES,FIRE_119_RECORD
AE_FIRE_PT_03766,RP_MACHINE_01,EVIDENCES,FIRE_119_RECORD
AE_FIRE_PT_03767,RP_SLIP_TERRAIN,EVIDENCES,FIRE_119_RECORD
AE_FIRE_PT_03768,RP_TRAFFIC_01,EVIDENCES,FIRE_119_RECORD
AE_FIRE_PT_03769,RP_ANIMAL_01,EVIDENCES,FIRE_119_RECORD
AE_FIRE_PT_03770,RP_TRAFFIC_01,EVIDENCES,FIRE_119_RECORD
AE_FIRE_PT_03771,RP_SLIP_TERRAIN,EVIDENCES,FIRE_119_RECORD
AE_FIRE_PT_03772,RP_SLIP_TERRAIN,EVIDENCES,FIRE_119_RECORD
AE_FIRE_PT_03773,RP_FALL_CLIFF,EVIDENCES,FIRE_119_RECORD
AE_FIRE_PT_03774,RP_SLIP_TERRAIN,EVIDENCES,FIRE_119_RECORD
AE_FIRE_PT_03775,RP_SLIP_TERRAIN,EVIDENCES,FIRE_119_RECORD
AE_FIRE_PT_03776,RP_SLIP_TERRAIN,EVIDENCES,FIRE_119_RECORD
AE_FIRE_PT_03777,RP_FALL_CLIFF,EVIDENCES,FIRE_119_RECORD
AE_FIRE_PT_03778,RP_MACHINE_01,EVIDENCES,FIRE_119_RECORD
AE_FIRE_PT_03779,RP_SLIP_TERRAIN,EVIDENCES,FIRE_119_RECORD
AE_FIRE_PT_03780,RP_TRAFFIC_01,EVIDENCES,FIRE_119_RECORD
AE_FIRE_PT_03781,RP_TRAFFIC_01,EVIDENCES,FIRE_119_RECORD
AE_FIRE_PT_03782,RP_MACHINE_01,EVIDENCES,FIRE_119_RECORD
AE_FIRE_PT_03783,RP_SLIP_TERRAIN,EVIDENCES,FIRE_119_RECORD
AE_FIRE_PT_03784,RP_TRAFFIC_01,EVIDENCES,FIRE_119_RECORD
AE_FIRE_PT_03785,RP_MACHINE_01,EVIDENCES,FIRE_119_RECORD
AE_FIRE_PT_03786,RP_MACHINE_01,EVIDENCES,FIRE_119_RECORD
AE_FIRE_PT_03787,RP_DROWN_01,EVIDENCES,FIRE_119_RECORD
AE_FIRE_PT_03788,RP_SLIP_TERRAIN,EVIDENCES,FIRE_119_RECORD
AE_FIRE_PT_03789,RP_SLIP_TERRAIN,EVIDENCES,FIRE_119_RECORD
AE_FIRE_PT_03790,RP_SLIP_TERRAIN,EVIDENCES,FIRE_119_RECORD
AE_FIRE_PT_03791,RP_SLIP_TERRAIN,EVIDENCES,FIRE_119_RECORD
AE_FIRE_PT_03792,RP_MACHINE_01,EVIDENCES,FIRE_119_RECORD
AE_FIRE_PT_03793,RP_TRAFFIC_01,EVIDENCES,FIRE_119_RECORD
AE_FIRE_PT_03794,RP_TRAFFIC_01,EVIDENCES,FIRE_119_RECORD
AE_FIRE_PT_03795,RP_SLIP_TERRAIN,EVIDENCES,FIRE_119_RECORD
AE_FIRE_PT_03796,RP_TRAFFIC_01,EVIDENCES,FIRE_119_RECORD
AE_FIRE_PT_03797,RP_MACHINE_01,EVIDENCES,FIRE_119_RECORD
AE_FIRE_PT_03798,RP_TRAFFIC_01,EVIDENCES,FIRE_119_RECORD
AE_FIRE_PT_03799,RP_TRAFFIC_01,EVIDENCES,FIRE_119_RECORD
AE_FIRE_PT_03800,RP_TRAFFIC_01,EVIDENCES,FIRE_119_RECORD
AE_FIRE_PT_03801,RP_SLIP_TERRAIN,EVIDENCES,FIRE_119_RECORD
AE_FIRE_PT_03802,RP_SLIP_TERRAIN,EVIDENCES,FIRE_119_RECORD
AE_FIRE_PT_03803,RP_MACHINE_01,EVIDENCES,FIRE_119_RECORD
AE_FIRE_PT_03804,RP_TRAFFIC_01,EVIDENCES,FIRE_119_RECORD
AE_FIRE_PT_03805,RP_SLIP_TERRAIN,EVIDENCES,FIRE_119_RECORD
AE_FIRE_PT_03806,RP_SLIP_TERRAIN,EVIDENCES,FIRE_119_RECORD
AE_FIRE_PT_03807,RP_TRAFFIC_01,EVIDENCES,FIRE_119_RECORD
AE_FIRE_PT_03808,RP_TRAFFIC_01,EVIDENCES,FIRE_119_RECORD
AE_FIRE_PT_03809,RP_FALL_CLIFF,EVIDENCES,FIRE_119_RECORD
AE_FIRE_PT_03810,RP_TRAFFIC_01,EVIDENCES,FIRE_119_RECORD
AE_FIRE_PT_03811,RP_SLIP_TERRAIN,EVIDENCES,FIRE_119_RECORD
AE_FIRE_PT_03812,RP_MACHINE_01,EVIDENCES,FIRE_119_RECORD
AE_FIRE_PT_03813,RP_ANIMAL_01,EVIDENCES,FIRE_119_RECORD
AE_FIRE_PT_03814,RP_MACHINE_01,EVIDENCES,FIRE_119_RECORD
AE_FIRE_PT_03815,RP_MACHINE_01,EVIDENCES,FIRE_119_RECORD
AE_FIRE_PT_03816,RP_TRAFFIC_01,EVIDENCES,FIRE_119_RECORD
AE_FIRE_PT_03817,RP_TRAFFIC_01,EVIDENCES,FIRE_119_RECORD
AE_FIRE_PT_03818,RP_MACHINE_01,EVIDENCES,FIRE_119_RECORD
AE_FIRE_PT_03819,RP_SLIP_TERRAIN,EVIDENCES,FIRE_119_RECORD
AE_FIRE_PT_03820,RP_TRAFFIC_01,EVIDENCES,FIRE_119_RECORD
AE_FIRE_PT_03821,RP_TRAFFIC_01,EVIDENCES,FIRE_119_RECORD
AE_FIRE_PT_03822,RP_TRAFFIC_01,EVIDENCES,FIRE_119_RECORD
AE_FIRE_PT_03823,RP_MACHINE_01,EVIDENCES,FIRE_119_RECORD
AE_FIRE_PT_03824,RP_ANIMAL_01,EVIDENCES,FIRE_119_RECORD
AE_FIRE_PT_03825,RP_SLIP_TERRAIN,EVIDENCES,FIRE_119_RECORD
AE_FIRE_PT_03826,RP_TRAFFIC_01,EVIDENCES,FIRE_119_RECORD
AE_FIRE_PT_03827,RP_TRAFFIC_01,EVIDENCES,FIRE_119_RECORD
AE_FIRE_PT_03828,RP_TRAFFIC_01,EVIDENCES,FIRE_119_RECORD
AE_FIRE_PT_03829,RP_TRAFFIC_01,EVIDENCES,FIRE_119_RECORD
AE_FIRE_PT_03830,RP_TRAFFIC_01,EVIDENCES,FIRE_119_RECORD
AE_FIRE_PT_03831,RP_SLIP_TERRAIN,EVIDENCES,FIRE_119_RECORD
AE_FIRE_PT_03832,RP_SLIP_TERRAIN,EVIDENCES,FIRE_119_RECORD
AE_FIRE_PT_03833,RP_TRAFFIC_01,EVIDENCES,FIRE_119_RECORD
AE_FIRE_PT_03834,RP_TRAFFIC_01,EVIDENCES,FIRE_119_RECORD
AE_FIRE_PT_03835,RP_MACHINE_01,EVIDENCES,FIRE_119_RECORD
AE_FIRE_PT_03836,RP_TRAFFIC_01,EVIDENCES,FIRE_119_RECORD
AE_FIRE_PT_03837,RP_MACHINE_01,EVIDENCES,FIRE_119_RECORD
AE_FIRE_PT_03838,RP_MACHINE_01,EVIDENCES,FIRE_119_RECORD
AE_FIRE_PT_03839,RP_FALL_CLIFF,EVIDENCES,FIRE_119_RECORD
AE_FIRE_PT_03840,RP_TRAFFIC_01,EVIDENCES,FIRE_119_RECORD
AE_FIRE_PT_03841,RP_TRAFFIC_01,EVIDENCES,FIRE_119_RECORD
AE_FIRE_PT_03842,RP_MACHINE_01,EVIDENCES,FIRE_119_RECORD
AE_FIRE_PT_03843,RP_MACHINE_01,EVIDENCES,FIRE_119_RECORD
AE_FIRE_PT_03844,RP_SLIP_TERRAIN,EVIDENCES,FIRE_119_RECORD
AE_FIRE_PT_03845,RP_MACHINE_01,EVIDENCES,FIRE_119_RECORD
AE_FIRE_PT_03846,RP_FALL_CLIFF,EVIDENCES,FIRE_119_RECORD
AE_FIRE_PT_03847,RP_CO_01,EVIDENCES,FIRE_119_RECORD
AE_FIRE_PT_03848,RP_TRAFFIC_01,EVIDENCES,FIRE_119_RECORD
AE_FIRE_PT_03849,RP_TRAFFIC_01,EVIDENCES,FIRE_119_RECORD
AE_FIRE_PT_03850,RP_TRAFFIC_01,EVIDENCES,FIRE_119_RECORD
AE_FIRE_PT_03851,RP_MACHINE_01,EVIDENCES,FIRE_119_RECORD
AE_FIRE_PT_03852,RP_MACHINE_01,EVIDENCES,FIRE_119_RECORD
AE_FIRE_PT_03853,RP_SLIP_TERRAIN,EVIDENCES,FIRE_119_RECORD
AE_FIRE_PT_03854,RP_TRAFFIC_01,EVIDENCES,FIRE_119_RECORD
AE_FIRE_PT_03855,RP_TRAFFIC_01,EVIDENCES,FIRE_119_RECORD
AE_FIRE_PT_03856,RP_SLIP_TERRAIN,EVIDENCES,FIRE_119_RECORD
AE_FIRE_PT_03857,RP_TRAFFIC_01,EVIDENCES,FIRE_119_RECORD
AE_FIRE_PT_03858,RP_TRAFFIC_01,EVIDENCES,FIRE_119_RECORD
AE_FIRE_PT_03859,RP_MACHINE_01,EVIDENCES,FIRE_119_RECORD
AE_FIRE_PT_03860,RP_TRAFFIC_01,EVIDENCES,FIRE_119_RECORD
AE_FIRE_PT_03861,RP_TRAFFIC_01,EVIDENCES,FIRE_119_RECORD
AE_FIRE_PT_03862,RP_TRAFFIC_01,EVIDENCES,FIRE_119_RECORD
AE_FIRE_PT_03863,RP_TRAFFIC_01,EVIDENCES,FIRE_119_RECORD
AE_FIRE_PT_03864,RP_TRAFFIC_01,EVIDENCES,FIRE_119_RECORD
AE_FIRE_PT_03865,RP_TRAFFIC_01,EVIDENCES,FIRE_119_RECORD
AE_FIRE_PT_03866,RP_TRAFFIC_01,EVIDENCES,FIRE_119_RECORD
AE_FIRE_PT_03867,RP_CO_01,EVIDENCES,FIRE_119_RECORD
AE_FIRE_PT_03868,RP_SLIP_TERRAIN,EVIDENCES,FIRE_119_RECORD
AE_FIRE_PT_03869,RP_MACHINE_01,EVIDENCES,FIRE_119_RECORD
AE_FIRE_PT_03870,RP_SLIP_TERRAIN,EVIDENCES,FIRE_119_RECORD
AE_FIRE_PT_03871,RP_MACHINE_01,EVIDENCES,FIRE_119_RECORD
AE_FIRE_PT_03872,RP_TRAFFIC_01,EVIDENCES,FIRE_119_RECORD
AE_FIRE_PT_03873,RP_MACHINE_01,EVIDENCES,FIRE_119_RECORD
AE_FIRE_PT_03874,RP_SLIP_TERRAIN,EVIDENCES,FIRE_119_RECORD
AE_FIRE_PT_03875,RP_TRAFFIC_01,EVIDENCES,FIRE_119_RECORD
AE_FIRE_PT_03876,RP_TRAFFIC_01,EVIDENCES,FIRE_119_RECORD
AE_FIRE_PT_03877,RP_SLIP_TERRAIN,EVIDENCES,FIRE_119_RECORD
AE_FIRE_PT_03878,RP_SLIP_TERRAIN,EVIDENCES,FIRE_119_RECORD
AE_FIRE_PT_03879,RP_MACHINE_01,EVIDENCES,FIRE_119_RECORD
AE_FIRE_PT_03880,RP_SLIP_TERRAIN,EVIDENCES,FIRE_119_RECORD
AE_FIRE_PT_03881,RP_TRAFFIC_01,EVIDENCES,FIRE_119_RECORD
AE_FIRE_PT_03882,RP_TRAFFIC_01,EVIDENCES,FIRE_119_RECORD
AE_FIRE_PT_03883,RP_TRAFFIC_01,EVIDENCES,FIRE_119_RECORD
AE_FIRE_PT_03884,RP_TRAFFIC_01,EVIDENCES,FIRE_119_RECORD
AE_FIRE_PT_03885,RP_TRAFFIC_01,EVIDENCES,FIRE_119_RECORD
AE_FIRE_PT_03886,RP_TRAFFIC_01,EVIDENCES,FIRE_119_RECORD
AE_FIRE_PT_03887,RP_TRAFFIC_01,EVIDENCES,FIRE_119_RECORD
AE_FIRE_PT_03888,RP_TRAFFIC_01,EVIDENCES,FIRE_119_RECORD
AE_FIRE_PT_03889,RP_SLIP_TERRAIN,EVIDENCES,FIRE_119_RECORD
AE_FIRE_PT_03890,RP_SLIP_TERRAIN,EVIDENCES,FIRE_119_RECORD
AE_FIRE_PT_03891,RP_MACHINE_01,EVIDENCES,FIRE_119_RECORD
AE_FIRE_PT_03892,RP_TRAFFIC_01,EVIDENCES,FIRE_119_RECORD
AE_FIRE_PT_03893,RP_TRAFFIC_01,EVIDENCES,FIRE_119_RECORD
AE_FIRE_PT_03894,RP_TRAFFIC_01,EVIDENCES,FIRE_119_RECORD
AE_FIRE_PT_03895,RP_MACHINE_01,EVIDENCES,FIRE_119_RECORD
AE_FIRE_PT_03896,RP_SLIP_TERRAIN,EVIDENCES,FIRE_119_RECORD
AE_FIRE_PT_03897,RP_MACHINE_01,EVIDENCES,FIRE_119_RECORD
AE_FIRE_PT_03898,RP_TRAFFIC_01,EVIDENCES,FIRE_119_RECORD
AE_FIRE_PT_03899,RP_TRAFFIC_01,EVIDENCES,FIRE_119_RECORD
AE_FIRE_PT_03900,RP_TRAFFIC_01,EVIDENCES,FIRE_119_RECORD
AE_FIRE_PT_03901,RP_TRAFFIC_01,EVIDENCES,FIRE_119_RECORD
AE_FIRE_PT_03902,RP_TRAFFIC_01,EVIDENCES,FIRE_119_RECORD
AE_FIRE_PT_03903,RP_SLIP_TERRAIN,EVIDENCES,FIRE_119_RECORD
AE_FIRE_PT_03904,RP_TRAFFIC_01,EVIDENCES,FIRE_119_RECORD
AE_FIRE_PT_03905,RP_TRAFFIC_01,EVIDENCES,FIRE_119_RECORD
AE_FIRE_PT_03906,RP_SLIP_TERRAIN,EVIDENCES,FIRE_119_RECORD
AE_FIRE_PT_03907,RP_TRAFFIC_01,EVIDENCES,FIRE_119_RECORD
AE_FIRE_PT_03908,RP_TRAFFIC_01,EVIDENCES,FIRE_119_RECORD
AE_FIRE_PT_03909,RP_TRAFFIC_01,EVIDENCES,FIRE_119_RECORD
AE_FIRE_PT_03910,RP_TRAFFIC_01,EVIDENCES,FIRE_119_RECORD
AE_FIRE_PT_03911,RP_SLIP_TERRAIN,EVIDENCES,FIRE_119_RECORD
AE_FIRE_PT_03912,RP_TRAFFIC_01,EVIDENCES,FIRE_119_RECORD
AE_FIRE_PT_03913,RP_TRAFFIC_01,EVIDENCES,FIRE_119_RECORD
AE_FIRE_PT_03914,RP_TRAFFIC_01,EVIDENCES,FIRE_119_RECORD
AE_FIRE_PT_03915,RP_SLIP_TERRAIN,EVIDENCES,FIRE_119_RECORD
AE_FIRE_PT_03916,RP_MACHINE_01,EVIDENCES,FIRE_119_RECORD
AE_FIRE_PT_03917,RP_SLIP_TERRAIN,EVIDENCES,FIRE_119_RECORD
AE_FIRE_PT_03918,RP_TRAFFIC_01,EVIDENCES,FIRE_119_RECORD
AE_FIRE_PT_03919,RP_MACHINE_01,EVIDENCES,FIRE_119_RECORD
AE_FIRE_PT_03920,RP_MACHINE_01,EVIDENCES,FIRE_119_RECORD
AE_FIRE_PT_03921,RP_MACHINE_01,EVIDENCES,FIRE_119_RECORD
AE_FIRE_PT_03922,RP_SLIP_TERRAIN,EVIDENCES,FIRE_119_RECORD
AE_FIRE_PT_03923,RP_TRAFFIC_01,EVIDENCES,FIRE_119_RECORD
AE_FIRE_PT_03924,RP_MACHINE_01,EVIDENCES,FIRE_119_RECORD
AE_FIRE_PT_03925,RP_MACHINE_01,EVIDENCES,FIRE_119_RECORD
AE_FIRE_PT_03926,RP_SLIP_TERRAIN,EVIDENCES,FIRE_119_RECORD
AE_FIRE_PT_03927,RP_TRAFFIC_01,EVIDENCES,FIRE_119_RECORD
AE_FIRE_PT_03928,RP_TRAFFIC_01,EVIDENCES,FIRE_119_RECORD
AE_FIRE_PT_03929,RP_SLIP_TERRAIN,EVIDENCES,FIRE_119_RECORD
AE_FIRE_PT_03930,RP_SLIP_TERRAIN,EVIDENCES,FIRE_119_RECORD
AE_FIRE_PT_03931,RP_SLIP_TERRAIN,EVIDENCES,FIRE_119_RECORD
AE_FIRE_PT_03932,RP_MACHINE_01,EVIDENCES,FIRE_119_RECORD
AE_FIRE_PT_03933,RP_TRAFFIC_01,EVIDENCES,FIRE_119_RECORD
AE_FIRE_EM_00001,RP_SLIP_TERRAIN,EVIDENCES,FIRE_119_RECORD
AE_FIRE_EM_00002,RP_FALL_CLIFF,EVIDENCES,FIRE_119_RECORD
AE_FIRE_EM_00003,RP_TRAFFIC_01,EVIDENCES,FIRE_119_RECORD
AE_FIRE_EM_00004,RP_SLIP_TERRAIN,EVIDENCES,FIRE_119_RECORD
AE_FIRE_EM_00005,RP_TRAFFIC_01,EVIDENCES,FIRE_119_RECORD
AE_FIRE_EM_00006,RP_TRAFFIC_01,EVIDENCES,FIRE_119_RECORD
AE_FIRE_EM_00007,RP_SLIP_TERRAIN,EVIDENCES,FIRE_119_RECORD
AE_FIRE_EM_00008,RP_SLIP_TERRAIN,EVIDENCES,FIRE_119_RECORD
AE_FIRE_EM_00009,RP_TRAFFIC_01,EVIDENCES,FIRE_119_RECORD
AE_FIRE_EM_00010,RP_TRAFFIC_01,EVIDENCES,FIRE_119_RECORD
AE_FIRE_EM_00011,RP_TRAFFIC_01,EVIDENCES,FIRE_119_RECORD
AE_FIRE_EM_00012,RP_SLIP_TERRAIN,EVIDENCES,FIRE_119_RECORD
AE_FIRE_EM_00013,RP_MACHINE_01,EVIDENCES,FIRE_119_RECORD
AE_FIRE_EM_00014,RP_SLIP_TERRAIN,EVIDENCES,FIRE_119_RECORD
AE_FIRE_EM_00015,RP_TRAFFIC_01,EVIDENCES,FIRE_119_RECORD
AE_FIRE_EM_00016,RP_SLIP_TERRAIN,EVIDENCES,FIRE_119_RECORD
AE_FIRE_EM_00017,RP_SLIP_TERRAIN,EVIDENCES,FIRE_119_RECORD
AE_FIRE_EM_00018,RP_MACHINE_01,EVIDENCES,FIRE_119_RECORD
AE_FIRE_EM_00019,RP_SLIP_TERRAIN,EVIDENCES,FIRE_119_RECORD
AE_FIRE_EM_00020,RP_SLIP_TERRAIN,EVIDENCES,FIRE_119_RECORD
AE_FIRE_EM_00021,RP_ANIMAL_01,EVIDENCES,FIRE_119_RECORD
AE_FIRE_EM_00022,RP_SLIP_TERRAIN,EVIDENCES,FIRE_119_RECORD
AE_FIRE_EM_00023,RP_TRAFFIC_01,EVIDENCES,FIRE_119_RECORD
AE_FIRE_EM_00024,RP_SLIP_TERRAIN,EVIDENCES,FIRE_119_RECORD
AE_FIRE_EM_00025,RP_TRAFFIC_01,EVIDENCES,FIRE_119_RECORD
AE_FIRE_EM_00026,RP_MACHINE_01,EVIDENCES,FIRE_119_RECORD
AE_FIRE_EM_00027,RP_SLIP_TERRAIN,EVIDENCES,FIRE_119_RECORD
AE_FIRE_EM_00028,RP_SLIP_TERRAIN,EVIDENCES,FIRE_119_RECORD
AE_FIRE_EM_00029,RP_SLIP_TERRAIN,EVIDENCES,FIRE_119_RECORD
AE_FIRE_EM_00030,RP_SLIP_TERRAIN,EVIDENCES,FIRE_119_RECORD
AE_FIRE_EM_00031,RP_MACHINE_01,EVIDENCES,FIRE_119_RECORD
AE_FIRE_EM_00032,RP_FALL_CLIFF,EVIDENCES,FIRE_119_RECORD
AE_FIRE_EM_00033,RP_SLIP_TERRAIN,EVIDENCES,FIRE_119_RECORD
AE_FIRE_EM_00034,RP_MACHINE_01,EVIDENCES,FIRE_119_RECORD
AE_FIRE_EM_00035,RP_TRAFFIC_01,EVIDENCES,FIRE_119_RECORD
AE_FIRE_EM_00036,RP_SLIP_TERRAIN,EVIDENCES,FIRE_119_RECORD
AE_FIRE_EM_00037,RP_TRAFFIC_01,EVIDENCES,FIRE_119_RECORD
AE_FIRE_EM_00038,RP_TRAFFIC_01,EVIDENCES,FIRE_119_RECORD
AE_FIRE_EM_00039,RP_TRAFFIC_01,EVIDENCES,FIRE_119_RECORD
AE_FIRE_EM_00040,RP_SLIP_TERRAIN,EVIDENCES,FIRE_119_RECORD
AE_FIRE_EM_00041,RP_MACHINE_01,EVIDENCES,FIRE_119_RECORD
AE_FIRE_EM_00042,RP_MACHINE_01,EVIDENCES,FIRE_119_RECORD
AE_FIRE_EM_00043,RP_SLIP_TERRAIN,EVIDENCES,FIRE_119_RECORD
AE_FIRE_EM_00044,RP_MACHINE_01,EVIDENCES,FIRE_119_RECORD
AE_FIRE_EM_00045,RP_SLIP_TERRAIN,EVIDENCES,FIRE_119_RECORD
AE_FIRE_EM_00046,RP_SLIP_TERRAIN,EVIDENCES,FIRE_119_RECORD
AE_FIRE_EM_00047,RP_MACHINE_01,EVIDENCES,FIRE_119_RECORD
AE_FIRE_EM_00048,RP_TRAFFIC_01,EVIDENCES,FIRE_119_RECORD
AE_FIRE_EM_00049,RP_SLIP_TERRAIN,EVIDENCES,FIRE_119_RECORD
AE_FIRE_EM_00050,RP_SLIP_TERRAIN,EVIDENCES,FIRE_119_RECORD
AE_FIRE_EM_00051,RP_SLIP_TERRAIN,EVIDENCES,FIRE_119_RECORD
AE_FIRE_EM_00052,RP_SLIP_TERRAIN,EVIDENCES,FIRE_119_RECORD
AE_FIRE_EM_00053,RP_FALL_CLIFF,EVIDENCES,FIRE_119_RECORD
AE_FIRE_EM_00054,RP_SLIP_TERRAIN,EVIDENCES,FIRE_119_RECORD
AE_FIRE_EM_00055,RP_SLIP_TERRAIN,EVIDENCES,FIRE_119_RECORD
AE_FIRE_EM_00056,RP_TRAFFIC_01,EVIDENCES,FIRE_119_RECORD
AE_FIRE_EM_00057,RP_TRAFFIC_01,EVIDENCES,FIRE_119_RECORD
AE_FIRE_EM_00058,RP_SLIP_TERRAIN,EVIDENCES,FIRE_119_RECORD
AE_FIRE_EM_00059,RP_TRAFFIC_01,EVIDENCES,FIRE_119_RECORD
AE_FIRE_EM_00060,RP_TRAFFIC_01,EVIDENCES,FIRE_119_RECORD
AE_FIRE_EM_00061,RP_FALL_CLIFF,EVIDENCES,FIRE_119_RECORD
AE_FIRE_EM_00062,RP_MACHINE_01,EVIDENCES,FIRE_119_RECORD
AE_FIRE_EM_00063,RP_SLIP_TERRAIN,EVIDENCES,FIRE_119_RECORD
AE_FIRE_EM_00064,RP_FALL_CLIFF,EVIDENCES,FIRE_119_RECORD
AE_FIRE_EM_00065,RP_TRAFFIC_01,EVIDENCES,FIRE_119_RECORD
AE_FIRE_EM_00066,RP_MACHINE_01,EVIDENCES,FIRE_119_RECORD
AE_FIRE_EM_00067,RP_TRAFFIC_01,EVIDENCES,FIRE_119_RECORD
AE_FIRE_EM_00068,RP_TRAFFIC_01,EVIDENCES,FIRE_119_RECORD
AE_FIRE_EM_00069,RP_TRAFFIC_01,EVIDENCES,FIRE_119_RECORD
AE_FIRE_EM_00070,RP_SLIP_TERRAIN,EVIDENCES,FIRE_119_RECORD
AE_FIRE_EM_00071,RP_MACHINE_01,EVIDENCES,FIRE_119_RECORD
AE_FIRE_EM_00072,RP_SLIP_TERRAIN,EVIDENCES,FIRE_119_RECORD
AE_FIRE_EM_00073,RP_SLIP_TERRAIN,EVIDENCES,FIRE_119_RECORD
AE_FIRE_EM_00074,RP_MACHINE_01,EVIDENCES,FIRE_119_RECORD
AE_FIRE_EM_00075,RP_TRAFFIC_01,EVIDENCES,FIRE_119_RECORD
AE_FIRE_EM_00076,RP_TRAFFIC_01,EVIDENCES,FIRE_119_RECORD
AE_FIRE_EM_00077,RP_FALL_CLIFF,EVIDENCES,FIRE_119_RECORD
AE_FIRE_EM_00078,RP_SLIP_TERRAIN,EVIDENCES,FIRE_119_RECORD
AE_FIRE_EM_00079,RP_SLIP_TERRAIN,EVIDENCES,FIRE_119_RECORD
AE_FIRE_EM_00080,RP_FALL_CLIFF,EVIDENCES,FIRE_119_RECORD
AE_FIRE_EM_00081,RP_MACHINE_01,EVIDENCES,FIRE_119_RECORD
AE_FIRE_EM_00082,RP_MACHINE_01,EVIDENCES,FIRE_119_RECORD
AE_FIRE_EM_00083,RP_TRAFFIC_01,EVIDENCES,FIRE_119_RECORD
AE_FIRE_EM_00084,RP_MACHINE_01,EVIDENCES,FIRE_119_RECORD
AE_FIRE_EM_00085,RP_MACHINE_01,EVIDENCES,FIRE_119_RECORD
AE_FIRE_EM_00086,RP_SLIP_TERRAIN,EVIDENCES,FIRE_119_RECORD
AE_FIRE_EM_00087,RP_TRAFFIC_01,EVIDENCES,FIRE_119_RECORD
AE_FIRE_EM_00088,RP_TRAFFIC_01,EVIDENCES,FIRE_119_RECORD
AE_FIRE_EM_00089,RP_TRAFFIC_01,EVIDENCES,FIRE_119_RECORD
AE_FIRE_EM_00090,RP_TRAFFIC_01,EVIDENCES,FIRE_119_RECORD
AE_FIRE_EM_00091,RP_CO_01,EVIDENCES,FIRE_119_RECORD
AE_FIRE_EM_00092,RP_SLIP_TERRAIN,EVIDENCES,FIRE_119_RECORD
AE_FIRE_EM_00093,RP_TRAFFIC_01,EVIDENCES,FIRE_119_RECORD
AE_FIRE_EM_00094,RP_MACHINE_01,EVIDENCES,FIRE_119_RECORD
AE_FIRE_EM_00095,RP_TRAFFIC_01,EVIDENCES,FIRE_119_RECORD
AE_FIRE_EM_00096,RP_TRAFFIC_01,EVIDENCES,FIRE_119_RECORD
AE_FIRE_EM_00097,RP_TRAFFIC_01,EVIDENCES,FIRE_119_RECORD
AE_FIRE_EM_00098,RP_SLIP_TERRAIN,EVIDENCES,FIRE_119_RECORD
AE_FIRE_EM_00099,RP_SLIP_TERRAIN,EVIDENCES,FIRE_119_RECORD
AE_FIRE_EM_00100,RP_SLIP_TERRAIN,EVIDENCES,FIRE_119_RECORD
AE_FIRE_EM_00101,RP_MACHINE_01,EVIDENCES,FIRE_119_RECORD
AE_FIRE_EM_00102,RP_MACHINE_01,EVIDENCES,FIRE_119_RECORD
AE_FIRE_EM_00103,RP_TRAFFIC_01,EVIDENCES,FIRE_119_RECORD
AE_FIRE_EM_00104,RP_FALL_CLIFF,EVIDENCES,FIRE_119_RECORD
AE_FIRE_EM_00105,RP_SLIP_TERRAIN,EVIDENCES,FIRE_119_RECORD
AE_FIRE_EM_00106,RP_MACHINE_01,EVIDENCES,FIRE_119_RECORD
AE_FIRE_EM_00107,RP_TRAFFIC_01,EVIDENCES,FIRE_119_RECORD
AE_FIRE_EM_00108,RP_FALL_CLIFF,EVIDENCES,FIRE_119_RECORD
AE_FIRE_EM_00109,RP_TRAFFIC_01,EVIDENCES,FIRE_119_RECORD
AE_FIRE_EM_00110,RP_MACHINE_01,EVIDENCES,FIRE_119_RECORD
AE_FIRE_EM_00111,RP_TRAFFIC_01,EVIDENCES,FIRE_119_RECORD
AE_FIRE_EM_00112,RP_TRAFFIC_01,EVIDENCES,FIRE_119_RECORD
AE_FIRE_EM_00113,RP_SLIP_TERRAIN,EVIDENCES,FIRE_119_RECORD
AE_FIRE_EM_00114,RP_TRAFFIC_01,EVIDENCES,FIRE_119_RECORD
AE_FIRE_EM_00115,RP_TRAFFIC_01,EVIDENCES,FIRE_119_RECORD
AE_FIRE_EM_00116,RP_SLIP_TERRAIN,EVIDENCES,FIRE_119_RECORD
AE_FIRE_EM_00117,RP_MACHINE_01,EVIDENCES,FIRE_119_RECORD
AE_FIRE_EM_00118,RP_SLIP_TERRAIN,EVIDENCES,FIRE_119_RECORD
AE_FIRE_EM_00119,RP_SLIP_TERRAIN,EVIDENCES,FIRE_119_RECORD
AE_FIRE_EM_00120,RP_TRAFFIC_01,EVIDENCES,FIRE_119_RECORD
AE_FIRE_EM_00121,RP_SLIP_TERRAIN,EVIDENCES,FIRE_119_RECORD
AE_FIRE_EM_00122,RP_SLIP_TERRAIN,EVIDENCES,FIRE_119_RECORD
AE_FIRE_EM_00123,RP_TRAFFIC_01,EVIDENCES,FIRE_119_RECORD
AE_FIRE_EM_00124,RP_TRAFFIC_01,EVIDENCES,FIRE_119_RECORD
AE_FIRE_EM_00125,RP_SLIP_TERRAIN,EVIDENCES,FIRE_119_RECORD
AE_FIRE_EM_00126,RP_TRAFFIC_01,EVIDENCES,FIRE_119_RECORD
AE_FIRE_EM_00127,RP_MACHINE_01,EVIDENCES,FIRE_119_RECORD
AE_FIRE_EM_00128,RP_FALL_CLIFF,EVIDENCES,FIRE_119_RECORD
AE_FIRE_EM_00129,RP_TRAFFIC_01,EVIDENCES,FIRE_119_RECORD
AE_FIRE_EM_00130,RP_SLIP_TERRAIN,EVIDENCES,FIRE_119_RECORD
AE_FIRE_EM_00131,RP_TRAFFIC_01,EVIDENCES,FIRE_119_RECORD
AE_FIRE_EM_00132,RP_TRAFFIC_01,EVIDENCES,FIRE_119_RECORD
AE_FIRE_EM_00133,RP_DROWN_01,EVIDENCES,FIRE_119_RECORD
AE_FIRE_EM_00134,RP_SLIP_TERRAIN,EVIDENCES,FIRE_119_RECORD
AE_FIRE_EM_00135,RP_TRAFFIC_01,EVIDENCES,FIRE_119_RECORD
AE_FIRE_EM_00136,RP_TRAFFIC_01,EVIDENCES,FIRE_119_RECORD
AE_FIRE_EM_00137,RP_DROWN_01,EVIDENCES,FIRE_119_RECORD
AE_FIRE_EM_00138,RP_FALL_CLIFF,EVIDENCES,FIRE_119_RECORD
AE_FIRE_EM_00139,RP_MACHINE_01,EVIDENCES,FIRE_119_RECORD
AE_FIRE_EM_00140,RP_SLIP_TERRAIN,EVIDENCES,FIRE_119_RECORD
AE_FIRE_EM_00141,RP_SLIP_TERRAIN,EVIDENCES,FIRE_119_RECORD
AE_FIRE_EM_00142,RP_MACHINE_01,EVIDENCES,FIRE_119_RECORD
AE_FIRE_EM_00143,RP_TRAFFIC_01,EVIDENCES,FIRE_119_RECORD
AE_FIRE_EM_00144,RP_TRAFFIC_01,EVIDENCES,FIRE_119_RECORD
AE_FIRE_EM_00145,RP_MACHINE_01,EVIDENCES,FIRE_119_RECORD
AE_FIRE_EM_00146,RP_SLIP_TERRAIN,EVIDENCES,FIRE_119_RECORD
AE_FIRE_EM_00147,RP_SLIP_TERRAIN,EVIDENCES,FIRE_119_RECORD
AE_FIRE_EM_00148,RP_TRAFFIC_01,EVIDENCES,FIRE_119_RECORD
AE_FIRE_EM_00149,RP_TRAFFIC_01,EVIDENCES,FIRE_119_RECORD
AE_FIRE_EM_00150,RP_SLIP_TERRAIN,EVIDENCES,FIRE_119_RECORD
AE_FIRE_EM_00151,RP_SLIP_TERRAIN,EVIDENCES,FIRE_119_RECORD
AE_FIRE_EM_00152,RP_TRAFFIC_01,EVIDENCES,FIRE_119_RECORD
AE_FIRE_EM_00153,RP_SLIP_TERRAIN,EVIDENCES,FIRE_119_RECORD
AE_FIRE_EM_00154,RP_TRAFFIC_01,EVIDENCES,FIRE_119_RECORD
AE_FIRE_EM_00155,RP_MACHINE_01,EVIDENCES,FIRE_119_RECORD
AE_FIRE_EM_00156,RP_MACHINE_01,EVIDENCES,FIRE_119_RECORD
AE_FIRE_EM_00157,RP_TRAFFIC_01,EVIDENCES,FIRE_119_RECORD
AE_FIRE_EM_00158,RP_TRAFFIC_01,EVIDENCES,FIRE_119_RECORD
AE_FIRE_EM_00159,RP_TRAFFIC_01,EVIDENCES,FIRE_119_RECORD
AE_FIRE_EM_00160,RP_TRAFFIC_01,EVIDENCES,FIRE_119_RECORD
AE_FIRE_EM_00161,RP_SLIP_TERRAIN,EVIDENCES,FIRE_119_RECORD
AE_FIRE_EM_00162,RP_TRAFFIC_01,EVIDENCES,FIRE_119_RECORD
AE_FIRE_EM_00163,RP_TRAFFIC_01,EVIDENCES,FIRE_119_RECORD
AE_FIRE_EM_00164,RP_SLIP_TERRAIN,EVIDENCES,FIRE_119_RECORD
AE_FIRE_EM_00165,RP_MACHINE_01,EVIDENCES,FIRE_119_RECORD
AE_FIRE_EM_00166,RP_TRAFFIC_01,EVIDENCES,FIRE_119_RECORD
AE_FIRE_EM_00167,RP_SLIP_TERRAIN,EVIDENCES,FIRE_119_RECORD
AE_FIRE_EM_00168,RP_MACHINE_01,EVIDENCES,FIRE_119_RECORD
AE_FIRE_EM_00169,RP_SLIP_TERRAIN,EVIDENCES,FIRE_119_RECORD
AE_FIRE_EM_00170,RP_SLIP_TERRAIN,EVIDENCES,FIRE_119_RECORD
AE_FIRE_EM_00171,RP_TRAFFIC_01,EVIDENCES,FIRE_119_RECORD
AE_FIRE_EM_00172,RP_TRAFFIC_01,EVIDENCES,FIRE_119_RECORD
AE_FIRE_EM_00173,RP_SLIP_TERRAIN,EVIDENCES,FIRE_119_RECORD
AE_FIRE_EM_00174,RP_MACHINE_01,EVIDENCES,FIRE_119_RECORD
AE_FIRE_EM_00175,RP_CO_01,EVIDENCES,FIRE_119_RECORD
AE_FIRE_EM_00176,RP_SLIP_TERRAIN,EVIDENCES,FIRE_119_RECORD
AE_FIRE_EM_00177,RP_TRAFFIC_01,EVIDENCES,FIRE_119_RECORD
AE_FIRE_EM_00178,RP_TRAFFIC_01,EVIDENCES,FIRE_119_RECORD
AE_FIRE_EM_00179,RP_TRAFFIC_01,EVIDENCES,FIRE_119_RECORD
AE_FIRE_EM_00180,RP_TRAFFIC_01,EVIDENCES,FIRE_119_RECORD
AE_FIRE_EM_00181,RP_TRAFFIC_01,EVIDENCES,FIRE_119_RECORD
AE_FIRE_EM_00182,RP_TRAFFIC_01,EVIDENCES,FIRE_119_RECORD
AE_FIRE_EM_00183,RP_SLIP_TERRAIN,EVIDENCES,FIRE_119_RECORD
AE_FIRE_EM_00184,RP_SLIP_TERRAIN,EVIDENCES,FIRE_119_RECORD
AE_FIRE_EM_00185,RP_SLIP_TERRAIN,EVIDENCES,FIRE_119_RECORD
AE_FIRE_EM_00186,RP_MACHINE_01,EVIDENCES,FIRE_119_RECORD
AE_FIRE_EM_00187,RP_MACHINE_01,EVIDENCES,FIRE_119_RECORD
AE_FIRE_EM_00188,RP_TRAFFIC_01,EVIDENCES,FIRE_119_RECORD
AE_FIRE_EM_00189,RP_TRAFFIC_01,EVIDENCES,FIRE_119_RECORD
AE_FIRE_EM_00190,RP_MACHINE_01,EVIDENCES,FIRE_119_RECORD
AE_FIRE_EM_00191,RP_TRAFFIC_01,EVIDENCES,FIRE_119_RECORD
AE_FIRE_EM_00192,RP_TRAFFIC_01,EVIDENCES,FIRE_119_RECORD
AE_FIRE_EM_00193,RP_FALL_CLIFF,EVIDENCES,FIRE_119_RECORD
AE_FIRE_EM_00194,RP_SLIP_TERRAIN,EVIDENCES,FIRE_119_RECORD
AE_FIRE_EM_00195,RP_SLIP_TERRAIN,EVIDENCES,FIRE_119_RECORD
AE_FIRE_EM_00196,RP_SLIP_TERRAIN,EVIDENCES,FIRE_119_RECORD
AE_FIRE_EM_00197,RP_TRAFFIC_01,EVIDENCES,FIRE_119_RECORD
AE_FIRE_EM_00198,RP_TRAFFIC_01,EVIDENCES,FIRE_119_RECORD
AE_FIRE_EM_00199,RP_TRAFFIC_01,EVIDENCES,FIRE_119_RECORD
AE_FIRE_EM_00200,RP_SLIP_TERRAIN,EVIDENCES,FIRE_119_RECORD
AE_FIRE_EM_00201,RP_MACHINE_01,EVIDENCES,FIRE_119_RECORD
AE_FIRE_EM_00202,RP_TRAFFIC_01,EVIDENCES,FIRE_119_RECORD
AE_FIRE_EM_00203,RP_SLIP_TERRAIN,EVIDENCES,FIRE_119_RECORD
AE_FIRE_EM_00204,RP_SLIP_TERRAIN,EVIDENCES,FIRE_119_RECORD
AE_FIRE_EM_00205,RP_TRAFFIC_01,EVIDENCES,FIRE_119_RECORD
AE_FIRE_EM_00206,RP_TRAFFIC_01,EVIDENCES,FIRE_119_RECORD
AE_FIRE_EM_00207,RP_TRAFFIC_01,EVIDENCES,FIRE_119_RECORD
AE_FIRE_EM_00208,RP_SLIP_TERRAIN,EVIDENCES,FIRE_119_RECORD
AE_FIRE_EM_00209,RP_SLIP_TERRAIN,EVIDENCES,FIRE_119_RECORD
AE_FIRE_EM_00210,RP_TRAFFIC_01,EVIDENCES,FIRE_119_RECORD
AE_FIRE_EM_00211,RP_SLIP_TERRAIN,EVIDENCES,FIRE_119_RECORD
AE_FIRE_EM_00212,RP_SLIP_TERRAIN,EVIDENCES,FIRE_119_RECORD
AE_FIRE_EM_00213,RP_SLIP_TERRAIN,EVIDENCES,FIRE_119_RECORD
AE_FIRE_EM_00214,RP_TRAFFIC_01,EVIDENCES,FIRE_119_RECORD
AE_FIRE_EM_00215,RP_TRAFFIC_01,EVIDENCES,FIRE_119_RECORD
AE_FIRE_EM_00216,RP_TRAFFIC_01,EVIDENCES,FIRE_119_RECORD
AE_FIRE_EM_00217,RP_SLIP_TERRAIN,EVIDENCES,FIRE_119_RECORD
AE_FIRE_EM_00218,RP_TRAFFIC_01,EVIDENCES,FIRE_119_RECORD
AE_FIRE_EM_00219,RP_TRAFFIC_01,EVIDENCES,FIRE_119_RECORD
AE_FIRE_EM_00220,RP_TRAFFIC_01,EVIDENCES,FIRE_119_RECORD
AE_FIRE_EM_00221,RP_MACHINE_01,EVIDENCES,FIRE_119_RECORD
AE_FIRE_EM_00222,RP_TRAFFIC_01,EVIDENCES,FIRE_119_RECORD
AE_FIRE_EM_00223,RP_TRAFFIC_01,EVIDENCES,FIRE_119_RECORD
AE_FIRE_EM_00224,RP_TRAFFIC_01,EVIDENCES,FIRE_119_RECORD
AE_FIRE_EM_00225,RP_TRAFFIC_01,EVIDENCES,FIRE_119_RECORD
AE_FIRE_EM_00226,RP_MACHINE_01,EVIDENCES,FIRE_119_RECORD
AE_FIRE_EM_00227,RP_SLIP_TERRAIN,EVIDENCES,FIRE_119_RECORD
AE_FIRE_EM_00228,RP_ANIMAL_01,EVIDENCES,FIRE_119_RECORD
AE_FIRE_EM_00229,RP_SLIP_TERRAIN,EVIDENCES,FIRE_119_RECORD
AE_FIRE_EM_00230,RP_SLIP_TERRAIN,EVIDENCES,FIRE_119_RECORD
AE_FIRE_EM_00231,RP_TRAFFIC_01,EVIDENCES,FIRE_119_RECORD
AE_FIRE_EM_00232,RP_TRAFFIC_01,EVIDENCES,FIRE_119_RECORD
AE_FIRE_EM_00233,RP_TRAFFIC_01,EVIDENCES,FIRE_119_RECORD
AE_FIRE_EM_00234,RP_FALL_CLIFF,EVIDENCES,FIRE_119_RECORD
AE_FIRE_EM_00235,RP_SLIP_TERRAIN,EVIDENCES,FIRE_119_RECORD
AE_FIRE_EM_00236,RP_MACHINE_01,EVIDENCES,FIRE_119_RECORD
AE_FIRE_EM_00237,RP_SLIP_TERRAIN,EVIDENCES,FIRE_119_RECORD
AE_FIRE_EM_00238,RP_SLIP_TERRAIN,EVIDENCES,FIRE_119_RECORD
AE_FIRE_EM_00239,RP_TRAFFIC_01,EVIDENCES,FIRE_119_RECORD
AE_FIRE_EM_00240,RP_TRAFFIC_01,EVIDENCES,FIRE_119_RECORD
AE_FIRE_EM_00241,RP_TRAFFIC_01,EVIDENCES,FIRE_119_RECORD
AE_FIRE_EM_00242,RP_TRAFFIC_01,EVIDENCES,FIRE_119_RECORD
AE_FIRE_EM_00243,RP_TRAFFIC_01,EVIDENCES,FIRE_119_RECORD
AE_FIRE_EM_00244,RP_TRAFFIC_01,EVIDENCES,FIRE_119_RECORD
AE_FIRE_EM_00245,RP_MACHINE_01,EVIDENCES,FIRE_119_RECORD
AE_FIRE_EM_00246,RP_SLIP_TERRAIN,EVIDENCES,FIRE_119_RECORD
AE_FIRE_EM_00247,RP_SLIP_TERRAIN,EVIDENCES,FIRE_119_RECORD
AE_FIRE_EM_00248,RP_MACHINE_01,EVIDENCES,FIRE_119_RECORD
AE_FIRE_EM_00249,RP_SLIP_TERRAIN,EVIDENCES,FIRE_119_RECORD
AE_FIRE_EM_00250,RP_TRAFFIC_01,EVIDENCES,FIRE_119_RECORD
AE_FIRE_EM_00251,RP_TRAFFIC_01,EVIDENCES,FIRE_119_RECORD
AE_FIRE_EM_00252,RP_SLIP_TERRAIN,EVIDENCES,FIRE_119_RECORD
AE_FIRE_EM_00253,RP_SLIP_TERRAIN,EVIDENCES,FIRE_119_RECORD
AE_FIRE_EM_00254,RP_SLIP_TERRAIN,EVIDENCES,FIRE_119_RECORD
AE_FIRE_EM_00255,RP_SLIP_TERRAIN,EVIDENCES,FIRE_119_RECORD
AE_FIRE_EM_00256,RP_SLIP_TERRAIN,EVIDENCES,FIRE_119_RECORD
AE_FIRE_EM_00257,RP_SLIP_TERRAIN,EVIDENCES,FIRE_119_RECORD
AE_FIRE_EM_00258,RP_SLIP_TERRAIN,EVIDENCES,FIRE_119_RECORD
AE_FIRE_EM_00259,RP_MACHINE_01,EVIDENCES,FIRE_119_RECORD
AE_FIRE_EM_00260,RP_TRAFFIC_01,EVIDENCES,FIRE_119_RECORD
AE_FIRE_EM_00261,RP_TRAFFIC_01,EVIDENCES,FIRE_119_RECORD
AE_FIRE_EM_00262,RP_SLIP_TERRAIN,EVIDENCES,FIRE_119_RECORD
AE_FIRE_EM_00263,RP_TRAFFIC_01,EVIDENCES,FIRE_119_RECORD
AE_FIRE_EM_00264,RP_MACHINE_01,EVIDENCES,FIRE_119_RECORD
AE_FIRE_EM_00265,RP_SLIP_TERRAIN,EVIDENCES,FIRE_119_RECORD
AE_FIRE_EM_00266,RP_MACHINE_01,EVIDENCES,FIRE_119_RECORD
AE_FIRE_EM_00267,RP_TRAFFIC_01,EVIDENCES,FIRE_119_RECORD
AE_FIRE_EM_00268,RP_TRAFFIC_01,EVIDENCES,FIRE_119_RECORD
AE_FIRE_EM_00269,RP_TRAFFIC_01,EVIDENCES,FIRE_119_RECORD
AE_FIRE_EM_00270,RP_SLIP_TERRAIN,EVIDENCES,FIRE_119_RECORD
AE_FIRE_EM_00271,RP_SLIP_TERRAIN,EVIDENCES,FIRE_119_RECORD
AE_FIRE_EM_00272,RP_SLIP_TERRAIN,EVIDENCES,FIRE_119_RECORD
AE_FIRE_EM_00273,RP_MACHINE_01,EVIDENCES,FIRE_119_RECORD
AE_FIRE_EM_00274,RP_MACHINE_01,EVIDENCES,FIRE_119_RECORD
AE_FIRE_EM_00275,RP_SLIP_TERRAIN,EVIDENCES,FIRE_119_RECORD
AE_FIRE_EM_00276,RP_SLIP_TERRAIN,EVIDENCES,FIRE_119_RECORD
AE_FIRE_EM_00277,RP_CO_01,EVIDENCES,FIRE_119_RECORD
AE_FIRE_EM_00278,RP_MACHINE_01,EVIDENCES,FIRE_119_RECORD
AE_FIRE_EM_00279,RP_TRAFFIC_01,EVIDENCES,FIRE_119_RECORD
AE_FIRE_EM_00280,RP_TRAFFIC_01,EVIDENCES,FIRE_119_RECORD
AE_FIRE_EM_00281,RP_MACHINE_01,EVIDENCES,FIRE_119_RECORD
AE_FIRE_EM_00282,RP_MACHINE_01,EVIDENCES,FIRE_119_RECORD
AE_FIRE_EM_00283,RP_TRAFFIC_01,EVIDENCES,FIRE_119_RECORD
AE_FIRE_EM_00284,RP_SLIP_TERRAIN,EVIDENCES,FIRE_119_RECORD
AE_FIRE_EM_00285,RP_SLIP_TERRAIN,EVIDENCES,FIRE_119_RECORD
AE_FIRE_EM_00286,RP_SLIP_TERRAIN,EVIDENCES,FIRE_119_RECORD
AE_FIRE_EM_00287,RP_SLIP_TERRAIN,EVIDENCES,FIRE_119_RECORD
AE_FIRE_EM_00288,RP_SLIP_TERRAIN,EVIDENCES,FIRE_119_RECORD
AE_FIRE_EM_00289,RP_SLIP_TERRAIN,EVIDENCES,FIRE_119_RECORD
AE_FIRE_EM_00290,RP_TRAFFIC_01,EVIDENCES,FIRE_119_RECORD
AE_FIRE_EM_00291,RP_SLIP_TERRAIN,EVIDENCES,FIRE_119_RECORD
AE_FIRE_EM_00292,RP_SLIP_TERRAIN,EVIDENCES,FIRE_119_RECORD
AE_FIRE_EM_00293,RP_MACHINE_01,EVIDENCES,FIRE_119_RECORD
AE_FIRE_EM_00294,RP_MACHINE_01,EVIDENCES,FIRE_119_RECORD
AE_FIRE_EM_00295,RP_SLIP_TERRAIN,EVIDENCES,FIRE_119_RECORD
AE_FIRE_EM_00296,RP_TRAFFIC_01,EVIDENCES,FIRE_119_RECORD
AE_FIRE_EM_00297,RP_SLIP_TERRAIN,EVIDENCES,FIRE_119_RECORD
AE_FIRE_EM_00298,RP_SLIP_TERRAIN,EVIDENCES,FIRE_119_RECORD
AE_FIRE_EM_00299,RP_SLIP_TERRAIN,EVIDENCES,FIRE_119_RECORD
AE_FIRE_EM_00300,RP_ANIMAL_01,EVIDENCES,FIRE_119_RECORD
AE_FIRE_EM_00301,RP_TRAFFIC_01,EVIDENCES,FIRE_119_RECORD
AE_FIRE_EM_00302,RP_MACHINE_01,EVIDENCES,FIRE_119_RECORD
AE_FIRE_EM_00303,RP_MACHINE_01,EVIDENCES,FIRE_119_RECORD
AE_FIRE_EM_00304,RP_TRAFFIC_01,EVIDENCES,FIRE_119_RECORD
AE_FIRE_EM_00305,RP_TRAFFIC_01,EVIDENCES,FIRE_119_RECORD
AE_FIRE_EM_00306,RP_TRAFFIC_01,EVIDENCES,FIRE_119_RECORD
AE_FIRE_EM_00307,RP_SLIP_TERRAIN,EVIDENCES,FIRE_119_RECORD
AE_FIRE_EM_00308,RP_SLIP_TERRAIN,EVIDENCES,FIRE_119_RECORD
AE_FIRE_EM_00309,RP_TRAFFIC_01,EVIDENCES,FIRE_119_RECORD
AE_FIRE_EM_00310,RP_MACHINE_01,EVIDENCES,FIRE_119_RECORD
AE_FIRE_EM_00311,RP_SLIP_TERRAIN,EVIDENCES,FIRE_119_RECORD
AE_FIRE_EM_00312,RP_MACHINE_01,EVIDENCES,FIRE_119_RECORD
AE_FIRE_EM_00313,RP_MACHINE_01,EVIDENCES,FIRE_119_RECORD
AE_FIRE_EM_00314,RP_TRAFFIC_01,EVIDENCES,FIRE_119_RECORD
AE_FIRE_EM_00315,RP_FALL_CLIFF,EVIDENCES,FIRE_119_RECORD
AE_FIRE_EM_00316,RP_FALL_CLIFF,EVIDENCES,FIRE_119_RECORD
AE_FIRE_EM_00317,RP_SLIP_TERRAIN,EVIDENCES,FIRE_119_RECORD
AE_FIRE_EM_00318,RP_MACHINE_01,EVIDENCES,FIRE_119_RECORD
AE_FIRE_EM_00319,RP_SLIP_TERRAIN,EVIDENCES,FIRE_119_RECORD
AE_FIRE_EM_00320,RP_SLIP_TERRAIN,EVIDENCES,FIRE_119_RECORD
AE_FIRE_EM_00321,RP_TRAFFIC_01,EVIDENCES,FIRE_119_RECORD
AE_FIRE_EM_00322,RP_TRAFFIC_01,EVIDENCES,FIRE_119_RECORD
AE_FIRE_EM_00323,RP_SLIP_TERRAIN,EVIDENCES,FIRE_119_RECORD
AE_FIRE_EM_00324,RP_SLIP_TERRAIN,EVIDENCES,FIRE_119_RECORD
AE_FIRE_EM_00325,RP_SLIP_TERRAIN,EVIDENCES,FIRE_119_RECORD
AE_FIRE_EM_00326,RP_TRAFFIC_01,EVIDENCES,FIRE_119_RECORD
AE_FIRE_EM_00327,RP_DROWN_01,EVIDENCES,FIRE_119_RECORD
AE_FIRE_EM_00328,RP_TRAFFIC_01,EVIDENCES,FIRE_119_RECORD
AE_FIRE_EM_00329,RP_SLIP_TERRAIN,EVIDENCES,FIRE_119_RECORD
AE_FIRE_EM_00330,RP_TRAFFIC_01,EVIDENCES,FIRE_119_RECORD
AE_FIRE_EM_00331,RP_TRAFFIC_01,EVIDENCES,FIRE_119_RECORD
AE_FIRE_EM_00332,RP_SLIP_TERRAIN,EVIDENCES,FIRE_119_RECORD
AE_FIRE_EM_00333,RP_SLIP_TERRAIN,EVIDENCES,FIRE_119_RECORD
AE_FIRE_EM_00334,RP_SLIP_TERRAIN,EVIDENCES,FIRE_119_RECORD
AE_FIRE_EM_00335,RP_MACHINE_01,EVIDENCES,FIRE_119_RECORD
AE_FIRE_EM_00336,RP_MACHINE_01,EVIDENCES,FIRE_119_RECORD
AE_FIRE_EM_00337,RP_MACHINE_01,EVIDENCES,FIRE_119_RECORD
AE_FIRE_EM_00338,RP_SLIP_TERRAIN,EVIDENCES,FIRE_119_RECORD
AE_FIRE_EM_00339,RP_SLIP_TERRAIN,EVIDENCES,FIRE_119_RECORD
AE_FIRE_EM_00340,RP_TRAFFIC_01,EVIDENCES,FIRE_119_RECORD
AE_FIRE_EM_00341,RP_SLIP_TERRAIN,EVIDENCES,FIRE_119_RECORD
AE_FIRE_EM_00342,RP_SLIP_TERRAIN,EVIDENCES,FIRE_119_RECORD
AE_FIRE_EM_00343,RP_SLIP_TERRAIN,EVIDENCES,FIRE_119_RECORD
AE_FIRE_EM_00344,RP_SLIP_TERRAIN,EVIDENCES,FIRE_119_RECORD
AE_FIRE_EM_00345,RP_SLIP_TERRAIN,EVIDENCES,FIRE_119_RECORD
AE_FIRE_EM_00346,RP_MACHINE_01,EVIDENCES,FIRE_119_RECORD
AE_FIRE_EM_00347,RP_MACHINE_01,EVIDENCES,FIRE_119_RECORD
AE_FIRE_EM_00348,RP_SLIP_TERRAIN,EVIDENCES,FIRE_119_RECORD
AE_FIRE_EM_00349,RP_SLIP_TERRAIN,EVIDENCES,FIRE_119_RECORD
AE_FIRE_EM_00350,RP_SLIP_TERRAIN,EVIDENCES,FIRE_119_RECORD
AE_FIRE_EM_00351,RP_TRAFFIC_01,EVIDENCES,FIRE_119_RECORD
AE_FIRE_EM_00352,RP_SLIP_TERRAIN,EVIDENCES,FIRE_119_RECORD
AE_FIRE_EM_00353,RP_TRAFFIC_01,EVIDENCES,FIRE_119_RECORD
AE_FIRE_EM_00354,RP_TRAFFIC_01,EVIDENCES,FIRE_119_RECORD
AE_FIRE_EM_00355,RP_TRAFFIC_01,EVIDENCES,FIRE_119_RECORD
AE_FIRE_EM_00356,RP_MACHINE_01,EVIDENCES,FIRE_119_RECORD
AE_FIRE_EM_00357,RP_SLIP_TERRAIN,EVIDENCES,FIRE_119_RECORD
AE_FIRE_EM_00358,RP_SLIP_TERRAIN,EVIDENCES,FIRE_119_RECORD
AE_FIRE_EM_00359,RP_TRAFFIC_01,EVIDENCES,FIRE_119_RECORD
AE_FIRE_EM_00360,RP_TRAFFIC_01,EVIDENCES,FIRE_119_RECORD
AE_FIRE_EM_00361,RP_MACHINE_01,EVIDENCES,FIRE_119_RECORD
AE_FIRE_EM_00362,RP_MACHINE_01,EVIDENCES,FIRE_119_RECORD
AE_FIRE_EM_00363,RP_SLIP_TERRAIN,EVIDENCES,FIRE_119_RECORD
AE_FIRE_EM_00364,RP_MACHINE_01,EVIDENCES,FIRE_119_RECORD
AE_FIRE_EM_00365,RP_TRAFFIC_01,EVIDENCES,FIRE_119_RECORD
AE_FIRE_EM_00366,RP_TRAFFIC_01,EVIDENCES,FIRE_119_RECORD
AE_FIRE_EM_00367,RP_TRAFFIC_01,EVIDENCES,FIRE_119_RECORD
AE_FIRE_EM_00368,RP_MACHINE_01,EVIDENCES,FIRE_119_RECORD
AE_FIRE_EM_00369,RP_SLIP_TERRAIN,EVIDENCES,FIRE_119_RECORD
AE_FIRE_EM_00370,RP_SLIP_TERRAIN,EVIDENCES,FIRE_119_RECORD
AE_FIRE_EM_00371,RP_SLIP_TERRAIN,EVIDENCES,FIRE_119_RECORD
AE_FIRE_EM_00372,RP_SLIP_TERRAIN,EVIDENCES,FIRE_119_RECORD
AE_FIRE_EM_00373,RP_SLIP_TERRAIN,EVIDENCES,FIRE_119_RECORD
AE_FIRE_EM_00374,RP_SLIP_TERRAIN,EVIDENCES,FIRE_119_RECORD
AE_FIRE_EM_00375,RP_SLIP_TERRAIN,EVIDENCES,FIRE_119_RECORD
AE_FIRE_EM_00376,RP_MACHINE_01,EVIDENCES,FIRE_119_RECORD
AE_FIRE_EM_00377,RP_FALL_CLIFF,EVIDENCES,FIRE_119_RECORD
AE_FIRE_EM_00378,RP_SLIP_TERRAIN,EVIDENCES,FIRE_119_RECORD
AE_FIRE_EM_00379,RP_MACHINE_01,EVIDENCES,FIRE_119_RECORD
AE_FIRE_EM_00380,RP_MACHINE_01,EVIDENCES,FIRE_119_RECORD
AE_FIRE_EM_00381,RP_SLIP_TERRAIN,EVIDENCES,FIRE_119_RECORD
AE_FIRE_EM_00382,RP_SLIP_TERRAIN,EVIDENCES,FIRE_119_RECORD
AE_FIRE_EM_00383,RP_TRAFFIC_01,EVIDENCES,FIRE_119_RECORD
AE_FIRE_EM_00384,RP_MACHINE_01,EVIDENCES,FIRE_119_RECORD
AE_FIRE_EM_00385,RP_TRAFFIC_01,EVIDENCES,FIRE_119_RECORD
AE_FIRE_EM_00386,RP_TRAFFIC_01,EVIDENCES,FIRE_119_RECORD
AE_FIRE_EM_00387,RP_MACHINE_01,EVIDENCES,FIRE_119_RECORD
AE_FIRE_EM_00388,RP_SLIP_TERRAIN,EVIDENCES,FIRE_119_RECORD
AE_FIRE_EM_00389,RP_MACHINE_01,EVIDENCES,FIRE_119_RECORD
AE_FIRE_EM_00390,RP_SLIP_TERRAIN,EVIDENCES,FIRE_119_RECORD
AE_FIRE_EM_00391,RP_MACHINE_01,EVIDENCES,FIRE_119_RECORD
AE_FIRE_EM_00392,RP_FALL_CLIFF,EVIDENCES,FIRE_119_RECORD
AE_FIRE_EM_00393,RP_MACHINE_01,EVIDENCES,FIRE_119_RECORD
AE_FIRE_EM_00394,RP_SLIP_TERRAIN,EVIDENCES,FIRE_119_RECORD
AE_FIRE_EM_00395,RP_CO_01,EVIDENCES,FIRE_119_RECORD
AE_FIRE_EM_00396,RP_MACHINE_01,EVIDENCES,FIRE_119_RECORD
AE_FIRE_EM_00397,RP_MACHINE_01,EVIDENCES,FIRE_119_RECORD
AE_FIRE_EM_00398,RP_SLIP_TERRAIN,EVIDENCES,FIRE_119_RECORD
AE_FIRE_EM_00399,RP_SLIP_TERRAIN,EVIDENCES,FIRE_119_RECORD
AE_FIRE_EM_00400,RP_MACHINE_01,EVIDENCES,FIRE_119_RECORD
AE_FIRE_EM_00401,RP_TRAFFIC_01,EVIDENCES,FIRE_119_RECORD
AE_FIRE_EM_00402,RP_TRAFFIC_01,EVIDENCES,FIRE_119_RECORD
AE_FIRE_EM_00403,RP_TRAFFIC_01,EVIDENCES,FIRE_119_RECORD
AE_FIRE_EM_00404,RP_TRAFFIC_01,EVIDENCES,FIRE_119_RECORD
AE_FIRE_EM_00405,RP_SLIP_TERRAIN,EVIDENCES,FIRE_119_RECORD
AE_FIRE_EM_00406,RP_SLIP_TERRAIN,EVIDENCES,FIRE_119_RECORD
AE_FIRE_EM_00407,RP_TRAFFIC_01,EVIDENCES,FIRE_119_RECORD
AE_FIRE_EM_00408,RP_TRAFFIC_01,EVIDENCES,FIRE_119_RECORD
AE_FIRE_EM_00409,RP_TRAFFIC_01,EVIDENCES,FIRE_119_RECORD
AE_FIRE_EM_00410,RP_TRAFFIC_01,EVIDENCES,FIRE_119_RECORD
AE_FIRE_EM_00411,RP_MACHINE_01,EVIDENCES,FIRE_119_RECORD
AE_FIRE_EM_00412,RP_SLIP_TERRAIN,EVIDENCES,FIRE_119_RECORD
AE_FIRE_EM_00413,RP_SLIP_TERRAIN,EVIDENCES,FIRE_119_RECORD
AE_FIRE_EM_00414,RP_SLIP_TERRAIN,EVIDENCES,FIRE_119_RECORD
AE_FIRE_EM_00415,RP_SLIP_TERRAIN,EVIDENCES,FIRE_119_RECORD
AE_FIRE_EM_00416,RP_SLIP_TERRAIN,EVIDENCES,FIRE_119_RECORD
AE_FIRE_EM_00417,RP_TRAFFIC_01,EVIDENCES,FIRE_119_RECORD
AE_FIRE_EM_00418,RP_TRAFFIC_01,EVIDENCES,FIRE_119_RECORD
AE_FIRE_EM_00419,RP_SLIP_TERRAIN,EVIDENCES,FIRE_119_RECORD
AE_FIRE_EM_00420,RP_DROWN_01,EVIDENCES,FIRE_119_RECORD
AE_FIRE_EM_00421,RP_TRAFFIC_01,EVIDENCES,FIRE_119_RECORD
AE_FIRE_EM_00422,RP_TRAFFIC_01,EVIDENCES,FIRE_119_RECORD
AE_FIRE_EM_00423,RP_TRAFFIC_01,EVIDENCES,FIRE_119_RECORD
AE_FIRE_EM_00424,RP_SLIP_TERRAIN,EVIDENCES,FIRE_119_RECORD
AE_FIRE_EM_00425,RP_TRAFFIC_01,EVIDENCES,FIRE_119_RECORD
AE_FIRE_EM_00426,RP_SLIP_TERRAIN,EVIDENCES,FIRE_119_RECORD
AE_FIRE_EM_00427,RP_TRAFFIC_01,EVIDENCES,FIRE_119_RECORD
AE_FIRE_EM_00428,RP_TRAFFIC_01,EVIDENCES,FIRE_119_RECORD
AE_FIRE_EM_00429,RP_SLIP_TERRAIN,EVIDENCES,FIRE_119_RECORD
AE_FIRE_EM_00430,RP_SLIP_TERRAIN,EVIDENCES,FIRE_119_RECORD
AE_FIRE_EM_00431,RP_TRAFFIC_01,EVIDENCES,FIRE_119_RECORD
AE_FIRE_EM_00432,RP_TRAFFIC_01,EVIDENCES,FIRE_119_RECORD
AE_FIRE_EM_00433,RP_SLIP_TERRAIN,EVIDENCES,FIRE_119_RECORD
AE_FIRE_EM_00434,RP_MACHINE_01,EVIDENCES,FIRE_119_RECORD
AE_FIRE_EM_00435,RP_TRAFFIC_01,EVIDENCES,FIRE_119_RECORD
AE_FIRE_EM_00436,RP_SLIP_TERRAIN,EVIDENCES,FIRE_119_RECORD
AE_FIRE_EM_00437,RP_FALL_CLIFF,EVIDENCES,FIRE_119_RECORD
AE_FIRE_EM_00438,RP_MACHINE_01,EVIDENCES,FIRE_119_RECORD
AE_FIRE_EM_00439,RP_SLIP_TERRAIN,EVIDENCES,FIRE_119_RECORD
AE_FIRE_EM_00440,RP_FALL_CLIFF,EVIDENCES,FIRE_119_RECORD
AE_FIRE_EM_00441,RP_SLIP_TERRAIN,EVIDENCES,FIRE_119_RECORD
AE_FIRE_EM_00442,RP_SLIP_TERRAIN,EVIDENCES,FIRE_119_RECORD
AE_FIRE_EM_00443,RP_MACHINE_01,EVIDENCES,FIRE_119_RECORD
AE_FIRE_EM_00444,RP_SLIP_TERRAIN,EVIDENCES,FIRE_119_RECORD
AE_FIRE_EM_00445,RP_MACHINE_01,EVIDENCES,FIRE_119_RECORD
AE_FIRE_EM_00446,RP_MACHINE_01,EVIDENCES,FIRE_119_RECORD
AE_FIRE_EM_00447,RP_SLIP_TERRAIN,EVIDENCES,FIRE_119_RECORD
AE_FIRE_EM_00448,RP_TRAFFIC_01,EVIDENCES,FIRE_119_RECORD
AE_FIRE_EM_00449,RP_MACHINE_01,EVIDENCES,FIRE_119_RECORD
AE_FIRE_EM_00450,RP_MACHINE_01,EVIDENCES,FIRE_119_RECORD
AE_FIRE_EM_00451,RP_FALL_CLIFF,EVIDENCES,FIRE_119_RECORD
AE_FIRE_EM_00452,RP_SLIP_TERRAIN,EVIDENCES,FIRE_119_RECORD
AE_FIRE_EM_00453,RP_SLIP_TERRAIN,EVIDENCES,FIRE_119_RECORD
AE_FIRE_EM_00454,RP_TRAFFIC_01,EVIDENCES,FIRE_119_RECORD
AE_FIRE_EM_00455,RP_SLIP_TERRAIN,EVIDENCES,FIRE_119_RECORD
AE_FIRE_EM_00456,RP_SLIP_TERRAIN,EVIDENCES,FIRE_119_RECORD
AE_FIRE_EM_00457,RP_MACHINE_01,EVIDENCES,FIRE_119_RECORD
AE_FIRE_EM_00458,RP_SLIP_TERRAIN,EVIDENCES,FIRE_119_RECORD
AE_FIRE_EM_00459,RP_SLIP_TERRAIN,EVIDENCES,FIRE_119_RECORD
AE_FIRE_EM_00460,RP_MACHINE_01,EVIDENCES,FIRE_119_RECORD
AE_FIRE_EM_00461,RP_SLIP_TERRAIN,EVIDENCES,FIRE_119_RECORD
AE_FIRE_EM_00462,RP_TRAFFIC_01,EVIDENCES,FIRE_119_RECORD
AE_FIRE_EM_00463,RP_SLIP_TERRAIN,EVIDENCES,FIRE_119_RECORD
AE_FIRE_EM_00464,RP_SLIP_TERRAIN,EVIDENCES,FIRE_119_RECORD
AE_FIRE_EM_00465,RP_SLIP_TERRAIN,EVIDENCES,FIRE_119_RECORD
AE_FIRE_EM_00466,RP_SLIP_TERRAIN,EVIDENCES,FIRE_119_RECORD
AE_FIRE_EM_00467,RP_TRAFFIC_01,EVIDENCES,FIRE_119_RECORD
AE_FIRE_EM_00468,RP_SLIP_TERRAIN,EVIDENCES,FIRE_119_RECORD
AE_FIRE_EM_00469,RP_SLIP_TERRAIN,EVIDENCES,FIRE_119_RECORD
AE_FIRE_EM_00470,RP_TRAFFIC_01,EVIDENCES,FIRE_119_RECORD
AE_FIRE_EM_00471,RP_TRAFFIC_01,EVIDENCES,FIRE_119_RECORD
AE_FIRE_EM_00472,RP_TRAFFIC_01,EVIDENCES,FIRE_119_RECORD
AE_FIRE_EM_00473,RP_TRAFFIC_01,EVIDENCES,FIRE_119_RECORD
AE_FIRE_EM_00474,RP_TRAFFIC_01,EVIDENCES,FIRE_119_RECORD
AE_FIRE_EM_00475,RP_TRAFFIC_01,EVIDENCES,FIRE_119_RECORD
AE_FIRE_EM_00476,RP_TRAFFIC_01,EVIDENCES,FIRE_119_RECORD
AE_FIRE_EM_00477,RP_TRAFFIC_01,EVIDENCES,FIRE_119_RECORD
AE_FIRE_EM_00478,RP_TRAFFIC_01,EVIDENCES,FIRE_119_RECORD
AE_FIRE_EM_00479,RP_MACHINE_01,EVIDENCES,FIRE_119_RECORD
AE_FIRE_EM_00480,RP_SLIP_TERRAIN,EVIDENCES,FIRE_119_RECORD
AE_FIRE_EM_00481,RP_SLIP_TERRAIN,EVIDENCES,FIRE_119_RECORD
AE_FIRE_EM_00482,RP_SLIP_TERRAIN,EVIDENCES,FIRE_119_RECORD
AE_FIRE_EM_00483,RP_SLIP_TERRAIN,EVIDENCES,FIRE_119_RECORD
AE_FIRE_EM_00484,RP_SLIP_TERRAIN,EVIDENCES,FIRE_119_RECORD
AE_FIRE_EM_00485,RP_TRAFFIC_01,EVIDENCES,FIRE_119_RECORD
AE_FIRE_EM_00486,RP_TRAFFIC_01,EVIDENCES,FIRE_119_RECORD
AE_FIRE_EM_00487,RP_MACHINE_01,EVIDENCES,FIRE_119_RECORD
AE_FIRE_EM_00488,RP_SLIP_TERRAIN,EVIDENCES,FIRE_119_RECORD
AE_FIRE_EM_00489,RP_TRAFFIC_01,EVIDENCES,FIRE_119_RECORD
AE_FIRE_EM_00490,RP_ANIMAL_01,EVIDENCES,FIRE_119_RECORD
AE_FIRE_EM_00491,RP_TRAFFIC_01,EVIDENCES,FIRE_119_RECORD
AE_FIRE_EM_00492,RP_SLIP_TERRAIN,EVIDENCES,FIRE_119_RECORD
AE_FIRE_EM_00493,RP_DROWN_01,EVIDENCES,FIRE_119_RECORD
AE_FIRE_EM_00494,RP_SLIP_TERRAIN,EVIDENCES,FIRE_119_RECORD
AE_FIRE_EM_00495,RP_MACHINE_01,EVIDENCES,FIRE_119_RECORD
AE_FIRE_EM_00496,RP_TRAFFIC_01,EVIDENCES,FIRE_119_RECORD
AE_FIRE_EM_00497,RP_MACHINE_01,EVIDENCES,FIRE_119_RECORD
AE_FIRE_EM_00498,RP_TRAFFIC_01,EVIDENCES,FIRE_119_RECORD
AE_FIRE_EM_00499,RP_TRAFFIC_01,EVIDENCES,FIRE_119_RECORD
AE_FIRE_EM_00500,RP_TRAFFIC_01,EVIDENCES,FIRE_119_RECORD
AE_FIRE_EM_00501,RP_SLIP_TERRAIN,EVIDENCES,FIRE_119_RECORD
AE_FIRE_EM_00502,RP_FALL_CLIFF,EVIDENCES,FIRE_119_RECORD
AE_FIRE_EM_00503,RP_TRAFFIC_01,EVIDENCES,FIRE_119_RECORD
AE_FIRE_EM_00504,RP_TRAFFIC_01,EVIDENCES,FIRE_119_RECORD
AE_FIRE_EM_00505,RP_SLIP_TERRAIN,EVIDENCES,FIRE_119_RECORD
AE_FIRE_EM_00506,RP_SLIP_TERRAIN,EVIDENCES,FIRE_119_RECORD
AE_FIRE_EM_00507,RP_SLIP_TERRAIN,EVIDENCES,FIRE_119_RECORD
AE_FIRE_EM_00508,RP_SLIP_TERRAIN,EVIDENCES,FIRE_119_RECORD
AE_FIRE_EM_00509,RP_TRAFFIC_01,EVIDENCES,FIRE_119_RECORD
AE_FIRE_EM_00510,RP_TRAFFIC_01,EVIDENCES,FIRE_119_RECORD
AE_FIRE_EM_00511,RP_MACHINE_01,EVIDENCES,FIRE_119_RECORD
AE_FIRE_EM_00512,RP_TRAFFIC_01,EVIDENCES,FIRE_119_RECORD
AE_FIRE_EM_00513,RP_TRAFFIC_01,EVIDENCES,FIRE_119_RECORD
AE_FIRE_EM_00514,RP_TRAFFIC_01,EVIDENCES,FIRE_119_RECORD
AE_FIRE_EM_00515,RP_TRAFFIC_01,EVIDENCES,FIRE_119_RECORD
AE_FIRE_EM_00516,RP_TRAFFIC_01,EVIDENCES,FIRE_119_RECORD
AE_FIRE_EM_00517,RP_TRAFFIC_01,EVIDENCES,FIRE_119_RECORD
AE_FIRE_EM_00518,RP_TRAFFIC_01,EVIDENCES,FIRE_119_RECORD
AE_FIRE_EM_00519,RP_SLIP_TERRAIN,EVIDENCES,FIRE_119_RECORD
AE_FIRE_EM_00520,RP_SLIP_TERRAIN,EVIDENCES,FIRE_119_RECORD
AE_FIRE_EM_00521,RP_SLIP_TERRAIN,EVIDENCES,FIRE_119_RECORD
AE_FIRE_EM_00522,RP_MACHINE_01,EVIDENCES,FIRE_119_RECORD
AE_FIRE_EM_00523,RP_TRAFFIC_01,EVIDENCES,FIRE_119_RECORD
AE_FIRE_EM_00524,RP_SLIP_TERRAIN,EVIDENCES,FIRE_119_RECORD
AE_FIRE_EM_00525,RP_SLIP_TERRAIN,EVIDENCES,FIRE_119_RECORD
AE_FIRE_EM_00526,RP_SLIP_TERRAIN,EVIDENCES,FIRE_119_RECORD
AE_FIRE_EM_00527,RP_MACHINE_01,EVIDENCES,FIRE_119_RECORD
AE_FIRE_EM_00528,RP_SLIP_TERRAIN,EVIDENCES,FIRE_119_RECORD
AE_FIRE_EM_00529,RP_MACHINE_01,EVIDENCES,FIRE_119_RECORD
AE_FIRE_EM_00530,RP_MACHINE_01,EVIDENCES,FIRE_119_RECORD
AE_FIRE_EM_00531,RP_SLIP_TERRAIN,EVIDENCES,FIRE_119_RECORD
AE_FIRE_EM_00532,RP_SLIP_TERRAIN,EVIDENCES,FIRE_119_RECORD
AE_FIRE_EM_00533,RP_SLIP_TERRAIN,EVIDENCES,FIRE_119_RECORD
AE_FIRE_EM_00534,RP_TRAFFIC_01,EVIDENCES,FIRE_119_RECORD
AE_FIRE_EM_00535,RP_MACHINE_01,EVIDENCES,FIRE_119_RECORD
AE_FIRE_EM_00536,RP_MACHINE_01,EVIDENCES,FIRE_119_RECORD
AE_FIRE_EM_00537,RP_TRAFFIC_01,EVIDENCES,FIRE_119_RECORD
AE_FIRE_EM_00538,RP_MACHINE_01,EVIDENCES,FIRE_119_RECORD
AE_FIRE_EM_00539,RP_MACHINE_01,EVIDENCES,FIRE_119_RECORD
AE_FIRE_EM_00540,RP_TRAFFIC_01,EVIDENCES,FIRE_119_RECORD
AE_FIRE_EM_00541,RP_TRAFFIC_01,EVIDENCES,FIRE_119_RECORD
AE_FIRE_EM_00542,RP_SLIP_TERRAIN,EVIDENCES,FIRE_119_RECORD
AE_FIRE_EM_00543,RP_MACHINE_01,EVIDENCES,FIRE_119_RECORD
AE_FIRE_EM_00544,RP_FALL_CLIFF,EVIDENCES,FIRE_119_RECORD
AE_FIRE_EM_00545,RP_MACHINE_01,EVIDENCES,FIRE_119_RECORD
AE_FIRE_EM_00546,RP_TRAFFIC_01,EVIDENCES,FIRE_119_RECORD
AE_FIRE_EM_00547,RP_TRAFFIC_01,EVIDENCES,FIRE_119_RECORD
AE_FIRE_EM_00548,RP_TRAFFIC_01,EVIDENCES,FIRE_119_RECORD
AE_FIRE_EM_00549,RP_SLIP_TERRAIN,EVIDENCES,FIRE_119_RECORD
AE_FIRE_EM_00550,RP_MACHINE_01,EVIDENCES,FIRE_119_RECORD
AE_FIRE_EM_00551,RP_SLIP_TERRAIN,EVIDENCES,FIRE_119_RECORD
AE_FIRE_EM_00552,RP_TRAFFIC_01,EVIDENCES,FIRE_119_RECORD
AE_FIRE_EM_00553,RP_TRAFFIC_01,EVIDENCES,FIRE_119_RECORD
AE_FIRE_EM_00554,RP_SLIP_TERRAIN,EVIDENCES,FIRE_119_RECORD
AE_FIRE_EM_00555,RP_SLIP_TERRAIN,EVIDENCES,FIRE_119_RECORD
AE_FIRE_EM_00556,RP_SLIP_TERRAIN,EVIDENCES,FIRE_119_RECORD
AE_FIRE_EM_00557,RP_SLIP_TERRAIN,EVIDENCES,FIRE_119_RECORD
AE_FIRE_EM_00558,RP_TRAFFIC_01,EVIDENCES,FIRE_119_RECORD
AE_FIRE_EM_00559,RP_SLIP_TERRAIN,EVIDENCES,FIRE_119_RECORD
AE_FIRE_EM_00560,RP_SLIP_TERRAIN,EVIDENCES,FIRE_119_RECORD
AE_FIRE_EM_00561,RP_TRAFFIC_01,EVIDENCES,FIRE_119_RECORD
AE_FIRE_EM_00562,RP_SLIP_TERRAIN,EVIDENCES,FIRE_119_RECORD
AE_FIRE_EM_00563,RP_TRAFFIC_01,EVIDENCES,FIRE_119_RECORD
AE_FIRE_EM_00564,RP_TRAFFIC_01,EVIDENCES,FIRE_119_RECORD
AE_FIRE_EM_00565,RP_TRAFFIC_01,EVIDENCES,FIRE_119_RECORD
AE_FIRE_EM_00566,RP_MACHINE_01,EVIDENCES,FIRE_119_RECORD
AE_FIRE_EM_00567,RP_TRAFFIC_01,EVIDENCES,FIRE_119_RECORD
AE_FIRE_EM_00568,RP_SLIP_TERRAIN,EVIDENCES,FIRE_119_RECORD
AE_FIRE_EM_00569,RP_TRAFFIC_01,EVIDENCES,FIRE_119_RECORD
AE_FIRE_EM_00570,RP_SLIP_TERRAIN,EVIDENCES,FIRE_119_RECORD
AE_FIRE_EM_00571,RP_SLIP_TERRAIN,EVIDENCES,FIRE_119_RECORD
AE_FIRE_EM_00572,RP_TRAFFIC_01,EVIDENCES,FIRE_119_RECORD
AE_FIRE_EM_00573,RP_TRAFFIC_01,EVIDENCES,FIRE_119_RECORD
AE_FIRE_EM_00574,RP_FALL_CLIFF,EVIDENCES,FIRE_119_RECORD
AE_FIRE_EM_00575,RP_TRAFFIC_01,EVIDENCES,FIRE_119_RECORD
AE_FIRE_EM_00576,RP_SLIP_TERRAIN,EVIDENCES,FIRE_119_RECORD
AE_FIRE_EM_00577,RP_MACHINE_01,EVIDENCES,FIRE_119_RECORD
AE_FIRE_EM_00578,RP_MACHINE_01,EVIDENCES,FIRE_119_RECORD
AE_FIRE_EM_00579,RP_TRAFFIC_01,EVIDENCES,FIRE_119_RECORD
AE_FIRE_EM_00580,RP_MACHINE_01,EVIDENCES,FIRE_119_RECORD
AE_FIRE_EM_00581,RP_SLIP_TERRAIN,EVIDENCES,FIRE_119_RECORD
AE_FIRE_EM_00582,RP_TRAFFIC_01,EVIDENCES,FIRE_119_RECORD
AE_FIRE_EM_00583,RP_TRAFFIC_01,EVIDENCES,FIRE_119_RECORD
AE_FIRE_EM_00584,RP_SLIP_TERRAIN,EVIDENCES,FIRE_119_RECORD
AE_FIRE_EM_00585,RP_TRAFFIC_01,EVIDENCES,FIRE_119_RECORD
AE_FIRE_EM_00586,RP_TRAFFIC_01,EVIDENCES,FIRE_119_RECORD
AE_FIRE_EM_00587,RP_CO_01,EVIDENCES,FIRE_119_RECORD
AE_FIRE_EM_00588,RP_SLIP_TERRAIN,EVIDENCES,FIRE_119_RECORD
AE_FIRE_EM_00589,RP_SLIP_TERRAIN,EVIDENCES,FIRE_119_RECORD
AE_FIRE_EM_00590,RP_TRAFFIC_01,EVIDENCES,FIRE_119_RECORD
AE_FIRE_EM_00591,RP_FALL_CLIFF,EVIDENCES,FIRE_119_RECORD
AE_FIRE_EM_00592,RP_MACHINE_01,EVIDENCES,FIRE_119_RECORD
AE_FIRE_EM_00593,RP_MACHINE_01,EVIDENCES,FIRE_119_RECORD
AE_FIRE_EM_00594,RP_SLIP_TERRAIN,EVIDENCES,FIRE_119_RECORD
AE_FIRE_EM_00595,RP_TRAFFIC_01,EVIDENCES,FIRE_119_RECORD
AE_FIRE_EM_00596,RP_SLIP_TERRAIN,EVIDENCES,FIRE_119_RECORD
AE_FIRE_EM_00597,RP_TRAFFIC_01,EVIDENCES,FIRE_119_RECORD
AE_FIRE_EM_00598,RP_FALL_CLIFF,EVIDENCES,FIRE_119_RECORD
AE_FIRE_EM_00599,RP_SLIP_TERRAIN,EVIDENCES,FIRE_119_RECORD
AE_FIRE_EM_00600,RP_MACHINE_01,EVIDENCES,FIRE_119_RECORD
AE_FIRE_EM_00601,RP_TRAFFIC_01,EVIDENCES,FIRE_119_RECORD
AE_FIRE_EM_00602,RP_ANIMAL_01,EVIDENCES,FIRE_119_RECORD
AE_FIRE_EM_00603,RP_SLIP_TERRAIN,EVIDENCES,FIRE_119_RECORD
AE_FIRE_EM_00604,RP_SLIP_TERRAIN,EVIDENCES,FIRE_119_RECORD
AE_FIRE_EM_00605,RP_TRAFFIC_01,EVIDENCES,FIRE_119_RECORD
AE_FIRE_EM_00606,RP_MACHINE_01,EVIDENCES,FIRE_119_RECORD
AE_FIRE_EM_00607,RP_MACHINE_01,EVIDENCES,FIRE_119_RECORD
AE_FIRE_EM_00608,RP_TRAFFIC_01,EVIDENCES,FIRE_119_RECORD
AE_FIRE_EM_00609,RP_SLIP_TERRAIN,EVIDENCES,FIRE_119_RECORD
AE_FIRE_EM_00610,RP_SLIP_TERRAIN,EVIDENCES,FIRE_119_RECORD
AE_FIRE_EM_00611,RP_SLIP_TERRAIN,EVIDENCES,FIRE_119_RECORD
AE_FIRE_EM_00612,RP_TRAFFIC_01,EVIDENCES,FIRE_119_RECORD
AE_FIRE_EM_00613,RP_TRAFFIC_01,EVIDENCES,FIRE_119_RECORD
AE_FIRE_EM_00614,RP_TRAFFIC_01,EVIDENCES,FIRE_119_RECORD
AE_FIRE_EM_00615,RP_SLIP_TERRAIN,EVIDENCES,FIRE_119_RECORD
AE_FIRE_EM_00616,RP_MACHINE_01,EVIDENCES,FIRE_119_RECORD
AE_FIRE_EM_00617,RP_SLIP_TERRAIN,EVIDENCES,FIRE_119_RECORD
AE_FIRE_EM_00618,RP_FALL_CLIFF,EVIDENCES,FIRE_119_RECORD
AE_FIRE_EM_00619,RP_TRAFFIC_01,EVIDENCES,FIRE_119_RECORD
AE_FIRE_EM_00620,RP_SLIP_TERRAIN,EVIDENCES,FIRE_119_RECORD
AE_FIRE_EM_00621,RP_SLIP_TERRAIN,EVIDENCES,FIRE_119_RECORD
AE_FIRE_EM_00622,RP_SLIP_TERRAIN,EVIDENCES,FIRE_119_RECORD
AE_FIRE_EM_00623,RP_SLIP_TERRAIN,EVIDENCES,FIRE_119_RECORD
AE_FIRE_EM_00624,RP_TRAFFIC_01,EVIDENCES,FIRE_119_RECORD
AE_FIRE_EM_00625,RP_SLIP_TERRAIN,EVIDENCES,FIRE_119_RECORD
AE_FIRE_EM_00626,RP_TRAFFIC_01,EVIDENCES,FIRE_119_RECORD
AE_FIRE_EM_00627,RP_TRAFFIC_01,EVIDENCES,FIRE_119_RECORD
AE_FIRE_EM_00628,RP_FALL_CLIFF,EVIDENCES,FIRE_119_RECORD
AE_FIRE_EM_00629,RP_MACHINE_01,EVIDENCES,FIRE_119_RECORD
AE_FIRE_EM_00630,RP_MACHINE_01,EVIDENCES,FIRE_119_RECORD
AE_FIRE_EM_00631,RP_TRAFFIC_01,EVIDENCES,FIRE_119_RECORD
AE_FIRE_EM_00632,RP_SLIP_TERRAIN,EVIDENCES,FIRE_119_RECORD
AE_FIRE_EM_00633,RP_SLIP_TERRAIN,EVIDENCES,FIRE_119_RECORD
AE_FIRE_EM_00634,RP_SLIP_TERRAIN,EVIDENCES,FIRE_119_RECORD
AE_FIRE_EM_00635,RP_SLIP_TERRAIN,EVIDENCES,FIRE_119_RECORD
AE_FIRE_EM_00636,RP_SLIP_TERRAIN,EVIDENCES,FIRE_119_RECORD
AE_FIRE_EM_00637,RP_CO_01,EVIDENCES,FIRE_119_RECORD
AE_FIRE_EM_00638,RP_SLIP_TERRAIN,EVIDENCES,FIRE_119_RECORD
AE_FIRE_EM_00639,RP_TRAFFIC_01,EVIDENCES,FIRE_119_RECORD
AE_FIRE_EM_00640,RP_SLIP_TERRAIN,EVIDENCES,FIRE_119_RECORD
AE_FIRE_EM_00641,RP_TRAFFIC_01,EVIDENCES,FIRE_119_RECORD
AE_FIRE_EM_00642,RP_TRAFFIC_01,EVIDENCES,FIRE_119_RECORD
AE_FIRE_EM_00643,RP_TRAFFIC_01,EVIDENCES,FIRE_119_RECORD
AE_FIRE_EM_00644,RP_TRAFFIC_01,EVIDENCES,FIRE_119_RECORD
AE_FIRE_EM_00645,RP_TRAFFIC_01,EVIDENCES,FIRE_119_RECORD
AE_FIRE_EM_00646,RP_SLIP_TERRAIN,EVIDENCES,FIRE_119_RECORD
AE_FIRE_EM_00647,RP_TRAFFIC_01,EVIDENCES,FIRE_119_RECORD
AE_FIRE_EM_00648,RP_TRAFFIC_01,EVIDENCES,FIRE_119_RECORD
AE_FIRE_EM_00649,RP_TRAFFIC_01,EVIDENCES,FIRE_119_RECORD
AE_FIRE_EM_00650,RP_TRAFFIC_01,EVIDENCES,FIRE_119_RECORD
AE_FIRE_EM_00651,RP_SLIP_TERRAIN,EVIDENCES,FIRE_119_RECORD
AE_FIRE_EM_00652,RP_TRAFFIC_01,EVIDENCES,FIRE_119_RECORD
AE_FIRE_EM_00653,RP_TRAFFIC_01,EVIDENCES,FIRE_119_RECORD
AE_FIRE_EM_00654,RP_TRAFFIC_01,EVIDENCES,FIRE_119_RECORD
AE_FIRE_EM_00655,RP_ANIMAL_01,EVIDENCES,FIRE_119_RECORD
AE_FIRE_EM_00656,RP_SLIP_TERRAIN,EVIDENCES,FIRE_119_RECORD
AE_FIRE_EM_00657,RP_SLIP_TERRAIN,EVIDENCES,FIRE_119_RECORD
AE_FIRE_EM_00658,RP_TRAFFIC_01,EVIDENCES,FIRE_119_RECORD
AE_FIRE_EM_00659,RP_SLIP_TERRAIN,EVIDENCES,FIRE_119_RECORD
AE_FIRE_EM_00660,RP_TRAFFIC_01,EVIDENCES,FIRE_119_RECORD
AE_FIRE_EM_00661,RP_SLIP_TERRAIN,EVIDENCES,FIRE_119_RECORD
AE_FIRE_EM_00662,RP_SLIP_TERRAIN,EVIDENCES,FIRE_119_RECORD
AE_FIRE_EM_00663,RP_SLIP_TERRAIN,EVIDENCES,FIRE_119_RECORD
AE_FIRE_EM_00664,RP_TRAFFIC_01,EVIDENCES,FIRE_119_RECORD
AE_FIRE_EM_00665,RP_MACHINE_01,EVIDENCES,FIRE_119_RECORD
AE_FIRE_EM_00666,RP_SLIP_TERRAIN,EVIDENCES,FIRE_119_RECORD
AE_FIRE_EM_00667,RP_SLIP_TERRAIN,EVIDENCES,FIRE_119_RECORD
AE_FIRE_EM_00668,RP_MACHINE_01,EVIDENCES,FIRE_119_RECORD
AE_FIRE_EM_00669,RP_TRAFFIC_01,EVIDENCES,FIRE_119_RECORD
AE_FIRE_EM_00670,RP_SLIP_TERRAIN,EVIDENCES,FIRE_119_RECORD
AE_FIRE_EM_00671,RP_MACHINE_01,EVIDENCES,FIRE_119_RECORD
AE_FIRE_EM_00672,RP_TRAFFIC_01,EVIDENCES,FIRE_119_RECORD
AE_FIRE_EM_00673,RP_TRAFFIC_01,EVIDENCES,FIRE_119_RECORD
AE_FIRE_EM_00674,RP_MACHINE_01,EVIDENCES,FIRE_119_RECORD
AE_FIRE_EM_00675,RP_SLIP_TERRAIN,EVIDENCES,FIRE_119_RECORD
AE_FIRE_EM_00676,RP_SLIP_TERRAIN,EVIDENCES,FIRE_119_RECORD
AE_FIRE_EM_00677,RP_SLIP_TERRAIN,EVIDENCES,FIRE_119_RECORD
AE_FIRE_EM_00678,RP_TRAFFIC_01,EVIDENCES,FIRE_119_RECORD
AE_FIRE_EM_00679,RP_TRAFFIC_01,EVIDENCES,FIRE_119_RECORD
AE_FIRE_EM_00680,RP_TRAFFIC_01,EVIDENCES,FIRE_119_RECORD
AE_FIRE_EM_00681,RP_SLIP_TERRAIN,EVIDENCES,FIRE_119_RECORD
AE_FIRE_EM_00682,RP_TRAFFIC_01,EVIDENCES,FIRE_119_RECORD
AE_FIRE_EM_00683,RP_MACHINE_01,EVIDENCES,FIRE_119_RECORD
AE_FIRE_EM_00684,RP_TRAFFIC_01,EVIDENCES,FIRE_119_RECORD
AE_FIRE_EM_00685,RP_SLIP_TERRAIN,EVIDENCES,FIRE_119_RECORD
AE_FIRE_EM_00686,RP_SLIP_TERRAIN,EVIDENCES,FIRE_119_RECORD
AE_FIRE_EM_00687,RP_SLIP_TERRAIN,EVIDENCES,FIRE_119_RECORD
AE_FIRE_EM_00688,RP_SLIP_TERRAIN,EVIDENCES,FIRE_119_RECORD
AE_FIRE_EM_00689,RP_SLIP_TERRAIN,EVIDENCES,FIRE_119_RECORD
AE_FIRE_EM_00690,RP_SLIP_TERRAIN,EVIDENCES,FIRE_119_RECORD
AE_FIRE_EM_00691,RP_TRAFFIC_01,EVIDENCES,FIRE_119_RECORD
AE_FIRE_EM_00692,RP_ANIMAL_01,EVIDENCES,FIRE_119_RECORD
AE_FIRE_EM_00693,RP_FALL_CLIFF,EVIDENCES,FIRE_119_RECORD
AE_FIRE_EM_00694,RP_SLIP_TERRAIN,EVIDENCES,FIRE_119_RECORD
AE_FIRE_EM_00695,RP_MACHINE_01,EVIDENCES,FIRE_119_RECORD
AE_FIRE_EM_00696,RP_TRAFFIC_01,EVIDENCES,FIRE_119_RECORD
AE_FIRE_EM_00697,RP_TRAFFIC_01,EVIDENCES,FIRE_119_RECORD
AE_FIRE_EM_00698,RP_SLIP_TERRAIN,EVIDENCES,FIRE_119_RECORD
AE_FIRE_EM_00699,RP_TRAFFIC_01,EVIDENCES,FIRE_119_RECORD
AE_FIRE_EM_00700,RP_ANIMAL_01,EVIDENCES,FIRE_119_RECORD
AE_FIRE_EM_00701,RP_TRAFFIC_01,EVIDENCES,FIRE_119_RECORD
AE_FIRE_EM_00702,RP_SLIP_TERRAIN,EVIDENCES,FIRE_119_RECORD
AE_FIRE_EM_00703,RP_SLIP_TERRAIN,EVIDENCES,FIRE_119_RECORD
AE_FIRE_EM_00704,RP_TRAFFIC_01,EVIDENCES,FIRE_119_RECORD
AE_FIRE_EM_00705,RP_TRAFFIC_01,EVIDENCES,FIRE_119_RECORD
AE_FIRE_EM_00706,RP_SLIP_TERRAIN,EVIDENCES,FIRE_119_RECORD
AE_FIRE_EM_00707,RP_FALL_CLIFF,EVIDENCES,FIRE_119_RECORD
AE_FIRE_EM_00708,RP_SLIP_TERRAIN,EVIDENCES,FIRE_119_RECORD
AE_FIRE_EM_00709,RP_MACHINE_01,EVIDENCES,FIRE_119_RECORD
AE_FIRE_EM_00710,RP_SLIP_TERRAIN,EVIDENCES,FIRE_119_RECORD
AE_FIRE_EM_00711,RP_SLIP_TERRAIN,EVIDENCES,FIRE_119_RECORD
AE_FIRE_EM_00712,RP_TRAFFIC_01,EVIDENCES,FIRE_119_RECORD
AE_FIRE_EM_00713,RP_MACHINE_01,EVIDENCES,FIRE_119_RECORD
AE_FIRE_EM_00714,RP_MACHINE_01,EVIDENCES,FIRE_119_RECORD
AE_FIRE_EM_00715,RP_MACHINE_01,EVIDENCES,FIRE_119_RECORD
AE_FIRE_EM_00716,RP_SLIP_TERRAIN,EVIDENCES,FIRE_119_RECORD
AE_FIRE_EM_00717,RP_SLIP_TERRAIN,EVIDENCES,FIRE_119_RECORD
AE_FIRE_EM_00718,RP_TRAFFIC_01,EVIDENCES,FIRE_119_RECORD
AE_FIRE_EM_00719,RP_TRAFFIC_01,EVIDENCES,FIRE_119_RECORD
AE_FIRE_EM_00720,RP_SLIP_TERRAIN,EVIDENCES,FIRE_119_RECORD
AE_FIRE_EM_00721,RP_SLIP_TERRAIN,EVIDENCES,FIRE_119_RECORD
AE_FIRE_EM_00722,RP_SLIP_TERRAIN,EVIDENCES,FIRE_119_RECORD
AE_FIRE_EM_00723,RP_MACHINE_01,EVIDENCES,FIRE_119_RECORD
AE_FIRE_EM_00724,RP_SLIP_TERRAIN,EVIDENCES,FIRE_119_RECORD
AE_FIRE_EM_00725,RP_SLIP_TERRAIN,EVIDENCES,FIRE_119_RECORD
AE_FIRE_EM_00726,RP_SLIP_TERRAIN,EVIDENCES,FIRE_119_RECORD
AE_FIRE_EM_00727,RP_TRAFFIC_01,EVIDENCES,FIRE_119_RECORD
AE_FIRE_EM_00728,RP_DROWN_01,EVIDENCES,FIRE_119_RECORD
AE_FIRE_EM_00729,RP_CO_01,EVIDENCES,FIRE_119_RECORD
AE_FIRE_EM_00730,RP_SLIP_TERRAIN,EVIDENCES,FIRE_119_RECORD
AE_FIRE_EM_00731,RP_TRAFFIC_01,EVIDENCES,FIRE_119_RECORD
AE_FIRE_EM_00732,RP_FALL_CLIFF,EVIDENCES,FIRE_119_RECORD
AE_FIRE_EM_00733,RP_FALL_CLIFF,EVIDENCES,FIRE_119_RECORD
AE_FIRE_EM_00734,RP_SLIP_TERRAIN,EVIDENCES,FIRE_119_RECORD
AE_FIRE_EM_00735,RP_SLIP_TERRAIN,EVIDENCES,FIRE_119_RECORD
AE_FIRE_EM_00736,RP_SLIP_TERRAIN,EVIDENCES,FIRE_119_RECORD
AE_FIRE_EM_00737,RP_SLIP_TERRAIN,EVIDENCES,FIRE_119_RECORD
AE_FIRE_EM_00738,RP_TRAFFIC_01,EVIDENCES,FIRE_119_RECORD
AE_FIRE_EM_00739,RP_TRAFFIC_01,EVIDENCES,FIRE_119_RECORD
AE_FIRE_EM_00740,RP_TRAFFIC_01,EVIDENCES,FIRE_119_RECORD
AE_FIRE_EM_00741,RP_SLIP_TERRAIN,EVIDENCES,FIRE_119_RECORD
AE_FIRE_EM_00742,RP_SLIP_TERRAIN,EVIDENCES,FIRE_119_RECORD
AE_FIRE_EM_00743,RP_DROWN_01,EVIDENCES,FIRE_119_RECORD
AE_FIRE_EM_00744,RP_SLIP_TERRAIN,EVIDENCES,FIRE_119_RECORD
AE_FIRE_EM_00745,RP_SLIP_TERRAIN,EVIDENCES,FIRE_119_RECORD
AE_FIRE_EM_00746,RP_MACHINE_01,EVIDENCES,FIRE_119_RECORD
AE_FIRE_EM_00747,RP_TRAFFIC_01,EVIDENCES,FIRE_119_RECORD
AE_FIRE_EM_00748,RP_FALL_CLIFF,EVIDENCES,FIRE_119_RECORD
AE_FIRE_EM_00749,RP_SLIP_TERRAIN,EVIDENCES,FIRE_119_RECORD
AE_FIRE_EM_00750,RP_TRAFFIC_01,EVIDENCES,FIRE_119_RECORD
AE_FIRE_EM_00751,RP_TRAFFIC_01,EVIDENCES,FIRE_119_RECORD
AE_FIRE_EM_00752,RP_TRAFFIC_01,EVIDENCES,FIRE_119_RECORD
AE_FIRE_EM_00753,RP_TRAFFIC_01,EVIDENCES,FIRE_119_RECORD
AE_FIRE_EM_00754,RP_TRAFFIC_01,EVIDENCES,FIRE_119_RECORD
AE_FIRE_EM_00755,RP_MACHINE_01,EVIDENCES,FIRE_119_RECORD
AE_FIRE_EM_00756,RP_MACHINE_01,EVIDENCES,FIRE_119_RECORD
AE_FIRE_EM_00757,RP_TRAFFIC_01,EVIDENCES,FIRE_119_RECORD
AE_FIRE_EM_00758,RP_SLIP_TERRAIN,EVIDENCES,FIRE_119_RECORD
AE_FIRE_EM_00759,RP_TRAFFIC_01,EVIDENCES,FIRE_119_RECORD
AE_FIRE_EM_00760,RP_TRAFFIC_01,EVIDENCES,FIRE_119_RECORD
AE_FIRE_EM_00761,RP_SLIP_TERRAIN,EVIDENCES,FIRE_119_RECORD
AE_FIRE_EM_00762,RP_SLIP_TERRAIN,EVIDENCES,FIRE_119_RECORD
AE_FIRE_EM_00763,RP_SLIP_TERRAIN,EVIDENCES,FIRE_119_RECORD
AE_FIRE_EM_00764,RP_TRAFFIC_01,EVIDENCES,FIRE_119_RECORD
AE_FIRE_EM_00765,RP_SLIP_TERRAIN,EVIDENCES,FIRE_119_RECORD
AE_FIRE_EM_00766,RP_FALL_CLIFF,EVIDENCES,FIRE_119_RECORD
AE_FIRE_EM_00767,RP_FALL_CLIFF,EVIDENCES,FIRE_119_RECORD
AE_FIRE_EM_00768,RP_MACHINE_01,EVIDENCES,FIRE_119_RECORD
AE_FIRE_EM_00769,RP_SLIP_TERRAIN,EVIDENCES,FIRE_119_RECORD
AE_FIRE_EM_00770,RP_TRAFFIC_01,EVIDENCES,FIRE_119_RECORD
AE_FIRE_EM_00771,RP_TRAFFIC_01,EVIDENCES,FIRE_119_RECORD
AE_FIRE_EM_00772,RP_SLIP_TERRAIN,EVIDENCES,FIRE_119_RECORD
AE_FIRE_EM_00773,RP_TRAFFIC_01,EVIDENCES,FIRE_119_RECORD
AE_FIRE_EM_00774,RP_TRAFFIC_01,EVIDENCES,FIRE_119_RECORD
AE_FIRE_EM_00775,RP_TRAFFIC_01,EVIDENCES,FIRE_119_RECORD
AE_FIRE_EM_00776,RP_TRAFFIC_01,EVIDENCES,FIRE_119_RECORD
AE_FIRE_EM_00777,RP_DROWN_01,EVIDENCES,FIRE_119_RECORD
AE_FIRE_EM_00778,RP_ANIMAL_01,EVIDENCES,FIRE_119_RECORD
AE_FIRE_EM_00779,RP_SLIP_TERRAIN,EVIDENCES,FIRE_119_RECORD
AE_FIRE_EM_00780,RP_MACHINE_01,EVIDENCES,FIRE_119_RECORD
AE_FIRE_EM_00781,RP_TRAFFIC_01,EVIDENCES,FIRE_119_RECORD
AE_FIRE_EM_00782,RP_SLIP_TERRAIN,EVIDENCES,FIRE_119_RECORD
AE_FIRE_EM_00783,RP_MACHINE_01,EVIDENCES,FIRE_119_RECORD
AE_FIRE_EM_00784,RP_SLIP_TERRAIN,EVIDENCES,FIRE_119_RECORD
AE_FIRE_EM_00785,RP_TRAFFIC_01,EVIDENCES,FIRE_119_RECORD
AE_FIRE_EM_00786,RP_FALL_CLIFF,EVIDENCES,FIRE_119_RECORD
AE_FIRE_EM_00787,RP_TRAFFIC_01,EVIDENCES,FIRE_119_RECORD
AE_FIRE_EM_00788,RP_SLIP_TERRAIN,EVIDENCES,FIRE_119_RECORD
AE_FIRE_EM_00789,RP_MACHINE_01,EVIDENCES,FIRE_119_RECORD
AE_FIRE_EM_00790,RP_TRAFFIC_01,EVIDENCES,FIRE_119_RECORD
AE_FIRE_EM_00791,RP_SLIP_TERRAIN,EVIDENCES,FIRE_119_RECORD
AE_FIRE_EM_00792,RP_SLIP_TERRAIN,EVIDENCES,FIRE_119_RECORD
AE_FIRE_EM_00793,RP_SLIP_TERRAIN,EVIDENCES,FIRE_119_RECORD
AE_FIRE_EM_00794,RP_TRAFFIC_01,EVIDENCES,FIRE_119_RECORD
AE_FIRE_EM_00795,RP_SLIP_TERRAIN,EVIDENCES,FIRE_119_RECORD
AE_FIRE_EM_00796,RP_FALL_CLIFF,EVIDENCES,FIRE_119_RECORD
AE_FIRE_EM_00797,RP_SLIP_TERRAIN,EVIDENCES,FIRE_119_RECORD
AE_FIRE_EM_00798,RP_FALL_CLIFF,EVIDENCES,FIRE_119_RECORD
AE_FIRE_EM_00799,RP_SLIP_TERRAIN,EVIDENCES,FIRE_119_RECORD
AE_FIRE_EM_00800,RP_SLIP_TERRAIN,EVIDENCES,FIRE_119_RECORD
AE_FIRE_EM_00801,RP_SLIP_TERRAIN,EVIDENCES,FIRE_119_RECORD
AE_FIRE_EM_00802,RP_SLIP_TERRAIN,EVIDENCES,FIRE_119_RECORD
AE_FIRE_EM_00803,RP_TRAFFIC_01,EVIDENCES,FIRE_119_RECORD
AE_FIRE_EM_00804,RP_SLIP_TERRAIN,EVIDENCES,FIRE_119_RECORD
AE_FIRE_EM_00805,RP_SLIP_TERRAIN,EVIDENCES,FIRE_119_RECORD
AE_FIRE_EM_00806,RP_SLIP_TERRAIN,EVIDENCES,FIRE_119_RECORD
AE_FIRE_EM_00807,RP_MACHINE_01,EVIDENCES,FIRE_119_RECORD
AE_FIRE_EM_00808,RP_SLIP_TERRAIN,EVIDENCES,FIRE_119_RECORD
AE_FIRE_EM_00809,RP_TRAFFIC_01,EVIDENCES,FIRE_119_RECORD
AE_FIRE_EM_00810,RP_SLIP_TERRAIN,EVIDENCES,FIRE_119_RECORD
AE_FIRE_EM_00811,RP_TRAFFIC_01,EVIDENCES,FIRE_119_RECORD
AE_FIRE_EM_00812,RP_SLIP_TERRAIN,EVIDENCES,FIRE_119_RECORD
AE_FIRE_EM_00813,RP_TRAFFIC_01,EVIDENCES,FIRE_119_RECORD
AE_FIRE_EM_00814,RP_TRAFFIC_01,EVIDENCES,FIRE_119_RECORD
AE_FIRE_EM_00815,RP_TRAFFIC_01,EVIDENCES,FIRE_119_RECORD
AE_FIRE_EM_00816,RP_TRAFFIC_01,EVIDENCES,FIRE_119_RECORD
AE_FIRE_EM_00817,RP_SLIP_TERRAIN,EVIDENCES,FIRE_119_RECORD
AE_FIRE_EM_00818,RP_SLIP_TERRAIN,EVIDENCES,FIRE_119_RECORD
AE_FIRE_EM_00819,RP_TRAFFIC_01,EVIDENCES,FIRE_119_RECORD
AE_FIRE_EM_00820,RP_TRAFFIC_01,EVIDENCES,FIRE_119_RECORD
AE_FIRE_EM_00821,RP_TRAFFIC_01,EVIDENCES,FIRE_119_RECORD
AE_FIRE_EM_00822,RP_TRAFFIC_01,EVIDENCES,FIRE_119_RECORD
AE_FIRE_EM_00823,RP_TRAFFIC_01,EVIDENCES,FIRE_119_RECORD
AE_FIRE_EM_00824,RP_TRAFFIC_01,EVIDENCES,FIRE_119_RECORD
AE_FIRE_EM_00825,RP_SLIP_TERRAIN,EVIDENCES,FIRE_119_RECORD
AE_FIRE_EM_00826,RP_TRAFFIC_01,EVIDENCES,FIRE_119_RECORD
AE_FIRE_EM_00827,RP_TRAFFIC_01,EVIDENCES,FIRE_119_RECORD
AE_FIRE_EM_00828,RP_MACHINE_01,EVIDENCES,FIRE_119_RECORD
AE_FIRE_EM_00829,RP_TRAFFIC_01,EVIDENCES,FIRE_119_RECORD
AE_FIRE_EM_00830,RP_SLIP_TERRAIN,EVIDENCES,FIRE_119_RECORD
AE_FIRE_EM_00831,RP_MACHINE_01,EVIDENCES,FIRE_119_RECORD
AE_FIRE_EM_00832,RP_MACHINE_01,EVIDENCES,FIRE_119_RECORD
AE_FIRE_EM_00833,RP_SLIP_TERRAIN,EVIDENCES,FIRE_119_RECORD
AE_FIRE_EM_00834,RP_SLIP_TERRAIN,EVIDENCES,FIRE_119_RECORD
AE_FIRE_EM_00835,RP_TRAFFIC_01,EVIDENCES,FIRE_119_RECORD
AE_FIRE_EM_00836,RP_SLIP_TERRAIN,EVIDENCES,FIRE_119_RECORD
AE_FIRE_EM_00837,RP_SLIP_TERRAIN,EVIDENCES,FIRE_119_RECORD
AE_FIRE_EM_00838,RP_TRAFFIC_01,EVIDENCES,FIRE_119_RECORD
AE_FIRE_EM_00839,RP_TRAFFIC_01,EVIDENCES,FIRE_119_RECORD
AE_FIRE_EM_00840,RP_MACHINE_01,EVIDENCES,FIRE_119_RECORD
AE_FIRE_EM_00841,RP_MACHINE_01,EVIDENCES,FIRE_119_RECORD
AE_FIRE_EM_00842,RP_SLIP_TERRAIN,EVIDENCES,FIRE_119_RECORD
AE_FIRE_EM_00843,RP_MACHINE_01,EVIDENCES,FIRE_119_RECORD
AE_FIRE_EM_00844,RP_TRAFFIC_01,EVIDENCES,FIRE_119_RECORD
AE_FIRE_EM_00845,RP_TRAFFIC_01,EVIDENCES,FIRE_119_RECORD
AE_FIRE_EM_00846,RP_TRAFFIC_01,EVIDENCES,FIRE_119_RECORD
AE_FIRE_EM_00847,RP_SLIP_TERRAIN,EVIDENCES,FIRE_119_RECORD
AE_FIRE_EM_00848,RP_TRAFFIC_01,EVIDENCES,FIRE_119_RECORD
AE_FIRE_EM_00849,RP_MACHINE_01,EVIDENCES,FIRE_119_RECORD
AE_FIRE_EM_00850,RP_TRAFFIC_01,EVIDENCES,FIRE_119_RECORD
AE_FIRE_EM_00851,RP_MACHINE_01,EVIDENCES,FIRE_119_RECORD
AE_FIRE_EM_00852,RP_SLIP_TERRAIN,EVIDENCES,FIRE_119_RECORD
AE_FIRE_EM_00853,RP_SLIP_TERRAIN,EVIDENCES,FIRE_119_RECORD
AE_FIRE_EM_00854,RP_TRAFFIC_01,EVIDENCES,FIRE_119_RECORD
AE_FIRE_EM_00855,RP_TRAFFIC_01,EVIDENCES,FIRE_119_RECORD
AE_FIRE_EM_00856,RP_TRAFFIC_01,EVIDENCES,FIRE_119_RECORD
AE_FIRE_EM_00857,RP_SLIP_TERRAIN,EVIDENCES,FIRE_119_RECORD
AE_FIRE_EM_00858,RP_SLIP_TERRAIN,EVIDENCES,FIRE_119_RECORD
AE_FIRE_EM_00859,RP_TRAFFIC_01,EVIDENCES,FIRE_119_RECORD
AE_FIRE_EM_00860,RP_SLIP_TERRAIN,EVIDENCES,FIRE_119_RECORD
AE_FIRE_EM_00861,RP_SLIP_TERRAIN,EVIDENCES,FIRE_119_RECORD
AE_FIRE_EM_00862,RP_TRAFFIC_01,EVIDENCES,FIRE_119_RECORD
AE_FIRE_EM_00863,RP_TRAFFIC_01,EVIDENCES,FIRE_119_RECORD
AE_FIRE_EM_00864,RP_TRAFFIC_01,EVIDENCES,FIRE_119_RECORD
AE_FIRE_EM_00865,RP_MACHINE_01,EVIDENCES,FIRE_119_RECORD
AE_FIRE_EM_00866,RP_SLIP_TERRAIN,EVIDENCES,FIRE_119_RECORD
AE_FIRE_EM_00867,RP_TRAFFIC_01,EVIDENCES,FIRE_119_RECORD
AE_FIRE_EM_00868,RP_TRAFFIC_01,EVIDENCES,FIRE_119_RECORD
AE_FIRE_EM_00869,RP_TRAFFIC_01,EVIDENCES,FIRE_119_RECORD
AE_FIRE_EM_00870,RP_SLIP_TERRAIN,EVIDENCES,FIRE_119_RECORD
AE_FIRE_EM_00871,RP_SLIP_TERRAIN,EVIDENCES,FIRE_119_RECORD
AE_FIRE_EM_00872,RP_ANIMAL_01,EVIDENCES,FIRE_119_RECORD
AE_FIRE_EM_00873,RP_ANIMAL_01,EVIDENCES,FIRE_119_RECORD
AE_FIRE_EM_00874,RP_SLIP_TERRAIN,EVIDENCES,FIRE_119_RECORD
AE_FIRE_EM_00875,RP_FALL_CLIFF,EVIDENCES,FIRE_119_RECORD
AE_FIRE_EM_00876,RP_TRAFFIC_01,EVIDENCES,FIRE_119_RECORD
AE_FIRE_EM_00877,RP_TRAFFIC_01,EVIDENCES,FIRE_119_RECORD
AE_FIRE_EM_00878,RP_TRAFFIC_01,EVIDENCES,FIRE_119_RECORD
AE_FIRE_EM_00879,RP_TRAFFIC_01,EVIDENCES,FIRE_119_RECORD
AE_FIRE_EM_00880,RP_SLIP_TERRAIN,EVIDENCES,FIRE_119_RECORD
AE_FIRE_EM_00881,RP_SLIP_TERRAIN,EVIDENCES,FIRE_119_RECORD
AE_FIRE_EM_00882,RP_SLIP_TERRAIN,EVIDENCES,FIRE_119_RECORD
AE_FIRE_EM_00883,RP_TRAFFIC_01,EVIDENCES,FIRE_119_RECORD
AE_FIRE_EM_00884,RP_ANIMAL_01,EVIDENCES,FIRE_119_RECORD
AE_FIRE_EM_00885,RP_SLIP_TERRAIN,EVIDENCES,FIRE_119_RECORD
AE_FIRE_EM_00886,RP_TRAFFIC_01,EVIDENCES,FIRE_119_RECORD
AE_FIRE_EM_00887,RP_TRAFFIC_01,EVIDENCES,FIRE_119_RECORD
AE_FIRE_EM_00888,RP_SLIP_TERRAIN,EVIDENCES,FIRE_119_RECORD
AE_FIRE_EM_00889,RP_TRAFFIC_01,EVIDENCES,FIRE_119_RECORD
AE_FIRE_EM_00890,RP_SLIP_TERRAIN,EVIDENCES,FIRE_119_RECORD
AE_FIRE_EM_00891,RP_TRAFFIC_01,EVIDENCES,FIRE_119_RECORD
AE_FIRE_EM_00892,RP_FALL_CLIFF,EVIDENCES,FIRE_119_RECORD
AE_FIRE_EM_00893,RP_MACHINE_01,EVIDENCES,FIRE_119_RECORD
AE_FIRE_EM_00894,RP_SLIP_TERRAIN,EVIDENCES,FIRE_119_RECORD
AE_FIRE_EM_00895,RP_TRAFFIC_01,EVIDENCES,FIRE_119_RECORD
AE_FIRE_EM_00896,RP_TRAFFIC_01,EVIDENCES,FIRE_119_RECORD
AE_FIRE_EM_00897,RP_DROWN_01,EVIDENCES,FIRE_119_RECORD
AE_FIRE_EM_00898,RP_MACHINE_01,EVIDENCES,FIRE_119_RECORD
AE_FIRE_EM_00899,RP_TRAFFIC_01,EVIDENCES,FIRE_119_RECORD
AE_FIRE_EM_00900,RP_SLIP_TERRAIN,EVIDENCES,FIRE_119_RECORD
AE_FIRE_EM_00901,RP_TRAFFIC_01,EVIDENCES,FIRE_119_RECORD
AE_FIRE_EM_00902,RP_TRAFFIC_01,EVIDENCES,FIRE_119_RECORD
AE_FIRE_EM_00903,RP_MACHINE_01,EVIDENCES,FIRE_119_RECORD
AE_FIRE_EM_00904,RP_TRAFFIC_01,EVIDENCES,FIRE_119_RECORD
AE_FIRE_EM_00905,RP_SLIP_TERRAIN,EVIDENCES,FIRE_119_RECORD
AE_FIRE_EM_00906,RP_MACHINE_01,EVIDENCES,FIRE_119_RECORD
AE_FIRE_EM_00907,RP_MACHINE_01,EVIDENCES,FIRE_119_RECORD
AE_FIRE_EM_00908,RP_SLIP_TERRAIN,EVIDENCES,FIRE_119_RECORD
AE_FIRE_EM_00909,RP_SLIP_TERRAIN,EVIDENCES,FIRE_119_RECORD
AE_FIRE_EM_00910,RP_SLIP_TERRAIN,EVIDENCES,FIRE_119_RECORD
AE_FIRE_EM_00911,RP_SLIP_TERRAIN,EVIDENCES,FIRE_119_RECORD
AE_FIRE_EM_00912,RP_MACHINE_01,EVIDENCES,FIRE_119_RECORD
AE_FIRE_EM_00913,RP_SLIP_TERRAIN,EVIDENCES,FIRE_119_RECORD
AE_FIRE_EM_00914,RP_SLIP_TERRAIN,EVIDENCES,FIRE_119_RECORD
AE_FIRE_EM_00915,RP_TRAFFIC_01,EVIDENCES,FIRE_119_RECORD
AE_FIRE_EM_00916,RP_SLIP_TERRAIN,EVIDENCES,FIRE_119_RECORD
AE_FIRE_EM_00917,RP_ANIMAL_01,EVIDENCES,FIRE_119_RECORD
AE_FIRE_EM_00918,RP_MACHINE_01,EVIDENCES,FIRE_119_RECORD
AE_FIRE_EM_00919,RP_MACHINE_01,EVIDENCES,FIRE_119_RECORD
AE_FIRE_EM_00920,RP_SLIP_TERRAIN,EVIDENCES,FIRE_119_RECORD
AE_FIRE_EM_00921,RP_SLIP_TERRAIN,EVIDENCES,FIRE_119_RECORD
AE_FIRE_EM_00922,RP_SLIP_TERRAIN,EVIDENCES,FIRE_119_RECORD
AE_FIRE_EM_00923,RP_SLIP_TERRAIN,EVIDENCES,FIRE_119_RECORD
AE_FIRE_EM_00924,RP_SLIP_TERRAIN,EVIDENCES,FIRE_119_RECORD
AE_FIRE_EM_00925,RP_SLIP_TERRAIN,EVIDENCES,FIRE_119_RECORD
AE_FIRE_EM_00926,RP_TRAFFIC_01,EVIDENCES,FIRE_119_RECORD
AE_FIRE_EM_00927,RP_MACHINE_01,EVIDENCES,FIRE_119_RECORD
AE_FIRE_EM_00928,RP_SLIP_TERRAIN,EVIDENCES,FIRE_119_RECORD
AE_FIRE_EM_00929,RP_MACHINE_01,EVIDENCES,FIRE_119_RECORD
AE_FIRE_EM_00930,RP_SLIP_TERRAIN,EVIDENCES,FIRE_119_RECORD
AE_FIRE_EM_00931,RP_MACHINE_01,EVIDENCES,FIRE_119_RECORD
AE_FIRE_EM_00932,RP_MACHINE_01,EVIDENCES,FIRE_119_RECORD
AE_FIRE_EM_00933,RP_MACHINE_01,EVIDENCES,FIRE_119_RECORD
AE_FIRE_EM_00934,RP_FALL_CLIFF,EVIDENCES,FIRE_119_RECORD
AE_FIRE_EM_00935,RP_SLIP_TERRAIN,EVIDENCES,FIRE_119_RECORD
AE_FIRE_EM_00936,RP_MACHINE_01,EVIDENCES,FIRE_119_RECORD
AE_FIRE_EM_00937,RP_SLIP_TERRAIN,EVIDENCES,FIRE_119_RECORD
AE_FIRE_EM_00938,RP_SLIP_TERRAIN,EVIDENCES,FIRE_119_RECORD
AE_FIRE_EM_00939,RP_SLIP_TERRAIN,EVIDENCES,FIRE_119_RECORD
AE_FIRE_EM_00940,RP_SLIP_TERRAIN,EVIDENCES,FIRE_119_RECORD
AE_FIRE_EM_00941,RP_TRAFFIC_01,EVIDENCES,FIRE_119_RECORD
AE_FIRE_EM_00942,RP_SLIP_TERRAIN,EVIDENCES,FIRE_119_RECORD
AE_FIRE_EM_00943,RP_SLIP_TERRAIN,EVIDENCES,FIRE_119_RECORD
AE_FIRE_EM_00944,RP_SLIP_TERRAIN,EVIDENCES,FIRE_119_RECORD
AE_FIRE_EM_00945,RP_FALL_CLIFF,EVIDENCES,FIRE_119_RECORD
AE_FIRE_EM_00946,RP_FALL_CLIFF,EVIDENCES,FIRE_119_RECORD
AE_FIRE_EM_00947,RP_DROWN_01,EVIDENCES,FIRE_119_RECORD
AE_FIRE_EM_00948,RP_SLIP_TERRAIN,EVIDENCES,FIRE_119_RECORD
AE_FIRE_EM_00949,RP_SLIP_TERRAIN,EVIDENCES,FIRE_119_RECORD
AE_FIRE_EM_00950,RP_TRAFFIC_01,EVIDENCES,FIRE_119_RECORD
AE_FIRE_EM_00951,RP_TRAFFIC_01,EVIDENCES,FIRE_119_RECORD
AE_FIRE_EM_00952,RP_TRAFFIC_01,EVIDENCES,FIRE_119_RECORD
AE_FIRE_EM_00953,RP_TRAFFIC_01,EVIDENCES,FIRE_119_RECORD
AE_FIRE_EM_00954,RP_TRAFFIC_01,EVIDENCES,FIRE_119_RECORD
AE_FIRE_EM_00955,RP_TRAFFIC_01,EVIDENCES,FIRE_119_RECORD
AE_FIRE_EM_00956,RP_SLIP_TERRAIN,EVIDENCES,FIRE_119_RECORD
AE_FIRE_EM_00957,RP_MACHINE_01,EVIDENCES,FIRE_119_RECORD
AE_FIRE_EM_00958,RP_TRAFFIC_01,EVIDENCES,FIRE_119_RECORD
AE_FIRE_EM_00959,RP_SLIP_TERRAIN,EVIDENCES,FIRE_119_RECORD
AE_FIRE_EM_00960,RP_SLIP_TERRAIN,EVIDENCES,FIRE_119_RECORD
AE_FIRE_EM_00961,RP_TRAFFIC_01,EVIDENCES,FIRE_119_RECORD
AE_FIRE_EM_00962,RP_TRAFFIC_01,EVIDENCES,FIRE_119_RECORD
AE_FIRE_EM_00963,RP_MACHINE_01,EVIDENCES,FIRE_119_RECORD
AE_FIRE_EM_00964,RP_MACHINE_01,EVIDENCES,FIRE_119_RECORD
AE_FIRE_EM_00965,RP_SLIP_TERRAIN,EVIDENCES,FIRE_119_RECORD
AE_FIRE_EM_00966,RP_TRAFFIC_01,EVIDENCES,FIRE_119_RECORD
AE_FIRE_EM_00967,RP_SLIP_TERRAIN,EVIDENCES,FIRE_119_RECORD
AE_FIRE_EM_00968,RP_SLIP_TERRAIN,EVIDENCES,FIRE_119_RECORD
AE_FIRE_EM_00969,RP_MACHINE_01,EVIDENCES,FIRE_119_RECORD
AE_FIRE_EM_00970,RP_SLIP_TERRAIN,EVIDENCES,FIRE_119_RECORD
AE_FIRE_EM_00971,RP_SLIP_TERRAIN,EVIDENCES,FIRE_119_RECORD
AE_FIRE_EM_00972,RP_SLIP_TERRAIN,EVIDENCES,FIRE_119_RECORD
AE_FIRE_EM_00973,RP_MACHINE_01,EVIDENCES,FIRE_119_RECORD
AE_FIRE_EM_00974,RP_TRAFFIC_01,EVIDENCES,FIRE_119_RECORD
AE_FIRE_EM_00975,RP_SLIP_TERRAIN,EVIDENCES,FIRE_119_RECORD
AE_FIRE_EM_00976,RP_SLIP_TERRAIN,EVIDENCES,FIRE_119_RECORD
AE_FIRE_EM_00977,RP_TRAFFIC_01,EVIDENCES,FIRE_119_RECORD
AE_FIRE_EM_00978,RP_TRAFFIC_01,EVIDENCES,FIRE_119_RECORD
AE_FIRE_EM_00979,RP_SLIP_TERRAIN,EVIDENCES,FIRE_119_RECORD
AE_FIRE_EM_00980,RP_SLIP_TERRAIN,EVIDENCES,FIRE_119_RECORD
AE_FIRE_EM_00981,RP_SLIP_TERRAIN,EVIDENCES,FIRE_119_RECORD
AE_FIRE_EM_00982,RP_TRAFFIC_01,EVIDENCES,FIRE_119_RECORD
AE_FIRE_EM_00983,RP_TRAFFIC_01,EVIDENCES,FIRE_119_RECORD
AE_FIRE_EM_00984,RP_TRAFFIC_01,EVIDENCES,FIRE_119_RECORD
AE_FIRE_EM_00985,RP_SLIP_TERRAIN,EVIDENCES,FIRE_119_RECORD
AE_FIRE_EM_00986,RP_MACHINE_01,EVIDENCES,FIRE_119_RECORD
AE_FIRE_EM_00987,RP_TRAFFIC_01,EVIDENCES,FIRE_119_RECORD
AE_FIRE_EM_00988,RP_MACHINE_01,EVIDENCES,FIRE_119_RECORD
AE_FIRE_EM_00989,RP_SLIP_TERRAIN,EVIDENCES,FIRE_119_RECORD
AE_FIRE_EM_00990,RP_SLIP_TERRAIN,EVIDENCES,FIRE_119_RECORD
AE_FIRE_EM_00991,RP_ANIMAL_01,EVIDENCES,FIRE_119_RECORD
AE_FIRE_EM_00992,RP_TRAFFIC_01,EVIDENCES,FIRE_119_RECORD
AE_FIRE_EM_00993,RP_SLIP_TERRAIN,EVIDENCES,FIRE_119_RECORD
AE_FIRE_EM_00994,RP_SLIP_TERRAIN,EVIDENCES,FIRE_119_RECORD
AE_FIRE_EM_00995,RP_FALL_CLIFF,EVIDENCES,FIRE_119_RECORD
AE_FIRE_EM_00996,RP_TRAFFIC_01,EVIDENCES,FIRE_119_RECORD
AE_FIRE_EM_00997,RP_TRAFFIC_01,EVIDENCES,FIRE_119_RECORD
AE_FIRE_EM_00998,RP_ANIMAL_01,EVIDENCES,FIRE_119_RECORD
AE_FIRE_EM_00999,RP_SLIP_TERRAIN,EVIDENCES,FIRE_119_RECORD
AE_FIRE_EM_01000,RP_SLIP_TERRAIN,EVIDENCES,FIRE_119_RECORD
AE_FIRE_EM_01001,RP_SLIP_TERRAIN,EVIDENCES,FIRE_119_RECORD
AE_FIRE_EM_01002,RP_MACHINE_01,EVIDENCES,FIRE_119_RECORD
AE_FIRE_EM_01003,RP_TRAFFIC_01,EVIDENCES,FIRE_119_RECORD
AE_FIRE_EM_01004,RP_TRAFFIC_01,EVIDENCES,FIRE_119_RECORD
AE_FIRE_EM_01005,RP_TRAFFIC_01,EVIDENCES,FIRE_119_RECORD
AE_FIRE_EM_01006,RP_TRAFFIC_01,EVIDENCES,FIRE_119_RECORD
AE_FIRE_EM_01007,RP_TRAFFIC_01,EVIDENCES,FIRE_119_RECORD
AE_FIRE_EM_01008,RP_SLIP_TERRAIN,EVIDENCES,FIRE_119_RECORD
AE_FIRE_EM_01009,RP_MACHINE_01,EVIDENCES,FIRE_119_RECORD
AE_FIRE_EM_01010,RP_TRAFFIC_01,EVIDENCES,FIRE_119_RECORD
AE_FIRE_EM_01011,RP_TRAFFIC_01,EVIDENCES,FIRE_119_RECORD
AE_FIRE_EM_01012,RP_SLIP_TERRAIN,EVIDENCES,FIRE_119_RECORD
AE_FIRE_EM_01013,RP_MACHINE_01,EVIDENCES,FIRE_119_RECORD
AE_FIRE_EM_01014,RP_SLIP_TERRAIN,EVIDENCES,FIRE_119_RECORD
AE_FIRE_EM_01015,RP_SLIP_TERRAIN,EVIDENCES,FIRE_119_RECORD
AE_FIRE_EM_01016,RP_SLIP_TERRAIN,EVIDENCES,FIRE_119_RECORD
AE_FIRE_EM_01017,RP_ANIMAL_01,EVIDENCES,FIRE_119_RECORD
AE_FIRE_EM_01018,RP_SLIP_TERRAIN,EVIDENCES,FIRE_119_RECORD
AE_FIRE_EM_01019,RP_SLIP_TERRAIN,EVIDENCES,FIRE_119_RECORD
AE_FIRE_EM_01020,RP_SLIP_TERRAIN,EVIDENCES,FIRE_119_RECORD
AE_FIRE_EM_01021,RP_MACHINE_01,EVIDENCES,FIRE_119_RECORD
AE_FIRE_EM_01022,RP_MACHINE_01,EVIDENCES,FIRE_119_RECORD
AE_FIRE_EM_01023,RP_TRAFFIC_01,EVIDENCES,FIRE_119_RECORD
AE_FIRE_EM_01024,RP_TRAFFIC_01,EVIDENCES,FIRE_119_RECORD
AE_FIRE_EM_01025,RP_ANIMAL_01,EVIDENCES,FIRE_119_RECORD
AE_FIRE_EM_01026,RP_SLIP_TERRAIN,EVIDENCES,FIRE_119_RECORD
AE_FIRE_EM_01027,RP_MACHINE_01,EVIDENCES,FIRE_119_RECORD
AE_FIRE_EM_01028,RP_SLIP_TERRAIN,EVIDENCES,FIRE_119_RECORD
AE_FIRE_EM_01029,RP_SLIP_TERRAIN,EVIDENCES,FIRE_119_RECORD
AE_FIRE_EM_01030,RP_TRAFFIC_01,EVIDENCES,FIRE_119_RECORD
AE_FIRE_EM_01031,RP_TRAFFIC_01,EVIDENCES,FIRE_119_RECORD
AE_FIRE_EM_01032,RP_SLIP_TERRAIN,EVIDENCES,FIRE_119_RECORD
AE_FIRE_EM_01033,RP_SLIP_TERRAIN,EVIDENCES,FIRE_119_RECORD
AE_FIRE_EM_01034,RP_SLIP_TERRAIN,EVIDENCES,FIRE_119_RECORD
AE_FIRE_EM_01035,RP_SLIP_TERRAIN,EVIDENCES,FIRE_119_RECORD
AE_FIRE_EM_01036,RP_TRAFFIC_01,EVIDENCES,FIRE_119_RECORD
AE_FIRE_EM_01037,RP_TRAFFIC_01,EVIDENCES,FIRE_119_RECORD
AE_FIRE_EM_01038,RP_SLIP_TERRAIN,EVIDENCES,FIRE_119_RECORD
AE_FIRE_EM_01039,RP_ANIMAL_01,EVIDENCES,FIRE_119_RECORD
AE_FIRE_EM_01040,RP_TRAFFIC_01,EVIDENCES,FIRE_119_RECORD
AE_FIRE_EM_01041,RP_TRAFFIC_01,EVIDENCES,FIRE_119_RECORD
AE_FIRE_EM_01042,RP_TRAFFIC_01,EVIDENCES,FIRE_119_RECORD
AE_FIRE_EM_01043,RP_SLIP_TERRAIN,EVIDENCES,FIRE_119_RECORD
AE_FIRE_EM_01044,RP_ANIMAL_01,EVIDENCES,FIRE_119_RECORD
AE_FIRE_EM_01045,RP_SLIP_TERRAIN,EVIDENCES,FIRE_119_RECORD
AE_FIRE_EM_01046,RP_SLIP_TERRAIN,EVIDENCES,FIRE_119_RECORD
AE_FIRE_EM_01047,RP_SLIP_TERRAIN,EVIDENCES,FIRE_119_RECORD
AE_FIRE_EM_01048,RP_TRAFFIC_01,EVIDENCES,FIRE_119_RECORD
AE_FIRE_EM_01049,RP_TRAFFIC_01,EVIDENCES,FIRE_119_RECORD
AE_FIRE_EM_01050,RP_SLIP_TERRAIN,EVIDENCES,FIRE_119_RECORD
AE_FIRE_EM_01051,RP_ANIMAL_01,EVIDENCES,FIRE_119_RECORD
AE_FIRE_EM_01052,RP_TRAFFIC_01,EVIDENCES,FIRE_119_RECORD
AE_FIRE_EM_01053,RP_TRAFFIC_01,EVIDENCES,FIRE_119_RECORD
AE_FIRE_EM_01054,RP_SLIP_TERRAIN,EVIDENCES,FIRE_119_RECORD
AE_FIRE_EM_01055,RP_MACHINE_01,EVIDENCES,FIRE_119_RECORD
AE_FIRE_EM_01056,RP_SLIP_TERRAIN,EVIDENCES,FIRE_119_RECORD
AE_FIRE_EM_01057,RP_FALL_CLIFF,EVIDENCES,FIRE_119_RECORD
AE_FIRE_EM_01058,RP_TRAFFIC_01,EVIDENCES,FIRE_119_RECORD
AE_FIRE_EM_01059,RP_ANIMAL_01,EVIDENCES,FIRE_119_RECORD
AE_FIRE_EM_01060,RP_TRAFFIC_01,EVIDENCES,FIRE_119_RECORD
AE_FIRE_EM_01061,RP_MACHINE_01,EVIDENCES,FIRE_119_RECORD
AE_FIRE_EM_01062,RP_SLIP_TERRAIN,EVIDENCES,FIRE_119_RECORD
AE_FIRE_EM_01063,RP_SLIP_TERRAIN,EVIDENCES,FIRE_119_RECORD
AE_FIRE_EM_01064,RP_SLIP_TERRAIN,EVIDENCES,FIRE_119_RECORD
AE_FIRE_EM_01065,RP_TRAFFIC_01,EVIDENCES,FIRE_119_RECORD
AE_FIRE_EM_01066,RP_MACHINE_01,EVIDENCES,FIRE_119_RECORD
AE_FIRE_EM_01067,RP_TRAFFIC_01,EVIDENCES,FIRE_119_RECORD
AE_FIRE_EM_01068,RP_TRAFFIC_01,EVIDENCES,FIRE_119_RECORD
AE_FIRE_EM_01069,RP_SLIP_TERRAIN,EVIDENCES,FIRE_119_RECORD
AE_FIRE_EM_01070,RP_MACHINE_01,EVIDENCES,FIRE_119_RECORD
AE_FIRE_EM_01071,RP_TRAFFIC_01,EVIDENCES,FIRE_119_RECORD
AE_FIRE_EM_01072,RP_SLIP_TERRAIN,EVIDENCES,FIRE_119_RECORD
AE_FIRE_EM_01073,RP_MACHINE_01,EVIDENCES,FIRE_119_RECORD
AE_FIRE_EM_01074,RP_SLIP_TERRAIN,EVIDENCES,FIRE_119_RECORD
AE_FIRE_EM_01075,RP_TRAFFIC_01,EVIDENCES,FIRE_119_RECORD
AE_FIRE_EM_01076,RP_MACHINE_01,EVIDENCES,FIRE_119_RECORD
AE_FIRE_EM_01077,RP_MACHINE_01,EVIDENCES,FIRE_119_RECORD
AE_FIRE_EM_01078,RP_TRAFFIC_01,EVIDENCES,FIRE_119_RECORD
AE_FIRE_EM_01079,RP_TRAFFIC_01,EVIDENCES,FIRE_119_RECORD
AE_FIRE_EM_01080,RP_TRAFFIC_01,EVIDENCES,FIRE_119_RECORD
AE_FIRE_EM_01081,RP_TRAFFIC_01,EVIDENCES,FIRE_119_RECORD
AE_FIRE_EM_01082,RP_SLIP_TERRAIN,EVIDENCES,FIRE_119_RECORD
AE_FIRE_EM_01083,RP_SLIP_TERRAIN,EVIDENCES,FIRE_119_RECORD
AE_FIRE_EM_01084,RP_SLIP_TERRAIN,EVIDENCES,FIRE_119_RECORD
AE_FIRE_EM_01085,RP_TRAFFIC_01,EVIDENCES,FIRE_119_RECORD
AE_FIRE_EM_01086,RP_TRAFFIC_01,EVIDENCES,FIRE_119_RECORD
AE_FIRE_EM_01087,RP_TRAFFIC_01,EVIDENCES,FIRE_119_RECORD
AE_FIRE_EM_01088,RP_MACHINE_01,EVIDENCES,FIRE_119_RECORD
AE_FIRE_EM_01089,RP_SLIP_TERRAIN,EVIDENCES,FIRE_119_RECORD
AE_FIRE_EM_01090,RP_SLIP_TERRAIN,EVIDENCES,FIRE_119_RECORD
AE_FIRE_EM_01091,RP_TRAFFIC_01,EVIDENCES,FIRE_119_RECORD
AE_FIRE_EM_01092,RP_SLIP_TERRAIN,EVIDENCES,FIRE_119_RECORD
AE_FIRE_EM_01093,RP_TRAFFIC_01,EVIDENCES,FIRE_119_RECORD
AE_FIRE_EM_01094,RP_TRAFFIC_01,EVIDENCES,FIRE_119_RECORD
AE_FIRE_EM_01095,RP_TRAFFIC_01,EVIDENCES,FIRE_119_RECORD
AE_FIRE_EM_01096,RP_SLIP_TERRAIN,EVIDENCES,FIRE_119_RECORD
AE_FIRE_EM_01097,RP_SLIP_TERRAIN,EVIDENCES,FIRE_119_RECORD
AE_FIRE_EM_01098,RP_SLIP_TERRAIN,EVIDENCES,FIRE_119_RECORD
AE_FIRE_EM_01099,RP_TRAFFIC_01,EVIDENCES,FIRE_119_RECORD
AE_FIRE_EM_01100,RP_TRAFFIC_01,EVIDENCES,FIRE_119_RECORD
AE_FIRE_EM_01101,RP_MACHINE_01,EVIDENCES,FIRE_119_RECORD
AE_FIRE_EM_01102,RP_ANIMAL_01,EVIDENCES,FIRE_119_RECORD
AE_FIRE_EM_01103,RP_TRAFFIC_01,EVIDENCES,FIRE_119_RECORD
AE_FIRE_EM_01104,RP_TRAFFIC_01,EVIDENCES,FIRE_119_RECORD
AE_FIRE_EM_01105,RP_SLIP_TERRAIN,EVIDENCES,FIRE_119_RECORD
AE_FIRE_EM_01106,RP_FALL_CLIFF,EVIDENCES,FIRE_119_RECORD
AE_FIRE_EM_01107,RP_SLIP_TERRAIN,EVIDENCES,FIRE_119_RECORD
AE_FIRE_EM_01108,RP_SLIP_TERRAIN,EVIDENCES,FIRE_119_RECORD
AE_FIRE_EM_01109,RP_SLIP_TERRAIN,EVIDENCES,FIRE_119_RECORD
AE_FIRE_EM_01110,RP_TRAFFIC_01,EVIDENCES,FIRE_119_RECORD
AE_FIRE_EM_01111,RP_MACHINE_01,EVIDENCES,FIRE_119_RECORD
AE_FIRE_EM_01112,RP_SLIP_TERRAIN,EVIDENCES,FIRE_119_RECORD
AE_FIRE_EM_01113,RP_TRAFFIC_01,EVIDENCES,FIRE_119_RECORD
AE_FIRE_EM_01114,RP_MACHINE_01,EVIDENCES,FIRE_119_RECORD
AE_FIRE_EM_01115,RP_TRAFFIC_01,EVIDENCES,FIRE_119_RECORD
AE_FIRE_EM_01116,RP_TRAFFIC_01,EVIDENCES,FIRE_119_RECORD
AE_FIRE_EM_01117,RP_TRAFFIC_01,EVIDENCES,FIRE_119_RECORD
AE_FIRE_EM_01118,RP_TRAFFIC_01,EVIDENCES,FIRE_119_RECORD
AE_FIRE_EM_01119,RP_TRAFFIC_01,EVIDENCES,FIRE_119_RECORD
AE_FIRE_EM_01120,RP_SLIP_TERRAIN,EVIDENCES,FIRE_119_RECORD
AE_FIRE_EM_01121,RP_SLIP_TERRAIN,EVIDENCES,FIRE_119_RECORD
AE_FIRE_EM_01122,RP_TRAFFIC_01,EVIDENCES,FIRE_119_RECORD
AE_FIRE_EM_01123,RP_SLIP_TERRAIN,EVIDENCES,FIRE_119_RECORD
AE_FIRE_EM_01124,RP_TRAFFIC_01,EVIDENCES,FIRE_119_RECORD
AE_FIRE_EM_01125,RP_TRAFFIC_01,EVIDENCES,FIRE_119_RECORD
AE_FIRE_EM_01126,RP_SLIP_TERRAIN,EVIDENCES,FIRE_119_RECORD
AE_FIRE_EM_01127,RP_MACHINE_01,EVIDENCES,FIRE_119_RECORD
AE_FIRE_EM_01128,RP_TRAFFIC_01,EVIDENCES,FIRE_119_RECORD
AE_FIRE_EM_01129,RP_TRAFFIC_01,EVIDENCES,FIRE_119_RECORD
AE_FIRE_EM_01130,RP_MACHINE_01,EVIDENCES,FIRE_119_RECORD
AE_FIRE_EM_01131,RP_TRAFFIC_01,EVIDENCES,FIRE_119_RECORD
AE_FIRE_EM_01132,RP_TRAFFIC_01,EVIDENCES,FIRE_119_RECORD
AE_FIRE_EM_01133,RP_MACHINE_01,EVIDENCES,FIRE_119_RECORD
AE_FIRE_EM_01134,RP_MACHINE_01,EVIDENCES,FIRE_119_RECORD
AE_FIRE_EM_01135,RP_TRAFFIC_01,EVIDENCES,FIRE_119_RECORD
AE_FIRE_EM_01136,RP_TRAFFIC_01,EVIDENCES,FIRE_119_RECORD
AE_FIRE_EM_01137,RP_CO_01,EVIDENCES,FIRE_119_RECORD
AE_FIRE_EM_01138,RP_TRAFFIC_01,EVIDENCES,FIRE_119_RECORD
AE_FIRE_EM_01139,RP_SLIP_TERRAIN,EVIDENCES,FIRE_119_RECORD
AE_FIRE_EM_01140,RP_SLIP_TERRAIN,EVIDENCES,FIRE_119_RECORD
AE_FIRE_EM_01141,RP_TRAFFIC_01,EVIDENCES,FIRE_119_RECORD
AE_FIRE_EM_01142,RP_SLIP_TERRAIN,EVIDENCES,FIRE_119_RECORD
AE_FIRE_EM_01143,RP_TRAFFIC_01,EVIDENCES,FIRE_119_RECORD
AE_FIRE_EM_01144,RP_SLIP_TERRAIN,EVIDENCES,FIRE_119_RECORD
AE_FIRE_EM_01145,RP_MACHINE_01,EVIDENCES,FIRE_119_RECORD
AE_FIRE_EM_01146,RP_TRAFFIC_01,EVIDENCES,FIRE_119_RECORD
AE_FIRE_EM_01147,RP_SLIP_TERRAIN,EVIDENCES,FIRE_119_RECORD
AE_FIRE_EM_01148,RP_SLIP_TERRAIN,EVIDENCES,FIRE_119_RECORD
AE_FIRE_EM_01149,RP_MACHINE_01,EVIDENCES,FIRE_119_RECORD
AE_FIRE_EM_01150,RP_TRAFFIC_01,EVIDENCES,FIRE_119_RECORD
AE_FIRE_EM_01151,RP_SLIP_TERRAIN,EVIDENCES,FIRE_119_RECORD
AE_FIRE_EM_01152,RP_TRAFFIC_01,EVIDENCES,FIRE_119_RECORD
AE_FIRE_EM_01153,RP_DROWN_01,EVIDENCES,FIRE_119_RECORD
AE_FIRE_EM_01154,RP_SLIP_TERRAIN,EVIDENCES,FIRE_119_RECORD
AE_FIRE_EM_01155,RP_TRAFFIC_01,EVIDENCES,FIRE_119_RECORD
AE_FIRE_EM_01156,RP_TRAFFIC_01,EVIDENCES,FIRE_119_RECORD
AE_FIRE_EM_01157,RP_SLIP_TERRAIN,EVIDENCES,FIRE_119_RECORD
AE_FIRE_EM_01158,RP_TRAFFIC_01,EVIDENCES,FIRE_119_RECORD
AE_FIRE_EM_01159,RP_MACHINE_01,EVIDENCES,FIRE_119_RECORD
AE_FIRE_EM_01160,RP_SLIP_TERRAIN,EVIDENCES,FIRE_119_RECORD
AE_FIRE_EM_01161,RP_TRAFFIC_01,EVIDENCES,FIRE_119_RECORD
AE_FIRE_EM_01162,RP_MACHINE_01,EVIDENCES,FIRE_119_RECORD
AE_FIRE_EM_01163,RP_CO_01,EVIDENCES,FIRE_119_RECORD
AE_FIRE_EM_01164,RP_TRAFFIC_01,EVIDENCES,FIRE_119_RECORD
AE_FIRE_EM_01165,RP_SLIP_TERRAIN,EVIDENCES,FIRE_119_RECORD
AE_FIRE_EM_01166,RP_MACHINE_01,EVIDENCES,FIRE_119_RECORD
AE_FIRE_EM_01167,RP_DROWN_01,EVIDENCES,FIRE_119_RECORD
AE_FIRE_EM_01168,RP_SLIP_TERRAIN,EVIDENCES,FIRE_119_RECORD
AE_FIRE_EM_01169,RP_TRAFFIC_01,EVIDENCES,FIRE_119_RECORD
AE_FIRE_EM_01170,RP_SLIP_TERRAIN,EVIDENCES,FIRE_119_RECORD
AE_FIRE_EM_01171,RP_SLIP_TERRAIN,EVIDENCES,FIRE_119_RECORD
AE_FIRE_EM_01172,RP_SLIP_TERRAIN,EVIDENCES,FIRE_119_RECORD
AE_FIRE_EM_01173,RP_SLIP_TERRAIN,EVIDENCES,FIRE_119_RECORD
AE_FIRE_EM_01174,RP_SLIP_TERRAIN,EVIDENCES,FIRE_119_RECORD
AE_FIRE_EM_01175,RP_SLIP_TERRAIN,EVIDENCES,FIRE_119_RECORD
AE_FIRE_EM_01176,RP_MACHINE_01,EVIDENCES,FIRE_119_RECORD
AE_FIRE_EM_01177,RP_TRAFFIC_01,EVIDENCES,FIRE_119_RECORD
AE_FIRE_EM_01178,RP_SLIP_TERRAIN,EVIDENCES,FIRE_119_RECORD
AE_FIRE_EM_01179,RP_SLIP_TERRAIN,EVIDENCES,FIRE_119_RECORD
AE_FIRE_EM_01180,RP_TRAFFIC_01,EVIDENCES,FIRE_119_RECORD
AE_FIRE_EM_01181,RP_MACHINE_01,EVIDENCES,FIRE_119_RECORD
AE_FIRE_EM_01182,RP_SLIP_TERRAIN,EVIDENCES,FIRE_119_RECORD
AE_FIRE_EM_01183,RP_SLIP_TERRAIN,EVIDENCES,FIRE_119_RECORD
AE_FIRE_EM_01184,RP_CO_01,EVIDENCES,FIRE_119_RECORD
AE_FIRE_EM_01185,RP_TRAFFIC_01,EVIDENCES,FIRE_119_RECORD
AE_FIRE_EM_01186,RP_MACHINE_01,EVIDENCES,FIRE_119_RECORD
AE_FIRE_EM_01187,RP_SLIP_TERRAIN,EVIDENCES,FIRE_119_RECORD
AE_FIRE_EM_01188,RP_SLIP_TERRAIN,EVIDENCES,FIRE_119_RECORD
AE_FIRE_EM_01189,RP_MACHINE_01,EVIDENCES,FIRE_119_RECORD
AE_FIRE_EM_01190,RP_SLIP_TERRAIN,EVIDENCES,FIRE_119_RECORD
AE_FIRE_EM_01191,RP_TRAFFIC_01,EVIDENCES,FIRE_119_RECORD
AE_FIRE_EM_01192,RP_TRAFFIC_01,EVIDENCES,FIRE_119_RECORD
AE_FIRE_EM_01193,RP_TRAFFIC_01,EVIDENCES,FIRE_119_RECORD
AE_FIRE_EM_01194,RP_FALL_CLIFF,EVIDENCES,FIRE_119_RECORD
AE_FIRE_EM_01195,RP_MACHINE_01,EVIDENCES,FIRE_119_RECORD
AE_FIRE_EM_01196,RP_ANIMAL_01,EVIDENCES,FIRE_119_RECORD
AE_FIRE_EM_01197,RP_TRAFFIC_01,EVIDENCES,FIRE_119_RECORD
AE_FIRE_EM_01198,RP_TRAFFIC_01,EVIDENCES,FIRE_119_RECORD
AE_FIRE_EM_01199,RP_TRAFFIC_01,EVIDENCES,FIRE_119_RECORD
AE_FIRE_EM_01200,RP_TRAFFIC_01,EVIDENCES,FIRE_119_RECORD
AE_FIRE_EM_01201,RP_TRAFFIC_01,EVIDENCES,FIRE_119_RECORD
AE_FIRE_EM_01202,RP_TRAFFIC_01,EVIDENCES,FIRE_119_RECORD
AE_FIRE_EM_01203,RP_TRAFFIC_01,EVIDENCES,FIRE_119_RECORD
AE_FIRE_EM_01204,RP_SLIP_TERRAIN,EVIDENCES,FIRE_119_RECORD
AE_FIRE_EM_01205,RP_SLIP_TERRAIN,EVIDENCES,FIRE_119_RECORD
AE_FIRE_EM_01206,RP_TRAFFIC_01,EVIDENCES,FIRE_119_RECORD
AE_FIRE_EM_01207,RP_SLIP_TERRAIN,EVIDENCES,FIRE_119_RECORD
AE_FIRE_EM_01208,RP_SLIP_TERRAIN,EVIDENCES,FIRE_119_RECORD
AE_FIRE_EM_01209,RP_TRAFFIC_01,EVIDENCES,FIRE_119_RECORD
AE_FIRE_EM_01210,RP_MACHINE_01,EVIDENCES,FIRE_119_RECORD
AE_FIRE_EM_01211,RP_SLIP_TERRAIN,EVIDENCES,FIRE_119_RECORD
AE_FIRE_EM_01212,RP_ANIMAL_01,EVIDENCES,FIRE_119_RECORD
AE_FIRE_EM_01213,RP_TRAFFIC_01,EVIDENCES,FIRE_119_RECORD
AE_FIRE_EM_01214,RP_MACHINE_01,EVIDENCES,FIRE_119_RECORD
AE_FIRE_EM_01215,RP_MACHINE_01,EVIDENCES,FIRE_119_RECORD
AE_FIRE_EM_01216,RP_MACHINE_01,EVIDENCES,FIRE_119_RECORD
AE_FIRE_EM_01217,RP_MACHINE_01,EVIDENCES,FIRE_119_RECORD
AE_FIRE_EM_01218,RP_TRAFFIC_01,EVIDENCES,FIRE_119_RECORD
AE_FIRE_EM_01219,RP_FALL_CLIFF,EVIDENCES,FIRE_119_RECORD
AE_FIRE_EM_01220,RP_DROWN_01,EVIDENCES,FIRE_119_RECORD
AE_FIRE_EM_01221,RP_TRAFFIC_01,EVIDENCES,FIRE_119_RECORD
AE_FIRE_EM_01222,RP_ANIMAL_01,EVIDENCES,FIRE_119_RECORD
AE_FIRE_EM_01223,RP_CO_01,EVIDENCES,FIRE_119_RECORD
AE_FIRE_EM_01224,RP_SLIP_TERRAIN,EVIDENCES,FIRE_119_RECORD
AE_FIRE_EM_01225,RP_TRAFFIC_01,EVIDENCES,FIRE_119_RECORD
AE_FIRE_EM_01226,RP_SLIP_TERRAIN,EVIDENCES,FIRE_119_RECORD
AE_FIRE_EM_01227,RP_TRAFFIC_01,EVIDENCES,FIRE_119_RECORD
AE_FIRE_EM_01228,RP_SLIP_TERRAIN,EVIDENCES,FIRE_119_RECORD
AE_FIRE_EM_01229,RP_SLIP_TERRAIN,EVIDENCES,FIRE_119_RECORD
AE_FIRE_EM_01230,RP_MACHINE_01,EVIDENCES,FIRE_119_RECORD
AE_FIRE_EM_01231,RP_TRAFFIC_01,EVIDENCES,FIRE_119_RECORD
AE_FIRE_EM_01232,RP_ANIMAL_01,EVIDENCES,FIRE_119_RECORD
AE_FIRE_EM_01233,RP_TRAFFIC_01,EVIDENCES,FIRE_119_RECORD
AE_FIRE_EM_01234,RP_TRAFFIC_01,EVIDENCES,FIRE_119_RECORD
AE_FIRE_EM_01235,RP_TRAFFIC_01,EVIDENCES,FIRE_119_RECORD
AE_FIRE_EM_01236,RP_MACHINE_01,EVIDENCES,FIRE_119_RECORD
AE_FIRE_EM_01237,RP_SLIP_TERRAIN,EVIDENCES,FIRE_119_RECORD
AE_FIRE_EM_01238,RP_ANIMAL_01,EVIDENCES,FIRE_119_RECORD
AE_FIRE_EM_01239,RP_SLIP_TERRAIN,EVIDENCES,FIRE_119_RECORD
AE_FIRE_EM_01240,RP_MACHINE_01,EVIDENCES,FIRE_119_RECORD
AE_FIRE_EM_01241,RP_TRAFFIC_01,EVIDENCES,FIRE_119_RECORD
AE_FIRE_EM_01242,RP_MACHINE_01,EVIDENCES,FIRE_119_RECORD
AE_FIRE_EM_01243,RP_SLIP_TERRAIN,EVIDENCES,FIRE_119_RECORD
AE_FIRE_EM_01244,RP_SLIP_TERRAIN,EVIDENCES,FIRE_119_RECORD
AE_FIRE_EM_01245,RP_SLIP_TERRAIN,EVIDENCES,FIRE_119_RECORD
AE_FIRE_EM_01246,RP_CO_01,EVIDENCES,FIRE_119_RECORD
AE_FIRE_EM_01247,RP_SLIP_TERRAIN,EVIDENCES,FIRE_119_RECORD
AE_FIRE_EM_01248,RP_SLIP_TERRAIN,EVIDENCES,FIRE_119_RECORD
AE_FIRE_EM_01249,RP_MACHINE_01,EVIDENCES,FIRE_119_RECORD
AE_FIRE_EM_01250,RP_MACHINE_01,EVIDENCES,FIRE_119_RECORD
AE_FIRE_EM_01251,RP_SLIP_TERRAIN,EVIDENCES,FIRE_119_RECORD
AE_FIRE_EM_01252,RP_SLIP_TERRAIN,EVIDENCES,FIRE_119_RECORD
AE_FIRE_EM_01253,RP_FALL_CLIFF,EVIDENCES,FIRE_119_RECORD
AE_FIRE_EM_01254,RP_MACHINE_01,EVIDENCES,FIRE_119_RECORD
AE_FIRE_EM_01255,RP_SLIP_TERRAIN,EVIDENCES,FIRE_119_RECORD
AE_FIRE_EM_01256,RP_SLIP_TERRAIN,EVIDENCES,FIRE_119_RECORD
AE_FIRE_EM_01257,RP_SLIP_TERRAIN,EVIDENCES,FIRE_119_RECORD
AE_FIRE_EM_01258,RP_SLIP_TERRAIN,EVIDENCES,FIRE_119_RECORD
AE_FIRE_EM_01259,RP_MACHINE_01,EVIDENCES,FIRE_119_RECORD
AE_FIRE_EM_01260,RP_TRAFFIC_01,EVIDENCES,FIRE_119_RECORD
AE_FIRE_EM_01261,RP_SLIP_TERRAIN,EVIDENCES,FIRE_119_RECORD
AE_FIRE_EM_01262,RP_SLIP_TERRAIN,EVIDENCES,FIRE_119_RECORD
AE_FIRE_EM_01263,RP_SLIP_TERRAIN,EVIDENCES,FIRE_119_RECORD
AE_FIRE_EM_01264,RP_TRAFFIC_01,EVIDENCES,FIRE_119_RECORD
AE_FIRE_EM_01265,RP_TRAFFIC_01,EVIDENCES,FIRE_119_RECORD
AE_FIRE_EM_01266,RP_TRAFFIC_01,EVIDENCES,FIRE_119_RECORD
AE_FIRE_EM_01267,RP_TRAFFIC_01,EVIDENCES,FIRE_119_RECORD
AE_FIRE_EM_01268,RP_TRAFFIC_01,EVIDENCES,FIRE_119_RECORD
AE_FIRE_EM_01269,RP_SLIP_TERRAIN,EVIDENCES,FIRE_119_RECORD
AE_FIRE_EM_01270,RP_TRAFFIC_01,EVIDENCES,FIRE_119_RECORD
AE_FIRE_EM_01271,RP_TRAFFIC_01,EVIDENCES,FIRE_119_RECORD
AE_FIRE_EM_01272,RP_TRAFFIC_01,EVIDENCES,FIRE_119_RECORD
AE_FIRE_EM_01273,RP_TRAFFIC_01,EVIDENCES,FIRE_119_RECORD
AE_FIRE_EM_01274,RP_MACHINE_01,EVIDENCES,FIRE_119_RECORD
AE_FIRE_EM_01275,RP_MACHINE_01,EVIDENCES,FIRE_119_RECORD
AE_FIRE_EM_01276,RP_FALL_CLIFF,EVIDENCES,FIRE_119_RECORD
AE_FIRE_EM_01277,RP_SLIP_TERRAIN,EVIDENCES,FIRE_119_RECORD
AE_FIRE_EM_01278,RP_MACHINE_01,EVIDENCES,FIRE_119_RECORD
AE_FIRE_EM_01279,RP_MACHINE_01,EVIDENCES,FIRE_119_RECORD
AE_FIRE_EM_01280,RP_SLIP_TERRAIN,EVIDENCES,FIRE_119_RECORD
AE_FIRE_EM_01281,RP_TRAFFIC_01,EVIDENCES,FIRE_119_RECORD
AE_FIRE_EM_01282,RP_TRAFFIC_01,EVIDENCES,FIRE_119_RECORD
AE_FIRE_EM_01283,RP_TRAFFIC_01,EVIDENCES,FIRE_119_RECORD
AE_FIRE_EM_01284,RP_TRAFFIC_01,EVIDENCES,FIRE_119_RECORD
AE_FIRE_EM_01285,RP_MACHINE_01,EVIDENCES,FIRE_119_RECORD
AE_FIRE_EM_01286,RP_MACHINE_01,EVIDENCES,FIRE_119_RECORD
AE_FIRE_EM_01287,RP_DROWN_01,EVIDENCES,FIRE_119_RECORD
AE_FIRE_EM_01288,RP_DROWN_01,EVIDENCES,FIRE_119_RECORD
AE_FIRE_EM_01289,RP_FALL_CLIFF,EVIDENCES,FIRE_119_RECORD
AE_FIRE_EM_01290,RP_MACHINE_01,EVIDENCES,FIRE_119_RECORD
AE_FIRE_EM_01291,RP_SLIP_TERRAIN,EVIDENCES,FIRE_119_RECORD
AE_FIRE_EM_01292,RP_TRAFFIC_01,EVIDENCES,FIRE_119_RECORD
AE_FIRE_EM_01293,RP_TRAFFIC_01,EVIDENCES,FIRE_119_RECORD
AE_FIRE_EM_01294,RP_SLIP_TERRAIN,EVIDENCES,FIRE_119_RECORD
AE_FIRE_EM_01295,RP_SLIP_TERRAIN,EVIDENCES,FIRE_119_RECORD
AE_FIRE_EM_01296,RP_ANIMAL_01,EVIDENCES,FIRE_119_RECORD
AE_FIRE_EM_01297,RP_FALL_CLIFF,EVIDENCES,FIRE_119_RECORD
AE_FIRE_EM_01298,RP_SLIP_TERRAIN,EVIDENCES,FIRE_119_RECORD
AE_FIRE_EM_01299,RP_TRAFFIC_01,EVIDENCES,FIRE_119_RECORD
AE_FIRE_EM_01300,RP_SLIP_TERRAIN,EVIDENCES,FIRE_119_RECORD
AE_FIRE_EM_01301,RP_MACHINE_01,EVIDENCES,FIRE_119_RECORD
AE_FIRE_EM_01302,RP_TRAFFIC_01,EVIDENCES,FIRE_119_RECORD
AE_FIRE_EM_01303,RP_TRAFFIC_01,EVIDENCES,FIRE_119_RECORD
AE_FIRE_EM_01304,RP_TRAFFIC_01,EVIDENCES,FIRE_119_RECORD
AE_FIRE_EM_01305,RP_TRAFFIC_01,EVIDENCES,FIRE_119_RECORD
AE_FIRE_EM_01306,RP_TRAFFIC_01,EVIDENCES,FIRE_119_RECORD
AE_FIRE_EM_01307,RP_MACHINE_01,EVIDENCES,FIRE_119_RECORD
AE_FIRE_EM_01308,RP_TRAFFIC_01,EVIDENCES,FIRE_119_RECORD
AE_FIRE_EM_01309,RP_TRAFFIC_01,EVIDENCES,FIRE_119_RECORD
AE_FIRE_EM_01310,RP_SLIP_TERRAIN,EVIDENCES,FIRE_119_RECORD
AE_FIRE_EM_01311,RP_TRAFFIC_01,EVIDENCES,FIRE_119_RECORD
AE_FIRE_EM_01312,RP_MACHINE_01,EVIDENCES,FIRE_119_RECORD
AE_FIRE_EM_01313,RP_SLIP_TERRAIN,EVIDENCES,FIRE_119_RECORD
AE_FIRE_EM_01314,RP_MACHINE_01,EVIDENCES,FIRE_119_RECORD
AE_FIRE_EM_01315,RP_SLIP_TERRAIN,EVIDENCES,FIRE_119_RECORD
AE_FIRE_EM_01316,RP_TRAFFIC_01,EVIDENCES,FIRE_119_RECORD
AE_FIRE_EM_01317,RP_TRAFFIC_01,EVIDENCES,FIRE_119_RECORD
AE_FIRE_EM_01318,RP_TRAFFIC_01,EVIDENCES,FIRE_119_RECORD
AE_FIRE_EM_01319,RP_TRAFFIC_01,EVIDENCES,FIRE_119_RECORD
AE_FIRE_EM_01320,RP_SLIP_TERRAIN,EVIDENCES,FIRE_119_RECORD
AE_FIRE_EM_01321,RP_FALL_CLIFF,EVIDENCES,FIRE_119_RECORD
AE_FIRE_EM_01322,RP_TRAFFIC_01,EVIDENCES,FIRE_119_RECORD
AE_FIRE_EM_01323,RP_TRAFFIC_01,EVIDENCES,FIRE_119_RECORD
AE_FIRE_EM_01324,RP_SLIP_TERRAIN,EVIDENCES,FIRE_119_RECORD
AE_FIRE_EM_01325,RP_TRAFFIC_01,EVIDENCES,FIRE_119_RECORD
AE_FIRE_EM_01326,RP_ANIMAL_01,EVIDENCES,FIRE_119_RECORD
AE_FIRE_EM_01327,RP_FALL_CLIFF,EVIDENCES,FIRE_119_RECORD
AE_FIRE_EM_01328,RP_TRAFFIC_01,EVIDENCES,FIRE_119_RECORD
AE_FIRE_EM_01329,RP_TRAFFIC_01,EVIDENCES,FIRE_119_RECORD
AE_FIRE_EM_01330,RP_TRAFFIC_01,EVIDENCES,FIRE_119_RECORD
AE_FIRE_EM_01331,RP_TRAFFIC_01,EVIDENCES,FIRE_119_RECORD
AE_FIRE_EM_01332,RP_ANIMAL_01,EVIDENCES,FIRE_119_RECORD
AE_FIRE_EM_01333,RP_ANIMAL_01,EVIDENCES,FIRE_119_RECORD
AE_FIRE_EM_01334,RP_TRAFFIC_01,EVIDENCES,FIRE_119_RECORD
AE_FIRE_EM_01335,RP_TRAFFIC_01,EVIDENCES,FIRE_119_RECORD
AE_FIRE_EM_01336,RP_ANIMAL_01,EVIDENCES,FIRE_119_RECORD
AE_FIRE_EM_01337,RP_ANIMAL_01,EVIDENCES,FIRE_119_RECORD
AE_FIRE_EM_01338,RP_TRAFFIC_01,EVIDENCES,FIRE_119_RECORD
AE_FIRE_EM_01339,RP_ANIMAL_01,EVIDENCES,FIRE_119_RECORD
AE_FIRE_EM_01340,RP_MACHINE_01,EVIDENCES,FIRE_119_RECORD
AE_FIRE_EM_01341,RP_MACHINE_01,EVIDENCES,FIRE_119_RECORD
AE_FIRE_EM_01342,RP_SLIP_TERRAIN,EVIDENCES,FIRE_119_RECORD
AE_FIRE_EM_01343,RP_TRAFFIC_01,EVIDENCES,FIRE_119_RECORD
AE_FIRE_EM_01344,RP_TRAFFIC_01,EVIDENCES,FIRE_119_RECORD
AE_FIRE_EM_01345,RP_MACHINE_01,EVIDENCES,FIRE_119_RECORD
AE_FIRE_EM_01346,RP_SLIP_TERRAIN,EVIDENCES,FIRE_119_RECORD
AE_FIRE_EM_01347,RP_SLIP_TERRAIN,EVIDENCES,FIRE_119_RECORD
AE_FIRE_EM_01348,RP_SLIP_TERRAIN,EVIDENCES,FIRE_119_RECORD
AE_FIRE_EM_01349,RP_TRAFFIC_01,EVIDENCES,FIRE_119_RECORD
AE_FIRE_EM_01350,RP_SLIP_TERRAIN,EVIDENCES,FIRE_119_RECORD
AE_FIRE_EM_01351,RP_MACHINE_01,EVIDENCES,FIRE_119_RECORD
AE_FIRE_EM_01352,RP_MACHINE_01,EVIDENCES,FIRE_119_RECORD
AE_FIRE_EM_01353,RP_MACHINE_01,EVIDENCES,FIRE_119_RECORD
AE_FIRE_EM_01354,RP_MACHINE_01,EVIDENCES,FIRE_119_RECORD
AE_FIRE_EM_01355,RP_TRAFFIC_01,EVIDENCES,FIRE_119_RECORD
AE_FIRE_EM_01356,RP_MACHINE_01,EVIDENCES,FIRE_119_RECORD
AE_FIRE_EM_01357,RP_MACHINE_01,EVIDENCES,FIRE_119_RECORD
AE_FIRE_EM_01358,RP_TRAFFIC_01,EVIDENCES,FIRE_119_RECORD
AE_FIRE_EM_01359,RP_SLIP_TERRAIN,EVIDENCES,FIRE_119_RECORD
AE_FIRE_EM_01360,RP_SLIP_TERRAIN,EVIDENCES,FIRE_119_RECORD
AE_FIRE_EM_01361,RP_TRAFFIC_01,EVIDENCES,FIRE_119_RECORD
AE_FIRE_EM_01362,RP_SLIP_TERRAIN,EVIDENCES,FIRE_119_RECORD
AE_FIRE_EM_01363,RP_TRAFFIC_01,EVIDENCES,FIRE_119_RECORD
AE_FIRE_EM_01364,RP_TRAFFIC_01,EVIDENCES,FIRE_119_RECORD
AE_FIRE_EM_01365,RP_SLIP_TERRAIN,EVIDENCES,FIRE_119_RECORD
AE_FIRE_EM_01366,RP_SLIP_TERRAIN,EVIDENCES,FIRE_119_RECORD
AE_FIRE_EM_01367,RP_ANIMAL_01,EVIDENCES,FIRE_119_RECORD
AE_FIRE_EM_01368,RP_TRAFFIC_01,EVIDENCES,FIRE_119_RECORD
AE_FIRE_EM_01369,RP_TRAFFIC_01,EVIDENCES,FIRE_119_RECORD
AE_FIRE_EM_01370,RP_TRAFFIC_01,EVIDENCES,FIRE_119_RECORD
AE_FIRE_EM_01371,RP_TRAFFIC_01,EVIDENCES,FIRE_119_RECORD
AE_FIRE_EM_01372,RP_TRAFFIC_01,EVIDENCES,FIRE_119_RECORD
AE_FIRE_EM_01373,RP_SLIP_TERRAIN,EVIDENCES,FIRE_119_RECORD
AE_FIRE_EM_01374,RP_TRAFFIC_01,EVIDENCES,FIRE_119_RECORD
AE_FIRE_EM_01375,RP_CO_01,EVIDENCES,FIRE_119_RECORD
AE_FIRE_EM_01376,RP_SLIP_TERRAIN,EVIDENCES,FIRE_119_RECORD
AE_FIRE_EM_01377,RP_SLIP_TERRAIN,EVIDENCES,FIRE_119_RECORD
AE_FIRE_EM_01378,RP_TRAFFIC_01,EVIDENCES,FIRE_119_RECORD
AE_FIRE_EM_01379,RP_SLIP_TERRAIN,EVIDENCES,FIRE_119_RECORD
AE_FIRE_EM_01380,RP_SLIP_TERRAIN,EVIDENCES,FIRE_119_RECORD
AE_FIRE_EM_01381,RP_ANIMAL_01,EVIDENCES,FIRE_119_RECORD
AE_FIRE_EM_01382,RP_MACHINE_01,EVIDENCES,FIRE_119_RECORD
AE_FIRE_EM_01383,RP_SLIP_TERRAIN,EVIDENCES,FIRE_119_RECORD
AE_FIRE_EM_01384,RP_SLIP_TERRAIN,EVIDENCES,FIRE_119_RECORD
AE_FIRE_EM_01385,RP_SLIP_TERRAIN,EVIDENCES,FIRE_119_RECORD
AE_FIRE_EM_01386,RP_TRAFFIC_01,EVIDENCES,FIRE_119_RECORD
AE_FIRE_EM_01387,RP_SLIP_TERRAIN,EVIDENCES,FIRE_119_RECORD
AE_FIRE_EM_01388,RP_TRAFFIC_01,EVIDENCES,FIRE_119_RECORD
AE_FIRE_EM_01389,RP_MACHINE_01,EVIDENCES,FIRE_119_RECORD
AE_FIRE_EM_01390,RP_SLIP_TERRAIN,EVIDENCES,FIRE_119_RECORD
AE_FIRE_EM_01391,RP_CO_01,EVIDENCES,FIRE_119_RECORD
AE_FIRE_EM_01392,RP_TRAFFIC_01,EVIDENCES,FIRE_119_RECORD
AE_FIRE_EM_01393,RP_TRAFFIC_01,EVIDENCES,FIRE_119_RECORD
AE_FIRE_EM_01394,RP_TRAFFIC_01,EVIDENCES,FIRE_119_RECORD
AE_FIRE_EM_01395,RP_SLIP_TERRAIN,EVIDENCES,FIRE_119_RECORD
AE_FIRE_EM_01396,RP_TRAFFIC_01,EVIDENCES,FIRE_119_RECORD
AE_FIRE_EM_01397,RP_TRAFFIC_01,EVIDENCES,FIRE_119_RECORD
AE_FIRE_EM_01398,RP_TRAFFIC_01,EVIDENCES,FIRE_119_RECORD
AE_FIRE_EM_01399,RP_SLIP_TERRAIN,EVIDENCES,FIRE_119_RECORD
AE_FIRE_EM_01400,RP_SLIP_TERRAIN,EVIDENCES,FIRE_119_RECORD
AE_FIRE_EM_01401,RP_ANIMAL_01,EVIDENCES,FIRE_119_RECORD
AE_FIRE_EM_01402,RP_ANIMAL_01,EVIDENCES,FIRE_119_RECORD
AE_FIRE_EM_01403,RP_SLIP_TERRAIN,EVIDENCES,FIRE_119_RECORD
AE_FIRE_EM_01404,RP_TRAFFIC_01,EVIDENCES,FIRE_119_RECORD
AE_FIRE_EM_01405,RP_TRAFFIC_01,EVIDENCES,FIRE_119_RECORD
AE_FIRE_EM_01406,RP_TRAFFIC_01,EVIDENCES,FIRE_119_RECORD
AE_FIRE_EM_01407,RP_FALL_CLIFF,EVIDENCES,FIRE_119_RECORD
AE_FIRE_EM_01408,RP_MACHINE_01,EVIDENCES,FIRE_119_RECORD
AE_FIRE_EM_01409,RP_SLIP_TERRAIN,EVIDENCES,FIRE_119_RECORD
AE_FIRE_EM_01410,RP_TRAFFIC_01,EVIDENCES,FIRE_119_RECORD
AE_FIRE_EM_01411,RP_ANIMAL_01,EVIDENCES,FIRE_119_RECORD
AE_FIRE_EM_01412,RP_SLIP_TERRAIN,EVIDENCES,FIRE_119_RECORD
AE_FIRE_EM_01413,RP_SLIP_TERRAIN,EVIDENCES,FIRE_119_RECORD
AE_FIRE_EM_01414,RP_SLIP_TERRAIN,EVIDENCES,FIRE_119_RECORD
AE_FIRE_EM_01415,RP_SLIP_TERRAIN,EVIDENCES,FIRE_119_RECORD
AE_FIRE_EM_01416,RP_ANIMAL_01,EVIDENCES,FIRE_119_RECORD
AE_FIRE_EM_01417,RP_ANIMAL_01,EVIDENCES,FIRE_119_RECORD
AE_FIRE_EM_01418,RP_SLIP_TERRAIN,EVIDENCES,FIRE_119_RECORD
AE_FIRE_EM_01419,RP_SLIP_TERRAIN,EVIDENCES,FIRE_119_RECORD
AE_FIRE_EM_01420,RP_TRAFFIC_01,EVIDENCES,FIRE_119_RECORD
AE_FIRE_EM_01421,RP_CO_01,EVIDENCES,FIRE_119_RECORD
AE_FIRE_EM_01422,RP_HEAT_02,EVIDENCES,FIRE_119_RECORD
AE_FIRE_EM_01423,RP_SLIP_TERRAIN,EVIDENCES,FIRE_119_RECORD
AE_FIRE_EM_01424,RP_TRAFFIC_01,EVIDENCES,FIRE_119_RECORD
AE_FIRE_EM_01425,RP_FALL_CLIFF,EVIDENCES,FIRE_119_RECORD
AE_FIRE_EM_01426,RP_TRAFFIC_01,EVIDENCES,FIRE_119_RECORD
AE_FIRE_EM_01427,RP_TRAFFIC_01,EVIDENCES,FIRE_119_RECORD
AE_FIRE_EM_01428,RP_TRAFFIC_01,EVIDENCES,FIRE_119_RECORD
AE_FIRE_EM_01429,RP_SLIP_TERRAIN,EVIDENCES,FIRE_119_RECORD
AE_FIRE_EM_01430,RP_DROWN_01,EVIDENCES,FIRE_119_RECORD
AE_FIRE_EM_01431,RP_SLIP_TERRAIN,EVIDENCES,FIRE_119_RECORD
AE_FIRE_EM_01432,RP_SLIP_TERRAIN,EVIDENCES,FIRE_119_RECORD
AE_FIRE_EM_01433,RP_SLIP_TERRAIN,EVIDENCES,FIRE_119_RECORD
AE_FIRE_EM_01434,RP_SLIP_TERRAIN,EVIDENCES,FIRE_119_RECORD
AE_FIRE_EM_01435,RP_SLIP_TERRAIN,EVIDENCES,FIRE_119_RECORD
AE_FIRE_EM_01436,RP_TRAFFIC_01,EVIDENCES,FIRE_119_RECORD
AE_FIRE_EM_01437,RP_SLIP_TERRAIN,EVIDENCES,FIRE_119_RECORD
AE_FIRE_EM_01438,RP_ANIMAL_01,EVIDENCES,FIRE_119_RECORD
AE_FIRE_EM_01439,RP_TRAFFIC_01,EVIDENCES,FIRE_119_RECORD
AE_FIRE_EM_01440,RP_TRAFFIC_01,EVIDENCES,FIRE_119_RECORD
AE_FIRE_EM_01441,RP_TRAFFIC_01,EVIDENCES,FIRE_119_RECORD
AE_FIRE_EM_01442,RP_TRAFFIC_01,EVIDENCES,FIRE_119_RECORD
AE_FIRE_EM_01443,RP_MACHINE_01,EVIDENCES,FIRE_119_RECORD
AE_FIRE_EM_01444,RP_TRAFFIC_01,EVIDENCES,FIRE_119_RECORD
AE_FIRE_EM_01445,RP_FALL_CLIFF,EVIDENCES,FIRE_119_RECORD
AE_FIRE_EM_01446,RP_SLIP_TERRAIN,EVIDENCES,FIRE_119_RECORD
AE_FIRE_EM_01447,RP_SLIP_TERRAIN,EVIDENCES,FIRE_119_RECORD
AE_FIRE_EM_01448,RP_TRAFFIC_01,EVIDENCES,FIRE_119_RECORD
AE_FIRE_EM_01449,RP_MACHINE_01,EVIDENCES,FIRE_119_RECORD
AE_FIRE_EM_01450,RP_TRAFFIC_01,EVIDENCES,FIRE_119_RECORD
AE_FIRE_EM_01451,RP_ANIMAL_01,EVIDENCES,FIRE_119_RECORD
AE_FIRE_EM_01452,RP_TRAFFIC_01,EVIDENCES,FIRE_119_RECORD
AE_FIRE_EM_01453,RP_TRAFFIC_01,EVIDENCES,FIRE_119_RECORD
AE_FIRE_EM_01454,RP_TRAFFIC_01,EVIDENCES,FIRE_119_RECORD
AE_FIRE_EM_01455,RP_TRAFFIC_01,EVIDENCES,FIRE_119_RECORD
AE_FIRE_EM_01456,RP_MACHINE_01,EVIDENCES,FIRE_119_RECORD
AE_FIRE_EM_01457,RP_DROWN_01,EVIDENCES,FIRE_119_RECORD
AE_FIRE_EM_01458,RP_MACHINE_01,EVIDENCES,FIRE_119_RECORD
AE_FIRE_EM_01459,RP_ANIMAL_01,EVIDENCES,FIRE_119_RECORD
AE_FIRE_EM_01460,RP_SLIP_TERRAIN,EVIDENCES,FIRE_119_RECORD
AE_FIRE_EM_01461,RP_SLIP_TERRAIN,EVIDENCES,FIRE_119_RECORD
AE_FIRE_EM_01462,RP_TRAFFIC_01,EVIDENCES,FIRE_119_RECORD
AE_FIRE_EM_01463,RP_MACHINE_01,EVIDENCES,FIRE_119_RECORD
AE_FIRE_EM_01464,RP_TRAFFIC_01,EVIDENCES,FIRE_119_RECORD
AE_FIRE_EM_01465,RP_SLIP_TERRAIN,EVIDENCES,FIRE_119_RECORD
AE_FIRE_EM_01466,RP_MACHINE_01,EVIDENCES,FIRE_119_RECORD
AE_FIRE_EM_01467,RP_SLIP_TERRAIN,EVIDENCES,FIRE_119_RECORD
AE_FIRE_EM_01468,RP_TRAFFIC_01,EVIDENCES,FIRE_119_RECORD
AE_FIRE_EM_01469,RP_TRAFFIC_01,EVIDENCES,FIRE_119_RECORD
AE_FIRE_EM_01470,RP_TRAFFIC_01,EVIDENCES,FIRE_119_RECORD
AE_FIRE_EM_01471,RP_MACHINE_01,EVIDENCES,FIRE_119_RECORD
AE_FIRE_EM_01472,RP_TRAFFIC_01,EVIDENCES,FIRE_119_RECORD
AE_FIRE_EM_01473,RP_TRAFFIC_01,EVIDENCES,FIRE_119_RECORD
AE_FIRE_EM_01474,RP_SLIP_TERRAIN,EVIDENCES,FIRE_119_RECORD
AE_FIRE_EM_01475,RP_MACHINE_01,EVIDENCES,FIRE_119_RECORD
AE_FIRE_EM_01476,RP_TRAFFIC_01,EVIDENCES,FIRE_119_RECORD
AE_FIRE_EM_01477,RP_ANIMAL_01,EVIDENCES,FIRE_119_RECORD
AE_FIRE_EM_01478,RP_ANIMAL_01,EVIDENCES,FIRE_119_RECORD
AE_FIRE_EM_01479,RP_MACHINE_01,EVIDENCES,FIRE_119_RECORD
AE_FIRE_EM_01480,RP_SLIP_TERRAIN,EVIDENCES,FIRE_119_RECORD
AE_FIRE_EM_01481,RP_SLIP_TERRAIN,EVIDENCES,FIRE_119_RECORD
AE_FIRE_EM_01482,RP_SLIP_TERRAIN,EVIDENCES,FIRE_119_RECORD
AE_FIRE_EM_01483,RP_MACHINE_01,EVIDENCES,FIRE_119_RECORD
AE_FIRE_EM_01484,RP_TRAFFIC_01,EVIDENCES,FIRE_119_RECORD
AE_FIRE_EM_01485,RP_TRAFFIC_01,EVIDENCES,FIRE_119_RECORD
AE_FIRE_EM_01486,RP_TRAFFIC_01,EVIDENCES,FIRE_119_RECORD
AE_FIRE_EM_01487,RP_TRAFFIC_01,EVIDENCES,FIRE_119_RECORD
AE_FIRE_EM_01488,RP_SLIP_TERRAIN,EVIDENCES,FIRE_119_RECORD
AE_FIRE_EM_01489,RP_SLIP_TERRAIN,EVIDENCES,FIRE_119_RECORD
AE_FIRE_EM_01490,RP_TRAFFIC_01,EVIDENCES,FIRE_119_RECORD
AE_FIRE_EM_01491,RP_TRAFFIC_01,EVIDENCES,FIRE_119_RECORD
AE_FIRE_EM_01492,RP_TRAFFIC_01,EVIDENCES,FIRE_119_RECORD
AE_FIRE_EM_01493,RP_ANIMAL_01,EVIDENCES,FIRE_119_RECORD
AE_FIRE_EM_01494,RP_ANIMAL_01,EVIDENCES,FIRE_119_RECORD
AE_FIRE_EM_01495,RP_MACHINE_01,EVIDENCES,FIRE_119_RECORD
AE_FIRE_EM_01496,RP_TRAFFIC_01,EVIDENCES,FIRE_119_RECORD
AE_FIRE_EM_01497,RP_SLIP_TERRAIN,EVIDENCES,FIRE_119_RECORD
AE_FIRE_EM_01498,RP_TRAFFIC_01,EVIDENCES,FIRE_119_RECORD
AE_FIRE_EM_01499,RP_MACHINE_01,EVIDENCES,FIRE_119_RECORD
AE_FIRE_EM_01500,RP_ANIMAL_01,EVIDENCES,FIRE_119_RECORD
AE_FIRE_EM_01501,RP_SLIP_TERRAIN,EVIDENCES,FIRE_119_RECORD
AE_FIRE_EM_01502,RP_SLIP_TERRAIN,EVIDENCES,FIRE_119_RECORD
AE_FIRE_EM_01503,RP_MACHINE_01,EVIDENCES,FIRE_119_RECORD
AE_FIRE_EM_01504,RP_TRAFFIC_01,EVIDENCES,FIRE_119_RECORD
AE_FIRE_EM_01505,RP_SLIP_TERRAIN,EVIDENCES,FIRE_119_RECORD
AE_FIRE_EM_01506,RP_SLIP_TERRAIN,EVIDENCES,FIRE_119_RECORD
AE_FIRE_EM_01507,RP_SLIP_TERRAIN,EVIDENCES,FIRE_119_RECORD
AE_FIRE_EM_01508,RP_MACHINE_01,EVIDENCES,FIRE_119_RECORD
AE_FIRE_EM_01509,RP_ANIMAL_01,EVIDENCES,FIRE_119_RECORD
AE_FIRE_EM_01510,RP_ANIMAL_01,EVIDENCES,FIRE_119_RECORD
AE_FIRE_EM_01511,RP_TRAFFIC_01,EVIDENCES,FIRE_119_RECORD
AE_FIRE_EM_01512,RP_TRAFFIC_01,EVIDENCES,FIRE_119_RECORD
AE_FIRE_EM_01513,RP_SLIP_TERRAIN,EVIDENCES,FIRE_119_RECORD
AE_FIRE_EM_01514,RP_TRAFFIC_01,EVIDENCES,FIRE_119_RECORD
AE_FIRE_EM_01515,RP_TRAFFIC_01,EVIDENCES,FIRE_119_RECORD
AE_FIRE_EM_01516,RP_MACHINE_01,EVIDENCES,FIRE_119_RECORD
AE_FIRE_EM_01517,RP_TRAFFIC_01,EVIDENCES,FIRE_119_RECORD
AE_FIRE_EM_01518,RP_TRAFFIC_01,EVIDENCES,FIRE_119_RECORD
AE_FIRE_EM_01519,RP_SLIP_TERRAIN,EVIDENCES,FIRE_119_RECORD
AE_FIRE_EM_01520,RP_TRAFFIC_01,EVIDENCES,FIRE_119_RECORD
AE_FIRE_EM_01521,RP_ANIMAL_01,EVIDENCES,FIRE_119_RECORD
AE_FIRE_EM_01522,RP_TRAFFIC_01,EVIDENCES,FIRE_119_RECORD
AE_FIRE_EM_01523,RP_MACHINE_01,EVIDENCES,FIRE_119_RECORD
AE_FIRE_EM_01524,RP_ANIMAL_01,EVIDENCES,FIRE_119_RECORD
AE_FIRE_EM_01525,RP_MACHINE_01,EVIDENCES,FIRE_119_RECORD
AE_FIRE_EM_01526,RP_TRAFFIC_01,EVIDENCES,FIRE_119_RECORD
AE_FIRE_EM_01527,RP_TRAFFIC_01,EVIDENCES,FIRE_119_RECORD
AE_FIRE_EM_01528,RP_MACHINE_01,EVIDENCES,FIRE_119_RECORD
AE_FIRE_EM_01529,RP_SLIP_TERRAIN,EVIDENCES,FIRE_119_RECORD
AE_FIRE_EM_01530,RP_TRAFFIC_01,EVIDENCES,FIRE_119_RECORD
AE_FIRE_EM_01531,RP_FALL_CLIFF,EVIDENCES,FIRE_119_RECORD
AE_FIRE_EM_01532,RP_MACHINE_01,EVIDENCES,FIRE_119_RECORD
AE_FIRE_EM_01533,RP_MACHINE_01,EVIDENCES,FIRE_119_RECORD
AE_FIRE_EM_01534,RP_SLIP_TERRAIN,EVIDENCES,FIRE_119_RECORD
AE_FIRE_EM_01535,RP_FALL_CLIFF,EVIDENCES,FIRE_119_RECORD
AE_FIRE_EM_01536,RP_SLIP_TERRAIN,EVIDENCES,FIRE_119_RECORD
AE_FIRE_EM_01537,RP_SLIP_TERRAIN,EVIDENCES,FIRE_119_RECORD
AE_FIRE_EM_01538,RP_MACHINE_01,EVIDENCES,FIRE_119_RECORD
AE_FIRE_EM_01539,RP_MACHINE_01,EVIDENCES,FIRE_119_RECORD
AE_FIRE_EM_01540,RP_MACHINE_01,EVIDENCES,FIRE_119_RECORD
AE_FIRE_EM_01541,RP_TRAFFIC_01,EVIDENCES,FIRE_119_RECORD
AE_FIRE_EM_01542,RP_TRAFFIC_01,EVIDENCES,FIRE_119_RECORD
AE_FIRE_EM_01543,RP_SLIP_TERRAIN,EVIDENCES,FIRE_119_RECORD
AE_FIRE_EM_01544,RP_TRAFFIC_01,EVIDENCES,FIRE_119_RECORD
AE_FIRE_EM_01545,RP_TRAFFIC_01,EVIDENCES,FIRE_119_RECORD
AE_FIRE_EM_01546,RP_TRAFFIC_01,EVIDENCES,FIRE_119_RECORD
AE_FIRE_EM_01547,RP_TRAFFIC_01,EVIDENCES,FIRE_119_RECORD
AE_FIRE_EM_01548,RP_TRAFFIC_01,EVIDENCES,FIRE_119_RECORD
AE_FIRE_EM_01549,RP_SLIP_TERRAIN,EVIDENCES,FIRE_119_RECORD
AE_FIRE_EM_01550,RP_FALL_CLIFF,EVIDENCES,FIRE_119_RECORD
AE_FIRE_EM_01551,RP_MACHINE_01,EVIDENCES,FIRE_119_RECORD
AE_FIRE_EM_01552,RP_SLIP_TERRAIN,EVIDENCES,FIRE_119_RECORD
AE_FIRE_EM_01553,RP_SLIP_TERRAIN,EVIDENCES,FIRE_119_RECORD
AE_FIRE_EM_01554,RP_SLIP_TERRAIN,EVIDENCES,FIRE_119_RECORD
AE_FIRE_EM_01555,RP_ANIMAL_01,EVIDENCES,FIRE_119_RECORD
AE_FIRE_EM_01556,RP_MACHINE_01,EVIDENCES,FIRE_119_RECORD
AE_FIRE_EM_01557,RP_MACHINE_01,EVIDENCES,FIRE_119_RECORD
AE_FIRE_EM_01558,RP_MACHINE_01,EVIDENCES,FIRE_119_RECORD
AE_FIRE_EM_01559,RP_MACHINE_01,EVIDENCES,FIRE_119_RECORD
AE_FIRE_EM_01560,RP_MACHINE_01,EVIDENCES,FIRE_119_RECORD
AE_FIRE_EM_01561,RP_MACHINE_01,EVIDENCES,FIRE_119_RECORD
AE_FIRE_EM_01562,RP_SLIP_TERRAIN,EVIDENCES,FIRE_119_RECORD
AE_FIRE_EM_01563,RP_TRAFFIC_01,EVIDENCES,FIRE_119_RECORD
AE_FIRE_EM_01564,RP_MACHINE_01,EVIDENCES,FIRE_119_RECORD
AE_FIRE_EM_01565,RP_MACHINE_01,EVIDENCES,FIRE_119_RECORD
AE_FIRE_EM_01566,RP_MACHINE_01,EVIDENCES,FIRE_119_RECORD
AE_FIRE_EM_01567,RP_SLIP_TERRAIN,EVIDENCES,FIRE_119_RECORD
AE_FIRE_EM_01568,RP_MACHINE_01,EVIDENCES,FIRE_119_RECORD
AE_FIRE_EM_01569,RP_SLIP_TERRAIN,EVIDENCES,FIRE_119_RECORD
AE_FIRE_EM_01570,RP_MACHINE_01,EVIDENCES,FIRE_119_RECORD
AE_FIRE_EM_01571,RP_SLIP_TERRAIN,EVIDENCES,FIRE_119_RECORD
AE_FIRE_EM_01572,RP_TRAFFIC_01,EVIDENCES,FIRE_119_RECORD
AE_FIRE_EM_01573,RP_TRAFFIC_01,EVIDENCES,FIRE_119_RECORD
AE_FIRE_EM_01574,RP_TRAFFIC_01,EVIDENCES,FIRE_119_RECORD
AE_FIRE_EM_01575,RP_MACHINE_01,EVIDENCES,FIRE_119_RECORD
AE_FIRE_EM_01576,RP_TRAFFIC_01,EVIDENCES,FIRE_119_RECORD
AE_FIRE_EM_01577,RP_TRAFFIC_01,EVIDENCES,FIRE_119_RECORD
AE_FIRE_EM_01578,RP_TRAFFIC_01,EVIDENCES,FIRE_119_RECORD
AE_FIRE_EM_01579,RP_SLIP_TERRAIN,EVIDENCES,FIRE_119_RECORD
AE_FIRE_EM_01580,RP_TRAFFIC_01,EVIDENCES,FIRE_119_RECORD
AE_FIRE_EM_01581,RP_MACHINE_01,EVIDENCES,FIRE_119_RECORD
AE_FIRE_EM_01582,RP_MACHINE_01,EVIDENCES,FIRE_119_RECORD
AE_FIRE_EM_01583,RP_FALL_CLIFF,EVIDENCES,FIRE_119_RECORD
AE_FIRE_EM_01584,RP_MACHINE_01,EVIDENCES,FIRE_119_RECORD
AE_FIRE_EM_01585,RP_SLIP_TERRAIN,EVIDENCES,FIRE_119_RECORD
AE_FIRE_EM_01586,RP_TRAFFIC_01,EVIDENCES,FIRE_119_RECORD
AE_FIRE_EM_01587,RP_MACHINE_01,EVIDENCES,FIRE_119_RECORD
AE_FIRE_EM_01588,RP_SLIP_TERRAIN,EVIDENCES,FIRE_119_RECORD
AE_FIRE_EM_01589,RP_SLIP_TERRAIN,EVIDENCES,FIRE_119_RECORD
AE_FIRE_EM_01590,RP_MACHINE_01,EVIDENCES,FIRE_119_RECORD
AE_FIRE_EM_01591,RP_TRAFFIC_01,EVIDENCES,FIRE_119_RECORD
AE_FIRE_EM_01592,RP_DROWN_01,EVIDENCES,FIRE_119_RECORD
AE_FIRE_EM_01593,RP_SLIP_TERRAIN,EVIDENCES,FIRE_119_RECORD
AE_FIRE_EM_01594,RP_TRAFFIC_01,EVIDENCES,FIRE_119_RECORD
AE_FIRE_EM_01595,RP_ANIMAL_01,EVIDENCES,FIRE_119_RECORD
AE_FIRE_EM_01596,RP_TRAFFIC_01,EVIDENCES,FIRE_119_RECORD
AE_FIRE_EM_01597,RP_SLIP_TERRAIN,EVIDENCES,FIRE_119_RECORD
AE_FIRE_EM_01598,RP_MACHINE_01,EVIDENCES,FIRE_119_RECORD
AE_FIRE_EM_01599,RP_SLIP_TERRAIN,EVIDENCES,FIRE_119_RECORD
AE_FIRE_EM_01600,RP_MACHINE_01,EVIDENCES,FIRE_119_RECORD
AE_FIRE_EM_01601,RP_SLIP_TERRAIN,EVIDENCES,FIRE_119_RECORD
AE_FIRE_EM_01602,RP_TRAFFIC_01,EVIDENCES,FIRE_119_RECORD
AE_FIRE_EM_01603,RP_TRAFFIC_01,EVIDENCES,FIRE_119_RECORD
AE_FIRE_EM_01604,RP_SLIP_TERRAIN,EVIDENCES,FIRE_119_RECORD
AE_FIRE_EM_01605,RP_TRAFFIC_01,EVIDENCES,FIRE_119_RECORD
AE_FIRE_EM_01606,RP_TRAFFIC_01,EVIDENCES,FIRE_119_RECORD
AE_FIRE_EM_01607,RP_TRAFFIC_01,EVIDENCES,FIRE_119_RECORD
AE_FIRE_EM_01608,RP_SLIP_TERRAIN,EVIDENCES,FIRE_119_RECORD
AE_FIRE_EM_01609,RP_MACHINE_01,EVIDENCES,FIRE_119_RECORD
AE_FIRE_EM_01610,RP_ANIMAL_01,EVIDENCES,FIRE_119_RECORD
AE_FIRE_EM_01611,RP_ANIMAL_01,EVIDENCES,FIRE_119_RECORD
AE_FIRE_EM_01612,RP_MACHINE_01,EVIDENCES,FIRE_119_RECORD
AE_FIRE_EM_01613,RP_SLIP_TERRAIN,EVIDENCES,FIRE_119_RECORD
AE_FIRE_EM_01614,RP_SLIP_TERRAIN,EVIDENCES,FIRE_119_RECORD
AE_FIRE_EM_01615,RP_SLIP_TERRAIN,EVIDENCES,FIRE_119_RECORD
AE_FIRE_EM_01616,RP_MACHINE_01,EVIDENCES,FIRE_119_RECORD
AE_FIRE_EM_01617,RP_TRAFFIC_01,EVIDENCES,FIRE_119_RECORD
AE_FIRE_EM_01618,RP_TRAFFIC_01,EVIDENCES,FIRE_119_RECORD
AE_FIRE_EM_01619,RP_TRAFFIC_01,EVIDENCES,FIRE_119_RECORD
AE_FIRE_EM_01620,RP_TRAFFIC_01,EVIDENCES,FIRE_119_RECORD
AE_FIRE_EM_01621,RP_SLIP_TERRAIN,EVIDENCES,FIRE_119_RECORD
AE_FIRE_EM_01622,RP_MACHINE_01,EVIDENCES,FIRE_119_RECORD
AE_FIRE_EM_01623,RP_MACHINE_01,EVIDENCES,FIRE_119_RECORD
AE_FIRE_EM_01624,RP_TRAFFIC_01,EVIDENCES,FIRE_119_RECORD
AE_FIRE_EM_01625,RP_SLIP_TERRAIN,EVIDENCES,FIRE_119_RECORD
AE_FIRE_EM_01626,RP_MACHINE_01,EVIDENCES,FIRE_119_RECORD
AE_FIRE_EM_01627,RP_HEAT_02,EVIDENCES,FIRE_119_RECORD
AE_FIRE_EM_01628,RP_SLIP_TERRAIN,EVIDENCES,FIRE_119_RECORD
AE_FIRE_EM_01629,RP_SLIP_TERRAIN,EVIDENCES,FIRE_119_RECORD
AE_FIRE_EM_01630,RP_TRAFFIC_01,EVIDENCES,FIRE_119_RECORD
AE_FIRE_EM_01631,RP_SLIP_TERRAIN,EVIDENCES,FIRE_119_RECORD
AE_FIRE_EM_01632,RP_TRAFFIC_01,EVIDENCES,FIRE_119_RECORD
AE_FIRE_EM_01633,RP_TRAFFIC_01,EVIDENCES,FIRE_119_RECORD
AE_FIRE_EM_01634,RP_ANIMAL_01,EVIDENCES,FIRE_119_RECORD
AE_FIRE_EM_01635,RP_SLIP_TERRAIN,EVIDENCES,FIRE_119_RECORD
AE_FIRE_EM_01636,RP_MACHINE_01,EVIDENCES,FIRE_119_RECORD
AE_FIRE_EM_01637,RP_SLIP_TERRAIN,EVIDENCES,FIRE_119_RECORD
AE_FIRE_EM_01638,RP_SLIP_TERRAIN,EVIDENCES,FIRE_119_RECORD
AE_FIRE_EM_01639,RP_SLIP_TERRAIN,EVIDENCES,FIRE_119_RECORD
AE_FIRE_EM_01640,RP_MACHINE_01,EVIDENCES,FIRE_119_RECORD
AE_FIRE_EM_01641,RP_SLIP_TERRAIN,EVIDENCES,FIRE_119_RECORD
AE_FIRE_EM_01642,RP_SLIP_TERRAIN,EVIDENCES,FIRE_119_RECORD
AE_FIRE_EM_01643,RP_DROWN_01,EVIDENCES,FIRE_119_RECORD
AE_FIRE_EM_01644,RP_MACHINE_01,EVIDENCES,FIRE_119_RECORD
AE_FIRE_EM_01645,RP_TRAFFIC_01,EVIDENCES,FIRE_119_RECORD
AE_FIRE_EM_01646,RP_MACHINE_01,EVIDENCES,FIRE_119_RECORD
AE_FIRE_EM_01647,RP_SLIP_TERRAIN,EVIDENCES,FIRE_119_RECORD
AE_FIRE_EM_01648,RP_SLIP_TERRAIN,EVIDENCES,FIRE_119_RECORD
AE_FIRE_EM_01649,RP_TRAFFIC_01,EVIDENCES,FIRE_119_RECORD
AE_FIRE_EM_01650,RP_TRAFFIC_01,EVIDENCES,FIRE_119_RECORD
AE_FIRE_EM_01651,RP_SLIP_TERRAIN,EVIDENCES,FIRE_119_RECORD
AE_FIRE_EM_01652,RP_SLIP_TERRAIN,EVIDENCES,FIRE_119_RECORD
AE_FIRE_EM_01653,RP_DROWN_01,EVIDENCES,FIRE_119_RECORD
AE_FIRE_EM_01654,RP_TRAFFIC_01,EVIDENCES,FIRE_119_RECORD
AE_FIRE_EM_01655,RP_TRAFFIC_01,EVIDENCES,FIRE_119_RECORD
AE_FIRE_EM_01656,RP_TRAFFIC_01,EVIDENCES,FIRE_119_RECORD
AE_FIRE_EM_01657,RP_SLIP_TERRAIN,EVIDENCES,FIRE_119_RECORD
AE_FIRE_EM_01658,RP_SLIP_TERRAIN,EVIDENCES,FIRE_119_RECORD
AE_FIRE_EM_01659,RP_SLIP_TERRAIN,EVIDENCES,FIRE_119_RECORD
AE_FIRE_EM_01660,RP_SLIP_TERRAIN,EVIDENCES,FIRE_119_RECORD
AE_FIRE_EM_01661,RP_SLIP_TERRAIN,EVIDENCES,FIRE_119_RECORD
AE_FIRE_EM_01662,RP_TRAFFIC_01,EVIDENCES,FIRE_119_RECORD
AE_FIRE_EM_01663,RP_SLIP_TERRAIN,EVIDENCES,FIRE_119_RECORD
AE_FIRE_EM_01664,RP_TRAFFIC_01,EVIDENCES,FIRE_119_RECORD
AE_FIRE_EM_01665,RP_MACHINE_01,EVIDENCES,FIRE_119_RECORD
AE_FIRE_EM_01666,RP_MACHINE_01,EVIDENCES,FIRE_119_RECORD
AE_FIRE_EM_01667,RP_TRAFFIC_01,EVIDENCES,FIRE_119_RECORD
AE_FIRE_EM_01668,RP_TRAFFIC_01,EVIDENCES,FIRE_119_RECORD
AE_FIRE_EM_01669,RP_FALL_CLIFF,EVIDENCES,FIRE_119_RECORD
AE_FIRE_EM_01670,RP_SLIP_TERRAIN,EVIDENCES,FIRE_119_RECORD
AE_FIRE_EM_01671,RP_MACHINE_01,EVIDENCES,FIRE_119_RECORD
AE_FIRE_EM_01672,RP_MACHINE_01,EVIDENCES,FIRE_119_RECORD
AE_FIRE_EM_01673,RP_MACHINE_01,EVIDENCES,FIRE_119_RECORD
AE_FIRE_EM_01674,RP_TRAFFIC_01,EVIDENCES,FIRE_119_RECORD
AE_FIRE_EM_01675,RP_TRAFFIC_01,EVIDENCES,FIRE_119_RECORD
AE_FIRE_EM_01676,RP_MACHINE_01,EVIDENCES,FIRE_119_RECORD
AE_FIRE_EM_01677,RP_TRAFFIC_01,EVIDENCES,FIRE_119_RECORD
AE_FIRE_EM_01678,RP_SLIP_TERRAIN,EVIDENCES,FIRE_119_RECORD
AE_FIRE_EM_01679,RP_TRAFFIC_01,EVIDENCES,FIRE_119_RECORD
AE_FIRE_EM_01680,RP_TRAFFIC_01,EVIDENCES,FIRE_119_RECORD
AE_FIRE_EM_01681,RP_SLIP_TERRAIN,EVIDENCES,FIRE_119_RECORD
AE_FIRE_EM_01682,RP_SLIP_TERRAIN,EVIDENCES,FIRE_119_RECORD
AE_FIRE_EM_01683,RP_DROWN_01,EVIDENCES,FIRE_119_RECORD
AE_FIRE_EM_01684,RP_TRAFFIC_01,EVIDENCES,FIRE_119_RECORD
AE_FIRE_EM_01685,RP_TRAFFIC_01,EVIDENCES,FIRE_119_RECORD
AE_FIRE_EM_01686,RP_FALL_CLIFF,EVIDENCES,FIRE_119_RECORD
AE_FIRE_EM_01687,RP_TRAFFIC_01,EVIDENCES,FIRE_119_RECORD
AE_FIRE_EM_01688,RP_SLIP_TERRAIN,EVIDENCES,FIRE_119_RECORD
AE_FIRE_EM_01689,RP_SLIP_TERRAIN,EVIDENCES,FIRE_119_RECORD
AE_FIRE_EM_01690,RP_TRAFFIC_01,EVIDENCES,FIRE_119_RECORD
AE_FIRE_EM_01691,RP_SLIP_TERRAIN,EVIDENCES,FIRE_119_RECORD
AE_FIRE_EM_01692,RP_TRAFFIC_01,EVIDENCES,FIRE_119_RECORD
AE_FIRE_EM_01693,RP_DROWN_01,EVIDENCES,FIRE_119_RECORD
AE_FIRE_EM_01694,RP_MACHINE_01,EVIDENCES,FIRE_119_RECORD
AE_FIRE_EM_01695,RP_SLIP_TERRAIN,EVIDENCES,FIRE_119_RECORD
AE_FIRE_EM_01696,RP_TRAFFIC_01,EVIDENCES,FIRE_119_RECORD
AE_FIRE_EM_01697,RP_SLIP_TERRAIN,EVIDENCES,FIRE_119_RECORD
AE_FIRE_EM_01698,RP_SLIP_TERRAIN,EVIDENCES,FIRE_119_RECORD
AE_FIRE_EM_01699,RP_SLIP_TERRAIN,EVIDENCES,FIRE_119_RECORD
AE_FIRE_EM_01700,RP_SLIP_TERRAIN,EVIDENCES,FIRE_119_RECORD
AE_FIRE_EM_01701,RP_TRAFFIC_01,EVIDENCES,FIRE_119_RECORD
AE_FIRE_EM_01702,RP_HEAT_02,EVIDENCES,FIRE_119_RECORD
AE_FIRE_EM_01703,RP_ANIMAL_01,EVIDENCES,FIRE_119_RECORD
AE_FIRE_EM_01704,RP_SLIP_TERRAIN,EVIDENCES,FIRE_119_RECORD
AE_FIRE_EM_01705,RP_SLIP_TERRAIN,EVIDENCES,FIRE_119_RECORD
AE_FIRE_EM_01706,RP_SLIP_TERRAIN,EVIDENCES,FIRE_119_RECORD
AE_FIRE_EM_01707,RP_SLIP_TERRAIN,EVIDENCES,FIRE_119_RECORD
AE_FIRE_EM_01708,RP_TRAFFIC_01,EVIDENCES,FIRE_119_RECORD
AE_FIRE_EM_01709,RP_TRAFFIC_01,EVIDENCES,FIRE_119_RECORD
AE_FIRE_EM_01710,RP_TRAFFIC_01,EVIDENCES,FIRE_119_RECORD
AE_FIRE_EM_01711,RP_TRAFFIC_01,EVIDENCES,FIRE_119_RECORD
AE_FIRE_EM_01712,RP_SLIP_TERRAIN,EVIDENCES,FIRE_119_RECORD
AE_FIRE_EM_01713,RP_TRAFFIC_01,EVIDENCES,FIRE_119_RECORD
AE_FIRE_EM_01714,RP_TRAFFIC_01,EVIDENCES,FIRE_119_RECORD
AE_FIRE_EM_01715,RP_DROWN_01,EVIDENCES,FIRE_119_RECORD
AE_FIRE_EM_01716,RP_TRAFFIC_01,EVIDENCES,FIRE_119_RECORD
AE_FIRE_EM_01717,RP_DROWN_01,EVIDENCES,FIRE_119_RECORD
AE_FIRE_EM_01718,RP_FALL_CLIFF,EVIDENCES,FIRE_119_RECORD
AE_FIRE_EM_01719,RP_MACHINE_01,EVIDENCES,FIRE_119_RECORD
AE_FIRE_EM_01720,RP_MACHINE_01,EVIDENCES,FIRE_119_RECORD
AE_FIRE_EM_01721,RP_SLIP_TERRAIN,EVIDENCES,FIRE_119_RECORD
AE_FIRE_EM_01722,RP_TRAFFIC_01,EVIDENCES,FIRE_119_RECORD
AE_FIRE_EM_01723,RP_TRAFFIC_01,EVIDENCES,FIRE_119_RECORD
AE_FIRE_EM_01724,RP_SLIP_TERRAIN,EVIDENCES,FIRE_119_RECORD
AE_FIRE_EM_01725,RP_DROWN_01,EVIDENCES,FIRE_119_RECORD
AE_FIRE_EM_01726,RP_TRAFFIC_01,EVIDENCES,FIRE_119_RECORD
AE_FIRE_EM_01727,RP_TRAFFIC_01,EVIDENCES,FIRE_119_RECORD
AE_FIRE_EM_01728,RP_TRAFFIC_01,EVIDENCES,FIRE_119_RECORD
AE_FIRE_EM_01729,RP_TRAFFIC_01,EVIDENCES,FIRE_119_RECORD
AE_FIRE_EM_01730,RP_SLIP_TERRAIN,EVIDENCES,FIRE_119_RECORD
AE_FIRE_EM_01731,RP_TRAFFIC_01,EVIDENCES,FIRE_119_RECORD
AE_FIRE_EM_01732,RP_TRAFFIC_01,EVIDENCES,FIRE_119_RECORD
AE_FIRE_EM_01733,RP_MACHINE_01,EVIDENCES,FIRE_119_RECORD
AE_FIRE_EM_01734,RP_SLIP_TERRAIN,EVIDENCES,FIRE_119_RECORD
AE_FIRE_EM_01735,RP_TRAFFIC_01,EVIDENCES,FIRE_119_RECORD
AE_FIRE_EM_01736,RP_TRAFFIC_01,EVIDENCES,FIRE_119_RECORD
AE_FIRE_EM_01737,RP_MACHINE_01,EVIDENCES,FIRE_119_RECORD
AE_FIRE_EM_01738,RP_SLIP_TERRAIN,EVIDENCES,FIRE_119_RECORD
AE_FIRE_EM_01739,RP_TRAFFIC_01,EVIDENCES,FIRE_119_RECORD
AE_FIRE_EM_01740,RP_TRAFFIC_01,EVIDENCES,FIRE_119_RECORD
AE_FIRE_EM_01741,RP_MACHINE_01,EVIDENCES,FIRE_119_RECORD
AE_FIRE_EM_01742,RP_SLIP_TERRAIN,EVIDENCES,FIRE_119_RECORD
AE_FIRE_EM_01743,RP_MACHINE_01,EVIDENCES,FIRE_119_RECORD
AE_FIRE_EM_01744,RP_SLIP_TERRAIN,EVIDENCES,FIRE_119_RECORD
AE_FIRE_EM_01745,RP_MACHINE_01,EVIDENCES,FIRE_119_RECORD
AE_FIRE_EM_01746,RP_SLIP_TERRAIN,EVIDENCES,FIRE_119_RECORD
AE_FIRE_EM_01747,RP_FALL_CLIFF,EVIDENCES,FIRE_119_RECORD
AE_FIRE_EM_01748,RP_MACHINE_01,EVIDENCES,FIRE_119_RECORD
AE_FIRE_EM_01749,RP_SLIP_TERRAIN,EVIDENCES,FIRE_119_RECORD
AE_FIRE_EM_01750,RP_TRAFFIC_01,EVIDENCES,FIRE_119_RECORD
AE_FIRE_EM_01751,RP_SLIP_TERRAIN,EVIDENCES,FIRE_119_RECORD
AE_FIRE_EM_01752,RP_TRAFFIC_01,EVIDENCES,FIRE_119_RECORD
AE_FIRE_EM_01753,RP_TRAFFIC_01,EVIDENCES,FIRE_119_RECORD
AE_FIRE_EM_01754,RP_SLIP_TERRAIN,EVIDENCES,FIRE_119_RECORD
AE_FIRE_EM_01755,RP_SLIP_TERRAIN,EVIDENCES,FIRE_119_RECORD
AE_FIRE_EM_01756,RP_DROWN_01,EVIDENCES,FIRE_119_RECORD
AE_FIRE_EM_01757,RP_TRAFFIC_01,EVIDENCES,FIRE_119_RECORD
AE_FIRE_EM_01758,RP_SLIP_TERRAIN,EVIDENCES,FIRE_119_RECORD
AE_FIRE_EM_01759,RP_SLIP_TERRAIN,EVIDENCES,FIRE_119_RECORD
AE_FIRE_EM_01760,RP_SLIP_TERRAIN,EVIDENCES,FIRE_119_RECORD
AE_FIRE_EM_01761,RP_MACHINE_01,EVIDENCES,FIRE_119_RECORD
AE_FIRE_EM_01762,RP_TRAFFIC_01,EVIDENCES,FIRE_119_RECORD
AE_FIRE_EM_01763,RP_TRAFFIC_01,EVIDENCES,FIRE_119_RECORD
AE_FIRE_EM_01764,RP_SLIP_TERRAIN,EVIDENCES,FIRE_119_RECORD
AE_FIRE_EM_01765,RP_DROWN_01,EVIDENCES,FIRE_119_RECORD
AE_FIRE_EM_01766,RP_MACHINE_01,EVIDENCES,FIRE_119_RECORD
AE_FIRE_EM_01767,RP_TRAFFIC_01,EVIDENCES,FIRE_119_RECORD
AE_FIRE_EM_01768,RP_TRAFFIC_01,EVIDENCES,FIRE_119_RECORD
AE_FIRE_EM_01769,RP_DROWN_01,EVIDENCES,FIRE_119_RECORD
AE_FIRE_EM_01770,RP_SLIP_TERRAIN,EVIDENCES,FIRE_119_RECORD
AE_FIRE_EM_01771,RP_DROWN_01,EVIDENCES,FIRE_119_RECORD
AE_FIRE_EM_01772,RP_SLIP_TERRAIN,EVIDENCES,FIRE_119_RECORD
AE_FIRE_EM_01773,RP_TRAFFIC_01,EVIDENCES,FIRE_119_RECORD
AE_FIRE_EM_01774,RP_ANIMAL_01,EVIDENCES,FIRE_119_RECORD
AE_FIRE_EM_01775,RP_MACHINE_01,EVIDENCES,FIRE_119_RECORD
AE_FIRE_EM_01776,RP_DROWN_01,EVIDENCES,FIRE_119_RECORD
AE_FIRE_EM_01777,RP_SLIP_TERRAIN,EVIDENCES,FIRE_119_RECORD
AE_FIRE_EM_01778,RP_TRAFFIC_01,EVIDENCES,FIRE_119_RECORD
AE_FIRE_EM_01779,RP_SLIP_TERRAIN,EVIDENCES,FIRE_119_RECORD
AE_FIRE_EM_01780,RP_SLIP_TERRAIN,EVIDENCES,FIRE_119_RECORD
AE_FIRE_EM_01781,RP_TRAFFIC_01,EVIDENCES,FIRE_119_RECORD
AE_FIRE_EM_01782,RP_TRAFFIC_01,EVIDENCES,FIRE_119_RECORD
AE_FIRE_EM_01783,RP_SLIP_TERRAIN,EVIDENCES,FIRE_119_RECORD
AE_FIRE_EM_01784,RP_SLIP_TERRAIN,EVIDENCES,FIRE_119_RECORD
AE_FIRE_EM_01785,RP_TRAFFIC_01,EVIDENCES,FIRE_119_RECORD
AE_FIRE_EM_01786,RP_TRAFFIC_01,EVIDENCES,FIRE_119_RECORD
AE_FIRE_EM_01787,RP_TRAFFIC_01,EVIDENCES,FIRE_119_RECORD
AE_FIRE_EM_01788,RP_SLIP_TERRAIN,EVIDENCES,FIRE_119_RECORD
AE_FIRE_EM_01789,RP_SLIP_TERRAIN,EVIDENCES,FIRE_119_RECORD
AE_FIRE_EM_01790,RP_MACHINE_01,EVIDENCES,FIRE_119_RECORD
AE_FIRE_EM_01791,RP_MACHINE_01,EVIDENCES,FIRE_119_RECORD
AE_FIRE_EM_01792,RP_SLIP_TERRAIN,EVIDENCES,FIRE_119_RECORD
AE_FIRE_EM_01793,RP_SLIP_TERRAIN,EVIDENCES,FIRE_119_RECORD
AE_FIRE_EM_01794,RP_TRAFFIC_01,EVIDENCES,FIRE_119_RECORD
AE_FIRE_EM_01795,RP_TRAFFIC_01,EVIDENCES,FIRE_119_RECORD
AE_FIRE_EM_01796,RP_TRAFFIC_01,EVIDENCES,FIRE_119_RECORD
AE_FIRE_EM_01797,RP_MACHINE_01,EVIDENCES,FIRE_119_RECORD
AE_FIRE_EM_01798,RP_TRAFFIC_01,EVIDENCES,FIRE_119_RECORD
AE_FIRE_EM_01799,RP_TRAFFIC_01,EVIDENCES,FIRE_119_RECORD
AE_FIRE_EM_01800,RP_TRAFFIC_01,EVIDENCES,FIRE_119_RECORD
AE_FIRE_EM_01801,RP_SLIP_TERRAIN,EVIDENCES,FIRE_119_RECORD
AE_FIRE_EM_01802,RP_TRAFFIC_01,EVIDENCES,FIRE_119_RECORD
AE_FIRE_EM_01803,RP_MACHINE_01,EVIDENCES,FIRE_119_RECORD
AE_FIRE_EM_01804,RP_DROWN_01,EVIDENCES,FIRE_119_RECORD
AE_FIRE_EM_01805,RP_DROWN_01,EVIDENCES,FIRE_119_RECORD
AE_FIRE_EM_01806,RP_SLIP_TERRAIN,EVIDENCES,FIRE_119_RECORD
AE_FIRE_EM_01807,RP_MACHINE_01,EVIDENCES,FIRE_119_RECORD
AE_FIRE_EM_01808,RP_DROWN_01,EVIDENCES,FIRE_119_RECORD
AE_FIRE_EM_01809,RP_TRAFFIC_01,EVIDENCES,FIRE_119_RECORD
AE_FIRE_EM_01810,RP_SLIP_TERRAIN,EVIDENCES,FIRE_119_RECORD
AE_FIRE_EM_01811,RP_TRAFFIC_01,EVIDENCES,FIRE_119_RECORD
AE_FIRE_EM_01812,RP_TRAFFIC_01,EVIDENCES,FIRE_119_RECORD
AE_FIRE_EM_01813,RP_TRAFFIC_01,EVIDENCES,FIRE_119_RECORD
AE_FIRE_EM_01814,RP_MACHINE_01,EVIDENCES,FIRE_119_RECORD
AE_FIRE_EM_01815,RP_MACHINE_01,EVIDENCES,FIRE_119_RECORD
AE_FIRE_EM_01816,RP_SLIP_TERRAIN,EVIDENCES,FIRE_119_RECORD
AE_FIRE_EM_01817,RP_MACHINE_01,EVIDENCES,FIRE_119_RECORD
AE_FIRE_EM_01818,RP_TRAFFIC_01,EVIDENCES,FIRE_119_RECORD
AE_FIRE_EM_01819,RP_MACHINE_01,EVIDENCES,FIRE_119_RECORD
AE_FIRE_EM_01820,RP_ANIMAL_01,EVIDENCES,FIRE_119_RECORD
AE_FIRE_EM_01821,RP_TRAFFIC_01,EVIDENCES,FIRE_119_RECORD
AE_FIRE_EM_01822,RP_FALL_CLIFF,EVIDENCES,FIRE_119_RECORD
AE_FIRE_EM_01823,RP_DROWN_01,EVIDENCES,FIRE_119_RECORD
AE_FIRE_EM_01824,RP_CO_01,EVIDENCES,FIRE_119_RECORD
AE_FIRE_EM_01825,RP_HEAT_02,EVIDENCES,FIRE_119_RECORD
AE_FIRE_EM_01826,RP_ANIMAL_01,EVIDENCES,FIRE_119_RECORD
AE_FIRE_EM_01827,RP_TRAFFIC_01,EVIDENCES,FIRE_119_RECORD
AE_FIRE_EM_01828,RP_FALL_CLIFF,EVIDENCES,FIRE_119_RECORD
AE_FIRE_EM_01829,RP_HEAT_02,EVIDENCES,FIRE_119_RECORD
AE_FIRE_EM_01830,RP_TRAFFIC_01,EVIDENCES,FIRE_119_RECORD
AE_FIRE_EM_01831,RP_TRAFFIC_01,EVIDENCES,FIRE_119_RECORD
AE_FIRE_EM_01832,RP_TRAFFIC_01,EVIDENCES,FIRE_119_RECORD
AE_FIRE_EM_01833,RP_TRAFFIC_01,EVIDENCES,FIRE_119_RECORD
AE_FIRE_EM_01834,RP_TRAFFIC_01,EVIDENCES,FIRE_119_RECORD
AE_FIRE_EM_01835,RP_TRAFFIC_01,EVIDENCES,FIRE_119_RECORD
AE_FIRE_EM_01836,RP_MACHINE_01,EVIDENCES,FIRE_119_RECORD
AE_FIRE_EM_01837,RP_SLIP_TERRAIN,EVIDENCES,FIRE_119_RECORD
AE_FIRE_EM_01838,RP_TRAFFIC_01,EVIDENCES,FIRE_119_RECORD
AE_FIRE_EM_01839,RP_TRAFFIC_01,EVIDENCES,FIRE_119_RECORD
AE_FIRE_EM_01840,RP_TRAFFIC_01,EVIDENCES,FIRE_119_RECORD
AE_FIRE_EM_01841,RP_SLIP_TERRAIN,EVIDENCES,FIRE_119_RECORD
AE_FIRE_EM_01842,RP_TRAFFIC_01,EVIDENCES,FIRE_119_RECORD
AE_FIRE_EM_01843,RP_MACHINE_01,EVIDENCES,FIRE_119_RECORD
AE_FIRE_EM_01844,RP_TRAFFIC_01,EVIDENCES,FIRE_119_RECORD
AE_FIRE_EM_01845,RP_SLIP_TERRAIN,EVIDENCES,FIRE_119_RECORD
AE_FIRE_EM_01846,RP_SLIP_TERRAIN,EVIDENCES,FIRE_119_RECORD
AE_FIRE_EM_01847,RP_TRAFFIC_01,EVIDENCES,FIRE_119_RECORD
AE_FIRE_EM_01848,RP_SLIP_TERRAIN,EVIDENCES,FIRE_119_RECORD
AE_FIRE_EM_01849,RP_MACHINE_01,EVIDENCES,FIRE_119_RECORD
AE_FIRE_EM_01850,RP_DROWN_01,EVIDENCES,FIRE_119_RECORD
AE_FIRE_EM_01851,RP_SLIP_TERRAIN,EVIDENCES,FIRE_119_RECORD
AE_FIRE_EM_01852,RP_TRAFFIC_01,EVIDENCES,FIRE_119_RECORD
AE_FIRE_EM_01853,RP_FALL_CLIFF,EVIDENCES,FIRE_119_RECORD
AE_FIRE_EM_01854,RP_TRAFFIC_01,EVIDENCES,FIRE_119_RECORD
AE_FIRE_EM_01855,RP_TRAFFIC_01,EVIDENCES,FIRE_119_RECORD
AE_FIRE_EM_01856,RP_TRAFFIC_01,EVIDENCES,FIRE_119_RECORD
AE_FIRE_EM_01857,RP_SLIP_TERRAIN,EVIDENCES,FIRE_119_RECORD
AE_FIRE_EM_01858,RP_SLIP_TERRAIN,EVIDENCES,FIRE_119_RECORD
AE_FIRE_EM_01859,RP_TRAFFIC_01,EVIDENCES,FIRE_119_RECORD
AE_FIRE_EM_01860,RP_SLIP_TERRAIN,EVIDENCES,FIRE_119_RECORD
AE_FIRE_EM_01861,RP_SLIP_TERRAIN,EVIDENCES,FIRE_119_RECORD
AE_FIRE_EM_01862,RP_SLIP_TERRAIN,EVIDENCES,FIRE_119_RECORD
AE_FIRE_EM_01863,RP_TRAFFIC_01,EVIDENCES,FIRE_119_RECORD
AE_FIRE_EM_01864,RP_TRAFFIC_01,EVIDENCES,FIRE_119_RECORD
AE_FIRE_EM_01865,RP_TRAFFIC_01,EVIDENCES,FIRE_119_RECORD
AE_FIRE_EM_01866,RP_TRAFFIC_01,EVIDENCES,FIRE_119_RECORD
AE_FIRE_EM_01867,RP_SLIP_TERRAIN,EVIDENCES,FIRE_119_RECORD
AE_FIRE_EM_01868,RP_TRAFFIC_01,EVIDENCES,FIRE_119_RECORD
AE_FIRE_EM_01869,RP_TRAFFIC_01,EVIDENCES,FIRE_119_RECORD
AE_FIRE_EM_01870,RP_MACHINE_01,EVIDENCES,FIRE_119_RECORD
AE_FIRE_EM_01871,RP_TRAFFIC_01,EVIDENCES,FIRE_119_RECORD
AE_FIRE_EM_01872,RP_TRAFFIC_01,EVIDENCES,FIRE_119_RECORD
AE_FIRE_EM_01873,RP_MACHINE_01,EVIDENCES,FIRE_119_RECORD
AE_FIRE_EM_01874,RP_TRAFFIC_01,EVIDENCES,FIRE_119_RECORD
AE_FIRE_EM_01875,RP_TRAFFIC_01,EVIDENCES,FIRE_119_RECORD
AE_FIRE_EM_01876,RP_ANIMAL_01,EVIDENCES,FIRE_119_RECORD
AE_FIRE_EM_01877,RP_ANIMAL_01,EVIDENCES,FIRE_119_RECORD
AE_FIRE_EM_01878,RP_SLIP_TERRAIN,EVIDENCES,FIRE_119_RECORD
AE_FIRE_EM_01879,RP_TRAFFIC_01,EVIDENCES,FIRE_119_RECORD
AE_FIRE_EM_01880,RP_SLIP_TERRAIN,EVIDENCES,FIRE_119_RECORD
AE_FIRE_EM_01881,RP_TRAFFIC_01,EVIDENCES,FIRE_119_RECORD
AE_FIRE_EM_01882,RP_TRAFFIC_01,EVIDENCES,FIRE_119_RECORD
AE_FIRE_EM_01883,RP_MACHINE_01,EVIDENCES,FIRE_119_RECORD
AE_FIRE_EM_01884,RP_MACHINE_01,EVIDENCES,FIRE_119_RECORD
AE_FIRE_EM_01885,RP_TRAFFIC_01,EVIDENCES,FIRE_119_RECORD
AE_FIRE_EM_01886,RP_TRAFFIC_01,EVIDENCES,FIRE_119_RECORD
AE_FIRE_EM_01887,RP_MACHINE_01,EVIDENCES,FIRE_119_RECORD
AE_FIRE_EM_01888,RP_DROWN_01,EVIDENCES,FIRE_119_RECORD
AE_FIRE_EM_01889,RP_TRAFFIC_01,EVIDENCES,FIRE_119_RECORD
AE_FIRE_EM_01890,RP_MACHINE_01,EVIDENCES,FIRE_119_RECORD
AE_FIRE_EM_01891,RP_SLIP_TERRAIN,EVIDENCES,FIRE_119_RECORD
AE_FIRE_EM_01892,RP_ANIMAL_01,EVIDENCES,FIRE_119_RECORD
AE_FIRE_EM_01893,RP_TRAFFIC_01,EVIDENCES,FIRE_119_RECORD
AE_FIRE_EM_01894,RP_FALL_CLIFF,EVIDENCES,FIRE_119_RECORD
AE_FIRE_EM_01895,RP_TRAFFIC_01,EVIDENCES,FIRE_119_RECORD
AE_FIRE_EM_01896,RP_TRAFFIC_01,EVIDENCES,FIRE_119_RECORD
AE_FIRE_EM_01897,RP_SLIP_TERRAIN,EVIDENCES,FIRE_119_RECORD
AE_FIRE_EM_01898,RP_MACHINE_01,EVIDENCES,FIRE_119_RECORD
AE_FIRE_EM_01899,RP_MACHINE_01,EVIDENCES,FIRE_119_RECORD
AE_FIRE_EM_01900,RP_DROWN_01,EVIDENCES,FIRE_119_RECORD
AE_FIRE_EM_01901,RP_SLIP_TERRAIN,EVIDENCES,FIRE_119_RECORD
AE_FIRE_EM_01902,RP_ANIMAL_01,EVIDENCES,FIRE_119_RECORD
AE_FIRE_EM_01903,RP_TRAFFIC_01,EVIDENCES,FIRE_119_RECORD
AE_FIRE_EM_01904,RP_TRAFFIC_01,EVIDENCES,FIRE_119_RECORD
AE_FIRE_EM_01905,RP_TRAFFIC_01,EVIDENCES,FIRE_119_RECORD
AE_FIRE_EM_01906,RP_MACHINE_01,EVIDENCES,FIRE_119_RECORD
AE_FIRE_EM_01907,RP_SLIP_TERRAIN,EVIDENCES,FIRE_119_RECORD
AE_FIRE_EM_01908,RP_SLIP_TERRAIN,EVIDENCES,FIRE_119_RECORD
AE_FIRE_EM_01909,RP_SLIP_TERRAIN,EVIDENCES,FIRE_119_RECORD
AE_FIRE_EM_01910,RP_TRAFFIC_01,EVIDENCES,FIRE_119_RECORD
AE_FIRE_EM_01911,RP_SLIP_TERRAIN,EVIDENCES,FIRE_119_RECORD
AE_FIRE_EM_01912,RP_TRAFFIC_01,EVIDENCES,FIRE_119_RECORD
AE_FIRE_EM_01913,RP_SLIP_TERRAIN,EVIDENCES,FIRE_119_RECORD
AE_FIRE_EM_01914,RP_TRAFFIC_01,EVIDENCES,FIRE_119_RECORD
AE_FIRE_EM_01915,RP_TRAFFIC_01,EVIDENCES,FIRE_119_RECORD
AE_FIRE_EM_01916,RP_SLIP_TERRAIN,EVIDENCES,FIRE_119_RECORD
AE_FIRE_EM_01917,RP_MACHINE_01,EVIDENCES,FIRE_119_RECORD
AE_FIRE_EM_01918,RP_SLIP_TERRAIN,EVIDENCES,FIRE_119_RECORD
AE_FIRE_EM_01919,RP_MACHINE_01,EVIDENCES,FIRE_119_RECORD
AE_FIRE_EM_01920,RP_MACHINE_01,EVIDENCES,FIRE_119_RECORD
AE_FIRE_EM_01921,RP_TRAFFIC_01,EVIDENCES,FIRE_119_RECORD
AE_FIRE_EM_01922,RP_SLIP_TERRAIN,EVIDENCES,FIRE_119_RECORD
AE_FIRE_EM_01923,RP_TRAFFIC_01,EVIDENCES,FIRE_119_RECORD
AE_FIRE_EM_01924,RP_MACHINE_01,EVIDENCES,FIRE_119_RECORD
AE_FIRE_EM_01925,RP_TRAFFIC_01,EVIDENCES,FIRE_119_RECORD
AE_FIRE_EM_01926,RP_SLIP_TERRAIN,EVIDENCES,FIRE_119_RECORD
AE_FIRE_EM_01927,RP_SLIP_TERRAIN,EVIDENCES,FIRE_119_RECORD
AE_FIRE_EM_01928,RP_TRAFFIC_01,EVIDENCES,FIRE_119_RECORD
AE_FIRE_EM_01929,RP_SLIP_TERRAIN,EVIDENCES,FIRE_119_RECORD
AE_FIRE_EM_01930,RP_SLIP_TERRAIN,EVIDENCES,FIRE_119_RECORD
AE_FIRE_EM_01931,RP_SLIP_TERRAIN,EVIDENCES,FIRE_119_RECORD
AE_FIRE_EM_01932,RP_TRAFFIC_01,EVIDENCES,FIRE_119_RECORD
AE_FIRE_EM_01933,RP_MACHINE_01,EVIDENCES,FIRE_119_RECORD
AE_FIRE_EM_01934,RP_SLIP_TERRAIN,EVIDENCES,FIRE_119_RECORD
AE_FIRE_EM_01935,RP_SLIP_TERRAIN,EVIDENCES,FIRE_119_RECORD
AE_FIRE_EM_01936,RP_TRAFFIC_01,EVIDENCES,FIRE_119_RECORD
AE_FIRE_EM_01937,RP_TRAFFIC_01,EVIDENCES,FIRE_119_RECORD
AE_FIRE_EM_01938,RP_TRAFFIC_01,EVIDENCES,FIRE_119_RECORD
AE_FIRE_EM_01939,RP_TRAFFIC_01,EVIDENCES,FIRE_119_RECORD
AE_FIRE_EM_01940,RP_TRAFFIC_01,EVIDENCES,FIRE_119_RECORD
AE_FIRE_EM_01941,RP_FALL_CLIFF,EVIDENCES,FIRE_119_RECORD
AE_FIRE_EM_01942,RP_TRAFFIC_01,EVIDENCES,FIRE_119_RECORD
AE_FIRE_EM_01943,RP_SLIP_TERRAIN,EVIDENCES,FIRE_119_RECORD
AE_FIRE_EM_01944,RP_TRAFFIC_01,EVIDENCES,FIRE_119_RECORD
AE_FIRE_EM_01945,RP_TRAFFIC_01,EVIDENCES,FIRE_119_RECORD
AE_FIRE_EM_01946,RP_TRAFFIC_01,EVIDENCES,FIRE_119_RECORD
AE_FIRE_EM_01947,RP_SLIP_TERRAIN,EVIDENCES,FIRE_119_RECORD
AE_FIRE_EM_01948,RP_MACHINE_01,EVIDENCES,FIRE_119_RECORD
AE_FIRE_EM_01949,RP_SLIP_TERRAIN,EVIDENCES,FIRE_119_RECORD
AE_FIRE_EM_01950,RP_SLIP_TERRAIN,EVIDENCES,FIRE_119_RECORD
AE_FIRE_EM_01951,RP_MACHINE_01,EVIDENCES,FIRE_119_RECORD
AE_FIRE_EM_01952,RP_SLIP_TERRAIN,EVIDENCES,FIRE_119_RECORD
AE_FIRE_EM_01953,RP_SLIP_TERRAIN,EVIDENCES,FIRE_119_RECORD
AE_FIRE_EM_01954,RP_TRAFFIC_01,EVIDENCES,FIRE_119_RECORD
AE_FIRE_EM_01955,RP_SLIP_TERRAIN,EVIDENCES,FIRE_119_RECORD
AE_FIRE_EM_01956,RP_SLIP_TERRAIN,EVIDENCES,FIRE_119_RECORD
AE_FIRE_EM_01957,RP_SLIP_TERRAIN,EVIDENCES,FIRE_119_RECORD
AE_FIRE_EM_01958,RP_MACHINE_01,EVIDENCES,FIRE_119_RECORD
AE_FIRE_EM_01959,RP_TRAFFIC_01,EVIDENCES,FIRE_119_RECORD
AE_FIRE_EM_01960,RP_SLIP_TERRAIN,EVIDENCES,FIRE_119_RECORD
AE_FIRE_EM_01961,RP_SLIP_TERRAIN,EVIDENCES,FIRE_119_RECORD
AE_FIRE_EM_01962,RP_SLIP_TERRAIN,EVIDENCES,FIRE_119_RECORD
AE_FIRE_EM_01963,RP_SLIP_TERRAIN,EVIDENCES,FIRE_119_RECORD
AE_FIRE_EM_01964,RP_SLIP_TERRAIN,EVIDENCES,FIRE_119_RECORD
AE_FIRE_EM_01965,RP_CO_01,EVIDENCES,FIRE_119_RECORD
AE_FIRE_EM_01966,RP_SLIP_TERRAIN,EVIDENCES,FIRE_119_RECORD
AE_FIRE_EM_01967,RP_MACHINE_01,EVIDENCES,FIRE_119_RECORD
AE_FIRE_EM_01968,RP_MACHINE_01,EVIDENCES,FIRE_119_RECORD
AE_FIRE_EM_01969,RP_ANIMAL_01,EVIDENCES,FIRE_119_RECORD
AE_FIRE_EM_01970,RP_SLIP_TERRAIN,EVIDENCES,FIRE_119_RECORD
AE_FIRE_EM_01971,RP_TRAFFIC_01,EVIDENCES,FIRE_119_RECORD
AE_FIRE_EM_01972,RP_SLIP_TERRAIN,EVIDENCES,FIRE_119_RECORD
AE_FIRE_EM_01973,RP_ANIMAL_01,EVIDENCES,FIRE_119_RECORD
AE_FIRE_EM_01974,RP_DROWN_01,EVIDENCES,FIRE_119_RECORD
AE_FIRE_EM_01975,RP_MACHINE_01,EVIDENCES,FIRE_119_RECORD
AE_FIRE_EM_01976,RP_MACHINE_01,EVIDENCES,FIRE_119_RECORD
AE_FIRE_EM_01977,RP_MACHINE_01,EVIDENCES,FIRE_119_RECORD
AE_FIRE_EM_01978,RP_TRAFFIC_01,EVIDENCES,FIRE_119_RECORD
AE_FIRE_EM_01979,RP_TRAFFIC_01,EVIDENCES,FIRE_119_RECORD
AE_FIRE_EM_01980,RP_SLIP_TERRAIN,EVIDENCES,FIRE_119_RECORD
AE_FIRE_EM_01981,RP_MACHINE_01,EVIDENCES,FIRE_119_RECORD
AE_FIRE_EM_01982,RP_TRAFFIC_01,EVIDENCES,FIRE_119_RECORD
AE_FIRE_EM_01983,RP_TRAFFIC_01,EVIDENCES,FIRE_119_RECORD
AE_FIRE_EM_01984,RP_MACHINE_01,EVIDENCES,FIRE_119_RECORD
AE_FIRE_EM_01985,RP_TRAFFIC_01,EVIDENCES,FIRE_119_RECORD
AE_FIRE_EM_01986,RP_TRAFFIC_01,EVIDENCES,FIRE_119_RECORD
AE_FIRE_EM_01987,RP_TRAFFIC_01,EVIDENCES,FIRE_119_RECORD
AE_FIRE_EM_01988,RP_ANIMAL_01,EVIDENCES,FIRE_119_RECORD
AE_FIRE_EM_01989,RP_MACHINE_01,EVIDENCES,FIRE_119_RECORD
AE_FIRE_EM_01990,RP_SLIP_TERRAIN,EVIDENCES,FIRE_119_RECORD
AE_FIRE_EM_01991,RP_SLIP_TERRAIN,EVIDENCES,FIRE_119_RECORD
AE_FIRE_EM_01992,RP_SLIP_TERRAIN,EVIDENCES,FIRE_119_RECORD
AE_FIRE_EM_01993,RP_MACHINE_01,EVIDENCES,FIRE_119_RECORD
AE_FIRE_EM_01994,RP_TRAFFIC_01,EVIDENCES,FIRE_119_RECORD
AE_FIRE_EM_01995,RP_MACHINE_01,EVIDENCES,FIRE_119_RECORD
AE_FIRE_EM_01996,RP_MACHINE_01,EVIDENCES,FIRE_119_RECORD
AE_FIRE_EM_01997,RP_SLIP_TERRAIN,EVIDENCES,FIRE_119_RECORD
AE_FIRE_EM_01998,RP_SLIP_TERRAIN,EVIDENCES,FIRE_119_RECORD
AE_FIRE_EM_01999,RP_SLIP_TERRAIN,EVIDENCES,FIRE_119_RECORD
AE_FIRE_EM_02000,RP_SLIP_TERRAIN,EVIDENCES,FIRE_119_RECORD
AE_FIRE_EM_02001,RP_TRAFFIC_01,EVIDENCES,FIRE_119_RECORD
AE_FIRE_EM_02002,RP_TRAFFIC_01,EVIDENCES,FIRE_119_RECORD
AE_FIRE_EM_02003,RP_MACHINE_01,EVIDENCES,FIRE_119_RECORD
AE_FIRE_EM_02004,RP_ANIMAL_01,EVIDENCES,FIRE_119_RECORD
AE_FIRE_EM_02005,RP_TRAFFIC_01,EVIDENCES,FIRE_119_RECORD
AE_FIRE_EM_02006,RP_TRAFFIC_01,EVIDENCES,FIRE_119_RECORD
AE_FIRE_EM_02007,RP_TRAFFIC_01,EVIDENCES,FIRE_119_RECORD
AE_FIRE_EM_02008,RP_TRAFFIC_01,EVIDENCES,FIRE_119_RECORD
AE_FIRE_EM_02009,RP_TRAFFIC_01,EVIDENCES,FIRE_119_RECORD
AE_FIRE_EM_02010,RP_SLIP_TERRAIN,EVIDENCES,FIRE_119_RECORD
AE_FIRE_EM_02011,RP_SLIP_TERRAIN,EVIDENCES,FIRE_119_RECORD
AE_FIRE_EM_02012,RP_ANIMAL_01,EVIDENCES,FIRE_119_RECORD
AE_FIRE_EM_02013,RP_MACHINE_01,EVIDENCES,FIRE_119_RECORD
AE_FIRE_EM_02014,RP_TRAFFIC_01,EVIDENCES,FIRE_119_RECORD
AE_FIRE_EM_02015,RP_TRAFFIC_01,EVIDENCES,FIRE_119_RECORD
AE_FIRE_EM_02016,RP_SLIP_TERRAIN,EVIDENCES,FIRE_119_RECORD
AE_FIRE_EM_02017,RP_FALL_CLIFF,EVIDENCES,FIRE_119_RECORD
AE_FIRE_EM_02018,RP_MACHINE_01,EVIDENCES,FIRE_119_RECORD
AE_FIRE_EM_02019,RP_TRAFFIC_01,EVIDENCES,FIRE_119_RECORD
AE_FIRE_EM_02020,RP_SLIP_TERRAIN,EVIDENCES,FIRE_119_RECORD
AE_FIRE_EM_02021,RP_TRAFFIC_01,EVIDENCES,FIRE_119_RECORD
AE_FIRE_EM_02022,RP_SLIP_TERRAIN,EVIDENCES,FIRE_119_RECORD
AE_FIRE_EM_02023,RP_SLIP_TERRAIN,EVIDENCES,FIRE_119_RECORD
AE_FIRE_EM_02024,RP_TRAFFIC_01,EVIDENCES,FIRE_119_RECORD
AE_FIRE_EM_02025,RP_TRAFFIC_01,EVIDENCES,FIRE_119_RECORD
AE_FIRE_EM_02026,RP_SLIP_TERRAIN,EVIDENCES,FIRE_119_RECORD
AE_FIRE_EM_02027,RP_SLIP_TERRAIN,EVIDENCES,FIRE_119_RECORD
AE_FIRE_EM_02028,RP_MACHINE_01,EVIDENCES,FIRE_119_RECORD
AE_FIRE_EM_02029,RP_ANIMAL_01,EVIDENCES,FIRE_119_RECORD
AE_FIRE_EM_02030,RP_SLIP_TERRAIN,EVIDENCES,FIRE_119_RECORD
AE_FIRE_EM_02031,RP_TRAFFIC_01,EVIDENCES,FIRE_119_RECORD
AE_FIRE_EM_02032,RP_TRAFFIC_01,EVIDENCES,FIRE_119_RECORD
AE_FIRE_EM_02033,RP_SLIP_TERRAIN,EVIDENCES,FIRE_119_RECORD
AE_FIRE_EM_02034,RP_TRAFFIC_01,EVIDENCES,FIRE_119_RECORD
AE_FIRE_EM_02035,RP_MACHINE_01,EVIDENCES,FIRE_119_RECORD
AE_FIRE_EM_02036,RP_TRAFFIC_01,EVIDENCES,FIRE_119_RECORD
AE_FIRE_EM_02037,RP_TRAFFIC_01,EVIDENCES,FIRE_119_RECORD
AE_FIRE_EM_02038,RP_TRAFFIC_01,EVIDENCES,FIRE_119_RECORD
AE_FIRE_EM_02039,RP_SLIP_TERRAIN,EVIDENCES,FIRE_119_RECORD
AE_FIRE_EM_02040,RP_TRAFFIC_01,EVIDENCES,FIRE_119_RECORD
AE_FIRE_EM_02041,RP_MACHINE_01,EVIDENCES,FIRE_119_RECORD
AE_FIRE_EM_02042,RP_FALL_CLIFF,EVIDENCES,FIRE_119_RECORD
AE_FIRE_EM_02043,RP_TRAFFIC_01,EVIDENCES,FIRE_119_RECORD
AE_FIRE_EM_02044,RP_ANIMAL_01,EVIDENCES,FIRE_119_RECORD
AE_FIRE_EM_02045,RP_TRAFFIC_01,EVIDENCES,FIRE_119_RECORD
AE_FIRE_EM_02046,RP_ANIMAL_01,EVIDENCES,FIRE_119_RECORD
AE_FIRE_EM_02047,RP_SLIP_TERRAIN,EVIDENCES,FIRE_119_RECORD
AE_FIRE_EM_02048,RP_TRAFFIC_01,EVIDENCES,FIRE_119_RECORD
AE_FIRE_EM_02049,RP_SLIP_TERRAIN,EVIDENCES,FIRE_119_RECORD
AE_FIRE_EM_02050,RP_SLIP_TERRAIN,EVIDENCES,FIRE_119_RECORD
AE_FIRE_EM_02051,RP_TRAFFIC_01,EVIDENCES,FIRE_119_RECORD
AE_FIRE_EM_02052,RP_TRAFFIC_01,EVIDENCES,FIRE_119_RECORD
AE_FIRE_EM_02053,RP_MACHINE_01,EVIDENCES,FIRE_119_RECORD
AE_FIRE_EM_02054,RP_TRAFFIC_01,EVIDENCES,FIRE_119_RECORD
AE_FIRE_EM_02055,RP_TRAFFIC_01,EVIDENCES,FIRE_119_RECORD
AE_FIRE_EM_02056,RP_TRAFFIC_01,EVIDENCES,FIRE_119_RECORD
AE_FIRE_EM_02057,RP_TRAFFIC_01,EVIDENCES,FIRE_119_RECORD
AE_FIRE_EM_02058,RP_SLIP_TERRAIN,EVIDENCES,FIRE_119_RECORD
AE_FIRE_EM_02059,RP_SLIP_TERRAIN,EVIDENCES,FIRE_119_RECORD
AE_FIRE_EM_02060,RP_MACHINE_01,EVIDENCES,FIRE_119_RECORD
AE_FIRE_EM_02061,RP_FALL_CLIFF,EVIDENCES,FIRE_119_RECORD
AE_FIRE_EM_02062,RP_FALL_CLIFF,EVIDENCES,FIRE_119_RECORD
AE_FIRE_EM_02063,RP_SLIP_TERRAIN,EVIDENCES,FIRE_119_RECORD
AE_FIRE_EM_02064,RP_TRAFFIC_01,EVIDENCES,FIRE_119_RECORD
AE_FIRE_EM_02065,RP_DROWN_01,EVIDENCES,FIRE_119_RECORD
AE_FIRE_EM_02066,RP_TRAFFIC_01,EVIDENCES,FIRE_119_RECORD
AE_FIRE_EM_02067,RP_ANIMAL_01,EVIDENCES,FIRE_119_RECORD
AE_FIRE_EM_02068,RP_FALL_CLIFF,EVIDENCES,FIRE_119_RECORD
AE_FIRE_EM_02069,RP_FALL_CLIFF,EVIDENCES,FIRE_119_RECORD
AE_FIRE_EM_02070,RP_SLIP_TERRAIN,EVIDENCES,FIRE_119_RECORD
AE_FIRE_EM_02071,RP_TRAFFIC_01,EVIDENCES,FIRE_119_RECORD
AE_FIRE_EM_02072,RP_DROWN_01,EVIDENCES,FIRE_119_RECORD
AE_FIRE_EM_02073,RP_MACHINE_01,EVIDENCES,FIRE_119_RECORD
AE_FIRE_EM_02074,RP_ANIMAL_01,EVIDENCES,FIRE_119_RECORD
AE_FIRE_EM_02075,RP_TRAFFIC_01,EVIDENCES,FIRE_119_RECORD
AE_FIRE_EM_02076,RP_FALL_CLIFF,EVIDENCES,FIRE_119_RECORD
AE_FIRE_EM_02077,RP_SLIP_TERRAIN,EVIDENCES,FIRE_119_RECORD
AE_FIRE_EM_02078,RP_TRAFFIC_01,EVIDENCES,FIRE_119_RECORD
AE_FIRE_EM_02079,RP_TRAFFIC_01,EVIDENCES,FIRE_119_RECORD
AE_FIRE_EM_02080,RP_TRAFFIC_01,EVIDENCES,FIRE_119_RECORD
AE_FIRE_EM_02081,RP_MACHINE_01,EVIDENCES,FIRE_119_RECORD
AE_FIRE_EM_02082,RP_SLIP_TERRAIN,EVIDENCES,FIRE_119_RECORD
AE_FIRE_EM_02083,RP_MACHINE_01,EVIDENCES,FIRE_119_RECORD
AE_FIRE_EM_02084,RP_SLIP_TERRAIN,EVIDENCES,FIRE_119_RECORD
AE_FIRE_EM_02085,RP_TRAFFIC_01,EVIDENCES,FIRE_119_RECORD
AE_FIRE_EM_02086,RP_TRAFFIC_01,EVIDENCES,FIRE_119_RECORD
AE_FIRE_EM_02087,RP_TRAFFIC_01,EVIDENCES,FIRE_119_RECORD
AE_FIRE_EM_02088,RP_ANIMAL_01,EVIDENCES,FIRE_119_RECORD
AE_FIRE_EM_02089,RP_TRAFFIC_01,EVIDENCES,FIRE_119_RECORD
AE_FIRE_EM_02090,RP_TRAFFIC_01,EVIDENCES,FIRE_119_RECORD
AE_FIRE_EM_02091,RP_DROWN_01,EVIDENCES,FIRE_119_RECORD
AE_FIRE_EM_02092,RP_MACHINE_01,EVIDENCES,FIRE_119_RECORD
AE_FIRE_EM_02093,RP_TRAFFIC_01,EVIDENCES,FIRE_119_RECORD
AE_FIRE_EM_02094,RP_TRAFFIC_01,EVIDENCES,FIRE_119_RECORD
AE_FIRE_EM_02095,RP_MACHINE_01,EVIDENCES,FIRE_119_RECORD
AE_FIRE_EM_02096,RP_MACHINE_01,EVIDENCES,FIRE_119_RECORD
AE_FIRE_EM_02097,RP_TRAFFIC_01,EVIDENCES,FIRE_119_RECORD
AE_FIRE_EM_02098,RP_MACHINE_01,EVIDENCES,FIRE_119_RECORD
AE_FIRE_EM_02099,RP_TRAFFIC_01,EVIDENCES,FIRE_119_RECORD
AE_FIRE_EM_02100,RP_MACHINE_01,EVIDENCES,FIRE_119_RECORD
AE_FIRE_EM_02101,RP_TRAFFIC_01,EVIDENCES,FIRE_119_RECORD
AE_FIRE_EM_02102,RP_SLIP_TERRAIN,EVIDENCES,FIRE_119_RECORD
AE_FIRE_EM_02103,RP_MACHINE_01,EVIDENCES,FIRE_119_RECORD
AE_FIRE_EM_02104,RP_SLIP_TERRAIN,EVIDENCES,FIRE_119_RECORD
AE_FIRE_EM_02105,RP_SLIP_TERRAIN,EVIDENCES,FIRE_119_RECORD
AE_FIRE_EM_02106,RP_ANIMAL_01,EVIDENCES,FIRE_119_RECORD
AE_FIRE_EM_02107,RP_SLIP_TERRAIN,EVIDENCES,FIRE_119_RECORD
AE_FIRE_EM_02108,RP_SLIP_TERRAIN,EVIDENCES,FIRE_119_RECORD
AE_FIRE_EM_02109,RP_SLIP_TERRAIN,EVIDENCES,FIRE_119_RECORD
AE_FIRE_EM_02110,RP_SLIP_TERRAIN,EVIDENCES,FIRE_119_RECORD
AE_FIRE_EM_02111,RP_SLIP_TERRAIN,EVIDENCES,FIRE_119_RECORD
AE_FIRE_EM_02112,RP_MACHINE_01,EVIDENCES,FIRE_119_RECORD
AE_FIRE_EM_02113,RP_MACHINE_01,EVIDENCES,FIRE_119_RECORD
AE_FIRE_EM_02114,RP_SLIP_TERRAIN,EVIDENCES,FIRE_119_RECORD
AE_FIRE_EM_02115,RP_MACHINE_01,EVIDENCES,FIRE_119_RECORD
AE_FIRE_EM_02116,RP_MACHINE_01,EVIDENCES,FIRE_119_RECORD
AE_FIRE_EM_02117,RP_TRAFFIC_01,EVIDENCES,FIRE_119_RECORD
AE_FIRE_EM_02118,RP_TRAFFIC_01,EVIDENCES,FIRE_119_RECORD
AE_FIRE_EM_02119,RP_SLIP_TERRAIN,EVIDENCES,FIRE_119_RECORD
AE_FIRE_EM_02120,RP_DROWN_01,EVIDENCES,FIRE_119_RECORD
AE_FIRE_EM_02121,RP_MACHINE_01,EVIDENCES,FIRE_119_RECORD
AE_FIRE_EM_02122,RP_TRAFFIC_01,EVIDENCES,FIRE_119_RECORD
AE_FIRE_EM_02123,RP_SLIP_TERRAIN,EVIDENCES,FIRE_119_RECORD
AE_FIRE_EM_02124,RP_MACHINE_01,EVIDENCES,FIRE_119_RECORD
AE_FIRE_EM_02125,RP_MACHINE_01,EVIDENCES,FIRE_119_RECORD
AE_FIRE_EM_02126,RP_SLIP_TERRAIN,EVIDENCES,FIRE_119_RECORD
AE_FIRE_EM_02127,RP_SLIP_TERRAIN,EVIDENCES,FIRE_119_RECORD
AE_FIRE_EM_02128,RP_SLIP_TERRAIN,EVIDENCES,FIRE_119_RECORD
AE_FIRE_EM_02129,RP_MACHINE_01,EVIDENCES,FIRE_119_RECORD
AE_FIRE_EM_02130,RP_MACHINE_01,EVIDENCES,FIRE_119_RECORD
AE_FIRE_EM_02131,RP_TRAFFIC_01,EVIDENCES,FIRE_119_RECORD
AE_FIRE_EM_02132,RP_TRAFFIC_01,EVIDENCES,FIRE_119_RECORD
AE_FIRE_EM_02133,RP_MACHINE_01,EVIDENCES,FIRE_119_RECORD
AE_FIRE_EM_02134,RP_FALL_CLIFF,EVIDENCES,FIRE_119_RECORD
AE_FIRE_EM_02135,RP_MACHINE_01,EVIDENCES,FIRE_119_RECORD
AE_FIRE_EM_02136,RP_SLIP_TERRAIN,EVIDENCES,FIRE_119_RECORD
AE_FIRE_EM_02137,RP_SLIP_TERRAIN,EVIDENCES,FIRE_119_RECORD
AE_FIRE_EM_02138,RP_MACHINE_01,EVIDENCES,FIRE_119_RECORD
AE_FIRE_EM_02139,RP_SLIP_TERRAIN,EVIDENCES,FIRE_119_RECORD
AE_FIRE_EM_02140,RP_MACHINE_01,EVIDENCES,FIRE_119_RECORD
AE_FIRE_EM_02141,RP_MACHINE_01,EVIDENCES,FIRE_119_RECORD
AE_FIRE_EM_02142,RP_MACHINE_01,EVIDENCES,FIRE_119_RECORD
AE_FIRE_EM_02143,RP_SLIP_TERRAIN,EVIDENCES,FIRE_119_RECORD
AE_FIRE_EM_02144,RP_SLIP_TERRAIN,EVIDENCES,FIRE_119_RECORD
AE_FIRE_EM_02145,RP_SLIP_TERRAIN,EVIDENCES,FIRE_119_RECORD
AE_FIRE_EM_02146,RP_TRAFFIC_01,EVIDENCES,FIRE_119_RECORD
AE_FIRE_EM_02147,RP_TRAFFIC_01,EVIDENCES,FIRE_119_RECORD
AE_FIRE_EM_02148,RP_FALL_CLIFF,EVIDENCES,FIRE_119_RECORD
AE_FIRE_EM_02149,RP_TRAFFIC_01,EVIDENCES,FIRE_119_RECORD
AE_FIRE_EM_02150,RP_TRAFFIC_01,EVIDENCES,FIRE_119_RECORD
AE_FIRE_EM_02151,RP_SLIP_TERRAIN,EVIDENCES,FIRE_119_RECORD
AE_FIRE_EM_02152,RP_TRAFFIC_01,EVIDENCES,FIRE_119_RECORD
AE_FIRE_EM_02153,RP_TRAFFIC_01,EVIDENCES,FIRE_119_RECORD
AE_FIRE_EM_02154,RP_SLIP_TERRAIN,EVIDENCES,FIRE_119_RECORD
AE_FIRE_EM_02155,RP_TRAFFIC_01,EVIDENCES,FIRE_119_RECORD
AE_FIRE_EM_02156,RP_SLIP_TERRAIN,EVIDENCES,FIRE_119_RECORD
AE_FIRE_EM_02157,RP_SLIP_TERRAIN,EVIDENCES,FIRE_119_RECORD
AE_FIRE_EM_02158,RP_SLIP_TERRAIN,EVIDENCES,FIRE_119_RECORD
AE_FIRE_EM_02159,RP_SLIP_TERRAIN,EVIDENCES,FIRE_119_RECORD
AE_FIRE_EM_02160,RP_SLIP_TERRAIN,EVIDENCES,FIRE_119_RECORD
AE_FIRE_EM_02161,RP_TRAFFIC_01,EVIDENCES,FIRE_119_RECORD
AE_FIRE_EM_02162,RP_ANIMAL_01,EVIDENCES,FIRE_119_RECORD
AE_FIRE_EM_02163,RP_MACHINE_01,EVIDENCES,FIRE_119_RECORD
AE_FIRE_EM_02164,RP_TRAFFIC_01,EVIDENCES,FIRE_119_RECORD
AE_FIRE_EM_02165,RP_TRAFFIC_01,EVIDENCES,FIRE_119_RECORD
AE_FIRE_EM_02166,RP_TRAFFIC_01,EVIDENCES,FIRE_119_RECORD
AE_FIRE_EM_02167,RP_TRAFFIC_01,EVIDENCES,FIRE_119_RECORD
AE_FIRE_EM_02168,RP_MACHINE_01,EVIDENCES,FIRE_119_RECORD
AE_FIRE_EM_02169,RP_MACHINE_01,EVIDENCES,FIRE_119_RECORD
AE_FIRE_EM_02170,RP_SLIP_TERRAIN,EVIDENCES,FIRE_119_RECORD
AE_FIRE_EM_02171,RP_TRAFFIC_01,EVIDENCES,FIRE_119_RECORD
AE_FIRE_EM_02172,RP_TRAFFIC_01,EVIDENCES,FIRE_119_RECORD
AE_FIRE_EM_02173,RP_TRAFFIC_01,EVIDENCES,FIRE_119_RECORD
AE_FIRE_EM_02174,RP_SLIP_TERRAIN,EVIDENCES,FIRE_119_RECORD
AE_FIRE_EM_02175,RP_SLIP_TERRAIN,EVIDENCES,FIRE_119_RECORD
AE_FIRE_EM_02176,RP_SLIP_TERRAIN,EVIDENCES,FIRE_119_RECORD
AE_FIRE_EM_02177,RP_SLIP_TERRAIN,EVIDENCES,FIRE_119_RECORD
AE_FIRE_EM_02178,RP_MACHINE_01,EVIDENCES,FIRE_119_RECORD
AE_FIRE_EM_02179,RP_SLIP_TERRAIN,EVIDENCES,FIRE_119_RECORD
AE_FIRE_EM_02180,RP_SLIP_TERRAIN,EVIDENCES,FIRE_119_RECORD
AE_FIRE_EM_02181,RP_MACHINE_01,EVIDENCES,FIRE_119_RECORD
AE_FIRE_EM_02182,RP_SLIP_TERRAIN,EVIDENCES,FIRE_119_RECORD
AE_FIRE_EM_02183,RP_SLIP_TERRAIN,EVIDENCES,FIRE_119_RECORD
AE_FIRE_EM_02184,RP_TRAFFIC_01,EVIDENCES,FIRE_119_RECORD
AE_FIRE_EM_02185,RP_TRAFFIC_01,EVIDENCES,FIRE_119_RECORD
AE_FIRE_EM_02186,RP_FALL_CLIFF,EVIDENCES,FIRE_119_RECORD
AE_FIRE_EM_02187,RP_SLIP_TERRAIN,EVIDENCES,FIRE_119_RECORD
AE_FIRE_EM_02188,RP_MACHINE_01,EVIDENCES,FIRE_119_RECORD
AE_FIRE_EM_02189,RP_SLIP_TERRAIN,EVIDENCES,FIRE_119_RECORD
AE_FIRE_EM_02190,RP_SLIP_TERRAIN,EVIDENCES,FIRE_119_RECORD
AE_FIRE_EM_02191,RP_TRAFFIC_01,EVIDENCES,FIRE_119_RECORD
AE_FIRE_EM_02192,RP_TRAFFIC_01,EVIDENCES,FIRE_119_RECORD
AE_FIRE_EM_02193,RP_TRAFFIC_01,EVIDENCES,FIRE_119_RECORD
AE_FIRE_EM_02194,RP_MACHINE_01,EVIDENCES,FIRE_119_RECORD
AE_FIRE_EM_02195,RP_SLIP_TERRAIN,EVIDENCES,FIRE_119_RECORD
AE_FIRE_EM_02196,RP_TRAFFIC_01,EVIDENCES,FIRE_119_RECORD
AE_FIRE_EM_02197,RP_TRAFFIC_01,EVIDENCES,FIRE_119_RECORD
AE_FIRE_EM_02198,RP_SLIP_TERRAIN,EVIDENCES,FIRE_119_RECORD
AE_FIRE_EM_02199,RP_SLIP_TERRAIN,EVIDENCES,FIRE_119_RECORD
AE_FIRE_EM_02200,RP_TRAFFIC_01,EVIDENCES,FIRE_119_RECORD
AE_FIRE_EM_02201,RP_SLIP_TERRAIN,EVIDENCES,FIRE_119_RECORD
AE_FIRE_EM_02202,RP_SLIP_TERRAIN,EVIDENCES,FIRE_119_RECORD
AE_FIRE_EM_02203,RP_FALL_CLIFF,EVIDENCES,FIRE_119_RECORD
AE_FIRE_EM_02204,RP_TRAFFIC_01,EVIDENCES,FIRE_119_RECORD
AE_FIRE_EM_02205,RP_TRAFFIC_01,EVIDENCES,FIRE_119_RECORD
AE_FIRE_EM_02206,RP_SLIP_TERRAIN,EVIDENCES,FIRE_119_RECORD
AE_FIRE_EM_02207,RP_SLIP_TERRAIN,EVIDENCES,FIRE_119_RECORD
AE_FIRE_EM_02208,RP_SLIP_TERRAIN,EVIDENCES,FIRE_119_RECORD
AE_FIRE_EM_02209,RP_SLIP_TERRAIN,EVIDENCES,FIRE_119_RECORD
AE_FIRE_EM_02210,RP_SLIP_TERRAIN,EVIDENCES,FIRE_119_RECORD
AE_FIRE_EM_02211,RP_FALL_CLIFF,EVIDENCES,FIRE_119_RECORD
AE_FIRE_EM_02212,RP_SLIP_TERRAIN,EVIDENCES,FIRE_119_RECORD
AE_FIRE_EM_02213,RP_TRAFFIC_01,EVIDENCES,FIRE_119_RECORD
AE_FIRE_EM_02214,RP_TRAFFIC_01,EVIDENCES,FIRE_119_RECORD
AE_FIRE_EM_02215,RP_SLIP_TERRAIN,EVIDENCES,FIRE_119_RECORD
AE_FIRE_EM_02216,RP_SLIP_TERRAIN,EVIDENCES,FIRE_119_RECORD
AE_FIRE_EM_02217,RP_TRAFFIC_01,EVIDENCES,FIRE_119_RECORD
AE_FIRE_EM_02218,RP_MACHINE_01,EVIDENCES,FIRE_119_RECORD
AE_FIRE_EM_02219,RP_MACHINE_01,EVIDENCES,FIRE_119_RECORD
AE_FIRE_EM_02220,RP_MACHINE_01,EVIDENCES,FIRE_119_RECORD
AE_FIRE_EM_02221,RP_SLIP_TERRAIN,EVIDENCES,FIRE_119_RECORD
AE_FIRE_EM_02222,RP_SLIP_TERRAIN,EVIDENCES,FIRE_119_RECORD
AE_FIRE_EM_02223,RP_TRAFFIC_01,EVIDENCES,FIRE_119_RECORD
AE_FIRE_EM_02224,RP_TRAFFIC_01,EVIDENCES,FIRE_119_RECORD
AE_FIRE_EM_02225,RP_TRAFFIC_01,EVIDENCES,FIRE_119_RECORD
AE_FIRE_EM_02226,RP_SLIP_TERRAIN,EVIDENCES,FIRE_119_RECORD
AE_FIRE_EM_02227,RP_SLIP_TERRAIN,EVIDENCES,FIRE_119_RECORD
AE_FIRE_EM_02228,RP_SLIP_TERRAIN,EVIDENCES,FIRE_119_RECORD
AE_FIRE_EM_02229,RP_TRAFFIC_01,EVIDENCES,FIRE_119_RECORD
AE_FIRE_EM_02230,RP_TRAFFIC_01,EVIDENCES,FIRE_119_RECORD
AE_FIRE_EM_02231,RP_SLIP_TERRAIN,EVIDENCES,FIRE_119_RECORD
AE_FIRE_EM_02232,RP_TRAFFIC_01,EVIDENCES,FIRE_119_RECORD
AE_FIRE_EM_02233,RP_DROWN_01,EVIDENCES,FIRE_119_RECORD
AE_FIRE_EM_02234,RP_MACHINE_01,EVIDENCES,FIRE_119_RECORD
AE_FIRE_EM_02235,RP_SLIP_TERRAIN,EVIDENCES,FIRE_119_RECORD
AE_FIRE_EM_02236,RP_SLIP_TERRAIN,EVIDENCES,FIRE_119_RECORD
AE_FIRE_EM_02237,RP_SLIP_TERRAIN,EVIDENCES,FIRE_119_RECORD
AE_FIRE_EM_02238,RP_SLIP_TERRAIN,EVIDENCES,FIRE_119_RECORD
AE_FIRE_EM_02239,RP_ANIMAL_01,EVIDENCES,FIRE_119_RECORD
AE_FIRE_EM_02240,RP_TRAFFIC_01,EVIDENCES,FIRE_119_RECORD
AE_FIRE_EM_02241,RP_TRAFFIC_01,EVIDENCES,FIRE_119_RECORD
AE_FIRE_EM_02242,RP_ANIMAL_01,EVIDENCES,FIRE_119_RECORD
AE_FIRE_EM_02243,RP_SLIP_TERRAIN,EVIDENCES,FIRE_119_RECORD
AE_FIRE_EM_02244,RP_MACHINE_01,EVIDENCES,FIRE_119_RECORD
AE_FIRE_EM_02245,RP_MACHINE_01,EVIDENCES,FIRE_119_RECORD
AE_FIRE_EM_02246,RP_TRAFFIC_01,EVIDENCES,FIRE_119_RECORD
AE_FIRE_EM_02247,RP_TRAFFIC_01,EVIDENCES,FIRE_119_RECORD
AE_FIRE_EM_02248,RP_MACHINE_01,EVIDENCES,FIRE_119_RECORD
AE_FIRE_EM_02249,RP_SLIP_TERRAIN,EVIDENCES,FIRE_119_RECORD
AE_FIRE_EM_02250,RP_TRAFFIC_01,EVIDENCES,FIRE_119_RECORD
AE_FIRE_EM_02251,RP_SLIP_TERRAIN,EVIDENCES,FIRE_119_RECORD
AE_FIRE_EM_02252,RP_MACHINE_01,EVIDENCES,FIRE_119_RECORD
AE_FIRE_EM_02253,RP_TRAFFIC_01,EVIDENCES,FIRE_119_RECORD
AE_FIRE_EM_02254,RP_SLIP_TERRAIN,EVIDENCES,FIRE_119_RECORD
AE_FIRE_EM_02255,RP_TRAFFIC_01,EVIDENCES,FIRE_119_RECORD
AE_FIRE_EM_02256,RP_SLIP_TERRAIN,EVIDENCES,FIRE_119_RECORD
AE_FIRE_EM_02257,RP_SLIP_TERRAIN,EVIDENCES,FIRE_119_RECORD
AE_FIRE_EM_02258,RP_TRAFFIC_01,EVIDENCES,FIRE_119_RECORD
AE_FIRE_EM_02259,RP_TRAFFIC_01,EVIDENCES,FIRE_119_RECORD
AE_FIRE_EM_02260,RP_TRAFFIC_01,EVIDENCES,FIRE_119_RECORD
AE_FIRE_EM_02261,RP_TRAFFIC_01,EVIDENCES,FIRE_119_RECORD
AE_FIRE_EM_02262,RP_SLIP_TERRAIN,EVIDENCES,FIRE_119_RECORD
AE_FIRE_EM_02263,RP_SLIP_TERRAIN,EVIDENCES,FIRE_119_RECORD
AE_FIRE_EM_02264,RP_SLIP_TERRAIN,EVIDENCES,FIRE_119_RECORD
AE_FIRE_EM_02265,RP_TRAFFIC_01,EVIDENCES,FIRE_119_RECORD
AE_FIRE_EM_02266,RP_TRAFFIC_01,EVIDENCES,FIRE_119_RECORD
AE_FIRE_EM_02267,RP_TRAFFIC_01,EVIDENCES,FIRE_119_RECORD
AE_FIRE_EM_02268,RP_TRAFFIC_01,EVIDENCES,FIRE_119_RECORD
AE_FIRE_EM_02269,RP_TRAFFIC_01,EVIDENCES,FIRE_119_RECORD
AE_FIRE_EM_02270,RP_MACHINE_01,EVIDENCES,FIRE_119_RECORD
AE_FIRE_EM_02271,RP_SLIP_TERRAIN,EVIDENCES,FIRE_119_RECORD
AE_FIRE_EM_02272,RP_TRAFFIC_01,EVIDENCES,FIRE_119_RECORD
AE_FIRE_EM_02273,RP_TRAFFIC_01,EVIDENCES,FIRE_119_RECORD
AE_FIRE_EM_02274,RP_ANIMAL_01,EVIDENCES,FIRE_119_RECORD
AE_FIRE_EM_02275,RP_SLIP_TERRAIN,EVIDENCES,FIRE_119_RECORD
AE_FIRE_EM_02276,RP_SLIP_TERRAIN,EVIDENCES,FIRE_119_RECORD
AE_FIRE_EM_02277,RP_TRAFFIC_01,EVIDENCES,FIRE_119_RECORD
AE_FIRE_EM_02278,RP_MACHINE_01,EVIDENCES,FIRE_119_RECORD
AE_FIRE_EM_02279,RP_TRAFFIC_01,EVIDENCES,FIRE_119_RECORD
AE_FIRE_EM_02280,RP_SLIP_TERRAIN,EVIDENCES,FIRE_119_RECORD
AE_FIRE_EM_02281,RP_TRAFFIC_01,EVIDENCES,FIRE_119_RECORD
AE_FIRE_EM_02282,RP_TRAFFIC_01,EVIDENCES,FIRE_119_RECORD
AE_FIRE_EM_02283,RP_TRAFFIC_01,EVIDENCES,FIRE_119_RECORD
AE_FIRE_EM_02284,RP_MACHINE_01,EVIDENCES,FIRE_119_RECORD
AE_FIRE_EM_02285,RP_TRAFFIC_01,EVIDENCES,FIRE_119_RECORD
AE_FIRE_EM_02286,RP_SLIP_TERRAIN,EVIDENCES,FIRE_119_RECORD
AE_FIRE_EM_02287,RP_TRAFFIC_01,EVIDENCES,FIRE_119_RECORD
AE_FIRE_EM_02288,RP_TRAFFIC_01,EVIDENCES,FIRE_119_RECORD
AE_FIRE_EM_02289,RP_SLIP_TERRAIN,EVIDENCES,FIRE_119_RECORD
AE_FIRE_EM_02290,RP_SLIP_TERRAIN,EVIDENCES,FIRE_119_RECORD
AE_FIRE_EM_02291,RP_SLIP_TERRAIN,EVIDENCES,FIRE_119_RECORD
AE_FIRE_EM_02292,RP_TRAFFIC_01,EVIDENCES,FIRE_119_RECORD
AE_FIRE_EM_02293,RP_SLIP_TERRAIN,EVIDENCES,FIRE_119_RECORD
AE_FIRE_EM_02294,RP_SLIP_TERRAIN,EVIDENCES,FIRE_119_RECORD
AE_FIRE_EM_02295,RP_TRAFFIC_01,EVIDENCES,FIRE_119_RECORD
AE_FIRE_EM_02296,RP_MACHINE_01,EVIDENCES,FIRE_119_RECORD
AE_FIRE_EM_02297,RP_SLIP_TERRAIN,EVIDENCES,FIRE_119_RECORD
AE_FIRE_EM_02298,RP_SLIP_TERRAIN,EVIDENCES,FIRE_119_RECORD
AE_FIRE_EM_02299,RP_SLIP_TERRAIN,EVIDENCES,FIRE_119_RECORD
AE_FIRE_EM_02300,RP_SLIP_TERRAIN,EVIDENCES,FIRE_119_RECORD
AE_FIRE_EM_02301,RP_FIRE_01,EVIDENCES,FIRE_119_RECORD
AE_FIRE_EM_02302,RP_FALL_CLIFF,EVIDENCES,FIRE_119_RECORD
AE_FIRE_EM_02303,RP_FALL_CLIFF,EVIDENCES,FIRE_119_RECORD
AE_FIRE_EM_02304,RP_TRAFFIC_01,EVIDENCES,FIRE_119_RECORD
AE_FIRE_EM_02305,RP_MACHINE_01,EVIDENCES,FIRE_119_RECORD
AE_FIRE_EM_02306,RP_SLIP_TERRAIN,EVIDENCES,FIRE_119_RECORD
AE_FIRE_EM_02307,RP_SLIP_TERRAIN,EVIDENCES,FIRE_119_RECORD
AE_FIRE_EM_02308,RP_SLIP_TERRAIN,EVIDENCES,FIRE_119_RECORD
AE_FIRE_EM_02309,RP_MACHINE_01,EVIDENCES,FIRE_119_RECORD
AE_FIRE_EM_02310,RP_SLIP_TERRAIN,EVIDENCES,FIRE_119_RECORD
AE_FIRE_EM_02311,RP_TRAFFIC_01,EVIDENCES,FIRE_119_RECORD
AE_FIRE_EM_02312,RP_TRAFFIC_01,EVIDENCES,FIRE_119_RECORD
AE_FIRE_EM_02313,RP_MACHINE_01,EVIDENCES,FIRE_119_RECORD
AE_FIRE_EM_02314,RP_TRAFFIC_01,EVIDENCES,FIRE_119_RECORD
AE_FIRE_EM_02315,RP_MACHINE_01,EVIDENCES,FIRE_119_RECORD
AE_FIRE_EM_02316,RP_SLIP_TERRAIN,EVIDENCES,FIRE_119_RECORD
AE_FIRE_EM_02317,RP_ANIMAL_01,EVIDENCES,FIRE_119_RECORD
AE_FIRE_EM_02318,RP_SLIP_TERRAIN,EVIDENCES,FIRE_119_RECORD
AE_FIRE_EM_02319,RP_SLIP_TERRAIN,EVIDENCES,FIRE_119_RECORD
AE_FIRE_EM_02320,RP_TRAFFIC_01,EVIDENCES,FIRE_119_RECORD
AE_FIRE_EM_02321,RP_ANIMAL_01,EVIDENCES,FIRE_119_RECORD
AE_FIRE_EM_02322,RP_TRAFFIC_01,EVIDENCES,FIRE_119_RECORD
AE_FIRE_EM_02323,RP_TRAFFIC_01,EVIDENCES,FIRE_119_RECORD
AE_FIRE_EM_02324,RP_SLIP_TERRAIN,EVIDENCES,FIRE_119_RECORD
AE_FIRE_EM_02325,RP_TRAFFIC_01,EVIDENCES,FIRE_119_RECORD
AE_FIRE_EM_02326,RP_TRAFFIC_01,EVIDENCES,FIRE_119_RECORD
AE_FIRE_EM_02327,RP_MACHINE_01,EVIDENCES,FIRE_119_RECORD
AE_FIRE_EM_02328,RP_MACHINE_01,EVIDENCES,FIRE_119_RECORD
AE_FIRE_EM_02329,RP_MACHINE_01,EVIDENCES,FIRE_119_RECORD
AE_FIRE_EM_02330,RP_MACHINE_01,EVIDENCES,FIRE_119_RECORD
AE_FIRE_EM_02331,RP_SLIP_TERRAIN,EVIDENCES,FIRE_119_RECORD
AE_FIRE_EM_02332,RP_MACHINE_01,EVIDENCES,FIRE_119_RECORD
AE_FIRE_EM_02333,RP_TRAFFIC_01,EVIDENCES,FIRE_119_RECORD
AE_FIRE_EM_02334,RP_TRAFFIC_01,EVIDENCES,FIRE_119_RECORD
AE_FIRE_EM_02335,RP_SLIP_TERRAIN,EVIDENCES,FIRE_119_RECORD
AE_FIRE_EM_02336,RP_MACHINE_01,EVIDENCES,FIRE_119_RECORD
AE_FIRE_EM_02337,RP_TRAFFIC_01,EVIDENCES,FIRE_119_RECORD
AE_FIRE_EM_02338,RP_MACHINE_01,EVIDENCES,FIRE_119_RECORD
AE_FIRE_EM_02339,RP_TRAFFIC_01,EVIDENCES,FIRE_119_RECORD
AE_FIRE_EM_02340,RP_TRAFFIC_01,EVIDENCES,FIRE_119_RECORD
AE_FIRE_EM_02341,RP_MACHINE_01,EVIDENCES,FIRE_119_RECORD
AE_FIRE_EM_02342,RP_TRAFFIC_01,EVIDENCES,FIRE_119_RECORD
AE_FIRE_EM_02343,RP_TRAFFIC_01,EVIDENCES,FIRE_119_RECORD
AE_FIRE_EM_02344,RP_SLIP_TERRAIN,EVIDENCES,FIRE_119_RECORD
AE_FIRE_EM_02345,RP_SLIP_TERRAIN,EVIDENCES,FIRE_119_RECORD
AE_FIRE_EM_02346,RP_SLIP_TERRAIN,EVIDENCES,FIRE_119_RECORD
AE_FIRE_EM_02347,RP_TRAFFIC_01,EVIDENCES,FIRE_119_RECORD
AE_FIRE_EM_02348,RP_SLIP_TERRAIN,EVIDENCES,FIRE_119_RECORD
AE_FIRE_EM_02349,RP_MACHINE_01,EVIDENCES,FIRE_119_RECORD
AE_FIRE_EM_02350,RP_TRAFFIC_01,EVIDENCES,FIRE_119_RECORD
AE_FIRE_EM_02351,RP_MACHINE_01,EVIDENCES,FIRE_119_RECORD
AE_FIRE_EM_02352,RP_ANIMAL_01,EVIDENCES,FIRE_119_RECORD
AE_FIRE_EM_02353,RP_TRAFFIC_01,EVIDENCES,FIRE_119_RECORD
AE_FIRE_EM_02354,RP_ANIMAL_01,EVIDENCES,FIRE_119_RECORD
AE_FIRE_EM_02355,RP_SLIP_TERRAIN,EVIDENCES,FIRE_119_RECORD
AE_FIRE_EM_02356,RP_ANIMAL_01,EVIDENCES,FIRE_119_RECORD
AE_FIRE_EM_02357,RP_TRAFFIC_01,EVIDENCES,FIRE_119_RECORD
AE_FIRE_EM_02358,RP_MACHINE_01,EVIDENCES,FIRE_119_RECORD
AE_FIRE_EM_02359,RP_MACHINE_01,EVIDENCES,FIRE_119_RECORD
AE_FIRE_EM_02360,RP_SLIP_TERRAIN,EVIDENCES,FIRE_119_RECORD
AE_FIRE_EM_02361,RP_TRAFFIC_01,EVIDENCES,FIRE_119_RECORD
AE_FIRE_EM_02362,RP_TRAFFIC_01,EVIDENCES,FIRE_119_RECORD
AE_FIRE_EM_02363,RP_TRAFFIC_01,EVIDENCES,FIRE_119_RECORD
AE_FIRE_EM_02364,RP_SLIP_TERRAIN,EVIDENCES,FIRE_119_RECORD
AE_FIRE_EM_02365,RP_TRAFFIC_01,EVIDENCES,FIRE_119_RECORD
AE_FIRE_EM_02366,RP_SLIP_TERRAIN,EVIDENCES,FIRE_119_RECORD
AE_FIRE_EM_02367,RP_MACHINE_01,EVIDENCES,FIRE_119_RECORD
AE_FIRE_EM_02368,RP_SLIP_TERRAIN,EVIDENCES,FIRE_119_RECORD
AE_FIRE_EM_02369,RP_SLIP_TERRAIN,EVIDENCES,FIRE_119_RECORD
AE_FIRE_EM_02370,RP_TRAFFIC_01,EVIDENCES,FIRE_119_RECORD
AE_FIRE_EM_02371,RP_MACHINE_01,EVIDENCES,FIRE_119_RECORD
AE_FIRE_EM_02372,RP_MACHINE_01,EVIDENCES,FIRE_119_RECORD
AE_FIRE_EM_02373,RP_MACHINE_01,EVIDENCES,FIRE_119_RECORD
AE_FIRE_EM_02374,RP_SLIP_TERRAIN,EVIDENCES,FIRE_119_RECORD
AE_FIRE_EM_02375,RP_MACHINE_01,EVIDENCES,FIRE_119_RECORD
AE_FIRE_EM_02376,RP_SLIP_TERRAIN,EVIDENCES,FIRE_119_RECORD
AE_FIRE_EM_02377,RP_TRAFFIC_01,EVIDENCES,FIRE_119_RECORD
AE_FIRE_EM_02378,RP_TRAFFIC_01,EVIDENCES,FIRE_119_RECORD
AE_FIRE_EM_02379,RP_TRAFFIC_01,EVIDENCES,FIRE_119_RECORD
AE_FIRE_EM_02380,RP_TRAFFIC_01,EVIDENCES,FIRE_119_RECORD
AE_FIRE_EM_02381,RP_ANIMAL_01,EVIDENCES,FIRE_119_RECORD
AE_FIRE_EM_02382,RP_ANIMAL_01,EVIDENCES,FIRE_119_RECORD
AE_FIRE_EM_02383,RP_SLIP_TERRAIN,EVIDENCES,FIRE_119_RECORD
AE_FIRE_EM_02384,RP_TRAFFIC_01,EVIDENCES,FIRE_119_RECORD
AE_FIRE_EM_02385,RP_TRAFFIC_01,EVIDENCES,FIRE_119_RECORD
AE_FIRE_EM_02386,RP_TRAFFIC_01,EVIDENCES,FIRE_119_RECORD
AE_FIRE_EM_02387,RP_TRAFFIC_01,EVIDENCES,FIRE_119_RECORD
AE_FIRE_EM_02388,RP_MACHINE_01,EVIDENCES,FIRE_119_RECORD
AE_FIRE_EM_02389,RP_TRAFFIC_01,EVIDENCES,FIRE_119_RECORD
AE_FIRE_EM_02390,RP_SLIP_TERRAIN,EVIDENCES,FIRE_119_RECORD
AE_FIRE_EM_02391,RP_TRAFFIC_01,EVIDENCES,FIRE_119_RECORD
AE_FIRE_EM_02392,RP_TRAFFIC_01,EVIDENCES,FIRE_119_RECORD
AE_FIRE_EM_02393,RP_TRAFFIC_01,EVIDENCES,FIRE_119_RECORD
AE_FIRE_EM_02394,RP_TRAFFIC_01,EVIDENCES,FIRE_119_RECORD
AE_FIRE_EM_02395,RP_SLIP_TERRAIN,EVIDENCES,FIRE_119_RECORD
AE_FIRE_EM_02396,RP_SLIP_TERRAIN,EVIDENCES,FIRE_119_RECORD
AE_FIRE_EM_02397,RP_MACHINE_01,EVIDENCES,FIRE_119_RECORD
AE_FIRE_EM_02398,RP_SLIP_TERRAIN,EVIDENCES,FIRE_119_RECORD
AE_FIRE_EM_02399,RP_SLIP_TERRAIN,EVIDENCES,FIRE_119_RECORD
AE_FIRE_EM_02400,RP_SLIP_TERRAIN,EVIDENCES,FIRE_119_RECORD
AE_FIRE_EM_02401,RP_SLIP_TERRAIN,EVIDENCES,FIRE_119_RECORD
AE_FIRE_EM_02402,RP_SLIP_TERRAIN,EVIDENCES,FIRE_119_RECORD
AE_FIRE_EM_02403,RP_MACHINE_01,EVIDENCES,FIRE_119_RECORD
AE_FIRE_EM_02404,RP_MACHINE_01,EVIDENCES,FIRE_119_RECORD
AE_FIRE_EM_02405,RP_SLIP_TERRAIN,EVIDENCES,FIRE_119_RECORD
AE_FIRE_EM_02406,RP_TRAFFIC_01,EVIDENCES,FIRE_119_RECORD
AE_FIRE_EM_02407,RP_TRAFFIC_01,EVIDENCES,FIRE_119_RECORD
AE_FIRE_EM_02408,RP_MACHINE_01,EVIDENCES,FIRE_119_RECORD
AE_FIRE_EM_02409,RP_SLIP_TERRAIN,EVIDENCES,FIRE_119_RECORD
AE_FIRE_EM_02410,RP_SLIP_TERRAIN,EVIDENCES,FIRE_119_RECORD
AE_FIRE_EM_02411,RP_TRAFFIC_01,EVIDENCES,FIRE_119_RECORD
AE_FIRE_EM_02412,RP_MACHINE_01,EVIDENCES,FIRE_119_RECORD
AE_FIRE_EM_02413,RP_TRAFFIC_01,EVIDENCES,FIRE_119_RECORD
AE_FIRE_EM_02414,RP_TRAFFIC_01,EVIDENCES,FIRE_119_RECORD
AE_FIRE_EM_02415,RP_MACHINE_01,EVIDENCES,FIRE_119_RECORD
AE_FIRE_EM_02416,RP_TRAFFIC_01,EVIDENCES,FIRE_119_RECORD
AE_FIRE_EM_02417,RP_SLIP_TERRAIN,EVIDENCES,FIRE_119_RECORD
AE_FIRE_EM_02418,RP_SLIP_TERRAIN,EVIDENCES,FIRE_119_RECORD
AE_FIRE_EM_02419,RP_SLIP_TERRAIN,EVIDENCES,FIRE_119_RECORD
AE_FIRE_EM_02420,RP_MACHINE_01,EVIDENCES,FIRE_119_RECORD
AE_FIRE_EM_02421,RP_MACHINE_01,EVIDENCES,FIRE_119_RECORD
AE_FIRE_EM_02422,RP_SLIP_TERRAIN,EVIDENCES,FIRE_119_RECORD
AE_FIRE_EM_02423,RP_SLIP_TERRAIN,EVIDENCES,FIRE_119_RECORD
AE_FIRE_EM_02424,RP_SLIP_TERRAIN,EVIDENCES,FIRE_119_RECORD
AE_FIRE_EM_02425,RP_MACHINE_01,EVIDENCES,FIRE_119_RECORD
AE_FIRE_EM_02426,RP_SLIP_TERRAIN,EVIDENCES,FIRE_119_RECORD
AE_FIRE_EM_02427,RP_CO_01,EVIDENCES,FIRE_119_RECORD
AE_FIRE_EM_02428,RP_TRAFFIC_01,EVIDENCES,FIRE_119_RECORD
AE_FIRE_EM_02429,RP_SLIP_TERRAIN,EVIDENCES,FIRE_119_RECORD
AE_FIRE_EM_02430,RP_MACHINE_01,EVIDENCES,FIRE_119_RECORD
AE_FIRE_EM_02431,RP_TRAFFIC_01,EVIDENCES,FIRE_119_RECORD
AE_FIRE_EM_02432,RP_TRAFFIC_01,EVIDENCES,FIRE_119_RECORD
AE_FIRE_EM_02433,RP_MACHINE_01,EVIDENCES,FIRE_119_RECORD
AE_FIRE_EM_02434,RP_TRAFFIC_01,EVIDENCES,FIRE_119_RECORD
AE_FIRE_EM_02435,RP_SLIP_TERRAIN,EVIDENCES,FIRE_119_RECORD
AE_FIRE_EM_02436,RP_SLIP_TERRAIN,EVIDENCES,FIRE_119_RECORD
AE_FIRE_EM_02437,RP_SLIP_TERRAIN,EVIDENCES,FIRE_119_RECORD
AE_FIRE_EM_02438,RP_SLIP_TERRAIN,EVIDENCES,FIRE_119_RECORD
AE_FIRE_EM_02439,RP_TRAFFIC_01,EVIDENCES,FIRE_119_RECORD
AE_FIRE_EM_02440,RP_MACHINE_01,EVIDENCES,FIRE_119_RECORD
AE_FIRE_EM_02441,RP_SLIP_TERRAIN,EVIDENCES,FIRE_119_RECORD
AE_FIRE_EM_02442,RP_SLIP_TERRAIN,EVIDENCES,FIRE_119_RECORD
AE_FIRE_EM_02443,RP_SLIP_TERRAIN,EVIDENCES,FIRE_119_RECORD
AE_FIRE_EM_02444,RP_SLIP_TERRAIN,EVIDENCES,FIRE_119_RECORD
AE_FIRE_EM_02445,RP_FALL_CLIFF,EVIDENCES,FIRE_119_RECORD
AE_FIRE_EM_02446,RP_SLIP_TERRAIN,EVIDENCES,FIRE_119_RECORD
AE_FIRE_EM_02447,RP_SLIP_TERRAIN,EVIDENCES,FIRE_119_RECORD
AE_FIRE_EM_02448,RP_SLIP_TERRAIN,EVIDENCES,FIRE_119_RECORD
AE_FIRE_EM_02449,RP_SLIP_TERRAIN,EVIDENCES,FIRE_119_RECORD
AE_FIRE_EM_02450,RP_MACHINE_01,EVIDENCES,FIRE_119_RECORD
AE_FIRE_EM_02451,RP_TRAFFIC_01,EVIDENCES,FIRE_119_RECORD
AE_FIRE_EM_02452,RP_TRAFFIC_01,EVIDENCES,FIRE_119_RECORD
AE_FIRE_EM_02453,RP_SLIP_TERRAIN,EVIDENCES,FIRE_119_RECORD
AE_FIRE_EM_02454,RP_TRAFFIC_01,EVIDENCES,FIRE_119_RECORD
AE_FIRE_EM_02455,RP_SLIP_TERRAIN,EVIDENCES,FIRE_119_RECORD
AE_FIRE_EM_02456,RP_MACHINE_01,EVIDENCES,FIRE_119_RECORD
AE_FIRE_EM_02457,RP_TRAFFIC_01,EVIDENCES,FIRE_119_RECORD
AE_FIRE_EM_02458,RP_MACHINE_01,EVIDENCES,FIRE_119_RECORD
AE_FIRE_EM_02459,RP_SLIP_TERRAIN,EVIDENCES,FIRE_119_RECORD
AE_FIRE_EM_02460,RP_TRAFFIC_01,EVIDENCES,FIRE_119_RECORD
AE_FIRE_EM_02461,RP_TRAFFIC_01,EVIDENCES,FIRE_119_RECORD
AE_FIRE_EM_02462,RP_TRAFFIC_01,EVIDENCES,FIRE_119_RECORD
AE_FIRE_EM_02463,RP_MACHINE_01,EVIDENCES,FIRE_119_RECORD
AE_FIRE_EM_02464,RP_MACHINE_01,EVIDENCES,FIRE_119_RECORD
AE_FIRE_EM_02465,RP_TRAFFIC_01,EVIDENCES,FIRE_119_RECORD
AE_FIRE_EM_02466,RP_TRAFFIC_01,EVIDENCES,FIRE_119_RECORD
AE_FIRE_EM_02467,RP_SLIP_TERRAIN,EVIDENCES,FIRE_119_RECORD
AE_FIRE_EM_02468,RP_MACHINE_01,EVIDENCES,FIRE_119_RECORD
AE_FIRE_EM_02469,RP_TRAFFIC_01,EVIDENCES,FIRE_119_RECORD
AE_FIRE_EM_02470,RP_SLIP_TERRAIN,EVIDENCES,FIRE_119_RECORD
AE_FIRE_EM_02471,RP_SLIP_TERRAIN,EVIDENCES,FIRE_119_RECORD
AE_FIRE_EM_02472,RP_TRAFFIC_01,EVIDENCES,FIRE_119_RECORD
AE_FIRE_EM_02473,RP_MACHINE_01,EVIDENCES,FIRE_119_RECORD
AE_FIRE_EM_02474,RP_SLIP_TERRAIN,EVIDENCES,FIRE_119_RECORD
AE_FIRE_EM_02475,RP_SLIP_TERRAIN,EVIDENCES,FIRE_119_RECORD
AE_FIRE_EM_02476,RP_SLIP_TERRAIN,EVIDENCES,FIRE_119_RECORD
AE_FIRE_EM_02477,RP_SLIP_TERRAIN,EVIDENCES,FIRE_119_RECORD
AE_FIRE_EM_02478,RP_MACHINE_01,EVIDENCES,FIRE_119_RECORD
AE_FIRE_EM_02479,RP_ANIMAL_01,EVIDENCES,FIRE_119_RECORD
AE_FIRE_EM_02480,RP_MACHINE_01,EVIDENCES,FIRE_119_RECORD
AE_FIRE_EM_02481,RP_TRAFFIC_01,EVIDENCES,FIRE_119_RECORD
AE_FIRE_EM_02482,RP_SLIP_TERRAIN,EVIDENCES,FIRE_119_RECORD
AE_FIRE_EM_02483,RP_SLIP_TERRAIN,EVIDENCES,FIRE_119_RECORD
AE_FIRE_EM_02484,RP_SLIP_TERRAIN,EVIDENCES,FIRE_119_RECORD
AE_FIRE_EM_02485,RP_TRAFFIC_01,EVIDENCES,FIRE_119_RECORD
AE_FIRE_EM_02486,RP_SLIP_TERRAIN,EVIDENCES,FIRE_119_RECORD
AE_FIRE_EM_02487,RP_SLIP_TERRAIN,EVIDENCES,FIRE_119_RECORD
AE_FIRE_EM_02488,RP_SLIP_TERRAIN,EVIDENCES,FIRE_119_RECORD
AE_FIRE_EM_02489,RP_TRAFFIC_01,EVIDENCES,FIRE_119_RECORD
AE_FIRE_EM_02490,RP_TRAFFIC_01,EVIDENCES,FIRE_119_RECORD
AE_FIRE_EM_02491,RP_TRAFFIC_01,EVIDENCES,FIRE_119_RECORD
AE_FIRE_EM_02492,RP_TRAFFIC_01,EVIDENCES,FIRE_119_RECORD
AE_FIRE_EM_02493,RP_TRAFFIC_01,EVIDENCES,FIRE_119_RECORD
AE_FIRE_EM_02494,RP_TRAFFIC_01,EVIDENCES,FIRE_119_RECORD
AE_FIRE_EM_02495,RP_TRAFFIC_01,EVIDENCES,FIRE_119_RECORD
AE_FIRE_EM_02496,RP_TRAFFIC_01,EVIDENCES,FIRE_119_RECORD
AE_FIRE_EM_02497,RP_TRAFFIC_01,EVIDENCES,FIRE_119_RECORD
AE_FIRE_EM_02498,RP_MACHINE_01,EVIDENCES,FIRE_119_RECORD
AE_FIRE_EM_02499,RP_ANIMAL_01,EVIDENCES,FIRE_119_RECORD
AE_FIRE_EM_02500,RP_FALL_CLIFF,EVIDENCES,FIRE_119_RECORD
AE_FIRE_EM_02501,RP_SLIP_TERRAIN,EVIDENCES,FIRE_119_RECORD
AE_FIRE_EM_02502,RP_TRAFFIC_01,EVIDENCES,FIRE_119_RECORD
AE_FIRE_EM_02503,RP_TRAFFIC_01,EVIDENCES,FIRE_119_RECORD
AE_FIRE_EM_02504,RP_TRAFFIC_01,EVIDENCES,FIRE_119_RECORD
AE_FIRE_EM_02505,RP_TRAFFIC_01,EVIDENCES,FIRE_119_RECORD
AE_FIRE_EM_02506,RP_TRAFFIC_01,EVIDENCES,FIRE_119_RECORD
AE_FIRE_EM_02507,RP_MACHINE_01,EVIDENCES,FIRE_119_RECORD
AE_FIRE_EM_02508,RP_SLIP_TERRAIN,EVIDENCES,FIRE_119_RECORD
AE_FIRE_EM_02509,RP_TRAFFIC_01,EVIDENCES,FIRE_119_RECORD
AE_FIRE_EM_02510,RP_MACHINE_01,EVIDENCES,FIRE_119_RECORD
AE_FIRE_EM_02511,RP_MACHINE_01,EVIDENCES,FIRE_119_RECORD
AE_FIRE_EM_02512,RP_TRAFFIC_01,EVIDENCES,FIRE_119_RECORD
AE_FIRE_EM_02513,RP_TRAFFIC_01,EVIDENCES,FIRE_119_RECORD
AE_FIRE_EM_02514,RP_FALL_CLIFF,EVIDENCES,FIRE_119_RECORD
AE_FIRE_EM_02515,RP_TRAFFIC_01,EVIDENCES,FIRE_119_RECORD
AE_FIRE_EM_02516,RP_MACHINE_01,EVIDENCES,FIRE_119_RECORD
AE_FIRE_EM_02517,RP_MACHINE_01,EVIDENCES,FIRE_119_RECORD
AE_FIRE_EM_02518,RP_TRAFFIC_01,EVIDENCES,FIRE_119_RECORD
AE_FIRE_EM_02519,RP_TRAFFIC_01,EVIDENCES,FIRE_119_RECORD
AE_FIRE_EM_02520,RP_TRAFFIC_01,EVIDENCES,FIRE_119_RECORD
AE_FIRE_EM_02521,RP_FALL_CLIFF,EVIDENCES,FIRE_119_RECORD
AE_FIRE_EM_02522,RP_FALL_CLIFF,EVIDENCES,FIRE_119_RECORD
AE_FIRE_EM_02523,RP_SLIP_TERRAIN,EVIDENCES,FIRE_119_RECORD
AE_FIRE_EM_02524,RP_TRAFFIC_01,EVIDENCES,FIRE_119_RECORD
AE_FIRE_EM_02525,RP_ANIMAL_01,EVIDENCES,FIRE_119_RECORD
AE_FIRE_EM_02526,RP_FALL_CLIFF,EVIDENCES,FIRE_119_RECORD
AE_FIRE_EM_02527,RP_MACHINE_01,EVIDENCES,FIRE_119_RECORD
AE_FIRE_EM_02528,RP_SLIP_TERRAIN,EVIDENCES,FIRE_119_RECORD
AE_FIRE_EM_02529,RP_TRAFFIC_01,EVIDENCES,FIRE_119_RECORD
AE_FIRE_EM_02530,RP_TRAFFIC_01,EVIDENCES,FIRE_119_RECORD
AE_FIRE_EM_02531,RP_TRAFFIC_01,EVIDENCES,FIRE_119_RECORD
AE_FIRE_EM_02532,RP_TRAFFIC_01,EVIDENCES,FIRE_119_RECORD
AE_FIRE_EM_02533,RP_TRAFFIC_01,EVIDENCES,FIRE_119_RECORD
AE_FIRE_EM_02534,RP_SLIP_TERRAIN,EVIDENCES,FIRE_119_RECORD
AE_FIRE_EM_02535,RP_SLIP_TERRAIN,EVIDENCES,FIRE_119_RECORD
AE_FIRE_EM_02536,RP_SLIP_TERRAIN,EVIDENCES,FIRE_119_RECORD
AE_FIRE_EM_02537,RP_SLIP_TERRAIN,EVIDENCES,FIRE_119_RECORD
AE_FIRE_EM_02538,RP_SLIP_TERRAIN,EVIDENCES,FIRE_119_RECORD
AE_FIRE_EM_02539,RP_MACHINE_01,EVIDENCES,FIRE_119_RECORD
AE_FIRE_EM_02540,RP_MACHINE_01,EVIDENCES,FIRE_119_RECORD
AE_FIRE_EM_02541,RP_TRAFFIC_01,EVIDENCES,FIRE_119_RECORD
AE_FIRE_EM_02542,RP_TRAFFIC_01,EVIDENCES,FIRE_119_RECORD
AE_FIRE_EM_02543,RP_SLIP_TERRAIN,EVIDENCES,FIRE_119_RECORD
AE_FIRE_EM_02544,RP_SLIP_TERRAIN,EVIDENCES,FIRE_119_RECORD
AE_FIRE_EM_02545,RP_SLIP_TERRAIN,EVIDENCES,FIRE_119_RECORD
AE_FIRE_EM_02546,RP_TRAFFIC_01,EVIDENCES,FIRE_119_RECORD
AE_FIRE_EM_02547,RP_MACHINE_01,EVIDENCES,FIRE_119_RECORD
AE_FIRE_EM_02548,RP_SLIP_TERRAIN,EVIDENCES,FIRE_119_RECORD
AE_FIRE_EM_02549,RP_TRAFFIC_01,EVIDENCES,FIRE_119_RECORD
AE_FIRE_EM_02550,RP_TRAFFIC_01,EVIDENCES,FIRE_119_RECORD
AE_FIRE_EM_02551,RP_SLIP_TERRAIN,EVIDENCES,FIRE_119_RECORD
AE_FIRE_EM_02552,RP_SLIP_TERRAIN,EVIDENCES,FIRE_119_RECORD
AE_FIRE_EM_02553,RP_TRAFFIC_01,EVIDENCES,FIRE_119_RECORD
AE_FIRE_EM_02554,RP_MACHINE_01,EVIDENCES,FIRE_119_RECORD
AE_FIRE_EM_02555,RP_MACHINE_01,EVIDENCES,FIRE_119_RECORD
AE_FIRE_EM_02556,RP_SLIP_TERRAIN,EVIDENCES,FIRE_119_RECORD
AE_FIRE_EM_02557,RP_SLIP_TERRAIN,EVIDENCES,FIRE_119_RECORD
AE_FIRE_EM_02558,RP_MACHINE_01,EVIDENCES,FIRE_119_RECORD
AE_FIRE_EM_02559,RP_SLIP_TERRAIN,EVIDENCES,FIRE_119_RECORD
AE_FIRE_EM_02560,RP_TRAFFIC_01,EVIDENCES,FIRE_119_RECORD
AE_FIRE_EM_02561,RP_ANIMAL_01,EVIDENCES,FIRE_119_RECORD
AE_FIRE_EM_02562,RP_ANIMAL_01,EVIDENCES,FIRE_119_RECORD
AE_FIRE_EM_02563,RP_TRAFFIC_01,EVIDENCES,FIRE_119_RECORD
AE_FIRE_EM_02564,RP_TRAFFIC_01,EVIDENCES,FIRE_119_RECORD
AE_FIRE_EM_02565,RP_TRAFFIC_01,EVIDENCES,FIRE_119_RECORD
AE_FIRE_EM_02566,RP_TRAFFIC_01,EVIDENCES,FIRE_119_RECORD
AE_FIRE_EM_02567,RP_TRAFFIC_01,EVIDENCES,FIRE_119_RECORD
AE_FIRE_EM_02568,RP_TRAFFIC_01,EVIDENCES,FIRE_119_RECORD
AE_FIRE_EM_02569,RP_TRAFFIC_01,EVIDENCES,FIRE_119_RECORD
AE_FIRE_EM_02570,RP_TRAFFIC_01,EVIDENCES,FIRE_119_RECORD
AE_FIRE_EM_02571,RP_MACHINE_01,EVIDENCES,FIRE_119_RECORD
AE_FIRE_EM_02572,RP_TRAFFIC_01,EVIDENCES,FIRE_119_RECORD
AE_FIRE_EM_02573,RP_SLIP_TERRAIN,EVIDENCES,FIRE_119_RECORD
AE_FIRE_EM_02574,RP_TRAFFIC_01,EVIDENCES,FIRE_119_RECORD
AE_FIRE_EM_02575,RP_TRAFFIC_01,EVIDENCES,FIRE_119_RECORD
AE_FIRE_EM_02576,RP_FALL_CLIFF,EVIDENCES,FIRE_119_RECORD
AE_FIRE_EM_02577,RP_SLIP_TERRAIN,EVIDENCES,FIRE_119_RECORD
AE_FIRE_EM_02578,RP_TRAFFIC_01,EVIDENCES,FIRE_119_RECORD
AE_FIRE_EM_02579,RP_TRAFFIC_01,EVIDENCES,FIRE_119_RECORD
AE_FIRE_EM_02580,RP_MACHINE_01,EVIDENCES,FIRE_119_RECORD
AE_FIRE_EM_02581,RP_TRAFFIC_01,EVIDENCES,FIRE_119_RECORD
AE_FIRE_EM_02582,RP_TRAFFIC_01,EVIDENCES,FIRE_119_RECORD
AE_FIRE_EM_02583,RP_SLIP_TERRAIN,EVIDENCES,FIRE_119_RECORD
AE_FIRE_EM_02584,RP_SLIP_TERRAIN,EVIDENCES,FIRE_119_RECORD
AE_FIRE_EM_02585,RP_TRAFFIC_01,EVIDENCES,FIRE_119_RECORD
AE_FIRE_EM_02586,RP_MACHINE_01,EVIDENCES,FIRE_119_RECORD
AE_FIRE_EM_02587,RP_TRAFFIC_01,EVIDENCES,FIRE_119_RECORD
AE_FIRE_EM_02588,RP_SLIP_TERRAIN,EVIDENCES,FIRE_119_RECORD
AE_FIRE_EM_02589,RP_SLIP_TERRAIN,EVIDENCES,FIRE_119_RECORD
AE_FIRE_EM_02590,RP_SLIP_TERRAIN,EVIDENCES,FIRE_119_RECORD
AE_FIRE_EM_02591,RP_TRAFFIC_01,EVIDENCES,FIRE_119_RECORD
AE_FIRE_EM_02592,RP_SLIP_TERRAIN,EVIDENCES,FIRE_119_RECORD
AE_FIRE_EM_02593,RP_SLIP_TERRAIN,EVIDENCES,FIRE_119_RECORD
AE_FIRE_EM_02594,RP_SLIP_TERRAIN,EVIDENCES,FIRE_119_RECORD
AE_FIRE_EM_02595,RP_SLIP_TERRAIN,EVIDENCES,FIRE_119_RECORD
AE_FIRE_EM_02596,RP_SLIP_TERRAIN,EVIDENCES,FIRE_119_RECORD
AE_FIRE_EM_02597,RP_TRAFFIC_01,EVIDENCES,FIRE_119_RECORD
AE_FIRE_EM_02598,RP_MACHINE_01,EVIDENCES,FIRE_119_RECORD
AE_FIRE_EM_02599,RP_TRAFFIC_01,EVIDENCES,FIRE_119_RECORD
AE_FIRE_EM_02600,RP_MACHINE_01,EVIDENCES,FIRE_119_RECORD
AE_FIRE_EM_02601,RP_SLIP_TERRAIN,EVIDENCES,FIRE_119_RECORD
AE_FIRE_EM_02602,RP_MACHINE_01,EVIDENCES,FIRE_119_RECORD
AE_FIRE_EM_02603,RP_TRAFFIC_01,EVIDENCES,FIRE_119_RECORD
AE_FIRE_EM_02604,RP_MACHINE_01,EVIDENCES,FIRE_119_RECORD
AE_FIRE_EM_02605,RP_SLIP_TERRAIN,EVIDENCES,FIRE_119_RECORD
AE_FIRE_EM_02606,RP_MACHINE_01,EVIDENCES,FIRE_119_RECORD
AE_FIRE_EM_02607,RP_MACHINE_01,EVIDENCES,FIRE_119_RECORD
AE_FIRE_EM_02608,RP_SLIP_TERRAIN,EVIDENCES,FIRE_119_RECORD
AE_FIRE_EM_02609,RP_SLIP_TERRAIN,EVIDENCES,FIRE_119_RECORD
AE_FIRE_EM_02610,RP_SLIP_TERRAIN,EVIDENCES,FIRE_119_RECORD
AE_FIRE_EM_02611,RP_MACHINE_01,EVIDENCES,FIRE_119_RECORD
AE_FIRE_EM_02612,RP_FALL_CLIFF,EVIDENCES,FIRE_119_RECORD
AE_FIRE_EM_02613,RP_TRAFFIC_01,EVIDENCES,FIRE_119_RECORD
AE_FIRE_EM_02614,RP_TRAFFIC_01,EVIDENCES,FIRE_119_RECORD
AE_FIRE_EM_02615,RP_TRAFFIC_01,EVIDENCES,FIRE_119_RECORD
AE_FIRE_EM_02616,RP_TRAFFIC_01,EVIDENCES,FIRE_119_RECORD
AE_FIRE_EM_02617,RP_TRAFFIC_01,EVIDENCES,FIRE_119_RECORD
AE_FIRE_EM_02618,RP_SLIP_TERRAIN,EVIDENCES,FIRE_119_RECORD
AE_FIRE_EM_02619,RP_SLIP_TERRAIN,EVIDENCES,FIRE_119_RECORD
AE_FIRE_EM_02620,RP_FALL_CLIFF,EVIDENCES,FIRE_119_RECORD
AE_FIRE_EM_02621,RP_MACHINE_01,EVIDENCES,FIRE_119_RECORD
AE_FIRE_EM_02622,RP_SLIP_TERRAIN,EVIDENCES,FIRE_119_RECORD
AE_FIRE_EM_02623,RP_TRAFFIC_01,EVIDENCES,FIRE_119_RECORD
AE_FIRE_EM_02624,RP_TRAFFIC_01,EVIDENCES,FIRE_119_RECORD
AE_FIRE_EM_02625,RP_SLIP_TERRAIN,EVIDENCES,FIRE_119_RECORD
AE_FIRE_EM_02626,RP_TRAFFIC_01,EVIDENCES,FIRE_119_RECORD
AE_FIRE_EM_02627,RP_SLIP_TERRAIN,EVIDENCES,FIRE_119_RECORD
AE_FIRE_EM_02628,RP_SLIP_TERRAIN,EVIDENCES,FIRE_119_RECORD
AE_FIRE_EM_02629,RP_TRAFFIC_01,EVIDENCES,FIRE_119_RECORD
AE_FIRE_EM_02630,RP_TRAFFIC_01,EVIDENCES,FIRE_119_RECORD
AE_FIRE_EM_02631,RP_MACHINE_01,EVIDENCES,FIRE_119_RECORD
AE_FIRE_EM_02632,RP_MACHINE_01,EVIDENCES,FIRE_119_RECORD
AE_FIRE_EM_02633,RP_MACHINE_01,EVIDENCES,FIRE_119_RECORD
AE_FIRE_EM_02634,RP_MACHINE_01,EVIDENCES,FIRE_119_RECORD
AE_FIRE_EM_02635,RP_MACHINE_01,EVIDENCES,FIRE_119_RECORD
AE_FIRE_EM_02636,RP_SLIP_TERRAIN,EVIDENCES,FIRE_119_RECORD
AE_FIRE_EM_02637,RP_MACHINE_01,EVIDENCES,FIRE_119_RECORD
AE_FIRE_EM_02638,RP_TRAFFIC_01,EVIDENCES,FIRE_119_RECORD
AE_FIRE_EM_02639,RP_MACHINE_01,EVIDENCES,FIRE_119_RECORD
AE_FIRE_EM_02640,RP_MACHINE_01,EVIDENCES,FIRE_119_RECORD
AE_FIRE_EM_02641,RP_SLIP_TERRAIN,EVIDENCES,FIRE_119_RECORD
AE_FIRE_EM_02642,RP_TRAFFIC_01,EVIDENCES,FIRE_119_RECORD
AE_FIRE_EM_02643,RP_TRAFFIC_01,EVIDENCES,FIRE_119_RECORD
AE_FIRE_EM_02644,RP_SLIP_TERRAIN,EVIDENCES,FIRE_119_RECORD
AE_FIRE_EM_02645,RP_SLIP_TERRAIN,EVIDENCES,FIRE_119_RECORD
AE_FIRE_EM_02646,RP_SLIP_TERRAIN,EVIDENCES,FIRE_119_RECORD
AE_FIRE_EM_02647,RP_MACHINE_01,EVIDENCES,FIRE_119_RECORD
AE_FIRE_EM_02648,RP_SLIP_TERRAIN,EVIDENCES,FIRE_119_RECORD
AE_FIRE_EM_02649,RP_SLIP_TERRAIN,EVIDENCES,FIRE_119_RECORD
AE_FIRE_EM_02650,RP_TRAFFIC_01,EVIDENCES,FIRE_119_RECORD
AE_FIRE_EM_02651,RP_MACHINE_01,EVIDENCES,FIRE_119_RECORD
AE_FIRE_EM_02652,RP_TRAFFIC_01,EVIDENCES,FIRE_119_RECORD
AE_FIRE_EM_02653,RP_SLIP_TERRAIN,EVIDENCES,FIRE_119_RECORD
AE_FIRE_EM_02654,RP_TRAFFIC_01,EVIDENCES,FIRE_119_RECORD
AE_FIRE_EM_02655,RP_TRAFFIC_01,EVIDENCES,FIRE_119_RECORD
AE_FIRE_EM_02656,RP_FALL_CLIFF,EVIDENCES,FIRE_119_RECORD
AE_FIRE_EM_02657,RP_SLIP_TERRAIN,EVIDENCES,FIRE_119_RECORD
AE_FIRE_EM_02658,RP_MACHINE_01,EVIDENCES,FIRE_119_RECORD
AE_FIRE_EM_02659,RP_FALL_CLIFF,EVIDENCES,FIRE_119_RECORD
AE_FIRE_EM_02660,RP_MACHINE_01,EVIDENCES,FIRE_119_RECORD
AE_FIRE_EM_02661,RP_SLIP_TERRAIN,EVIDENCES,FIRE_119_RECORD
AE_FIRE_EM_02662,RP_MACHINE_01,EVIDENCES,FIRE_119_RECORD
AE_FIRE_EM_02663,RP_SLIP_TERRAIN,EVIDENCES,FIRE_119_RECORD
AE_FIRE_EM_02664,RP_MACHINE_01,EVIDENCES,FIRE_119_RECORD
AE_FIRE_EM_02665,RP_SLIP_TERRAIN,EVIDENCES,FIRE_119_RECORD
AE_FIRE_EM_02666,RP_MACHINE_01,EVIDENCES,FIRE_119_RECORD
AE_FIRE_EM_02667,RP_MACHINE_01,EVIDENCES,FIRE_119_RECORD
AE_FIRE_EM_02668,RP_MACHINE_01,EVIDENCES,FIRE_119_RECORD
AE_FIRE_EM_02669,RP_MACHINE_01,EVIDENCES,FIRE_119_RECORD
AE_FIRE_EM_02670,RP_SLIP_TERRAIN,EVIDENCES,FIRE_119_RECORD
AE_FIRE_EM_02671,RP_SLIP_TERRAIN,EVIDENCES,FIRE_119_RECORD
AE_FIRE_EM_02672,RP_TRAFFIC_01,EVIDENCES,FIRE_119_RECORD
AE_FIRE_EM_02673,RP_TRAFFIC_01,EVIDENCES,FIRE_119_RECORD
AE_FIRE_EM_02674,RP_SLIP_TERRAIN,EVIDENCES,FIRE_119_RECORD
AE_FIRE_EM_02675,RP_MACHINE_01,EVIDENCES,FIRE_119_RECORD
AE_FIRE_EM_02676,RP_FALL_CLIFF,EVIDENCES,FIRE_119_RECORD
AE_FIRE_EM_02677,RP_TRAFFIC_01,EVIDENCES,FIRE_119_RECORD
AE_FIRE_EM_02678,RP_TRAFFIC_01,EVIDENCES,FIRE_119_RECORD
AE_FIRE_EM_02679,RP_SLIP_TERRAIN,EVIDENCES,FIRE_119_RECORD
AE_FIRE_EM_02680,RP_TRAFFIC_01,EVIDENCES,FIRE_119_RECORD
AE_FIRE_EM_02681,RP_SLIP_TERRAIN,EVIDENCES,FIRE_119_RECORD
AE_FIRE_EM_02682,RP_SLIP_TERRAIN,EVIDENCES,FIRE_119_RECORD
AE_FIRE_EM_02683,RP_SLIP_TERRAIN,EVIDENCES,FIRE_119_RECORD
AE_FIRE_EM_02684,RP_SLIP_TERRAIN,EVIDENCES,FIRE_119_RECORD
AE_FIRE_EM_02685,RP_SLIP_TERRAIN,EVIDENCES,FIRE_119_RECORD
AE_FIRE_EM_02686,RP_SLIP_TERRAIN,EVIDENCES,FIRE_119_RECORD
AE_FIRE_EM_02687,RP_SLIP_TERRAIN,EVIDENCES,FIRE_119_RECORD
AE_FIRE_EM_02688,RP_MACHINE_01,EVIDENCES,FIRE_119_RECORD
AE_FIRE_EM_02689,RP_SLIP_TERRAIN,EVIDENCES,FIRE_119_RECORD
AE_FIRE_EM_02690,RP_TRAFFIC_01,EVIDENCES,FIRE_119_RECORD
AE_FIRE_EM_02691,RP_SLIP_TERRAIN,EVIDENCES,FIRE_119_RECORD
AE_FIRE_EM_02692,RP_TRAFFIC_01,EVIDENCES,FIRE_119_RECORD
AE_FIRE_EM_02693,RP_MACHINE_01,EVIDENCES,FIRE_119_RECORD
AE_FIRE_EM_02694,RP_SLIP_TERRAIN,EVIDENCES,FIRE_119_RECORD
AE_FIRE_EM_02695,RP_DROWN_01,EVIDENCES,FIRE_119_RECORD
AE_FIRE_EM_02696,RP_SLIP_TERRAIN,EVIDENCES,FIRE_119_RECORD
AE_FIRE_EM_02697,RP_TRAFFIC_01,EVIDENCES,FIRE_119_RECORD
AE_FIRE_EM_02698,RP_SLIP_TERRAIN,EVIDENCES,FIRE_119_RECORD
AE_FIRE_EM_02699,RP_MACHINE_01,EVIDENCES,FIRE_119_RECORD
AE_FIRE_EM_02700,RP_SLIP_TERRAIN,EVIDENCES,FIRE_119_RECORD
AE_FIRE_EM_02701,RP_SLIP_TERRAIN,EVIDENCES,FIRE_119_RECORD
AE_FIRE_EM_02702,RP_SLIP_TERRAIN,EVIDENCES,FIRE_119_RECORD
AE_FIRE_EM_02703,RP_TRAFFIC_01,EVIDENCES,FIRE_119_RECORD
AE_FIRE_EM_02704,RP_SLIP_TERRAIN,EVIDENCES,FIRE_119_RECORD
AE_FIRE_EM_02705,RP_SLIP_TERRAIN,EVIDENCES,FIRE_119_RECORD
AE_FIRE_EM_02706,RP_SLIP_TERRAIN,EVIDENCES,FIRE_119_RECORD
AE_FIRE_EM_02707,RP_TRAFFIC_01,EVIDENCES,FIRE_119_RECORD
AE_FIRE_EM_02708,RP_SLIP_TERRAIN,EVIDENCES,FIRE_119_RECORD
AE_FIRE_EM_02709,RP_TRAFFIC_01,EVIDENCES,FIRE_119_RECORD
AE_FIRE_EM_02710,RP_SLIP_TERRAIN,EVIDENCES,FIRE_119_RECORD
AE_FIRE_EM_02711,RP_FIRE_01,EVIDENCES,FIRE_119_RECORD
AE_FIRE_EM_02712,RP_FIRE_01,EVIDENCES,FIRE_119_RECORD
AE_FIRE_EM_02713,RP_FIRE_01,EVIDENCES,FIRE_119_RECORD
AE_FIRE_EM_02714,RP_SLIP_TERRAIN,EVIDENCES,FIRE_119_RECORD
AE_FIRE_EM_02715,RP_MACHINE_01,EVIDENCES,FIRE_119_RECORD
AE_FIRE_EM_02716,RP_TRAFFIC_01,EVIDENCES,FIRE_119_RECORD
AE_FIRE_EM_02717,RP_SLIP_TERRAIN,EVIDENCES,FIRE_119_RECORD
AE_FIRE_EM_02718,RP_SLIP_TERRAIN,EVIDENCES,FIRE_119_RECORD
AE_FIRE_EM_02719,RP_SLIP_TERRAIN,EVIDENCES,FIRE_119_RECORD
AE_FIRE_EM_02720,RP_SLIP_TERRAIN,EVIDENCES,FIRE_119_RECORD
AE_FIRE_EM_02721,RP_FIRE_01,EVIDENCES,FIRE_119_RECORD
AE_FIRE_EM_02722,RP_TRAFFIC_01,EVIDENCES,FIRE_119_RECORD
AE_FIRE_EM_02723,RP_MACHINE_01,EVIDENCES,FIRE_119_RECORD
AE_FIRE_EM_02724,RP_SLIP_TERRAIN,EVIDENCES,FIRE_119_RECORD
AE_FIRE_EM_02725,RP_TRAFFIC_01,EVIDENCES,FIRE_119_RECORD
AE_FIRE_EM_02726,RP_TRAFFIC_01,EVIDENCES,FIRE_119_RECORD
AE_FIRE_EM_02727,RP_TRAFFIC_01,EVIDENCES,FIRE_119_RECORD
AE_FIRE_EM_02728,RP_SLIP_TERRAIN,EVIDENCES,FIRE_119_RECORD
AE_FIRE_EM_02729,RP_MACHINE_01,EVIDENCES,FIRE_119_RECORD
AE_FIRE_EM_02730,RP_MACHINE_01,EVIDENCES,FIRE_119_RECORD
AE_FIRE_EM_02731,RP_SLIP_TERRAIN,EVIDENCES,FIRE_119_RECORD
AE_FIRE_EM_02732,RP_SLIP_TERRAIN,EVIDENCES,FIRE_119_RECORD
AE_FIRE_EM_02733,RP_SLIP_TERRAIN,EVIDENCES,FIRE_119_RECORD
AE_FIRE_EM_02734,RP_TRAFFIC_01,EVIDENCES,FIRE_119_RECORD
AE_FIRE_EM_02735,RP_TRAFFIC_01,EVIDENCES,FIRE_119_RECORD
AE_FIRE_EM_02736,RP_TRAFFIC_01,EVIDENCES,FIRE_119_RECORD
AE_FIRE_EM_02737,RP_MACHINE_01,EVIDENCES,FIRE_119_RECORD
AE_FIRE_EM_02738,RP_SLIP_TERRAIN,EVIDENCES,FIRE_119_RECORD
AE_FIRE_EM_02739,RP_TRAFFIC_01,EVIDENCES,FIRE_119_RECORD
AE_FIRE_EM_02740,RP_TRAFFIC_01,EVIDENCES,FIRE_119_RECORD
AE_FIRE_EM_02741,RP_SLIP_TERRAIN,EVIDENCES,FIRE_119_RECORD
AE_FIRE_EM_02742,RP_FALL_CLIFF,EVIDENCES,FIRE_119_RECORD
AE_FIRE_EM_02743,RP_TRAFFIC_01,EVIDENCES,FIRE_119_RECORD
AE_FIRE_EM_02744,RP_TRAFFIC_01,EVIDENCES,FIRE_119_RECORD
AE_FIRE_EM_02745,RP_TRAFFIC_01,EVIDENCES,FIRE_119_RECORD
AE_FIRE_EM_02746,RP_TRAFFIC_01,EVIDENCES,FIRE_119_RECORD
AE_FIRE_EM_02747,RP_TRAFFIC_01,EVIDENCES,FIRE_119_RECORD
AE_FIRE_EM_02748,RP_TRAFFIC_01,EVIDENCES,FIRE_119_RECORD
AE_FIRE_EM_02749,RP_TRAFFIC_01,EVIDENCES,FIRE_119_RECORD
AE_FIRE_EM_02750,RP_SLIP_TERRAIN,EVIDENCES,FIRE_119_RECORD
AE_FIRE_EM_02751,RP_MACHINE_01,EVIDENCES,FIRE_119_RECORD
AE_FIRE_EM_02752,RP_TRAFFIC_01,EVIDENCES,FIRE_119_RECORD
AE_FIRE_EM_02753,RP_MACHINE_01,EVIDENCES,FIRE_119_RECORD
AE_FIRE_EM_02754,RP_SLIP_TERRAIN,EVIDENCES,FIRE_119_RECORD
AE_FIRE_EM_02755,RP_TRAFFIC_01,EVIDENCES,FIRE_119_RECORD
AE_FIRE_EM_02756,RP_TRAFFIC_01,EVIDENCES,FIRE_119_RECORD
AE_FIRE_EM_02757,RP_TRAFFIC_01,EVIDENCES,FIRE_119_RECORD
AE_FIRE_EM_02758,RP_SLIP_TERRAIN,EVIDENCES,FIRE_119_RECORD
AE_FIRE_EM_02759,RP_TRAFFIC_01,EVIDENCES,FIRE_119_RECORD
AE_FIRE_EM_02760,RP_SLIP_TERRAIN,EVIDENCES,FIRE_119_RECORD
AE_FIRE_EM_02761,RP_MACHINE_01,EVIDENCES,FIRE_119_RECORD
AE_FIRE_EM_02762,RP_MACHINE_01,EVIDENCES,FIRE_119_RECORD
AE_FIRE_EM_02763,RP_TRAFFIC_01,EVIDENCES,FIRE_119_RECORD
AE_FIRE_EM_02764,RP_TRAFFIC_01,EVIDENCES,FIRE_119_RECORD
AE_FIRE_EM_02765,RP_SLIP_TERRAIN,EVIDENCES,FIRE_119_RECORD
AE_FIRE_EM_02766,RP_SLIP_TERRAIN,EVIDENCES,FIRE_119_RECORD
AE_FIRE_EM_02767,RP_TRAFFIC_01,EVIDENCES,FIRE_119_RECORD
AE_FIRE_EM_02768,RP_MACHINE_01,EVIDENCES,FIRE_119_RECORD
AE_FIRE_EM_02769,RP_MACHINE_01,EVIDENCES,FIRE_119_RECORD
AE_FIRE_EM_02770,RP_TRAFFIC_01,EVIDENCES,FIRE_119_RECORD
AE_FIRE_EM_02771,RP_TRAFFIC_01,EVIDENCES,FIRE_119_RECORD
AE_FIRE_EM_02772,RP_SLIP_TERRAIN,EVIDENCES,FIRE_119_RECORD
AE_FIRE_EM_02773,RP_SLIP_TERRAIN,EVIDENCES,FIRE_119_RECORD
AE_FIRE_EM_02774,RP_SLIP_TERRAIN,EVIDENCES,FIRE_119_RECORD
AE_FIRE_EM_02775,RP_SLIP_TERRAIN,EVIDENCES,FIRE_119_RECORD
AE_FIRE_EM_02776,RP_ANIMAL_01,EVIDENCES,FIRE_119_RECORD
AE_FIRE_EM_02777,RP_SLIP_TERRAIN,EVIDENCES,FIRE_119_RECORD
AE_FIRE_EM_02778,RP_TRAFFIC_01,EVIDENCES,FIRE_119_RECORD
AE_FIRE_EM_02779,RP_MACHINE_01,EVIDENCES,FIRE_119_RECORD
AE_FIRE_EM_02780,RP_TRAFFIC_01,EVIDENCES,FIRE_119_RECORD
AE_FIRE_EM_02781,RP_TRAFFIC_01,EVIDENCES,FIRE_119_RECORD
AE_FIRE_EM_02782,RP_MACHINE_01,EVIDENCES,FIRE_119_RECORD
AE_FIRE_EM_02783,RP_MACHINE_01,EVIDENCES,FIRE_119_RECORD
AE_FIRE_EM_02784,RP_SLIP_TERRAIN,EVIDENCES,FIRE_119_RECORD
AE_FIRE_EM_02785,RP_MACHINE_01,EVIDENCES,FIRE_119_RECORD
AE_FIRE_EM_02786,RP_SLIP_TERRAIN,EVIDENCES,FIRE_119_RECORD
AE_FIRE_EM_02787,RP_TRAFFIC_01,EVIDENCES,FIRE_119_RECORD
AE_FIRE_EM_02788,RP_TRAFFIC_01,EVIDENCES,FIRE_119_RECORD
AE_FIRE_EM_02789,RP_TRAFFIC_01,EVIDENCES,FIRE_119_RECORD
AE_FIRE_EM_02790,RP_MACHINE_01,EVIDENCES,FIRE_119_RECORD
AE_FIRE_EM_02791,RP_SLIP_TERRAIN,EVIDENCES,FIRE_119_RECORD
AE_FIRE_EM_02792,RP_MACHINE_01,EVIDENCES,FIRE_119_RECORD
AE_FIRE_EM_02793,RP_FALL_CLIFF,EVIDENCES,FIRE_119_RECORD
AE_FIRE_EM_02794,RP_SLIP_TERRAIN,EVIDENCES,FIRE_119_RECORD
AE_FIRE_EM_02795,RP_SLIP_TERRAIN,EVIDENCES,FIRE_119_RECORD
AE_FIRE_EM_02796,RP_SLIP_TERRAIN,EVIDENCES,FIRE_119_RECORD
AE_FIRE_EM_02797,RP_TRAFFIC_01,EVIDENCES,FIRE_119_RECORD
AE_FIRE_EM_02798,RP_TRAFFIC_01,EVIDENCES,FIRE_119_RECORD
AE_FIRE_EM_02799,RP_SLIP_TERRAIN,EVIDENCES,FIRE_119_RECORD
AE_FIRE_EM_02800,RP_SLIP_TERRAIN,EVIDENCES,FIRE_119_RECORD
AE_FIRE_EM_02801,RP_TRAFFIC_01,EVIDENCES,FIRE_119_RECORD
AE_FIRE_EM_02802,RP_TRAFFIC_01,EVIDENCES,FIRE_119_RECORD
AE_FIRE_EM_02803,RP_MACHINE_01,EVIDENCES,FIRE_119_RECORD
AE_FIRE_EM_02804,RP_MACHINE_01,EVIDENCES,FIRE_119_RECORD
AE_FIRE_EM_02805,RP_SLIP_TERRAIN,EVIDENCES,FIRE_119_RECORD
AE_FIRE_EM_02806,RP_SLIP_TERRAIN,EVIDENCES,FIRE_119_RECORD
AE_FIRE_EM_02807,RP_SLIP_TERRAIN,EVIDENCES,FIRE_119_RECORD
AE_FIRE_EM_02808,RP_MACHINE_01,EVIDENCES,FIRE_119_RECORD
AE_FIRE_EM_02809,RP_TRAFFIC_01,EVIDENCES,FIRE_119_RECORD
AE_FIRE_EM_02810,RP_TRAFFIC_01,EVIDENCES,FIRE_119_RECORD
AE_FIRE_EM_02811,RP_SLIP_TERRAIN,EVIDENCES,FIRE_119_RECORD
AE_FIRE_EM_02812,RP_TRAFFIC_01,EVIDENCES,FIRE_119_RECORD
AE_FIRE_EM_02813,RP_SLIP_TERRAIN,EVIDENCES,FIRE_119_RECORD
AE_FIRE_EM_02814,RP_TRAFFIC_01,EVIDENCES,FIRE_119_RECORD
AE_FIRE_EM_02815,RP_SLIP_TERRAIN,EVIDENCES,FIRE_119_RECORD
AE_FIRE_EM_02816,RP_SLIP_TERRAIN,EVIDENCES,FIRE_119_RECORD
AE_FIRE_EM_02817,RP_MACHINE_01,EVIDENCES,FIRE_119_RECORD
AE_FIRE_EM_02818,RP_MACHINE_01,EVIDENCES,FIRE_119_RECORD
AE_FIRE_EM_02819,RP_SLIP_TERRAIN,EVIDENCES,FIRE_119_RECORD
AE_FIRE_EM_02820,RP_MACHINE_01,EVIDENCES,FIRE_119_RECORD
AE_FIRE_EM_02821,RP_ANIMAL_01,EVIDENCES,FIRE_119_RECORD
AE_FIRE_EM_02822,RP_TRAFFIC_01,EVIDENCES,FIRE_119_RECORD
AE_FIRE_EM_02823,RP_TRAFFIC_01,EVIDENCES,FIRE_119_RECORD
AE_FIRE_EM_02824,RP_SLIP_TERRAIN,EVIDENCES,FIRE_119_RECORD
AE_FIRE_EM_02825,RP_TRAFFIC_01,EVIDENCES,FIRE_119_RECORD
AE_FIRE_EM_02826,RP_TRAFFIC_01,EVIDENCES,FIRE_119_RECORD
AE_FIRE_EM_02827,RP_SLIP_TERRAIN,EVIDENCES,FIRE_119_RECORD
AE_FIRE_EM_02828,RP_MACHINE_01,EVIDENCES,FIRE_119_RECORD
AE_FIRE_EM_02829,RP_SLIP_TERRAIN,EVIDENCES,FIRE_119_RECORD
AE_FIRE_EM_02830,RP_MACHINE_01,EVIDENCES,FIRE_119_RECORD
AE_FIRE_EM_02831,RP_SLIP_TERRAIN,EVIDENCES,FIRE_119_RECORD
AE_FIRE_EM_02832,RP_TRAFFIC_01,EVIDENCES,FIRE_119_RECORD
AE_FIRE_EM_02833,RP_DROWN_01,EVIDENCES,FIRE_119_RECORD
AE_FIRE_EM_02834,RP_SLIP_TERRAIN,EVIDENCES,FIRE_119_RECORD
AE_FIRE_EM_02835,RP_MACHINE_01,EVIDENCES,FIRE_119_RECORD
AE_FIRE_EM_02836,RP_TRAFFIC_01,EVIDENCES,FIRE_119_RECORD
AE_FIRE_EM_02837,RP_MACHINE_01,EVIDENCES,FIRE_119_RECORD
AE_FIRE_EM_02838,RP_SLIP_TERRAIN,EVIDENCES,FIRE_119_RECORD
AE_FIRE_EM_02839,RP_MACHINE_01,EVIDENCES,FIRE_119_RECORD
AE_FIRE_EM_02840,RP_MACHINE_01,EVIDENCES,FIRE_119_RECORD
AE_FIRE_EM_02841,RP_TRAFFIC_01,EVIDENCES,FIRE_119_RECORD
AE_FIRE_EM_02842,RP_SLIP_TERRAIN,EVIDENCES,FIRE_119_RECORD
AE_FIRE_EM_02843,RP_SLIP_TERRAIN,EVIDENCES,FIRE_119_RECORD
AE_FIRE_EM_02844,RP_SLIP_TERRAIN,EVIDENCES,FIRE_119_RECORD
AE_FIRE_EM_02845,RP_TRAFFIC_01,EVIDENCES,FIRE_119_RECORD
AE_FIRE_EM_02846,RP_SLIP_TERRAIN,EVIDENCES,FIRE_119_RECORD
AE_FIRE_EM_02847,RP_SLIP_TERRAIN,EVIDENCES,FIRE_119_RECORD
AE_FIRE_EM_02848,RP_TRAFFIC_01,EVIDENCES,FIRE_119_RECORD
AE_FIRE_EM_02849,RP_TRAFFIC_01,EVIDENCES,FIRE_119_RECORD
AE_FIRE_EM_02850,RP_TRAFFIC_01,EVIDENCES,FIRE_119_RECORD
AE_FIRE_EM_02851,RP_SLIP_TERRAIN,EVIDENCES,FIRE_119_RECORD
AE_FIRE_EM_02852,RP_TRAFFIC_01,EVIDENCES,FIRE_119_RECORD
AE_FIRE_EM_02853,RP_TRAFFIC_01,EVIDENCES,FIRE_119_RECORD
AE_FIRE_EM_02854,RP_TRAFFIC_01,EVIDENCES,FIRE_119_RECORD
AE_FIRE_EM_02855,RP_TRAFFIC_01,EVIDENCES,FIRE_119_RECORD
AE_FIRE_EM_02856,RP_TRAFFIC_01,EVIDENCES,FIRE_119_RECORD
AE_FIRE_EM_02857,RP_MACHINE_01,EVIDENCES,FIRE_119_RECORD
AE_FIRE_EM_02858,RP_TRAFFIC_01,EVIDENCES,FIRE_119_RECORD
AE_FIRE_EM_02859,RP_SLIP_TERRAIN,EVIDENCES,FIRE_119_RECORD
AE_FIRE_EM_02860,RP_SLIP_TERRAIN,EVIDENCES,FIRE_119_RECORD
AE_FIRE_EM_02861,RP_ANIMAL_01,EVIDENCES,FIRE_119_RECORD
AE_FIRE_EM_02862,RP_TRAFFIC_01,EVIDENCES,FIRE_119_RECORD
AE_FIRE_EM_02863,RP_TRAFFIC_01,EVIDENCES,FIRE_119_RECORD
AE_FIRE_EM_02864,RP_TRAFFIC_01,EVIDENCES,FIRE_119_RECORD
AE_FIRE_EM_02865,RP_TRAFFIC_01,EVIDENCES,FIRE_119_RECORD
AE_FIRE_EM_02866,RP_TRAFFIC_01,EVIDENCES,FIRE_119_RECORD
AE_FIRE_EM_02867,RP_TRAFFIC_01,EVIDENCES,FIRE_119_RECORD
AE_FIRE_EM_02868,RP_TRAFFIC_01,EVIDENCES,FIRE_119_RECORD
AE_FIRE_EM_02869,RP_TRAFFIC_01,EVIDENCES,FIRE_119_RECORD
AE_FIRE_EM_02870,RP_MACHINE_01,EVIDENCES,FIRE_119_RECORD
AE_FIRE_EM_02871,RP_MACHINE_01,EVIDENCES,FIRE_119_RECORD
AE_FIRE_EM_02872,RP_TRAFFIC_01,EVIDENCES,FIRE_119_RECORD
AE_FIRE_EM_02873,RP_TRAFFIC_01,EVIDENCES,FIRE_119_RECORD
AE_FIRE_EM_02874,RP_MACHINE_01,EVIDENCES,FIRE_119_RECORD
AE_FIRE_EM_02875,RP_TRAFFIC_01,EVIDENCES,FIRE_119_RECORD
AE_FIRE_EM_02876,RP_TRAFFIC_01,EVIDENCES,FIRE_119_RECORD
AE_FIRE_EM_02877,RP_TRAFFIC_01,EVIDENCES,FIRE_119_RECORD
AE_FIRE_EM_02878,RP_FALL_CLIFF,EVIDENCES,FIRE_119_RECORD
AE_FIRE_EM_02879,RP_MACHINE_01,EVIDENCES,FIRE_119_RECORD
AE_FIRE_EM_02880,RP_SLIP_TERRAIN,EVIDENCES,FIRE_119_RECORD
AE_FIRE_EM_02881,RP_SLIP_TERRAIN,EVIDENCES,FIRE_119_RECORD
AE_FIRE_EM_02882,RP_TRAFFIC_01,EVIDENCES,FIRE_119_RECORD
AE_FIRE_EM_02883,RP_SLIP_TERRAIN,EVIDENCES,FIRE_119_RECORD
AE_FIRE_EM_02884,RP_TRAFFIC_01,EVIDENCES,FIRE_119_RECORD
AE_FIRE_EM_02885,RP_SLIP_TERRAIN,EVIDENCES,FIRE_119_RECORD
AE_FIRE_EM_02886,RP_SLIP_TERRAIN,EVIDENCES,FIRE_119_RECORD
AE_FIRE_EM_02887,RP_MACHINE_01,EVIDENCES,FIRE_119_RECORD
AE_FIRE_EM_02888,RP_TRAFFIC_01,EVIDENCES,FIRE_119_RECORD
AE_FIRE_EM_02889,RP_TRAFFIC_01,EVIDENCES,FIRE_119_RECORD
AE_FIRE_EM_02890,RP_MACHINE_01,EVIDENCES,FIRE_119_RECORD
AE_FIRE_EM_02891,RP_CO_01,EVIDENCES,FIRE_119_RECORD
AE_FIRE_EM_02892,RP_TRAFFIC_01,EVIDENCES,FIRE_119_RECORD
AE_FIRE_EM_02893,RP_MACHINE_01,EVIDENCES,FIRE_119_RECORD
AE_FIRE_EM_02894,RP_SLIP_TERRAIN,EVIDENCES,FIRE_119_RECORD
AE_FIRE_EM_02895,RP_SLIP_TERRAIN,EVIDENCES,FIRE_119_RECORD
AE_FIRE_EM_02896,RP_TRAFFIC_01,EVIDENCES,FIRE_119_RECORD
AE_FIRE_EM_02897,RP_MACHINE_01,EVIDENCES,FIRE_119_RECORD
AE_FIRE_EM_02898,RP_SLIP_TERRAIN,EVIDENCES,FIRE_119_RECORD
AE_FIRE_EM_02899,RP_SLIP_TERRAIN,EVIDENCES,FIRE_119_RECORD
AE_FIRE_EM_02900,RP_SLIP_TERRAIN,EVIDENCES,FIRE_119_RECORD
AE_FIRE_EM_02901,RP_TRAFFIC_01,EVIDENCES,FIRE_119_RECORD
AE_FIRE_EM_02902,RP_SLIP_TERRAIN,EVIDENCES,FIRE_119_RECORD
AE_FIRE_EM_02903,RP_SLIP_TERRAIN,EVIDENCES,FIRE_119_RECORD
AE_FIRE_EM_02904,RP_TRAFFIC_01,EVIDENCES,FIRE_119_RECORD
AE_FIRE_EM_02905,RP_MACHINE_01,EVIDENCES,FIRE_119_RECORD
AE_FIRE_EM_02906,RP_MACHINE_01,EVIDENCES,FIRE_119_RECORD
AE_FIRE_EM_02907,RP_SLIP_TERRAIN,EVIDENCES,FIRE_119_RECORD
AE_FIRE_EM_02908,RP_SLIP_TERRAIN,EVIDENCES,FIRE_119_RECORD
AE_FIRE_EM_02909,RP_CO_01,EVIDENCES,FIRE_119_RECORD
AE_FIRE_EM_02910,RP_SLIP_TERRAIN,EVIDENCES,FIRE_119_RECORD
AE_FIRE_EM_02911,RP_MACHINE_01,EVIDENCES,FIRE_119_RECORD
AE_FIRE_EM_02912,RP_CO_01,EVIDENCES,FIRE_119_RECORD
AE_FIRE_EM_02913,RP_MACHINE_01,EVIDENCES,FIRE_119_RECORD
AE_FIRE_EM_02914,RP_SLIP_TERRAIN,EVIDENCES,FIRE_119_RECORD
AE_FIRE_EM_02915,RP_SLIP_TERRAIN,EVIDENCES,FIRE_119_RECORD
AE_FIRE_EM_02916,RP_MACHINE_01,EVIDENCES,FIRE_119_RECORD
AE_FIRE_EM_02917,RP_FALL_CLIFF,EVIDENCES,FIRE_119_RECORD
AE_FIRE_EM_02918,RP_MACHINE_01,EVIDENCES,FIRE_119_RECORD
AE_FIRE_EM_02919,RP_SLIP_TERRAIN,EVIDENCES,FIRE_119_RECORD
AE_FIRE_EM_02920,RP_SLIP_TERRAIN,EVIDENCES,FIRE_119_RECORD
AE_FIRE_EM_02921,RP_MACHINE_01,EVIDENCES,FIRE_119_RECORD
AE_FIRE_EM_02922,RP_MACHINE_01,EVIDENCES,FIRE_119_RECORD
AE_FIRE_EM_02923,RP_TRAFFIC_01,EVIDENCES,FIRE_119_RECORD
AE_FIRE_EM_02924,RP_MACHINE_01,EVIDENCES,FIRE_119_RECORD
AE_FIRE_EM_02925,RP_SLIP_TERRAIN,EVIDENCES,FIRE_119_RECORD
AE_FIRE_EM_02926,RP_MACHINE_01,EVIDENCES,FIRE_119_RECORD
AE_FIRE_EM_02927,RP_SLIP_TERRAIN,EVIDENCES,FIRE_119_RECORD
AE_FIRE_EM_02928,RP_SLIP_TERRAIN,EVIDENCES,FIRE_119_RECORD
AE_FIRE_EM_02929,RP_MACHINE_01,EVIDENCES,FIRE_119_RECORD
AE_FIRE_EM_02930,RP_SLIP_TERRAIN,EVIDENCES,FIRE_119_RECORD
AE_FIRE_EM_02931,RP_TRAFFIC_01,EVIDENCES,FIRE_119_RECORD
AE_FIRE_EM_02932,RP_TRAFFIC_01,EVIDENCES,FIRE_119_RECORD
AE_FIRE_EM_02933,RP_TRAFFIC_01,EVIDENCES,FIRE_119_RECORD
AE_FIRE_EM_02934,RP_TRAFFIC_01,EVIDENCES,FIRE_119_RECORD
AE_FIRE_EM_02935,RP_TRAFFIC_01,EVIDENCES,FIRE_119_RECORD
AE_FIRE_EM_02936,RP_MACHINE_01,EVIDENCES,FIRE_119_RECORD
AE_FIRE_EM_02937,RP_SLIP_TERRAIN,EVIDENCES,FIRE_119_RECORD
AE_FIRE_EM_02938,RP_FALL_CLIFF,EVIDENCES,FIRE_119_RECORD
AE_FIRE_EM_02939,RP_SLIP_TERRAIN,EVIDENCES,FIRE_119_RECORD
AE_FIRE_EM_02940,RP_TRAFFIC_01,EVIDENCES,FIRE_119_RECORD
AE_FIRE_EM_02941,RP_MACHINE_01,EVIDENCES,FIRE_119_RECORD
AE_FIRE_EM_02942,RP_TRAFFIC_01,EVIDENCES,FIRE_119_RECORD
AE_FIRE_EM_02943,RP_FALL_CLIFF,EVIDENCES,FIRE_119_RECORD
AE_FIRE_EM_02944,RP_TRAFFIC_01,EVIDENCES,FIRE_119_RECORD
AE_FIRE_EM_02945,RP_SLIP_TERRAIN,EVIDENCES,FIRE_119_RECORD
AE_FIRE_EM_02946,RP_MACHINE_01,EVIDENCES,FIRE_119_RECORD
AE_FIRE_EM_02947,RP_SLIP_TERRAIN,EVIDENCES,FIRE_119_RECORD
AE_FIRE_EM_02948,RP_TRAFFIC_01,EVIDENCES,FIRE_119_RECORD
AE_FIRE_EM_02949,RP_MACHINE_01,EVIDENCES,FIRE_119_RECORD
AE_FIRE_EM_02950,RP_SLIP_TERRAIN,EVIDENCES,FIRE_119_RECORD
AE_FIRE_EM_02951,RP_SLIP_TERRAIN,EVIDENCES,FIRE_119_RECORD
AE_FIRE_EM_02952,RP_SLIP_TERRAIN,EVIDENCES,FIRE_119_RECORD
AE_FIRE_EM_02953,RP_TRAFFIC_01,EVIDENCES,FIRE_119_RECORD
AE_FIRE_EM_02954,RP_FALL_CLIFF,EVIDENCES,FIRE_119_RECORD
AE_FIRE_EM_02955,RP_SLIP_TERRAIN,EVIDENCES,FIRE_119_RECORD
AE_FIRE_EM_02956,RP_MACHINE_01,EVIDENCES,FIRE_119_RECORD
AE_FIRE_EM_02957,RP_SLIP_TERRAIN,EVIDENCES,FIRE_119_RECORD
AE_FIRE_EM_02958,RP_TRAFFIC_01,EVIDENCES,FIRE_119_RECORD
AE_FIRE_EM_02959,RP_SLIP_TERRAIN,EVIDENCES,FIRE_119_RECORD
AE_FIRE_EM_02960,RP_TRAFFIC_01,EVIDENCES,FIRE_119_RECORD
AE_FIRE_EM_02961,RP_SLIP_TERRAIN,EVIDENCES,FIRE_119_RECORD
AE_FIRE_EM_02962,RP_SLIP_TERRAIN,EVIDENCES,FIRE_119_RECORD
AE_FIRE_EM_02963,RP_SLIP_TERRAIN,EVIDENCES,FIRE_119_RECORD
AE_FIRE_EM_02964,RP_SLIP_TERRAIN,EVIDENCES,FIRE_119_RECORD
AE_FIRE_EM_02965,RP_SLIP_TERRAIN,EVIDENCES,FIRE_119_RECORD
AE_FIRE_EM_02966,RP_SLIP_TERRAIN,EVIDENCES,FIRE_119_RECORD
AE_FIRE_EM_02967,RP_FALL_CLIFF,EVIDENCES,FIRE_119_RECORD
AE_FIRE_EM_02968,RP_FALL_CLIFF,EVIDENCES,FIRE_119_RECORD
AE_FIRE_EM_02969,RP_CO_01,EVIDENCES,FIRE_119_RECORD
AE_FIRE_EM_02970,RP_SLIP_TERRAIN,EVIDENCES,FIRE_119_RECORD
AE_FIRE_EM_02971,RP_SLIP_TERRAIN,EVIDENCES,FIRE_119_RECORD
AE_FIRE_EM_02972,RP_MACHINE_01,EVIDENCES,FIRE_119_RECORD
AE_FIRE_EM_02973,RP_SLIP_TERRAIN,EVIDENCES,FIRE_119_RECORD
AE_FIRE_EM_02974,RP_SLIP_TERRAIN,EVIDENCES,FIRE_119_RECORD
AE_FIRE_EM_02975,RP_SLIP_TERRAIN,EVIDENCES,FIRE_119_RECORD
AE_FIRE_EM_02976,RP_TRAFFIC_01,EVIDENCES,FIRE_119_RECORD
AE_FIRE_EM_02977,RP_TRAFFIC_01,EVIDENCES,FIRE_119_RECORD
AE_FIRE_EM_02978,RP_MACHINE_01,EVIDENCES,FIRE_119_RECORD
AE_FIRE_EM_02979,RP_MACHINE_01,EVIDENCES,FIRE_119_RECORD
AE_FIRE_EM_02980,RP_MACHINE_01,EVIDENCES,FIRE_119_RECORD
AE_FIRE_EM_02981,RP_SLIP_TERRAIN,EVIDENCES,FIRE_119_RECORD
AE_FIRE_EM_02982,RP_SLIP_TERRAIN,EVIDENCES,FIRE_119_RECORD
AE_FIRE_EM_02983,RP_SLIP_TERRAIN,EVIDENCES,FIRE_119_RECORD
AE_FIRE_EM_02984,RP_SLIP_TERRAIN,EVIDENCES,FIRE_119_RECORD
AE_FIRE_EM_02985,RP_TRAFFIC_01,EVIDENCES,FIRE_119_RECORD
AE_FIRE_EM_02986,RP_TRAFFIC_01,EVIDENCES,FIRE_119_RECORD
AE_FIRE_EM_02987,RP_TRAFFIC_01,EVIDENCES,FIRE_119_RECORD
AE_FIRE_EM_02988,RP_SLIP_TERRAIN,EVIDENCES,FIRE_119_RECORD
AE_FIRE_EM_02989,RP_TRAFFIC_01,EVIDENCES,FIRE_119_RECORD
AE_FIRE_EM_02990,RP_CO_01,EVIDENCES,FIRE_119_RECORD
AE_FIRE_EM_02991,RP_MACHINE_01,EVIDENCES,FIRE_119_RECORD
AE_FIRE_EM_02992,RP_SLIP_TERRAIN,EVIDENCES,FIRE_119_RECORD
AE_FIRE_EM_02993,RP_MACHINE_01,EVIDENCES,FIRE_119_RECORD
AE_FIRE_EM_02994,RP_SLIP_TERRAIN,EVIDENCES,FIRE_119_RECORD
AE_FIRE_EM_02995,RP_TRAFFIC_01,EVIDENCES,FIRE_119_RECORD
AE_FIRE_EM_02996,RP_SLIP_TERRAIN,EVIDENCES,FIRE_119_RECORD
AE_FIRE_EM_02997,RP_SLIP_TERRAIN,EVIDENCES,FIRE_119_RECORD
AE_FIRE_EM_02998,RP_TRAFFIC_01,EVIDENCES,FIRE_119_RECORD
AE_FIRE_EM_02999,RP_TRAFFIC_01,EVIDENCES,FIRE_119_RECORD
AE_FIRE_EM_03000,RP_TRAFFIC_01,EVIDENCES,FIRE_119_RECORD
AE_FIRE_EM_03001,RP_TRAFFIC_01,EVIDENCES,FIRE_119_RECORD
AE_FIRE_EM_03002,RP_SLIP_TERRAIN,EVIDENCES,FIRE_119_RECORD
AE_FIRE_EM_03003,RP_SLIP_TERRAIN,EVIDENCES,FIRE_119_RECORD
AE_FIRE_EM_03004,RP_MACHINE_01,EVIDENCES,FIRE_119_RECORD
AE_FIRE_EM_03005,RP_MACHINE_01,EVIDENCES,FIRE_119_RECORD
AE_FIRE_EM_03006,RP_TRAFFIC_01,EVIDENCES,FIRE_119_RECORD
AE_FIRE_EM_03007,RP_TRAFFIC_01,EVIDENCES,FIRE_119_RECORD
AE_FIRE_EM_03008,RP_TRAFFIC_01,EVIDENCES,FIRE_119_RECORD
AE_FIRE_EM_03009,RP_MACHINE_01,EVIDENCES,FIRE_119_RECORD
AE_FIRE_EM_03010,RP_MACHINE_01,EVIDENCES,FIRE_119_RECORD
AE_FIRE_EM_03011,RP_MACHINE_01,EVIDENCES,FIRE_119_RECORD
AE_FIRE_EM_03012,RP_FALL_CLIFF,EVIDENCES,FIRE_119_RECORD
AE_FIRE_EM_03013,RP_MACHINE_01,EVIDENCES,FIRE_119_RECORD
AE_FIRE_EM_03014,RP_MACHINE_01,EVIDENCES,FIRE_119_RECORD
AE_FIRE_EM_03015,RP_MACHINE_01,EVIDENCES,FIRE_119_RECORD
AE_FIRE_EM_03016,RP_MACHINE_01,EVIDENCES,FIRE_119_RECORD
AE_FIRE_EM_03017,RP_MACHINE_01,EVIDENCES,FIRE_119_RECORD
AE_FIRE_EM_03018,RP_MACHINE_01,EVIDENCES,FIRE_119_RECORD
AE_FIRE_EM_03019,RP_TRAFFIC_01,EVIDENCES,FIRE_119_RECORD
AE_FIRE_EM_03020,RP_SLIP_TERRAIN,EVIDENCES,FIRE_119_RECORD
AE_FIRE_EM_03021,RP_CO_01,EVIDENCES,FIRE_119_RECORD
AE_FIRE_EM_03022,RP_SLIP_TERRAIN,EVIDENCES,FIRE_119_RECORD
AE_FIRE_EM_03023,RP_MACHINE_01,EVIDENCES,FIRE_119_RECORD
AE_FIRE_EM_03024,RP_SLIP_TERRAIN,EVIDENCES,FIRE_119_RECORD
AE_FIRE_EM_03025,RP_MACHINE_01,EVIDENCES,FIRE_119_RECORD
AE_FIRE_EM_03026,RP_CO_01,EVIDENCES,FIRE_119_RECORD
AE_FIRE_EM_03027,RP_MACHINE_01,EVIDENCES,FIRE_119_RECORD
AE_FIRE_EM_03028,RP_SLIP_TERRAIN,EVIDENCES,FIRE_119_RECORD
AE_FIRE_EM_03029,RP_TRAFFIC_01,EVIDENCES,FIRE_119_RECORD
AE_FIRE_EM_03030,RP_TRAFFIC_01,EVIDENCES,FIRE_119_RECORD
AE_FIRE_EM_03031,RP_MACHINE_01,EVIDENCES,FIRE_119_RECORD
AE_FIRE_EM_03032,RP_SLIP_TERRAIN,EVIDENCES,FIRE_119_RECORD
AE_FIRE_EM_03033,RP_TRAFFIC_01,EVIDENCES,FIRE_119_RECORD
AE_FIRE_EM_03034,RP_SLIP_TERRAIN,EVIDENCES,FIRE_119_RECORD
AE_FIRE_EM_03035,RP_MACHINE_01,EVIDENCES,FIRE_119_RECORD
AE_FIRE_EM_03036,RP_SLIP_TERRAIN,EVIDENCES,FIRE_119_RECORD
AE_FIRE_EM_03037,RP_MACHINE_01,EVIDENCES,FIRE_119_RECORD
AE_FIRE_EM_03038,RP_MACHINE_01,EVIDENCES,FIRE_119_RECORD
AE_FIRE_EM_03039,RP_TRAFFIC_01,EVIDENCES,FIRE_119_RECORD
AE_FIRE_EM_03040,RP_MACHINE_01,EVIDENCES,FIRE_119_RECORD
AE_FIRE_EM_03041,RP_FIRE_01,EVIDENCES,FIRE_119_RECORD
AE_FIRE_EM_03042,RP_SLIP_TERRAIN,EVIDENCES,FIRE_119_RECORD
AE_FIRE_EM_03043,RP_SLIP_TERRAIN,EVIDENCES,FIRE_119_RECORD
AE_FIRE_EM_03044,RP_SLIP_TERRAIN,EVIDENCES,FIRE_119_RECORD
AE_FIRE_EM_03045,RP_SLIP_TERRAIN,EVIDENCES,FIRE_119_RECORD
AE_FIRE_EM_03046,RP_MACHINE_01,EVIDENCES,FIRE_119_RECORD
AE_FIRE_EM_03047,RP_MACHINE_01,EVIDENCES,FIRE_119_RECORD
AE_FIRE_EM_03048,RP_TRAFFIC_01,EVIDENCES,FIRE_119_RECORD
AE_FIRE_EM_03049,RP_TRAFFIC_01,EVIDENCES,FIRE_119_RECORD
AE_FIRE_EM_03050,RP_SLIP_TERRAIN,EVIDENCES,FIRE_119_RECORD
AE_FIRE_EM_03051,RP_MACHINE_01,EVIDENCES,FIRE_119_RECORD
AE_FIRE_EM_03052,RP_MACHINE_01,EVIDENCES,FIRE_119_RECORD
AE_FIRE_EM_03053,RP_TRAFFIC_01,EVIDENCES,FIRE_119_RECORD
AE_FIRE_EM_03054,RP_TRAFFIC_01,EVIDENCES,FIRE_119_RECORD
AE_FIRE_EM_03055,RP_TRAFFIC_01,EVIDENCES,FIRE_119_RECORD
AE_FIRE_EM_03056,RP_TRAFFIC_01,EVIDENCES,FIRE_119_RECORD
AE_FIRE_EM_03057,RP_CO_01,EVIDENCES,FIRE_119_RECORD
AE_FIRE_EM_03058,RP_SLIP_TERRAIN,EVIDENCES,FIRE_119_RECORD
AE_FIRE_EM_03059,RP_SLIP_TERRAIN,EVIDENCES,FIRE_119_RECORD
AE_FIRE_EM_03060,RP_SLIP_TERRAIN,EVIDENCES,FIRE_119_RECORD
AE_FIRE_EM_03061,RP_MACHINE_01,EVIDENCES,FIRE_119_RECORD
AE_FIRE_EM_03062,RP_SLIP_TERRAIN,EVIDENCES,FIRE_119_RECORD
AE_FIRE_EM_03063,RP_TRAFFIC_01,EVIDENCES,FIRE_119_RECORD
AE_FIRE_EM_03064,RP_SLIP_TERRAIN,EVIDENCES,FIRE_119_RECORD
AE_FIRE_EM_03065,RP_SLIP_TERRAIN,EVIDENCES,FIRE_119_RECORD
AE_FIRE_EM_03066,RP_MACHINE_01,EVIDENCES,FIRE_119_RECORD
AE_FIRE_EM_03067,RP_MACHINE_01,EVIDENCES,FIRE_119_RECORD
AE_FIRE_EM_03068,RP_SLIP_TERRAIN,EVIDENCES,FIRE_119_RECORD
AE_FIRE_EM_03069,RP_SLIP_TERRAIN,EVIDENCES,FIRE_119_RECORD
AE_FIRE_EM_03070,RP_SLIP_TERRAIN,EVIDENCES,FIRE_119_RECORD
AE_FIRE_EM_03071,RP_SLIP_TERRAIN,EVIDENCES,FIRE_119_RECORD
AE_FIRE_EM_03072,RP_TRAFFIC_01,EVIDENCES,FIRE_119_RECORD
AE_FIRE_EM_03073,RP_TRAFFIC_01,EVIDENCES,FIRE_119_RECORD
AE_FIRE_EM_03074,RP_MACHINE_01,EVIDENCES,FIRE_119_RECORD
AE_FIRE_EM_03075,RP_ANIMAL_01,EVIDENCES,FIRE_119_RECORD
AE_FIRE_EM_03076,RP_MACHINE_01,EVIDENCES,FIRE_119_RECORD
AE_FIRE_EM_03077,RP_TRAFFIC_01,EVIDENCES,FIRE_119_RECORD
AE_FIRE_EM_03078,RP_TRAFFIC_01,EVIDENCES,FIRE_119_RECORD
AE_FIRE_EM_03079,RP_SLIP_TERRAIN,EVIDENCES,FIRE_119_RECORD
AE_FIRE_EM_03080,RP_SLIP_TERRAIN,EVIDENCES,FIRE_119_RECORD
AE_FIRE_EM_03081,RP_MACHINE_01,EVIDENCES,FIRE_119_RECORD
AE_FIRE_EM_03082,RP_SLIP_TERRAIN,EVIDENCES,FIRE_119_RECORD
AE_FIRE_EM_03083,RP_MACHINE_01,EVIDENCES,FIRE_119_RECORD
AE_FIRE_EM_03084,RP_SLIP_TERRAIN,EVIDENCES,FIRE_119_RECORD
AE_FIRE_EM_03085,RP_TRAFFIC_01,EVIDENCES,FIRE_119_RECORD
AE_FIRE_EM_03086,RP_TRAFFIC_01,EVIDENCES,FIRE_119_RECORD
AE_FIRE_EM_03087,RP_SLIP_TERRAIN,EVIDENCES,FIRE_119_RECORD
AE_FIRE_EM_03088,RP_SLIP_TERRAIN,EVIDENCES,FIRE_119_RECORD
AE_FIRE_EM_03089,RP_TRAFFIC_01,EVIDENCES,FIRE_119_RECORD
AE_FIRE_EM_03090,RP_TRAFFIC_01,EVIDENCES,FIRE_119_RECORD
AE_FIRE_EM_03091,RP_SLIP_TERRAIN,EVIDENCES,FIRE_119_RECORD
AE_FIRE_EM_03092,RP_TRAFFIC_01,EVIDENCES,FIRE_119_RECORD
AE_FIRE_EM_03093,RP_TRAFFIC_01,EVIDENCES,FIRE_119_RECORD
AE_FIRE_EM_03094,RP_SLIP_TERRAIN,EVIDENCES,FIRE_119_RECORD
AE_FIRE_EM_03095,RP_TRAFFIC_01,EVIDENCES,FIRE_119_RECORD
AE_FIRE_EM_03096,RP_MACHINE_01,EVIDENCES,FIRE_119_RECORD
AE_FIRE_EM_03097,RP_SLIP_TERRAIN,EVIDENCES,FIRE_119_RECORD
AE_FIRE_EM_03098,RP_SLIP_TERRAIN,EVIDENCES,FIRE_119_RECORD
AE_FIRE_EM_03099,RP_SLIP_TERRAIN,EVIDENCES,FIRE_119_RECORD
AE_FIRE_EM_03100,RP_TRAFFIC_01,EVIDENCES,FIRE_119_RECORD
AE_FIRE_EM_03101,RP_TRAFFIC_01,EVIDENCES,FIRE_119_RECORD
AE_FIRE_EM_03102,RP_SLIP_TERRAIN,EVIDENCES,FIRE_119_RECORD
AE_FIRE_EM_03103,RP_MACHINE_01,EVIDENCES,FIRE_119_RECORD
AE_FIRE_EM_03104,RP_SLIP_TERRAIN,EVIDENCES,FIRE_119_RECORD
AE_FIRE_EM_03105,RP_TRAFFIC_01,EVIDENCES,FIRE_119_RECORD
AE_FIRE_EM_03106,RP_SLIP_TERRAIN,EVIDENCES,FIRE_119_RECORD
AE_FIRE_EM_03107,RP_TRAFFIC_01,EVIDENCES,FIRE_119_RECORD
AE_FIRE_EM_03108,RP_TRAFFIC_01,EVIDENCES,FIRE_119_RECORD
AE_FIRE_EM_03109,RP_SLIP_TERRAIN,EVIDENCES,FIRE_119_RECORD
AE_FIRE_EM_03110,RP_SLIP_TERRAIN,EVIDENCES,FIRE_119_RECORD
AE_FIRE_EM_03111,RP_SLIP_TERRAIN,EVIDENCES,FIRE_119_RECORD
AE_FIRE_EM_03112,RP_MACHINE_01,EVIDENCES,FIRE_119_RECORD
AE_FIRE_EM_03113,RP_TRAFFIC_01,EVIDENCES,FIRE_119_RECORD
AE_FIRE_EM_03114,RP_TRAFFIC_01,EVIDENCES,FIRE_119_RECORD
AE_FIRE_EM_03115,RP_TRAFFIC_01,EVIDENCES,FIRE_119_RECORD
AE_FIRE_EM_03116,RP_TRAFFIC_01,EVIDENCES,FIRE_119_RECORD
AE_FIRE_EM_03117,RP_TRAFFIC_01,EVIDENCES,FIRE_119_RECORD
AE_FIRE_EM_03118,RP_TRAFFIC_01,EVIDENCES,FIRE_119_RECORD
AE_FIRE_EM_03119,RP_MACHINE_01,EVIDENCES,FIRE_119_RECORD
AE_FIRE_EM_03120,RP_SLIP_TERRAIN,EVIDENCES,FIRE_119_RECORD
AE_FIRE_EM_03121,RP_SLIP_TERRAIN,EVIDENCES,FIRE_119_RECORD
AE_FIRE_EM_03122,RP_SLIP_TERRAIN,EVIDENCES,FIRE_119_RECORD
AE_FIRE_EM_03123,RP_SLIP_TERRAIN,EVIDENCES,FIRE_119_RECORD
AE_FIRE_EM_03124,RP_SLIP_TERRAIN,EVIDENCES,FIRE_119_RECORD
AE_FIRE_EM_03125,RP_SLIP_TERRAIN,EVIDENCES,FIRE_119_RECORD
AE_FIRE_EM_03126,RP_SLIP_TERRAIN,EVIDENCES,FIRE_119_RECORD
AE_FIRE_EM_03127,RP_SLIP_TERRAIN,EVIDENCES,FIRE_119_RECORD
AE_FIRE_EM_03128,RP_SLIP_TERRAIN,EVIDENCES,FIRE_119_RECORD
AE_FIRE_EM_03129,RP_SLIP_TERRAIN,EVIDENCES,FIRE_119_RECORD
AE_FIRE_EM_03130,RP_SLIP_TERRAIN,EVIDENCES,FIRE_119_RECORD
AE_FIRE_EM_03131,RP_TRAFFIC_01,EVIDENCES,FIRE_119_RECORD
AE_FIRE_EM_03132,RP_SLIP_TERRAIN,EVIDENCES,FIRE_119_RECORD
AE_FIRE_EM_03133,RP_SLIP_TERRAIN,EVIDENCES,FIRE_119_RECORD
AE_FIRE_EM_03134,RP_SLIP_TERRAIN,EVIDENCES,FIRE_119_RECORD
AE_FIRE_EM_03135,RP_SLIP_TERRAIN,EVIDENCES,FIRE_119_RECORD
AE_FIRE_EM_03136,RP_SLIP_TERRAIN,EVIDENCES,FIRE_119_RECORD
AE_FIRE_EM_03137,RP_TRAFFIC_01,EVIDENCES,FIRE_119_RECORD
AE_FIRE_EM_03138,RP_MACHINE_01,EVIDENCES,FIRE_119_RECORD
AE_FIRE_EM_03139,RP_TRAFFIC_01,EVIDENCES,FIRE_119_RECORD
AE_FIRE_EM_03140,RP_SLIP_TERRAIN,EVIDENCES,FIRE_119_RECORD
AE_FIRE_EM_03141,RP_MACHINE_01,EVIDENCES,FIRE_119_RECORD
AE_FIRE_EM_03142,RP_SLIP_TERRAIN,EVIDENCES,FIRE_119_RECORD
AE_FIRE_EM_03143,RP_MACHINE_01,EVIDENCES,FIRE_119_RECORD
AE_FIRE_EM_03144,RP_SLIP_TERRAIN,EVIDENCES,FIRE_119_RECORD
AE_FIRE_EM_03145,RP_TRAFFIC_01,EVIDENCES,FIRE_119_RECORD
AE_FIRE_EM_03146,RP_TRAFFIC_01,EVIDENCES,FIRE_119_RECORD
AE_FIRE_EM_03147,RP_MACHINE_01,EVIDENCES,FIRE_119_RECORD
AE_FIRE_EM_03148,RP_FALL_CLIFF,EVIDENCES,FIRE_119_RECORD
AE_FIRE_EM_03149,RP_MACHINE_01,EVIDENCES,FIRE_119_RECORD
AE_FIRE_EM_03150,RP_TRAFFIC_01,EVIDENCES,FIRE_119_RECORD
AE_FIRE_EM_03151,RP_FALL_CLIFF,EVIDENCES,FIRE_119_RECORD
AE_FIRE_EM_03152,RP_MACHINE_01,EVIDENCES,FIRE_119_RECORD
AE_FIRE_EM_03153,RP_MACHINE_01,EVIDENCES,FIRE_119_RECORD
AE_FIRE_EM_03154,RP_TRAFFIC_01,EVIDENCES,FIRE_119_RECORD
AE_FIRE_EM_03155,RP_SLIP_TERRAIN,EVIDENCES,FIRE_119_RECORD
AE_FIRE_EM_03156,RP_MACHINE_01,EVIDENCES,FIRE_119_RECORD
AE_FIRE_EM_03157,RP_TRAFFIC_01,EVIDENCES,FIRE_119_RECORD
AE_FIRE_EM_03158,RP_SLIP_TERRAIN,EVIDENCES,FIRE_119_RECORD
AE_FIRE_EM_03159,RP_TRAFFIC_01,EVIDENCES,FIRE_119_RECORD
AE_FIRE_EM_03160,RP_SLIP_TERRAIN,EVIDENCES,FIRE_119_RECORD
AE_FIRE_EM_03161,RP_FALL_CLIFF,EVIDENCES,FIRE_119_RECORD
AE_FIRE_EM_03162,RP_TRAFFIC_01,EVIDENCES,FIRE_119_RECORD
AE_FIRE_EM_03163,RP_TRAFFIC_01,EVIDENCES,FIRE_119_RECORD
AE_FIRE_EM_03164,RP_TRAFFIC_01,EVIDENCES,FIRE_119_RECORD
AE_FIRE_EM_03165,RP_TRAFFIC_01,EVIDENCES,FIRE_119_RECORD
AE_FIRE_EM_03166,RP_TRAFFIC_01,EVIDENCES,FIRE_119_RECORD
AE_FIRE_EM_03167,RP_MACHINE_01,EVIDENCES,FIRE_119_RECORD
AE_FIRE_EM_03168,RP_SLIP_TERRAIN,EVIDENCES,FIRE_119_RECORD
AE_FIRE_EM_03169,RP_ANIMAL_01,EVIDENCES,FIRE_119_RECORD
AE_FIRE_EM_03170,RP_TRAFFIC_01,EVIDENCES,FIRE_119_RECORD
AE_FIRE_EM_03171,RP_SLIP_TERRAIN,EVIDENCES,FIRE_119_RECORD
AE_FIRE_EM_03172,RP_MACHINE_01,EVIDENCES,FIRE_119_RECORD
AE_FIRE_EM_03173,RP_SLIP_TERRAIN,EVIDENCES,FIRE_119_RECORD
AE_FIRE_EM_03174,RP_TRAFFIC_01,EVIDENCES,FIRE_119_RECORD
AE_FIRE_EM_03175,RP_SLIP_TERRAIN,EVIDENCES,FIRE_119_RECORD
AE_FIRE_EM_03176,RP_TRAFFIC_01,EVIDENCES,FIRE_119_RECORD
AE_FIRE_EM_03177,RP_TRAFFIC_01,EVIDENCES,FIRE_119_RECORD
AE_FIRE_EM_03178,RP_TRAFFIC_01,EVIDENCES,FIRE_119_RECORD
AE_FIRE_EM_03179,RP_SLIP_TERRAIN,EVIDENCES,FIRE_119_RECORD
AE_FIRE_EM_03180,RP_TRAFFIC_01,EVIDENCES,FIRE_119_RECORD
AE_FIRE_EM_03181,RP_FALL_CLIFF,EVIDENCES,FIRE_119_RECORD
AE_FIRE_EM_03182,RP_SLIP_TERRAIN,EVIDENCES,FIRE_119_RECORD
AE_FIRE_EM_03183,RP_SLIP_TERRAIN,EVIDENCES,FIRE_119_RECORD
AE_FIRE_EM_03184,RP_TRAFFIC_01,EVIDENCES,FIRE_119_RECORD
AE_FIRE_EM_03185,RP_FIRE_01,EVIDENCES,FIRE_119_RECORD
AE_FIRE_EM_03186,RP_FIRE_01,EVIDENCES,FIRE_119_RECORD
AE_FIRE_EM_03187,RP_ANIMAL_01,EVIDENCES,FIRE_119_RECORD
AE_FIRE_EM_03188,RP_SLIP_TERRAIN,EVIDENCES,FIRE_119_RECORD
AE_FIRE_EM_03189,RP_SLIP_TERRAIN,EVIDENCES,FIRE_119_RECORD
AE_FIRE_EM_03190,RP_TRAFFIC_01,EVIDENCES,FIRE_119_RECORD
AE_FIRE_EM_03191,RP_TRAFFIC_01,EVIDENCES,FIRE_119_RECORD
AE_FIRE_EM_03192,RP_TRAFFIC_01,EVIDENCES,FIRE_119_RECORD
AE_FIRE_EM_03193,RP_TRAFFIC_01,EVIDENCES,FIRE_119_RECORD
AE_FIRE_EM_03194,RP_TRAFFIC_01,EVIDENCES,FIRE_119_RECORD
AE_FIRE_EM_03195,RP_TRAFFIC_01,EVIDENCES,FIRE_119_RECORD
AE_FIRE_EM_03196,RP_MACHINE_01,EVIDENCES,FIRE_119_RECORD
AE_FIRE_EM_03197,RP_MACHINE_01,EVIDENCES,FIRE_119_RECORD
AE_FIRE_EM_03198,RP_TRAFFIC_01,EVIDENCES,FIRE_119_RECORD
AE_FIRE_EM_03199,RP_TRAFFIC_01,EVIDENCES,FIRE_119_RECORD
AE_FIRE_EM_03200,RP_MACHINE_01,EVIDENCES,FIRE_119_RECORD
AE_FIRE_EM_03201,RP_TRAFFIC_01,EVIDENCES,FIRE_119_RECORD
AE_FIRE_EM_03202,RP_SLIP_TERRAIN,EVIDENCES,FIRE_119_RECORD
AE_FIRE_EM_03203,RP_MACHINE_01,EVIDENCES,FIRE_119_RECORD
AE_FIRE_EM_03204,RP_SLIP_TERRAIN,EVIDENCES,FIRE_119_RECORD
AE_FIRE_EM_03205,RP_TRAFFIC_01,EVIDENCES,FIRE_119_RECORD
AE_FIRE_EM_03206,RP_SLIP_TERRAIN,EVIDENCES,FIRE_119_RECORD
AE_FIRE_EM_03207,RP_TRAFFIC_01,EVIDENCES,FIRE_119_RECORD
AE_FIRE_EM_03208,RP_TRAFFIC_01,EVIDENCES,FIRE_119_RECORD
AE_FIRE_EM_03209,RP_TRAFFIC_01,EVIDENCES,FIRE_119_RECORD
AE_FIRE_EM_03210,RP_MACHINE_01,EVIDENCES,FIRE_119_RECORD
AE_FIRE_EM_03211,RP_MACHINE_01,EVIDENCES,FIRE_119_RECORD
AE_FIRE_EM_03212,RP_SLIP_TERRAIN,EVIDENCES,FIRE_119_RECORD
AE_FIRE_EM_03213,RP_SLIP_TERRAIN,EVIDENCES,FIRE_119_RECORD
AE_FIRE_EM_03214,RP_FALL_CLIFF,EVIDENCES,FIRE_119_RECORD
AE_FIRE_EM_03215,RP_SLIP_TERRAIN,EVIDENCES,FIRE_119_RECORD
AE_FIRE_EM_03216,RP_ANIMAL_01,EVIDENCES,FIRE_119_RECORD
AE_FIRE_EM_03217,RP_SLIP_TERRAIN,EVIDENCES,FIRE_119_RECORD
AE_FIRE_EM_03218,RP_HEAT_02,EVIDENCES,FIRE_119_RECORD
AE_FIRE_EM_03219,RP_TRAFFIC_01,EVIDENCES,FIRE_119_RECORD
AE_FIRE_EM_03220,RP_MACHINE_01,EVIDENCES,FIRE_119_RECORD
AE_FIRE_EM_03221,RP_TRAFFIC_01,EVIDENCES,FIRE_119_RECORD
AE_FIRE_EM_03222,RP_TRAFFIC_01,EVIDENCES,FIRE_119_RECORD
AE_FIRE_EM_03223,RP_TRAFFIC_01,EVIDENCES,FIRE_119_RECORD
AE_FIRE_EM_03224,RP_MACHINE_01,EVIDENCES,FIRE_119_RECORD
AE_FIRE_EM_03225,RP_TRAFFIC_01,EVIDENCES,FIRE_119_RECORD
AE_FIRE_EM_03226,RP_SLIP_TERRAIN,EVIDENCES,FIRE_119_RECORD
AE_FIRE_EM_03227,RP_MACHINE_01,EVIDENCES,FIRE_119_RECORD
AE_FIRE_EM_03228,RP_TRAFFIC_01,EVIDENCES,FIRE_119_RECORD
AE_FIRE_EM_03229,RP_TRAFFIC_01,EVIDENCES,FIRE_119_RECORD
AE_FIRE_EM_03230,RP_SLIP_TERRAIN,EVIDENCES,FIRE_119_RECORD
AE_FIRE_EM_03231,RP_MACHINE_01,EVIDENCES,FIRE_119_RECORD
AE_FIRE_EM_03232,RP_SLIP_TERRAIN,EVIDENCES,FIRE_119_RECORD
AE_FIRE_EM_03233,RP_SLIP_TERRAIN,EVIDENCES,FIRE_119_RECORD
AE_FIRE_EM_03234,RP_SLIP_TERRAIN,EVIDENCES,FIRE_119_RECORD
AE_FIRE_EM_03235,RP_SLIP_TERRAIN,EVIDENCES,FIRE_119_RECORD
AE_FIRE_EM_03236,RP_SLIP_TERRAIN,EVIDENCES,FIRE_119_RECORD
AE_FIRE_EM_03237,RP_SLIP_TERRAIN,EVIDENCES,FIRE_119_RECORD
AE_FIRE_EM_03238,RP_SLIP_TERRAIN,EVIDENCES,FIRE_119_RECORD
AE_FIRE_EM_03239,RP_SLIP_TERRAIN,EVIDENCES,FIRE_119_RECORD
AE_FIRE_EM_03240,RP_SLIP_TERRAIN,EVIDENCES,FIRE_119_RECORD
AE_FIRE_EM_03241,RP_SLIP_TERRAIN,EVIDENCES,FIRE_119_RECORD
AE_FIRE_EM_03242,RP_FALL_CLIFF,EVIDENCES,FIRE_119_RECORD
AE_FIRE_EM_03243,RP_TRAFFIC_01,EVIDENCES,FIRE_119_RECORD
AE_FIRE_EM_03244,RP_TRAFFIC_01,EVIDENCES,FIRE_119_RECORD
AE_FIRE_EM_03245,RP_SLIP_TERRAIN,EVIDENCES,FIRE_119_RECORD
AE_FIRE_EM_03246,RP_FALL_CLIFF,EVIDENCES,FIRE_119_RECORD
AE_FIRE_EM_03247,RP_SLIP_TERRAIN,EVIDENCES,FIRE_119_RECORD
AE_FIRE_EM_03248,RP_SLIP_TERRAIN,EVIDENCES,FIRE_119_RECORD
AE_FIRE_EM_03249,RP_SLIP_TERRAIN,EVIDENCES,FIRE_119_RECORD
AE_FIRE_EM_03250,RP_TRAFFIC_01,EVIDENCES,FIRE_119_RECORD
AE_FIRE_EM_03251,RP_SLIP_TERRAIN,EVIDENCES,FIRE_119_RECORD
AE_FIRE_EM_03252,RP_ANIMAL_01,EVIDENCES,FIRE_119_RECORD
AE_FIRE_EM_03253,RP_FALL_CLIFF,EVIDENCES,FIRE_119_RECORD
AE_FIRE_EM_03254,RP_SLIP_TERRAIN,EVIDENCES,FIRE_119_RECORD
AE_FIRE_EM_03255,RP_TRAFFIC_01,EVIDENCES,FIRE_119_RECORD
AE_FIRE_EM_03256,RP_SLIP_TERRAIN,EVIDENCES,FIRE_119_RECORD
AE_FIRE_EM_03257,RP_SLIP_TERRAIN,EVIDENCES,FIRE_119_RECORD
AE_FIRE_EM_03258,RP_MACHINE_01,EVIDENCES,FIRE_119_RECORD
AE_FIRE_EM_03259,RP_MACHINE_01,EVIDENCES,FIRE_119_RECORD
AE_FIRE_EM_03260,RP_TRAFFIC_01,EVIDENCES,FIRE_119_RECORD
AE_FIRE_EM_03261,RP_MACHINE_01,EVIDENCES,FIRE_119_RECORD
AE_FIRE_EM_03262,RP_TRAFFIC_01,EVIDENCES,FIRE_119_RECORD
AE_FIRE_EM_03263,RP_SLIP_TERRAIN,EVIDENCES,FIRE_119_RECORD
AE_FIRE_EM_03264,RP_TRAFFIC_01,EVIDENCES,FIRE_119_RECORD
AE_FIRE_EM_03265,RP_SLIP_TERRAIN,EVIDENCES,FIRE_119_RECORD
AE_FIRE_EM_03266,RP_SLIP_TERRAIN,EVIDENCES,FIRE_119_RECORD
AE_FIRE_EM_03267,RP_TRAFFIC_01,EVIDENCES,FIRE_119_RECORD
AE_FIRE_EM_03268,RP_TRAFFIC_01,EVIDENCES,FIRE_119_RECORD
AE_FIRE_EM_03269,RP_SLIP_TERRAIN,EVIDENCES,FIRE_119_RECORD
AE_FIRE_EM_03270,RP_ANIMAL_01,EVIDENCES,FIRE_119_RECORD
AE_FIRE_EM_03271,RP_TRAFFIC_01,EVIDENCES,FIRE_119_RECORD
AE_FIRE_EM_03272,RP_MACHINE_01,EVIDENCES,FIRE_119_RECORD
AE_FIRE_EM_03273,RP_SLIP_TERRAIN,EVIDENCES,FIRE_119_RECORD
AE_FIRE_EM_03274,RP_SLIP_TERRAIN,EVIDENCES,FIRE_119_RECORD
AE_FIRE_EM_03275,RP_SLIP_TERRAIN,EVIDENCES,FIRE_119_RECORD
AE_FIRE_EM_03276,RP_MACHINE_01,EVIDENCES,FIRE_119_RECORD
AE_FIRE_EM_03277,RP_MACHINE_01,EVIDENCES,FIRE_119_RECORD
AE_FIRE_EM_03278,RP_TRAFFIC_01,EVIDENCES,FIRE_119_RECORD
AE_FIRE_EM_03279,RP_TRAFFIC_01,EVIDENCES,FIRE_119_RECORD
AE_FIRE_EM_03280,RP_MACHINE_01,EVIDENCES,FIRE_119_RECORD
AE_FIRE_EM_03281,RP_MACHINE_01,EVIDENCES,FIRE_119_RECORD
AE_FIRE_EM_03282,RP_TRAFFIC_01,EVIDENCES,FIRE_119_RECORD
AE_FIRE_EM_03283,RP_TRAFFIC_01,EVIDENCES,FIRE_119_RECORD
AE_FIRE_EM_03284,RP_TRAFFIC_01,EVIDENCES,FIRE_119_RECORD
AE_FIRE_EM_03285,RP_ANIMAL_01,EVIDENCES,FIRE_119_RECORD
AE_FIRE_EM_03286,RP_SLIP_TERRAIN,EVIDENCES,FIRE_119_RECORD
AE_FIRE_EM_03287,RP_HEAT_02,EVIDENCES,FIRE_119_RECORD
AE_FIRE_EM_03288,RP_TRAFFIC_01,EVIDENCES,FIRE_119_RECORD
AE_FIRE_EM_03289,RP_TRAFFIC_01,EVIDENCES,FIRE_119_RECORD
AE_FIRE_EM_03290,RP_SLIP_TERRAIN,EVIDENCES,FIRE_119_RECORD
AE_FIRE_EM_03291,RP_TRAFFIC_01,EVIDENCES,FIRE_119_RECORD
AE_FIRE_EM_03292,RP_TRAFFIC_01,EVIDENCES,FIRE_119_RECORD
AE_FIRE_EM_03293,RP_TRAFFIC_01,EVIDENCES,FIRE_119_RECORD
AE_FIRE_EM_03294,RP_SLIP_TERRAIN,EVIDENCES,FIRE_119_RECORD
AE_FIRE_EM_03295,RP_FALL_CLIFF,EVIDENCES,FIRE_119_RECORD
AE_FIRE_EM_03296,RP_FALL_CLIFF,EVIDENCES,FIRE_119_RECORD
AE_FIRE_EM_03297,RP_TRAFFIC_01,EVIDENCES,FIRE_119_RECORD
AE_FIRE_EM_03298,RP_TRAFFIC_01,EVIDENCES,FIRE_119_RECORD
AE_FIRE_EM_03299,RP_TRAFFIC_01,EVIDENCES,FIRE_119_RECORD
AE_FIRE_EM_03300,RP_TRAFFIC_01,EVIDENCES,FIRE_119_RECORD
AE_FIRE_EM_03301,RP_TRAFFIC_01,EVIDENCES,FIRE_119_RECORD
AE_FIRE_EM_03302,RP_COLD_01,EVIDENCES,FIRE_119_RECORD
AE_FIRE_EM_03303,RP_SLIP_TERRAIN,EVIDENCES,FIRE_119_RECORD
AE_FIRE_EM_03304,RP_TRAFFIC_01,EVIDENCES,FIRE_119_RECORD
AE_FIRE_EM_03305,RP_FIRE_01,EVIDENCES,FIRE_119_RECORD
AE_FIRE_EM_03306,RP_FIRE_01,EVIDENCES,FIRE_119_RECORD
AE_FIRE_EM_03307,RP_SLIP_TERRAIN,EVIDENCES,FIRE_119_RECORD
AE_FIRE_EM_03308,RP_SLIP_TERRAIN,EVIDENCES,FIRE_119_RECORD
AE_FIRE_EM_03309,RP_SLIP_TERRAIN,EVIDENCES,FIRE_119_RECORD
AE_FIRE_EM_03310,RP_TRAFFIC_01,EVIDENCES,FIRE_119_RECORD
AE_FIRE_EM_03311,RP_SLIP_TERRAIN,EVIDENCES,FIRE_119_RECORD
AE_FIRE_EM_03312,RP_FALL_CLIFF,EVIDENCES,FIRE_119_RECORD
AE_FIRE_EM_03313,RP_SLIP_TERRAIN,EVIDENCES,FIRE_119_RECORD
AE_FIRE_EM_03314,RP_SLIP_TERRAIN,EVIDENCES,FIRE_119_RECORD
AE_FIRE_EM_03315,RP_SLIP_TERRAIN,EVIDENCES,FIRE_119_RECORD
AE_FIRE_EM_03316,RP_TRAFFIC_01,EVIDENCES,FIRE_119_RECORD
AE_FIRE_EM_03317,RP_MACHINE_01,EVIDENCES,FIRE_119_RECORD
AE_FIRE_EM_03318,RP_SLIP_TERRAIN,EVIDENCES,FIRE_119_RECORD
AE_FIRE_EM_03319,RP_FALL_CLIFF,EVIDENCES,FIRE_119_RECORD
AE_FIRE_EM_03320,RP_MACHINE_01,EVIDENCES,FIRE_119_RECORD
AE_FIRE_EM_03321,RP_SLIP_TERRAIN,EVIDENCES,FIRE_119_RECORD
AE_FIRE_EM_03322,RP_SLIP_TERRAIN,EVIDENCES,FIRE_119_RECORD
AE_FIRE_EM_03323,RP_SLIP_TERRAIN,EVIDENCES,FIRE_119_RECORD
AE_FIRE_EM_03324,RP_SLIP_TERRAIN,EVIDENCES,FIRE_119_RECORD
AE_FIRE_EM_03325,RP_SLIP_TERRAIN,EVIDENCES,FIRE_119_RECORD
AE_FIRE_EM_03326,RP_FALL_CLIFF,EVIDENCES,FIRE_119_RECORD
AE_FIRE_EM_03327,RP_FALL_CLIFF,EVIDENCES,FIRE_119_RECORD
AE_FIRE_EM_03328,RP_SLIP_TERRAIN,EVIDENCES,FIRE_119_RECORD
AE_FIRE_EM_03329,RP_SLIP_TERRAIN,EVIDENCES,FIRE_119_RECORD
AE_FIRE_EM_03330,RP_SLIP_TERRAIN,EVIDENCES,FIRE_119_RECORD
AE_FIRE_EM_03331,RP_SLIP_TERRAIN,EVIDENCES,FIRE_119_RECORD
AE_FIRE_EM_03332,RP_ANIMAL_01,EVIDENCES,FIRE_119_RECORD
AE_FIRE_EM_03333,RP_SLIP_TERRAIN,EVIDENCES,FIRE_119_RECORD
AE_FIRE_EM_03334,RP_MACHINE_01,EVIDENCES,FIRE_119_RECORD
AE_FIRE_EM_03335,RP_TRAFFIC_01,EVIDENCES,FIRE_119_RECORD
AE_FIRE_EM_03336,RP_TRAFFIC_01,EVIDENCES,FIRE_119_RECORD
AE_FIRE_EM_03337,RP_SLIP_TERRAIN,EVIDENCES,FIRE_119_RECORD
AE_FIRE_EM_03338,RP_MACHINE_01,EVIDENCES,FIRE_119_RECORD
AE_FIRE_EM_03339,RP_MACHINE_01,EVIDENCES,FIRE_119_RECORD
AE_FIRE_EM_03340,RP_MACHINE_01,EVIDENCES,FIRE_119_RECORD
AE_FIRE_EM_03341,RP_SLIP_TERRAIN,EVIDENCES,FIRE_119_RECORD
AE_FIRE_EM_03342,RP_MACHINE_01,EVIDENCES,FIRE_119_RECORD
AE_FIRE_EM_03343,RP_SLIP_TERRAIN,EVIDENCES,FIRE_119_RECORD
AE_FIRE_EM_03344,RP_SLIP_TERRAIN,EVIDENCES,FIRE_119_RECORD
AE_FIRE_EM_03345,RP_TRAFFIC_01,EVIDENCES,FIRE_119_RECORD
AE_FIRE_EM_03346,RP_SLIP_TERRAIN,EVIDENCES,FIRE_119_RECORD
AE_FIRE_EM_03347,RP_FALL_CLIFF,EVIDENCES,FIRE_119_RECORD
AE_FIRE_EM_03348,RP_SLIP_TERRAIN,EVIDENCES,FIRE_119_RECORD
AE_FIRE_EM_03349,RP_FALL_CLIFF,EVIDENCES,FIRE_119_RECORD
AE_FIRE_EM_03350,RP_SLIP_TERRAIN,EVIDENCES,FIRE_119_RECORD
AE_FIRE_EM_03351,RP_SLIP_TERRAIN,EVIDENCES,FIRE_119_RECORD
AE_FIRE_EM_03352,RP_TRAFFIC_01,EVIDENCES,FIRE_119_RECORD
AE_FIRE_EM_03353,RP_ANIMAL_01,EVIDENCES,FIRE_119_RECORD
AE_FIRE_EM_03354,RP_MACHINE_01,EVIDENCES,FIRE_119_RECORD
AE_FIRE_EM_03355,RP_SLIP_TERRAIN,EVIDENCES,FIRE_119_RECORD
AE_FIRE_EM_03356,RP_ANIMAL_01,EVIDENCES,FIRE_119_RECORD
AE_FIRE_EM_03357,RP_MACHINE_01,EVIDENCES,FIRE_119_RECORD
AE_FIRE_EM_03358,RP_SLIP_TERRAIN,EVIDENCES,FIRE_119_RECORD
AE_FIRE_EM_03359,RP_MACHINE_01,EVIDENCES,FIRE_119_RECORD
AE_FIRE_EM_03360,RP_TRAFFIC_01,EVIDENCES,FIRE_119_RECORD
AE_FIRE_EM_03361,RP_SLIP_TERRAIN,EVIDENCES,FIRE_119_RECORD
AE_FIRE_EM_03362,RP_TRAFFIC_01,EVIDENCES,FIRE_119_RECORD
AE_FIRE_EM_03363,RP_TRAFFIC_01,EVIDENCES,FIRE_119_RECORD
AE_FIRE_EM_03364,RP_TRAFFIC_01,EVIDENCES,FIRE_119_RECORD
AE_FIRE_EM_03365,RP_ANIMAL_01,EVIDENCES,FIRE_119_RECORD
AE_FIRE_EM_03366,RP_MACHINE_01,EVIDENCES,FIRE_119_RECORD
AE_FIRE_EM_03367,RP_SLIP_TERRAIN,EVIDENCES,FIRE_119_RECORD
AE_FIRE_EM_03368,RP_TRAFFIC_01,EVIDENCES,FIRE_119_RECORD
AE_FIRE_EM_03369,RP_SLIP_TERRAIN,EVIDENCES,FIRE_119_RECORD
AE_FIRE_EM_03370,RP_SLIP_TERRAIN,EVIDENCES,FIRE_119_RECORD
AE_FIRE_EM_03371,RP_SLIP_TERRAIN,EVIDENCES,FIRE_119_RECORD
AE_FIRE_EM_03372,RP_SLIP_TERRAIN,EVIDENCES,FIRE_119_RECORD
AE_FIRE_EM_03373,RP_TRAFFIC_01,EVIDENCES,FIRE_119_RECORD
AE_FIRE_EM_03374,RP_FALL_CLIFF,EVIDENCES,FIRE_119_RECORD
AE_FIRE_EM_03375,RP_TRAFFIC_01,EVIDENCES,FIRE_119_RECORD
AE_FIRE_EM_03376,RP_TRAFFIC_01,EVIDENCES,FIRE_119_RECORD
AE_FIRE_EM_03377,RP_MACHINE_01,EVIDENCES,FIRE_119_RECORD
AE_FIRE_EM_03378,RP_FALL_CLIFF,EVIDENCES,FIRE_119_RECORD
AE_FIRE_EM_03379,RP_TRAFFIC_01,EVIDENCES,FIRE_119_RECORD
AE_FIRE_EM_03380,RP_TRAFFIC_01,EVIDENCES,FIRE_119_RECORD
AE_FIRE_EM_03381,RP_TRAFFIC_01,EVIDENCES,FIRE_119_RECORD
AE_FIRE_EM_03382,RP_SLIP_TERRAIN,EVIDENCES,FIRE_119_RECORD
AE_FIRE_EM_03383,RP_TRAFFIC_01,EVIDENCES,FIRE_119_RECORD
AE_FIRE_EM_03384,RP_SLIP_TERRAIN,EVIDENCES,FIRE_119_RECORD
AE_FIRE_EM_03385,RP_ANIMAL_01,EVIDENCES,FIRE_119_RECORD
AE_FIRE_EM_03386,RP_TRAFFIC_01,EVIDENCES,FIRE_119_RECORD
AE_FIRE_EM_03387,RP_DROWN_01,EVIDENCES,FIRE_119_RECORD
AE_FIRE_EM_03388,RP_SLIP_TERRAIN,EVIDENCES,FIRE_119_RECORD
AE_FIRE_EM_03389,RP_MACHINE_01,EVIDENCES,FIRE_119_RECORD
AE_FIRE_EM_03390,RP_MACHINE_01,EVIDENCES,FIRE_119_RECORD
AE_FIRE_EM_03391,RP_SLIP_TERRAIN,EVIDENCES,FIRE_119_RECORD
AE_FIRE_EM_03392,RP_TRAFFIC_01,EVIDENCES,FIRE_119_RECORD
AE_FIRE_EM_03393,RP_SLIP_TERRAIN,EVIDENCES,FIRE_119_RECORD
AE_FIRE_EM_03394,RP_TRAFFIC_01,EVIDENCES,FIRE_119_RECORD
AE_FIRE_EM_03395,RP_SLIP_TERRAIN,EVIDENCES,FIRE_119_RECORD
AE_FIRE_EM_03396,RP_TRAFFIC_01,EVIDENCES,FIRE_119_RECORD
AE_FIRE_EM_03397,RP_TRAFFIC_01,EVIDENCES,FIRE_119_RECORD
AE_FIRE_EM_03398,RP_FALL_CLIFF,EVIDENCES,FIRE_119_RECORD
AE_FIRE_EM_03399,RP_FALL_CLIFF,EVIDENCES,FIRE_119_RECORD
AE_FIRE_EM_03400,RP_MACHINE_01,EVIDENCES,FIRE_119_RECORD
AE_FIRE_EM_03401,RP_MACHINE_01,EVIDENCES,FIRE_119_RECORD
AE_FIRE_EM_03402,RP_SLIP_TERRAIN,EVIDENCES,FIRE_119_RECORD
AE_FIRE_EM_03403,RP_SLIP_TERRAIN,EVIDENCES,FIRE_119_RECORD
AE_FIRE_EM_03404,RP_SLIP_TERRAIN,EVIDENCES,FIRE_119_RECORD
AE_FIRE_EM_03405,RP_TRAFFIC_01,EVIDENCES,FIRE_119_RECORD
AE_FIRE_EM_03406,RP_SLIP_TERRAIN,EVIDENCES,FIRE_119_RECORD
AE_FIRE_EM_03407,RP_TRAFFIC_01,EVIDENCES,FIRE_119_RECORD
AE_FIRE_EM_03408,RP_TRAFFIC_01,EVIDENCES,FIRE_119_RECORD
AE_FIRE_EM_03409,RP_MACHINE_01,EVIDENCES,FIRE_119_RECORD
AE_FIRE_EM_03410,RP_TRAFFIC_01,EVIDENCES,FIRE_119_RECORD
AE_FIRE_EM_03411,RP_SLIP_TERRAIN,EVIDENCES,FIRE_119_RECORD
AE_FIRE_EM_03412,RP_SLIP_TERRAIN,EVIDENCES,FIRE_119_RECORD
AE_FIRE_EM_03413,RP_SLIP_TERRAIN,EVIDENCES,FIRE_119_RECORD
AE_FIRE_EM_03414,RP_TRAFFIC_01,EVIDENCES,FIRE_119_RECORD
AE_FIRE_EM_03415,RP_TRAFFIC_01,EVIDENCES,FIRE_119_RECORD
AE_FIRE_EM_03416,RP_SLIP_TERRAIN,EVIDENCES,FIRE_119_RECORD
AE_FIRE_EM_03417,RP_SLIP_TERRAIN,EVIDENCES,FIRE_119_RECORD
AE_FIRE_EM_03418,RP_SLIP_TERRAIN,EVIDENCES,FIRE_119_RECORD
AE_FIRE_EM_03419,RP_SLIP_TERRAIN,EVIDENCES,FIRE_119_RECORD
AE_FIRE_EM_03420,RP_SLIP_TERRAIN,EVIDENCES,FIRE_119_RECORD
AE_FIRE_EM_03421,RP_SLIP_TERRAIN,EVIDENCES,FIRE_119_RECORD
AE_FIRE_EM_03422,RP_SLIP_TERRAIN,EVIDENCES,FIRE_119_RECORD
AE_FIRE_EM_03423,RP_MACHINE_01,EVIDENCES,FIRE_119_RECORD
AE_FIRE_EM_03424,RP_MACHINE_01,EVIDENCES,FIRE_119_RECORD
AE_FIRE_EM_03425,RP_FIRE_01,EVIDENCES,FIRE_119_RECORD
AE_FIRE_EM_03426,RP_FIRE_01,EVIDENCES,FIRE_119_RECORD
AE_FIRE_EM_03427,RP_SLIP_TERRAIN,EVIDENCES,FIRE_119_RECORD
AE_FIRE_EM_03428,RP_MACHINE_01,EVIDENCES,FIRE_119_RECORD
AE_FIRE_EM_03429,RP_FALL_CLIFF,EVIDENCES,FIRE_119_RECORD
AE_FIRE_EM_03430,RP_MACHINE_01,EVIDENCES,FIRE_119_RECORD
AE_FIRE_EM_03431,RP_TRAFFIC_01,EVIDENCES,FIRE_119_RECORD
AE_FIRE_EM_03432,RP_TRAFFIC_01,EVIDENCES,FIRE_119_RECORD
AE_FIRE_EM_03433,RP_TRAFFIC_01,EVIDENCES,FIRE_119_RECORD
AE_FIRE_EM_03434,RP_SLIP_TERRAIN,EVIDENCES,FIRE_119_RECORD
AE_FIRE_EM_03435,RP_TRAFFIC_01,EVIDENCES,FIRE_119_RECORD
AE_FIRE_EM_03436,RP_SLIP_TERRAIN,EVIDENCES,FIRE_119_RECORD
AE_FIRE_EM_03437,RP_SLIP_TERRAIN,EVIDENCES,FIRE_119_RECORD
AE_FIRE_EM_03438,RP_SLIP_TERRAIN,EVIDENCES,FIRE_119_RECORD
AE_FIRE_EM_03439,RP_SLIP_TERRAIN,EVIDENCES,FIRE_119_RECORD
AE_FIRE_EM_03440,RP_SLIP_TERRAIN,EVIDENCES,FIRE_119_RECORD
AE_FIRE_EM_03441,RP_SLIP_TERRAIN,EVIDENCES,FIRE_119_RECORD
AE_FIRE_EM_03442,RP_FALL_CLIFF,EVIDENCES,FIRE_119_RECORD
AE_FIRE_EM_03443,RP_MACHINE_01,EVIDENCES,FIRE_119_RECORD
AE_FIRE_EM_03444,RP_SLIP_TERRAIN,EVIDENCES,FIRE_119_RECORD
AE_FIRE_EM_03445,RP_SLIP_TERRAIN,EVIDENCES,FIRE_119_RECORD
AE_FIRE_EM_03446,RP_CO_01,EVIDENCES,FIRE_119_RECORD
AE_FIRE_EM_03447,RP_SLIP_TERRAIN,EVIDENCES,FIRE_119_RECORD
AE_FIRE_EM_03448,RP_TRAFFIC_01,EVIDENCES,FIRE_119_RECORD
AE_FIRE_EM_03449,RP_TRAFFIC_01,EVIDENCES,FIRE_119_RECORD
AE_FIRE_EM_03450,RP_TRAFFIC_01,EVIDENCES,FIRE_119_RECORD
AE_FIRE_EM_03451,RP_TRAFFIC_01,EVIDENCES,FIRE_119_RECORD
AE_FIRE_EM_03452,RP_SLIP_TERRAIN,EVIDENCES,FIRE_119_RECORD
AE_FIRE_EM_03453,RP_SLIP_TERRAIN,EVIDENCES,FIRE_119_RECORD
AE_FIRE_EM_03454,RP_SLIP_TERRAIN,EVIDENCES,FIRE_119_RECORD
AE_FIRE_EM_03455,RP_FALL_CLIFF,EVIDENCES,FIRE_119_RECORD
AE_FIRE_EM_03456,RP_SLIP_TERRAIN,EVIDENCES,FIRE_119_RECORD
AE_FIRE_EM_03457,RP_TRAFFIC_01,EVIDENCES,FIRE_119_RECORD
AE_FIRE_EM_03458,RP_SLIP_TERRAIN,EVIDENCES,FIRE_119_RECORD
AE_FIRE_EM_03459,RP_SLIP_TERRAIN,EVIDENCES,FIRE_119_RECORD
AE_FIRE_EM_03460,RP_TRAFFIC_01,EVIDENCES,FIRE_119_RECORD
AE_FIRE_EM_03461,RP_TRAFFIC_01,EVIDENCES,FIRE_119_RECORD
AE_FIRE_EM_03462,RP_MACHINE_01,EVIDENCES,FIRE_119_RECORD
AE_FIRE_EM_03463,RP_SLIP_TERRAIN,EVIDENCES,FIRE_119_RECORD
AE_FIRE_EM_03464,RP_ANIMAL_01,EVIDENCES,FIRE_119_RECORD
AE_FIRE_EM_03465,RP_SLIP_TERRAIN,EVIDENCES,FIRE_119_RECORD
AE_FIRE_EM_03466,RP_SLIP_TERRAIN,EVIDENCES,FIRE_119_RECORD
AE_FIRE_EM_03467,RP_SLIP_TERRAIN,EVIDENCES,FIRE_119_RECORD
AE_FIRE_EM_03468,RP_TRAFFIC_01,EVIDENCES,FIRE_119_RECORD
AE_FIRE_EM_03469,RP_TRAFFIC_01,EVIDENCES,FIRE_119_RECORD
AE_FIRE_EM_03470,RP_MACHINE_01,EVIDENCES,FIRE_119_RECORD
AE_FIRE_EM_03471,RP_MACHINE_01,EVIDENCES,FIRE_119_RECORD
AE_FIRE_EM_03472,RP_SLIP_TERRAIN,EVIDENCES,FIRE_119_RECORD
AE_FIRE_EM_03473,RP_SLIP_TERRAIN,EVIDENCES,FIRE_119_RECORD
AE_FIRE_EM_03474,RP_SLIP_TERRAIN,EVIDENCES,FIRE_119_RECORD
AE_FIRE_EM_03475,RP_MACHINE_01,EVIDENCES,FIRE_119_RECORD
AE_FIRE_EM_03476,RP_SLIP_TERRAIN,EVIDENCES,FIRE_119_RECORD
AE_FIRE_EM_03477,RP_SLIP_TERRAIN,EVIDENCES,FIRE_119_RECORD
AE_FIRE_EM_03478,RP_TRAFFIC_01,EVIDENCES,FIRE_119_RECORD
AE_FIRE_EM_03479,RP_TRAFFIC_01,EVIDENCES,FIRE_119_RECORD
AE_FIRE_EM_03480,RP_MACHINE_01,EVIDENCES,FIRE_119_RECORD
AE_FIRE_EM_03481,RP_TRAFFIC_01,EVIDENCES,FIRE_119_RECORD
AE_FIRE_EM_03482,RP_TRAFFIC_01,EVIDENCES,FIRE_119_RECORD
AE_FIRE_EM_03483,RP_TRAFFIC_01,EVIDENCES,FIRE_119_RECORD
AE_FIRE_EM_03484,RP_TRAFFIC_01,EVIDENCES,FIRE_119_RECORD
AE_FIRE_EM_03485,RP_SLIP_TERRAIN,EVIDENCES,FIRE_119_RECORD
AE_FIRE_EM_03486,RP_TRAFFIC_01,EVIDENCES,FIRE_119_RECORD
AE_FIRE_EM_03487,RP_TRAFFIC_01,EVIDENCES,FIRE_119_RECORD
AE_FIRE_EM_03488,RP_TRAFFIC_01,EVIDENCES,FIRE_119_RECORD
AE_FIRE_EM_03489,RP_TRAFFIC_01,EVIDENCES,FIRE_119_RECORD
AE_FIRE_EM_03490,RP_TRAFFIC_01,EVIDENCES,FIRE_119_RECORD
AE_FIRE_EM_03491,RP_SLIP_TERRAIN,EVIDENCES,FIRE_119_RECORD
AE_FIRE_EM_03492,RP_CO_01,EVIDENCES,FIRE_119_RECORD
AE_FIRE_EM_03493,RP_SLIP_TERRAIN,EVIDENCES,FIRE_119_RECORD
AE_FIRE_EM_03494,RP_MACHINE_01,EVIDENCES,FIRE_119_RECORD
AE_FIRE_EM_03495,RP_MACHINE_01,EVIDENCES,FIRE_119_RECORD
AE_FIRE_EM_03496,RP_SLIP_TERRAIN,EVIDENCES,FIRE_119_RECORD
AE_FIRE_EM_03497,RP_SLIP_TERRAIN,EVIDENCES,FIRE_119_RECORD
AE_FIRE_EM_03498,RP_SLIP_TERRAIN,EVIDENCES,FIRE_119_RECORD
AE_FIRE_EM_03499,RP_SLIP_TERRAIN,EVIDENCES,FIRE_119_RECORD
AE_FIRE_EM_03500,RP_TRAFFIC_01,EVIDENCES,FIRE_119_RECORD
AE_FIRE_EM_03501,RP_MACHINE_01,EVIDENCES,FIRE_119_RECORD
AE_FIRE_EM_03502,RP_TRAFFIC_01,EVIDENCES,FIRE_119_RECORD
AE_FIRE_EM_03503,RP_TRAFFIC_01,EVIDENCES,FIRE_119_RECORD
AE_FIRE_EM_03504,RP_SLIP_TERRAIN,EVIDENCES,FIRE_119_RECORD
AE_FIRE_EM_03505,RP_TRAFFIC_01,EVIDENCES,FIRE_119_RECORD
AE_FIRE_EM_03506,RP_TRAFFIC_01,EVIDENCES,FIRE_119_RECORD
AE_FIRE_EM_03507,RP_MACHINE_01,EVIDENCES,FIRE_119_RECORD
AE_FIRE_EM_03508,RP_SLIP_TERRAIN,EVIDENCES,FIRE_119_RECORD
AE_FIRE_EM_03509,RP_SLIP_TERRAIN,EVIDENCES,FIRE_119_RECORD
AE_FIRE_EM_03510,RP_SLIP_TERRAIN,EVIDENCES,FIRE_119_RECORD
AE_FIRE_EM_03511,RP_TRAFFIC_01,EVIDENCES,FIRE_119_RECORD
AE_FIRE_EM_03512,RP_MACHINE_01,EVIDENCES,FIRE_119_RECORD
AE_FIRE_EM_03513,RP_DROWN_01,EVIDENCES,FIRE_119_RECORD
AE_FIRE_EM_03514,RP_TRAFFIC_01,EVIDENCES,FIRE_119_RECORD
AE_FIRE_EM_03515,RP_TRAFFIC_01,EVIDENCES,FIRE_119_RECORD
AE_FIRE_EM_03516,RP_SLIP_TERRAIN,EVIDENCES,FIRE_119_RECORD
AE_FIRE_EM_03517,RP_SLIP_TERRAIN,EVIDENCES,FIRE_119_RECORD
AE_FIRE_EM_03518,RP_TRAFFIC_01,EVIDENCES,FIRE_119_RECORD
AE_FIRE_EM_03519,RP_TRAFFIC_01,EVIDENCES,FIRE_119_RECORD
AE_FIRE_EM_03520,RP_MACHINE_01,EVIDENCES,FIRE_119_RECORD
AE_FIRE_EM_03521,RP_MACHINE_01,EVIDENCES,FIRE_119_RECORD
AE_FIRE_EM_03522,RP_TRAFFIC_01,EVIDENCES,FIRE_119_RECORD
AE_FIRE_EM_03523,RP_SLIP_TERRAIN,EVIDENCES,FIRE_119_RECORD
AE_FIRE_EM_03524,RP_SLIP_TERRAIN,EVIDENCES,FIRE_119_RECORD
AE_FIRE_EM_03525,RP_FALL_CLIFF,EVIDENCES,FIRE_119_RECORD
AE_FIRE_EM_03526,RP_SLIP_TERRAIN,EVIDENCES,FIRE_119_RECORD
AE_FIRE_EM_03527,RP_SLIP_TERRAIN,EVIDENCES,FIRE_119_RECORD
AE_FIRE_EM_03528,RP_ANIMAL_01,EVIDENCES,FIRE_119_RECORD
AE_FIRE_EM_03529,RP_SLIP_TERRAIN,EVIDENCES,FIRE_119_RECORD
AE_FIRE_EM_03530,RP_DROWN_01,EVIDENCES,FIRE_119_RECORD
AE_FIRE_EM_03531,RP_MACHINE_01,EVIDENCES,FIRE_119_RECORD
AE_FIRE_EM_03532,RP_FALL_CLIFF,EVIDENCES,FIRE_119_RECORD
AE_FIRE_EM_03533,RP_SLIP_TERRAIN,EVIDENCES,FIRE_119_RECORD
AE_FIRE_EM_03534,RP_SLIP_TERRAIN,EVIDENCES,FIRE_119_RECORD
AE_FIRE_EM_03535,RP_SLIP_TERRAIN,EVIDENCES,FIRE_119_RECORD
AE_FIRE_EM_03536,RP_SLIP_TERRAIN,EVIDENCES,FIRE_119_RECORD
AE_FIRE_EM_03537,RP_SLIP_TERRAIN,EVIDENCES,FIRE_119_RECORD
AE_FIRE_EM_03538,RP_TRAFFIC_01,EVIDENCES,FIRE_119_RECORD
AE_FIRE_EM_03539,RP_TRAFFIC_01,EVIDENCES,FIRE_119_RECORD
AE_FIRE_EM_03540,RP_SLIP_TERRAIN,EVIDENCES,FIRE_119_RECORD
AE_FIRE_EM_03541,RP_SLIP_TERRAIN,EVIDENCES,FIRE_119_RECORD
AE_FIRE_EM_03542,RP_SLIP_TERRAIN,EVIDENCES,FIRE_119_RECORD
AE_FIRE_EM_03543,RP_SLIP_TERRAIN,EVIDENCES,FIRE_119_RECORD
AE_FIRE_EM_03544,RP_TRAFFIC_01,EVIDENCES,FIRE_119_RECORD
AE_FIRE_EM_03545,RP_SLIP_TERRAIN,EVIDENCES,FIRE_119_RECORD
AE_FIRE_EM_03546,RP_ANIMAL_01,EVIDENCES,FIRE_119_RECORD
AE_FIRE_EM_03547,RP_SLIP_TERRAIN,EVIDENCES,FIRE_119_RECORD
AE_FIRE_EM_03548,RP_MACHINE_01,EVIDENCES,FIRE_119_RECORD
AE_FIRE_EM_03549,RP_TRAFFIC_01,EVIDENCES,FIRE_119_RECORD
AE_FIRE_EM_03550,RP_TRAFFIC_01,EVIDENCES,FIRE_119_RECORD
AE_FIRE_EM_03551,RP_CO_01,EVIDENCES,FIRE_119_RECORD
AE_FIRE_EM_03552,RP_MACHINE_01,EVIDENCES,FIRE_119_RECORD
AE_FIRE_EM_03553,RP_SLIP_TERRAIN,EVIDENCES,FIRE_119_RECORD
AE_FIRE_EM_03554,RP_MACHINE_01,EVIDENCES,FIRE_119_RECORD
AE_FIRE_EM_03555,RP_FALL_CLIFF,EVIDENCES,FIRE_119_RECORD
AE_FIRE_EM_03556,RP_TRAFFIC_01,EVIDENCES,FIRE_119_RECORD
AE_FIRE_EM_03557,RP_TRAFFIC_01,EVIDENCES,FIRE_119_RECORD
AE_FIRE_EM_03558,RP_TRAFFIC_01,EVIDENCES,FIRE_119_RECORD
AE_FIRE_EM_03559,RP_MACHINE_01,EVIDENCES,FIRE_119_RECORD
AE_FIRE_EM_03560,RP_MACHINE_01,EVIDENCES,FIRE_119_RECORD
AE_FIRE_EM_03561,RP_SLIP_TERRAIN,EVIDENCES,FIRE_119_RECORD
AE_FIRE_EM_03562,RP_TRAFFIC_01,EVIDENCES,FIRE_119_RECORD
AE_FIRE_EM_03563,RP_SLIP_TERRAIN,EVIDENCES,FIRE_119_RECORD
AE_FIRE_EM_03564,RP_SLIP_TERRAIN,EVIDENCES,FIRE_119_RECORD
AE_FIRE_EM_03565,RP_ANIMAL_01,EVIDENCES,FIRE_119_RECORD
AE_FIRE_EM_03566,RP_ANIMAL_01,EVIDENCES,FIRE_119_RECORD
AE_FIRE_EM_03567,RP_SLIP_TERRAIN,EVIDENCES,FIRE_119_RECORD
AE_FIRE_EM_03568,RP_TRAFFIC_01,EVIDENCES,FIRE_119_RECORD
AE_FIRE_EM_03569,RP_CO_01,EVIDENCES,FIRE_119_RECORD
AE_FIRE_EM_03570,RP_SLIP_TERRAIN,EVIDENCES,FIRE_119_RECORD
AE_FIRE_EM_03571,RP_MACHINE_01,EVIDENCES,FIRE_119_RECORD
AE_FIRE_EM_03572,RP_SLIP_TERRAIN,EVIDENCES,FIRE_119_RECORD
AE_FIRE_EM_03573,RP_MACHINE_01,EVIDENCES,FIRE_119_RECORD
AE_FIRE_EM_03574,RP_TRAFFIC_01,EVIDENCES,FIRE_119_RECORD
AE_FIRE_EM_03575,RP_TRAFFIC_01,EVIDENCES,FIRE_119_RECORD
AE_FIRE_EM_03576,RP_TRAFFIC_01,EVIDENCES,FIRE_119_RECORD
AE_FIRE_EM_03577,RP_TRAFFIC_01,EVIDENCES,FIRE_119_RECORD
AE_FIRE_EM_03578,RP_TRAFFIC_01,EVIDENCES,FIRE_119_RECORD
AE_FIRE_EM_03579,RP_TRAFFIC_01,EVIDENCES,FIRE_119_RECORD
AE_FIRE_EM_03580,RP_TRAFFIC_01,EVIDENCES,FIRE_119_RECORD
AE_FIRE_EM_03581,RP_TRAFFIC_01,EVIDENCES,FIRE_119_RECORD
AE_FIRE_EM_03582,RP_TRAFFIC_01,EVIDENCES,FIRE_119_RECORD
AE_FIRE_EM_03583,RP_MACHINE_01,EVIDENCES,FIRE_119_RECORD
AE_FIRE_EM_03584,RP_SLIP_TERRAIN,EVIDENCES,FIRE_119_RECORD
AE_FIRE_EM_03585,RP_TRAFFIC_01,EVIDENCES,FIRE_119_RECORD
AE_FIRE_EM_03586,RP_SLIP_TERRAIN,EVIDENCES,FIRE_119_RECORD
AE_FIRE_EM_03587,RP_SLIP_TERRAIN,EVIDENCES,FIRE_119_RECORD
AE_FIRE_EM_03588,RP_TRAFFIC_01,EVIDENCES,FIRE_119_RECORD
AE_FIRE_EM_03589,RP_TRAFFIC_01,EVIDENCES,FIRE_119_RECORD
AE_FIRE_EM_03590,RP_SLIP_TERRAIN,EVIDENCES,FIRE_119_RECORD
AE_FIRE_EM_03591,RP_SLIP_TERRAIN,EVIDENCES,FIRE_119_RECORD
AE_FIRE_EM_03592,RP_SLIP_TERRAIN,EVIDENCES,FIRE_119_RECORD
AE_FIRE_EM_03593,RP_MACHINE_01,EVIDENCES,FIRE_119_RECORD
AE_FIRE_EM_03594,RP_SLIP_TERRAIN,EVIDENCES,FIRE_119_RECORD
AE_FIRE_EM_03595,RP_TRAFFIC_01,EVIDENCES,FIRE_119_RECORD
AE_FIRE_EM_03596,RP_MACHINE_01,EVIDENCES,FIRE_119_RECORD
AE_FIRE_EM_03597,RP_TRAFFIC_01,EVIDENCES,FIRE_119_RECORD
AE_FIRE_EM_03598,RP_TRAFFIC_01,EVIDENCES,FIRE_119_RECORD
AE_FIRE_EM_03599,RP_TRAFFIC_01,EVIDENCES,FIRE_119_RECORD
AE_FIRE_EM_03600,RP_TRAFFIC_01,EVIDENCES,FIRE_119_RECORD
AE_FIRE_EM_03601,RP_SLIP_TERRAIN,EVIDENCES,FIRE_119_RECORD
AE_FIRE_EM_03602,RP_TRAFFIC_01,EVIDENCES,FIRE_119_RECORD
AE_FIRE_EM_03603,RP_SLIP_TERRAIN,EVIDENCES,FIRE_119_RECORD
AE_FIRE_EM_03604,RP_SLIP_TERRAIN,EVIDENCES,FIRE_119_RECORD
AE_FIRE_EM_03605,RP_TRAFFIC_01,EVIDENCES,FIRE_119_RECORD
AE_FIRE_EM_03606,RP_TRAFFIC_01,EVIDENCES,FIRE_119_RECORD
AE_FIRE_EM_03607,RP_TRAFFIC_01,EVIDENCES,FIRE_119_RECORD
AE_FIRE_EM_03608,RP_SLIP_TERRAIN,EVIDENCES,FIRE_119_RECORD
AE_FIRE_EM_03609,RP_MACHINE_01,EVIDENCES,FIRE_119_RECORD
AE_FIRE_EM_03610,RP_SLIP_TERRAIN,EVIDENCES,FIRE_119_RECORD
AE_FIRE_EM_03611,RP_TRAFFIC_01,EVIDENCES,FIRE_119_RECORD
AE_FIRE_EM_03612,RP_TRAFFIC_01,EVIDENCES,FIRE_119_RECORD
AE_FIRE_EM_03613,RP_SLIP_TERRAIN,EVIDENCES,FIRE_119_RECORD
AE_FIRE_EM_03614,RP_SLIP_TERRAIN,EVIDENCES,FIRE_119_RECORD
AE_FIRE_EM_03615,RP_SLIP_TERRAIN,EVIDENCES,FIRE_119_RECORD
AE_FIRE_EM_03616,RP_TRAFFIC_01,EVIDENCES,FIRE_119_RECORD
AE_FIRE_EM_03617,RP_SLIP_TERRAIN,EVIDENCES,FIRE_119_RECORD
AE_FIRE_EM_03618,RP_SLIP_TERRAIN,EVIDENCES,FIRE_119_RECORD
AE_FIRE_EM_03619,RP_TRAFFIC_01,EVIDENCES,FIRE_119_RECORD
AE_FIRE_EM_03620,RP_SLIP_TERRAIN,EVIDENCES,FIRE_119_RECORD
AE_FIRE_EM_03621,RP_SLIP_TERRAIN,EVIDENCES,FIRE_119_RECORD
AE_FIRE_EM_03622,RP_SLIP_TERRAIN,EVIDENCES,FIRE_119_RECORD
AE_FIRE_EM_03623,RP_SLIP_TERRAIN,EVIDENCES,FIRE_119_RECORD
AE_FIRE_EM_03624,RP_TRAFFIC_01,EVIDENCES,FIRE_119_RECORD
AE_FIRE_EM_03625,RP_TRAFFIC_01,EVIDENCES,FIRE_119_RECORD
AE_FIRE_EM_03626,RP_TRAFFIC_01,EVIDENCES,FIRE_119_RECORD
AE_FIRE_EM_03627,RP_TRAFFIC_01,EVIDENCES,FIRE_119_RECORD
AE_FIRE_EM_03628,RP_TRAFFIC_01,EVIDENCES,FIRE_119_RECORD
AE_FIRE_EM_03629,RP_SLIP_TERRAIN,EVIDENCES,FIRE_119_RECORD
AE_FIRE_EM_03630,RP_FALL_CLIFF,EVIDENCES,FIRE_119_RECORD
AE_FIRE_EM_03631,RP_TRAFFIC_01,EVIDENCES,FIRE_119_RECORD
AE_FIRE_EM_03632,RP_TRAFFIC_01,EVIDENCES,FIRE_119_RECORD
AE_FIRE_EM_03633,RP_TRAFFIC_01,EVIDENCES,FIRE_119_RECORD
AE_FIRE_EM_03634,RP_SLIP_TERRAIN,EVIDENCES,FIRE_119_RECORD
AE_FIRE_EM_03635,RP_TRAFFIC_01,EVIDENCES,FIRE_119_RECORD
AE_FIRE_EM_03636,RP_SLIP_TERRAIN,EVIDENCES,FIRE_119_RECORD
AE_FIRE_EM_03637,RP_SLIP_TERRAIN,EVIDENCES,FIRE_119_RECORD
AE_FIRE_EM_03638,RP_MACHINE_01,EVIDENCES,FIRE_119_RECORD
AE_FIRE_EM_03639,RP_FALL_CLIFF,EVIDENCES,FIRE_119_RECORD
AE_FIRE_EM_03640,RP_SLIP_TERRAIN,EVIDENCES,FIRE_119_RECORD
AE_FIRE_EM_03641,RP_TRAFFIC_01,EVIDENCES,FIRE_119_RECORD
AE_FIRE_EM_03642,RP_SLIP_TERRAIN,EVIDENCES,FIRE_119_RECORD
AE_FIRE_EM_03643,RP_TRAFFIC_01,EVIDENCES,FIRE_119_RECORD
AE_FIRE_EM_03644,RP_FALL_CLIFF,EVIDENCES,FIRE_119_RECORD
AE_FIRE_EM_03645,RP_TRAFFIC_01,EVIDENCES,FIRE_119_RECORD
AE_FIRE_EM_03646,RP_SLIP_TERRAIN,EVIDENCES,FIRE_119_RECORD
AE_FIRE_EM_03647,RP_TRAFFIC_01,EVIDENCES,FIRE_119_RECORD
AE_FIRE_EM_03648,RP_SLIP_TERRAIN,EVIDENCES,FIRE_119_RECORD
AE_FIRE_EM_03649,RP_MACHINE_01,EVIDENCES,FIRE_119_RECORD
AE_FIRE_EM_03650,RP_MACHINE_01,EVIDENCES,FIRE_119_RECORD
AE_FIRE_EM_03651,RP_FALL_CLIFF,EVIDENCES,FIRE_119_RECORD
AE_FIRE_EM_03652,RP_ANIMAL_01,EVIDENCES,FIRE_119_RECORD
AE_FIRE_EM_03653,RP_SLIP_TERRAIN,EVIDENCES,FIRE_119_RECORD
AE_FIRE_EM_03654,RP_SLIP_TERRAIN,EVIDENCES,FIRE_119_RECORD
AE_FIRE_EM_03655,RP_MACHINE_01,EVIDENCES,FIRE_119_RECORD
AE_FIRE_EM_03656,RP_SLIP_TERRAIN,EVIDENCES,FIRE_119_RECORD
AE_FIRE_EM_03657,RP_SLIP_TERRAIN,EVIDENCES,FIRE_119_RECORD
AE_FIRE_EM_03658,RP_TRAFFIC_01,EVIDENCES,FIRE_119_RECORD
AE_FIRE_EM_03659,RP_TRAFFIC_01,EVIDENCES,FIRE_119_RECORD
AE_FIRE_EM_03660,RP_SLIP_TERRAIN,EVIDENCES,FIRE_119_RECORD
AE_FIRE_EM_03661,RP_SLIP_TERRAIN,EVIDENCES,FIRE_119_RECORD
AE_FIRE_EM_03662,RP_TRAFFIC_01,EVIDENCES,FIRE_119_RECORD
AE_FIRE_EM_03663,RP_TRAFFIC_01,EVIDENCES,FIRE_119_RECORD
AE_FIRE_EM_03664,RP_TRAFFIC_01,EVIDENCES,FIRE_119_RECORD
AE_FIRE_EM_03665,RP_TRAFFIC_01,EVIDENCES,FIRE_119_RECORD
AE_FIRE_EM_03666,RP_TRAFFIC_01,EVIDENCES,FIRE_119_RECORD
AE_FIRE_EM_03667,RP_SLIP_TERRAIN,EVIDENCES,FIRE_119_RECORD
AE_FIRE_EM_03668,RP_TRAFFIC_01,EVIDENCES,FIRE_119_RECORD
AE_FIRE_EM_03669,RP_TRAFFIC_01,EVIDENCES,FIRE_119_RECORD
AE_FIRE_EM_03670,RP_SLIP_TERRAIN,EVIDENCES,FIRE_119_RECORD
AE_FIRE_EM_03671,RP_DROWN_01,EVIDENCES,FIRE_119_RECORD
AE_FIRE_EM_03672,RP_HEAT_02,EVIDENCES,FIRE_119_RECORD
AE_FIRE_EM_03673,RP_MACHINE_01,EVIDENCES,FIRE_119_RECORD
AE_FIRE_EM_03674,RP_SLIP_TERRAIN,EVIDENCES,FIRE_119_RECORD
AE_FIRE_EM_03675,RP_MACHINE_01,EVIDENCES,FIRE_119_RECORD
AE_FIRE_EM_03676,RP_MACHINE_01,EVIDENCES,FIRE_119_RECORD
AE_FIRE_EM_03677,RP_TRAFFIC_01,EVIDENCES,FIRE_119_RECORD
AE_FIRE_EM_03678,RP_SLIP_TERRAIN,EVIDENCES,FIRE_119_RECORD
AE_FIRE_EM_03679,RP_TRAFFIC_01,EVIDENCES,FIRE_119_RECORD
AE_FIRE_EM_03680,RP_TRAFFIC_01,EVIDENCES,FIRE_119_RECORD
AE_FIRE_EM_03681,RP_TRAFFIC_01,EVIDENCES,FIRE_119_RECORD
AE_FIRE_EM_03682,RP_SLIP_TERRAIN,EVIDENCES,FIRE_119_RECORD
AE_FIRE_EM_03683,RP_TRAFFIC_01,EVIDENCES,FIRE_119_RECORD
AE_FIRE_EM_03684,RP_TRAFFIC_01,EVIDENCES,FIRE_119_RECORD
AE_FIRE_EM_03685,RP_TRAFFIC_01,EVIDENCES,FIRE_119_RECORD
AE_FIRE_EM_03686,RP_SLIP_TERRAIN,EVIDENCES,FIRE_119_RECORD
AE_FIRE_EM_03687,RP_MACHINE_01,EVIDENCES,FIRE_119_RECORD
AE_FIRE_EM_03688,RP_SLIP_TERRAIN,EVIDENCES,FIRE_119_RECORD
AE_FIRE_EM_03689,RP_SLIP_TERRAIN,EVIDENCES,FIRE_119_RECORD
AE_FIRE_EM_03690,RP_TRAFFIC_01,EVIDENCES,FIRE_119_RECORD
AE_FIRE_EM_03691,RP_MACHINE_01,EVIDENCES,FIRE_119_RECORD
AE_FIRE_EM_03692,RP_SLIP_TERRAIN,EVIDENCES,FIRE_119_RECORD
AE_FIRE_EM_03693,RP_TRAFFIC_01,EVIDENCES,FIRE_119_RECORD
AE_FIRE_EM_03694,RP_SLIP_TERRAIN,EVIDENCES,FIRE_119_RECORD
AE_FIRE_EM_03695,RP_MACHINE_01,EVIDENCES,FIRE_119_RECORD
AE_FIRE_EM_03696,RP_SLIP_TERRAIN,EVIDENCES,FIRE_119_RECORD
AE_FIRE_EM_03697,RP_TRAFFIC_01,EVIDENCES,FIRE_119_RECORD
AE_FIRE_EM_03698,RP_MACHINE_01,EVIDENCES,FIRE_119_RECORD
AE_FIRE_EM_03699,RP_SLIP_TERRAIN,EVIDENCES,FIRE_119_RECORD
AE_FIRE_EM_03700,RP_SLIP_TERRAIN,EVIDENCES,FIRE_119_RECORD
AE_FIRE_EM_03701,RP_SLIP_TERRAIN,EVIDENCES,FIRE_119_RECORD
AE_FIRE_EM_03702,RP_SLIP_TERRAIN,EVIDENCES,FIRE_119_RECORD
AE_FIRE_EM_03703,RP_TRAFFIC_01,EVIDENCES,FIRE_119_RECORD
AE_FIRE_EM_03704,RP_TRAFFIC_01,EVIDENCES,FIRE_119_RECORD
AE_FIRE_EM_03705,RP_SLIP_TERRAIN,EVIDENCES,FIRE_119_RECORD
AE_FIRE_EM_03706,RP_TRAFFIC_01,EVIDENCES,FIRE_119_RECORD
AE_FIRE_EM_03707,RP_FALL_CLIFF,EVIDENCES,FIRE_119_RECORD
AE_FIRE_EM_03708,RP_MACHINE_01,EVIDENCES,FIRE_119_RECORD
AE_FIRE_EM_03709,RP_TRAFFIC_01,EVIDENCES,FIRE_119_RECORD
AE_FIRE_EM_03710,RP_MACHINE_01,EVIDENCES,FIRE_119_RECORD
AE_FIRE_EM_03711,RP_TRAFFIC_01,EVIDENCES,FIRE_119_RECORD
AE_FIRE_EM_03712,RP_FALL_CLIFF,EVIDENCES,FIRE_119_RECORD
AE_FIRE_EM_03713,RP_TRAFFIC_01,EVIDENCES,FIRE_119_RECORD
AE_FIRE_EM_03714,RP_ANIMAL_01,EVIDENCES,FIRE_119_RECORD
AE_FIRE_EM_03715,RP_TRAFFIC_01,EVIDENCES,FIRE_119_RECORD
AE_FIRE_EM_03716,RP_TRAFFIC_01,EVIDENCES,FIRE_119_RECORD
AE_FIRE_EM_03717,RP_TRAFFIC_01,EVIDENCES,FIRE_119_RECORD
AE_FIRE_EM_03718,RP_SLIP_TERRAIN,EVIDENCES,FIRE_119_RECORD
AE_FIRE_EM_03719,RP_SLIP_TERRAIN,EVIDENCES,FIRE_119_RECORD
AE_FIRE_EM_03720,RP_FALL_CLIFF,EVIDENCES,FIRE_119_RECORD
AE_FIRE_EM_03721,RP_FALL_CLIFF,EVIDENCES,FIRE_119_RECORD
AE_FIRE_EM_03722,RP_TRAFFIC_01,EVIDENCES,FIRE_119_RECORD
AE_FIRE_EM_03723,RP_SLIP_TERRAIN,EVIDENCES,FIRE_119_RECORD
AE_FIRE_EM_03724,RP_ANIMAL_01,EVIDENCES,FIRE_119_RECORD
AE_FIRE_EM_03725,RP_DROWN_01,EVIDENCES,FIRE_119_RECORD
AE_FIRE_EM_03726,RP_SLIP_TERRAIN,EVIDENCES,FIRE_119_RECORD
AE_FIRE_EM_03727,RP_TRAFFIC_01,EVIDENCES,FIRE_119_RECORD
AE_FIRE_EM_03728,RP_SLIP_TERRAIN,EVIDENCES,FIRE_119_RECORD
AE_FIRE_EM_03729,RP_FALL_CLIFF,EVIDENCES,FIRE_119_RECORD
AE_FIRE_EM_03730,RP_SLIP_TERRAIN,EVIDENCES,FIRE_119_RECORD
AE_FIRE_EM_03731,RP_MACHINE_01,EVIDENCES,FIRE_119_RECORD
AE_FIRE_EM_03732,RP_ANIMAL_01,EVIDENCES,FIRE_119_RECORD
AE_FIRE_EM_03733,RP_SLIP_TERRAIN,EVIDENCES,FIRE_119_RECORD
AE_FIRE_EM_03734,RP_SLIP_TERRAIN,EVIDENCES,FIRE_119_RECORD
AE_FIRE_EM_03735,RP_ANIMAL_01,EVIDENCES,FIRE_119_RECORD
AE_FIRE_EM_03736,RP_FALL_CLIFF,EVIDENCES,FIRE_119_RECORD
AE_FIRE_EM_03737,RP_ANIMAL_01,EVIDENCES,FIRE_119_RECORD
AE_FIRE_EM_03738,RP_SLIP_TERRAIN,EVIDENCES,FIRE_119_RECORD
AE_FIRE_EM_03739,RP_MACHINE_01,EVIDENCES,FIRE_119_RECORD
AE_FIRE_EM_03740,RP_MACHINE_01,EVIDENCES,FIRE_119_RECORD
AE_FIRE_EM_03741,RP_SLIP_TERRAIN,EVIDENCES,FIRE_119_RECORD
AE_FIRE_EM_03742,RP_SLIP_TERRAIN,EVIDENCES,FIRE_119_RECORD
AE_FIRE_EM_03743,RP_TRAFFIC_01,EVIDENCES,FIRE_119_RECORD
AE_FIRE_EM_03744,RP_TRAFFIC_01,EVIDENCES,FIRE_119_RECORD
AE_FIRE_EM_03745,RP_MACHINE_01,EVIDENCES,FIRE_119_RECORD
AE_FIRE_EM_03746,RP_SLIP_TERRAIN,EVIDENCES,FIRE_119_RECORD
AE_FIRE_EM_03747,RP_SLIP_TERRAIN,EVIDENCES,FIRE_119_RECORD
AE_FIRE_EM_03748,RP_SLIP_TERRAIN,EVIDENCES,FIRE_119_RECORD
AE_FIRE_EM_03749,RP_SLIP_TERRAIN,EVIDENCES,FIRE_119_RECORD
AE_FIRE_EM_03750,RP_MACHINE_01,EVIDENCES,FIRE_119_RECORD
AE_FIRE_EM_03751,RP_TRAFFIC_01,EVIDENCES,FIRE_119_RECORD
AE_FIRE_EM_03752,RP_TRAFFIC_01,EVIDENCES,FIRE_119_RECORD
AE_FIRE_EM_03753,RP_TRAFFIC_01,EVIDENCES,FIRE_119_RECORD
AE_FIRE_EM_03754,RP_SLIP_TERRAIN,EVIDENCES,FIRE_119_RECORD
AE_FIRE_EM_03755,RP_TRAFFIC_01,EVIDENCES,FIRE_119_RECORD
AE_FIRE_EM_03756,RP_TRAFFIC_01,EVIDENCES,FIRE_119_RECORD
AE_FIRE_EM_03757,RP_TRAFFIC_01,EVIDENCES,FIRE_119_RECORD
AE_FIRE_EM_03758,RP_TRAFFIC_01,EVIDENCES,FIRE_119_RECORD
AE_FIRE_EM_03759,RP_TRAFFIC_01,EVIDENCES,FIRE_119_RECORD
AE_FIRE_EM_03760,RP_TRAFFIC_01,EVIDENCES,FIRE_119_RECORD
AE_FIRE_EM_03761,RP_TRAFFIC_01,EVIDENCES,FIRE_119_RECORD
AE_FIRE_EM_03762,RP_TRAFFIC_01,EVIDENCES,FIRE_119_RECORD
AE_FIRE_EM_03763,RP_TRAFFIC_01,EVIDENCES,FIRE_119_RECORD
AE_FIRE_EM_03764,RP_SLIP_TERRAIN,EVIDENCES,FIRE_119_RECORD
AE_FIRE_EM_03765,RP_SLIP_TERRAIN,EVIDENCES,FIRE_119_RECORD
AE_FIRE_EM_03766,RP_SLIP_TERRAIN,EVIDENCES,FIRE_119_RECORD
AE_FIRE_EM_03767,RP_TRAFFIC_01,EVIDENCES,FIRE_119_RECORD
AE_FIRE_EM_03768,RP_TRAFFIC_01,EVIDENCES,FIRE_119_RECORD
AE_FIRE_EM_03769,RP_SLIP_TERRAIN,EVIDENCES,FIRE_119_RECORD
AE_FIRE_EM_03770,RP_TRAFFIC_01,EVIDENCES,FIRE_119_RECORD
AE_FIRE_EM_03771,RP_TRAFFIC_01,EVIDENCES,FIRE_119_RECORD
AE_FIRE_EM_03772,RP_SLIP_TERRAIN,EVIDENCES,FIRE_119_RECORD
AE_FIRE_EM_03773,RP_TRAFFIC_01,EVIDENCES,FIRE_119_RECORD
AE_FIRE_EM_03774,RP_ANIMAL_01,EVIDENCES,FIRE_119_RECORD
AE_FIRE_EM_03775,RP_TRAFFIC_01,EVIDENCES,FIRE_119_RECORD
AE_FIRE_EM_03776,RP_TRAFFIC_01,EVIDENCES,FIRE_119_RECORD
AE_FIRE_EM_03777,RP_TRAFFIC_01,EVIDENCES,FIRE_119_RECORD
AE_FIRE_EM_03778,RP_TRAFFIC_01,EVIDENCES,FIRE_119_RECORD
AE_FIRE_EM_03779,RP_TRAFFIC_01,EVIDENCES,FIRE_119_RECORD
AE_FIRE_EM_03780,RP_TRAFFIC_01,EVIDENCES,FIRE_119_RECORD
AE_FIRE_EM_03781,RP_TRAFFIC_01,EVIDENCES,FIRE_119_RECORD
AE_FIRE_EM_03782,RP_TRAFFIC_01,EVIDENCES,FIRE_119_RECORD
AE_FIRE_EM_03783,RP_TRAFFIC_01,EVIDENCES,FIRE_119_RECORD
AE_FIRE_EM_03784,RP_TRAFFIC_01,EVIDENCES,FIRE_119_RECORD
AE_FIRE_EM_03785,RP_TRAFFIC_01,EVIDENCES,FIRE_119_RECORD
AE_FIRE_EM_03786,RP_TRAFFIC_01,EVIDENCES,FIRE_119_RECORD
AE_FIRE_EM_03787,RP_SLIP_TERRAIN,EVIDENCES,FIRE_119_RECORD
AE_FIRE_EM_03788,RP_MACHINE_01,EVIDENCES,FIRE_119_RECORD
AE_FIRE_EM_03789,RP_SLIP_TERRAIN,EVIDENCES,FIRE_119_RECORD
AE_FIRE_EM_03790,RP_TRAFFIC_01,EVIDENCES,FIRE_119_RECORD
AE_FIRE_EM_03791,RP_TRAFFIC_01,EVIDENCES,FIRE_119_RECORD
AE_FIRE_EM_03792,RP_TRAFFIC_01,EVIDENCES,FIRE_119_RECORD
AE_FIRE_EM_03793,RP_TRAFFIC_01,EVIDENCES,FIRE_119_RECORD
AE_FIRE_EM_03794,RP_SLIP_TERRAIN,EVIDENCES,FIRE_119_RECORD
AE_FIRE_EM_03795,RP_MACHINE_01,EVIDENCES,FIRE_119_RECORD
AE_FIRE_EM_03796,RP_TRAFFIC_01,EVIDENCES,FIRE_119_RECORD
AE_FIRE_EM_03797,RP_TRAFFIC_01,EVIDENCES,FIRE_119_RECORD
AE_FIRE_EM_03798,RP_TRAFFIC_01,EVIDENCES,FIRE_119_RECORD
AE_FIRE_EM_03799,RP_SLIP_TERRAIN,EVIDENCES,FIRE_119_RECORD
AE_FIRE_EM_03800,RP_SLIP_TERRAIN,EVIDENCES,FIRE_119_RECORD
AE_FIRE_EM_03801,RP_TRAFFIC_01,EVIDENCES,FIRE_119_RECORD
AE_FIRE_EM_03802,RP_TRAFFIC_01,EVIDENCES,FIRE_119_RECORD
AE_FIRE_EM_03803,RP_SLIP_TERRAIN,EVIDENCES,FIRE_119_RECORD
AE_FIRE_EM_03804,RP_CO_01,EVIDENCES,FIRE_119_RECORD
AE_FIRE_EM_03805,RP_SLIP_TERRAIN,EVIDENCES,FIRE_119_RECORD
AE_FIRE_EM_03806,RP_TRAFFIC_01,EVIDENCES,FIRE_119_RECORD
AE_FIRE_EM_03807,RP_SLIP_TERRAIN,EVIDENCES,FIRE_119_RECORD
AE_FIRE_EM_03808,RP_MACHINE_01,EVIDENCES,FIRE_119_RECORD
AE_FIRE_EM_03809,RP_SLIP_TERRAIN,EVIDENCES,FIRE_119_RECORD
AE_FIRE_EM_03810,RP_SLIP_TERRAIN,EVIDENCES,FIRE_119_RECORD
AE_FIRE_EM_03811,RP_SLIP_TERRAIN,EVIDENCES,FIRE_119_RECORD
AE_FIRE_EM_03812,RP_CO_01,EVIDENCES,FIRE_119_RECORD
AE_FIRE_EM_03813,RP_SLIP_TERRAIN,EVIDENCES,FIRE_119_RECORD
AE_FIRE_EM_03814,RP_SLIP_TERRAIN,EVIDENCES,FIRE_119_RECORD
AE_FIRE_EM_03815,RP_SLIP_TERRAIN,EVIDENCES,FIRE_119_RECORD
AE_FIRE_EM_03816,RP_SLIP_TERRAIN,EVIDENCES,FIRE_119_RECORD
AE_FIRE_EM_03817,RP_TRAFFIC_01,EVIDENCES,FIRE_119_RECORD
AE_FIRE_EM_03818,RP_SLIP_TERRAIN,EVIDENCES,FIRE_119_RECORD
AE_FIRE_EM_03819,RP_SLIP_TERRAIN,EVIDENCES,FIRE_119_RECORD
AE_FIRE_EM_03820,RP_SLIP_TERRAIN,EVIDENCES,FIRE_119_RECORD
AE_FIRE_EM_03821,RP_SLIP_TERRAIN,EVIDENCES,FIRE_119_RECORD
AE_FIRE_EM_03822,RP_SLIP_TERRAIN,EVIDENCES,FIRE_119_RECORD
AE_FIRE_EM_03823,RP_SLIP_TERRAIN,EVIDENCES,FIRE_119_RECORD
AE_FIRE_EM_03824,RP_TRAFFIC_01,EVIDENCES,FIRE_119_RECORD
AE_FIRE_EM_03825,RP_TRAFFIC_01,EVIDENCES,FIRE_119_RECORD
AE_FIRE_EM_03826,RP_SLIP_TERRAIN,EVIDENCES,FIRE_119_RECORD
AE_FIRE_EM_03827,RP_ANIMAL_01,EVIDENCES,FIRE_119_RECORD
AE_FIRE_EM_03828,RP_ANIMAL_01,EVIDENCES,FIRE_119_RECORD
AE_FIRE_EM_03829,RP_SLIP_TERRAIN,EVIDENCES,FIRE_119_RECORD
AE_FIRE_EM_03830,RP_SLIP_TERRAIN,EVIDENCES,FIRE_119_RECORD
AE_FIRE_EM_03831,RP_MACHINE_01,EVIDENCES,FIRE_119_RECORD
AE_FIRE_EM_03832,RP_FALL_CLIFF,EVIDENCES,FIRE_119_RECORD
AE_FIRE_EM_03833,RP_SLIP_TERRAIN,EVIDENCES,FIRE_119_RECORD
AE_FIRE_EM_03834,RP_TRAFFIC_01,EVIDENCES,FIRE_119_RECORD
AE_FIRE_EM_03835,RP_SLIP_TERRAIN,EVIDENCES,FIRE_119_RECORD
AE_FIRE_EM_03836,RP_ANIMAL_01,EVIDENCES,FIRE_119_RECORD
AE_FIRE_EM_03837,RP_SLIP_TERRAIN,EVIDENCES,FIRE_119_RECORD
AE_FIRE_EM_03838,RP_MACHINE_01,EVIDENCES,FIRE_119_RECORD
AE_FIRE_EM_03839,RP_SLIP_TERRAIN,EVIDENCES,FIRE_119_RECORD
AE_FIRE_EM_03840,RP_MACHINE_01,EVIDENCES,FIRE_119_RECORD
AE_FIRE_EM_03841,RP_SLIP_TERRAIN,EVIDENCES,FIRE_119_RECORD
AE_FIRE_EM_03842,RP_HEAT_02,EVIDENCES,FIRE_119_RECORD
AE_FIRE_EM_03843,RP_SLIP_TERRAIN,EVIDENCES,FIRE_119_RECORD
AE_FIRE_EM_03844,RP_SLIP_TERRAIN,EVIDENCES,FIRE_119_RECORD
AE_FIRE_EM_03845,RP_SLIP_TERRAIN,EVIDENCES,FIRE_119_RECORD
AE_FIRE_EM_03846,RP_FALL_CLIFF,EVIDENCES,FIRE_119_RECORD
AE_FIRE_EM_03847,RP_TRAFFIC_01,EVIDENCES,FIRE_119_RECORD
AE_FIRE_EM_03848,RP_TRAFFIC_01,EVIDENCES,FIRE_119_RECORD
AE_FIRE_EM_03849,RP_SLIP_TERRAIN,EVIDENCES,FIRE_119_RECORD
AE_FIRE_EM_03850,RP_SLIP_TERRAIN,EVIDENCES,FIRE_119_RECORD
AE_FIRE_EM_03851,RP_FALL_CLIFF,EVIDENCES,FIRE_119_RECORD
AE_FIRE_EM_03852,RP_MACHINE_01,EVIDENCES,FIRE_119_RECORD
AE_FIRE_EM_03853,RP_MACHINE_01,EVIDENCES,FIRE_119_RECORD
AE_FIRE_EM_03854,RP_TRAFFIC_01,EVIDENCES,FIRE_119_RECORD
AE_FIRE_EM_03855,RP_SLIP_TERRAIN,EVIDENCES,FIRE_119_RECORD
AE_FIRE_EM_03856,RP_TRAFFIC_01,EVIDENCES,FIRE_119_RECORD
AE_FIRE_EM_03857,RP_TRAFFIC_01,EVIDENCES,FIRE_119_RECORD
AE_FIRE_EM_03858,RP_SLIP_TERRAIN,EVIDENCES,FIRE_119_RECORD
AE_FIRE_EM_03859,RP_MACHINE_01,EVIDENCES,FIRE_119_RECORD
AE_FIRE_EM_03860,RP_SLIP_TERRAIN,EVIDENCES,FIRE_119_RECORD
AE_FIRE_EM_03861,RP_MACHINE_01,EVIDENCES,FIRE_119_RECORD
AE_FIRE_EM_03862,RP_SLIP_TERRAIN,EVIDENCES,FIRE_119_RECORD
AE_FIRE_EM_03863,RP_SLIP_TERRAIN,EVIDENCES,FIRE_119_RECORD
AE_FIRE_EM_03864,RP_TRAFFIC_01,EVIDENCES,FIRE_119_RECORD
AE_FIRE_EM_03865,RP_TRAFFIC_01,EVIDENCES,FIRE_119_RECORD
AE_FIRE_EM_03866,RP_TRAFFIC_01,EVIDENCES,FIRE_119_RECORD
AE_FIRE_EM_03867,RP_SLIP_TERRAIN,EVIDENCES,FIRE_119_RECORD
AE_FIRE_EM_03868,RP_MACHINE_01,EVIDENCES,FIRE_119_RECORD
AE_FIRE_EM_03869,RP_MACHINE_01,EVIDENCES,FIRE_119_RECORD
AE_FIRE_EM_03870,RP_TRAFFIC_01,EVIDENCES,FIRE_119_RECORD
AE_FIRE_EM_03871,RP_TRAFFIC_01,EVIDENCES,FIRE_119_RECORD
AE_FIRE_EM_03872,RP_SLIP_TERRAIN,EVIDENCES,FIRE_119_RECORD
AE_FIRE_EM_03873,RP_MACHINE_01,EVIDENCES,FIRE_119_RECORD
AE_FIRE_EM_03874,RP_MACHINE_01,EVIDENCES,FIRE_119_RECORD
AE_FIRE_EM_03875,RP_SLIP_TERRAIN,EVIDENCES,FIRE_119_RECORD
AE_FIRE_EM_03876,RP_MACHINE_01,EVIDENCES,FIRE_119_RECORD
AE_FIRE_EM_03877,RP_SLIP_TERRAIN,EVIDENCES,FIRE_119_RECORD
AE_FIRE_EM_03878,RP_SLIP_TERRAIN,EVIDENCES,FIRE_119_RECORD
AE_FIRE_EM_03879,RP_TRAFFIC_01,EVIDENCES,FIRE_119_RECORD
AE_FIRE_EM_03880,RP_MACHINE_01,EVIDENCES,FIRE_119_RECORD
AE_FIRE_EM_03881,RP_MACHINE_01,EVIDENCES,FIRE_119_RECORD
AE_FIRE_EM_03882,RP_SLIP_TERRAIN,EVIDENCES,FIRE_119_RECORD
AE_FIRE_EM_03883,RP_MACHINE_01,EVIDENCES,FIRE_119_RECORD
AE_FIRE_EM_03884,RP_MACHINE_01,EVIDENCES,FIRE_119_RECORD
AE_FIRE_EM_03885,RP_MACHINE_01,EVIDENCES,FIRE_119_RECORD
AE_FIRE_EM_03886,RP_MACHINE_01,EVIDENCES,FIRE_119_RECORD
AE_FIRE_EM_03887,RP_MACHINE_01,EVIDENCES,FIRE_119_RECORD
AE_FIRE_EM_03888,RP_SLIP_TERRAIN,EVIDENCES,FIRE_119_RECORD
AE_FIRE_EM_03889,RP_SLIP_TERRAIN,EVIDENCES,FIRE_119_RECORD
AE_FIRE_EM_03890,RP_SLIP_TERRAIN,EVIDENCES,FIRE_119_RECORD
AE_FIRE_EM_03891,RP_SLIP_TERRAIN,EVIDENCES,FIRE_119_RECORD
AE_FIRE_EM_03892,RP_SLIP_TERRAIN,EVIDENCES,FIRE_119_RECORD
AE_FIRE_EM_03893,RP_SLIP_TERRAIN,EVIDENCES,FIRE_119_RECORD
AE_FIRE_EM_03894,RP_SLIP_TERRAIN,EVIDENCES,FIRE_119_RECORD
AE_FIRE_EM_03895,RP_SLIP_TERRAIN,EVIDENCES,FIRE_119_RECORD
AE_FIRE_EM_03896,RP_MACHINE_01,EVIDENCES,FIRE_119_RECORD
AE_FIRE_EM_03897,RP_MACHINE_01,EVIDENCES,FIRE_119_RECORD
AE_FIRE_EM_03898,RP_SLIP_TERRAIN,EVIDENCES,FIRE_119_RECORD
AE_FIRE_EM_03899,RP_TRAFFIC_01,EVIDENCES,FIRE_119_RECORD
AE_FIRE_EM_03900,RP_MACHINE_01,EVIDENCES,FIRE_119_RECORD
AE_FIRE_EM_03901,RP_SLIP_TERRAIN,EVIDENCES,FIRE_119_RECORD
AE_FIRE_EM_03902,RP_MACHINE_01,EVIDENCES,FIRE_119_RECORD
AE_FIRE_EM_03903,RP_SLIP_TERRAIN,EVIDENCES,FIRE_119_RECORD
AE_FIRE_EM_03904,RP_TRAFFIC_01,EVIDENCES,FIRE_119_RECORD
AE_FIRE_EM_03905,RP_SLIP_TERRAIN,EVIDENCES,FIRE_119_RECORD
AE_FIRE_EM_03906,RP_SLIP_TERRAIN,EVIDENCES,FIRE_119_RECORD
AE_FIRE_EM_03907,RP_SLIP_TERRAIN,EVIDENCES,FIRE_119_RECORD
AE_FIRE_EM_03908,RP_SLIP_TERRAIN,EVIDENCES,FIRE_119_RECORD
AE_FIRE_EM_03909,RP_SLIP_TERRAIN,EVIDENCES,FIRE_119_RECORD
AE_FIRE_EM_03910,RP_TRAFFIC_01,EVIDENCES,FIRE_119_RECORD
AE_FIRE_EM_03911,RP_TRAFFIC_01,EVIDENCES,FIRE_119_RECORD
AE_FIRE_EM_03912,RP_TRAFFIC_01,EVIDENCES,FIRE_119_RECORD
AE_FIRE_EM_03913,RP_MACHINE_01,EVIDENCES,FIRE_119_RECORD
AE_FIRE_EM_03914,RP_SLIP_TERRAIN,EVIDENCES,FIRE_119_RECORD
AE_FIRE_EM_03915,RP_SLIP_TERRAIN,EVIDENCES,FIRE_119_RECORD
AE_FIRE_EM_03916,RP_SLIP_TERRAIN,EVIDENCES,FIRE_119_RECORD
AE_FIRE_EM_03917,RP_MACHINE_01,EVIDENCES,FIRE_119_RECORD
AE_FIRE_EM_03918,RP_SLIP_TERRAIN,EVIDENCES,FIRE_119_RECORD
AE_FIRE_EM_03919,RP_SLIP_TERRAIN,EVIDENCES,FIRE_119_RECORD
AE_FIRE_EM_03920,RP_SLIP_TERRAIN,EVIDENCES,FIRE_119_RECORD
AE_FIRE_EM_03921,RP_MACHINE_01,EVIDENCES,FIRE_119_RECORD
AE_FIRE_EM_03922,RP_MACHINE_01,EVIDENCES,FIRE_119_RECORD
AE_FIRE_EM_03923,RP_TRAFFIC_01,EVIDENCES,FIRE_119_RECORD
AE_FIRE_EM_03924,RP_SLIP_TERRAIN,EVIDENCES,FIRE_119_RECORD
AE_FIRE_EM_03925,RP_TRAFFIC_01,EVIDENCES,FIRE_119_RECORD
AE_FIRE_EM_03926,RP_TRAFFIC_01,EVIDENCES,FIRE_119_RECORD
AE_FIRE_EM_03927,RP_SLIP_TERRAIN,EVIDENCES,FIRE_119_RECORD
AE_FIRE_EM_03928,RP_TRAFFIC_01,EVIDENCES,FIRE_119_RECORD
AE_FIRE_EM_03929,RP_MACHINE_01,EVIDENCES,FIRE_119_RECORD
AE_FIRE_EM_03930,RP_TRAFFIC_01,EVIDENCES,FIRE_119_RECORD
AE_FIRE_EM_03931,RP_SLIP_TERRAIN,EVIDENCES,FIRE_119_RECORD
AE_FIRE_EM_03932,RP_TRAFFIC_01,EVIDENCES,FIRE_119_RECORD
AE_FIRE_EM_03933,RP_TRAFFIC_01,EVIDENCES,FIRE_119_RECORD
AE_FIRE_EM_03934,RP_MACHINE_01,EVIDENCES,FIRE_119_RECORD
AE_FIRE_EM_03935,RP_SLIP_TERRAIN,EVIDENCES,FIRE_119_RECORD
AE_FIRE_EM_03936,RP_SLIP_TERRAIN,EVIDENCES,FIRE_119_RECORD
AE_FIRE_EM_03937,RP_SLIP_TERRAIN,EVIDENCES,FIRE_119_RECORD
AE_FIRE_EM_03938,RP_TRAFFIC_01,EVIDENCES,FIRE_119_RECORD
AE_FIRE_EM_03939,RP_TRAFFIC_01,EVIDENCES,FIRE_119_RECORD
AE_FIRE_EM_03940,RP_SLIP_TERRAIN,EVIDENCES,FIRE_119_RECORD
AE_FIRE_EM_03941,RP_SLIP_TERRAIN,EVIDENCES,FIRE_119_RECORD
AE_FIRE_EM_03942,RP_TRAFFIC_01,EVIDENCES,FIRE_119_RECORD
AE_FIRE_EM_03943,RP_SLIP_TERRAIN,EVIDENCES,FIRE_119_RECORD
AE_FIRE_EM_03944,RP_TRAFFIC_01,EVIDENCES,FIRE_119_RECORD
AE_FIRE_EM_03945,RP_ANIMAL_01,EVIDENCES,FIRE_119_RECORD
AE_FIRE_EM_03946,RP_SLIP_TERRAIN,EVIDENCES,FIRE_119_RECORD
AE_FIRE_EM_03947,RP_SLIP_TERRAIN,EVIDENCES,FIRE_119_RECORD
AE_FIRE_EM_03948,RP_ANIMAL_01,EVIDENCES,FIRE_119_RECORD
AE_FIRE_EM_03949,RP_SLIP_TERRAIN,EVIDENCES,FIRE_119_RECORD
AE_FIRE_EM_03950,RP_MACHINE_01,EVIDENCES,FIRE_119_RECORD
AE_FIRE_EM_03951,RP_DROWN_01,EVIDENCES,FIRE_119_RECORD
AE_FIRE_EM_03952,RP_DROWN_01,EVIDENCES,FIRE_119_RECORD
AE_FIRE_EM_03953,RP_DROWN_01,EVIDENCES,FIRE_119_RECORD
AE_FIRE_EM_03954,RP_ANIMAL_01,EVIDENCES,FIRE_119_RECORD
AE_FIRE_EM_03955,RP_TRAFFIC_01,EVIDENCES,FIRE_119_RECORD
AE_FIRE_EM_03956,RP_MACHINE_01,EVIDENCES,FIRE_119_RECORD
AE_FIRE_EM_03957,RP_ANIMAL_01,EVIDENCES,FIRE_119_RECORD
AE_FIRE_EM_03958,RP_ANIMAL_01,EVIDENCES,FIRE_119_RECORD
AE_FIRE_EM_03959,RP_TRAFFIC_01,EVIDENCES,FIRE_119_RECORD
AE_FIRE_EM_03960,RP_TRAFFIC_01,EVIDENCES,FIRE_119_RECORD
AE_FIRE_EM_03961,RP_MACHINE_01,EVIDENCES,FIRE_119_RECORD
AE_FIRE_EM_03962,RP_SLIP_TERRAIN,EVIDENCES,FIRE_119_RECORD
AE_FIRE_EM_03963,RP_ANIMAL_01,EVIDENCES,FIRE_119_RECORD
AE_FIRE_EM_03964,RP_MACHINE_01,EVIDENCES,FIRE_119_RECORD
AE_FIRE_EM_03965,RP_TRAFFIC_01,EVIDENCES,FIRE_119_RECORD
AE_FIRE_EM_03966,RP_SLIP_TERRAIN,EVIDENCES,FIRE_119_RECORD
AE_FIRE_EM_03967,RP_SLIP_TERRAIN,EVIDENCES,FIRE_119_RECORD
AE_FIRE_EM_03968,RP_TRAFFIC_01,EVIDENCES,FIRE_119_RECORD
AE_FIRE_EM_03969,RP_SLIP_TERRAIN,EVIDENCES,FIRE_119_RECORD
AE_FIRE_EM_03970,RP_TRAFFIC_01,EVIDENCES,FIRE_119_RECORD
AE_FIRE_EM_03971,RP_MACHINE_01,EVIDENCES,FIRE_119_RECORD
AE_FIRE_EM_03972,RP_SLIP_TERRAIN,EVIDENCES,FIRE_119_RECORD
AE_FIRE_EM_03973,RP_TRAFFIC_01,EVIDENCES,FIRE_119_RECORD
AE_FIRE_EM_03974,RP_SLIP_TERRAIN,EVIDENCES,FIRE_119_RECORD
AE_FIRE_EM_03975,RP_TRAFFIC_01,EVIDENCES,FIRE_119_RECORD
AE_FIRE_EM_03976,RP_TRAFFIC_01,EVIDENCES,FIRE_119_RECORD
AE_FIRE_EM_03977,RP_SLIP_TERRAIN,EVIDENCES,FIRE_119_RECORD
AE_FIRE_EM_03978,RP_MACHINE_01,EVIDENCES,FIRE_119_RECORD
AE_FIRE_EM_03979,RP_ANIMAL_01,EVIDENCES,FIRE_119_RECORD
AE_FIRE_EM_03980,RP_SLIP_TERRAIN,EVIDENCES,FIRE_119_RECORD
AE_FIRE_EM_03981,RP_SLIP_TERRAIN,EVIDENCES,FIRE_119_RECORD
AE_FIRE_EM_03982,RP_MACHINE_01,EVIDENCES,FIRE_119_RECORD
AE_FIRE_EM_03983,RP_TRAFFIC_01,EVIDENCES,FIRE_119_RECORD
AE_FIRE_EM_03984,RP_TRAFFIC_01,EVIDENCES,FIRE_119_RECORD
AE_FIRE_EM_03985,RP_TRAFFIC_01,EVIDENCES,FIRE_119_RECORD
AE_FIRE_EM_03986,RP_SLIP_TERRAIN,EVIDENCES,FIRE_119_RECORD
AE_FIRE_EM_03987,RP_SLIP_TERRAIN,EVIDENCES,FIRE_119_RECORD
AE_FIRE_EM_03988,RP_ANIMAL_01,EVIDENCES,FIRE_119_RECORD
AE_FIRE_EM_03989,RP_SLIP_TERRAIN,EVIDENCES,FIRE_119_RECORD
AE_FIRE_EM_03990,RP_SLIP_TERRAIN,EVIDENCES,FIRE_119_RECORD
AE_FIRE_EM_03991,RP_TRAFFIC_01,EVIDENCES,FIRE_119_RECORD
AE_FIRE_EM_03992,RP_TRAFFIC_01,EVIDENCES,FIRE_119_RECORD
AE_FIRE_EM_03993,RP_SLIP_TERRAIN,EVIDENCES,FIRE_119_RECORD
AE_FIRE_EM_03994,RP_SLIP_TERRAIN,EVIDENCES,FIRE_119_RECORD
AE_FIRE_EM_03995,RP_MACHINE_01,EVIDENCES,FIRE_119_RECORD
AE_FIRE_EM_03996,RP_SLIP_TERRAIN,EVIDENCES,FIRE_119_RECORD
AE_FIRE_EM_03997,RP_MACHINE_01,EVIDENCES,FIRE_119_RECORD
AE_FIRE_EM_03998,RP_DROWN_01,EVIDENCES,FIRE_119_RECORD
AE_FIRE_EM_03999,RP_DROWN_01,EVIDENCES,FIRE_119_RECORD
AE_FIRE_EM_04000,RP_TRAFFIC_01,EVIDENCES,FIRE_119_RECORD
AE_FIRE_EM_04001,RP_TRAFFIC_01,EVIDENCES,FIRE_119_RECORD
AE_FIRE_EM_04002,RP_MACHINE_01,EVIDENCES,FIRE_119_RECORD
AE_FIRE_EM_04003,RP_SLIP_TERRAIN,EVIDENCES,FIRE_119_RECORD
AE_FIRE_EM_04004,RP_MACHINE_01,EVIDENCES,FIRE_119_RECORD
AE_FIRE_EM_04005,RP_SLIP_TERRAIN,EVIDENCES,FIRE_119_RECORD
AE_FIRE_EM_04006,RP_MACHINE_01,EVIDENCES,FIRE_119_RECORD
AE_FIRE_EM_04007,RP_TRAFFIC_01,EVIDENCES,FIRE_119_RECORD
AE_FIRE_EM_04008,RP_SLIP_TERRAIN,EVIDENCES,FIRE_119_RECORD
AE_FIRE_EM_04009,RP_MACHINE_01,EVIDENCES,FIRE_119_RECORD
AE_FIRE_EM_04010,RP_MACHINE_01,EVIDENCES,FIRE_119_RECORD
AE_FIRE_EM_04011,RP_SLIP_TERRAIN,EVIDENCES,FIRE_119_RECORD
AE_FIRE_EM_04012,RP_MACHINE_01,EVIDENCES,FIRE_119_RECORD
AE_FIRE_EM_04013,RP_MACHINE_01,EVIDENCES,FIRE_119_RECORD
AE_FIRE_EM_04014,RP_SLIP_TERRAIN,EVIDENCES,FIRE_119_RECORD
AE_FIRE_EM_04015,RP_MACHINE_01,EVIDENCES,FIRE_119_RECORD
AE_FIRE_EM_04016,RP_CO_01,EVIDENCES,FIRE_119_RECORD
AE_FIRE_EM_04017,RP_MACHINE_01,EVIDENCES,FIRE_119_RECORD
AE_FIRE_EM_04018,RP_FALL_CLIFF,EVIDENCES,FIRE_119_RECORD
AE_FIRE_EM_04019,RP_TRAFFIC_01,EVIDENCES,FIRE_119_RECORD
AE_FIRE_EM_04020,RP_SLIP_TERRAIN,EVIDENCES,FIRE_119_RECORD
AE_FIRE_EM_04021,RP_SLIP_TERRAIN,EVIDENCES,FIRE_119_RECORD
AE_FIRE_EM_04022,RP_FALL_CLIFF,EVIDENCES,FIRE_119_RECORD
AE_FIRE_EM_04023,RP_SLIP_TERRAIN,EVIDENCES,FIRE_119_RECORD
AE_FIRE_EM_04024,RP_FALL_CLIFF,EVIDENCES,FIRE_119_RECORD
AE_FIRE_EM_04025,RP_MACHINE_01,EVIDENCES,FIRE_119_RECORD
AE_FIRE_EM_04026,RP_SLIP_TERRAIN,EVIDENCES,FIRE_119_RECORD
AE_FIRE_EM_04027,RP_MACHINE_01,EVIDENCES,FIRE_119_RECORD
AE_FIRE_EM_04028,RP_TRAFFIC_01,EVIDENCES,FIRE_119_RECORD
AE_FIRE_EM_04029,RP_TRAFFIC_01,EVIDENCES,FIRE_119_RECORD
AE_FIRE_EM_04030,RP_TRAFFIC_01,EVIDENCES,FIRE_119_RECORD
AE_FIRE_EM_04031,RP_MACHINE_01,EVIDENCES,FIRE_119_RECORD
AE_FIRE_EM_04032,RP_SLIP_TERRAIN,EVIDENCES,FIRE_119_RECORD
AE_FIRE_EM_04033,RP_TRAFFIC_01,EVIDENCES,FIRE_119_RECORD
AE_FIRE_EM_04034,RP_TRAFFIC_01,EVIDENCES,FIRE_119_RECORD
AE_FIRE_EM_04035,RP_SLIP_TERRAIN,EVIDENCES,FIRE_119_RECORD
AE_FIRE_EM_04036,RP_TRAFFIC_01,EVIDENCES,FIRE_119_RECORD
AE_FIRE_EM_04037,RP_TRAFFIC_01,EVIDENCES,FIRE_119_RECORD
AE_FIRE_EM_04038,RP_TRAFFIC_01,EVIDENCES,FIRE_119_RECORD
AE_FIRE_EM_04039,RP_MACHINE_01,EVIDENCES,FIRE_119_RECORD
AE_FIRE_EM_04040,RP_TRAFFIC_01,EVIDENCES,FIRE_119_RECORD
AE_FIRE_EM_04041,RP_SLIP_TERRAIN,EVIDENCES,FIRE_119_RECORD
AE_FIRE_EM_04042,RP_TRAFFIC_01,EVIDENCES,FIRE_119_RECORD
AE_FIRE_EM_04043,RP_MACHINE_01,EVIDENCES,FIRE_119_RECORD
AE_FIRE_EM_04044,RP_SLIP_TERRAIN,EVIDENCES,FIRE_119_RECORD
AE_FIRE_EM_04045,RP_DROWN_01,EVIDENCES,FIRE_119_RECORD
AE_FIRE_EM_04046,RP_SLIP_TERRAIN,EVIDENCES,FIRE_119_RECORD
AE_FIRE_EM_04047,RP_SLIP_TERRAIN,EVIDENCES,FIRE_119_RECORD
AE_FIRE_EM_04048,RP_SLIP_TERRAIN,EVIDENCES,FIRE_119_RECORD
AE_FIRE_EM_04049,RP_SLIP_TERRAIN,EVIDENCES,FIRE_119_RECORD
AE_FIRE_EM_04050,RP_MACHINE_01,EVIDENCES,FIRE_119_RECORD
AE_FIRE_EM_04051,RP_TRAFFIC_01,EVIDENCES,FIRE_119_RECORD
AE_FIRE_EM_04052,RP_ANIMAL_01,EVIDENCES,FIRE_119_RECORD
AE_FIRE_EM_04053,RP_TRAFFIC_01,EVIDENCES,FIRE_119_RECORD
AE_FIRE_EM_04054,RP_TRAFFIC_01,EVIDENCES,FIRE_119_RECORD
AE_FIRE_EM_04055,RP_TRAFFIC_01,EVIDENCES,FIRE_119_RECORD
AE_FIRE_EM_04056,RP_TRAFFIC_01,EVIDENCES,FIRE_119_RECORD
AE_FIRE_EM_04057,RP_TRAFFIC_01,EVIDENCES,FIRE_119_RECORD
AE_FIRE_EM_04058,RP_SLIP_TERRAIN,EVIDENCES,FIRE_119_RECORD
AE_FIRE_EM_04059,RP_SLIP_TERRAIN,EVIDENCES,FIRE_119_RECORD
AE_FIRE_EM_04060,RP_SLIP_TERRAIN,EVIDENCES,FIRE_119_RECORD
AE_FIRE_EM_04061,RP_MACHINE_01,EVIDENCES,FIRE_119_RECORD
AE_FIRE_EM_04062,RP_SLIP_TERRAIN,EVIDENCES,FIRE_119_RECORD
AE_FIRE_EM_04063,RP_TRAFFIC_01,EVIDENCES,FIRE_119_RECORD
AE_FIRE_EM_04064,RP_TRAFFIC_01,EVIDENCES,FIRE_119_RECORD
AE_FIRE_EM_04065,RP_SLIP_TERRAIN,EVIDENCES,FIRE_119_RECORD
AE_FIRE_EM_04066,RP_TRAFFIC_01,EVIDENCES,FIRE_119_RECORD
AE_FIRE_EM_04067,RP_TRAFFIC_01,EVIDENCES,FIRE_119_RECORD
AE_FIRE_EM_04068,RP_TRAFFIC_01,EVIDENCES,FIRE_119_RECORD
AE_FIRE_EM_04069,RP_TRAFFIC_01,EVIDENCES,FIRE_119_RECORD
AE_FIRE_EM_04070,RP_TRAFFIC_01,EVIDENCES,FIRE_119_RECORD
AE_FIRE_EM_04071,RP_TRAFFIC_01,EVIDENCES,FIRE_119_RECORD
AE_FIRE_EM_04072,RP_SLIP_TERRAIN,EVIDENCES,FIRE_119_RECORD
AE_FIRE_EM_04073,RP_FALL_CLIFF,EVIDENCES,FIRE_119_RECORD
AE_FIRE_EM_04074,RP_TRAFFIC_01,EVIDENCES,FIRE_119_RECORD
AE_FIRE_EM_04075,RP_TRAFFIC_01,EVIDENCES,FIRE_119_RECORD
AE_FIRE_EM_04076,RP_SLIP_TERRAIN,EVIDENCES,FIRE_119_RECORD
AE_FIRE_EM_04077,RP_MACHINE_01,EVIDENCES,FIRE_119_RECORD
AE_FIRE_EM_04078,RP_SLIP_TERRAIN,EVIDENCES,FIRE_119_RECORD
AE_FIRE_EM_04079,RP_FALL_CLIFF,EVIDENCES,FIRE_119_RECORD
AE_FIRE_EM_04080,RP_SLIP_TERRAIN,EVIDENCES,FIRE_119_RECORD
AE_FIRE_EM_04081,RP_FALL_CLIFF,EVIDENCES,FIRE_119_RECORD
AE_FIRE_EM_04082,RP_TRAFFIC_01,EVIDENCES,FIRE_119_RECORD
AE_FIRE_EM_04083,RP_MACHINE_01,EVIDENCES,FIRE_119_RECORD
AE_FIRE_EM_04084,RP_MACHINE_01,EVIDENCES,FIRE_119_RECORD
AE_FIRE_EM_04085,RP_MACHINE_01,EVIDENCES,FIRE_119_RECORD
AE_FIRE_EM_04086,RP_TRAFFIC_01,EVIDENCES,FIRE_119_RECORD
AE_FIRE_EM_04087,RP_TRAFFIC_01,EVIDENCES,FIRE_119_RECORD
AE_FIRE_EM_04088,RP_MACHINE_01,EVIDENCES,FIRE_119_RECORD
AE_FIRE_EM_04089,RP_SLIP_TERRAIN,EVIDENCES,FIRE_119_RECORD
AE_FIRE_EM_04090,RP_MACHINE_01,EVIDENCES,FIRE_119_RECORD
AE_FIRE_EM_04091,RP_SLIP_TERRAIN,EVIDENCES,FIRE_119_RECORD
AE_FIRE_EM_04092,RP_SLIP_TERRAIN,EVIDENCES,FIRE_119_RECORD
AE_FIRE_EM_04093,RP_SLIP_TERRAIN,EVIDENCES,FIRE_119_RECORD
AE_FIRE_EM_04094,RP_TRAFFIC_01,EVIDENCES,FIRE_119_RECORD
AE_FIRE_EM_04095,RP_TRAFFIC_01,EVIDENCES,FIRE_119_RECORD
AE_FIRE_EM_04096,RP_SLIP_TERRAIN,EVIDENCES,FIRE_119_RECORD
AE_FIRE_EM_04097,RP_SLIP_TERRAIN,EVIDENCES,FIRE_119_RECORD
AE_FIRE_EM_04098,RP_SLIP_TERRAIN,EVIDENCES,FIRE_119_RECORD
AE_FIRE_EM_04099,RP_SLIP_TERRAIN,EVIDENCES,FIRE_119_RECORD
AE_FIRE_EM_04100,RP_TRAFFIC_01,EVIDENCES,FIRE_119_RECORD
AE_FIRE_EM_04101,RP_SLIP_TERRAIN,EVIDENCES,FIRE_119_RECORD
AE_FIRE_EM_04102,RP_TRAFFIC_01,EVIDENCES,FIRE_119_RECORD
AE_FIRE_EM_04103,RP_TRAFFIC_01,EVIDENCES,FIRE_119_RECORD
AE_FIRE_EM_04104,RP_TRAFFIC_01,EVIDENCES,FIRE_119_RECORD
AE_FIRE_EM_04105,RP_TRAFFIC_01,EVIDENCES,FIRE_119_RECORD
AE_FIRE_EM_04106,RP_SLIP_TERRAIN,EVIDENCES,FIRE_119_RECORD
AE_FIRE_EM_04107,RP_TRAFFIC_01,EVIDENCES,FIRE_119_RECORD
AE_FIRE_EM_04108,RP_TRAFFIC_01,EVIDENCES,FIRE_119_RECORD
AE_FIRE_EM_04109,RP_TRAFFIC_01,EVIDENCES,FIRE_119_RECORD
AE_FIRE_EM_04110,RP_TRAFFIC_01,EVIDENCES,FIRE_119_RECORD
AE_FIRE_EM_04111,RP_SLIP_TERRAIN,EVIDENCES,FIRE_119_RECORD
AE_FIRE_EM_04112,RP_SLIP_TERRAIN,EVIDENCES,FIRE_119_RECORD
AE_FIRE_EM_04113,RP_MACHINE_01,EVIDENCES,FIRE_119_RECORD
AE_FIRE_EM_04114,RP_TRAFFIC_01,EVIDENCES,FIRE_119_RECORD
AE_FIRE_EM_04115,RP_TRAFFIC_01,EVIDENCES,FIRE_119_RECORD
AE_FIRE_EM_04116,RP_MACHINE_01,EVIDENCES,FIRE_119_RECORD
AE_FIRE_EM_04117,RP_SLIP_TERRAIN,EVIDENCES,FIRE_119_RECORD
AE_FIRE_EM_04118,RP_SLIP_TERRAIN,EVIDENCES,FIRE_119_RECORD
AE_FIRE_EM_04119,RP_CO_01,EVIDENCES,FIRE_119_RECORD
AE_FIRE_EM_04120,RP_SLIP_TERRAIN,EVIDENCES,FIRE_119_RECORD
AE_FIRE_EM_04121,RP_MACHINE_01,EVIDENCES,FIRE_119_RECORD
AE_FIRE_EM_04122,RP_TRAFFIC_01,EVIDENCES,FIRE_119_RECORD
AE_FIRE_EM_04123,RP_TRAFFIC_01,EVIDENCES,FIRE_119_RECORD
AE_FIRE_EM_04124,RP_SLIP_TERRAIN,EVIDENCES,FIRE_119_RECORD
AE_FIRE_EM_04125,RP_SLIP_TERRAIN,EVIDENCES,FIRE_119_RECORD
AE_FIRE_EM_04126,RP_SLIP_TERRAIN,EVIDENCES,FIRE_119_RECORD
AE_FIRE_EM_04127,RP_TRAFFIC_01,EVIDENCES,FIRE_119_RECORD
AE_FIRE_EM_04128,RP_MACHINE_01,EVIDENCES,FIRE_119_RECORD
AE_FIRE_EM_04129,RP_TRAFFIC_01,EVIDENCES,FIRE_119_RECORD
AE_FIRE_EM_04130,RP_MACHINE_01,EVIDENCES,FIRE_119_RECORD
AE_FIRE_EM_04131,RP_TRAFFIC_01,EVIDENCES,FIRE_119_RECORD
AE_FIRE_EM_04132,RP_SLIP_TERRAIN,EVIDENCES,FIRE_119_RECORD
AE_FIRE_EM_04133,RP_SLIP_TERRAIN,EVIDENCES,FIRE_119_RECORD
AE_FIRE_EM_04134,RP_MACHINE_01,EVIDENCES,FIRE_119_RECORD
AE_FIRE_EM_04135,RP_SLIP_TERRAIN,EVIDENCES,FIRE_119_RECORD
AE_FIRE_EM_04136,RP_TRAFFIC_01,EVIDENCES,FIRE_119_RECORD
AE_FIRE_EM_04137,RP_TRAFFIC_01,EVIDENCES,FIRE_119_RECORD
AE_FIRE_EM_04138,RP_MACHINE_01,EVIDENCES,FIRE_119_RECORD
AE_FIRE_EM_04139,RP_TRAFFIC_01,EVIDENCES,FIRE_119_RECORD
AE_FIRE_EM_04140,RP_TRAFFIC_01,EVIDENCES,FIRE_119_RECORD
AE_FIRE_EM_04141,RP_FALL_CLIFF,EVIDENCES,FIRE_119_RECORD
AE_FIRE_EM_04142,RP_TRAFFIC_01,EVIDENCES,FIRE_119_RECORD
AE_FIRE_EM_04143,RP_TRAFFIC_01,EVIDENCES,FIRE_119_RECORD
AE_FIRE_EM_04144,RP_TRAFFIC_01,EVIDENCES,FIRE_119_RECORD
AE_FIRE_EM_04145,RP_SLIP_TERRAIN,EVIDENCES,FIRE_119_RECORD
AE_FIRE_EM_04146,RP_SLIP_TERRAIN,EVIDENCES,FIRE_119_RECORD
AE_FIRE_EM_04147,RP_TRAFFIC_01,EVIDENCES,FIRE_119_RECORD
AE_FIRE_EM_04148,RP_SLIP_TERRAIN,EVIDENCES,FIRE_119_RECORD
AE_FIRE_EM_04149,RP_SLIP_TERRAIN,EVIDENCES,FIRE_119_RECORD
AE_FIRE_EM_04150,RP_FALL_CLIFF,EVIDENCES,FIRE_119_RECORD
AE_FIRE_EM_04151,RP_SLIP_TERRAIN,EVIDENCES,FIRE_119_RECORD
AE_FIRE_EM_04152,RP_TRAFFIC_01,EVIDENCES,FIRE_119_RECORD
AE_FIRE_EM_04153,RP_SLIP_TERRAIN,EVIDENCES,FIRE_119_RECORD
AE_FIRE_EM_04154,RP_TRAFFIC_01,EVIDENCES,FIRE_119_RECORD
AE_FIRE_EM_04155,RP_SLIP_TERRAIN,EVIDENCES,FIRE_119_RECORD
AE_FIRE_EM_04156,RP_TRAFFIC_01,EVIDENCES,FIRE_119_RECORD
AE_FIRE_EM_04157,RP_TRAFFIC_01,EVIDENCES,FIRE_119_RECORD
AE_FIRE_EM_04158,RP_SLIP_TERRAIN,EVIDENCES,FIRE_119_RECORD
AE_FIRE_EM_04159,RP_SLIP_TERRAIN,EVIDENCES,FIRE_119_RECORD
AE_FIRE_EM_04160,RP_SLIP_TERRAIN,EVIDENCES,FIRE_119_RECORD
AE_FIRE_EM_04161,RP_ANIMAL_01,EVIDENCES,FIRE_119_RECORD
AE_FIRE_EM_04162,RP_MACHINE_01,EVIDENCES,FIRE_119_RECORD
AE_FIRE_EM_04163,RP_SLIP_TERRAIN,EVIDENCES,FIRE_119_RECORD
AE_FIRE_EM_04164,RP_MACHINE_01,EVIDENCES,FIRE_119_RECORD
AE_FIRE_EM_04165,RP_TRAFFIC_01,EVIDENCES,FIRE_119_RECORD
AE_FIRE_EM_04166,RP_SLIP_TERRAIN,EVIDENCES,FIRE_119_RECORD
AE_FIRE_EM_04167,RP_SLIP_TERRAIN,EVIDENCES,FIRE_119_RECORD
AE_FIRE_EM_04168,RP_MACHINE_01,EVIDENCES,FIRE_119_RECORD
AE_FIRE_EM_04169,RP_TRAFFIC_01,EVIDENCES,FIRE_119_RECORD
AE_FIRE_EM_04170,RP_TRAFFIC_01,EVIDENCES,FIRE_119_RECORD
AE_FIRE_EM_04171,RP_SLIP_TERRAIN,EVIDENCES,FIRE_119_RECORD
AE_FIRE_EM_04172,RP_TRAFFIC_01,EVIDENCES,FIRE_119_RECORD
AE_FIRE_EM_04173,RP_ANIMAL_01,EVIDENCES,FIRE_119_RECORD
AE_FIRE_EM_04174,RP_MACHINE_01,EVIDENCES,FIRE_119_RECORD
AE_FIRE_EM_04175,RP_SLIP_TERRAIN,EVIDENCES,FIRE_119_RECORD
AE_FIRE_EM_04176,RP_SLIP_TERRAIN,EVIDENCES,FIRE_119_RECORD
AE_FIRE_EM_04177,RP_FALL_CLIFF,EVIDENCES,FIRE_119_RECORD
AE_FIRE_EM_04178,RP_TRAFFIC_01,EVIDENCES,FIRE_119_RECORD
AE_FIRE_EM_04179,RP_SLIP_TERRAIN,EVIDENCES,FIRE_119_RECORD
AE_FIRE_EM_04180,RP_TRAFFIC_01,EVIDENCES,FIRE_119_RECORD
AE_FIRE_EM_04181,RP_TRAFFIC_01,EVIDENCES,FIRE_119_RECORD
AE_FIRE_EM_04182,RP_SLIP_TERRAIN,EVIDENCES,FIRE_119_RECORD
AE_FIRE_EM_04183,RP_TRAFFIC_01,EVIDENCES,FIRE_119_RECORD
AE_FIRE_EM_04184,RP_DROWN_01,EVIDENCES,FIRE_119_RECORD
AE_FIRE_EM_04185,RP_SLIP_TERRAIN,EVIDENCES,FIRE_119_RECORD
AE_FIRE_EM_04186,RP_SLIP_TERRAIN,EVIDENCES,FIRE_119_RECORD
AE_FIRE_EM_04187,RP_TRAFFIC_01,EVIDENCES,FIRE_119_RECORD
AE_FIRE_EM_04188,RP_FALL_CLIFF,EVIDENCES,FIRE_119_RECORD
AE_FIRE_EM_04189,RP_SLIP_TERRAIN,EVIDENCES,FIRE_119_RECORD
AE_FIRE_EM_04190,RP_DROWN_01,EVIDENCES,FIRE_119_RECORD
AE_FIRE_EM_04191,RP_TRAFFIC_01,EVIDENCES,FIRE_119_RECORD
AE_FIRE_EM_04192,RP_SLIP_TERRAIN,EVIDENCES,FIRE_119_RECORD
AE_FIRE_EM_04193,RP_SLIP_TERRAIN,EVIDENCES,FIRE_119_RECORD
AE_FIRE_EM_04194,RP_SLIP_TERRAIN,EVIDENCES,FIRE_119_RECORD
AE_FIRE_EM_04195,RP_ANIMAL_01,EVIDENCES,FIRE_119_RECORD
AE_FIRE_EM_04196,RP_TRAFFIC_01,EVIDENCES,FIRE_119_RECORD
AE_FIRE_EM_04197,RP_SLIP_TERRAIN,EVIDENCES,FIRE_119_RECORD
AE_FIRE_EM_04198,RP_SLIP_TERRAIN,EVIDENCES,FIRE_119_RECORD
AE_FIRE_EM_04199,RP_SLIP_TERRAIN,EVIDENCES,FIRE_119_RECORD
AE_FIRE_EM_04200,RP_SLIP_TERRAIN,EVIDENCES,FIRE_119_RECORD
AE_FIRE_EM_04201,RP_FIRE_01,EVIDENCES,FIRE_119_RECORD
AE_FIRE_EM_04202,RP_TRAFFIC_01,EVIDENCES,FIRE_119_RECORD
AE_FIRE_EM_04203,RP_SLIP_TERRAIN,EVIDENCES,FIRE_119_RECORD
AE_FIRE_EM_04204,RP_MACHINE_01,EVIDENCES,FIRE_119_RECORD
AE_FIRE_EM_04205,RP_TRAFFIC_01,EVIDENCES,FIRE_119_RECORD
AE_FIRE_EM_04206,RP_SLIP_TERRAIN,EVIDENCES,FIRE_119_RECORD
AE_FIRE_EM_04207,RP_TRAFFIC_01,EVIDENCES,FIRE_119_RECORD
AE_FIRE_EM_04208,RP_TRAFFIC_01,EVIDENCES,FIRE_119_RECORD
AE_FIRE_EM_04209,RP_SLIP_TERRAIN,EVIDENCES,FIRE_119_RECORD
AE_FIRE_EM_04210,RP_SLIP_TERRAIN,EVIDENCES,FIRE_119_RECORD
AE_FIRE_EM_04211,RP_SLIP_TERRAIN,EVIDENCES,FIRE_119_RECORD
AE_FIRE_EM_04212,RP_TRAFFIC_01,EVIDENCES,FIRE_119_RECORD
AE_FIRE_EM_04213,RP_TRAFFIC_01,EVIDENCES,FIRE_119_RECORD
AE_FIRE_EM_04214,RP_SLIP_TERRAIN,EVIDENCES,FIRE_119_RECORD
AE_FIRE_EM_04215,RP_TRAFFIC_01,EVIDENCES,FIRE_119_RECORD
AE_FIRE_EM_04216,RP_MACHINE_01,EVIDENCES,FIRE_119_RECORD
AE_FIRE_EM_04217,RP_TRAFFIC_01,EVIDENCES,FIRE_119_RECORD
AE_FIRE_EM_04218,RP_TRAFFIC_01,EVIDENCES,FIRE_119_RECORD
AE_FIRE_EM_04219,RP_TRAFFIC_01,EVIDENCES,FIRE_119_RECORD
AE_FIRE_EM_04220,RP_MACHINE_01,EVIDENCES,FIRE_119_RECORD
AE_FIRE_EM_04221,RP_TRAFFIC_01,EVIDENCES,FIRE_119_RECORD
AE_FIRE_EM_04222,RP_CO_01,EVIDENCES,FIRE_119_RECORD
AE_FIRE_EM_04223,RP_TRAFFIC_01,EVIDENCES,FIRE_119_RECORD
AE_FIRE_EM_04224,RP_TRAFFIC_01,EVIDENCES,FIRE_119_RECORD
AE_FIRE_EM_04225,RP_SLIP_TERRAIN,EVIDENCES,FIRE_119_RECORD
AE_FIRE_EM_04226,RP_TRAFFIC_01,EVIDENCES,FIRE_119_RECORD
AE_FIRE_EM_04227,RP_SLIP_TERRAIN,EVIDENCES,FIRE_119_RECORD
AE_FIRE_EM_04228,RP_SLIP_TERRAIN,EVIDENCES,FIRE_119_RECORD
AE_FIRE_EM_04229,RP_SLIP_TERRAIN,EVIDENCES,FIRE_119_RECORD
AE_FIRE_EM_04230,RP_SLIP_TERRAIN,EVIDENCES,FIRE_119_RECORD
AE_FIRE_EM_04231,RP_TRAFFIC_01,EVIDENCES,FIRE_119_RECORD
AE_FIRE_EM_04232,RP_TRAFFIC_01,EVIDENCES,FIRE_119_RECORD
AE_FIRE_EM_04233,RP_MACHINE_01,EVIDENCES,FIRE_119_RECORD
AE_FIRE_EM_04234,RP_MACHINE_01,EVIDENCES,FIRE_119_RECORD
AE_FIRE_EM_04235,RP_TRAFFIC_01,EVIDENCES,FIRE_119_RECORD
AE_FIRE_EM_04236,RP_MACHINE_01,EVIDENCES,FIRE_119_RECORD
AE_FIRE_EM_04237,RP_SLIP_TERRAIN,EVIDENCES,FIRE_119_RECORD
AE_FIRE_EM_04238,RP_TRAFFIC_01,EVIDENCES,FIRE_119_RECORD
AE_FIRE_EM_04239,RP_SLIP_TERRAIN,EVIDENCES,FIRE_119_RECORD
AE_FIRE_EM_04240,RP_TRAFFIC_01,EVIDENCES,FIRE_119_RECORD
AE_FIRE_EM_04241,RP_TRAFFIC_01,EVIDENCES,FIRE_119_RECORD
AE_FIRE_EM_04242,RP_FALL_CLIFF,EVIDENCES,FIRE_119_RECORD
AE_FIRE_EM_04243,RP_SLIP_TERRAIN,EVIDENCES,FIRE_119_RECORD
AE_FIRE_EM_04244,RP_MACHINE_01,EVIDENCES,FIRE_119_RECORD
AE_FIRE_EM_04245,RP_SLIP_TERRAIN,EVIDENCES,FIRE_119_RECORD
AE_FIRE_EM_04246,RP_SLIP_TERRAIN,EVIDENCES,FIRE_119_RECORD
AE_FIRE_EM_04247,RP_TRAFFIC_01,EVIDENCES,FIRE_119_RECORD
AE_FIRE_EM_04248,RP_TRAFFIC_01,EVIDENCES,FIRE_119_RECORD
AE_FIRE_EM_04249,RP_TRAFFIC_01,EVIDENCES,FIRE_119_RECORD
AE_FIRE_EM_04250,RP_ANIMAL_01,EVIDENCES,FIRE_119_RECORD
AE_FIRE_EM_04251,RP_SLIP_TERRAIN,EVIDENCES,FIRE_119_RECORD
AE_FIRE_EM_04252,RP_MACHINE_01,EVIDENCES,FIRE_119_RECORD
AE_FIRE_EM_04253,RP_SLIP_TERRAIN,EVIDENCES,FIRE_119_RECORD
AE_FIRE_EM_04254,RP_SLIP_TERRAIN,EVIDENCES,FIRE_119_RECORD
AE_FIRE_EM_04255,RP_MACHINE_01,EVIDENCES,FIRE_119_RECORD
AE_FIRE_EM_04256,RP_ANIMAL_01,EVIDENCES,FIRE_119_RECORD
AE_FIRE_EM_04257,RP_MACHINE_01,EVIDENCES,FIRE_119_RECORD
AE_FIRE_EM_04258,RP_SLIP_TERRAIN,EVIDENCES,FIRE_119_RECORD
AE_FIRE_EM_04259,RP_SLIP_TERRAIN,EVIDENCES,FIRE_119_RECORD
AE_FIRE_EM_04260,RP_MACHINE_01,EVIDENCES,FIRE_119_RECORD
AE_FIRE_EM_04261,RP_TRAFFIC_01,EVIDENCES,FIRE_119_RECORD
AE_FIRE_EM_04262,RP_ANIMAL_01,EVIDENCES,FIRE_119_RECORD
AE_FIRE_EM_04263,RP_SLIP_TERRAIN,EVIDENCES,FIRE_119_RECORD
AE_FIRE_EM_04264,RP_MACHINE_01,EVIDENCES,FIRE_119_RECORD
AE_FIRE_EM_04265,RP_MACHINE_01,EVIDENCES,FIRE_119_RECORD
AE_FIRE_EM_04266,RP_SLIP_TERRAIN,EVIDENCES,FIRE_119_RECORD
AE_FIRE_EM_04267,RP_CO_01,EVIDENCES,FIRE_119_RECORD
AE_FIRE_EM_04268,RP_ANIMAL_01,EVIDENCES,FIRE_119_RECORD
AE_FIRE_EM_04269,RP_MACHINE_01,EVIDENCES,FIRE_119_RECORD
AE_FIRE_EM_04270,RP_TRAFFIC_01,EVIDENCES,FIRE_119_RECORD
AE_FIRE_EM_04271,RP_FALL_CLIFF,EVIDENCES,FIRE_119_RECORD
AE_FIRE_EM_04272,RP_TRAFFIC_01,EVIDENCES,FIRE_119_RECORD
AE_FIRE_EM_04273,RP_TRAFFIC_01,EVIDENCES,FIRE_119_RECORD
AE_FIRE_EM_04274,RP_SLIP_TERRAIN,EVIDENCES,FIRE_119_RECORD
AE_FIRE_EM_04275,RP_SLIP_TERRAIN,EVIDENCES,FIRE_119_RECORD
AE_FIRE_EM_04276,RP_MACHINE_01,EVIDENCES,FIRE_119_RECORD
AE_FIRE_EM_04277,RP_TRAFFIC_01,EVIDENCES,FIRE_119_RECORD
AE_FIRE_EM_04278,RP_SLIP_TERRAIN,EVIDENCES,FIRE_119_RECORD
AE_FIRE_EM_04279,RP_SLIP_TERRAIN,EVIDENCES,FIRE_119_RECORD
AE_FIRE_EM_04280,RP_SLIP_TERRAIN,EVIDENCES,FIRE_119_RECORD
AE_FIRE_EM_04281,RP_TRAFFIC_01,EVIDENCES,FIRE_119_RECORD
AE_FIRE_EM_04282,RP_TRAFFIC_01,EVIDENCES,FIRE_119_RECORD
AE_FIRE_EM_04283,RP_MACHINE_01,EVIDENCES,FIRE_119_RECORD
AE_FIRE_EM_04284,RP_MACHINE_01,EVIDENCES,FIRE_119_RECORD
AE_FIRE_EM_04285,RP_TRAFFIC_01,EVIDENCES,FIRE_119_RECORD
AE_FIRE_EM_04286,RP_MACHINE_01,EVIDENCES,FIRE_119_RECORD
AE_FIRE_EM_04287,RP_TRAFFIC_01,EVIDENCES,FIRE_119_RECORD
AE_FIRE_EM_04288,RP_TRAFFIC_01,EVIDENCES,FIRE_119_RECORD
AE_FIRE_EM_04289,RP_SLIP_TERRAIN,EVIDENCES,FIRE_119_RECORD
AE_FIRE_EM_04290,RP_MACHINE_01,EVIDENCES,FIRE_119_RECORD
AE_FIRE_EM_04291,RP_TRAFFIC_01,EVIDENCES,FIRE_119_RECORD
AE_FIRE_EM_04292,RP_TRAFFIC_01,EVIDENCES,FIRE_119_RECORD
AE_FIRE_EM_04293,RP_FALL_CLIFF,EVIDENCES,FIRE_119_RECORD
AE_FIRE_EM_04294,RP_SLIP_TERRAIN,EVIDENCES,FIRE_119_RECORD
AE_FIRE_EM_04295,RP_SLIP_TERRAIN,EVIDENCES,FIRE_119_RECORD
AE_FIRE_EM_04296,RP_SLIP_TERRAIN,EVIDENCES,FIRE_119_RECORD
AE_FIRE_EM_04297,RP_TRAFFIC_01,EVIDENCES,FIRE_119_RECORD
AE_FIRE_EM_04298,RP_MACHINE_01,EVIDENCES,FIRE_119_RECORD
AE_FIRE_EM_04299,RP_TRAFFIC_01,EVIDENCES,FIRE_119_RECORD
AE_FIRE_EM_04300,RP_SLIP_TERRAIN,EVIDENCES,FIRE_119_RECORD
AE_FIRE_EM_04301,RP_SLIP_TERRAIN,EVIDENCES,FIRE_119_RECORD
AE_FIRE_EM_04302,RP_SLIP_TERRAIN,EVIDENCES,FIRE_119_RECORD
AE_FIRE_EM_04303,RP_TRAFFIC_01,EVIDENCES,FIRE_119_RECORD
AE_FIRE_EM_04304,RP_TRAFFIC_01,EVIDENCES,FIRE_119_RECORD
AE_FIRE_EM_04305,RP_TRAFFIC_01,EVIDENCES,FIRE_119_RECORD
AE_FIRE_EM_04306,RP_SLIP_TERRAIN,EVIDENCES,FIRE_119_RECORD
AE_FIRE_EM_04307,RP_SLIP_TERRAIN,EVIDENCES,FIRE_119_RECORD
AE_FIRE_EM_04308,RP_TRAFFIC_01,EVIDENCES,FIRE_119_RECORD
AE_FIRE_EM_04309,RP_SLIP_TERRAIN,EVIDENCES,FIRE_119_RECORD
AE_FIRE_EM_04310,RP_TRAFFIC_01,EVIDENCES,FIRE_119_RECORD
AE_FIRE_EM_04311,RP_ANIMAL_01,EVIDENCES,FIRE_119_RECORD
AE_FIRE_EM_04312,RP_DROWN_01,EVIDENCES,FIRE_119_RECORD
AE_FIRE_EM_04313,RP_TRAFFIC_01,EVIDENCES,FIRE_119_RECORD
AE_FIRE_EM_04314,RP_TRAFFIC_01,EVIDENCES,FIRE_119_RECORD
AE_FIRE_EM_04315,RP_TRAFFIC_01,EVIDENCES,FIRE_119_RECORD
AE_FIRE_EM_04316,RP_SLIP_TERRAIN,EVIDENCES,FIRE_119_RECORD
AE_FIRE_EM_04317,RP_SLIP_TERRAIN,EVIDENCES,FIRE_119_RECORD
AE_FIRE_EM_04318,RP_MACHINE_01,EVIDENCES,FIRE_119_RECORD
AE_FIRE_EM_04319,RP_TRAFFIC_01,EVIDENCES,FIRE_119_RECORD
AE_FIRE_EM_04320,RP_TRAFFIC_01,EVIDENCES,FIRE_119_RECORD
AE_FIRE_EM_04321,RP_FALL_CLIFF,EVIDENCES,FIRE_119_RECORD
AE_FIRE_EM_04322,RP_MACHINE_01,EVIDENCES,FIRE_119_RECORD
AE_FIRE_EM_04323,RP_SLIP_TERRAIN,EVIDENCES,FIRE_119_RECORD
AE_FIRE_EM_04324,RP_TRAFFIC_01,EVIDENCES,FIRE_119_RECORD
AE_FIRE_EM_04325,RP_MACHINE_01,EVIDENCES,FIRE_119_RECORD
AE_FIRE_EM_04326,RP_TRAFFIC_01,EVIDENCES,FIRE_119_RECORD
AE_FIRE_EM_04327,RP_SLIP_TERRAIN,EVIDENCES,FIRE_119_RECORD
AE_FIRE_EM_04328,RP_SLIP_TERRAIN,EVIDENCES,FIRE_119_RECORD
AE_FIRE_EM_04329,RP_MACHINE_01,EVIDENCES,FIRE_119_RECORD
AE_FIRE_EM_04330,RP_MACHINE_01,EVIDENCES,FIRE_119_RECORD
AE_FIRE_EM_04331,RP_MACHINE_01,EVIDENCES,FIRE_119_RECORD
AE_FIRE_EM_04332,RP_TRAFFIC_01,EVIDENCES,FIRE_119_RECORD
AE_FIRE_EM_04333,RP_TRAFFIC_01,EVIDENCES,FIRE_119_RECORD
AE_FIRE_EM_04334,RP_MACHINE_01,EVIDENCES,FIRE_119_RECORD
AE_FIRE_EM_04335,RP_SLIP_TERRAIN,EVIDENCES,FIRE_119_RECORD
AE_FIRE_EM_04336,RP_TRAFFIC_01,EVIDENCES,FIRE_119_RECORD
AE_FIRE_EM_04337,RP_TRAFFIC_01,EVIDENCES,FIRE_119_RECORD
AE_FIRE_EM_04338,RP_MACHINE_01,EVIDENCES,FIRE_119_RECORD
AE_FIRE_EM_04339,RP_MACHINE_01,EVIDENCES,FIRE_119_RECORD
AE_FIRE_EM_04340,RP_SLIP_TERRAIN,EVIDENCES,FIRE_119_RECORD
AE_FIRE_EM_04341,RP_TRAFFIC_01,EVIDENCES,FIRE_119_RECORD
AE_FIRE_EM_04342,RP_SLIP_TERRAIN,EVIDENCES,FIRE_119_RECORD
AE_FIRE_EM_04343,RP_SLIP_TERRAIN,EVIDENCES,FIRE_119_RECORD
AE_FIRE_EM_04344,RP_SLIP_TERRAIN,EVIDENCES,FIRE_119_RECORD
AE_FIRE_EM_04345,RP_TRAFFIC_01,EVIDENCES,FIRE_119_RECORD
AE_FIRE_EM_04346,RP_TRAFFIC_01,EVIDENCES,FIRE_119_RECORD
AE_FIRE_EM_04347,RP_MACHINE_01,EVIDENCES,FIRE_119_RECORD
AE_FIRE_EM_04348,RP_TRAFFIC_01,EVIDENCES,FIRE_119_RECORD
AE_FIRE_EM_04349,RP_TRAFFIC_01,EVIDENCES,FIRE_119_RECORD
AE_FIRE_EM_04350,RP_SLIP_TERRAIN,EVIDENCES,FIRE_119_RECORD
AE_FIRE_EM_04351,RP_SLIP_TERRAIN,EVIDENCES,FIRE_119_RECORD
AE_FIRE_EM_04352,RP_SLIP_TERRAIN,EVIDENCES,FIRE_119_RECORD
AE_FIRE_EM_04353,RP_TRAFFIC_01,EVIDENCES,FIRE_119_RECORD
AE_FIRE_EM_04354,RP_SLIP_TERRAIN,EVIDENCES,FIRE_119_RECORD
AE_FIRE_EM_04355,RP_SLIP_TERRAIN,EVIDENCES,FIRE_119_RECORD
AE_FIRE_EM_04356,RP_MACHINE_01,EVIDENCES,FIRE_119_RECORD
AE_FIRE_EM_04357,RP_TRAFFIC_01,EVIDENCES,FIRE_119_RECORD
AE_FIRE_EM_04358,RP_SLIP_TERRAIN,EVIDENCES,FIRE_119_RECORD
AE_FIRE_EM_04359,RP_MACHINE_01,EVIDENCES,FIRE_119_RECORD
AE_FIRE_EM_04360,RP_TRAFFIC_01,EVIDENCES,FIRE_119_RECORD
AE_FIRE_EM_04361,RP_MACHINE_01,EVIDENCES,FIRE_119_RECORD
AE_FIRE_EM_04362,RP_TRAFFIC_01,EVIDENCES,FIRE_119_RECORD
AE_FIRE_EM_04363,RP_TRAFFIC_01,EVIDENCES,FIRE_119_RECORD
AE_FIRE_EM_04364,RP_TRAFFIC_01,EVIDENCES,FIRE_119_RECORD
AE_FIRE_EM_04365,RP_MACHINE_01,EVIDENCES,FIRE_119_RECORD
AE_FIRE_EM_04366,RP_SLIP_TERRAIN,EVIDENCES,FIRE_119_RECORD
AE_FIRE_EM_04367,RP_SLIP_TERRAIN,EVIDENCES,FIRE_119_RECORD
AE_FIRE_EM_04368,RP_SLIP_TERRAIN,EVIDENCES,FIRE_119_RECORD
AE_FIRE_EM_04369,RP_SLIP_TERRAIN,EVIDENCES,FIRE_119_RECORD
AE_FIRE_EM_04370,RP_MACHINE_01,EVIDENCES,FIRE_119_RECORD
AE_FIRE_EM_04371,RP_SLIP_TERRAIN,EVIDENCES,FIRE_119_RECORD
AE_FIRE_EM_04372,RP_ANIMAL_01,EVIDENCES,FIRE_119_RECORD
AE_FIRE_EM_04373,RP_TRAFFIC_01,EVIDENCES,FIRE_119_RECORD
AE_FIRE_EM_04374,RP_TRAFFIC_01,EVIDENCES,FIRE_119_RECORD
AE_FIRE_EM_04375,RP_TRAFFIC_01,EVIDENCES,FIRE_119_RECORD
AE_FIRE_EM_04376,RP_SLIP_TERRAIN,EVIDENCES,FIRE_119_RECORD
AE_FIRE_EM_04377,RP_MACHINE_01,EVIDENCES,FIRE_119_RECORD
AE_FIRE_EM_04378,RP_SLIP_TERRAIN,EVIDENCES,FIRE_119_RECORD
AE_FIRE_EM_04379,RP_SLIP_TERRAIN,EVIDENCES,FIRE_119_RECORD
AE_FIRE_EM_04380,RP_SLIP_TERRAIN,EVIDENCES,FIRE_119_RECORD
AE_FIRE_EM_04381,RP_SLIP_TERRAIN,EVIDENCES,FIRE_119_RECORD
AE_FIRE_EM_04382,RP_SLIP_TERRAIN,EVIDENCES,FIRE_119_RECORD
AE_FIRE_EM_04383,RP_TRAFFIC_01,EVIDENCES,FIRE_119_RECORD
AE_FIRE_EM_04384,RP_MACHINE_01,EVIDENCES,FIRE_119_RECORD
AE_FIRE_EM_04385,RP_TRAFFIC_01,EVIDENCES,FIRE_119_RECORD
AE_FIRE_EM_04386,RP_MACHINE_01,EVIDENCES,FIRE_119_RECORD
AE_FIRE_EM_04387,RP_TRAFFIC_01,EVIDENCES,FIRE_119_RECORD
AE_FIRE_EM_04388,RP_FALL_CLIFF,EVIDENCES,FIRE_119_RECORD
AE_FIRE_EM_04389,RP_FALL_CLIFF,EVIDENCES,FIRE_119_RECORD
AE_FIRE_EM_04390,RP_SLIP_TERRAIN,EVIDENCES,FIRE_119_RECORD
AE_FIRE_EM_04391,RP_FALL_CLIFF,EVIDENCES,FIRE_119_RECORD
AE_FIRE_EM_04392,RP_TRAFFIC_01,EVIDENCES,FIRE_119_RECORD
AE_FIRE_EM_04393,RP_TRAFFIC_01,EVIDENCES,FIRE_119_RECORD
AE_FIRE_EM_04394,RP_TRAFFIC_01,EVIDENCES,FIRE_119_RECORD
AE_FIRE_EM_04395,RP_TRAFFIC_01,EVIDENCES,FIRE_119_RECORD
AE_FIRE_EM_04396,RP_TRAFFIC_01,EVIDENCES,FIRE_119_RECORD
AE_FIRE_EM_04397,RP_TRAFFIC_01,EVIDENCES,FIRE_119_RECORD
AE_FIRE_EM_04398,RP_TRAFFIC_01,EVIDENCES,FIRE_119_RECORD
AE_FIRE_EM_04399,RP_MACHINE_01,EVIDENCES,FIRE_119_RECORD
AE_FIRE_EM_04400,RP_SLIP_TERRAIN,EVIDENCES,FIRE_119_RECORD
AE_FIRE_EM_04401,RP_MACHINE_01,EVIDENCES,FIRE_119_RECORD
AE_FIRE_EM_04402,RP_SLIP_TERRAIN,EVIDENCES,FIRE_119_RECORD
AE_FIRE_EM_04403,RP_SLIP_TERRAIN,EVIDENCES,FIRE_119_RECORD
AE_FIRE_EM_04404,RP_TRAFFIC_01,EVIDENCES,FIRE_119_RECORD
AE_FIRE_EM_04405,RP_TRAFFIC_01,EVIDENCES,FIRE_119_RECORD
AE_FIRE_EM_04406,RP_TRAFFIC_01,EVIDENCES,FIRE_119_RECORD
AE_FIRE_EM_04407,RP_SLIP_TERRAIN,EVIDENCES,FIRE_119_RECORD
AE_FIRE_EM_04408,RP_SLIP_TERRAIN,EVIDENCES,FIRE_119_RECORD
AE_FIRE_EM_04409,RP_TRAFFIC_01,EVIDENCES,FIRE_119_RECORD
AE_FIRE_EM_04410,RP_TRAFFIC_01,EVIDENCES,FIRE_119_RECORD
AE_FIRE_EM_04411,RP_TRAFFIC_01,EVIDENCES,FIRE_119_RECORD
AE_FIRE_EM_04412,RP_TRAFFIC_01,EVIDENCES,FIRE_119_RECORD
AE_FIRE_EM_04413,RP_TRAFFIC_01,EVIDENCES,FIRE_119_RECORD
AE_FIRE_EM_04414,RP_SLIP_TERRAIN,EVIDENCES,FIRE_119_RECORD
AE_FIRE_EM_04415,RP_TRAFFIC_01,EVIDENCES,FIRE_119_RECORD
AE_FIRE_EM_04416,RP_SLIP_TERRAIN,EVIDENCES,FIRE_119_RECORD
AE_FIRE_EM_04417,RP_TRAFFIC_01,EVIDENCES,FIRE_119_RECORD
AE_FIRE_EM_04418,RP_TRAFFIC_01,EVIDENCES,FIRE_119_RECORD
AE_FIRE_EM_04419,RP_SLIP_TERRAIN,EVIDENCES,FIRE_119_RECORD
AE_FIRE_EM_04420,RP_TRAFFIC_01,EVIDENCES,FIRE_119_RECORD
AE_FIRE_EM_04421,RP_TRAFFIC_01,EVIDENCES,FIRE_119_RECORD
AE_FIRE_EM_04422,RP_ANIMAL_01,EVIDENCES,FIRE_119_RECORD
AE_FIRE_EM_04423,RP_DROWN_01,EVIDENCES,FIRE_119_RECORD
AE_FIRE_EM_04424,RP_SLIP_TERRAIN,EVIDENCES,FIRE_119_RECORD
AE_FIRE_EM_04425,RP_MACHINE_01,EVIDENCES,FIRE_119_RECORD
AE_FIRE_EM_04426,RP_MACHINE_01,EVIDENCES,FIRE_119_RECORD
AE_FIRE_EM_04427,RP_SLIP_TERRAIN,EVIDENCES,FIRE_119_RECORD
AE_FIRE_EM_04428,RP_FALL_CLIFF,EVIDENCES,FIRE_119_RECORD
AE_FIRE_EM_04429,RP_MACHINE_01,EVIDENCES,FIRE_119_RECORD
AE_FIRE_EM_04430,RP_SLIP_TERRAIN,EVIDENCES,FIRE_119_RECORD
AE_FIRE_EM_04431,RP_ANIMAL_01,EVIDENCES,FIRE_119_RECORD
AE_FIRE_EM_04432,RP_SLIP_TERRAIN,EVIDENCES,FIRE_119_RECORD
AE_FIRE_EM_04433,RP_MACHINE_01,EVIDENCES,FIRE_119_RECORD
AE_FIRE_EM_04434,RP_TRAFFIC_01,EVIDENCES,FIRE_119_RECORD
AE_FIRE_EM_04435,RP_SLIP_TERRAIN,EVIDENCES,FIRE_119_RECORD
AE_FIRE_EM_04436,RP_MACHINE_01,EVIDENCES,FIRE_119_RECORD
AE_FIRE_EM_04437,RP_TRAFFIC_01,EVIDENCES,FIRE_119_RECORD
AE_FIRE_EM_04438,RP_TRAFFIC_01,EVIDENCES,FIRE_119_RECORD
AE_FIRE_EM_04439,RP_TRAFFIC_01,EVIDENCES,FIRE_119_RECORD
AE_FIRE_EM_04440,RP_TRAFFIC_01,EVIDENCES,FIRE_119_RECORD
AE_FIRE_EM_04441,RP_TRAFFIC_01,EVIDENCES,FIRE_119_RECORD
AE_FIRE_EM_04442,RP_TRAFFIC_01,EVIDENCES,FIRE_119_RECORD
AE_FIRE_EM_04443,RP_SLIP_TERRAIN,EVIDENCES,FIRE_119_RECORD
AE_FIRE_EM_04444,RP_MACHINE_01,EVIDENCES,FIRE_119_RECORD
AE_FIRE_EM_04445,RP_SLIP_TERRAIN,EVIDENCES,FIRE_119_RECORD
AE_FIRE_EM_04446,RP_TRAFFIC_01,EVIDENCES,FIRE_119_RECORD
AE_FIRE_EM_04447,RP_TRAFFIC_01,EVIDENCES,FIRE_119_RECORD
AE_FIRE_EM_04448,RP_SLIP_TERRAIN,EVIDENCES,FIRE_119_RECORD
AE_FIRE_EM_04449,RP_SLIP_TERRAIN,EVIDENCES,FIRE_119_RECORD
AE_FIRE_EM_04450,RP_SLIP_TERRAIN,EVIDENCES,FIRE_119_RECORD
AE_FIRE_EM_04451,RP_SLIP_TERRAIN,EVIDENCES,FIRE_119_RECORD
AE_FIRE_EM_04452,RP_TRAFFIC_01,EVIDENCES,FIRE_119_RECORD
AE_FIRE_EM_04453,RP_TRAFFIC_01,EVIDENCES,FIRE_119_RECORD
AE_FIRE_EM_04454,RP_TRAFFIC_01,EVIDENCES,FIRE_119_RECORD
AE_FIRE_EM_04455,RP_TRAFFIC_01,EVIDENCES,FIRE_119_RECORD
AE_FIRE_EM_04456,RP_TRAFFIC_01,EVIDENCES,FIRE_119_RECORD
AE_FIRE_EM_04457,RP_TRAFFIC_01,EVIDENCES,FIRE_119_RECORD
AE_FIRE_EM_04458,RP_FALL_CLIFF,EVIDENCES,FIRE_119_RECORD
AE_FIRE_EM_04459,RP_MACHINE_01,EVIDENCES,FIRE_119_RECORD
AE_FIRE_EM_04460,RP_SLIP_TERRAIN,EVIDENCES,FIRE_119_RECORD
AE_FIRE_EM_04461,RP_TRAFFIC_01,EVIDENCES,FIRE_119_RECORD
AE_FIRE_EM_04462,RP_SLIP_TERRAIN,EVIDENCES,FIRE_119_RECORD
AE_FIRE_EM_04463,RP_MACHINE_01,EVIDENCES,FIRE_119_RECORD
AE_FIRE_EM_04464,RP_SLIP_TERRAIN,EVIDENCES,FIRE_119_RECORD
AE_FIRE_EM_04465,RP_TRAFFIC_01,EVIDENCES,FIRE_119_RECORD
AE_FIRE_EM_04466,RP_SLIP_TERRAIN,EVIDENCES,FIRE_119_RECORD
AE_FIRE_EM_04467,RP_SLIP_TERRAIN,EVIDENCES,FIRE_119_RECORD
AE_FIRE_EM_04468,RP_SLIP_TERRAIN,EVIDENCES,FIRE_119_RECORD
AE_FIRE_EM_04469,RP_SLIP_TERRAIN,EVIDENCES,FIRE_119_RECORD
AE_FIRE_EM_04470,RP_SLIP_TERRAIN,EVIDENCES,FIRE_119_RECORD
AE_FIRE_EM_04471,RP_SLIP_TERRAIN,EVIDENCES,FIRE_119_RECORD
AE_FIRE_EM_04472,RP_SLIP_TERRAIN,EVIDENCES,FIRE_119_RECORD
AE_FIRE_EM_04473,RP_MACHINE_01,EVIDENCES,FIRE_119_RECORD
AE_FIRE_EM_04474,RP_SLIP_TERRAIN,EVIDENCES,FIRE_119_RECORD
AE_FIRE_EM_04475,RP_TRAFFIC_01,EVIDENCES,FIRE_119_RECORD
AE_FIRE_EM_04476,RP_TRAFFIC_01,EVIDENCES,FIRE_119_RECORD
AE_FIRE_EM_04477,RP_SLIP_TERRAIN,EVIDENCES,FIRE_119_RECORD
AE_FIRE_EM_04478,RP_SLIP_TERRAIN,EVIDENCES,FIRE_119_RECORD
AE_FIRE_EM_04479,RP_SLIP_TERRAIN,EVIDENCES,FIRE_119_RECORD
AE_FIRE_EM_04480,RP_SLIP_TERRAIN,EVIDENCES,FIRE_119_RECORD
AE_FIRE_EM_04481,RP_MACHINE_01,EVIDENCES,FIRE_119_RECORD
AE_FIRE_EM_04482,RP_FALL_CLIFF,EVIDENCES,FIRE_119_RECORD
AE_FIRE_EM_04483,RP_MACHINE_01,EVIDENCES,FIRE_119_RECORD
AE_FIRE_EM_04484,RP_SLIP_TERRAIN,EVIDENCES,FIRE_119_RECORD
AE_FIRE_EM_04485,RP_TRAFFIC_01,EVIDENCES,FIRE_119_RECORD
AE_FIRE_EM_04486,RP_TRAFFIC_01,EVIDENCES,FIRE_119_RECORD
AE_FIRE_EM_04487,RP_TRAFFIC_01,EVIDENCES,FIRE_119_RECORD
AE_FIRE_EM_04488,RP_TRAFFIC_01,EVIDENCES,FIRE_119_RECORD
AE_FIRE_EM_04489,RP_SLIP_TERRAIN,EVIDENCES,FIRE_119_RECORD
AE_FIRE_EM_04490,RP_SLIP_TERRAIN,EVIDENCES,FIRE_119_RECORD
AE_FIRE_EM_04491,RP_SLIP_TERRAIN,EVIDENCES,FIRE_119_RECORD
AE_FIRE_EM_04492,RP_TRAFFIC_01,EVIDENCES,FIRE_119_RECORD
AE_FIRE_EM_04493,RP_SLIP_TERRAIN,EVIDENCES,FIRE_119_RECORD
AE_FIRE_EM_04494,RP_DROWN_01,EVIDENCES,FIRE_119_RECORD
AE_FIRE_EM_04495,RP_TRAFFIC_01,EVIDENCES,FIRE_119_RECORD
AE_FIRE_EM_04496,RP_TRAFFIC_01,EVIDENCES,FIRE_119_RECORD
AE_FIRE_EM_04497,RP_TRAFFIC_01,EVIDENCES,FIRE_119_RECORD
AE_FIRE_EM_04498,RP_TRAFFIC_01,EVIDENCES,FIRE_119_RECORD
AE_FIRE_EM_04499,RP_FALL_CLIFF,EVIDENCES,FIRE_119_RECORD
AE_FIRE_EM_04500,RP_SLIP_TERRAIN,EVIDENCES,FIRE_119_RECORD
AE_FIRE_EM_04501,RP_TRAFFIC_01,EVIDENCES,FIRE_119_RECORD
AE_FIRE_EM_04502,RP_SLIP_TERRAIN,EVIDENCES,FIRE_119_RECORD
AE_FIRE_EM_04503,RP_SLIP_TERRAIN,EVIDENCES,FIRE_119_RECORD
AE_FIRE_EM_04504,RP_MACHINE_01,EVIDENCES,FIRE_119_RECORD
AE_FIRE_EM_04505,RP_SLIP_TERRAIN,EVIDENCES,FIRE_119_RECORD
AE_FIRE_EM_04506,RP_SLIP_TERRAIN,EVIDENCES,FIRE_119_RECORD
AE_FIRE_EM_04507,RP_TRAFFIC_01,EVIDENCES,FIRE_119_RECORD
AE_FIRE_EM_04508,RP_ANIMAL_01,EVIDENCES,FIRE_119_RECORD
AE_FIRE_EM_04509,RP_TRAFFIC_01,EVIDENCES,FIRE_119_RECORD
AE_FIRE_EM_04510,RP_MACHINE_01,EVIDENCES,FIRE_119_RECORD
AE_FIRE_EM_04511,RP_TRAFFIC_01,EVIDENCES,FIRE_119_RECORD
AE_FIRE_EM_04512,RP_TRAFFIC_01,EVIDENCES,FIRE_119_RECORD
AE_FIRE_EM_04513,RP_MACHINE_01,EVIDENCES,FIRE_119_RECORD
AE_FIRE_EM_04514,RP_SLIP_TERRAIN,EVIDENCES,FIRE_119_RECORD
AE_FIRE_EM_04515,RP_FALL_CLIFF,EVIDENCES,FIRE_119_RECORD
AE_FIRE_EM_04516,RP_DROWN_01,EVIDENCES,FIRE_119_RECORD
AE_FIRE_EM_04517,RP_TRAFFIC_01,EVIDENCES,FIRE_119_RECORD
AE_FIRE_EM_04518,RP_TRAFFIC_01,EVIDENCES,FIRE_119_RECORD
AE_FIRE_EM_04519,RP_TRAFFIC_01,EVIDENCES,FIRE_119_RECORD
AE_FIRE_EM_04520,RP_TRAFFIC_01,EVIDENCES,FIRE_119_RECORD
AE_FIRE_EM_04521,RP_TRAFFIC_01,EVIDENCES,FIRE_119_RECORD
AE_FIRE_EM_04522,RP_MACHINE_01,EVIDENCES,FIRE_119_RECORD
AE_FIRE_EM_04523,RP_TRAFFIC_01,EVIDENCES,FIRE_119_RECORD
AE_FIRE_EM_04524,RP_TRAFFIC_01,EVIDENCES,FIRE_119_RECORD
AE_FIRE_EM_04525,RP_ANIMAL_01,EVIDENCES,FIRE_119_RECORD
AE_FIRE_EM_04526,RP_TRAFFIC_01,EVIDENCES,FIRE_119_RECORD
AE_FIRE_EM_04527,RP_TRAFFIC_01,EVIDENCES,FIRE_119_RECORD
AE_FIRE_EM_04528,RP_TRAFFIC_01,EVIDENCES,FIRE_119_RECORD
AE_FIRE_EM_04529,RP_TRAFFIC_01,EVIDENCES,FIRE_119_RECORD
AE_FIRE_EM_04530,RP_SLIP_TERRAIN,EVIDENCES,FIRE_119_RECORD
AE_FIRE_EM_04531,RP_SLIP_TERRAIN,EVIDENCES,FIRE_119_RECORD
AE_FIRE_EM_04532,RP_TRAFFIC_01,EVIDENCES,FIRE_119_RECORD
AE_FIRE_EM_04533,RP_TRAFFIC_01,EVIDENCES,FIRE_119_RECORD
AE_FIRE_EM_04534,RP_TRAFFIC_01,EVIDENCES,FIRE_119_RECORD
AE_FIRE_EM_04535,RP_TRAFFIC_01,EVIDENCES,FIRE_119_RECORD
AE_FIRE_EM_04536,RP_TRAFFIC_01,EVIDENCES,FIRE_119_RECORD
AE_FIRE_EM_04537,RP_TRAFFIC_01,EVIDENCES,FIRE_119_RECORD
AE_FIRE_EM_04538,RP_MACHINE_01,EVIDENCES,FIRE_119_RECORD
AE_FIRE_EM_04539,RP_SLIP_TERRAIN,EVIDENCES,FIRE_119_RECORD
AE_FIRE_EM_04540,RP_SLIP_TERRAIN,EVIDENCES,FIRE_119_RECORD
AE_FIRE_EM_04541,RP_SLIP_TERRAIN,EVIDENCES,FIRE_119_RECORD
AE_FIRE_EM_04542,RP_TRAFFIC_01,EVIDENCES,FIRE_119_RECORD
AE_FIRE_EM_04543,RP_SLIP_TERRAIN,EVIDENCES,FIRE_119_RECORD
AE_FIRE_EM_04544,RP_MACHINE_01,EVIDENCES,FIRE_119_RECORD
AE_FIRE_EM_04545,RP_SLIP_TERRAIN,EVIDENCES,FIRE_119_RECORD
AE_FIRE_EM_04546,RP_SLIP_TERRAIN,EVIDENCES,FIRE_119_RECORD
AE_FIRE_EM_04547,RP_SLIP_TERRAIN,EVIDENCES,FIRE_119_RECORD
AE_FIRE_EM_04548,RP_FALL_CLIFF,EVIDENCES,FIRE_119_RECORD
AE_FIRE_EM_04549,RP_TRAFFIC_01,EVIDENCES,FIRE_119_RECORD
AE_FIRE_EM_04550,RP_SLIP_TERRAIN,EVIDENCES,FIRE_119_RECORD
AE_FIRE_EM_04551,RP_SLIP_TERRAIN,EVIDENCES,FIRE_119_RECORD
AE_FIRE_EM_04552,RP_FALL_CLIFF,EVIDENCES,FIRE_119_RECORD
AE_FIRE_EM_04553,RP_TRAFFIC_01,EVIDENCES,FIRE_119_RECORD
AE_FIRE_EM_04554,RP_MACHINE_01,EVIDENCES,FIRE_119_RECORD
AE_FIRE_EM_04555,RP_SLIP_TERRAIN,EVIDENCES,FIRE_119_RECORD
AE_FIRE_EM_04556,RP_TRAFFIC_01,EVIDENCES,FIRE_119_RECORD
AE_FIRE_EM_04557,RP_TRAFFIC_01,EVIDENCES,FIRE_119_RECORD
AE_FIRE_EM_04558,RP_TRAFFIC_01,EVIDENCES,FIRE_119_RECORD
AE_FIRE_EM_04559,RP_TRAFFIC_01,EVIDENCES,FIRE_119_RECORD
AE_FIRE_EM_04560,RP_TRAFFIC_01,EVIDENCES,FIRE_119_RECORD
AE_FIRE_EM_04561,RP_SLIP_TERRAIN,EVIDENCES,FIRE_119_RECORD
AE_FIRE_EM_04562,RP_TRAFFIC_01,EVIDENCES,FIRE_119_RECORD
AE_FIRE_EM_04563,RP_TRAFFIC_01,EVIDENCES,FIRE_119_RECORD
AE_FIRE_EM_04564,RP_SLIP_TERRAIN,EVIDENCES,FIRE_119_RECORD
AE_FIRE_EM_04565,RP_TRAFFIC_01,EVIDENCES,FIRE_119_RECORD
AE_FIRE_EM_04566,RP_TRAFFIC_01,EVIDENCES,FIRE_119_RECORD
AE_FIRE_EM_04567,RP_TRAFFIC_01,EVIDENCES,FIRE_119_RECORD
AE_FIRE_EM_04568,RP_FALL_CLIFF,EVIDENCES,FIRE_119_RECORD
AE_FIRE_EM_04569,RP_TRAFFIC_01,EVIDENCES,FIRE_119_RECORD
AE_FIRE_EM_04570,RP_TRAFFIC_01,EVIDENCES,FIRE_119_RECORD
AE_FIRE_EM_04571,RP_MACHINE_01,EVIDENCES,FIRE_119_RECORD
AE_FIRE_EM_04572,RP_TRAFFIC_01,EVIDENCES,FIRE_119_RECORD
AE_FIRE_EM_04573,RP_FALL_CLIFF,EVIDENCES,FIRE_119_RECORD
AE_FIRE_EM_04574,RP_SLIP_TERRAIN,EVIDENCES,FIRE_119_RECORD
AE_FIRE_EM_04575,RP_TRAFFIC_01,EVIDENCES,FIRE_119_RECORD
AE_FIRE_EM_04576,RP_TRAFFIC_01,EVIDENCES,FIRE_119_RECORD
AE_FIRE_EM_04577,RP_TRAFFIC_01,EVIDENCES,FIRE_119_RECORD
AE_FIRE_EM_04578,RP_FALL_CLIFF,EVIDENCES,FIRE_119_RECORD
AE_FIRE_EM_04579,RP_FALL_CLIFF,EVIDENCES,FIRE_119_RECORD
AE_FIRE_EM_04580,RP_SLIP_TERRAIN,EVIDENCES,FIRE_119_RECORD
AE_FIRE_EM_04581,RP_SLIP_TERRAIN,EVIDENCES,FIRE_119_RECORD
AE_FIRE_EM_04582,RP_SLIP_TERRAIN,EVIDENCES,FIRE_119_RECORD
AE_FIRE_EM_04583,RP_SLIP_TERRAIN,EVIDENCES,FIRE_119_RECORD
AE_FIRE_EM_04584,RP_ANIMAL_01,EVIDENCES,FIRE_119_RECORD
AE_FIRE_EM_04585,RP_ANIMAL_01,EVIDENCES,FIRE_119_RECORD
AE_FIRE_EM_04586,RP_SLIP_TERRAIN,EVIDENCES,FIRE_119_RECORD
AE_FIRE_EM_04587,RP_SLIP_TERRAIN,EVIDENCES,FIRE_119_RECORD
AE_FIRE_EM_04588,RP_TRAFFIC_01,EVIDENCES,FIRE_119_RECORD
AE_FIRE_EM_04589,RP_TRAFFIC_01,EVIDENCES,FIRE_119_RECORD
AE_FIRE_EM_04590,RP_ANIMAL_01,EVIDENCES,FIRE_119_RECORD
AE_FIRE_EM_04591,RP_SLIP_TERRAIN,EVIDENCES,FIRE_119_RECORD
AE_FIRE_EM_04592,RP_SLIP_TERRAIN,EVIDENCES,FIRE_119_RECORD
AE_FIRE_EM_04593,RP_TRAFFIC_01,EVIDENCES,FIRE_119_RECORD
AE_FIRE_EM_04594,RP_TRAFFIC_01,EVIDENCES,FIRE_119_RECORD
AE_FIRE_EM_04595,RP_TRAFFIC_01,EVIDENCES,FIRE_119_RECORD
AE_FIRE_EM_04596,RP_SLIP_TERRAIN,EVIDENCES,FIRE_119_RECORD
AE_FIRE_EM_04597,RP_SLIP_TERRAIN,EVIDENCES,FIRE_119_RECORD
AE_FIRE_EM_04598,RP_SLIP_TERRAIN,EVIDENCES,FIRE_119_RECORD
AE_FIRE_EM_04599,RP_TRAFFIC_01,EVIDENCES,FIRE_119_RECORD
AE_FIRE_EM_04600,RP_SLIP_TERRAIN,EVIDENCES,FIRE_119_RECORD
AE_FIRE_EM_04601,RP_MACHINE_01,EVIDENCES,FIRE_119_RECORD
AE_FIRE_EM_04602,RP_MACHINE_01,EVIDENCES,FIRE_119_RECORD
AE_FIRE_EM_04603,RP_SLIP_TERRAIN,EVIDENCES,FIRE_119_RECORD
AE_FIRE_EM_04604,RP_TRAFFIC_01,EVIDENCES,FIRE_119_RECORD
AE_FIRE_EM_04605,RP_TRAFFIC_01,EVIDENCES,FIRE_119_RECORD
AE_FIRE_EM_04606,RP_SLIP_TERRAIN,EVIDENCES,FIRE_119_RECORD
AE_FIRE_EM_04607,RP_SLIP_TERRAIN,EVIDENCES,FIRE_119_RECORD
AE_FIRE_EM_04608,RP_MACHINE_01,EVIDENCES,FIRE_119_RECORD
AE_FIRE_EM_04609,RP_ANIMAL_01,EVIDENCES,FIRE_119_RECORD
AE_FIRE_EM_04610,RP_TRAFFIC_01,EVIDENCES,FIRE_119_RECORD
AE_FIRE_EM_04611,RP_TRAFFIC_01,EVIDENCES,FIRE_119_RECORD
AE_FIRE_EM_04612,RP_TRAFFIC_01,EVIDENCES,FIRE_119_RECORD
AE_FIRE_EM_04613,RP_TRAFFIC_01,EVIDENCES,FIRE_119_RECORD
AE_FIRE_EM_04614,RP_TRAFFIC_01,EVIDENCES,FIRE_119_RECORD
AE_FIRE_EM_04615,RP_TRAFFIC_01,EVIDENCES,FIRE_119_RECORD
AE_FIRE_EM_04616,RP_TRAFFIC_01,EVIDENCES,FIRE_119_RECORD
AE_FIRE_EM_04617,RP_TRAFFIC_01,EVIDENCES,FIRE_119_RECORD
AE_FIRE_EM_04618,RP_TRAFFIC_01,EVIDENCES,FIRE_119_RECORD
AE_FIRE_EM_04619,RP_SLIP_TERRAIN,EVIDENCES,FIRE_119_RECORD
AE_FIRE_EM_04620,RP_MACHINE_01,EVIDENCES,FIRE_119_RECORD
AE_FIRE_EM_04621,RP_ANIMAL_01,EVIDENCES,FIRE_119_RECORD
AE_FIRE_EM_04622,RP_TRAFFIC_01,EVIDENCES,FIRE_119_RECORD
AE_FIRE_EM_04623,RP_TRAFFIC_01,EVIDENCES,FIRE_119_RECORD
AE_FIRE_EM_04624,RP_TRAFFIC_01,EVIDENCES,FIRE_119_RECORD
AE_FIRE_EM_04625,RP_TRAFFIC_01,EVIDENCES,FIRE_119_RECORD
AE_FIRE_EM_04626,RP_TRAFFIC_01,EVIDENCES,FIRE_119_RECORD
AE_FIRE_EM_04627,RP_SLIP_TERRAIN,EVIDENCES,FIRE_119_RECORD
AE_FIRE_EM_04628,RP_TRAFFIC_01,EVIDENCES,FIRE_119_RECORD
AE_FIRE_EM_04629,RP_TRAFFIC_01,EVIDENCES,FIRE_119_RECORD
AE_FIRE_EM_04630,RP_SLIP_TERRAIN,EVIDENCES,FIRE_119_RECORD
AE_FIRE_EM_04631,RP_MACHINE_01,EVIDENCES,FIRE_119_RECORD
AE_FIRE_EM_04632,RP_SLIP_TERRAIN,EVIDENCES,FIRE_119_RECORD
AE_FIRE_EM_04633,RP_SLIP_TERRAIN,EVIDENCES,FIRE_119_RECORD
AE_FIRE_EM_04634,RP_MACHINE_01,EVIDENCES,FIRE_119_RECORD
AE_FIRE_EM_04635,RP_MACHINE_01,EVIDENCES,FIRE_119_RECORD
AE_FIRE_EM_04636,RP_TRAFFIC_01,EVIDENCES,FIRE_119_RECORD
AE_FIRE_EM_04637,RP_MACHINE_01,EVIDENCES,FIRE_119_RECORD
AE_FIRE_EM_04638,RP_SLIP_TERRAIN,EVIDENCES,FIRE_119_RECORD
AE_FIRE_EM_04639,RP_TRAFFIC_01,EVIDENCES,FIRE_119_RECORD
AE_FIRE_EM_04640,RP_TRAFFIC_01,EVIDENCES,FIRE_119_RECORD
AE_FIRE_EM_04641,RP_TRAFFIC_01,EVIDENCES,FIRE_119_RECORD
AE_FIRE_EM_04642,RP_SLIP_TERRAIN,EVIDENCES,FIRE_119_RECORD
AE_FIRE_EM_04643,RP_TRAFFIC_01,EVIDENCES,FIRE_119_RECORD
AE_FIRE_EM_04644,RP_SLIP_TERRAIN,EVIDENCES,FIRE_119_RECORD
AE_FIRE_EM_04645,RP_MACHINE_01,EVIDENCES,FIRE_119_RECORD
AE_FIRE_EM_04646,RP_SLIP_TERRAIN,EVIDENCES,FIRE_119_RECORD
AE_FIRE_EM_04647,RP_MACHINE_01,EVIDENCES,FIRE_119_RECORD
AE_FIRE_EM_04648,RP_SLIP_TERRAIN,EVIDENCES,FIRE_119_RECORD
AE_FIRE_EM_04649,RP_MACHINE_01,EVIDENCES,FIRE_119_RECORD
AE_FIRE_EM_04650,RP_ANIMAL_01,EVIDENCES,FIRE_119_RECORD
AE_FIRE_EM_04651,RP_ANIMAL_01,EVIDENCES,FIRE_119_RECORD
AE_FIRE_EM_04652,RP_SLIP_TERRAIN,EVIDENCES,FIRE_119_RECORD
AE_FIRE_EM_04653,RP_SLIP_TERRAIN,EVIDENCES,FIRE_119_RECORD
AE_FIRE_EM_04654,RP_SLIP_TERRAIN,EVIDENCES,FIRE_119_RECORD
AE_FIRE_EM_04655,RP_SLIP_TERRAIN,EVIDENCES,FIRE_119_RECORD
AE_FIRE_EM_04656,RP_MACHINE_01,EVIDENCES,FIRE_119_RECORD
AE_FIRE_EM_04657,RP_ANIMAL_01,EVIDENCES,FIRE_119_RECORD
AE_FIRE_EM_04658,RP_SLIP_TERRAIN,EVIDENCES,FIRE_119_RECORD
AE_FIRE_EM_04659,RP_SLIP_TERRAIN,EVIDENCES,FIRE_119_RECORD
AE_FIRE_EM_04660,RP_MACHINE_01,EVIDENCES,FIRE_119_RECORD
AE_FIRE_EM_04661,RP_SLIP_TERRAIN,EVIDENCES,FIRE_119_RECORD
AE_FIRE_EM_04662,RP_SLIP_TERRAIN,EVIDENCES,FIRE_119_RECORD
AE_FIRE_EM_04663,RP_TRAFFIC_01,EVIDENCES,FIRE_119_RECORD
AE_FIRE_EM_04664,RP_MACHINE_01,EVIDENCES,FIRE_119_RECORD
AE_FIRE_EM_04665,RP_FALL_CLIFF,EVIDENCES,FIRE_119_RECORD
AE_FIRE_EM_04666,RP_TRAFFIC_01,EVIDENCES,FIRE_119_RECORD
AE_FIRE_EM_04667,RP_TRAFFIC_01,EVIDENCES,FIRE_119_RECORD
AE_FIRE_EM_04668,RP_SLIP_TERRAIN,EVIDENCES,FIRE_119_RECORD
AE_FIRE_EM_04669,RP_MACHINE_01,EVIDENCES,FIRE_119_RECORD
AE_FIRE_EM_04670,RP_TRAFFIC_01,EVIDENCES,FIRE_119_RECORD
AE_FIRE_EM_04671,RP_TRAFFIC_01,EVIDENCES,FIRE_119_RECORD
AE_FIRE_EM_04672,RP_TRAFFIC_01,EVIDENCES,FIRE_119_RECORD
AE_FIRE_EM_04673,RP_TRAFFIC_01,EVIDENCES,FIRE_119_RECORD
AE_FIRE_EM_04674,RP_SLIP_TERRAIN,EVIDENCES,FIRE_119_RECORD
AE_FIRE_EM_04675,RP_SLIP_TERRAIN,EVIDENCES,FIRE_119_RECORD
AE_FIRE_EM_04676,RP_FALL_CLIFF,EVIDENCES,FIRE_119_RECORD
AE_FIRE_EM_04677,RP_SLIP_TERRAIN,EVIDENCES,FIRE_119_RECORD
AE_FIRE_EM_04678,RP_MACHINE_01,EVIDENCES,FIRE_119_RECORD
AE_FIRE_EM_04679,RP_TRAFFIC_01,EVIDENCES,FIRE_119_RECORD
AE_FIRE_EM_04680,RP_MACHINE_01,EVIDENCES,FIRE_119_RECORD
AE_FIRE_EM_04681,RP_SLIP_TERRAIN,EVIDENCES,FIRE_119_RECORD
AE_FIRE_EM_04682,RP_TRAFFIC_01,EVIDENCES,FIRE_119_RECORD
AE_FIRE_EM_04683,RP_TRAFFIC_01,EVIDENCES,FIRE_119_RECORD
AE_FIRE_EM_04684,RP_TRAFFIC_01,EVIDENCES,FIRE_119_RECORD
AE_FIRE_EM_04685,RP_ANIMAL_01,EVIDENCES,FIRE_119_RECORD
AE_FIRE_EM_04686,RP_FALL_CLIFF,EVIDENCES,FIRE_119_RECORD
AE_FIRE_EM_04687,RP_TRAFFIC_01,EVIDENCES,FIRE_119_RECORD
AE_FIRE_EM_04688,RP_SLIP_TERRAIN,EVIDENCES,FIRE_119_RECORD
AE_FIRE_EM_04689,RP_TRAFFIC_01,EVIDENCES,FIRE_119_RECORD
AE_FIRE_EM_04690,RP_ANIMAL_01,EVIDENCES,FIRE_119_RECORD
AE_FIRE_EM_04691,RP_MACHINE_01,EVIDENCES,FIRE_119_RECORD
AE_FIRE_EM_04692,RP_ANIMAL_01,EVIDENCES,FIRE_119_RECORD
AE_FIRE_EM_04693,RP_MACHINE_01,EVIDENCES,FIRE_119_RECORD
AE_FIRE_EM_04694,RP_ANIMAL_01,EVIDENCES,FIRE_119_RECORD
AE_FIRE_EM_04695,RP_SLIP_TERRAIN,EVIDENCES,FIRE_119_RECORD
AE_FIRE_EM_04696,RP_TRAFFIC_01,EVIDENCES,FIRE_119_RECORD
AE_FIRE_EM_04697,RP_TRAFFIC_01,EVIDENCES,FIRE_119_RECORD
AE_FIRE_EM_04698,RP_TRAFFIC_01,EVIDENCES,FIRE_119_RECORD
AE_FIRE_EM_04699,RP_TRAFFIC_01,EVIDENCES,FIRE_119_RECORD
AE_FIRE_EM_04700,RP_SLIP_TERRAIN,EVIDENCES,FIRE_119_RECORD
AE_FIRE_EM_04701,RP_SLIP_TERRAIN,EVIDENCES,FIRE_119_RECORD
AE_FIRE_EM_04702,RP_SLIP_TERRAIN,EVIDENCES,FIRE_119_RECORD
AE_FIRE_EM_04703,RP_TRAFFIC_01,EVIDENCES,FIRE_119_RECORD
AE_FIRE_EM_04704,RP_TRAFFIC_01,EVIDENCES,FIRE_119_RECORD
AE_FIRE_EM_04705,RP_TRAFFIC_01,EVIDENCES,FIRE_119_RECORD
AE_FIRE_EM_04706,RP_SLIP_TERRAIN,EVIDENCES,FIRE_119_RECORD
AE_FIRE_EM_04707,RP_DROWN_01,EVIDENCES,FIRE_119_RECORD
AE_FIRE_EM_04708,RP_MACHINE_01,EVIDENCES,FIRE_119_RECORD
AE_FIRE_EM_04709,RP_MACHINE_01,EVIDENCES,FIRE_119_RECORD
AE_FIRE_EM_04710,RP_SLIP_TERRAIN,EVIDENCES,FIRE_119_RECORD
AE_FIRE_EM_04711,RP_SLIP_TERRAIN,EVIDENCES,FIRE_119_RECORD
AE_FIRE_EM_04712,RP_SLIP_TERRAIN,EVIDENCES,FIRE_119_RECORD
AE_FIRE_EM_04713,RP_MACHINE_01,EVIDENCES,FIRE_119_RECORD
AE_FIRE_EM_04714,RP_TRAFFIC_01,EVIDENCES,FIRE_119_RECORD
AE_FIRE_EM_04715,RP_DROWN_01,EVIDENCES,FIRE_119_RECORD
AE_FIRE_EM_04716,RP_TRAFFIC_01,EVIDENCES,FIRE_119_RECORD
AE_FIRE_EM_04717,RP_TRAFFIC_01,EVIDENCES,FIRE_119_RECORD
AE_FIRE_EM_04718,RP_SLIP_TERRAIN,EVIDENCES,FIRE_119_RECORD
AE_FIRE_EM_04719,RP_TRAFFIC_01,EVIDENCES,FIRE_119_RECORD
AE_FIRE_EM_04720,RP_TRAFFIC_01,EVIDENCES,FIRE_119_RECORD
AE_FIRE_EM_04721,RP_TRAFFIC_01,EVIDENCES,FIRE_119_RECORD
AE_FIRE_EM_04722,RP_TRAFFIC_01,EVIDENCES,FIRE_119_RECORD
AE_FIRE_EM_04723,RP_SLIP_TERRAIN,EVIDENCES,FIRE_119_RECORD
AE_FIRE_EM_04724,RP_MACHINE_01,EVIDENCES,FIRE_119_RECORD
AE_FIRE_EM_04725,RP_ANIMAL_01,EVIDENCES,FIRE_119_RECORD
AE_FIRE_EM_04726,RP_TRAFFIC_01,EVIDENCES,FIRE_119_RECORD
AE_FIRE_EM_04727,RP_MACHINE_01,EVIDENCES,FIRE_119_RECORD
AE_FIRE_EM_04728,RP_ANIMAL_01,EVIDENCES,FIRE_119_RECORD
AE_FIRE_EM_04729,RP_SLIP_TERRAIN,EVIDENCES,FIRE_119_RECORD
AE_FIRE_EM_04730,RP_HEAT_02,EVIDENCES,FIRE_119_RECORD
AE_FIRE_EM_04731,RP_MACHINE_01,EVIDENCES,FIRE_119_RECORD
AE_FIRE_EM_04732,RP_TRAFFIC_01,EVIDENCES,FIRE_119_RECORD
AE_FIRE_EM_04733,RP_ANIMAL_01,EVIDENCES,FIRE_119_RECORD
AE_FIRE_EM_04734,RP_SLIP_TERRAIN,EVIDENCES,FIRE_119_RECORD
AE_FIRE_EM_04735,RP_MACHINE_01,EVIDENCES,FIRE_119_RECORD
AE_FIRE_EM_04736,RP_SLIP_TERRAIN,EVIDENCES,FIRE_119_RECORD
AE_FIRE_EM_04737,RP_TRAFFIC_01,EVIDENCES,FIRE_119_RECORD
AE_FIRE_EM_04738,RP_SLIP_TERRAIN,EVIDENCES,FIRE_119_RECORD
AE_FIRE_EM_04739,RP_ANIMAL_01,EVIDENCES,FIRE_119_RECORD
AE_FIRE_EM_04740,RP_TRAFFIC_01,EVIDENCES,FIRE_119_RECORD
AE_FIRE_EM_04741,RP_TRAFFIC_01,EVIDENCES,FIRE_119_RECORD
AE_FIRE_EM_04742,RP_TRAFFIC_01,EVIDENCES,FIRE_119_RECORD
AE_FIRE_EM_04743,RP_ANIMAL_01,EVIDENCES,FIRE_119_RECORD
AE_FIRE_EM_04744,RP_TRAFFIC_01,EVIDENCES,FIRE_119_RECORD
AE_FIRE_EM_04745,RP_TRAFFIC_01,EVIDENCES,FIRE_119_RECORD
AE_FIRE_EM_04746,RP_SLIP_TERRAIN,EVIDENCES,FIRE_119_RECORD
AE_FIRE_EM_04747,RP_SLIP_TERRAIN,EVIDENCES,FIRE_119_RECORD
AE_FIRE_EM_04748,RP_MACHINE_01,EVIDENCES,FIRE_119_RECORD
AE_FIRE_EM_04749,RP_ANIMAL_01,EVIDENCES,FIRE_119_RECORD
AE_FIRE_EM_04750,RP_SLIP_TERRAIN,EVIDENCES,FIRE_119_RECORD
AE_FIRE_EM_04751,RP_FALL_CLIFF,EVIDENCES,FIRE_119_RECORD
AE_FIRE_EM_04752,RP_SLIP_TERRAIN,EVIDENCES,FIRE_119_RECORD
AE_FIRE_EM_04753,RP_SLIP_TERRAIN,EVIDENCES,FIRE_119_RECORD
AE_FIRE_EM_04754,RP_FALL_CLIFF,EVIDENCES,FIRE_119_RECORD
AE_FIRE_EM_04755,RP_DROWN_01,EVIDENCES,FIRE_119_RECORD
AE_FIRE_EM_04756,RP_TRAFFIC_01,EVIDENCES,FIRE_119_RECORD
AE_FIRE_EM_04757,RP_TRAFFIC_01,EVIDENCES,FIRE_119_RECORD
AE_FIRE_EM_04758,RP_SLIP_TERRAIN,EVIDENCES,FIRE_119_RECORD
AE_FIRE_EM_04759,RP_SLIP_TERRAIN,EVIDENCES,FIRE_119_RECORD
AE_FIRE_EM_04760,RP_TRAFFIC_01,EVIDENCES,FIRE_119_RECORD
AE_FIRE_EM_04761,RP_MACHINE_01,EVIDENCES,FIRE_119_RECORD
AE_FIRE_EM_04762,RP_SLIP_TERRAIN,EVIDENCES,FIRE_119_RECORD
AE_FIRE_EM_04763,RP_SLIP_TERRAIN,EVIDENCES,FIRE_119_RECORD
AE_FIRE_EM_04764,RP_TRAFFIC_01,EVIDENCES,FIRE_119_RECORD
AE_FIRE_EM_04765,RP_TRAFFIC_01,EVIDENCES,FIRE_119_RECORD
AE_FIRE_EM_04766,RP_TRAFFIC_01,EVIDENCES,FIRE_119_RECORD
AE_FIRE_EM_04767,RP_SLIP_TERRAIN,EVIDENCES,FIRE_119_RECORD
AE_FIRE_EM_04768,RP_TRAFFIC_01,EVIDENCES,FIRE_119_RECORD
AE_FIRE_EM_04769,RP_SLIP_TERRAIN,EVIDENCES,FIRE_119_RECORD
AE_FIRE_EM_04770,RP_MACHINE_01,EVIDENCES,FIRE_119_RECORD
AE_FIRE_EM_04771,RP_MACHINE_01,EVIDENCES,FIRE_119_RECORD
AE_FIRE_EM_04772,RP_SLIP_TERRAIN,EVIDENCES,FIRE_119_RECORD
AE_FIRE_EM_04773,RP_SLIP_TERRAIN,EVIDENCES,FIRE_119_RECORD
AE_FIRE_EM_04774,RP_MACHINE_01,EVIDENCES,FIRE_119_RECORD
AE_FIRE_EM_04775,RP_SLIP_TERRAIN,EVIDENCES,FIRE_119_RECORD
AE_FIRE_EM_04776,RP_SLIP_TERRAIN,EVIDENCES,FIRE_119_RECORD
AE_FIRE_EM_04777,RP_SLIP_TERRAIN,EVIDENCES,FIRE_119_RECORD
AE_FIRE_EM_04778,RP_SLIP_TERRAIN,EVIDENCES,FIRE_119_RECORD
AE_FIRE_EM_04779,RP_ANIMAL_01,EVIDENCES,FIRE_119_RECORD
AE_FIRE_EM_04780,RP_SLIP_TERRAIN,EVIDENCES,FIRE_119_RECORD
AE_FIRE_EM_04781,RP_TRAFFIC_01,EVIDENCES,FIRE_119_RECORD
AE_FIRE_EM_04782,RP_SLIP_TERRAIN,EVIDENCES,FIRE_119_RECORD
AE_FIRE_EM_04783,RP_TRAFFIC_01,EVIDENCES,FIRE_119_RECORD
AE_FIRE_EM_04784,RP_MACHINE_01,EVIDENCES,FIRE_119_RECORD
AE_FIRE_EM_04785,RP_TRAFFIC_01,EVIDENCES,FIRE_119_RECORD
AE_FIRE_EM_04786,RP_SLIP_TERRAIN,EVIDENCES,FIRE_119_RECORD
AE_FIRE_EM_04787,RP_SLIP_TERRAIN,EVIDENCES,FIRE_119_RECORD
AE_FIRE_EM_04788,RP_MACHINE_01,EVIDENCES,FIRE_119_RECORD
AE_FIRE_EM_04789,RP_TRAFFIC_01,EVIDENCES,FIRE_119_RECORD
AE_FIRE_EM_04790,RP_SLIP_TERRAIN,EVIDENCES,FIRE_119_RECORD
AE_FIRE_EM_04791,RP_TRAFFIC_01,EVIDENCES,FIRE_119_RECORD
AE_FIRE_EM_04792,RP_SLIP_TERRAIN,EVIDENCES,FIRE_119_RECORD
AE_FIRE_EM_04793,RP_TRAFFIC_01,EVIDENCES,FIRE_119_RECORD
AE_FIRE_EM_04794,RP_TRAFFIC_01,EVIDENCES,FIRE_119_RECORD
AE_FIRE_EM_04795,RP_SLIP_TERRAIN,EVIDENCES,FIRE_119_RECORD
AE_FIRE_EM_04796,RP_TRAFFIC_01,EVIDENCES,FIRE_119_RECORD
AE_FIRE_EM_04797,RP_TRAFFIC_01,EVIDENCES,FIRE_119_RECORD
AE_FIRE_EM_04798,RP_SLIP_TERRAIN,EVIDENCES,FIRE_119_RECORD
AE_FIRE_EM_04799,RP_SLIP_TERRAIN,EVIDENCES,FIRE_119_RECORD
AE_FIRE_EM_04800,RP_TRAFFIC_01,EVIDENCES,FIRE_119_RECORD
AE_FIRE_EM_04801,RP_MACHINE_01,EVIDENCES,FIRE_119_RECORD
AE_FIRE_EM_04802,RP_TRAFFIC_01,EVIDENCES,FIRE_119_RECORD
AE_FIRE_EM_04803,RP_SLIP_TERRAIN,EVIDENCES,FIRE_119_RECORD
AE_FIRE_EM_04804,RP_MACHINE_01,EVIDENCES,FIRE_119_RECORD
AE_FIRE_EM_04805,RP_SLIP_TERRAIN,EVIDENCES,FIRE_119_RECORD
AE_FIRE_EM_04806,RP_SLIP_TERRAIN,EVIDENCES,FIRE_119_RECORD
AE_FIRE_EM_04807,RP_SLIP_TERRAIN,EVIDENCES,FIRE_119_RECORD
AE_FIRE_EM_04808,RP_SLIP_TERRAIN,EVIDENCES,FIRE_119_RECORD
AE_FIRE_EM_04809,RP_SLIP_TERRAIN,EVIDENCES,FIRE_119_RECORD
AE_FIRE_EM_04810,RP_MACHINE_01,EVIDENCES,FIRE_119_RECORD
AE_FIRE_EM_04811,RP_TRAFFIC_01,EVIDENCES,FIRE_119_RECORD
AE_FIRE_EM_04812,RP_MACHINE_01,EVIDENCES,FIRE_119_RECORD
AE_FIRE_EM_04813,RP_TRAFFIC_01,EVIDENCES,FIRE_119_RECORD
AE_FIRE_EM_04814,RP_SLIP_TERRAIN,EVIDENCES,FIRE_119_RECORD
AE_FIRE_EM_04815,RP_SLIP_TERRAIN,EVIDENCES,FIRE_119_RECORD
AE_FIRE_EM_04816,RP_TRAFFIC_01,EVIDENCES,FIRE_119_RECORD
AE_FIRE_EM_04817,RP_TRAFFIC_01,EVIDENCES,FIRE_119_RECORD
AE_FIRE_EM_04818,RP_TRAFFIC_01,EVIDENCES,FIRE_119_RECORD
AE_FIRE_EM_04819,RP_TRAFFIC_01,EVIDENCES,FIRE_119_RECORD
AE_FIRE_EM_04820,RP_SLIP_TERRAIN,EVIDENCES,FIRE_119_RECORD
AE_FIRE_EM_04821,RP_MACHINE_01,EVIDENCES,FIRE_119_RECORD
AE_FIRE_EM_04822,RP_SLIP_TERRAIN,EVIDENCES,FIRE_119_RECORD
AE_FIRE_EM_04823,RP_TRAFFIC_01,EVIDENCES,FIRE_119_RECORD
AE_FIRE_EM_04824,RP_SLIP_TERRAIN,EVIDENCES,FIRE_119_RECORD
AE_FIRE_EM_04825,RP_SLIP_TERRAIN,EVIDENCES,FIRE_119_RECORD
AE_FIRE_EM_04826,RP_TRAFFIC_01,EVIDENCES,FIRE_119_RECORD
AE_FIRE_EM_04827,RP_TRAFFIC_01,EVIDENCES,FIRE_119_RECORD
AE_FIRE_EM_04828,RP_ANIMAL_01,EVIDENCES,FIRE_119_RECORD
AE_FIRE_EM_04829,RP_SLIP_TERRAIN,EVIDENCES,FIRE_119_RECORD
AE_FIRE_EM_04830,RP_MACHINE_01,EVIDENCES,FIRE_119_RECORD
AE_FIRE_EM_04831,RP_SLIP_TERRAIN,EVIDENCES,FIRE_119_RECORD
AE_FIRE_EM_04832,RP_TRAFFIC_01,EVIDENCES,FIRE_119_RECORD
AE_FIRE_EM_04833,RP_MACHINE_01,EVIDENCES,FIRE_119_RECORD
AE_FIRE_EM_04834,RP_TRAFFIC_01,EVIDENCES,FIRE_119_RECORD
AE_FIRE_EM_04835,RP_TRAFFIC_01,EVIDENCES,FIRE_119_RECORD
AE_FIRE_EM_04836,RP_SLIP_TERRAIN,EVIDENCES,FIRE_119_RECORD
AE_FIRE_EM_04837,RP_SLIP_TERRAIN,EVIDENCES,FIRE_119_RECORD
AE_FIRE_EM_04838,RP_TRAFFIC_01,EVIDENCES,FIRE_119_RECORD
AE_FIRE_EM_04839,RP_FALL_CLIFF,EVIDENCES,FIRE_119_RECORD
AE_FIRE_EM_04840,RP_TRAFFIC_01,EVIDENCES,FIRE_119_RECORD
AE_FIRE_EM_04841,RP_TRAFFIC_01,EVIDENCES,FIRE_119_RECORD
AE_FIRE_EM_04842,RP_MACHINE_01,EVIDENCES,FIRE_119_RECORD
AE_FIRE_EM_04843,RP_SLIP_TERRAIN,EVIDENCES,FIRE_119_RECORD
AE_FIRE_EM_04844,RP_TRAFFIC_01,EVIDENCES,FIRE_119_RECORD
AE_FIRE_EM_04845,RP_TRAFFIC_01,EVIDENCES,FIRE_119_RECORD
AE_FIRE_EM_04846,RP_SLIP_TERRAIN,EVIDENCES,FIRE_119_RECORD
AE_FIRE_EM_04847,RP_SLIP_TERRAIN,EVIDENCES,FIRE_119_RECORD
AE_FIRE_EM_04848,RP_SLIP_TERRAIN,EVIDENCES,FIRE_119_RECORD
AE_FIRE_EM_04849,RP_SLIP_TERRAIN,EVIDENCES,FIRE_119_RECORD
AE_FIRE_EM_04850,RP_MACHINE_01,EVIDENCES,FIRE_119_RECORD
AE_FIRE_EM_04851,RP_TRAFFIC_01,EVIDENCES,FIRE_119_RECORD
AE_FIRE_EM_04852,RP_MACHINE_01,EVIDENCES,FIRE_119_RECORD
AE_FIRE_EM_04853,RP_FALL_CLIFF,EVIDENCES,FIRE_119_RECORD
AE_FIRE_EM_04854,RP_MACHINE_01,EVIDENCES,FIRE_119_RECORD
AE_FIRE_EM_04855,RP_SLIP_TERRAIN,EVIDENCES,FIRE_119_RECORD
AE_FIRE_EM_04856,RP_SLIP_TERRAIN,EVIDENCES,FIRE_119_RECORD
AE_FIRE_EM_04857,RP_SLIP_TERRAIN,EVIDENCES,FIRE_119_RECORD
AE_FIRE_EM_04858,RP_SLIP_TERRAIN,EVIDENCES,FIRE_119_RECORD
AE_FIRE_EM_04859,RP_TRAFFIC_01,EVIDENCES,FIRE_119_RECORD
AE_FIRE_EM_04860,RP_TRAFFIC_01,EVIDENCES,FIRE_119_RECORD
AE_FIRE_EM_04861,RP_SLIP_TERRAIN,EVIDENCES,FIRE_119_RECORD
AE_FIRE_EM_04862,RP_SLIP_TERRAIN,EVIDENCES,FIRE_119_RECORD
AE_FIRE_EM_04863,RP_HEAT_02,EVIDENCES,FIRE_119_RECORD
AE_FIRE_EM_04864,RP_SLIP_TERRAIN,EVIDENCES,FIRE_119_RECORD
AE_FIRE_EM_04865,RP_TRAFFIC_01,EVIDENCES,FIRE_119_RECORD
AE_FIRE_EM_04866,RP_TRAFFIC_01,EVIDENCES,FIRE_119_RECORD
AE_FIRE_EM_04867,RP_SLIP_TERRAIN,EVIDENCES,FIRE_119_RECORD
AE_FIRE_EM_04868,RP_TRAFFIC_01,EVIDENCES,FIRE_119_RECORD
AE_FIRE_EM_04869,RP_SLIP_TERRAIN,EVIDENCES,FIRE_119_RECORD
AE_FIRE_EM_04870,RP_MACHINE_01,EVIDENCES,FIRE_119_RECORD
AE_FIRE_EM_04871,RP_SLIP_TERRAIN,EVIDENCES,FIRE_119_RECORD
AE_FIRE_EM_04872,RP_FALL_CLIFF,EVIDENCES,FIRE_119_RECORD
AE_FIRE_EM_04873,RP_ANIMAL_01,EVIDENCES,FIRE_119_RECORD
AE_FIRE_EM_04874,RP_ANIMAL_01,EVIDENCES,FIRE_119_RECORD
AE_FIRE_EM_04875,RP_TRAFFIC_01,EVIDENCES,FIRE_119_RECORD
AE_FIRE_EM_04876,RP_TRAFFIC_01,EVIDENCES,FIRE_119_RECORD
AE_FIRE_EM_04877,RP_TRAFFIC_01,EVIDENCES,FIRE_119_RECORD
AE_FIRE_EM_04878,RP_TRAFFIC_01,EVIDENCES,FIRE_119_RECORD
AE_FIRE_EM_04879,RP_TRAFFIC_01,EVIDENCES,FIRE_119_RECORD
AE_FIRE_EM_04880,RP_SLIP_TERRAIN,EVIDENCES,FIRE_119_RECORD
AE_FIRE_EM_04881,RP_SLIP_TERRAIN,EVIDENCES,FIRE_119_RECORD
AE_FIRE_EM_04882,RP_FALL_CLIFF,EVIDENCES,FIRE_119_RECORD
AE_FIRE_EM_04883,RP_SLIP_TERRAIN,EVIDENCES,FIRE_119_RECORD
AE_FIRE_EM_04884,RP_ANIMAL_01,EVIDENCES,FIRE_119_RECORD
AE_FIRE_EM_04885,RP_SLIP_TERRAIN,EVIDENCES,FIRE_119_RECORD
AE_FIRE_EM_04886,RP_MACHINE_01,EVIDENCES,FIRE_119_RECORD
AE_FIRE_EM_04887,RP_MACHINE_01,EVIDENCES,FIRE_119_RECORD
AE_FIRE_EM_04888,RP_MACHINE_01,EVIDENCES,FIRE_119_RECORD
AE_FIRE_EM_04889,RP_TRAFFIC_01,EVIDENCES,FIRE_119_RECORD
AE_FIRE_EM_04890,RP_TRAFFIC_01,EVIDENCES,FIRE_119_RECORD
AE_FIRE_EM_04891,RP_MACHINE_01,EVIDENCES,FIRE_119_RECORD
AE_FIRE_EM_04892,RP_SLIP_TERRAIN,EVIDENCES,FIRE_119_RECORD
AE_FIRE_EM_04893,RP_TRAFFIC_01,EVIDENCES,FIRE_119_RECORD
AE_FIRE_EM_04894,RP_TRAFFIC_01,EVIDENCES,FIRE_119_RECORD
AE_FIRE_EM_04895,RP_MACHINE_01,EVIDENCES,FIRE_119_RECORD
AE_FIRE_EM_04896,RP_MACHINE_01,EVIDENCES,FIRE_119_RECORD
AE_FIRE_EM_04897,RP_SLIP_TERRAIN,EVIDENCES,FIRE_119_RECORD
AE_FIRE_EM_04898,RP_ANIMAL_01,EVIDENCES,FIRE_119_RECORD
AE_FIRE_EM_04899,RP_SLIP_TERRAIN,EVIDENCES,FIRE_119_RECORD
AE_FIRE_EM_04900,RP_MACHINE_01,EVIDENCES,FIRE_119_RECORD
AE_FIRE_EM_04901,RP_MACHINE_01,EVIDENCES,FIRE_119_RECORD
AE_FIRE_EM_04902,RP_MACHINE_01,EVIDENCES,FIRE_119_RECORD
AE_FIRE_EM_04903,RP_MACHINE_01,EVIDENCES,FIRE_119_RECORD
AE_FIRE_EM_04904,RP_TRAFFIC_01,EVIDENCES,FIRE_119_RECORD
AE_FIRE_EM_04905,RP_MACHINE_01,EVIDENCES,FIRE_119_RECORD
AE_FIRE_EM_04906,RP_MACHINE_01,EVIDENCES,FIRE_119_RECORD
AE_FIRE_EM_04907,RP_SLIP_TERRAIN,EVIDENCES,FIRE_119_RECORD
AE_FIRE_EM_04908,RP_TRAFFIC_01,EVIDENCES,FIRE_119_RECORD
AE_FIRE_EM_04909,RP_SLIP_TERRAIN,EVIDENCES,FIRE_119_RECORD
AE_FIRE_EM_04910,RP_SLIP_TERRAIN,EVIDENCES,FIRE_119_RECORD
AE_FIRE_EM_04911,RP_SLIP_TERRAIN,EVIDENCES,FIRE_119_RECORD
AE_FIRE_EM_04912,RP_MACHINE_01,EVIDENCES,FIRE_119_RECORD
AE_FIRE_EM_04913,RP_TRAFFIC_01,EVIDENCES,FIRE_119_RECORD
AE_FIRE_EM_04914,RP_TRAFFIC_01,EVIDENCES,FIRE_119_RECORD
AE_FIRE_EM_04915,RP_MACHINE_01,EVIDENCES,FIRE_119_RECORD
AE_FIRE_EM_04916,RP_MACHINE_01,EVIDENCES,FIRE_119_RECORD
AE_FIRE_EM_04917,RP_SLIP_TERRAIN,EVIDENCES,FIRE_119_RECORD
AE_FIRE_EM_04918,RP_TRAFFIC_01,EVIDENCES,FIRE_119_RECORD
AE_FIRE_EM_04919,RP_SLIP_TERRAIN,EVIDENCES,FIRE_119_RECORD
AE_FIRE_EM_04920,RP_TRAFFIC_01,EVIDENCES,FIRE_119_RECORD
AE_FIRE_EM_04921,RP_TRAFFIC_01,EVIDENCES,FIRE_119_RECORD
AE_FIRE_EM_04922,RP_TRAFFIC_01,EVIDENCES,FIRE_119_RECORD
AE_FIRE_EM_04923,RP_TRAFFIC_01,EVIDENCES,FIRE_119_RECORD
AE_FIRE_EM_04924,RP_TRAFFIC_01,EVIDENCES,FIRE_119_RECORD
AE_FIRE_EM_04925,RP_SLIP_TERRAIN,EVIDENCES,FIRE_119_RECORD
AE_FIRE_EM_04926,RP_TRAFFIC_01,EVIDENCES,FIRE_119_RECORD
AE_FIRE_EM_04927,RP_TRAFFIC_01,EVIDENCES,FIRE_119_RECORD
AE_FIRE_EM_04928,RP_TRAFFIC_01,EVIDENCES,FIRE_119_RECORD
AE_FIRE_EM_04929,RP_TRAFFIC_01,EVIDENCES,FIRE_119_RECORD
AE_FIRE_EM_04930,RP_TRAFFIC_01,EVIDENCES,FIRE_119_RECORD
AE_FIRE_EM_04931,RP_SLIP_TERRAIN,EVIDENCES,FIRE_119_RECORD
AE_FIRE_EM_04932,RP_DROWN_01,EVIDENCES,FIRE_119_RECORD
AE_FIRE_EM_04933,RP_SLIP_TERRAIN,EVIDENCES,FIRE_119_RECORD
AE_FIRE_EM_04934,RP_TRAFFIC_01,EVIDENCES,FIRE_119_RECORD
AE_FIRE_EM_04935,RP_MACHINE_01,EVIDENCES,FIRE_119_RECORD
AE_FIRE_EM_04936,RP_FALL_CLIFF,EVIDENCES,FIRE_119_RECORD
AE_FIRE_EM_04937,RP_TRAFFIC_01,EVIDENCES,FIRE_119_RECORD
AE_FIRE_EM_04938,RP_SLIP_TERRAIN,EVIDENCES,FIRE_119_RECORD
AE_FIRE_EM_04939,RP_MACHINE_01,EVIDENCES,FIRE_119_RECORD
AE_FIRE_EM_04940,RP_SLIP_TERRAIN,EVIDENCES,FIRE_119_RECORD
AE_FIRE_EM_04941,RP_TRAFFIC_01,EVIDENCES,FIRE_119_RECORD
AE_FIRE_EM_04942,RP_TRAFFIC_01,EVIDENCES,FIRE_119_RECORD
AE_FIRE_EM_04943,RP_SLIP_TERRAIN,EVIDENCES,FIRE_119_RECORD
AE_FIRE_EM_04944,RP_TRAFFIC_01,EVIDENCES,FIRE_119_RECORD
AE_FIRE_EM_04945,RP_SLIP_TERRAIN,EVIDENCES,FIRE_119_RECORD
AE_FIRE_EM_04946,RP_SLIP_TERRAIN,EVIDENCES,FIRE_119_RECORD
AE_FIRE_EM_04947,RP_TRAFFIC_01,EVIDENCES,FIRE_119_RECORD
AE_FIRE_EM_04948,RP_ANIMAL_01,EVIDENCES,FIRE_119_RECORD
AE_FIRE_EM_04949,RP_SLIP_TERRAIN,EVIDENCES,FIRE_119_RECORD
AE_FIRE_EM_04950,RP_ANIMAL_01,EVIDENCES,FIRE_119_RECORD
AE_FIRE_EM_04951,RP_TRAFFIC_01,EVIDENCES,FIRE_119_RECORD
AE_FIRE_EM_04952,RP_TRAFFIC_01,EVIDENCES,FIRE_119_RECORD
AE_FIRE_EM_04953,RP_TRAFFIC_01,EVIDENCES,FIRE_119_RECORD
AE_FIRE_EM_04954,RP_SLIP_TERRAIN,EVIDENCES,FIRE_119_RECORD
AE_FIRE_EM_04955,RP_SLIP_TERRAIN,EVIDENCES,FIRE_119_RECORD
AE_FIRE_EM_04956,RP_SLIP_TERRAIN,EVIDENCES,FIRE_119_RECORD
AE_FIRE_EM_04957,RP_SLIP_TERRAIN,EVIDENCES,FIRE_119_RECORD
AE_FIRE_EM_04958,RP_DROWN_01,EVIDENCES,FIRE_119_RECORD
AE_FIRE_EM_04959,RP_TRAFFIC_01,EVIDENCES,FIRE_119_RECORD
AE_FIRE_EM_04960,RP_TRAFFIC_01,EVIDENCES,FIRE_119_RECORD
AE_FIRE_EM_04961,RP_TRAFFIC_01,EVIDENCES,FIRE_119_RECORD
AE_FIRE_EM_04962,RP_ANIMAL_01,EVIDENCES,FIRE_119_RECORD
AE_FIRE_EM_04963,RP_SLIP_TERRAIN,EVIDENCES,FIRE_119_RECORD
AE_FIRE_EM_04964,RP_MACHINE_01,EVIDENCES,FIRE_119_RECORD
AE_FIRE_EM_04965,RP_MACHINE_01,EVIDENCES,FIRE_119_RECORD
AE_FIRE_EM_04966,RP_TRAFFIC_01,EVIDENCES,FIRE_119_RECORD
AE_FIRE_EM_04967,RP_TRAFFIC_01,EVIDENCES,FIRE_119_RECORD
AE_FIRE_EM_04968,RP_TRAFFIC_01,EVIDENCES,FIRE_119_RECORD
AE_FIRE_EM_04969,RP_SLIP_TERRAIN,EVIDENCES,FIRE_119_RECORD
AE_FIRE_EM_04970,RP_TRAFFIC_01,EVIDENCES,FIRE_119_RECORD
AE_FIRE_EM_04971,RP_ANIMAL_01,EVIDENCES,FIRE_119_RECORD
AE_FIRE_EM_04972,RP_FALL_CLIFF,EVIDENCES,FIRE_119_RECORD
AE_FIRE_EM_04973,RP_SLIP_TERRAIN,EVIDENCES,FIRE_119_RECORD
AE_FIRE_EM_04974,RP_SLIP_TERRAIN,EVIDENCES,FIRE_119_RECORD
AE_FIRE_EM_04975,RP_SLIP_TERRAIN,EVIDENCES,FIRE_119_RECORD
AE_FIRE_EM_04976,RP_MACHINE_01,EVIDENCES,FIRE_119_RECORD
AE_FIRE_EM_04977,RP_SLIP_TERRAIN,EVIDENCES,FIRE_119_RECORD
AE_FIRE_EM_04978,RP_MACHINE_01,EVIDENCES,FIRE_119_RECORD
AE_FIRE_EM_04979,RP_MACHINE_01,EVIDENCES,FIRE_119_RECORD
AE_FIRE_EM_04980,RP_TRAFFIC_01,EVIDENCES,FIRE_119_RECORD
AE_FIRE_EM_04981,RP_MACHINE_01,EVIDENCES,FIRE_119_RECORD
AE_FIRE_EM_04982,RP_SLIP_TERRAIN,EVIDENCES,FIRE_119_RECORD
AE_FIRE_EM_04983,RP_TRAFFIC_01,EVIDENCES,FIRE_119_RECORD
AE_FIRE_EM_04984,RP_MACHINE_01,EVIDENCES,FIRE_119_RECORD
AE_FIRE_EM_04985,RP_SLIP_TERRAIN,EVIDENCES,FIRE_119_RECORD
AE_FIRE_EM_04986,RP_MACHINE_01,EVIDENCES,FIRE_119_RECORD
AE_FIRE_EM_04987,RP_FALL_CLIFF,EVIDENCES,FIRE_119_RECORD
AE_FIRE_EM_04988,RP_SLIP_TERRAIN,EVIDENCES,FIRE_119_RECORD
AE_FIRE_EM_04989,RP_ANIMAL_01,EVIDENCES,FIRE_119_RECORD
AE_FIRE_EM_04990,RP_SLIP_TERRAIN,EVIDENCES,FIRE_119_RECORD
AE_FIRE_EM_04991,RP_MACHINE_01,EVIDENCES,FIRE_119_RECORD
AE_FIRE_EM_04992,RP_MACHINE_01,EVIDENCES,FIRE_119_RECORD
AE_FIRE_EM_04993,RP_TRAFFIC_01,EVIDENCES,FIRE_119_RECORD
AE_FIRE_EM_04994,RP_SLIP_TERRAIN,EVIDENCES,FIRE_119_RECORD
AE_FIRE_EM_04995,RP_TRAFFIC_01,EVIDENCES,FIRE_119_RECORD
AE_FIRE_EM_04996,RP_ANIMAL_01,EVIDENCES,FIRE_119_RECORD
AE_FIRE_EM_04997,RP_SLIP_TERRAIN,EVIDENCES,FIRE_119_RECORD
AE_FIRE_EM_04998,RP_SLIP_TERRAIN,EVIDENCES,FIRE_119_RECORD
AE_FIRE_EM_04999,RP_SLIP_TERRAIN,EVIDENCES,FIRE_119_RECORD
AE_FIRE_EM_05000,RP_SLIP_TERRAIN,EVIDENCES,FIRE_119_RECORD
AE_FIRE_EM_05001,RP_SLIP_TERRAIN,EVIDENCES,FIRE_119_RECORD
AE_FIRE_EM_05002,RP_SLIP_TERRAIN,EVIDENCES,FIRE_119_RECORD
AE_FIRE_EM_05003,RP_TRAFFIC_01,EVIDENCES,FIRE_119_RECORD
AE_FIRE_EM_05004,RP_TRAFFIC_01,EVIDENCES,FIRE_119_RECORD
AE_FIRE_EM_05005,RP_MACHINE_01,EVIDENCES,FIRE_119_RECORD
AE_FIRE_EM_05006,RP_MACHINE_01,EVIDENCES,FIRE_119_RECORD
AE_FIRE_EM_05007,RP_TRAFFIC_01,EVIDENCES,FIRE_119_RECORD
AE_FIRE_EM_05008,RP_TRAFFIC_01,EVIDENCES,FIRE_119_RECORD
AE_FIRE_EM_05009,RP_SLIP_TERRAIN,EVIDENCES,FIRE_119_RECORD
AE_FIRE_EM_05010,RP_TRAFFIC_01,EVIDENCES,FIRE_119_RECORD
AE_FIRE_EM_05011,RP_TRAFFIC_01,EVIDENCES,FIRE_119_RECORD
AE_FIRE_EM_05012,RP_SLIP_TERRAIN,EVIDENCES,FIRE_119_RECORD
AE_FIRE_EM_05013,RP_DROWN_01,EVIDENCES,FIRE_119_RECORD
AE_FIRE_EM_05014,RP_MACHINE_01,EVIDENCES,FIRE_119_RECORD
AE_FIRE_EM_05015,RP_SLIP_TERRAIN,EVIDENCES,FIRE_119_RECORD
AE_FIRE_EM_05016,RP_MACHINE_01,EVIDENCES,FIRE_119_RECORD
AE_FIRE_EM_05017,RP_TRAFFIC_01,EVIDENCES,FIRE_119_RECORD
AE_FIRE_EM_05018,RP_TRAFFIC_01,EVIDENCES,FIRE_119_RECORD
AE_FIRE_EM_05019,RP_SLIP_TERRAIN,EVIDENCES,FIRE_119_RECORD
AE_FIRE_EM_05020,RP_ANIMAL_01,EVIDENCES,FIRE_119_RECORD
AE_FIRE_EM_05021,RP_ANIMAL_01,EVIDENCES,FIRE_119_RECORD
AE_FIRE_EM_05022,RP_SLIP_TERRAIN,EVIDENCES,FIRE_119_RECORD
AE_FIRE_EM_05023,RP_SLIP_TERRAIN,EVIDENCES,FIRE_119_RECORD
AE_FIRE_EM_05024,RP_TRAFFIC_01,EVIDENCES,FIRE_119_RECORD
AE_FIRE_EM_05025,RP_TRAFFIC_01,EVIDENCES,FIRE_119_RECORD
AE_FIRE_EM_05026,RP_TRAFFIC_01,EVIDENCES,FIRE_119_RECORD
AE_FIRE_EM_05027,RP_TRAFFIC_01,EVIDENCES,FIRE_119_RECORD
AE_FIRE_EM_05028,RP_SLIP_TERRAIN,EVIDENCES,FIRE_119_RECORD
AE_FIRE_EM_05029,RP_ANIMAL_01,EVIDENCES,FIRE_119_RECORD
AE_FIRE_EM_05030,RP_MACHINE_01,EVIDENCES,FIRE_119_RECORD
AE_FIRE_EM_05031,RP_SLIP_TERRAIN,EVIDENCES,FIRE_119_RECORD
AE_FIRE_EM_05032,RP_SLIP_TERRAIN,EVIDENCES,FIRE_119_RECORD
AE_FIRE_EM_05033,RP_SLIP_TERRAIN,EVIDENCES,FIRE_119_RECORD
AE_FIRE_EM_05034,RP_TRAFFIC_01,EVIDENCES,FIRE_119_RECORD
AE_FIRE_EM_05035,RP_TRAFFIC_01,EVIDENCES,FIRE_119_RECORD
AE_FIRE_EM_05036,RP_MACHINE_01,EVIDENCES,FIRE_119_RECORD
AE_FIRE_EM_05037,RP_DROWN_01,EVIDENCES,FIRE_119_RECORD
AE_FIRE_EM_05038,RP_SLIP_TERRAIN,EVIDENCES,FIRE_119_RECORD
AE_FIRE_EM_05039,RP_TRAFFIC_01,EVIDENCES,FIRE_119_RECORD
AE_FIRE_EM_05040,RP_TRAFFIC_01,EVIDENCES,FIRE_119_RECORD
AE_FIRE_EM_05041,RP_MACHINE_01,EVIDENCES,FIRE_119_RECORD
AE_FIRE_EM_05042,RP_SLIP_TERRAIN,EVIDENCES,FIRE_119_RECORD
AE_FIRE_EM_05043,RP_SLIP_TERRAIN,EVIDENCES,FIRE_119_RECORD
AE_FIRE_EM_05044,RP_MACHINE_01,EVIDENCES,FIRE_119_RECORD
AE_FIRE_EM_05045,RP_SLIP_TERRAIN,EVIDENCES,FIRE_119_RECORD
AE_FIRE_EM_05046,RP_TRAFFIC_01,EVIDENCES,FIRE_119_RECORD
AE_FIRE_EM_05047,RP_MACHINE_01,EVIDENCES,FIRE_119_RECORD
AE_FIRE_EM_05048,RP_SLIP_TERRAIN,EVIDENCES,FIRE_119_RECORD
AE_FIRE_EM_05049,RP_SLIP_TERRAIN,EVIDENCES,FIRE_119_RECORD
AE_FIRE_EM_05050,RP_CO_01,EVIDENCES,FIRE_119_RECORD
AE_FIRE_EM_05051,RP_CO_01,EVIDENCES,FIRE_119_RECORD
AE_FIRE_EM_05052,RP_SLIP_TERRAIN,EVIDENCES,FIRE_119_RECORD
AE_FIRE_EM_05053,RP_MACHINE_01,EVIDENCES,FIRE_119_RECORD
AE_FIRE_EM_05054,RP_TRAFFIC_01,EVIDENCES,FIRE_119_RECORD
AE_FIRE_EM_05055,RP_SLIP_TERRAIN,EVIDENCES,FIRE_119_RECORD
AE_FIRE_EM_05056,RP_TRAFFIC_01,EVIDENCES,FIRE_119_RECORD
AE_FIRE_EM_05057,RP_SLIP_TERRAIN,EVIDENCES,FIRE_119_RECORD
AE_FIRE_EM_05058,RP_MACHINE_01,EVIDENCES,FIRE_119_RECORD
AE_FIRE_EM_05059,RP_DROWN_01,EVIDENCES,FIRE_119_RECORD
AE_FIRE_EM_05060,RP_SLIP_TERRAIN,EVIDENCES,FIRE_119_RECORD
AE_FIRE_EM_05061,RP_TRAFFIC_01,EVIDENCES,FIRE_119_RECORD
AE_FIRE_EM_05062,RP_TRAFFIC_01,EVIDENCES,FIRE_119_RECORD
AE_FIRE_EM_05063,RP_SLIP_TERRAIN,EVIDENCES,FIRE_119_RECORD
AE_FIRE_EM_05064,RP_ANIMAL_01,EVIDENCES,FIRE_119_RECORD
AE_FIRE_EM_05065,RP_SLIP_TERRAIN,EVIDENCES,FIRE_119_RECORD
AE_FIRE_EM_05066,RP_SLIP_TERRAIN,EVIDENCES,FIRE_119_RECORD
AE_FIRE_EM_05067,RP_SLIP_TERRAIN,EVIDENCES,FIRE_119_RECORD
AE_FIRE_EM_05068,RP_MACHINE_01,EVIDENCES,FIRE_119_RECORD
AE_FIRE_EM_05069,RP_SLIP_TERRAIN,EVIDENCES,FIRE_119_RECORD
AE_FIRE_EM_05070,RP_TRAFFIC_01,EVIDENCES,FIRE_119_RECORD
AE_FIRE_EM_05071,RP_TRAFFIC_01,EVIDENCES,FIRE_119_RECORD
AE_FIRE_EM_05072,RP_TRAFFIC_01,EVIDENCES,FIRE_119_RECORD
AE_FIRE_EM_05073,RP_SLIP_TERRAIN,EVIDENCES,FIRE_119_RECORD
AE_FIRE_EM_05074,RP_SLIP_TERRAIN,EVIDENCES,FIRE_119_RECORD
AE_FIRE_EM_05075,RP_TRAFFIC_01,EVIDENCES,FIRE_119_RECORD
AE_FIRE_EM_05076,RP_TRAFFIC_01,EVIDENCES,FIRE_119_RECORD
AE_FIRE_EM_05077,RP_FALL_CLIFF,EVIDENCES,FIRE_119_RECORD
AE_FIRE_EM_05078,RP_SLIP_TERRAIN,EVIDENCES,FIRE_119_RECORD
AE_FIRE_EM_05079,RP_SLIP_TERRAIN,EVIDENCES,FIRE_119_RECORD
AE_FIRE_EM_05080,RP_SLIP_TERRAIN,EVIDENCES,FIRE_119_RECORD
AE_FIRE_EM_05081,RP_SLIP_TERRAIN,EVIDENCES,FIRE_119_RECORD
AE_FIRE_EM_05082,RP_SLIP_TERRAIN,EVIDENCES,FIRE_119_RECORD
AE_FIRE_EM_05083,RP_MACHINE_01,EVIDENCES,FIRE_119_RECORD
AE_FIRE_EM_05084,RP_MACHINE_01,EVIDENCES,FIRE_119_RECORD
AE_FIRE_EM_05085,RP_SLIP_TERRAIN,EVIDENCES,FIRE_119_RECORD
AE_FIRE_EM_05086,RP_SLIP_TERRAIN,EVIDENCES,FIRE_119_RECORD
AE_FIRE_EM_05087,RP_SLIP_TERRAIN,EVIDENCES,FIRE_119_RECORD
AE_FIRE_EM_05088,RP_MACHINE_01,EVIDENCES,FIRE_119_RECORD
AE_FIRE_EM_05089,RP_TRAFFIC_01,EVIDENCES,FIRE_119_RECORD
AE_FIRE_EM_05090,RP_TRAFFIC_01,EVIDENCES,FIRE_119_RECORD
AE_FIRE_EM_05091,RP_TRAFFIC_01,EVIDENCES,FIRE_119_RECORD
AE_FIRE_EM_05092,RP_TRAFFIC_01,EVIDENCES,FIRE_119_RECORD
AE_FIRE_EM_05093,RP_ANIMAL_01,EVIDENCES,FIRE_119_RECORD
AE_FIRE_EM_05094,RP_ANIMAL_01,EVIDENCES,FIRE_119_RECORD
AE_FIRE_EM_05095,RP_SLIP_TERRAIN,EVIDENCES,FIRE_119_RECORD
AE_FIRE_EM_05096,RP_ANIMAL_01,EVIDENCES,FIRE_119_RECORD
AE_FIRE_EM_05097,RP_TRAFFIC_01,EVIDENCES,FIRE_119_RECORD
AE_FIRE_EM_05098,RP_TRAFFIC_01,EVIDENCES,FIRE_119_RECORD
AE_FIRE_EM_05099,RP_TRAFFIC_01,EVIDENCES,FIRE_119_RECORD
AE_FIRE_EM_05100,RP_TRAFFIC_01,EVIDENCES,FIRE_119_RECORD
AE_FIRE_EM_05101,RP_TRAFFIC_01,EVIDENCES,FIRE_119_RECORD
AE_FIRE_EM_05102,RP_MACHINE_01,EVIDENCES,FIRE_119_RECORD
AE_FIRE_EM_05103,RP_TRAFFIC_01,EVIDENCES,FIRE_119_RECORD
AE_FIRE_EM_05104,RP_TRAFFIC_01,EVIDENCES,FIRE_119_RECORD
AE_FIRE_EM_05105,RP_TRAFFIC_01,EVIDENCES,FIRE_119_RECORD
AE_FIRE_EM_05106,RP_TRAFFIC_01,EVIDENCES,FIRE_119_RECORD
AE_FIRE_EM_05107,RP_TRAFFIC_01,EVIDENCES,FIRE_119_RECORD
AE_FIRE_EM_05108,RP_MACHINE_01,EVIDENCES,FIRE_119_RECORD
AE_FIRE_EM_05109,RP_TRAFFIC_01,EVIDENCES,FIRE_119_RECORD
AE_FIRE_EM_05110,RP_SLIP_TERRAIN,EVIDENCES,FIRE_119_RECORD
AE_FIRE_EM_05111,RP_ANIMAL_01,EVIDENCES,FIRE_119_RECORD
AE_FIRE_EM_05112,RP_FALL_CLIFF,EVIDENCES,FIRE_119_RECORD
AE_FIRE_EM_05113,RP_SLIP_TERRAIN,EVIDENCES,FIRE_119_RECORD
AE_FIRE_EM_05114,RP_SLIP_TERRAIN,EVIDENCES,FIRE_119_RECORD
AE_FIRE_EM_05115,RP_ANIMAL_01,EVIDENCES,FIRE_119_RECORD
AE_FIRE_EM_05116,RP_SLIP_TERRAIN,EVIDENCES,FIRE_119_RECORD
AE_FIRE_EM_05117,RP_MACHINE_01,EVIDENCES,FIRE_119_RECORD
AE_FIRE_EM_05118,RP_SLIP_TERRAIN,EVIDENCES,FIRE_119_RECORD
AE_FIRE_EM_05119,RP_TRAFFIC_01,EVIDENCES,FIRE_119_RECORD
AE_FIRE_EM_05120,RP_TRAFFIC_01,EVIDENCES,FIRE_119_RECORD
AE_FIRE_EM_05121,RP_TRAFFIC_01,EVIDENCES,FIRE_119_RECORD
AE_FIRE_EM_05122,RP_SLIP_TERRAIN,EVIDENCES,FIRE_119_RECORD
AE_FIRE_EM_05123,RP_DROWN_01,EVIDENCES,FIRE_119_RECORD
AE_FIRE_EM_05124,RP_SLIP_TERRAIN,EVIDENCES,FIRE_119_RECORD
AE_FIRE_EM_05125,RP_SLIP_TERRAIN,EVIDENCES,FIRE_119_RECORD
AE_FIRE_EM_05126,RP_SLIP_TERRAIN,EVIDENCES,FIRE_119_RECORD
AE_FIRE_EM_05127,RP_SLIP_TERRAIN,EVIDENCES,FIRE_119_RECORD
AE_FIRE_EM_05128,RP_SLIP_TERRAIN,EVIDENCES,FIRE_119_RECORD
AE_FIRE_EM_05129,RP_FALL_CLIFF,EVIDENCES,FIRE_119_RECORD
AE_FIRE_EM_05130,RP_MACHINE_01,EVIDENCES,FIRE_119_RECORD
AE_FIRE_EM_05131,RP_FALL_CLIFF,EVIDENCES,FIRE_119_RECORD
AE_FIRE_EM_05132,RP_SLIP_TERRAIN,EVIDENCES,FIRE_119_RECORD
AE_FIRE_EM_05133,RP_SLIP_TERRAIN,EVIDENCES,FIRE_119_RECORD
AE_FIRE_EM_05134,RP_TRAFFIC_01,EVIDENCES,FIRE_119_RECORD
AE_FIRE_EM_05135,RP_TRAFFIC_01,EVIDENCES,FIRE_119_RECORD
AE_FIRE_EM_05136,RP_SLIP_TERRAIN,EVIDENCES,FIRE_119_RECORD
AE_FIRE_EM_05137,RP_SLIP_TERRAIN,EVIDENCES,FIRE_119_RECORD
AE_FIRE_EM_05138,RP_SLIP_TERRAIN,EVIDENCES,FIRE_119_RECORD
AE_FIRE_EM_05139,RP_MACHINE_01,EVIDENCES,FIRE_119_RECORD
AE_FIRE_EM_05140,RP_TRAFFIC_01,EVIDENCES,FIRE_119_RECORD
AE_FIRE_EM_05141,RP_SLIP_TERRAIN,EVIDENCES,FIRE_119_RECORD
AE_FIRE_EM_05142,RP_MACHINE_01,EVIDENCES,FIRE_119_RECORD
AE_FIRE_EM_05143,RP_TRAFFIC_01,EVIDENCES,FIRE_119_RECORD
AE_FIRE_EM_05144,RP_ANIMAL_01,EVIDENCES,FIRE_119_RECORD
AE_FIRE_EM_05145,RP_TRAFFIC_01,EVIDENCES,FIRE_119_RECORD
AE_FIRE_EM_05146,RP_ANIMAL_01,EVIDENCES,FIRE_119_RECORD
AE_FIRE_EM_05147,RP_MACHINE_01,EVIDENCES,FIRE_119_RECORD
AE_FIRE_EM_05148,RP_SLIP_TERRAIN,EVIDENCES,FIRE_119_RECORD
AE_FIRE_EM_05149,RP_SLIP_TERRAIN,EVIDENCES,FIRE_119_RECORD
AE_FIRE_EM_05150,RP_SLIP_TERRAIN,EVIDENCES,FIRE_119_RECORD
AE_FIRE_EM_05151,RP_SLIP_TERRAIN,EVIDENCES,FIRE_119_RECORD
AE_FIRE_EM_05152,RP_MACHINE_01,EVIDENCES,FIRE_119_RECORD
AE_FIRE_EM_05153,RP_SLIP_TERRAIN,EVIDENCES,FIRE_119_RECORD
AE_FIRE_EM_05154,RP_SLIP_TERRAIN,EVIDENCES,FIRE_119_RECORD
AE_FIRE_EM_05155,RP_TRAFFIC_01,EVIDENCES,FIRE_119_RECORD
AE_FIRE_EM_05156,RP_TRAFFIC_01,EVIDENCES,FIRE_119_RECORD
AE_FIRE_EM_05157,RP_FALL_CLIFF,EVIDENCES,FIRE_119_RECORD
AE_FIRE_EM_05158,RP_SLIP_TERRAIN,EVIDENCES,FIRE_119_RECORD
AE_FIRE_EM_05159,RP_TRAFFIC_01,EVIDENCES,FIRE_119_RECORD
AE_FIRE_EM_05160,RP_SLIP_TERRAIN,EVIDENCES,FIRE_119_RECORD
AE_FIRE_EM_05161,RP_TRAFFIC_01,EVIDENCES,FIRE_119_RECORD
AE_FIRE_EM_05162,RP_SLIP_TERRAIN,EVIDENCES,FIRE_119_RECORD
AE_FIRE_EM_05163,RP_MACHINE_01,EVIDENCES,FIRE_119_RECORD
AE_FIRE_EM_05164,RP_SLIP_TERRAIN,EVIDENCES,FIRE_119_RECORD
AE_FIRE_EM_05165,RP_MACHINE_01,EVIDENCES,FIRE_119_RECORD
AE_FIRE_EM_05166,RP_SLIP_TERRAIN,EVIDENCES,FIRE_119_RECORD
AE_FIRE_EM_05167,RP_SLIP_TERRAIN,EVIDENCES,FIRE_119_RECORD
AE_FIRE_EM_05168,RP_TRAFFIC_01,EVIDENCES,FIRE_119_RECORD
AE_FIRE_EM_05169,RP_TRAFFIC_01,EVIDENCES,FIRE_119_RECORD
AE_FIRE_EM_05170,RP_TRAFFIC_01,EVIDENCES,FIRE_119_RECORD
AE_FIRE_EM_05171,RP_MACHINE_01,EVIDENCES,FIRE_119_RECORD
AE_FIRE_EM_05172,RP_SLIP_TERRAIN,EVIDENCES,FIRE_119_RECORD
AE_FIRE_EM_05173,RP_SLIP_TERRAIN,EVIDENCES,FIRE_119_RECORD
AE_FIRE_EM_05174,RP_SLIP_TERRAIN,EVIDENCES,FIRE_119_RECORD
AE_FIRE_EM_05175,RP_SLIP_TERRAIN,EVIDENCES,FIRE_119_RECORD
AE_FIRE_EM_05176,RP_SLIP_TERRAIN,EVIDENCES,FIRE_119_RECORD
AE_FIRE_EM_05177,RP_FALL_CLIFF,EVIDENCES,FIRE_119_RECORD
AE_FIRE_EM_05178,RP_TRAFFIC_01,EVIDENCES,FIRE_119_RECORD
AE_FIRE_EM_05179,RP_TRAFFIC_01,EVIDENCES,FIRE_119_RECORD
AE_FIRE_EM_05180,RP_TRAFFIC_01,EVIDENCES,FIRE_119_RECORD
AE_FIRE_EM_05181,RP_SLIP_TERRAIN,EVIDENCES,FIRE_119_RECORD
AE_FIRE_EM_05182,RP_MACHINE_01,EVIDENCES,FIRE_119_RECORD
AE_FIRE_EM_05183,RP_MACHINE_01,EVIDENCES,FIRE_119_RECORD
AE_FIRE_EM_05184,RP_MACHINE_01,EVIDENCES,FIRE_119_RECORD
AE_FIRE_EM_05185,RP_MACHINE_01,EVIDENCES,FIRE_119_RECORD
AE_FIRE_EM_05186,RP_SLIP_TERRAIN,EVIDENCES,FIRE_119_RECORD
AE_FIRE_EM_05187,RP_MACHINE_01,EVIDENCES,FIRE_119_RECORD
AE_FIRE_EM_05188,RP_SLIP_TERRAIN,EVIDENCES,FIRE_119_RECORD
AE_FIRE_EM_05189,RP_SLIP_TERRAIN,EVIDENCES,FIRE_119_RECORD
AE_FIRE_EM_05190,RP_SLIP_TERRAIN,EVIDENCES,FIRE_119_RECORD
AE_FIRE_EM_05191,RP_SLIP_TERRAIN,EVIDENCES,FIRE_119_RECORD
AE_FIRE_EM_05192,RP_TRAFFIC_01,EVIDENCES,FIRE_119_RECORD
AE_FIRE_EM_05193,RP_MACHINE_01,EVIDENCES,FIRE_119_RECORD
AE_FIRE_EM_05194,RP_SLIP_TERRAIN,EVIDENCES,FIRE_119_RECORD
AE_FIRE_EM_05195,RP_TRAFFIC_01,EVIDENCES,FIRE_119_RECORD
AE_FIRE_EM_05196,RP_SLIP_TERRAIN,EVIDENCES,FIRE_119_RECORD
AE_FIRE_EM_05197,RP_SLIP_TERRAIN,EVIDENCES,FIRE_119_RECORD
AE_FIRE_EM_05198,RP_SLIP_TERRAIN,EVIDENCES,FIRE_119_RECORD
AE_FIRE_EM_05199,RP_SLIP_TERRAIN,EVIDENCES,FIRE_119_RECORD
AE_FIRE_EM_05200,RP_ANIMAL_01,EVIDENCES,FIRE_119_RECORD
AE_FIRE_EM_05201,RP_CO_01,EVIDENCES,FIRE_119_RECORD
AE_FIRE_EM_05202,RP_CO_01,EVIDENCES,FIRE_119_RECORD
AE_FIRE_EM_05203,RP_SLIP_TERRAIN,EVIDENCES,FIRE_119_RECORD
AE_FIRE_EM_05204,RP_SLIP_TERRAIN,EVIDENCES,FIRE_119_RECORD
AE_FIRE_EM_05205,RP_SLIP_TERRAIN,EVIDENCES,FIRE_119_RECORD
AE_FIRE_EM_05206,RP_MACHINE_01,EVIDENCES,FIRE_119_RECORD
AE_FIRE_EM_05207,RP_TRAFFIC_01,EVIDENCES,FIRE_119_RECORD
AE_FIRE_EM_05208,RP_TRAFFIC_01,EVIDENCES,FIRE_119_RECORD
AE_FIRE_EM_05209,RP_ANIMAL_01,EVIDENCES,FIRE_119_RECORD
AE_FIRE_EM_05210,RP_FALL_CLIFF,EVIDENCES,FIRE_119_RECORD
AE_FIRE_EM_05211,RP_ANIMAL_01,EVIDENCES,FIRE_119_RECORD
AE_FIRE_EM_05212,RP_MACHINE_01,EVIDENCES,FIRE_119_RECORD
AE_FIRE_EM_05213,RP_SLIP_TERRAIN,EVIDENCES,FIRE_119_RECORD
AE_FIRE_EM_05214,RP_MACHINE_01,EVIDENCES,FIRE_119_RECORD
AE_FIRE_EM_05215,RP_HEAT_02,EVIDENCES,FIRE_119_RECORD
AE_FIRE_EM_05216,RP_FALL_CLIFF,EVIDENCES,FIRE_119_RECORD
AE_FIRE_EM_05217,RP_TRAFFIC_01,EVIDENCES,FIRE_119_RECORD
AE_FIRE_EM_05218,RP_TRAFFIC_01,EVIDENCES,FIRE_119_RECORD
AE_FIRE_EM_05219,RP_FALL_CLIFF,EVIDENCES,FIRE_119_RECORD
AE_FIRE_EM_05220,RP_MACHINE_01,EVIDENCES,FIRE_119_RECORD
AE_FIRE_EM_05221,RP_MACHINE_01,EVIDENCES,FIRE_119_RECORD
AE_FIRE_EM_05222,RP_SLIP_TERRAIN,EVIDENCES,FIRE_119_RECORD
AE_FIRE_EM_05223,RP_SLIP_TERRAIN,EVIDENCES,FIRE_119_RECORD
AE_FIRE_EM_05224,RP_ANIMAL_01,EVIDENCES,FIRE_119_RECORD
AE_FIRE_EM_05225,RP_SLIP_TERRAIN,EVIDENCES,FIRE_119_RECORD
AE_FIRE_EM_05226,RP_SLIP_TERRAIN,EVIDENCES,FIRE_119_RECORD
AE_FIRE_EM_05227,RP_SLIP_TERRAIN,EVIDENCES,FIRE_119_RECORD
AE_FIRE_EM_05228,RP_SLIP_TERRAIN,EVIDENCES,FIRE_119_RECORD
AE_FIRE_EM_05229,RP_MACHINE_01,EVIDENCES,FIRE_119_RECORD
AE_FIRE_EM_05230,RP_MACHINE_01,EVIDENCES,FIRE_119_RECORD
AE_FIRE_EM_05231,RP_SLIP_TERRAIN,EVIDENCES,FIRE_119_RECORD
AE_FIRE_EM_05232,RP_SLIP_TERRAIN,EVIDENCES,FIRE_119_RECORD
AE_FIRE_EM_05233,RP_TRAFFIC_01,EVIDENCES,FIRE_119_RECORD
AE_FIRE_EM_05234,RP_TRAFFIC_01,EVIDENCES,FIRE_119_RECORD
AE_FIRE_EM_05235,RP_SLIP_TERRAIN,EVIDENCES,FIRE_119_RECORD
AE_FIRE_EM_05236,RP_FALL_CLIFF,EVIDENCES,FIRE_119_RECORD
AE_FIRE_EM_05237,RP_TRAFFIC_01,EVIDENCES,FIRE_119_RECORD
AE_FIRE_EM_05238,RP_TRAFFIC_01,EVIDENCES,FIRE_119_RECORD
AE_FIRE_EM_05239,RP_MACHINE_01,EVIDENCES,FIRE_119_RECORD
AE_FIRE_EM_05240,RP_MACHINE_01,EVIDENCES,FIRE_119_RECORD
AE_FIRE_EM_05241,RP_SLIP_TERRAIN,EVIDENCES,FIRE_119_RECORD
AE_FIRE_EM_05242,RP_TRAFFIC_01,EVIDENCES,FIRE_119_RECORD
AE_FIRE_EM_05243,RP_SLIP_TERRAIN,EVIDENCES,FIRE_119_RECORD
AE_FIRE_EM_05244,RP_TRAFFIC_01,EVIDENCES,FIRE_119_RECORD
AE_FIRE_EM_05245,RP_SLIP_TERRAIN,EVIDENCES,FIRE_119_RECORD
AE_FIRE_EM_05246,RP_MACHINE_01,EVIDENCES,FIRE_119_RECORD
AE_FIRE_EM_05247,RP_SLIP_TERRAIN,EVIDENCES,FIRE_119_RECORD
AE_FIRE_EM_05248,RP_SLIP_TERRAIN,EVIDENCES,FIRE_119_RECORD
AE_FIRE_EM_05249,RP_SLIP_TERRAIN,EVIDENCES,FIRE_119_RECORD
AE_FIRE_EM_05250,RP_MACHINE_01,EVIDENCES,FIRE_119_RECORD
AE_FIRE_EM_05251,RP_MACHINE_01,EVIDENCES,FIRE_119_RECORD
AE_FIRE_EM_05252,RP_TRAFFIC_01,EVIDENCES,FIRE_119_RECORD
AE_FIRE_EM_05253,RP_TRAFFIC_01,EVIDENCES,FIRE_119_RECORD
AE_FIRE_EM_05254,RP_ANIMAL_01,EVIDENCES,FIRE_119_RECORD
AE_FIRE_EM_05255,RP_SLIP_TERRAIN,EVIDENCES,FIRE_119_RECORD
AE_FIRE_EM_05256,RP_MACHINE_01,EVIDENCES,FIRE_119_RECORD
AE_FIRE_EM_05257,RP_TRAFFIC_01,EVIDENCES,FIRE_119_RECORD
AE_FIRE_EM_05258,RP_SLIP_TERRAIN,EVIDENCES,FIRE_119_RECORD
AE_FIRE_EM_05259,RP_MACHINE_01,EVIDENCES,FIRE_119_RECORD
AE_FIRE_EM_05260,RP_FALL_CLIFF,EVIDENCES,FIRE_119_RECORD
AE_FIRE_EM_05261,RP_TRAFFIC_01,EVIDENCES,FIRE_119_RECORD
AE_FIRE_EM_05262,RP_SLIP_TERRAIN,EVIDENCES,FIRE_119_RECORD
AE_FIRE_EM_05263,RP_TRAFFIC_01,EVIDENCES,FIRE_119_RECORD
AE_FIRE_EM_05264,RP_MACHINE_01,EVIDENCES,FIRE_119_RECORD
AE_FIRE_EM_05265,RP_TRAFFIC_01,EVIDENCES,FIRE_119_RECORD
AE_FIRE_EM_05266,RP_MACHINE_01,EVIDENCES,FIRE_119_RECORD
AE_FIRE_EM_05267,RP_SLIP_TERRAIN,EVIDENCES,FIRE_119_RECORD
AE_FIRE_EM_05268,RP_TRAFFIC_01,EVIDENCES,FIRE_119_RECORD
AE_FIRE_EM_05269,RP_TRAFFIC_01,EVIDENCES,FIRE_119_RECORD
AE_FIRE_EM_05270,RP_SLIP_TERRAIN,EVIDENCES,FIRE_119_RECORD
AE_FIRE_EM_05271,RP_MACHINE_01,EVIDENCES,FIRE_119_RECORD
AE_FIRE_EM_05272,RP_TRAFFIC_01,EVIDENCES,FIRE_119_RECORD
AE_FIRE_EM_05273,RP_TRAFFIC_01,EVIDENCES,FIRE_119_RECORD
AE_FIRE_EM_05274,RP_SLIP_TERRAIN,EVIDENCES,FIRE_119_RECORD
AE_FIRE_EM_05275,RP_MACHINE_01,EVIDENCES,FIRE_119_RECORD
AE_FIRE_EM_05276,RP_TRAFFIC_01,EVIDENCES,FIRE_119_RECORD
AE_FIRE_EM_05277,RP_MACHINE_01,EVIDENCES,FIRE_119_RECORD
AE_FIRE_EM_05278,RP_TRAFFIC_01,EVIDENCES,FIRE_119_RECORD
AE_FIRE_EM_05279,RP_ANIMAL_01,EVIDENCES,FIRE_119_RECORD
AE_FIRE_EM_05280,RP_SLIP_TERRAIN,EVIDENCES,FIRE_119_RECORD
AE_FIRE_EM_05281,RP_SLIP_TERRAIN,EVIDENCES,FIRE_119_RECORD
AE_FIRE_EM_05282,RP_SLIP_TERRAIN,EVIDENCES,FIRE_119_RECORD
AE_FIRE_EM_05283,RP_TRAFFIC_01,EVIDENCES,FIRE_119_RECORD
AE_FIRE_EM_05284,RP_TRAFFIC_01,EVIDENCES,FIRE_119_RECORD
AE_FIRE_EM_05285,RP_SLIP_TERRAIN,EVIDENCES,FIRE_119_RECORD
AE_FIRE_EM_05286,RP_TRAFFIC_01,EVIDENCES,FIRE_119_RECORD
AE_FIRE_EM_05287,RP_MACHINE_01,EVIDENCES,FIRE_119_RECORD
AE_FIRE_EM_05288,RP_MACHINE_01,EVIDENCES,FIRE_119_RECORD
AE_FIRE_EM_05289,RP_SLIP_TERRAIN,EVIDENCES,FIRE_119_RECORD
AE_FIRE_EM_05290,RP_SLIP_TERRAIN,EVIDENCES,FIRE_119_RECORD
AE_FIRE_EM_05291,RP_SLIP_TERRAIN,EVIDENCES,FIRE_119_RECORD
AE_FIRE_EM_05292,RP_TRAFFIC_01,EVIDENCES,FIRE_119_RECORD
AE_FIRE_EM_05293,RP_TRAFFIC_01,EVIDENCES,FIRE_119_RECORD
AE_FIRE_EM_05294,RP_SLIP_TERRAIN,EVIDENCES,FIRE_119_RECORD
AE_FIRE_EM_05295,RP_SLIP_TERRAIN,EVIDENCES,FIRE_119_RECORD
AE_FIRE_EM_05296,RP_FALL_CLIFF,EVIDENCES,FIRE_119_RECORD
AE_FIRE_EM_05297,RP_TRAFFIC_01,EVIDENCES,FIRE_119_RECORD
AE_FIRE_EM_05298,RP_SLIP_TERRAIN,EVIDENCES,FIRE_119_RECORD
AE_FIRE_EM_05299,RP_SLIP_TERRAIN,EVIDENCES,FIRE_119_RECORD
AE_FIRE_EM_05300,RP_MACHINE_01,EVIDENCES,FIRE_119_RECORD
AE_FIRE_EM_05301,RP_TRAFFIC_01,EVIDENCES,FIRE_119_RECORD
AE_FIRE_EM_05302,RP_MACHINE_01,EVIDENCES,FIRE_119_RECORD
AE_FIRE_EM_05303,RP_TRAFFIC_01,EVIDENCES,FIRE_119_RECORD
AE_FIRE_EM_05304,RP_SLIP_TERRAIN,EVIDENCES,FIRE_119_RECORD
AE_FIRE_EM_05305,RP_SLIP_TERRAIN,EVIDENCES,FIRE_119_RECORD
AE_FIRE_EM_05306,RP_SLIP_TERRAIN,EVIDENCES,FIRE_119_RECORD
AE_FIRE_EM_05307,RP_TRAFFIC_01,EVIDENCES,FIRE_119_RECORD
AE_FIRE_EM_05308,RP_SLIP_TERRAIN,EVIDENCES,FIRE_119_RECORD
AE_FIRE_EM_05309,RP_MACHINE_01,EVIDENCES,FIRE_119_RECORD
AE_FIRE_EM_05310,RP_TRAFFIC_01,EVIDENCES,FIRE_119_RECORD
AE_FIRE_EM_05311,RP_MACHINE_01,EVIDENCES,FIRE_119_RECORD
AE_FIRE_EM_05312,RP_CO_01,EVIDENCES,FIRE_119_RECORD
AE_FIRE_EM_05313,RP_MACHINE_01,EVIDENCES,FIRE_119_RECORD
AE_FIRE_EM_05314,RP_TRAFFIC_01,EVIDENCES,FIRE_119_RECORD
AE_FIRE_EM_05315,RP_ANIMAL_01,EVIDENCES,FIRE_119_RECORD
AE_FIRE_EM_05316,RP_TRAFFIC_01,EVIDENCES,FIRE_119_RECORD
AE_FIRE_EM_05317,RP_TRAFFIC_01,EVIDENCES,FIRE_119_RECORD
AE_FIRE_EM_05318,RP_TRAFFIC_01,EVIDENCES,FIRE_119_RECORD
AE_FIRE_EM_05319,RP_TRAFFIC_01,EVIDENCES,FIRE_119_RECORD
AE_FIRE_EM_05320,RP_TRAFFIC_01,EVIDENCES,FIRE_119_RECORD
AE_FIRE_EM_05321,RP_ANIMAL_01,EVIDENCES,FIRE_119_RECORD
AE_FIRE_EM_05322,RP_TRAFFIC_01,EVIDENCES,FIRE_119_RECORD
AE_FIRE_EM_05323,RP_SLIP_TERRAIN,EVIDENCES,FIRE_119_RECORD
AE_FIRE_EM_05324,RP_TRAFFIC_01,EVIDENCES,FIRE_119_RECORD
AE_FIRE_EM_05325,RP_SLIP_TERRAIN,EVIDENCES,FIRE_119_RECORD
AE_FIRE_EM_05326,RP_TRAFFIC_01,EVIDENCES,FIRE_119_RECORD
AE_FIRE_EM_05327,RP_TRAFFIC_01,EVIDENCES,FIRE_119_RECORD
AE_FIRE_EM_05328,RP_TRAFFIC_01,EVIDENCES,FIRE_119_RECORD
AE_FIRE_EM_05329,RP_TRAFFIC_01,EVIDENCES,FIRE_119_RECORD
AE_FIRE_EM_05330,RP_TRAFFIC_01,EVIDENCES,FIRE_119_RECORD
AE_FIRE_EM_05331,RP_MACHINE_01,EVIDENCES,FIRE_119_RECORD
AE_FIRE_EM_05332,RP_SLIP_TERRAIN,EVIDENCES,FIRE_119_RECORD
AE_FIRE_EM_05333,RP_SLIP_TERRAIN,EVIDENCES,FIRE_119_RECORD
AE_FIRE_EM_05334,RP_TRAFFIC_01,EVIDENCES,FIRE_119_RECORD
AE_FIRE_EM_05335,RP_TRAFFIC_01,EVIDENCES,FIRE_119_RECORD
AE_FIRE_EM_05336,RP_TRAFFIC_01,EVIDENCES,FIRE_119_RECORD
AE_FIRE_EM_05337,RP_SLIP_TERRAIN,EVIDENCES,FIRE_119_RECORD
AE_FIRE_EM_05338,RP_MACHINE_01,EVIDENCES,FIRE_119_RECORD
AE_FIRE_EM_05339,RP_SLIP_TERRAIN,EVIDENCES,FIRE_119_RECORD
AE_FIRE_EM_05340,RP_TRAFFIC_01,EVIDENCES,FIRE_119_RECORD
AE_FIRE_EM_05341,RP_TRAFFIC_01,EVIDENCES,FIRE_119_RECORD
AE_FIRE_EM_05342,RP_SLIP_TERRAIN,EVIDENCES,FIRE_119_RECORD
AE_FIRE_EM_05343,RP_TRAFFIC_01,EVIDENCES,FIRE_119_RECORD
AE_FIRE_EM_05344,RP_TRAFFIC_01,EVIDENCES,FIRE_119_RECORD
AE_FIRE_EM_05345,RP_TRAFFIC_01,EVIDENCES,FIRE_119_RECORD
AE_FIRE_EM_05346,RP_SLIP_TERRAIN,EVIDENCES,FIRE_119_RECORD
AE_FIRE_EM_05347,RP_ANIMAL_01,EVIDENCES,FIRE_119_RECORD
AE_FIRE_EM_05348,RP_SLIP_TERRAIN,EVIDENCES,FIRE_119_RECORD
AE_FIRE_EM_05349,RP_FIRE_01,EVIDENCES,FIRE_119_RECORD
AE_FIRE_EM_05350,RP_TRAFFIC_01,EVIDENCES,FIRE_119_RECORD
AE_FIRE_EM_05351,RP_TRAFFIC_01,EVIDENCES,FIRE_119_RECORD
AE_FIRE_EM_05352,RP_MACHINE_01,EVIDENCES,FIRE_119_RECORD
AE_FIRE_EM_05353,RP_TRAFFIC_01,EVIDENCES,FIRE_119_RECORD
AE_FIRE_EM_05354,RP_TRAFFIC_01,EVIDENCES,FIRE_119_RECORD
AE_FIRE_EM_05355,RP_SLIP_TERRAIN,EVIDENCES,FIRE_119_RECORD
AE_FIRE_EM_05356,RP_DROWN_01,EVIDENCES,FIRE_119_RECORD
AE_FIRE_EM_05357,RP_TRAFFIC_01,EVIDENCES,FIRE_119_RECORD
AE_FIRE_EM_05358,RP_SLIP_TERRAIN,EVIDENCES,FIRE_119_RECORD
AE_FIRE_EM_05359,RP_MACHINE_01,EVIDENCES,FIRE_119_RECORD
AE_FIRE_EM_05360,RP_ANIMAL_01,EVIDENCES,FIRE_119_RECORD
AE_FIRE_EM_05361,RP_TRAFFIC_01,EVIDENCES,FIRE_119_RECORD
AE_FIRE_EM_05362,RP_FALL_CLIFF,EVIDENCES,FIRE_119_RECORD
AE_FIRE_EM_05363,RP_DROWN_01,EVIDENCES,FIRE_119_RECORD
AE_FIRE_EM_05364,RP_SLIP_TERRAIN,EVIDENCES,FIRE_119_RECORD
AE_FIRE_EM_05365,RP_ANIMAL_01,EVIDENCES,FIRE_119_RECORD
AE_FIRE_EM_05366,RP_TRAFFIC_01,EVIDENCES,FIRE_119_RECORD
AE_FIRE_EM_05367,RP_MACHINE_01,EVIDENCES,FIRE_119_RECORD
AE_FIRE_EM_05368,RP_FALL_CLIFF,EVIDENCES,FIRE_119_RECORD
AE_FIRE_EM_05369,RP_TRAFFIC_01,EVIDENCES,FIRE_119_RECORD
AE_FIRE_EM_05370,RP_MACHINE_01,EVIDENCES,FIRE_119_RECORD
AE_FIRE_EM_05371,RP_TRAFFIC_01,EVIDENCES,FIRE_119_RECORD
AE_FIRE_EM_05372,RP_TRAFFIC_01,EVIDENCES,FIRE_119_RECORD
AE_FIRE_EM_05373,RP_TRAFFIC_01,EVIDENCES,FIRE_119_RECORD
AE_FIRE_EM_05374,RP_MACHINE_01,EVIDENCES,FIRE_119_RECORD
AE_FIRE_EM_05375,RP_DROWN_01,EVIDENCES,FIRE_119_RECORD
AE_FIRE_EM_05376,RP_TRAFFIC_01,EVIDENCES,FIRE_119_RECORD
AE_FIRE_EM_05377,RP_SLIP_TERRAIN,EVIDENCES,FIRE_119_RECORD
AE_FIRE_EM_05378,RP_TRAFFIC_01,EVIDENCES,FIRE_119_RECORD
AE_FIRE_EM_05379,RP_TRAFFIC_01,EVIDENCES,FIRE_119_RECORD
AE_FIRE_EM_05380,RP_MACHINE_01,EVIDENCES,FIRE_119_RECORD
AE_FIRE_EM_05381,RP_ANIMAL_01,EVIDENCES,FIRE_119_RECORD
AE_FIRE_EM_05382,RP_SLIP_TERRAIN,EVIDENCES,FIRE_119_RECORD
AE_FIRE_EM_05383,RP_SLIP_TERRAIN,EVIDENCES,FIRE_119_RECORD
AE_FIRE_EM_05384,RP_TRAFFIC_01,EVIDENCES,FIRE_119_RECORD
AE_FIRE_EM_05385,RP_ANIMAL_01,EVIDENCES,FIRE_119_RECORD
AE_FIRE_EM_05386,RP_ANIMAL_01,EVIDENCES,FIRE_119_RECORD
AE_FIRE_EM_05387,RP_SLIP_TERRAIN,EVIDENCES,FIRE_119_RECORD
AE_FIRE_EM_05388,RP_TRAFFIC_01,EVIDENCES,FIRE_119_RECORD
AE_FIRE_EM_05389,RP_MACHINE_01,EVIDENCES,FIRE_119_RECORD
AE_FIRE_EM_05390,RP_ANIMAL_01,EVIDENCES,FIRE_119_RECORD
AE_FIRE_EM_05391,RP_MACHINE_01,EVIDENCES,FIRE_119_RECORD
AE_FIRE_EM_05392,RP_TRAFFIC_01,EVIDENCES,FIRE_119_RECORD
AE_FIRE_EM_05393,RP_TRAFFIC_01,EVIDENCES,FIRE_119_RECORD
AE_FIRE_EM_05394,RP_TRAFFIC_01,EVIDENCES,FIRE_119_RECORD
AE_FIRE_EM_05395,RP_SLIP_TERRAIN,EVIDENCES,FIRE_119_RECORD
AE_FIRE_EM_05396,RP_MACHINE_01,EVIDENCES,FIRE_119_RECORD
AE_FIRE_EM_05397,RP_SLIP_TERRAIN,EVIDENCES,FIRE_119_RECORD
AE_FIRE_EM_05398,RP_DROWN_01,EVIDENCES,FIRE_119_RECORD
AE_FIRE_EM_05399,RP_MACHINE_01,EVIDENCES,FIRE_119_RECORD
AE_FIRE_EM_05400,RP_SLIP_TERRAIN,EVIDENCES,FIRE_119_RECORD
AE_FIRE_EM_05401,RP_SLIP_TERRAIN,EVIDENCES,FIRE_119_RECORD
AE_FIRE_EM_05402,RP_SLIP_TERRAIN,EVIDENCES,FIRE_119_RECORD
AE_FIRE_EM_05403,RP_TRAFFIC_01,EVIDENCES,FIRE_119_RECORD
AE_FIRE_EM_05404,RP_MACHINE_01,EVIDENCES,FIRE_119_RECORD
AE_FIRE_EM_05405,RP_SLIP_TERRAIN,EVIDENCES,FIRE_119_RECORD
AE_FIRE_EM_05406,RP_MACHINE_01,EVIDENCES,FIRE_119_RECORD
AE_FIRE_EM_05407,RP_TRAFFIC_01,EVIDENCES,FIRE_119_RECORD
AE_FIRE_EM_05408,RP_MACHINE_01,EVIDENCES,FIRE_119_RECORD
AE_FIRE_EM_05409,RP_TRAFFIC_01,EVIDENCES,FIRE_119_RECORD
AE_FIRE_EM_05410,RP_SLIP_TERRAIN,EVIDENCES,FIRE_119_RECORD
AE_FIRE_EM_05411,RP_DROWN_01,EVIDENCES,FIRE_119_RECORD
AE_FIRE_EM_05412,RP_TRAFFIC_01,EVIDENCES,FIRE_119_RECORD
AE_FIRE_EM_05413,RP_TRAFFIC_01,EVIDENCES,FIRE_119_RECORD
AE_FIRE_EM_05414,RP_ANIMAL_01,EVIDENCES,FIRE_119_RECORD
AE_FIRE_EM_05415,RP_SLIP_TERRAIN,EVIDENCES,FIRE_119_RECORD
AE_FIRE_EM_05416,RP_MACHINE_01,EVIDENCES,FIRE_119_RECORD
AE_FIRE_EM_05417,RP_MACHINE_01,EVIDENCES,FIRE_119_RECORD
AE_FIRE_EM_05418,RP_SLIP_TERRAIN,EVIDENCES,FIRE_119_RECORD
AE_FIRE_EM_05419,RP_ANIMAL_01,EVIDENCES,FIRE_119_RECORD
AE_FIRE_EM_05420,RP_SLIP_TERRAIN,EVIDENCES,FIRE_119_RECORD
AE_FIRE_EM_05421,RP_TRAFFIC_01,EVIDENCES,FIRE_119_RECORD
AE_FIRE_EM_05422,RP_SLIP_TERRAIN,EVIDENCES,FIRE_119_RECORD
AE_FIRE_EM_05423,RP_SLIP_TERRAIN,EVIDENCES,FIRE_119_RECORD
AE_FIRE_EM_05424,RP_FALL_CLIFF,EVIDENCES,FIRE_119_RECORD
AE_FIRE_EM_05425,RP_DROWN_01,EVIDENCES,FIRE_119_RECORD
AE_FIRE_EM_05426,RP_SLIP_TERRAIN,EVIDENCES,FIRE_119_RECORD
AE_FIRE_EM_05427,RP_SLIP_TERRAIN,EVIDENCES,FIRE_119_RECORD
AE_FIRE_EM_05428,RP_TRAFFIC_01,EVIDENCES,FIRE_119_RECORD
AE_FIRE_EM_05429,RP_ANIMAL_01,EVIDENCES,FIRE_119_RECORD
AE_FIRE_EM_05430,RP_SLIP_TERRAIN,EVIDENCES,FIRE_119_RECORD
AE_FIRE_EM_05431,RP_ANIMAL_01,EVIDENCES,FIRE_119_RECORD
AE_FIRE_EM_05432,RP_MACHINE_01,EVIDENCES,FIRE_119_RECORD
AE_FIRE_EM_05433,RP_SLIP_TERRAIN,EVIDENCES,FIRE_119_RECORD
AE_FIRE_EM_05434,RP_TRAFFIC_01,EVIDENCES,FIRE_119_RECORD
AE_FIRE_EM_05435,RP_TRAFFIC_01,EVIDENCES,FIRE_119_RECORD
AE_FIRE_EM_05436,RP_MACHINE_01,EVIDENCES,FIRE_119_RECORD
AE_FIRE_EM_05437,RP_TRAFFIC_01,EVIDENCES,FIRE_119_RECORD
AE_FIRE_EM_05438,RP_SLIP_TERRAIN,EVIDENCES,FIRE_119_RECORD
AE_FIRE_EM_05439,RP_TRAFFIC_01,EVIDENCES,FIRE_119_RECORD
AE_FIRE_EM_05440,RP_MACHINE_01,EVIDENCES,FIRE_119_RECORD
AE_FIRE_EM_05441,RP_CO_01,EVIDENCES,FIRE_119_RECORD
AE_FIRE_EM_05442,RP_TRAFFIC_01,EVIDENCES,FIRE_119_RECORD
AE_FIRE_EM_05443,RP_TRAFFIC_01,EVIDENCES,FIRE_119_RECORD
AE_FIRE_EM_05444,RP_SLIP_TERRAIN,EVIDENCES,FIRE_119_RECORD
AE_FIRE_EM_05445,RP_MACHINE_01,EVIDENCES,FIRE_119_RECORD
AE_FIRE_EM_05446,RP_SLIP_TERRAIN,EVIDENCES,FIRE_119_RECORD
AE_FIRE_EM_05447,RP_TRAFFIC_01,EVIDENCES,FIRE_119_RECORD
AE_FIRE_EM_05448,RP_MACHINE_01,EVIDENCES,FIRE_119_RECORD
AE_FIRE_EM_05449,RP_MACHINE_01,EVIDENCES,FIRE_119_RECORD
AE_FIRE_EM_05450,RP_TRAFFIC_01,EVIDENCES,FIRE_119_RECORD
AE_FIRE_EM_05451,RP_SLIP_TERRAIN,EVIDENCES,FIRE_119_RECORD
AE_FIRE_EM_05452,RP_SLIP_TERRAIN,EVIDENCES,FIRE_119_RECORD
AE_FIRE_EM_05453,RP_SLIP_TERRAIN,EVIDENCES,FIRE_119_RECORD
AE_FIRE_EM_05454,RP_SLIP_TERRAIN,EVIDENCES,FIRE_119_RECORD
AE_FIRE_EM_05455,RP_TRAFFIC_01,EVIDENCES,FIRE_119_RECORD
AE_FIRE_EM_05456,RP_TRAFFIC_01,EVIDENCES,FIRE_119_RECORD
AE_FIRE_EM_05457,RP_TRAFFIC_01,EVIDENCES,FIRE_119_RECORD
AE_FIRE_EM_05458,RP_TRAFFIC_01,EVIDENCES,FIRE_119_RECORD
AE_FIRE_EM_05459,RP_TRAFFIC_01,EVIDENCES,FIRE_119_RECORD
AE_FIRE_EM_05460,RP_MACHINE_01,EVIDENCES,FIRE_119_RECORD
AE_FIRE_EM_05461,RP_TRAFFIC_01,EVIDENCES,FIRE_119_RECORD
AE_FIRE_EM_05462,RP_FALL_CLIFF,EVIDENCES,FIRE_119_RECORD
AE_FIRE_EM_05463,RP_FALL_CLIFF,EVIDENCES,FIRE_119_RECORD
AE_FIRE_EM_05464,RP_FALL_CLIFF,EVIDENCES,FIRE_119_RECORD
AE_FIRE_EM_05465,RP_SLIP_TERRAIN,EVIDENCES,FIRE_119_RECORD
AE_FIRE_EM_05466,RP_FALL_CLIFF,EVIDENCES,FIRE_119_RECORD
AE_FIRE_EM_05467,RP_MACHINE_01,EVIDENCES,FIRE_119_RECORD
AE_FIRE_EM_05468,RP_TRAFFIC_01,EVIDENCES,FIRE_119_RECORD
AE_FIRE_EM_05469,RP_SLIP_TERRAIN,EVIDENCES,FIRE_119_RECORD
AE_FIRE_EM_05470,RP_TRAFFIC_01,EVIDENCES,FIRE_119_RECORD
AE_FIRE_EM_05471,RP_SLIP_TERRAIN,EVIDENCES,FIRE_119_RECORD
AE_FIRE_EM_05472,RP_SLIP_TERRAIN,EVIDENCES,FIRE_119_RECORD
AE_FIRE_EM_05473,RP_TRAFFIC_01,EVIDENCES,FIRE_119_RECORD
AE_FIRE_EM_05474,RP_TRAFFIC_01,EVIDENCES,FIRE_119_RECORD
AE_FIRE_EM_05475,RP_TRAFFIC_01,EVIDENCES,FIRE_119_RECORD
AE_FIRE_EM_05476,RP_TRAFFIC_01,EVIDENCES,FIRE_119_RECORD
AE_FIRE_EM_05477,RP_SLIP_TERRAIN,EVIDENCES,FIRE_119_RECORD
AE_FIRE_EM_05478,RP_TRAFFIC_01,EVIDENCES,FIRE_119_RECORD
AE_FIRE_EM_05479,RP_SLIP_TERRAIN,EVIDENCES,FIRE_119_RECORD
AE_FIRE_EM_05480,RP_TRAFFIC_01,EVIDENCES,FIRE_119_RECORD
AE_FIRE_EM_05481,RP_TRAFFIC_01,EVIDENCES,FIRE_119_RECORD
AE_FIRE_EM_05482,RP_FALL_CLIFF,EVIDENCES,FIRE_119_RECORD
AE_FIRE_EM_05483,RP_SLIP_TERRAIN,EVIDENCES,FIRE_119_RECORD
AE_FIRE_EM_05484,RP_TRAFFIC_01,EVIDENCES,FIRE_119_RECORD
AE_FIRE_EM_05485,RP_TRAFFIC_01,EVIDENCES,FIRE_119_RECORD
AE_FIRE_EM_05486,RP_TRAFFIC_01,EVIDENCES,FIRE_119_RECORD
AE_FIRE_EM_05487,RP_MACHINE_01,EVIDENCES,FIRE_119_RECORD
AE_FIRE_EM_05488,RP_SLIP_TERRAIN,EVIDENCES,FIRE_119_RECORD
AE_FIRE_EM_05489,RP_SLIP_TERRAIN,EVIDENCES,FIRE_119_RECORD
AE_FIRE_EM_05490,RP_TRAFFIC_01,EVIDENCES,FIRE_119_RECORD
AE_FIRE_EM_05491,RP_TRAFFIC_01,EVIDENCES,FIRE_119_RECORD
AE_FIRE_EM_05492,RP_TRAFFIC_01,EVIDENCES,FIRE_119_RECORD
AE_FIRE_EM_05493,RP_TRAFFIC_01,EVIDENCES,FIRE_119_RECORD
AE_FIRE_EM_05494,RP_TRAFFIC_01,EVIDENCES,FIRE_119_RECORD
AE_FIRE_EM_05495,RP_TRAFFIC_01,EVIDENCES,FIRE_119_RECORD
AE_FIRE_EM_05496,RP_TRAFFIC_01,EVIDENCES,FIRE_119_RECORD
AE_FIRE_EM_05497,RP_TRAFFIC_01,EVIDENCES,FIRE_119_RECORD
AE_FIRE_EM_05498,RP_SLIP_TERRAIN,EVIDENCES,FIRE_119_RECORD
AE_FIRE_EM_05499,RP_MACHINE_01,EVIDENCES,FIRE_119_RECORD
AE_FIRE_EM_05500,RP_SLIP_TERRAIN,EVIDENCES,FIRE_119_RECORD
AE_FIRE_EM_05501,RP_TRAFFIC_01,EVIDENCES,FIRE_119_RECORD
AE_FIRE_EM_05502,RP_TRAFFIC_01,EVIDENCES,FIRE_119_RECORD
AE_FIRE_EM_05503,RP_TRAFFIC_01,EVIDENCES,FIRE_119_RECORD
AE_FIRE_EM_05504,RP_TRAFFIC_01,EVIDENCES,FIRE_119_RECORD
AE_FIRE_EM_05505,RP_TRAFFIC_01,EVIDENCES,FIRE_119_RECORD
AE_FIRE_EM_05506,RP_SLIP_TERRAIN,EVIDENCES,FIRE_119_RECORD
AE_FIRE_EM_05507,RP_TRAFFIC_01,EVIDENCES,FIRE_119_RECORD
AE_FIRE_EM_05508,RP_SLIP_TERRAIN,EVIDENCES,FIRE_119_RECORD
AE_FIRE_EM_05509,RP_SLIP_TERRAIN,EVIDENCES,FIRE_119_RECORD
AE_FIRE_EM_05510,RP_SLIP_TERRAIN,EVIDENCES,FIRE_119_RECORD
AE_FIRE_EM_05511,RP_MACHINE_01,EVIDENCES,FIRE_119_RECORD
AE_FIRE_EM_05512,RP_MACHINE_01,EVIDENCES,FIRE_119_RECORD
AE_FIRE_EM_05513,RP_TRAFFIC_01,EVIDENCES,FIRE_119_RECORD
AE_FIRE_EM_05514,RP_SLIP_TERRAIN,EVIDENCES,FIRE_119_RECORD
AE_FIRE_EM_05515,RP_SLIP_TERRAIN,EVIDENCES,FIRE_119_RECORD
AE_FIRE_EM_05516,RP_SLIP_TERRAIN,EVIDENCES,FIRE_119_RECORD
AE_FIRE_EM_05517,RP_MACHINE_01,EVIDENCES,FIRE_119_RECORD
AE_FIRE_EM_05518,RP_SLIP_TERRAIN,EVIDENCES,FIRE_119_RECORD
AE_FIRE_EM_05519,RP_SLIP_TERRAIN,EVIDENCES,FIRE_119_RECORD
AE_FIRE_EM_05520,RP_TRAFFIC_01,EVIDENCES,FIRE_119_RECORD
AE_FIRE_EM_05521,RP_TRAFFIC_01,EVIDENCES,FIRE_119_RECORD
AE_FIRE_EM_05522,RP_TRAFFIC_01,EVIDENCES,FIRE_119_RECORD
AE_FIRE_EM_05523,RP_SLIP_TERRAIN,EVIDENCES,FIRE_119_RECORD
AE_FIRE_EM_05524,RP_SLIP_TERRAIN,EVIDENCES,FIRE_119_RECORD
AE_FIRE_EM_05525,RP_SLIP_TERRAIN,EVIDENCES,FIRE_119_RECORD
AE_FIRE_EM_05526,RP_SLIP_TERRAIN,EVIDENCES,FIRE_119_RECORD
AE_FIRE_EM_05527,RP_CO_01,EVIDENCES,FIRE_119_RECORD
AE_FIRE_EM_05528,RP_TRAFFIC_01,EVIDENCES,FIRE_119_RECORD
AE_FIRE_EM_05529,RP_MACHINE_01,EVIDENCES,FIRE_119_RECORD
AE_FIRE_EM_05530,RP_MACHINE_01,EVIDENCES,FIRE_119_RECORD
AE_FIRE_EM_05531,RP_TRAFFIC_01,EVIDENCES,FIRE_119_RECORD
AE_FIRE_EM_05532,RP_TRAFFIC_01,EVIDENCES,FIRE_119_RECORD
AE_FIRE_EM_05533,RP_MACHINE_01,EVIDENCES,FIRE_119_RECORD
AE_FIRE_EM_05534,RP_TRAFFIC_01,EVIDENCES,FIRE_119_RECORD
AE_FIRE_EM_05535,RP_TRAFFIC_01,EVIDENCES,FIRE_119_RECORD
AE_FIRE_EM_05536,RP_TRAFFIC_01,EVIDENCES,FIRE_119_RECORD
AE_FIRE_EM_05537,RP_TRAFFIC_01,EVIDENCES,FIRE_119_RECORD
AE_FIRE_EM_05538,RP_SLIP_TERRAIN,EVIDENCES,FIRE_119_RECORD
AE_FIRE_EM_05539,RP_SLIP_TERRAIN,EVIDENCES,FIRE_119_RECORD
AE_FIRE_EM_05540,RP_MACHINE_01,EVIDENCES,FIRE_119_RECORD
AE_FIRE_EM_05541,RP_SLIP_TERRAIN,EVIDENCES,FIRE_119_RECORD
AE_FIRE_EM_05542,RP_SLIP_TERRAIN,EVIDENCES,FIRE_119_RECORD
AE_FIRE_EM_05543,RP_TRAFFIC_01,EVIDENCES,FIRE_119_RECORD
AE_FIRE_EM_05544,RP_SLIP_TERRAIN,EVIDENCES,FIRE_119_RECORD
AE_FIRE_EM_05545,RP_SLIP_TERRAIN,EVIDENCES,FIRE_119_RECORD
AE_FIRE_EM_05546,RP_TRAFFIC_01,EVIDENCES,FIRE_119_RECORD
AE_FIRE_EM_05547,RP_TRAFFIC_01,EVIDENCES,FIRE_119_RECORD
AE_FIRE_EM_05548,RP_TRAFFIC_01,EVIDENCES,FIRE_119_RECORD
AE_FIRE_EM_05549,RP_TRAFFIC_01,EVIDENCES,FIRE_119_RECORD
AE_FIRE_EM_05550,RP_TRAFFIC_01,EVIDENCES,FIRE_119_RECORD
AE_FIRE_EM_05551,RP_TRAFFIC_01,EVIDENCES,FIRE_119_RECORD
AE_FIRE_EM_05552,RP_SLIP_TERRAIN,EVIDENCES,FIRE_119_RECORD
AE_FIRE_EM_05553,RP_TRAFFIC_01,EVIDENCES,FIRE_119_RECORD
AE_FIRE_EM_05554,RP_MACHINE_01,EVIDENCES,FIRE_119_RECORD
AE_FIRE_EM_05555,RP_SLIP_TERRAIN,EVIDENCES,FIRE_119_RECORD
AE_FIRE_EM_05556,RP_TRAFFIC_01,EVIDENCES,FIRE_119_RECORD
AE_FIRE_EM_05557,RP_SLIP_TERRAIN,EVIDENCES,FIRE_119_RECORD
AE_FIRE_EM_05558,RP_TRAFFIC_01,EVIDENCES,FIRE_119_RECORD
AE_FIRE_EM_05559,RP_FALL_CLIFF,EVIDENCES,FIRE_119_RECORD
AE_FIRE_EM_05560,RP_SLIP_TERRAIN,EVIDENCES,FIRE_119_RECORD
AE_FIRE_EM_05561,RP_TRAFFIC_01,EVIDENCES,FIRE_119_RECORD
AE_FIRE_EM_05562,RP_TRAFFIC_01,EVIDENCES,FIRE_119_RECORD
AE_FIRE_EM_05563,RP_MACHINE_01,EVIDENCES,FIRE_119_RECORD
AE_FIRE_EM_05564,RP_SLIP_TERRAIN,EVIDENCES,FIRE_119_RECORD
AE_FIRE_EM_05565,RP_SLIP_TERRAIN,EVIDENCES,FIRE_119_RECORD
AE_FIRE_EM_05566,RP_TRAFFIC_01,EVIDENCES,FIRE_119_RECORD
AE_FIRE_EM_05567,RP_TRAFFIC_01,EVIDENCES,FIRE_119_RECORD
AE_FIRE_EM_05568,RP_FALL_CLIFF,EVIDENCES,FIRE_119_RECORD
AE_FIRE_EM_05569,RP_SLIP_TERRAIN,EVIDENCES,FIRE_119_RECORD
AE_FIRE_EM_05570,RP_TRAFFIC_01,EVIDENCES,FIRE_119_RECORD
AE_FIRE_EM_05571,RP_MACHINE_01,EVIDENCES,FIRE_119_RECORD
AE_FIRE_EM_05572,RP_MACHINE_01,EVIDENCES,FIRE_119_RECORD
AE_FIRE_EM_05573,RP_SLIP_TERRAIN,EVIDENCES,FIRE_119_RECORD
AE_FIRE_EM_05574,RP_SLIP_TERRAIN,EVIDENCES,FIRE_119_RECORD
AE_FIRE_EM_05575,RP_TRAFFIC_01,EVIDENCES,FIRE_119_RECORD
AE_FIRE_EM_05576,RP_SLIP_TERRAIN,EVIDENCES,FIRE_119_RECORD
AE_FIRE_EM_05577,RP_TRAFFIC_01,EVIDENCES,FIRE_119_RECORD
AE_FIRE_EM_05578,RP_SLIP_TERRAIN,EVIDENCES,FIRE_119_RECORD
AE_FIRE_EM_05579,RP_SLIP_TERRAIN,EVIDENCES,FIRE_119_RECORD
AE_FIRE_EM_05580,RP_SLIP_TERRAIN,EVIDENCES,FIRE_119_RECORD
AE_FIRE_EM_05581,RP_TRAFFIC_01,EVIDENCES,FIRE_119_RECORD
AE_FIRE_EM_05582,RP_SLIP_TERRAIN,EVIDENCES,FIRE_119_RECORD
AE_FIRE_EM_05583,RP_TRAFFIC_01,EVIDENCES,FIRE_119_RECORD
AE_FIRE_EM_05584,RP_TRAFFIC_01,EVIDENCES,FIRE_119_RECORD
AE_FIRE_EM_05585,RP_TRAFFIC_01,EVIDENCES,FIRE_119_RECORD
AE_FIRE_EM_05586,RP_TRAFFIC_01,EVIDENCES,FIRE_119_RECORD
AE_FIRE_EM_05587,RP_SLIP_TERRAIN,EVIDENCES,FIRE_119_RECORD
AE_FIRE_EM_05588,RP_TRAFFIC_01,EVIDENCES,FIRE_119_RECORD
AE_FIRE_EM_05589,RP_TRAFFIC_01,EVIDENCES,FIRE_119_RECORD
AE_FIRE_EM_05590,RP_ANIMAL_01,EVIDENCES,FIRE_119_RECORD
AE_FIRE_EM_05591,RP_SLIP_TERRAIN,EVIDENCES,FIRE_119_RECORD
AE_FIRE_EM_05592,RP_TRAFFIC_01,EVIDENCES,FIRE_119_RECORD
AE_FIRE_EM_05593,RP_MACHINE_01,EVIDENCES,FIRE_119_RECORD
AE_FIRE_EM_05594,RP_SLIP_TERRAIN,EVIDENCES,FIRE_119_RECORD
AE_FIRE_EM_05595,RP_SLIP_TERRAIN,EVIDENCES,FIRE_119_RECORD
AE_FIRE_EM_05596,RP_TRAFFIC_01,EVIDENCES,FIRE_119_RECORD
AE_FIRE_EM_05597,RP_ANIMAL_01,EVIDENCES,FIRE_119_RECORD
AE_FIRE_EM_05598,RP_TRAFFIC_01,EVIDENCES,FIRE_119_RECORD
AE_FIRE_EM_05599,RP_SLIP_TERRAIN,EVIDENCES,FIRE_119_RECORD
AE_FIRE_EM_05600,RP_MACHINE_01,EVIDENCES,FIRE_119_RECORD
AE_FIRE_EM_05601,RP_SLIP_TERRAIN,EVIDENCES,FIRE_119_RECORD
AE_FIRE_EM_05602,RP_SLIP_TERRAIN,EVIDENCES,FIRE_119_RECORD
AE_FIRE_EM_05603,RP_FALL_CLIFF,EVIDENCES,FIRE_119_RECORD
AE_FIRE_EM_05604,RP_TRAFFIC_01,EVIDENCES,FIRE_119_RECORD
AE_FIRE_EM_05605,RP_TRAFFIC_01,EVIDENCES,FIRE_119_RECORD
AE_FIRE_EM_05606,RP_MACHINE_01,EVIDENCES,FIRE_119_RECORD
AE_FIRE_EM_05607,RP_TRAFFIC_01,EVIDENCES,FIRE_119_RECORD
AE_FIRE_EM_05608,RP_TRAFFIC_01,EVIDENCES,FIRE_119_RECORD
AE_FIRE_EM_05609,RP_SLIP_TERRAIN,EVIDENCES,FIRE_119_RECORD
AE_FIRE_EM_05610,RP_FALL_CLIFF,EVIDENCES,FIRE_119_RECORD
AE_FIRE_EM_05611,RP_SLIP_TERRAIN,EVIDENCES,FIRE_119_RECORD
AE_FIRE_EM_05612,RP_FALL_CLIFF,EVIDENCES,FIRE_119_RECORD
AE_FIRE_EM_05613,RP_MACHINE_01,EVIDENCES,FIRE_119_RECORD
AE_FIRE_EM_05614,RP_MACHINE_01,EVIDENCES,FIRE_119_RECORD
AE_FIRE_EM_05615,RP_SLIP_TERRAIN,EVIDENCES,FIRE_119_RECORD
AE_FIRE_EM_05616,RP_SLIP_TERRAIN,EVIDENCES,FIRE_119_RECORD
AE_FIRE_EM_05617,RP_SLIP_TERRAIN,EVIDENCES,FIRE_119_RECORD
AE_FIRE_EM_05618,RP_SLIP_TERRAIN,EVIDENCES,FIRE_119_RECORD
AE_FIRE_EM_05619,RP_SLIP_TERRAIN,EVIDENCES,FIRE_119_RECORD
AE_FIRE_EM_05620,RP_TRAFFIC_01,EVIDENCES,FIRE_119_RECORD
AE_FIRE_EM_05621,RP_MACHINE_01,EVIDENCES,FIRE_119_RECORD
AE_FIRE_EM_05622,RP_MACHINE_01,EVIDENCES,FIRE_119_RECORD
AE_FIRE_EM_05623,RP_FALL_CLIFF,EVIDENCES,FIRE_119_RECORD
AE_FIRE_EM_05624,RP_TRAFFIC_01,EVIDENCES,FIRE_119_RECORD
AE_FIRE_EM_05625,RP_SLIP_TERRAIN,EVIDENCES,FIRE_119_RECORD
AE_FIRE_EM_05626,RP_ANIMAL_01,EVIDENCES,FIRE_119_RECORD
AE_FIRE_EM_05627,RP_SLIP_TERRAIN,EVIDENCES,FIRE_119_RECORD
AE_FIRE_EM_05628,RP_SLIP_TERRAIN,EVIDENCES,FIRE_119_RECORD
AE_FIRE_EM_05629,RP_SLIP_TERRAIN,EVIDENCES,FIRE_119_RECORD
AE_FIRE_EM_05630,RP_TRAFFIC_01,EVIDENCES,FIRE_119_RECORD
AE_FIRE_EM_05631,RP_SLIP_TERRAIN,EVIDENCES,FIRE_119_RECORD
AE_FIRE_EM_05632,RP_MACHINE_01,EVIDENCES,FIRE_119_RECORD
AE_FIRE_EM_05633,RP_TRAFFIC_01,EVIDENCES,FIRE_119_RECORD
AE_FIRE_EM_05634,RP_SLIP_TERRAIN,EVIDENCES,FIRE_119_RECORD
AE_FIRE_EM_05635,RP_SLIP_TERRAIN,EVIDENCES,FIRE_119_RECORD
AE_FIRE_EM_05636,RP_SLIP_TERRAIN,EVIDENCES,FIRE_119_RECORD
AE_FIRE_EM_05637,RP_SLIP_TERRAIN,EVIDENCES,FIRE_119_RECORD
AE_FIRE_EM_05638,RP_SLIP_TERRAIN,EVIDENCES,FIRE_119_RECORD
AE_FIRE_EM_05639,RP_TRAFFIC_01,EVIDENCES,FIRE_119_RECORD
AE_FIRE_EM_05640,RP_SLIP_TERRAIN,EVIDENCES,FIRE_119_RECORD
AE_FIRE_EM_05641,RP_TRAFFIC_01,EVIDENCES,FIRE_119_RECORD
AE_FIRE_EM_05642,RP_SLIP_TERRAIN,EVIDENCES,FIRE_119_RECORD
AE_FIRE_EM_05643,RP_TRAFFIC_01,EVIDENCES,FIRE_119_RECORD
AE_FIRE_EM_05644,RP_TRAFFIC_01,EVIDENCES,FIRE_119_RECORD
AE_FIRE_EM_05645,RP_TRAFFIC_01,EVIDENCES,FIRE_119_RECORD
AE_FIRE_EM_05646,RP_TRAFFIC_01,EVIDENCES,FIRE_119_RECORD
AE_FIRE_EM_05647,RP_MACHINE_01,EVIDENCES,FIRE_119_RECORD
AE_FIRE_EM_05648,RP_TRAFFIC_01,EVIDENCES,FIRE_119_RECORD
AE_FIRE_EM_05649,RP_TRAFFIC_01,EVIDENCES,FIRE_119_RECORD
AE_FIRE_EM_05650,RP_TRAFFIC_01,EVIDENCES,FIRE_119_RECORD
AE_FIRE_EM_05651,RP_CO_01,EVIDENCES,FIRE_119_RECORD
AE_FIRE_EM_05652,RP_SLIP_TERRAIN,EVIDENCES,FIRE_119_RECORD
AE_FIRE_EM_05653,RP_MACHINE_01,EVIDENCES,FIRE_119_RECORD
AE_FIRE_EM_05654,RP_SLIP_TERRAIN,EVIDENCES,FIRE_119_RECORD
AE_FIRE_EM_05655,RP_SLIP_TERRAIN,EVIDENCES,FIRE_119_RECORD
AE_FIRE_EM_05656,RP_ANIMAL_01,EVIDENCES,FIRE_119_RECORD
AE_FIRE_EM_05657,RP_TRAFFIC_01,EVIDENCES,FIRE_119_RECORD
AE_FIRE_EM_05658,RP_SLIP_TERRAIN,EVIDENCES,FIRE_119_RECORD
AE_FIRE_EM_05659,RP_MACHINE_01,EVIDENCES,FIRE_119_RECORD
AE_FIRE_EM_05660,RP_SLIP_TERRAIN,EVIDENCES,FIRE_119_RECORD
AE_FIRE_EM_05661,RP_SLIP_TERRAIN,EVIDENCES,FIRE_119_RECORD
AE_FIRE_EM_05662,RP_SLIP_TERRAIN,EVIDENCES,FIRE_119_RECORD
AE_FIRE_EM_05663,RP_MACHINE_01,EVIDENCES,FIRE_119_RECORD
AE_FIRE_EM_05664,RP_SLIP_TERRAIN,EVIDENCES,FIRE_119_RECORD
AE_FIRE_EM_05665,RP_TRAFFIC_01,EVIDENCES,FIRE_119_RECORD
AE_FIRE_EM_05666,RP_SLIP_TERRAIN,EVIDENCES,FIRE_119_RECORD
AE_FIRE_EM_05667,RP_TRAFFIC_01,EVIDENCES,FIRE_119_RECORD
AE_FIRE_EM_05668,RP_SLIP_TERRAIN,EVIDENCES,FIRE_119_RECORD
AE_FIRE_EM_05669,RP_TRAFFIC_01,EVIDENCES,FIRE_119_RECORD
AE_FIRE_EM_05670,RP_TRAFFIC_01,EVIDENCES,FIRE_119_RECORD
AE_FIRE_EM_05671,RP_SLIP_TERRAIN,EVIDENCES,FIRE_119_RECORD
AE_FIRE_EM_05672,RP_SLIP_TERRAIN,EVIDENCES,FIRE_119_RECORD
AE_FIRE_EM_05673,RP_TRAFFIC_01,EVIDENCES,FIRE_119_RECORD
AE_FIRE_EM_05674,RP_SLIP_TERRAIN,EVIDENCES,FIRE_119_RECORD
AE_FIRE_EM_05675,RP_SLIP_TERRAIN,EVIDENCES,FIRE_119_RECORD
AE_FIRE_EM_05676,RP_SLIP_TERRAIN,EVIDENCES,FIRE_119_RECORD
AE_FIRE_EM_05677,RP_SLIP_TERRAIN,EVIDENCES,FIRE_119_RECORD
AE_FIRE_EM_05678,RP_TRAFFIC_01,EVIDENCES,FIRE_119_RECORD
AE_FIRE_EM_05679,RP_SLIP_TERRAIN,EVIDENCES,FIRE_119_RECORD
AE_FIRE_EM_05680,RP_SLIP_TERRAIN,EVIDENCES,FIRE_119_RECORD
AE_FIRE_EM_05681,RP_SLIP_TERRAIN,EVIDENCES,FIRE_119_RECORD
AE_FIRE_EM_05682,RP_MACHINE_01,EVIDENCES,FIRE_119_RECORD
AE_FIRE_EM_05683,RP_CO_01,EVIDENCES,FIRE_119_RECORD
AE_FIRE_EM_05684,RP_SLIP_TERRAIN,EVIDENCES,FIRE_119_RECORD
AE_FIRE_EM_05685,RP_SLIP_TERRAIN,EVIDENCES,FIRE_119_RECORD
AE_FIRE_EM_05686,RP_SLIP_TERRAIN,EVIDENCES,FIRE_119_RECORD
AE_FIRE_EM_05687,RP_MACHINE_01,EVIDENCES,FIRE_119_RECORD
AE_FIRE_EM_05688,RP_SLIP_TERRAIN,EVIDENCES,FIRE_119_RECORD
AE_FIRE_EM_05689,RP_SLIP_TERRAIN,EVIDENCES,FIRE_119_RECORD
AE_FIRE_EM_05690,RP_MACHINE_01,EVIDENCES,FIRE_119_RECORD
AE_FIRE_EM_05691,RP_SLIP_TERRAIN,EVIDENCES,FIRE_119_RECORD
AE_FIRE_EM_05692,RP_MACHINE_01,EVIDENCES,FIRE_119_RECORD
AE_FIRE_EM_05693,RP_SLIP_TERRAIN,EVIDENCES,FIRE_119_RECORD
AE_FIRE_EM_05694,RP_SLIP_TERRAIN,EVIDENCES,FIRE_119_RECORD
AE_FIRE_EM_05695,RP_TRAFFIC_01,EVIDENCES,FIRE_119_RECORD
AE_FIRE_EM_05696,RP_SLIP_TERRAIN,EVIDENCES,FIRE_119_RECORD
AE_FIRE_EM_05697,RP_TRAFFIC_01,EVIDENCES,FIRE_119_RECORD
AE_FIRE_EM_05698,RP_TRAFFIC_01,EVIDENCES,FIRE_119_RECORD
AE_FIRE_EM_05699,RP_TRAFFIC_01,EVIDENCES,FIRE_119_RECORD
AE_FIRE_EM_05700,RP_TRAFFIC_01,EVIDENCES,FIRE_119_RECORD
AE_FIRE_EM_05701,RP_TRAFFIC_01,EVIDENCES,FIRE_119_RECORD
AE_FIRE_EM_05702,RP_SLIP_TERRAIN,EVIDENCES,FIRE_119_RECORD
AE_FIRE_EM_05703,RP_SLIP_TERRAIN,EVIDENCES,FIRE_119_RECORD
AE_FIRE_EM_05704,RP_SLIP_TERRAIN,EVIDENCES,FIRE_119_RECORD
AE_FIRE_EM_05705,RP_CO_01,EVIDENCES,FIRE_119_RECORD
AE_FIRE_EM_05706,RP_SLIP_TERRAIN,EVIDENCES,FIRE_119_RECORD
AE_FIRE_EM_05707,RP_TRAFFIC_01,EVIDENCES,FIRE_119_RECORD
AE_FIRE_EM_05708,RP_TRAFFIC_01,EVIDENCES,FIRE_119_RECORD
AE_FIRE_EM_05709,RP_TRAFFIC_01,EVIDENCES,FIRE_119_RECORD
AE_FIRE_EM_05710,RP_TRAFFIC_01,EVIDENCES,FIRE_119_RECORD
AE_FIRE_EM_05711,RP_TRAFFIC_01,EVIDENCES,FIRE_119_RECORD
AE_FIRE_EM_05712,RP_TRAFFIC_01,EVIDENCES,FIRE_119_RECORD
AE_FIRE_EM_05713,RP_TRAFFIC_01,EVIDENCES,FIRE_119_RECORD
AE_FIRE_EM_05714,RP_TRAFFIC_01,EVIDENCES,FIRE_119_RECORD
AE_FIRE_EM_05715,RP_TRAFFIC_01,EVIDENCES,FIRE_119_RECORD
AE_FIRE_EM_05716,RP_TRAFFIC_01,EVIDENCES,FIRE_119_RECORD
AE_FIRE_EM_05717,RP_TRAFFIC_01,EVIDENCES,FIRE_119_RECORD
AE_FIRE_EM_05718,RP_TRAFFIC_01,EVIDENCES,FIRE_119_RECORD
AE_FIRE_EM_05719,RP_TRAFFIC_01,EVIDENCES,FIRE_119_RECORD
AE_FIRE_EM_05720,RP_SLIP_TERRAIN,EVIDENCES,FIRE_119_RECORD
AE_FIRE_EM_05721,RP_TRAFFIC_01,EVIDENCES,FIRE_119_RECORD
AE_FIRE_EM_05722,RP_TRAFFIC_01,EVIDENCES,FIRE_119_RECORD
AE_FIRE_EM_05723,RP_SLIP_TERRAIN,EVIDENCES,FIRE_119_RECORD
AE_FIRE_EM_05724,RP_TRAFFIC_01,EVIDENCES,FIRE_119_RECORD
AE_FIRE_EM_05725,RP_TRAFFIC_01,EVIDENCES,FIRE_119_RECORD
AE_FIRE_EM_05726,RP_TRAFFIC_01,EVIDENCES,FIRE_119_RECORD
AE_FIRE_EM_05727,RP_TRAFFIC_01,EVIDENCES,FIRE_119_RECORD
AE_FIRE_EM_05728,RP_TRAFFIC_01,EVIDENCES,FIRE_119_RECORD
AE_FIRE_EM_05729,RP_TRAFFIC_01,EVIDENCES,FIRE_119_RECORD
AE_FIRE_EM_05730,RP_TRAFFIC_01,EVIDENCES,FIRE_119_RECORD
AE_FIRE_EM_05731,RP_TRAFFIC_01,EVIDENCES,FIRE_119_RECORD
AE_FIRE_EM_05732,RP_TRAFFIC_01,EVIDENCES,FIRE_119_RECORD
AE_FIRE_EM_05733,RP_TRAFFIC_01,EVIDENCES,FIRE_119_RECORD
AE_FIRE_EM_05734,RP_TRAFFIC_01,EVIDENCES,FIRE_119_RECORD
AE_FIRE_EM_05735,RP_TRAFFIC_01,EVIDENCES,FIRE_119_RECORD
AE_FIRE_EM_05736,RP_TRAFFIC_01,EVIDENCES,FIRE_119_RECORD
AE_FIRE_EM_05737,RP_TRAFFIC_01,EVIDENCES,FIRE_119_RECORD
AE_FIRE_EM_05738,RP_TRAFFIC_01,EVIDENCES,FIRE_119_RECORD
AE_FIRE_EM_05739,RP_SLIP_TERRAIN,EVIDENCES,FIRE_119_RECORD
AE_FIRE_EM_05740,RP_MACHINE_01,EVIDENCES,FIRE_119_RECORD
AE_FIRE_EM_05741,RP_SLIP_TERRAIN,EVIDENCES,FIRE_119_RECORD
AE_FIRE_EM_05742,RP_SLIP_TERRAIN,EVIDENCES,FIRE_119_RECORD
AE_FIRE_EM_05743,RP_MACHINE_01,EVIDENCES,FIRE_119_RECORD
AE_FIRE_EM_05744,RP_SLIP_TERRAIN,EVIDENCES,FIRE_119_RECORD
AE_FIRE_EM_05745,RP_SLIP_TERRAIN,EVIDENCES,FIRE_119_RECORD
AE_FIRE_EM_05746,RP_SLIP_TERRAIN,EVIDENCES,FIRE_119_RECORD
AE_FIRE_EM_05747,RP_TRAFFIC_01,EVIDENCES,FIRE_119_RECORD
AE_FIRE_EM_05748,RP_TRAFFIC_01,EVIDENCES,FIRE_119_RECORD
AE_FIRE_EM_05749,RP_SLIP_TERRAIN,EVIDENCES,FIRE_119_RECORD
AE_FIRE_EM_05750,RP_TRAFFIC_01,EVIDENCES,FIRE_119_RECORD
AE_FIRE_EM_05751,RP_DROWN_01,EVIDENCES,FIRE_119_RECORD
AE_FIRE_EM_05752,RP_MACHINE_01,EVIDENCES,FIRE_119_RECORD
AE_FIRE_EM_05753,RP_TRAFFIC_01,EVIDENCES,FIRE_119_RECORD
AE_FIRE_EM_05754,RP_MACHINE_01,EVIDENCES,FIRE_119_RECORD
AE_FIRE_EM_05755,RP_SLIP_TERRAIN,EVIDENCES,FIRE_119_RECORD
AE_FIRE_EM_05756,RP_SLIP_TERRAIN,EVIDENCES,FIRE_119_RECORD
AE_FIRE_EM_05757,RP_SLIP_TERRAIN,EVIDENCES,FIRE_119_RECORD
AE_FIRE_EM_05758,RP_MACHINE_01,EVIDENCES,FIRE_119_RECORD
AE_FIRE_EM_05759,RP_MACHINE_01,EVIDENCES,FIRE_119_RECORD
AE_FIRE_EM_05760,RP_SLIP_TERRAIN,EVIDENCES,FIRE_119_RECORD
AE_FIRE_EM_05761,RP_SLIP_TERRAIN,EVIDENCES,FIRE_119_RECORD
AE_FIRE_EM_05762,RP_SLIP_TERRAIN,EVIDENCES,FIRE_119_RECORD
AE_FIRE_EM_05763,RP_TRAFFIC_01,EVIDENCES,FIRE_119_RECORD
AE_FIRE_EM_05764,RP_SLIP_TERRAIN,EVIDENCES,FIRE_119_RECORD
AE_FIRE_EM_05765,RP_MACHINE_01,EVIDENCES,FIRE_119_RECORD
AE_FIRE_EM_05766,RP_SLIP_TERRAIN,EVIDENCES,FIRE_119_RECORD
AE_FIRE_EM_05767,RP_TRAFFIC_01,EVIDENCES,FIRE_119_RECORD
AE_FIRE_EM_05768,RP_SLIP_TERRAIN,EVIDENCES,FIRE_119_RECORD
AE_FIRE_EM_05769,RP_MACHINE_01,EVIDENCES,FIRE_119_RECORD
AE_FIRE_EM_05770,RP_SLIP_TERRAIN,EVIDENCES,FIRE_119_RECORD
AE_FIRE_EM_05771,RP_MACHINE_01,EVIDENCES,FIRE_119_RECORD
AE_FIRE_EM_05772,RP_SLIP_TERRAIN,EVIDENCES,FIRE_119_RECORD
AE_FIRE_EM_05773,RP_TRAFFIC_01,EVIDENCES,FIRE_119_RECORD
AE_FIRE_EM_05774,RP_MACHINE_01,EVIDENCES,FIRE_119_RECORD
AE_FIRE_EM_05775,RP_SLIP_TERRAIN,EVIDENCES,FIRE_119_RECORD
AE_FIRE_EM_05776,RP_SLIP_TERRAIN,EVIDENCES,FIRE_119_RECORD
AE_FIRE_EM_05777,RP_TRAFFIC_01,EVIDENCES,FIRE_119_RECORD
AE_FIRE_EM_05778,RP_SLIP_TERRAIN,EVIDENCES,FIRE_119_RECORD
AE_FIRE_EM_05779,RP_SLIP_TERRAIN,EVIDENCES,FIRE_119_RECORD
AE_FIRE_EM_05780,RP_TRAFFIC_01,EVIDENCES,FIRE_119_RECORD
AE_FIRE_EM_05781,RP_FALL_CLIFF,EVIDENCES,FIRE_119_RECORD
AE_FIRE_EM_05782,RP_TRAFFIC_01,EVIDENCES,FIRE_119_RECORD
AE_FIRE_EM_05783,RP_MACHINE_01,EVIDENCES,FIRE_119_RECORD
AE_FIRE_EM_05784,RP_MACHINE_01,EVIDENCES,FIRE_119_RECORD
AE_FIRE_EM_05785,RP_SLIP_TERRAIN,EVIDENCES,FIRE_119_RECORD
AE_FIRE_EM_05786,RP_TRAFFIC_01,EVIDENCES,FIRE_119_RECORD
AE_FIRE_EM_05787,RP_CO_01,EVIDENCES,FIRE_119_RECORD
AE_FIRE_EM_05788,RP_MACHINE_01,EVIDENCES,FIRE_119_RECORD
AE_FIRE_EM_05789,RP_TRAFFIC_01,EVIDENCES,FIRE_119_RECORD
AE_FIRE_EM_05790,RP_TRAFFIC_01,EVIDENCES,FIRE_119_RECORD
AE_FIRE_EM_05791,RP_TRAFFIC_01,EVIDENCES,FIRE_119_RECORD
AE_FIRE_EM_05792,RP_SLIP_TERRAIN,EVIDENCES,FIRE_119_RECORD
AE_FIRE_EM_05793,RP_TRAFFIC_01,EVIDENCES,FIRE_119_RECORD
AE_FIRE_EM_05794,RP_SLIP_TERRAIN,EVIDENCES,FIRE_119_RECORD
AE_FIRE_EM_05795,RP_SLIP_TERRAIN,EVIDENCES,FIRE_119_RECORD
AE_FIRE_EM_05796,RP_ANIMAL_01,EVIDENCES,FIRE_119_RECORD
AE_FIRE_EM_05797,RP_TRAFFIC_01,EVIDENCES,FIRE_119_RECORD
AE_FIRE_EM_05798,RP_TRAFFIC_01,EVIDENCES,FIRE_119_RECORD
AE_FIRE_EM_05799,RP_TRAFFIC_01,EVIDENCES,FIRE_119_RECORD
AE_FIRE_EM_05800,RP_TRAFFIC_01,EVIDENCES,FIRE_119_RECORD
AE_FIRE_EM_05801,RP_ANIMAL_01,EVIDENCES,FIRE_119_RECORD
AE_FIRE_EM_05802,RP_SLIP_TERRAIN,EVIDENCES,FIRE_119_RECORD
AE_FIRE_EM_05803,RP_TRAFFIC_01,EVIDENCES,FIRE_119_RECORD
AE_FIRE_EM_05804,RP_SLIP_TERRAIN,EVIDENCES,FIRE_119_RECORD
AE_FIRE_EM_05805,RP_ANIMAL_01,EVIDENCES,FIRE_119_RECORD
AE_FIRE_EM_05806,RP_SLIP_TERRAIN,EVIDENCES,FIRE_119_RECORD
AE_FIRE_EM_05807,RP_TRAFFIC_01,EVIDENCES,FIRE_119_RECORD
AE_FIRE_EM_05808,RP_TRAFFIC_01,EVIDENCES,FIRE_119_RECORD
AE_FIRE_EM_05809,RP_TRAFFIC_01,EVIDENCES,FIRE_119_RECORD
AE_FIRE_EM_05810,RP_TRAFFIC_01,EVIDENCES,FIRE_119_RECORD
AE_FIRE_EM_05811,RP_SLIP_TERRAIN,EVIDENCES,FIRE_119_RECORD
AE_FIRE_EM_05812,RP_ANIMAL_01,EVIDENCES,FIRE_119_RECORD
AE_FIRE_EM_05813,RP_SLIP_TERRAIN,EVIDENCES,FIRE_119_RECORD
AE_FIRE_EM_05814,RP_SLIP_TERRAIN,EVIDENCES,FIRE_119_RECORD
AE_FIRE_EM_05815,RP_MACHINE_01,EVIDENCES,FIRE_119_RECORD
AE_FIRE_EM_05816,RP_ANIMAL_01,EVIDENCES,FIRE_119_RECORD
AE_FIRE_EM_05817,RP_FIRE_01,EVIDENCES,FIRE_119_RECORD
AE_FIRE_EM_05818,RP_FIRE_01,EVIDENCES,FIRE_119_RECORD
AE_FIRE_EM_05819,RP_FIRE_01,EVIDENCES,FIRE_119_RECORD
AE_FIRE_EM_05820,RP_FIRE_01,EVIDENCES,FIRE_119_RECORD
AE_FIRE_EM_05821,RP_FIRE_01,EVIDENCES,FIRE_119_RECORD
AE_FIRE_EM_05822,RP_TRAFFIC_01,EVIDENCES,FIRE_119_RECORD
AE_FIRE_EM_05823,RP_TRAFFIC_01,EVIDENCES,FIRE_119_RECORD
AE_FIRE_EM_05824,RP_SLIP_TERRAIN,EVIDENCES,FIRE_119_RECORD
AE_FIRE_EM_05825,RP_ANIMAL_01,EVIDENCES,FIRE_119_RECORD
AE_FIRE_EM_05826,RP_ANIMAL_01,EVIDENCES,FIRE_119_RECORD
AE_FIRE_EM_05827,RP_TRAFFIC_01,EVIDENCES,FIRE_119_RECORD
AE_FIRE_EM_05828,RP_TRAFFIC_01,EVIDENCES,FIRE_119_RECORD
AE_FIRE_EM_05829,RP_TRAFFIC_01,EVIDENCES,FIRE_119_RECORD
AE_FIRE_EM_05830,RP_TRAFFIC_01,EVIDENCES,FIRE_119_RECORD
AE_FIRE_EM_05831,RP_TRAFFIC_01,EVIDENCES,FIRE_119_RECORD
AE_FIRE_EM_05832,RP_MACHINE_01,EVIDENCES,FIRE_119_RECORD
AE_FIRE_EM_05833,RP_SLIP_TERRAIN,EVIDENCES,FIRE_119_RECORD
AE_FIRE_EM_05834,RP_DROWN_01,EVIDENCES,FIRE_119_RECORD
AE_FIRE_EM_05835,RP_TRAFFIC_01,EVIDENCES,FIRE_119_RECORD
AE_FIRE_EM_05836,RP_SLIP_TERRAIN,EVIDENCES,FIRE_119_RECORD
AE_FIRE_EM_05837,RP_SLIP_TERRAIN,EVIDENCES,FIRE_119_RECORD
AE_FIRE_EM_05838,RP_SLIP_TERRAIN,EVIDENCES,FIRE_119_RECORD
AE_FIRE_EM_05839,RP_TRAFFIC_01,EVIDENCES,FIRE_119_RECORD
AE_FIRE_EM_05840,RP_MACHINE_01,EVIDENCES,FIRE_119_RECORD
AE_FIRE_EM_05841,RP_SLIP_TERRAIN,EVIDENCES,FIRE_119_RECORD
AE_FIRE_EM_05842,RP_SLIP_TERRAIN,EVIDENCES,FIRE_119_RECORD
AE_FIRE_EM_05843,RP_MACHINE_01,EVIDENCES,FIRE_119_RECORD
AE_FIRE_EM_05844,RP_MACHINE_01,EVIDENCES,FIRE_119_RECORD
AE_FIRE_EM_05845,RP_TRAFFIC_01,EVIDENCES,FIRE_119_RECORD
AE_FIRE_EM_05846,RP_SLIP_TERRAIN,EVIDENCES,FIRE_119_RECORD
AE_FIRE_EM_05847,RP_TRAFFIC_01,EVIDENCES,FIRE_119_RECORD
AE_FIRE_EM_05848,RP_TRAFFIC_01,EVIDENCES,FIRE_119_RECORD
AE_FIRE_EM_05849,RP_MACHINE_01,EVIDENCES,FIRE_119_RECORD
AE_FIRE_EM_05850,RP_MACHINE_01,EVIDENCES,FIRE_119_RECORD
AE_FIRE_EM_05851,RP_SLIP_TERRAIN,EVIDENCES,FIRE_119_RECORD
AE_FIRE_EM_05852,RP_SLIP_TERRAIN,EVIDENCES,FIRE_119_RECORD
AE_FIRE_EM_05853,RP_MACHINE_01,EVIDENCES,FIRE_119_RECORD
AE_FIRE_EM_05854,RP_SLIP_TERRAIN,EVIDENCES,FIRE_119_RECORD
AE_FIRE_EM_05855,RP_MACHINE_01,EVIDENCES,FIRE_119_RECORD
AE_FIRE_EM_05856,RP_TRAFFIC_01,EVIDENCES,FIRE_119_RECORD
AE_FIRE_EM_05857,RP_TRAFFIC_01,EVIDENCES,FIRE_119_RECORD
AE_FIRE_EM_05858,RP_SLIP_TERRAIN,EVIDENCES,FIRE_119_RECORD
AE_FIRE_EM_05859,RP_ANIMAL_01,EVIDENCES,FIRE_119_RECORD
AE_FIRE_EM_05860,RP_SLIP_TERRAIN,EVIDENCES,FIRE_119_RECORD
AE_FIRE_EM_05861,RP_ANIMAL_01,EVIDENCES,FIRE_119_RECORD
AE_FIRE_EM_05862,RP_SLIP_TERRAIN,EVIDENCES,FIRE_119_RECORD
AE_FIRE_EM_05863,RP_SLIP_TERRAIN,EVIDENCES,FIRE_119_RECORD
AE_FIRE_EM_05864,RP_SLIP_TERRAIN,EVIDENCES,FIRE_119_RECORD
AE_FIRE_EM_05865,RP_SLIP_TERRAIN,EVIDENCES,FIRE_119_RECORD
AE_FIRE_EM_05866,RP_MACHINE_01,EVIDENCES,FIRE_119_RECORD
AE_FIRE_EM_05867,RP_TRAFFIC_01,EVIDENCES,FIRE_119_RECORD
AE_FIRE_EM_05868,RP_TRAFFIC_01,EVIDENCES,FIRE_119_RECORD
AE_FIRE_EM_05869,RP_SLIP_TERRAIN,EVIDENCES,FIRE_119_RECORD
AE_FIRE_EM_05870,RP_TRAFFIC_01,EVIDENCES,FIRE_119_RECORD
AE_FIRE_EM_05871,RP_TRAFFIC_01,EVIDENCES,FIRE_119_RECORD
AE_FIRE_EM_05872,RP_TRAFFIC_01,EVIDENCES,FIRE_119_RECORD
AE_FIRE_EM_05873,RP_ANIMAL_01,EVIDENCES,FIRE_119_RECORD
AE_FIRE_EM_05874,RP_SLIP_TERRAIN,EVIDENCES,FIRE_119_RECORD
AE_FIRE_EM_05875,RP_SLIP_TERRAIN,EVIDENCES,FIRE_119_RECORD
AE_FIRE_EM_05876,RP_TRAFFIC_01,EVIDENCES,FIRE_119_RECORD
AE_FIRE_EM_05877,RP_TRAFFIC_01,EVIDENCES,FIRE_119_RECORD
AE_FIRE_EM_05878,RP_TRAFFIC_01,EVIDENCES,FIRE_119_RECORD
AE_FIRE_EM_05879,RP_TRAFFIC_01,EVIDENCES,FIRE_119_RECORD
AE_FIRE_EM_05880,RP_TRAFFIC_01,EVIDENCES,FIRE_119_RECORD
AE_FIRE_EM_05881,RP_SLIP_TERRAIN,EVIDENCES,FIRE_119_RECORD
AE_FIRE_EM_05882,RP_ANIMAL_01,EVIDENCES,FIRE_119_RECORD
AE_FIRE_EM_05883,RP_TRAFFIC_01,EVIDENCES,FIRE_119_RECORD
AE_FIRE_EM_05884,RP_SLIP_TERRAIN,EVIDENCES,FIRE_119_RECORD
AE_FIRE_EM_05885,RP_FALL_CLIFF,EVIDENCES,FIRE_119_RECORD
AE_FIRE_EM_05886,RP_SLIP_TERRAIN,EVIDENCES,FIRE_119_RECORD
AE_FIRE_EM_05887,RP_MACHINE_01,EVIDENCES,FIRE_119_RECORD
AE_FIRE_EM_05888,RP_SLIP_TERRAIN,EVIDENCES,FIRE_119_RECORD
AE_FIRE_EM_05889,RP_MACHINE_01,EVIDENCES,FIRE_119_RECORD
AE_FIRE_EM_05890,RP_TRAFFIC_01,EVIDENCES,FIRE_119_RECORD
AE_FIRE_EM_05891,RP_SLIP_TERRAIN,EVIDENCES,FIRE_119_RECORD
AE_FIRE_EM_05892,RP_ANIMAL_01,EVIDENCES,FIRE_119_RECORD
AE_FIRE_EM_05893,RP_FALL_CLIFF,EVIDENCES,FIRE_119_RECORD
AE_FIRE_EM_05894,RP_SLIP_TERRAIN,EVIDENCES,FIRE_119_RECORD
AE_FIRE_EM_05895,RP_ANIMAL_01,EVIDENCES,FIRE_119_RECORD
AE_FIRE_EM_05896,RP_ANIMAL_01,EVIDENCES,FIRE_119_RECORD
AE_FIRE_EM_05897,RP_MACHINE_01,EVIDENCES,FIRE_119_RECORD
AE_FIRE_EM_05898,RP_TRAFFIC_01,EVIDENCES,FIRE_119_RECORD
AE_FIRE_EM_05899,RP_SLIP_TERRAIN,EVIDENCES,FIRE_119_RECORD
AE_FIRE_EM_05900,RP_TRAFFIC_01,EVIDENCES,FIRE_119_RECORD
AE_FIRE_EM_05901,RP_MACHINE_01,EVIDENCES,FIRE_119_RECORD
AE_FIRE_EM_05902,RP_ANIMAL_01,EVIDENCES,FIRE_119_RECORD
AE_FIRE_EM_05903,RP_SLIP_TERRAIN,EVIDENCES,FIRE_119_RECORD
AE_FIRE_EM_05904,RP_MACHINE_01,EVIDENCES,FIRE_119_RECORD
AE_FIRE_EM_05905,RP_TRAFFIC_01,EVIDENCES,FIRE_119_RECORD
AE_FIRE_EM_05906,RP_SLIP_TERRAIN,EVIDENCES,FIRE_119_RECORD
AE_FIRE_EM_05907,RP_TRAFFIC_01,EVIDENCES,FIRE_119_RECORD
AE_FIRE_EM_05908,RP_SLIP_TERRAIN,EVIDENCES,FIRE_119_RECORD
AE_FIRE_EM_05909,RP_SLIP_TERRAIN,EVIDENCES,FIRE_119_RECORD
AE_FIRE_EM_05910,RP_DROWN_01,EVIDENCES,FIRE_119_RECORD
AE_FIRE_EM_05911,RP_MACHINE_01,EVIDENCES,FIRE_119_RECORD
AE_FIRE_EM_05912,RP_SLIP_TERRAIN,EVIDENCES,FIRE_119_RECORD
AE_FIRE_EM_05913,RP_SLIP_TERRAIN,EVIDENCES,FIRE_119_RECORD
AE_FIRE_EM_05914,RP_MACHINE_01,EVIDENCES,FIRE_119_RECORD
AE_FIRE_EM_05915,RP_MACHINE_01,EVIDENCES,FIRE_119_RECORD
AE_FIRE_EM_05916,RP_MACHINE_01,EVIDENCES,FIRE_119_RECORD
AE_FIRE_EM_05917,RP_SLIP_TERRAIN,EVIDENCES,FIRE_119_RECORD
AE_FIRE_EM_05918,RP_MACHINE_01,EVIDENCES,FIRE_119_RECORD
AE_FIRE_EM_05919,RP_TRAFFIC_01,EVIDENCES,FIRE_119_RECORD
AE_FIRE_EM_05920,RP_SLIP_TERRAIN,EVIDENCES,FIRE_119_RECORD
AE_FIRE_EM_05921,RP_TRAFFIC_01,EVIDENCES,FIRE_119_RECORD
AE_FIRE_EM_05922,RP_TRAFFIC_01,EVIDENCES,FIRE_119_RECORD
AE_FIRE_EM_05923,RP_TRAFFIC_01,EVIDENCES,FIRE_119_RECORD
AE_FIRE_EM_05924,RP_TRAFFIC_01,EVIDENCES,FIRE_119_RECORD
AE_FIRE_EM_05925,RP_SLIP_TERRAIN,EVIDENCES,FIRE_119_RECORD
AE_FIRE_EM_05926,RP_SLIP_TERRAIN,EVIDENCES,FIRE_119_RECORD
AE_FIRE_EM_05927,RP_MACHINE_01,EVIDENCES,FIRE_119_RECORD
AE_FIRE_EM_05928,RP_TRAFFIC_01,EVIDENCES,FIRE_119_RECORD
AE_FIRE_EM_05929,RP_MACHINE_01,EVIDENCES,FIRE_119_RECORD
AE_FIRE_EM_05930,RP_TRAFFIC_01,EVIDENCES,FIRE_119_RECORD
AE_FIRE_EM_05931,RP_SLIP_TERRAIN,EVIDENCES,FIRE_119_RECORD
AE_FIRE_EM_05932,RP_MACHINE_01,EVIDENCES,FIRE_119_RECORD
AE_FIRE_EM_05933,RP_ANIMAL_01,EVIDENCES,FIRE_119_RECORD
AE_FIRE_EM_05934,RP_TRAFFIC_01,EVIDENCES,FIRE_119_RECORD
AE_FIRE_EM_05935,RP_FALL_CLIFF,EVIDENCES,FIRE_119_RECORD
AE_FIRE_EM_05936,RP_ANIMAL_01,EVIDENCES,FIRE_119_RECORD
AE_FIRE_EM_05937,RP_TRAFFIC_01,EVIDENCES,FIRE_119_RECORD
AE_FIRE_EM_05938,RP_TRAFFIC_01,EVIDENCES,FIRE_119_RECORD
AE_FIRE_EM_05939,RP_SLIP_TERRAIN,EVIDENCES,FIRE_119_RECORD
AE_FIRE_EM_05940,RP_TRAFFIC_01,EVIDENCES,FIRE_119_RECORD
AE_FIRE_EM_05941,RP_SLIP_TERRAIN,EVIDENCES,FIRE_119_RECORD
AE_FIRE_EM_05942,RP_SLIP_TERRAIN,EVIDENCES,FIRE_119_RECORD
AE_FIRE_EM_05943,RP_MACHINE_01,EVIDENCES,FIRE_119_RECORD
AE_FIRE_EM_05944,RP_DROWN_01,EVIDENCES,FIRE_119_RECORD
AE_FIRE_EM_05945,RP_MACHINE_01,EVIDENCES,FIRE_119_RECORD
AE_FIRE_EM_05946,RP_SLIP_TERRAIN,EVIDENCES,FIRE_119_RECORD
AE_FIRE_EM_05947,RP_TRAFFIC_01,EVIDENCES,FIRE_119_RECORD
AE_FIRE_EM_05948,RP_FALL_CLIFF,EVIDENCES,FIRE_119_RECORD
AE_FIRE_EM_05949,RP_SLIP_TERRAIN,EVIDENCES,FIRE_119_RECORD
AE_FIRE_EM_05950,RP_SLIP_TERRAIN,EVIDENCES,FIRE_119_RECORD
AE_FIRE_EM_05951,RP_SLIP_TERRAIN,EVIDENCES,FIRE_119_RECORD
AE_FIRE_EM_05952,RP_TRAFFIC_01,EVIDENCES,FIRE_119_RECORD
AE_FIRE_EM_05953,RP_SLIP_TERRAIN,EVIDENCES,FIRE_119_RECORD
AE_FIRE_EM_05954,RP_TRAFFIC_01,EVIDENCES,FIRE_119_RECORD
AE_FIRE_EM_05955,RP_MACHINE_01,EVIDENCES,FIRE_119_RECORD
AE_FIRE_EM_05956,RP_MACHINE_01,EVIDENCES,FIRE_119_RECORD
AE_FIRE_EM_05957,RP_SLIP_TERRAIN,EVIDENCES,FIRE_119_RECORD
AE_FIRE_EM_05958,RP_MACHINE_01,EVIDENCES,FIRE_119_RECORD
AE_FIRE_EM_05959,RP_SLIP_TERRAIN,EVIDENCES,FIRE_119_RECORD
AE_FIRE_EM_05960,RP_SLIP_TERRAIN,EVIDENCES,FIRE_119_RECORD
AE_FIRE_EM_05961,RP_MACHINE_01,EVIDENCES,FIRE_119_RECORD
AE_FIRE_EM_05962,RP_SLIP_TERRAIN,EVIDENCES,FIRE_119_RECORD
AE_FIRE_EM_05963,RP_TRAFFIC_01,EVIDENCES,FIRE_119_RECORD
AE_FIRE_EM_05964,RP_SLIP_TERRAIN,EVIDENCES,FIRE_119_RECORD
AE_FIRE_EM_05965,RP_SLIP_TERRAIN,EVIDENCES,FIRE_119_RECORD
AE_FIRE_EM_05966,RP_ANIMAL_01,EVIDENCES,FIRE_119_RECORD
AE_FIRE_EM_05967,RP_SLIP_TERRAIN,EVIDENCES,FIRE_119_RECORD
AE_FIRE_EM_05968,RP_MACHINE_01,EVIDENCES,FIRE_119_RECORD
AE_FIRE_EM_05969,RP_TRAFFIC_01,EVIDENCES,FIRE_119_RECORD
AE_FIRE_EM_05970,RP_TRAFFIC_01,EVIDENCES,FIRE_119_RECORD
AE_FIRE_EM_05971,RP_MACHINE_01,EVIDENCES,FIRE_119_RECORD
AE_FIRE_EM_05972,RP_TRAFFIC_01,EVIDENCES,FIRE_119_RECORD
AE_FIRE_EM_05973,RP_SLIP_TERRAIN,EVIDENCES,FIRE_119_RECORD
AE_FIRE_EM_05974,RP_TRAFFIC_01,EVIDENCES,FIRE_119_RECORD
AE_FIRE_EM_05975,RP_SLIP_TERRAIN,EVIDENCES,FIRE_119_RECORD
AE_FIRE_EM_05976,RP_TRAFFIC_01,EVIDENCES,FIRE_119_RECORD
AE_FIRE_EM_05977,RP_TRAFFIC_01,EVIDENCES,FIRE_119_RECORD
AE_FIRE_EM_05978,RP_ANIMAL_01,EVIDENCES,FIRE_119_RECORD
AE_FIRE_EM_05979,RP_SLIP_TERRAIN,EVIDENCES,FIRE_119_RECORD
AE_FIRE_EM_05980,RP_SLIP_TERRAIN,EVIDENCES,FIRE_119_RECORD
AE_FIRE_EM_05981,RP_MACHINE_01,EVIDENCES,FIRE_119_RECORD
AE_FIRE_EM_05982,RP_DROWN_01,EVIDENCES,FIRE_119_RECORD
AE_FIRE_EM_05983,RP_ANIMAL_01,EVIDENCES,FIRE_119_RECORD
AE_FIRE_EM_05984,RP_SLIP_TERRAIN,EVIDENCES,FIRE_119_RECORD
AE_FIRE_EM_05985,RP_SLIP_TERRAIN,EVIDENCES,FIRE_119_RECORD
AE_FIRE_EM_05986,RP_SLIP_TERRAIN,EVIDENCES,FIRE_119_RECORD
AE_FIRE_EM_05987,RP_SLIP_TERRAIN,EVIDENCES,FIRE_119_RECORD
AE_FIRE_EM_05988,RP_TRAFFIC_01,EVIDENCES,FIRE_119_RECORD
AE_FIRE_EM_05989,RP_TRAFFIC_01,EVIDENCES,FIRE_119_RECORD
AE_FIRE_EM_05990,RP_SLIP_TERRAIN,EVIDENCES,FIRE_119_RECORD
AE_FIRE_EM_05991,RP_ANIMAL_01,EVIDENCES,FIRE_119_RECORD
AE_FIRE_EM_05992,RP_SLIP_TERRAIN,EVIDENCES,FIRE_119_RECORD
AE_FIRE_EM_05993,RP_TRAFFIC_01,EVIDENCES,FIRE_119_RECORD
AE_FIRE_EM_05994,RP_FALL_CLIFF,EVIDENCES,FIRE_119_RECORD
AE_FIRE_EM_05995,RP_MACHINE_01,EVIDENCES,FIRE_119_RECORD
AE_FIRE_EM_05996,RP_TRAFFIC_01,EVIDENCES,FIRE_119_RECORD
AE_FIRE_EM_05997,RP_SLIP_TERRAIN,EVIDENCES,FIRE_119_RECORD
AE_FIRE_EM_05998,RP_SLIP_TERRAIN,EVIDENCES,FIRE_119_RECORD
AE_FIRE_EM_05999,RP_SLIP_TERRAIN,EVIDENCES,FIRE_119_RECORD
AE_FIRE_EM_06000,RP_MACHINE_01,EVIDENCES,FIRE_119_RECORD
AE_FIRE_EM_06001,RP_SLIP_TERRAIN,EVIDENCES,FIRE_119_RECORD
AE_FIRE_EM_06002,RP_DROWN_01,EVIDENCES,FIRE_119_RECORD
AE_FIRE_EM_06003,RP_MACHINE_01,EVIDENCES,FIRE_119_RECORD
AE_FIRE_EM_06004,RP_MACHINE_01,EVIDENCES,FIRE_119_RECORD
AE_FIRE_EM_06005,RP_TRAFFIC_01,EVIDENCES,FIRE_119_RECORD
AE_FIRE_EM_06006,RP_SLIP_TERRAIN,EVIDENCES,FIRE_119_RECORD
AE_FIRE_EM_06007,RP_TRAFFIC_01,EVIDENCES,FIRE_119_RECORD
AE_FIRE_EM_06008,RP_TRAFFIC_01,EVIDENCES,FIRE_119_RECORD
AE_FIRE_EM_06009,RP_SLIP_TERRAIN,EVIDENCES,FIRE_119_RECORD
AE_FIRE_EM_06010,RP_TRAFFIC_01,EVIDENCES,FIRE_119_RECORD
AE_FIRE_EM_06011,RP_SLIP_TERRAIN,EVIDENCES,FIRE_119_RECORD
AE_FIRE_EM_06012,RP_MACHINE_01,EVIDENCES,FIRE_119_RECORD
AE_FIRE_EM_06013,RP_TRAFFIC_01,EVIDENCES,FIRE_119_RECORD
AE_FIRE_EM_06014,RP_TRAFFIC_01,EVIDENCES,FIRE_119_RECORD
AE_FIRE_EM_06015,RP_MACHINE_01,EVIDENCES,FIRE_119_RECORD
AE_FIRE_EM_06016,RP_TRAFFIC_01,EVIDENCES,FIRE_119_RECORD
AE_FIRE_EM_06017,RP_DROWN_01,EVIDENCES,FIRE_119_RECORD
AE_FIRE_EM_06018,RP_SLIP_TERRAIN,EVIDENCES,FIRE_119_RECORD
AE_FIRE_EM_06019,RP_SLIP_TERRAIN,EVIDENCES,FIRE_119_RECORD
AE_FIRE_EM_06020,RP_SLIP_TERRAIN,EVIDENCES,FIRE_119_RECORD
AE_FIRE_EM_06021,RP_SLIP_TERRAIN,EVIDENCES,FIRE_119_RECORD
AE_FIRE_EM_06022,RP_SLIP_TERRAIN,EVIDENCES,FIRE_119_RECORD
AE_FIRE_EM_06023,RP_MACHINE_01,EVIDENCES,FIRE_119_RECORD
AE_FIRE_EM_06024,RP_SLIP_TERRAIN,EVIDENCES,FIRE_119_RECORD
AE_FIRE_EM_06025,RP_TRAFFIC_01,EVIDENCES,FIRE_119_RECORD
AE_FIRE_EM_06026,RP_MACHINE_01,EVIDENCES,FIRE_119_RECORD
AE_FIRE_EM_06027,RP_MACHINE_01,EVIDENCES,FIRE_119_RECORD
AE_FIRE_EM_06028,RP_TRAFFIC_01,EVIDENCES,FIRE_119_RECORD
AE_FIRE_EM_06029,RP_SLIP_TERRAIN,EVIDENCES,FIRE_119_RECORD
AE_FIRE_EM_06030,RP_SLIP_TERRAIN,EVIDENCES,FIRE_119_RECORD
AE_FIRE_EM_06031,RP_TRAFFIC_01,EVIDENCES,FIRE_119_RECORD
AE_FIRE_EM_06032,RP_SLIP_TERRAIN,EVIDENCES,FIRE_119_RECORD
AE_FIRE_EM_06033,RP_TRAFFIC_01,EVIDENCES,FIRE_119_RECORD
AE_FIRE_EM_06034,RP_TRAFFIC_01,EVIDENCES,FIRE_119_RECORD
AE_FIRE_EM_06035,RP_TRAFFIC_01,EVIDENCES,FIRE_119_RECORD
AE_FIRE_EM_06036,RP_MACHINE_01,EVIDENCES,FIRE_119_RECORD
AE_FIRE_EM_06037,RP_TRAFFIC_01,EVIDENCES,FIRE_119_RECORD
AE_FIRE_EM_06038,RP_SLIP_TERRAIN,EVIDENCES,FIRE_119_RECORD
AE_FIRE_EM_06039,RP_SLIP_TERRAIN,EVIDENCES,FIRE_119_RECORD
AE_FIRE_EM_06040,RP_SLIP_TERRAIN,EVIDENCES,FIRE_119_RECORD
AE_FIRE_EM_06041,RP_SLIP_TERRAIN,EVIDENCES,FIRE_119_RECORD
AE_FIRE_EM_06042,RP_SLIP_TERRAIN,EVIDENCES,FIRE_119_RECORD
AE_FIRE_EM_06043,RP_SLIP_TERRAIN,EVIDENCES,FIRE_119_RECORD
AE_FIRE_EM_06044,RP_SLIP_TERRAIN,EVIDENCES,FIRE_119_RECORD
AE_FIRE_EM_06045,RP_HEAT_02,EVIDENCES,FIRE_119_RECORD
AE_FIRE_EM_06046,RP_TRAFFIC_01,EVIDENCES,FIRE_119_RECORD
AE_FIRE_EM_06047,RP_SLIP_TERRAIN,EVIDENCES,FIRE_119_RECORD
AE_FIRE_EM_06048,RP_ANIMAL_01,EVIDENCES,FIRE_119_RECORD
AE_FIRE_EM_06049,RP_SLIP_TERRAIN,EVIDENCES,FIRE_119_RECORD
AE_FIRE_EM_06050,RP_SLIP_TERRAIN,EVIDENCES,FIRE_119_RECORD
AE_FIRE_EM_06051,RP_ANIMAL_01,EVIDENCES,FIRE_119_RECORD
AE_FIRE_EM_06052,RP_SLIP_TERRAIN,EVIDENCES,FIRE_119_RECORD
AE_FIRE_EM_06053,RP_TRAFFIC_01,EVIDENCES,FIRE_119_RECORD
AE_FIRE_EM_06054,RP_CO_01,EVIDENCES,FIRE_119_RECORD
AE_FIRE_EM_06055,RP_SLIP_TERRAIN,EVIDENCES,FIRE_119_RECORD
AE_FIRE_EM_06056,RP_SLIP_TERRAIN,EVIDENCES,FIRE_119_RECORD
AE_FIRE_EM_06057,RP_MACHINE_01,EVIDENCES,FIRE_119_RECORD
AE_FIRE_EM_06058,RP_SLIP_TERRAIN,EVIDENCES,FIRE_119_RECORD
AE_FIRE_EM_06059,RP_TRAFFIC_01,EVIDENCES,FIRE_119_RECORD
AE_FIRE_EM_06060,RP_SLIP_TERRAIN,EVIDENCES,FIRE_119_RECORD
AE_FIRE_EM_06061,RP_TRAFFIC_01,EVIDENCES,FIRE_119_RECORD
AE_FIRE_EM_06062,RP_SLIP_TERRAIN,EVIDENCES,FIRE_119_RECORD
AE_FIRE_EM_06063,RP_TRAFFIC_01,EVIDENCES,FIRE_119_RECORD
AE_FIRE_EM_06064,RP_ANIMAL_01,EVIDENCES,FIRE_119_RECORD
AE_FIRE_EM_06065,RP_TRAFFIC_01,EVIDENCES,FIRE_119_RECORD
AE_FIRE_EM_06066,RP_TRAFFIC_01,EVIDENCES,FIRE_119_RECORD
AE_FIRE_EM_06067,RP_MACHINE_01,EVIDENCES,FIRE_119_RECORD
AE_FIRE_EM_06068,RP_TRAFFIC_01,EVIDENCES,FIRE_119_RECORD
AE_FIRE_EM_06069,RP_TRAFFIC_01,EVIDENCES,FIRE_119_RECORD
AE_FIRE_EM_06070,RP_MACHINE_01,EVIDENCES,FIRE_119_RECORD
AE_FIRE_EM_06071,RP_TRAFFIC_01,EVIDENCES,FIRE_119_RECORD
AE_FIRE_EM_06072,RP_MACHINE_01,EVIDENCES,FIRE_119_RECORD
AE_FIRE_EM_06073,RP_SLIP_TERRAIN,EVIDENCES,FIRE_119_RECORD
AE_FIRE_EM_06074,RP_MACHINE_01,EVIDENCES,FIRE_119_RECORD
AE_FIRE_EM_06075,RP_SLIP_TERRAIN,EVIDENCES,FIRE_119_RECORD
AE_FIRE_EM_06076,RP_SLIP_TERRAIN,EVIDENCES,FIRE_119_RECORD
AE_FIRE_EM_06077,RP_SLIP_TERRAIN,EVIDENCES,FIRE_119_RECORD
AE_FIRE_EM_06078,RP_SLIP_TERRAIN,EVIDENCES,FIRE_119_RECORD
AE_FIRE_EM_06079,RP_ANIMAL_01,EVIDENCES,FIRE_119_RECORD
AE_FIRE_EM_06080,RP_MACHINE_01,EVIDENCES,FIRE_119_RECORD
AE_FIRE_EM_06081,RP_SLIP_TERRAIN,EVIDENCES,FIRE_119_RECORD
AE_FIRE_EM_06082,RP_TRAFFIC_01,EVIDENCES,FIRE_119_RECORD
AE_FIRE_EM_06083,RP_SLIP_TERRAIN,EVIDENCES,FIRE_119_RECORD
AE_FIRE_EM_06084,RP_SLIP_TERRAIN,EVIDENCES,FIRE_119_RECORD
AE_FIRE_EM_06085,RP_SLIP_TERRAIN,EVIDENCES,FIRE_119_RECORD
AE_FIRE_EM_06086,RP_TRAFFIC_01,EVIDENCES,FIRE_119_RECORD
AE_FIRE_EM_06087,RP_TRAFFIC_01,EVIDENCES,FIRE_119_RECORD
AE_FIRE_EM_06088,RP_SLIP_TERRAIN,EVIDENCES,FIRE_119_RECORD
AE_FIRE_EM_06089,RP_MACHINE_01,EVIDENCES,FIRE_119_RECORD
AE_FIRE_EM_06090,RP_TRAFFIC_01,EVIDENCES,FIRE_119_RECORD
AE_FIRE_EM_06091,RP_SLIP_TERRAIN,EVIDENCES,FIRE_119_RECORD
AE_FIRE_EM_06092,RP_TRAFFIC_01,EVIDENCES,FIRE_119_RECORD
AE_FIRE_EM_06093,RP_TRAFFIC_01,EVIDENCES,FIRE_119_RECORD
AE_FIRE_EM_06094,RP_TRAFFIC_01,EVIDENCES,FIRE_119_RECORD
AE_FIRE_EM_06095,RP_SLIP_TERRAIN,EVIDENCES,FIRE_119_RECORD
AE_FIRE_EM_06096,RP_SLIP_TERRAIN,EVIDENCES,FIRE_119_RECORD
AE_FIRE_EM_06097,RP_SLIP_TERRAIN,EVIDENCES,FIRE_119_RECORD
AE_FIRE_EM_06098,RP_SLIP_TERRAIN,EVIDENCES,FIRE_119_RECORD
AE_FIRE_EM_06099,RP_MACHINE_01,EVIDENCES,FIRE_119_RECORD
AE_FIRE_EM_06100,RP_MACHINE_01,EVIDENCES,FIRE_119_RECORD
AE_FIRE_EM_06101,RP_SLIP_TERRAIN,EVIDENCES,FIRE_119_RECORD
AE_FIRE_EM_06102,RP_CO_01,EVIDENCES,FIRE_119_RECORD
AE_FIRE_EM_06103,RP_SLIP_TERRAIN,EVIDENCES,FIRE_119_RECORD
AE_FIRE_EM_06104,RP_SLIP_TERRAIN,EVIDENCES,FIRE_119_RECORD
AE_FIRE_EM_06105,RP_SLIP_TERRAIN,EVIDENCES,FIRE_119_RECORD
AE_FIRE_EM_06106,RP_SLIP_TERRAIN,EVIDENCES,FIRE_119_RECORD
AE_FIRE_EM_06107,RP_MACHINE_01,EVIDENCES,FIRE_119_RECORD
AE_FIRE_EM_06108,RP_MACHINE_01,EVIDENCES,FIRE_119_RECORD
AE_FIRE_EM_06109,RP_MACHINE_01,EVIDENCES,FIRE_119_RECORD
AE_FIRE_EM_06110,RP_TRAFFIC_01,EVIDENCES,FIRE_119_RECORD
AE_FIRE_EM_06111,RP_MACHINE_01,EVIDENCES,FIRE_119_RECORD
AE_FIRE_EM_06112,RP_ANIMAL_01,EVIDENCES,FIRE_119_RECORD
AE_FIRE_EM_06113,RP_MACHINE_01,EVIDENCES,FIRE_119_RECORD
AE_FIRE_EM_06114,RP_SLIP_TERRAIN,EVIDENCES,FIRE_119_RECORD
AE_FIRE_EM_06115,RP_MACHINE_01,EVIDENCES,FIRE_119_RECORD
AE_FIRE_EM_06116,RP_SLIP_TERRAIN,EVIDENCES,FIRE_119_RECORD
AE_FIRE_EM_06117,RP_DROWN_01,EVIDENCES,FIRE_119_RECORD
AE_FIRE_EM_06118,RP_HEAT_02,EVIDENCES,FIRE_119_RECORD
AE_FIRE_EM_06119,RP_MACHINE_01,EVIDENCES,FIRE_119_RECORD
AE_FIRE_EM_06120,RP_ANIMAL_01,EVIDENCES,FIRE_119_RECORD
AE_FIRE_EM_06121,RP_TRAFFIC_01,EVIDENCES,FIRE_119_RECORD
AE_FIRE_EM_06122,RP_TRAFFIC_01,EVIDENCES,FIRE_119_RECORD
AE_FIRE_EM_06123,RP_MACHINE_01,EVIDENCES,FIRE_119_RECORD
AE_FIRE_EM_06124,RP_SLIP_TERRAIN,EVIDENCES,FIRE_119_RECORD
AE_FIRE_EM_06125,RP_TRAFFIC_01,EVIDENCES,FIRE_119_RECORD
AE_FIRE_EM_06126,RP_SLIP_TERRAIN,EVIDENCES,FIRE_119_RECORD
AE_FIRE_EM_06127,RP_SLIP_TERRAIN,EVIDENCES,FIRE_119_RECORD
AE_FIRE_EM_06128,RP_MACHINE_01,EVIDENCES,FIRE_119_RECORD
AE_FIRE_EM_06129,RP_MACHINE_01,EVIDENCES,FIRE_119_RECORD
AE_FIRE_EM_06130,RP_SLIP_TERRAIN,EVIDENCES,FIRE_119_RECORD
AE_FIRE_EM_06131,RP_SLIP_TERRAIN,EVIDENCES,FIRE_119_RECORD
AE_FIRE_EM_06132,RP_SLIP_TERRAIN,EVIDENCES,FIRE_119_RECORD
AE_FIRE_EM_06133,RP_SLIP_TERRAIN,EVIDENCES,FIRE_119_RECORD
AE_FIRE_EM_06134,RP_HEAT_02,EVIDENCES,FIRE_119_RECORD
AE_FIRE_EM_06135,RP_DROWN_01,EVIDENCES,FIRE_119_RECORD
AE_FIRE_EM_06136,RP_MACHINE_01,EVIDENCES,FIRE_119_RECORD
AE_FIRE_EM_06137,RP_MACHINE_01,EVIDENCES,FIRE_119_RECORD
AE_FIRE_EM_06138,RP_ANIMAL_01,EVIDENCES,FIRE_119_RECORD
AE_FIRE_EM_06139,RP_MACHINE_01,EVIDENCES,FIRE_119_RECORD
AE_FIRE_EM_06140,RP_TRAFFIC_01,EVIDENCES,FIRE_119_RECORD
AE_FIRE_EM_06141,RP_TRAFFIC_01,EVIDENCES,FIRE_119_RECORD
AE_FIRE_EM_06142,RP_MACHINE_01,EVIDENCES,FIRE_119_RECORD
AE_FIRE_EM_06143,RP_SLIP_TERRAIN,EVIDENCES,FIRE_119_RECORD
AE_FIRE_EM_06144,RP_TRAFFIC_01,EVIDENCES,FIRE_119_RECORD
AE_FIRE_EM_06145,RP_SLIP_TERRAIN,EVIDENCES,FIRE_119_RECORD
AE_FIRE_EM_06146,RP_TRAFFIC_01,EVIDENCES,FIRE_119_RECORD
AE_FIRE_EM_06147,RP_SLIP_TERRAIN,EVIDENCES,FIRE_119_RECORD
AE_FIRE_EM_06148,RP_TRAFFIC_01,EVIDENCES,FIRE_119_RECORD
AE_FIRE_EM_06149,RP_TRAFFIC_01,EVIDENCES,FIRE_119_RECORD
AE_FIRE_EM_06150,RP_TRAFFIC_01,EVIDENCES,FIRE_119_RECORD
AE_FIRE_EM_06151,RP_SLIP_TERRAIN,EVIDENCES,FIRE_119_RECORD
AE_FIRE_EM_06152,RP_TRAFFIC_01,EVIDENCES,FIRE_119_RECORD
AE_FIRE_EM_06153,RP_TRAFFIC_01,EVIDENCES,FIRE_119_RECORD
AE_FIRE_EM_06154,RP_MACHINE_01,EVIDENCES,FIRE_119_RECORD
AE_FIRE_EM_06155,RP_TRAFFIC_01,EVIDENCES,FIRE_119_RECORD
AE_FIRE_EM_06156,RP_FIRE_01,EVIDENCES,FIRE_119_RECORD
AE_FIRE_EM_06157,RP_MACHINE_01,EVIDENCES,FIRE_119_RECORD
AE_FIRE_EM_06158,RP_SLIP_TERRAIN,EVIDENCES,FIRE_119_RECORD
AE_FIRE_EM_06159,RP_ANIMAL_01,EVIDENCES,FIRE_119_RECORD
AE_FIRE_EM_06160,RP_TRAFFIC_01,EVIDENCES,FIRE_119_RECORD
AE_FIRE_EM_06161,RP_MACHINE_01,EVIDENCES,FIRE_119_RECORD
AE_FIRE_EM_06162,RP_SLIP_TERRAIN,EVIDENCES,FIRE_119_RECORD
AE_FIRE_EM_06163,RP_MACHINE_01,EVIDENCES,FIRE_119_RECORD
AE_FIRE_EM_06164,RP_SLIP_TERRAIN,EVIDENCES,FIRE_119_RECORD
AE_FIRE_EM_06165,RP_TRAFFIC_01,EVIDENCES,FIRE_119_RECORD
AE_FIRE_EM_06166,RP_TRAFFIC_01,EVIDENCES,FIRE_119_RECORD
AE_FIRE_EM_06167,RP_ANIMAL_01,EVIDENCES,FIRE_119_RECORD
AE_FIRE_EM_06168,RP_SLIP_TERRAIN,EVIDENCES,FIRE_119_RECORD
AE_FIRE_EM_06169,RP_TRAFFIC_01,EVIDENCES,FIRE_119_RECORD
AE_FIRE_EM_06170,RP_TRAFFIC_01,EVIDENCES,FIRE_119_RECORD
AE_FIRE_EM_06171,RP_MACHINE_01,EVIDENCES,FIRE_119_RECORD
AE_FIRE_EM_06172,RP_TRAFFIC_01,EVIDENCES,FIRE_119_RECORD
AE_FIRE_EM_06173,RP_TRAFFIC_01,EVIDENCES,FIRE_119_RECORD
AE_FIRE_EM_06174,RP_MACHINE_01,EVIDENCES,FIRE_119_RECORD
AE_FIRE_EM_06175,RP_SLIP_TERRAIN,EVIDENCES,FIRE_119_RECORD
AE_FIRE_EM_06176,RP_TRAFFIC_01,EVIDENCES,FIRE_119_RECORD
AE_FIRE_EM_06177,RP_SLIP_TERRAIN,EVIDENCES,FIRE_119_RECORD
AE_FIRE_EM_06178,RP_TRAFFIC_01,EVIDENCES,FIRE_119_RECORD
AE_FIRE_EM_06179,RP_SLIP_TERRAIN,EVIDENCES,FIRE_119_RECORD
AE_FIRE_EM_06180,RP_SLIP_TERRAIN,EVIDENCES,FIRE_119_RECORD
AE_FIRE_EM_06181,RP_TRAFFIC_01,EVIDENCES,FIRE_119_RECORD
AE_FIRE_EM_06182,RP_MACHINE_01,EVIDENCES,FIRE_119_RECORD
AE_FIRE_EM_06183,RP_MACHINE_01,EVIDENCES,FIRE_119_RECORD
AE_FIRE_EM_06184,RP_DROWN_01,EVIDENCES,FIRE_119_RECORD
AE_FIRE_EM_06185,RP_SLIP_TERRAIN,EVIDENCES,FIRE_119_RECORD
AE_FIRE_EM_06186,RP_MACHINE_01,EVIDENCES,FIRE_119_RECORD
AE_FIRE_EM_06187,RP_MACHINE_01,EVIDENCES,FIRE_119_RECORD
AE_FIRE_EM_06188,RP_TRAFFIC_01,EVIDENCES,FIRE_119_RECORD
AE_FIRE_EM_06189,RP_TRAFFIC_01,EVIDENCES,FIRE_119_RECORD
AE_FIRE_EM_06190,RP_FALL_CLIFF,EVIDENCES,FIRE_119_RECORD
AE_FIRE_EM_06191,RP_MACHINE_01,EVIDENCES,FIRE_119_RECORD
AE_FIRE_EM_06192,RP_ANIMAL_01,EVIDENCES,FIRE_119_RECORD
AE_FIRE_EM_06193,RP_SLIP_TERRAIN,EVIDENCES,FIRE_119_RECORD
AE_FIRE_EM_06194,RP_TRAFFIC_01,EVIDENCES,FIRE_119_RECORD
AE_FIRE_EM_06195,RP_TRAFFIC_01,EVIDENCES,FIRE_119_RECORD
AE_FIRE_EM_06196,RP_MACHINE_01,EVIDENCES,FIRE_119_RECORD
AE_FIRE_EM_06197,RP_MACHINE_01,EVIDENCES,FIRE_119_RECORD
AE_FIRE_EM_06198,RP_MACHINE_01,EVIDENCES,FIRE_119_RECORD
AE_FIRE_EM_06199,RP_TRAFFIC_01,EVIDENCES,FIRE_119_RECORD
AE_FIRE_EM_06200,RP_TRAFFIC_01,EVIDENCES,FIRE_119_RECORD
AE_FIRE_EM_06201,RP_TRAFFIC_01,EVIDENCES,FIRE_119_RECORD
AE_FIRE_EM_06202,RP_MACHINE_01,EVIDENCES,FIRE_119_RECORD
AE_FIRE_EM_06203,RP_MACHINE_01,EVIDENCES,FIRE_119_RECORD
AE_FIRE_EM_06204,RP_MACHINE_01,EVIDENCES,FIRE_119_RECORD
AE_FIRE_EM_06205,RP_SLIP_TERRAIN,EVIDENCES,FIRE_119_RECORD
AE_FIRE_EM_06206,RP_MACHINE_01,EVIDENCES,FIRE_119_RECORD
AE_FIRE_EM_06207,RP_SLIP_TERRAIN,EVIDENCES,FIRE_119_RECORD
AE_FIRE_EM_06208,RP_MACHINE_01,EVIDENCES,FIRE_119_RECORD
AE_FIRE_EM_06209,RP_SLIP_TERRAIN,EVIDENCES,FIRE_119_RECORD
AE_FIRE_EM_06210,RP_SLIP_TERRAIN,EVIDENCES,FIRE_119_RECORD
AE_FIRE_EM_06211,RP_TRAFFIC_01,EVIDENCES,FIRE_119_RECORD
AE_FIRE_EM_06212,RP_SLIP_TERRAIN,EVIDENCES,FIRE_119_RECORD
AE_FIRE_EM_06213,RP_MACHINE_01,EVIDENCES,FIRE_119_RECORD
AE_FIRE_EM_06214,RP_SLIP_TERRAIN,EVIDENCES,FIRE_119_RECORD
AE_FIRE_EM_06215,RP_ANIMAL_01,EVIDENCES,FIRE_119_RECORD
AE_FIRE_EM_06216,RP_SLIP_TERRAIN,EVIDENCES,FIRE_119_RECORD
AE_FIRE_EM_06217,RP_HEAT_02,EVIDENCES,FIRE_119_RECORD
AE_FIRE_EM_06218,RP_MACHINE_01,EVIDENCES,FIRE_119_RECORD
AE_FIRE_EM_06219,RP_MACHINE_01,EVIDENCES,FIRE_119_RECORD
AE_FIRE_EM_06220,RP_SLIP_TERRAIN,EVIDENCES,FIRE_119_RECORD
AE_FIRE_EM_06221,RP_MACHINE_01,EVIDENCES,FIRE_119_RECORD
AE_FIRE_EM_06222,RP_SLIP_TERRAIN,EVIDENCES,FIRE_119_RECORD
AE_FIRE_EM_06223,RP_SLIP_TERRAIN,EVIDENCES,FIRE_119_RECORD
AE_FIRE_EM_06224,RP_DROWN_01,EVIDENCES,FIRE_119_RECORD
AE_FIRE_EM_06225,RP_TRAFFIC_01,EVIDENCES,FIRE_119_RECORD
AE_FIRE_EM_06226,RP_TRAFFIC_01,EVIDENCES,FIRE_119_RECORD
AE_FIRE_EM_06227,RP_HEAT_02,EVIDENCES,FIRE_119_RECORD
AE_FIRE_EM_06228,RP_FALL_CLIFF,EVIDENCES,FIRE_119_RECORD
AE_FIRE_EM_06229,RP_TRAFFIC_01,EVIDENCES,FIRE_119_RECORD
AE_FIRE_EM_06230,RP_DROWN_01,EVIDENCES,FIRE_119_RECORD
AE_FIRE_EM_06231,RP_MACHINE_01,EVIDENCES,FIRE_119_RECORD
AE_FIRE_EM_06232,RP_SLIP_TERRAIN,EVIDENCES,FIRE_119_RECORD
AE_FIRE_EM_06233,RP_SLIP_TERRAIN,EVIDENCES,FIRE_119_RECORD
AE_FIRE_EM_06234,RP_ANIMAL_01,EVIDENCES,FIRE_119_RECORD
AE_FIRE_EM_06235,RP_SLIP_TERRAIN,EVIDENCES,FIRE_119_RECORD
AE_FIRE_EM_06236,RP_TRAFFIC_01,EVIDENCES,FIRE_119_RECORD
AE_FIRE_EM_06237,RP_SLIP_TERRAIN,EVIDENCES,FIRE_119_RECORD
AE_FIRE_EM_06238,RP_TRAFFIC_01,EVIDENCES,FIRE_119_RECORD
AE_FIRE_EM_06239,RP_TRAFFIC_01,EVIDENCES,FIRE_119_RECORD
AE_FIRE_EM_06240,RP_DROWN_01,EVIDENCES,FIRE_119_RECORD
AE_FIRE_EM_06241,RP_TRAFFIC_01,EVIDENCES,FIRE_119_RECORD
AE_FIRE_EM_06242,RP_TRAFFIC_01,EVIDENCES,FIRE_119_RECORD
AE_FIRE_EM_06243,RP_SLIP_TERRAIN,EVIDENCES,FIRE_119_RECORD
AE_FIRE_EM_06244,RP_TRAFFIC_01,EVIDENCES,FIRE_119_RECORD
AE_FIRE_EM_06245,RP_TRAFFIC_01,EVIDENCES,FIRE_119_RECORD
AE_FIRE_EM_06246,RP_TRAFFIC_01,EVIDENCES,FIRE_119_RECORD
AE_FIRE_EM_06247,RP_SLIP_TERRAIN,EVIDENCES,FIRE_119_RECORD
AE_FIRE_EM_06248,RP_SLIP_TERRAIN,EVIDENCES,FIRE_119_RECORD
AE_FIRE_EM_06249,RP_TRAFFIC_01,EVIDENCES,FIRE_119_RECORD
AE_FIRE_EM_06250,RP_ANIMAL_01,EVIDENCES,FIRE_119_RECORD
AE_FIRE_EM_06251,RP_SLIP_TERRAIN,EVIDENCES,FIRE_119_RECORD
AE_FIRE_EM_06252,RP_TRAFFIC_01,EVIDENCES,FIRE_119_RECORD
AE_FIRE_EM_06253,RP_TRAFFIC_01,EVIDENCES,FIRE_119_RECORD
AE_FIRE_EM_06254,RP_MACHINE_01,EVIDENCES,FIRE_119_RECORD
AE_FIRE_EM_06255,RP_SLIP_TERRAIN,EVIDENCES,FIRE_119_RECORD
AE_FIRE_EM_06256,RP_SLIP_TERRAIN,EVIDENCES,FIRE_119_RECORD
AE_FIRE_EM_06257,RP_SLIP_TERRAIN,EVIDENCES,FIRE_119_RECORD
AE_FIRE_EM_06258,RP_SLIP_TERRAIN,EVIDENCES,FIRE_119_RECORD
AE_FIRE_EM_06259,RP_ANIMAL_01,EVIDENCES,FIRE_119_RECORD
AE_FIRE_EM_06260,RP_TRAFFIC_01,EVIDENCES,FIRE_119_RECORD
AE_FIRE_EM_06261,RP_SLIP_TERRAIN,EVIDENCES,FIRE_119_RECORD
AE_FIRE_EM_06262,RP_SLIP_TERRAIN,EVIDENCES,FIRE_119_RECORD
AE_FIRE_EM_06263,RP_ANIMAL_01,EVIDENCES,FIRE_119_RECORD
AE_FIRE_EM_06264,RP_SLIP_TERRAIN,EVIDENCES,FIRE_119_RECORD
AE_FIRE_EM_06265,RP_SLIP_TERRAIN,EVIDENCES,FIRE_119_RECORD
AE_FIRE_EM_06266,RP_SLIP_TERRAIN,EVIDENCES,FIRE_119_RECORD
AE_FIRE_EM_06267,RP_MACHINE_01,EVIDENCES,FIRE_119_RECORD
AE_FIRE_EM_06268,RP_SLIP_TERRAIN,EVIDENCES,FIRE_119_RECORD
AE_FIRE_EM_06269,RP_SLIP_TERRAIN,EVIDENCES,FIRE_119_RECORD
AE_FIRE_EM_06270,RP_ANIMAL_01,EVIDENCES,FIRE_119_RECORD
AE_FIRE_EM_06271,RP_SLIP_TERRAIN,EVIDENCES,FIRE_119_RECORD
AE_FIRE_EM_06272,RP_SLIP_TERRAIN,EVIDENCES,FIRE_119_RECORD
AE_FIRE_EM_06273,RP_TRAFFIC_01,EVIDENCES,FIRE_119_RECORD
AE_FIRE_EM_06274,RP_TRAFFIC_01,EVIDENCES,FIRE_119_RECORD
AE_FIRE_EM_06275,RP_TRAFFIC_01,EVIDENCES,FIRE_119_RECORD
AE_FIRE_EM_06276,RP_MACHINE_01,EVIDENCES,FIRE_119_RECORD
AE_FIRE_EM_06277,RP_TRAFFIC_01,EVIDENCES,FIRE_119_RECORD
AE_FIRE_EM_06278,RP_TRAFFIC_01,EVIDENCES,FIRE_119_RECORD
AE_FIRE_EM_06279,RP_SLIP_TERRAIN,EVIDENCES,FIRE_119_RECORD
AE_FIRE_EM_06280,RP_TRAFFIC_01,EVIDENCES,FIRE_119_RECORD
AE_FIRE_EM_06281,RP_SLIP_TERRAIN,EVIDENCES,FIRE_119_RECORD
AE_FIRE_EM_06282,RP_TRAFFIC_01,EVIDENCES,FIRE_119_RECORD
AE_FIRE_EM_06283,RP_ANIMAL_01,EVIDENCES,FIRE_119_RECORD
AE_FIRE_EM_06284,RP_ANIMAL_01,EVIDENCES,FIRE_119_RECORD
AE_FIRE_EM_06285,RP_ANIMAL_01,EVIDENCES,FIRE_119_RECORD
AE_FIRE_EM_06286,RP_TRAFFIC_01,EVIDENCES,FIRE_119_RECORD
AE_FIRE_EM_06287,RP_ANIMAL_01,EVIDENCES,FIRE_119_RECORD
AE_FIRE_EM_06288,RP_SLIP_TERRAIN,EVIDENCES,FIRE_119_RECORD
AE_FIRE_EM_06289,RP_HEAT_02,EVIDENCES,FIRE_119_RECORD
AE_FIRE_EM_06290,RP_HEAT_02,EVIDENCES,FIRE_119_RECORD
AE_FIRE_EM_06291,RP_ANIMAL_01,EVIDENCES,FIRE_119_RECORD
AE_FIRE_EM_06292,RP_MACHINE_01,EVIDENCES,FIRE_119_RECORD
AE_FIRE_EM_06293,RP_TRAFFIC_01,EVIDENCES,FIRE_119_RECORD
AE_FIRE_EM_06294,RP_SLIP_TERRAIN,EVIDENCES,FIRE_119_RECORD
AE_FIRE_EM_06295,RP_ANIMAL_01,EVIDENCES,FIRE_119_RECORD
AE_FIRE_EM_06296,RP_SLIP_TERRAIN,EVIDENCES,FIRE_119_RECORD
AE_FIRE_EM_06297,RP_HEAT_02,EVIDENCES,FIRE_119_RECORD
AE_FIRE_EM_06298,RP_SLIP_TERRAIN,EVIDENCES,FIRE_119_RECORD
AE_FIRE_EM_06299,RP_MACHINE_01,EVIDENCES,FIRE_119_RECORD
AE_FIRE_EM_06300,RP_SLIP_TERRAIN,EVIDENCES,FIRE_119_RECORD
AE_FIRE_EM_06301,RP_TRAFFIC_01,EVIDENCES,FIRE_119_RECORD
AE_FIRE_EM_06302,RP_TRAFFIC_01,EVIDENCES,FIRE_119_RECORD
AE_FIRE_EM_06303,RP_TRAFFIC_01,EVIDENCES,FIRE_119_RECORD
AE_FIRE_EM_06304,RP_TRAFFIC_01,EVIDENCES,FIRE_119_RECORD
AE_FIRE_EM_06305,RP_SLIP_TERRAIN,EVIDENCES,FIRE_119_RECORD
AE_FIRE_EM_06306,RP_MACHINE_01,EVIDENCES,FIRE_119_RECORD
AE_FIRE_EM_06307,RP_TRAFFIC_01,EVIDENCES,FIRE_119_RECORD
AE_FIRE_EM_06308,RP_TRAFFIC_01,EVIDENCES,FIRE_119_RECORD
AE_FIRE_EM_06309,RP_SLIP_TERRAIN,EVIDENCES,FIRE_119_RECORD
AE_FIRE_EM_06310,RP_SLIP_TERRAIN,EVIDENCES,FIRE_119_RECORD
AE_FIRE_EM_06311,RP_SLIP_TERRAIN,EVIDENCES,FIRE_119_RECORD
AE_FIRE_EM_06312,RP_SLIP_TERRAIN,EVIDENCES,FIRE_119_RECORD
AE_FIRE_EM_06313,RP_ANIMAL_01,EVIDENCES,FIRE_119_RECORD
AE_FIRE_EM_06314,RP_MACHINE_01,EVIDENCES,FIRE_119_RECORD
AE_FIRE_EM_06315,RP_HEAT_02,EVIDENCES,FIRE_119_RECORD
AE_FIRE_EM_06316,RP_FALL_CLIFF,EVIDENCES,FIRE_119_RECORD
AE_FIRE_EM_06317,RP_MACHINE_01,EVIDENCES,FIRE_119_RECORD
AE_FIRE_EM_06318,RP_SLIP_TERRAIN,EVIDENCES,FIRE_119_RECORD
AE_FIRE_EM_06319,RP_MACHINE_01,EVIDENCES,FIRE_119_RECORD
AE_FIRE_EM_06320,RP_MACHINE_01,EVIDENCES,FIRE_119_RECORD
AE_FIRE_EM_06321,RP_MACHINE_01,EVIDENCES,FIRE_119_RECORD
AE_FIRE_EM_06322,RP_MACHINE_01,EVIDENCES,FIRE_119_RECORD
AE_FIRE_EM_06323,RP_SLIP_TERRAIN,EVIDENCES,FIRE_119_RECORD
AE_FIRE_EM_06324,RP_MACHINE_01,EVIDENCES,FIRE_119_RECORD
AE_FIRE_EM_06325,RP_MACHINE_01,EVIDENCES,FIRE_119_RECORD
AE_FIRE_EM_06326,RP_ANIMAL_01,EVIDENCES,FIRE_119_RECORD
AE_FIRE_EM_06327,RP_SLIP_TERRAIN,EVIDENCES,FIRE_119_RECORD
AE_FIRE_EM_06328,RP_SLIP_TERRAIN,EVIDENCES,FIRE_119_RECORD
AE_FIRE_EM_06329,RP_SLIP_TERRAIN,EVIDENCES,FIRE_119_RECORD
AE_FIRE_EM_06330,RP_TRAFFIC_01,EVIDENCES,FIRE_119_RECORD
AE_FIRE_EM_06331,RP_TRAFFIC_01,EVIDENCES,FIRE_119_RECORD
AE_FIRE_EM_06332,RP_TRAFFIC_01,EVIDENCES,FIRE_119_RECORD
AE_FIRE_EM_06333,RP_SLIP_TERRAIN,EVIDENCES,FIRE_119_RECORD
AE_FIRE_EM_06334,RP_SLIP_TERRAIN,EVIDENCES,FIRE_119_RECORD
AE_FIRE_EM_06335,RP_SLIP_TERRAIN,EVIDENCES,FIRE_119_RECORD
AE_FIRE_EM_06336,RP_ANIMAL_01,EVIDENCES,FIRE_119_RECORD
AE_FIRE_EM_06337,RP_TRAFFIC_01,EVIDENCES,FIRE_119_RECORD
AE_FIRE_EM_06338,RP_TRAFFIC_01,EVIDENCES,FIRE_119_RECORD
AE_FIRE_EM_06339,RP_TRAFFIC_01,EVIDENCES,FIRE_119_RECORD
AE_FIRE_EM_06340,RP_TRAFFIC_01,EVIDENCES,FIRE_119_RECORD
AE_FIRE_EM_06341,RP_ANIMAL_01,EVIDENCES,FIRE_119_RECORD
AE_FIRE_EM_06342,RP_TRAFFIC_01,EVIDENCES,FIRE_119_RECORD
AE_FIRE_EM_06343,RP_TRAFFIC_01,EVIDENCES,FIRE_119_RECORD
AE_FIRE_EM_06344,RP_TRAFFIC_01,EVIDENCES,FIRE_119_RECORD
AE_FIRE_EM_06345,RP_MACHINE_01,EVIDENCES,FIRE_119_RECORD
AE_FIRE_EM_06346,RP_ANIMAL_01,EVIDENCES,FIRE_119_RECORD
AE_FIRE_EM_06347,RP_SLIP_TERRAIN,EVIDENCES,FIRE_119_RECORD
AE_FIRE_EM_06348,RP_ANIMAL_01,EVIDENCES,FIRE_119_RECORD
AE_FIRE_EM_06349,RP_SLIP_TERRAIN,EVIDENCES,FIRE_119_RECORD
AE_FIRE_EM_06350,RP_SLIP_TERRAIN,EVIDENCES,FIRE_119_RECORD
AE_FIRE_EM_06351,RP_MACHINE_01,EVIDENCES,FIRE_119_RECORD
AE_FIRE_EM_06352,RP_TRAFFIC_01,EVIDENCES,FIRE_119_RECORD
AE_FIRE_EM_06353,RP_TRAFFIC_01,EVIDENCES,FIRE_119_RECORD
AE_FIRE_EM_06354,RP_TRAFFIC_01,EVIDENCES,FIRE_119_RECORD
AE_FIRE_EM_06355,RP_MACHINE_01,EVIDENCES,FIRE_119_RECORD
AE_FIRE_EM_06356,RP_TRAFFIC_01,EVIDENCES,FIRE_119_RECORD
AE_FIRE_EM_06357,RP_TRAFFIC_01,EVIDENCES,FIRE_119_RECORD
AE_FIRE_EM_06358,RP_TRAFFIC_01,EVIDENCES,FIRE_119_RECORD
AE_FIRE_EM_06359,RP_TRAFFIC_01,EVIDENCES,FIRE_119_RECORD
AE_FIRE_EM_06360,RP_FALL_CLIFF,EVIDENCES,FIRE_119_RECORD
AE_FIRE_EM_06361,RP_SLIP_TERRAIN,EVIDENCES,FIRE_119_RECORD
AE_FIRE_EM_06362,RP_HEAT_02,EVIDENCES,FIRE_119_RECORD
AE_FIRE_EM_06363,RP_TRAFFIC_01,EVIDENCES,FIRE_119_RECORD
AE_FIRE_EM_06364,RP_TRAFFIC_01,EVIDENCES,FIRE_119_RECORD
AE_FIRE_EM_06365,RP_TRAFFIC_01,EVIDENCES,FIRE_119_RECORD
AE_FIRE_EM_06366,RP_ANIMAL_01,EVIDENCES,FIRE_119_RECORD
AE_FIRE_EM_06367,RP_MACHINE_01,EVIDENCES,FIRE_119_RECORD
AE_FIRE_EM_06368,RP_SLIP_TERRAIN,EVIDENCES,FIRE_119_RECORD
AE_FIRE_EM_06369,RP_MACHINE_01,EVIDENCES,FIRE_119_RECORD
AE_FIRE_EM_06370,RP_ANIMAL_01,EVIDENCES,FIRE_119_RECORD
AE_FIRE_EM_06371,RP_SLIP_TERRAIN,EVIDENCES,FIRE_119_RECORD
AE_FIRE_EM_06372,RP_SLIP_TERRAIN,EVIDENCES,FIRE_119_RECORD
AE_FIRE_EM_06373,RP_ANIMAL_01,EVIDENCES,FIRE_119_RECORD
AE_FIRE_EM_06374,RP_SLIP_TERRAIN,EVIDENCES,FIRE_119_RECORD
AE_FIRE_EM_06375,RP_SLIP_TERRAIN,EVIDENCES,FIRE_119_RECORD
AE_FIRE_EM_06376,RP_ANIMAL_01,EVIDENCES,FIRE_119_RECORD
AE_FIRE_EM_06377,RP_TRAFFIC_01,EVIDENCES,FIRE_119_RECORD
AE_FIRE_EM_06378,RP_TRAFFIC_01,EVIDENCES,FIRE_119_RECORD
AE_FIRE_EM_06379,RP_TRAFFIC_01,EVIDENCES,FIRE_119_RECORD
AE_FIRE_EM_06380,RP_CO_01,EVIDENCES,FIRE_119_RECORD
AE_FIRE_EM_06381,RP_MACHINE_01,EVIDENCES,FIRE_119_RECORD
AE_FIRE_EM_06382,RP_SLIP_TERRAIN,EVIDENCES,FIRE_119_RECORD
AE_FIRE_EM_06383,RP_SLIP_TERRAIN,EVIDENCES,FIRE_119_RECORD
AE_FIRE_EM_06384,RP_MACHINE_01,EVIDENCES,FIRE_119_RECORD
AE_FIRE_EM_06385,RP_FALL_CLIFF,EVIDENCES,FIRE_119_RECORD
AE_FIRE_EM_06386,RP_TRAFFIC_01,EVIDENCES,FIRE_119_RECORD
AE_FIRE_EM_06387,RP_TRAFFIC_01,EVIDENCES,FIRE_119_RECORD
AE_FIRE_EM_06388,RP_TRAFFIC_01,EVIDENCES,FIRE_119_RECORD
AE_FIRE_EM_06389,RP_HEAT_02,EVIDENCES,FIRE_119_RECORD
AE_FIRE_EM_06390,RP_ANIMAL_01,EVIDENCES,FIRE_119_RECORD
AE_FIRE_EM_06391,RP_TRAFFIC_01,EVIDENCES,FIRE_119_RECORD
AE_FIRE_EM_06392,RP_DROWN_01,EVIDENCES,FIRE_119_RECORD
AE_FIRE_EM_06393,RP_MACHINE_01,EVIDENCES,FIRE_119_RECORD
AE_FIRE_EM_06394,RP_TRAFFIC_01,EVIDENCES,FIRE_119_RECORD
AE_FIRE_EM_06395,RP_TRAFFIC_01,EVIDENCES,FIRE_119_RECORD
AE_FIRE_EM_06396,RP_SLIP_TERRAIN,EVIDENCES,FIRE_119_RECORD
AE_FIRE_EM_06397,RP_TRAFFIC_01,EVIDENCES,FIRE_119_RECORD
AE_FIRE_EM_06398,RP_TRAFFIC_01,EVIDENCES,FIRE_119_RECORD
AE_FIRE_EM_06399,RP_TRAFFIC_01,EVIDENCES,FIRE_119_RECORD
AE_FIRE_EM_06400,RP_SLIP_TERRAIN,EVIDENCES,FIRE_119_RECORD
AE_FIRE_EM_06401,RP_TRAFFIC_01,EVIDENCES,FIRE_119_RECORD
AE_FIRE_EM_06402,RP_SLIP_TERRAIN,EVIDENCES,FIRE_119_RECORD
AE_FIRE_EM_06403,RP_TRAFFIC_01,EVIDENCES,FIRE_119_RECORD
AE_FIRE_EM_06404,RP_TRAFFIC_01,EVIDENCES,FIRE_119_RECORD
AE_FIRE_EM_06405,RP_ANIMAL_01,EVIDENCES,FIRE_119_RECORD
AE_FIRE_EM_06406,RP_TRAFFIC_01,EVIDENCES,FIRE_119_RECORD
AE_FIRE_EM_06407,RP_TRAFFIC_01,EVIDENCES,FIRE_119_RECORD
AE_FIRE_EM_06408,RP_TRAFFIC_01,EVIDENCES,FIRE_119_RECORD
AE_FIRE_EM_06409,RP_TRAFFIC_01,EVIDENCES,FIRE_119_RECORD
AE_FIRE_EM_06410,RP_TRAFFIC_01,EVIDENCES,FIRE_119_RECORD
AE_FIRE_EM_06411,RP_ANIMAL_01,EVIDENCES,FIRE_119_RECORD
AE_FIRE_EM_06412,RP_SLIP_TERRAIN,EVIDENCES,FIRE_119_RECORD
AE_FIRE_EM_06413,RP_SLIP_TERRAIN,EVIDENCES,FIRE_119_RECORD
AE_FIRE_EM_06414,RP_SLIP_TERRAIN,EVIDENCES,FIRE_119_RECORD
AE_FIRE_EM_06415,RP_DROWN_01,EVIDENCES,FIRE_119_RECORD
AE_FIRE_EM_06416,RP_TRAFFIC_01,EVIDENCES,FIRE_119_RECORD
AE_FIRE_EM_06417,RP_TRAFFIC_01,EVIDENCES,FIRE_119_RECORD
AE_FIRE_EM_06418,RP_TRAFFIC_01,EVIDENCES,FIRE_119_RECORD
AE_FIRE_EM_06419,RP_TRAFFIC_01,EVIDENCES,FIRE_119_RECORD
AE_FIRE_EM_06420,RP_TRAFFIC_01,EVIDENCES,FIRE_119_RECORD
AE_FIRE_EM_06421,RP_TRAFFIC_01,EVIDENCES,FIRE_119_RECORD
AE_FIRE_EM_06422,RP_TRAFFIC_01,EVIDENCES,FIRE_119_RECORD
AE_FIRE_EM_06423,RP_TRAFFIC_01,EVIDENCES,FIRE_119_RECORD
AE_FIRE_EM_06424,RP_TRAFFIC_01,EVIDENCES,FIRE_119_RECORD
AE_FIRE_EM_06425,RP_TRAFFIC_01,EVIDENCES,FIRE_119_RECORD
AE_FIRE_EM_06426,RP_TRAFFIC_01,EVIDENCES,FIRE_119_RECORD
AE_FIRE_EM_06427,RP_TRAFFIC_01,EVIDENCES,FIRE_119_RECORD
AE_FIRE_EM_06428,RP_TRAFFIC_01,EVIDENCES,FIRE_119_RECORD
AE_FIRE_EM_06429,RP_ANIMAL_01,EVIDENCES,FIRE_119_RECORD
AE_FIRE_EM_06430,RP_MACHINE_01,EVIDENCES,FIRE_119_RECORD
AE_FIRE_EM_06431,RP_TRAFFIC_01,EVIDENCES,FIRE_119_RECORD
AE_FIRE_EM_06432,RP_MACHINE_01,EVIDENCES,FIRE_119_RECORD
AE_FIRE_EM_06433,RP_TRAFFIC_01,EVIDENCES,FIRE_119_RECORD
AE_FIRE_EM_06434,RP_SLIP_TERRAIN,EVIDENCES,FIRE_119_RECORD
AE_FIRE_EM_06435,RP_TRAFFIC_01,EVIDENCES,FIRE_119_RECORD
AE_FIRE_EM_06436,RP_SLIP_TERRAIN,EVIDENCES,FIRE_119_RECORD
AE_FIRE_EM_06437,RP_TRAFFIC_01,EVIDENCES,FIRE_119_RECORD
AE_FIRE_EM_06438,RP_TRAFFIC_01,EVIDENCES,FIRE_119_RECORD
AE_FIRE_EM_06439,RP_TRAFFIC_01,EVIDENCES,FIRE_119_RECORD
AE_FIRE_EM_06440,RP_TRAFFIC_01,EVIDENCES,FIRE_119_RECORD
AE_FIRE_EM_06441,RP_TRAFFIC_01,EVIDENCES,FIRE_119_RECORD
AE_FIRE_EM_06442,RP_MACHINE_01,EVIDENCES,FIRE_119_RECORD
AE_FIRE_EM_06443,RP_TRAFFIC_01,EVIDENCES,FIRE_119_RECORD
AE_FIRE_EM_06444,RP_SLIP_TERRAIN,EVIDENCES,FIRE_119_RECORD
AE_FIRE_EM_06445,RP_SLIP_TERRAIN,EVIDENCES,FIRE_119_RECORD
AE_FIRE_EM_06446,RP_SLIP_TERRAIN,EVIDENCES,FIRE_119_RECORD
AE_FIRE_EM_06447,RP_SLIP_TERRAIN,EVIDENCES,FIRE_119_RECORD
AE_FIRE_EM_06448,RP_HEAT_02,EVIDENCES,FIRE_119_RECORD
AE_FIRE_EM_06449,RP_SLIP_TERRAIN,EVIDENCES,FIRE_119_RECORD
AE_FIRE_EM_06450,RP_TRAFFIC_01,EVIDENCES,FIRE_119_RECORD
AE_FIRE_EM_06451,RP_SLIP_TERRAIN,EVIDENCES,FIRE_119_RECORD
AE_FIRE_EM_06452,RP_HEAT_02,EVIDENCES,FIRE_119_RECORD
AE_FIRE_EM_06453,RP_MACHINE_01,EVIDENCES,FIRE_119_RECORD
AE_FIRE_EM_06454,RP_SLIP_TERRAIN,EVIDENCES,FIRE_119_RECORD
AE_FIRE_EM_06455,RP_ANIMAL_01,EVIDENCES,FIRE_119_RECORD
AE_FIRE_EM_06456,RP_SLIP_TERRAIN,EVIDENCES,FIRE_119_RECORD
AE_FIRE_EM_06457,RP_ANIMAL_01,EVIDENCES,FIRE_119_RECORD
AE_FIRE_EM_06458,RP_TRAFFIC_01,EVIDENCES,FIRE_119_RECORD
AE_FIRE_EM_06459,RP_SLIP_TERRAIN,EVIDENCES,FIRE_119_RECORD
AE_FIRE_EM_06460,RP_MACHINE_01,EVIDENCES,FIRE_119_RECORD
AE_FIRE_EM_06461,RP_HEAT_02,EVIDENCES,FIRE_119_RECORD
AE_FIRE_EM_06462,RP_SLIP_TERRAIN,EVIDENCES,FIRE_119_RECORD
AE_FIRE_EM_06463,RP_TRAFFIC_01,EVIDENCES,FIRE_119_RECORD
AE_FIRE_EM_06464,RP_SLIP_TERRAIN,EVIDENCES,FIRE_119_RECORD
AE_FIRE_EM_06465,RP_TRAFFIC_01,EVIDENCES,FIRE_119_RECORD
AE_FIRE_EM_06466,RP_SLIP_TERRAIN,EVIDENCES,FIRE_119_RECORD
AE_FIRE_EM_06467,RP_ANIMAL_01,EVIDENCES,FIRE_119_RECORD
AE_FIRE_EM_06468,RP_DROWN_01,EVIDENCES,FIRE_119_RECORD
AE_FIRE_EM_06469,RP_SLIP_TERRAIN,EVIDENCES,FIRE_119_RECORD
AE_FIRE_EM_06470,RP_CO_01,EVIDENCES,FIRE_119_RECORD
AE_FIRE_EM_06471,RP_SLIP_TERRAIN,EVIDENCES,FIRE_119_RECORD
AE_FIRE_EM_06472,RP_MACHINE_01,EVIDENCES,FIRE_119_RECORD
AE_FIRE_EM_06473,RP_MACHINE_01,EVIDENCES,FIRE_119_RECORD
AE_FIRE_EM_06474,RP_SLIP_TERRAIN,EVIDENCES,FIRE_119_RECORD
AE_FIRE_EM_06475,RP_TRAFFIC_01,EVIDENCES,FIRE_119_RECORD
AE_FIRE_EM_06476,RP_TRAFFIC_01,EVIDENCES,FIRE_119_RECORD
AE_FIRE_EM_06477,RP_MACHINE_01,EVIDENCES,FIRE_119_RECORD
AE_FIRE_EM_06478,RP_SLIP_TERRAIN,EVIDENCES,FIRE_119_RECORD
AE_FIRE_EM_06479,RP_SLIP_TERRAIN,EVIDENCES,FIRE_119_RECORD
AE_FIRE_EM_06480,RP_DROWN_01,EVIDENCES,FIRE_119_RECORD
AE_FIRE_EM_06481,RP_TRAFFIC_01,EVIDENCES,FIRE_119_RECORD
AE_FIRE_EM_06482,RP_MACHINE_01,EVIDENCES,FIRE_119_RECORD
AE_FIRE_EM_06483,RP_SLIP_TERRAIN,EVIDENCES,FIRE_119_RECORD
AE_FIRE_EM_06484,RP_SLIP_TERRAIN,EVIDENCES,FIRE_119_RECORD
AE_FIRE_EM_06485,RP_ANIMAL_01,EVIDENCES,FIRE_119_RECORD
AE_FIRE_EM_06486,RP_SLIP_TERRAIN,EVIDENCES,FIRE_119_RECORD
AE_FIRE_EM_06487,RP_TRAFFIC_01,EVIDENCES,FIRE_119_RECORD
AE_FIRE_EM_06488,RP_TRAFFIC_01,EVIDENCES,FIRE_119_RECORD
AE_FIRE_EM_06489,RP_SLIP_TERRAIN,EVIDENCES,FIRE_119_RECORD
AE_FIRE_EM_06490,RP_MACHINE_01,EVIDENCES,FIRE_119_RECORD
AE_FIRE_EM_06491,RP_SLIP_TERRAIN,EVIDENCES,FIRE_119_RECORD
AE_FIRE_EM_06492,RP_TRAFFIC_01,EVIDENCES,FIRE_119_RECORD
AE_FIRE_EM_06493,RP_TRAFFIC_01,EVIDENCES,FIRE_119_RECORD
AE_FIRE_EM_06494,RP_MACHINE_01,EVIDENCES,FIRE_119_RECORD
AE_FIRE_EM_06495,RP_TRAFFIC_01,EVIDENCES,FIRE_119_RECORD
AE_FIRE_EM_06496,RP_SLIP_TERRAIN,EVIDENCES,FIRE_119_RECORD
AE_FIRE_EM_06497,RP_TRAFFIC_01,EVIDENCES,FIRE_119_RECORD
AE_FIRE_EM_06498,RP_SLIP_TERRAIN,EVIDENCES,FIRE_119_RECORD
AE_FIRE_EM_06499,RP_MACHINE_01,EVIDENCES,FIRE_119_RECORD
AE_FIRE_EM_06500,RP_MACHINE_01,EVIDENCES,FIRE_119_RECORD
AE_FIRE_EM_06501,RP_TRAFFIC_01,EVIDENCES,FIRE_119_RECORD
AE_FIRE_EM_06502,RP_SLIP_TERRAIN,EVIDENCES,FIRE_119_RECORD
AE_FIRE_EM_06503,RP_TRAFFIC_01,EVIDENCES,FIRE_119_RECORD
AE_FIRE_EM_06504,RP_TRAFFIC_01,EVIDENCES,FIRE_119_RECORD
AE_FIRE_EM_06505,RP_TRAFFIC_01,EVIDENCES,FIRE_119_RECORD
AE_FIRE_EM_06506,RP_TRAFFIC_01,EVIDENCES,FIRE_119_RECORD
AE_FIRE_EM_06507,RP_TRAFFIC_01,EVIDENCES,FIRE_119_RECORD
AE_FIRE_EM_06508,RP_TRAFFIC_01,EVIDENCES,FIRE_119_RECORD
AE_FIRE_EM_06509,RP_MACHINE_01,EVIDENCES,FIRE_119_RECORD
AE_FIRE_EM_06510,RP_ANIMAL_01,EVIDENCES,FIRE_119_RECORD
AE_FIRE_EM_06511,RP_SLIP_TERRAIN,EVIDENCES,FIRE_119_RECORD
AE_FIRE_EM_06512,RP_TRAFFIC_01,EVIDENCES,FIRE_119_RECORD
AE_FIRE_EM_06513,RP_TRAFFIC_01,EVIDENCES,FIRE_119_RECORD
AE_FIRE_EM_06514,RP_SLIP_TERRAIN,EVIDENCES,FIRE_119_RECORD
AE_FIRE_EM_06515,RP_MACHINE_01,EVIDENCES,FIRE_119_RECORD
AE_FIRE_EM_06516,RP_TRAFFIC_01,EVIDENCES,FIRE_119_RECORD
AE_FIRE_EM_06517,RP_SLIP_TERRAIN,EVIDENCES,FIRE_119_RECORD
AE_FIRE_EM_06518,RP_SLIP_TERRAIN,EVIDENCES,FIRE_119_RECORD
AE_FIRE_EM_06519,RP_SLIP_TERRAIN,EVIDENCES,FIRE_119_RECORD
AE_FIRE_EM_06520,RP_SLIP_TERRAIN,EVIDENCES,FIRE_119_RECORD
AE_FIRE_EM_06521,RP_MACHINE_01,EVIDENCES,FIRE_119_RECORD
AE_FIRE_EM_06522,RP_SLIP_TERRAIN,EVIDENCES,FIRE_119_RECORD
AE_FIRE_EM_06523,RP_TRAFFIC_01,EVIDENCES,FIRE_119_RECORD
AE_FIRE_EM_06524,RP_SLIP_TERRAIN,EVIDENCES,FIRE_119_RECORD
AE_FIRE_EM_06525,RP_TRAFFIC_01,EVIDENCES,FIRE_119_RECORD
AE_FIRE_EM_06526,RP_TRAFFIC_01,EVIDENCES,FIRE_119_RECORD
AE_FIRE_EM_06527,RP_CO_01,EVIDENCES,FIRE_119_RECORD
AE_FIRE_EM_06528,RP_SLIP_TERRAIN,EVIDENCES,FIRE_119_RECORD
AE_FIRE_EM_06529,RP_FIRE_01,EVIDENCES,FIRE_119_RECORD
AE_FIRE_EM_06530,RP_SLIP_TERRAIN,EVIDENCES,FIRE_119_RECORD
AE_FIRE_EM_06531,RP_MACHINE_01,EVIDENCES,FIRE_119_RECORD
AE_FIRE_EM_06532,RP_SLIP_TERRAIN,EVIDENCES,FIRE_119_RECORD
AE_FIRE_EM_06533,RP_SLIP_TERRAIN,EVIDENCES,FIRE_119_RECORD
AE_FIRE_EM_06534,RP_SLIP_TERRAIN,EVIDENCES,FIRE_119_RECORD
AE_FIRE_EM_06535,RP_TRAFFIC_01,EVIDENCES,FIRE_119_RECORD
AE_FIRE_EM_06536,RP_TRAFFIC_01,EVIDENCES,FIRE_119_RECORD
AE_FIRE_EM_06537,RP_DROWN_01,EVIDENCES,FIRE_119_RECORD
AE_FIRE_EM_06538,RP_SLIP_TERRAIN,EVIDENCES,FIRE_119_RECORD
AE_FIRE_EM_06539,RP_MACHINE_01,EVIDENCES,FIRE_119_RECORD
AE_FIRE_EM_06540,RP_MACHINE_01,EVIDENCES,FIRE_119_RECORD
AE_FIRE_EM_06541,RP_MACHINE_01,EVIDENCES,FIRE_119_RECORD
AE_FIRE_EM_06542,RP_SLIP_TERRAIN,EVIDENCES,FIRE_119_RECORD
AE_FIRE_EM_06543,RP_SLIP_TERRAIN,EVIDENCES,FIRE_119_RECORD
AE_FIRE_EM_06544,RP_SLIP_TERRAIN,EVIDENCES,FIRE_119_RECORD
AE_FIRE_EM_06545,RP_TRAFFIC_01,EVIDENCES,FIRE_119_RECORD
AE_FIRE_EM_06546,RP_TRAFFIC_01,EVIDENCES,FIRE_119_RECORD
AE_FIRE_EM_06547,RP_TRAFFIC_01,EVIDENCES,FIRE_119_RECORD
AE_FIRE_EM_06548,RP_SLIP_TERRAIN,EVIDENCES,FIRE_119_RECORD
AE_FIRE_EM_06549,RP_TRAFFIC_01,EVIDENCES,FIRE_119_RECORD
AE_FIRE_EM_06550,RP_TRAFFIC_01,EVIDENCES,FIRE_119_RECORD
AE_FIRE_EM_06551,RP_MACHINE_01,EVIDENCES,FIRE_119_RECORD
AE_FIRE_EM_06552,RP_MACHINE_01,EVIDENCES,FIRE_119_RECORD
AE_FIRE_EM_06553,RP_TRAFFIC_01,EVIDENCES,FIRE_119_RECORD
AE_FIRE_EM_06554,RP_SLIP_TERRAIN,EVIDENCES,FIRE_119_RECORD
AE_FIRE_EM_06555,RP_TRAFFIC_01,EVIDENCES,FIRE_119_RECORD
AE_FIRE_EM_06556,RP_MACHINE_01,EVIDENCES,FIRE_119_RECORD
AE_FIRE_EM_06557,RP_MACHINE_01,EVIDENCES,FIRE_119_RECORD
AE_FIRE_EM_06558,RP_SLIP_TERRAIN,EVIDENCES,FIRE_119_RECORD
AE_FIRE_EM_06559,RP_MACHINE_01,EVIDENCES,FIRE_119_RECORD
AE_FIRE_EM_06560,RP_TRAFFIC_01,EVIDENCES,FIRE_119_RECORD
AE_FIRE_EM_06561,RP_TRAFFIC_01,EVIDENCES,FIRE_119_RECORD
AE_FIRE_EM_06562,RP_SLIP_TERRAIN,EVIDENCES,FIRE_119_RECORD
AE_FIRE_EM_06563,RP_TRAFFIC_01,EVIDENCES,FIRE_119_RECORD
AE_FIRE_EM_06564,RP_MACHINE_01,EVIDENCES,FIRE_119_RECORD
AE_FIRE_EM_06565,RP_TRAFFIC_01,EVIDENCES,FIRE_119_RECORD
AE_FIRE_EM_06566,RP_TRAFFIC_01,EVIDENCES,FIRE_119_RECORD
AE_FIRE_EM_06567,RP_HEAT_02,EVIDENCES,FIRE_119_RECORD
AE_FIRE_EM_06568,RP_TRAFFIC_01,EVIDENCES,FIRE_119_RECORD
AE_FIRE_EM_06569,RP_MACHINE_01,EVIDENCES,FIRE_119_RECORD
AE_FIRE_EM_06570,RP_MACHINE_01,EVIDENCES,FIRE_119_RECORD
AE_FIRE_EM_06571,RP_SLIP_TERRAIN,EVIDENCES,FIRE_119_RECORD
AE_FIRE_EM_06572,RP_SLIP_TERRAIN,EVIDENCES,FIRE_119_RECORD
AE_FIRE_EM_06573,RP_TRAFFIC_01,EVIDENCES,FIRE_119_RECORD
AE_FIRE_EM_06574,RP_TRAFFIC_01,EVIDENCES,FIRE_119_RECORD
AE_FIRE_EM_06575,RP_TRAFFIC_01,EVIDENCES,FIRE_119_RECORD
AE_FIRE_EM_06576,RP_SLIP_TERRAIN,EVIDENCES,FIRE_119_RECORD
AE_FIRE_EM_06577,RP_SLIP_TERRAIN,EVIDENCES,FIRE_119_RECORD
AE_FIRE_EM_06578,RP_MACHINE_01,EVIDENCES,FIRE_119_RECORD
AE_FIRE_EM_06579,RP_SLIP_TERRAIN,EVIDENCES,FIRE_119_RECORD
AE_FIRE_EM_06580,RP_MACHINE_01,EVIDENCES,FIRE_119_RECORD
AE_FIRE_EM_06581,RP_SLIP_TERRAIN,EVIDENCES,FIRE_119_RECORD
AE_FIRE_EM_06582,RP_SLIP_TERRAIN,EVIDENCES,FIRE_119_RECORD
AE_FIRE_EM_06583,RP_FALL_CLIFF,EVIDENCES,FIRE_119_RECORD
AE_FIRE_EM_06584,RP_SLIP_TERRAIN,EVIDENCES,FIRE_119_RECORD
AE_FIRE_EM_06585,RP_ANIMAL_01,EVIDENCES,FIRE_119_RECORD
AE_FIRE_EM_06586,RP_SLIP_TERRAIN,EVIDENCES,FIRE_119_RECORD
AE_FIRE_EM_06587,RP_TRAFFIC_01,EVIDENCES,FIRE_119_RECORD
AE_FIRE_EM_06588,RP_MACHINE_01,EVIDENCES,FIRE_119_RECORD
AE_FIRE_EM_06589,RP_SLIP_TERRAIN,EVIDENCES,FIRE_119_RECORD
AE_FIRE_EM_06590,RP_SLIP_TERRAIN,EVIDENCES,FIRE_119_RECORD
AE_FIRE_EM_06591,RP_MACHINE_01,EVIDENCES,FIRE_119_RECORD
AE_FIRE_EM_06592,RP_MACHINE_01,EVIDENCES,FIRE_119_RECORD
AE_FIRE_EM_06593,RP_TRAFFIC_01,EVIDENCES,FIRE_119_RECORD
AE_FIRE_EM_06594,RP_TRAFFIC_01,EVIDENCES,FIRE_119_RECORD
AE_FIRE_EM_06595,RP_TRAFFIC_01,EVIDENCES,FIRE_119_RECORD
AE_FIRE_EM_06596,RP_SLIP_TERRAIN,EVIDENCES,FIRE_119_RECORD
AE_FIRE_EM_06597,RP_DROWN_01,EVIDENCES,FIRE_119_RECORD
AE_FIRE_EM_06598,RP_TRAFFIC_01,EVIDENCES,FIRE_119_RECORD
AE_FIRE_EM_06599,RP_TRAFFIC_01,EVIDENCES,FIRE_119_RECORD
AE_FIRE_EM_06600,RP_TRAFFIC_01,EVIDENCES,FIRE_119_RECORD
AE_FIRE_EM_06601,RP_TRAFFIC_01,EVIDENCES,FIRE_119_RECORD
AE_FIRE_EM_06602,RP_TRAFFIC_01,EVIDENCES,FIRE_119_RECORD
AE_FIRE_EM_06603,RP_MACHINE_01,EVIDENCES,FIRE_119_RECORD
AE_FIRE_EM_06604,RP_SLIP_TERRAIN,EVIDENCES,FIRE_119_RECORD
AE_FIRE_EM_06605,RP_SLIP_TERRAIN,EVIDENCES,FIRE_119_RECORD
AE_FIRE_EM_06606,RP_MACHINE_01,EVIDENCES,FIRE_119_RECORD
AE_FIRE_EM_06607,RP_TRAFFIC_01,EVIDENCES,FIRE_119_RECORD
AE_FIRE_EM_06608,RP_TRAFFIC_01,EVIDENCES,FIRE_119_RECORD
AE_FIRE_EM_06609,RP_SLIP_TERRAIN,EVIDENCES,FIRE_119_RECORD
AE_FIRE_EM_06610,RP_ANIMAL_01,EVIDENCES,FIRE_119_RECORD
AE_FIRE_EM_06611,RP_SLIP_TERRAIN,EVIDENCES,FIRE_119_RECORD
AE_FIRE_EM_06612,RP_SLIP_TERRAIN,EVIDENCES,FIRE_119_RECORD
AE_FIRE_EM_06613,RP_SLIP_TERRAIN,EVIDENCES,FIRE_119_RECORD
AE_FIRE_EM_06614,RP_SLIP_TERRAIN,EVIDENCES,FIRE_119_RECORD
AE_FIRE_EM_06615,RP_TRAFFIC_01,EVIDENCES,FIRE_119_RECORD
AE_FIRE_EM_06616,RP_SLIP_TERRAIN,EVIDENCES,FIRE_119_RECORD
AE_FIRE_EM_06617,RP_TRAFFIC_01,EVIDENCES,FIRE_119_RECORD
AE_FIRE_EM_06618,RP_SLIP_TERRAIN,EVIDENCES,FIRE_119_RECORD
AE_FIRE_EM_06619,RP_SLIP_TERRAIN,EVIDENCES,FIRE_119_RECORD
AE_FIRE_EM_06620,RP_MACHINE_01,EVIDENCES,FIRE_119_RECORD
AE_FIRE_EM_06621,RP_TRAFFIC_01,EVIDENCES,FIRE_119_RECORD
AE_FIRE_EM_06622,RP_SLIP_TERRAIN,EVIDENCES,FIRE_119_RECORD
AE_FIRE_EM_06623,RP_MACHINE_01,EVIDENCES,FIRE_119_RECORD
AE_FIRE_EM_06624,RP_SLIP_TERRAIN,EVIDENCES,FIRE_119_RECORD
AE_FIRE_EM_06625,RP_TRAFFIC_01,EVIDENCES,FIRE_119_RECORD
AE_FIRE_EM_06626,RP_TRAFFIC_01,EVIDENCES,FIRE_119_RECORD
AE_FIRE_EM_06627,RP_ANIMAL_01,EVIDENCES,FIRE_119_RECORD
AE_FIRE_EM_06628,RP_ANIMAL_01,EVIDENCES,FIRE_119_RECORD
AE_FIRE_EM_06629,RP_HEAT_02,EVIDENCES,FIRE_119_RECORD
AE_FIRE_EM_06630,RP_SLIP_TERRAIN,EVIDENCES,FIRE_119_RECORD
AE_FIRE_EM_06631,RP_TRAFFIC_01,EVIDENCES,FIRE_119_RECORD
AE_FIRE_EM_06632,RP_TRAFFIC_01,EVIDENCES,FIRE_119_RECORD
AE_FIRE_EM_06633,RP_HEAT_02,EVIDENCES,FIRE_119_RECORD
AE_FIRE_EM_06634,RP_SLIP_TERRAIN,EVIDENCES,FIRE_119_RECORD
AE_FIRE_EM_06635,RP_TRAFFIC_01,EVIDENCES,FIRE_119_RECORD
AE_FIRE_EM_06636,RP_TRAFFIC_01,EVIDENCES,FIRE_119_RECORD
AE_FIRE_EM_06637,RP_SLIP_TERRAIN,EVIDENCES,FIRE_119_RECORD
AE_FIRE_EM_06638,RP_TRAFFIC_01,EVIDENCES,FIRE_119_RECORD
AE_FIRE_EM_06639,RP_TRAFFIC_01,EVIDENCES,FIRE_119_RECORD
AE_FIRE_EM_06640,RP_TRAFFIC_01,EVIDENCES,FIRE_119_RECORD
AE_FIRE_EM_06641,RP_FALL_CLIFF,EVIDENCES,FIRE_119_RECORD
AE_FIRE_EM_06642,RP_MACHINE_01,EVIDENCES,FIRE_119_RECORD
AE_FIRE_EM_06643,RP_TRAFFIC_01,EVIDENCES,FIRE_119_RECORD
AE_FIRE_EM_06644,RP_TRAFFIC_01,EVIDENCES,FIRE_119_RECORD
AE_FIRE_EM_06645,RP_TRAFFIC_01,EVIDENCES,FIRE_119_RECORD
AE_FIRE_EM_06646,RP_SLIP_TERRAIN,EVIDENCES,FIRE_119_RECORD
AE_FIRE_EM_06647,RP_TRAFFIC_01,EVIDENCES,FIRE_119_RECORD
AE_FIRE_EM_06648,RP_TRAFFIC_01,EVIDENCES,FIRE_119_RECORD
AE_FIRE_EM_06649,RP_FALL_CLIFF,EVIDENCES,FIRE_119_RECORD
AE_FIRE_EM_06650,RP_TRAFFIC_01,EVIDENCES,FIRE_119_RECORD
AE_FIRE_EM_06651,RP_TRAFFIC_01,EVIDENCES,FIRE_119_RECORD
AE_FIRE_EM_06652,RP_SLIP_TERRAIN,EVIDENCES,FIRE_119_RECORD
AE_FIRE_EM_06653,RP_HEAT_02,EVIDENCES,FIRE_119_RECORD
AE_FIRE_EM_06654,RP_ANIMAL_01,EVIDENCES,FIRE_119_RECORD
AE_FIRE_EM_06655,RP_MACHINE_01,EVIDENCES,FIRE_119_RECORD
AE_FIRE_EM_06656,RP_TRAFFIC_01,EVIDENCES,FIRE_119_RECORD
AE_FIRE_EM_06657,RP_TRAFFIC_01,EVIDENCES,FIRE_119_RECORD
AE_FIRE_EM_06658,RP_FALL_CLIFF,EVIDENCES,FIRE_119_RECORD
AE_FIRE_EM_06659,RP_FALL_CLIFF,EVIDENCES,FIRE_119_RECORD
AE_FIRE_EM_06660,RP_TRAFFIC_01,EVIDENCES,FIRE_119_RECORD
AE_FIRE_EM_06661,RP_TRAFFIC_01,EVIDENCES,FIRE_119_RECORD
AE_FIRE_EM_06662,RP_TRAFFIC_01,EVIDENCES,FIRE_119_RECORD
AE_FIRE_EM_06663,RP_SLIP_TERRAIN,EVIDENCES,FIRE_119_RECORD
AE_FIRE_EM_06664,RP_SLIP_TERRAIN,EVIDENCES,FIRE_119_RECORD
AE_FIRE_EM_06665,RP_SLIP_TERRAIN,EVIDENCES,FIRE_119_RECORD
AE_FIRE_EM_06666,RP_TRAFFIC_01,EVIDENCES,FIRE_119_RECORD
AE_FIRE_EM_06667,RP_SLIP_TERRAIN,EVIDENCES,FIRE_119_RECORD
AE_FIRE_EM_06668,RP_TRAFFIC_01,EVIDENCES,FIRE_119_RECORD
AE_FIRE_EM_06669,RP_TRAFFIC_01,EVIDENCES,FIRE_119_RECORD
AE_FIRE_EM_06670,RP_TRAFFIC_01,EVIDENCES,FIRE_119_RECORD
AE_FIRE_EM_06671,RP_SLIP_TERRAIN,EVIDENCES,FIRE_119_RECORD
AE_FIRE_EM_06672,RP_TRAFFIC_01,EVIDENCES,FIRE_119_RECORD
AE_FIRE_EM_06673,RP_SLIP_TERRAIN,EVIDENCES,FIRE_119_RECORD
AE_FIRE_EM_06674,RP_TRAFFIC_01,EVIDENCES,FIRE_119_RECORD
AE_FIRE_EM_06675,RP_TRAFFIC_01,EVIDENCES,FIRE_119_RECORD
AE_FIRE_EM_06676,RP_ANIMAL_01,EVIDENCES,FIRE_119_RECORD
AE_FIRE_EM_06677,RP_TRAFFIC_01,EVIDENCES,FIRE_119_RECORD
AE_FIRE_EM_06678,RP_SLIP_TERRAIN,EVIDENCES,FIRE_119_RECORD
AE_FIRE_EM_06679,RP_MACHINE_01,EVIDENCES,FIRE_119_RECORD
AE_FIRE_EM_06680,RP_ANIMAL_01,EVIDENCES,FIRE_119_RECORD
AE_FIRE_EM_06681,RP_TRAFFIC_01,EVIDENCES,FIRE_119_RECORD
AE_FIRE_EM_06682,RP_TRAFFIC_01,EVIDENCES,FIRE_119_RECORD
AE_FIRE_EM_06683,RP_MACHINE_01,EVIDENCES,FIRE_119_RECORD
AE_FIRE_EM_06684,RP_TRAFFIC_01,EVIDENCES,FIRE_119_RECORD
AE_FIRE_EM_06685,RP_MACHINE_01,EVIDENCES,FIRE_119_RECORD
AE_FIRE_EM_06686,RP_SLIP_TERRAIN,EVIDENCES,FIRE_119_RECORD
AE_FIRE_EM_06687,RP_MACHINE_01,EVIDENCES,FIRE_119_RECORD
AE_FIRE_EM_06688,RP_TRAFFIC_01,EVIDENCES,FIRE_119_RECORD
AE_FIRE_EM_06689,RP_FALL_CLIFF,EVIDENCES,FIRE_119_RECORD
AE_FIRE_EM_06690,RP_MACHINE_01,EVIDENCES,FIRE_119_RECORD
AE_FIRE_EM_06691,RP_TRAFFIC_01,EVIDENCES,FIRE_119_RECORD
AE_FIRE_EM_06692,RP_TRAFFIC_01,EVIDENCES,FIRE_119_RECORD
AE_FIRE_EM_06693,RP_SLIP_TERRAIN,EVIDENCES,FIRE_119_RECORD
AE_FIRE_EM_06694,RP_SLIP_TERRAIN,EVIDENCES,FIRE_119_RECORD
AE_FIRE_EM_06695,RP_FALL_CLIFF,EVIDENCES,FIRE_119_RECORD
AE_FIRE_EM_06696,RP_SLIP_TERRAIN,EVIDENCES,FIRE_119_RECORD
AE_FIRE_EM_06697,RP_SLIP_TERRAIN,EVIDENCES,FIRE_119_RECORD
AE_FIRE_EM_06698,RP_MACHINE_01,EVIDENCES,FIRE_119_RECORD
AE_FIRE_EM_06699,RP_TRAFFIC_01,EVIDENCES,FIRE_119_RECORD
AE_FIRE_EM_06700,RP_TRAFFIC_01,EVIDENCES,FIRE_119_RECORD
AE_FIRE_EM_06701,RP_MACHINE_01,EVIDENCES,FIRE_119_RECORD
AE_FIRE_EM_06702,RP_TRAFFIC_01,EVIDENCES,FIRE_119_RECORD
AE_FIRE_EM_06703,RP_SLIP_TERRAIN,EVIDENCES,FIRE_119_RECORD
AE_FIRE_EM_06704,RP_SLIP_TERRAIN,EVIDENCES,FIRE_119_RECORD
AE_FIRE_EM_06705,RP_SLIP_TERRAIN,EVIDENCES,FIRE_119_RECORD
AE_FIRE_EM_06706,RP_SLIP_TERRAIN,EVIDENCES,FIRE_119_RECORD
AE_FIRE_EM_06707,RP_SLIP_TERRAIN,EVIDENCES,FIRE_119_RECORD
AE_FIRE_EM_06708,RP_MACHINE_01,EVIDENCES,FIRE_119_RECORD
AE_FIRE_EM_06709,RP_SLIP_TERRAIN,EVIDENCES,FIRE_119_RECORD
AE_FIRE_EM_06710,RP_SLIP_TERRAIN,EVIDENCES,FIRE_119_RECORD
AE_FIRE_EM_06711,RP_SLIP_TERRAIN,EVIDENCES,FIRE_119_RECORD
AE_FIRE_EM_06712,RP_MACHINE_01,EVIDENCES,FIRE_119_RECORD
AE_FIRE_EM_06713,RP_SLIP_TERRAIN,EVIDENCES,FIRE_119_RECORD
AE_FIRE_EM_06714,RP_MACHINE_01,EVIDENCES,FIRE_119_RECORD
AE_FIRE_EM_06715,RP_TRAFFIC_01,EVIDENCES,FIRE_119_RECORD
AE_FIRE_EM_06716,RP_TRAFFIC_01,EVIDENCES,FIRE_119_RECORD
AE_FIRE_EM_06717,RP_MACHINE_01,EVIDENCES,FIRE_119_RECORD
AE_FIRE_EM_06718,RP_SLIP_TERRAIN,EVIDENCES,FIRE_119_RECORD
AE_FIRE_EM_06719,RP_TRAFFIC_01,EVIDENCES,FIRE_119_RECORD
AE_FIRE_EM_06720,RP_TRAFFIC_01,EVIDENCES,FIRE_119_RECORD
AE_FIRE_EM_06721,RP_TRAFFIC_01,EVIDENCES,FIRE_119_RECORD
AE_FIRE_EM_06722,RP_FALL_CLIFF,EVIDENCES,FIRE_119_RECORD
AE_FIRE_EM_06723,RP_FALL_CLIFF,EVIDENCES,FIRE_119_RECORD
AE_FIRE_EM_06724,RP_FALL_CLIFF,EVIDENCES,FIRE_119_RECORD
AE_FIRE_EM_06725,RP_TRAFFIC_01,EVIDENCES,FIRE_119_RECORD
AE_FIRE_EM_06726,RP_TRAFFIC_01,EVIDENCES,FIRE_119_RECORD
AE_FIRE_EM_06727,RP_SLIP_TERRAIN,EVIDENCES,FIRE_119_RECORD
AE_FIRE_EM_06728,RP_SLIP_TERRAIN,EVIDENCES,FIRE_119_RECORD
AE_FIRE_EM_06729,RP_SLIP_TERRAIN,EVIDENCES,FIRE_119_RECORD
AE_FIRE_EM_06730,RP_TRAFFIC_01,EVIDENCES,FIRE_119_RECORD
AE_FIRE_EM_06731,RP_TRAFFIC_01,EVIDENCES,FIRE_119_RECORD
AE_FIRE_EM_06732,RP_SLIP_TERRAIN,EVIDENCES,FIRE_119_RECORD
AE_FIRE_EM_06733,RP_TRAFFIC_01,EVIDENCES,FIRE_119_RECORD
AE_FIRE_EM_06734,RP_TRAFFIC_01,EVIDENCES,FIRE_119_RECORD
AE_FIRE_EM_06735,RP_TRAFFIC_01,EVIDENCES,FIRE_119_RECORD
AE_FIRE_EM_06736,RP_TRAFFIC_01,EVIDENCES,FIRE_119_RECORD
AE_FIRE_EM_06737,RP_TRAFFIC_01,EVIDENCES,FIRE_119_RECORD
AE_FIRE_EM_06738,RP_TRAFFIC_01,EVIDENCES,FIRE_119_RECORD
AE_FIRE_EM_06739,RP_TRAFFIC_01,EVIDENCES,FIRE_119_RECORD
AE_FIRE_EM_06740,RP_TRAFFIC_01,EVIDENCES,FIRE_119_RECORD
AE_FIRE_EM_06741,RP_TRAFFIC_01,EVIDENCES,FIRE_119_RECORD
AE_FIRE_EM_06742,RP_TRAFFIC_01,EVIDENCES,FIRE_119_RECORD
AE_FIRE_EM_06743,RP_ANIMAL_01,EVIDENCES,FIRE_119_RECORD
AE_FIRE_EM_06744,RP_TRAFFIC_01,EVIDENCES,FIRE_119_RECORD
AE_FIRE_EM_06745,RP_SLIP_TERRAIN,EVIDENCES,FIRE_119_RECORD
AE_FIRE_EM_06746,RP_SLIP_TERRAIN,EVIDENCES,FIRE_119_RECORD
AE_FIRE_EM_06747,RP_TRAFFIC_01,EVIDENCES,FIRE_119_RECORD
AE_FIRE_EM_06748,RP_TRAFFIC_01,EVIDENCES,FIRE_119_RECORD
AE_FIRE_EM_06749,RP_TRAFFIC_01,EVIDENCES,FIRE_119_RECORD
AE_FIRE_EM_06750,RP_SLIP_TERRAIN,EVIDENCES,FIRE_119_RECORD
AE_FIRE_EM_06751,RP_SLIP_TERRAIN,EVIDENCES,FIRE_119_RECORD
AE_FIRE_EM_06752,RP_TRAFFIC_01,EVIDENCES,FIRE_119_RECORD
AE_FIRE_EM_06753,RP_FALL_CLIFF,EVIDENCES,FIRE_119_RECORD
AE_FIRE_EM_06754,RP_SLIP_TERRAIN,EVIDENCES,FIRE_119_RECORD
AE_FIRE_EM_06755,RP_SLIP_TERRAIN,EVIDENCES,FIRE_119_RECORD
AE_FIRE_EM_06756,RP_TRAFFIC_01,EVIDENCES,FIRE_119_RECORD
AE_FIRE_EM_06757,RP_SLIP_TERRAIN,EVIDENCES,FIRE_119_RECORD
AE_FIRE_EM_06758,RP_SLIP_TERRAIN,EVIDENCES,FIRE_119_RECORD
AE_FIRE_EM_06759,RP_SLIP_TERRAIN,EVIDENCES,FIRE_119_RECORD
AE_FIRE_EM_06760,RP_MACHINE_01,EVIDENCES,FIRE_119_RECORD
AE_FIRE_EM_06761,RP_TRAFFIC_01,EVIDENCES,FIRE_119_RECORD
AE_FIRE_EM_06762,RP_TRAFFIC_01,EVIDENCES,FIRE_119_RECORD
AE_FIRE_EM_06763,RP_SLIP_TERRAIN,EVIDENCES,FIRE_119_RECORD
AE_FIRE_EM_06764,RP_MACHINE_01,EVIDENCES,FIRE_119_RECORD
AE_FIRE_EM_06765,RP_SLIP_TERRAIN,EVIDENCES,FIRE_119_RECORD
AE_FIRE_EM_06766,RP_SLIP_TERRAIN,EVIDENCES,FIRE_119_RECORD
AE_FIRE_EM_06767,RP_SLIP_TERRAIN,EVIDENCES,FIRE_119_RECORD
AE_FIRE_EM_06768,RP_TRAFFIC_01,EVIDENCES,FIRE_119_RECORD
AE_FIRE_EM_06769,RP_TRAFFIC_01,EVIDENCES,FIRE_119_RECORD
AE_FIRE_EM_06770,RP_SLIP_TERRAIN,EVIDENCES,FIRE_119_RECORD
AE_FIRE_EM_06771,RP_MACHINE_01,EVIDENCES,FIRE_119_RECORD
AE_FIRE_EM_06772,RP_TRAFFIC_01,EVIDENCES,FIRE_119_RECORD
AE_FIRE_EM_06773,RP_TRAFFIC_01,EVIDENCES,FIRE_119_RECORD
AE_FIRE_EM_06774,RP_TRAFFIC_01,EVIDENCES,FIRE_119_RECORD
AE_FIRE_EM_06775,RP_SLIP_TERRAIN,EVIDENCES,FIRE_119_RECORD
AE_FIRE_EM_06776,RP_TRAFFIC_01,EVIDENCES,FIRE_119_RECORD
AE_FIRE_EM_06777,RP_SLIP_TERRAIN,EVIDENCES,FIRE_119_RECORD
AE_FIRE_EM_06778,RP_MACHINE_01,EVIDENCES,FIRE_119_RECORD
AE_FIRE_EM_06779,RP_SLIP_TERRAIN,EVIDENCES,FIRE_119_RECORD
AE_FIRE_EM_06780,RP_SLIP_TERRAIN,EVIDENCES,FIRE_119_RECORD
AE_FIRE_EM_06781,RP_MACHINE_01,EVIDENCES,FIRE_119_RECORD
AE_FIRE_EM_06782,RP_TRAFFIC_01,EVIDENCES,FIRE_119_RECORD
AE_FIRE_EM_06783,RP_TRAFFIC_01,EVIDENCES,FIRE_119_RECORD
AE_FIRE_EM_06784,RP_FALL_CLIFF,EVIDENCES,FIRE_119_RECORD
AE_FIRE_EM_06785,RP_SLIP_TERRAIN,EVIDENCES,FIRE_119_RECORD
AE_FIRE_EM_06786,RP_SLIP_TERRAIN,EVIDENCES,FIRE_119_RECORD
AE_FIRE_EM_06787,RP_SLIP_TERRAIN,EVIDENCES,FIRE_119_RECORD
AE_FIRE_EM_06788,RP_TRAFFIC_01,EVIDENCES,FIRE_119_RECORD
AE_FIRE_EM_06789,RP_TRAFFIC_01,EVIDENCES,FIRE_119_RECORD
AE_FIRE_EM_06790,RP_MACHINE_01,EVIDENCES,FIRE_119_RECORD
AE_FIRE_EM_06791,RP_FALL_CLIFF,EVIDENCES,FIRE_119_RECORD
AE_FIRE_EM_06792,RP_SLIP_TERRAIN,EVIDENCES,FIRE_119_RECORD
AE_FIRE_EM_06793,RP_TRAFFIC_01,EVIDENCES,FIRE_119_RECORD
AE_FIRE_EM_06794,RP_TRAFFIC_01,EVIDENCES,FIRE_119_RECORD
AE_FIRE_EM_06795,RP_TRAFFIC_01,EVIDENCES,FIRE_119_RECORD
AE_FIRE_EM_06796,RP_TRAFFIC_01,EVIDENCES,FIRE_119_RECORD
AE_FIRE_EM_06797,RP_TRAFFIC_01,EVIDENCES,FIRE_119_RECORD
AE_FIRE_EM_06798,RP_TRAFFIC_01,EVIDENCES,FIRE_119_RECORD
AE_FIRE_EM_06799,RP_SLIP_TERRAIN,EVIDENCES,FIRE_119_RECORD
AE_FIRE_EM_06800,RP_MACHINE_01,EVIDENCES,FIRE_119_RECORD
AE_FIRE_EM_06801,RP_SLIP_TERRAIN,EVIDENCES,FIRE_119_RECORD
AE_FIRE_EM_06802,RP_SLIP_TERRAIN,EVIDENCES,FIRE_119_RECORD
AE_FIRE_EM_06803,RP_SLIP_TERRAIN,EVIDENCES,FIRE_119_RECORD
AE_FIRE_EM_06804,RP_SLIP_TERRAIN,EVIDENCES,FIRE_119_RECORD
AE_FIRE_EM_06805,RP_TRAFFIC_01,EVIDENCES,FIRE_119_RECORD
AE_FIRE_EM_06806,RP_SLIP_TERRAIN,EVIDENCES,FIRE_119_RECORD
AE_FIRE_EM_06807,RP_MACHINE_01,EVIDENCES,FIRE_119_RECORD
AE_FIRE_EM_06808,RP_MACHINE_01,EVIDENCES,FIRE_119_RECORD
AE_FIRE_EM_06809,RP_SLIP_TERRAIN,EVIDENCES,FIRE_119_RECORD
AE_FIRE_EM_06810,RP_SLIP_TERRAIN,EVIDENCES,FIRE_119_RECORD
AE_FIRE_EM_06811,RP_SLIP_TERRAIN,EVIDENCES,FIRE_119_RECORD
AE_FIRE_EM_06812,RP_SLIP_TERRAIN,EVIDENCES,FIRE_119_RECORD
AE_FIRE_EM_06813,RP_MACHINE_01,EVIDENCES,FIRE_119_RECORD
AE_FIRE_EM_06814,RP_MACHINE_01,EVIDENCES,FIRE_119_RECORD
AE_FIRE_EM_06815,RP_SLIP_TERRAIN,EVIDENCES,FIRE_119_RECORD
AE_FIRE_EM_06816,RP_FALL_CLIFF,EVIDENCES,FIRE_119_RECORD
AE_FIRE_EM_06817,RP_TRAFFIC_01,EVIDENCES,FIRE_119_RECORD
AE_FIRE_EM_06818,RP_TRAFFIC_01,EVIDENCES,FIRE_119_RECORD
AE_FIRE_EM_06819,RP_SLIP_TERRAIN,EVIDENCES,FIRE_119_RECORD
AE_FIRE_EM_06820,RP_SLIP_TERRAIN,EVIDENCES,FIRE_119_RECORD
AE_FIRE_EM_06821,RP_SLIP_TERRAIN,EVIDENCES,FIRE_119_RECORD
AE_FIRE_EM_06822,RP_SLIP_TERRAIN,EVIDENCES,FIRE_119_RECORD
AE_FIRE_EM_06823,RP_SLIP_TERRAIN,EVIDENCES,FIRE_119_RECORD
AE_FIRE_EM_06824,RP_SLIP_TERRAIN,EVIDENCES,FIRE_119_RECORD
AE_FIRE_EM_06825,RP_SLIP_TERRAIN,EVIDENCES,FIRE_119_RECORD
AE_FIRE_EM_06826,RP_SLIP_TERRAIN,EVIDENCES,FIRE_119_RECORD
AE_FIRE_EM_06827,RP_MACHINE_01,EVIDENCES,FIRE_119_RECORD
AE_FIRE_EM_06828,RP_SLIP_TERRAIN,EVIDENCES,FIRE_119_RECORD
AE_FIRE_EM_06829,RP_MACHINE_01,EVIDENCES,FIRE_119_RECORD
AE_FIRE_EM_06830,RP_SLIP_TERRAIN,EVIDENCES,FIRE_119_RECORD
AE_FIRE_EM_06831,RP_SLIP_TERRAIN,EVIDENCES,FIRE_119_RECORD
AE_FIRE_EM_06832,RP_TRAFFIC_01,EVIDENCES,FIRE_119_RECORD
AE_FIRE_EM_06833,RP_MACHINE_01,EVIDENCES,FIRE_119_RECORD
AE_FIRE_EM_06834,RP_CO_01,EVIDENCES,FIRE_119_RECORD
AE_FIRE_EM_06835,RP_SLIP_TERRAIN,EVIDENCES,FIRE_119_RECORD
AE_FIRE_EM_06836,RP_MACHINE_01,EVIDENCES,FIRE_119_RECORD
AE_FIRE_EM_06837,RP_TRAFFIC_01,EVIDENCES,FIRE_119_RECORD
AE_FIRE_EM_06838,RP_TRAFFIC_01,EVIDENCES,FIRE_119_RECORD
AE_FIRE_EM_06839,RP_SLIP_TERRAIN,EVIDENCES,FIRE_119_RECORD
AE_FIRE_EM_06840,RP_SLIP_TERRAIN,EVIDENCES,FIRE_119_RECORD
AE_FIRE_EM_06841,RP_SLIP_TERRAIN,EVIDENCES,FIRE_119_RECORD
AE_FIRE_EM_06842,RP_SLIP_TERRAIN,EVIDENCES,FIRE_119_RECORD
AE_FIRE_EM_06843,RP_TRAFFIC_01,EVIDENCES,FIRE_119_RECORD
AE_FIRE_EM_06844,RP_TRAFFIC_01,EVIDENCES,FIRE_119_RECORD
AE_FIRE_EM_06845,RP_TRAFFIC_01,EVIDENCES,FIRE_119_RECORD
AE_FIRE_EM_06846,RP_SLIP_TERRAIN,EVIDENCES,FIRE_119_RECORD
AE_FIRE_EM_06847,RP_SLIP_TERRAIN,EVIDENCES,FIRE_119_RECORD
AE_FIRE_EM_06848,RP_SLIP_TERRAIN,EVIDENCES,FIRE_119_RECORD
AE_FIRE_EM_06849,RP_MACHINE_01,EVIDENCES,FIRE_119_RECORD
AE_FIRE_EM_06850,RP_TRAFFIC_01,EVIDENCES,FIRE_119_RECORD
AE_FIRE_EM_06851,RP_TRAFFIC_01,EVIDENCES,FIRE_119_RECORD
AE_FIRE_EM_06852,RP_TRAFFIC_01,EVIDENCES,FIRE_119_RECORD
AE_FIRE_EM_06853,RP_SLIP_TERRAIN,EVIDENCES,FIRE_119_RECORD
AE_FIRE_EM_06854,RP_ANIMAL_01,EVIDENCES,FIRE_119_RECORD
AE_FIRE_EM_06855,RP_SLIP_TERRAIN,EVIDENCES,FIRE_119_RECORD
AE_FIRE_EM_06856,RP_TRAFFIC_01,EVIDENCES,FIRE_119_RECORD
AE_FIRE_EM_06857,RP_TRAFFIC_01,EVIDENCES,FIRE_119_RECORD
AE_FIRE_EM_06858,RP_TRAFFIC_01,EVIDENCES,FIRE_119_RECORD
AE_FIRE_EM_06859,RP_MACHINE_01,EVIDENCES,FIRE_119_RECORD
AE_FIRE_EM_06860,RP_MACHINE_01,EVIDENCES,FIRE_119_RECORD
AE_FIRE_EM_06861,RP_TRAFFIC_01,EVIDENCES,FIRE_119_RECORD
AE_FIRE_EM_06862,RP_TRAFFIC_01,EVIDENCES,FIRE_119_RECORD
AE_FIRE_EM_06863,RP_TRAFFIC_01,EVIDENCES,FIRE_119_RECORD
AE_FIRE_EM_06864,RP_TRAFFIC_01,EVIDENCES,FIRE_119_RECORD
AE_FIRE_EM_06865,RP_TRAFFIC_01,EVIDENCES,FIRE_119_RECORD
AE_FIRE_EM_06866,RP_SLIP_TERRAIN,EVIDENCES,FIRE_119_RECORD
AE_FIRE_EM_06867,RP_SLIP_TERRAIN,EVIDENCES,FIRE_119_RECORD
AE_FIRE_EM_06868,RP_SLIP_TERRAIN,EVIDENCES,FIRE_119_RECORD
AE_FIRE_EM_06869,RP_SLIP_TERRAIN,EVIDENCES,FIRE_119_RECORD
AE_FIRE_EM_06870,RP_TRAFFIC_01,EVIDENCES,FIRE_119_RECORD
AE_FIRE_EM_06871,RP_TRAFFIC_01,EVIDENCES,FIRE_119_RECORD
AE_FIRE_EM_06872,RP_TRAFFIC_01,EVIDENCES,FIRE_119_RECORD
AE_FIRE_EM_06873,RP_TRAFFIC_01,EVIDENCES,FIRE_119_RECORD
AE_FIRE_EM_06874,RP_MACHINE_01,EVIDENCES,FIRE_119_RECORD
AE_FIRE_EM_06875,RP_TRAFFIC_01,EVIDENCES,FIRE_119_RECORD
AE_FIRE_EM_06876,RP_SLIP_TERRAIN,EVIDENCES,FIRE_119_RECORD
AE_FIRE_EM_06877,RP_SLIP_TERRAIN,EVIDENCES,FIRE_119_RECORD
AE_FIRE_EM_06878,RP_MACHINE_01,EVIDENCES,FIRE_119_RECORD
AE_FIRE_EM_06879,RP_TRAFFIC_01,EVIDENCES,FIRE_119_RECORD
AE_FIRE_EM_06880,RP_SLIP_TERRAIN,EVIDENCES,FIRE_119_RECORD
AE_FIRE_EM_06881,RP_FALL_CLIFF,EVIDENCES,FIRE_119_RECORD
AE_FIRE_EM_06882,RP_SLIP_TERRAIN,EVIDENCES,FIRE_119_RECORD
AE_FIRE_EM_06883,RP_TRAFFIC_01,EVIDENCES,FIRE_119_RECORD
AE_FIRE_EM_06884,RP_MACHINE_01,EVIDENCES,FIRE_119_RECORD
AE_FIRE_EM_06885,RP_SLIP_TERRAIN,EVIDENCES,FIRE_119_RECORD
AE_FIRE_EM_06886,RP_TRAFFIC_01,EVIDENCES,FIRE_119_RECORD
AE_FIRE_EM_06887,RP_TRAFFIC_01,EVIDENCES,FIRE_119_RECORD
AE_FIRE_EM_06888,RP_FALL_CLIFF,EVIDENCES,FIRE_119_RECORD
AE_FIRE_EM_06889,RP_SLIP_TERRAIN,EVIDENCES,FIRE_119_RECORD
AE_FIRE_EM_06890,RP_SLIP_TERRAIN,EVIDENCES,FIRE_119_RECORD
AE_FIRE_EM_06891,RP_SLIP_TERRAIN,EVIDENCES,FIRE_119_RECORD
AE_FIRE_EM_06892,RP_SLIP_TERRAIN,EVIDENCES,FIRE_119_RECORD
AE_FIRE_EM_06893,RP_SLIP_TERRAIN,EVIDENCES,FIRE_119_RECORD
AE_FIRE_EM_06894,RP_SLIP_TERRAIN,EVIDENCES,FIRE_119_RECORD
AE_FIRE_EM_06895,RP_TRAFFIC_01,EVIDENCES,FIRE_119_RECORD
AE_FIRE_EM_06896,RP_TRAFFIC_01,EVIDENCES,FIRE_119_RECORD
AE_FIRE_EM_06897,RP_SLIP_TERRAIN,EVIDENCES,FIRE_119_RECORD
AE_FIRE_EM_06898,RP_SLIP_TERRAIN,EVIDENCES,FIRE_119_RECORD
AE_FIRE_EM_06899,RP_MACHINE_01,EVIDENCES,FIRE_119_RECORD
AE_FIRE_EM_06900,RP_SLIP_TERRAIN,EVIDENCES,FIRE_119_RECORD
AE_FIRE_EM_06901,RP_SLIP_TERRAIN,EVIDENCES,FIRE_119_RECORD
AE_FIRE_EM_06902,RP_SLIP_TERRAIN,EVIDENCES,FIRE_119_RECORD
AE_FIRE_EM_06903,RP_SLIP_TERRAIN,EVIDENCES,FIRE_119_RECORD
AE_FIRE_EM_06904,RP_SLIP_TERRAIN,EVIDENCES,FIRE_119_RECORD
AE_FIRE_EM_06905,RP_MACHINE_01,EVIDENCES,FIRE_119_RECORD
AE_FIRE_EM_06906,RP_COLD_01,EVIDENCES,FIRE_119_RECORD
AE_FIRE_EM_06907,RP_SLIP_TERRAIN,EVIDENCES,FIRE_119_RECORD
AE_FIRE_EM_06908,RP_SLIP_TERRAIN,EVIDENCES,FIRE_119_RECORD
AE_FIRE_EM_06909,RP_MACHINE_01,EVIDENCES,FIRE_119_RECORD
AE_FIRE_EM_06910,RP_FALL_CLIFF,EVIDENCES,FIRE_119_RECORD
AE_FIRE_EM_06911,RP_TRAFFIC_01,EVIDENCES,FIRE_119_RECORD
AE_FIRE_EM_06912,RP_SLIP_TERRAIN,EVIDENCES,FIRE_119_RECORD
AE_FIRE_EM_06913,RP_SLIP_TERRAIN,EVIDENCES,FIRE_119_RECORD
AE_FIRE_EM_06914,RP_SLIP_TERRAIN,EVIDENCES,FIRE_119_RECORD
AE_FIRE_EM_06915,RP_MACHINE_01,EVIDENCES,FIRE_119_RECORD
AE_FIRE_EM_06916,RP_FALL_CLIFF,EVIDENCES,FIRE_119_RECORD
AE_FIRE_EM_06917,RP_SLIP_TERRAIN,EVIDENCES,FIRE_119_RECORD
AE_FIRE_EM_06918,RP_TRAFFIC_01,EVIDENCES,FIRE_119_RECORD
AE_FIRE_EM_06919,RP_SLIP_TERRAIN,EVIDENCES,FIRE_119_RECORD
AE_FIRE_EM_06920,RP_TRAFFIC_01,EVIDENCES,FIRE_119_RECORD
AE_FIRE_EM_06921,RP_FALL_CLIFF,EVIDENCES,FIRE_119_RECORD
AE_FIRE_EM_06922,RP_SLIP_TERRAIN,EVIDENCES,FIRE_119_RECORD
AE_FIRE_EM_06923,RP_SLIP_TERRAIN,EVIDENCES,FIRE_119_RECORD
AE_FIRE_EM_06924,RP_MACHINE_01,EVIDENCES,FIRE_119_RECORD
AE_FIRE_EM_06925,RP_MACHINE_01,EVIDENCES,FIRE_119_RECORD
AE_FIRE_EM_06926,RP_TRAFFIC_01,EVIDENCES,FIRE_119_RECORD
AE_FIRE_EM_06927,RP_TRAFFIC_01,EVIDENCES,FIRE_119_RECORD
AE_FIRE_EM_06928,RP_SLIP_TERRAIN,EVIDENCES,FIRE_119_RECORD
AE_FIRE_EM_06929,RP_SLIP_TERRAIN,EVIDENCES,FIRE_119_RECORD
AE_FIRE_EM_06930,RP_SLIP_TERRAIN,EVIDENCES,FIRE_119_RECORD
AE_FIRE_EM_06931,RP_TRAFFIC_01,EVIDENCES,FIRE_119_RECORD
AE_FIRE_EM_06932,RP_TRAFFIC_01,EVIDENCES,FIRE_119_RECORD
AE_FIRE_EM_06933,RP_SLIP_TERRAIN,EVIDENCES,FIRE_119_RECORD
AE_FIRE_EM_06934,RP_MACHINE_01,EVIDENCES,FIRE_119_RECORD
AE_FIRE_EM_06935,RP_TRAFFIC_01,EVIDENCES,FIRE_119_RECORD
AE_FIRE_EM_06936,RP_TRAFFIC_01,EVIDENCES,FIRE_119_RECORD
AE_FIRE_EM_06937,RP_TRAFFIC_01,EVIDENCES,FIRE_119_RECORD
AE_FIRE_EM_06938,RP_SLIP_TERRAIN,EVIDENCES,FIRE_119_RECORD
AE_FIRE_EM_06939,RP_SLIP_TERRAIN,EVIDENCES,FIRE_119_RECORD
AE_FIRE_EM_06940,RP_SLIP_TERRAIN,EVIDENCES,FIRE_119_RECORD
AE_FIRE_EM_06941,RP_ANIMAL_01,EVIDENCES,FIRE_119_RECORD
AE_FIRE_EM_06942,RP_SLIP_TERRAIN,EVIDENCES,FIRE_119_RECORD
AE_FIRE_EM_06943,RP_SLIP_TERRAIN,EVIDENCES,FIRE_119_RECORD
AE_FIRE_EM_06944,RP_SLIP_TERRAIN,EVIDENCES,FIRE_119_RECORD
AE_FIRE_EM_06945,RP_TRAFFIC_01,EVIDENCES,FIRE_119_RECORD
AE_FIRE_EM_06946,RP_SLIP_TERRAIN,EVIDENCES,FIRE_119_RECORD
AE_FIRE_EM_06947,RP_FALL_CLIFF,EVIDENCES,FIRE_119_RECORD
AE_FIRE_EM_06948,RP_SLIP_TERRAIN,EVIDENCES,FIRE_119_RECORD
AE_FIRE_EM_06949,RP_SLIP_TERRAIN,EVIDENCES,FIRE_119_RECORD
AE_FIRE_EM_06950,RP_FALL_CLIFF,EVIDENCES,FIRE_119_RECORD
AE_FIRE_EM_06951,RP_SLIP_TERRAIN,EVIDENCES,FIRE_119_RECORD
AE_FIRE_EM_06952,RP_SLIP_TERRAIN,EVIDENCES,FIRE_119_RECORD
AE_FIRE_EM_06953,RP_SLIP_TERRAIN,EVIDENCES,FIRE_119_RECORD
AE_FIRE_EM_06954,RP_MACHINE_01,EVIDENCES,FIRE_119_RECORD
AE_FIRE_EM_06955,RP_SLIP_TERRAIN,EVIDENCES,FIRE_119_RECORD
AE_FIRE_EM_06956,RP_MACHINE_01,EVIDENCES,FIRE_119_RECORD
AE_FIRE_EM_06957,RP_MACHINE_01,EVIDENCES,FIRE_119_RECORD
AE_FIRE_EM_06958,RP_TRAFFIC_01,EVIDENCES,FIRE_119_RECORD
AE_FIRE_EM_06959,RP_TRAFFIC_01,EVIDENCES,FIRE_119_RECORD
AE_FIRE_EM_06960,RP_TRAFFIC_01,EVIDENCES,FIRE_119_RECORD
AE_FIRE_EM_06961,RP_TRAFFIC_01,EVIDENCES,FIRE_119_RECORD
AE_FIRE_EM_06962,RP_FALL_CLIFF,EVIDENCES,FIRE_119_RECORD
AE_FIRE_EM_06963,RP_TRAFFIC_01,EVIDENCES,FIRE_119_RECORD
AE_FIRE_EM_06964,RP_SLIP_TERRAIN,EVIDENCES,FIRE_119_RECORD
AE_FIRE_EM_06965,RP_SLIP_TERRAIN,EVIDENCES,FIRE_119_RECORD
AE_FIRE_EM_06966,RP_MACHINE_01,EVIDENCES,FIRE_119_RECORD
AE_FIRE_EM_06967,RP_TRAFFIC_01,EVIDENCES,FIRE_119_RECORD
AE_FIRE_EM_06968,RP_TRAFFIC_01,EVIDENCES,FIRE_119_RECORD
AE_FIRE_EM_06969,RP_TRAFFIC_01,EVIDENCES,FIRE_119_RECORD
AE_FIRE_EM_06970,RP_TRAFFIC_01,EVIDENCES,FIRE_119_RECORD
AE_FIRE_EM_06971,RP_SLIP_TERRAIN,EVIDENCES,FIRE_119_RECORD
AE_FIRE_EM_06972,RP_TRAFFIC_01,EVIDENCES,FIRE_119_RECORD
AE_FIRE_EM_06973,RP_TRAFFIC_01,EVIDENCES,FIRE_119_RECORD
AE_FIRE_EM_06974,RP_SLIP_TERRAIN,EVIDENCES,FIRE_119_RECORD
AE_FIRE_EM_06975,RP_SLIP_TERRAIN,EVIDENCES,FIRE_119_RECORD
AE_FIRE_EM_06976,RP_SLIP_TERRAIN,EVIDENCES,FIRE_119_RECORD
AE_FIRE_EM_06977,RP_SLIP_TERRAIN,EVIDENCES,FIRE_119_RECORD
AE_FIRE_EM_06978,RP_TRAFFIC_01,EVIDENCES,FIRE_119_RECORD
AE_FIRE_EM_06979,RP_SLIP_TERRAIN,EVIDENCES,FIRE_119_RECORD
AE_FIRE_EM_06980,RP_TRAFFIC_01,EVIDENCES,FIRE_119_RECORD
AE_FIRE_EM_06981,RP_SLIP_TERRAIN,EVIDENCES,FIRE_119_RECORD
AE_FIRE_EM_06982,RP_TRAFFIC_01,EVIDENCES,FIRE_119_RECORD
AE_FIRE_EM_06983,RP_SLIP_TERRAIN,EVIDENCES,FIRE_119_RECORD
AE_FIRE_EM_06984,RP_MACHINE_01,EVIDENCES,FIRE_119_RECORD
AE_FIRE_EM_06985,RP_TRAFFIC_01,EVIDENCES,FIRE_119_RECORD
AE_FIRE_EM_06986,RP_SLIP_TERRAIN,EVIDENCES,FIRE_119_RECORD
AE_FIRE_EM_06987,RP_MACHINE_01,EVIDENCES,FIRE_119_RECORD
AE_FIRE_EM_06988,RP_TRAFFIC_01,EVIDENCES,FIRE_119_RECORD
AE_FIRE_EM_06989,RP_SLIP_TERRAIN,EVIDENCES,FIRE_119_RECORD
AE_FIRE_EM_06990,RP_TRAFFIC_01,EVIDENCES,FIRE_119_RECORD
AE_FIRE_EM_06991,RP_SLIP_TERRAIN,EVIDENCES,FIRE_119_RECORD
AE_FIRE_EM_06992,RP_SLIP_TERRAIN,EVIDENCES,FIRE_119_RECORD
AE_FIRE_EM_06993,RP_TRAFFIC_01,EVIDENCES,FIRE_119_RECORD
AE_FIRE_EM_06994,RP_TRAFFIC_01,EVIDENCES,FIRE_119_RECORD
AE_FIRE_EM_06995,RP_MACHINE_01,EVIDENCES,FIRE_119_RECORD
AE_FIRE_EM_06996,RP_SLIP_TERRAIN,EVIDENCES,FIRE_119_RECORD
AE_FIRE_EM_06997,RP_TRAFFIC_01,EVIDENCES,FIRE_119_RECORD
AE_FIRE_EM_06998,RP_TRAFFIC_01,EVIDENCES,FIRE_119_RECORD
AE_FIRE_EM_06999,RP_TRAFFIC_01,EVIDENCES,FIRE_119_RECORD
AE_FIRE_EM_07000,RP_SLIP_TERRAIN,EVIDENCES,FIRE_119_RECORD
AE_FIRE_EM_07001,RP_SLIP_TERRAIN,EVIDENCES,FIRE_119_RECORD
AE_FIRE_EM_07002,RP_MACHINE_01,EVIDENCES,FIRE_119_RECORD
AE_FIRE_EM_07003,RP_TRAFFIC_01,EVIDENCES,FIRE_119_RECORD
AE_FIRE_EM_07004,RP_FALL_CLIFF,EVIDENCES,FIRE_119_RECORD
AE_FIRE_EM_07005,RP_MACHINE_01,EVIDENCES,FIRE_119_RECORD
AE_FIRE_EM_07006,RP_SLIP_TERRAIN,EVIDENCES,FIRE_119_RECORD
AE_FIRE_EM_07007,RP_TRAFFIC_01,EVIDENCES,FIRE_119_RECORD
AE_FIRE_EM_07008,RP_SLIP_TERRAIN,EVIDENCES,FIRE_119_RECORD
AE_FIRE_EM_07009,RP_FALL_CLIFF,EVIDENCES,FIRE_119_RECORD
AE_FIRE_EM_07010,RP_FALL_CLIFF,EVIDENCES,FIRE_119_RECORD
AE_FIRE_EM_07011,RP_SLIP_TERRAIN,EVIDENCES,FIRE_119_RECORD
AE_FIRE_EM_07012,RP_TRAFFIC_01,EVIDENCES,FIRE_119_RECORD
AE_FIRE_EM_07013,RP_TRAFFIC_01,EVIDENCES,FIRE_119_RECORD
AE_FIRE_EM_07014,RP_SLIP_TERRAIN,EVIDENCES,FIRE_119_RECORD
AE_FIRE_EM_07015,RP_SLIP_TERRAIN,EVIDENCES,FIRE_119_RECORD
AE_FIRE_EM_07016,RP_SLIP_TERRAIN,EVIDENCES,FIRE_119_RECORD
AE_FIRE_EM_07017,RP_SLIP_TERRAIN,EVIDENCES,FIRE_119_RECORD
AE_FIRE_EM_07018,RP_MACHINE_01,EVIDENCES,FIRE_119_RECORD
AE_FIRE_EM_07019,RP_SLIP_TERRAIN,EVIDENCES,FIRE_119_RECORD
AE_FIRE_EM_07020,RP_ANIMAL_01,EVIDENCES,FIRE_119_RECORD
AE_FIRE_EM_07021,RP_SLIP_TERRAIN,EVIDENCES,FIRE_119_RECORD
AE_FIRE_EM_07022,RP_SLIP_TERRAIN,EVIDENCES,FIRE_119_RECORD
AE_FIRE_EM_07023,RP_SLIP_TERRAIN,EVIDENCES,FIRE_119_RECORD
AE_FIRE_EM_07024,RP_SLIP_TERRAIN,EVIDENCES,FIRE_119_RECORD
AE_FIRE_EM_07025,RP_TRAFFIC_01,EVIDENCES,FIRE_119_RECORD
AE_FIRE_EM_07026,RP_TRAFFIC_01,EVIDENCES,FIRE_119_RECORD
AE_FIRE_EM_07027,RP_TRAFFIC_01,EVIDENCES,FIRE_119_RECORD
AE_FIRE_EM_07028,RP_SLIP_TERRAIN,EVIDENCES,FIRE_119_RECORD
AE_FIRE_EM_07029,RP_TRAFFIC_01,EVIDENCES,FIRE_119_RECORD
AE_FIRE_EM_07030,RP_TRAFFIC_01,EVIDENCES,FIRE_119_RECORD
AE_FIRE_EM_07031,RP_TRAFFIC_01,EVIDENCES,FIRE_119_RECORD
AE_FIRE_EM_07032,RP_MACHINE_01,EVIDENCES,FIRE_119_RECORD
AE_FIRE_EM_07033,RP_TRAFFIC_01,EVIDENCES,FIRE_119_RECORD
AE_FIRE_EM_07034,RP_SLIP_TERRAIN,EVIDENCES,FIRE_119_RECORD
AE_FIRE_EM_07035,RP_TRAFFIC_01,EVIDENCES,FIRE_119_RECORD
AE_FIRE_EM_07036,RP_SLIP_TERRAIN,EVIDENCES,FIRE_119_RECORD
AE_FIRE_EM_07037,RP_SLIP_TERRAIN,EVIDENCES,FIRE_119_RECORD
AE_FIRE_EM_07038,RP_TRAFFIC_01,EVIDENCES,FIRE_119_RECORD
AE_FIRE_EM_07039,RP_TRAFFIC_01,EVIDENCES,FIRE_119_RECORD
AE_FIRE_EM_07040,RP_SLIP_TERRAIN,EVIDENCES,FIRE_119_RECORD
AE_FIRE_EM_07041,RP_SLIP_TERRAIN,EVIDENCES,FIRE_119_RECORD
AE_FIRE_EM_07042,RP_TRAFFIC_01,EVIDENCES,FIRE_119_RECORD
AE_FIRE_EM_07043,RP_TRAFFIC_01,EVIDENCES,FIRE_119_RECORD
AE_FIRE_EM_07044,RP_TRAFFIC_01,EVIDENCES,FIRE_119_RECORD
AE_FIRE_EM_07045,RP_SLIP_TERRAIN,EVIDENCES,FIRE_119_RECORD
AE_FIRE_EM_07046,RP_MACHINE_01,EVIDENCES,FIRE_119_RECORD
AE_FIRE_EM_07047,RP_TRAFFIC_01,EVIDENCES,FIRE_119_RECORD
AE_FIRE_EM_07048,RP_TRAFFIC_01,EVIDENCES,FIRE_119_RECORD
AE_FIRE_EM_07049,RP_SLIP_TERRAIN,EVIDENCES,FIRE_119_RECORD
AE_FIRE_EM_07050,RP_MACHINE_01,EVIDENCES,FIRE_119_RECORD
AE_FIRE_EM_07051,RP_MACHINE_01,EVIDENCES,FIRE_119_RECORD
AE_FIRE_EM_07052,RP_TRAFFIC_01,EVIDENCES,FIRE_119_RECORD
AE_FIRE_EM_07053,RP_TRAFFIC_01,EVIDENCES,FIRE_119_RECORD
AE_FIRE_EM_07054,RP_TRAFFIC_01,EVIDENCES,FIRE_119_RECORD
AE_FIRE_EM_07055,RP_MACHINE_01,EVIDENCES,FIRE_119_RECORD
AE_FIRE_EM_07056,RP_SLIP_TERRAIN,EVIDENCES,FIRE_119_RECORD
AE_FIRE_EM_07057,RP_SLIP_TERRAIN,EVIDENCES,FIRE_119_RECORD
AE_FIRE_EM_07058,RP_ANIMAL_01,EVIDENCES,FIRE_119_RECORD
AE_FIRE_EM_07059,RP_SLIP_TERRAIN,EVIDENCES,FIRE_119_RECORD
AE_FIRE_EM_07060,RP_SLIP_TERRAIN,EVIDENCES,FIRE_119_RECORD
AE_FIRE_EM_07061,RP_TRAFFIC_01,EVIDENCES,FIRE_119_RECORD
AE_FIRE_EM_07062,RP_TRAFFIC_01,EVIDENCES,FIRE_119_RECORD
AE_FIRE_EM_07063,RP_TRAFFIC_01,EVIDENCES,FIRE_119_RECORD
AE_FIRE_EM_07064,RP_MACHINE_01,EVIDENCES,FIRE_119_RECORD
AE_FIRE_EM_07065,RP_SLIP_TERRAIN,EVIDENCES,FIRE_119_RECORD
AE_FIRE_EM_07066,RP_SLIP_TERRAIN,EVIDENCES,FIRE_119_RECORD
AE_FIRE_EM_07067,RP_TRAFFIC_01,EVIDENCES,FIRE_119_RECORD
AE_FIRE_EM_07068,RP_TRAFFIC_01,EVIDENCES,FIRE_119_RECORD
AE_FIRE_EM_07069,RP_TRAFFIC_01,EVIDENCES,FIRE_119_RECORD
AE_FIRE_EM_07070,RP_MACHINE_01,EVIDENCES,FIRE_119_RECORD
AE_FIRE_EM_07071,RP_TRAFFIC_01,EVIDENCES,FIRE_119_RECORD
AE_FIRE_EM_07072,RP_TRAFFIC_01,EVIDENCES,FIRE_119_RECORD
AE_FIRE_EM_07073,RP_FALL_CLIFF,EVIDENCES,FIRE_119_RECORD
AE_FIRE_EM_07074,RP_TRAFFIC_01,EVIDENCES,FIRE_119_RECORD
AE_FIRE_EM_07075,RP_SLIP_TERRAIN,EVIDENCES,FIRE_119_RECORD
AE_FIRE_EM_07076,RP_TRAFFIC_01,EVIDENCES,FIRE_119_RECORD
AE_FIRE_EM_07077,RP_TRAFFIC_01,EVIDENCES,FIRE_119_RECORD
AE_FIRE_EM_07078,RP_TRAFFIC_01,EVIDENCES,FIRE_119_RECORD
AE_FIRE_EM_07079,RP_TRAFFIC_01,EVIDENCES,FIRE_119_RECORD
AE_FIRE_EM_07080,RP_TRAFFIC_01,EVIDENCES,FIRE_119_RECORD
AE_FIRE_EM_07081,RP_SLIP_TERRAIN,EVIDENCES,FIRE_119_RECORD
AE_FIRE_EM_07082,RP_FALL_CLIFF,EVIDENCES,FIRE_119_RECORD
AE_FIRE_EM_07083,RP_SLIP_TERRAIN,EVIDENCES,FIRE_119_RECORD
AE_FIRE_EM_07084,RP_MACHINE_01,EVIDENCES,FIRE_119_RECORD
AE_FIRE_EM_07085,RP_SLIP_TERRAIN,EVIDENCES,FIRE_119_RECORD
AE_FIRE_EM_07086,RP_SLIP_TERRAIN,EVIDENCES,FIRE_119_RECORD
AE_FIRE_EM_07087,RP_MACHINE_01,EVIDENCES,FIRE_119_RECORD
AE_FIRE_EM_07088,RP_SLIP_TERRAIN,EVIDENCES,FIRE_119_RECORD
AE_FIRE_EM_07089,RP_MACHINE_01,EVIDENCES,FIRE_119_RECORD
AE_FIRE_EM_07090,RP_SLIP_TERRAIN,EVIDENCES,FIRE_119_RECORD
AE_FIRE_EM_07091,RP_SLIP_TERRAIN,EVIDENCES,FIRE_119_RECORD
AE_FIRE_EM_07092,RP_MACHINE_01,EVIDENCES,FIRE_119_RECORD
AE_FIRE_EM_07093,RP_SLIP_TERRAIN,EVIDENCES,FIRE_119_RECORD
AE_FIRE_EM_07094,RP_TRAFFIC_01,EVIDENCES,FIRE_119_RECORD
AE_FIRE_EM_07095,RP_SLIP_TERRAIN,EVIDENCES,FIRE_119_RECORD
AE_FIRE_EM_07096,RP_SLIP_TERRAIN,EVIDENCES,FIRE_119_RECORD
AE_FIRE_EM_07097,RP_SLIP_TERRAIN,EVIDENCES,FIRE_119_RECORD
AE_FIRE_EM_07098,RP_MACHINE_01,EVIDENCES,FIRE_119_RECORD
AE_FIRE_EM_07099,RP_SLIP_TERRAIN,EVIDENCES,FIRE_119_RECORD
AE_FIRE_EM_07100,RP_MACHINE_01,EVIDENCES,FIRE_119_RECORD
AE_FIRE_EM_07101,RP_TRAFFIC_01,EVIDENCES,FIRE_119_RECORD
AE_FIRE_EM_07102,RP_TRAFFIC_01,EVIDENCES,FIRE_119_RECORD
AE_FIRE_EM_07103,RP_CO_01,EVIDENCES,FIRE_119_RECORD
AE_FIRE_EM_07104,RP_TRAFFIC_01,EVIDENCES,FIRE_119_RECORD
AE_FIRE_EM_07105,RP_TRAFFIC_01,EVIDENCES,FIRE_119_RECORD
AE_FIRE_EM_07106,RP_TRAFFIC_01,EVIDENCES,FIRE_119_RECORD
AE_FIRE_EM_07107,RP_TRAFFIC_01,EVIDENCES,FIRE_119_RECORD
AE_FIRE_EM_07108,RP_TRAFFIC_01,EVIDENCES,FIRE_119_RECORD
AE_FIRE_EM_07109,RP_SLIP_TERRAIN,EVIDENCES,FIRE_119_RECORD
AE_FIRE_EM_07110,RP_SLIP_TERRAIN,EVIDENCES,FIRE_119_RECORD
AE_FIRE_EM_07111,RP_FALL_CLIFF,EVIDENCES,FIRE_119_RECORD
AE_FIRE_EM_07112,RP_TRAFFIC_01,EVIDENCES,FIRE_119_RECORD
AE_FIRE_EM_07113,RP_TRAFFIC_01,EVIDENCES,FIRE_119_RECORD
AE_FIRE_EM_07114,RP_SLIP_TERRAIN,EVIDENCES,FIRE_119_RECORD
AE_FIRE_EM_07115,RP_MACHINE_01,EVIDENCES,FIRE_119_RECORD
AE_FIRE_EM_07116,RP_SLIP_TERRAIN,EVIDENCES,FIRE_119_RECORD
AE_FIRE_EM_07117,RP_MACHINE_01,EVIDENCES,FIRE_119_RECORD
AE_FIRE_EM_07118,RP_SLIP_TERRAIN,EVIDENCES,FIRE_119_RECORD
AE_FIRE_EM_07119,RP_FALL_CLIFF,EVIDENCES,FIRE_119_RECORD
AE_FIRE_EM_07120,RP_SLIP_TERRAIN,EVIDENCES,FIRE_119_RECORD
AE_FIRE_EM_07121,RP_SLIP_TERRAIN,EVIDENCES,FIRE_119_RECORD
AE_FIRE_EM_07122,RP_MACHINE_01,EVIDENCES,FIRE_119_RECORD
AE_FIRE_EM_07123,RP_TRAFFIC_01,EVIDENCES,FIRE_119_RECORD
AE_FIRE_EM_07124,RP_MACHINE_01,EVIDENCES,FIRE_119_RECORD
AE_FIRE_EM_07125,RP_SLIP_TERRAIN,EVIDENCES,FIRE_119_RECORD
AE_FIRE_EM_07126,RP_TRAFFIC_01,EVIDENCES,FIRE_119_RECORD
AE_FIRE_EM_07127,RP_TRAFFIC_01,EVIDENCES,FIRE_119_RECORD
AE_FIRE_EM_07128,RP_TRAFFIC_01,EVIDENCES,FIRE_119_RECORD
AE_FIRE_EM_07129,RP_TRAFFIC_01,EVIDENCES,FIRE_119_RECORD
AE_FIRE_EM_07130,RP_MACHINE_01,EVIDENCES,FIRE_119_RECORD
AE_FIRE_EM_07131,RP_SLIP_TERRAIN,EVIDENCES,FIRE_119_RECORD
AE_FIRE_EM_07132,RP_TRAFFIC_01,EVIDENCES,FIRE_119_RECORD
AE_FIRE_EM_07133,RP_DROWN_01,EVIDENCES,FIRE_119_RECORD
AE_FIRE_EM_07134,RP_SLIP_TERRAIN,EVIDENCES,FIRE_119_RECORD
AE_FIRE_EM_07135,RP_SLIP_TERRAIN,EVIDENCES,FIRE_119_RECORD
AE_FIRE_EM_07136,RP_TRAFFIC_01,EVIDENCES,FIRE_119_RECORD
AE_FIRE_EM_07137,RP_TRAFFIC_01,EVIDENCES,FIRE_119_RECORD
AE_FIRE_EM_07138,RP_SLIP_TERRAIN,EVIDENCES,FIRE_119_RECORD
AE_FIRE_EM_07139,RP_SLIP_TERRAIN,EVIDENCES,FIRE_119_RECORD
AE_FIRE_EM_07140,RP_SLIP_TERRAIN,EVIDENCES,FIRE_119_RECORD
AE_FIRE_EM_07141,RP_SLIP_TERRAIN,EVIDENCES,FIRE_119_RECORD
AE_FIRE_EM_07142,RP_SLIP_TERRAIN,EVIDENCES,FIRE_119_RECORD
AE_FIRE_EM_07143,RP_MACHINE_01,EVIDENCES,FIRE_119_RECORD
AE_FIRE_EM_07144,RP_SLIP_TERRAIN,EVIDENCES,FIRE_119_RECORD
AE_FIRE_EM_07145,RP_SLIP_TERRAIN,EVIDENCES,FIRE_119_RECORD
AE_FIRE_EM_07146,RP_SLIP_TERRAIN,EVIDENCES,FIRE_119_RECORD
AE_FIRE_EM_07147,RP_TRAFFIC_01,EVIDENCES,FIRE_119_RECORD
AE_FIRE_EM_07148,RP_MACHINE_01,EVIDENCES,FIRE_119_RECORD
AE_FIRE_EM_07149,RP_SLIP_TERRAIN,EVIDENCES,FIRE_119_RECORD
AE_FIRE_EM_07150,RP_MACHINE_01,EVIDENCES,FIRE_119_RECORD
AE_FIRE_EM_07151,RP_MACHINE_01,EVIDENCES,FIRE_119_RECORD
AE_FIRE_EM_07152,RP_SLIP_TERRAIN,EVIDENCES,FIRE_119_RECORD
AE_FIRE_EM_07153,RP_TRAFFIC_01,EVIDENCES,FIRE_119_RECORD
AE_FIRE_EM_07154,RP_TRAFFIC_01,EVIDENCES,FIRE_119_RECORD
AE_FIRE_EM_07155,RP_SLIP_TERRAIN,EVIDENCES,FIRE_119_RECORD
AE_FIRE_EM_07156,RP_TRAFFIC_01,EVIDENCES,FIRE_119_RECORD
AE_FIRE_EM_07157,RP_MACHINE_01,EVIDENCES,FIRE_119_RECORD
AE_FIRE_EM_07158,RP_TRAFFIC_01,EVIDENCES,FIRE_119_RECORD
AE_FIRE_EM_07159,RP_SLIP_TERRAIN,EVIDENCES,FIRE_119_RECORD
AE_FIRE_EM_07160,RP_TRAFFIC_01,EVIDENCES,FIRE_119_RECORD
AE_FIRE_EM_07161,RP_SLIP_TERRAIN,EVIDENCES,FIRE_119_RECORD
AE_FIRE_EM_07162,RP_SLIP_TERRAIN,EVIDENCES,FIRE_119_RECORD
AE_FIRE_EM_07163,RP_SLIP_TERRAIN,EVIDENCES,FIRE_119_RECORD
AE_FIRE_EM_07164,RP_MACHINE_01,EVIDENCES,FIRE_119_RECORD
AE_FIRE_EM_07165,RP_TRAFFIC_01,EVIDENCES,FIRE_119_RECORD
AE_FIRE_EM_07166,RP_TRAFFIC_01,EVIDENCES,FIRE_119_RECORD
AE_FIRE_EM_07167,RP_TRAFFIC_01,EVIDENCES,FIRE_119_RECORD
AE_FIRE_EM_07168,RP_SLIP_TERRAIN,EVIDENCES,FIRE_119_RECORD
AE_FIRE_EM_07169,RP_TRAFFIC_01,EVIDENCES,FIRE_119_RECORD
AE_FIRE_EM_07170,RP_MACHINE_01,EVIDENCES,FIRE_119_RECORD
AE_FIRE_EM_07171,RP_SLIP_TERRAIN,EVIDENCES,FIRE_119_RECORD
AE_FIRE_EM_07172,RP_CO_01,EVIDENCES,FIRE_119_RECORD
AE_FIRE_EM_07173,RP_SLIP_TERRAIN,EVIDENCES,FIRE_119_RECORD
AE_FIRE_EM_07174,RP_MACHINE_01,EVIDENCES,FIRE_119_RECORD
AE_FIRE_EM_07175,RP_ANIMAL_01,EVIDENCES,FIRE_119_RECORD
AE_FIRE_EM_07176,RP_TRAFFIC_01,EVIDENCES,FIRE_119_RECORD
AE_FIRE_EM_07177,RP_FALL_CLIFF,EVIDENCES,FIRE_119_RECORD
AE_FIRE_EM_07178,RP_SLIP_TERRAIN,EVIDENCES,FIRE_119_RECORD
AE_FIRE_EM_07179,RP_SLIP_TERRAIN,EVIDENCES,FIRE_119_RECORD
AE_FIRE_EM_07180,RP_SLIP_TERRAIN,EVIDENCES,FIRE_119_RECORD
AE_FIRE_EM_07181,RP_SLIP_TERRAIN,EVIDENCES,FIRE_119_RECORD
AE_FIRE_EM_07182,RP_SLIP_TERRAIN,EVIDENCES,FIRE_119_RECORD
AE_FIRE_EM_07183,RP_TRAFFIC_01,EVIDENCES,FIRE_119_RECORD
AE_FIRE_EM_07184,RP_MACHINE_01,EVIDENCES,FIRE_119_RECORD
AE_FIRE_EM_07185,RP_SLIP_TERRAIN,EVIDENCES,FIRE_119_RECORD
AE_FIRE_EM_07186,RP_SLIP_TERRAIN,EVIDENCES,FIRE_119_RECORD
AE_FIRE_EM_07187,RP_SLIP_TERRAIN,EVIDENCES,FIRE_119_RECORD
AE_FIRE_EM_07188,RP_SLIP_TERRAIN,EVIDENCES,FIRE_119_RECORD
AE_FIRE_EM_07189,RP_SLIP_TERRAIN,EVIDENCES,FIRE_119_RECORD
AE_FIRE_EM_07190,RP_SLIP_TERRAIN,EVIDENCES,FIRE_119_RECORD
AE_FIRE_EM_07191,RP_TRAFFIC_01,EVIDENCES,FIRE_119_RECORD
AE_FIRE_EM_07192,RP_SLIP_TERRAIN,EVIDENCES,FIRE_119_RECORD
AE_FIRE_EM_07193,RP_SLIP_TERRAIN,EVIDENCES,FIRE_119_RECORD
AE_FIRE_EM_07194,RP_SLIP_TERRAIN,EVIDENCES,FIRE_119_RECORD
AE_FIRE_EM_07195,RP_SLIP_TERRAIN,EVIDENCES,FIRE_119_RECORD
AE_FIRE_EM_07196,RP_TRAFFIC_01,EVIDENCES,FIRE_119_RECORD
AE_FIRE_EM_07197,RP_TRAFFIC_01,EVIDENCES,FIRE_119_RECORD
AE_FIRE_EM_07198,RP_MACHINE_01,EVIDENCES,FIRE_119_RECORD
AE_FIRE_EM_07199,RP_TRAFFIC_01,EVIDENCES,FIRE_119_RECORD
AE_FIRE_EM_07200,RP_SLIP_TERRAIN,EVIDENCES,FIRE_119_RECORD
AE_FIRE_EM_07201,RP_FALL_CLIFF,EVIDENCES,FIRE_119_RECORD
AE_FIRE_EM_07202,RP_SLIP_TERRAIN,EVIDENCES,FIRE_119_RECORD
AE_FIRE_EM_07203,RP_SLIP_TERRAIN,EVIDENCES,FIRE_119_RECORD
AE_FIRE_EM_07204,RP_SLIP_TERRAIN,EVIDENCES,FIRE_119_RECORD
AE_FIRE_EM_07205,RP_FALL_CLIFF,EVIDENCES,FIRE_119_RECORD
AE_FIRE_EM_07206,RP_SLIP_TERRAIN,EVIDENCES,FIRE_119_RECORD
AE_FIRE_EM_07207,RP_TRAFFIC_01,EVIDENCES,FIRE_119_RECORD
AE_FIRE_EM_07208,RP_TRAFFIC_01,EVIDENCES,FIRE_119_RECORD
AE_FIRE_EM_07209,RP_TRAFFIC_01,EVIDENCES,FIRE_119_RECORD
AE_FIRE_EM_07210,RP_TRAFFIC_01,EVIDENCES,FIRE_119_RECORD
AE_FIRE_EM_07211,RP_TRAFFIC_01,EVIDENCES,FIRE_119_RECORD
AE_FIRE_EM_07212,RP_TRAFFIC_01,EVIDENCES,FIRE_119_RECORD
AE_FIRE_EM_07213,RP_TRAFFIC_01,EVIDENCES,FIRE_119_RECORD
AE_FIRE_EM_07214,RP_SLIP_TERRAIN,EVIDENCES,FIRE_119_RECORD
AE_FIRE_EM_07215,RP_SLIP_TERRAIN,EVIDENCES,FIRE_119_RECORD
AE_FIRE_EM_07216,RP_TRAFFIC_01,EVIDENCES,FIRE_119_RECORD
AE_FIRE_EM_07217,RP_CO_01,EVIDENCES,FIRE_119_RECORD
AE_FIRE_EM_07218,RP_TRAFFIC_01,EVIDENCES,FIRE_119_RECORD
AE_FIRE_EM_07219,RP_SLIP_TERRAIN,EVIDENCES,FIRE_119_RECORD
AE_FIRE_EM_07220,RP_CO_01,EVIDENCES,FIRE_119_RECORD
AE_FIRE_EM_07221,RP_TRAFFIC_01,EVIDENCES,FIRE_119_RECORD
AE_FIRE_EM_07222,RP_TRAFFIC_01,EVIDENCES,FIRE_119_RECORD
AE_FIRE_EM_07223,RP_MACHINE_01,EVIDENCES,FIRE_119_RECORD
AE_FIRE_EM_07224,RP_SLIP_TERRAIN,EVIDENCES,FIRE_119_RECORD
AE_FIRE_EM_07225,RP_TRAFFIC_01,EVIDENCES,FIRE_119_RECORD
AE_FIRE_EM_07226,RP_SLIP_TERRAIN,EVIDENCES,FIRE_119_RECORD
AE_FIRE_EM_07227,RP_MACHINE_01,EVIDENCES,FIRE_119_RECORD
AE_FIRE_EM_07228,RP_SLIP_TERRAIN,EVIDENCES,FIRE_119_RECORD
AE_FIRE_EM_07229,RP_MACHINE_01,EVIDENCES,FIRE_119_RECORD
AE_FIRE_EM_07230,RP_SLIP_TERRAIN,EVIDENCES,FIRE_119_RECORD
AE_FIRE_EM_07231,RP_SLIP_TERRAIN,EVIDENCES,FIRE_119_RECORD
AE_FIRE_EM_07232,RP_SLIP_TERRAIN,EVIDENCES,FIRE_119_RECORD
AE_FIRE_EM_07233,RP_TRAFFIC_01,EVIDENCES,FIRE_119_RECORD
AE_FIRE_EM_07234,RP_TRAFFIC_01,EVIDENCES,FIRE_119_RECORD
AE_FIRE_EM_07235,RP_MACHINE_01,EVIDENCES,FIRE_119_RECORD
AE_FIRE_EM_07236,RP_SLIP_TERRAIN,EVIDENCES,FIRE_119_RECORD
AE_FIRE_EM_07237,RP_TRAFFIC_01,EVIDENCES,FIRE_119_RECORD
AE_FIRE_EM_07238,RP_TRAFFIC_01,EVIDENCES,FIRE_119_RECORD
AE_FIRE_EM_07239,RP_TRAFFIC_01,EVIDENCES,FIRE_119_RECORD
AE_FIRE_EM_07240,RP_SLIP_TERRAIN,EVIDENCES,FIRE_119_RECORD
AE_FIRE_EM_07241,RP_FALL_CLIFF,EVIDENCES,FIRE_119_RECORD
AE_FIRE_EM_07242,RP_SLIP_TERRAIN,EVIDENCES,FIRE_119_RECORD
AE_FIRE_EM_07243,RP_MACHINE_01,EVIDENCES,FIRE_119_RECORD
AE_FIRE_EM_07244,RP_MACHINE_01,EVIDENCES,FIRE_119_RECORD
AE_FIRE_EM_07245,RP_MACHINE_01,EVIDENCES,FIRE_119_RECORD
AE_FIRE_EM_07246,RP_MACHINE_01,EVIDENCES,FIRE_119_RECORD
AE_FIRE_EM_07247,RP_MACHINE_01,EVIDENCES,FIRE_119_RECORD
AE_FIRE_EM_07248,RP_SLIP_TERRAIN,EVIDENCES,FIRE_119_RECORD
AE_FIRE_EM_07249,RP_SLIP_TERRAIN,EVIDENCES,FIRE_119_RECORD
AE_FIRE_EM_07250,RP_SLIP_TERRAIN,EVIDENCES,FIRE_119_RECORD
AE_FIRE_EM_07251,RP_TRAFFIC_01,EVIDENCES,FIRE_119_RECORD
AE_FIRE_EM_07252,RP_SLIP_TERRAIN,EVIDENCES,FIRE_119_RECORD
AE_FIRE_EM_07253,RP_SLIP_TERRAIN,EVIDENCES,FIRE_119_RECORD
AE_FIRE_EM_07254,RP_TRAFFIC_01,EVIDENCES,FIRE_119_RECORD
AE_FIRE_EM_07255,RP_SLIP_TERRAIN,EVIDENCES,FIRE_119_RECORD
AE_FIRE_EM_07256,RP_TRAFFIC_01,EVIDENCES,FIRE_119_RECORD
AE_FIRE_EM_07257,RP_SLIP_TERRAIN,EVIDENCES,FIRE_119_RECORD
AE_FIRE_EM_07258,RP_SLIP_TERRAIN,EVIDENCES,FIRE_119_RECORD
AE_FIRE_EM_07259,RP_FALL_CLIFF,EVIDENCES,FIRE_119_RECORD
AE_FIRE_EM_07260,RP_SLIP_TERRAIN,EVIDENCES,FIRE_119_RECORD
AE_FIRE_EM_07261,RP_SLIP_TERRAIN,EVIDENCES,FIRE_119_RECORD
AE_FIRE_EM_07262,RP_MACHINE_01,EVIDENCES,FIRE_119_RECORD
AE_FIRE_EM_07263,RP_TRAFFIC_01,EVIDENCES,FIRE_119_RECORD
AE_FIRE_EM_07264,RP_SLIP_TERRAIN,EVIDENCES,FIRE_119_RECORD
AE_FIRE_EM_07265,RP_TRAFFIC_01,EVIDENCES,FIRE_119_RECORD
AE_FIRE_EM_07266,RP_SLIP_TERRAIN,EVIDENCES,FIRE_119_RECORD
AE_FIRE_EM_07267,RP_SLIP_TERRAIN,EVIDENCES,FIRE_119_RECORD
AE_FIRE_EM_07268,RP_SLIP_TERRAIN,EVIDENCES,FIRE_119_RECORD
AE_FIRE_EM_07269,RP_SLIP_TERRAIN,EVIDENCES,FIRE_119_RECORD
AE_FIRE_EM_07270,RP_SLIP_TERRAIN,EVIDENCES,FIRE_119_RECORD
AE_FIRE_EM_07271,RP_MACHINE_01,EVIDENCES,FIRE_119_RECORD
AE_FIRE_EM_07272,RP_TRAFFIC_01,EVIDENCES,FIRE_119_RECORD
AE_FIRE_EM_07273,RP_SLIP_TERRAIN,EVIDENCES,FIRE_119_RECORD
AE_FIRE_EM_07274,RP_MACHINE_01,EVIDENCES,FIRE_119_RECORD
AE_FIRE_EM_07275,RP_MACHINE_01,EVIDENCES,FIRE_119_RECORD
AE_FIRE_EM_07276,RP_SLIP_TERRAIN,EVIDENCES,FIRE_119_RECORD
AE_FIRE_EM_07277,RP_SLIP_TERRAIN,EVIDENCES,FIRE_119_RECORD
AE_FIRE_EM_07278,RP_FALL_CLIFF,EVIDENCES,FIRE_119_RECORD
AE_FIRE_EM_07279,RP_SLIP_TERRAIN,EVIDENCES,FIRE_119_RECORD
AE_FIRE_EM_07280,RP_SLIP_TERRAIN,EVIDENCES,FIRE_119_RECORD
AE_FIRE_EM_07281,RP_SLIP_TERRAIN,EVIDENCES,FIRE_119_RECORD
AE_FIRE_EM_07282,RP_TRAFFIC_01,EVIDENCES,FIRE_119_RECORD
AE_FIRE_EM_07283,RP_TRAFFIC_01,EVIDENCES,FIRE_119_RECORD
AE_FIRE_EM_07284,RP_TRAFFIC_01,EVIDENCES,FIRE_119_RECORD
AE_FIRE_EM_07285,RP_SLIP_TERRAIN,EVIDENCES,FIRE_119_RECORD
AE_FIRE_EM_07286,RP_SLIP_TERRAIN,EVIDENCES,FIRE_119_RECORD
AE_FIRE_EM_07287,RP_TRAFFIC_01,EVIDENCES,FIRE_119_RECORD
AE_FIRE_EM_07288,RP_TRAFFIC_01,EVIDENCES,FIRE_119_RECORD
AE_FIRE_EM_07289,RP_SLIP_TERRAIN,EVIDENCES,FIRE_119_RECORD
AE_FIRE_EM_07290,RP_SLIP_TERRAIN,EVIDENCES,FIRE_119_RECORD
AE_FIRE_EM_07291,RP_TRAFFIC_01,EVIDENCES,FIRE_119_RECORD
AE_FIRE_EM_07292,RP_TRAFFIC_01,EVIDENCES,FIRE_119_RECORD
AE_FIRE_EM_07293,RP_TRAFFIC_01,EVIDENCES,FIRE_119_RECORD
AE_FIRE_EM_07294,RP_TRAFFIC_01,EVIDENCES,FIRE_119_RECORD
AE_FIRE_EM_07295,RP_MACHINE_01,EVIDENCES,FIRE_119_RECORD
AE_FIRE_EM_07296,RP_SLIP_TERRAIN,EVIDENCES,FIRE_119_RECORD
AE_FIRE_EM_07297,RP_TRAFFIC_01,EVIDENCES,FIRE_119_RECORD
AE_FIRE_EM_07298,RP_TRAFFIC_01,EVIDENCES,FIRE_119_RECORD
AE_FIRE_EM_07299,RP_TRAFFIC_01,EVIDENCES,FIRE_119_RECORD
AE_FIRE_EM_07300,RP_TRAFFIC_01,EVIDENCES,FIRE_119_RECORD
AE_FIRE_EM_07301,RP_MACHINE_01,EVIDENCES,FIRE_119_RECORD
AE_FIRE_EM_07302,RP_TRAFFIC_01,EVIDENCES,FIRE_119_RECORD
AE_FIRE_EM_07303,RP_TRAFFIC_01,EVIDENCES,FIRE_119_RECORD
AE_FIRE_EM_07304,RP_SLIP_TERRAIN,EVIDENCES,FIRE_119_RECORD
AE_FIRE_EM_07305,RP_TRAFFIC_01,EVIDENCES,FIRE_119_RECORD
AE_FIRE_EM_07306,RP_TRAFFIC_01,EVIDENCES,FIRE_119_RECORD
AE_FIRE_EM_07307,RP_TRAFFIC_01,EVIDENCES,FIRE_119_RECORD
AE_FIRE_EM_07308,RP_TRAFFIC_01,EVIDENCES,FIRE_119_RECORD
AE_FIRE_EM_07309,RP_SLIP_TERRAIN,EVIDENCES,FIRE_119_RECORD
AE_FIRE_EM_07310,RP_SLIP_TERRAIN,EVIDENCES,FIRE_119_RECORD
AE_FIRE_EM_07311,RP_TRAFFIC_01,EVIDENCES,FIRE_119_RECORD
AE_FIRE_EM_07312,RP_MACHINE_01,EVIDENCES,FIRE_119_RECORD
AE_FIRE_EM_07313,RP_FALL_CLIFF,EVIDENCES,FIRE_119_RECORD
AE_FIRE_EM_07314,RP_TRAFFIC_01,EVIDENCES,FIRE_119_RECORD
AE_FIRE_EM_07315,RP_SLIP_TERRAIN,EVIDENCES,FIRE_119_RECORD
AE_FIRE_EM_07316,RP_SLIP_TERRAIN,EVIDENCES,FIRE_119_RECORD
AE_FIRE_EM_07317,RP_MACHINE_01,EVIDENCES,FIRE_119_RECORD
AE_FIRE_EM_07318,RP_FALL_CLIFF,EVIDENCES,FIRE_119_RECORD
AE_FIRE_EM_07319,RP_SLIP_TERRAIN,EVIDENCES,FIRE_119_RECORD
AE_FIRE_EM_07320,RP_SLIP_TERRAIN,EVIDENCES,FIRE_119_RECORD
AE_FIRE_EM_07321,RP_SLIP_TERRAIN,EVIDENCES,FIRE_119_RECORD
AE_FIRE_EM_07322,RP_TRAFFIC_01,EVIDENCES,FIRE_119_RECORD
AE_FIRE_EM_07323,RP_SLIP_TERRAIN,EVIDENCES,FIRE_119_RECORD
AE_FIRE_EM_07324,RP_MACHINE_01,EVIDENCES,FIRE_119_RECORD
AE_FIRE_EM_07325,RP_TRAFFIC_01,EVIDENCES,FIRE_119_RECORD
AE_FIRE_EM_07326,RP_TRAFFIC_01,EVIDENCES,FIRE_119_RECORD
AE_FIRE_EM_07327,RP_SLIP_TERRAIN,EVIDENCES,FIRE_119_RECORD
AE_FIRE_EM_07328,RP_SLIP_TERRAIN,EVIDENCES,FIRE_119_RECORD
AE_FIRE_EM_07329,RP_SLIP_TERRAIN,EVIDENCES,FIRE_119_RECORD
AE_FIRE_EM_07330,RP_FALL_CLIFF,EVIDENCES,FIRE_119_RECORD
AE_FIRE_EM_07331,RP_MACHINE_01,EVIDENCES,FIRE_119_RECORD
AE_FIRE_EM_07332,RP_ANIMAL_01,EVIDENCES,FIRE_119_RECORD
AE_FIRE_EM_07333,RP_TRAFFIC_01,EVIDENCES,FIRE_119_RECORD
AE_FIRE_EM_07334,RP_TRAFFIC_01,EVIDENCES,FIRE_119_RECORD
AE_FIRE_EM_07335,RP_SLIP_TERRAIN,EVIDENCES,FIRE_119_RECORD
AE_FIRE_EM_07336,RP_SLIP_TERRAIN,EVIDENCES,FIRE_119_RECORD
AE_FIRE_EM_07337,RP_SLIP_TERRAIN,EVIDENCES,FIRE_119_RECORD
AE_FIRE_EM_07338,RP_SLIP_TERRAIN,EVIDENCES,FIRE_119_RECORD
AE_FIRE_EM_07339,RP_TRAFFIC_01,EVIDENCES,FIRE_119_RECORD
AE_FIRE_EM_07340,RP_MACHINE_01,EVIDENCES,FIRE_119_RECORD
AE_FIRE_EM_07341,RP_TRAFFIC_01,EVIDENCES,FIRE_119_RECORD
AE_FIRE_EM_07342,RP_TRAFFIC_01,EVIDENCES,FIRE_119_RECORD
AE_FIRE_EM_07343,RP_TRAFFIC_01,EVIDENCES,FIRE_119_RECORD
AE_FIRE_EM_07344,RP_MACHINE_01,EVIDENCES,FIRE_119_RECORD
AE_FIRE_EM_07345,RP_TRAFFIC_01,EVIDENCES,FIRE_119_RECORD
AE_FIRE_EM_07346,RP_TRAFFIC_01,EVIDENCES,FIRE_119_RECORD
AE_FIRE_EM_07347,RP_SLIP_TERRAIN,EVIDENCES,FIRE_119_RECORD
AE_FIRE_EM_07348,RP_MACHINE_01,EVIDENCES,FIRE_119_RECORD
AE_FIRE_EM_07349,RP_MACHINE_01,EVIDENCES,FIRE_119_RECORD
AE_FIRE_EM_07350,RP_TRAFFIC_01,EVIDENCES,FIRE_119_RECORD
AE_FIRE_EM_07351,RP_TRAFFIC_01,EVIDENCES,FIRE_119_RECORD
AE_FIRE_EM_07352,RP_SLIP_TERRAIN,EVIDENCES,FIRE_119_RECORD
AE_FIRE_EM_07353,RP_SLIP_TERRAIN,EVIDENCES,FIRE_119_RECORD
AE_FIRE_EM_07354,RP_SLIP_TERRAIN,EVIDENCES,FIRE_119_RECORD
AE_FIRE_EM_07355,RP_SLIP_TERRAIN,EVIDENCES,FIRE_119_RECORD
AE_FIRE_EM_07356,RP_SLIP_TERRAIN,EVIDENCES,FIRE_119_RECORD
AE_FIRE_EM_07357,RP_TRAFFIC_01,EVIDENCES,FIRE_119_RECORD
AE_FIRE_EM_07358,RP_SLIP_TERRAIN,EVIDENCES,FIRE_119_RECORD
AE_FIRE_EM_07359,RP_TRAFFIC_01,EVIDENCES,FIRE_119_RECORD
AE_FIRE_EM_07360,RP_SLIP_TERRAIN,EVIDENCES,FIRE_119_RECORD
AE_FIRE_EM_07361,RP_TRAFFIC_01,EVIDENCES,FIRE_119_RECORD
AE_FIRE_EM_07362,RP_MACHINE_01,EVIDENCES,FIRE_119_RECORD
AE_FIRE_EM_07363,RP_SLIP_TERRAIN,EVIDENCES,FIRE_119_RECORD
AE_FIRE_EM_07364,RP_SLIP_TERRAIN,EVIDENCES,FIRE_119_RECORD
AE_FIRE_EM_07365,RP_MACHINE_01,EVIDENCES,FIRE_119_RECORD
AE_FIRE_EM_07366,RP_CO_01,EVIDENCES,FIRE_119_RECORD
AE_FIRE_EM_07367,RP_SLIP_TERRAIN,EVIDENCES,FIRE_119_RECORD
AE_FIRE_EM_07368,RP_SLIP_TERRAIN,EVIDENCES,FIRE_119_RECORD
AE_FIRE_EM_07369,RP_SLIP_TERRAIN,EVIDENCES,FIRE_119_RECORD
AE_FIRE_EM_07370,RP_SLIP_TERRAIN,EVIDENCES,FIRE_119_RECORD
AE_FIRE_EM_07371,RP_SLIP_TERRAIN,EVIDENCES,FIRE_119_RECORD
AE_FIRE_EM_07372,RP_SLIP_TERRAIN,EVIDENCES,FIRE_119_RECORD
AE_FIRE_EM_07373,RP_TRAFFIC_01,EVIDENCES,FIRE_119_RECORD
AE_FIRE_EM_07374,RP_SLIP_TERRAIN,EVIDENCES,FIRE_119_RECORD
AE_FIRE_EM_07375,RP_MACHINE_01,EVIDENCES,FIRE_119_RECORD
AE_FIRE_EM_07376,RP_SLIP_TERRAIN,EVIDENCES,FIRE_119_RECORD
AE_FIRE_EM_07377,RP_SLIP_TERRAIN,EVIDENCES,FIRE_119_RECORD
AE_FIRE_EM_07378,RP_MACHINE_01,EVIDENCES,FIRE_119_RECORD
AE_FIRE_EM_07379,RP_TRAFFIC_01,EVIDENCES,FIRE_119_RECORD
AE_FIRE_EM_07380,RP_FALL_CLIFF,EVIDENCES,FIRE_119_RECORD
AE_FIRE_EM_07381,RP_TRAFFIC_01,EVIDENCES,FIRE_119_RECORD
AE_FIRE_EM_07382,RP_SLIP_TERRAIN,EVIDENCES,FIRE_119_RECORD
AE_FIRE_EM_07383,RP_SLIP_TERRAIN,EVIDENCES,FIRE_119_RECORD
AE_FIRE_EM_07384,RP_MACHINE_01,EVIDENCES,FIRE_119_RECORD
AE_FIRE_EM_07385,RP_MACHINE_01,EVIDENCES,FIRE_119_RECORD
AE_FIRE_EM_07386,RP_SLIP_TERRAIN,EVIDENCES,FIRE_119_RECORD
AE_FIRE_EM_07387,RP_SLIP_TERRAIN,EVIDENCES,FIRE_119_RECORD
AE_FIRE_EM_07388,RP_MACHINE_01,EVIDENCES,FIRE_119_RECORD
AE_FIRE_EM_07389,RP_SLIP_TERRAIN,EVIDENCES,FIRE_119_RECORD
AE_FIRE_EM_07390,RP_SLIP_TERRAIN,EVIDENCES,FIRE_119_RECORD
AE_FIRE_EM_07391,RP_SLIP_TERRAIN,EVIDENCES,FIRE_119_RECORD
AE_FIRE_EM_07392,RP_SLIP_TERRAIN,EVIDENCES,FIRE_119_RECORD
AE_FIRE_EM_07393,RP_SLIP_TERRAIN,EVIDENCES,FIRE_119_RECORD
AE_FIRE_EM_07394,RP_MACHINE_01,EVIDENCES,FIRE_119_RECORD
AE_FIRE_EM_07395,RP_CO_01,EVIDENCES,FIRE_119_RECORD
AE_FIRE_EM_07396,RP_TRAFFIC_01,EVIDENCES,FIRE_119_RECORD
AE_FIRE_EM_07397,RP_TRAFFIC_01,EVIDENCES,FIRE_119_RECORD
AE_FIRE_EM_07398,RP_SLIP_TERRAIN,EVIDENCES,FIRE_119_RECORD
AE_FIRE_EM_07399,RP_CO_01,EVIDENCES,FIRE_119_RECORD
AE_FIRE_EM_07400,RP_FALL_CLIFF,EVIDENCES,FIRE_119_RECORD
AE_FIRE_EM_07401,RP_MACHINE_01,EVIDENCES,FIRE_119_RECORD
AE_FIRE_EM_07402,RP_SLIP_TERRAIN,EVIDENCES,FIRE_119_RECORD
AE_FIRE_EM_07403,RP_TRAFFIC_01,EVIDENCES,FIRE_119_RECORD
AE_FIRE_EM_07404,RP_TRAFFIC_01,EVIDENCES,FIRE_119_RECORD
AE_FIRE_EM_07405,RP_TRAFFIC_01,EVIDENCES,FIRE_119_RECORD
AE_FIRE_EM_07406,RP_TRAFFIC_01,EVIDENCES,FIRE_119_RECORD
AE_FIRE_EM_07407,RP_TRAFFIC_01,EVIDENCES,FIRE_119_RECORD
AE_FIRE_EM_07408,RP_TRAFFIC_01,EVIDENCES,FIRE_119_RECORD
AE_FIRE_EM_07409,RP_TRAFFIC_01,EVIDENCES,FIRE_119_RECORD
AE_FIRE_EM_07410,RP_SLIP_TERRAIN,EVIDENCES,FIRE_119_RECORD
AE_FIRE_EM_07411,RP_TRAFFIC_01,EVIDENCES,FIRE_119_RECORD
AE_FIRE_EM_07412,RP_TRAFFIC_01,EVIDENCES,FIRE_119_RECORD
AE_FIRE_EM_07413,RP_TRAFFIC_01,EVIDENCES,FIRE_119_RECORD
AE_FIRE_EM_07414,RP_TRAFFIC_01,EVIDENCES,FIRE_119_RECORD
AE_FIRE_EM_07415,RP_SLIP_TERRAIN,EVIDENCES,FIRE_119_RECORD
AE_FIRE_EM_07416,RP_MACHINE_01,EVIDENCES,FIRE_119_RECORD
AE_FIRE_EM_07417,RP_TRAFFIC_01,EVIDENCES,FIRE_119_RECORD
AE_FIRE_EM_07418,RP_SLIP_TERRAIN,EVIDENCES,FIRE_119_RECORD
AE_FIRE_EM_07419,RP_MACHINE_01,EVIDENCES,FIRE_119_RECORD
AE_FIRE_EM_07420,RP_SLIP_TERRAIN,EVIDENCES,FIRE_119_RECORD
AE_FIRE_EM_07421,RP_SLIP_TERRAIN,EVIDENCES,FIRE_119_RECORD
AE_FIRE_EM_07422,RP_FALL_CLIFF,EVIDENCES,FIRE_119_RECORD
AE_FIRE_EM_07423,RP_SLIP_TERRAIN,EVIDENCES,FIRE_119_RECORD
AE_FIRE_EM_07424,RP_MACHINE_01,EVIDENCES,FIRE_119_RECORD
AE_FIRE_EM_07425,RP_TRAFFIC_01,EVIDENCES,FIRE_119_RECORD
AE_FIRE_EM_07426,RP_TRAFFIC_01,EVIDENCES,FIRE_119_RECORD
AE_FIRE_EM_07427,RP_SLIP_TERRAIN,EVIDENCES,FIRE_119_RECORD
AE_FIRE_EM_07428,RP_SLIP_TERRAIN,EVIDENCES,FIRE_119_RECORD
AE_FIRE_EM_07429,RP_SLIP_TERRAIN,EVIDENCES,FIRE_119_RECORD
AE_FIRE_EM_07430,RP_SLIP_TERRAIN,EVIDENCES,FIRE_119_RECORD
AE_FIRE_EM_07431,RP_TRAFFIC_01,EVIDENCES,FIRE_119_RECORD
AE_FIRE_EM_07432,RP_TRAFFIC_01,EVIDENCES,FIRE_119_RECORD
AE_FIRE_EM_07433,RP_FALL_CLIFF,EVIDENCES,FIRE_119_RECORD
AE_FIRE_EM_07434,RP_TRAFFIC_01,EVIDENCES,FIRE_119_RECORD
AE_FIRE_EM_07435,RP_TRAFFIC_01,EVIDENCES,FIRE_119_RECORD
AE_FIRE_EM_07436,RP_TRAFFIC_01,EVIDENCES,FIRE_119_RECORD
AE_FIRE_EM_07437,RP_TRAFFIC_01,EVIDENCES,FIRE_119_RECORD
AE_FIRE_EM_07438,RP_TRAFFIC_01,EVIDENCES,FIRE_119_RECORD
AE_FIRE_EM_07439,RP_FALL_CLIFF,EVIDENCES,FIRE_119_RECORD
AE_FIRE_EM_07440,RP_MACHINE_01,EVIDENCES,FIRE_119_RECORD
AE_FIRE_EM_07441,RP_MACHINE_01,EVIDENCES,FIRE_119_RECORD
AE_FIRE_EM_07442,RP_MACHINE_01,EVIDENCES,FIRE_119_RECORD
AE_FIRE_EM_07443,RP_SLIP_TERRAIN,EVIDENCES,FIRE_119_RECORD
AE_FIRE_EM_07444,RP_TRAFFIC_01,EVIDENCES,FIRE_119_RECORD
AE_FIRE_EM_07445,RP_TRAFFIC_01,EVIDENCES,FIRE_119_RECORD
AE_FIRE_EM_07446,RP_SLIP_TERRAIN,EVIDENCES,FIRE_119_RECORD
AE_FIRE_EM_07447,RP_TRAFFIC_01,EVIDENCES,FIRE_119_RECORD
AE_FIRE_EM_07448,RP_TRAFFIC_01,EVIDENCES,FIRE_119_RECORD
AE_FIRE_EM_07449,RP_SLIP_TERRAIN,EVIDENCES,FIRE_119_RECORD
AE_FIRE_EM_07450,RP_TRAFFIC_01,EVIDENCES,FIRE_119_RECORD
AE_FIRE_EM_07451,RP_SLIP_TERRAIN,EVIDENCES,FIRE_119_RECORD
AE_FIRE_EM_07452,RP_SLIP_TERRAIN,EVIDENCES,FIRE_119_RECORD
AE_FIRE_EM_07453,RP_SLIP_TERRAIN,EVIDENCES,FIRE_119_RECORD
AE_FIRE_EM_07454,RP_TRAFFIC_01,EVIDENCES,FIRE_119_RECORD
AE_FIRE_EM_07455,RP_MACHINE_01,EVIDENCES,FIRE_119_RECORD
AE_FIRE_EM_07456,RP_SLIP_TERRAIN,EVIDENCES,FIRE_119_RECORD
AE_FIRE_EM_07457,RP_SLIP_TERRAIN,EVIDENCES,FIRE_119_RECORD
AE_FIRE_EM_07458,RP_MACHINE_01,EVIDENCES,FIRE_119_RECORD
AE_FIRE_EM_07459,RP_TRAFFIC_01,EVIDENCES,FIRE_119_RECORD
AE_FIRE_EM_07460,RP_TRAFFIC_01,EVIDENCES,FIRE_119_RECORD
AE_FIRE_EM_07461,RP_SLIP_TERRAIN,EVIDENCES,FIRE_119_RECORD
AE_FIRE_EM_07462,RP_SLIP_TERRAIN,EVIDENCES,FIRE_119_RECORD
AE_FIRE_EM_07463,RP_FALL_CLIFF,EVIDENCES,FIRE_119_RECORD
AE_FIRE_EM_07464,RP_SLIP_TERRAIN,EVIDENCES,FIRE_119_RECORD
AE_FIRE_EM_07465,RP_SLIP_TERRAIN,EVIDENCES,FIRE_119_RECORD
AE_FIRE_EM_07466,RP_SLIP_TERRAIN,EVIDENCES,FIRE_119_RECORD
AE_FIRE_EM_07467,RP_MACHINE_01,EVIDENCES,FIRE_119_RECORD
AE_FIRE_EM_07468,RP_SLIP_TERRAIN,EVIDENCES,FIRE_119_RECORD
AE_FIRE_EM_07469,RP_SLIP_TERRAIN,EVIDENCES,FIRE_119_RECORD
AE_FIRE_EM_07470,RP_TRAFFIC_01,EVIDENCES,FIRE_119_RECORD
AE_FIRE_EM_07471,RP_SLIP_TERRAIN,EVIDENCES,FIRE_119_RECORD
AE_FIRE_EM_07472,RP_FALL_CLIFF,EVIDENCES,FIRE_119_RECORD
AE_FIRE_EM_07473,RP_SLIP_TERRAIN,EVIDENCES,FIRE_119_RECORD
AE_FIRE_EM_07474,RP_SLIP_TERRAIN,EVIDENCES,FIRE_119_RECORD
AE_FIRE_EM_07475,RP_SLIP_TERRAIN,EVIDENCES,FIRE_119_RECORD
AE_FIRE_EM_07476,RP_TRAFFIC_01,EVIDENCES,FIRE_119_RECORD
AE_FIRE_EM_07477,RP_SLIP_TERRAIN,EVIDENCES,FIRE_119_RECORD
AE_FIRE_EM_07478,RP_SLIP_TERRAIN,EVIDENCES,FIRE_119_RECORD
AE_FIRE_EM_07479,RP_FALL_CLIFF,EVIDENCES,FIRE_119_RECORD
AE_FIRE_EM_07480,RP_TRAFFIC_01,EVIDENCES,FIRE_119_RECORD
AE_FIRE_EM_07481,RP_TRAFFIC_01,EVIDENCES,FIRE_119_RECORD
AE_FIRE_EM_07482,RP_FALL_CLIFF,EVIDENCES,FIRE_119_RECORD
AE_FIRE_EM_07483,RP_MACHINE_01,EVIDENCES,FIRE_119_RECORD
AE_FIRE_EM_07484,RP_TRAFFIC_01,EVIDENCES,FIRE_119_RECORD
AE_FIRE_EM_07485,RP_MACHINE_01,EVIDENCES,FIRE_119_RECORD
AE_FIRE_EM_07486,RP_SLIP_TERRAIN,EVIDENCES,FIRE_119_RECORD
AE_FIRE_EM_07487,RP_TRAFFIC_01,EVIDENCES,FIRE_119_RECORD
AE_FIRE_EM_07488,RP_FALL_CLIFF,EVIDENCES,FIRE_119_RECORD
AE_FIRE_EM_07489,RP_TRAFFIC_01,EVIDENCES,FIRE_119_RECORD
AE_FIRE_EM_07490,RP_SLIP_TERRAIN,EVIDENCES,FIRE_119_RECORD
AE_FIRE_EM_07491,RP_SLIP_TERRAIN,EVIDENCES,FIRE_119_RECORD
AE_FIRE_EM_07492,RP_SLIP_TERRAIN,EVIDENCES,FIRE_119_RECORD
AE_FIRE_EM_07493,RP_TRAFFIC_01,EVIDENCES,FIRE_119_RECORD
AE_FIRE_EM_07494,RP_TRAFFIC_01,EVIDENCES,FIRE_119_RECORD
AE_FIRE_EM_07495,RP_TRAFFIC_01,EVIDENCES,FIRE_119_RECORD
AE_FIRE_EM_07496,RP_TRAFFIC_01,EVIDENCES,FIRE_119_RECORD
AE_FIRE_EM_07497,RP_TRAFFIC_01,EVIDENCES,FIRE_119_RECORD
AE_FIRE_EM_07498,RP_TRAFFIC_01,EVIDENCES,FIRE_119_RECORD
AE_FIRE_EM_07499,RP_TRAFFIC_01,EVIDENCES,FIRE_119_RECORD
AE_FIRE_EM_07500,RP_SLIP_TERRAIN,EVIDENCES,FIRE_119_RECORD
AE_FIRE_EM_07501,RP_DROWN_01,EVIDENCES,FIRE_119_RECORD
AE_FIRE_EM_07502,RP_SLIP_TERRAIN,EVIDENCES,FIRE_119_RECORD
AE_FIRE_EM_07503,RP_SLIP_TERRAIN,EVIDENCES,FIRE_119_RECORD
AE_FIRE_EM_07504,RP_TRAFFIC_01,EVIDENCES,FIRE_119_RECORD
AE_FIRE_EM_07505,RP_TRAFFIC_01,EVIDENCES,FIRE_119_RECORD
AE_FIRE_EM_07506,RP_SLIP_TERRAIN,EVIDENCES,FIRE_119_RECORD
AE_FIRE_EM_07507,RP_MACHINE_01,EVIDENCES,FIRE_119_RECORD
AE_FIRE_EM_07508,RP_MACHINE_01,EVIDENCES,FIRE_119_RECORD
AE_FIRE_EM_07509,RP_TRAFFIC_01,EVIDENCES,FIRE_119_RECORD
AE_FIRE_EM_07510,RP_TRAFFIC_01,EVIDENCES,FIRE_119_RECORD
AE_FIRE_EM_07511,RP_SLIP_TERRAIN,EVIDENCES,FIRE_119_RECORD
AE_FIRE_EM_07512,RP_SLIP_TERRAIN,EVIDENCES,FIRE_119_RECORD
AE_FIRE_EM_07513,RP_SLIP_TERRAIN,EVIDENCES,FIRE_119_RECORD
AE_FIRE_EM_07514,RP_SLIP_TERRAIN,EVIDENCES,FIRE_119_RECORD
AE_FIRE_EM_07515,RP_SLIP_TERRAIN,EVIDENCES,FIRE_119_RECORD
AE_FIRE_EM_07516,RP_SLIP_TERRAIN,EVIDENCES,FIRE_119_RECORD
AE_FIRE_EM_07517,RP_TRAFFIC_01,EVIDENCES,FIRE_119_RECORD
AE_FIRE_EM_07518,RP_SLIP_TERRAIN,EVIDENCES,FIRE_119_RECORD
AE_FIRE_EM_07519,RP_MACHINE_01,EVIDENCES,FIRE_119_RECORD
AE_FIRE_EM_07520,RP_MACHINE_01,EVIDENCES,FIRE_119_RECORD
AE_FIRE_EM_07521,RP_MACHINE_01,EVIDENCES,FIRE_119_RECORD
AE_FIRE_EM_07522,RP_MACHINE_01,EVIDENCES,FIRE_119_RECORD
AE_FIRE_EM_07523,RP_MACHINE_01,EVIDENCES,FIRE_119_RECORD
AE_FIRE_EM_07524,RP_SLIP_TERRAIN,EVIDENCES,FIRE_119_RECORD
AE_FIRE_EM_07525,RP_TRAFFIC_01,EVIDENCES,FIRE_119_RECORD
AE_FIRE_EM_07526,RP_TRAFFIC_01,EVIDENCES,FIRE_119_RECORD
AE_FIRE_EM_07527,RP_SLIP_TERRAIN,EVIDENCES,FIRE_119_RECORD
AE_FIRE_EM_07528,RP_DROWN_01,EVIDENCES,FIRE_119_RECORD
AE_FIRE_EM_07529,RP_TRAFFIC_01,EVIDENCES,FIRE_119_RECORD
AE_FIRE_EM_07530,RP_TRAFFIC_01,EVIDENCES,FIRE_119_RECORD
AE_FIRE_EM_07531,RP_MACHINE_01,EVIDENCES,FIRE_119_RECORD
AE_FIRE_EM_07532,RP_SLIP_TERRAIN,EVIDENCES,FIRE_119_RECORD
AE_FIRE_EM_07533,RP_SLIP_TERRAIN,EVIDENCES,FIRE_119_RECORD
AE_FIRE_EM_07534,RP_SLIP_TERRAIN,EVIDENCES,FIRE_119_RECORD
AE_FIRE_EM_07535,RP_TRAFFIC_01,EVIDENCES,FIRE_119_RECORD
AE_FIRE_EM_07536,RP_TRAFFIC_01,EVIDENCES,FIRE_119_RECORD
AE_FIRE_EM_07537,RP_MACHINE_01,EVIDENCES,FIRE_119_RECORD
AE_FIRE_EM_07538,RP_MACHINE_01,EVIDENCES,FIRE_119_RECORD
AE_FIRE_EM_07539,RP_SLIP_TERRAIN,EVIDENCES,FIRE_119_RECORD
AE_FIRE_EM_07540,RP_SLIP_TERRAIN,EVIDENCES,FIRE_119_RECORD
AE_FIRE_EM_07541,RP_TRAFFIC_01,EVIDENCES,FIRE_119_RECORD
AE_FIRE_EM_07542,RP_SLIP_TERRAIN,EVIDENCES,FIRE_119_RECORD
AE_FIRE_EM_07543,RP_MACHINE_01,EVIDENCES,FIRE_119_RECORD
AE_FIRE_EM_07544,RP_TRAFFIC_01,EVIDENCES,FIRE_119_RECORD
AE_FIRE_EM_07545,RP_MACHINE_01,EVIDENCES,FIRE_119_RECORD
AE_FIRE_EM_07546,RP_SLIP_TERRAIN,EVIDENCES,FIRE_119_RECORD
AE_FIRE_EM_07547,RP_MACHINE_01,EVIDENCES,FIRE_119_RECORD
AE_FIRE_EM_07548,RP_TRAFFIC_01,EVIDENCES,FIRE_119_RECORD
AE_FIRE_EM_07549,RP_TRAFFIC_01,EVIDENCES,FIRE_119_RECORD
AE_FIRE_EM_07550,RP_TRAFFIC_01,EVIDENCES,FIRE_119_RECORD
AE_FIRE_EM_07551,RP_SLIP_TERRAIN,EVIDENCES,FIRE_119_RECORD
AE_FIRE_EM_07552,RP_SLIP_TERRAIN,EVIDENCES,FIRE_119_RECORD
AE_FIRE_EM_07553,RP_MACHINE_01,EVIDENCES,FIRE_119_RECORD
AE_FIRE_EM_07554,RP_MACHINE_01,EVIDENCES,FIRE_119_RECORD
AE_FIRE_EM_07555,RP_ANIMAL_01,EVIDENCES,FIRE_119_RECORD
AE_FIRE_EM_07556,RP_SLIP_TERRAIN,EVIDENCES,FIRE_119_RECORD
AE_FIRE_EM_07557,RP_SLIP_TERRAIN,EVIDENCES,FIRE_119_RECORD
AE_FIRE_EM_07558,RP_TRAFFIC_01,EVIDENCES,FIRE_119_RECORD
AE_FIRE_EM_07559,RP_SLIP_TERRAIN,EVIDENCES,FIRE_119_RECORD
AE_FIRE_EM_07560,RP_TRAFFIC_01,EVIDENCES,FIRE_119_RECORD
AE_FIRE_EM_07561,RP_SLIP_TERRAIN,EVIDENCES,FIRE_119_RECORD
AE_FIRE_EM_07562,RP_SLIP_TERRAIN,EVIDENCES,FIRE_119_RECORD
AE_FIRE_EM_07563,RP_TRAFFIC_01,EVIDENCES,FIRE_119_RECORD
AE_FIRE_EM_07564,RP_TRAFFIC_01,EVIDENCES,FIRE_119_RECORD
AE_FIRE_EM_07565,RP_SLIP_TERRAIN,EVIDENCES,FIRE_119_RECORD
AE_FIRE_EM_07566,RP_MACHINE_01,EVIDENCES,FIRE_119_RECORD
AE_FIRE_EM_07567,RP_TRAFFIC_01,EVIDENCES,FIRE_119_RECORD
AE_FIRE_EM_07568,RP_SLIP_TERRAIN,EVIDENCES,FIRE_119_RECORD
AE_FIRE_EM_07569,RP_MACHINE_01,EVIDENCES,FIRE_119_RECORD
AE_FIRE_EM_07570,RP_FALL_CLIFF,EVIDENCES,FIRE_119_RECORD
AE_FIRE_EM_07571,RP_SLIP_TERRAIN,EVIDENCES,FIRE_119_RECORD
AE_FIRE_EM_07572,RP_MACHINE_01,EVIDENCES,FIRE_119_RECORD
AE_FIRE_EM_07573,RP_TRAFFIC_01,EVIDENCES,FIRE_119_RECORD
AE_FIRE_EM_07574,RP_SLIP_TERRAIN,EVIDENCES,FIRE_119_RECORD
AE_FIRE_EM_07575,RP_TRAFFIC_01,EVIDENCES,FIRE_119_RECORD
AE_FIRE_EM_07576,RP_TRAFFIC_01,EVIDENCES,FIRE_119_RECORD
AE_FIRE_EM_07577,RP_TRAFFIC_01,EVIDENCES,FIRE_119_RECORD
AE_FIRE_EM_07578,RP_TRAFFIC_01,EVIDENCES,FIRE_119_RECORD
AE_FIRE_EM_07579,RP_TRAFFIC_01,EVIDENCES,FIRE_119_RECORD
AE_FIRE_EM_07580,RP_MACHINE_01,EVIDENCES,FIRE_119_RECORD
AE_FIRE_EM_07581,RP_MACHINE_01,EVIDENCES,FIRE_119_RECORD
AE_FIRE_EM_07582,RP_SLIP_TERRAIN,EVIDENCES,FIRE_119_RECORD
AE_FIRE_EM_07583,RP_TRAFFIC_01,EVIDENCES,FIRE_119_RECORD
AE_FIRE_EM_07584,RP_SLIP_TERRAIN,EVIDENCES,FIRE_119_RECORD
AE_FIRE_EM_07585,RP_SLIP_TERRAIN,EVIDENCES,FIRE_119_RECORD
AE_FIRE_EM_07586,RP_MACHINE_01,EVIDENCES,FIRE_119_RECORD
AE_FIRE_EM_07587,RP_SLIP_TERRAIN,EVIDENCES,FIRE_119_RECORD
AE_FIRE_EM_07588,RP_MACHINE_01,EVIDENCES,FIRE_119_RECORD
AE_FIRE_EM_07589,RP_SLIP_TERRAIN,EVIDENCES,FIRE_119_RECORD
AE_FIRE_EM_07590,RP_MACHINE_01,EVIDENCES,FIRE_119_RECORD
AE_FIRE_EM_07591,RP_TRAFFIC_01,EVIDENCES,FIRE_119_RECORD
AE_FIRE_EM_07592,RP_SLIP_TERRAIN,EVIDENCES,FIRE_119_RECORD
AE_FIRE_EM_07593,RP_FALL_CLIFF,EVIDENCES,FIRE_119_RECORD
AE_FIRE_EM_07594,RP_SLIP_TERRAIN,EVIDENCES,FIRE_119_RECORD
AE_FIRE_EM_07595,RP_SLIP_TERRAIN,EVIDENCES,FIRE_119_RECORD
AE_FIRE_EM_07596,RP_TRAFFIC_01,EVIDENCES,FIRE_119_RECORD
AE_FIRE_EM_07597,RP_SLIP_TERRAIN,EVIDENCES,FIRE_119_RECORD
AE_FIRE_EM_07598,RP_SLIP_TERRAIN,EVIDENCES,FIRE_119_RECORD
AE_FIRE_EM_07599,RP_SLIP_TERRAIN,EVIDENCES,FIRE_119_RECORD
AE_FIRE_EM_07600,RP_FALL_CLIFF,EVIDENCES,FIRE_119_RECORD
AE_FIRE_EM_07601,RP_SLIP_TERRAIN,EVIDENCES,FIRE_119_RECORD
AE_FIRE_EM_07602,RP_TRAFFIC_01,EVIDENCES,FIRE_119_RECORD
AE_FIRE_EM_07603,RP_TRAFFIC_01,EVIDENCES,FIRE_119_RECORD
AE_FIRE_EM_07604,RP_CO_01,EVIDENCES,FIRE_119_RECORD
AE_FIRE_EM_07605,RP_DROWN_01,EVIDENCES,FIRE_119_RECORD
AE_FIRE_EM_07606,RP_COLD_01,EVIDENCES,FIRE_119_RECORD
AE_FIRE_EM_07607,RP_TRAFFIC_01,EVIDENCES,FIRE_119_RECORD
AE_FIRE_EM_07608,RP_MACHINE_01,EVIDENCES,FIRE_119_RECORD
AE_FIRE_EM_07609,RP_SLIP_TERRAIN,EVIDENCES,FIRE_119_RECORD
AE_FIRE_EM_07610,RP_TRAFFIC_01,EVIDENCES,FIRE_119_RECORD
AE_FIRE_EM_07611,RP_TRAFFIC_01,EVIDENCES,FIRE_119_RECORD
AE_FIRE_EM_07612,RP_TRAFFIC_01,EVIDENCES,FIRE_119_RECORD
AE_FIRE_EM_07613,RP_SLIP_TERRAIN,EVIDENCES,FIRE_119_RECORD
AE_FIRE_EM_07614,RP_TRAFFIC_01,EVIDENCES,FIRE_119_RECORD
AE_FIRE_EM_07615,RP_TRAFFIC_01,EVIDENCES,FIRE_119_RECORD
AE_FIRE_EM_07616,RP_MACHINE_01,EVIDENCES,FIRE_119_RECORD
AE_FIRE_EM_07617,RP_TRAFFIC_01,EVIDENCES,FIRE_119_RECORD
AE_FIRE_EM_07618,RP_SLIP_TERRAIN,EVIDENCES,FIRE_119_RECORD
AE_FIRE_EM_07619,RP_MACHINE_01,EVIDENCES,FIRE_119_RECORD
AE_FIRE_EM_07620,RP_SLIP_TERRAIN,EVIDENCES,FIRE_119_RECORD
AE_FIRE_EM_07621,RP_MACHINE_01,EVIDENCES,FIRE_119_RECORD
AE_FIRE_EM_07622,RP_SLIP_TERRAIN,EVIDENCES,FIRE_119_RECORD
AE_FIRE_EM_07623,RP_SLIP_TERRAIN,EVIDENCES,FIRE_119_RECORD
AE_FIRE_EM_07624,RP_FALL_CLIFF,EVIDENCES,FIRE_119_RECORD
AE_FIRE_EM_07625,RP_TRAFFIC_01,EVIDENCES,FIRE_119_RECORD
AE_FIRE_EM_07626,RP_TRAFFIC_01,EVIDENCES,FIRE_119_RECORD
AE_FIRE_EM_07627,RP_SLIP_TERRAIN,EVIDENCES,FIRE_119_RECORD
AE_FIRE_EM_07628,RP_SLIP_TERRAIN,EVIDENCES,FIRE_119_RECORD
AE_FIRE_EM_07629,RP_MACHINE_01,EVIDENCES,FIRE_119_RECORD
AE_FIRE_EM_07630,RP_MACHINE_01,EVIDENCES,FIRE_119_RECORD
AE_FIRE_EM_07631,RP_MACHINE_01,EVIDENCES,FIRE_119_RECORD
AE_FIRE_EM_07632,RP_TRAFFIC_01,EVIDENCES,FIRE_119_RECORD
AE_FIRE_EM_07633,RP_TRAFFIC_01,EVIDENCES,FIRE_119_RECORD
AE_FIRE_EM_07634,RP_SLIP_TERRAIN,EVIDENCES,FIRE_119_RECORD
AE_FIRE_EM_07635,RP_TRAFFIC_01,EVIDENCES,FIRE_119_RECORD
AE_FIRE_EM_07636,RP_TRAFFIC_01,EVIDENCES,FIRE_119_RECORD
AE_FIRE_EM_07637,RP_SLIP_TERRAIN,EVIDENCES,FIRE_119_RECORD
AE_FIRE_EM_07638,RP_SLIP_TERRAIN,EVIDENCES,FIRE_119_RECORD
AE_FIRE_EM_07639,RP_SLIP_TERRAIN,EVIDENCES,FIRE_119_RECORD
AE_FIRE_EM_07640,RP_SLIP_TERRAIN,EVIDENCES,FIRE_119_RECORD
AE_FIRE_EM_07641,RP_TRAFFIC_01,EVIDENCES,FIRE_119_RECORD
AE_FIRE_EM_07642,RP_SLIP_TERRAIN,EVIDENCES,FIRE_119_RECORD
AE_FIRE_EM_07643,RP_FALL_CLIFF,EVIDENCES,FIRE_119_RECORD
AE_FIRE_EM_07644,RP_SLIP_TERRAIN,EVIDENCES,FIRE_119_RECORD
AE_FIRE_EM_07645,RP_SLIP_TERRAIN,EVIDENCES,FIRE_119_RECORD
AE_FIRE_EM_07646,RP_FALL_CLIFF,EVIDENCES,FIRE_119_RECORD
AE_FIRE_EM_07647,RP_SLIP_TERRAIN,EVIDENCES,FIRE_119_RECORD
AE_FIRE_EM_07648,RP_SLIP_TERRAIN,EVIDENCES,FIRE_119_RECORD
AE_FIRE_EM_07649,RP_SLIP_TERRAIN,EVIDENCES,FIRE_119_RECORD
AE_FIRE_EM_07650,RP_SLIP_TERRAIN,EVIDENCES,FIRE_119_RECORD
AE_FIRE_EM_07651,RP_TRAFFIC_01,EVIDENCES,FIRE_119_RECORD
AE_FIRE_EM_07652,RP_MACHINE_01,EVIDENCES,FIRE_119_RECORD
AE_FIRE_EM_07653,RP_TRAFFIC_01,EVIDENCES,FIRE_119_RECORD
AE_FIRE_EM_07654,RP_MACHINE_01,EVIDENCES,FIRE_119_RECORD
AE_FIRE_EM_07655,RP_TRAFFIC_01,EVIDENCES,FIRE_119_RECORD
AE_FIRE_EM_07656,RP_MACHINE_01,EVIDENCES,FIRE_119_RECORD
AE_FIRE_EM_07657,RP_TRAFFIC_01,EVIDENCES,FIRE_119_RECORD
AE_FIRE_EM_07658,RP_SLIP_TERRAIN,EVIDENCES,FIRE_119_RECORD
AE_FIRE_EM_07659,RP_SLIP_TERRAIN,EVIDENCES,FIRE_119_RECORD
AE_FIRE_EM_07660,RP_SLIP_TERRAIN,EVIDENCES,FIRE_119_RECORD
AE_FIRE_EM_07661,RP_FALL_CLIFF,EVIDENCES,FIRE_119_RECORD
AE_FIRE_EM_07662,RP_SLIP_TERRAIN,EVIDENCES,FIRE_119_RECORD
AE_FIRE_EM_07663,RP_ANIMAL_01,EVIDENCES,FIRE_119_RECORD
AE_FIRE_EM_07664,RP_MACHINE_01,EVIDENCES,FIRE_119_RECORD
AE_FIRE_EM_07665,RP_SLIP_TERRAIN,EVIDENCES,FIRE_119_RECORD
AE_FIRE_EM_07666,RP_TRAFFIC_01,EVIDENCES,FIRE_119_RECORD
AE_FIRE_EM_07667,RP_TRAFFIC_01,EVIDENCES,FIRE_119_RECORD
AE_FIRE_EM_07668,RP_TRAFFIC_01,EVIDENCES,FIRE_119_RECORD
AE_FIRE_EM_07669,RP_SLIP_TERRAIN,EVIDENCES,FIRE_119_RECORD
AE_FIRE_EM_07670,RP_SLIP_TERRAIN,EVIDENCES,FIRE_119_RECORD
AE_FIRE_EM_07671,RP_TRAFFIC_01,EVIDENCES,FIRE_119_RECORD
AE_FIRE_EM_07672,RP_TRAFFIC_01,EVIDENCES,FIRE_119_RECORD
AE_FIRE_EM_07673,RP_SLIP_TERRAIN,EVIDENCES,FIRE_119_RECORD
AE_FIRE_EM_07674,RP_SLIP_TERRAIN,EVIDENCES,FIRE_119_RECORD
AE_FIRE_EM_07675,RP_SLIP_TERRAIN,EVIDENCES,FIRE_119_RECORD
AE_FIRE_EM_07676,RP_SLIP_TERRAIN,EVIDENCES,FIRE_119_RECORD
AE_FIRE_EM_07677,RP_SLIP_TERRAIN,EVIDENCES,FIRE_119_RECORD
AE_FIRE_EM_07678,RP_FALL_CLIFF,EVIDENCES,FIRE_119_RECORD
AE_FIRE_EM_07679,RP_SLIP_TERRAIN,EVIDENCES,FIRE_119_RECORD
AE_FIRE_EM_07680,RP_MACHINE_01,EVIDENCES,FIRE_119_RECORD
AE_FIRE_EM_07681,RP_SLIP_TERRAIN,EVIDENCES,FIRE_119_RECORD
AE_FIRE_EM_07682,RP_SLIP_TERRAIN,EVIDENCES,FIRE_119_RECORD
AE_FIRE_EM_07683,RP_SLIP_TERRAIN,EVIDENCES,FIRE_119_RECORD
AE_FIRE_EM_07684,RP_TRAFFIC_01,EVIDENCES,FIRE_119_RECORD
AE_FIRE_EM_07685,RP_SLIP_TERRAIN,EVIDENCES,FIRE_119_RECORD
AE_FIRE_EM_07686,RP_SLIP_TERRAIN,EVIDENCES,FIRE_119_RECORD
AE_FIRE_EM_07687,RP_MACHINE_01,EVIDENCES,FIRE_119_RECORD
AE_FIRE_EM_07688,RP_SLIP_TERRAIN,EVIDENCES,FIRE_119_RECORD
AE_FIRE_EM_07689,RP_SLIP_TERRAIN,EVIDENCES,FIRE_119_RECORD
AE_FIRE_EM_07690,RP_SLIP_TERRAIN,EVIDENCES,FIRE_119_RECORD
AE_FIRE_EM_07691,RP_SLIP_TERRAIN,EVIDENCES,FIRE_119_RECORD
AE_FIRE_EM_07692,RP_SLIP_TERRAIN,EVIDENCES,FIRE_119_RECORD
AE_FIRE_EM_07693,RP_SLIP_TERRAIN,EVIDENCES,FIRE_119_RECORD
AE_FIRE_EM_07694,RP_SLIP_TERRAIN,EVIDENCES,FIRE_119_RECORD
AE_FIRE_EM_07695,RP_MACHINE_01,EVIDENCES,FIRE_119_RECORD
AE_FIRE_EM_07696,RP_CO_01,EVIDENCES,FIRE_119_RECORD
AE_FIRE_EM_07697,RP_ANIMAL_01,EVIDENCES,FIRE_119_RECORD
AE_FIRE_EM_07698,RP_SLIP_TERRAIN,EVIDENCES,FIRE_119_RECORD
AE_FIRE_EM_07699,RP_DROWN_01,EVIDENCES,FIRE_119_RECORD
AE_FIRE_EM_07700,RP_TRAFFIC_01,EVIDENCES,FIRE_119_RECORD
AE_FIRE_EM_07701,RP_TRAFFIC_01,EVIDENCES,FIRE_119_RECORD
AE_FIRE_EM_07702,RP_SLIP_TERRAIN,EVIDENCES,FIRE_119_RECORD
AE_FIRE_EM_07703,RP_TRAFFIC_01,EVIDENCES,FIRE_119_RECORD
AE_FIRE_EM_07704,RP_MACHINE_01,EVIDENCES,FIRE_119_RECORD
AE_FIRE_EM_07705,RP_SLIP_TERRAIN,EVIDENCES,FIRE_119_RECORD
AE_FIRE_EM_07706,RP_TRAFFIC_01,EVIDENCES,FIRE_119_RECORD
AE_FIRE_EM_07707,RP_TRAFFIC_01,EVIDENCES,FIRE_119_RECORD
AE_FIRE_EM_07708,RP_SLIP_TERRAIN,EVIDENCES,FIRE_119_RECORD
AE_FIRE_EM_07709,RP_TRAFFIC_01,EVIDENCES,FIRE_119_RECORD
AE_FIRE_EM_07710,RP_TRAFFIC_01,EVIDENCES,FIRE_119_RECORD
AE_FIRE_EM_07711,RP_TRAFFIC_01,EVIDENCES,FIRE_119_RECORD
AE_FIRE_EM_07712,RP_SLIP_TERRAIN,EVIDENCES,FIRE_119_RECORD
AE_FIRE_EM_07713,RP_SLIP_TERRAIN,EVIDENCES,FIRE_119_RECORD
AE_FIRE_EM_07714,RP_SLIP_TERRAIN,EVIDENCES,FIRE_119_RECORD
AE_FIRE_EM_07715,RP_SLIP_TERRAIN,EVIDENCES,FIRE_119_RECORD
AE_FIRE_EM_07716,RP_SLIP_TERRAIN,EVIDENCES,FIRE_119_RECORD
AE_FIRE_EM_07717,RP_SLIP_TERRAIN,EVIDENCES,FIRE_119_RECORD
AE_FIRE_EM_07718,RP_TRAFFIC_01,EVIDENCES,FIRE_119_RECORD
AE_FIRE_EM_07719,RP_SLIP_TERRAIN,EVIDENCES,FIRE_119_RECORD
AE_FIRE_EM_07720,RP_SLIP_TERRAIN,EVIDENCES,FIRE_119_RECORD
AE_FIRE_EM_07721,RP_MACHINE_01,EVIDENCES,FIRE_119_RECORD
AE_FIRE_EM_07722,RP_FALL_CLIFF,EVIDENCES,FIRE_119_RECORD
AE_FIRE_EM_07723,RP_TRAFFIC_01,EVIDENCES,FIRE_119_RECORD
AE_FIRE_EM_07724,RP_SLIP_TERRAIN,EVIDENCES,FIRE_119_RECORD
AE_FIRE_EM_07725,RP_SLIP_TERRAIN,EVIDENCES,FIRE_119_RECORD
AE_FIRE_EM_07726,RP_FALL_CLIFF,EVIDENCES,FIRE_119_RECORD
AE_FIRE_EM_07727,RP_SLIP_TERRAIN,EVIDENCES,FIRE_119_RECORD
AE_FIRE_EM_07728,RP_ANIMAL_01,EVIDENCES,FIRE_119_RECORD
AE_FIRE_EM_07729,RP_SLIP_TERRAIN,EVIDENCES,FIRE_119_RECORD
AE_FIRE_EM_07730,RP_MACHINE_01,EVIDENCES,FIRE_119_RECORD
AE_FIRE_EM_07731,RP_MACHINE_01,EVIDENCES,FIRE_119_RECORD
AE_FIRE_EM_07732,RP_SLIP_TERRAIN,EVIDENCES,FIRE_119_RECORD
AE_FIRE_EM_07733,RP_TRAFFIC_01,EVIDENCES,FIRE_119_RECORD
AE_FIRE_EM_07734,RP_TRAFFIC_01,EVIDENCES,FIRE_119_RECORD
AE_FIRE_EM_07735,RP_SLIP_TERRAIN,EVIDENCES,FIRE_119_RECORD
AE_FIRE_EM_07736,RP_SLIP_TERRAIN,EVIDENCES,FIRE_119_RECORD
AE_FIRE_EM_07737,RP_SLIP_TERRAIN,EVIDENCES,FIRE_119_RECORD
AE_FIRE_EM_07738,RP_TRAFFIC_01,EVIDENCES,FIRE_119_RECORD
AE_FIRE_EM_07739,RP_SLIP_TERRAIN,EVIDENCES,FIRE_119_RECORD
AE_FIRE_EM_07740,RP_DROWN_01,EVIDENCES,FIRE_119_RECORD
AE_FIRE_EM_07741,RP_MACHINE_01,EVIDENCES,FIRE_119_RECORD
AE_FIRE_EM_07742,RP_SLIP_TERRAIN,EVIDENCES,FIRE_119_RECORD
AE_FIRE_EM_07743,RP_TRAFFIC_01,EVIDENCES,FIRE_119_RECORD
AE_FIRE_EM_07744,RP_SLIP_TERRAIN,EVIDENCES,FIRE_119_RECORD
AE_FIRE_EM_07745,RP_TRAFFIC_01,EVIDENCES,FIRE_119_RECORD
AE_FIRE_EM_07746,RP_TRAFFIC_01,EVIDENCES,FIRE_119_RECORD
AE_FIRE_EM_07747,RP_MACHINE_01,EVIDENCES,FIRE_119_RECORD
AE_FIRE_EM_07748,RP_SLIP_TERRAIN,EVIDENCES,FIRE_119_RECORD
AE_FIRE_EM_07749,RP_SLIP_TERRAIN,EVIDENCES,FIRE_119_RECORD
AE_FIRE_EM_07750,RP_SLIP_TERRAIN,EVIDENCES,FIRE_119_RECORD
AE_FIRE_EM_07751,RP_SLIP_TERRAIN,EVIDENCES,FIRE_119_RECORD
AE_FIRE_EM_07752,RP_TRAFFIC_01,EVIDENCES,FIRE_119_RECORD
AE_FIRE_EM_07753,RP_TRAFFIC_01,EVIDENCES,FIRE_119_RECORD
AE_FIRE_EM_07754,RP_SLIP_TERRAIN,EVIDENCES,FIRE_119_RECORD
AE_FIRE_EM_07755,RP_SLIP_TERRAIN,EVIDENCES,FIRE_119_RECORD
AE_FIRE_EM_07756,RP_TRAFFIC_01,EVIDENCES,FIRE_119_RECORD
AE_FIRE_EM_07757,RP_TRAFFIC_01,EVIDENCES,FIRE_119_RECORD
AE_FIRE_EM_07758,RP_SLIP_TERRAIN,EVIDENCES,FIRE_119_RECORD
AE_FIRE_EM_07759,RP_SLIP_TERRAIN,EVIDENCES,FIRE_119_RECORD
AE_FIRE_EM_07760,RP_MACHINE_01,EVIDENCES,FIRE_119_RECORD
AE_FIRE_EM_07761,RP_SLIP_TERRAIN,EVIDENCES,FIRE_119_RECORD
AE_FIRE_EM_07762,RP_SLIP_TERRAIN,EVIDENCES,FIRE_119_RECORD
AE_FIRE_EM_07763,RP_CO_01,EVIDENCES,FIRE_119_RECORD
AE_FIRE_EM_07764,RP_MACHINE_01,EVIDENCES,FIRE_119_RECORD
AE_FIRE_EM_07765,RP_SLIP_TERRAIN,EVIDENCES,FIRE_119_RECORD
AE_FIRE_EM_07766,RP_MACHINE_01,EVIDENCES,FIRE_119_RECORD
AE_FIRE_EM_07767,RP_SLIP_TERRAIN,EVIDENCES,FIRE_119_RECORD
AE_FIRE_EM_07768,RP_TRAFFIC_01,EVIDENCES,FIRE_119_RECORD
AE_FIRE_EM_07769,RP_TRAFFIC_01,EVIDENCES,FIRE_119_RECORD
AE_FIRE_EM_07770,RP_FIRE_01,EVIDENCES,FIRE_119_RECORD
