accidentId,region_id,relationship
AE_FIRE_EM_00001,REG_제주시_이도이동,OCCURRED_IN_REGION
AE_FIRE_EM_00002,REG_제주시_조천읍,OCCURRED_IN_REGION
AE_FIRE_EM_00003,REG_제주시_일도이동,OCCURRED_IN_REGION
AE_FIRE_EM_00004,REG_제주시_건입동,OCCURRED_IN_REGION
AE_FIRE_EM_00005,REG_제주시_용담삼동,OCCURRED_IN_REGION
AE_FIRE_EM_00006,REG_제주시_삼도이동,OCCURRED_IN_REGION
AE_FIRE_EM_00007,REG_제주시_건입동,OCCURRED_IN_REGION
AE_FIRE_EM_00008,REG_제주시_용담이동,OCCURRED_IN_REGION
AE_FIRE_EM_00009,REG_제주시_오라일동,OCCURRED_IN_REGION
AE_FIRE_EM_00010,REG_제주시_연동,OCCURRED_IN_REGION
AE_FIRE_EM_00011,REG_제주시_용담이동,OCCURRED_IN_REGION
AE_FIRE_EM_00012,REG_제주시_삼도일동,OCCURRED_IN_REGION
AE_FIRE_EM_00013,REG_제주시_연동,OCCURRED_IN_REGION
AE_FIRE_EM_00014,REG_제주시_노형동,OCCURRED_IN_REGION
AE_FIRE_EM_00015,REG_제주시_연동,OCCURRED_IN_REGION
AE_FIRE_EM_00016,REG_제주시_연동,OCCURRED_IN_REGION
AE_FIRE_EM_00017,REG_제주시_조천읍,OCCURRED_IN_REGION
AE_FIRE_EM_00018,REG_제주시_삼양이동,OCCURRED_IN_REGION
AE_FIRE_EM_00019,REG_제주시_삼양일동,OCCURRED_IN_REGION
AE_FIRE_EM_00020,REG_서귀포시_성산읍,OCCURRED_IN_REGION
AE_FIRE_EM_00021,REG_제주시_구좌읍,OCCURRED_IN_REGION
AE_FIRE_EM_00022,REG_서귀포시_성산읍,OCCURRED_IN_REGION
AE_FIRE_EM_00023,REG_제주시_조천읍,OCCURRED_IN_REGION
AE_FIRE_EM_00024,REG_제주시_조천읍,OCCURRED_IN_REGION
AE_FIRE_EM_00025,REG_제주시_조천읍,OCCURRED_IN_REGION
AE_FIRE_EM_00026,REG_제주시_조천읍,OCCURRED_IN_REGION
AE_FIRE_EM_00027,REG_제주시_노형동,OCCURRED_IN_REGION
AE_FIRE_EM_00028,REG_제주시_외도일동,OCCURRED_IN_REGION
AE_FIRE_EM_00029,REG_제주시_연동,OCCURRED_IN_REGION
AE_FIRE_EM_00030,REG_제주시_도두일동,OCCURRED_IN_REGION
AE_FIRE_EM_00031,REG_제주시_연동,OCCURRED_IN_REGION
AE_FIRE_EM_00032,REG_제주시_도두이동,OCCURRED_IN_REGION
AE_FIRE_EM_00033,REG_제주시_노형동,OCCURRED_IN_REGION
AE_FIRE_EM_00034,REG_제주시_애월읍,OCCURRED_IN_REGION
AE_FIRE_EM_00035,REG_제주시_조천읍,OCCURRED_IN_REGION
AE_FIRE_EM_00036,REG_제주시_용강동,OCCURRED_IN_REGION
AE_FIRE_EM_00037,REG_제주시_조천읍,OCCURRED_IN_REGION
AE_FIRE_EM_00038,REG_제주시_아라이동,OCCURRED_IN_REGION
AE_FIRE_EM_00039,REG_제주시_오등동,OCCURRED_IN_REGION
AE_FIRE_EM_00040,REG_서귀포시_서귀동,OCCURRED_IN_REGION
AE_FIRE_EM_00041,REG_서귀포시_동홍동,OCCURRED_IN_REGION
AE_FIRE_EM_00042,REG_서귀포시_서귀동,OCCURRED_IN_REGION
AE_FIRE_EM_00043,REG_서귀포시_토평동,OCCURRED_IN_REGION
AE_FIRE_EM_00044,REG_서귀포시_서귀동,OCCURRED_IN_REGION
AE_FIRE_EM_00045,REG_서귀포시_회수동,OCCURRED_IN_REGION
AE_FIRE_EM_00046,REG_서귀포시_색달동,OCCURRED_IN_REGION
AE_FIRE_EM_00047,REG_서귀포시_중문동,OCCURRED_IN_REGION
AE_FIRE_EM_00048,REG_서귀포시_안덕면,OCCURRED_IN_REGION
AE_FIRE_EM_00049,REG_서귀포시_색달동,OCCURRED_IN_REGION
AE_FIRE_EM_00050,REG_서귀포시_회수동,OCCURRED_IN_REGION
AE_FIRE_EM_00051,REG_서귀포시_도순동,OCCURRED_IN_REGION
AE_FIRE_EM_00052,REG_제주시_애월읍,OCCURRED_IN_REGION
AE_FIRE_EM_00053,REG_서귀포시_색달동,OCCURRED_IN_REGION
AE_FIRE_EM_00054,REG_서귀포시_성산읍,OCCURRED_IN_REGION
AE_FIRE_EM_00055,REG_서귀포시_성산읍,OCCURRED_IN_REGION
AE_FIRE_EM_00056,REG_제주시_구좌읍,OCCURRED_IN_REGION
AE_FIRE_EM_00057,REG_제주시_구좌읍,OCCURRED_IN_REGION
AE_FIRE_EM_00058,REG_서귀포시_표선면,OCCURRED_IN_REGION
AE_FIRE_EM_00059,REG_서귀포시_남원읍,OCCURRED_IN_REGION
AE_FIRE_EM_00060,REG_서귀포시_남원읍,OCCURRED_IN_REGION
AE_FIRE_EM_00061,REG_서귀포시_표선면,OCCURRED_IN_REGION
AE_FIRE_EM_00062,REG_서귀포시_표선면,OCCURRED_IN_REGION
AE_FIRE_EM_00063,REG_서귀포시_남원읍,OCCURRED_IN_REGION
AE_FIRE_EM_00064,REG_서귀포시_남원읍,OCCURRED_IN_REGION
AE_FIRE_EM_00065,REG_서귀포시_남원읍,OCCURRED_IN_REGION
AE_FIRE_EM_00066,REG_서귀포시_남원읍,OCCURRED_IN_REGION
AE_FIRE_EM_00067,REG_서귀포시_남원읍,OCCURRED_IN_REGION
AE_FIRE_EM_00068,REG_서귀포시_남원읍,OCCURRED_IN_REGION
AE_FIRE_EM_00069,REG_서귀포시_남원읍,OCCURRED_IN_REGION
AE_FIRE_EM_00070,REG_서귀포시_남원읍,OCCURRED_IN_REGION
AE_FIRE_EM_00071,REG_서귀포시_남원읍,OCCURRED_IN_REGION
AE_FIRE_EM_00072,REG_서귀포시_남원읍,OCCURRED_IN_REGION
AE_FIRE_EM_00073,REG_서귀포시_남원읍,OCCURRED_IN_REGION
AE_FIRE_EM_00074,REG_서귀포시_토평동,OCCURRED_IN_REGION
AE_FIRE_EM_00075,REG_서귀포시_남원읍,OCCURRED_IN_REGION
AE_FIRE_EM_00076,REG_서귀포시_남원읍,OCCURRED_IN_REGION
AE_FIRE_EM_00077,REG_서귀포시_보목동,OCCURRED_IN_REGION
AE_FIRE_EM_00078,REG_서귀포시_호근동,OCCURRED_IN_REGION
AE_FIRE_EM_00079,REG_서귀포시_서귀동,OCCURRED_IN_REGION
AE_FIRE_EM_00080,REG_서귀포시_법환동,OCCURRED_IN_REGION
AE_FIRE_EM_00081,REG_제주시_애월읍,OCCURRED_IN_REGION
AE_FIRE_EM_00082,REG_서귀포시_호근동,OCCURRED_IN_REGION
AE_FIRE_EM_00083,REG_서귀포시_중문동,OCCURRED_IN_REGION
AE_FIRE_EM_00084,REG_제주시_건입동,OCCURRED_IN_REGION
AE_FIRE_EM_00085,REG_서귀포시_안덕면,OCCURRED_IN_REGION
AE_FIRE_EM_00086,REG_서귀포시_강정동,OCCURRED_IN_REGION
AE_FIRE_EM_00087,REG_서귀포시_성산읍,OCCURRED_IN_REGION
AE_FIRE_EM_00088,REG_제주시_구좌읍,OCCURRED_IN_REGION
AE_FIRE_EM_00089,REG_서귀포시_성산읍,OCCURRED_IN_REGION
AE_FIRE_EM_00090,REG_서귀포시_성산읍,OCCURRED_IN_REGION
AE_FIRE_EM_00091,REG_제주시_한림읍,OCCURRED_IN_REGION
AE_FIRE_EM_00092,REG_제주시_한림읍,OCCURRED_IN_REGION
AE_FIRE_EM_00093,REG_제주시_한림읍,OCCURRED_IN_REGION
AE_FIRE_EM_00094,REG_제주시_한림읍,OCCURRED_IN_REGION
AE_FIRE_EM_00095,REG_제주시_한림읍,OCCURRED_IN_REGION
AE_FIRE_EM_00096,REG_제주시_한림읍,OCCURRED_IN_REGION
AE_FIRE_EM_00097,REG_제주시_한림읍,OCCURRED_IN_REGION
AE_FIRE_EM_00098,REG_제주시_한림읍,OCCURRED_IN_REGION
AE_FIRE_EM_00099,REG_제주시_애월읍,OCCURRED_IN_REGION
AE_FIRE_EM_00100,REG_제주시_한림읍,OCCURRED_IN_REGION
AE_FIRE_EM_00101,REG_제주시_한림읍,OCCURRED_IN_REGION
AE_FIRE_EM_00102,REG_제주시_한림읍,OCCURRED_IN_REGION
AE_FIRE_EM_00103,REG_제주시_한림읍,OCCURRED_IN_REGION
AE_FIRE_EM_00104,REG_제주시_한림읍,OCCURRED_IN_REGION
AE_FIRE_EM_00105,REG_서귀포시_남원읍,OCCURRED_IN_REGION
AE_FIRE_EM_00106,REG_제주시_애월읍,OCCURRED_IN_REGION
AE_FIRE_EM_00107,REG_제주시_애월읍,OCCURRED_IN_REGION
AE_FIRE_EM_00108,REG_제주시_애월읍,OCCURRED_IN_REGION
AE_FIRE_EM_00109,REG_제주시_애월읍,OCCURRED_IN_REGION
AE_FIRE_EM_00110,REG_제주시_애월읍,OCCURRED_IN_REGION
AE_FIRE_EM_00111,REG_제주시_한림읍,OCCURRED_IN_REGION
AE_FIRE_EM_00112,REG_제주시_한경면,OCCURRED_IN_REGION
AE_FIRE_EM_00113,REG_서귀포시_대정읍,OCCURRED_IN_REGION
AE_FIRE_EM_00114,REG_제주시_한경면,OCCURRED_IN_REGION
AE_FIRE_EM_00115,REG_제주시_한경면,OCCURRED_IN_REGION
AE_FIRE_EM_00116,REG_서귀포시_대정읍,OCCURRED_IN_REGION
AE_FIRE_EM_00117,REG_서귀포시_대정읍,OCCURRED_IN_REGION
AE_FIRE_EM_00118,REG_서귀포시_안덕면,OCCURRED_IN_REGION
AE_FIRE_EM_00119,REG_서귀포시_색달동,OCCURRED_IN_REGION
AE_FIRE_EM_00120,REG_서귀포시_안덕면,OCCURRED_IN_REGION
AE_FIRE_EM_00121,REG_서귀포시_안덕면,OCCURRED_IN_REGION
AE_FIRE_EM_00122,REG_서귀포시_안덕면,OCCURRED_IN_REGION
AE_FIRE_EM_00123,REG_서귀포시_대정읍,OCCURRED_IN_REGION
AE_FIRE_EM_00124,REG_서귀포시_대정읍,OCCURRED_IN_REGION
AE_FIRE_EM_00125,REG_서귀포시_안덕면,OCCURRED_IN_REGION
AE_FIRE_EM_00126,REG_서귀포시_대정읍,OCCURRED_IN_REGION
AE_FIRE_EM_00127,REG_서귀포시_표선면,OCCURRED_IN_REGION
AE_FIRE_EM_00128,REG_제주시_도두일동,OCCURRED_IN_REGION
AE_FIRE_EM_00129,REG_제주시_한림읍,OCCURRED_IN_REGION
AE_FIRE_EM_00130,REG_제주시_애월읍,OCCURRED_IN_REGION
AE_FIRE_EM_00131,REG_제주시_우도면,OCCURRED_IN_REGION
AE_FIRE_EM_00132,REG_제주시_이도이동,OCCURRED_IN_REGION
AE_FIRE_EM_00133,REG_제주시_한림읍,OCCURRED_IN_REGION
AE_FIRE_EM_00134,REG_제주시_애월읍,OCCURRED_IN_REGION
AE_FIRE_EM_00135,REG_제주시_도남동,OCCURRED_IN_REGION
AE_FIRE_EM_00136,REG_제주시_도남동,OCCURRED_IN_REGION
AE_FIRE_EM_00137,REG_제주시_용담삼동,OCCURRED_IN_REGION
AE_FIRE_EM_00138,REG_서귀포시_남원읍,OCCURRED_IN_REGION
AE_FIRE_EM_00139,REG_제주시_일도이동,OCCURRED_IN_REGION
AE_FIRE_EM_00140,REG_제주시_용담삼동,OCCURRED_IN_REGION
AE_FIRE_EM_00141,REG_제주시_용담이동,OCCURRED_IN_REGION
AE_FIRE_EM_00142,REG_제주시_일도이동,OCCURRED_IN_REGION
AE_FIRE_EM_00143,REG_제주시_도두일동,OCCURRED_IN_REGION
AE_FIRE_EM_00144,REG_제주시_도두일동,OCCURRED_IN_REGION
AE_FIRE_EM_00145,REG_제주시_오라이동,OCCURRED_IN_REGION
AE_FIRE_EM_00146,REG_제주시_오라일동,OCCURRED_IN_REGION
AE_FIRE_EM_00147,REG_제주시_해안동,OCCURRED_IN_REGION
AE_FIRE_EM_00148,REG_제주시_연동,OCCURRED_IN_REGION
AE_FIRE_EM_00149,REG_제주시_연동,OCCURRED_IN_REGION
AE_FIRE_EM_00150,REG_제주시_연동,OCCURRED_IN_REGION
AE_FIRE_EM_00151,REG_서귀포시_강정동,OCCURRED_IN_REGION
AE_FIRE_EM_00152,REG_제주시_건입동,OCCURRED_IN_REGION
AE_FIRE_EM_00153,REG_제주시_애월읍,OCCURRED_IN_REGION
AE_FIRE_EM_00154,REG_제주시_화북이동,OCCURRED_IN_REGION
AE_FIRE_EM_00155,REG_제주시_화북일동,OCCURRED_IN_REGION
AE_FIRE_EM_00156,REG_제주시_화북이동,OCCURRED_IN_REGION
AE_FIRE_EM_00157,REG_제주시_도련이동,OCCURRED_IN_REGION
AE_FIRE_EM_00158,REG_제주시_도련이동,OCCURRED_IN_REGION
AE_FIRE_EM_00159,REG_제주시_일도일동,OCCURRED_IN_REGION
AE_FIRE_EM_00160,REG_제주시_일도일동,OCCURRED_IN_REGION
AE_FIRE_EM_00161,REG_제주시_구좌읍,OCCURRED_IN_REGION
AE_FIRE_EM_00162,REG_서귀포시_성산읍,OCCURRED_IN_REGION
AE_FIRE_EM_00163,REG_서귀포시_성산읍,OCCURRED_IN_REGION
AE_FIRE_EM_00164,REG_제주시_구좌읍,OCCURRED_IN_REGION
AE_FIRE_EM_00165,REG_제주시_조천읍,OCCURRED_IN_REGION
AE_FIRE_EM_00166,REG_제주시_조천읍,OCCURRED_IN_REGION
AE_FIRE_EM_00167,REG_제주시_조천읍,OCCURRED_IN_REGION
AE_FIRE_EM_00168,REG_제주시_연동,OCCURRED_IN_REGION
AE_FIRE_EM_00169,REG_제주시_애월읍,OCCURRED_IN_REGION
AE_FIRE_EM_00170,REG_제주시_노형동,OCCURRED_IN_REGION
AE_FIRE_EM_00171,REG_제주시_애월읍,OCCURRED_IN_REGION
AE_FIRE_EM_00172,REG_제주시_애월읍,OCCURRED_IN_REGION
AE_FIRE_EM_00173,REG_제주시_오등동,OCCURRED_IN_REGION
AE_FIRE_EM_00174,REG_제주시_노형동,OCCURRED_IN_REGION
AE_FIRE_EM_00175,REG_제주시_노형동,OCCURRED_IN_REGION
AE_FIRE_EM_00176,REG_제주시_조천읍,OCCURRED_IN_REGION
AE_FIRE_EM_00177,REG_제주시_외도이동,OCCURRED_IN_REGION
AE_FIRE_EM_00178,REG_제주시_외도이동,OCCURRED_IN_REGION
AE_FIRE_EM_00179,REG_제주시_외도이동,OCCURRED_IN_REGION
AE_FIRE_EM_00180,REG_제주시_외도이동,OCCURRED_IN_REGION
AE_FIRE_EM_00181,REG_제주시_화북이동,OCCURRED_IN_REGION
AE_FIRE_EM_00182,REG_제주시_화북이동,OCCURRED_IN_REGION
AE_FIRE_EM_00183,REG_제주시_조천읍,OCCURRED_IN_REGION
AE_FIRE_EM_00184,REG_제주시_조천읍,OCCURRED_IN_REGION
AE_FIRE_EM_00185,REG_서귀포시_동홍동,OCCURRED_IN_REGION
AE_FIRE_EM_00186,REG_서귀포시_서귀동,OCCURRED_IN_REGION
AE_FIRE_EM_00187,REG_서귀포시_서귀동,OCCURRED_IN_REGION
AE_FIRE_EM_00188,REG_서귀포시_서호동,OCCURRED_IN_REGION
AE_FIRE_EM_00189,REG_제주시_애월읍,OCCURRED_IN_REGION
AE_FIRE_EM_00190,REG_서귀포시_서귀동,OCCURRED_IN_REGION
AE_FIRE_EM_00191,REG_서귀포시_안덕면,OCCURRED_IN_REGION
AE_FIRE_EM_00192,REG_서귀포시_안덕면,OCCURRED_IN_REGION
AE_FIRE_EM_00193,REG_서귀포시_색달동,OCCURRED_IN_REGION
AE_FIRE_EM_00194,REG_서귀포시_중문동,OCCURRED_IN_REGION
AE_FIRE_EM_00195,REG_서귀포시_하원동,OCCURRED_IN_REGION
AE_FIRE_EM_00196,REG_서귀포시_성산읍,OCCURRED_IN_REGION
AE_FIRE_EM_00197,REG_서귀포시_성산읍,OCCURRED_IN_REGION
AE_FIRE_EM_00198,REG_서귀포시_성산읍,OCCURRED_IN_REGION
AE_FIRE_EM_00199,REG_서귀포시_성산읍,OCCURRED_IN_REGION
AE_FIRE_EM_00200,REG_서귀포시_성산읍,OCCURRED_IN_REGION
AE_FIRE_EM_00201,REG_서귀포시_성산읍,OCCURRED_IN_REGION
AE_FIRE_EM_00202,REG_제주시_우도면,OCCURRED_IN_REGION
AE_FIRE_EM_00203,REG_서귀포시_성산읍,OCCURRED_IN_REGION
AE_FIRE_EM_00204,REG_서귀포시_남원읍,OCCURRED_IN_REGION
AE_FIRE_EM_00205,REG_서귀포시_성산읍,OCCURRED_IN_REGION
AE_FIRE_EM_00206,REG_서귀포시_남원읍,OCCURRED_IN_REGION
AE_FIRE_EM_00207,REG_서귀포시_남원읍,OCCURRED_IN_REGION
AE_FIRE_EM_00208,REG_서귀포시_표선면,OCCURRED_IN_REGION
AE_FIRE_EM_00209,REG_서귀포시_신효동,OCCURRED_IN_REGION
AE_FIRE_EM_00210,REG_서귀포시_상효동,OCCURRED_IN_REGION
AE_FIRE_EM_00211,REG_서귀포시_서귀동,OCCURRED_IN_REGION
AE_FIRE_EM_00212,REG_서귀포시_강정동,OCCURRED_IN_REGION
AE_FIRE_EM_00213,REG_서귀포시_하원동,OCCURRED_IN_REGION
AE_FIRE_EM_00214,REG_서귀포시_중문동,OCCURRED_IN_REGION
AE_FIRE_EM_00215,REG_서귀포시_대포동,OCCURRED_IN_REGION
AE_FIRE_EM_00216,REG_서귀포시_성산읍,OCCURRED_IN_REGION
AE_FIRE_EM_00217,REG_제주시_구좌읍,OCCURRED_IN_REGION
AE_FIRE_EM_00218,REG_서귀포시_표선면,OCCURRED_IN_REGION
AE_FIRE_EM_00219,REG_서귀포시_표선면,OCCURRED_IN_REGION
AE_FIRE_EM_00220,REG_제주시_구좌읍,OCCURRED_IN_REGION
AE_FIRE_EM_00221,REG_제주시_한림읍,OCCURRED_IN_REGION
AE_FIRE_EM_00222,REG_제주시_한림읍,OCCURRED_IN_REGION
AE_FIRE_EM_00223,REG_제주시_한림읍,OCCURRED_IN_REGION
AE_FIRE_EM_00224,REG_제주시_한림읍,OCCURRED_IN_REGION
AE_FIRE_EM_00225,REG_제주시_애월읍,OCCURRED_IN_REGION
AE_FIRE_EM_00226,REG_제주시_한림읍,OCCURRED_IN_REGION
AE_FIRE_EM_00227,REG_제주시_애월읍,OCCURRED_IN_REGION
AE_FIRE_EM_00228,REG_제주시_애월읍,OCCURRED_IN_REGION
AE_FIRE_EM_00229,REG_제주시_조천읍,OCCURRED_IN_REGION
AE_FIRE_EM_00230,REG_제주시_애월읍,OCCURRED_IN_REGION
AE_FIRE_EM_00231,REG_제주시_애월읍,OCCURRED_IN_REGION
AE_FIRE_EM_00232,REG_제주시_애월읍,OCCURRED_IN_REGION
AE_FIRE_EM_00233,REG_제주시_애월읍,OCCURRED_IN_REGION
AE_FIRE_EM_00234,REG_제주시_애월읍,OCCURRED_IN_REGION
AE_FIRE_EM_00235,REG_제주시_애월읍,OCCURRED_IN_REGION
AE_FIRE_EM_00236,REG_제주시_애월읍,OCCURRED_IN_REGION
AE_FIRE_EM_00237,REG_제주시_애월읍,OCCURRED_IN_REGION
AE_FIRE_EM_00238,REG_제주시_한경면,OCCURRED_IN_REGION
AE_FIRE_EM_00239,REG_제주시_한경면,OCCURRED_IN_REGION
AE_FIRE_EM_00240,REG_제주시_조천읍,OCCURRED_IN_REGION
AE_FIRE_EM_00241,REG_서귀포시_대정읍,OCCURRED_IN_REGION
AE_FIRE_EM_00242,REG_서귀포시_대정읍,OCCURRED_IN_REGION
AE_FIRE_EM_00243,REG_서귀포시_안덕면,OCCURRED_IN_REGION
AE_FIRE_EM_00244,REG_서귀포시_안덕면,OCCURRED_IN_REGION
AE_FIRE_EM_00245,REG_서귀포시_안덕면,OCCURRED_IN_REGION
AE_FIRE_EM_00246,REG_서귀포시_안덕면,OCCURRED_IN_REGION
AE_FIRE_EM_00247,REG_서귀포시_대포동,OCCURRED_IN_REGION
AE_FIRE_EM_00248,REG_서귀포시_안덕면,OCCURRED_IN_REGION
AE_FIRE_EM_00249,REG_서귀포시_안덕면,OCCURRED_IN_REGION
AE_FIRE_EM_00250,REG_서귀포시_안덕면,OCCURRED_IN_REGION
AE_FIRE_EM_00251,REG_서귀포시_안덕면,OCCURRED_IN_REGION
AE_FIRE_EM_00252,REG_서귀포시_안덕면,OCCURRED_IN_REGION
AE_FIRE_EM_00253,REG_서귀포시_안덕면,OCCURRED_IN_REGION
AE_FIRE_EM_00254,REG_서귀포시_하예동,OCCURRED_IN_REGION
AE_FIRE_EM_00255,REG_서귀포시_안덕면,OCCURRED_IN_REGION
AE_FIRE_EM_00256,REG_서귀포시_색달동,OCCURRED_IN_REGION
AE_FIRE_EM_00257,REG_제주시_한림읍,OCCURRED_IN_REGION
AE_FIRE_EM_00258,REG_제주시_한림읍,OCCURRED_IN_REGION
AE_FIRE_EM_00259,REG_제주시_애월읍,OCCURRED_IN_REGION
AE_FIRE_EM_00260,REG_서귀포시_안덕면,OCCURRED_IN_REGION
AE_FIRE_EM_00261,REG_서귀포시_안덕면,OCCURRED_IN_REGION
AE_FIRE_EM_00262,REG_서귀포시_안덕면,OCCURRED_IN_REGION
AE_FIRE_EM_00263,REG_제주시_아라일동,OCCURRED_IN_REGION
AE_FIRE_EM_00264,REG_서귀포시_대정읍,OCCURRED_IN_REGION
AE_FIRE_EM_00265,REG_제주시_우도면,OCCURRED_IN_REGION
AE_FIRE_EM_00266,REG_서귀포시_성산읍,OCCURRED_IN_REGION
AE_FIRE_EM_00267,REG_제주시_우도면,OCCURRED_IN_REGION
AE_FIRE_EM_00268,REG_제주시_우도면,OCCURRED_IN_REGION
AE_FIRE_EM_00269,REG_제주시_우도면,OCCURRED_IN_REGION
AE_FIRE_EM_00270,REG_서귀포시_표선면,OCCURRED_IN_REGION
AE_FIRE_EM_00271,REG_제주시_한림읍,OCCURRED_IN_REGION
AE_FIRE_EM_00272,REG_제주시_애월읍,OCCURRED_IN_REGION
AE_FIRE_EM_00273,REG_제주시_애월읍,OCCURRED_IN_REGION
AE_FIRE_EM_00274,REG_제주시_애월읍,OCCURRED_IN_REGION
AE_FIRE_EM_00275,REG_제주시_한경면,OCCURRED_IN_REGION
AE_FIRE_EM_00276,REG_서귀포시_안덕면,OCCURRED_IN_REGION
AE_FIRE_EM_00277,REG_서귀포시_안덕면,OCCURRED_IN_REGION
AE_FIRE_EM_00278,REG_제주시_건입동,OCCURRED_IN_REGION
AE_FIRE_EM_00279,REG_제주시_오라이동,OCCURRED_IN_REGION
AE_FIRE_EM_00280,REG_서귀포시_대정읍,OCCURRED_IN_REGION
AE_FIRE_EM_00281,REG_서귀포시_색달동,OCCURRED_IN_REGION
AE_FIRE_EM_00282,REG_서귀포시_표선면,OCCURRED_IN_REGION
AE_FIRE_EM_00283,REG_제주시_건입동,OCCURRED_IN_REGION
AE_FIRE_EM_00284,REG_제주시_삼도이동,OCCURRED_IN_REGION
AE_FIRE_EM_00285,REG_제주시_삼도일동,OCCURRED_IN_REGION
AE_FIRE_EM_00286,REG_제주시_용담이동,OCCURRED_IN_REGION
AE_FIRE_EM_00287,REG_제주시_노형동,OCCURRED_IN_REGION
AE_FIRE_EM_00288,REG_제주시_연동,OCCURRED_IN_REGION
AE_FIRE_EM_00289,REG_제주시_연동,OCCURRED_IN_REGION
AE_FIRE_EM_00290,REG_제주시_연동,OCCURRED_IN_REGION
AE_FIRE_EM_00291,REG_제주시_조천읍,OCCURRED_IN_REGION
AE_FIRE_EM_00292,REG_서귀포시_강정동,OCCURRED_IN_REGION
AE_FIRE_EM_00293,REG_서귀포시_성산읍,OCCURRED_IN_REGION
AE_FIRE_EM_00294,REG_제주시_회천동,OCCURRED_IN_REGION
AE_FIRE_EM_00295,REG_제주시_애월읍,OCCURRED_IN_REGION
AE_FIRE_EM_00296,REG_서귀포시_성산읍,OCCURRED_IN_REGION
AE_FIRE_EM_00297,REG_서귀포시_성산읍,OCCURRED_IN_REGION
AE_FIRE_EM_00298,REG_서귀포시_성산읍,OCCURRED_IN_REGION
AE_FIRE_EM_00299,REG_제주시_구좌읍,OCCURRED_IN_REGION
AE_FIRE_EM_00300,REG_제주시_구좌읍,OCCURRED_IN_REGION
AE_FIRE_EM_00301,REG_서귀포시_성산읍,OCCURRED_IN_REGION
AE_FIRE_EM_00302,REG_서귀포시_성산읍,OCCURRED_IN_REGION
AE_FIRE_EM_00303,REG_서귀포시_성산읍,OCCURRED_IN_REGION
AE_FIRE_EM_00304,REG_서귀포시_성산읍,OCCURRED_IN_REGION
AE_FIRE_EM_00305,REG_제주시_조천읍,OCCURRED_IN_REGION
AE_FIRE_EM_00306,REG_서귀포시_성산읍,OCCURRED_IN_REGION
AE_FIRE_EM_00307,REG_제주시_조천읍,OCCURRED_IN_REGION
AE_FIRE_EM_00308,REG_제주시_도두일동,OCCURRED_IN_REGION
AE_FIRE_EM_00309,REG_제주시_용담일동,OCCURRED_IN_REGION
AE_FIRE_EM_00310,REG_제주시_노형동,OCCURRED_IN_REGION
AE_FIRE_EM_00311,REG_제주시_노형동,OCCURRED_IN_REGION
AE_FIRE_EM_00312,REG_제주시_도두일동,OCCURRED_IN_REGION
AE_FIRE_EM_00313,REG_제주시_연동,OCCURRED_IN_REGION
AE_FIRE_EM_00314,REG_제주시_용담이동,OCCURRED_IN_REGION
AE_FIRE_EM_00315,REG_서귀포시_성산읍,OCCURRED_IN_REGION
AE_FIRE_EM_00316,REG_제주시_도두일동,OCCURRED_IN_REGION
AE_FIRE_EM_00317,REG_제주시_연동,OCCURRED_IN_REGION
AE_FIRE_EM_00318,REG_제주시_연동,OCCURRED_IN_REGION
AE_FIRE_EM_00319,REG_제주시_아라일동,OCCURRED_IN_REGION
AE_FIRE_EM_00320,REG_제주시_조천읍,OCCURRED_IN_REGION
AE_FIRE_EM_00321,REG_제주시_애월읍,OCCURRED_IN_REGION
AE_FIRE_EM_00322,REG_제주시_구좌읍,OCCURRED_IN_REGION
AE_FIRE_EM_00323,REG_서귀포시_성산읍,OCCURRED_IN_REGION
AE_FIRE_EM_00324,REG_제주시_구좌읍,OCCURRED_IN_REGION
AE_FIRE_EM_00325,REG_제주시_구좌읍,OCCURRED_IN_REGION
AE_FIRE_EM_00326,REG_제주시_우도면,OCCURRED_IN_REGION
AE_FIRE_EM_00327,REG_서귀포시_서귀동,OCCURRED_IN_REGION
AE_FIRE_EM_00328,REG_서귀포시_서귀동,OCCURRED_IN_REGION
AE_FIRE_EM_00329,REG_서귀포시_서귀동,OCCURRED_IN_REGION
AE_FIRE_EM_00330,REG_서귀포시_남원읍,OCCURRED_IN_REGION
AE_FIRE_EM_00331,REG_서귀포시_서홍동,OCCURRED_IN_REGION
AE_FIRE_EM_00332,REG_서귀포시_서귀동,OCCURRED_IN_REGION
AE_FIRE_EM_00333,REG_서귀포시_서귀동,OCCURRED_IN_REGION
AE_FIRE_EM_00334,REG_서귀포시_중문동,OCCURRED_IN_REGION
AE_FIRE_EM_00335,REG_서귀포시_서귀동,OCCURRED_IN_REGION
AE_FIRE_EM_00336,REG_서귀포시_색달동,OCCURRED_IN_REGION
AE_FIRE_EM_00337,REG_서귀포시_서귀동,OCCURRED_IN_REGION
AE_FIRE_EM_00338,REG_서귀포시_서귀동,OCCURRED_IN_REGION
AE_FIRE_EM_00339,REG_서귀포시_성산읍,OCCURRED_IN_REGION
AE_FIRE_EM_00340,REG_서귀포시_안덕면,OCCURRED_IN_REGION
AE_FIRE_EM_00341,REG_제주시_우도면,OCCURRED_IN_REGION
AE_FIRE_EM_00342,REG_서귀포시_성산읍,OCCURRED_IN_REGION
AE_FIRE_EM_00343,REG_서귀포시_성산읍,OCCURRED_IN_REGION
AE_FIRE_EM_00344,REG_서귀포시_성산읍,OCCURRED_IN_REGION
AE_FIRE_EM_00345,REG_서귀포시_성산읍,OCCURRED_IN_REGION
AE_FIRE_EM_00346,REG_서귀포시_남원읍,OCCURRED_IN_REGION
AE_FIRE_EM_00347,REG_서귀포시_성산읍,OCCURRED_IN_REGION
AE_FIRE_EM_00348,REG_서귀포시_성산읍,OCCURRED_IN_REGION
AE_FIRE_EM_00349,REG_서귀포시_성산읍,OCCURRED_IN_REGION
AE_FIRE_EM_00350,REG_서귀포시_성산읍,OCCURRED_IN_REGION
AE_FIRE_EM_00351,REG_서귀포시_성산읍,OCCURRED_IN_REGION
AE_FIRE_EM_00352,REG_제주시_조천읍,OCCURRED_IN_REGION
AE_FIRE_EM_00353,REG_서귀포시_성산읍,OCCURRED_IN_REGION
AE_FIRE_EM_00354,REG_서귀포시_성산읍,OCCURRED_IN_REGION
AE_FIRE_EM_00355,REG_서귀포시_남원읍,OCCURRED_IN_REGION
AE_FIRE_EM_00356,REG_서귀포시_남원읍,OCCURRED_IN_REGION
AE_FIRE_EM_00357,REG_제주시_조천읍,OCCURRED_IN_REGION
AE_FIRE_EM_00358,REG_서귀포시_남원읍,OCCURRED_IN_REGION
AE_FIRE_EM_00359,REG_서귀포시_남원읍,OCCURRED_IN_REGION
AE_FIRE_EM_00360,REG_서귀포시_남원읍,OCCURRED_IN_REGION
AE_FIRE_EM_00361,REG_서귀포시_남원읍,OCCURRED_IN_REGION
AE_FIRE_EM_00362,REG_서귀포시_남원읍,OCCURRED_IN_REGION
AE_FIRE_EM_00363,REG_서귀포시_상효동,OCCURRED_IN_REGION
AE_FIRE_EM_00364,REG_제주시_연동,OCCURRED_IN_REGION
AE_FIRE_EM_00365,REG_서귀포시_하원동,OCCURRED_IN_REGION
AE_FIRE_EM_00366,REG_서귀포시_하원동,OCCURRED_IN_REGION
AE_FIRE_EM_00367,REG_서귀포시_강정동,OCCURRED_IN_REGION
AE_FIRE_EM_00368,REG_제주시_노형동,OCCURRED_IN_REGION
AE_FIRE_EM_00369,REG_제주시_애월읍,OCCURRED_IN_REGION
AE_FIRE_EM_00370,REG_서귀포시_성산읍,OCCURRED_IN_REGION
AE_FIRE_EM_00371,REG_서귀포시_성산읍,OCCURRED_IN_REGION
AE_FIRE_EM_00372,REG_서귀포시_표선면,OCCURRED_IN_REGION
AE_FIRE_EM_00373,REG_서귀포시_표선면,OCCURRED_IN_REGION
AE_FIRE_EM_00374,REG_제주시_조천읍,OCCURRED_IN_REGION
AE_FIRE_EM_00375,REG_서귀포시_성산읍,OCCURRED_IN_REGION
AE_FIRE_EM_00376,REG_제주시_한림읍,OCCURRED_IN_REGION
AE_FIRE_EM_00377,REG_제주시_한림읍,OCCURRED_IN_REGION
AE_FIRE_EM_00378,REG_제주시_한경면,OCCURRED_IN_REGION
AE_FIRE_EM_00379,REG_제주시_한림읍,OCCURRED_IN_REGION
AE_FIRE_EM_00380,REG_서귀포시_안덕면,OCCURRED_IN_REGION
AE_FIRE_EM_00381,REG_제주시_한림읍,OCCURRED_IN_REGION
AE_FIRE_EM_00382,REG_제주시_한림읍,OCCURRED_IN_REGION
AE_FIRE_EM_00383,REG_제주시_한림읍,OCCURRED_IN_REGION
AE_FIRE_EM_00384,REG_제주시_애월읍,OCCURRED_IN_REGION
AE_FIRE_EM_00385,REG_제주시_애월읍,OCCURRED_IN_REGION
AE_FIRE_EM_00386,REG_제주시_애월읍,OCCURRED_IN_REGION
AE_FIRE_EM_00387,REG_제주시_애월읍,OCCURRED_IN_REGION
AE_FIRE_EM_00388,REG_제주시_애월읍,OCCURRED_IN_REGION
AE_FIRE_EM_00389,REG_제주시_애월읍,OCCURRED_IN_REGION
AE_FIRE_EM_00390,REG_제주시_연동,OCCURRED_IN_REGION
AE_FIRE_EM_00391,REG_제주시_한경면,OCCURRED_IN_REGION
AE_FIRE_EM_00392,REG_제주시_용담이동,OCCURRED_IN_REGION
AE_FIRE_EM_00393,REG_서귀포시_대정읍,OCCURRED_IN_REGION
AE_FIRE_EM_00394,REG_서귀포시_대정읍,OCCURRED_IN_REGION
AE_FIRE_EM_00395,REG_서귀포시_하예동,OCCURRED_IN_REGION
AE_FIRE_EM_00396,REG_서귀포시_안덕면,OCCURRED_IN_REGION
AE_FIRE_EM_00397,REG_서귀포시_안덕면,OCCURRED_IN_REGION
AE_FIRE_EM_00398,REG_서귀포시_안덕면,OCCURRED_IN_REGION
AE_FIRE_EM_00399,REG_제주시_조천읍,OCCURRED_IN_REGION
AE_FIRE_EM_00400,REG_서귀포시_안덕면,OCCURRED_IN_REGION
AE_FIRE_EM_00401,REG_서귀포시_안덕면,OCCURRED_IN_REGION
AE_FIRE_EM_00402,REG_서귀포시_안덕면,OCCURRED_IN_REGION
AE_FIRE_EM_00403,REG_서귀포시_안덕면,OCCURRED_IN_REGION
AE_FIRE_EM_00404,REG_서귀포시_안덕면,OCCURRED_IN_REGION
AE_FIRE_EM_00405,REG_서귀포시_하예동,OCCURRED_IN_REGION
AE_FIRE_EM_00406,REG_서귀포시_대정읍,OCCURRED_IN_REGION
AE_FIRE_EM_00407,REG_서귀포시_대정읍,OCCURRED_IN_REGION
AE_FIRE_EM_00408,REG_서귀포시_안덕면,OCCURRED_IN_REGION
AE_FIRE_EM_00409,REG_서귀포시_안덕면,OCCURRED_IN_REGION
AE_FIRE_EM_00410,REG_서귀포시_안덕면,OCCURRED_IN_REGION
AE_FIRE_EM_00411,REG_서귀포시_색달동,OCCURRED_IN_REGION
AE_FIRE_EM_00412,REG_서귀포시_표선면,OCCURRED_IN_REGION
AE_FIRE_EM_00413,REG_제주시_우도면,OCCURRED_IN_REGION
AE_FIRE_EM_00414,REG_제주시_우도면,OCCURRED_IN_REGION
AE_FIRE_EM_00415,REG_제주시_우도면,OCCURRED_IN_REGION
AE_FIRE_EM_00416,REG_제주시_우도면,OCCURRED_IN_REGION
AE_FIRE_EM_00417,REG_제주시_우도면,OCCURRED_IN_REGION
AE_FIRE_EM_00418,REG_제주시_우도면,OCCURRED_IN_REGION
AE_FIRE_EM_00419,REG_제주시_구좌읍,OCCURRED_IN_REGION
AE_FIRE_EM_00420,REG_서귀포시_성산읍,OCCURRED_IN_REGION
AE_FIRE_EM_00421,REG_제주시_우도면,OCCURRED_IN_REGION
AE_FIRE_EM_00422,REG_제주시_조천읍,OCCURRED_IN_REGION
AE_FIRE_EM_00423,REG_서귀포시_성산읍,OCCURRED_IN_REGION
AE_FIRE_EM_00424,REG_제주시_이도이동,OCCURRED_IN_REGION
AE_FIRE_EM_00425,REG_제주시_아라일동,OCCURRED_IN_REGION
AE_FIRE_EM_00426,REG_제주시_건입동,OCCURRED_IN_REGION
AE_FIRE_EM_00427,REG_제주시_도련이동,OCCURRED_IN_REGION
AE_FIRE_EM_00428,REG_제주시_도련이동,OCCURRED_IN_REGION
AE_FIRE_EM_00429,REG_제주시_용담일동,OCCURRED_IN_REGION
AE_FIRE_EM_00430,REG_제주시_건입동,OCCURRED_IN_REGION
AE_FIRE_EM_00431,REG_제주시_도남동,OCCURRED_IN_REGION
AE_FIRE_EM_00432,REG_제주시_용담삼동,OCCURRED_IN_REGION
AE_FIRE_EM_00433,REG_제주시_삼도이동,OCCURRED_IN_REGION
AE_FIRE_EM_00434,REG_제주시_삼도일동,OCCURRED_IN_REGION
AE_FIRE_EM_00435,REG_제주시_건입동,OCCURRED_IN_REGION
AE_FIRE_EM_00436,REG_제주시_용담이동,OCCURRED_IN_REGION
AE_FIRE_EM_00437,REG_제주시_도련일동,OCCURRED_IN_REGION
AE_FIRE_EM_00438,REG_제주시_일도이동,OCCURRED_IN_REGION
AE_FIRE_EM_00439,REG_제주시_봉개동,OCCURRED_IN_REGION
AE_FIRE_EM_00440,REG_제주시_조천읍,OCCURRED_IN_REGION
AE_FIRE_EM_00441,REG_제주시_연동,OCCURRED_IN_REGION
AE_FIRE_EM_00442,REG_제주시_건입동,OCCURRED_IN_REGION
AE_FIRE_EM_00443,REG_제주시_노형동,OCCURRED_IN_REGION
AE_FIRE_EM_00444,REG_제주시_삼도일동,OCCURRED_IN_REGION
AE_FIRE_EM_00445,REG_서귀포시_표선면,OCCURRED_IN_REGION
AE_FIRE_EM_00446,REG_제주시_삼도이동,OCCURRED_IN_REGION
AE_FIRE_EM_00447,REG_제주시_연동,OCCURRED_IN_REGION
AE_FIRE_EM_00448,REG_제주시_건입동,OCCURRED_IN_REGION
AE_FIRE_EM_00449,REG_제주시_연동,OCCURRED_IN_REGION
AE_FIRE_EM_00450,REG_제주시_연동,OCCURRED_IN_REGION
AE_FIRE_EM_00451,REG_제주시_연동,OCCURRED_IN_REGION
AE_FIRE_EM_00452,REG_제주시_도두일동,OCCURRED_IN_REGION
AE_FIRE_EM_00453,REG_서귀포시_강정동,OCCURRED_IN_REGION
AE_FIRE_EM_00454,REG_제주시_용담이동,OCCURRED_IN_REGION
AE_FIRE_EM_00455,REG_제주시_노형동,OCCURRED_IN_REGION
AE_FIRE_EM_00456,REG_제주시_연동,OCCURRED_IN_REGION
AE_FIRE_EM_00457,REG_제주시_애월읍,OCCURRED_IN_REGION
AE_FIRE_EM_00458,REG_서귀포시_안덕면,OCCURRED_IN_REGION
AE_FIRE_EM_00459,REG_서귀포시_안덕면,OCCURRED_IN_REGION
AE_FIRE_EM_00460,REG_제주시_삼도이동,OCCURRED_IN_REGION
AE_FIRE_EM_00461,REG_제주시_구좌읍,OCCURRED_IN_REGION
AE_FIRE_EM_00462,REG_제주시_화북이동,OCCURRED_IN_REGION
AE_FIRE_EM_00463,REG_제주시_봉개동,OCCURRED_IN_REGION
AE_FIRE_EM_00464,REG_제주시_화북일동,OCCURRED_IN_REGION
AE_FIRE_EM_00465,REG_제주시_조천읍,OCCURRED_IN_REGION
AE_FIRE_EM_00466,REG_서귀포시_성산읍,OCCURRED_IN_REGION
AE_FIRE_EM_00467,REG_제주시_구좌읍,OCCURRED_IN_REGION
AE_FIRE_EM_00468,REG_제주시_조천읍,OCCURRED_IN_REGION
AE_FIRE_EM_00469,REG_제주시_구좌읍,OCCURRED_IN_REGION
AE_FIRE_EM_00470,REG_서귀포시_성산읍,OCCURRED_IN_REGION
AE_FIRE_EM_00471,REG_제주시_구좌읍,OCCURRED_IN_REGION
AE_FIRE_EM_00472,REG_제주시_구좌읍,OCCURRED_IN_REGION
AE_FIRE_EM_00473,REG_서귀포시_성산읍,OCCURRED_IN_REGION
AE_FIRE_EM_00474,REG_서귀포시_성산읍,OCCURRED_IN_REGION
AE_FIRE_EM_00475,REG_서귀포시_성산읍,OCCURRED_IN_REGION
AE_FIRE_EM_00476,REG_제주시_구좌읍,OCCURRED_IN_REGION
AE_FIRE_EM_00477,REG_서귀포시_성산읍,OCCURRED_IN_REGION
AE_FIRE_EM_00478,REG_서귀포시_성산읍,OCCURRED_IN_REGION
AE_FIRE_EM_00479,REG_서귀포시_성산읍,OCCURRED_IN_REGION
AE_FIRE_EM_00480,REG_서귀포시_성산읍,OCCURRED_IN_REGION
AE_FIRE_EM_00481,REG_제주시_조천읍,OCCURRED_IN_REGION
AE_FIRE_EM_00482,REG_제주시_조천읍,OCCURRED_IN_REGION
AE_FIRE_EM_00483,REG_제주시_조천읍,OCCURRED_IN_REGION
AE_FIRE_EM_00484,REG_제주시_조천읍,OCCURRED_IN_REGION
AE_FIRE_EM_00485,REG_제주시_조천읍,OCCURRED_IN_REGION
AE_FIRE_EM_00486,REG_제주시_조천읍,OCCURRED_IN_REGION
AE_FIRE_EM_00487,REG_서귀포시_성산읍,OCCURRED_IN_REGION
AE_FIRE_EM_00488,REG_제주시_조천읍,OCCURRED_IN_REGION
AE_FIRE_EM_00489,REG_제주시_구좌읍,OCCURRED_IN_REGION
AE_FIRE_EM_00490,REG_제주시_조천읍,OCCURRED_IN_REGION
AE_FIRE_EM_00491,REG_제주시_구좌읍,OCCURRED_IN_REGION
AE_FIRE_EM_00492,REG_제주시_조천읍,OCCURRED_IN_REGION
AE_FIRE_EM_00493,REG_제주시_조천읍,OCCURRED_IN_REGION
AE_FIRE_EM_00494,REG_제주시_오등동,OCCURRED_IN_REGION
AE_FIRE_EM_00495,REG_제주시_연동,OCCURRED_IN_REGION
AE_FIRE_EM_00496,REG_제주시_노형동,OCCURRED_IN_REGION
AE_FIRE_EM_00497,REG_제주시_애월읍,OCCURRED_IN_REGION
AE_FIRE_EM_00498,REG_제주시_연동,OCCURRED_IN_REGION
AE_FIRE_EM_00499,REG_제주시_이호이동,OCCURRED_IN_REGION
AE_FIRE_EM_00500,REG_제주시_노형동,OCCURRED_IN_REGION
AE_FIRE_EM_00501,REG_제주시_애월읍,OCCURRED_IN_REGION
AE_FIRE_EM_00502,REG_제주시_이호일동,OCCURRED_IN_REGION
AE_FIRE_EM_00503,REG_제주시_애월읍,OCCURRED_IN_REGION
AE_FIRE_EM_00504,REG_제주시_내도동,OCCURRED_IN_REGION
AE_FIRE_EM_00505,REG_제주시_이호일동,OCCURRED_IN_REGION
AE_FIRE_EM_00506,REG_서귀포시_안덕면,OCCURRED_IN_REGION
AE_FIRE_EM_00507,REG_제주시_아라일동,OCCURRED_IN_REGION
AE_FIRE_EM_00508,REG_제주시_오등동,OCCURRED_IN_REGION
AE_FIRE_EM_00509,REG_제주시_조천읍,OCCURRED_IN_REGION
AE_FIRE_EM_00510,REG_제주시_조천읍,OCCURRED_IN_REGION
AE_FIRE_EM_00511,REG_제주시_조천읍,OCCURRED_IN_REGION
AE_FIRE_EM_00512,REG_제주시_구좌읍,OCCURRED_IN_REGION
AE_FIRE_EM_00513,REG_제주시_구좌읍,OCCURRED_IN_REGION
AE_FIRE_EM_00514,REG_제주시_구좌읍,OCCURRED_IN_REGION
AE_FIRE_EM_00515,REG_제주시_우도면,OCCURRED_IN_REGION
AE_FIRE_EM_00516,REG_제주시_우도면,OCCURRED_IN_REGION
AE_FIRE_EM_00517,REG_제주시_우도면,OCCURRED_IN_REGION
AE_FIRE_EM_00518,REG_제주시_우도면,OCCURRED_IN_REGION
AE_FIRE_EM_00519,REG_서귀포시_서귀동,OCCURRED_IN_REGION
AE_FIRE_EM_00520,REG_서귀포시_동홍동,OCCURRED_IN_REGION
AE_FIRE_EM_00521,REG_서귀포시_성산읍,OCCURRED_IN_REGION
AE_FIRE_EM_00522,REG_서귀포시_서귀동,OCCURRED_IN_REGION
AE_FIRE_EM_00523,REG_서귀포시_색달동,OCCURRED_IN_REGION
AE_FIRE_EM_00524,REG_서귀포시_보목동,OCCURRED_IN_REGION
AE_FIRE_EM_00525,REG_제주시_구좌읍,OCCURRED_IN_REGION
AE_FIRE_EM_00526,REG_서귀포시_호근동,OCCURRED_IN_REGION
AE_FIRE_EM_00527,REG_서귀포시_동홍동,OCCURRED_IN_REGION
AE_FIRE_EM_00528,REG_서귀포시_호근동,OCCURRED_IN_REGION
AE_FIRE_EM_00529,REG_서귀포시_서귀동,OCCURRED_IN_REGION
AE_FIRE_EM_00530,REG_서귀포시_서귀동,OCCURRED_IN_REGION
AE_FIRE_EM_00531,REG_서귀포시_상예동,OCCURRED_IN_REGION
AE_FIRE_EM_00532,REG_서귀포시_색달동,OCCURRED_IN_REGION
AE_FIRE_EM_00533,REG_서귀포시_대포동,OCCURRED_IN_REGION
AE_FIRE_EM_00534,REG_서귀포시_색달동,OCCURRED_IN_REGION
AE_FIRE_EM_00535,REG_서귀포시_법환동,OCCURRED_IN_REGION
AE_FIRE_EM_00536,REG_서귀포시_성산읍,OCCURRED_IN_REGION
AE_FIRE_EM_00537,REG_서귀포시_성산읍,OCCURRED_IN_REGION
AE_FIRE_EM_00538,REG_서귀포시_성산읍,OCCURRED_IN_REGION
AE_FIRE_EM_00539,REG_서귀포시_성산읍,OCCURRED_IN_REGION
AE_FIRE_EM_00540,REG_제주시_구좌읍,OCCURRED_IN_REGION
AE_FIRE_EM_00541,REG_제주시_구좌읍,OCCURRED_IN_REGION
AE_FIRE_EM_00542,REG_서귀포시_성산읍,OCCURRED_IN_REGION
AE_FIRE_EM_00543,REG_서귀포시_성산읍,OCCURRED_IN_REGION
AE_FIRE_EM_00544,REG_서귀포시_성산읍,OCCURRED_IN_REGION
AE_FIRE_EM_00545,REG_서귀포시_성산읍,OCCURRED_IN_REGION
AE_FIRE_EM_00546,REG_서귀포시_성산읍,OCCURRED_IN_REGION
AE_FIRE_EM_00547,REG_제주시_구좌읍,OCCURRED_IN_REGION
AE_FIRE_EM_00548,REG_서귀포시_성산읍,OCCURRED_IN_REGION
AE_FIRE_EM_00549,REG_서귀포시_표선면,OCCURRED_IN_REGION
AE_FIRE_EM_00550,REG_서귀포시_표선면,OCCURRED_IN_REGION
AE_FIRE_EM_00551,REG_서귀포시_성산읍,OCCURRED_IN_REGION
AE_FIRE_EM_00552,REG_서귀포시_성산읍,OCCURRED_IN_REGION
AE_FIRE_EM_00553,REG_서귀포시_남원읍,OCCURRED_IN_REGION
AE_FIRE_EM_00554,REG_서귀포시_남원읍,OCCURRED_IN_REGION
AE_FIRE_EM_00555,REG_서귀포시_남원읍,OCCURRED_IN_REGION
AE_FIRE_EM_00556,REG_서귀포시_남원읍,OCCURRED_IN_REGION
AE_FIRE_EM_00557,REG_서귀포시_남원읍,OCCURRED_IN_REGION
AE_FIRE_EM_00558,REG_서귀포시_남원읍,OCCURRED_IN_REGION
AE_FIRE_EM_00559,REG_서귀포시_남원읍,OCCURRED_IN_REGION
AE_FIRE_EM_00560,REG_서귀포시_남원읍,OCCURRED_IN_REGION
AE_FIRE_EM_00561,REG_서귀포시_남원읍,OCCURRED_IN_REGION
AE_FIRE_EM_00562,REG_서귀포시_보목동,OCCURRED_IN_REGION
AE_FIRE_EM_00563,REG_서귀포시_상효동,OCCURRED_IN_REGION
AE_FIRE_EM_00564,REG_서귀포시_상효동,OCCURRED_IN_REGION
AE_FIRE_EM_00565,REG_서귀포시_상효동,OCCURRED_IN_REGION
AE_FIRE_EM_00566,REG_제주시_애월읍,OCCURRED_IN_REGION
AE_FIRE_EM_00567,REG_서귀포시_서귀동,OCCURRED_IN_REGION
AE_FIRE_EM_00568,REG_서귀포시_서호동,OCCURRED_IN_REGION
AE_FIRE_EM_00569,REG_서귀포시_상효동,OCCURRED_IN_REGION
AE_FIRE_EM_00570,REG_서귀포시_대포동,OCCURRED_IN_REGION
AE_FIRE_EM_00571,REG_제주시_구좌읍,OCCURRED_IN_REGION
AE_FIRE_EM_00572,REG_서귀포시_법환동,OCCURRED_IN_REGION
AE_FIRE_EM_00573,REG_서귀포시_법환동,OCCURRED_IN_REGION
AE_FIRE_EM_00574,REG_서귀포시_호근동,OCCURRED_IN_REGION
AE_FIRE_EM_00575,REG_서귀포시_토평동,OCCURRED_IN_REGION
AE_FIRE_EM_00576,REG_서귀포시_서호동,OCCURRED_IN_REGION
AE_FIRE_EM_00577,REG_서귀포시_강정동,OCCURRED_IN_REGION
AE_FIRE_EM_00578,REG_제주시_구좌읍,OCCURRED_IN_REGION
AE_FIRE_EM_00579,REG_서귀포시_성산읍,OCCURRED_IN_REGION
AE_FIRE_EM_00580,REG_제주시_조천읍,OCCURRED_IN_REGION
AE_FIRE_EM_00581,REG_제주시_조천읍,OCCURRED_IN_REGION
AE_FIRE_EM_00582,REG_서귀포시_성산읍,OCCURRED_IN_REGION
AE_FIRE_EM_00583,REG_서귀포시_성산읍,OCCURRED_IN_REGION
AE_FIRE_EM_00584,REG_서귀포시_표선면,OCCURRED_IN_REGION
AE_FIRE_EM_00585,REG_제주시_한림읍,OCCURRED_IN_REGION
AE_FIRE_EM_00586,REG_서귀포시_성산읍,OCCURRED_IN_REGION
AE_FIRE_EM_00587,REG_제주시_한림읍,OCCURRED_IN_REGION
AE_FIRE_EM_00588,REG_서귀포시_성산읍,OCCURRED_IN_REGION
AE_FIRE_EM_00589,REG_제주시_한림읍,OCCURRED_IN_REGION
AE_FIRE_EM_00590,REG_제주시_애월읍,OCCURRED_IN_REGION
AE_FIRE_EM_00591,REG_제주시_한림읍,OCCURRED_IN_REGION
AE_FIRE_EM_00592,REG_제주시_애월읍,OCCURRED_IN_REGION
AE_FIRE_EM_00593,REG_제주시_한림읍,OCCURRED_IN_REGION
AE_FIRE_EM_00594,REG_제주시_한림읍,OCCURRED_IN_REGION
AE_FIRE_EM_00595,REG_제주시_한림읍,OCCURRED_IN_REGION
AE_FIRE_EM_00596,REG_제주시_한림읍,OCCURRED_IN_REGION
AE_FIRE_EM_00597,REG_서귀포시_안덕면,OCCURRED_IN_REGION
AE_FIRE_EM_00598,REG_제주시_한림읍,OCCURRED_IN_REGION
AE_FIRE_EM_00599,REG_제주시_한림읍,OCCURRED_IN_REGION
AE_FIRE_EM_00600,REG_제주시_한림읍,OCCURRED_IN_REGION
AE_FIRE_EM_00601,REG_제주시_한경면,OCCURRED_IN_REGION
AE_FIRE_EM_00602,REG_제주시_한경면,OCCURRED_IN_REGION
AE_FIRE_EM_00603,REG_제주시_한림읍,OCCURRED_IN_REGION
AE_FIRE_EM_00604,REG_제주시_한림읍,OCCURRED_IN_REGION
AE_FIRE_EM_00605,REG_제주시_애월읍,OCCURRED_IN_REGION
AE_FIRE_EM_00606,REG_제주시_한림읍,OCCURRED_IN_REGION
AE_FIRE_EM_00607,REG_제주시_애월읍,OCCURRED_IN_REGION
AE_FIRE_EM_00608,REG_제주시_애월읍,OCCURRED_IN_REGION
AE_FIRE_EM_00609,REG_제주시_애월읍,OCCURRED_IN_REGION
AE_FIRE_EM_00610,REG_제주시_한림읍,OCCURRED_IN_REGION
AE_FIRE_EM_00611,REG_제주시_애월읍,OCCURRED_IN_REGION
AE_FIRE_EM_00612,REG_제주시_애월읍,OCCURRED_IN_REGION
AE_FIRE_EM_00613,REG_제주시_애월읍,OCCURRED_IN_REGION
AE_FIRE_EM_00614,REG_제주시_애월읍,OCCURRED_IN_REGION
AE_FIRE_EM_00615,REG_제주시_애월읍,OCCURRED_IN_REGION
AE_FIRE_EM_00616,REG_제주시_애월읍,OCCURRED_IN_REGION
AE_FIRE_EM_00617,REG_제주시_애월읍,OCCURRED_IN_REGION
AE_FIRE_EM_00618,REG_제주시_애월읍,OCCURRED_IN_REGION
AE_FIRE_EM_00619,REG_제주시_한림읍,OCCURRED_IN_REGION
AE_FIRE_EM_00620,REG_제주시_애월읍,OCCURRED_IN_REGION
AE_FIRE_EM_00621,REG_제주시_애월읍,OCCURRED_IN_REGION
AE_FIRE_EM_00622,REG_제주시_애월읍,OCCURRED_IN_REGION
AE_FIRE_EM_00623,REG_서귀포시_표선면,OCCURRED_IN_REGION
AE_FIRE_EM_00624,REG_제주시_애월읍,OCCURRED_IN_REGION
AE_FIRE_EM_00625,REG_제주시_한경면,OCCURRED_IN_REGION
AE_FIRE_EM_00626,REG_제주시_한경면,OCCURRED_IN_REGION
AE_FIRE_EM_00627,REG_제주시_한경면,OCCURRED_IN_REGION
AE_FIRE_EM_00628,REG_제주시_한경면,OCCURRED_IN_REGION
AE_FIRE_EM_00629,REG_제주시_한림읍,OCCURRED_IN_REGION
AE_FIRE_EM_00630,REG_제주시_한경면,OCCURRED_IN_REGION
AE_FIRE_EM_00631,REG_서귀포시_대정읍,OCCURRED_IN_REGION
AE_FIRE_EM_00632,REG_서귀포시_대정읍,OCCURRED_IN_REGION
AE_FIRE_EM_00633,REG_서귀포시_대정읍,OCCURRED_IN_REGION
AE_FIRE_EM_00634,REG_서귀포시_대정읍,OCCURRED_IN_REGION
AE_FIRE_EM_00635,REG_서귀포시_대정읍,OCCURRED_IN_REGION
AE_FIRE_EM_00636,REG_서귀포시_대정읍,OCCURRED_IN_REGION
AE_FIRE_EM_00637,REG_서귀포시_대정읍,OCCURRED_IN_REGION
AE_FIRE_EM_00638,REG_제주시_한림읍,OCCURRED_IN_REGION
AE_FIRE_EM_00639,REG_서귀포시_안덕면,OCCURRED_IN_REGION
AE_FIRE_EM_00640,REG_서귀포시_안덕면,OCCURRED_IN_REGION
AE_FIRE_EM_00641,REG_서귀포시_안덕면,OCCURRED_IN_REGION
AE_FIRE_EM_00642,REG_서귀포시_안덕면,OCCURRED_IN_REGION
AE_FIRE_EM_00643,REG_서귀포시_안덕면,OCCURRED_IN_REGION
AE_FIRE_EM_00644,REG_서귀포시_안덕면,OCCURRED_IN_REGION
AE_FIRE_EM_00645,REG_서귀포시_안덕면,OCCURRED_IN_REGION
AE_FIRE_EM_00646,REG_서귀포시_색달동,OCCURRED_IN_REGION
AE_FIRE_EM_00647,REG_제주시_한림읍,OCCURRED_IN_REGION
AE_FIRE_EM_00648,REG_서귀포시_안덕면,OCCURRED_IN_REGION
AE_FIRE_EM_00649,REG_서귀포시_안덕면,OCCURRED_IN_REGION
AE_FIRE_EM_00650,REG_서귀포시_안덕면,OCCURRED_IN_REGION
AE_FIRE_EM_00651,REG_서귀포시_안덕면,OCCURRED_IN_REGION
AE_FIRE_EM_00652,REG_서귀포시_안덕면,OCCURRED_IN_REGION
AE_FIRE_EM_00653,REG_서귀포시_안덕면,OCCURRED_IN_REGION
AE_FIRE_EM_00654,REG_서귀포시_대정읍,OCCURRED_IN_REGION
AE_FIRE_EM_00655,REG_서귀포시_대정읍,OCCURRED_IN_REGION
AE_FIRE_EM_00656,REG_서귀포시_성산읍,OCCURRED_IN_REGION
AE_FIRE_EM_00657,REG_서귀포시_성산읍,OCCURRED_IN_REGION
AE_FIRE_EM_00658,REG_제주시_구좌읍,OCCURRED_IN_REGION
AE_FIRE_EM_00659,REG_제주시_해안동,OCCURRED_IN_REGION
AE_FIRE_EM_00660,REG_제주시_노형동,OCCURRED_IN_REGION
AE_FIRE_EM_00661,REG_제주시_우도면,OCCURRED_IN_REGION
AE_FIRE_EM_00662,REG_제주시_구좌읍,OCCURRED_IN_REGION
AE_FIRE_EM_00663,REG_제주시_조천읍,OCCURRED_IN_REGION
AE_FIRE_EM_00664,REG_제주시_노형동,OCCURRED_IN_REGION
AE_FIRE_EM_00665,REG_서귀포시_서귀동,OCCURRED_IN_REGION
AE_FIRE_EM_00666,REG_서귀포시_하예동,OCCURRED_IN_REGION
AE_FIRE_EM_00667,REG_제주시_구좌읍,OCCURRED_IN_REGION
AE_FIRE_EM_00668,REG_서귀포시_성산읍,OCCURRED_IN_REGION
AE_FIRE_EM_00669,REG_서귀포시_남원읍,OCCURRED_IN_REGION
AE_FIRE_EM_00670,REG_제주시_한림읍,OCCURRED_IN_REGION
AE_FIRE_EM_00671,REG_서귀포시_대정읍,OCCURRED_IN_REGION
AE_FIRE_EM_00672,REG_제주시_조천읍,OCCURRED_IN_REGION
AE_FIRE_EM_00673,REG_제주시_우도면,OCCURRED_IN_REGION
AE_FIRE_EM_00674,REG_서귀포시_상예동,OCCURRED_IN_REGION
AE_FIRE_EM_00675,REG_제주시_용담일동,OCCURRED_IN_REGION
AE_FIRE_EM_00676,REG_제주시_연동,OCCURRED_IN_REGION
AE_FIRE_EM_00677,REG_제주시_이도일동,OCCURRED_IN_REGION
AE_FIRE_EM_00678,REG_제주시_노형동,OCCURRED_IN_REGION
AE_FIRE_EM_00679,REG_제주시_노형동,OCCURRED_IN_REGION
AE_FIRE_EM_00680,REG_제주시_조천읍,OCCURRED_IN_REGION
AE_FIRE_EM_00681,REG_제주시_회천동,OCCURRED_IN_REGION
AE_FIRE_EM_00682,REG_제주시_아라일동,OCCURRED_IN_REGION
AE_FIRE_EM_00683,REG_서귀포시_서귀동,OCCURRED_IN_REGION
AE_FIRE_EM_00684,REG_제주시_아라일동,OCCURRED_IN_REGION
AE_FIRE_EM_00685,REG_서귀포시_색달동,OCCURRED_IN_REGION
AE_FIRE_EM_00686,REG_제주시_오등동,OCCURRED_IN_REGION
AE_FIRE_EM_00687,REG_제주시_이도일동,OCCURRED_IN_REGION
AE_FIRE_EM_00688,REG_제주시_이도이동,OCCURRED_IN_REGION
AE_FIRE_EM_00689,REG_제주시_이도이동,OCCURRED_IN_REGION
AE_FIRE_EM_00690,REG_제주시_용담삼동,OCCURRED_IN_REGION
AE_FIRE_EM_00691,REG_제주시_용담이동,OCCURRED_IN_REGION
AE_FIRE_EM_00692,REG_제주시_이호일동,OCCURRED_IN_REGION
AE_FIRE_EM_00693,REG_제주시_용담삼동,OCCURRED_IN_REGION
AE_FIRE_EM_00694,REG_제주시_용담일동,OCCURRED_IN_REGION
AE_FIRE_EM_00695,REG_제주시_용담삼동,OCCURRED_IN_REGION
AE_FIRE_EM_00696,REG_제주시_오라삼동,OCCURRED_IN_REGION
AE_FIRE_EM_00697,REG_제주시_건입동,OCCURRED_IN_REGION
AE_FIRE_EM_00698,REG_제주시_용담이동,OCCURRED_IN_REGION
AE_FIRE_EM_00699,REG_제주시_삼도이동,OCCURRED_IN_REGION
AE_FIRE_EM_00700,REG_제주시_애월읍,OCCURRED_IN_REGION
AE_FIRE_EM_00701,REG_제주시_삼도일동,OCCURRED_IN_REGION
AE_FIRE_EM_00702,REG_제주시_용담일동,OCCURRED_IN_REGION
AE_FIRE_EM_00703,REG_제주시_용담이동,OCCURRED_IN_REGION
AE_FIRE_EM_00704,REG_제주시_오라이동,OCCURRED_IN_REGION
AE_FIRE_EM_00705,REG_제주시_오라이동,OCCURRED_IN_REGION
AE_FIRE_EM_00706,REG_제주시_오라이동,OCCURRED_IN_REGION
AE_FIRE_EM_00707,REG_서귀포시_안덕면,OCCURRED_IN_REGION
AE_FIRE_EM_00708,REG_제주시_연동,OCCURRED_IN_REGION
AE_FIRE_EM_00709,REG_제주시_연동,OCCURRED_IN_REGION
AE_FIRE_EM_00710,REG_제주시_연동,OCCURRED_IN_REGION
AE_FIRE_EM_00711,REG_제주시_연동,OCCURRED_IN_REGION
AE_FIRE_EM_00712,REG_제주시_도두일동,OCCURRED_IN_REGION
AE_FIRE_EM_00713,REG_제주시_연동,OCCURRED_IN_REGION
AE_FIRE_EM_00714,REG_제주시_용담이동,OCCURRED_IN_REGION
AE_FIRE_EM_00715,REG_제주시_연동,OCCURRED_IN_REGION
AE_FIRE_EM_00716,REG_제주시_연동,OCCURRED_IN_REGION
AE_FIRE_EM_00717,REG_제주시_연동,OCCURRED_IN_REGION
AE_FIRE_EM_00718,REG_제주시_애월읍,OCCURRED_IN_REGION
AE_FIRE_EM_00719,REG_제주시_연동,OCCURRED_IN_REGION
AE_FIRE_EM_00720,REG_제주시_연동,OCCURRED_IN_REGION
AE_FIRE_EM_00721,REG_제주시_연동,OCCURRED_IN_REGION
AE_FIRE_EM_00722,REG_제주시_노형동,OCCURRED_IN_REGION
AE_FIRE_EM_00723,REG_제주시_건입동,OCCURRED_IN_REGION
AE_FIRE_EM_00724,REG_제주시_삼도이동,OCCURRED_IN_REGION
AE_FIRE_EM_00725,REG_제주시_건입동,OCCURRED_IN_REGION
AE_FIRE_EM_00726,REG_제주시_건입동,OCCURRED_IN_REGION
AE_FIRE_EM_00727,REG_제주시_삼양이동,OCCURRED_IN_REGION
AE_FIRE_EM_00728,REG_서귀포시_남원읍,OCCURRED_IN_REGION
AE_FIRE_EM_00729,REG_제주시_조천읍,OCCURRED_IN_REGION
AE_FIRE_EM_00730,REG_제주시_우도면,OCCURRED_IN_REGION
AE_FIRE_EM_00731,REG_제주시_조천읍,OCCURRED_IN_REGION
AE_FIRE_EM_00732,REG_제주시_구좌읍,OCCURRED_IN_REGION
AE_FIRE_EM_00733,REG_제주시_구좌읍,OCCURRED_IN_REGION
AE_FIRE_EM_00734,REG_서귀포시_성산읍,OCCURRED_IN_REGION
AE_FIRE_EM_00735,REG_제주시_구좌읍,OCCURRED_IN_REGION
AE_FIRE_EM_00736,REG_서귀포시_성산읍,OCCURRED_IN_REGION
AE_FIRE_EM_00737,REG_제주시_조천읍,OCCURRED_IN_REGION
AE_FIRE_EM_00738,REG_제주시_조천읍,OCCURRED_IN_REGION
AE_FIRE_EM_00739,REG_제주시_조천읍,OCCURRED_IN_REGION
AE_FIRE_EM_00740,REG_제주시_조천읍,OCCURRED_IN_REGION
AE_FIRE_EM_00741,REG_제주시_조천읍,OCCURRED_IN_REGION
AE_FIRE_EM_00742,REG_제주시_조천읍,OCCURRED_IN_REGION
AE_FIRE_EM_00743,REG_제주시_조천읍,OCCURRED_IN_REGION
AE_FIRE_EM_00744,REG_제주시_조천읍,OCCURRED_IN_REGION
AE_FIRE_EM_00745,REG_제주시_조천읍,OCCURRED_IN_REGION
AE_FIRE_EM_00746,REG_제주시_조천읍,OCCURRED_IN_REGION
AE_FIRE_EM_00747,REG_제주시_조천읍,OCCURRED_IN_REGION
AE_FIRE_EM_00748,REG_제주시_건입동,OCCURRED_IN_REGION
AE_FIRE_EM_00749,REG_제주시_연동,OCCURRED_IN_REGION
AE_FIRE_EM_00750,REG_제주시_애월읍,OCCURRED_IN_REGION
AE_FIRE_EM_00751,REG_제주시_애월읍,OCCURRED_IN_REGION
AE_FIRE_EM_00752,REG_제주시_봉개동,OCCURRED_IN_REGION
AE_FIRE_EM_00753,REG_제주시_노형동,OCCURRED_IN_REGION
AE_FIRE_EM_00754,REG_제주시_노형동,OCCURRED_IN_REGION
AE_FIRE_EM_00755,REG_제주시_노형동,OCCURRED_IN_REGION
AE_FIRE_EM_00756,REG_제주시_연동,OCCURRED_IN_REGION
AE_FIRE_EM_00757,REG_제주시_도두일동,OCCURRED_IN_REGION
AE_FIRE_EM_00758,REG_제주시_해안동,OCCURRED_IN_REGION
AE_FIRE_EM_00759,REG_제주시_해안동,OCCURRED_IN_REGION
AE_FIRE_EM_00760,REG_제주시_애월읍,OCCURRED_IN_REGION
AE_FIRE_EM_00761,REG_서귀포시_동홍동,OCCURRED_IN_REGION
AE_FIRE_EM_00762,REG_서귀포시_안덕면,OCCURRED_IN_REGION
AE_FIRE_EM_00763,REG_서귀포시_남원읍,OCCURRED_IN_REGION
AE_FIRE_EM_00764,REG_제주시_도두이동,OCCURRED_IN_REGION
AE_FIRE_EM_00765,REG_제주시_애월읍,OCCURRED_IN_REGION
AE_FIRE_EM_00766,REG_제주시_도두이동,OCCURRED_IN_REGION
AE_FIRE_EM_00767,REG_제주시_내도동,OCCURRED_IN_REGION
AE_FIRE_EM_00768,REG_제주시_오등동,OCCURRED_IN_REGION
AE_FIRE_EM_00769,REG_제주시_오등동,OCCURRED_IN_REGION
AE_FIRE_EM_00770,REG_제주시_아라일동,OCCURRED_IN_REGION
AE_FIRE_EM_00771,REG_제주시_구좌읍,OCCURRED_IN_REGION
AE_FIRE_EM_00772,REG_제주시_구좌읍,OCCURRED_IN_REGION
AE_FIRE_EM_00773,REG_제주시_구좌읍,OCCURRED_IN_REGION
AE_FIRE_EM_00774,REG_제주시_구좌읍,OCCURRED_IN_REGION
AE_FIRE_EM_00775,REG_서귀포시_성산읍,OCCURRED_IN_REGION
AE_FIRE_EM_00776,REG_서귀포시_성산읍,OCCURRED_IN_REGION
AE_FIRE_EM_00777,REG_제주시_구좌읍,OCCURRED_IN_REGION
AE_FIRE_EM_00778,REG_제주시_우도면,OCCURRED_IN_REGION
AE_FIRE_EM_00779,REG_서귀포시_서귀동,OCCURRED_IN_REGION
AE_FIRE_EM_00780,REG_서귀포시_서귀동,OCCURRED_IN_REGION
AE_FIRE_EM_00781,REG_서귀포시_토평동,OCCURRED_IN_REGION
AE_FIRE_EM_00782,REG_서귀포시_동홍동,OCCURRED_IN_REGION
AE_FIRE_EM_00783,REG_서귀포시_서귀동,OCCURRED_IN_REGION
AE_FIRE_EM_00784,REG_서귀포시_서홍동,OCCURRED_IN_REGION
AE_FIRE_EM_00785,REG_서귀포시_서귀동,OCCURRED_IN_REGION
AE_FIRE_EM_00786,REG_서귀포시_서귀동,OCCURRED_IN_REGION
AE_FIRE_EM_00787,REG_서귀포시_색달동,OCCURRED_IN_REGION
AE_FIRE_EM_00788,REG_서귀포시_중문동,OCCURRED_IN_REGION
AE_FIRE_EM_00789,REG_서귀포시_성산읍,OCCURRED_IN_REGION
AE_FIRE_EM_00790,REG_서귀포시_대포동,OCCURRED_IN_REGION
AE_FIRE_EM_00791,REG_서귀포시_중문동,OCCURRED_IN_REGION
AE_FIRE_EM_00792,REG_서귀포시_색달동,OCCURRED_IN_REGION
AE_FIRE_EM_00793,REG_서귀포시_하원동,OCCURRED_IN_REGION
AE_FIRE_EM_00794,REG_서귀포시_색달동,OCCURRED_IN_REGION
AE_FIRE_EM_00795,REG_서귀포시_색달동,OCCURRED_IN_REGION
AE_FIRE_EM_00796,REG_제주시_애월읍,OCCURRED_IN_REGION
AE_FIRE_EM_00797,REG_서귀포시_안덕면,OCCURRED_IN_REGION
AE_FIRE_EM_00798,REG_서귀포시_안덕면,OCCURRED_IN_REGION
AE_FIRE_EM_00799,REG_서귀포시_중문동,OCCURRED_IN_REGION
AE_FIRE_EM_00800,REG_제주시_애월읍,OCCURRED_IN_REGION
AE_FIRE_EM_00801,REG_서귀포시_대포동,OCCURRED_IN_REGION
AE_FIRE_EM_00802,REG_서귀포시_색달동,OCCURRED_IN_REGION
AE_FIRE_EM_00803,REG_서귀포시_상예동,OCCURRED_IN_REGION
AE_FIRE_EM_00804,REG_서귀포시_성산읍,OCCURRED_IN_REGION
AE_FIRE_EM_00805,REG_서귀포시_성산읍,OCCURRED_IN_REGION
AE_FIRE_EM_00806,REG_서귀포시_성산읍,OCCURRED_IN_REGION
AE_FIRE_EM_00807,REG_서귀포시_성산읍,OCCURRED_IN_REGION
AE_FIRE_EM_00808,REG_서귀포시_성산읍,OCCURRED_IN_REGION
AE_FIRE_EM_00809,REG_서귀포시_성산읍,OCCURRED_IN_REGION
AE_FIRE_EM_00810,REG_서귀포시_성산읍,OCCURRED_IN_REGION
AE_FIRE_EM_00811,REG_제주시_구좌읍,OCCURRED_IN_REGION
AE_FIRE_EM_00812,REG_서귀포시_성산읍,OCCURRED_IN_REGION
AE_FIRE_EM_00813,REG_서귀포시_성산읍,OCCURRED_IN_REGION
AE_FIRE_EM_00814,REG_서귀포시_성산읍,OCCURRED_IN_REGION
AE_FIRE_EM_00815,REG_제주시_구좌읍,OCCURRED_IN_REGION
AE_FIRE_EM_00816,REG_서귀포시_성산읍,OCCURRED_IN_REGION
AE_FIRE_EM_00817,REG_서귀포시_성산읍,OCCURRED_IN_REGION
AE_FIRE_EM_00818,REG_서귀포시_성산읍,OCCURRED_IN_REGION
AE_FIRE_EM_00819,REG_제주시_우도면,OCCURRED_IN_REGION
AE_FIRE_EM_00820,REG_제주시_우도면,OCCURRED_IN_REGION
AE_FIRE_EM_00821,REG_서귀포시_성산읍,OCCURRED_IN_REGION
AE_FIRE_EM_00822,REG_서귀포시_성산읍,OCCURRED_IN_REGION
AE_FIRE_EM_00823,REG_서귀포시_성산읍,OCCURRED_IN_REGION
AE_FIRE_EM_00824,REG_서귀포시_성산읍,OCCURRED_IN_REGION
AE_FIRE_EM_00825,REG_서귀포시_성산읍,OCCURRED_IN_REGION
AE_FIRE_EM_00826,REG_서귀포시_성산읍,OCCURRED_IN_REGION
AE_FIRE_EM_00827,REG_제주시_우도면,OCCURRED_IN_REGION
AE_FIRE_EM_00828,REG_서귀포시_표선면,OCCURRED_IN_REGION
AE_FIRE_EM_00829,REG_제주시_구좌읍,OCCURRED_IN_REGION
AE_FIRE_EM_00830,REG_서귀포시_표선면,OCCURRED_IN_REGION
AE_FIRE_EM_00831,REG_서귀포시_남원읍,OCCURRED_IN_REGION
AE_FIRE_EM_00832,REG_서귀포시_서귀동,OCCURRED_IN_REGION
AE_FIRE_EM_00833,REG_서귀포시_안덕면,OCCURRED_IN_REGION
AE_FIRE_EM_00834,REG_서귀포시_토평동,OCCURRED_IN_REGION
AE_FIRE_EM_00835,REG_서귀포시_서귀동,OCCURRED_IN_REGION
AE_FIRE_EM_00836,REG_서귀포시_상효동,OCCURRED_IN_REGION
AE_FIRE_EM_00837,REG_서귀포시_토평동,OCCURRED_IN_REGION
AE_FIRE_EM_00838,REG_서귀포시_보목동,OCCURRED_IN_REGION
AE_FIRE_EM_00839,REG_서귀포시_색달동,OCCURRED_IN_REGION
AE_FIRE_EM_00840,REG_서귀포시_토평동,OCCURRED_IN_REGION
AE_FIRE_EM_00841,REG_서귀포시_강정동,OCCURRED_IN_REGION
AE_FIRE_EM_00842,REG_제주시_용담이동,OCCURRED_IN_REGION
AE_FIRE_EM_00843,REG_서귀포시_서귀동,OCCURRED_IN_REGION
AE_FIRE_EM_00844,REG_서귀포시_법환동,OCCURRED_IN_REGION
AE_FIRE_EM_00845,REG_서귀포시_안덕면,OCCURRED_IN_REGION
AE_FIRE_EM_00846,REG_서귀포시_법환동,OCCURRED_IN_REGION
AE_FIRE_EM_00847,REG_서귀포시_강정동,OCCURRED_IN_REGION
AE_FIRE_EM_00848,REG_서귀포시_서귀동,OCCURRED_IN_REGION
AE_FIRE_EM_00849,REG_서귀포시_법환동,OCCURRED_IN_REGION
AE_FIRE_EM_00850,REG_서귀포시_서홍동,OCCURRED_IN_REGION
AE_FIRE_EM_00851,REG_서귀포시_법환동,OCCURRED_IN_REGION
AE_FIRE_EM_00852,REG_서귀포시_강정동,OCCURRED_IN_REGION
AE_FIRE_EM_00853,REG_제주시_우도면,OCCURRED_IN_REGION
AE_FIRE_EM_00854,REG_서귀포시_표선면,OCCURRED_IN_REGION
AE_FIRE_EM_00855,REG_서귀포시_표선면,OCCURRED_IN_REGION
AE_FIRE_EM_00856,REG_서귀포시_표선면,OCCURRED_IN_REGION
AE_FIRE_EM_00857,REG_제주시_외도일동,OCCURRED_IN_REGION
AE_FIRE_EM_00858,REG_제주시_한림읍,OCCURRED_IN_REGION
AE_FIRE_EM_00859,REG_제주시_한림읍,OCCURRED_IN_REGION
AE_FIRE_EM_00860,REG_제주시_한경면,OCCURRED_IN_REGION
AE_FIRE_EM_00861,REG_제주시_한림읍,OCCURRED_IN_REGION
AE_FIRE_EM_00862,REG_제주시_애월읍,OCCURRED_IN_REGION
AE_FIRE_EM_00863,REG_제주시_애월읍,OCCURRED_IN_REGION
AE_FIRE_EM_00864,REG_제주시_한림읍,OCCURRED_IN_REGION
AE_FIRE_EM_00865,REG_제주시_한림읍,OCCURRED_IN_REGION
AE_FIRE_EM_00866,REG_제주시_한림읍,OCCURRED_IN_REGION
AE_FIRE_EM_00867,REG_제주시_한림읍,OCCURRED_IN_REGION
AE_FIRE_EM_00868,REG_제주시_한림읍,OCCURRED_IN_REGION
AE_FIRE_EM_00869,REG_제주시_한림읍,OCCURRED_IN_REGION
AE_FIRE_EM_00870,REG_제주시_한림읍,OCCURRED_IN_REGION
AE_FIRE_EM_00871,REG_제주시_한림읍,OCCURRED_IN_REGION
AE_FIRE_EM_00872,REG_제주시_한림읍,OCCURRED_IN_REGION
AE_FIRE_EM_00873,REG_제주시_한림읍,OCCURRED_IN_REGION
AE_FIRE_EM_00874,REG_제주시_한림읍,OCCURRED_IN_REGION
AE_FIRE_EM_00875,REG_제주시_애월읍,OCCURRED_IN_REGION
AE_FIRE_EM_00876,REG_제주시_한림읍,OCCURRED_IN_REGION
AE_FIRE_EM_00877,REG_제주시_애월읍,OCCURRED_IN_REGION
AE_FIRE_EM_00878,REG_제주시_애월읍,OCCURRED_IN_REGION
AE_FIRE_EM_00879,REG_제주시_애월읍,OCCURRED_IN_REGION
AE_FIRE_EM_00880,REG_제주시_애월읍,OCCURRED_IN_REGION
AE_FIRE_EM_00881,REG_제주시_애월읍,OCCURRED_IN_REGION
AE_FIRE_EM_00882,REG_제주시_애월읍,OCCURRED_IN_REGION
AE_FIRE_EM_00883,REG_제주시_애월읍,OCCURRED_IN_REGION
AE_FIRE_EM_00884,REG_제주시_애월읍,OCCURRED_IN_REGION
AE_FIRE_EM_00885,REG_제주시_애월읍,OCCURRED_IN_REGION
AE_FIRE_EM_00886,REG_제주시_애월읍,OCCURRED_IN_REGION
AE_FIRE_EM_00887,REG_제주시_애월읍,OCCURRED_IN_REGION
AE_FIRE_EM_00888,REG_제주시_애월읍,OCCURRED_IN_REGION
AE_FIRE_EM_00889,REG_제주시_애월읍,OCCURRED_IN_REGION
AE_FIRE_EM_00890,REG_제주시_한림읍,OCCURRED_IN_REGION
AE_FIRE_EM_00891,REG_제주시_애월읍,OCCURRED_IN_REGION
AE_FIRE_EM_00892,REG_제주시_애월읍,OCCURRED_IN_REGION
AE_FIRE_EM_00893,REG_제주시_애월읍,OCCURRED_IN_REGION
AE_FIRE_EM_00894,REG_제주시_애월읍,OCCURRED_IN_REGION
AE_FIRE_EM_00895,REG_제주시_한경면,OCCURRED_IN_REGION
AE_FIRE_EM_00896,REG_제주시_한경면,OCCURRED_IN_REGION
AE_FIRE_EM_00897,REG_제주시_한경면,OCCURRED_IN_REGION
AE_FIRE_EM_00898,REG_제주시_회천동,OCCURRED_IN_REGION
AE_FIRE_EM_00899,REG_제주시_한경면,OCCURRED_IN_REGION
AE_FIRE_EM_00900,REG_제주시_한경면,OCCURRED_IN_REGION
AE_FIRE_EM_00901,REG_제주시_한림읍,OCCURRED_IN_REGION
AE_FIRE_EM_00902,REG_제주시_한경면,OCCURRED_IN_REGION
AE_FIRE_EM_00903,REG_제주시_한경면,OCCURRED_IN_REGION
AE_FIRE_EM_00904,REG_제주시_한경면,OCCURRED_IN_REGION
AE_FIRE_EM_00905,REG_제주시_한경면,OCCURRED_IN_REGION
AE_FIRE_EM_00906,REG_서귀포시_대정읍,OCCURRED_IN_REGION
AE_FIRE_EM_00907,REG_서귀포시_대정읍,OCCURRED_IN_REGION
AE_FIRE_EM_00908,REG_제주시_노형동,OCCURRED_IN_REGION
AE_FIRE_EM_00909,REG_제주시_조천읍,OCCURRED_IN_REGION
AE_FIRE_EM_00910,REG_서귀포시_대정읍,OCCURRED_IN_REGION
AE_FIRE_EM_00911,REG_서귀포시_색달동,OCCURRED_IN_REGION
AE_FIRE_EM_00912,REG_서귀포시_상예동,OCCURRED_IN_REGION
AE_FIRE_EM_00913,REG_서귀포시_안덕면,OCCURRED_IN_REGION
AE_FIRE_EM_00914,REG_서귀포시_색달동,OCCURRED_IN_REGION
AE_FIRE_EM_00915,REG_서귀포시_안덕면,OCCURRED_IN_REGION
AE_FIRE_EM_00916,REG_서귀포시_안덕면,OCCURRED_IN_REGION
AE_FIRE_EM_00917,REG_서귀포시_안덕면,OCCURRED_IN_REGION
AE_FIRE_EM_00918,REG_서귀포시_안덕면,OCCURRED_IN_REGION
AE_FIRE_EM_00919,REG_서귀포시_대정읍,OCCURRED_IN_REGION
AE_FIRE_EM_00920,REG_서귀포시_안덕면,OCCURRED_IN_REGION
AE_FIRE_EM_00921,REG_제주시_한경면,OCCURRED_IN_REGION
AE_FIRE_EM_00922,REG_서귀포시_안덕면,OCCURRED_IN_REGION
AE_FIRE_EM_00923,REG_제주시_애월읍,OCCURRED_IN_REGION
AE_FIRE_EM_00924,REG_제주시_한경면,OCCURRED_IN_REGION
AE_FIRE_EM_00925,REG_서귀포시_안덕면,OCCURRED_IN_REGION
AE_FIRE_EM_00926,REG_제주시_우도면,OCCURRED_IN_REGION
AE_FIRE_EM_00927,REG_제주시_조천읍,OCCURRED_IN_REGION
AE_FIRE_EM_00928,REG_제주시_우도면,OCCURRED_IN_REGION
AE_FIRE_EM_00929,REG_서귀포시_색달동,OCCURRED_IN_REGION
AE_FIRE_EM_00930,REG_서귀포시_성산읍,OCCURRED_IN_REGION
AE_FIRE_EM_00931,REG_제주시_애월읍,OCCURRED_IN_REGION
AE_FIRE_EM_00932,REG_서귀포시_안덕면,OCCURRED_IN_REGION
AE_FIRE_EM_00933,REG_서귀포시_강정동,OCCURRED_IN_REGION
AE_FIRE_EM_00934,REG_제주시_이도일동,OCCURRED_IN_REGION
AE_FIRE_EM_00935,REG_제주시_노형동,OCCURRED_IN_REGION
AE_FIRE_EM_00936,REG_서귀포시_남원읍,OCCURRED_IN_REGION
AE_FIRE_EM_00937,REG_제주시_화북일동,OCCURRED_IN_REGION
AE_FIRE_EM_00938,REG_제주시_우도면,OCCURRED_IN_REGION
AE_FIRE_EM_00939,REG_제주시_우도면,OCCURRED_IN_REGION
AE_FIRE_EM_00940,REG_서귀포시_표선면,OCCURRED_IN_REGION
AE_FIRE_EM_00941,REG_제주시_한경면,OCCURRED_IN_REGION
AE_FIRE_EM_00942,REG_제주시_오등동,OCCURRED_IN_REGION
AE_FIRE_EM_00943,REG_제주시_이도이동,OCCURRED_IN_REGION
AE_FIRE_EM_00944,REG_서귀포시_남원읍,OCCURRED_IN_REGION
AE_FIRE_EM_00945,REG_서귀포시_성산읍,OCCURRED_IN_REGION
AE_FIRE_EM_00946,REG_제주시_오등동,OCCURRED_IN_REGION
AE_FIRE_EM_00947,REG_제주시_구좌읍,OCCURRED_IN_REGION
AE_FIRE_EM_00948,REG_제주시_이도이동,OCCURRED_IN_REGION
AE_FIRE_EM_00949,REG_제주시_구좌읍,OCCURRED_IN_REGION
AE_FIRE_EM_00950,REG_제주시_우도면,OCCURRED_IN_REGION
AE_FIRE_EM_00951,REG_제주시_용담이동,OCCURRED_IN_REGION
AE_FIRE_EM_00952,REG_제주시_용담이동,OCCURRED_IN_REGION
AE_FIRE_EM_00953,REG_제주시_용담이동,OCCURRED_IN_REGION
AE_FIRE_EM_00954,REG_제주시_연동,OCCURRED_IN_REGION
AE_FIRE_EM_00955,REG_제주시_봉개동,OCCURRED_IN_REGION
AE_FIRE_EM_00956,REG_제주시_용담일동,OCCURRED_IN_REGION
AE_FIRE_EM_00957,REG_제주시_삼도이동,OCCURRED_IN_REGION
AE_FIRE_EM_00958,REG_제주시_용담이동,OCCURRED_IN_REGION
AE_FIRE_EM_00959,REG_제주시_이도일동,OCCURRED_IN_REGION
AE_FIRE_EM_00960,REG_제주시_삼도이동,OCCURRED_IN_REGION
AE_FIRE_EM_00961,REG_제주시_용담이동,OCCURRED_IN_REGION
AE_FIRE_EM_00962,REG_제주시_용담이동,OCCURRED_IN_REGION
AE_FIRE_EM_00963,REG_제주시_삼도이동,OCCURRED_IN_REGION
AE_FIRE_EM_00964,REG_제주시_용담삼동,OCCURRED_IN_REGION
AE_FIRE_EM_00965,REG_제주시_삼도이동,OCCURRED_IN_REGION
AE_FIRE_EM_00966,REG_제주시_이도일동,OCCURRED_IN_REGION
AE_FIRE_EM_00967,REG_제주시_용담일동,OCCURRED_IN_REGION
AE_FIRE_EM_00968,REG_제주시_조천읍,OCCURRED_IN_REGION
AE_FIRE_EM_00969,REG_제주시_노형동,OCCURRED_IN_REGION
AE_FIRE_EM_00970,REG_제주시_노형동,OCCURRED_IN_REGION
AE_FIRE_EM_00971,REG_서귀포시_하효동,OCCURRED_IN_REGION
AE_FIRE_EM_00972,REG_제주시_연동,OCCURRED_IN_REGION
AE_FIRE_EM_00973,REG_제주시_한경면,OCCURRED_IN_REGION
AE_FIRE_EM_00974,REG_제주시_노형동,OCCURRED_IN_REGION
AE_FIRE_EM_00975,REG_제주시_연동,OCCURRED_IN_REGION
AE_FIRE_EM_00976,REG_서귀포시_안덕면,OCCURRED_IN_REGION
AE_FIRE_EM_00977,REG_제주시_노형동,OCCURRED_IN_REGION
AE_FIRE_EM_00978,REG_제주시_노형동,OCCURRED_IN_REGION
AE_FIRE_EM_00979,REG_제주시_연동,OCCURRED_IN_REGION
AE_FIRE_EM_00980,REG_제주시_용담이동,OCCURRED_IN_REGION
AE_FIRE_EM_00981,REG_제주시_도두이동,OCCURRED_IN_REGION
AE_FIRE_EM_00982,REG_제주시_연동,OCCURRED_IN_REGION
AE_FIRE_EM_00983,REG_제주시_용담이동,OCCURRED_IN_REGION
AE_FIRE_EM_00984,REG_제주시_용담이동,OCCURRED_IN_REGION
AE_FIRE_EM_00985,REG_제주시_용담이동,OCCURRED_IN_REGION
AE_FIRE_EM_00986,REG_제주시_건입동,OCCURRED_IN_REGION
AE_FIRE_EM_00987,REG_제주시_화북일동,OCCURRED_IN_REGION
AE_FIRE_EM_00988,REG_제주시_건입동,OCCURRED_IN_REGION
AE_FIRE_EM_00989,REG_제주시_건입동,OCCURRED_IN_REGION
AE_FIRE_EM_00990,REG_제주시_구좌읍,OCCURRED_IN_REGION
AE_FIRE_EM_00991,REG_제주시_회천동,OCCURRED_IN_REGION
AE_FIRE_EM_00992,REG_제주시_구좌읍,OCCURRED_IN_REGION
AE_FIRE_EM_00993,REG_제주시_노형동,OCCURRED_IN_REGION
AE_FIRE_EM_00994,REG_제주시_봉개동,OCCURRED_IN_REGION
AE_FIRE_EM_00995,REG_제주시_봉개동,OCCURRED_IN_REGION
AE_FIRE_EM_00996,REG_제주시_봉개동,OCCURRED_IN_REGION
AE_FIRE_EM_00997,REG_제주시_봉개동,OCCURRED_IN_REGION
AE_FIRE_EM_00998,REG_제주시_조천읍,OCCURRED_IN_REGION
AE_FIRE_EM_00999,REG_제주시_우도면,OCCURRED_IN_REGION
AE_FIRE_EM_01000,REG_제주시_구좌읍,OCCURRED_IN_REGION
AE_FIRE_EM_01001,REG_제주시_구좌읍,OCCURRED_IN_REGION
AE_FIRE_EM_01002,REG_제주시_구좌읍,OCCURRED_IN_REGION
AE_FIRE_EM_01003,REG_제주시_구좌읍,OCCURRED_IN_REGION
AE_FIRE_EM_01004,REG_제주시_구좌읍,OCCURRED_IN_REGION
AE_FIRE_EM_01005,REG_제주시_구좌읍,OCCURRED_IN_REGION
AE_FIRE_EM_01006,REG_제주시_구좌읍,OCCURRED_IN_REGION
AE_FIRE_EM_01007,REG_서귀포시_성산읍,OCCURRED_IN_REGION
AE_FIRE_EM_01008,REG_제주시_구좌읍,OCCURRED_IN_REGION
AE_FIRE_EM_01009,REG_서귀포시_표선면,OCCURRED_IN_REGION
AE_FIRE_EM_01010,REG_제주시_구좌읍,OCCURRED_IN_REGION
AE_FIRE_EM_01011,REG_제주시_조천읍,OCCURRED_IN_REGION
AE_FIRE_EM_01012,REG_제주시_조천읍,OCCURRED_IN_REGION
AE_FIRE_EM_01013,REG_제주시_조천읍,OCCURRED_IN_REGION
AE_FIRE_EM_01014,REG_서귀포시_강정동,OCCURRED_IN_REGION
AE_FIRE_EM_01015,REG_서귀포시_강정동,OCCURRED_IN_REGION
AE_FIRE_EM_01016,REG_제주시_한림읍,OCCURRED_IN_REGION
AE_FIRE_EM_01017,REG_제주시_애월읍,OCCURRED_IN_REGION
AE_FIRE_EM_01018,REG_제주시_조천읍,OCCURRED_IN_REGION
AE_FIRE_EM_01019,REG_제주시_조천읍,OCCURRED_IN_REGION
AE_FIRE_EM_01020,REG_서귀포시_안덕면,OCCURRED_IN_REGION
AE_FIRE_EM_01021,REG_제주시_한림읍,OCCURRED_IN_REGION
AE_FIRE_EM_01022,REG_제주시_노형동,OCCURRED_IN_REGION
AE_FIRE_EM_01023,REG_제주시_애월읍,OCCURRED_IN_REGION
AE_FIRE_EM_01024,REG_제주시_애월읍,OCCURRED_IN_REGION
AE_FIRE_EM_01025,REG_제주시_이호일동,OCCURRED_IN_REGION
AE_FIRE_EM_01026,REG_제주시_노형동,OCCURRED_IN_REGION
AE_FIRE_EM_01027,REG_제주시_노형동,OCCURRED_IN_REGION
AE_FIRE_EM_01028,REG_제주시_연동,OCCURRED_IN_REGION
AE_FIRE_EM_01029,REG_제주시_애월읍,OCCURRED_IN_REGION
AE_FIRE_EM_01030,REG_제주시_이호일동,OCCURRED_IN_REGION
AE_FIRE_EM_01031,REG_제주시_노형동,OCCURRED_IN_REGION
AE_FIRE_EM_01032,REG_제주시_노형동,OCCURRED_IN_REGION
AE_FIRE_EM_01033,REG_제주시_해안동,OCCURRED_IN_REGION
AE_FIRE_EM_01034,REG_제주시_연동,OCCURRED_IN_REGION
AE_FIRE_EM_01035,REG_제주시_연동,OCCURRED_IN_REGION
AE_FIRE_EM_01036,REG_제주시_연동,OCCURRED_IN_REGION
AE_FIRE_EM_01037,REG_제주시_애월읍,OCCURRED_IN_REGION
AE_FIRE_EM_01038,REG_제주시_노형동,OCCURRED_IN_REGION
AE_FIRE_EM_01039,REG_제주시_이호일동,OCCURRED_IN_REGION
AE_FIRE_EM_01040,REG_제주시_외도일동,OCCURRED_IN_REGION
AE_FIRE_EM_01041,REG_제주시_외도일동,OCCURRED_IN_REGION
AE_FIRE_EM_01042,REG_제주시_애월읍,OCCURRED_IN_REGION
AE_FIRE_EM_01043,REG_제주시_도두이동,OCCURRED_IN_REGION
AE_FIRE_EM_01044,REG_제주시_애월읍,OCCURRED_IN_REGION
AE_FIRE_EM_01045,REG_제주시_봉개동,OCCURRED_IN_REGION
AE_FIRE_EM_01046,REG_제주시_조천읍,OCCURRED_IN_REGION
AE_FIRE_EM_01047,REG_제주시_봉개동,OCCURRED_IN_REGION
AE_FIRE_EM_01048,REG_제주시_봉개동,OCCURRED_IN_REGION
AE_FIRE_EM_01049,REG_제주시_봉개동,OCCURRED_IN_REGION
AE_FIRE_EM_01050,REG_제주시_추자면,OCCURRED_IN_REGION
AE_FIRE_EM_01051,REG_제주시_조천읍,OCCURRED_IN_REGION
AE_FIRE_EM_01052,REG_서귀포시_상예동,OCCURRED_IN_REGION
AE_FIRE_EM_01053,REG_제주시_조천읍,OCCURRED_IN_REGION
AE_FIRE_EM_01054,REG_제주시_구좌읍,OCCURRED_IN_REGION
AE_FIRE_EM_01055,REG_제주시_구좌읍,OCCURRED_IN_REGION
AE_FIRE_EM_01056,REG_제주시_구좌읍,OCCURRED_IN_REGION
AE_FIRE_EM_01057,REG_제주시_구좌읍,OCCURRED_IN_REGION
AE_FIRE_EM_01058,REG_제주시_구좌읍,OCCURRED_IN_REGION
AE_FIRE_EM_01059,REG_제주시_우도면,OCCURRED_IN_REGION
AE_FIRE_EM_01060,REG_서귀포시_강정동,OCCURRED_IN_REGION
AE_FIRE_EM_01061,REG_서귀포시_서귀동,OCCURRED_IN_REGION
AE_FIRE_EM_01062,REG_서귀포시_회수동,OCCURRED_IN_REGION
AE_FIRE_EM_01063,REG_제주시_한림읍,OCCURRED_IN_REGION
AE_FIRE_EM_01064,REG_서귀포시_서귀동,OCCURRED_IN_REGION
AE_FIRE_EM_01065,REG_서귀포시_서귀동,OCCURRED_IN_REGION
AE_FIRE_EM_01066,REG_서귀포시_서귀동,OCCURRED_IN_REGION
AE_FIRE_EM_01067,REG_서귀포시_서귀동,OCCURRED_IN_REGION
AE_FIRE_EM_01068,REG_서귀포시_서귀동,OCCURRED_IN_REGION
AE_FIRE_EM_01069,REG_서귀포시_서홍동,OCCURRED_IN_REGION
AE_FIRE_EM_01070,REG_서귀포시_서귀동,OCCURRED_IN_REGION
AE_FIRE_EM_01071,REG_서귀포시_서홍동,OCCURRED_IN_REGION
AE_FIRE_EM_01072,REG_서귀포시_서귀동,OCCURRED_IN_REGION
AE_FIRE_EM_01073,REG_서귀포시_중문동,OCCURRED_IN_REGION
AE_FIRE_EM_01074,REG_서귀포시_하원동,OCCURRED_IN_REGION
AE_FIRE_EM_01075,REG_서귀포시_대포동,OCCURRED_IN_REGION
AE_FIRE_EM_01076,REG_서귀포시_색달동,OCCURRED_IN_REGION
AE_FIRE_EM_01077,REG_서귀포시_대포동,OCCURRED_IN_REGION
AE_FIRE_EM_01078,REG_서귀포시_대포동,OCCURRED_IN_REGION
AE_FIRE_EM_01079,REG_서귀포시_대포동,OCCURRED_IN_REGION
AE_FIRE_EM_01080,REG_서귀포시_성산읍,OCCURRED_IN_REGION
AE_FIRE_EM_01081,REG_서귀포시_성산읍,OCCURRED_IN_REGION
AE_FIRE_EM_01082,REG_제주시_구좌읍,OCCURRED_IN_REGION
AE_FIRE_EM_01083,REG_서귀포시_성산읍,OCCURRED_IN_REGION
AE_FIRE_EM_01084,REG_서귀포시_성산읍,OCCURRED_IN_REGION
AE_FIRE_EM_01085,REG_서귀포시_성산읍,OCCURRED_IN_REGION
AE_FIRE_EM_01086,REG_서귀포시_성산읍,OCCURRED_IN_REGION
AE_FIRE_EM_01087,REG_제주시_구좌읍,OCCURRED_IN_REGION
AE_FIRE_EM_01088,REG_제주시_삼도이동,OCCURRED_IN_REGION
AE_FIRE_EM_01089,REG_제주시_구좌읍,OCCURRED_IN_REGION
AE_FIRE_EM_01090,REG_서귀포시_성산읍,OCCURRED_IN_REGION
AE_FIRE_EM_01091,REG_제주시_구좌읍,OCCURRED_IN_REGION
AE_FIRE_EM_01092,REG_서귀포시_성산읍,OCCURRED_IN_REGION
AE_FIRE_EM_01093,REG_서귀포시_성산읍,OCCURRED_IN_REGION
AE_FIRE_EM_01094,REG_제주시_구좌읍,OCCURRED_IN_REGION
AE_FIRE_EM_01095,REG_서귀포시_성산읍,OCCURRED_IN_REGION
AE_FIRE_EM_01096,REG_서귀포시_성산읍,OCCURRED_IN_REGION
AE_FIRE_EM_01097,REG_서귀포시_성산읍,OCCURRED_IN_REGION
AE_FIRE_EM_01098,REG_서귀포시_성산읍,OCCURRED_IN_REGION
AE_FIRE_EM_01099,REG_서귀포시_성산읍,OCCURRED_IN_REGION
AE_FIRE_EM_01100,REG_서귀포시_성산읍,OCCURRED_IN_REGION
AE_FIRE_EM_01101,REG_서귀포시_성산읍,OCCURRED_IN_REGION
AE_FIRE_EM_01102,REG_서귀포시_표선면,OCCURRED_IN_REGION
AE_FIRE_EM_01103,REG_서귀포시_표선면,OCCURRED_IN_REGION
AE_FIRE_EM_01104,REG_제주시_우도면,OCCURRED_IN_REGION
AE_FIRE_EM_01105,REG_서귀포시_성산읍,OCCURRED_IN_REGION
AE_FIRE_EM_01106,REG_서귀포시_성산읍,OCCURRED_IN_REGION
AE_FIRE_EM_01107,REG_서귀포시_표선면,OCCURRED_IN_REGION
AE_FIRE_EM_01108,REG_서귀포시_표선면,OCCURRED_IN_REGION
AE_FIRE_EM_01109,REG_서귀포시_표선면,OCCURRED_IN_REGION
AE_FIRE_EM_01110,REG_서귀포시_남원읍,OCCURRED_IN_REGION
AE_FIRE_EM_01111,REG_서귀포시_표선면,OCCURRED_IN_REGION
AE_FIRE_EM_01112,REG_서귀포시_표선면,OCCURRED_IN_REGION
AE_FIRE_EM_01113,REG_서귀포시_성산읍,OCCURRED_IN_REGION
AE_FIRE_EM_01114,REG_서귀포시_표선면,OCCURRED_IN_REGION
AE_FIRE_EM_01115,REG_서귀포시_성산읍,OCCURRED_IN_REGION
AE_FIRE_EM_01116,REG_서귀포시_성산읍,OCCURRED_IN_REGION
AE_FIRE_EM_01117,REG_서귀포시_남원읍,OCCURRED_IN_REGION
AE_FIRE_EM_01118,REG_서귀포시_남원읍,OCCURRED_IN_REGION
AE_FIRE_EM_01119,REG_서귀포시_남원읍,OCCURRED_IN_REGION
AE_FIRE_EM_01120,REG_서귀포시_남원읍,OCCURRED_IN_REGION
AE_FIRE_EM_01121,REG_서귀포시_남원읍,OCCURRED_IN_REGION
AE_FIRE_EM_01122,REG_서귀포시_남원읍,OCCURRED_IN_REGION
AE_FIRE_EM_01123,REG_서귀포시_남원읍,OCCURRED_IN_REGION
AE_FIRE_EM_01124,REG_서귀포시_남원읍,OCCURRED_IN_REGION
AE_FIRE_EM_01125,REG_서귀포시_남원읍,OCCURRED_IN_REGION
AE_FIRE_EM_01126,REG_제주시_이도이동,OCCURRED_IN_REGION
AE_FIRE_EM_01127,REG_서귀포시_토평동,OCCURRED_IN_REGION
AE_FIRE_EM_01128,REG_서귀포시_보목동,OCCURRED_IN_REGION
AE_FIRE_EM_01129,REG_서귀포시_상예동,OCCURRED_IN_REGION
AE_FIRE_EM_01130,REG_제주시_조천읍,OCCURRED_IN_REGION
AE_FIRE_EM_01131,REG_서귀포시_법환동,OCCURRED_IN_REGION
AE_FIRE_EM_01132,REG_서귀포시_법환동,OCCURRED_IN_REGION
AE_FIRE_EM_01133,REG_서귀포시_서홍동,OCCURRED_IN_REGION
AE_FIRE_EM_01134,REG_서귀포시_강정동,OCCURRED_IN_REGION
AE_FIRE_EM_01135,REG_서귀포시_서홍동,OCCURRED_IN_REGION
AE_FIRE_EM_01136,REG_서귀포시_서귀동,OCCURRED_IN_REGION
AE_FIRE_EM_01137,REG_서귀포시_강정동,OCCURRED_IN_REGION
AE_FIRE_EM_01138,REG_서귀포시_대포동,OCCURRED_IN_REGION
AE_FIRE_EM_01139,REG_서귀포시_표선면,OCCURRED_IN_REGION
AE_FIRE_EM_01140,REG_서귀포시_표선면,OCCURRED_IN_REGION
AE_FIRE_EM_01141,REG_제주시_구좌읍,OCCURRED_IN_REGION
AE_FIRE_EM_01142,REG_서귀포시_표선면,OCCURRED_IN_REGION
AE_FIRE_EM_01143,REG_제주시_구좌읍,OCCURRED_IN_REGION
AE_FIRE_EM_01144,REG_서귀포시_표선면,OCCURRED_IN_REGION
AE_FIRE_EM_01145,REG_서귀포시_표선면,OCCURRED_IN_REGION
AE_FIRE_EM_01146,REG_제주시_한경면,OCCURRED_IN_REGION
AE_FIRE_EM_01147,REG_제주시_애월읍,OCCURRED_IN_REGION
AE_FIRE_EM_01148,REG_제주시_한림읍,OCCURRED_IN_REGION
AE_FIRE_EM_01149,REG_제주시_한림읍,OCCURRED_IN_REGION
AE_FIRE_EM_01150,REG_제주시_한림읍,OCCURRED_IN_REGION
AE_FIRE_EM_01151,REG_제주시_조천읍,OCCURRED_IN_REGION
AE_FIRE_EM_01152,REG_제주시_한림읍,OCCURRED_IN_REGION
AE_FIRE_EM_01153,REG_제주시_한림읍,OCCURRED_IN_REGION
AE_FIRE_EM_01154,REG_제주시_한경면,OCCURRED_IN_REGION
AE_FIRE_EM_01155,REG_제주시_한림읍,OCCURRED_IN_REGION
AE_FIRE_EM_01156,REG_제주시_한림읍,OCCURRED_IN_REGION
AE_FIRE_EM_01157,REG_제주시_애월읍,OCCURRED_IN_REGION
AE_FIRE_EM_01158,REG_제주시_애월읍,OCCURRED_IN_REGION
AE_FIRE_EM_01159,REG_제주시_애월읍,OCCURRED_IN_REGION
AE_FIRE_EM_01160,REG_제주시_애월읍,OCCURRED_IN_REGION
AE_FIRE_EM_01161,REG_제주시_애월읍,OCCURRED_IN_REGION
AE_FIRE_EM_01162,REG_제주시_애월읍,OCCURRED_IN_REGION
AE_FIRE_EM_01163,REG_제주시_애월읍,OCCURRED_IN_REGION
AE_FIRE_EM_01164,REG_제주시_애월읍,OCCURRED_IN_REGION
AE_FIRE_EM_01165,REG_제주시_애월읍,OCCURRED_IN_REGION
AE_FIRE_EM_01166,REG_제주시_애월읍,OCCURRED_IN_REGION
AE_FIRE_EM_01167,REG_제주시_애월읍,OCCURRED_IN_REGION
AE_FIRE_EM_01168,REG_제주시_애월읍,OCCURRED_IN_REGION
AE_FIRE_EM_01169,REG_제주시_애월읍,OCCURRED_IN_REGION
AE_FIRE_EM_01170,REG_제주시_애월읍,OCCURRED_IN_REGION
AE_FIRE_EM_01171,REG_서귀포시_대정읍,OCCURRED_IN_REGION
AE_FIRE_EM_01172,REG_서귀포시_대정읍,OCCURRED_IN_REGION
AE_FIRE_EM_01173,REG_서귀포시_대정읍,OCCURRED_IN_REGION
AE_FIRE_EM_01174,REG_서귀포시_대정읍,OCCURRED_IN_REGION
AE_FIRE_EM_01175,REG_서귀포시_안덕면,OCCURRED_IN_REGION
AE_FIRE_EM_01176,REG_서귀포시_대정읍,OCCURRED_IN_REGION
AE_FIRE_EM_01177,REG_서귀포시_대정읍,OCCURRED_IN_REGION
AE_FIRE_EM_01178,REG_서귀포시_대정읍,OCCURRED_IN_REGION
AE_FIRE_EM_01179,REG_서귀포시_성산읍,OCCURRED_IN_REGION
AE_FIRE_EM_01180,REG_서귀포시_대정읍,OCCURRED_IN_REGION
AE_FIRE_EM_01181,REG_서귀포시_표선면,OCCURRED_IN_REGION
AE_FIRE_EM_01182,REG_서귀포시_대정읍,OCCURRED_IN_REGION
AE_FIRE_EM_01183,REG_서귀포시_남원읍,OCCURRED_IN_REGION
AE_FIRE_EM_01184,REG_서귀포시_대정읍,OCCURRED_IN_REGION
AE_FIRE_EM_01185,REG_서귀포시_안덕면,OCCURRED_IN_REGION
AE_FIRE_EM_01186,REG_제주시_애월읍,OCCURRED_IN_REGION
AE_FIRE_EM_01187,REG_서귀포시_안덕면,OCCURRED_IN_REGION
AE_FIRE_EM_01188,REG_서귀포시_안덕면,OCCURRED_IN_REGION
AE_FIRE_EM_01189,REG_서귀포시_안덕면,OCCURRED_IN_REGION
AE_FIRE_EM_01190,REG_서귀포시_안덕면,OCCURRED_IN_REGION
AE_FIRE_EM_01191,REG_서귀포시_안덕면,OCCURRED_IN_REGION
AE_FIRE_EM_01192,REG_서귀포시_안덕면,OCCURRED_IN_REGION
AE_FIRE_EM_01193,REG_서귀포시_안덕면,OCCURRED_IN_REGION
AE_FIRE_EM_01194,REG_서귀포시_대정읍,OCCURRED_IN_REGION
AE_FIRE_EM_01195,REG_서귀포시_대정읍,OCCURRED_IN_REGION
AE_FIRE_EM_01196,REG_서귀포시_안덕면,OCCURRED_IN_REGION
AE_FIRE_EM_01197,REG_서귀포시_안덕면,OCCURRED_IN_REGION
AE_FIRE_EM_01198,REG_제주시_조천읍,OCCURRED_IN_REGION
AE_FIRE_EM_01199,REG_제주시_구좌읍,OCCURRED_IN_REGION
AE_FIRE_EM_01200,REG_제주시_조천읍,OCCURRED_IN_REGION
AE_FIRE_EM_01201,REG_제주시_조천읍,OCCURRED_IN_REGION
AE_FIRE_EM_01202,REG_제주시_우도면,OCCURRED_IN_REGION
AE_FIRE_EM_01203,REG_서귀포시_표선면,OCCURRED_IN_REGION
AE_FIRE_EM_01204,REG_제주시_도두일동,OCCURRED_IN_REGION
AE_FIRE_EM_01205,REG_제주시_한림읍,OCCURRED_IN_REGION
AE_FIRE_EM_01206,REG_제주시_우도면,OCCURRED_IN_REGION
AE_FIRE_EM_01207,REG_서귀포시_안덕면,OCCURRED_IN_REGION
AE_FIRE_EM_01208,REG_제주시_우도면,OCCURRED_IN_REGION
AE_FIRE_EM_01209,REG_제주시_조천읍,OCCURRED_IN_REGION
AE_FIRE_EM_01210,REG_제주시_노형동,OCCURRED_IN_REGION
AE_FIRE_EM_01211,REG_제주시_우도면,OCCURRED_IN_REGION
AE_FIRE_EM_01212,REG_제주시_한림읍,OCCURRED_IN_REGION
AE_FIRE_EM_01213,REG_제주시_조천읍,OCCURRED_IN_REGION
AE_FIRE_EM_01214,REG_서귀포시_남원읍,OCCURRED_IN_REGION
AE_FIRE_EM_01215,REG_제주시_영평동,OCCURRED_IN_REGION
AE_FIRE_EM_01216,REG_제주시_구좌읍,OCCURRED_IN_REGION
AE_FIRE_EM_01217,REG_제주시_우도면,OCCURRED_IN_REGION
AE_FIRE_EM_01218,REG_제주시_일도이동,OCCURRED_IN_REGION
AE_FIRE_EM_01219,REG_서귀포시_안덕면,OCCURRED_IN_REGION
AE_FIRE_EM_01220,REG_서귀포시_강정동,OCCURRED_IN_REGION
AE_FIRE_EM_01221,REG_제주시_오등동,OCCURRED_IN_REGION
AE_FIRE_EM_01222,REG_제주시_삼양일동,OCCURRED_IN_REGION
AE_FIRE_EM_01223,REG_제주시_삼도일동,OCCURRED_IN_REGION
AE_FIRE_EM_01224,REG_제주시_연동,OCCURRED_IN_REGION
AE_FIRE_EM_01225,REG_제주시_노형동,OCCURRED_IN_REGION
AE_FIRE_EM_01226,REG_서귀포시_안덕면,OCCURRED_IN_REGION
AE_FIRE_EM_01227,REG_제주시_용강동,OCCURRED_IN_REGION
AE_FIRE_EM_01228,REG_서귀포시_성산읍,OCCURRED_IN_REGION
AE_FIRE_EM_01229,REG_제주시_일도이동,OCCURRED_IN_REGION
AE_FIRE_EM_01230,REG_제주시_용담이동,OCCURRED_IN_REGION
AE_FIRE_EM_01231,REG_제주시_이도이동,OCCURRED_IN_REGION
AE_FIRE_EM_01232,REG_제주시_삼도이동,OCCURRED_IN_REGION
AE_FIRE_EM_01233,REG_제주시_용담삼동,OCCURRED_IN_REGION
AE_FIRE_EM_01234,REG_제주시_용담이동,OCCURRED_IN_REGION
AE_FIRE_EM_01235,REG_제주시_조천읍,OCCURRED_IN_REGION
AE_FIRE_EM_01236,REG_제주시_연동,OCCURRED_IN_REGION
AE_FIRE_EM_01237,REG_제주시_이도이동,OCCURRED_IN_REGION
AE_FIRE_EM_01238,REG_제주시_삼도이동,OCCURRED_IN_REGION
AE_FIRE_EM_01239,REG_서귀포시_남원읍,OCCURRED_IN_REGION
AE_FIRE_EM_01240,REG_제주시_연동,OCCURRED_IN_REGION
AE_FIRE_EM_01241,REG_제주시_연동,OCCURRED_IN_REGION
AE_FIRE_EM_01242,REG_제주시_연동,OCCURRED_IN_REGION
AE_FIRE_EM_01243,REG_제주시_노형동,OCCURRED_IN_REGION
AE_FIRE_EM_01244,REG_제주시_한림읍,OCCURRED_IN_REGION
AE_FIRE_EM_01245,REG_제주시_연동,OCCURRED_IN_REGION
AE_FIRE_EM_01246,REG_제주시_연동,OCCURRED_IN_REGION
AE_FIRE_EM_01247,REG_제주시_노형동,OCCURRED_IN_REGION
AE_FIRE_EM_01248,REG_제주시_용담이동,OCCURRED_IN_REGION
AE_FIRE_EM_01249,REG_제주시_해안동,OCCURRED_IN_REGION
AE_FIRE_EM_01250,REG_제주시_도두일동,OCCURRED_IN_REGION
AE_FIRE_EM_01251,REG_제주시_연동,OCCURRED_IN_REGION
AE_FIRE_EM_01252,REG_제주시_도두일동,OCCURRED_IN_REGION
AE_FIRE_EM_01253,REG_제주시_건입동,OCCURRED_IN_REGION
AE_FIRE_EM_01254,REG_제주시_건입동,OCCURRED_IN_REGION
AE_FIRE_EM_01255,REG_제주시_조천읍,OCCURRED_IN_REGION
AE_FIRE_EM_01256,REG_제주시_일도일동,OCCURRED_IN_REGION
AE_FIRE_EM_01257,REG_제주시_건입동,OCCURRED_IN_REGION
AE_FIRE_EM_01258,REG_제주시_건입동,OCCURRED_IN_REGION
AE_FIRE_EM_01259,REG_서귀포시_성산읍,OCCURRED_IN_REGION
AE_FIRE_EM_01260,REG_서귀포시_표선면,OCCURRED_IN_REGION
AE_FIRE_EM_01261,REG_제주시_삼양일동,OCCURRED_IN_REGION
AE_FIRE_EM_01262,REG_제주시_삼양일동,OCCURRED_IN_REGION
AE_FIRE_EM_01263,REG_제주시_봉개동,OCCURRED_IN_REGION
AE_FIRE_EM_01264,REG_서귀포시_성산읍,OCCURRED_IN_REGION
AE_FIRE_EM_01265,REG_서귀포시_표선면,OCCURRED_IN_REGION
AE_FIRE_EM_01266,REG_제주시_구좌읍,OCCURRED_IN_REGION
AE_FIRE_EM_01267,REG_서귀포시_성산읍,OCCURRED_IN_REGION
AE_FIRE_EM_01268,REG_제주시_구좌읍,OCCURRED_IN_REGION
AE_FIRE_EM_01269,REG_서귀포시_성산읍,OCCURRED_IN_REGION
AE_FIRE_EM_01270,REG_제주시_구좌읍,OCCURRED_IN_REGION
AE_FIRE_EM_01271,REG_제주시_구좌읍,OCCURRED_IN_REGION
AE_FIRE_EM_01272,REG_제주시_구좌읍,OCCURRED_IN_REGION
AE_FIRE_EM_01273,REG_제주시_구좌읍,OCCURRED_IN_REGION
AE_FIRE_EM_01274,REG_제주시_구좌읍,OCCURRED_IN_REGION
AE_FIRE_EM_01275,REG_서귀포시_성산읍,OCCURRED_IN_REGION
AE_FIRE_EM_01276,REG_서귀포시_성산읍,OCCURRED_IN_REGION
AE_FIRE_EM_01277,REG_제주시_조천읍,OCCURRED_IN_REGION
AE_FIRE_EM_01278,REG_제주시_구좌읍,OCCURRED_IN_REGION
AE_FIRE_EM_01279,REG_제주시_구좌읍,OCCURRED_IN_REGION
AE_FIRE_EM_01280,REG_제주시_구좌읍,OCCURRED_IN_REGION
AE_FIRE_EM_01281,REG_제주시_구좌읍,OCCURRED_IN_REGION
AE_FIRE_EM_01282,REG_제주시_구좌읍,OCCURRED_IN_REGION
AE_FIRE_EM_01283,REG_제주시_구좌읍,OCCURRED_IN_REGION
AE_FIRE_EM_01284,REG_제주시_조천읍,OCCURRED_IN_REGION
AE_FIRE_EM_01285,REG_제주시_조천읍,OCCURRED_IN_REGION
AE_FIRE_EM_01286,REG_제주시_조천읍,OCCURRED_IN_REGION
AE_FIRE_EM_01287,REG_제주시_조천읍,OCCURRED_IN_REGION
AE_FIRE_EM_01288,REG_제주시_조천읍,OCCURRED_IN_REGION
AE_FIRE_EM_01289,REG_서귀포시_성산읍,OCCURRED_IN_REGION
AE_FIRE_EM_01290,REG_제주시_구좌읍,OCCURRED_IN_REGION
AE_FIRE_EM_01291,REG_제주시_조천읍,OCCURRED_IN_REGION
AE_FIRE_EM_01292,REG_서귀포시_남원읍,OCCURRED_IN_REGION
AE_FIRE_EM_01293,REG_제주시_구좌읍,OCCURRED_IN_REGION
AE_FIRE_EM_01294,REG_서귀포시_표선면,OCCURRED_IN_REGION
AE_FIRE_EM_01295,REG_제주시_한림읍,OCCURRED_IN_REGION
AE_FIRE_EM_01296,REG_제주시_구좌읍,OCCURRED_IN_REGION
AE_FIRE_EM_01297,REG_제주시_조천읍,OCCURRED_IN_REGION
AE_FIRE_EM_01298,REG_제주시_한경면,OCCURRED_IN_REGION
AE_FIRE_EM_01299,REG_제주시_노형동,OCCURRED_IN_REGION
AE_FIRE_EM_01300,REG_제주시_노형동,OCCURRED_IN_REGION
AE_FIRE_EM_01301,REG_제주시_이도이동,OCCURRED_IN_REGION
AE_FIRE_EM_01302,REG_제주시_해안동,OCCURRED_IN_REGION
AE_FIRE_EM_01303,REG_제주시_해안동,OCCURRED_IN_REGION
AE_FIRE_EM_01304,REG_제주시_용담이동,OCCURRED_IN_REGION
AE_FIRE_EM_01305,REG_제주시_연동,OCCURRED_IN_REGION
AE_FIRE_EM_01306,REG_제주시_연동,OCCURRED_IN_REGION
AE_FIRE_EM_01307,REG_제주시_연동,OCCURRED_IN_REGION
AE_FIRE_EM_01308,REG_제주시_애월읍,OCCURRED_IN_REGION
AE_FIRE_EM_01309,REG_서귀포시_하효동,OCCURRED_IN_REGION
AE_FIRE_EM_01310,REG_제주시_노형동,OCCURRED_IN_REGION
AE_FIRE_EM_01311,REG_제주시_애월읍,OCCURRED_IN_REGION
AE_FIRE_EM_01312,REG_제주시_이호이동,OCCURRED_IN_REGION
AE_FIRE_EM_01313,REG_서귀포시_표선면,OCCURRED_IN_REGION
AE_FIRE_EM_01314,REG_제주시_해안동,OCCURRED_IN_REGION
AE_FIRE_EM_01315,REG_제주시_애월읍,OCCURRED_IN_REGION
AE_FIRE_EM_01316,REG_제주시_애월읍,OCCURRED_IN_REGION
AE_FIRE_EM_01317,REG_제주시_애월읍,OCCURRED_IN_REGION
AE_FIRE_EM_01318,REG_제주시_조천읍,OCCURRED_IN_REGION
AE_FIRE_EM_01319,REG_제주시_조천읍,OCCURRED_IN_REGION
AE_FIRE_EM_01320,REG_제주시_영평동,OCCURRED_IN_REGION
AE_FIRE_EM_01321,REG_제주시_아라일동,OCCURRED_IN_REGION
AE_FIRE_EM_01322,REG_제주시_아라일동,OCCURRED_IN_REGION
AE_FIRE_EM_01323,REG_제주시_아라일동,OCCURRED_IN_REGION
AE_FIRE_EM_01324,REG_제주시_아라일동,OCCURRED_IN_REGION
AE_FIRE_EM_01325,REG_제주시_용강동,OCCURRED_IN_REGION
AE_FIRE_EM_01326,REG_제주시_구좌읍,OCCURRED_IN_REGION
AE_FIRE_EM_01327,REG_제주시_구좌읍,OCCURRED_IN_REGION
AE_FIRE_EM_01328,REG_제주시_조천읍,OCCURRED_IN_REGION
AE_FIRE_EM_01329,REG_제주시_우도면,OCCURRED_IN_REGION
AE_FIRE_EM_01330,REG_제주시_구좌읍,OCCURRED_IN_REGION
AE_FIRE_EM_01331,REG_제주시_구좌읍,OCCURRED_IN_REGION
AE_FIRE_EM_01332,REG_제주시_우도면,OCCURRED_IN_REGION
AE_FIRE_EM_01333,REG_제주시_우도면,OCCURRED_IN_REGION
AE_FIRE_EM_01334,REG_제주시_우도면,OCCURRED_IN_REGION
AE_FIRE_EM_01335,REG_제주시_우도면,OCCURRED_IN_REGION
AE_FIRE_EM_01336,REG_제주시_우도면,OCCURRED_IN_REGION
AE_FIRE_EM_01337,REG_제주시_우도면,OCCURRED_IN_REGION
AE_FIRE_EM_01338,REG_제주시_우도면,OCCURRED_IN_REGION
AE_FIRE_EM_01339,REG_제주시_우도면,OCCURRED_IN_REGION
AE_FIRE_EM_01340,REG_서귀포시_서홍동,OCCURRED_IN_REGION
AE_FIRE_EM_01341,REG_서귀포시_성산읍,OCCURRED_IN_REGION
AE_FIRE_EM_01342,REG_서귀포시_동홍동,OCCURRED_IN_REGION
AE_FIRE_EM_01343,REG_서귀포시_남원읍,OCCURRED_IN_REGION
AE_FIRE_EM_01344,REG_서귀포시_남원읍,OCCURRED_IN_REGION
AE_FIRE_EM_01345,REG_서귀포시_성산읍,OCCURRED_IN_REGION
AE_FIRE_EM_01346,REG_제주시_조천읍,OCCURRED_IN_REGION
AE_FIRE_EM_01347,REG_서귀포시_서귀동,OCCURRED_IN_REGION
AE_FIRE_EM_01348,REG_서귀포시_상효동,OCCURRED_IN_REGION
AE_FIRE_EM_01349,REG_서귀포시_서귀동,OCCURRED_IN_REGION
AE_FIRE_EM_01350,REG_서귀포시_동홍동,OCCURRED_IN_REGION
AE_FIRE_EM_01351,REG_서귀포시_서귀동,OCCURRED_IN_REGION
AE_FIRE_EM_01352,REG_서귀포시_상효동,OCCURRED_IN_REGION
AE_FIRE_EM_01353,REG_서귀포시_색달동,OCCURRED_IN_REGION
AE_FIRE_EM_01354,REG_서귀포시_색달동,OCCURRED_IN_REGION
AE_FIRE_EM_01355,REG_서귀포시_색달동,OCCURRED_IN_REGION
AE_FIRE_EM_01356,REG_서귀포시_하예동,OCCURRED_IN_REGION
AE_FIRE_EM_01357,REG_서귀포시_색달동,OCCURRED_IN_REGION
AE_FIRE_EM_01358,REG_서귀포시_하원동,OCCURRED_IN_REGION
AE_FIRE_EM_01359,REG_서귀포시_중문동,OCCURRED_IN_REGION
AE_FIRE_EM_01360,REG_서귀포시_중문동,OCCURRED_IN_REGION
AE_FIRE_EM_01361,REG_서귀포시_상예동,OCCURRED_IN_REGION
AE_FIRE_EM_01362,REG_서귀포시_하예동,OCCURRED_IN_REGION
AE_FIRE_EM_01363,REG_서귀포시_중문동,OCCURRED_IN_REGION
AE_FIRE_EM_01364,REG_서귀포시_중문동,OCCURRED_IN_REGION
AE_FIRE_EM_01365,REG_제주시_애월읍,OCCURRED_IN_REGION
AE_FIRE_EM_01366,REG_서귀포시_안덕면,OCCURRED_IN_REGION
AE_FIRE_EM_01367,REG_서귀포시_중문동,OCCURRED_IN_REGION
AE_FIRE_EM_01368,REG_서귀포시_하원동,OCCURRED_IN_REGION
AE_FIRE_EM_01369,REG_서귀포시_성산읍,OCCURRED_IN_REGION
AE_FIRE_EM_01370,REG_서귀포시_성산읍,OCCURRED_IN_REGION
AE_FIRE_EM_01371,REG_서귀포시_성산읍,OCCURRED_IN_REGION
AE_FIRE_EM_01372,REG_서귀포시_성산읍,OCCURRED_IN_REGION
AE_FIRE_EM_01373,REG_서귀포시_성산읍,OCCURRED_IN_REGION
AE_FIRE_EM_01374,REG_서귀포시_성산읍,OCCURRED_IN_REGION
AE_FIRE_EM_01375,REG_서귀포시_성산읍,OCCURRED_IN_REGION
AE_FIRE_EM_01376,REG_서귀포시_성산읍,OCCURRED_IN_REGION
AE_FIRE_EM_01377,REG_제주시_우도면,OCCURRED_IN_REGION
AE_FIRE_EM_01378,REG_서귀포시_성산읍,OCCURRED_IN_REGION
AE_FIRE_EM_01379,REG_서귀포시_성산읍,OCCURRED_IN_REGION
AE_FIRE_EM_01380,REG_제주시_구좌읍,OCCURRED_IN_REGION
AE_FIRE_EM_01381,REG_서귀포시_성산읍,OCCURRED_IN_REGION
AE_FIRE_EM_01382,REG_서귀포시_색달동,OCCURRED_IN_REGION
AE_FIRE_EM_01383,REG_제주시_우도면,OCCURRED_IN_REGION
AE_FIRE_EM_01384,REG_서귀포시_성산읍,OCCURRED_IN_REGION
AE_FIRE_EM_01385,REG_서귀포시_성산읍,OCCURRED_IN_REGION
AE_FIRE_EM_01386,REG_서귀포시_성산읍,OCCURRED_IN_REGION
AE_FIRE_EM_01387,REG_제주시_구좌읍,OCCURRED_IN_REGION
AE_FIRE_EM_01388,REG_서귀포시_성산읍,OCCURRED_IN_REGION
AE_FIRE_EM_01389,REG_제주시_우도면,OCCURRED_IN_REGION
AE_FIRE_EM_01390,REG_서귀포시_성산읍,OCCURRED_IN_REGION
AE_FIRE_EM_01391,REG_서귀포시_성산읍,OCCURRED_IN_REGION
AE_FIRE_EM_01392,REG_제주시_구좌읍,OCCURRED_IN_REGION
AE_FIRE_EM_01393,REG_제주시_구좌읍,OCCURRED_IN_REGION
AE_FIRE_EM_01394,REG_제주시_구좌읍,OCCURRED_IN_REGION
AE_FIRE_EM_01395,REG_제주시_구좌읍,OCCURRED_IN_REGION
AE_FIRE_EM_01396,REG_제주시_구좌읍,OCCURRED_IN_REGION
AE_FIRE_EM_01397,REG_제주시_구좌읍,OCCURRED_IN_REGION
AE_FIRE_EM_01398,REG_제주시_조천읍,OCCURRED_IN_REGION
AE_FIRE_EM_01399,REG_서귀포시_성산읍,OCCURRED_IN_REGION
AE_FIRE_EM_01400,REG_서귀포시_안덕면,OCCURRED_IN_REGION
AE_FIRE_EM_01401,REG_서귀포시_표선면,OCCURRED_IN_REGION
AE_FIRE_EM_01402,REG_서귀포시_표선면,OCCURRED_IN_REGION
AE_FIRE_EM_01403,REG_서귀포시_남원읍,OCCURRED_IN_REGION
AE_FIRE_EM_01404,REG_서귀포시_남원읍,OCCURRED_IN_REGION
AE_FIRE_EM_01405,REG_서귀포시_남원읍,OCCURRED_IN_REGION
AE_FIRE_EM_01406,REG_서귀포시_남원읍,OCCURRED_IN_REGION
AE_FIRE_EM_01407,REG_서귀포시_남원읍,OCCURRED_IN_REGION
AE_FIRE_EM_01408,REG_서귀포시_남원읍,OCCURRED_IN_REGION
AE_FIRE_EM_01409,REG_서귀포시_남원읍,OCCURRED_IN_REGION
AE_FIRE_EM_01410,REG_서귀포시_표선면,OCCURRED_IN_REGION
AE_FIRE_EM_01411,REG_서귀포시_표선면,OCCURRED_IN_REGION
AE_FIRE_EM_01412,REG_서귀포시_남원읍,OCCURRED_IN_REGION
AE_FIRE_EM_01413,REG_서귀포시_서홍동,OCCURRED_IN_REGION
AE_FIRE_EM_01414,REG_서귀포시_서귀동,OCCURRED_IN_REGION
AE_FIRE_EM_01415,REG_서귀포시_신효동,OCCURRED_IN_REGION
AE_FIRE_EM_01416,REG_서귀포시_남원읍,OCCURRED_IN_REGION
AE_FIRE_EM_01417,REG_서귀포시_토평동,OCCURRED_IN_REGION
AE_FIRE_EM_01418,REG_서귀포시_안덕면,OCCURRED_IN_REGION
AE_FIRE_EM_01419,REG_서귀포시_남원읍,OCCURRED_IN_REGION
AE_FIRE_EM_01420,REG_서귀포시_토평동,OCCURRED_IN_REGION
AE_FIRE_EM_01421,REG_서귀포시_남원읍,OCCURRED_IN_REGION
AE_FIRE_EM_01422,REG_서귀포시_서귀동,OCCURRED_IN_REGION
AE_FIRE_EM_01423,REG_서귀포시_강정동,OCCURRED_IN_REGION
AE_FIRE_EM_01424,REG_서귀포시_하원동,OCCURRED_IN_REGION
AE_FIRE_EM_01425,REG_서귀포시_색달동,OCCURRED_IN_REGION
AE_FIRE_EM_01426,REG_서귀포시_남원읍,OCCURRED_IN_REGION
AE_FIRE_EM_01427,REG_서귀포시_서홍동,OCCURRED_IN_REGION
AE_FIRE_EM_01428,REG_서귀포시_서호동,OCCURRED_IN_REGION
AE_FIRE_EM_01429,REG_서귀포시_강정동,OCCURRED_IN_REGION
AE_FIRE_EM_01430,REG_서귀포시_강정동,OCCURRED_IN_REGION
AE_FIRE_EM_01431,REG_서귀포시_강정동,OCCURRED_IN_REGION
AE_FIRE_EM_01432,REG_서귀포시_서호동,OCCURRED_IN_REGION
AE_FIRE_EM_01433,REG_서귀포시_서호동,OCCURRED_IN_REGION
AE_FIRE_EM_01434,REG_서귀포시_강정동,OCCURRED_IN_REGION
AE_FIRE_EM_01435,REG_제주시_노형동,OCCURRED_IN_REGION
AE_FIRE_EM_01436,REG_제주시_구좌읍,OCCURRED_IN_REGION
AE_FIRE_EM_01437,REG_서귀포시_표선면,OCCURRED_IN_REGION
AE_FIRE_EM_01438,REG_제주시_구좌읍,OCCURRED_IN_REGION
AE_FIRE_EM_01439,REG_제주시_구좌읍,OCCURRED_IN_REGION
AE_FIRE_EM_01440,REG_제주시_구좌읍,OCCURRED_IN_REGION
AE_FIRE_EM_01441,REG_제주시_구좌읍,OCCURRED_IN_REGION
AE_FIRE_EM_01442,REG_제주시_한림읍,OCCURRED_IN_REGION
AE_FIRE_EM_01443,REG_서귀포시_안덕면,OCCURRED_IN_REGION
AE_FIRE_EM_01444,REG_제주시_한림읍,OCCURRED_IN_REGION
AE_FIRE_EM_01445,REG_제주시_한림읍,OCCURRED_IN_REGION
AE_FIRE_EM_01446,REG_제주시_한림읍,OCCURRED_IN_REGION
AE_FIRE_EM_01447,REG_제주시_한림읍,OCCURRED_IN_REGION
AE_FIRE_EM_01448,REG_제주시_한림읍,OCCURRED_IN_REGION
AE_FIRE_EM_01449,REG_제주시_한경면,OCCURRED_IN_REGION
AE_FIRE_EM_01450,REG_서귀포시_안덕면,OCCURRED_IN_REGION
AE_FIRE_EM_01451,REG_제주시_한경면,OCCURRED_IN_REGION
AE_FIRE_EM_01452,REG_제주시_한림읍,OCCURRED_IN_REGION
AE_FIRE_EM_01453,REG_제주시_한림읍,OCCURRED_IN_REGION
AE_FIRE_EM_01454,REG_제주시_한림읍,OCCURRED_IN_REGION
AE_FIRE_EM_01455,REG_제주시_한림읍,OCCURRED_IN_REGION
AE_FIRE_EM_01456,REG_서귀포시_안덕면,OCCURRED_IN_REGION
AE_FIRE_EM_01457,REG_제주시_한경면,OCCURRED_IN_REGION
AE_FIRE_EM_01458,REG_제주시_한림읍,OCCURRED_IN_REGION
AE_FIRE_EM_01459,REG_제주시_애월읍,OCCURRED_IN_REGION
AE_FIRE_EM_01460,REG_제주시_한림읍,OCCURRED_IN_REGION
AE_FIRE_EM_01461,REG_제주시_한경면,OCCURRED_IN_REGION
AE_FIRE_EM_01462,REG_제주시_한림읍,OCCURRED_IN_REGION
AE_FIRE_EM_01463,REG_제주시_한림읍,OCCURRED_IN_REGION
AE_FIRE_EM_01464,REG_제주시_한경면,OCCURRED_IN_REGION
AE_FIRE_EM_01465,REG_제주시_애월읍,OCCURRED_IN_REGION
AE_FIRE_EM_01466,REG_제주시_애월읍,OCCURRED_IN_REGION
AE_FIRE_EM_01467,REG_제주시_구좌읍,OCCURRED_IN_REGION
AE_FIRE_EM_01468,REG_제주시_애월읍,OCCURRED_IN_REGION
AE_FIRE_EM_01469,REG_제주시_애월읍,OCCURRED_IN_REGION
AE_FIRE_EM_01470,REG_제주시_애월읍,OCCURRED_IN_REGION
AE_FIRE_EM_01471,REG_제주시_애월읍,OCCURRED_IN_REGION
AE_FIRE_EM_01472,REG_제주시_애월읍,OCCURRED_IN_REGION
AE_FIRE_EM_01473,REG_제주시_애월읍,OCCURRED_IN_REGION
AE_FIRE_EM_01474,REG_서귀포시_색달동,OCCURRED_IN_REGION
AE_FIRE_EM_01475,REG_서귀포시_법환동,OCCURRED_IN_REGION
AE_FIRE_EM_01476,REG_제주시_애월읍,OCCURRED_IN_REGION
AE_FIRE_EM_01477,REG_제주시_한림읍,OCCURRED_IN_REGION
AE_FIRE_EM_01478,REG_제주시_애월읍,OCCURRED_IN_REGION
AE_FIRE_EM_01479,REG_제주시_애월읍,OCCURRED_IN_REGION
AE_FIRE_EM_01480,REG_제주시_애월읍,OCCURRED_IN_REGION
AE_FIRE_EM_01481,REG_제주시_도두이동,OCCURRED_IN_REGION
AE_FIRE_EM_01482,REG_제주시_한림읍,OCCURRED_IN_REGION
AE_FIRE_EM_01483,REG_제주시_한경면,OCCURRED_IN_REGION
AE_FIRE_EM_01484,REG_제주시_한경면,OCCURRED_IN_REGION
AE_FIRE_EM_01485,REG_제주시_한경면,OCCURRED_IN_REGION
AE_FIRE_EM_01486,REG_제주시_한경면,OCCURRED_IN_REGION
AE_FIRE_EM_01487,REG_제주시_한경면,OCCURRED_IN_REGION
AE_FIRE_EM_01488,REG_제주시_삼도이동,OCCURRED_IN_REGION
AE_FIRE_EM_01489,REG_제주시_한경면,OCCURRED_IN_REGION
AE_FIRE_EM_01490,REG_제주시_한경면,OCCURRED_IN_REGION
AE_FIRE_EM_01491,REG_제주시_구좌읍,OCCURRED_IN_REGION
AE_FIRE_EM_01492,REG_서귀포시_대정읍,OCCURRED_IN_REGION
AE_FIRE_EM_01493,REG_서귀포시_대정읍,OCCURRED_IN_REGION
AE_FIRE_EM_01494,REG_제주시_한경면,OCCURRED_IN_REGION
AE_FIRE_EM_01495,REG_서귀포시_대정읍,OCCURRED_IN_REGION
AE_FIRE_EM_01496,REG_제주시_구좌읍,OCCURRED_IN_REGION
AE_FIRE_EM_01497,REG_서귀포시_안덕면,OCCURRED_IN_REGION
AE_FIRE_EM_01498,REG_서귀포시_남원읍,OCCURRED_IN_REGION
AE_FIRE_EM_01499,REG_서귀포시_안덕면,OCCURRED_IN_REGION
AE_FIRE_EM_01500,REG_서귀포시_안덕면,OCCURRED_IN_REGION
AE_FIRE_EM_01501,REG_서귀포시_강정동,OCCURRED_IN_REGION
AE_FIRE_EM_01502,REG_서귀포시_색달동,OCCURRED_IN_REGION
AE_FIRE_EM_01503,REG_서귀포시_안덕면,OCCURRED_IN_REGION
AE_FIRE_EM_01504,REG_제주시_한림읍,OCCURRED_IN_REGION
AE_FIRE_EM_01505,REG_제주시_한경면,OCCURRED_IN_REGION
AE_FIRE_EM_01506,REG_제주시_건입동,OCCURRED_IN_REGION
AE_FIRE_EM_01507,REG_제주시_회천동,OCCURRED_IN_REGION
AE_FIRE_EM_01508,REG_서귀포시_하원동,OCCURRED_IN_REGION
AE_FIRE_EM_01509,REG_서귀포시_표선면,OCCURRED_IN_REGION
AE_FIRE_EM_01510,REG_제주시_애월읍,OCCURRED_IN_REGION
AE_FIRE_EM_01511,REG_제주시_연동,OCCURRED_IN_REGION
AE_FIRE_EM_01512,REG_서귀포시_남원읍,OCCURRED_IN_REGION
AE_FIRE_EM_01513,REG_제주시_우도면,OCCURRED_IN_REGION
AE_FIRE_EM_01514,REG_제주시_한경면,OCCURRED_IN_REGION
AE_FIRE_EM_01515,REG_제주시_우도면,OCCURRED_IN_REGION
AE_FIRE_EM_01516,REG_제주시_구좌읍,OCCURRED_IN_REGION
AE_FIRE_EM_01517,REG_제주시_조천읍,OCCURRED_IN_REGION
AE_FIRE_EM_01518,REG_제주시_봉개동,OCCURRED_IN_REGION
AE_FIRE_EM_01519,REG_제주시_한경면,OCCURRED_IN_REGION
AE_FIRE_EM_01520,REG_제주시_우도면,OCCURRED_IN_REGION
AE_FIRE_EM_01521,REG_제주시_조천읍,OCCURRED_IN_REGION
AE_FIRE_EM_01522,REG_제주시_우도면,OCCURRED_IN_REGION
AE_FIRE_EM_01523,REG_제주시_우도면,OCCURRED_IN_REGION
AE_FIRE_EM_01524,REG_제주시_우도면,OCCURRED_IN_REGION
AE_FIRE_EM_01525,REG_서귀포시_성산읍,OCCURRED_IN_REGION
AE_FIRE_EM_01526,REG_제주시_우도면,OCCURRED_IN_REGION
AE_FIRE_EM_01527,REG_서귀포시_성산읍,OCCURRED_IN_REGION
AE_FIRE_EM_01528,REG_서귀포시_성산읍,OCCURRED_IN_REGION
AE_FIRE_EM_01529,REG_서귀포시_하원동,OCCURRED_IN_REGION
AE_FIRE_EM_01530,REG_제주시_우도면,OCCURRED_IN_REGION
AE_FIRE_EM_01531,REG_제주시_이호일동,OCCURRED_IN_REGION
AE_FIRE_EM_01532,REG_제주시_일도일동,OCCURRED_IN_REGION
AE_FIRE_EM_01533,REG_제주시_조천읍,OCCURRED_IN_REGION
AE_FIRE_EM_01534,REG_서귀포시_성산읍,OCCURRED_IN_REGION
AE_FIRE_EM_01535,REG_제주시_삼도이동,OCCURRED_IN_REGION
AE_FIRE_EM_01536,REG_제주시_화북이동,OCCURRED_IN_REGION
AE_FIRE_EM_01537,REG_제주시_조천읍,OCCURRED_IN_REGION
AE_FIRE_EM_01538,REG_제주시_조천읍,OCCURRED_IN_REGION
AE_FIRE_EM_01539,REG_서귀포시_남원읍,OCCURRED_IN_REGION
AE_FIRE_EM_01540,REG_서귀포시_강정동,OCCURRED_IN_REGION
AE_FIRE_EM_01541,REG_제주시_용담이동,OCCURRED_IN_REGION
AE_FIRE_EM_01542,REG_제주시_용담이동,OCCURRED_IN_REGION
AE_FIRE_EM_01543,REG_서귀포시_안덕면,OCCURRED_IN_REGION
AE_FIRE_EM_01544,REG_제주시_용담이동,OCCURRED_IN_REGION
AE_FIRE_EM_01545,REG_제주시_조천읍,OCCURRED_IN_REGION
AE_FIRE_EM_01546,REG_제주시_한림읍,OCCURRED_IN_REGION
AE_FIRE_EM_01547,REG_제주시_오라이동,OCCURRED_IN_REGION
AE_FIRE_EM_01548,REG_제주시_이도이동,OCCURRED_IN_REGION
AE_FIRE_EM_01549,REG_제주시_구좌읍,OCCURRED_IN_REGION
AE_FIRE_EM_01550,REG_제주시_구좌읍,OCCURRED_IN_REGION
AE_FIRE_EM_01551,REG_제주시_구좌읍,OCCURRED_IN_REGION
AE_FIRE_EM_01552,REG_제주시_용담삼동,OCCURRED_IN_REGION
AE_FIRE_EM_01553,REG_제주시_삼도이동,OCCURRED_IN_REGION
AE_FIRE_EM_01554,REG_제주시_도남동,OCCURRED_IN_REGION
AE_FIRE_EM_01555,REG_제주시_삼양이동,OCCURRED_IN_REGION
AE_FIRE_EM_01556,REG_제주시_연동,OCCURRED_IN_REGION
AE_FIRE_EM_01557,REG_제주시_용담삼동,OCCURRED_IN_REGION
AE_FIRE_EM_01558,REG_제주시_삼도이동,OCCURRED_IN_REGION
AE_FIRE_EM_01559,REG_제주시_용담일동,OCCURRED_IN_REGION
AE_FIRE_EM_01560,REG_서귀포시_안덕면,OCCURRED_IN_REGION
AE_FIRE_EM_01561,REG_제주시_영평동,OCCURRED_IN_REGION
AE_FIRE_EM_01562,REG_제주시_건입동,OCCURRED_IN_REGION
AE_FIRE_EM_01563,REG_제주시_용담삼동,OCCURRED_IN_REGION
AE_FIRE_EM_01564,REG_제주시_이도이동,OCCURRED_IN_REGION
AE_FIRE_EM_01565,REG_제주시_연동,OCCURRED_IN_REGION
AE_FIRE_EM_01566,REG_제주시_연동,OCCURRED_IN_REGION
AE_FIRE_EM_01567,REG_제주시_건입동,OCCURRED_IN_REGION
AE_FIRE_EM_01568,REG_제주시_건입동,OCCURRED_IN_REGION
AE_FIRE_EM_01569,REG_제주시_용담삼동,OCCURRED_IN_REGION
AE_FIRE_EM_01570,REG_제주시_연동,OCCURRED_IN_REGION
AE_FIRE_EM_01571,REG_제주시_도두일동,OCCURRED_IN_REGION
AE_FIRE_EM_01572,REG_제주시_연동,OCCURRED_IN_REGION
AE_FIRE_EM_01573,REG_제주시_도두일동,OCCURRED_IN_REGION
AE_FIRE_EM_01574,REG_제주시_연동,OCCURRED_IN_REGION
AE_FIRE_EM_01575,REG_제주시_건입동,OCCURRED_IN_REGION
AE_FIRE_EM_01576,REG_제주시_아라일동,OCCURRED_IN_REGION
AE_FIRE_EM_01577,REG_제주시_조천읍,OCCURRED_IN_REGION
AE_FIRE_EM_01578,REG_제주시_건입동,OCCURRED_IN_REGION
AE_FIRE_EM_01579,REG_서귀포시_중문동,OCCURRED_IN_REGION
AE_FIRE_EM_01580,REG_제주시_용담이동,OCCURRED_IN_REGION
AE_FIRE_EM_01581,REG_서귀포시_성산읍,OCCURRED_IN_REGION
AE_FIRE_EM_01582,REG_제주시_건입동,OCCURRED_IN_REGION
AE_FIRE_EM_01583,REG_서귀포시_성산읍,OCCURRED_IN_REGION
AE_FIRE_EM_01584,REG_서귀포시_표선면,OCCURRED_IN_REGION
AE_FIRE_EM_01585,REG_제주시_화북일동,OCCURRED_IN_REGION
AE_FIRE_EM_01586,REG_제주시_구좌읍,OCCURRED_IN_REGION
AE_FIRE_EM_01587,REG_제주시_화북이동,OCCURRED_IN_REGION
AE_FIRE_EM_01588,REG_제주시_조천읍,OCCURRED_IN_REGION
AE_FIRE_EM_01589,REG_제주시_구좌읍,OCCURRED_IN_REGION
AE_FIRE_EM_01590,REG_제주시_구좌읍,OCCURRED_IN_REGION
AE_FIRE_EM_01591,REG_제주시_구좌읍,OCCURRED_IN_REGION
AE_FIRE_EM_01592,REG_제주시_구좌읍,OCCURRED_IN_REGION
AE_FIRE_EM_01593,REG_제주시_구좌읍,OCCURRED_IN_REGION
AE_FIRE_EM_01594,REG_제주시_구좌읍,OCCURRED_IN_REGION
AE_FIRE_EM_01595,REG_제주시_구좌읍,OCCURRED_IN_REGION
AE_FIRE_EM_01596,REG_제주시_아라일동,OCCURRED_IN_REGION
AE_FIRE_EM_01597,REG_제주시_조천읍,OCCURRED_IN_REGION
AE_FIRE_EM_01598,REG_제주시_조천읍,OCCURRED_IN_REGION
AE_FIRE_EM_01599,REG_서귀포시_표선면,OCCURRED_IN_REGION
AE_FIRE_EM_01600,REG_제주시_조천읍,OCCURRED_IN_REGION
AE_FIRE_EM_01601,REG_제주시_애월읍,OCCURRED_IN_REGION
AE_FIRE_EM_01602,REG_제주시_이호일동,OCCURRED_IN_REGION
AE_FIRE_EM_01603,REG_제주시_이호이동,OCCURRED_IN_REGION
AE_FIRE_EM_01604,REG_제주시_노형동,OCCURRED_IN_REGION
AE_FIRE_EM_01605,REG_제주시_아라일동,OCCURRED_IN_REGION
AE_FIRE_EM_01606,REG_제주시_아라일동,OCCURRED_IN_REGION
AE_FIRE_EM_01607,REG_제주시_해안동,OCCURRED_IN_REGION
AE_FIRE_EM_01608,REG_제주시_연동,OCCURRED_IN_REGION
AE_FIRE_EM_01609,REG_제주시_연동,OCCURRED_IN_REGION
AE_FIRE_EM_01610,REG_서귀포시_표선면,OCCURRED_IN_REGION
AE_FIRE_EM_01611,REG_제주시_애월읍,OCCURRED_IN_REGION
AE_FIRE_EM_01612,REG_제주시_애월읍,OCCURRED_IN_REGION
AE_FIRE_EM_01613,REG_서귀포시_안덕면,OCCURRED_IN_REGION
AE_FIRE_EM_01614,REG_제주시_연동,OCCURRED_IN_REGION
AE_FIRE_EM_01615,REG_제주시_이호일동,OCCURRED_IN_REGION
AE_FIRE_EM_01616,REG_제주시_노형동,OCCURRED_IN_REGION
AE_FIRE_EM_01617,REG_제주시_연동,OCCURRED_IN_REGION
AE_FIRE_EM_01618,REG_제주시_애월읍,OCCURRED_IN_REGION
AE_FIRE_EM_01619,REG_제주시_애월읍,OCCURRED_IN_REGION
AE_FIRE_EM_01620,REG_제주시_연동,OCCURRED_IN_REGION
AE_FIRE_EM_01621,REG_제주시_연동,OCCURRED_IN_REGION
AE_FIRE_EM_01622,REG_제주시_이호일동,OCCURRED_IN_REGION
AE_FIRE_EM_01623,REG_제주시_내도동,OCCURRED_IN_REGION
AE_FIRE_EM_01624,REG_제주시_한림읍,OCCURRED_IN_REGION
AE_FIRE_EM_01625,REG_제주시_조천읍,OCCURRED_IN_REGION
AE_FIRE_EM_01626,REG_제주시_조천읍,OCCURRED_IN_REGION
AE_FIRE_EM_01627,REG_제주시_조천읍,OCCURRED_IN_REGION
AE_FIRE_EM_01628,REG_제주시_조천읍,OCCURRED_IN_REGION
AE_FIRE_EM_01629,REG_제주시_조천읍,OCCURRED_IN_REGION
AE_FIRE_EM_01630,REG_서귀포시_성산읍,OCCURRED_IN_REGION
AE_FIRE_EM_01631,REG_제주시_구좌읍,OCCURRED_IN_REGION
AE_FIRE_EM_01632,REG_제주시_조천읍,OCCURRED_IN_REGION
AE_FIRE_EM_01633,REG_제주시_구좌읍,OCCURRED_IN_REGION
AE_FIRE_EM_01634,REG_제주시_구좌읍,OCCURRED_IN_REGION
AE_FIRE_EM_01635,REG_제주시_구좌읍,OCCURRED_IN_REGION
AE_FIRE_EM_01636,REG_제주시_구좌읍,OCCURRED_IN_REGION
AE_FIRE_EM_01637,REG_제주시_구좌읍,OCCURRED_IN_REGION
AE_FIRE_EM_01638,REG_제주시_조천읍,OCCURRED_IN_REGION
AE_FIRE_EM_01639,REG_제주시_구좌읍,OCCURRED_IN_REGION
AE_FIRE_EM_01640,REG_제주시_구좌읍,OCCURRED_IN_REGION
AE_FIRE_EM_01641,REG_제주시_구좌읍,OCCURRED_IN_REGION
AE_FIRE_EM_01642,REG_제주시_구좌읍,OCCURRED_IN_REGION
AE_FIRE_EM_01643,REG_제주시_조천읍,OCCURRED_IN_REGION
AE_FIRE_EM_01644,REG_제주시_조천읍,OCCURRED_IN_REGION
AE_FIRE_EM_01645,REG_제주시_우도면,OCCURRED_IN_REGION
AE_FIRE_EM_01646,REG_제주시_우도면,OCCURRED_IN_REGION
AE_FIRE_EM_01647,REG_제주시_우도면,OCCURRED_IN_REGION
AE_FIRE_EM_01648,REG_제주시_우도면,OCCURRED_IN_REGION
AE_FIRE_EM_01649,REG_제주시_우도면,OCCURRED_IN_REGION
AE_FIRE_EM_01650,REG_제주시_조천읍,OCCURRED_IN_REGION
AE_FIRE_EM_01651,REG_서귀포시_서홍동,OCCURRED_IN_REGION
AE_FIRE_EM_01652,REG_서귀포시_상효동,OCCURRED_IN_REGION
AE_FIRE_EM_01653,REG_서귀포시_서귀동,OCCURRED_IN_REGION
AE_FIRE_EM_01654,REG_서귀포시_동홍동,OCCURRED_IN_REGION
AE_FIRE_EM_01655,REG_서귀포시_동홍동,OCCURRED_IN_REGION
AE_FIRE_EM_01656,REG_서귀포시_동홍동,OCCURRED_IN_REGION
AE_FIRE_EM_01657,REG_서귀포시_서홍동,OCCURRED_IN_REGION
AE_FIRE_EM_01658,REG_서귀포시_서귀동,OCCURRED_IN_REGION
AE_FIRE_EM_01659,REG_서귀포시_서귀동,OCCURRED_IN_REGION
AE_FIRE_EM_01660,REG_서귀포시_서귀동,OCCURRED_IN_REGION
AE_FIRE_EM_01661,REG_서귀포시_서귀동,OCCURRED_IN_REGION
AE_FIRE_EM_01662,REG_서귀포시_서홍동,OCCURRED_IN_REGION
AE_FIRE_EM_01663,REG_서귀포시_서귀동,OCCURRED_IN_REGION
AE_FIRE_EM_01664,REG_서귀포시_보목동,OCCURRED_IN_REGION
AE_FIRE_EM_01665,REG_서귀포시_서귀동,OCCURRED_IN_REGION
AE_FIRE_EM_01666,REG_서귀포시_서홍동,OCCURRED_IN_REGION
AE_FIRE_EM_01667,REG_서귀포시_색달동,OCCURRED_IN_REGION
AE_FIRE_EM_01668,REG_서귀포시_색달동,OCCURRED_IN_REGION
AE_FIRE_EM_01669,REG_서귀포시_하원동,OCCURRED_IN_REGION
AE_FIRE_EM_01670,REG_서귀포시_색달동,OCCURRED_IN_REGION
AE_FIRE_EM_01671,REG_서귀포시_색달동,OCCURRED_IN_REGION
AE_FIRE_EM_01672,REG_서귀포시_중문동,OCCURRED_IN_REGION
AE_FIRE_EM_01673,REG_서귀포시_색달동,OCCURRED_IN_REGION
AE_FIRE_EM_01674,REG_서귀포시_대포동,OCCURRED_IN_REGION
AE_FIRE_EM_01675,REG_서귀포시_대포동,OCCURRED_IN_REGION
AE_FIRE_EM_01676,REG_서귀포시_중문동,OCCURRED_IN_REGION
AE_FIRE_EM_01677,REG_서귀포시_중문동,OCCURRED_IN_REGION
AE_FIRE_EM_01678,REG_서귀포시_색달동,OCCURRED_IN_REGION
AE_FIRE_EM_01679,REG_서귀포시_색달동,OCCURRED_IN_REGION
AE_FIRE_EM_01680,REG_서귀포시_색달동,OCCURRED_IN_REGION
AE_FIRE_EM_01681,REG_서귀포시_하예동,OCCURRED_IN_REGION
AE_FIRE_EM_01682,REG_서귀포시_색달동,OCCURRED_IN_REGION
AE_FIRE_EM_01683,REG_서귀포시_색달동,OCCURRED_IN_REGION
AE_FIRE_EM_01684,REG_서귀포시_상예동,OCCURRED_IN_REGION
AE_FIRE_EM_01685,REG_서귀포시_색달동,OCCURRED_IN_REGION
AE_FIRE_EM_01686,REG_서귀포시_중문동,OCCURRED_IN_REGION
AE_FIRE_EM_01687,REG_서귀포시_대포동,OCCURRED_IN_REGION
AE_FIRE_EM_01688,REG_서귀포시_성산읍,OCCURRED_IN_REGION
AE_FIRE_EM_01689,REG_서귀포시_색달동,OCCURRED_IN_REGION
AE_FIRE_EM_01690,REG_서귀포시_성산읍,OCCURRED_IN_REGION
AE_FIRE_EM_01691,REG_제주시_구좌읍,OCCURRED_IN_REGION
AE_FIRE_EM_01692,REG_서귀포시_성산읍,OCCURRED_IN_REGION
AE_FIRE_EM_01693,REG_서귀포시_성산읍,OCCURRED_IN_REGION
AE_FIRE_EM_01694,REG_서귀포시_성산읍,OCCURRED_IN_REGION
AE_FIRE_EM_01695,REG_서귀포시_성산읍,OCCURRED_IN_REGION
AE_FIRE_EM_01696,REG_제주시_구좌읍,OCCURRED_IN_REGION
AE_FIRE_EM_01697,REG_제주시_구좌읍,OCCURRED_IN_REGION
AE_FIRE_EM_01698,REG_제주시_구좌읍,OCCURRED_IN_REGION
AE_FIRE_EM_01699,REG_제주시_구좌읍,OCCURRED_IN_REGION
AE_FIRE_EM_01700,REG_서귀포시_성산읍,OCCURRED_IN_REGION
AE_FIRE_EM_01701,REG_서귀포시_성산읍,OCCURRED_IN_REGION
AE_FIRE_EM_01702,REG_서귀포시_성산읍,OCCURRED_IN_REGION
AE_FIRE_EM_01703,REG_서귀포시_성산읍,OCCURRED_IN_REGION
AE_FIRE_EM_01704,REG_서귀포시_성산읍,OCCURRED_IN_REGION
AE_FIRE_EM_01705,REG_서귀포시_성산읍,OCCURRED_IN_REGION
AE_FIRE_EM_01706,REG_제주시_애월읍,OCCURRED_IN_REGION
AE_FIRE_EM_01707,REG_서귀포시_성산읍,OCCURRED_IN_REGION
AE_FIRE_EM_01708,REG_서귀포시_성산읍,OCCURRED_IN_REGION
AE_FIRE_EM_01709,REG_서귀포시_남원읍,OCCURRED_IN_REGION
AE_FIRE_EM_01710,REG_서귀포시_남원읍,OCCURRED_IN_REGION
AE_FIRE_EM_01711,REG_서귀포시_남원읍,OCCURRED_IN_REGION
AE_FIRE_EM_01712,REG_서귀포시_표선면,OCCURRED_IN_REGION
AE_FIRE_EM_01713,REG_서귀포시_남원읍,OCCURRED_IN_REGION
AE_FIRE_EM_01714,REG_서귀포시_남원읍,OCCURRED_IN_REGION
AE_FIRE_EM_01715,REG_서귀포시_남원읍,OCCURRED_IN_REGION
AE_FIRE_EM_01716,REG_제주시_애월읍,OCCURRED_IN_REGION
AE_FIRE_EM_01717,REG_서귀포시_남원읍,OCCURRED_IN_REGION
AE_FIRE_EM_01718,REG_서귀포시_남원읍,OCCURRED_IN_REGION
AE_FIRE_EM_01719,REG_서귀포시_남원읍,OCCURRED_IN_REGION
AE_FIRE_EM_01720,REG_서귀포시_서귀동,OCCURRED_IN_REGION
AE_FIRE_EM_01721,REG_서귀포시_표선면,OCCURRED_IN_REGION
AE_FIRE_EM_01722,REG_서귀포시_남원읍,OCCURRED_IN_REGION
AE_FIRE_EM_01723,REG_서귀포시_하효동,OCCURRED_IN_REGION
AE_FIRE_EM_01724,REG_제주시_한림읍,OCCURRED_IN_REGION
AE_FIRE_EM_01725,REG_서귀포시_남원읍,OCCURRED_IN_REGION
AE_FIRE_EM_01726,REG_서귀포시_상효동,OCCURRED_IN_REGION
AE_FIRE_EM_01727,REG_서귀포시_상효동,OCCURRED_IN_REGION
AE_FIRE_EM_01728,REG_서귀포시_동홍동,OCCURRED_IN_REGION
AE_FIRE_EM_01729,REG_서귀포시_상효동,OCCURRED_IN_REGION
AE_FIRE_EM_01730,REG_서귀포시_남원읍,OCCURRED_IN_REGION
AE_FIRE_EM_01731,REG_서귀포시_하효동,OCCURRED_IN_REGION
AE_FIRE_EM_01732,REG_서귀포시_하효동,OCCURRED_IN_REGION
AE_FIRE_EM_01733,REG_서귀포시_토평동,OCCURRED_IN_REGION
AE_FIRE_EM_01734,REG_서귀포시_상효동,OCCURRED_IN_REGION
AE_FIRE_EM_01735,REG_서귀포시_토평동,OCCURRED_IN_REGION
AE_FIRE_EM_01736,REG_서귀포시_하효동,OCCURRED_IN_REGION
AE_FIRE_EM_01737,REG_서귀포시_강정동,OCCURRED_IN_REGION
AE_FIRE_EM_01738,REG_서귀포시_색달동,OCCURRED_IN_REGION
AE_FIRE_EM_01739,REG_제주시_연동,OCCURRED_IN_REGION
AE_FIRE_EM_01740,REG_서귀포시_법환동,OCCURRED_IN_REGION
AE_FIRE_EM_01741,REG_서귀포시_서호동,OCCURRED_IN_REGION
AE_FIRE_EM_01742,REG_제주시_일도일동,OCCURRED_IN_REGION
AE_FIRE_EM_01743,REG_서귀포시_색달동,OCCURRED_IN_REGION
AE_FIRE_EM_01744,REG_서귀포시_색달동,OCCURRED_IN_REGION
AE_FIRE_EM_01745,REG_서귀포시_색달동,OCCURRED_IN_REGION
AE_FIRE_EM_01746,REG_서귀포시_서귀동,OCCURRED_IN_REGION
AE_FIRE_EM_01747,REG_서귀포시_호근동,OCCURRED_IN_REGION
AE_FIRE_EM_01748,REG_서귀포시_색달동,OCCURRED_IN_REGION
AE_FIRE_EM_01749,REG_서귀포시_색달동,OCCURRED_IN_REGION
AE_FIRE_EM_01750,REG_서귀포시_서호동,OCCURRED_IN_REGION
AE_FIRE_EM_01751,REG_서귀포시_호근동,OCCURRED_IN_REGION
AE_FIRE_EM_01752,REG_서귀포시_색달동,OCCURRED_IN_REGION
AE_FIRE_EM_01753,REG_서귀포시_색달동,OCCURRED_IN_REGION
AE_FIRE_EM_01754,REG_서귀포시_서호동,OCCURRED_IN_REGION
AE_FIRE_EM_01755,REG_서귀포시_중문동,OCCURRED_IN_REGION
AE_FIRE_EM_01756,REG_서귀포시_법환동,OCCURRED_IN_REGION
AE_FIRE_EM_01757,REG_서귀포시_토평동,OCCURRED_IN_REGION
AE_FIRE_EM_01758,REG_서귀포시_색달동,OCCURRED_IN_REGION
AE_FIRE_EM_01759,REG_서귀포시_강정동,OCCURRED_IN_REGION
AE_FIRE_EM_01760,REG_제주시_조천읍,OCCURRED_IN_REGION
AE_FIRE_EM_01761,REG_제주시_이호일동,OCCURRED_IN_REGION
AE_FIRE_EM_01762,REG_서귀포시_남원읍,OCCURRED_IN_REGION
AE_FIRE_EM_01763,REG_서귀포시_표선면,OCCURRED_IN_REGION
AE_FIRE_EM_01764,REG_제주시_조천읍,OCCURRED_IN_REGION
AE_FIRE_EM_01765,REG_제주시_구좌읍,OCCURRED_IN_REGION
AE_FIRE_EM_01766,REG_제주시_조천읍,OCCURRED_IN_REGION
AE_FIRE_EM_01767,REG_서귀포시_성산읍,OCCURRED_IN_REGION
AE_FIRE_EM_01768,REG_서귀포시_성산읍,OCCURRED_IN_REGION
AE_FIRE_EM_01769,REG_제주시_한림읍,OCCURRED_IN_REGION
AE_FIRE_EM_01770,REG_서귀포시_남원읍,OCCURRED_IN_REGION
AE_FIRE_EM_01771,REG_제주시_한경면,OCCURRED_IN_REGION
AE_FIRE_EM_01772,REG_제주시_한림읍,OCCURRED_IN_REGION
AE_FIRE_EM_01773,REG_제주시_한림읍,OCCURRED_IN_REGION
AE_FIRE_EM_01774,REG_제주시_한림읍,OCCURRED_IN_REGION
AE_FIRE_EM_01775,REG_제주시_한림읍,OCCURRED_IN_REGION
AE_FIRE_EM_01776,REG_제주시_애월읍,OCCURRED_IN_REGION
AE_FIRE_EM_01777,REG_제주시_애월읍,OCCURRED_IN_REGION
AE_FIRE_EM_01778,REG_제주시_한림읍,OCCURRED_IN_REGION
AE_FIRE_EM_01779,REG_제주시_한림읍,OCCURRED_IN_REGION
AE_FIRE_EM_01780,REG_제주시_한림읍,OCCURRED_IN_REGION
AE_FIRE_EM_01781,REG_제주시_애월읍,OCCURRED_IN_REGION
AE_FIRE_EM_01782,REG_제주시_애월읍,OCCURRED_IN_REGION
AE_FIRE_EM_01783,REG_제주시_한림읍,OCCURRED_IN_REGION
AE_FIRE_EM_01784,REG_제주시_조천읍,OCCURRED_IN_REGION
AE_FIRE_EM_01785,REG_제주시_애월읍,OCCURRED_IN_REGION
AE_FIRE_EM_01786,REG_제주시_애월읍,OCCURRED_IN_REGION
AE_FIRE_EM_01787,REG_제주시_한림읍,OCCURRED_IN_REGION
AE_FIRE_EM_01788,REG_제주시_한림읍,OCCURRED_IN_REGION
AE_FIRE_EM_01789,REG_제주시_애월읍,OCCURRED_IN_REGION
AE_FIRE_EM_01790,REG_제주시_애월읍,OCCURRED_IN_REGION
AE_FIRE_EM_01791,REG_제주시_한림읍,OCCURRED_IN_REGION
AE_FIRE_EM_01792,REG_제주시_한림읍,OCCURRED_IN_REGION
AE_FIRE_EM_01793,REG_제주시_한림읍,OCCURRED_IN_REGION
AE_FIRE_EM_01794,REG_제주시_한림읍,OCCURRED_IN_REGION
AE_FIRE_EM_01795,REG_제주시_애월읍,OCCURRED_IN_REGION
AE_FIRE_EM_01796,REG_제주시_애월읍,OCCURRED_IN_REGION
AE_FIRE_EM_01797,REG_제주시_애월읍,OCCURRED_IN_REGION
AE_FIRE_EM_01798,REG_제주시_애월읍,OCCURRED_IN_REGION
AE_FIRE_EM_01799,REG_제주시_애월읍,OCCURRED_IN_REGION
AE_FIRE_EM_01800,REG_제주시_애월읍,OCCURRED_IN_REGION
AE_FIRE_EM_01801,REG_서귀포시_색달동,OCCURRED_IN_REGION
AE_FIRE_EM_01802,REG_제주시_애월읍,OCCURRED_IN_REGION
AE_FIRE_EM_01803,REG_제주시_한림읍,OCCURRED_IN_REGION
AE_FIRE_EM_01804,REG_제주시_애월읍,OCCURRED_IN_REGION
AE_FIRE_EM_01805,REG_제주시_한림읍,OCCURRED_IN_REGION
AE_FIRE_EM_01806,REG_제주시_애월읍,OCCURRED_IN_REGION
AE_FIRE_EM_01807,REG_서귀포시_중문동,OCCURRED_IN_REGION
AE_FIRE_EM_01808,REG_제주시_애월읍,OCCURRED_IN_REGION
AE_FIRE_EM_01809,REG_제주시_한림읍,OCCURRED_IN_REGION
AE_FIRE_EM_01810,REG_서귀포시_중문동,OCCURRED_IN_REGION
AE_FIRE_EM_01811,REG_제주시_애월읍,OCCURRED_IN_REGION
AE_FIRE_EM_01812,REG_제주시_애월읍,OCCURRED_IN_REGION
AE_FIRE_EM_01813,REG_제주시_애월읍,OCCURRED_IN_REGION
AE_FIRE_EM_01814,REG_제주시_애월읍,OCCURRED_IN_REGION
AE_FIRE_EM_01815,REG_제주시_애월읍,OCCURRED_IN_REGION
AE_FIRE_EM_01816,REG_제주시_외도이동,OCCURRED_IN_REGION
AE_FIRE_EM_01817,REG_제주시_애월읍,OCCURRED_IN_REGION
AE_FIRE_EM_01818,REG_제주시_애월읍,OCCURRED_IN_REGION
AE_FIRE_EM_01819,REG_제주시_한림읍,OCCURRED_IN_REGION
AE_FIRE_EM_01820,REG_제주시_애월읍,OCCURRED_IN_REGION
AE_FIRE_EM_01821,REG_서귀포시_안덕면,OCCURRED_IN_REGION
AE_FIRE_EM_01822,REG_제주시_한림읍,OCCURRED_IN_REGION
AE_FIRE_EM_01823,REG_제주시_한경면,OCCURRED_IN_REGION
AE_FIRE_EM_01824,REG_제주시_도두일동,OCCURRED_IN_REGION
AE_FIRE_EM_01825,REG_서귀포시_대정읍,OCCURRED_IN_REGION
AE_FIRE_EM_01826,REG_서귀포시_안덕면,OCCURRED_IN_REGION
AE_FIRE_EM_01827,REG_제주시_용담이동,OCCURRED_IN_REGION
AE_FIRE_EM_01828,REG_서귀포시_안덕면,OCCURRED_IN_REGION
AE_FIRE_EM_01829,REG_서귀포시_안덕면,OCCURRED_IN_REGION
AE_FIRE_EM_01830,REG_서귀포시_대정읍,OCCURRED_IN_REGION
AE_FIRE_EM_01831,REG_서귀포시_대정읍,OCCURRED_IN_REGION
AE_FIRE_EM_01832,REG_제주시_한림읍,OCCURRED_IN_REGION
AE_FIRE_EM_01833,REG_서귀포시_안덕면,OCCURRED_IN_REGION
AE_FIRE_EM_01834,REG_서귀포시_대정읍,OCCURRED_IN_REGION
AE_FIRE_EM_01835,REG_서귀포시_대정읍,OCCURRED_IN_REGION
AE_FIRE_EM_01836,REG_서귀포시_안덕면,OCCURRED_IN_REGION
AE_FIRE_EM_01837,REG_제주시_조천읍,OCCURRED_IN_REGION
AE_FIRE_EM_01838,REG_서귀포시_안덕면,OCCURRED_IN_REGION
AE_FIRE_EM_01839,REG_서귀포시_대정읍,OCCURRED_IN_REGION
AE_FIRE_EM_01840,REG_서귀포시_상예동,OCCURRED_IN_REGION
AE_FIRE_EM_01841,REG_서귀포시_안덕면,OCCURRED_IN_REGION
AE_FIRE_EM_01842,REG_서귀포시_안덕면,OCCURRED_IN_REGION
AE_FIRE_EM_01843,REG_서귀포시_색달동,OCCURRED_IN_REGION
AE_FIRE_EM_01844,REG_서귀포시_하효동,OCCURRED_IN_REGION
AE_FIRE_EM_01845,REG_서귀포시_색달동,OCCURRED_IN_REGION
AE_FIRE_EM_01846,REG_서귀포시_안덕면,OCCURRED_IN_REGION
AE_FIRE_EM_01847,REG_서귀포시_안덕면,OCCURRED_IN_REGION
AE_FIRE_EM_01848,REG_제주시_한림읍,OCCURRED_IN_REGION
AE_FIRE_EM_01849,REG_서귀포시_안덕면,OCCURRED_IN_REGION
AE_FIRE_EM_01850,REG_제주시_한경면,OCCURRED_IN_REGION
AE_FIRE_EM_01851,REG_서귀포시_안덕면,OCCURRED_IN_REGION
AE_FIRE_EM_01852,REG_제주시_한림읍,OCCURRED_IN_REGION
AE_FIRE_EM_01853,REG_서귀포시_안덕면,OCCURRED_IN_REGION
AE_FIRE_EM_01854,REG_서귀포시_안덕면,OCCURRED_IN_REGION
AE_FIRE_EM_01855,REG_서귀포시_안덕면,OCCURRED_IN_REGION
AE_FIRE_EM_01856,REG_서귀포시_안덕면,OCCURRED_IN_REGION
AE_FIRE_EM_01857,REG_제주시_우도면,OCCURRED_IN_REGION
AE_FIRE_EM_01858,REG_제주시_애월읍,OCCURRED_IN_REGION
AE_FIRE_EM_01859,REG_제주시_우도면,OCCURRED_IN_REGION
AE_FIRE_EM_01860,REG_제주시_조천읍,OCCURRED_IN_REGION
AE_FIRE_EM_01861,REG_서귀포시_성산읍,OCCURRED_IN_REGION
AE_FIRE_EM_01862,REG_제주시_애월읍,OCCURRED_IN_REGION
AE_FIRE_EM_01863,REG_제주시_애월읍,OCCURRED_IN_REGION
AE_FIRE_EM_01864,REG_서귀포시_성산읍,OCCURRED_IN_REGION
AE_FIRE_EM_01865,REG_제주시_연동,OCCURRED_IN_REGION
AE_FIRE_EM_01866,REG_제주시_연동,OCCURRED_IN_REGION
AE_FIRE_EM_01867,REG_서귀포시_남원읍,OCCURRED_IN_REGION
AE_FIRE_EM_01868,REG_제주시_우도면,OCCURRED_IN_REGION
AE_FIRE_EM_01869,REG_제주시_조천읍,OCCURRED_IN_REGION
AE_FIRE_EM_01870,REG_제주시_연동,OCCURRED_IN_REGION
AE_FIRE_EM_01871,REG_제주시_애월읍,OCCURRED_IN_REGION
AE_FIRE_EM_01872,REG_제주시_우도면,OCCURRED_IN_REGION
AE_FIRE_EM_01873,REG_제주시_추자면,OCCURRED_IN_REGION
AE_FIRE_EM_01874,REG_제주시_우도면,OCCURRED_IN_REGION
AE_FIRE_EM_01875,REG_제주시_연동,OCCURRED_IN_REGION
AE_FIRE_EM_01876,REG_제주시_한경면,OCCURRED_IN_REGION
AE_FIRE_EM_01877,REG_제주시_구좌읍,OCCURRED_IN_REGION
AE_FIRE_EM_01878,REG_제주시_연동,OCCURRED_IN_REGION
AE_FIRE_EM_01879,REG_제주시_우도면,OCCURRED_IN_REGION
AE_FIRE_EM_01880,REG_제주시_우도면,OCCURRED_IN_REGION
AE_FIRE_EM_01881,REG_제주시_우도면,OCCURRED_IN_REGION
AE_FIRE_EM_01882,REG_제주시_한림읍,OCCURRED_IN_REGION
AE_FIRE_EM_01883,REG_제주시_오라일동,OCCURRED_IN_REGION
AE_FIRE_EM_01884,REG_서귀포시_하효동,OCCURRED_IN_REGION
AE_FIRE_EM_01885,REG_제주시_우도면,OCCURRED_IN_REGION
AE_FIRE_EM_01886,REG_제주시_애월읍,OCCURRED_IN_REGION
AE_FIRE_EM_01887,REG_제주시_구좌읍,OCCURRED_IN_REGION
AE_FIRE_EM_01888,REG_제주시_용담삼동,OCCURRED_IN_REGION
AE_FIRE_EM_01889,REG_제주시_조천읍,OCCURRED_IN_REGION
AE_FIRE_EM_01890,REG_서귀포시_색달동,OCCURRED_IN_REGION
AE_FIRE_EM_01891,REG_제주시_애월읍,OCCURRED_IN_REGION
AE_FIRE_EM_01892,REG_제주시_조천읍,OCCURRED_IN_REGION
AE_FIRE_EM_01893,REG_제주시_일도일동,OCCURRED_IN_REGION
AE_FIRE_EM_01894,REG_서귀포시_성산읍,OCCURRED_IN_REGION
AE_FIRE_EM_01895,REG_제주시_건입동,OCCURRED_IN_REGION
AE_FIRE_EM_01896,REG_제주시_건입동,OCCURRED_IN_REGION
AE_FIRE_EM_01897,REG_제주시_삼도이동,OCCURRED_IN_REGION
AE_FIRE_EM_01898,REG_제주시_용담일동,OCCURRED_IN_REGION
AE_FIRE_EM_01899,REG_제주시_일도일동,OCCURRED_IN_REGION
AE_FIRE_EM_01900,REG_제주시_구좌읍,OCCURRED_IN_REGION
AE_FIRE_EM_01901,REG_제주시_연동,OCCURRED_IN_REGION
AE_FIRE_EM_01902,REG_제주시_용담삼동,OCCURRED_IN_REGION
AE_FIRE_EM_01903,REG_제주시_연동,OCCURRED_IN_REGION
AE_FIRE_EM_01904,REG_제주시_연동,OCCURRED_IN_REGION
AE_FIRE_EM_01905,REG_제주시_애월읍,OCCURRED_IN_REGION
AE_FIRE_EM_01906,REG_제주시_연동,OCCURRED_IN_REGION
AE_FIRE_EM_01907,REG_제주시_연동,OCCURRED_IN_REGION
AE_FIRE_EM_01908,REG_제주시_해안동,OCCURRED_IN_REGION
AE_FIRE_EM_01909,REG_제주시_연동,OCCURRED_IN_REGION
AE_FIRE_EM_01910,REG_서귀포시_안덕면,OCCURRED_IN_REGION
AE_FIRE_EM_01911,REG_제주시_이도일동,OCCURRED_IN_REGION
AE_FIRE_EM_01912,REG_제주시_일도이동,OCCURRED_IN_REGION
AE_FIRE_EM_01913,REG_서귀포시_대정읍,OCCURRED_IN_REGION
AE_FIRE_EM_01914,REG_제주시_건입동,OCCURRED_IN_REGION
AE_FIRE_EM_01915,REG_제주시_용담이동,OCCURRED_IN_REGION
AE_FIRE_EM_01916,REG_제주시_일도이동,OCCURRED_IN_REGION
AE_FIRE_EM_01917,REG_제주시_건입동,OCCURRED_IN_REGION
AE_FIRE_EM_01918,REG_제주시_이도이동,OCCURRED_IN_REGION
AE_FIRE_EM_01919,REG_서귀포시_대포동,OCCURRED_IN_REGION
AE_FIRE_EM_01920,REG_제주시_삼양일동,OCCURRED_IN_REGION
AE_FIRE_EM_01921,REG_제주시_도남동,OCCURRED_IN_REGION
AE_FIRE_EM_01922,REG_제주시_화북일동,OCCURRED_IN_REGION
AE_FIRE_EM_01923,REG_제주시_조천읍,OCCURRED_IN_REGION
AE_FIRE_EM_01924,REG_제주시_삼양일동,OCCURRED_IN_REGION
AE_FIRE_EM_01925,REG_제주시_구좌읍,OCCURRED_IN_REGION
AE_FIRE_EM_01926,REG_제주시_구좌읍,OCCURRED_IN_REGION
AE_FIRE_EM_01927,REG_제주시_구좌읍,OCCURRED_IN_REGION
AE_FIRE_EM_01928,REG_제주시_구좌읍,OCCURRED_IN_REGION
AE_FIRE_EM_01929,REG_제주시_구좌읍,OCCURRED_IN_REGION
AE_FIRE_EM_01930,REG_제주시_구좌읍,OCCURRED_IN_REGION
AE_FIRE_EM_01931,REG_제주시_구좌읍,OCCURRED_IN_REGION
AE_FIRE_EM_01932,REG_서귀포시_성산읍,OCCURRED_IN_REGION
AE_FIRE_EM_01933,REG_서귀포시_성산읍,OCCURRED_IN_REGION
AE_FIRE_EM_01934,REG_제주시_구좌읍,OCCURRED_IN_REGION
AE_FIRE_EM_01935,REG_서귀포시_성산읍,OCCURRED_IN_REGION
AE_FIRE_EM_01936,REG_서귀포시_성산읍,OCCURRED_IN_REGION
AE_FIRE_EM_01937,REG_제주시_조천읍,OCCURRED_IN_REGION
AE_FIRE_EM_01938,REG_제주시_조천읍,OCCURRED_IN_REGION
AE_FIRE_EM_01939,REG_제주시_조천읍,OCCURRED_IN_REGION
AE_FIRE_EM_01940,REG_제주시_조천읍,OCCURRED_IN_REGION
AE_FIRE_EM_01941,REG_제주시_조천읍,OCCURRED_IN_REGION
AE_FIRE_EM_01942,REG_제주시_조천읍,OCCURRED_IN_REGION
AE_FIRE_EM_01943,REG_제주시_조천읍,OCCURRED_IN_REGION
AE_FIRE_EM_01944,REG_제주시_조천읍,OCCURRED_IN_REGION
AE_FIRE_EM_01945,REG_제주시_조천읍,OCCURRED_IN_REGION
AE_FIRE_EM_01946,REG_제주시_조천읍,OCCURRED_IN_REGION
AE_FIRE_EM_01947,REG_제주시_조천읍,OCCURRED_IN_REGION
AE_FIRE_EM_01948,REG_제주시_노형동,OCCURRED_IN_REGION
AE_FIRE_EM_01949,REG_제주시_노형동,OCCURRED_IN_REGION
AE_FIRE_EM_01950,REG_제주시_연동,OCCURRED_IN_REGION
AE_FIRE_EM_01951,REG_제주시_노형동,OCCURRED_IN_REGION
AE_FIRE_EM_01952,REG_제주시_노형동,OCCURRED_IN_REGION
AE_FIRE_EM_01953,REG_제주시_해안동,OCCURRED_IN_REGION
AE_FIRE_EM_01954,REG_제주시_노형동,OCCURRED_IN_REGION
AE_FIRE_EM_01955,REG_제주시_애월읍,OCCURRED_IN_REGION
AE_FIRE_EM_01956,REG_제주시_애월읍,OCCURRED_IN_REGION
AE_FIRE_EM_01957,REG_제주시_연동,OCCURRED_IN_REGION
AE_FIRE_EM_01958,REG_제주시_연동,OCCURRED_IN_REGION
AE_FIRE_EM_01959,REG_제주시_노형동,OCCURRED_IN_REGION
AE_FIRE_EM_01960,REG_제주시_노형동,OCCURRED_IN_REGION
AE_FIRE_EM_01961,REG_제주시_도두일동,OCCURRED_IN_REGION
AE_FIRE_EM_01962,REG_제주시_외도일동,OCCURRED_IN_REGION
AE_FIRE_EM_01963,REG_제주시_도두일동,OCCURRED_IN_REGION
AE_FIRE_EM_01964,REG_제주시_노형동,OCCURRED_IN_REGION
AE_FIRE_EM_01965,REG_제주시_외도일동,OCCURRED_IN_REGION
AE_FIRE_EM_01966,REG_제주시_도두일동,OCCURRED_IN_REGION
AE_FIRE_EM_01967,REG_제주시_조천읍,OCCURRED_IN_REGION
AE_FIRE_EM_01968,REG_서귀포시_성산읍,OCCURRED_IN_REGION
AE_FIRE_EM_01969,REG_제주시_봉개동,OCCURRED_IN_REGION
AE_FIRE_EM_01970,REG_서귀포시_남원읍,OCCURRED_IN_REGION
AE_FIRE_EM_01971,REG_제주시_한림읍,OCCURRED_IN_REGION
AE_FIRE_EM_01972,REG_제주시_애월읍,OCCURRED_IN_REGION
AE_FIRE_EM_01973,REG_제주시_구좌읍,OCCURRED_IN_REGION
AE_FIRE_EM_01974,REG_제주시_구좌읍,OCCURRED_IN_REGION
AE_FIRE_EM_01975,REG_제주시_우도면,OCCURRED_IN_REGION
AE_FIRE_EM_01976,REG_제주시_우도면,OCCURRED_IN_REGION
AE_FIRE_EM_01977,REG_제주시_우도면,OCCURRED_IN_REGION
AE_FIRE_EM_01978,REG_제주시_해안동,OCCURRED_IN_REGION
AE_FIRE_EM_01979,REG_제주시_해안동,OCCURRED_IN_REGION
AE_FIRE_EM_01980,REG_서귀포시_서귀동,OCCURRED_IN_REGION
AE_FIRE_EM_01981,REG_서귀포시_서귀동,OCCURRED_IN_REGION
AE_FIRE_EM_01982,REG_서귀포시_서홍동,OCCURRED_IN_REGION
AE_FIRE_EM_01983,REG_서귀포시_서홍동,OCCURRED_IN_REGION
AE_FIRE_EM_01984,REG_서귀포시_색달동,OCCURRED_IN_REGION
AE_FIRE_EM_01985,REG_서귀포시_중문동,OCCURRED_IN_REGION
AE_FIRE_EM_01986,REG_서귀포시_도순동,OCCURRED_IN_REGION
AE_FIRE_EM_01987,REG_서귀포시_하예동,OCCURRED_IN_REGION
AE_FIRE_EM_01988,REG_서귀포시_월평동,OCCURRED_IN_REGION
AE_FIRE_EM_01989,REG_서귀포시_색달동,OCCURRED_IN_REGION
AE_FIRE_EM_01990,REG_서귀포시_상예동,OCCURRED_IN_REGION
AE_FIRE_EM_01991,REG_서귀포시_상예동,OCCURRED_IN_REGION
AE_FIRE_EM_01992,REG_서귀포시_색달동,OCCURRED_IN_REGION
AE_FIRE_EM_01993,REG_서귀포시_색달동,OCCURRED_IN_REGION
AE_FIRE_EM_01994,REG_서귀포시_상예동,OCCURRED_IN_REGION
AE_FIRE_EM_01995,REG_서귀포시_안덕면,OCCURRED_IN_REGION
AE_FIRE_EM_01996,REG_서귀포시_색달동,OCCURRED_IN_REGION
AE_FIRE_EM_01997,REG_제주시_구좌읍,OCCURRED_IN_REGION
AE_FIRE_EM_01998,REG_서귀포시_성산읍,OCCURRED_IN_REGION
AE_FIRE_EM_01999,REG_서귀포시_성산읍,OCCURRED_IN_REGION
AE_FIRE_EM_02000,REG_서귀포시_성산읍,OCCURRED_IN_REGION
AE_FIRE_EM_02001,REG_서귀포시_성산읍,OCCURRED_IN_REGION
AE_FIRE_EM_02002,REG_서귀포시_성산읍,OCCURRED_IN_REGION
AE_FIRE_EM_02003,REG_서귀포시_성산읍,OCCURRED_IN_REGION
AE_FIRE_EM_02004,REG_서귀포시_성산읍,OCCURRED_IN_REGION
AE_FIRE_EM_02005,REG_서귀포시_성산읍,OCCURRED_IN_REGION
AE_FIRE_EM_02006,REG_서귀포시_성산읍,OCCURRED_IN_REGION
AE_FIRE_EM_02007,REG_서귀포시_남원읍,OCCURRED_IN_REGION
AE_FIRE_EM_02008,REG_서귀포시_남원읍,OCCURRED_IN_REGION
AE_FIRE_EM_02009,REG_서귀포시_남원읍,OCCURRED_IN_REGION
AE_FIRE_EM_02010,REG_서귀포시_남원읍,OCCURRED_IN_REGION
AE_FIRE_EM_02011,REG_서귀포시_동홍동,OCCURRED_IN_REGION
AE_FIRE_EM_02012,REG_서귀포시_하효동,OCCURRED_IN_REGION
AE_FIRE_EM_02013,REG_서귀포시_서귀동,OCCURRED_IN_REGION
AE_FIRE_EM_02014,REG_서귀포시_남원읍,OCCURRED_IN_REGION
AE_FIRE_EM_02015,REG_서귀포시_남원읍,OCCURRED_IN_REGION
AE_FIRE_EM_02016,REG_서귀포시_서귀동,OCCURRED_IN_REGION
AE_FIRE_EM_02017,REG_서귀포시_남원읍,OCCURRED_IN_REGION
AE_FIRE_EM_02018,REG_서귀포시_토평동,OCCURRED_IN_REGION
AE_FIRE_EM_02019,REG_서귀포시_강정동,OCCURRED_IN_REGION
AE_FIRE_EM_02020,REG_서귀포시_토평동,OCCURRED_IN_REGION
AE_FIRE_EM_02021,REG_서귀포시_남원읍,OCCURRED_IN_REGION
AE_FIRE_EM_02022,REG_서귀포시_서귀동,OCCURRED_IN_REGION
AE_FIRE_EM_02023,REG_서귀포시_토평동,OCCURRED_IN_REGION
AE_FIRE_EM_02024,REG_서귀포시_법환동,OCCURRED_IN_REGION
AE_FIRE_EM_02025,REG_서귀포시_법환동,OCCURRED_IN_REGION
AE_FIRE_EM_02026,REG_서귀포시_색달동,OCCURRED_IN_REGION
AE_FIRE_EM_02027,REG_서귀포시_법환동,OCCURRED_IN_REGION
AE_FIRE_EM_02028,REG_서귀포시_강정동,OCCURRED_IN_REGION
AE_FIRE_EM_02029,REG_서귀포시_대포동,OCCURRED_IN_REGION
AE_FIRE_EM_02030,REG_서귀포시_강정동,OCCURRED_IN_REGION
AE_FIRE_EM_02031,REG_제주시_구좌읍,OCCURRED_IN_REGION
AE_FIRE_EM_02032,REG_제주시_구좌읍,OCCURRED_IN_REGION
AE_FIRE_EM_02033,REG_서귀포시_표선면,OCCURRED_IN_REGION
AE_FIRE_EM_02034,REG_제주시_구좌읍,OCCURRED_IN_REGION
AE_FIRE_EM_02035,REG_제주시_조천읍,OCCURRED_IN_REGION
AE_FIRE_EM_02036,REG_제주시_조천읍,OCCURRED_IN_REGION
AE_FIRE_EM_02037,REG_제주시_조천읍,OCCURRED_IN_REGION
AE_FIRE_EM_02038,REG_제주시_조천읍,OCCURRED_IN_REGION
AE_FIRE_EM_02039,REG_제주시_구좌읍,OCCURRED_IN_REGION
AE_FIRE_EM_02040,REG_서귀포시_표선면,OCCURRED_IN_REGION
AE_FIRE_EM_02041,REG_서귀포시_표선면,OCCURRED_IN_REGION
AE_FIRE_EM_02042,REG_서귀포시_표선면,OCCURRED_IN_REGION
AE_FIRE_EM_02043,REG_제주시_한림읍,OCCURRED_IN_REGION
AE_FIRE_EM_02044,REG_제주시_한림읍,OCCURRED_IN_REGION
AE_FIRE_EM_02045,REG_제주시_한림읍,OCCURRED_IN_REGION
AE_FIRE_EM_02046,REG_제주시_한림읍,OCCURRED_IN_REGION
AE_FIRE_EM_02047,REG_제주시_한림읍,OCCURRED_IN_REGION
AE_FIRE_EM_02048,REG_제주시_애월읍,OCCURRED_IN_REGION
AE_FIRE_EM_02049,REG_제주시_한림읍,OCCURRED_IN_REGION
AE_FIRE_EM_02050,REG_제주시_한림읍,OCCURRED_IN_REGION
AE_FIRE_EM_02051,REG_제주시_한림읍,OCCURRED_IN_REGION
AE_FIRE_EM_02052,REG_제주시_한림읍,OCCURRED_IN_REGION
AE_FIRE_EM_02053,REG_제주시_한림읍,OCCURRED_IN_REGION
AE_FIRE_EM_02054,REG_제주시_애월읍,OCCURRED_IN_REGION
AE_FIRE_EM_02055,REG_제주시_한림읍,OCCURRED_IN_REGION
AE_FIRE_EM_02056,REG_서귀포시_안덕면,OCCURRED_IN_REGION
AE_FIRE_EM_02057,REG_서귀포시_안덕면,OCCURRED_IN_REGION
AE_FIRE_EM_02058,REG_제주시_한림읍,OCCURRED_IN_REGION
AE_FIRE_EM_02059,REG_제주시_애월읍,OCCURRED_IN_REGION
AE_FIRE_EM_02060,REG_제주시_한림읍,OCCURRED_IN_REGION
AE_FIRE_EM_02061,REG_제주시_애월읍,OCCURRED_IN_REGION
AE_FIRE_EM_02062,REG_제주시_애월읍,OCCURRED_IN_REGION
AE_FIRE_EM_02063,REG_제주시_애월읍,OCCURRED_IN_REGION
AE_FIRE_EM_02064,REG_제주시_애월읍,OCCURRED_IN_REGION
AE_FIRE_EM_02065,REG_제주시_애월읍,OCCURRED_IN_REGION
AE_FIRE_EM_02066,REG_제주시_구좌읍,OCCURRED_IN_REGION
AE_FIRE_EM_02067,REG_제주시_우도면,OCCURRED_IN_REGION
AE_FIRE_EM_02068,REG_제주시_애월읍,OCCURRED_IN_REGION
AE_FIRE_EM_02069,REG_제주시_애월읍,OCCURRED_IN_REGION
AE_FIRE_EM_02070,REG_서귀포시_성산읍,OCCURRED_IN_REGION
AE_FIRE_EM_02071,REG_제주시_한경면,OCCURRED_IN_REGION
AE_FIRE_EM_02072,REG_제주시_한경면,OCCURRED_IN_REGION
AE_FIRE_EM_02073,REG_서귀포시_대정읍,OCCURRED_IN_REGION
AE_FIRE_EM_02074,REG_제주시_우도면,OCCURRED_IN_REGION
AE_FIRE_EM_02075,REG_서귀포시_대정읍,OCCURRED_IN_REGION
AE_FIRE_EM_02076,REG_서귀포시_대정읍,OCCURRED_IN_REGION
AE_FIRE_EM_02077,REG_서귀포시_안덕면,OCCURRED_IN_REGION
AE_FIRE_EM_02078,REG_서귀포시_안덕면,OCCURRED_IN_REGION
AE_FIRE_EM_02079,REG_서귀포시_토평동,OCCURRED_IN_REGION
AE_FIRE_EM_02080,REG_서귀포시_안덕면,OCCURRED_IN_REGION
AE_FIRE_EM_02081,REG_제주시_애월읍,OCCURRED_IN_REGION
AE_FIRE_EM_02082,REG_서귀포시_안덕면,OCCURRED_IN_REGION
AE_FIRE_EM_02083,REG_서귀포시_안덕면,OCCURRED_IN_REGION
AE_FIRE_EM_02084,REG_서귀포시_대정읍,OCCURRED_IN_REGION
AE_FIRE_EM_02085,REG_서귀포시_대정읍,OCCURRED_IN_REGION
AE_FIRE_EM_02086,REG_제주시_애월읍,OCCURRED_IN_REGION
AE_FIRE_EM_02087,REG_제주시_봉개동,OCCURRED_IN_REGION
AE_FIRE_EM_02088,REG_서귀포시_강정동,OCCURRED_IN_REGION
AE_FIRE_EM_02089,REG_서귀포시_보목동,OCCURRED_IN_REGION
AE_FIRE_EM_02090,REG_제주시_우도면,OCCURRED_IN_REGION
AE_FIRE_EM_02091,REG_제주시_애월읍,OCCURRED_IN_REGION
AE_FIRE_EM_02092,REG_제주시_구좌읍,OCCURRED_IN_REGION
AE_FIRE_EM_02093,REG_제주시_조천읍,OCCURRED_IN_REGION
AE_FIRE_EM_02094,REG_제주시_조천읍,OCCURRED_IN_REGION
AE_FIRE_EM_02095,REG_제주시_구좌읍,OCCURRED_IN_REGION
AE_FIRE_EM_02096,REG_제주시_우도면,OCCURRED_IN_REGION
AE_FIRE_EM_02097,REG_제주시_우도면,OCCURRED_IN_REGION
AE_FIRE_EM_02098,REG_제주시_도두일동,OCCURRED_IN_REGION
AE_FIRE_EM_02099,REG_제주시_도두일동,OCCURRED_IN_REGION
AE_FIRE_EM_02100,REG_제주시_연동,OCCURRED_IN_REGION
AE_FIRE_EM_02101,REG_제주시_연동,OCCURRED_IN_REGION
AE_FIRE_EM_02102,REG_제주시_이도이동,OCCURRED_IN_REGION
AE_FIRE_EM_02103,REG_제주시_건입동,OCCURRED_IN_REGION
AE_FIRE_EM_02104,REG_제주시_일도이동,OCCURRED_IN_REGION
AE_FIRE_EM_02105,REG_제주시_이도이동,OCCURRED_IN_REGION
AE_FIRE_EM_02106,REG_제주시_월평동,OCCURRED_IN_REGION
AE_FIRE_EM_02107,REG_서귀포시_남원읍,OCCURRED_IN_REGION
AE_FIRE_EM_02108,REG_제주시_아라일동,OCCURRED_IN_REGION
AE_FIRE_EM_02109,REG_제주시_이도일동,OCCURRED_IN_REGION
AE_FIRE_EM_02110,REG_제주시_이도이동,OCCURRED_IN_REGION
AE_FIRE_EM_02111,REG_제주시_용담일동,OCCURRED_IN_REGION
AE_FIRE_EM_02112,REG_제주시_삼도이동,OCCURRED_IN_REGION
AE_FIRE_EM_02113,REG_제주시_삼도이동,OCCURRED_IN_REGION
AE_FIRE_EM_02114,REG_제주시_용담삼동,OCCURRED_IN_REGION
AE_FIRE_EM_02115,REG_제주시_건입동,OCCURRED_IN_REGION
AE_FIRE_EM_02116,REG_제주시_삼도이동,OCCURRED_IN_REGION
AE_FIRE_EM_02117,REG_제주시_건입동,OCCURRED_IN_REGION
AE_FIRE_EM_02118,REG_제주시_건입동,OCCURRED_IN_REGION
AE_FIRE_EM_02119,REG_제주시_도두이동,OCCURRED_IN_REGION
AE_FIRE_EM_02120,REG_제주시_용담삼동,OCCURRED_IN_REGION
AE_FIRE_EM_02121,REG_제주시_연동,OCCURRED_IN_REGION
AE_FIRE_EM_02122,REG_제주시_삼도일동,OCCURRED_IN_REGION
AE_FIRE_EM_02123,REG_제주시_삼도일동,OCCURRED_IN_REGION
AE_FIRE_EM_02124,REG_제주시_연동,OCCURRED_IN_REGION
AE_FIRE_EM_02125,REG_제주시_연동,OCCURRED_IN_REGION
AE_FIRE_EM_02126,REG_제주시_노형동,OCCURRED_IN_REGION
AE_FIRE_EM_02127,REG_제주시_연동,OCCURRED_IN_REGION
AE_FIRE_EM_02128,REG_제주시_연동,OCCURRED_IN_REGION
AE_FIRE_EM_02129,REG_제주시_노형동,OCCURRED_IN_REGION
AE_FIRE_EM_02130,REG_제주시_노형동,OCCURRED_IN_REGION
AE_FIRE_EM_02131,REG_제주시_연동,OCCURRED_IN_REGION
AE_FIRE_EM_02132,REG_제주시_연동,OCCURRED_IN_REGION
AE_FIRE_EM_02133,REG_제주시_이호일동,OCCURRED_IN_REGION
AE_FIRE_EM_02134,REG_서귀포시_성산읍,OCCURRED_IN_REGION
AE_FIRE_EM_02135,REG_제주시_일도일동,OCCURRED_IN_REGION
AE_FIRE_EM_02136,REG_제주시_건입동,OCCURRED_IN_REGION
AE_FIRE_EM_02137,REG_서귀포시_표선면,OCCURRED_IN_REGION
AE_FIRE_EM_02138,REG_제주시_건입동,OCCURRED_IN_REGION
AE_FIRE_EM_02139,REG_서귀포시_남원읍,OCCURRED_IN_REGION
AE_FIRE_EM_02140,REG_제주시_일도일동,OCCURRED_IN_REGION
AE_FIRE_EM_02141,REG_제주시_건입동,OCCURRED_IN_REGION
AE_FIRE_EM_02142,REG_서귀포시_대정읍,OCCURRED_IN_REGION
AE_FIRE_EM_02143,REG_제주시_우도면,OCCURRED_IN_REGION
AE_FIRE_EM_02144,REG_제주시_건입동,OCCURRED_IN_REGION
AE_FIRE_EM_02145,REG_제주시_애월읍,OCCURRED_IN_REGION
AE_FIRE_EM_02146,REG_제주시_구좌읍,OCCURRED_IN_REGION
AE_FIRE_EM_02147,REG_제주시_회천동,OCCURRED_IN_REGION
AE_FIRE_EM_02148,REG_제주시_조천읍,OCCURRED_IN_REGION
AE_FIRE_EM_02149,REG_제주시_화북이동,OCCURRED_IN_REGION
AE_FIRE_EM_02150,REG_제주시_화북이동,OCCURRED_IN_REGION
AE_FIRE_EM_02151,REG_제주시_구좌읍,OCCURRED_IN_REGION
AE_FIRE_EM_02152,REG_제주시_구좌읍,OCCURRED_IN_REGION
AE_FIRE_EM_02153,REG_제주시_구좌읍,OCCURRED_IN_REGION
AE_FIRE_EM_02154,REG_제주시_구좌읍,OCCURRED_IN_REGION
AE_FIRE_EM_02155,REG_제주시_구좌읍,OCCURRED_IN_REGION
AE_FIRE_EM_02156,REG_제주시_구좌읍,OCCURRED_IN_REGION
AE_FIRE_EM_02157,REG_제주시_구좌읍,OCCURRED_IN_REGION
AE_FIRE_EM_02158,REG_제주시_구좌읍,OCCURRED_IN_REGION
AE_FIRE_EM_02159,REG_제주시_구좌읍,OCCURRED_IN_REGION
AE_FIRE_EM_02160,REG_제주시_구좌읍,OCCURRED_IN_REGION
AE_FIRE_EM_02161,REG_제주시_구좌읍,OCCURRED_IN_REGION
AE_FIRE_EM_02162,REG_제주시_삼양일동,OCCURRED_IN_REGION
AE_FIRE_EM_02163,REG_제주시_조천읍,OCCURRED_IN_REGION
AE_FIRE_EM_02164,REG_제주시_구좌읍,OCCURRED_IN_REGION
AE_FIRE_EM_02165,REG_제주시_구좌읍,OCCURRED_IN_REGION
AE_FIRE_EM_02166,REG_제주시_조천읍,OCCURRED_IN_REGION
AE_FIRE_EM_02167,REG_제주시_조천읍,OCCURRED_IN_REGION
AE_FIRE_EM_02168,REG_제주시_조천읍,OCCURRED_IN_REGION
AE_FIRE_EM_02169,REG_서귀포시_안덕면,OCCURRED_IN_REGION
AE_FIRE_EM_02170,REG_제주시_조천읍,OCCURRED_IN_REGION
AE_FIRE_EM_02171,REG_제주시_조천읍,OCCURRED_IN_REGION
AE_FIRE_EM_02172,REG_제주시_조천읍,OCCURRED_IN_REGION
AE_FIRE_EM_02173,REG_제주시_조천읍,OCCURRED_IN_REGION
AE_FIRE_EM_02174,REG_제주시_조천읍,OCCURRED_IN_REGION
AE_FIRE_EM_02175,REG_제주시_조천읍,OCCURRED_IN_REGION
AE_FIRE_EM_02176,REG_제주시_조천읍,OCCURRED_IN_REGION
AE_FIRE_EM_02177,REG_제주시_연동,OCCURRED_IN_REGION
AE_FIRE_EM_02178,REG_제주시_연동,OCCURRED_IN_REGION
AE_FIRE_EM_02179,REG_제주시_노형동,OCCURRED_IN_REGION
AE_FIRE_EM_02180,REG_제주시_해안동,OCCURRED_IN_REGION
AE_FIRE_EM_02181,REG_제주시_연동,OCCURRED_IN_REGION
AE_FIRE_EM_02182,REG_제주시_노형동,OCCURRED_IN_REGION
AE_FIRE_EM_02183,REG_제주시_노형동,OCCURRED_IN_REGION
AE_FIRE_EM_02184,REG_제주시_애월읍,OCCURRED_IN_REGION
AE_FIRE_EM_02185,REG_제주시_연동,OCCURRED_IN_REGION
AE_FIRE_EM_02186,REG_제주시_연동,OCCURRED_IN_REGION
AE_FIRE_EM_02187,REG_제주시_해안동,OCCURRED_IN_REGION
AE_FIRE_EM_02188,REG_제주시_해안동,OCCURRED_IN_REGION
AE_FIRE_EM_02189,REG_제주시_노형동,OCCURRED_IN_REGION
AE_FIRE_EM_02190,REG_제주시_노형동,OCCURRED_IN_REGION
AE_FIRE_EM_02191,REG_제주시_우도면,OCCURRED_IN_REGION
AE_FIRE_EM_02192,REG_제주시_노형동,OCCURRED_IN_REGION
AE_FIRE_EM_02193,REG_제주시_노형동,OCCURRED_IN_REGION
AE_FIRE_EM_02194,REG_서귀포시_표선면,OCCURRED_IN_REGION
AE_FIRE_EM_02195,REG_제주시_도두일동,OCCURRED_IN_REGION
AE_FIRE_EM_02196,REG_제주시_한림읍,OCCURRED_IN_REGION
AE_FIRE_EM_02197,REG_서귀포시_안덕면,OCCURRED_IN_REGION
AE_FIRE_EM_02198,REG_제주시_도두일동,OCCURRED_IN_REGION
AE_FIRE_EM_02199,REG_제주시_도두일동,OCCURRED_IN_REGION
AE_FIRE_EM_02200,REG_제주시_애월읍,OCCURRED_IN_REGION
AE_FIRE_EM_02201,REG_제주시_애월읍,OCCURRED_IN_REGION
AE_FIRE_EM_02202,REG_제주시_도두일동,OCCURRED_IN_REGION
AE_FIRE_EM_02203,REG_서귀포시_안덕면,OCCURRED_IN_REGION
AE_FIRE_EM_02204,REG_제주시_노형동,OCCURRED_IN_REGION
AE_FIRE_EM_02205,REG_제주시_노형동,OCCURRED_IN_REGION
AE_FIRE_EM_02206,REG_제주시_조천읍,OCCURRED_IN_REGION
AE_FIRE_EM_02207,REG_제주시_오등동,OCCURRED_IN_REGION
AE_FIRE_EM_02208,REG_제주시_조천읍,OCCURRED_IN_REGION
AE_FIRE_EM_02209,REG_제주시_오등동,OCCURRED_IN_REGION
AE_FIRE_EM_02210,REG_제주시_아라일동,OCCURRED_IN_REGION
AE_FIRE_EM_02211,REG_제주시_아라일동,OCCURRED_IN_REGION
AE_FIRE_EM_02212,REG_제주시_조천읍,OCCURRED_IN_REGION
AE_FIRE_EM_02213,REG_제주시_이도이동,OCCURRED_IN_REGION
AE_FIRE_EM_02214,REG_제주시_이도이동,OCCURRED_IN_REGION
AE_FIRE_EM_02215,REG_제주시_봉개동,OCCURRED_IN_REGION
AE_FIRE_EM_02216,REG_제주시_구좌읍,OCCURRED_IN_REGION
AE_FIRE_EM_02217,REG_제주시_구좌읍,OCCURRED_IN_REGION
AE_FIRE_EM_02218,REG_제주시_조천읍,OCCURRED_IN_REGION
AE_FIRE_EM_02219,REG_제주시_구좌읍,OCCURRED_IN_REGION
AE_FIRE_EM_02220,REG_제주시_구좌읍,OCCURRED_IN_REGION
AE_FIRE_EM_02221,REG_제주시_조천읍,OCCURRED_IN_REGION
AE_FIRE_EM_02222,REG_제주시_조천읍,OCCURRED_IN_REGION
AE_FIRE_EM_02223,REG_제주시_우도면,OCCURRED_IN_REGION
AE_FIRE_EM_02224,REG_제주시_우도면,OCCURRED_IN_REGION
AE_FIRE_EM_02225,REG_제주시_우도면,OCCURRED_IN_REGION
AE_FIRE_EM_02226,REG_서귀포시_서귀동,OCCURRED_IN_REGION
AE_FIRE_EM_02227,REG_서귀포시_서귀동,OCCURRED_IN_REGION
AE_FIRE_EM_02228,REG_서귀포시_서귀동,OCCURRED_IN_REGION
AE_FIRE_EM_02229,REG_서귀포시_서귀동,OCCURRED_IN_REGION
AE_FIRE_EM_02230,REG_서귀포시_서귀동,OCCURRED_IN_REGION
AE_FIRE_EM_02231,REG_서귀포시_동홍동,OCCURRED_IN_REGION
AE_FIRE_EM_02232,REG_서귀포시_동홍동,OCCURRED_IN_REGION
AE_FIRE_EM_02233,REG_서귀포시_서귀동,OCCURRED_IN_REGION
AE_FIRE_EM_02234,REG_서귀포시_서귀동,OCCURRED_IN_REGION
AE_FIRE_EM_02235,REG_서귀포시_안덕면,OCCURRED_IN_REGION
AE_FIRE_EM_02236,REG_서귀포시_색달동,OCCURRED_IN_REGION
AE_FIRE_EM_02237,REG_서귀포시_색달동,OCCURRED_IN_REGION
AE_FIRE_EM_02238,REG_서귀포시_중문동,OCCURRED_IN_REGION
AE_FIRE_EM_02239,REG_서귀포시_회수동,OCCURRED_IN_REGION
AE_FIRE_EM_02240,REG_서귀포시_색달동,OCCURRED_IN_REGION
AE_FIRE_EM_02241,REG_서귀포시_색달동,OCCURRED_IN_REGION
AE_FIRE_EM_02242,REG_제주시_애월읍,OCCURRED_IN_REGION
AE_FIRE_EM_02243,REG_서귀포시_색달동,OCCURRED_IN_REGION
AE_FIRE_EM_02244,REG_서귀포시_강정동,OCCURRED_IN_REGION
AE_FIRE_EM_02245,REG_서귀포시_색달동,OCCURRED_IN_REGION
AE_FIRE_EM_02246,REG_서귀포시_중문동,OCCURRED_IN_REGION
AE_FIRE_EM_02247,REG_서귀포시_중문동,OCCURRED_IN_REGION
AE_FIRE_EM_02248,REG_서귀포시_중문동,OCCURRED_IN_REGION
AE_FIRE_EM_02249,REG_서귀포시_안덕면,OCCURRED_IN_REGION
AE_FIRE_EM_02250,REG_서귀포시_상예동,OCCURRED_IN_REGION
AE_FIRE_EM_02251,REG_서귀포시_중문동,OCCURRED_IN_REGION
AE_FIRE_EM_02252,REG_서귀포시_대포동,OCCURRED_IN_REGION
AE_FIRE_EM_02253,REG_서귀포시_색달동,OCCURRED_IN_REGION
AE_FIRE_EM_02254,REG_서귀포시_색달동,OCCURRED_IN_REGION
AE_FIRE_EM_02255,REG_서귀포시_성산읍,OCCURRED_IN_REGION
AE_FIRE_EM_02256,REG_서귀포시_성산읍,OCCURRED_IN_REGION
AE_FIRE_EM_02257,REG_서귀포시_성산읍,OCCURRED_IN_REGION
AE_FIRE_EM_02258,REG_제주시_우도면,OCCURRED_IN_REGION
AE_FIRE_EM_02259,REG_서귀포시_성산읍,OCCURRED_IN_REGION
AE_FIRE_EM_02260,REG_제주시_구좌읍,OCCURRED_IN_REGION
AE_FIRE_EM_02261,REG_서귀포시_성산읍,OCCURRED_IN_REGION
AE_FIRE_EM_02262,REG_서귀포시_성산읍,OCCURRED_IN_REGION
AE_FIRE_EM_02263,REG_서귀포시_성산읍,OCCURRED_IN_REGION
AE_FIRE_EM_02264,REG_서귀포시_표선면,OCCURRED_IN_REGION
AE_FIRE_EM_02265,REG_서귀포시_성산읍,OCCURRED_IN_REGION
AE_FIRE_EM_02266,REG_제주시_구좌읍,OCCURRED_IN_REGION
AE_FIRE_EM_02267,REG_서귀포시_성산읍,OCCURRED_IN_REGION
AE_FIRE_EM_02268,REG_서귀포시_성산읍,OCCURRED_IN_REGION
AE_FIRE_EM_02269,REG_제주시_우도면,OCCURRED_IN_REGION
AE_FIRE_EM_02270,REG_서귀포시_성산읍,OCCURRED_IN_REGION
AE_FIRE_EM_02271,REG_서귀포시_성산읍,OCCURRED_IN_REGION
AE_FIRE_EM_02272,REG_서귀포시_표선면,OCCURRED_IN_REGION
AE_FIRE_EM_02273,REG_서귀포시_성산읍,OCCURRED_IN_REGION
AE_FIRE_EM_02274,REG_서귀포시_표선면,OCCURRED_IN_REGION
AE_FIRE_EM_02275,REG_제주시_조천읍,OCCURRED_IN_REGION
AE_FIRE_EM_02276,REG_제주시_외도일동,OCCURRED_IN_REGION
AE_FIRE_EM_02277,REG_서귀포시_성산읍,OCCURRED_IN_REGION
AE_FIRE_EM_02278,REG_서귀포시_표선면,OCCURRED_IN_REGION
AE_FIRE_EM_02279,REG_서귀포시_남원읍,OCCURRED_IN_REGION
AE_FIRE_EM_02280,REG_서귀포시_남원읍,OCCURRED_IN_REGION
AE_FIRE_EM_02281,REG_서귀포시_남원읍,OCCURRED_IN_REGION
AE_FIRE_EM_02282,REG_서귀포시_토평동,OCCURRED_IN_REGION
AE_FIRE_EM_02283,REG_서귀포시_남원읍,OCCURRED_IN_REGION
AE_FIRE_EM_02284,REG_제주시_애월읍,OCCURRED_IN_REGION
AE_FIRE_EM_02285,REG_서귀포시_상효동,OCCURRED_IN_REGION
AE_FIRE_EM_02286,REG_서귀포시_신효동,OCCURRED_IN_REGION
AE_FIRE_EM_02287,REG_서귀포시_남원읍,OCCURRED_IN_REGION
AE_FIRE_EM_02288,REG_서귀포시_남원읍,OCCURRED_IN_REGION
AE_FIRE_EM_02289,REG_서귀포시_서귀동,OCCURRED_IN_REGION
AE_FIRE_EM_02290,REG_제주시_외도일동,OCCURRED_IN_REGION
AE_FIRE_EM_02291,REG_서귀포시_법환동,OCCURRED_IN_REGION
AE_FIRE_EM_02292,REG_서귀포시_서호동,OCCURRED_IN_REGION
AE_FIRE_EM_02293,REG_서귀포시_안덕면,OCCURRED_IN_REGION
AE_FIRE_EM_02294,REG_서귀포시_중문동,OCCURRED_IN_REGION
AE_FIRE_EM_02295,REG_서귀포시_표선면,OCCURRED_IN_REGION
AE_FIRE_EM_02296,REG_서귀포시_강정동,OCCURRED_IN_REGION
AE_FIRE_EM_02297,REG_서귀포시_중문동,OCCURRED_IN_REGION
AE_FIRE_EM_02298,REG_서귀포시_호근동,OCCURRED_IN_REGION
AE_FIRE_EM_02299,REG_서귀포시_강정동,OCCURRED_IN_REGION
AE_FIRE_EM_02300,REG_서귀포시_법환동,OCCURRED_IN_REGION
AE_FIRE_EM_02301,REG_서귀포시_법환동,OCCURRED_IN_REGION
AE_FIRE_EM_02302,REG_서귀포시_강정동,OCCURRED_IN_REGION
AE_FIRE_EM_02303,REG_제주시_구좌읍,OCCURRED_IN_REGION
AE_FIRE_EM_02304,REG_서귀포시_표선면,OCCURRED_IN_REGION
AE_FIRE_EM_02305,REG_서귀포시_남원읍,OCCURRED_IN_REGION
AE_FIRE_EM_02306,REG_서귀포시_표선면,OCCURRED_IN_REGION
AE_FIRE_EM_02307,REG_서귀포시_표선면,OCCURRED_IN_REGION
AE_FIRE_EM_02308,REG_서귀포시_표선면,OCCURRED_IN_REGION
AE_FIRE_EM_02309,REG_서귀포시_남원읍,OCCURRED_IN_REGION
AE_FIRE_EM_02310,REG_서귀포시_성산읍,OCCURRED_IN_REGION
AE_FIRE_EM_02311,REG_제주시_구좌읍,OCCURRED_IN_REGION
AE_FIRE_EM_02312,REG_제주시_구좌읍,OCCURRED_IN_REGION
AE_FIRE_EM_02313,REG_서귀포시_표선면,OCCURRED_IN_REGION
AE_FIRE_EM_02314,REG_제주시_구좌읍,OCCURRED_IN_REGION
AE_FIRE_EM_02315,REG_제주시_구좌읍,OCCURRED_IN_REGION
AE_FIRE_EM_02316,REG_제주시_한경면,OCCURRED_IN_REGION
AE_FIRE_EM_02317,REG_제주시_한림읍,OCCURRED_IN_REGION
AE_FIRE_EM_02318,REG_제주시_한림읍,OCCURRED_IN_REGION
AE_FIRE_EM_02319,REG_제주시_한림읍,OCCURRED_IN_REGION
AE_FIRE_EM_02320,REG_제주시_애월읍,OCCURRED_IN_REGION
AE_FIRE_EM_02321,REG_제주시_한림읍,OCCURRED_IN_REGION
AE_FIRE_EM_02322,REG_제주시_한림읍,OCCURRED_IN_REGION
AE_FIRE_EM_02323,REG_제주시_한림읍,OCCURRED_IN_REGION
AE_FIRE_EM_02324,REG_제주시_애월읍,OCCURRED_IN_REGION
AE_FIRE_EM_02325,REG_제주시_한림읍,OCCURRED_IN_REGION
AE_FIRE_EM_02326,REG_제주시_한림읍,OCCURRED_IN_REGION
AE_FIRE_EM_02327,REG_제주시_한림읍,OCCURRED_IN_REGION
AE_FIRE_EM_02328,REG_제주시_한림읍,OCCURRED_IN_REGION
AE_FIRE_EM_02329,REG_제주시_애월읍,OCCURRED_IN_REGION
AE_FIRE_EM_02330,REG_제주시_한림읍,OCCURRED_IN_REGION
AE_FIRE_EM_02331,REG_제주시_한림읍,OCCURRED_IN_REGION
AE_FIRE_EM_02332,REG_제주시_한경면,OCCURRED_IN_REGION
AE_FIRE_EM_02333,REG_제주시_한경면,OCCURRED_IN_REGION
AE_FIRE_EM_02334,REG_제주시_한림읍,OCCURRED_IN_REGION
AE_FIRE_EM_02335,REG_제주시_한림읍,OCCURRED_IN_REGION
AE_FIRE_EM_02336,REG_제주시_한림읍,OCCURRED_IN_REGION
AE_FIRE_EM_02337,REG_제주시_한림읍,OCCURRED_IN_REGION
AE_FIRE_EM_02338,REG_제주시_애월읍,OCCURRED_IN_REGION
AE_FIRE_EM_02339,REG_제주시_애월읍,OCCURRED_IN_REGION
AE_FIRE_EM_02340,REG_제주시_애월읍,OCCURRED_IN_REGION
AE_FIRE_EM_02341,REG_제주시_애월읍,OCCURRED_IN_REGION
AE_FIRE_EM_02342,REG_제주시_애월읍,OCCURRED_IN_REGION
AE_FIRE_EM_02343,REG_제주시_애월읍,OCCURRED_IN_REGION
AE_FIRE_EM_02344,REG_제주시_애월읍,OCCURRED_IN_REGION
AE_FIRE_EM_02345,REG_제주시_애월읍,OCCURRED_IN_REGION
AE_FIRE_EM_02346,REG_제주시_용담삼동,OCCURRED_IN_REGION
AE_FIRE_EM_02347,REG_제주시_애월읍,OCCURRED_IN_REGION
AE_FIRE_EM_02348,REG_제주시_애월읍,OCCURRED_IN_REGION
AE_FIRE_EM_02349,REG_제주시_애월읍,OCCURRED_IN_REGION
AE_FIRE_EM_02350,REG_제주시_애월읍,OCCURRED_IN_REGION
AE_FIRE_EM_02351,REG_제주시_한경면,OCCURRED_IN_REGION
AE_FIRE_EM_02352,REG_제주시_한경면,OCCURRED_IN_REGION
AE_FIRE_EM_02353,REG_제주시_한경면,OCCURRED_IN_REGION
AE_FIRE_EM_02354,REG_서귀포시_대정읍,OCCURRED_IN_REGION
AE_FIRE_EM_02355,REG_서귀포시_대정읍,OCCURRED_IN_REGION
AE_FIRE_EM_02356,REG_서귀포시_대정읍,OCCURRED_IN_REGION
AE_FIRE_EM_02357,REG_서귀포시_안덕면,OCCURRED_IN_REGION
AE_FIRE_EM_02358,REG_서귀포시_안덕면,OCCURRED_IN_REGION
AE_FIRE_EM_02359,REG_서귀포시_안덕면,OCCURRED_IN_REGION
AE_FIRE_EM_02360,REG_서귀포시_안덕면,OCCURRED_IN_REGION
AE_FIRE_EM_02361,REG_서귀포시_안덕면,OCCURRED_IN_REGION
AE_FIRE_EM_02362,REG_서귀포시_안덕면,OCCURRED_IN_REGION
AE_FIRE_EM_02363,REG_서귀포시_안덕면,OCCURRED_IN_REGION
AE_FIRE_EM_02364,REG_서귀포시_안덕면,OCCURRED_IN_REGION
AE_FIRE_EM_02365,REG_서귀포시_대정읍,OCCURRED_IN_REGION
AE_FIRE_EM_02366,REG_서귀포시_안덕면,OCCURRED_IN_REGION
AE_FIRE_EM_02367,REG_서귀포시_안덕면,OCCURRED_IN_REGION
AE_FIRE_EM_02368,REG_서귀포시_색달동,OCCURRED_IN_REGION
AE_FIRE_EM_02369,REG_서귀포시_안덕면,OCCURRED_IN_REGION
AE_FIRE_EM_02370,REG_서귀포시_안덕면,OCCURRED_IN_REGION
AE_FIRE_EM_02371,REG_서귀포시_대정읍,OCCURRED_IN_REGION
AE_FIRE_EM_02372,REG_제주시_애월읍,OCCURRED_IN_REGION
AE_FIRE_EM_02373,REG_제주시_한림읍,OCCURRED_IN_REGION
AE_FIRE_EM_02374,REG_서귀포시_대정읍,OCCURRED_IN_REGION
AE_FIRE_EM_02375,REG_서귀포시_안덕면,OCCURRED_IN_REGION
AE_FIRE_EM_02376,REG_서귀포시_안덕면,OCCURRED_IN_REGION
AE_FIRE_EM_02377,REG_제주시_한경면,OCCURRED_IN_REGION
AE_FIRE_EM_02378,REG_서귀포시_안덕면,OCCURRED_IN_REGION
AE_FIRE_EM_02379,REG_서귀포시_안덕면,OCCURRED_IN_REGION
AE_FIRE_EM_02380,REG_서귀포시_대정읍,OCCURRED_IN_REGION
AE_FIRE_EM_02381,REG_제주시_오라삼동,OCCURRED_IN_REGION
AE_FIRE_EM_02382,REG_서귀포시_색달동,OCCURRED_IN_REGION
AE_FIRE_EM_02383,REG_서귀포시_강정동,OCCURRED_IN_REGION
AE_FIRE_EM_02384,REG_제주시_우도면,OCCURRED_IN_REGION
AE_FIRE_EM_02385,REG_제주시_한경면,OCCURRED_IN_REGION
AE_FIRE_EM_02386,REG_제주시_봉개동,OCCURRED_IN_REGION
AE_FIRE_EM_02387,REG_제주시_조천읍,OCCURRED_IN_REGION
AE_FIRE_EM_02388,REG_제주시_구좌읍,OCCURRED_IN_REGION
AE_FIRE_EM_02389,REG_제주시_우도면,OCCURRED_IN_REGION
AE_FIRE_EM_02390,REG_제주시_연동,OCCURRED_IN_REGION
AE_FIRE_EM_02391,REG_제주시_아라일동,OCCURRED_IN_REGION
AE_FIRE_EM_02392,REG_제주시_아라이동,OCCURRED_IN_REGION
AE_FIRE_EM_02393,REG_제주시_이도이동,OCCURRED_IN_REGION
AE_FIRE_EM_02394,REG_제주시_이도이동,OCCURRED_IN_REGION
AE_FIRE_EM_02395,REG_서귀포시_성산읍,OCCURRED_IN_REGION
AE_FIRE_EM_02396,REG_제주시_애월읍,OCCURRED_IN_REGION
AE_FIRE_EM_02397,REG_제주시_이도이동,OCCURRED_IN_REGION
AE_FIRE_EM_02398,REG_제주시_오등동,OCCURRED_IN_REGION
AE_FIRE_EM_02399,REG_제주시_일도이동,OCCURRED_IN_REGION
AE_FIRE_EM_02400,REG_제주시_건입동,OCCURRED_IN_REGION
AE_FIRE_EM_02401,REG_제주시_건입동,OCCURRED_IN_REGION
AE_FIRE_EM_02402,REG_제주시_이호일동,OCCURRED_IN_REGION
AE_FIRE_EM_02403,REG_제주시_화북일동,OCCURRED_IN_REGION
AE_FIRE_EM_02404,REG_제주시_화북일동,OCCURRED_IN_REGION
AE_FIRE_EM_02405,REG_제주시_화북일동,OCCURRED_IN_REGION
AE_FIRE_EM_02406,REG_제주시_이도이동,OCCURRED_IN_REGION
AE_FIRE_EM_02407,REG_제주시_삼도이동,OCCURRED_IN_REGION
AE_FIRE_EM_02408,REG_제주시_삼도이동,OCCURRED_IN_REGION
AE_FIRE_EM_02409,REG_제주시_용담이동,OCCURRED_IN_REGION
AE_FIRE_EM_02410,REG_제주시_삼도이동,OCCURRED_IN_REGION
AE_FIRE_EM_02411,REG_제주시_용담이동,OCCURRED_IN_REGION
AE_FIRE_EM_02412,REG_제주시_삼도이동,OCCURRED_IN_REGION
AE_FIRE_EM_02413,REG_제주시_오라이동,OCCURRED_IN_REGION
AE_FIRE_EM_02414,REG_제주시_오라이동,OCCURRED_IN_REGION
AE_FIRE_EM_02415,REG_제주시_용담이동,OCCURRED_IN_REGION
AE_FIRE_EM_02416,REG_제주시_용담이동,OCCURRED_IN_REGION
AE_FIRE_EM_02417,REG_제주시_연동,OCCURRED_IN_REGION
AE_FIRE_EM_02418,REG_제주시_연동,OCCURRED_IN_REGION
AE_FIRE_EM_02419,REG_제주시_노형동,OCCURRED_IN_REGION
AE_FIRE_EM_02420,REG_제주시_노형동,OCCURRED_IN_REGION
AE_FIRE_EM_02421,REG_제주시_연동,OCCURRED_IN_REGION
AE_FIRE_EM_02422,REG_제주시_연동,OCCURRED_IN_REGION
AE_FIRE_EM_02423,REG_제주시_연동,OCCURRED_IN_REGION
AE_FIRE_EM_02424,REG_제주시_연동,OCCURRED_IN_REGION
AE_FIRE_EM_02425,REG_제주시_연동,OCCURRED_IN_REGION
AE_FIRE_EM_02426,REG_제주시_건입동,OCCURRED_IN_REGION
AE_FIRE_EM_02427,REG_제주시_일도이동,OCCURRED_IN_REGION
AE_FIRE_EM_02428,REG_제주시_건입동,OCCURRED_IN_REGION
AE_FIRE_EM_02429,REG_제주시_삼양일동,OCCURRED_IN_REGION
AE_FIRE_EM_02430,REG_서귀포시_서홍동,OCCURRED_IN_REGION
AE_FIRE_EM_02431,REG_서귀포시_상예동,OCCURRED_IN_REGION
AE_FIRE_EM_02432,REG_서귀포시_안덕면,OCCURRED_IN_REGION
AE_FIRE_EM_02433,REG_제주시_화북이동,OCCURRED_IN_REGION
AE_FIRE_EM_02434,REG_제주시_봉개동,OCCURRED_IN_REGION
AE_FIRE_EM_02435,REG_제주시_구좌읍,OCCURRED_IN_REGION
AE_FIRE_EM_02436,REG_제주시_구좌읍,OCCURRED_IN_REGION
AE_FIRE_EM_02437,REG_제주시_구좌읍,OCCURRED_IN_REGION
AE_FIRE_EM_02438,REG_제주시_구좌읍,OCCURRED_IN_REGION
AE_FIRE_EM_02439,REG_제주시_구좌읍,OCCURRED_IN_REGION
AE_FIRE_EM_02440,REG_제주시_조천읍,OCCURRED_IN_REGION
AE_FIRE_EM_02441,REG_제주시_조천읍,OCCURRED_IN_REGION
AE_FIRE_EM_02442,REG_제주시_조천읍,OCCURRED_IN_REGION
AE_FIRE_EM_02443,REG_제주시_조천읍,OCCURRED_IN_REGION
AE_FIRE_EM_02444,REG_제주시_조천읍,OCCURRED_IN_REGION
AE_FIRE_EM_02445,REG_제주시_조천읍,OCCURRED_IN_REGION
AE_FIRE_EM_02446,REG_제주시_조천읍,OCCURRED_IN_REGION
AE_FIRE_EM_02447,REG_제주시_조천읍,OCCURRED_IN_REGION
AE_FIRE_EM_02448,REG_제주시_노형동,OCCURRED_IN_REGION
AE_FIRE_EM_02449,REG_제주시_도두일동,OCCURRED_IN_REGION
AE_FIRE_EM_02450,REG_제주시_노형동,OCCURRED_IN_REGION
AE_FIRE_EM_02451,REG_제주시_오라이동,OCCURRED_IN_REGION
AE_FIRE_EM_02452,REG_제주시_오라이동,OCCURRED_IN_REGION
AE_FIRE_EM_02453,REG_제주시_노형동,OCCURRED_IN_REGION
AE_FIRE_EM_02454,REG_제주시_노형동,OCCURRED_IN_REGION
AE_FIRE_EM_02455,REG_제주시_연동,OCCURRED_IN_REGION
AE_FIRE_EM_02456,REG_제주시_노형동,OCCURRED_IN_REGION
AE_FIRE_EM_02457,REG_제주시_애월읍,OCCURRED_IN_REGION
AE_FIRE_EM_02458,REG_제주시_애월읍,OCCURRED_IN_REGION
AE_FIRE_EM_02459,REG_제주시_노형동,OCCURRED_IN_REGION
AE_FIRE_EM_02460,REG_제주시_애월읍,OCCURRED_IN_REGION
AE_FIRE_EM_02461,REG_제주시_애월읍,OCCURRED_IN_REGION
AE_FIRE_EM_02462,REG_제주시_한경면,OCCURRED_IN_REGION
AE_FIRE_EM_02463,REG_제주시_노형동,OCCURRED_IN_REGION
AE_FIRE_EM_02464,REG_제주시_내도동,OCCURRED_IN_REGION
AE_FIRE_EM_02465,REG_제주시_이호일동,OCCURRED_IN_REGION
AE_FIRE_EM_02466,REG_제주시_이호일동,OCCURRED_IN_REGION
AE_FIRE_EM_02467,REG_제주시_노형동,OCCURRED_IN_REGION
AE_FIRE_EM_02468,REG_제주시_이호일동,OCCURRED_IN_REGION
AE_FIRE_EM_02469,REG_제주시_애월읍,OCCURRED_IN_REGION
AE_FIRE_EM_02470,REG_제주시_애월읍,OCCURRED_IN_REGION
AE_FIRE_EM_02471,REG_서귀포시_남원읍,OCCURRED_IN_REGION
AE_FIRE_EM_02472,REG_제주시_조천읍,OCCURRED_IN_REGION
AE_FIRE_EM_02473,REG_제주시_오라이동,OCCURRED_IN_REGION
AE_FIRE_EM_02474,REG_제주시_조천읍,OCCURRED_IN_REGION
AE_FIRE_EM_02475,REG_제주시_영평동,OCCURRED_IN_REGION
AE_FIRE_EM_02476,REG_서귀포시_남원읍,OCCURRED_IN_REGION
AE_FIRE_EM_02477,REG_제주시_우도면,OCCURRED_IN_REGION
AE_FIRE_EM_02478,REG_제주시_조천읍,OCCURRED_IN_REGION
AE_FIRE_EM_02479,REG_제주시_구좌읍,OCCURRED_IN_REGION
AE_FIRE_EM_02480,REG_서귀포시_토평동,OCCURRED_IN_REGION
AE_FIRE_EM_02481,REG_서귀포시_서귀동,OCCURRED_IN_REGION
AE_FIRE_EM_02482,REG_서귀포시_서귀동,OCCURRED_IN_REGION
AE_FIRE_EM_02483,REG_서귀포시_동홍동,OCCURRED_IN_REGION
AE_FIRE_EM_02484,REG_서귀포시_동홍동,OCCURRED_IN_REGION
AE_FIRE_EM_02485,REG_서귀포시_서홍동,OCCURRED_IN_REGION
AE_FIRE_EM_02486,REG_서귀포시_서귀동,OCCURRED_IN_REGION
AE_FIRE_EM_02487,REG_서귀포시_중문동,OCCURRED_IN_REGION
AE_FIRE_EM_02488,REG_서귀포시_상예동,OCCURRED_IN_REGION
AE_FIRE_EM_02489,REG_서귀포시_회수동,OCCURRED_IN_REGION
AE_FIRE_EM_02490,REG_서귀포시_회수동,OCCURRED_IN_REGION
AE_FIRE_EM_02491,REG_서귀포시_대포동,OCCURRED_IN_REGION
AE_FIRE_EM_02492,REG_서귀포시_중문동,OCCURRED_IN_REGION
AE_FIRE_EM_02493,REG_서귀포시_중문동,OCCURRED_IN_REGION
AE_FIRE_EM_02494,REG_서귀포시_색달동,OCCURRED_IN_REGION
AE_FIRE_EM_02495,REG_서귀포시_색달동,OCCURRED_IN_REGION
AE_FIRE_EM_02496,REG_서귀포시_회수동,OCCURRED_IN_REGION
AE_FIRE_EM_02497,REG_서귀포시_회수동,OCCURRED_IN_REGION
AE_FIRE_EM_02498,REG_서귀포시_중문동,OCCURRED_IN_REGION
AE_FIRE_EM_02499,REG_서귀포시_색달동,OCCURRED_IN_REGION
AE_FIRE_EM_02500,REG_서귀포시_중문동,OCCURRED_IN_REGION
AE_FIRE_EM_02501,REG_서귀포시_하예동,OCCURRED_IN_REGION
AE_FIRE_EM_02502,REG_서귀포시_월평동,OCCURRED_IN_REGION
AE_FIRE_EM_02503,REG_서귀포시_중문동,OCCURRED_IN_REGION
AE_FIRE_EM_02504,REG_서귀포시_성산읍,OCCURRED_IN_REGION
AE_FIRE_EM_02505,REG_서귀포시_성산읍,OCCURRED_IN_REGION
AE_FIRE_EM_02506,REG_서귀포시_성산읍,OCCURRED_IN_REGION
AE_FIRE_EM_02507,REG_서귀포시_성산읍,OCCURRED_IN_REGION
AE_FIRE_EM_02508,REG_서귀포시_성산읍,OCCURRED_IN_REGION
AE_FIRE_EM_02509,REG_서귀포시_성산읍,OCCURRED_IN_REGION
AE_FIRE_EM_02510,REG_서귀포시_성산읍,OCCURRED_IN_REGION
AE_FIRE_EM_02511,REG_서귀포시_성산읍,OCCURRED_IN_REGION
AE_FIRE_EM_02512,REG_서귀포시_성산읍,OCCURRED_IN_REGION
AE_FIRE_EM_02513,REG_서귀포시_성산읍,OCCURRED_IN_REGION
AE_FIRE_EM_02514,REG_제주시_애월읍,OCCURRED_IN_REGION
AE_FIRE_EM_02515,REG_서귀포시_성산읍,OCCURRED_IN_REGION
AE_FIRE_EM_02516,REG_서귀포시_성산읍,OCCURRED_IN_REGION
AE_FIRE_EM_02517,REG_서귀포시_성산읍,OCCURRED_IN_REGION
AE_FIRE_EM_02518,REG_서귀포시_성산읍,OCCURRED_IN_REGION
AE_FIRE_EM_02519,REG_서귀포시_성산읍,OCCURRED_IN_REGION
AE_FIRE_EM_02520,REG_서귀포시_성산읍,OCCURRED_IN_REGION
AE_FIRE_EM_02521,REG_서귀포시_표선면,OCCURRED_IN_REGION
AE_FIRE_EM_02522,REG_서귀포시_성산읍,OCCURRED_IN_REGION
AE_FIRE_EM_02523,REG_서귀포시_성산읍,OCCURRED_IN_REGION
AE_FIRE_EM_02524,REG_서귀포시_성산읍,OCCURRED_IN_REGION
AE_FIRE_EM_02525,REG_제주시_구좌읍,OCCURRED_IN_REGION
AE_FIRE_EM_02526,REG_서귀포시_남원읍,OCCURRED_IN_REGION
AE_FIRE_EM_02527,REG_서귀포시_남원읍,OCCURRED_IN_REGION
AE_FIRE_EM_02528,REG_서귀포시_남원읍,OCCURRED_IN_REGION
AE_FIRE_EM_02529,REG_서귀포시_남원읍,OCCURRED_IN_REGION
AE_FIRE_EM_02530,REG_서귀포시_남원읍,OCCURRED_IN_REGION
AE_FIRE_EM_02531,REG_서귀포시_남원읍,OCCURRED_IN_REGION
AE_FIRE_EM_02532,REG_서귀포시_남원읍,OCCURRED_IN_REGION
AE_FIRE_EM_02533,REG_서귀포시_남원읍,OCCURRED_IN_REGION
AE_FIRE_EM_02534,REG_서귀포시_서귀동,OCCURRED_IN_REGION
AE_FIRE_EM_02535,REG_서귀포시_남원읍,OCCURRED_IN_REGION
AE_FIRE_EM_02536,REG_서귀포시_하효동,OCCURRED_IN_REGION
AE_FIRE_EM_02537,REG_서귀포시_서귀동,OCCURRED_IN_REGION
AE_FIRE_EM_02538,REG_서귀포시_토평동,OCCURRED_IN_REGION
AE_FIRE_EM_02539,REG_서귀포시_보목동,OCCURRED_IN_REGION
AE_FIRE_EM_02540,REG_서귀포시_강정동,OCCURRED_IN_REGION
AE_FIRE_EM_02541,REG_서귀포시_법환동,OCCURRED_IN_REGION
AE_FIRE_EM_02542,REG_서귀포시_강정동,OCCURRED_IN_REGION
AE_FIRE_EM_02543,REG_서귀포시_안덕면,OCCURRED_IN_REGION
AE_FIRE_EM_02544,REG_서귀포시_동홍동,OCCURRED_IN_REGION
AE_FIRE_EM_02545,REG_서귀포시_법환동,OCCURRED_IN_REGION
AE_FIRE_EM_02546,REG_서귀포시_서귀동,OCCURRED_IN_REGION
AE_FIRE_EM_02547,REG_서귀포시_강정동,OCCURRED_IN_REGION
AE_FIRE_EM_02548,REG_서귀포시_강정동,OCCURRED_IN_REGION
AE_FIRE_EM_02549,REG_서귀포시_월평동,OCCURRED_IN_REGION
AE_FIRE_EM_02550,REG_서귀포시_월평동,OCCURRED_IN_REGION
AE_FIRE_EM_02551,REG_제주시_조천읍,OCCURRED_IN_REGION
AE_FIRE_EM_02552,REG_서귀포시_성산읍,OCCURRED_IN_REGION
AE_FIRE_EM_02553,REG_서귀포시_성산읍,OCCURRED_IN_REGION
AE_FIRE_EM_02554,REG_제주시_한림읍,OCCURRED_IN_REGION
AE_FIRE_EM_02555,REG_제주시_한림읍,OCCURRED_IN_REGION
AE_FIRE_EM_02556,REG_제주시_한림읍,OCCURRED_IN_REGION
AE_FIRE_EM_02557,REG_제주시_한림읍,OCCURRED_IN_REGION
AE_FIRE_EM_02558,REG_제주시_한림읍,OCCURRED_IN_REGION
AE_FIRE_EM_02559,REG_제주시_한림읍,OCCURRED_IN_REGION
AE_FIRE_EM_02560,REG_제주시_애월읍,OCCURRED_IN_REGION
AE_FIRE_EM_02561,REG_제주시_한림읍,OCCURRED_IN_REGION
AE_FIRE_EM_02562,REG_제주시_한림읍,OCCURRED_IN_REGION
AE_FIRE_EM_02563,REG_제주시_애월읍,OCCURRED_IN_REGION
AE_FIRE_EM_02564,REG_제주시_애월읍,OCCURRED_IN_REGION
AE_FIRE_EM_02565,REG_제주시_한림읍,OCCURRED_IN_REGION
AE_FIRE_EM_02566,REG_제주시_한림읍,OCCURRED_IN_REGION
AE_FIRE_EM_02567,REG_제주시_애월읍,OCCURRED_IN_REGION
AE_FIRE_EM_02568,REG_제주시_애월읍,OCCURRED_IN_REGION
AE_FIRE_EM_02569,REG_제주시_애월읍,OCCURRED_IN_REGION
AE_FIRE_EM_02570,REG_제주시_애월읍,OCCURRED_IN_REGION
AE_FIRE_EM_02571,REG_제주시_애월읍,OCCURRED_IN_REGION
AE_FIRE_EM_02572,REG_서귀포시_성산읍,OCCURRED_IN_REGION
AE_FIRE_EM_02573,REG_제주시_애월읍,OCCURRED_IN_REGION
AE_FIRE_EM_02574,REG_제주시_애월읍,OCCURRED_IN_REGION
AE_FIRE_EM_02575,REG_제주시_애월읍,OCCURRED_IN_REGION
AE_FIRE_EM_02576,REG_제주시_애월읍,OCCURRED_IN_REGION
AE_FIRE_EM_02577,REG_제주시_한경면,OCCURRED_IN_REGION
AE_FIRE_EM_02578,REG_제주시_한림읍,OCCURRED_IN_REGION
AE_FIRE_EM_02579,REG_제주시_한림읍,OCCURRED_IN_REGION
AE_FIRE_EM_02580,REG_제주시_한경면,OCCURRED_IN_REGION
AE_FIRE_EM_02581,REG_서귀포시_대정읍,OCCURRED_IN_REGION
AE_FIRE_EM_02582,REG_서귀포시_대정읍,OCCURRED_IN_REGION
AE_FIRE_EM_02583,REG_서귀포시_대정읍,OCCURRED_IN_REGION
AE_FIRE_EM_02584,REG_서귀포시_대정읍,OCCURRED_IN_REGION
AE_FIRE_EM_02585,REG_서귀포시_대정읍,OCCURRED_IN_REGION
AE_FIRE_EM_02586,REG_서귀포시_안덕면,OCCURRED_IN_REGION
AE_FIRE_EM_02587,REG_제주시_한림읍,OCCURRED_IN_REGION
AE_FIRE_EM_02588,REG_서귀포시_대정읍,OCCURRED_IN_REGION
AE_FIRE_EM_02589,REG_서귀포시_안덕면,OCCURRED_IN_REGION
AE_FIRE_EM_02590,REG_서귀포시_안덕면,OCCURRED_IN_REGION
AE_FIRE_EM_02591,REG_서귀포시_안덕면,OCCURRED_IN_REGION
AE_FIRE_EM_02592,REG_서귀포시_안덕면,OCCURRED_IN_REGION
AE_FIRE_EM_02593,REG_서귀포시_안덕면,OCCURRED_IN_REGION
AE_FIRE_EM_02594,REG_서귀포시_안덕면,OCCURRED_IN_REGION
AE_FIRE_EM_02595,REG_서귀포시_안덕면,OCCURRED_IN_REGION
AE_FIRE_EM_02596,REG_서귀포시_안덕면,OCCURRED_IN_REGION
AE_FIRE_EM_02597,REG_서귀포시_서귀동,OCCURRED_IN_REGION
AE_FIRE_EM_02598,REG_서귀포시_대정읍,OCCURRED_IN_REGION
AE_FIRE_EM_02599,REG_서귀포시_대정읍,OCCURRED_IN_REGION
AE_FIRE_EM_02600,REG_서귀포시_대정읍,OCCURRED_IN_REGION
AE_FIRE_EM_02601,REG_제주시_연동,OCCURRED_IN_REGION
AE_FIRE_EM_02602,REG_서귀포시_서호동,OCCURRED_IN_REGION
AE_FIRE_EM_02603,REG_제주시_이도이동,OCCURRED_IN_REGION
AE_FIRE_EM_02604,REG_제주시_연동,OCCURRED_IN_REGION
AE_FIRE_EM_02605,REG_제주시_연동,OCCURRED_IN_REGION
AE_FIRE_EM_02606,REG_서귀포시_상예동,OCCURRED_IN_REGION
AE_FIRE_EM_02607,REG_서귀포시_남원읍,OCCURRED_IN_REGION
AE_FIRE_EM_02608,REG_제주시_용담이동,OCCURRED_IN_REGION
AE_FIRE_EM_02609,REG_제주시_이도이동,OCCURRED_IN_REGION
AE_FIRE_EM_02610,REG_제주시_도두일동,OCCURRED_IN_REGION
AE_FIRE_EM_02611,REG_제주시_도남동,OCCURRED_IN_REGION
AE_FIRE_EM_02612,REG_제주시_애월읍,OCCURRED_IN_REGION
AE_FIRE_EM_02613,REG_서귀포시_토평동,OCCURRED_IN_REGION
AE_FIRE_EM_02614,REG_서귀포시_토평동,OCCURRED_IN_REGION
AE_FIRE_EM_02615,REG_서귀포시_토평동,OCCURRED_IN_REGION
AE_FIRE_EM_02616,REG_제주시_이도이동,OCCURRED_IN_REGION
AE_FIRE_EM_02617,REG_서귀포시_토평동,OCCURRED_IN_REGION
AE_FIRE_EM_02618,REG_제주시_삼도이동,OCCURRED_IN_REGION
AE_FIRE_EM_02619,REG_제주시_삼도이동,OCCURRED_IN_REGION
AE_FIRE_EM_02620,REG_제주시_건입동,OCCURRED_IN_REGION
AE_FIRE_EM_02621,REG_서귀포시_표선면,OCCURRED_IN_REGION
AE_FIRE_EM_02622,REG_제주시_용담이동,OCCURRED_IN_REGION
AE_FIRE_EM_02623,REG_제주시_오라일동,OCCURRED_IN_REGION
AE_FIRE_EM_02624,REG_제주시_오라일동,OCCURRED_IN_REGION
AE_FIRE_EM_02625,REG_제주시_삼양일동,OCCURRED_IN_REGION
AE_FIRE_EM_02626,REG_제주시_아라일동,OCCURRED_IN_REGION
AE_FIRE_EM_02627,REG_제주시_삼도이동,OCCURRED_IN_REGION
AE_FIRE_EM_02628,REG_제주시_오라이동,OCCURRED_IN_REGION
AE_FIRE_EM_02629,REG_제주시_용담이동,OCCURRED_IN_REGION
AE_FIRE_EM_02630,REG_제주시_용담이동,OCCURRED_IN_REGION
AE_FIRE_EM_02631,REG_서귀포시_성산읍,OCCURRED_IN_REGION
AE_FIRE_EM_02632,REG_제주시_연동,OCCURRED_IN_REGION
AE_FIRE_EM_02633,REG_제주시_용담이동,OCCURRED_IN_REGION
AE_FIRE_EM_02634,REG_제주시_연동,OCCURRED_IN_REGION
AE_FIRE_EM_02635,REG_제주시_연동,OCCURRED_IN_REGION
AE_FIRE_EM_02636,REG_제주시_도두일동,OCCURRED_IN_REGION
AE_FIRE_EM_02637,REG_제주시_노형동,OCCURRED_IN_REGION
AE_FIRE_EM_02638,REG_제주시_용담삼동,OCCURRED_IN_REGION
AE_FIRE_EM_02639,REG_제주시_연동,OCCURRED_IN_REGION
AE_FIRE_EM_02640,REG_제주시_연동,OCCURRED_IN_REGION
AE_FIRE_EM_02641,REG_제주시_노형동,OCCURRED_IN_REGION
AE_FIRE_EM_02642,REG_제주시_건입동,OCCURRED_IN_REGION
AE_FIRE_EM_02643,REG_서귀포시_상효동,OCCURRED_IN_REGION
AE_FIRE_EM_02644,REG_서귀포시_서홍동,OCCURRED_IN_REGION
AE_FIRE_EM_02645,REG_제주시_삼양이동,OCCURRED_IN_REGION
AE_FIRE_EM_02646,REG_제주시_건입동,OCCURRED_IN_REGION
AE_FIRE_EM_02647,REG_제주시_삼양이동,OCCURRED_IN_REGION
AE_FIRE_EM_02648,REG_제주시_조천읍,OCCURRED_IN_REGION
AE_FIRE_EM_02649,REG_제주시_도련일동,OCCURRED_IN_REGION
AE_FIRE_EM_02650,REG_제주시_구좌읍,OCCURRED_IN_REGION
AE_FIRE_EM_02651,REG_제주시_구좌읍,OCCURRED_IN_REGION
AE_FIRE_EM_02652,REG_제주시_구좌읍,OCCURRED_IN_REGION
AE_FIRE_EM_02653,REG_제주시_구좌읍,OCCURRED_IN_REGION
AE_FIRE_EM_02654,REG_서귀포시_성산읍,OCCURRED_IN_REGION
AE_FIRE_EM_02655,REG_서귀포시_성산읍,OCCURRED_IN_REGION
AE_FIRE_EM_02656,REG_제주시_구좌읍,OCCURRED_IN_REGION
AE_FIRE_EM_02657,REG_제주시_조천읍,OCCURRED_IN_REGION
AE_FIRE_EM_02658,REG_제주시_조천읍,OCCURRED_IN_REGION
AE_FIRE_EM_02659,REG_제주시_조천읍,OCCURRED_IN_REGION
AE_FIRE_EM_02660,REG_제주시_노형동,OCCURRED_IN_REGION
AE_FIRE_EM_02661,REG_제주시_노형동,OCCURRED_IN_REGION
AE_FIRE_EM_02662,REG_제주시_노형동,OCCURRED_IN_REGION
AE_FIRE_EM_02663,REG_제주시_해안동,OCCURRED_IN_REGION
AE_FIRE_EM_02664,REG_제주시_연동,OCCURRED_IN_REGION
AE_FIRE_EM_02665,REG_제주시_해안동,OCCURRED_IN_REGION
AE_FIRE_EM_02666,REG_제주시_연동,OCCURRED_IN_REGION
AE_FIRE_EM_02667,REG_제주시_해안동,OCCURRED_IN_REGION
AE_FIRE_EM_02668,REG_제주시_조천읍,OCCURRED_IN_REGION
AE_FIRE_EM_02669,REG_제주시_연동,OCCURRED_IN_REGION
AE_FIRE_EM_02670,REG_제주시_연동,OCCURRED_IN_REGION
AE_FIRE_EM_02671,REG_제주시_연동,OCCURRED_IN_REGION
AE_FIRE_EM_02672,REG_제주시_애월읍,OCCURRED_IN_REGION
AE_FIRE_EM_02673,REG_제주시_애월읍,OCCURRED_IN_REGION
AE_FIRE_EM_02674,REG_제주시_도두일동,OCCURRED_IN_REGION
AE_FIRE_EM_02675,REG_제주시_애월읍,OCCURRED_IN_REGION
AE_FIRE_EM_02676,REG_제주시_외도이동,OCCURRED_IN_REGION
AE_FIRE_EM_02677,REG_제주시_애월읍,OCCURRED_IN_REGION
AE_FIRE_EM_02678,REG_제주시_애월읍,OCCURRED_IN_REGION
AE_FIRE_EM_02679,REG_제주시_노형동,OCCURRED_IN_REGION
AE_FIRE_EM_02680,REG_제주시_해안동,OCCURRED_IN_REGION
AE_FIRE_EM_02681,REG_제주시_오등동,OCCURRED_IN_REGION
AE_FIRE_EM_02682,REG_제주시_애월읍,OCCURRED_IN_REGION
AE_FIRE_EM_02683,REG_제주시_오등동,OCCURRED_IN_REGION
AE_FIRE_EM_02684,REG_서귀포시_남원읍,OCCURRED_IN_REGION
AE_FIRE_EM_02685,REG_제주시_아라일동,OCCURRED_IN_REGION
AE_FIRE_EM_02686,REG_제주시_추자면,OCCURRED_IN_REGION
AE_FIRE_EM_02687,REG_제주시_구좌읍,OCCURRED_IN_REGION
AE_FIRE_EM_02688,REG_제주시_구좌읍,OCCURRED_IN_REGION
AE_FIRE_EM_02689,REG_제주시_구좌읍,OCCURRED_IN_REGION
AE_FIRE_EM_02690,REG_서귀포시_서귀동,OCCURRED_IN_REGION
AE_FIRE_EM_02691,REG_서귀포시_서귀동,OCCURRED_IN_REGION
AE_FIRE_EM_02692,REG_서귀포시_남원읍,OCCURRED_IN_REGION
AE_FIRE_EM_02693,REG_서귀포시_동홍동,OCCURRED_IN_REGION
AE_FIRE_EM_02694,REG_서귀포시_서홍동,OCCURRED_IN_REGION
AE_FIRE_EM_02695,REG_서귀포시_서홍동,OCCURRED_IN_REGION
AE_FIRE_EM_02696,REG_서귀포시_토평동,OCCURRED_IN_REGION
AE_FIRE_EM_02697,REG_서귀포시_동홍동,OCCURRED_IN_REGION
AE_FIRE_EM_02698,REG_서귀포시_서귀동,OCCURRED_IN_REGION
AE_FIRE_EM_02699,REG_서귀포시_서귀동,OCCURRED_IN_REGION
AE_FIRE_EM_02700,REG_서귀포시_서홍동,OCCURRED_IN_REGION
AE_FIRE_EM_02701,REG_서귀포시_토평동,OCCURRED_IN_REGION
AE_FIRE_EM_02702,REG_서귀포시_하원동,OCCURRED_IN_REGION
AE_FIRE_EM_02703,REG_서귀포시_색달동,OCCURRED_IN_REGION
AE_FIRE_EM_02704,REG_서귀포시_중문동,OCCURRED_IN_REGION
AE_FIRE_EM_02705,REG_서귀포시_회수동,OCCURRED_IN_REGION
AE_FIRE_EM_02706,REG_서귀포시_하원동,OCCURRED_IN_REGION
AE_FIRE_EM_02707,REG_서귀포시_중문동,OCCURRED_IN_REGION
AE_FIRE_EM_02708,REG_서귀포시_성산읍,OCCURRED_IN_REGION
AE_FIRE_EM_02709,REG_서귀포시_성산읍,OCCURRED_IN_REGION
AE_FIRE_EM_02710,REG_서귀포시_성산읍,OCCURRED_IN_REGION
AE_FIRE_EM_02711,REG_제주시_구좌읍,OCCURRED_IN_REGION
AE_FIRE_EM_02712,REG_제주시_구좌읍,OCCURRED_IN_REGION
AE_FIRE_EM_02713,REG_제주시_구좌읍,OCCURRED_IN_REGION
AE_FIRE_EM_02714,REG_서귀포시_성산읍,OCCURRED_IN_REGION
AE_FIRE_EM_02715,REG_제주시_구좌읍,OCCURRED_IN_REGION
AE_FIRE_EM_02716,REG_서귀포시_성산읍,OCCURRED_IN_REGION
AE_FIRE_EM_02717,REG_서귀포시_성산읍,OCCURRED_IN_REGION
AE_FIRE_EM_02718,REG_서귀포시_성산읍,OCCURRED_IN_REGION
AE_FIRE_EM_02719,REG_서귀포시_성산읍,OCCURRED_IN_REGION
AE_FIRE_EM_02720,REG_서귀포시_표선면,OCCURRED_IN_REGION
AE_FIRE_EM_02721,REG_서귀포시_남원읍,OCCURRED_IN_REGION
AE_FIRE_EM_02722,REG_서귀포시_성산읍,OCCURRED_IN_REGION
AE_FIRE_EM_02723,REG_서귀포시_남원읍,OCCURRED_IN_REGION
AE_FIRE_EM_02724,REG_서귀포시_남원읍,OCCURRED_IN_REGION
AE_FIRE_EM_02725,REG_서귀포시_남원읍,OCCURRED_IN_REGION
AE_FIRE_EM_02726,REG_서귀포시_남원읍,OCCURRED_IN_REGION
AE_FIRE_EM_02727,REG_서귀포시_표선면,OCCURRED_IN_REGION
AE_FIRE_EM_02728,REG_서귀포시_표선면,OCCURRED_IN_REGION
AE_FIRE_EM_02729,REG_서귀포시_토평동,OCCURRED_IN_REGION
AE_FIRE_EM_02730,REG_서귀포시_서귀동,OCCURRED_IN_REGION
AE_FIRE_EM_02731,REG_서귀포시_성산읍,OCCURRED_IN_REGION
AE_FIRE_EM_02732,REG_서귀포시_신효동,OCCURRED_IN_REGION
AE_FIRE_EM_02733,REG_서귀포시_서귀동,OCCURRED_IN_REGION
AE_FIRE_EM_02734,REG_서귀포시_토평동,OCCURRED_IN_REGION
AE_FIRE_EM_02735,REG_서귀포시_토평동,OCCURRED_IN_REGION
AE_FIRE_EM_02736,REG_서귀포시_강정동,OCCURRED_IN_REGION
AE_FIRE_EM_02737,REG_서귀포시_서귀동,OCCURRED_IN_REGION
AE_FIRE_EM_02738,REG_서귀포시_호근동,OCCURRED_IN_REGION
AE_FIRE_EM_02739,REG_서귀포시_남원읍,OCCURRED_IN_REGION
AE_FIRE_EM_02740,REG_제주시_우도면,OCCURRED_IN_REGION
AE_FIRE_EM_02741,REG_서귀포시_법환동,OCCURRED_IN_REGION
AE_FIRE_EM_02742,REG_서귀포시_하원동,OCCURRED_IN_REGION
AE_FIRE_EM_02743,REG_서귀포시_표선면,OCCURRED_IN_REGION
AE_FIRE_EM_02744,REG_서귀포시_표선면,OCCURRED_IN_REGION
AE_FIRE_EM_02745,REG_제주시_조천읍,OCCURRED_IN_REGION
AE_FIRE_EM_02746,REG_서귀포시_색달동,OCCURRED_IN_REGION
AE_FIRE_EM_02747,REG_서귀포시_색달동,OCCURRED_IN_REGION
AE_FIRE_EM_02748,REG_서귀포시_색달동,OCCURRED_IN_REGION
AE_FIRE_EM_02749,REG_서귀포시_색달동,OCCURRED_IN_REGION
AE_FIRE_EM_02750,REG_제주시_한림읍,OCCURRED_IN_REGION
AE_FIRE_EM_02751,REG_제주시_한림읍,OCCURRED_IN_REGION
AE_FIRE_EM_02752,REG_제주시_한림읍,OCCURRED_IN_REGION
AE_FIRE_EM_02753,REG_제주시_한림읍,OCCURRED_IN_REGION
AE_FIRE_EM_02754,REG_제주시_한경면,OCCURRED_IN_REGION
AE_FIRE_EM_02755,REG_제주시_한림읍,OCCURRED_IN_REGION
AE_FIRE_EM_02756,REG_제주시_한림읍,OCCURRED_IN_REGION
AE_FIRE_EM_02757,REG_제주시_한림읍,OCCURRED_IN_REGION
AE_FIRE_EM_02758,REG_제주시_한경면,OCCURRED_IN_REGION
AE_FIRE_EM_02759,REG_서귀포시_토평동,OCCURRED_IN_REGION
AE_FIRE_EM_02760,REG_서귀포시_표선면,OCCURRED_IN_REGION
AE_FIRE_EM_02761,REG_제주시_한림읍,OCCURRED_IN_REGION
AE_FIRE_EM_02762,REG_제주시_한림읍,OCCURRED_IN_REGION
AE_FIRE_EM_02763,REG_제주시_애월읍,OCCURRED_IN_REGION
AE_FIRE_EM_02764,REG_제주시_애월읍,OCCURRED_IN_REGION
AE_FIRE_EM_02765,REG_제주시_애월읍,OCCURRED_IN_REGION
AE_FIRE_EM_02766,REG_제주시_애월읍,OCCURRED_IN_REGION
AE_FIRE_EM_02767,REG_제주시_애월읍,OCCURRED_IN_REGION
AE_FIRE_EM_02768,REG_제주시_애월읍,OCCURRED_IN_REGION
AE_FIRE_EM_02769,REG_제주시_애월읍,OCCURRED_IN_REGION
AE_FIRE_EM_02770,REG_제주시_애월읍,OCCURRED_IN_REGION
AE_FIRE_EM_02771,REG_제주시_애월읍,OCCURRED_IN_REGION
AE_FIRE_EM_02772,REG_제주시_애월읍,OCCURRED_IN_REGION
AE_FIRE_EM_02773,REG_제주시_애월읍,OCCURRED_IN_REGION
AE_FIRE_EM_02774,REG_제주시_애월읍,OCCURRED_IN_REGION
AE_FIRE_EM_02775,REG_제주시_애월읍,OCCURRED_IN_REGION
AE_FIRE_EM_02776,REG_제주시_애월읍,OCCURRED_IN_REGION
AE_FIRE_EM_02777,REG_제주시_애월읍,OCCURRED_IN_REGION
AE_FIRE_EM_02778,REG_서귀포시_안덕면,OCCURRED_IN_REGION
AE_FIRE_EM_02779,REG_제주시_애월읍,OCCURRED_IN_REGION
AE_FIRE_EM_02780,REG_제주시_애월읍,OCCURRED_IN_REGION
AE_FIRE_EM_02781,REG_제주시_애월읍,OCCURRED_IN_REGION
AE_FIRE_EM_02782,REG_제주시_애월읍,OCCURRED_IN_REGION
AE_FIRE_EM_02783,REG_제주시_애월읍,OCCURRED_IN_REGION
AE_FIRE_EM_02784,REG_제주시_애월읍,OCCURRED_IN_REGION
AE_FIRE_EM_02785,REG_제주시_애월읍,OCCURRED_IN_REGION
AE_FIRE_EM_02786,REG_제주시_애월읍,OCCURRED_IN_REGION
AE_FIRE_EM_02787,REG_제주시_건입동,OCCURRED_IN_REGION
AE_FIRE_EM_02788,REG_제주시_한림읍,OCCURRED_IN_REGION
AE_FIRE_EM_02789,REG_제주시_한림읍,OCCURRED_IN_REGION
AE_FIRE_EM_02790,REG_서귀포시_성산읍,OCCURRED_IN_REGION
AE_FIRE_EM_02791,REG_제주시_구좌읍,OCCURRED_IN_REGION
AE_FIRE_EM_02792,REG_서귀포시_대정읍,OCCURRED_IN_REGION
AE_FIRE_EM_02793,REG_서귀포시_안덕면,OCCURRED_IN_REGION
AE_FIRE_EM_02794,REG_서귀포시_안덕면,OCCURRED_IN_REGION
AE_FIRE_EM_02795,REG_서귀포시_안덕면,OCCURRED_IN_REGION
AE_FIRE_EM_02796,REG_서귀포시_대정읍,OCCURRED_IN_REGION
AE_FIRE_EM_02797,REG_서귀포시_안덕면,OCCURRED_IN_REGION
AE_FIRE_EM_02798,REG_서귀포시_안덕면,OCCURRED_IN_REGION
AE_FIRE_EM_02799,REG_서귀포시_안덕면,OCCURRED_IN_REGION
AE_FIRE_EM_02800,REG_서귀포시_안덕면,OCCURRED_IN_REGION
AE_FIRE_EM_02801,REG_서귀포시_색달동,OCCURRED_IN_REGION
AE_FIRE_EM_02802,REG_서귀포시_색달동,OCCURRED_IN_REGION
AE_FIRE_EM_02803,REG_서귀포시_색달동,OCCURRED_IN_REGION
AE_FIRE_EM_02804,REG_서귀포시_성산읍,OCCURRED_IN_REGION
AE_FIRE_EM_02805,REG_서귀포시_안덕면,OCCURRED_IN_REGION
AE_FIRE_EM_02806,REG_서귀포시_안덕면,OCCURRED_IN_REGION
AE_FIRE_EM_02807,REG_제주시_한림읍,OCCURRED_IN_REGION
AE_FIRE_EM_02808,REG_서귀포시_안덕면,OCCURRED_IN_REGION
AE_FIRE_EM_02809,REG_서귀포시_안덕면,OCCURRED_IN_REGION
AE_FIRE_EM_02810,REG_제주시_우도면,OCCURRED_IN_REGION
AE_FIRE_EM_02811,REG_서귀포시_안덕면,OCCURRED_IN_REGION
AE_FIRE_EM_02812,REG_서귀포시_대정읍,OCCURRED_IN_REGION
AE_FIRE_EM_02813,REG_서귀포시_안덕면,OCCURRED_IN_REGION
AE_FIRE_EM_02814,REG_제주시_오라이동,OCCURRED_IN_REGION
AE_FIRE_EM_02815,REG_제주시_이도이동,OCCURRED_IN_REGION
AE_FIRE_EM_02816,REG_제주시_회천동,OCCURRED_IN_REGION
AE_FIRE_EM_02817,REG_서귀포시_중문동,OCCURRED_IN_REGION
AE_FIRE_EM_02818,REG_서귀포시_성산읍,OCCURRED_IN_REGION
AE_FIRE_EM_02819,REG_서귀포시_영남동,OCCURRED_IN_REGION
AE_FIRE_EM_02820,REG_제주시_우도면,OCCURRED_IN_REGION
AE_FIRE_EM_02821,REG_서귀포시_안덕면,OCCURRED_IN_REGION
AE_FIRE_EM_02822,REG_서귀포시_표선면,OCCURRED_IN_REGION
AE_FIRE_EM_02823,REG_제주시_용담일동,OCCURRED_IN_REGION
AE_FIRE_EM_02824,REG_제주시_조천읍,OCCURRED_IN_REGION
AE_FIRE_EM_02825,REG_서귀포시_표선면,OCCURRED_IN_REGION
AE_FIRE_EM_02826,REG_서귀포시_표선면,OCCURRED_IN_REGION
AE_FIRE_EM_02827,REG_제주시_연동,OCCURRED_IN_REGION
AE_FIRE_EM_02828,REG_제주시_한경면,OCCURRED_IN_REGION
AE_FIRE_EM_02829,REG_제주시_용담이동,OCCURRED_IN_REGION
AE_FIRE_EM_02830,REG_서귀포시_성산읍,OCCURRED_IN_REGION
AE_FIRE_EM_02831,REG_서귀포시_성산읍,OCCURRED_IN_REGION
AE_FIRE_EM_02832,REG_서귀포시_표선면,OCCURRED_IN_REGION
AE_FIRE_EM_02833,REG_제주시_추자면,OCCURRED_IN_REGION
AE_FIRE_EM_02834,REG_제주시_애월읍,OCCURRED_IN_REGION
AE_FIRE_EM_02835,REG_제주시_이도이동,OCCURRED_IN_REGION
AE_FIRE_EM_02836,REG_제주시_오등동,OCCURRED_IN_REGION
AE_FIRE_EM_02837,REG_제주시_오라이동,OCCURRED_IN_REGION
AE_FIRE_EM_02838,REG_제주시_이도이동,OCCURRED_IN_REGION
AE_FIRE_EM_02839,REG_제주시_도남동,OCCURRED_IN_REGION
AE_FIRE_EM_02840,REG_제주시_도남동,OCCURRED_IN_REGION
AE_FIRE_EM_02841,REG_제주시_이도이동,OCCURRED_IN_REGION
AE_FIRE_EM_02842,REG_제주시_도남동,OCCURRED_IN_REGION
AE_FIRE_EM_02843,REG_제주시_이도이동,OCCURRED_IN_REGION
AE_FIRE_EM_02844,REG_제주시_이도이동,OCCURRED_IN_REGION
AE_FIRE_EM_02845,REG_서귀포시_남원읍,OCCURRED_IN_REGION
AE_FIRE_EM_02846,REG_제주시_이도이동,OCCURRED_IN_REGION
AE_FIRE_EM_02847,REG_제주시_이도이동,OCCURRED_IN_REGION
AE_FIRE_EM_02848,REG_제주시_영평동,OCCURRED_IN_REGION
AE_FIRE_EM_02849,REG_제주시_영평동,OCCURRED_IN_REGION
AE_FIRE_EM_02850,REG_제주시_영평동,OCCURRED_IN_REGION
AE_FIRE_EM_02851,REG_제주시_건입동,OCCURRED_IN_REGION
AE_FIRE_EM_02852,REG_제주시_건입동,OCCURRED_IN_REGION
AE_FIRE_EM_02853,REG_제주시_도남동,OCCURRED_IN_REGION
AE_FIRE_EM_02854,REG_제주시_화북이동,OCCURRED_IN_REGION
AE_FIRE_EM_02855,REG_서귀포시_남원읍,OCCURRED_IN_REGION
AE_FIRE_EM_02856,REG_서귀포시_남원읍,OCCURRED_IN_REGION
AE_FIRE_EM_02857,REG_제주시_이도이동,OCCURRED_IN_REGION
AE_FIRE_EM_02858,REG_제주시_해안동,OCCURRED_IN_REGION
AE_FIRE_EM_02859,REG_제주시_일도이동,OCCURRED_IN_REGION
AE_FIRE_EM_02860,REG_제주시_이도이동,OCCURRED_IN_REGION
AE_FIRE_EM_02861,REG_제주시_조천읍,OCCURRED_IN_REGION
AE_FIRE_EM_02862,REG_제주시_이도이동,OCCURRED_IN_REGION
AE_FIRE_EM_02863,REG_제주시_영평동,OCCURRED_IN_REGION
AE_FIRE_EM_02864,REG_제주시_화북이동,OCCURRED_IN_REGION
AE_FIRE_EM_02865,REG_제주시_오등동,OCCURRED_IN_REGION
AE_FIRE_EM_02866,REG_제주시_오등동,OCCURRED_IN_REGION
AE_FIRE_EM_02867,REG_제주시_오등동,OCCURRED_IN_REGION
AE_FIRE_EM_02868,REG_제주시_아라일동,OCCURRED_IN_REGION
AE_FIRE_EM_02869,REG_제주시_건입동,OCCURRED_IN_REGION
AE_FIRE_EM_02870,REG_제주시_영평동,OCCURRED_IN_REGION
AE_FIRE_EM_02871,REG_제주시_영평동,OCCURRED_IN_REGION
AE_FIRE_EM_02872,REG_제주시_도련일동,OCCURRED_IN_REGION
AE_FIRE_EM_02873,REG_제주시_월평동,OCCURRED_IN_REGION
AE_FIRE_EM_02874,REG_제주시_도남동,OCCURRED_IN_REGION
AE_FIRE_EM_02875,REG_제주시_봉개동,OCCURRED_IN_REGION
AE_FIRE_EM_02876,REG_제주시_조천읍,OCCURRED_IN_REGION
AE_FIRE_EM_02877,REG_제주시_이도이동,OCCURRED_IN_REGION
AE_FIRE_EM_02878,REG_제주시_이도이동,OCCURRED_IN_REGION
AE_FIRE_EM_02879,REG_제주시_이도이동,OCCURRED_IN_REGION
AE_FIRE_EM_02880,REG_제주시_이도일동,OCCURRED_IN_REGION
AE_FIRE_EM_02881,REG_제주시_봉개동,OCCURRED_IN_REGION
AE_FIRE_EM_02882,REG_제주시_이도이동,OCCURRED_IN_REGION
AE_FIRE_EM_02883,REG_제주시_이도이동,OCCURRED_IN_REGION
AE_FIRE_EM_02884,REG_제주시_애월읍,OCCURRED_IN_REGION
AE_FIRE_EM_02885,REG_서귀포시_남원읍,OCCURRED_IN_REGION
AE_FIRE_EM_02886,REG_제주시_오등동,OCCURRED_IN_REGION
AE_FIRE_EM_02887,REG_제주시_용담이동,OCCURRED_IN_REGION
AE_FIRE_EM_02888,REG_제주시_이도이동,OCCURRED_IN_REGION
AE_FIRE_EM_02889,REG_제주시_이도이동,OCCURRED_IN_REGION
AE_FIRE_EM_02890,REG_제주시_이도이동,OCCURRED_IN_REGION
AE_FIRE_EM_02891,REG_제주시_이도이동,OCCURRED_IN_REGION
AE_FIRE_EM_02892,REG_제주시_일도이동,OCCURRED_IN_REGION
AE_FIRE_EM_02893,REG_제주시_이도이동,OCCURRED_IN_REGION
AE_FIRE_EM_02894,REG_제주시_일도일동,OCCURRED_IN_REGION
AE_FIRE_EM_02895,REG_제주시_이도이동,OCCURRED_IN_REGION
AE_FIRE_EM_02896,REG_제주시_화북일동,OCCURRED_IN_REGION
AE_FIRE_EM_02897,REG_제주시_이도이동,OCCURRED_IN_REGION
AE_FIRE_EM_02898,REG_제주시_삼도이동,OCCURRED_IN_REGION
AE_FIRE_EM_02899,REG_제주시_삼도이동,OCCURRED_IN_REGION
AE_FIRE_EM_02900,REG_제주시_일도이동,OCCURRED_IN_REGION
AE_FIRE_EM_02901,REG_제주시_용담삼동,OCCURRED_IN_REGION
AE_FIRE_EM_02902,REG_제주시_건입동,OCCURRED_IN_REGION
AE_FIRE_EM_02903,REG_제주시_건입동,OCCURRED_IN_REGION
AE_FIRE_EM_02904,REG_제주시_용담삼동,OCCURRED_IN_REGION
AE_FIRE_EM_02905,REG_제주시_용담삼동,OCCURRED_IN_REGION
AE_FIRE_EM_02906,REG_제주시_용담삼동,OCCURRED_IN_REGION
AE_FIRE_EM_02907,REG_제주시_용담삼동,OCCURRED_IN_REGION
AE_FIRE_EM_02908,REG_제주시_일도일동,OCCURRED_IN_REGION
AE_FIRE_EM_02909,REG_제주시_용담일동,OCCURRED_IN_REGION
AE_FIRE_EM_02910,REG_제주시_삼도이동,OCCURRED_IN_REGION
AE_FIRE_EM_02911,REG_제주시_삼도이동,OCCURRED_IN_REGION
AE_FIRE_EM_02912,REG_제주시_용담삼동,OCCURRED_IN_REGION
AE_FIRE_EM_02913,REG_제주시_삼도이동,OCCURRED_IN_REGION
AE_FIRE_EM_02914,REG_제주시_용담이동,OCCURRED_IN_REGION
AE_FIRE_EM_02915,REG_제주시_용담일동,OCCURRED_IN_REGION
AE_FIRE_EM_02916,REG_제주시_용담이동,OCCURRED_IN_REGION
AE_FIRE_EM_02917,REG_제주시_용담일동,OCCURRED_IN_REGION
AE_FIRE_EM_02918,REG_제주시_용담일동,OCCURRED_IN_REGION
AE_FIRE_EM_02919,REG_제주시_일도일동,OCCURRED_IN_REGION
AE_FIRE_EM_02920,REG_제주시_용담삼동,OCCURRED_IN_REGION
AE_FIRE_EM_02921,REG_제주시_삼도이동,OCCURRED_IN_REGION
AE_FIRE_EM_02922,REG_제주시_삼도이동,OCCURRED_IN_REGION
AE_FIRE_EM_02923,REG_제주시_용담일동,OCCURRED_IN_REGION
AE_FIRE_EM_02924,REG_제주시_용담삼동,OCCURRED_IN_REGION
AE_FIRE_EM_02925,REG_제주시_용담이동,OCCURRED_IN_REGION
AE_FIRE_EM_02926,REG_제주시_삼도이동,OCCURRED_IN_REGION
AE_FIRE_EM_02927,REG_제주시_용담이동,OCCURRED_IN_REGION
AE_FIRE_EM_02928,REG_제주시_건입동,OCCURRED_IN_REGION
AE_FIRE_EM_02929,REG_제주시_일도일동,OCCURRED_IN_REGION
AE_FIRE_EM_02930,REG_제주시_용담이동,OCCURRED_IN_REGION
AE_FIRE_EM_02931,REG_제주시_건입동,OCCURRED_IN_REGION
AE_FIRE_EM_02932,REG_제주시_노형동,OCCURRED_IN_REGION
AE_FIRE_EM_02933,REG_제주시_노형동,OCCURRED_IN_REGION
AE_FIRE_EM_02934,REG_제주시_노형동,OCCURRED_IN_REGION
AE_FIRE_EM_02935,REG_제주시_노형동,OCCURRED_IN_REGION
AE_FIRE_EM_02936,REG_제주시_연동,OCCURRED_IN_REGION
AE_FIRE_EM_02937,REG_제주시_삼도이동,OCCURRED_IN_REGION
AE_FIRE_EM_02938,REG_제주시_삼도이동,OCCURRED_IN_REGION
AE_FIRE_EM_02939,REG_제주시_용담일동,OCCURRED_IN_REGION
AE_FIRE_EM_02940,REG_제주시_용담삼동,OCCURRED_IN_REGION
AE_FIRE_EM_02941,REG_제주시_삼도이동,OCCURRED_IN_REGION
AE_FIRE_EM_02942,REG_제주시_도두이동,OCCURRED_IN_REGION
AE_FIRE_EM_02943,REG_제주시_삼도이동,OCCURRED_IN_REGION
AE_FIRE_EM_02944,REG_제주시_일도일동,OCCURRED_IN_REGION
AE_FIRE_EM_02945,REG_제주시_도두일동,OCCURRED_IN_REGION
AE_FIRE_EM_02946,REG_제주시_삼도이동,OCCURRED_IN_REGION
AE_FIRE_EM_02947,REG_제주시_도두일동,OCCURRED_IN_REGION
AE_FIRE_EM_02948,REG_제주시_삼도이동,OCCURRED_IN_REGION
AE_FIRE_EM_02949,REG_제주시_용담이동,OCCURRED_IN_REGION
AE_FIRE_EM_02950,REG_제주시_용담이동,OCCURRED_IN_REGION
AE_FIRE_EM_02951,REG_제주시_용담삼동,OCCURRED_IN_REGION
AE_FIRE_EM_02952,REG_제주시_용담삼동,OCCURRED_IN_REGION
AE_FIRE_EM_02953,REG_제주시_용담이동,OCCURRED_IN_REGION
AE_FIRE_EM_02954,REG_제주시_삼도이동,OCCURRED_IN_REGION
AE_FIRE_EM_02955,REG_제주시_용담이동,OCCURRED_IN_REGION
AE_FIRE_EM_02956,REG_제주시_이도일동,OCCURRED_IN_REGION
AE_FIRE_EM_02957,REG_제주시_용담이동,OCCURRED_IN_REGION
AE_FIRE_EM_02958,REG_제주시_용담이동,OCCURRED_IN_REGION
AE_FIRE_EM_02959,REG_제주시_용담일동,OCCURRED_IN_REGION
AE_FIRE_EM_02960,REG_제주시_삼도일동,OCCURRED_IN_REGION
AE_FIRE_EM_02961,REG_제주시_건입동,OCCURRED_IN_REGION
AE_FIRE_EM_02962,REG_제주시_용담이동,OCCURRED_IN_REGION
AE_FIRE_EM_02963,REG_제주시_건입동,OCCURRED_IN_REGION
AE_FIRE_EM_02964,REG_제주시_건입동,OCCURRED_IN_REGION
AE_FIRE_EM_02965,REG_제주시_건입동,OCCURRED_IN_REGION
AE_FIRE_EM_02966,REG_제주시_용담일동,OCCURRED_IN_REGION
AE_FIRE_EM_02967,REG_제주시_용담이동,OCCURRED_IN_REGION
AE_FIRE_EM_02968,REG_제주시_용담이동,OCCURRED_IN_REGION
AE_FIRE_EM_02969,REG_제주시_용담이동,OCCURRED_IN_REGION
AE_FIRE_EM_02970,REG_제주시_삼도이동,OCCURRED_IN_REGION
AE_FIRE_EM_02971,REG_제주시_건입동,OCCURRED_IN_REGION
AE_FIRE_EM_02972,REG_제주시_추자면,OCCURRED_IN_REGION
AE_FIRE_EM_02973,REG_제주시_용담이동,OCCURRED_IN_REGION
AE_FIRE_EM_02974,REG_제주시_이도일동,OCCURRED_IN_REGION
AE_FIRE_EM_02975,REG_제주시_용담삼동,OCCURRED_IN_REGION
AE_FIRE_EM_02976,REG_제주시_삼도이동,OCCURRED_IN_REGION
AE_FIRE_EM_02977,REG_제주시_삼도이동,OCCURRED_IN_REGION
AE_FIRE_EM_02978,REG_제주시_오라일동,OCCURRED_IN_REGION
AE_FIRE_EM_02979,REG_제주시_오라일동,OCCURRED_IN_REGION
AE_FIRE_EM_02980,REG_제주시_오라일동,OCCURRED_IN_REGION
AE_FIRE_EM_02981,REG_제주시_도남동,OCCURRED_IN_REGION
AE_FIRE_EM_02982,REG_제주시_연동,OCCURRED_IN_REGION
AE_FIRE_EM_02983,REG_제주시_용담이동,OCCURRED_IN_REGION
AE_FIRE_EM_02984,REG_제주시_삼도이동,OCCURRED_IN_REGION
AE_FIRE_EM_02985,REG_제주시_용담이동,OCCURRED_IN_REGION
AE_FIRE_EM_02986,REG_제주시_용담이동,OCCURRED_IN_REGION
AE_FIRE_EM_02987,REG_제주시_용담이동,OCCURRED_IN_REGION
AE_FIRE_EM_02988,REG_제주시_용담이동,OCCURRED_IN_REGION
AE_FIRE_EM_02989,REG_제주시_오라삼동,OCCURRED_IN_REGION
AE_FIRE_EM_02990,REG_제주시_삼도일동,OCCURRED_IN_REGION
AE_FIRE_EM_02991,REG_제주시_이도이동,OCCURRED_IN_REGION
AE_FIRE_EM_02992,REG_제주시_삼도일동,OCCURRED_IN_REGION
AE_FIRE_EM_02993,REG_제주시_삼도일동,OCCURRED_IN_REGION
AE_FIRE_EM_02994,REG_제주시_외도일동,OCCURRED_IN_REGION
AE_FIRE_EM_02995,REG_제주시_삼도일동,OCCURRED_IN_REGION
AE_FIRE_EM_02996,REG_제주시_오라이동,OCCURRED_IN_REGION
AE_FIRE_EM_02997,REG_제주시_연동,OCCURRED_IN_REGION
AE_FIRE_EM_02998,REG_제주시_용담삼동,OCCURRED_IN_REGION
AE_FIRE_EM_02999,REG_제주시_용담삼동,OCCURRED_IN_REGION
AE_FIRE_EM_03000,REG_제주시_용담삼동,OCCURRED_IN_REGION
AE_FIRE_EM_03001,REG_제주시_오라이동,OCCURRED_IN_REGION
AE_FIRE_EM_03002,REG_제주시_용담일동,OCCURRED_IN_REGION
AE_FIRE_EM_03003,REG_제주시_용담삼동,OCCURRED_IN_REGION
AE_FIRE_EM_03004,REG_제주시_삼도이동,OCCURRED_IN_REGION
AE_FIRE_EM_03005,REG_제주시_용담삼동,OCCURRED_IN_REGION
AE_FIRE_EM_03006,REG_제주시_오등동,OCCURRED_IN_REGION
AE_FIRE_EM_03007,REG_제주시_오등동,OCCURRED_IN_REGION
AE_FIRE_EM_03008,REG_제주시_용담이동,OCCURRED_IN_REGION
AE_FIRE_EM_03009,REG_제주시_노형동,OCCURRED_IN_REGION
AE_FIRE_EM_03010,REG_제주시_삼도일동,OCCURRED_IN_REGION
AE_FIRE_EM_03011,REG_제주시_삼도일동,OCCURRED_IN_REGION
AE_FIRE_EM_03012,REG_제주시_노형동,OCCURRED_IN_REGION
AE_FIRE_EM_03013,REG_제주시_오라이동,OCCURRED_IN_REGION
AE_FIRE_EM_03014,REG_제주시_건입동,OCCURRED_IN_REGION
AE_FIRE_EM_03015,REG_제주시_용담이동,OCCURRED_IN_REGION
AE_FIRE_EM_03016,REG_제주시_도남동,OCCURRED_IN_REGION
AE_FIRE_EM_03017,REG_제주시_오라일동,OCCURRED_IN_REGION
AE_FIRE_EM_03018,REG_제주시_도두일동,OCCURRED_IN_REGION
AE_FIRE_EM_03019,REG_제주시_일도일동,OCCURRED_IN_REGION
AE_FIRE_EM_03020,REG_제주시_아라이동,OCCURRED_IN_REGION
AE_FIRE_EM_03021,REG_제주시_오라삼동,OCCURRED_IN_REGION
AE_FIRE_EM_03022,REG_제주시_용담삼동,OCCURRED_IN_REGION
AE_FIRE_EM_03023,REG_제주시_연동,OCCURRED_IN_REGION
AE_FIRE_EM_03024,REG_제주시_용담이동,OCCURRED_IN_REGION
AE_FIRE_EM_03025,REG_서귀포시_남원읍,OCCURRED_IN_REGION
AE_FIRE_EM_03026,REG_제주시_용담이동,OCCURRED_IN_REGION
AE_FIRE_EM_03027,REG_제주시_삼도일동,OCCURRED_IN_REGION
AE_FIRE_EM_03028,REG_제주시_삼도일동,OCCURRED_IN_REGION
AE_FIRE_EM_03029,REG_제주시_용담일동,OCCURRED_IN_REGION
AE_FIRE_EM_03030,REG_제주시_연동,OCCURRED_IN_REGION
AE_FIRE_EM_03031,REG_제주시_오라이동,OCCURRED_IN_REGION
AE_FIRE_EM_03032,REG_서귀포시_하원동,OCCURRED_IN_REGION
AE_FIRE_EM_03033,REG_제주시_오라일동,OCCURRED_IN_REGION
AE_FIRE_EM_03034,REG_제주시_연동,OCCURRED_IN_REGION
AE_FIRE_EM_03035,REG_제주시_오라일동,OCCURRED_IN_REGION
AE_FIRE_EM_03036,REG_제주시_연동,OCCURRED_IN_REGION
AE_FIRE_EM_03037,REG_제주시_연동,OCCURRED_IN_REGION
AE_FIRE_EM_03038,REG_제주시_월평동,OCCURRED_IN_REGION
AE_FIRE_EM_03039,REG_제주시_연동,OCCURRED_IN_REGION
AE_FIRE_EM_03040,REG_제주시_연동,OCCURRED_IN_REGION
AE_FIRE_EM_03041,REG_제주시_연동,OCCURRED_IN_REGION
AE_FIRE_EM_03042,REG_제주시_연동,OCCURRED_IN_REGION
AE_FIRE_EM_03043,REG_제주시_연동,OCCURRED_IN_REGION
AE_FIRE_EM_03044,REG_제주시_연동,OCCURRED_IN_REGION
AE_FIRE_EM_03045,REG_제주시_연동,OCCURRED_IN_REGION
AE_FIRE_EM_03046,REG_제주시_도두일동,OCCURRED_IN_REGION
AE_FIRE_EM_03047,REG_제주시_연동,OCCURRED_IN_REGION
AE_FIRE_EM_03048,REG_제주시_애월읍,OCCURRED_IN_REGION
AE_FIRE_EM_03049,REG_제주시_애월읍,OCCURRED_IN_REGION
AE_FIRE_EM_03050,REG_제주시_용담이동,OCCURRED_IN_REGION
AE_FIRE_EM_03051,REG_제주시_연동,OCCURRED_IN_REGION
AE_FIRE_EM_03052,REG_제주시_연동,OCCURRED_IN_REGION
AE_FIRE_EM_03053,REG_제주시_연동,OCCURRED_IN_REGION
AE_FIRE_EM_03054,REG_제주시_연동,OCCURRED_IN_REGION
AE_FIRE_EM_03055,REG_제주시_연동,OCCURRED_IN_REGION
AE_FIRE_EM_03056,REG_제주시_연동,OCCURRED_IN_REGION
AE_FIRE_EM_03057,REG_제주시_이호일동,OCCURRED_IN_REGION
AE_FIRE_EM_03058,REG_제주시_연동,OCCURRED_IN_REGION
AE_FIRE_EM_03059,REG_제주시_연동,OCCURRED_IN_REGION
AE_FIRE_EM_03060,REG_제주시_용담이동,OCCURRED_IN_REGION
AE_FIRE_EM_03061,REG_제주시_애월읍,OCCURRED_IN_REGION
AE_FIRE_EM_03062,REG_제주시_용담삼동,OCCURRED_IN_REGION
AE_FIRE_EM_03063,REG_제주시_연동,OCCURRED_IN_REGION
AE_FIRE_EM_03064,REG_제주시_연동,OCCURRED_IN_REGION
AE_FIRE_EM_03065,REG_제주시_연동,OCCURRED_IN_REGION
AE_FIRE_EM_03066,REG_제주시_연동,OCCURRED_IN_REGION
AE_FIRE_EM_03067,REG_제주시_연동,OCCURRED_IN_REGION
AE_FIRE_EM_03068,REG_제주시_연동,OCCURRED_IN_REGION
AE_FIRE_EM_03069,REG_제주시_노형동,OCCURRED_IN_REGION
AE_FIRE_EM_03070,REG_제주시_용담이동,OCCURRED_IN_REGION
AE_FIRE_EM_03071,REG_제주시_연동,OCCURRED_IN_REGION
AE_FIRE_EM_03072,REG_제주시_연동,OCCURRED_IN_REGION
AE_FIRE_EM_03073,REG_제주시_연동,OCCURRED_IN_REGION
AE_FIRE_EM_03074,REG_제주시_연동,OCCURRED_IN_REGION
AE_FIRE_EM_03075,REG_제주시_이호일동,OCCURRED_IN_REGION
AE_FIRE_EM_03076,REG_제주시_연동,OCCURRED_IN_REGION
AE_FIRE_EM_03077,REG_제주시_연동,OCCURRED_IN_REGION
AE_FIRE_EM_03078,REG_제주시_연동,OCCURRED_IN_REGION
AE_FIRE_EM_03079,REG_제주시_연동,OCCURRED_IN_REGION
AE_FIRE_EM_03080,REG_제주시_연동,OCCURRED_IN_REGION
AE_FIRE_EM_03081,REG_제주시_연동,OCCURRED_IN_REGION
AE_FIRE_EM_03082,REG_제주시_연동,OCCURRED_IN_REGION
AE_FIRE_EM_03083,REG_제주시_연동,OCCURRED_IN_REGION
AE_FIRE_EM_03084,REG_제주시_연동,OCCURRED_IN_REGION
AE_FIRE_EM_03085,REG_제주시_애월읍,OCCURRED_IN_REGION
AE_FIRE_EM_03086,REG_제주시_애월읍,OCCURRED_IN_REGION
AE_FIRE_EM_03087,REG_제주시_연동,OCCURRED_IN_REGION
AE_FIRE_EM_03088,REG_제주시_용담일동,OCCURRED_IN_REGION
AE_FIRE_EM_03089,REG_제주시_연동,OCCURRED_IN_REGION
AE_FIRE_EM_03090,REG_제주시_연동,OCCURRED_IN_REGION
AE_FIRE_EM_03091,REG_제주시_연동,OCCURRED_IN_REGION
AE_FIRE_EM_03092,REG_제주시_노형동,OCCURRED_IN_REGION
AE_FIRE_EM_03093,REG_제주시_도두이동,OCCURRED_IN_REGION
AE_FIRE_EM_03094,REG_제주시_용담이동,OCCURRED_IN_REGION
AE_FIRE_EM_03095,REG_제주시_용담이동,OCCURRED_IN_REGION
AE_FIRE_EM_03096,REG_제주시_연동,OCCURRED_IN_REGION
AE_FIRE_EM_03097,REG_제주시_연동,OCCURRED_IN_REGION
AE_FIRE_EM_03098,REG_제주시_연동,OCCURRED_IN_REGION
AE_FIRE_EM_03099,REG_제주시_도두일동,OCCURRED_IN_REGION
AE_FIRE_EM_03100,REG_제주시_노형동,OCCURRED_IN_REGION
AE_FIRE_EM_03101,REG_제주시_연동,OCCURRED_IN_REGION
AE_FIRE_EM_03102,REG_제주시_용담이동,OCCURRED_IN_REGION
AE_FIRE_EM_03103,REG_제주시_연동,OCCURRED_IN_REGION
AE_FIRE_EM_03104,REG_제주시_연동,OCCURRED_IN_REGION
AE_FIRE_EM_03105,REG_제주시_연동,OCCURRED_IN_REGION
AE_FIRE_EM_03106,REG_제주시_연동,OCCURRED_IN_REGION
AE_FIRE_EM_03107,REG_제주시_오라이동,OCCURRED_IN_REGION
AE_FIRE_EM_03108,REG_제주시_노형동,OCCURRED_IN_REGION
AE_FIRE_EM_03109,REG_제주시_연동,OCCURRED_IN_REGION
AE_FIRE_EM_03110,REG_제주시_용담이동,OCCURRED_IN_REGION
AE_FIRE_EM_03111,REG_제주시_연동,OCCURRED_IN_REGION
AE_FIRE_EM_03112,REG_제주시_연동,OCCURRED_IN_REGION
AE_FIRE_EM_03113,REG_제주시_연동,OCCURRED_IN_REGION
AE_FIRE_EM_03114,REG_제주시_연동,OCCURRED_IN_REGION
AE_FIRE_EM_03115,REG_제주시_연동,OCCURRED_IN_REGION
AE_FIRE_EM_03116,REG_제주시_오등동,OCCURRED_IN_REGION
AE_FIRE_EM_03117,REG_제주시_오등동,OCCURRED_IN_REGION
AE_FIRE_EM_03118,REG_제주시_노형동,OCCURRED_IN_REGION
AE_FIRE_EM_03119,REG_제주시_도두일동,OCCURRED_IN_REGION
AE_FIRE_EM_03120,REG_제주시_연동,OCCURRED_IN_REGION
AE_FIRE_EM_03121,REG_제주시_해안동,OCCURRED_IN_REGION
AE_FIRE_EM_03122,REG_제주시_연동,OCCURRED_IN_REGION
AE_FIRE_EM_03123,REG_제주시_연동,OCCURRED_IN_REGION
AE_FIRE_EM_03124,REG_제주시_내도동,OCCURRED_IN_REGION
AE_FIRE_EM_03125,REG_제주시_해안동,OCCURRED_IN_REGION
AE_FIRE_EM_03126,REG_제주시_해안동,OCCURRED_IN_REGION
AE_FIRE_EM_03127,REG_제주시_연동,OCCURRED_IN_REGION
AE_FIRE_EM_03128,REG_제주시_연동,OCCURRED_IN_REGION
AE_FIRE_EM_03129,REG_제주시_연동,OCCURRED_IN_REGION
AE_FIRE_EM_03130,REG_제주시_연동,OCCURRED_IN_REGION
AE_FIRE_EM_03131,REG_제주시_연동,OCCURRED_IN_REGION
AE_FIRE_EM_03132,REG_제주시_노형동,OCCURRED_IN_REGION
AE_FIRE_EM_03133,REG_제주시_연동,OCCURRED_IN_REGION
AE_FIRE_EM_03134,REG_제주시_연동,OCCURRED_IN_REGION
AE_FIRE_EM_03135,REG_제주시_연동,OCCURRED_IN_REGION
AE_FIRE_EM_03136,REG_제주시_연동,OCCURRED_IN_REGION
AE_FIRE_EM_03137,REG_제주시_연동,OCCURRED_IN_REGION
AE_FIRE_EM_03138,REG_제주시_연동,OCCURRED_IN_REGION
AE_FIRE_EM_03139,REG_제주시_연동,OCCURRED_IN_REGION
AE_FIRE_EM_03140,REG_제주시_연동,OCCURRED_IN_REGION
AE_FIRE_EM_03141,REG_제주시_연동,OCCURRED_IN_REGION
AE_FIRE_EM_03142,REG_제주시_노형동,OCCURRED_IN_REGION
AE_FIRE_EM_03143,REG_제주시_화북일동,OCCURRED_IN_REGION
AE_FIRE_EM_03144,REG_제주시_일도이동,OCCURRED_IN_REGION
AE_FIRE_EM_03145,REG_제주시_건입동,OCCURRED_IN_REGION
AE_FIRE_EM_03146,REG_제주시_건입동,OCCURRED_IN_REGION
AE_FIRE_EM_03147,REG_제주시_건입동,OCCURRED_IN_REGION
AE_FIRE_EM_03148,REG_제주시_건입동,OCCURRED_IN_REGION
AE_FIRE_EM_03149,REG_제주시_이도일동,OCCURRED_IN_REGION
AE_FIRE_EM_03150,REG_제주시_일도이동,OCCURRED_IN_REGION
AE_FIRE_EM_03151,REG_제주시_건입동,OCCURRED_IN_REGION
AE_FIRE_EM_03152,REG_제주시_건입동,OCCURRED_IN_REGION
AE_FIRE_EM_03153,REG_제주시_이도이동,OCCURRED_IN_REGION
AE_FIRE_EM_03154,REG_제주시_이도일동,OCCURRED_IN_REGION
AE_FIRE_EM_03155,REG_제주시_건입동,OCCURRED_IN_REGION
AE_FIRE_EM_03156,REG_제주시_일도일동,OCCURRED_IN_REGION
AE_FIRE_EM_03157,REG_제주시_건입동,OCCURRED_IN_REGION
AE_FIRE_EM_03158,REG_제주시_삼도이동,OCCURRED_IN_REGION
AE_FIRE_EM_03159,REG_제주시_삼도이동,OCCURRED_IN_REGION
AE_FIRE_EM_03160,REG_제주시_일도이동,OCCURRED_IN_REGION
AE_FIRE_EM_03161,REG_제주시_건입동,OCCURRED_IN_REGION
AE_FIRE_EM_03162,REG_제주시_이도이동,OCCURRED_IN_REGION
AE_FIRE_EM_03163,REG_제주시_조천읍,OCCURRED_IN_REGION
AE_FIRE_EM_03164,REG_제주시_조천읍,OCCURRED_IN_REGION
AE_FIRE_EM_03165,REG_제주시_삼양삼동,OCCURRED_IN_REGION
AE_FIRE_EM_03166,REG_제주시_건입동,OCCURRED_IN_REGION
AE_FIRE_EM_03167,REG_제주시_삼양이동,OCCURRED_IN_REGION
AE_FIRE_EM_03168,REG_제주시_건입동,OCCURRED_IN_REGION
AE_FIRE_EM_03169,REG_제주시_삼도이동,OCCURRED_IN_REGION
AE_FIRE_EM_03170,REG_제주시_건입동,OCCURRED_IN_REGION
AE_FIRE_EM_03171,REG_제주시_삼도이동,OCCURRED_IN_REGION
AE_FIRE_EM_03172,REG_제주시_삼도이동,OCCURRED_IN_REGION
AE_FIRE_EM_03173,REG_제주시_건입동,OCCURRED_IN_REGION
AE_FIRE_EM_03174,REG_제주시_용담이동,OCCURRED_IN_REGION
AE_FIRE_EM_03175,REG_제주시_일도일동,OCCURRED_IN_REGION
AE_FIRE_EM_03176,REG_제주시_오등동,OCCURRED_IN_REGION
AE_FIRE_EM_03177,REG_제주시_건입동,OCCURRED_IN_REGION
AE_FIRE_EM_03178,REG_제주시_삼도이동,OCCURRED_IN_REGION
AE_FIRE_EM_03179,REG_제주시_삼도이동,OCCURRED_IN_REGION
AE_FIRE_EM_03180,REG_제주시_삼도이동,OCCURRED_IN_REGION
AE_FIRE_EM_03181,REG_제주시_건입동,OCCURRED_IN_REGION
AE_FIRE_EM_03182,REG_제주시_용담이동,OCCURRED_IN_REGION
AE_FIRE_EM_03183,REG_제주시_일도일동,OCCURRED_IN_REGION
AE_FIRE_EM_03184,REG_제주시_화북이동,OCCURRED_IN_REGION
AE_FIRE_EM_03185,REG_제주시_조천읍,OCCURRED_IN_REGION
AE_FIRE_EM_03186,REG_제주시_조천읍,OCCURRED_IN_REGION
AE_FIRE_EM_03187,REG_제주시_회천동,OCCURRED_IN_REGION
AE_FIRE_EM_03188,REG_제주시_조천읍,OCCURRED_IN_REGION
AE_FIRE_EM_03189,REG_제주시_화북일동,OCCURRED_IN_REGION
AE_FIRE_EM_03190,REG_제주시_화북이동,OCCURRED_IN_REGION
AE_FIRE_EM_03191,REG_제주시_봉개동,OCCURRED_IN_REGION
AE_FIRE_EM_03192,REG_제주시_도련이동,OCCURRED_IN_REGION
AE_FIRE_EM_03193,REG_제주시_건입동,OCCURRED_IN_REGION
AE_FIRE_EM_03194,REG_제주시_건입동,OCCURRED_IN_REGION
AE_FIRE_EM_03195,REG_제주시_조천읍,OCCURRED_IN_REGION
AE_FIRE_EM_03196,REG_제주시_회천동,OCCURRED_IN_REGION
AE_FIRE_EM_03197,REG_제주시_봉개동,OCCURRED_IN_REGION
AE_FIRE_EM_03198,REG_제주시_화북이동,OCCURRED_IN_REGION
AE_FIRE_EM_03199,REG_제주시_화북이동,OCCURRED_IN_REGION
AE_FIRE_EM_03200,REG_제주시_건입동,OCCURRED_IN_REGION
AE_FIRE_EM_03201,REG_제주시_조천읍,OCCURRED_IN_REGION
AE_FIRE_EM_03202,REG_제주시_조천읍,OCCURRED_IN_REGION
AE_FIRE_EM_03203,REG_제주시_봉개동,OCCURRED_IN_REGION
AE_FIRE_EM_03204,REG_제주시_일도이동,OCCURRED_IN_REGION
AE_FIRE_EM_03205,REG_제주시_회천동,OCCURRED_IN_REGION
AE_FIRE_EM_03206,REG_제주시_화북일동,OCCURRED_IN_REGION
AE_FIRE_EM_03207,REG_제주시_조천읍,OCCURRED_IN_REGION
AE_FIRE_EM_03208,REG_제주시_조천읍,OCCURRED_IN_REGION
AE_FIRE_EM_03209,REG_제주시_조천읍,OCCURRED_IN_REGION
AE_FIRE_EM_03210,REG_제주시_도련일동,OCCURRED_IN_REGION
AE_FIRE_EM_03211,REG_제주시_조천읍,OCCURRED_IN_REGION
AE_FIRE_EM_03212,REG_제주시_화북일동,OCCURRED_IN_REGION
AE_FIRE_EM_03213,REG_제주시_조천읍,OCCURRED_IN_REGION
AE_FIRE_EM_03214,REG_제주시_조천읍,OCCURRED_IN_REGION
AE_FIRE_EM_03215,REG_제주시_조천읍,OCCURRED_IN_REGION
AE_FIRE_EM_03216,REG_제주시_회천동,OCCURRED_IN_REGION
AE_FIRE_EM_03217,REG_제주시_도련일동,OCCURRED_IN_REGION
AE_FIRE_EM_03218,REG_제주시_봉개동,OCCURRED_IN_REGION
AE_FIRE_EM_03219,REG_제주시_조천읍,OCCURRED_IN_REGION
AE_FIRE_EM_03220,REG_제주시_삼양이동,OCCURRED_IN_REGION
AE_FIRE_EM_03221,REG_제주시_도련일동,OCCURRED_IN_REGION
AE_FIRE_EM_03222,REG_제주시_봉개동,OCCURRED_IN_REGION
AE_FIRE_EM_03223,REG_제주시_화북이동,OCCURRED_IN_REGION
AE_FIRE_EM_03224,REG_제주시_조천읍,OCCURRED_IN_REGION
AE_FIRE_EM_03225,REG_제주시_화북일동,OCCURRED_IN_REGION
AE_FIRE_EM_03226,REG_제주시_봉개동,OCCURRED_IN_REGION
AE_FIRE_EM_03227,REG_제주시_조천읍,OCCURRED_IN_REGION
AE_FIRE_EM_03228,REG_제주시_화북이동,OCCURRED_IN_REGION
AE_FIRE_EM_03229,REG_제주시_화북이동,OCCURRED_IN_REGION
AE_FIRE_EM_03230,REG_제주시_회천동,OCCURRED_IN_REGION
AE_FIRE_EM_03231,REG_제주시_구좌읍,OCCURRED_IN_REGION
AE_FIRE_EM_03232,REG_제주시_구좌읍,OCCURRED_IN_REGION
AE_FIRE_EM_03233,REG_제주시_구좌읍,OCCURRED_IN_REGION
AE_FIRE_EM_03234,REG_제주시_구좌읍,OCCURRED_IN_REGION
AE_FIRE_EM_03235,REG_제주시_구좌읍,OCCURRED_IN_REGION
AE_FIRE_EM_03236,REG_제주시_구좌읍,OCCURRED_IN_REGION
AE_FIRE_EM_03237,REG_제주시_구좌읍,OCCURRED_IN_REGION
AE_FIRE_EM_03238,REG_서귀포시_성산읍,OCCURRED_IN_REGION
AE_FIRE_EM_03239,REG_제주시_구좌읍,OCCURRED_IN_REGION
AE_FIRE_EM_03240,REG_제주시_구좌읍,OCCURRED_IN_REGION
AE_FIRE_EM_03241,REG_제주시_구좌읍,OCCURRED_IN_REGION
AE_FIRE_EM_03242,REG_제주시_구좌읍,OCCURRED_IN_REGION
AE_FIRE_EM_03243,REG_제주시_구좌읍,OCCURRED_IN_REGION
AE_FIRE_EM_03244,REG_서귀포시_성산읍,OCCURRED_IN_REGION
AE_FIRE_EM_03245,REG_제주시_구좌읍,OCCURRED_IN_REGION
AE_FIRE_EM_03246,REG_제주시_구좌읍,OCCURRED_IN_REGION
AE_FIRE_EM_03247,REG_제주시_구좌읍,OCCURRED_IN_REGION
AE_FIRE_EM_03248,REG_제주시_구좌읍,OCCURRED_IN_REGION
AE_FIRE_EM_03249,REG_서귀포시_성산읍,OCCURRED_IN_REGION
AE_FIRE_EM_03250,REG_서귀포시_성산읍,OCCURRED_IN_REGION
AE_FIRE_EM_03251,REG_제주시_구좌읍,OCCURRED_IN_REGION
AE_FIRE_EM_03252,REG_제주시_구좌읍,OCCURRED_IN_REGION
AE_FIRE_EM_03253,REG_제주시_구좌읍,OCCURRED_IN_REGION
AE_FIRE_EM_03254,REG_제주시_구좌읍,OCCURRED_IN_REGION
AE_FIRE_EM_03255,REG_제주시_구좌읍,OCCURRED_IN_REGION
AE_FIRE_EM_03256,REG_제주시_구좌읍,OCCURRED_IN_REGION
AE_FIRE_EM_03257,REG_제주시_구좌읍,OCCURRED_IN_REGION
AE_FIRE_EM_03258,REG_제주시_구좌읍,OCCURRED_IN_REGION
AE_FIRE_EM_03259,REG_제주시_구좌읍,OCCURRED_IN_REGION
AE_FIRE_EM_03260,REG_제주시_구좌읍,OCCURRED_IN_REGION
AE_FIRE_EM_03261,REG_제주시_구좌읍,OCCURRED_IN_REGION
AE_FIRE_EM_03262,REG_서귀포시_성산읍,OCCURRED_IN_REGION
AE_FIRE_EM_03263,REG_제주시_구좌읍,OCCURRED_IN_REGION
AE_FIRE_EM_03264,REG_제주시_구좌읍,OCCURRED_IN_REGION
AE_FIRE_EM_03265,REG_제주시_구좌읍,OCCURRED_IN_REGION
AE_FIRE_EM_03266,REG_제주시_구좌읍,OCCURRED_IN_REGION
AE_FIRE_EM_03267,REG_서귀포시_성산읍,OCCURRED_IN_REGION
AE_FIRE_EM_03268,REG_제주시_조천읍,OCCURRED_IN_REGION
AE_FIRE_EM_03269,REG_제주시_구좌읍,OCCURRED_IN_REGION
AE_FIRE_EM_03270,REG_제주시_구좌읍,OCCURRED_IN_REGION
AE_FIRE_EM_03271,REG_제주시_구좌읍,OCCURRED_IN_REGION
AE_FIRE_EM_03272,REG_제주시_조천읍,OCCURRED_IN_REGION
AE_FIRE_EM_03273,REG_제주시_구좌읍,OCCURRED_IN_REGION
AE_FIRE_EM_03274,REG_제주시_구좌읍,OCCURRED_IN_REGION
AE_FIRE_EM_03275,REG_서귀포시_성산읍,OCCURRED_IN_REGION
AE_FIRE_EM_03276,REG_제주시_구좌읍,OCCURRED_IN_REGION
AE_FIRE_EM_03277,REG_제주시_구좌읍,OCCURRED_IN_REGION
AE_FIRE_EM_03278,REG_제주시_구좌읍,OCCURRED_IN_REGION
AE_FIRE_EM_03279,REG_서귀포시_성산읍,OCCURRED_IN_REGION
AE_FIRE_EM_03280,REG_제주시_구좌읍,OCCURRED_IN_REGION
AE_FIRE_EM_03281,REG_제주시_구좌읍,OCCURRED_IN_REGION
AE_FIRE_EM_03282,REG_서귀포시_성산읍,OCCURRED_IN_REGION
AE_FIRE_EM_03283,REG_서귀포시_성산읍,OCCURRED_IN_REGION
AE_FIRE_EM_03284,REG_제주시_구좌읍,OCCURRED_IN_REGION
AE_FIRE_EM_03285,REG_제주시_구좌읍,OCCURRED_IN_REGION
AE_FIRE_EM_03286,REG_제주시_구좌읍,OCCURRED_IN_REGION
AE_FIRE_EM_03287,REG_제주시_구좌읍,OCCURRED_IN_REGION
AE_FIRE_EM_03288,REG_제주시_구좌읍,OCCURRED_IN_REGION
AE_FIRE_EM_03289,REG_제주시_구좌읍,OCCURRED_IN_REGION
AE_FIRE_EM_03290,REG_제주시_구좌읍,OCCURRED_IN_REGION
AE_FIRE_EM_03291,REG_서귀포시_성산읍,OCCURRED_IN_REGION
AE_FIRE_EM_03292,REG_서귀포시_성산읍,OCCURRED_IN_REGION
AE_FIRE_EM_03293,REG_제주시_구좌읍,OCCURRED_IN_REGION
AE_FIRE_EM_03294,REG_제주시_구좌읍,OCCURRED_IN_REGION
AE_FIRE_EM_03295,REG_서귀포시_성산읍,OCCURRED_IN_REGION
AE_FIRE_EM_03296,REG_서귀포시_성산읍,OCCURRED_IN_REGION
AE_FIRE_EM_03297,REG_제주시_구좌읍,OCCURRED_IN_REGION
AE_FIRE_EM_03298,REG_제주시_구좌읍,OCCURRED_IN_REGION
AE_FIRE_EM_03299,REG_제주시_구좌읍,OCCURRED_IN_REGION
AE_FIRE_EM_03300,REG_제주시_구좌읍,OCCURRED_IN_REGION
AE_FIRE_EM_03301,REG_제주시_구좌읍,OCCURRED_IN_REGION
AE_FIRE_EM_03302,REG_서귀포시_남원읍,OCCURRED_IN_REGION
AE_FIRE_EM_03303,REG_제주시_조천읍,OCCURRED_IN_REGION
AE_FIRE_EM_03304,REG_제주시_조천읍,OCCURRED_IN_REGION
AE_FIRE_EM_03305,REG_제주시_조천읍,OCCURRED_IN_REGION
AE_FIRE_EM_03306,REG_제주시_조천읍,OCCURRED_IN_REGION
AE_FIRE_EM_03307,REG_제주시_조천읍,OCCURRED_IN_REGION
AE_FIRE_EM_03308,REG_서귀포시_표선면,OCCURRED_IN_REGION
AE_FIRE_EM_03309,REG_제주시_조천읍,OCCURRED_IN_REGION
AE_FIRE_EM_03310,REG_제주시_구좌읍,OCCURRED_IN_REGION
AE_FIRE_EM_03311,REG_제주시_조천읍,OCCURRED_IN_REGION
AE_FIRE_EM_03312,REG_제주시_조천읍,OCCURRED_IN_REGION
AE_FIRE_EM_03313,REG_제주시_구좌읍,OCCURRED_IN_REGION
AE_FIRE_EM_03314,REG_제주시_조천읍,OCCURRED_IN_REGION
AE_FIRE_EM_03315,REG_제주시_조천읍,OCCURRED_IN_REGION
AE_FIRE_EM_03316,REG_제주시_조천읍,OCCURRED_IN_REGION
AE_FIRE_EM_03317,REG_제주시_조천읍,OCCURRED_IN_REGION
AE_FIRE_EM_03318,REG_제주시_조천읍,OCCURRED_IN_REGION
AE_FIRE_EM_03319,REG_제주시_조천읍,OCCURRED_IN_REGION
AE_FIRE_EM_03320,REG_제주시_조천읍,OCCURRED_IN_REGION
AE_FIRE_EM_03321,REG_제주시_조천읍,OCCURRED_IN_REGION
AE_FIRE_EM_03322,REG_제주시_조천읍,OCCURRED_IN_REGION
AE_FIRE_EM_03323,REG_제주시_조천읍,OCCURRED_IN_REGION
AE_FIRE_EM_03324,REG_제주시_조천읍,OCCURRED_IN_REGION
AE_FIRE_EM_03325,REG_제주시_조천읍,OCCURRED_IN_REGION
AE_FIRE_EM_03326,REG_제주시_조천읍,OCCURRED_IN_REGION
AE_FIRE_EM_03327,REG_제주시_조천읍,OCCURRED_IN_REGION
AE_FIRE_EM_03328,REG_제주시_조천읍,OCCURRED_IN_REGION
AE_FIRE_EM_03329,REG_제주시_조천읍,OCCURRED_IN_REGION
AE_FIRE_EM_03330,REG_제주시_조천읍,OCCURRED_IN_REGION
AE_FIRE_EM_03331,REG_제주시_조천읍,OCCURRED_IN_REGION
AE_FIRE_EM_03332,REG_제주시_조천읍,OCCURRED_IN_REGION
AE_FIRE_EM_03333,REG_제주시_조천읍,OCCURRED_IN_REGION
AE_FIRE_EM_03334,REG_제주시_조천읍,OCCURRED_IN_REGION
AE_FIRE_EM_03335,REG_제주시_조천읍,OCCURRED_IN_REGION
AE_FIRE_EM_03336,REG_제주시_조천읍,OCCURRED_IN_REGION
AE_FIRE_EM_03337,REG_제주시_조천읍,OCCURRED_IN_REGION
AE_FIRE_EM_03338,REG_제주시_조천읍,OCCURRED_IN_REGION
AE_FIRE_EM_03339,REG_제주시_조천읍,OCCURRED_IN_REGION
AE_FIRE_EM_03340,REG_제주시_조천읍,OCCURRED_IN_REGION
AE_FIRE_EM_03341,REG_제주시_조천읍,OCCURRED_IN_REGION
AE_FIRE_EM_03342,REG_제주시_조천읍,OCCURRED_IN_REGION
AE_FIRE_EM_03343,REG_제주시_조천읍,OCCURRED_IN_REGION
AE_FIRE_EM_03344,REG_제주시_조천읍,OCCURRED_IN_REGION
AE_FIRE_EM_03345,REG_제주시_구좌읍,OCCURRED_IN_REGION
AE_FIRE_EM_03346,REG_제주시_조천읍,OCCURRED_IN_REGION
AE_FIRE_EM_03347,REG_제주시_조천읍,OCCURRED_IN_REGION
AE_FIRE_EM_03348,REG_제주시_조천읍,OCCURRED_IN_REGION
AE_FIRE_EM_03349,REG_제주시_조천읍,OCCURRED_IN_REGION
AE_FIRE_EM_03350,REG_제주시_조천읍,OCCURRED_IN_REGION
AE_FIRE_EM_03351,REG_제주시_조천읍,OCCURRED_IN_REGION
AE_FIRE_EM_03352,REG_제주시_조천읍,OCCURRED_IN_REGION
AE_FIRE_EM_03353,REG_제주시_조천읍,OCCURRED_IN_REGION
AE_FIRE_EM_03354,REG_제주시_조천읍,OCCURRED_IN_REGION
AE_FIRE_EM_03355,REG_제주시_조천읍,OCCURRED_IN_REGION
AE_FIRE_EM_03356,REG_제주시_조천읍,OCCURRED_IN_REGION
AE_FIRE_EM_03357,REG_제주시_조천읍,OCCURRED_IN_REGION
AE_FIRE_EM_03358,REG_제주시_조천읍,OCCURRED_IN_REGION
AE_FIRE_EM_03359,REG_제주시_조천읍,OCCURRED_IN_REGION
AE_FIRE_EM_03360,REG_제주시_조천읍,OCCURRED_IN_REGION
AE_FIRE_EM_03361,REG_제주시_삼양일동,OCCURRED_IN_REGION
AE_FIRE_EM_03362,REG_제주시_조천읍,OCCURRED_IN_REGION
AE_FIRE_EM_03363,REG_제주시_조천읍,OCCURRED_IN_REGION
AE_FIRE_EM_03364,REG_서귀포시_표선면,OCCURRED_IN_REGION
AE_FIRE_EM_03365,REG_제주시_구좌읍,OCCURRED_IN_REGION
AE_FIRE_EM_03366,REG_제주시_구좌읍,OCCURRED_IN_REGION
AE_FIRE_EM_03367,REG_제주시_조천읍,OCCURRED_IN_REGION
AE_FIRE_EM_03368,REG_제주시_조천읍,OCCURRED_IN_REGION
AE_FIRE_EM_03369,REG_제주시_조천읍,OCCURRED_IN_REGION
AE_FIRE_EM_03370,REG_제주시_조천읍,OCCURRED_IN_REGION
AE_FIRE_EM_03371,REG_제주시_조천읍,OCCURRED_IN_REGION
AE_FIRE_EM_03372,REG_제주시_조천읍,OCCURRED_IN_REGION
AE_FIRE_EM_03373,REG_제주시_구좌읍,OCCURRED_IN_REGION
AE_FIRE_EM_03374,REG_제주시_조천읍,OCCURRED_IN_REGION
AE_FIRE_EM_03375,REG_제주시_조천읍,OCCURRED_IN_REGION
AE_FIRE_EM_03376,REG_제주시_조천읍,OCCURRED_IN_REGION
AE_FIRE_EM_03377,REG_제주시_조천읍,OCCURRED_IN_REGION
AE_FIRE_EM_03378,REG_제주시_조천읍,OCCURRED_IN_REGION
AE_FIRE_EM_03379,REG_제주시_조천읍,OCCURRED_IN_REGION
AE_FIRE_EM_03380,REG_제주시_조천읍,OCCURRED_IN_REGION
AE_FIRE_EM_03381,REG_제주시_조천읍,OCCURRED_IN_REGION
AE_FIRE_EM_03382,REG_제주시_조천읍,OCCURRED_IN_REGION
AE_FIRE_EM_03383,REG_제주시_조천읍,OCCURRED_IN_REGION
AE_FIRE_EM_03384,REG_제주시_조천읍,OCCURRED_IN_REGION
AE_FIRE_EM_03385,REG_제주시_조천읍,OCCURRED_IN_REGION
AE_FIRE_EM_03386,REG_제주시_조천읍,OCCURRED_IN_REGION
AE_FIRE_EM_03387,REG_제주시_조천읍,OCCURRED_IN_REGION
AE_FIRE_EM_03388,REG_제주시_조천읍,OCCURRED_IN_REGION
AE_FIRE_EM_03389,REG_제주시_조천읍,OCCURRED_IN_REGION
AE_FIRE_EM_03390,REG_제주시_조천읍,OCCURRED_IN_REGION
AE_FIRE_EM_03391,REG_제주시_조천읍,OCCURRED_IN_REGION
AE_FIRE_EM_03392,REG_서귀포시_성산읍,OCCURRED_IN_REGION
AE_FIRE_EM_03393,REG_제주시_조천읍,OCCURRED_IN_REGION
AE_FIRE_EM_03394,REG_제주시_조천읍,OCCURRED_IN_REGION
AE_FIRE_EM_03395,REG_제주시_조천읍,OCCURRED_IN_REGION
AE_FIRE_EM_03396,REG_제주시_조천읍,OCCURRED_IN_REGION
AE_FIRE_EM_03397,REG_제주시_조천읍,OCCURRED_IN_REGION
AE_FIRE_EM_03398,REG_제주시_조천읍,OCCURRED_IN_REGION
AE_FIRE_EM_03399,REG_제주시_조천읍,OCCURRED_IN_REGION
AE_FIRE_EM_03400,REG_제주시_조천읍,OCCURRED_IN_REGION
AE_FIRE_EM_03401,REG_제주시_조천읍,OCCURRED_IN_REGION
AE_FIRE_EM_03402,REG_제주시_조천읍,OCCURRED_IN_REGION
AE_FIRE_EM_03403,REG_제주시_조천읍,OCCURRED_IN_REGION
AE_FIRE_EM_03404,REG_제주시_조천읍,OCCURRED_IN_REGION
AE_FIRE_EM_03405,REG_제주시_노형동,OCCURRED_IN_REGION
AE_FIRE_EM_03406,REG_제주시_노형동,OCCURRED_IN_REGION
AE_FIRE_EM_03407,REG_제주시_애월읍,OCCURRED_IN_REGION
AE_FIRE_EM_03408,REG_제주시_애월읍,OCCURRED_IN_REGION
AE_FIRE_EM_03409,REG_제주시_연동,OCCURRED_IN_REGION
AE_FIRE_EM_03410,REG_제주시_연동,OCCURRED_IN_REGION
AE_FIRE_EM_03411,REG_제주시_노형동,OCCURRED_IN_REGION
AE_FIRE_EM_03412,REG_제주시_해안동,OCCURRED_IN_REGION
AE_FIRE_EM_03413,REG_제주시_외도이동,OCCURRED_IN_REGION
AE_FIRE_EM_03414,REG_제주시_애월읍,OCCURRED_IN_REGION
AE_FIRE_EM_03415,REG_제주시_애월읍,OCCURRED_IN_REGION
AE_FIRE_EM_03416,REG_제주시_연동,OCCURRED_IN_REGION
AE_FIRE_EM_03417,REG_제주시_노형동,OCCURRED_IN_REGION
AE_FIRE_EM_03418,REG_제주시_연동,OCCURRED_IN_REGION
AE_FIRE_EM_03419,REG_제주시_연동,OCCURRED_IN_REGION
AE_FIRE_EM_03420,REG_제주시_해안동,OCCURRED_IN_REGION
AE_FIRE_EM_03421,REG_제주시_해안동,OCCURRED_IN_REGION
AE_FIRE_EM_03422,REG_제주시_노형동,OCCURRED_IN_REGION
AE_FIRE_EM_03423,REG_제주시_노형동,OCCURRED_IN_REGION
AE_FIRE_EM_03424,REG_제주시_연동,OCCURRED_IN_REGION
AE_FIRE_EM_03425,REG_제주시_애월읍,OCCURRED_IN_REGION
AE_FIRE_EM_03426,REG_제주시_애월읍,OCCURRED_IN_REGION
AE_FIRE_EM_03427,REG_제주시_연동,OCCURRED_IN_REGION
AE_FIRE_EM_03428,REG_제주시_이호일동,OCCURRED_IN_REGION
AE_FIRE_EM_03429,REG_제주시_연동,OCCURRED_IN_REGION
AE_FIRE_EM_03430,REG_제주시_해안동,OCCURRED_IN_REGION
AE_FIRE_EM_03431,REG_제주시_오라이동,OCCURRED_IN_REGION
AE_FIRE_EM_03432,REG_제주시_도두이동,OCCURRED_IN_REGION
AE_FIRE_EM_03433,REG_제주시_도두이동,OCCURRED_IN_REGION
AE_FIRE_EM_03434,REG_제주시_해안동,OCCURRED_IN_REGION
AE_FIRE_EM_03435,REG_제주시_오라이동,OCCURRED_IN_REGION
AE_FIRE_EM_03436,REG_제주시_노형동,OCCURRED_IN_REGION
AE_FIRE_EM_03437,REG_제주시_노형동,OCCURRED_IN_REGION
AE_FIRE_EM_03438,REG_제주시_노형동,OCCURRED_IN_REGION
AE_FIRE_EM_03439,REG_제주시_노형동,OCCURRED_IN_REGION
AE_FIRE_EM_03440,REG_제주시_해안동,OCCURRED_IN_REGION
AE_FIRE_EM_03441,REG_제주시_애월읍,OCCURRED_IN_REGION
AE_FIRE_EM_03442,REG_제주시_도두일동,OCCURRED_IN_REGION
AE_FIRE_EM_03443,REG_제주시_연동,OCCURRED_IN_REGION
AE_FIRE_EM_03444,REG_제주시_연동,OCCURRED_IN_REGION
AE_FIRE_EM_03445,REG_제주시_해안동,OCCURRED_IN_REGION
AE_FIRE_EM_03446,REG_제주시_노형동,OCCURRED_IN_REGION
AE_FIRE_EM_03447,REG_제주시_노형동,OCCURRED_IN_REGION
AE_FIRE_EM_03448,REG_제주시_노형동,OCCURRED_IN_REGION
AE_FIRE_EM_03449,REG_제주시_노형동,OCCURRED_IN_REGION
AE_FIRE_EM_03450,REG_제주시_애월읍,OCCURRED_IN_REGION
AE_FIRE_EM_03451,REG_제주시_애월읍,OCCURRED_IN_REGION
AE_FIRE_EM_03452,REG_제주시_해안동,OCCURRED_IN_REGION
AE_FIRE_EM_03453,REG_제주시_연동,OCCURRED_IN_REGION
AE_FIRE_EM_03454,REG_제주시_애월읍,OCCURRED_IN_REGION
AE_FIRE_EM_03455,REG_제주시_이호일동,OCCURRED_IN_REGION
AE_FIRE_EM_03456,REG_제주시_노형동,OCCURRED_IN_REGION
AE_FIRE_EM_03457,REG_제주시_이호일동,OCCURRED_IN_REGION
AE_FIRE_EM_03458,REG_제주시_해안동,OCCURRED_IN_REGION
AE_FIRE_EM_03459,REG_제주시_노형동,OCCURRED_IN_REGION
AE_FIRE_EM_03460,REG_제주시_애월읍,OCCURRED_IN_REGION
AE_FIRE_EM_03461,REG_제주시_애월읍,OCCURRED_IN_REGION
AE_FIRE_EM_03462,REG_제주시_연동,OCCURRED_IN_REGION
AE_FIRE_EM_03463,REG_제주시_이호일동,OCCURRED_IN_REGION
AE_FIRE_EM_03464,REG_제주시_노형동,OCCURRED_IN_REGION
AE_FIRE_EM_03465,REG_제주시_연동,OCCURRED_IN_REGION
AE_FIRE_EM_03466,REG_제주시_노형동,OCCURRED_IN_REGION
AE_FIRE_EM_03467,REG_제주시_노형동,OCCURRED_IN_REGION
AE_FIRE_EM_03468,REG_제주시_해안동,OCCURRED_IN_REGION
AE_FIRE_EM_03469,REG_제주시_노형동,OCCURRED_IN_REGION
AE_FIRE_EM_03470,REG_제주시_애월읍,OCCURRED_IN_REGION
AE_FIRE_EM_03471,REG_제주시_노형동,OCCURRED_IN_REGION
AE_FIRE_EM_03472,REG_제주시_연동,OCCURRED_IN_REGION
AE_FIRE_EM_03473,REG_제주시_애월읍,OCCURRED_IN_REGION
AE_FIRE_EM_03474,REG_제주시_노형동,OCCURRED_IN_REGION
AE_FIRE_EM_03475,REG_제주시_연동,OCCURRED_IN_REGION
AE_FIRE_EM_03476,REG_제주시_노형동,OCCURRED_IN_REGION
AE_FIRE_EM_03477,REG_제주시_노형동,OCCURRED_IN_REGION
AE_FIRE_EM_03478,REG_제주시_노형동,OCCURRED_IN_REGION
AE_FIRE_EM_03479,REG_제주시_노형동,OCCURRED_IN_REGION
AE_FIRE_EM_03480,REG_제주시_연동,OCCURRED_IN_REGION
AE_FIRE_EM_03481,REG_제주시_애월읍,OCCURRED_IN_REGION
AE_FIRE_EM_03482,REG_제주시_애월읍,OCCURRED_IN_REGION
AE_FIRE_EM_03483,REG_제주시_노형동,OCCURRED_IN_REGION
AE_FIRE_EM_03484,REG_제주시_애월읍,OCCURRED_IN_REGION
AE_FIRE_EM_03485,REG_제주시_연동,OCCURRED_IN_REGION
AE_FIRE_EM_03486,REG_제주시_노형동,OCCURRED_IN_REGION
AE_FIRE_EM_03487,REG_제주시_애월읍,OCCURRED_IN_REGION
AE_FIRE_EM_03488,REG_제주시_애월읍,OCCURRED_IN_REGION
AE_FIRE_EM_03489,REG_제주시_노형동,OCCURRED_IN_REGION
AE_FIRE_EM_03490,REG_제주시_연동,OCCURRED_IN_REGION
AE_FIRE_EM_03491,REG_제주시_연동,OCCURRED_IN_REGION
AE_FIRE_EM_03492,REG_제주시_해안동,OCCURRED_IN_REGION
AE_FIRE_EM_03493,REG_제주시_노형동,OCCURRED_IN_REGION
AE_FIRE_EM_03494,REG_제주시_노형동,OCCURRED_IN_REGION
AE_FIRE_EM_03495,REG_제주시_해안동,OCCURRED_IN_REGION
AE_FIRE_EM_03496,REG_제주시_연동,OCCURRED_IN_REGION
AE_FIRE_EM_03497,REG_제주시_노형동,OCCURRED_IN_REGION
AE_FIRE_EM_03498,REG_제주시_노형동,OCCURRED_IN_REGION
AE_FIRE_EM_03499,REG_제주시_해안동,OCCURRED_IN_REGION
AE_FIRE_EM_03500,REG_제주시_노형동,OCCURRED_IN_REGION
AE_FIRE_EM_03501,REG_제주시_노형동,OCCURRED_IN_REGION
AE_FIRE_EM_03502,REG_제주시_애월읍,OCCURRED_IN_REGION
AE_FIRE_EM_03503,REG_제주시_애월읍,OCCURRED_IN_REGION
AE_FIRE_EM_03504,REG_제주시_노형동,OCCURRED_IN_REGION
AE_FIRE_EM_03505,REG_제주시_노형동,OCCURRED_IN_REGION
AE_FIRE_EM_03506,REG_제주시_도두일동,OCCURRED_IN_REGION
AE_FIRE_EM_03507,REG_제주시_연동,OCCURRED_IN_REGION
AE_FIRE_EM_03508,REG_제주시_노형동,OCCURRED_IN_REGION
AE_FIRE_EM_03509,REG_제주시_연동,OCCURRED_IN_REGION
AE_FIRE_EM_03510,REG_제주시_외도일동,OCCURRED_IN_REGION
AE_FIRE_EM_03511,REG_제주시_애월읍,OCCURRED_IN_REGION
AE_FIRE_EM_03512,REG_제주시_외도일동,OCCURRED_IN_REGION
AE_FIRE_EM_03513,REG_제주시_외도일동,OCCURRED_IN_REGION
AE_FIRE_EM_03514,REG_제주시_애월읍,OCCURRED_IN_REGION
AE_FIRE_EM_03515,REG_제주시_애월읍,OCCURRED_IN_REGION
AE_FIRE_EM_03516,REG_제주시_도두일동,OCCURRED_IN_REGION
AE_FIRE_EM_03517,REG_제주시_도두일동,OCCURRED_IN_REGION
AE_FIRE_EM_03518,REG_제주시_애월읍,OCCURRED_IN_REGION
AE_FIRE_EM_03519,REG_제주시_애월읍,OCCURRED_IN_REGION
AE_FIRE_EM_03520,REG_제주시_이호일동,OCCURRED_IN_REGION
AE_FIRE_EM_03521,REG_제주시_외도일동,OCCURRED_IN_REGION
AE_FIRE_EM_03522,REG_제주시_내도동,OCCURRED_IN_REGION
AE_FIRE_EM_03523,REG_제주시_노형동,OCCURRED_IN_REGION
AE_FIRE_EM_03524,REG_제주시_도두일동,OCCURRED_IN_REGION
AE_FIRE_EM_03525,REG_제주시_도두일동,OCCURRED_IN_REGION
AE_FIRE_EM_03526,REG_제주시_도두일동,OCCURRED_IN_REGION
AE_FIRE_EM_03527,REG_제주시_외도일동,OCCURRED_IN_REGION
AE_FIRE_EM_03528,REG_제주시_애월읍,OCCURRED_IN_REGION
AE_FIRE_EM_03529,REG_제주시_애월읍,OCCURRED_IN_REGION
AE_FIRE_EM_03530,REG_제주시_용담이동,OCCURRED_IN_REGION
AE_FIRE_EM_03531,REG_제주시_이호일동,OCCURRED_IN_REGION
AE_FIRE_EM_03532,REG_제주시_애월읍,OCCURRED_IN_REGION
AE_FIRE_EM_03533,REG_제주시_내도동,OCCURRED_IN_REGION
AE_FIRE_EM_03534,REG_제주시_해안동,OCCURRED_IN_REGION
AE_FIRE_EM_03535,REG_제주시_해안동,OCCURRED_IN_REGION
AE_FIRE_EM_03536,REG_제주시_도두일동,OCCURRED_IN_REGION
AE_FIRE_EM_03537,REG_제주시_이호일동,OCCURRED_IN_REGION
AE_FIRE_EM_03538,REG_제주시_오라이동,OCCURRED_IN_REGION
AE_FIRE_EM_03539,REG_제주시_오라이동,OCCURRED_IN_REGION
AE_FIRE_EM_03540,REG_제주시_도두일동,OCCURRED_IN_REGION
AE_FIRE_EM_03541,REG_제주시_도두일동,OCCURRED_IN_REGION
AE_FIRE_EM_03542,REG_제주시_이호일동,OCCURRED_IN_REGION
AE_FIRE_EM_03543,REG_제주시_용담이동,OCCURRED_IN_REGION
AE_FIRE_EM_03544,REG_제주시_노형동,OCCURRED_IN_REGION
AE_FIRE_EM_03545,REG_제주시_도두일동,OCCURRED_IN_REGION
AE_FIRE_EM_03546,REG_제주시_애월읍,OCCURRED_IN_REGION
AE_FIRE_EM_03547,REG_제주시_외도일동,OCCURRED_IN_REGION
AE_FIRE_EM_03548,REG_제주시_도두일동,OCCURRED_IN_REGION
AE_FIRE_EM_03549,REG_제주시_애월읍,OCCURRED_IN_REGION
AE_FIRE_EM_03550,REG_제주시_애월읍,OCCURRED_IN_REGION
AE_FIRE_EM_03551,REG_제주시_애월읍,OCCURRED_IN_REGION
AE_FIRE_EM_03552,REG_제주시_노형동,OCCURRED_IN_REGION
AE_FIRE_EM_03553,REG_제주시_이호이동,OCCURRED_IN_REGION
AE_FIRE_EM_03554,REG_제주시_도두일동,OCCURRED_IN_REGION
AE_FIRE_EM_03555,REG_제주시_애월읍,OCCURRED_IN_REGION
AE_FIRE_EM_03556,REG_제주시_도두이동,OCCURRED_IN_REGION
AE_FIRE_EM_03557,REG_제주시_애월읍,OCCURRED_IN_REGION
AE_FIRE_EM_03558,REG_제주시_애월읍,OCCURRED_IN_REGION
AE_FIRE_EM_03559,REG_제주시_이호일동,OCCURRED_IN_REGION
AE_FIRE_EM_03560,REG_제주시_이호일동,OCCURRED_IN_REGION
AE_FIRE_EM_03561,REG_제주시_외도일동,OCCURRED_IN_REGION
AE_FIRE_EM_03562,REG_제주시_애월읍,OCCURRED_IN_REGION
AE_FIRE_EM_03563,REG_제주시_이호일동,OCCURRED_IN_REGION
AE_FIRE_EM_03564,REG_제주시_노형동,OCCURRED_IN_REGION
AE_FIRE_EM_03565,REG_제주시_애월읍,OCCURRED_IN_REGION
AE_FIRE_EM_03566,REG_제주시_애월읍,OCCURRED_IN_REGION
AE_FIRE_EM_03567,REG_제주시_도두일동,OCCURRED_IN_REGION
AE_FIRE_EM_03568,REG_제주시_애월읍,OCCURRED_IN_REGION
AE_FIRE_EM_03569,REG_제주시_한림읍,OCCURRED_IN_REGION
AE_FIRE_EM_03570,REG_제주시_외도일동,OCCURRED_IN_REGION
AE_FIRE_EM_03571,REG_제주시_도두일동,OCCURRED_IN_REGION
AE_FIRE_EM_03572,REG_제주시_노형동,OCCURRED_IN_REGION
AE_FIRE_EM_03573,REG_제주시_이호일동,OCCURRED_IN_REGION
AE_FIRE_EM_03574,REG_제주시_이호이동,OCCURRED_IN_REGION
AE_FIRE_EM_03575,REG_제주시_이호이동,OCCURRED_IN_REGION
AE_FIRE_EM_03576,REG_제주시_이호이동,OCCURRED_IN_REGION
AE_FIRE_EM_03577,REG_제주시_도두이동,OCCURRED_IN_REGION
AE_FIRE_EM_03578,REG_제주시_이호일동,OCCURRED_IN_REGION
AE_FIRE_EM_03579,REG_제주시_이호일동,OCCURRED_IN_REGION
AE_FIRE_EM_03580,REG_제주시_애월읍,OCCURRED_IN_REGION
AE_FIRE_EM_03581,REG_제주시_애월읍,OCCURRED_IN_REGION
AE_FIRE_EM_03582,REG_제주시_외도일동,OCCURRED_IN_REGION
AE_FIRE_EM_03583,REG_제주시_외도일동,OCCURRED_IN_REGION
AE_FIRE_EM_03584,REG_제주시_도두일동,OCCURRED_IN_REGION
AE_FIRE_EM_03585,REG_제주시_애월읍,OCCURRED_IN_REGION
AE_FIRE_EM_03586,REG_제주시_애월읍,OCCURRED_IN_REGION
AE_FIRE_EM_03587,REG_제주시_애월읍,OCCURRED_IN_REGION
AE_FIRE_EM_03588,REG_제주시_애월읍,OCCURRED_IN_REGION
AE_FIRE_EM_03589,REG_제주시_애월읍,OCCURRED_IN_REGION
AE_FIRE_EM_03590,REG_제주시_도두일동,OCCURRED_IN_REGION
AE_FIRE_EM_03591,REG_제주시_도두일동,OCCURRED_IN_REGION
AE_FIRE_EM_03592,REG_제주시_도두일동,OCCURRED_IN_REGION
AE_FIRE_EM_03593,REG_제주시_외도일동,OCCURRED_IN_REGION
AE_FIRE_EM_03594,REG_제주시_도두일동,OCCURRED_IN_REGION
AE_FIRE_EM_03595,REG_제주시_애월읍,OCCURRED_IN_REGION
AE_FIRE_EM_03596,REG_제주시_애월읍,OCCURRED_IN_REGION
AE_FIRE_EM_03597,REG_제주시_노형동,OCCURRED_IN_REGION
AE_FIRE_EM_03598,REG_제주시_애월읍,OCCURRED_IN_REGION
AE_FIRE_EM_03599,REG_제주시_애월읍,OCCURRED_IN_REGION
AE_FIRE_EM_03600,REG_제주시_애월읍,OCCURRED_IN_REGION
AE_FIRE_EM_03601,REG_제주시_애월읍,OCCURRED_IN_REGION
AE_FIRE_EM_03602,REG_제주시_연동,OCCURRED_IN_REGION
AE_FIRE_EM_03603,REG_제주시_도두일동,OCCURRED_IN_REGION
AE_FIRE_EM_03604,REG_제주시_봉개동,OCCURRED_IN_REGION
AE_FIRE_EM_03605,REG_제주시_오등동,OCCURRED_IN_REGION
AE_FIRE_EM_03606,REG_제주시_오등동,OCCURRED_IN_REGION
AE_FIRE_EM_03607,REG_제주시_월평동,OCCURRED_IN_REGION
AE_FIRE_EM_03608,REG_제주시_봉개동,OCCURRED_IN_REGION
AE_FIRE_EM_03609,REG_제주시_조천읍,OCCURRED_IN_REGION
AE_FIRE_EM_03610,REG_제주시_조천읍,OCCURRED_IN_REGION
AE_FIRE_EM_03611,REG_제주시_봉개동,OCCURRED_IN_REGION
AE_FIRE_EM_03612,REG_제주시_봉개동,OCCURRED_IN_REGION
AE_FIRE_EM_03613,REG_서귀포시_남원읍,OCCURRED_IN_REGION
AE_FIRE_EM_03614,REG_제주시_월평동,OCCURRED_IN_REGION
AE_FIRE_EM_03615,REG_제주시_월평동,OCCURRED_IN_REGION
AE_FIRE_EM_03616,REG_제주시_조천읍,OCCURRED_IN_REGION
AE_FIRE_EM_03617,REG_제주시_오등동,OCCURRED_IN_REGION
AE_FIRE_EM_03618,REG_제주시_오라이동,OCCURRED_IN_REGION
AE_FIRE_EM_03619,REG_제주시_아라일동,OCCURRED_IN_REGION
AE_FIRE_EM_03620,REG_제주시_아라일동,OCCURRED_IN_REGION
AE_FIRE_EM_03621,REG_서귀포시_남원읍,OCCURRED_IN_REGION
AE_FIRE_EM_03622,REG_제주시_아라일동,OCCURRED_IN_REGION
AE_FIRE_EM_03623,REG_제주시_조천읍,OCCURRED_IN_REGION
AE_FIRE_EM_03624,REG_제주시_봉개동,OCCURRED_IN_REGION
AE_FIRE_EM_03625,REG_제주시_봉개동,OCCURRED_IN_REGION
AE_FIRE_EM_03626,REG_서귀포시_남원읍,OCCURRED_IN_REGION
AE_FIRE_EM_03627,REG_서귀포시_남원읍,OCCURRED_IN_REGION
AE_FIRE_EM_03628,REG_제주시_봉개동,OCCURRED_IN_REGION
AE_FIRE_EM_03629,REG_제주시_봉개동,OCCURRED_IN_REGION
AE_FIRE_EM_03630,REG_제주시_조천읍,OCCURRED_IN_REGION
AE_FIRE_EM_03631,REG_제주시_봉개동,OCCURRED_IN_REGION
AE_FIRE_EM_03632,REG_제주시_용강동,OCCURRED_IN_REGION
AE_FIRE_EM_03633,REG_제주시_용강동,OCCURRED_IN_REGION
AE_FIRE_EM_03634,REG_제주시_봉개동,OCCURRED_IN_REGION
AE_FIRE_EM_03635,REG_제주시_건입동,OCCURRED_IN_REGION
AE_FIRE_EM_03636,REG_제주시_아라일동,OCCURRED_IN_REGION
AE_FIRE_EM_03637,REG_제주시_봉개동,OCCURRED_IN_REGION
AE_FIRE_EM_03638,REG_제주시_이도이동,OCCURRED_IN_REGION
AE_FIRE_EM_03639,REG_제주시_조천읍,OCCURRED_IN_REGION
AE_FIRE_EM_03640,REG_제주시_조천읍,OCCURRED_IN_REGION
AE_FIRE_EM_03641,REG_제주시_조천읍,OCCURRED_IN_REGION
AE_FIRE_EM_03642,REG_제주시_오등동,OCCURRED_IN_REGION
AE_FIRE_EM_03643,REG_제주시_조천읍,OCCURRED_IN_REGION
AE_FIRE_EM_03644,REG_제주시_회천동,OCCURRED_IN_REGION
AE_FIRE_EM_03645,REG_제주시_오등동,OCCURRED_IN_REGION
AE_FIRE_EM_03646,REG_제주시_월평동,OCCURRED_IN_REGION
AE_FIRE_EM_03647,REG_제주시_아라이동,OCCURRED_IN_REGION
AE_FIRE_EM_03648,REG_제주시_오등동,OCCURRED_IN_REGION
AE_FIRE_EM_03649,REG_제주시_오라이동,OCCURRED_IN_REGION
AE_FIRE_EM_03650,REG_제주시_오등동,OCCURRED_IN_REGION
AE_FIRE_EM_03651,REG_제주시_아라일동,OCCURRED_IN_REGION
AE_FIRE_EM_03652,REG_제주시_오등동,OCCURRED_IN_REGION
AE_FIRE_EM_03653,REG_서귀포시_남원읍,OCCURRED_IN_REGION
AE_FIRE_EM_03654,REG_제주시_오등동,OCCURRED_IN_REGION
AE_FIRE_EM_03655,REG_서귀포시_남원읍,OCCURRED_IN_REGION
AE_FIRE_EM_03656,REG_제주시_봉개동,OCCURRED_IN_REGION
AE_FIRE_EM_03657,REG_서귀포시_남원읍,OCCURRED_IN_REGION
AE_FIRE_EM_03658,REG_제주시_아라일동,OCCURRED_IN_REGION
AE_FIRE_EM_03659,REG_제주시_아라일동,OCCURRED_IN_REGION
AE_FIRE_EM_03660,REG_제주시_봉개동,OCCURRED_IN_REGION
AE_FIRE_EM_03661,REG_서귀포시_남원읍,OCCURRED_IN_REGION
AE_FIRE_EM_03662,REG_제주시_월평동,OCCURRED_IN_REGION
AE_FIRE_EM_03663,REG_제주시_월평동,OCCURRED_IN_REGION
AE_FIRE_EM_03664,REG_제주시_월평동,OCCURRED_IN_REGION
AE_FIRE_EM_03665,REG_제주시_영평동,OCCURRED_IN_REGION
AE_FIRE_EM_03666,REG_제주시_영평동,OCCURRED_IN_REGION
AE_FIRE_EM_03667,REG_제주시_조천읍,OCCURRED_IN_REGION
AE_FIRE_EM_03668,REG_제주시_오등동,OCCURRED_IN_REGION
AE_FIRE_EM_03669,REG_제주시_오등동,OCCURRED_IN_REGION
AE_FIRE_EM_03670,REG_제주시_추자면,OCCURRED_IN_REGION
AE_FIRE_EM_03671,REG_제주시_추자면,OCCURRED_IN_REGION
AE_FIRE_EM_03672,REG_제주시_추자면,OCCURRED_IN_REGION
AE_FIRE_EM_03673,REG_제주시_추자면,OCCURRED_IN_REGION
AE_FIRE_EM_03674,REG_제주시_추자면,OCCURRED_IN_REGION
AE_FIRE_EM_03675,REG_제주시_추자면,OCCURRED_IN_REGION
AE_FIRE_EM_03676,REG_제주시_구좌읍,OCCURRED_IN_REGION
AE_FIRE_EM_03677,REG_제주시_구좌읍,OCCURRED_IN_REGION
AE_FIRE_EM_03678,REG_제주시_조천읍,OCCURRED_IN_REGION
AE_FIRE_EM_03679,REG_제주시_구좌읍,OCCURRED_IN_REGION
AE_FIRE_EM_03680,REG_제주시_구좌읍,OCCURRED_IN_REGION
AE_FIRE_EM_03681,REG_제주시_구좌읍,OCCURRED_IN_REGION
AE_FIRE_EM_03682,REG_제주시_조천읍,OCCURRED_IN_REGION
AE_FIRE_EM_03683,REG_제주시_구좌읍,OCCURRED_IN_REGION
AE_FIRE_EM_03684,REG_제주시_구좌읍,OCCURRED_IN_REGION
AE_FIRE_EM_03685,REG_제주시_구좌읍,OCCURRED_IN_REGION
AE_FIRE_EM_03686,REG_제주시_조천읍,OCCURRED_IN_REGION
AE_FIRE_EM_03687,REG_제주시_구좌읍,OCCURRED_IN_REGION
AE_FIRE_EM_03688,REG_제주시_구좌읍,OCCURRED_IN_REGION
AE_FIRE_EM_03689,REG_제주시_조천읍,OCCURRED_IN_REGION
AE_FIRE_EM_03690,REG_제주시_구좌읍,OCCURRED_IN_REGION
AE_FIRE_EM_03691,REG_제주시_구좌읍,OCCURRED_IN_REGION
AE_FIRE_EM_03692,REG_제주시_구좌읍,OCCURRED_IN_REGION
AE_FIRE_EM_03693,REG_제주시_구좌읍,OCCURRED_IN_REGION
AE_FIRE_EM_03694,REG_제주시_조천읍,OCCURRED_IN_REGION
AE_FIRE_EM_03695,REG_제주시_조천읍,OCCURRED_IN_REGION
AE_FIRE_EM_03696,REG_제주시_구좌읍,OCCURRED_IN_REGION
AE_FIRE_EM_03697,REG_제주시_조천읍,OCCURRED_IN_REGION
AE_FIRE_EM_03698,REG_제주시_구좌읍,OCCURRED_IN_REGION
AE_FIRE_EM_03699,REG_제주시_조천읍,OCCURRED_IN_REGION
AE_FIRE_EM_03700,REG_제주시_구좌읍,OCCURRED_IN_REGION
AE_FIRE_EM_03701,REG_제주시_구좌읍,OCCURRED_IN_REGION
AE_FIRE_EM_03702,REG_제주시_조천읍,OCCURRED_IN_REGION
AE_FIRE_EM_03703,REG_제주시_구좌읍,OCCURRED_IN_REGION
AE_FIRE_EM_03704,REG_제주시_구좌읍,OCCURRED_IN_REGION
AE_FIRE_EM_03705,REG_제주시_조천읍,OCCURRED_IN_REGION
AE_FIRE_EM_03706,REG_제주시_구좌읍,OCCURRED_IN_REGION
AE_FIRE_EM_03707,REG_제주시_조천읍,OCCURRED_IN_REGION
AE_FIRE_EM_03708,REG_제주시_구좌읍,OCCURRED_IN_REGION
AE_FIRE_EM_03709,REG_제주시_구좌읍,OCCURRED_IN_REGION
AE_FIRE_EM_03710,REG_제주시_구좌읍,OCCURRED_IN_REGION
AE_FIRE_EM_03711,REG_제주시_구좌읍,OCCURRED_IN_REGION
AE_FIRE_EM_03712,REG_제주시_조천읍,OCCURRED_IN_REGION
AE_FIRE_EM_03713,REG_제주시_구좌읍,OCCURRED_IN_REGION
AE_FIRE_EM_03714,REG_제주시_조천읍,OCCURRED_IN_REGION
AE_FIRE_EM_03715,REG_제주시_구좌읍,OCCURRED_IN_REGION
AE_FIRE_EM_03716,REG_제주시_구좌읍,OCCURRED_IN_REGION
AE_FIRE_EM_03717,REG_제주시_구좌읍,OCCURRED_IN_REGION
AE_FIRE_EM_03718,REG_제주시_조천읍,OCCURRED_IN_REGION
AE_FIRE_EM_03719,REG_제주시_구좌읍,OCCURRED_IN_REGION
AE_FIRE_EM_03720,REG_제주시_구좌읍,OCCURRED_IN_REGION
AE_FIRE_EM_03721,REG_제주시_구좌읍,OCCURRED_IN_REGION
AE_FIRE_EM_03722,REG_제주시_구좌읍,OCCURRED_IN_REGION
AE_FIRE_EM_03723,REG_제주시_구좌읍,OCCURRED_IN_REGION
AE_FIRE_EM_03724,REG_제주시_조천읍,OCCURRED_IN_REGION
AE_FIRE_EM_03725,REG_제주시_구좌읍,OCCURRED_IN_REGION
AE_FIRE_EM_03726,REG_제주시_구좌읍,OCCURRED_IN_REGION
AE_FIRE_EM_03727,REG_제주시_구좌읍,OCCURRED_IN_REGION
AE_FIRE_EM_03728,REG_제주시_구좌읍,OCCURRED_IN_REGION
AE_FIRE_EM_03729,REG_제주시_구좌읍,OCCURRED_IN_REGION
AE_FIRE_EM_03730,REG_제주시_구좌읍,OCCURRED_IN_REGION
AE_FIRE_EM_03731,REG_제주시_구좌읍,OCCURRED_IN_REGION
AE_FIRE_EM_03732,REG_제주시_구좌읍,OCCURRED_IN_REGION
AE_FIRE_EM_03733,REG_제주시_구좌읍,OCCURRED_IN_REGION
AE_FIRE_EM_03734,REG_제주시_구좌읍,OCCURRED_IN_REGION
AE_FIRE_EM_03735,REG_제주시_구좌읍,OCCURRED_IN_REGION
AE_FIRE_EM_03736,REG_제주시_구좌읍,OCCURRED_IN_REGION
AE_FIRE_EM_03737,REG_제주시_구좌읍,OCCURRED_IN_REGION
AE_FIRE_EM_03738,REG_제주시_구좌읍,OCCURRED_IN_REGION
AE_FIRE_EM_03739,REG_제주시_구좌읍,OCCURRED_IN_REGION
AE_FIRE_EM_03740,REG_제주시_조천읍,OCCURRED_IN_REGION
AE_FIRE_EM_03741,REG_제주시_조천읍,OCCURRED_IN_REGION
AE_FIRE_EM_03742,REG_제주시_구좌읍,OCCURRED_IN_REGION
AE_FIRE_EM_03743,REG_제주시_구좌읍,OCCURRED_IN_REGION
AE_FIRE_EM_03744,REG_제주시_구좌읍,OCCURRED_IN_REGION
AE_FIRE_EM_03745,REG_제주시_구좌읍,OCCURRED_IN_REGION
AE_FIRE_EM_03746,REG_제주시_구좌읍,OCCURRED_IN_REGION
AE_FIRE_EM_03747,REG_제주시_구좌읍,OCCURRED_IN_REGION
AE_FIRE_EM_03748,REG_제주시_구좌읍,OCCURRED_IN_REGION
AE_FIRE_EM_03749,REG_제주시_조천읍,OCCURRED_IN_REGION
AE_FIRE_EM_03750,REG_제주시_구좌읍,OCCURRED_IN_REGION
AE_FIRE_EM_03751,REG_제주시_조천읍,OCCURRED_IN_REGION
AE_FIRE_EM_03752,REG_서귀포시_성산읍,OCCURRED_IN_REGION
AE_FIRE_EM_03753,REG_서귀포시_성산읍,OCCURRED_IN_REGION
AE_FIRE_EM_03754,REG_제주시_조천읍,OCCURRED_IN_REGION
AE_FIRE_EM_03755,REG_제주시_우도면,OCCURRED_IN_REGION
AE_FIRE_EM_03756,REG_제주시_우도면,OCCURRED_IN_REGION
AE_FIRE_EM_03757,REG_제주시_우도면,OCCURRED_IN_REGION
AE_FIRE_EM_03758,REG_제주시_우도면,OCCURRED_IN_REGION
AE_FIRE_EM_03759,REG_제주시_우도면,OCCURRED_IN_REGION
AE_FIRE_EM_03760,REG_제주시_우도면,OCCURRED_IN_REGION
AE_FIRE_EM_03761,REG_제주시_우도면,OCCURRED_IN_REGION
AE_FIRE_EM_03762,REG_제주시_우도면,OCCURRED_IN_REGION
AE_FIRE_EM_03763,REG_제주시_우도면,OCCURRED_IN_REGION
AE_FIRE_EM_03764,REG_제주시_우도면,OCCURRED_IN_REGION
AE_FIRE_EM_03765,REG_제주시_우도면,OCCURRED_IN_REGION
AE_FIRE_EM_03766,REG_제주시_우도면,OCCURRED_IN_REGION
AE_FIRE_EM_03767,REG_제주시_우도면,OCCURRED_IN_REGION
AE_FIRE_EM_03768,REG_제주시_우도면,OCCURRED_IN_REGION
AE_FIRE_EM_03769,REG_제주시_우도면,OCCURRED_IN_REGION
AE_FIRE_EM_03770,REG_제주시_우도면,OCCURRED_IN_REGION
AE_FIRE_EM_03771,REG_제주시_우도면,OCCURRED_IN_REGION
AE_FIRE_EM_03772,REG_제주시_우도면,OCCURRED_IN_REGION
AE_FIRE_EM_03773,REG_제주시_우도면,OCCURRED_IN_REGION
AE_FIRE_EM_03774,REG_제주시_우도면,OCCURRED_IN_REGION
AE_FIRE_EM_03775,REG_제주시_우도면,OCCURRED_IN_REGION
AE_FIRE_EM_03776,REG_제주시_오등동,OCCURRED_IN_REGION
AE_FIRE_EM_03777,REG_제주시_오등동,OCCURRED_IN_REGION
AE_FIRE_EM_03778,REG_제주시_오등동,OCCURRED_IN_REGION
AE_FIRE_EM_03779,REG_제주시_오등동,OCCURRED_IN_REGION
AE_FIRE_EM_03780,REG_제주시_오등동,OCCURRED_IN_REGION
AE_FIRE_EM_03781,REG_제주시_오등동,OCCURRED_IN_REGION
AE_FIRE_EM_03782,REG_제주시_오등동,OCCURRED_IN_REGION
AE_FIRE_EM_03783,REG_제주시_오등동,OCCURRED_IN_REGION
AE_FIRE_EM_03784,REG_제주시_오등동,OCCURRED_IN_REGION
AE_FIRE_EM_03785,REG_제주시_오등동,OCCURRED_IN_REGION
AE_FIRE_EM_03786,REG_제주시_오등동,OCCURRED_IN_REGION
AE_FIRE_EM_03787,REG_서귀포시_서귀동,OCCURRED_IN_REGION
AE_FIRE_EM_03788,REG_서귀포시_서귀동,OCCURRED_IN_REGION
AE_FIRE_EM_03789,REG_서귀포시_서귀동,OCCURRED_IN_REGION
AE_FIRE_EM_03790,REG_서귀포시_남원읍,OCCURRED_IN_REGION
AE_FIRE_EM_03791,REG_서귀포시_남원읍,OCCURRED_IN_REGION
AE_FIRE_EM_03792,REG_서귀포시_남원읍,OCCURRED_IN_REGION
AE_FIRE_EM_03793,REG_서귀포시_동홍동,OCCURRED_IN_REGION
AE_FIRE_EM_03794,REG_서귀포시_신효동,OCCURRED_IN_REGION
AE_FIRE_EM_03795,REG_서귀포시_서귀동,OCCURRED_IN_REGION
AE_FIRE_EM_03796,REG_서귀포시_동홍동,OCCURRED_IN_REGION
AE_FIRE_EM_03797,REG_서귀포시_동홍동,OCCURRED_IN_REGION
AE_FIRE_EM_03798,REG_서귀포시_서귀동,OCCURRED_IN_REGION
AE_FIRE_EM_03799,REG_서귀포시_서귀동,OCCURRED_IN_REGION
AE_FIRE_EM_03800,REG_서귀포시_서귀동,OCCURRED_IN_REGION
AE_FIRE_EM_03801,REG_서귀포시_동홍동,OCCURRED_IN_REGION
AE_FIRE_EM_03802,REG_서귀포시_동홍동,OCCURRED_IN_REGION
AE_FIRE_EM_03803,REG_서귀포시_서귀동,OCCURRED_IN_REGION
AE_FIRE_EM_03804,REG_서귀포시_서귀동,OCCURRED_IN_REGION
AE_FIRE_EM_03805,REG_서귀포시_서홍동,OCCURRED_IN_REGION
AE_FIRE_EM_03806,REG_서귀포시_동홍동,OCCURRED_IN_REGION
AE_FIRE_EM_03807,REG_서귀포시_서귀동,OCCURRED_IN_REGION
AE_FIRE_EM_03808,REG_서귀포시_서귀동,OCCURRED_IN_REGION
AE_FIRE_EM_03809,REG_서귀포시_서귀동,OCCURRED_IN_REGION
AE_FIRE_EM_03810,REG_서귀포시_서홍동,OCCURRED_IN_REGION
AE_FIRE_EM_03811,REG_서귀포시_서귀동,OCCURRED_IN_REGION
AE_FIRE_EM_03812,REG_서귀포시_서귀동,OCCURRED_IN_REGION
AE_FIRE_EM_03813,REG_서귀포시_서홍동,OCCURRED_IN_REGION
AE_FIRE_EM_03814,REG_서귀포시_서귀동,OCCURRED_IN_REGION
AE_FIRE_EM_03815,REG_서귀포시_서귀동,OCCURRED_IN_REGION
AE_FIRE_EM_03816,REG_서귀포시_서홍동,OCCURRED_IN_REGION
AE_FIRE_EM_03817,REG_서귀포시_서귀동,OCCURRED_IN_REGION
AE_FIRE_EM_03818,REG_서귀포시_서귀동,OCCURRED_IN_REGION
AE_FIRE_EM_03819,REG_서귀포시_상효동,OCCURRED_IN_REGION
AE_FIRE_EM_03820,REG_서귀포시_서귀동,OCCURRED_IN_REGION
AE_FIRE_EM_03821,REG_서귀포시_보목동,OCCURRED_IN_REGION
AE_FIRE_EM_03822,REG_서귀포시_서홍동,OCCURRED_IN_REGION
AE_FIRE_EM_03823,REG_서귀포시_서귀동,OCCURRED_IN_REGION
AE_FIRE_EM_03824,REG_서귀포시_서홍동,OCCURRED_IN_REGION
AE_FIRE_EM_03825,REG_서귀포시_서홍동,OCCURRED_IN_REGION
AE_FIRE_EM_03826,REG_서귀포시_동홍동,OCCURRED_IN_REGION
AE_FIRE_EM_03827,REG_서귀포시_서홍동,OCCURRED_IN_REGION
AE_FIRE_EM_03828,REG_서귀포시_서홍동,OCCURRED_IN_REGION
AE_FIRE_EM_03829,REG_서귀포시_서귀동,OCCURRED_IN_REGION
AE_FIRE_EM_03830,REG_서귀포시_서귀동,OCCURRED_IN_REGION
AE_FIRE_EM_03831,REG_서귀포시_서귀동,OCCURRED_IN_REGION
AE_FIRE_EM_03832,REG_서귀포시_동홍동,OCCURRED_IN_REGION
AE_FIRE_EM_03833,REG_서귀포시_동홍동,OCCURRED_IN_REGION
AE_FIRE_EM_03834,REG_서귀포시_보목동,OCCURRED_IN_REGION
AE_FIRE_EM_03835,REG_서귀포시_서귀동,OCCURRED_IN_REGION
AE_FIRE_EM_03836,REG_서귀포시_서귀동,OCCURRED_IN_REGION
AE_FIRE_EM_03837,REG_서귀포시_서홍동,OCCURRED_IN_REGION
AE_FIRE_EM_03838,REG_서귀포시_서홍동,OCCURRED_IN_REGION
AE_FIRE_EM_03839,REG_서귀포시_강정동,OCCURRED_IN_REGION
AE_FIRE_EM_03840,REG_서귀포시_서귀동,OCCURRED_IN_REGION
AE_FIRE_EM_03841,REG_서귀포시_토평동,OCCURRED_IN_REGION
AE_FIRE_EM_03842,REG_서귀포시_서홍동,OCCURRED_IN_REGION
AE_FIRE_EM_03843,REG_서귀포시_서홍동,OCCURRED_IN_REGION
AE_FIRE_EM_03844,REG_서귀포시_상효동,OCCURRED_IN_REGION
AE_FIRE_EM_03845,REG_서귀포시_서귀동,OCCURRED_IN_REGION
AE_FIRE_EM_03846,REG_서귀포시_동홍동,OCCURRED_IN_REGION
AE_FIRE_EM_03847,REG_서귀포시_서홍동,OCCURRED_IN_REGION
AE_FIRE_EM_03848,REG_서귀포시_서홍동,OCCURRED_IN_REGION
AE_FIRE_EM_03849,REG_서귀포시_보목동,OCCURRED_IN_REGION
AE_FIRE_EM_03850,REG_서귀포시_서귀동,OCCURRED_IN_REGION
AE_FIRE_EM_03851,REG_서귀포시_서귀동,OCCURRED_IN_REGION
AE_FIRE_EM_03852,REG_서귀포시_서귀동,OCCURRED_IN_REGION
AE_FIRE_EM_03853,REG_서귀포시_동홍동,OCCURRED_IN_REGION
AE_FIRE_EM_03854,REG_서귀포시_서홍동,OCCURRED_IN_REGION
AE_FIRE_EM_03855,REG_서귀포시_서귀동,OCCURRED_IN_REGION
AE_FIRE_EM_03856,REG_서귀포시_남원읍,OCCURRED_IN_REGION
AE_FIRE_EM_03857,REG_서귀포시_남원읍,OCCURRED_IN_REGION
AE_FIRE_EM_03858,REG_서귀포시_서홍동,OCCURRED_IN_REGION
AE_FIRE_EM_03859,REG_서귀포시_서귀동,OCCURRED_IN_REGION
AE_FIRE_EM_03860,REG_서귀포시_서귀동,OCCURRED_IN_REGION
AE_FIRE_EM_03861,REG_서귀포시_서귀동,OCCURRED_IN_REGION
AE_FIRE_EM_03862,REG_서귀포시_서홍동,OCCURRED_IN_REGION
AE_FIRE_EM_03863,REG_서귀포시_서홍동,OCCURRED_IN_REGION
AE_FIRE_EM_03864,REG_서귀포시_동홍동,OCCURRED_IN_REGION
AE_FIRE_EM_03865,REG_서귀포시_동홍동,OCCURRED_IN_REGION
AE_FIRE_EM_03866,REG_서귀포시_동홍동,OCCURRED_IN_REGION
AE_FIRE_EM_03867,REG_서귀포시_보목동,OCCURRED_IN_REGION
AE_FIRE_EM_03868,REG_서귀포시_보목동,OCCURRED_IN_REGION
AE_FIRE_EM_03869,REG_서귀포시_서귀동,OCCURRED_IN_REGION
AE_FIRE_EM_03870,REG_서귀포시_서귀동,OCCURRED_IN_REGION
AE_FIRE_EM_03871,REG_서귀포시_서귀동,OCCURRED_IN_REGION
AE_FIRE_EM_03872,REG_서귀포시_동홍동,OCCURRED_IN_REGION
AE_FIRE_EM_03873,REG_서귀포시_서귀동,OCCURRED_IN_REGION
AE_FIRE_EM_03874,REG_서귀포시_서귀동,OCCURRED_IN_REGION
AE_FIRE_EM_03875,REG_서귀포시_동홍동,OCCURRED_IN_REGION
AE_FIRE_EM_03876,REG_서귀포시_하효동,OCCURRED_IN_REGION
AE_FIRE_EM_03877,REG_서귀포시_호근동,OCCURRED_IN_REGION
AE_FIRE_EM_03878,REG_서귀포시_서홍동,OCCURRED_IN_REGION
AE_FIRE_EM_03879,REG_서귀포시_법환동,OCCURRED_IN_REGION
AE_FIRE_EM_03880,REG_서귀포시_서홍동,OCCURRED_IN_REGION
AE_FIRE_EM_03881,REG_서귀포시_중문동,OCCURRED_IN_REGION
AE_FIRE_EM_03882,REG_서귀포시_중문동,OCCURRED_IN_REGION
AE_FIRE_EM_03883,REG_서귀포시_색달동,OCCURRED_IN_REGION
AE_FIRE_EM_03884,REG_서귀포시_색달동,OCCURRED_IN_REGION
AE_FIRE_EM_03885,REG_서귀포시_대포동,OCCURRED_IN_REGION
AE_FIRE_EM_03886,REG_서귀포시_중문동,OCCURRED_IN_REGION
AE_FIRE_EM_03887,REG_서귀포시_중문동,OCCURRED_IN_REGION
AE_FIRE_EM_03888,REG_서귀포시_대포동,OCCURRED_IN_REGION
AE_FIRE_EM_03889,REG_서귀포시_색달동,OCCURRED_IN_REGION
AE_FIRE_EM_03890,REG_서귀포시_안덕면,OCCURRED_IN_REGION
AE_FIRE_EM_03891,REG_서귀포시_색달동,OCCURRED_IN_REGION
AE_FIRE_EM_03892,REG_서귀포시_중문동,OCCURRED_IN_REGION
AE_FIRE_EM_03893,REG_서귀포시_안덕면,OCCURRED_IN_REGION
AE_FIRE_EM_03894,REG_서귀포시_하원동,OCCURRED_IN_REGION
AE_FIRE_EM_03895,REG_서귀포시_색달동,OCCURRED_IN_REGION
AE_FIRE_EM_03896,REG_서귀포시_중문동,OCCURRED_IN_REGION
AE_FIRE_EM_03897,REG_서귀포시_중문동,OCCURRED_IN_REGION
AE_FIRE_EM_03898,REG_서귀포시_색달동,OCCURRED_IN_REGION
AE_FIRE_EM_03899,REG_서귀포시_안덕면,OCCURRED_IN_REGION
AE_FIRE_EM_03900,REG_서귀포시_색달동,OCCURRED_IN_REGION
AE_FIRE_EM_03901,REG_서귀포시_색달동,OCCURRED_IN_REGION
AE_FIRE_EM_03902,REG_서귀포시_안덕면,OCCURRED_IN_REGION
AE_FIRE_EM_03903,REG_서귀포시_색달동,OCCURRED_IN_REGION
AE_FIRE_EM_03904,REG_서귀포시_색달동,OCCURRED_IN_REGION
AE_FIRE_EM_03905,REG_서귀포시_중문동,OCCURRED_IN_REGION
AE_FIRE_EM_03906,REG_서귀포시_상예동,OCCURRED_IN_REGION
AE_FIRE_EM_03907,REG_서귀포시_중문동,OCCURRED_IN_REGION
AE_FIRE_EM_03908,REG_서귀포시_하원동,OCCURRED_IN_REGION
AE_FIRE_EM_03909,REG_서귀포시_안덕면,OCCURRED_IN_REGION
AE_FIRE_EM_03910,REG_서귀포시_월평동,OCCURRED_IN_REGION
AE_FIRE_EM_03911,REG_서귀포시_월평동,OCCURRED_IN_REGION
AE_FIRE_EM_03912,REG_서귀포시_월평동,OCCURRED_IN_REGION
AE_FIRE_EM_03913,REG_서귀포시_색달동,OCCURRED_IN_REGION
AE_FIRE_EM_03914,REG_서귀포시_안덕면,OCCURRED_IN_REGION
AE_FIRE_EM_03915,REG_서귀포시_대포동,OCCURRED_IN_REGION
AE_FIRE_EM_03916,REG_서귀포시_중문동,OCCURRED_IN_REGION
AE_FIRE_EM_03917,REG_서귀포시_색달동,OCCURRED_IN_REGION
AE_FIRE_EM_03918,REG_서귀포시_중문동,OCCURRED_IN_REGION
AE_FIRE_EM_03919,REG_서귀포시_색달동,OCCURRED_IN_REGION
AE_FIRE_EM_03920,REG_서귀포시_색달동,OCCURRED_IN_REGION
AE_FIRE_EM_03921,REG_서귀포시_대포동,OCCURRED_IN_REGION
AE_FIRE_EM_03922,REG_서귀포시_색달동,OCCURRED_IN_REGION
AE_FIRE_EM_03923,REG_서귀포시_색달동,OCCURRED_IN_REGION
AE_FIRE_EM_03924,REG_서귀포시_대포동,OCCURRED_IN_REGION
AE_FIRE_EM_03925,REG_서귀포시_대포동,OCCURRED_IN_REGION
AE_FIRE_EM_03926,REG_서귀포시_하예동,OCCURRED_IN_REGION
AE_FIRE_EM_03927,REG_서귀포시_색달동,OCCURRED_IN_REGION
AE_FIRE_EM_03928,REG_서귀포시_색달동,OCCURRED_IN_REGION
AE_FIRE_EM_03929,REG_서귀포시_하예동,OCCURRED_IN_REGION
AE_FIRE_EM_03930,REG_서귀포시_강정동,OCCURRED_IN_REGION
AE_FIRE_EM_03931,REG_서귀포시_색달동,OCCURRED_IN_REGION
AE_FIRE_EM_03932,REG_서귀포시_상예동,OCCURRED_IN_REGION
AE_FIRE_EM_03933,REG_서귀포시_안덕면,OCCURRED_IN_REGION
AE_FIRE_EM_03934,REG_서귀포시_색달동,OCCURRED_IN_REGION
AE_FIRE_EM_03935,REG_서귀포시_상예동,OCCURRED_IN_REGION
AE_FIRE_EM_03936,REG_서귀포시_중문동,OCCURRED_IN_REGION
AE_FIRE_EM_03937,REG_서귀포시_중문동,OCCURRED_IN_REGION
AE_FIRE_EM_03938,REG_서귀포시_안덕면,OCCURRED_IN_REGION
AE_FIRE_EM_03939,REG_서귀포시_색달동,OCCURRED_IN_REGION
AE_FIRE_EM_03940,REG_서귀포시_대정읍,OCCURRED_IN_REGION
AE_FIRE_EM_03941,REG_서귀포시_중문동,OCCURRED_IN_REGION
AE_FIRE_EM_03942,REG_서귀포시_강정동,OCCURRED_IN_REGION
AE_FIRE_EM_03943,REG_서귀포시_중문동,OCCURRED_IN_REGION
AE_FIRE_EM_03944,REG_서귀포시_색달동,OCCURRED_IN_REGION
AE_FIRE_EM_03945,REG_서귀포시_안덕면,OCCURRED_IN_REGION
AE_FIRE_EM_03946,REG_서귀포시_중문동,OCCURRED_IN_REGION
AE_FIRE_EM_03947,REG_서귀포시_하예동,OCCURRED_IN_REGION
AE_FIRE_EM_03948,REG_서귀포시_색달동,OCCURRED_IN_REGION
AE_FIRE_EM_03949,REG_서귀포시_대포동,OCCURRED_IN_REGION
AE_FIRE_EM_03950,REG_서귀포시_대포동,OCCURRED_IN_REGION
AE_FIRE_EM_03951,REG_서귀포시_색달동,OCCURRED_IN_REGION
AE_FIRE_EM_03952,REG_서귀포시_상예동,OCCURRED_IN_REGION
AE_FIRE_EM_03953,REG_서귀포시_색달동,OCCURRED_IN_REGION
AE_FIRE_EM_03954,REG_서귀포시_상예동,OCCURRED_IN_REGION
AE_FIRE_EM_03955,REG_서귀포시_회수동,OCCURRED_IN_REGION
AE_FIRE_EM_03956,REG_서귀포시_중문동,OCCURRED_IN_REGION
AE_FIRE_EM_03957,REG_서귀포시_색달동,OCCURRED_IN_REGION
AE_FIRE_EM_03958,REG_서귀포시_색달동,OCCURRED_IN_REGION
AE_FIRE_EM_03959,REG_서귀포시_중문동,OCCURRED_IN_REGION
AE_FIRE_EM_03960,REG_서귀포시_대포동,OCCURRED_IN_REGION
AE_FIRE_EM_03961,REG_서귀포시_대포동,OCCURRED_IN_REGION
AE_FIRE_EM_03962,REG_서귀포시_색달동,OCCURRED_IN_REGION
AE_FIRE_EM_03963,REG_서귀포시_안덕면,OCCURRED_IN_REGION
AE_FIRE_EM_03964,REG_서귀포시_색달동,OCCURRED_IN_REGION
AE_FIRE_EM_03965,REG_서귀포시_대포동,OCCURRED_IN_REGION
AE_FIRE_EM_03966,REG_서귀포시_색달동,OCCURRED_IN_REGION
AE_FIRE_EM_03967,REG_서귀포시_안덕면,OCCURRED_IN_REGION
AE_FIRE_EM_03968,REG_서귀포시_대포동,OCCURRED_IN_REGION
AE_FIRE_EM_03969,REG_서귀포시_대포동,OCCURRED_IN_REGION
AE_FIRE_EM_03970,REG_서귀포시_하원동,OCCURRED_IN_REGION
AE_FIRE_EM_03971,REG_서귀포시_중문동,OCCURRED_IN_REGION
AE_FIRE_EM_03972,REG_서귀포시_색달동,OCCURRED_IN_REGION
AE_FIRE_EM_03973,REG_서귀포시_색달동,OCCURRED_IN_REGION
AE_FIRE_EM_03974,REG_서귀포시_색달동,OCCURRED_IN_REGION
AE_FIRE_EM_03975,REG_서귀포시_안덕면,OCCURRED_IN_REGION
AE_FIRE_EM_03976,REG_서귀포시_안덕면,OCCURRED_IN_REGION
AE_FIRE_EM_03977,REG_서귀포시_색달동,OCCURRED_IN_REGION
AE_FIRE_EM_03978,REG_서귀포시_색달동,OCCURRED_IN_REGION
AE_FIRE_EM_03979,REG_서귀포시_색달동,OCCURRED_IN_REGION
AE_FIRE_EM_03980,REG_서귀포시_색달동,OCCURRED_IN_REGION
AE_FIRE_EM_03981,REG_서귀포시_대포동,OCCURRED_IN_REGION
AE_FIRE_EM_03982,REG_서귀포시_색달동,OCCURRED_IN_REGION
AE_FIRE_EM_03983,REG_서귀포시_안덕면,OCCURRED_IN_REGION
AE_FIRE_EM_03984,REG_서귀포시_안덕면,OCCURRED_IN_REGION
AE_FIRE_EM_03985,REG_서귀포시_안덕면,OCCURRED_IN_REGION
AE_FIRE_EM_03986,REG_서귀포시_중문동,OCCURRED_IN_REGION
AE_FIRE_EM_03987,REG_서귀포시_대포동,OCCURRED_IN_REGION
AE_FIRE_EM_03988,REG_서귀포시_대포동,OCCURRED_IN_REGION
AE_FIRE_EM_03989,REG_서귀포시_색달동,OCCURRED_IN_REGION
AE_FIRE_EM_03990,REG_서귀포시_하예동,OCCURRED_IN_REGION
AE_FIRE_EM_03991,REG_서귀포시_안덕면,OCCURRED_IN_REGION
AE_FIRE_EM_03992,REG_서귀포시_색달동,OCCURRED_IN_REGION
AE_FIRE_EM_03993,REG_서귀포시_색달동,OCCURRED_IN_REGION
AE_FIRE_EM_03994,REG_서귀포시_색달동,OCCURRED_IN_REGION
AE_FIRE_EM_03995,REG_서귀포시_색달동,OCCURRED_IN_REGION
AE_FIRE_EM_03996,REG_서귀포시_색달동,OCCURRED_IN_REGION
AE_FIRE_EM_03997,REG_서귀포시_색달동,OCCURRED_IN_REGION
AE_FIRE_EM_03998,REG_서귀포시_색달동,OCCURRED_IN_REGION
AE_FIRE_EM_03999,REG_서귀포시_색달동,OCCURRED_IN_REGION
AE_FIRE_EM_04000,REG_서귀포시_회수동,OCCURRED_IN_REGION
AE_FIRE_EM_04001,REG_서귀포시_회수동,OCCURRED_IN_REGION
AE_FIRE_EM_04002,REG_서귀포시_색달동,OCCURRED_IN_REGION
AE_FIRE_EM_04003,REG_서귀포시_중문동,OCCURRED_IN_REGION
AE_FIRE_EM_04004,REG_서귀포시_중문동,OCCURRED_IN_REGION
AE_FIRE_EM_04005,REG_서귀포시_색달동,OCCURRED_IN_REGION
AE_FIRE_EM_04006,REG_서귀포시_중문동,OCCURRED_IN_REGION
AE_FIRE_EM_04007,REG_서귀포시_중문동,OCCURRED_IN_REGION
AE_FIRE_EM_04008,REG_서귀포시_색달동,OCCURRED_IN_REGION
AE_FIRE_EM_04009,REG_서귀포시_색달동,OCCURRED_IN_REGION
AE_FIRE_EM_04010,REG_서귀포시_색달동,OCCURRED_IN_REGION
AE_FIRE_EM_04011,REG_서귀포시_안덕면,OCCURRED_IN_REGION
AE_FIRE_EM_04012,REG_서귀포시_색달동,OCCURRED_IN_REGION
AE_FIRE_EM_04013,REG_서귀포시_색달동,OCCURRED_IN_REGION
AE_FIRE_EM_04014,REG_서귀포시_색달동,OCCURRED_IN_REGION
AE_FIRE_EM_04015,REG_서귀포시_색달동,OCCURRED_IN_REGION
AE_FIRE_EM_04016,REG_서귀포시_색달동,OCCURRED_IN_REGION
AE_FIRE_EM_04017,REG_서귀포시_색달동,OCCURRED_IN_REGION
AE_FIRE_EM_04018,REG_서귀포시_하원동,OCCURRED_IN_REGION
AE_FIRE_EM_04019,REG_서귀포시_색달동,OCCURRED_IN_REGION
AE_FIRE_EM_04020,REG_서귀포시_중문동,OCCURRED_IN_REGION
AE_FIRE_EM_04021,REG_서귀포시_대포동,OCCURRED_IN_REGION
AE_FIRE_EM_04022,REG_서귀포시_중문동,OCCURRED_IN_REGION
AE_FIRE_EM_04023,REG_서귀포시_색달동,OCCURRED_IN_REGION
AE_FIRE_EM_04024,REG_서귀포시_안덕면,OCCURRED_IN_REGION
AE_FIRE_EM_04025,REG_서귀포시_색달동,OCCURRED_IN_REGION
AE_FIRE_EM_04026,REG_서귀포시_회수동,OCCURRED_IN_REGION
AE_FIRE_EM_04027,REG_서귀포시_색달동,OCCURRED_IN_REGION
AE_FIRE_EM_04028,REG_서귀포시_대포동,OCCURRED_IN_REGION
AE_FIRE_EM_04029,REG_서귀포시_대포동,OCCURRED_IN_REGION
AE_FIRE_EM_04030,REG_서귀포시_하예동,OCCURRED_IN_REGION
AE_FIRE_EM_04031,REG_서귀포시_중문동,OCCURRED_IN_REGION
AE_FIRE_EM_04032,REG_서귀포시_색달동,OCCURRED_IN_REGION
AE_FIRE_EM_04033,REG_서귀포시_상예동,OCCURRED_IN_REGION
AE_FIRE_EM_04034,REG_서귀포시_상예동,OCCURRED_IN_REGION
AE_FIRE_EM_04035,REG_서귀포시_중문동,OCCURRED_IN_REGION
AE_FIRE_EM_04036,REG_서귀포시_안덕면,OCCURRED_IN_REGION
AE_FIRE_EM_04037,REG_서귀포시_안덕면,OCCURRED_IN_REGION
AE_FIRE_EM_04038,REG_서귀포시_색달동,OCCURRED_IN_REGION
AE_FIRE_EM_04039,REG_서귀포시_대포동,OCCURRED_IN_REGION
AE_FIRE_EM_04040,REG_서귀포시_하원동,OCCURRED_IN_REGION
AE_FIRE_EM_04041,REG_서귀포시_중문동,OCCURRED_IN_REGION
AE_FIRE_EM_04042,REG_서귀포시_상예동,OCCURRED_IN_REGION
AE_FIRE_EM_04043,REG_서귀포시_중문동,OCCURRED_IN_REGION
AE_FIRE_EM_04044,REG_서귀포시_하원동,OCCURRED_IN_REGION
AE_FIRE_EM_04045,REG_서귀포시_대포동,OCCURRED_IN_REGION
AE_FIRE_EM_04046,REG_서귀포시_상예동,OCCURRED_IN_REGION
AE_FIRE_EM_04047,REG_서귀포시_성산읍,OCCURRED_IN_REGION
AE_FIRE_EM_04048,REG_서귀포시_성산읍,OCCURRED_IN_REGION
AE_FIRE_EM_04049,REG_서귀포시_성산읍,OCCURRED_IN_REGION
AE_FIRE_EM_04050,REG_서귀포시_성산읍,OCCURRED_IN_REGION
AE_FIRE_EM_04051,REG_서귀포시_성산읍,OCCURRED_IN_REGION
AE_FIRE_EM_04052,REG_서귀포시_성산읍,OCCURRED_IN_REGION
AE_FIRE_EM_04053,REG_서귀포시_성산읍,OCCURRED_IN_REGION
AE_FIRE_EM_04054,REG_서귀포시_성산읍,OCCURRED_IN_REGION
AE_FIRE_EM_04055,REG_서귀포시_성산읍,OCCURRED_IN_REGION
AE_FIRE_EM_04056,REG_서귀포시_성산읍,OCCURRED_IN_REGION
AE_FIRE_EM_04057,REG_서귀포시_성산읍,OCCURRED_IN_REGION
AE_FIRE_EM_04058,REG_서귀포시_성산읍,OCCURRED_IN_REGION
AE_FIRE_EM_04059,REG_서귀포시_표선면,OCCURRED_IN_REGION
AE_FIRE_EM_04060,REG_서귀포시_성산읍,OCCURRED_IN_REGION
AE_FIRE_EM_04061,REG_서귀포시_성산읍,OCCURRED_IN_REGION
AE_FIRE_EM_04062,REG_서귀포시_성산읍,OCCURRED_IN_REGION
AE_FIRE_EM_04063,REG_서귀포시_성산읍,OCCURRED_IN_REGION
AE_FIRE_EM_04064,REG_서귀포시_성산읍,OCCURRED_IN_REGION
AE_FIRE_EM_04065,REG_서귀포시_성산읍,OCCURRED_IN_REGION
AE_FIRE_EM_04066,REG_제주시_구좌읍,OCCURRED_IN_REGION
AE_FIRE_EM_04067,REG_제주시_구좌읍,OCCURRED_IN_REGION
AE_FIRE_EM_04068,REG_제주시_구좌읍,OCCURRED_IN_REGION
AE_FIRE_EM_04069,REG_제주시_구좌읍,OCCURRED_IN_REGION
AE_FIRE_EM_04070,REG_제주시_구좌읍,OCCURRED_IN_REGION
AE_FIRE_EM_04071,REG_제주시_구좌읍,OCCURRED_IN_REGION
AE_FIRE_EM_04072,REG_서귀포시_성산읍,OCCURRED_IN_REGION
AE_FIRE_EM_04073,REG_서귀포시_성산읍,OCCURRED_IN_REGION
AE_FIRE_EM_04074,REG_제주시_우도면,OCCURRED_IN_REGION
AE_FIRE_EM_04075,REG_서귀포시_성산읍,OCCURRED_IN_REGION
AE_FIRE_EM_04076,REG_서귀포시_성산읍,OCCURRED_IN_REGION
AE_FIRE_EM_04077,REG_서귀포시_성산읍,OCCURRED_IN_REGION
AE_FIRE_EM_04078,REG_서귀포시_성산읍,OCCURRED_IN_REGION
AE_FIRE_EM_04079,REG_서귀포시_성산읍,OCCURRED_IN_REGION
AE_FIRE_EM_04080,REG_서귀포시_성산읍,OCCURRED_IN_REGION
AE_FIRE_EM_04081,REG_제주시_구좌읍,OCCURRED_IN_REGION
AE_FIRE_EM_04082,REG_서귀포시_성산읍,OCCURRED_IN_REGION
AE_FIRE_EM_04083,REG_서귀포시_성산읍,OCCURRED_IN_REGION
AE_FIRE_EM_04084,REG_제주시_우도면,OCCURRED_IN_REGION
AE_FIRE_EM_04085,REG_서귀포시_성산읍,OCCURRED_IN_REGION
AE_FIRE_EM_04086,REG_제주시_조천읍,OCCURRED_IN_REGION
AE_FIRE_EM_04087,REG_제주시_조천읍,OCCURRED_IN_REGION
AE_FIRE_EM_04088,REG_서귀포시_성산읍,OCCURRED_IN_REGION
AE_FIRE_EM_04089,REG_서귀포시_성산읍,OCCURRED_IN_REGION
AE_FIRE_EM_04090,REG_서귀포시_성산읍,OCCURRED_IN_REGION
AE_FIRE_EM_04091,REG_서귀포시_성산읍,OCCURRED_IN_REGION
AE_FIRE_EM_04092,REG_서귀포시_성산읍,OCCURRED_IN_REGION
AE_FIRE_EM_04093,REG_서귀포시_성산읍,OCCURRED_IN_REGION
AE_FIRE_EM_04094,REG_제주시_우도면,OCCURRED_IN_REGION
AE_FIRE_EM_04095,REG_서귀포시_성산읍,OCCURRED_IN_REGION
AE_FIRE_EM_04096,REG_서귀포시_성산읍,OCCURRED_IN_REGION
AE_FIRE_EM_04097,REG_서귀포시_성산읍,OCCURRED_IN_REGION
AE_FIRE_EM_04098,REG_서귀포시_성산읍,OCCURRED_IN_REGION
AE_FIRE_EM_04099,REG_서귀포시_성산읍,OCCURRED_IN_REGION
AE_FIRE_EM_04100,REG_서귀포시_표선면,OCCURRED_IN_REGION
AE_FIRE_EM_04101,REG_서귀포시_성산읍,OCCURRED_IN_REGION
AE_FIRE_EM_04102,REG_제주시_구좌읍,OCCURRED_IN_REGION
AE_FIRE_EM_04103,REG_제주시_구좌읍,OCCURRED_IN_REGION
AE_FIRE_EM_04104,REG_제주시_구좌읍,OCCURRED_IN_REGION
AE_FIRE_EM_04105,REG_제주시_구좌읍,OCCURRED_IN_REGION
AE_FIRE_EM_04106,REG_서귀포시_성산읍,OCCURRED_IN_REGION
AE_FIRE_EM_04107,REG_서귀포시_성산읍,OCCURRED_IN_REGION
AE_FIRE_EM_04108,REG_서귀포시_성산읍,OCCURRED_IN_REGION
AE_FIRE_EM_04109,REG_서귀포시_성산읍,OCCURRED_IN_REGION
AE_FIRE_EM_04110,REG_서귀포시_성산읍,OCCURRED_IN_REGION
AE_FIRE_EM_04111,REG_서귀포시_성산읍,OCCURRED_IN_REGION
AE_FIRE_EM_04112,REG_서귀포시_성산읍,OCCURRED_IN_REGION
AE_FIRE_EM_04113,REG_서귀포시_성산읍,OCCURRED_IN_REGION
AE_FIRE_EM_04114,REG_서귀포시_성산읍,OCCURRED_IN_REGION
AE_FIRE_EM_04115,REG_서귀포시_성산읍,OCCURRED_IN_REGION
AE_FIRE_EM_04116,REG_서귀포시_성산읍,OCCURRED_IN_REGION
AE_FIRE_EM_04117,REG_서귀포시_성산읍,OCCURRED_IN_REGION
AE_FIRE_EM_04118,REG_서귀포시_성산읍,OCCURRED_IN_REGION
AE_FIRE_EM_04119,REG_제주시_구좌읍,OCCURRED_IN_REGION
AE_FIRE_EM_04120,REG_서귀포시_성산읍,OCCURRED_IN_REGION
AE_FIRE_EM_04121,REG_서귀포시_성산읍,OCCURRED_IN_REGION
AE_FIRE_EM_04122,REG_서귀포시_성산읍,OCCURRED_IN_REGION
AE_FIRE_EM_04123,REG_제주시_우도면,OCCURRED_IN_REGION
AE_FIRE_EM_04124,REG_서귀포시_성산읍,OCCURRED_IN_REGION
AE_FIRE_EM_04125,REG_서귀포시_성산읍,OCCURRED_IN_REGION
AE_FIRE_EM_04126,REG_서귀포시_성산읍,OCCURRED_IN_REGION
AE_FIRE_EM_04127,REG_서귀포시_성산읍,OCCURRED_IN_REGION
AE_FIRE_EM_04128,REG_서귀포시_성산읍,OCCURRED_IN_REGION
AE_FIRE_EM_04129,REG_서귀포시_성산읍,OCCURRED_IN_REGION
AE_FIRE_EM_04130,REG_서귀포시_성산읍,OCCURRED_IN_REGION
AE_FIRE_EM_04131,REG_서귀포시_성산읍,OCCURRED_IN_REGION
AE_FIRE_EM_04132,REG_서귀포시_성산읍,OCCURRED_IN_REGION
AE_FIRE_EM_04133,REG_서귀포시_성산읍,OCCURRED_IN_REGION
AE_FIRE_EM_04134,REG_서귀포시_성산읍,OCCURRED_IN_REGION
AE_FIRE_EM_04135,REG_서귀포시_성산읍,OCCURRED_IN_REGION
AE_FIRE_EM_04136,REG_서귀포시_성산읍,OCCURRED_IN_REGION
AE_FIRE_EM_04137,REG_서귀포시_성산읍,OCCURRED_IN_REGION
AE_FIRE_EM_04138,REG_서귀포시_성산읍,OCCURRED_IN_REGION
AE_FIRE_EM_04139,REG_서귀포시_성산읍,OCCURRED_IN_REGION
AE_FIRE_EM_04140,REG_서귀포시_성산읍,OCCURRED_IN_REGION
AE_FIRE_EM_04141,REG_서귀포시_성산읍,OCCURRED_IN_REGION
AE_FIRE_EM_04142,REG_서귀포시_성산읍,OCCURRED_IN_REGION
AE_FIRE_EM_04143,REG_제주시_우도면,OCCURRED_IN_REGION
AE_FIRE_EM_04144,REG_서귀포시_성산읍,OCCURRED_IN_REGION
AE_FIRE_EM_04145,REG_서귀포시_성산읍,OCCURRED_IN_REGION
AE_FIRE_EM_04146,REG_서귀포시_성산읍,OCCURRED_IN_REGION
AE_FIRE_EM_04147,REG_서귀포시_성산읍,OCCURRED_IN_REGION
AE_FIRE_EM_04148,REG_서귀포시_성산읍,OCCURRED_IN_REGION
AE_FIRE_EM_04149,REG_서귀포시_성산읍,OCCURRED_IN_REGION
AE_FIRE_EM_04150,REG_제주시_구좌읍,OCCURRED_IN_REGION
AE_FIRE_EM_04151,REG_서귀포시_성산읍,OCCURRED_IN_REGION
AE_FIRE_EM_04152,REG_제주시_구좌읍,OCCURRED_IN_REGION
AE_FIRE_EM_04153,REG_서귀포시_성산읍,OCCURRED_IN_REGION
AE_FIRE_EM_04154,REG_서귀포시_성산읍,OCCURRED_IN_REGION
AE_FIRE_EM_04155,REG_서귀포시_성산읍,OCCURRED_IN_REGION
AE_FIRE_EM_04156,REG_서귀포시_성산읍,OCCURRED_IN_REGION
AE_FIRE_EM_04157,REG_서귀포시_성산읍,OCCURRED_IN_REGION
AE_FIRE_EM_04158,REG_제주시_구좌읍,OCCURRED_IN_REGION
AE_FIRE_EM_04159,REG_서귀포시_성산읍,OCCURRED_IN_REGION
AE_FIRE_EM_04160,REG_서귀포시_성산읍,OCCURRED_IN_REGION
AE_FIRE_EM_04161,REG_서귀포시_성산읍,OCCURRED_IN_REGION
AE_FIRE_EM_04162,REG_제주시_구좌읍,OCCURRED_IN_REGION
AE_FIRE_EM_04163,REG_서귀포시_성산읍,OCCURRED_IN_REGION
AE_FIRE_EM_04164,REG_서귀포시_성산읍,OCCURRED_IN_REGION
AE_FIRE_EM_04165,REG_제주시_우도면,OCCURRED_IN_REGION
AE_FIRE_EM_04166,REG_제주시_구좌읍,OCCURRED_IN_REGION
AE_FIRE_EM_04167,REG_서귀포시_성산읍,OCCURRED_IN_REGION
AE_FIRE_EM_04168,REG_서귀포시_성산읍,OCCURRED_IN_REGION
AE_FIRE_EM_04169,REG_서귀포시_성산읍,OCCURRED_IN_REGION
AE_FIRE_EM_04170,REG_제주시_우도면,OCCURRED_IN_REGION
AE_FIRE_EM_04171,REG_서귀포시_성산읍,OCCURRED_IN_REGION
AE_FIRE_EM_04172,REG_서귀포시_성산읍,OCCURRED_IN_REGION
AE_FIRE_EM_04173,REG_서귀포시_성산읍,OCCURRED_IN_REGION
AE_FIRE_EM_04174,REG_제주시_구좌읍,OCCURRED_IN_REGION
AE_FIRE_EM_04175,REG_서귀포시_성산읍,OCCURRED_IN_REGION
AE_FIRE_EM_04176,REG_서귀포시_성산읍,OCCURRED_IN_REGION
AE_FIRE_EM_04177,REG_서귀포시_성산읍,OCCURRED_IN_REGION
AE_FIRE_EM_04178,REG_서귀포시_성산읍,OCCURRED_IN_REGION
AE_FIRE_EM_04179,REG_제주시_구좌읍,OCCURRED_IN_REGION
AE_FIRE_EM_04180,REG_서귀포시_성산읍,OCCURRED_IN_REGION
AE_FIRE_EM_04181,REG_제주시_구좌읍,OCCURRED_IN_REGION
AE_FIRE_EM_04182,REG_서귀포시_성산읍,OCCURRED_IN_REGION
AE_FIRE_EM_04183,REG_서귀포시_성산읍,OCCURRED_IN_REGION
AE_FIRE_EM_04184,REG_서귀포시_성산읍,OCCURRED_IN_REGION
AE_FIRE_EM_04185,REG_서귀포시_성산읍,OCCURRED_IN_REGION
AE_FIRE_EM_04186,REG_제주시_구좌읍,OCCURRED_IN_REGION
AE_FIRE_EM_04187,REG_서귀포시_성산읍,OCCURRED_IN_REGION
AE_FIRE_EM_04188,REG_서귀포시_성산읍,OCCURRED_IN_REGION
AE_FIRE_EM_04189,REG_제주시_우도면,OCCURRED_IN_REGION
AE_FIRE_EM_04190,REG_서귀포시_성산읍,OCCURRED_IN_REGION
AE_FIRE_EM_04191,REG_서귀포시_성산읍,OCCURRED_IN_REGION
AE_FIRE_EM_04192,REG_서귀포시_성산읍,OCCURRED_IN_REGION
AE_FIRE_EM_04193,REG_서귀포시_성산읍,OCCURRED_IN_REGION
AE_FIRE_EM_04194,REG_서귀포시_성산읍,OCCURRED_IN_REGION
AE_FIRE_EM_04195,REG_서귀포시_성산읍,OCCURRED_IN_REGION
AE_FIRE_EM_04196,REG_서귀포시_성산읍,OCCURRED_IN_REGION
AE_FIRE_EM_04197,REG_서귀포시_성산읍,OCCURRED_IN_REGION
AE_FIRE_EM_04198,REG_서귀포시_성산읍,OCCURRED_IN_REGION
AE_FIRE_EM_04199,REG_서귀포시_성산읍,OCCURRED_IN_REGION
AE_FIRE_EM_04200,REG_서귀포시_성산읍,OCCURRED_IN_REGION
AE_FIRE_EM_04201,REG_제주시_구좌읍,OCCURRED_IN_REGION
AE_FIRE_EM_04202,REG_서귀포시_성산읍,OCCURRED_IN_REGION
AE_FIRE_EM_04203,REG_서귀포시_표선면,OCCURRED_IN_REGION
AE_FIRE_EM_04204,REG_서귀포시_성산읍,OCCURRED_IN_REGION
AE_FIRE_EM_04205,REG_제주시_우도면,OCCURRED_IN_REGION
AE_FIRE_EM_04206,REG_서귀포시_성산읍,OCCURRED_IN_REGION
AE_FIRE_EM_04207,REG_제주시_구좌읍,OCCURRED_IN_REGION
AE_FIRE_EM_04208,REG_서귀포시_성산읍,OCCURRED_IN_REGION
AE_FIRE_EM_04209,REG_서귀포시_성산읍,OCCURRED_IN_REGION
AE_FIRE_EM_04210,REG_서귀포시_성산읍,OCCURRED_IN_REGION
AE_FIRE_EM_04211,REG_서귀포시_성산읍,OCCURRED_IN_REGION
AE_FIRE_EM_04212,REG_서귀포시_성산읍,OCCURRED_IN_REGION
AE_FIRE_EM_04213,REG_서귀포시_성산읍,OCCURRED_IN_REGION
AE_FIRE_EM_04214,REG_서귀포시_표선면,OCCURRED_IN_REGION
AE_FIRE_EM_04215,REG_서귀포시_성산읍,OCCURRED_IN_REGION
AE_FIRE_EM_04216,REG_서귀포시_표선면,OCCURRED_IN_REGION
AE_FIRE_EM_04217,REG_서귀포시_남원읍,OCCURRED_IN_REGION
AE_FIRE_EM_04218,REG_서귀포시_남원읍,OCCURRED_IN_REGION
AE_FIRE_EM_04219,REG_서귀포시_표선면,OCCURRED_IN_REGION
AE_FIRE_EM_04220,REG_서귀포시_표선면,OCCURRED_IN_REGION
AE_FIRE_EM_04221,REG_제주시_구좌읍,OCCURRED_IN_REGION
AE_FIRE_EM_04222,REG_서귀포시_표선면,OCCURRED_IN_REGION
AE_FIRE_EM_04223,REG_서귀포시_표선면,OCCURRED_IN_REGION
AE_FIRE_EM_04224,REG_서귀포시_표선면,OCCURRED_IN_REGION
AE_FIRE_EM_04225,REG_서귀포시_표선면,OCCURRED_IN_REGION
AE_FIRE_EM_04226,REG_서귀포시_성산읍,OCCURRED_IN_REGION
AE_FIRE_EM_04227,REG_서귀포시_표선면,OCCURRED_IN_REGION
AE_FIRE_EM_04228,REG_서귀포시_표선면,OCCURRED_IN_REGION
AE_FIRE_EM_04229,REG_서귀포시_표선면,OCCURRED_IN_REGION
AE_FIRE_EM_04230,REG_서귀포시_표선면,OCCURRED_IN_REGION
AE_FIRE_EM_04231,REG_서귀포시_표선면,OCCURRED_IN_REGION
AE_FIRE_EM_04232,REG_서귀포시_표선면,OCCURRED_IN_REGION
AE_FIRE_EM_04233,REG_서귀포시_표선면,OCCURRED_IN_REGION
AE_FIRE_EM_04234,REG_서귀포시_표선면,OCCURRED_IN_REGION
AE_FIRE_EM_04235,REG_서귀포시_표선면,OCCURRED_IN_REGION
AE_FIRE_EM_04236,REG_서귀포시_표선면,OCCURRED_IN_REGION
AE_FIRE_EM_04237,REG_서귀포시_표선면,OCCURRED_IN_REGION
AE_FIRE_EM_04238,REG_서귀포시_남원읍,OCCURRED_IN_REGION
AE_FIRE_EM_04239,REG_서귀포시_성산읍,OCCURRED_IN_REGION
AE_FIRE_EM_04240,REG_서귀포시_남원읍,OCCURRED_IN_REGION
AE_FIRE_EM_04241,REG_서귀포시_남원읍,OCCURRED_IN_REGION
AE_FIRE_EM_04242,REG_서귀포시_표선면,OCCURRED_IN_REGION
AE_FIRE_EM_04243,REG_서귀포시_표선면,OCCURRED_IN_REGION
AE_FIRE_EM_04244,REG_서귀포시_성산읍,OCCURRED_IN_REGION
AE_FIRE_EM_04245,REG_서귀포시_표선면,OCCURRED_IN_REGION
AE_FIRE_EM_04246,REG_서귀포시_표선면,OCCURRED_IN_REGION
AE_FIRE_EM_04247,REG_서귀포시_남원읍,OCCURRED_IN_REGION
AE_FIRE_EM_04248,REG_서귀포시_남원읍,OCCURRED_IN_REGION
AE_FIRE_EM_04249,REG_서귀포시_남원읍,OCCURRED_IN_REGION
AE_FIRE_EM_04250,REG_서귀포시_표선면,OCCURRED_IN_REGION
AE_FIRE_EM_04251,REG_서귀포시_표선면,OCCURRED_IN_REGION
AE_FIRE_EM_04252,REG_서귀포시_표선면,OCCURRED_IN_REGION
AE_FIRE_EM_04253,REG_제주시_구좌읍,OCCURRED_IN_REGION
AE_FIRE_EM_04254,REG_서귀포시_성산읍,OCCURRED_IN_REGION
AE_FIRE_EM_04255,REG_서귀포시_표선면,OCCURRED_IN_REGION
AE_FIRE_EM_04256,REG_서귀포시_표선면,OCCURRED_IN_REGION
AE_FIRE_EM_04257,REG_서귀포시_표선면,OCCURRED_IN_REGION
AE_FIRE_EM_04258,REG_서귀포시_표선면,OCCURRED_IN_REGION
AE_FIRE_EM_04259,REG_서귀포시_표선면,OCCURRED_IN_REGION
AE_FIRE_EM_04260,REG_서귀포시_표선면,OCCURRED_IN_REGION
AE_FIRE_EM_04261,REG_서귀포시_성산읍,OCCURRED_IN_REGION
AE_FIRE_EM_04262,REG_서귀포시_표선면,OCCURRED_IN_REGION
AE_FIRE_EM_04263,REG_서귀포시_표선면,OCCURRED_IN_REGION
AE_FIRE_EM_04264,REG_서귀포시_표선면,OCCURRED_IN_REGION
AE_FIRE_EM_04265,REG_서귀포시_표선면,OCCURRED_IN_REGION
AE_FIRE_EM_04266,REG_서귀포시_성산읍,OCCURRED_IN_REGION
AE_FIRE_EM_04267,REG_서귀포시_표선면,OCCURRED_IN_REGION
AE_FIRE_EM_04268,REG_서귀포시_표선면,OCCURRED_IN_REGION
AE_FIRE_EM_04269,REG_서귀포시_표선면,OCCURRED_IN_REGION
AE_FIRE_EM_04270,REG_서귀포시_표선면,OCCURRED_IN_REGION
AE_FIRE_EM_04271,REG_서귀포시_표선면,OCCURRED_IN_REGION
AE_FIRE_EM_04272,REG_서귀포시_표선면,OCCURRED_IN_REGION
AE_FIRE_EM_04273,REG_서귀포시_표선면,OCCURRED_IN_REGION
AE_FIRE_EM_04274,REG_서귀포시_표선면,OCCURRED_IN_REGION
AE_FIRE_EM_04275,REG_서귀포시_표선면,OCCURRED_IN_REGION
AE_FIRE_EM_04276,REG_서귀포시_표선면,OCCURRED_IN_REGION
AE_FIRE_EM_04277,REG_서귀포시_표선면,OCCURRED_IN_REGION
AE_FIRE_EM_04278,REG_서귀포시_표선면,OCCURRED_IN_REGION
AE_FIRE_EM_04279,REG_서귀포시_표선면,OCCURRED_IN_REGION
AE_FIRE_EM_04280,REG_서귀포시_표선면,OCCURRED_IN_REGION
AE_FIRE_EM_04281,REG_서귀포시_남원읍,OCCURRED_IN_REGION
AE_FIRE_EM_04282,REG_서귀포시_남원읍,OCCURRED_IN_REGION
AE_FIRE_EM_04283,REG_서귀포시_남원읍,OCCURRED_IN_REGION
AE_FIRE_EM_04284,REG_서귀포시_남원읍,OCCURRED_IN_REGION
AE_FIRE_EM_04285,REG_서귀포시_표선면,OCCURRED_IN_REGION
AE_FIRE_EM_04286,REG_서귀포시_남원읍,OCCURRED_IN_REGION
AE_FIRE_EM_04287,REG_서귀포시_남원읍,OCCURRED_IN_REGION
AE_FIRE_EM_04288,REG_서귀포시_남원읍,OCCURRED_IN_REGION
AE_FIRE_EM_04289,REG_서귀포시_남원읍,OCCURRED_IN_REGION
AE_FIRE_EM_04290,REG_서귀포시_남원읍,OCCURRED_IN_REGION
AE_FIRE_EM_04291,REG_서귀포시_남원읍,OCCURRED_IN_REGION
AE_FIRE_EM_04292,REG_서귀포시_남원읍,OCCURRED_IN_REGION
AE_FIRE_EM_04293,REG_서귀포시_남원읍,OCCURRED_IN_REGION
AE_FIRE_EM_04294,REG_서귀포시_남원읍,OCCURRED_IN_REGION
AE_FIRE_EM_04295,REG_서귀포시_남원읍,OCCURRED_IN_REGION
AE_FIRE_EM_04296,REG_서귀포시_남원읍,OCCURRED_IN_REGION
AE_FIRE_EM_04297,REG_서귀포시_남원읍,OCCURRED_IN_REGION
AE_FIRE_EM_04298,REG_서귀포시_남원읍,OCCURRED_IN_REGION
AE_FIRE_EM_04299,REG_서귀포시_표선면,OCCURRED_IN_REGION
AE_FIRE_EM_04300,REG_서귀포시_남원읍,OCCURRED_IN_REGION
AE_FIRE_EM_04301,REG_서귀포시_남원읍,OCCURRED_IN_REGION
AE_FIRE_EM_04302,REG_서귀포시_남원읍,OCCURRED_IN_REGION
AE_FIRE_EM_04303,REG_서귀포시_남원읍,OCCURRED_IN_REGION
AE_FIRE_EM_04304,REG_서귀포시_남원읍,OCCURRED_IN_REGION
AE_FIRE_EM_04305,REG_서귀포시_남원읍,OCCURRED_IN_REGION
AE_FIRE_EM_04306,REG_서귀포시_남원읍,OCCURRED_IN_REGION
AE_FIRE_EM_04307,REG_서귀포시_남원읍,OCCURRED_IN_REGION
AE_FIRE_EM_04308,REG_서귀포시_남원읍,OCCURRED_IN_REGION
AE_FIRE_EM_04309,REG_서귀포시_남원읍,OCCURRED_IN_REGION
AE_FIRE_EM_04310,REG_서귀포시_남원읍,OCCURRED_IN_REGION
AE_FIRE_EM_04311,REG_서귀포시_남원읍,OCCURRED_IN_REGION
AE_FIRE_EM_04312,REG_서귀포시_남원읍,OCCURRED_IN_REGION
AE_FIRE_EM_04313,REG_서귀포시_남원읍,OCCURRED_IN_REGION
AE_FIRE_EM_04314,REG_서귀포시_남원읍,OCCURRED_IN_REGION
AE_FIRE_EM_04315,REG_서귀포시_남원읍,OCCURRED_IN_REGION
AE_FIRE_EM_04316,REG_서귀포시_남원읍,OCCURRED_IN_REGION
AE_FIRE_EM_04317,REG_서귀포시_남원읍,OCCURRED_IN_REGION
AE_FIRE_EM_04318,REG_서귀포시_남원읍,OCCURRED_IN_REGION
AE_FIRE_EM_04319,REG_서귀포시_남원읍,OCCURRED_IN_REGION
AE_FIRE_EM_04320,REG_서귀포시_남원읍,OCCURRED_IN_REGION
AE_FIRE_EM_04321,REG_서귀포시_남원읍,OCCURRED_IN_REGION
AE_FIRE_EM_04322,REG_서귀포시_남원읍,OCCURRED_IN_REGION
AE_FIRE_EM_04323,REG_서귀포시_남원읍,OCCURRED_IN_REGION
AE_FIRE_EM_04324,REG_서귀포시_남원읍,OCCURRED_IN_REGION
AE_FIRE_EM_04325,REG_서귀포시_남원읍,OCCURRED_IN_REGION
AE_FIRE_EM_04326,REG_서귀포시_남원읍,OCCURRED_IN_REGION
AE_FIRE_EM_04327,REG_서귀포시_남원읍,OCCURRED_IN_REGION
AE_FIRE_EM_04328,REG_서귀포시_표선면,OCCURRED_IN_REGION
AE_FIRE_EM_04329,REG_서귀포시_남원읍,OCCURRED_IN_REGION
AE_FIRE_EM_04330,REG_서귀포시_남원읍,OCCURRED_IN_REGION
AE_FIRE_EM_04331,REG_서귀포시_표선면,OCCURRED_IN_REGION
AE_FIRE_EM_04332,REG_서귀포시_남원읍,OCCURRED_IN_REGION
AE_FIRE_EM_04333,REG_서귀포시_남원읍,OCCURRED_IN_REGION
AE_FIRE_EM_04334,REG_서귀포시_남원읍,OCCURRED_IN_REGION
AE_FIRE_EM_04335,REG_서귀포시_남원읍,OCCURRED_IN_REGION
AE_FIRE_EM_04336,REG_서귀포시_성산읍,OCCURRED_IN_REGION
AE_FIRE_EM_04337,REG_서귀포시_남원읍,OCCURRED_IN_REGION
AE_FIRE_EM_04338,REG_서귀포시_남원읍,OCCURRED_IN_REGION
AE_FIRE_EM_04339,REG_서귀포시_표선면,OCCURRED_IN_REGION
AE_FIRE_EM_04340,REG_서귀포시_남원읍,OCCURRED_IN_REGION
AE_FIRE_EM_04341,REG_서귀포시_표선면,OCCURRED_IN_REGION
AE_FIRE_EM_04342,REG_서귀포시_남원읍,OCCURRED_IN_REGION
AE_FIRE_EM_04343,REG_서귀포시_남원읍,OCCURRED_IN_REGION
AE_FIRE_EM_04344,REG_서귀포시_남원읍,OCCURRED_IN_REGION
AE_FIRE_EM_04345,REG_서귀포시_남원읍,OCCURRED_IN_REGION
AE_FIRE_EM_04346,REG_서귀포시_남원읍,OCCURRED_IN_REGION
AE_FIRE_EM_04347,REG_서귀포시_남원읍,OCCURRED_IN_REGION
AE_FIRE_EM_04348,REG_서귀포시_남원읍,OCCURRED_IN_REGION
AE_FIRE_EM_04349,REG_서귀포시_남원읍,OCCURRED_IN_REGION
AE_FIRE_EM_04350,REG_서귀포시_남원읍,OCCURRED_IN_REGION
AE_FIRE_EM_04351,REG_서귀포시_남원읍,OCCURRED_IN_REGION
AE_FIRE_EM_04352,REG_서귀포시_남원읍,OCCURRED_IN_REGION
AE_FIRE_EM_04353,REG_서귀포시_토평동,OCCURRED_IN_REGION
AE_FIRE_EM_04354,REG_서귀포시_남원읍,OCCURRED_IN_REGION
AE_FIRE_EM_04355,REG_서귀포시_남원읍,OCCURRED_IN_REGION
AE_FIRE_EM_04356,REG_서귀포시_신효동,OCCURRED_IN_REGION
AE_FIRE_EM_04357,REG_서귀포시_토평동,OCCURRED_IN_REGION
AE_FIRE_EM_04358,REG_서귀포시_상효동,OCCURRED_IN_REGION
AE_FIRE_EM_04359,REG_서귀포시_토평동,OCCURRED_IN_REGION
AE_FIRE_EM_04360,REG_서귀포시_남원읍,OCCURRED_IN_REGION
AE_FIRE_EM_04361,REG_서귀포시_남원읍,OCCURRED_IN_REGION
AE_FIRE_EM_04362,REG_서귀포시_동홍동,OCCURRED_IN_REGION
AE_FIRE_EM_04363,REG_서귀포시_남원읍,OCCURRED_IN_REGION
AE_FIRE_EM_04364,REG_서귀포시_남원읍,OCCURRED_IN_REGION
AE_FIRE_EM_04365,REG_서귀포시_서귀동,OCCURRED_IN_REGION
AE_FIRE_EM_04366,REG_서귀포시_서귀동,OCCURRED_IN_REGION
AE_FIRE_EM_04367,REG_서귀포시_서귀동,OCCURRED_IN_REGION
AE_FIRE_EM_04368,REG_서귀포시_남원읍,OCCURRED_IN_REGION
AE_FIRE_EM_04369,REG_서귀포시_남원읍,OCCURRED_IN_REGION
AE_FIRE_EM_04370,REG_서귀포시_서귀동,OCCURRED_IN_REGION
AE_FIRE_EM_04371,REG_서귀포시_토평동,OCCURRED_IN_REGION
AE_FIRE_EM_04372,REG_서귀포시_남원읍,OCCURRED_IN_REGION
AE_FIRE_EM_04373,REG_서귀포시_남원읍,OCCURRED_IN_REGION
AE_FIRE_EM_04374,REG_서귀포시_남원읍,OCCURRED_IN_REGION
AE_FIRE_EM_04375,REG_서귀포시_남원읍,OCCURRED_IN_REGION
AE_FIRE_EM_04376,REG_서귀포시_남원읍,OCCURRED_IN_REGION
AE_FIRE_EM_04377,REG_서귀포시_남원읍,OCCURRED_IN_REGION
AE_FIRE_EM_04378,REG_서귀포시_하효동,OCCURRED_IN_REGION
AE_FIRE_EM_04379,REG_서귀포시_토평동,OCCURRED_IN_REGION
AE_FIRE_EM_04380,REG_서귀포시_서귀동,OCCURRED_IN_REGION
AE_FIRE_EM_04381,REG_서귀포시_토평동,OCCURRED_IN_REGION
AE_FIRE_EM_04382,REG_서귀포시_남원읍,OCCURRED_IN_REGION
AE_FIRE_EM_04383,REG_서귀포시_신효동,OCCURRED_IN_REGION
AE_FIRE_EM_04384,REG_서귀포시_남원읍,OCCURRED_IN_REGION
AE_FIRE_EM_04385,REG_서귀포시_상효동,OCCURRED_IN_REGION
AE_FIRE_EM_04386,REG_서귀포시_서귀동,OCCURRED_IN_REGION
AE_FIRE_EM_04387,REG_서귀포시_토평동,OCCURRED_IN_REGION
AE_FIRE_EM_04388,REG_서귀포시_토평동,OCCURRED_IN_REGION
AE_FIRE_EM_04389,REG_서귀포시_서귀동,OCCURRED_IN_REGION
AE_FIRE_EM_04390,REG_서귀포시_동홍동,OCCURRED_IN_REGION
AE_FIRE_EM_04391,REG_서귀포시_상효동,OCCURRED_IN_REGION
AE_FIRE_EM_04392,REG_서귀포시_상효동,OCCURRED_IN_REGION
AE_FIRE_EM_04393,REG_서귀포시_남원읍,OCCURRED_IN_REGION
AE_FIRE_EM_04394,REG_서귀포시_토평동,OCCURRED_IN_REGION
AE_FIRE_EM_04395,REG_서귀포시_토평동,OCCURRED_IN_REGION
AE_FIRE_EM_04396,REG_서귀포시_남원읍,OCCURRED_IN_REGION
AE_FIRE_EM_04397,REG_서귀포시_남원읍,OCCURRED_IN_REGION
AE_FIRE_EM_04398,REG_서귀포시_남원읍,OCCURRED_IN_REGION
AE_FIRE_EM_04399,REG_서귀포시_서귀동,OCCURRED_IN_REGION
AE_FIRE_EM_04400,REG_서귀포시_상효동,OCCURRED_IN_REGION
AE_FIRE_EM_04401,REG_서귀포시_서귀동,OCCURRED_IN_REGION
AE_FIRE_EM_04402,REG_서귀포시_남원읍,OCCURRED_IN_REGION
AE_FIRE_EM_04403,REG_서귀포시_상효동,OCCURRED_IN_REGION
AE_FIRE_EM_04404,REG_서귀포시_토평동,OCCURRED_IN_REGION
AE_FIRE_EM_04405,REG_서귀포시_토평동,OCCURRED_IN_REGION
AE_FIRE_EM_04406,REG_서귀포시_토평동,OCCURRED_IN_REGION
AE_FIRE_EM_04407,REG_서귀포시_토평동,OCCURRED_IN_REGION
AE_FIRE_EM_04408,REG_서귀포시_토평동,OCCURRED_IN_REGION
AE_FIRE_EM_04409,REG_서귀포시_남원읍,OCCURRED_IN_REGION
AE_FIRE_EM_04410,REG_서귀포시_서홍동,OCCURRED_IN_REGION
AE_FIRE_EM_04411,REG_서귀포시_토평동,OCCURRED_IN_REGION
AE_FIRE_EM_04412,REG_서귀포시_남원읍,OCCURRED_IN_REGION
AE_FIRE_EM_04413,REG_서귀포시_서귀동,OCCURRED_IN_REGION
AE_FIRE_EM_04414,REG_서귀포시_토평동,OCCURRED_IN_REGION
AE_FIRE_EM_04415,REG_서귀포시_토평동,OCCURRED_IN_REGION
AE_FIRE_EM_04416,REG_서귀포시_토평동,OCCURRED_IN_REGION
AE_FIRE_EM_04417,REG_서귀포시_남원읍,OCCURRED_IN_REGION
AE_FIRE_EM_04418,REG_서귀포시_토평동,OCCURRED_IN_REGION
AE_FIRE_EM_04419,REG_서귀포시_남원읍,OCCURRED_IN_REGION
AE_FIRE_EM_04420,REG_서귀포시_동홍동,OCCURRED_IN_REGION
AE_FIRE_EM_04421,REG_서귀포시_동홍동,OCCURRED_IN_REGION
AE_FIRE_EM_04422,REG_서귀포시_토평동,OCCURRED_IN_REGION
AE_FIRE_EM_04423,REG_서귀포시_서귀동,OCCURRED_IN_REGION
AE_FIRE_EM_04424,REG_서귀포시_남원읍,OCCURRED_IN_REGION
AE_FIRE_EM_04425,REG_서귀포시_토평동,OCCURRED_IN_REGION
AE_FIRE_EM_04426,REG_서귀포시_남원읍,OCCURRED_IN_REGION
AE_FIRE_EM_04427,REG_서귀포시_토평동,OCCURRED_IN_REGION
AE_FIRE_EM_04428,REG_서귀포시_서귀동,OCCURRED_IN_REGION
AE_FIRE_EM_04429,REG_서귀포시_신효동,OCCURRED_IN_REGION
AE_FIRE_EM_04430,REG_서귀포시_남원읍,OCCURRED_IN_REGION
AE_FIRE_EM_04431,REG_서귀포시_강정동,OCCURRED_IN_REGION
AE_FIRE_EM_04432,REG_서귀포시_서호동,OCCURRED_IN_REGION
AE_FIRE_EM_04433,REG_서귀포시_서호동,OCCURRED_IN_REGION
AE_FIRE_EM_04434,REG_서귀포시_서귀동,OCCURRED_IN_REGION
AE_FIRE_EM_04435,REG_서귀포시_강정동,OCCURRED_IN_REGION
AE_FIRE_EM_04436,REG_서귀포시_강정동,OCCURRED_IN_REGION
AE_FIRE_EM_04437,REG_서귀포시_도순동,OCCURRED_IN_REGION
AE_FIRE_EM_04438,REG_서귀포시_강정동,OCCURRED_IN_REGION
AE_FIRE_EM_04439,REG_서귀포시_강정동,OCCURRED_IN_REGION
AE_FIRE_EM_04440,REG_서귀포시_하원동,OCCURRED_IN_REGION
AE_FIRE_EM_04441,REG_서귀포시_하원동,OCCURRED_IN_REGION
AE_FIRE_EM_04442,REG_서귀포시_하원동,OCCURRED_IN_REGION
AE_FIRE_EM_04443,REG_서귀포시_강정동,OCCURRED_IN_REGION
AE_FIRE_EM_04444,REG_서귀포시_법환동,OCCURRED_IN_REGION
AE_FIRE_EM_04445,REG_서귀포시_서호동,OCCURRED_IN_REGION
AE_FIRE_EM_04446,REG_서귀포시_서호동,OCCURRED_IN_REGION
AE_FIRE_EM_04447,REG_서귀포시_서호동,OCCURRED_IN_REGION
AE_FIRE_EM_04448,REG_서귀포시_하원동,OCCURRED_IN_REGION
AE_FIRE_EM_04449,REG_서귀포시_강정동,OCCURRED_IN_REGION
AE_FIRE_EM_04450,REG_서귀포시_도순동,OCCURRED_IN_REGION
AE_FIRE_EM_04451,REG_서귀포시_법환동,OCCURRED_IN_REGION
AE_FIRE_EM_04452,REG_서귀포시_월평동,OCCURRED_IN_REGION
AE_FIRE_EM_04453,REG_서귀포시_월평동,OCCURRED_IN_REGION
AE_FIRE_EM_04454,REG_서귀포시_법환동,OCCURRED_IN_REGION
AE_FIRE_EM_04455,REG_서귀포시_서호동,OCCURRED_IN_REGION
AE_FIRE_EM_04456,REG_서귀포시_서호동,OCCURRED_IN_REGION
AE_FIRE_EM_04457,REG_서귀포시_서호동,OCCURRED_IN_REGION
AE_FIRE_EM_04458,REG_서귀포시_동홍동,OCCURRED_IN_REGION
AE_FIRE_EM_04459,REG_서귀포시_중문동,OCCURRED_IN_REGION
AE_FIRE_EM_04460,REG_서귀포시_대포동,OCCURRED_IN_REGION
AE_FIRE_EM_04461,REG_서귀포시_법환동,OCCURRED_IN_REGION
AE_FIRE_EM_04462,REG_서귀포시_법환동,OCCURRED_IN_REGION
AE_FIRE_EM_04463,REG_서귀포시_영남동,OCCURRED_IN_REGION
AE_FIRE_EM_04464,REG_서귀포시_강정동,OCCURRED_IN_REGION
AE_FIRE_EM_04465,REG_서귀포시_서홍동,OCCURRED_IN_REGION
AE_FIRE_EM_04466,REG_서귀포시_강정동,OCCURRED_IN_REGION
AE_FIRE_EM_04467,REG_서귀포시_회수동,OCCURRED_IN_REGION
AE_FIRE_EM_04468,REG_서귀포시_색달동,OCCURRED_IN_REGION
AE_FIRE_EM_04469,REG_서귀포시_호근동,OCCURRED_IN_REGION
AE_FIRE_EM_04470,REG_서귀포시_강정동,OCCURRED_IN_REGION
AE_FIRE_EM_04471,REG_서귀포시_서귀동,OCCURRED_IN_REGION
AE_FIRE_EM_04472,REG_서귀포시_서귀동,OCCURRED_IN_REGION
AE_FIRE_EM_04473,REG_서귀포시_서호동,OCCURRED_IN_REGION
AE_FIRE_EM_04474,REG_서귀포시_서호동,OCCURRED_IN_REGION
AE_FIRE_EM_04475,REG_서귀포시_신효동,OCCURRED_IN_REGION
AE_FIRE_EM_04476,REG_서귀포시_신효동,OCCURRED_IN_REGION
AE_FIRE_EM_04477,REG_서귀포시_강정동,OCCURRED_IN_REGION
AE_FIRE_EM_04478,REG_서귀포시_호근동,OCCURRED_IN_REGION
AE_FIRE_EM_04479,REG_서귀포시_강정동,OCCURRED_IN_REGION
AE_FIRE_EM_04480,REG_서귀포시_강정동,OCCURRED_IN_REGION
AE_FIRE_EM_04481,REG_서귀포시_서귀동,OCCURRED_IN_REGION
AE_FIRE_EM_04482,REG_서귀포시_호근동,OCCURRED_IN_REGION
AE_FIRE_EM_04483,REG_서귀포시_강정동,OCCURRED_IN_REGION
AE_FIRE_EM_04484,REG_서귀포시_강정동,OCCURRED_IN_REGION
AE_FIRE_EM_04485,REG_서귀포시_중문동,OCCURRED_IN_REGION
AE_FIRE_EM_04486,REG_서귀포시_법환동,OCCURRED_IN_REGION
AE_FIRE_EM_04487,REG_서귀포시_강정동,OCCURRED_IN_REGION
AE_FIRE_EM_04488,REG_서귀포시_강정동,OCCURRED_IN_REGION
AE_FIRE_EM_04489,REG_서귀포시_서귀동,OCCURRED_IN_REGION
AE_FIRE_EM_04490,REG_서귀포시_법환동,OCCURRED_IN_REGION
AE_FIRE_EM_04491,REG_서귀포시_강정동,OCCURRED_IN_REGION
AE_FIRE_EM_04492,REG_서귀포시_회수동,OCCURRED_IN_REGION
AE_FIRE_EM_04493,REG_서귀포시_법환동,OCCURRED_IN_REGION
AE_FIRE_EM_04494,REG_서귀포시_강정동,OCCURRED_IN_REGION
AE_FIRE_EM_04495,REG_서귀포시_강정동,OCCURRED_IN_REGION
AE_FIRE_EM_04496,REG_서귀포시_강정동,OCCURRED_IN_REGION
AE_FIRE_EM_04497,REG_서귀포시_강정동,OCCURRED_IN_REGION
AE_FIRE_EM_04498,REG_서귀포시_강정동,OCCURRED_IN_REGION
AE_FIRE_EM_04499,REG_서귀포시_서귀동,OCCURRED_IN_REGION
AE_FIRE_EM_04500,REG_서귀포시_강정동,OCCURRED_IN_REGION
AE_FIRE_EM_04501,REG_서귀포시_중문동,OCCURRED_IN_REGION
AE_FIRE_EM_04502,REG_서귀포시_강정동,OCCURRED_IN_REGION
AE_FIRE_EM_04503,REG_서귀포시_강정동,OCCURRED_IN_REGION
AE_FIRE_EM_04504,REG_서귀포시_강정동,OCCURRED_IN_REGION
AE_FIRE_EM_04505,REG_서귀포시_법환동,OCCURRED_IN_REGION
AE_FIRE_EM_04506,REG_서귀포시_서홍동,OCCURRED_IN_REGION
AE_FIRE_EM_04507,REG_서귀포시_대포동,OCCURRED_IN_REGION
AE_FIRE_EM_04508,REG_서귀포시_영남동,OCCURRED_IN_REGION
AE_FIRE_EM_04509,REG_서귀포시_강정동,OCCURRED_IN_REGION
AE_FIRE_EM_04510,REG_서귀포시_강정동,OCCURRED_IN_REGION
AE_FIRE_EM_04511,REG_서귀포시_안덕면,OCCURRED_IN_REGION
AE_FIRE_EM_04512,REG_서귀포시_안덕면,OCCURRED_IN_REGION
AE_FIRE_EM_04513,REG_서귀포시_색달동,OCCURRED_IN_REGION
AE_FIRE_EM_04514,REG_서귀포시_법환동,OCCURRED_IN_REGION
AE_FIRE_EM_04515,REG_서귀포시_강정동,OCCURRED_IN_REGION
AE_FIRE_EM_04516,REG_서귀포시_강정동,OCCURRED_IN_REGION
AE_FIRE_EM_04517,REG_서귀포시_강정동,OCCURRED_IN_REGION
AE_FIRE_EM_04518,REG_서귀포시_강정동,OCCURRED_IN_REGION
AE_FIRE_EM_04519,REG_서귀포시_강정동,OCCURRED_IN_REGION
AE_FIRE_EM_04520,REG_서귀포시_회수동,OCCURRED_IN_REGION
AE_FIRE_EM_04521,REG_서귀포시_회수동,OCCURRED_IN_REGION
AE_FIRE_EM_04522,REG_서귀포시_동홍동,OCCURRED_IN_REGION
AE_FIRE_EM_04523,REG_서귀포시_법환동,OCCURRED_IN_REGION
AE_FIRE_EM_04524,REG_서귀포시_법환동,OCCURRED_IN_REGION
AE_FIRE_EM_04525,REG_서귀포시_강정동,OCCURRED_IN_REGION
AE_FIRE_EM_04526,REG_서귀포시_서호동,OCCURRED_IN_REGION
AE_FIRE_EM_04527,REG_서귀포시_법환동,OCCURRED_IN_REGION
AE_FIRE_EM_04528,REG_서귀포시_서귀동,OCCURRED_IN_REGION
AE_FIRE_EM_04529,REG_서귀포시_하원동,OCCURRED_IN_REGION
AE_FIRE_EM_04530,REG_서귀포시_호근동,OCCURRED_IN_REGION
AE_FIRE_EM_04531,REG_서귀포시_서호동,OCCURRED_IN_REGION
AE_FIRE_EM_04532,REG_서귀포시_남원읍,OCCURRED_IN_REGION
AE_FIRE_EM_04533,REG_서귀포시_대포동,OCCURRED_IN_REGION
AE_FIRE_EM_04534,REG_서귀포시_대포동,OCCURRED_IN_REGION
AE_FIRE_EM_04535,REG_서귀포시_대포동,OCCURRED_IN_REGION
AE_FIRE_EM_04536,REG_서귀포시_대포동,OCCURRED_IN_REGION
AE_FIRE_EM_04537,REG_서귀포시_대포동,OCCURRED_IN_REGION
AE_FIRE_EM_04538,REG_서귀포시_강정동,OCCURRED_IN_REGION
AE_FIRE_EM_04539,REG_서귀포시_법환동,OCCURRED_IN_REGION
AE_FIRE_EM_04540,REG_서귀포시_서호동,OCCURRED_IN_REGION
AE_FIRE_EM_04541,REG_서귀포시_서귀동,OCCURRED_IN_REGION
AE_FIRE_EM_04542,REG_서귀포시_안덕면,OCCURRED_IN_REGION
AE_FIRE_EM_04543,REG_서귀포시_법환동,OCCURRED_IN_REGION
AE_FIRE_EM_04544,REG_서귀포시_법환동,OCCURRED_IN_REGION
AE_FIRE_EM_04545,REG_서귀포시_강정동,OCCURRED_IN_REGION
AE_FIRE_EM_04546,REG_서귀포시_법환동,OCCURRED_IN_REGION
AE_FIRE_EM_04547,REG_서귀포시_중문동,OCCURRED_IN_REGION
AE_FIRE_EM_04548,REG_서귀포시_법환동,OCCURRED_IN_REGION
AE_FIRE_EM_04549,REG_서귀포시_중문동,OCCURRED_IN_REGION
AE_FIRE_EM_04550,REG_서귀포시_서호동,OCCURRED_IN_REGION
AE_FIRE_EM_04551,REG_서귀포시_중문동,OCCURRED_IN_REGION
AE_FIRE_EM_04552,REG_서귀포시_호근동,OCCURRED_IN_REGION
AE_FIRE_EM_04553,REG_서귀포시_성산읍,OCCURRED_IN_REGION
AE_FIRE_EM_04554,REG_서귀포시_표선면,OCCURRED_IN_REGION
AE_FIRE_EM_04555,REG_서귀포시_표선면,OCCURRED_IN_REGION
AE_FIRE_EM_04556,REG_서귀포시_남원읍,OCCURRED_IN_REGION
AE_FIRE_EM_04557,REG_서귀포시_남원읍,OCCURRED_IN_REGION
AE_FIRE_EM_04558,REG_서귀포시_성산읍,OCCURRED_IN_REGION
AE_FIRE_EM_04559,REG_서귀포시_성산읍,OCCURRED_IN_REGION
AE_FIRE_EM_04560,REG_서귀포시_성산읍,OCCURRED_IN_REGION
AE_FIRE_EM_04561,REG_서귀포시_표선면,OCCURRED_IN_REGION
AE_FIRE_EM_04562,REG_제주시_구좌읍,OCCURRED_IN_REGION
AE_FIRE_EM_04563,REG_제주시_구좌읍,OCCURRED_IN_REGION
AE_FIRE_EM_04564,REG_서귀포시_표선면,OCCURRED_IN_REGION
AE_FIRE_EM_04565,REG_서귀포시_표선면,OCCURRED_IN_REGION
AE_FIRE_EM_04566,REG_서귀포시_표선면,OCCURRED_IN_REGION
AE_FIRE_EM_04567,REG_서귀포시_표선면,OCCURRED_IN_REGION
AE_FIRE_EM_04568,REG_제주시_구좌읍,OCCURRED_IN_REGION
AE_FIRE_EM_04569,REG_제주시_조천읍,OCCURRED_IN_REGION
AE_FIRE_EM_04570,REG_제주시_조천읍,OCCURRED_IN_REGION
AE_FIRE_EM_04571,REG_서귀포시_표선면,OCCURRED_IN_REGION
AE_FIRE_EM_04572,REG_제주시_구좌읍,OCCURRED_IN_REGION
AE_FIRE_EM_04573,REG_서귀포시_표선면,OCCURRED_IN_REGION
AE_FIRE_EM_04574,REG_제주시_구좌읍,OCCURRED_IN_REGION
AE_FIRE_EM_04575,REG_서귀포시_표선면,OCCURRED_IN_REGION
AE_FIRE_EM_04576,REG_서귀포시_표선면,OCCURRED_IN_REGION
AE_FIRE_EM_04577,REG_서귀포시_표선면,OCCURRED_IN_REGION
AE_FIRE_EM_04578,REG_제주시_조천읍,OCCURRED_IN_REGION
AE_FIRE_EM_04579,REG_제주시_조천읍,OCCURRED_IN_REGION
AE_FIRE_EM_04580,REG_서귀포시_표선면,OCCURRED_IN_REGION
AE_FIRE_EM_04581,REG_제주시_구좌읍,OCCURRED_IN_REGION
AE_FIRE_EM_04582,REG_제주시_조천읍,OCCURRED_IN_REGION
AE_FIRE_EM_04583,REG_서귀포시_성산읍,OCCURRED_IN_REGION
AE_FIRE_EM_04584,REG_서귀포시_표선면,OCCURRED_IN_REGION
AE_FIRE_EM_04585,REG_서귀포시_표선면,OCCURRED_IN_REGION
AE_FIRE_EM_04586,REG_서귀포시_표선면,OCCURRED_IN_REGION
AE_FIRE_EM_04587,REG_제주시_구좌읍,OCCURRED_IN_REGION
AE_FIRE_EM_04588,REG_제주시_조천읍,OCCURRED_IN_REGION
AE_FIRE_EM_04589,REG_제주시_조천읍,OCCURRED_IN_REGION
AE_FIRE_EM_04590,REG_서귀포시_표선면,OCCURRED_IN_REGION
AE_FIRE_EM_04591,REG_서귀포시_남원읍,OCCURRED_IN_REGION
AE_FIRE_EM_04592,REG_서귀포시_표선면,OCCURRED_IN_REGION
AE_FIRE_EM_04593,REG_제주시_구좌읍,OCCURRED_IN_REGION
AE_FIRE_EM_04594,REG_제주시_조천읍,OCCURRED_IN_REGION
AE_FIRE_EM_04595,REG_서귀포시_성산읍,OCCURRED_IN_REGION
AE_FIRE_EM_04596,REG_서귀포시_표선면,OCCURRED_IN_REGION
AE_FIRE_EM_04597,REG_서귀포시_표선면,OCCURRED_IN_REGION
AE_FIRE_EM_04598,REG_서귀포시_성산읍,OCCURRED_IN_REGION
AE_FIRE_EM_04599,REG_서귀포시_표선면,OCCURRED_IN_REGION
AE_FIRE_EM_04600,REG_서귀포시_표선면,OCCURRED_IN_REGION
AE_FIRE_EM_04601,REG_서귀포시_표선면,OCCURRED_IN_REGION
AE_FIRE_EM_04602,REG_제주시_조천읍,OCCURRED_IN_REGION
AE_FIRE_EM_04603,REG_서귀포시_성산읍,OCCURRED_IN_REGION
AE_FIRE_EM_04604,REG_서귀포시_성산읍,OCCURRED_IN_REGION
AE_FIRE_EM_04605,REG_서귀포시_성산읍,OCCURRED_IN_REGION
AE_FIRE_EM_04606,REG_제주시_구좌읍,OCCURRED_IN_REGION
AE_FIRE_EM_04607,REG_서귀포시_표선면,OCCURRED_IN_REGION
AE_FIRE_EM_04608,REG_서귀포시_성산읍,OCCURRED_IN_REGION
AE_FIRE_EM_04609,REG_서귀포시_표선면,OCCURRED_IN_REGION
AE_FIRE_EM_04610,REG_서귀포시_표선면,OCCURRED_IN_REGION
AE_FIRE_EM_04611,REG_서귀포시_성산읍,OCCURRED_IN_REGION
AE_FIRE_EM_04612,REG_서귀포시_성산읍,OCCURRED_IN_REGION
AE_FIRE_EM_04613,REG_서귀포시_성산읍,OCCURRED_IN_REGION
AE_FIRE_EM_04614,REG_제주시_구좌읍,OCCURRED_IN_REGION
AE_FIRE_EM_04615,REG_제주시_구좌읍,OCCURRED_IN_REGION
AE_FIRE_EM_04616,REG_제주시_한림읍,OCCURRED_IN_REGION
AE_FIRE_EM_04617,REG_제주시_한림읍,OCCURRED_IN_REGION
AE_FIRE_EM_04618,REG_제주시_한림읍,OCCURRED_IN_REGION
AE_FIRE_EM_04619,REG_제주시_한림읍,OCCURRED_IN_REGION
AE_FIRE_EM_04620,REG_제주시_애월읍,OCCURRED_IN_REGION
AE_FIRE_EM_04621,REG_제주시_한림읍,OCCURRED_IN_REGION
AE_FIRE_EM_04622,REG_제주시_애월읍,OCCURRED_IN_REGION
AE_FIRE_EM_04623,REG_제주시_애월읍,OCCURRED_IN_REGION
AE_FIRE_EM_04624,REG_제주시_애월읍,OCCURRED_IN_REGION
AE_FIRE_EM_04625,REG_제주시_애월읍,OCCURRED_IN_REGION
AE_FIRE_EM_04626,REG_제주시_한림읍,OCCURRED_IN_REGION
AE_FIRE_EM_04627,REG_제주시_한림읍,OCCURRED_IN_REGION
AE_FIRE_EM_04628,REG_제주시_한림읍,OCCURRED_IN_REGION
AE_FIRE_EM_04629,REG_제주시_한림읍,OCCURRED_IN_REGION
AE_FIRE_EM_04630,REG_제주시_한림읍,OCCURRED_IN_REGION
AE_FIRE_EM_04631,REG_제주시_한림읍,OCCURRED_IN_REGION
AE_FIRE_EM_04632,REG_제주시_한림읍,OCCURRED_IN_REGION
AE_FIRE_EM_04633,REG_제주시_한림읍,OCCURRED_IN_REGION
AE_FIRE_EM_04634,REG_제주시_한림읍,OCCURRED_IN_REGION
AE_FIRE_EM_04635,REG_제주시_애월읍,OCCURRED_IN_REGION
AE_FIRE_EM_04636,REG_제주시_한림읍,OCCURRED_IN_REGION
AE_FIRE_EM_04637,REG_제주시_한림읍,OCCURRED_IN_REGION
AE_FIRE_EM_04638,REG_제주시_한림읍,OCCURRED_IN_REGION
AE_FIRE_EM_04639,REG_제주시_한림읍,OCCURRED_IN_REGION
AE_FIRE_EM_04640,REG_제주시_한림읍,OCCURRED_IN_REGION
AE_FIRE_EM_04641,REG_제주시_애월읍,OCCURRED_IN_REGION
AE_FIRE_EM_04642,REG_제주시_한림읍,OCCURRED_IN_REGION
AE_FIRE_EM_04643,REG_제주시_한림읍,OCCURRED_IN_REGION
AE_FIRE_EM_04644,REG_제주시_한림읍,OCCURRED_IN_REGION
AE_FIRE_EM_04645,REG_제주시_한림읍,OCCURRED_IN_REGION
AE_FIRE_EM_04646,REG_제주시_한림읍,OCCURRED_IN_REGION
AE_FIRE_EM_04647,REG_제주시_한림읍,OCCURRED_IN_REGION
AE_FIRE_EM_04648,REG_제주시_한림읍,OCCURRED_IN_REGION
AE_FIRE_EM_04649,REG_제주시_한경면,OCCURRED_IN_REGION
AE_FIRE_EM_04650,REG_제주시_한림읍,OCCURRED_IN_REGION
AE_FIRE_EM_04651,REG_제주시_한림읍,OCCURRED_IN_REGION
AE_FIRE_EM_04652,REG_제주시_한림읍,OCCURRED_IN_REGION
AE_FIRE_EM_04653,REG_제주시_한림읍,OCCURRED_IN_REGION
AE_FIRE_EM_04654,REG_제주시_한림읍,OCCURRED_IN_REGION
AE_FIRE_EM_04655,REG_제주시_애월읍,OCCURRED_IN_REGION
AE_FIRE_EM_04656,REG_제주시_한림읍,OCCURRED_IN_REGION
AE_FIRE_EM_04657,REG_제주시_한림읍,OCCURRED_IN_REGION
AE_FIRE_EM_04658,REG_제주시_한림읍,OCCURRED_IN_REGION
AE_FIRE_EM_04659,REG_제주시_한림읍,OCCURRED_IN_REGION
AE_FIRE_EM_04660,REG_제주시_한림읍,OCCURRED_IN_REGION
AE_FIRE_EM_04661,REG_제주시_한림읍,OCCURRED_IN_REGION
AE_FIRE_EM_04662,REG_제주시_한림읍,OCCURRED_IN_REGION
AE_FIRE_EM_04663,REG_제주시_한림읍,OCCURRED_IN_REGION
AE_FIRE_EM_04664,REG_제주시_한림읍,OCCURRED_IN_REGION
AE_FIRE_EM_04665,REG_제주시_한림읍,OCCURRED_IN_REGION
AE_FIRE_EM_04666,REG_제주시_한림읍,OCCURRED_IN_REGION
AE_FIRE_EM_04667,REG_제주시_한림읍,OCCURRED_IN_REGION
AE_FIRE_EM_04668,REG_제주시_애월읍,OCCURRED_IN_REGION
AE_FIRE_EM_04669,REG_제주시_애월읍,OCCURRED_IN_REGION
AE_FIRE_EM_04670,REG_제주시_한림읍,OCCURRED_IN_REGION
AE_FIRE_EM_04671,REG_제주시_한림읍,OCCURRED_IN_REGION
AE_FIRE_EM_04672,REG_제주시_한림읍,OCCURRED_IN_REGION
AE_FIRE_EM_04673,REG_제주시_한림읍,OCCURRED_IN_REGION
AE_FIRE_EM_04674,REG_제주시_한림읍,OCCURRED_IN_REGION
AE_FIRE_EM_04675,REG_제주시_한림읍,OCCURRED_IN_REGION
AE_FIRE_EM_04676,REG_제주시_한림읍,OCCURRED_IN_REGION
AE_FIRE_EM_04677,REG_제주시_한림읍,OCCURRED_IN_REGION
AE_FIRE_EM_04678,REG_제주시_애월읍,OCCURRED_IN_REGION
AE_FIRE_EM_04679,REG_제주시_한림읍,OCCURRED_IN_REGION
AE_FIRE_EM_04680,REG_제주시_애월읍,OCCURRED_IN_REGION
AE_FIRE_EM_04681,REG_제주시_한림읍,OCCURRED_IN_REGION
AE_FIRE_EM_04682,REG_제주시_한림읍,OCCURRED_IN_REGION
AE_FIRE_EM_04683,REG_제주시_한림읍,OCCURRED_IN_REGION
AE_FIRE_EM_04684,REG_제주시_한림읍,OCCURRED_IN_REGION
AE_FIRE_EM_04685,REG_제주시_한림읍,OCCURRED_IN_REGION
AE_FIRE_EM_04686,REG_제주시_애월읍,OCCURRED_IN_REGION
AE_FIRE_EM_04687,REG_제주시_애월읍,OCCURRED_IN_REGION
AE_FIRE_EM_04688,REG_제주시_한림읍,OCCURRED_IN_REGION
AE_FIRE_EM_04689,REG_제주시_애월읍,OCCURRED_IN_REGION
AE_FIRE_EM_04690,REG_제주시_한림읍,OCCURRED_IN_REGION
AE_FIRE_EM_04691,REG_서귀포시_안덕면,OCCURRED_IN_REGION
AE_FIRE_EM_04692,REG_제주시_한림읍,OCCURRED_IN_REGION
AE_FIRE_EM_04693,REG_제주시_한림읍,OCCURRED_IN_REGION
AE_FIRE_EM_04694,REG_제주시_한경면,OCCURRED_IN_REGION
AE_FIRE_EM_04695,REG_제주시_한림읍,OCCURRED_IN_REGION
AE_FIRE_EM_04696,REG_제주시_애월읍,OCCURRED_IN_REGION
AE_FIRE_EM_04697,REG_제주시_애월읍,OCCURRED_IN_REGION
AE_FIRE_EM_04698,REG_제주시_한림읍,OCCURRED_IN_REGION
AE_FIRE_EM_04699,REG_제주시_한림읍,OCCURRED_IN_REGION
AE_FIRE_EM_04700,REG_제주시_한림읍,OCCURRED_IN_REGION
AE_FIRE_EM_04701,REG_제주시_애월읍,OCCURRED_IN_REGION
AE_FIRE_EM_04702,REG_제주시_애월읍,OCCURRED_IN_REGION
AE_FIRE_EM_04703,REG_제주시_애월읍,OCCURRED_IN_REGION
AE_FIRE_EM_04704,REG_제주시_애월읍,OCCURRED_IN_REGION
AE_FIRE_EM_04705,REG_제주시_애월읍,OCCURRED_IN_REGION
AE_FIRE_EM_04706,REG_제주시_한림읍,OCCURRED_IN_REGION
AE_FIRE_EM_04707,REG_제주시_한경면,OCCURRED_IN_REGION
AE_FIRE_EM_04708,REG_제주시_한림읍,OCCURRED_IN_REGION
AE_FIRE_EM_04709,REG_제주시_한림읍,OCCURRED_IN_REGION
AE_FIRE_EM_04710,REG_제주시_한림읍,OCCURRED_IN_REGION
AE_FIRE_EM_04711,REG_제주시_한림읍,OCCURRED_IN_REGION
AE_FIRE_EM_04712,REG_제주시_한림읍,OCCURRED_IN_REGION
AE_FIRE_EM_04713,REG_제주시_애월읍,OCCURRED_IN_REGION
AE_FIRE_EM_04714,REG_제주시_한림읍,OCCURRED_IN_REGION
AE_FIRE_EM_04715,REG_제주시_한경면,OCCURRED_IN_REGION
AE_FIRE_EM_04716,REG_제주시_애월읍,OCCURRED_IN_REGION
AE_FIRE_EM_04717,REG_제주시_한림읍,OCCURRED_IN_REGION
AE_FIRE_EM_04718,REG_제주시_한경면,OCCURRED_IN_REGION
AE_FIRE_EM_04719,REG_제주시_애월읍,OCCURRED_IN_REGION
AE_FIRE_EM_04720,REG_제주시_애월읍,OCCURRED_IN_REGION
AE_FIRE_EM_04721,REG_서귀포시_안덕면,OCCURRED_IN_REGION
AE_FIRE_EM_04722,REG_서귀포시_안덕면,OCCURRED_IN_REGION
AE_FIRE_EM_04723,REG_제주시_애월읍,OCCURRED_IN_REGION
AE_FIRE_EM_04724,REG_제주시_한림읍,OCCURRED_IN_REGION
AE_FIRE_EM_04725,REG_제주시_한림읍,OCCURRED_IN_REGION
AE_FIRE_EM_04726,REG_제주시_한림읍,OCCURRED_IN_REGION
AE_FIRE_EM_04727,REG_제주시_한림읍,OCCURRED_IN_REGION
AE_FIRE_EM_04728,REG_제주시_한림읍,OCCURRED_IN_REGION
AE_FIRE_EM_04729,REG_제주시_한림읍,OCCURRED_IN_REGION
AE_FIRE_EM_04730,REG_제주시_한림읍,OCCURRED_IN_REGION
AE_FIRE_EM_04731,REG_서귀포시_안덕면,OCCURRED_IN_REGION
AE_FIRE_EM_04732,REG_제주시_한경면,OCCURRED_IN_REGION
AE_FIRE_EM_04733,REG_제주시_한림읍,OCCURRED_IN_REGION
AE_FIRE_EM_04734,REG_제주시_한림읍,OCCURRED_IN_REGION
AE_FIRE_EM_04735,REG_제주시_한림읍,OCCURRED_IN_REGION
AE_FIRE_EM_04736,REG_제주시_한림읍,OCCURRED_IN_REGION
AE_FIRE_EM_04737,REG_제주시_한림읍,OCCURRED_IN_REGION
AE_FIRE_EM_04738,REG_제주시_한림읍,OCCURRED_IN_REGION
AE_FIRE_EM_04739,REG_제주시_한림읍,OCCURRED_IN_REGION
AE_FIRE_EM_04740,REG_제주시_한림읍,OCCURRED_IN_REGION
AE_FIRE_EM_04741,REG_제주시_한림읍,OCCURRED_IN_REGION
AE_FIRE_EM_04742,REG_제주시_한림읍,OCCURRED_IN_REGION
AE_FIRE_EM_04743,REG_제주시_애월읍,OCCURRED_IN_REGION
AE_FIRE_EM_04744,REG_제주시_한림읍,OCCURRED_IN_REGION
AE_FIRE_EM_04745,REG_제주시_한림읍,OCCURRED_IN_REGION
AE_FIRE_EM_04746,REG_제주시_한림읍,OCCURRED_IN_REGION
AE_FIRE_EM_04747,REG_제주시_한림읍,OCCURRED_IN_REGION
AE_FIRE_EM_04748,REG_제주시_한림읍,OCCURRED_IN_REGION
AE_FIRE_EM_04749,REG_제주시_한림읍,OCCURRED_IN_REGION
AE_FIRE_EM_04750,REG_제주시_한림읍,OCCURRED_IN_REGION
AE_FIRE_EM_04751,REG_제주시_한림읍,OCCURRED_IN_REGION
AE_FIRE_EM_04752,REG_제주시_한림읍,OCCURRED_IN_REGION
AE_FIRE_EM_04753,REG_제주시_한림읍,OCCURRED_IN_REGION
AE_FIRE_EM_04754,REG_제주시_한림읍,OCCURRED_IN_REGION
AE_FIRE_EM_04755,REG_제주시_한림읍,OCCURRED_IN_REGION
AE_FIRE_EM_04756,REG_제주시_한림읍,OCCURRED_IN_REGION
AE_FIRE_EM_04757,REG_제주시_한경면,OCCURRED_IN_REGION
AE_FIRE_EM_04758,REG_제주시_한림읍,OCCURRED_IN_REGION
AE_FIRE_EM_04759,REG_제주시_한림읍,OCCURRED_IN_REGION
AE_FIRE_EM_04760,REG_제주시_한림읍,OCCURRED_IN_REGION
AE_FIRE_EM_04761,REG_제주시_한림읍,OCCURRED_IN_REGION
AE_FIRE_EM_04762,REG_제주시_한림읍,OCCURRED_IN_REGION
AE_FIRE_EM_04763,REG_제주시_애월읍,OCCURRED_IN_REGION
AE_FIRE_EM_04764,REG_제주시_한림읍,OCCURRED_IN_REGION
AE_FIRE_EM_04765,REG_제주시_한림읍,OCCURRED_IN_REGION
AE_FIRE_EM_04766,REG_제주시_한림읍,OCCURRED_IN_REGION
AE_FIRE_EM_04767,REG_제주시_한림읍,OCCURRED_IN_REGION
AE_FIRE_EM_04768,REG_제주시_애월읍,OCCURRED_IN_REGION
AE_FIRE_EM_04769,REG_제주시_한림읍,OCCURRED_IN_REGION
AE_FIRE_EM_04770,REG_제주시_한림읍,OCCURRED_IN_REGION
AE_FIRE_EM_04771,REG_제주시_한림읍,OCCURRED_IN_REGION
AE_FIRE_EM_04772,REG_제주시_한림읍,OCCURRED_IN_REGION
AE_FIRE_EM_04773,REG_제주시_애월읍,OCCURRED_IN_REGION
AE_FIRE_EM_04774,REG_제주시_한림읍,OCCURRED_IN_REGION
AE_FIRE_EM_04775,REG_제주시_한림읍,OCCURRED_IN_REGION
AE_FIRE_EM_04776,REG_제주시_애월읍,OCCURRED_IN_REGION
AE_FIRE_EM_04777,REG_제주시_애월읍,OCCURRED_IN_REGION
AE_FIRE_EM_04778,REG_제주시_한림읍,OCCURRED_IN_REGION
AE_FIRE_EM_04779,REG_제주시_한림읍,OCCURRED_IN_REGION
AE_FIRE_EM_04780,REG_제주시_한림읍,OCCURRED_IN_REGION
AE_FIRE_EM_04781,REG_제주시_한림읍,OCCURRED_IN_REGION
AE_FIRE_EM_04782,REG_제주시_한림읍,OCCURRED_IN_REGION
AE_FIRE_EM_04783,REG_제주시_애월읍,OCCURRED_IN_REGION
AE_FIRE_EM_04784,REG_제주시_한림읍,OCCURRED_IN_REGION
AE_FIRE_EM_04785,REG_제주시_한경면,OCCURRED_IN_REGION
AE_FIRE_EM_04786,REG_제주시_한림읍,OCCURRED_IN_REGION
AE_FIRE_EM_04787,REG_제주시_애월읍,OCCURRED_IN_REGION
AE_FIRE_EM_04788,REG_제주시_애월읍,OCCURRED_IN_REGION
AE_FIRE_EM_04789,REG_제주시_애월읍,OCCURRED_IN_REGION
AE_FIRE_EM_04790,REG_제주시_한림읍,OCCURRED_IN_REGION
AE_FIRE_EM_04791,REG_제주시_애월읍,OCCURRED_IN_REGION
AE_FIRE_EM_04792,REG_제주시_한림읍,OCCURRED_IN_REGION
AE_FIRE_EM_04793,REG_제주시_한림읍,OCCURRED_IN_REGION
AE_FIRE_EM_04794,REG_제주시_한림읍,OCCURRED_IN_REGION
AE_FIRE_EM_04795,REG_제주시_한림읍,OCCURRED_IN_REGION
AE_FIRE_EM_04796,REG_제주시_한림읍,OCCURRED_IN_REGION
AE_FIRE_EM_04797,REG_제주시_한림읍,OCCURRED_IN_REGION
AE_FIRE_EM_04798,REG_제주시_애월읍,OCCURRED_IN_REGION
AE_FIRE_EM_04799,REG_제주시_한림읍,OCCURRED_IN_REGION
AE_FIRE_EM_04800,REG_제주시_애월읍,OCCURRED_IN_REGION
AE_FIRE_EM_04801,REG_제주시_한경면,OCCURRED_IN_REGION
AE_FIRE_EM_04802,REG_제주시_한림읍,OCCURRED_IN_REGION
AE_FIRE_EM_04803,REG_제주시_한림읍,OCCURRED_IN_REGION
AE_FIRE_EM_04804,REG_제주시_한림읍,OCCURRED_IN_REGION
AE_FIRE_EM_04805,REG_제주시_애월읍,OCCURRED_IN_REGION
AE_FIRE_EM_04806,REG_제주시_애월읍,OCCURRED_IN_REGION
AE_FIRE_EM_04807,REG_제주시_애월읍,OCCURRED_IN_REGION
AE_FIRE_EM_04808,REG_제주시_애월읍,OCCURRED_IN_REGION
AE_FIRE_EM_04809,REG_제주시_애월읍,OCCURRED_IN_REGION
AE_FIRE_EM_04810,REG_제주시_애월읍,OCCURRED_IN_REGION
AE_FIRE_EM_04811,REG_제주시_애월읍,OCCURRED_IN_REGION
AE_FIRE_EM_04812,REG_제주시_애월읍,OCCURRED_IN_REGION
AE_FIRE_EM_04813,REG_제주시_애월읍,OCCURRED_IN_REGION
AE_FIRE_EM_04814,REG_제주시_애월읍,OCCURRED_IN_REGION
AE_FIRE_EM_04815,REG_제주시_애월읍,OCCURRED_IN_REGION
AE_FIRE_EM_04816,REG_제주시_애월읍,OCCURRED_IN_REGION
AE_FIRE_EM_04817,REG_제주시_애월읍,OCCURRED_IN_REGION
AE_FIRE_EM_04818,REG_제주시_애월읍,OCCURRED_IN_REGION
AE_FIRE_EM_04819,REG_제주시_애월읍,OCCURRED_IN_REGION
AE_FIRE_EM_04820,REG_제주시_애월읍,OCCURRED_IN_REGION
AE_FIRE_EM_04821,REG_제주시_애월읍,OCCURRED_IN_REGION
AE_FIRE_EM_04822,REG_제주시_애월읍,OCCURRED_IN_REGION
AE_FIRE_EM_04823,REG_제주시_애월읍,OCCURRED_IN_REGION
AE_FIRE_EM_04824,REG_제주시_애월읍,OCCURRED_IN_REGION
AE_FIRE_EM_04825,REG_제주시_애월읍,OCCURRED_IN_REGION
AE_FIRE_EM_04826,REG_제주시_애월읍,OCCURRED_IN_REGION
AE_FIRE_EM_04827,REG_제주시_애월읍,OCCURRED_IN_REGION
AE_FIRE_EM_04828,REG_제주시_애월읍,OCCURRED_IN_REGION
AE_FIRE_EM_04829,REG_제주시_애월읍,OCCURRED_IN_REGION
AE_FIRE_EM_04830,REG_제주시_애월읍,OCCURRED_IN_REGION
AE_FIRE_EM_04831,REG_제주시_애월읍,OCCURRED_IN_REGION
AE_FIRE_EM_04832,REG_제주시_애월읍,OCCURRED_IN_REGION
AE_FIRE_EM_04833,REG_제주시_애월읍,OCCURRED_IN_REGION
AE_FIRE_EM_04834,REG_제주시_애월읍,OCCURRED_IN_REGION
AE_FIRE_EM_04835,REG_제주시_애월읍,OCCURRED_IN_REGION
AE_FIRE_EM_04836,REG_제주시_애월읍,OCCURRED_IN_REGION
AE_FIRE_EM_04837,REG_제주시_애월읍,OCCURRED_IN_REGION
AE_FIRE_EM_04838,REG_제주시_애월읍,OCCURRED_IN_REGION
AE_FIRE_EM_04839,REG_제주시_애월읍,OCCURRED_IN_REGION
AE_FIRE_EM_04840,REG_제주시_애월읍,OCCURRED_IN_REGION
AE_FIRE_EM_04841,REG_제주시_애월읍,OCCURRED_IN_REGION
AE_FIRE_EM_04842,REG_제주시_애월읍,OCCURRED_IN_REGION
AE_FIRE_EM_04843,REG_제주시_애월읍,OCCURRED_IN_REGION
AE_FIRE_EM_04844,REG_제주시_애월읍,OCCURRED_IN_REGION
AE_FIRE_EM_04845,REG_제주시_애월읍,OCCURRED_IN_REGION
AE_FIRE_EM_04846,REG_제주시_애월읍,OCCURRED_IN_REGION
AE_FIRE_EM_04847,REG_제주시_애월읍,OCCURRED_IN_REGION
AE_FIRE_EM_04848,REG_제주시_애월읍,OCCURRED_IN_REGION
AE_FIRE_EM_04849,REG_제주시_애월읍,OCCURRED_IN_REGION
AE_FIRE_EM_04850,REG_제주시_애월읍,OCCURRED_IN_REGION
AE_FIRE_EM_04851,REG_제주시_애월읍,OCCURRED_IN_REGION
AE_FIRE_EM_04852,REG_제주시_애월읍,OCCURRED_IN_REGION
AE_FIRE_EM_04853,REG_제주시_애월읍,OCCURRED_IN_REGION
AE_FIRE_EM_04854,REG_제주시_애월읍,OCCURRED_IN_REGION
AE_FIRE_EM_04855,REG_제주시_애월읍,OCCURRED_IN_REGION
AE_FIRE_EM_04856,REG_제주시_애월읍,OCCURRED_IN_REGION
AE_FIRE_EM_04857,REG_제주시_애월읍,OCCURRED_IN_REGION
AE_FIRE_EM_04858,REG_제주시_애월읍,OCCURRED_IN_REGION
AE_FIRE_EM_04859,REG_제주시_애월읍,OCCURRED_IN_REGION
AE_FIRE_EM_04860,REG_제주시_애월읍,OCCURRED_IN_REGION
AE_FIRE_EM_04861,REG_제주시_애월읍,OCCURRED_IN_REGION
AE_FIRE_EM_04862,REG_제주시_애월읍,OCCURRED_IN_REGION
AE_FIRE_EM_04863,REG_제주시_애월읍,OCCURRED_IN_REGION
AE_FIRE_EM_04864,REG_제주시_애월읍,OCCURRED_IN_REGION
AE_FIRE_EM_04865,REG_제주시_애월읍,OCCURRED_IN_REGION
AE_FIRE_EM_04866,REG_제주시_애월읍,OCCURRED_IN_REGION
AE_FIRE_EM_04867,REG_제주시_애월읍,OCCURRED_IN_REGION
AE_FIRE_EM_04868,REG_제주시_애월읍,OCCURRED_IN_REGION
AE_FIRE_EM_04869,REG_제주시_애월읍,OCCURRED_IN_REGION
AE_FIRE_EM_04870,REG_제주시_애월읍,OCCURRED_IN_REGION
AE_FIRE_EM_04871,REG_제주시_애월읍,OCCURRED_IN_REGION
AE_FIRE_EM_04872,REG_제주시_애월읍,OCCURRED_IN_REGION
AE_FIRE_EM_04873,REG_제주시_애월읍,OCCURRED_IN_REGION
AE_FIRE_EM_04874,REG_제주시_애월읍,OCCURRED_IN_REGION
AE_FIRE_EM_04875,REG_제주시_애월읍,OCCURRED_IN_REGION
AE_FIRE_EM_04876,REG_제주시_애월읍,OCCURRED_IN_REGION
AE_FIRE_EM_04877,REG_제주시_애월읍,OCCURRED_IN_REGION
AE_FIRE_EM_04878,REG_제주시_애월읍,OCCURRED_IN_REGION
AE_FIRE_EM_04879,REG_제주시_애월읍,OCCURRED_IN_REGION
AE_FIRE_EM_04880,REG_제주시_애월읍,OCCURRED_IN_REGION
AE_FIRE_EM_04881,REG_제주시_애월읍,OCCURRED_IN_REGION
AE_FIRE_EM_04882,REG_제주시_애월읍,OCCURRED_IN_REGION
AE_FIRE_EM_04883,REG_제주시_애월읍,OCCURRED_IN_REGION
AE_FIRE_EM_04884,REG_제주시_애월읍,OCCURRED_IN_REGION
AE_FIRE_EM_04885,REG_제주시_애월읍,OCCURRED_IN_REGION
AE_FIRE_EM_04886,REG_제주시_애월읍,OCCURRED_IN_REGION
AE_FIRE_EM_04887,REG_제주시_애월읍,OCCURRED_IN_REGION
AE_FIRE_EM_04888,REG_제주시_한림읍,OCCURRED_IN_REGION
AE_FIRE_EM_04889,REG_제주시_애월읍,OCCURRED_IN_REGION
AE_FIRE_EM_04890,REG_제주시_애월읍,OCCURRED_IN_REGION
AE_FIRE_EM_04891,REG_제주시_애월읍,OCCURRED_IN_REGION
AE_FIRE_EM_04892,REG_제주시_한림읍,OCCURRED_IN_REGION
AE_FIRE_EM_04893,REG_제주시_애월읍,OCCURRED_IN_REGION
AE_FIRE_EM_04894,REG_제주시_애월읍,OCCURRED_IN_REGION
AE_FIRE_EM_04895,REG_제주시_애월읍,OCCURRED_IN_REGION
AE_FIRE_EM_04896,REG_제주시_한림읍,OCCURRED_IN_REGION
AE_FIRE_EM_04897,REG_제주시_애월읍,OCCURRED_IN_REGION
AE_FIRE_EM_04898,REG_제주시_애월읍,OCCURRED_IN_REGION
AE_FIRE_EM_04899,REG_제주시_애월읍,OCCURRED_IN_REGION
AE_FIRE_EM_04900,REG_제주시_애월읍,OCCURRED_IN_REGION
AE_FIRE_EM_04901,REG_제주시_애월읍,OCCURRED_IN_REGION
AE_FIRE_EM_04902,REG_제주시_애월읍,OCCURRED_IN_REGION
AE_FIRE_EM_04903,REG_제주시_한림읍,OCCURRED_IN_REGION
AE_FIRE_EM_04904,REG_제주시_애월읍,OCCURRED_IN_REGION
AE_FIRE_EM_04905,REG_제주시_애월읍,OCCURRED_IN_REGION
AE_FIRE_EM_04906,REG_제주시_애월읍,OCCURRED_IN_REGION
AE_FIRE_EM_04907,REG_제주시_애월읍,OCCURRED_IN_REGION
AE_FIRE_EM_04908,REG_제주시_애월읍,OCCURRED_IN_REGION
AE_FIRE_EM_04909,REG_제주시_애월읍,OCCURRED_IN_REGION
AE_FIRE_EM_04910,REG_제주시_애월읍,OCCURRED_IN_REGION
AE_FIRE_EM_04911,REG_제주시_애월읍,OCCURRED_IN_REGION
AE_FIRE_EM_04912,REG_제주시_애월읍,OCCURRED_IN_REGION
AE_FIRE_EM_04913,REG_제주시_애월읍,OCCURRED_IN_REGION
AE_FIRE_EM_04914,REG_제주시_애월읍,OCCURRED_IN_REGION
AE_FIRE_EM_04915,REG_제주시_애월읍,OCCURRED_IN_REGION
AE_FIRE_EM_04916,REG_제주시_애월읍,OCCURRED_IN_REGION
AE_FIRE_EM_04917,REG_제주시_한림읍,OCCURRED_IN_REGION
AE_FIRE_EM_04918,REG_제주시_애월읍,OCCURRED_IN_REGION
AE_FIRE_EM_04919,REG_제주시_애월읍,OCCURRED_IN_REGION
AE_FIRE_EM_04920,REG_제주시_애월읍,OCCURRED_IN_REGION
AE_FIRE_EM_04921,REG_제주시_애월읍,OCCURRED_IN_REGION
AE_FIRE_EM_04922,REG_제주시_애월읍,OCCURRED_IN_REGION
AE_FIRE_EM_04923,REG_제주시_애월읍,OCCURRED_IN_REGION
AE_FIRE_EM_04924,REG_제주시_애월읍,OCCURRED_IN_REGION
AE_FIRE_EM_04925,REG_제주시_애월읍,OCCURRED_IN_REGION
AE_FIRE_EM_04926,REG_제주시_애월읍,OCCURRED_IN_REGION
AE_FIRE_EM_04927,REG_제주시_애월읍,OCCURRED_IN_REGION
AE_FIRE_EM_04928,REG_제주시_애월읍,OCCURRED_IN_REGION
AE_FIRE_EM_04929,REG_제주시_애월읍,OCCURRED_IN_REGION
AE_FIRE_EM_04930,REG_제주시_애월읍,OCCURRED_IN_REGION
AE_FIRE_EM_04931,REG_제주시_애월읍,OCCURRED_IN_REGION
AE_FIRE_EM_04932,REG_제주시_한경면,OCCURRED_IN_REGION
AE_FIRE_EM_04933,REG_제주시_한경면,OCCURRED_IN_REGION
AE_FIRE_EM_04934,REG_제주시_한경면,OCCURRED_IN_REGION
AE_FIRE_EM_04935,REG_제주시_한경면,OCCURRED_IN_REGION
AE_FIRE_EM_04936,REG_제주시_한경면,OCCURRED_IN_REGION
AE_FIRE_EM_04937,REG_제주시_한경면,OCCURRED_IN_REGION
AE_FIRE_EM_04938,REG_제주시_한림읍,OCCURRED_IN_REGION
AE_FIRE_EM_04939,REG_제주시_한경면,OCCURRED_IN_REGION
AE_FIRE_EM_04940,REG_제주시_한경면,OCCURRED_IN_REGION
AE_FIRE_EM_04941,REG_제주시_한경면,OCCURRED_IN_REGION
AE_FIRE_EM_04942,REG_제주시_한경면,OCCURRED_IN_REGION
AE_FIRE_EM_04943,REG_제주시_한경면,OCCURRED_IN_REGION
AE_FIRE_EM_04944,REG_제주시_한경면,OCCURRED_IN_REGION
AE_FIRE_EM_04945,REG_제주시_한림읍,OCCURRED_IN_REGION
AE_FIRE_EM_04946,REG_제주시_한경면,OCCURRED_IN_REGION
AE_FIRE_EM_04947,REG_제주시_한경면,OCCURRED_IN_REGION
AE_FIRE_EM_04948,REG_제주시_한경면,OCCURRED_IN_REGION
AE_FIRE_EM_04949,REG_제주시_한림읍,OCCURRED_IN_REGION
AE_FIRE_EM_04950,REG_제주시_한림읍,OCCURRED_IN_REGION
AE_FIRE_EM_04951,REG_서귀포시_대정읍,OCCURRED_IN_REGION
AE_FIRE_EM_04952,REG_제주시_한경면,OCCURRED_IN_REGION
AE_FIRE_EM_04953,REG_제주시_한경면,OCCURRED_IN_REGION
AE_FIRE_EM_04954,REG_제주시_한경면,OCCURRED_IN_REGION
AE_FIRE_EM_04955,REG_제주시_한경면,OCCURRED_IN_REGION
AE_FIRE_EM_04956,REG_제주시_한경면,OCCURRED_IN_REGION
AE_FIRE_EM_04957,REG_제주시_한경면,OCCURRED_IN_REGION
AE_FIRE_EM_04958,REG_제주시_한경면,OCCURRED_IN_REGION
AE_FIRE_EM_04959,REG_서귀포시_대정읍,OCCURRED_IN_REGION
AE_FIRE_EM_04960,REG_제주시_한경면,OCCURRED_IN_REGION
AE_FIRE_EM_04961,REG_서귀포시_안덕면,OCCURRED_IN_REGION
AE_FIRE_EM_04962,REG_제주시_한경면,OCCURRED_IN_REGION
AE_FIRE_EM_04963,REG_제주시_한림읍,OCCURRED_IN_REGION
AE_FIRE_EM_04964,REG_제주시_한림읍,OCCURRED_IN_REGION
AE_FIRE_EM_04965,REG_제주시_한경면,OCCURRED_IN_REGION
AE_FIRE_EM_04966,REG_제주시_한경면,OCCURRED_IN_REGION
AE_FIRE_EM_04967,REG_제주시_한경면,OCCURRED_IN_REGION
AE_FIRE_EM_04968,REG_제주시_한경면,OCCURRED_IN_REGION
AE_FIRE_EM_04969,REG_제주시_한경면,OCCURRED_IN_REGION
AE_FIRE_EM_04970,REG_제주시_한경면,OCCURRED_IN_REGION
AE_FIRE_EM_04971,REG_제주시_한림읍,OCCURRED_IN_REGION
AE_FIRE_EM_04972,REG_제주시_한경면,OCCURRED_IN_REGION
AE_FIRE_EM_04973,REG_제주시_한경면,OCCURRED_IN_REGION
AE_FIRE_EM_04974,REG_제주시_한경면,OCCURRED_IN_REGION
AE_FIRE_EM_04975,REG_제주시_한경면,OCCURRED_IN_REGION
AE_FIRE_EM_04976,REG_제주시_한경면,OCCURRED_IN_REGION
AE_FIRE_EM_04977,REG_서귀포시_대정읍,OCCURRED_IN_REGION
AE_FIRE_EM_04978,REG_서귀포시_대정읍,OCCURRED_IN_REGION
AE_FIRE_EM_04979,REG_서귀포시_대정읍,OCCURRED_IN_REGION
AE_FIRE_EM_04980,REG_서귀포시_대정읍,OCCURRED_IN_REGION
AE_FIRE_EM_04981,REG_서귀포시_대정읍,OCCURRED_IN_REGION
AE_FIRE_EM_04982,REG_서귀포시_대정읍,OCCURRED_IN_REGION
AE_FIRE_EM_04983,REG_서귀포시_대정읍,OCCURRED_IN_REGION
AE_FIRE_EM_04984,REG_서귀포시_대정읍,OCCURRED_IN_REGION
AE_FIRE_EM_04985,REG_서귀포시_대정읍,OCCURRED_IN_REGION
AE_FIRE_EM_04986,REG_서귀포시_대정읍,OCCURRED_IN_REGION
AE_FIRE_EM_04987,REG_서귀포시_대정읍,OCCURRED_IN_REGION
AE_FIRE_EM_04988,REG_서귀포시_대정읍,OCCURRED_IN_REGION
AE_FIRE_EM_04989,REG_서귀포시_대정읍,OCCURRED_IN_REGION
AE_FIRE_EM_04990,REG_서귀포시_대정읍,OCCURRED_IN_REGION
AE_FIRE_EM_04991,REG_서귀포시_대정읍,OCCURRED_IN_REGION
AE_FIRE_EM_04992,REG_서귀포시_안덕면,OCCURRED_IN_REGION
AE_FIRE_EM_04993,REG_서귀포시_대정읍,OCCURRED_IN_REGION
AE_FIRE_EM_04994,REG_서귀포시_대정읍,OCCURRED_IN_REGION
AE_FIRE_EM_04995,REG_서귀포시_대정읍,OCCURRED_IN_REGION
AE_FIRE_EM_04996,REG_서귀포시_안덕면,OCCURRED_IN_REGION
AE_FIRE_EM_04997,REG_서귀포시_안덕면,OCCURRED_IN_REGION
AE_FIRE_EM_04998,REG_제주시_한경면,OCCURRED_IN_REGION
AE_FIRE_EM_04999,REG_서귀포시_대정읍,OCCURRED_IN_REGION
AE_FIRE_EM_05000,REG_서귀포시_대정읍,OCCURRED_IN_REGION
AE_FIRE_EM_05001,REG_서귀포시_대정읍,OCCURRED_IN_REGION
AE_FIRE_EM_05002,REG_서귀포시_대정읍,OCCURRED_IN_REGION
AE_FIRE_EM_05003,REG_서귀포시_안덕면,OCCURRED_IN_REGION
AE_FIRE_EM_05004,REG_서귀포시_안덕면,OCCURRED_IN_REGION
AE_FIRE_EM_05005,REG_서귀포시_대정읍,OCCURRED_IN_REGION
AE_FIRE_EM_05006,REG_서귀포시_대정읍,OCCURRED_IN_REGION
AE_FIRE_EM_05007,REG_서귀포시_대정읍,OCCURRED_IN_REGION
AE_FIRE_EM_05008,REG_서귀포시_대정읍,OCCURRED_IN_REGION
AE_FIRE_EM_05009,REG_서귀포시_안덕면,OCCURRED_IN_REGION
AE_FIRE_EM_05010,REG_서귀포시_대정읍,OCCURRED_IN_REGION
AE_FIRE_EM_05011,REG_서귀포시_안덕면,OCCURRED_IN_REGION
AE_FIRE_EM_05012,REG_서귀포시_대정읍,OCCURRED_IN_REGION
AE_FIRE_EM_05013,REG_서귀포시_대정읍,OCCURRED_IN_REGION
AE_FIRE_EM_05014,REG_서귀포시_안덕면,OCCURRED_IN_REGION
AE_FIRE_EM_05015,REG_서귀포시_대정읍,OCCURRED_IN_REGION
AE_FIRE_EM_05016,REG_서귀포시_대정읍,OCCURRED_IN_REGION
AE_FIRE_EM_05017,REG_서귀포시_대정읍,OCCURRED_IN_REGION
AE_FIRE_EM_05018,REG_서귀포시_대정읍,OCCURRED_IN_REGION
AE_FIRE_EM_05019,REG_서귀포시_대정읍,OCCURRED_IN_REGION
AE_FIRE_EM_05020,REG_서귀포시_대정읍,OCCURRED_IN_REGION
AE_FIRE_EM_05021,REG_서귀포시_대정읍,OCCURRED_IN_REGION
AE_FIRE_EM_05022,REG_제주시_한경면,OCCURRED_IN_REGION
AE_FIRE_EM_05023,REG_서귀포시_대정읍,OCCURRED_IN_REGION
AE_FIRE_EM_05024,REG_서귀포시_대정읍,OCCURRED_IN_REGION
AE_FIRE_EM_05025,REG_서귀포시_대정읍,OCCURRED_IN_REGION
AE_FIRE_EM_05026,REG_서귀포시_대정읍,OCCURRED_IN_REGION
AE_FIRE_EM_05027,REG_서귀포시_대정읍,OCCURRED_IN_REGION
AE_FIRE_EM_05028,REG_서귀포시_대정읍,OCCURRED_IN_REGION
AE_FIRE_EM_05029,REG_서귀포시_안덕면,OCCURRED_IN_REGION
AE_FIRE_EM_05030,REG_서귀포시_대정읍,OCCURRED_IN_REGION
AE_FIRE_EM_05031,REG_서귀포시_대정읍,OCCURRED_IN_REGION
AE_FIRE_EM_05032,REG_서귀포시_색달동,OCCURRED_IN_REGION
AE_FIRE_EM_05033,REG_서귀포시_안덕면,OCCURRED_IN_REGION
AE_FIRE_EM_05034,REG_서귀포시_안덕면,OCCURRED_IN_REGION
AE_FIRE_EM_05035,REG_서귀포시_안덕면,OCCURRED_IN_REGION
AE_FIRE_EM_05036,REG_서귀포시_안덕면,OCCURRED_IN_REGION
AE_FIRE_EM_05037,REG_서귀포시_안덕면,OCCURRED_IN_REGION
AE_FIRE_EM_05038,REG_서귀포시_안덕면,OCCURRED_IN_REGION
AE_FIRE_EM_05039,REG_제주시_애월읍,OCCURRED_IN_REGION
AE_FIRE_EM_05040,REG_제주시_애월읍,OCCURRED_IN_REGION
AE_FIRE_EM_05041,REG_서귀포시_안덕면,OCCURRED_IN_REGION
AE_FIRE_EM_05042,REG_서귀포시_하예동,OCCURRED_IN_REGION
AE_FIRE_EM_05043,REG_서귀포시_안덕면,OCCURRED_IN_REGION
AE_FIRE_EM_05044,REG_서귀포시_안덕면,OCCURRED_IN_REGION
AE_FIRE_EM_05045,REG_서귀포시_안덕면,OCCURRED_IN_REGION
AE_FIRE_EM_05046,REG_서귀포시_안덕면,OCCURRED_IN_REGION
AE_FIRE_EM_05047,REG_서귀포시_안덕면,OCCURRED_IN_REGION
AE_FIRE_EM_05048,REG_서귀포시_안덕면,OCCURRED_IN_REGION
AE_FIRE_EM_05049,REG_서귀포시_색달동,OCCURRED_IN_REGION
AE_FIRE_EM_05050,REG_서귀포시_안덕면,OCCURRED_IN_REGION
AE_FIRE_EM_05051,REG_서귀포시_안덕면,OCCURRED_IN_REGION
AE_FIRE_EM_05052,REG_서귀포시_색달동,OCCURRED_IN_REGION
AE_FIRE_EM_05053,REG_서귀포시_안덕면,OCCURRED_IN_REGION
AE_FIRE_EM_05054,REG_서귀포시_안덕면,OCCURRED_IN_REGION
AE_FIRE_EM_05055,REG_서귀포시_안덕면,OCCURRED_IN_REGION
AE_FIRE_EM_05056,REG_서귀포시_대정읍,OCCURRED_IN_REGION
AE_FIRE_EM_05057,REG_서귀포시_대정읍,OCCURRED_IN_REGION
AE_FIRE_EM_05058,REG_서귀포시_상예동,OCCURRED_IN_REGION
AE_FIRE_EM_05059,REG_서귀포시_안덕면,OCCURRED_IN_REGION
AE_FIRE_EM_05060,REG_서귀포시_안덕면,OCCURRED_IN_REGION
AE_FIRE_EM_05061,REG_서귀포시_안덕면,OCCURRED_IN_REGION
AE_FIRE_EM_05062,REG_서귀포시_안덕면,OCCURRED_IN_REGION
AE_FIRE_EM_05063,REG_서귀포시_강정동,OCCURRED_IN_REGION
AE_FIRE_EM_05064,REG_서귀포시_안덕면,OCCURRED_IN_REGION
AE_FIRE_EM_05065,REG_서귀포시_안덕면,OCCURRED_IN_REGION
AE_FIRE_EM_05066,REG_서귀포시_안덕면,OCCURRED_IN_REGION
AE_FIRE_EM_05067,REG_서귀포시_안덕면,OCCURRED_IN_REGION
AE_FIRE_EM_05068,REG_서귀포시_안덕면,OCCURRED_IN_REGION
AE_FIRE_EM_05069,REG_서귀포시_안덕면,OCCURRED_IN_REGION
AE_FIRE_EM_05070,REG_서귀포시_안덕면,OCCURRED_IN_REGION
AE_FIRE_EM_05071,REG_서귀포시_안덕면,OCCURRED_IN_REGION
AE_FIRE_EM_05072,REG_서귀포시_안덕면,OCCURRED_IN_REGION
AE_FIRE_EM_05073,REG_서귀포시_안덕면,OCCURRED_IN_REGION
AE_FIRE_EM_05074,REG_서귀포시_안덕면,OCCURRED_IN_REGION
AE_FIRE_EM_05075,REG_서귀포시_안덕면,OCCURRED_IN_REGION
AE_FIRE_EM_05076,REG_서귀포시_안덕면,OCCURRED_IN_REGION
AE_FIRE_EM_05077,REG_서귀포시_안덕면,OCCURRED_IN_REGION
AE_FIRE_EM_05078,REG_서귀포시_대정읍,OCCURRED_IN_REGION
AE_FIRE_EM_05079,REG_서귀포시_안덕면,OCCURRED_IN_REGION
AE_FIRE_EM_05080,REG_서귀포시_안덕면,OCCURRED_IN_REGION
AE_FIRE_EM_05081,REG_서귀포시_안덕면,OCCURRED_IN_REGION
AE_FIRE_EM_05082,REG_서귀포시_상예동,OCCURRED_IN_REGION
AE_FIRE_EM_05083,REG_서귀포시_안덕면,OCCURRED_IN_REGION
AE_FIRE_EM_05084,REG_서귀포시_안덕면,OCCURRED_IN_REGION
AE_FIRE_EM_05085,REG_서귀포시_안덕면,OCCURRED_IN_REGION
AE_FIRE_EM_05086,REG_서귀포시_안덕면,OCCURRED_IN_REGION
AE_FIRE_EM_05087,REG_서귀포시_안덕면,OCCURRED_IN_REGION
AE_FIRE_EM_05088,REG_서귀포시_안덕면,OCCURRED_IN_REGION
AE_FIRE_EM_05089,REG_서귀포시_안덕면,OCCURRED_IN_REGION
AE_FIRE_EM_05090,REG_서귀포시_안덕면,OCCURRED_IN_REGION
AE_FIRE_EM_05091,REG_서귀포시_안덕면,OCCURRED_IN_REGION
AE_FIRE_EM_05092,REG_서귀포시_안덕면,OCCURRED_IN_REGION
AE_FIRE_EM_05093,REG_서귀포시_색달동,OCCURRED_IN_REGION
AE_FIRE_EM_05094,REG_서귀포시_색달동,OCCURRED_IN_REGION
AE_FIRE_EM_05095,REG_서귀포시_안덕면,OCCURRED_IN_REGION
AE_FIRE_EM_05096,REG_서귀포시_안덕면,OCCURRED_IN_REGION
AE_FIRE_EM_05097,REG_서귀포시_안덕면,OCCURRED_IN_REGION
AE_FIRE_EM_05098,REG_서귀포시_안덕면,OCCURRED_IN_REGION
AE_FIRE_EM_05099,REG_서귀포시_안덕면,OCCURRED_IN_REGION
AE_FIRE_EM_05100,REG_서귀포시_안덕면,OCCURRED_IN_REGION
AE_FIRE_EM_05101,REG_서귀포시_안덕면,OCCURRED_IN_REGION
AE_FIRE_EM_05102,REG_서귀포시_색달동,OCCURRED_IN_REGION
AE_FIRE_EM_05103,REG_서귀포시_안덕면,OCCURRED_IN_REGION
AE_FIRE_EM_05104,REG_서귀포시_안덕면,OCCURRED_IN_REGION
AE_FIRE_EM_05105,REG_서귀포시_안덕면,OCCURRED_IN_REGION
AE_FIRE_EM_05106,REG_서귀포시_안덕면,OCCURRED_IN_REGION
AE_FIRE_EM_05107,REG_서귀포시_안덕면,OCCURRED_IN_REGION
AE_FIRE_EM_05108,REG_서귀포시_색달동,OCCURRED_IN_REGION
AE_FIRE_EM_05109,REG_서귀포시_안덕면,OCCURRED_IN_REGION
AE_FIRE_EM_05110,REG_서귀포시_안덕면,OCCURRED_IN_REGION
AE_FIRE_EM_05111,REG_서귀포시_안덕면,OCCURRED_IN_REGION
AE_FIRE_EM_05112,REG_서귀포시_안덕면,OCCURRED_IN_REGION
AE_FIRE_EM_05113,REG_서귀포시_안덕면,OCCURRED_IN_REGION
AE_FIRE_EM_05114,REG_서귀포시_색달동,OCCURRED_IN_REGION
AE_FIRE_EM_05115,REG_서귀포시_안덕면,OCCURRED_IN_REGION
AE_FIRE_EM_05116,REG_서귀포시_안덕면,OCCURRED_IN_REGION
AE_FIRE_EM_05117,REG_서귀포시_안덕면,OCCURRED_IN_REGION
AE_FIRE_EM_05118,REG_서귀포시_안덕면,OCCURRED_IN_REGION
AE_FIRE_EM_05119,REG_서귀포시_안덕면,OCCURRED_IN_REGION
AE_FIRE_EM_05120,REG_서귀포시_안덕면,OCCURRED_IN_REGION
AE_FIRE_EM_05121,REG_서귀포시_안덕면,OCCURRED_IN_REGION
AE_FIRE_EM_05122,REG_서귀포시_안덕면,OCCURRED_IN_REGION
AE_FIRE_EM_05123,REG_서귀포시_안덕면,OCCURRED_IN_REGION
AE_FIRE_EM_05124,REG_서귀포시_대정읍,OCCURRED_IN_REGION
AE_FIRE_EM_05125,REG_서귀포시_색달동,OCCURRED_IN_REGION
AE_FIRE_EM_05126,REG_서귀포시_안덕면,OCCURRED_IN_REGION
AE_FIRE_EM_05127,REG_서귀포시_색달동,OCCURRED_IN_REGION
AE_FIRE_EM_05128,REG_서귀포시_중문동,OCCURRED_IN_REGION
AE_FIRE_EM_05129,REG_서귀포시_안덕면,OCCURRED_IN_REGION
AE_FIRE_EM_05130,REG_서귀포시_대정읍,OCCURRED_IN_REGION
AE_FIRE_EM_05131,REG_서귀포시_안덕면,OCCURRED_IN_REGION
AE_FIRE_EM_05132,REG_서귀포시_안덕면,OCCURRED_IN_REGION
AE_FIRE_EM_05133,REG_서귀포시_안덕면,OCCURRED_IN_REGION
AE_FIRE_EM_05134,REG_제주시_한경면,OCCURRED_IN_REGION
AE_FIRE_EM_05135,REG_제주시_한경면,OCCURRED_IN_REGION
AE_FIRE_EM_05136,REG_서귀포시_안덕면,OCCURRED_IN_REGION
AE_FIRE_EM_05137,REG_서귀포시_색달동,OCCURRED_IN_REGION
AE_FIRE_EM_05138,REG_서귀포시_안덕면,OCCURRED_IN_REGION
AE_FIRE_EM_05139,REG_서귀포시_안덕면,OCCURRED_IN_REGION
AE_FIRE_EM_05140,REG_서귀포시_안덕면,OCCURRED_IN_REGION
AE_FIRE_EM_05141,REG_서귀포시_안덕면,OCCURRED_IN_REGION
AE_FIRE_EM_05142,REG_서귀포시_안덕면,OCCURRED_IN_REGION
AE_FIRE_EM_05143,REG_서귀포시_안덕면,OCCURRED_IN_REGION
AE_FIRE_EM_05144,REG_서귀포시_안덕면,OCCURRED_IN_REGION
AE_FIRE_EM_05145,REG_서귀포시_안덕면,OCCURRED_IN_REGION
AE_FIRE_EM_05146,REG_서귀포시_안덕면,OCCURRED_IN_REGION
AE_FIRE_EM_05147,REG_서귀포시_안덕면,OCCURRED_IN_REGION
AE_FIRE_EM_05148,REG_서귀포시_안덕면,OCCURRED_IN_REGION
AE_FIRE_EM_05149,REG_서귀포시_안덕면,OCCURRED_IN_REGION
AE_FIRE_EM_05150,REG_서귀포시_안덕면,OCCURRED_IN_REGION
AE_FIRE_EM_05151,REG_서귀포시_안덕면,OCCURRED_IN_REGION
AE_FIRE_EM_05152,REG_서귀포시_안덕면,OCCURRED_IN_REGION
AE_FIRE_EM_05153,REG_서귀포시_안덕면,OCCURRED_IN_REGION
AE_FIRE_EM_05154,REG_서귀포시_안덕면,OCCURRED_IN_REGION
AE_FIRE_EM_05155,REG_서귀포시_안덕면,OCCURRED_IN_REGION
AE_FIRE_EM_05156,REG_서귀포시_안덕면,OCCURRED_IN_REGION
AE_FIRE_EM_05157,REG_서귀포시_안덕면,OCCURRED_IN_REGION
AE_FIRE_EM_05158,REG_서귀포시_대정읍,OCCURRED_IN_REGION
AE_FIRE_EM_05159,REG_서귀포시_대정읍,OCCURRED_IN_REGION
AE_FIRE_EM_05160,REG_서귀포시_안덕면,OCCURRED_IN_REGION
AE_FIRE_EM_05161,REG_서귀포시_안덕면,OCCURRED_IN_REGION
AE_FIRE_EM_05162,REG_서귀포시_안덕면,OCCURRED_IN_REGION
AE_FIRE_EM_05163,REG_서귀포시_안덕면,OCCURRED_IN_REGION
AE_FIRE_EM_05164,REG_서귀포시_안덕면,OCCURRED_IN_REGION
AE_FIRE_EM_05165,REG_서귀포시_안덕면,OCCURRED_IN_REGION
AE_FIRE_EM_05166,REG_서귀포시_안덕면,OCCURRED_IN_REGION
AE_FIRE_EM_05167,REG_서귀포시_안덕면,OCCURRED_IN_REGION
AE_FIRE_EM_05168,REG_서귀포시_안덕면,OCCURRED_IN_REGION
AE_FIRE_EM_05169,REG_서귀포시_안덕면,OCCURRED_IN_REGION
AE_FIRE_EM_05170,REG_서귀포시_안덕면,OCCURRED_IN_REGION
AE_FIRE_EM_05171,REG_서귀포시_하예동,OCCURRED_IN_REGION
AE_FIRE_EM_05172,REG_서귀포시_안덕면,OCCURRED_IN_REGION
AE_FIRE_EM_05173,REG_서귀포시_안덕면,OCCURRED_IN_REGION
AE_FIRE_EM_05174,REG_서귀포시_안덕면,OCCURRED_IN_REGION
AE_FIRE_EM_05175,REG_서귀포시_안덕면,OCCURRED_IN_REGION
AE_FIRE_EM_05176,REG_서귀포시_대정읍,OCCURRED_IN_REGION
AE_FIRE_EM_05177,REG_서귀포시_대정읍,OCCURRED_IN_REGION
AE_FIRE_EM_05178,REG_제주시_애월읍,OCCURRED_IN_REGION
AE_FIRE_EM_05179,REG_제주시_애월읍,OCCURRED_IN_REGION
AE_FIRE_EM_05180,REG_서귀포시_안덕면,OCCURRED_IN_REGION
AE_FIRE_EM_05181,REG_제주시_한림읍,OCCURRED_IN_REGION
AE_FIRE_EM_05182,REG_서귀포시_안덕면,OCCURRED_IN_REGION
AE_FIRE_EM_05183,REG_서귀포시_안덕면,OCCURRED_IN_REGION
AE_FIRE_EM_05184,REG_서귀포시_대정읍,OCCURRED_IN_REGION
AE_FIRE_EM_05185,REG_서귀포시_안덕면,OCCURRED_IN_REGION
AE_FIRE_EM_05186,REG_서귀포시_대정읍,OCCURRED_IN_REGION
AE_FIRE_EM_05187,REG_서귀포시_안덕면,OCCURRED_IN_REGION
AE_FIRE_EM_05188,REG_서귀포시_대정읍,OCCURRED_IN_REGION
AE_FIRE_EM_05189,REG_서귀포시_안덕면,OCCURRED_IN_REGION
AE_FIRE_EM_05190,REG_서귀포시_안덕면,OCCURRED_IN_REGION
AE_FIRE_EM_05191,REG_서귀포시_안덕면,OCCURRED_IN_REGION
AE_FIRE_EM_05192,REG_서귀포시_안덕면,OCCURRED_IN_REGION
AE_FIRE_EM_05193,REG_서귀포시_안덕면,OCCURRED_IN_REGION
AE_FIRE_EM_05194,REG_서귀포시_대정읍,OCCURRED_IN_REGION
AE_FIRE_EM_05195,REG_제주시_한경면,OCCURRED_IN_REGION
AE_FIRE_EM_05196,REG_서귀포시_안덕면,OCCURRED_IN_REGION
AE_FIRE_EM_05197,REG_서귀포시_대정읍,OCCURRED_IN_REGION
AE_FIRE_EM_05198,REG_서귀포시_안덕면,OCCURRED_IN_REGION
AE_FIRE_EM_05199,REG_서귀포시_안덕면,OCCURRED_IN_REGION
AE_FIRE_EM_05200,REG_제주시_한림읍,OCCURRED_IN_REGION
AE_FIRE_EM_05201,REG_서귀포시_안덕면,OCCURRED_IN_REGION
AE_FIRE_EM_05202,REG_서귀포시_안덕면,OCCURRED_IN_REGION
AE_FIRE_EM_05203,REG_제주시_한경면,OCCURRED_IN_REGION
AE_FIRE_EM_05204,REG_서귀포시_대정읍,OCCURRED_IN_REGION
AE_FIRE_EM_05205,REG_서귀포시_안덕면,OCCURRED_IN_REGION
AE_FIRE_EM_05206,REG_서귀포시_대정읍,OCCURRED_IN_REGION
AE_FIRE_EM_05207,REG_서귀포시_안덕면,OCCURRED_IN_REGION
AE_FIRE_EM_05208,REG_제주시_한림읍,OCCURRED_IN_REGION
AE_FIRE_EM_05209,REG_서귀포시_안덕면,OCCURRED_IN_REGION
AE_FIRE_EM_05210,REG_서귀포시_안덕면,OCCURRED_IN_REGION
AE_FIRE_EM_05211,REG_서귀포시_대정읍,OCCURRED_IN_REGION
AE_FIRE_EM_05212,REG_서귀포시_안덕면,OCCURRED_IN_REGION
AE_FIRE_EM_05213,REG_제주시_한림읍,OCCURRED_IN_REGION
AE_FIRE_EM_05214,REG_서귀포시_대정읍,OCCURRED_IN_REGION
AE_FIRE_EM_05215,REG_제주시_한경면,OCCURRED_IN_REGION
AE_FIRE_EM_05216,REG_서귀포시_안덕면,OCCURRED_IN_REGION
AE_FIRE_EM_05217,REG_서귀포시_안덕면,OCCURRED_IN_REGION
AE_FIRE_EM_05218,REG_서귀포시_안덕면,OCCURRED_IN_REGION
AE_FIRE_EM_05219,REG_서귀포시_안덕면,OCCURRED_IN_REGION
AE_FIRE_EM_05220,REG_서귀포시_대정읍,OCCURRED_IN_REGION
AE_FIRE_EM_05221,REG_서귀포시_안덕면,OCCURRED_IN_REGION
AE_FIRE_EM_05222,REG_서귀포시_대정읍,OCCURRED_IN_REGION
AE_FIRE_EM_05223,REG_서귀포시_안덕면,OCCURRED_IN_REGION
AE_FIRE_EM_05224,REG_서귀포시_안덕면,OCCURRED_IN_REGION
AE_FIRE_EM_05225,REG_서귀포시_대정읍,OCCURRED_IN_REGION
AE_FIRE_EM_05226,REG_제주시_애월읍,OCCURRED_IN_REGION
AE_FIRE_EM_05227,REG_서귀포시_대정읍,OCCURRED_IN_REGION
AE_FIRE_EM_05228,REG_서귀포시_대정읍,OCCURRED_IN_REGION
AE_FIRE_EM_05229,REG_서귀포시_안덕면,OCCURRED_IN_REGION
AE_FIRE_EM_05230,REG_서귀포시_안덕면,OCCURRED_IN_REGION
AE_FIRE_EM_05231,REG_서귀포시_안덕면,OCCURRED_IN_REGION
AE_FIRE_EM_05232,REG_서귀포시_대정읍,OCCURRED_IN_REGION
AE_FIRE_EM_05233,REG_서귀포시_대정읍,OCCURRED_IN_REGION
AE_FIRE_EM_05234,REG_서귀포시_대정읍,OCCURRED_IN_REGION
AE_FIRE_EM_05235,REG_서귀포시_안덕면,OCCURRED_IN_REGION
AE_FIRE_EM_05236,REG_서귀포시_안덕면,OCCURRED_IN_REGION
AE_FIRE_EM_05237,REG_서귀포시_대정읍,OCCURRED_IN_REGION
AE_FIRE_EM_05238,REG_서귀포시_대정읍,OCCURRED_IN_REGION
AE_FIRE_EM_05239,REG_서귀포시_안덕면,OCCURRED_IN_REGION
AE_FIRE_EM_05240,REG_서귀포시_안덕면,OCCURRED_IN_REGION
AE_FIRE_EM_05241,REG_서귀포시_안덕면,OCCURRED_IN_REGION
AE_FIRE_EM_05242,REG_서귀포시_대정읍,OCCURRED_IN_REGION
AE_FIRE_EM_05243,REG_서귀포시_안덕면,OCCURRED_IN_REGION
AE_FIRE_EM_05244,REG_제주시_한림읍,OCCURRED_IN_REGION
AE_FIRE_EM_05245,REG_서귀포시_안덕면,OCCURRED_IN_REGION
AE_FIRE_EM_05246,REG_제주시_조천읍,OCCURRED_IN_REGION
AE_FIRE_EM_05247,REG_제주시_구좌읍,OCCURRED_IN_REGION
AE_FIRE_EM_05248,REG_서귀포시_남원읍,OCCURRED_IN_REGION
AE_FIRE_EM_05249,REG_제주시_조천읍,OCCURRED_IN_REGION
AE_FIRE_EM_05250,REG_서귀포시_안덕면,OCCURRED_IN_REGION
AE_FIRE_EM_05251,REG_서귀포시_표선면,OCCURRED_IN_REGION
AE_FIRE_EM_05252,REG_서귀포시_안덕면,OCCURRED_IN_REGION
AE_FIRE_EM_05253,REG_제주시_구좌읍,OCCURRED_IN_REGION
AE_FIRE_EM_05254,REG_제주시_구좌읍,OCCURRED_IN_REGION
AE_FIRE_EM_05255,REG_제주시_구좌읍,OCCURRED_IN_REGION
AE_FIRE_EM_05256,REG_제주시_구좌읍,OCCURRED_IN_REGION
AE_FIRE_EM_05257,REG_제주시_해안동,OCCURRED_IN_REGION
AE_FIRE_EM_05258,REG_제주시_용담이동,OCCURRED_IN_REGION
AE_FIRE_EM_05259,REG_제주시_구좌읍,OCCURRED_IN_REGION
AE_FIRE_EM_05260,REG_서귀포시_대정읍,OCCURRED_IN_REGION
AE_FIRE_EM_05261,REG_서귀포시_성산읍,OCCURRED_IN_REGION
AE_FIRE_EM_05262,REG_서귀포시_표선면,OCCURRED_IN_REGION
AE_FIRE_EM_05263,REG_제주시_우도면,OCCURRED_IN_REGION
AE_FIRE_EM_05264,REG_제주시_삼도일동,OCCURRED_IN_REGION
AE_FIRE_EM_05265,REG_서귀포시_성산읍,OCCURRED_IN_REGION
AE_FIRE_EM_05266,REG_제주시_우도면,OCCURRED_IN_REGION
AE_FIRE_EM_05267,REG_제주시_구좌읍,OCCURRED_IN_REGION
AE_FIRE_EM_05268,REG_제주시_우도면,OCCURRED_IN_REGION
AE_FIRE_EM_05269,REG_서귀포시_법환동,OCCURRED_IN_REGION
AE_FIRE_EM_05270,REG_서귀포시_표선면,OCCURRED_IN_REGION
AE_FIRE_EM_05271,REG_서귀포시_성산읍,OCCURRED_IN_REGION
AE_FIRE_EM_05272,REG_제주시_조천읍,OCCURRED_IN_REGION
AE_FIRE_EM_05273,REG_제주시_우도면,OCCURRED_IN_REGION
AE_FIRE_EM_05274,REG_제주시_우도면,OCCURRED_IN_REGION
AE_FIRE_EM_05275,REG_제주시_조천읍,OCCURRED_IN_REGION
AE_FIRE_EM_05276,REG_제주시_우도면,OCCURRED_IN_REGION
AE_FIRE_EM_05277,REG_서귀포시_대포동,OCCURRED_IN_REGION
AE_FIRE_EM_05278,REG_제주시_우도면,OCCURRED_IN_REGION
AE_FIRE_EM_05279,REG_서귀포시_성산읍,OCCURRED_IN_REGION
AE_FIRE_EM_05280,REG_제주시_연동,OCCURRED_IN_REGION
AE_FIRE_EM_05281,REG_제주시_건입동,OCCURRED_IN_REGION
AE_FIRE_EM_05282,REG_제주시_봉개동,OCCURRED_IN_REGION
AE_FIRE_EM_05283,REG_제주시_한림읍,OCCURRED_IN_REGION
AE_FIRE_EM_05284,REG_제주시_우도면,OCCURRED_IN_REGION
AE_FIRE_EM_05285,REG_서귀포시_성산읍,OCCURRED_IN_REGION
AE_FIRE_EM_05286,REG_서귀포시_성산읍,OCCURRED_IN_REGION
AE_FIRE_EM_05287,REG_서귀포시_중문동,OCCURRED_IN_REGION
AE_FIRE_EM_05288,REG_제주시_구좌읍,OCCURRED_IN_REGION
AE_FIRE_EM_05289,REG_서귀포시_안덕면,OCCURRED_IN_REGION
AE_FIRE_EM_05290,REG_서귀포시_성산읍,OCCURRED_IN_REGION
AE_FIRE_EM_05291,REG_제주시_우도면,OCCURRED_IN_REGION
AE_FIRE_EM_05292,REG_제주시_애월읍,OCCURRED_IN_REGION
AE_FIRE_EM_05293,REG_서귀포시_보목동,OCCURRED_IN_REGION
AE_FIRE_EM_05294,REG_서귀포시_안덕면,OCCURRED_IN_REGION
AE_FIRE_EM_05295,REG_제주시_구좌읍,OCCURRED_IN_REGION
AE_FIRE_EM_05296,REG_서귀포시_동홍동,OCCURRED_IN_REGION
AE_FIRE_EM_05297,REG_제주시_조천읍,OCCURRED_IN_REGION
AE_FIRE_EM_05298,REG_서귀포시_성산읍,OCCURRED_IN_REGION
AE_FIRE_EM_05299,REG_제주시_구좌읍,OCCURRED_IN_REGION
AE_FIRE_EM_05300,REG_서귀포시_대정읍,OCCURRED_IN_REGION
AE_FIRE_EM_05301,REG_제주시_조천읍,OCCURRED_IN_REGION
AE_FIRE_EM_05302,REG_제주시_우도면,OCCURRED_IN_REGION
AE_FIRE_EM_05303,REG_제주시_우도면,OCCURRED_IN_REGION
AE_FIRE_EM_05304,REG_제주시_구좌읍,OCCURRED_IN_REGION
AE_FIRE_EM_05305,REG_제주시_조천읍,OCCURRED_IN_REGION
AE_FIRE_EM_05306,REG_제주시_도두일동,OCCURRED_IN_REGION
AE_FIRE_EM_05307,REG_제주시_연동,OCCURRED_IN_REGION
AE_FIRE_EM_05308,REG_제주시_이호이동,OCCURRED_IN_REGION
AE_FIRE_EM_05309,REG_제주시_구좌읍,OCCURRED_IN_REGION
AE_FIRE_EM_05310,REG_서귀포시_안덕면,OCCURRED_IN_REGION
AE_FIRE_EM_05311,REG_제주시_애월읍,OCCURRED_IN_REGION
AE_FIRE_EM_05312,REG_제주시_조천읍,OCCURRED_IN_REGION
AE_FIRE_EM_05313,REG_서귀포시_성산읍,OCCURRED_IN_REGION
AE_FIRE_EM_05314,REG_제주시_우도면,OCCURRED_IN_REGION
AE_FIRE_EM_05315,REG_제주시_용강동,OCCURRED_IN_REGION
AE_FIRE_EM_05316,REG_제주시_조천읍,OCCURRED_IN_REGION
AE_FIRE_EM_05317,REG_제주시_우도면,OCCURRED_IN_REGION
AE_FIRE_EM_05318,REG_서귀포시_법환동,OCCURRED_IN_REGION
AE_FIRE_EM_05319,REG_서귀포시_표선면,OCCURRED_IN_REGION
AE_FIRE_EM_05320,REG_제주시_우도면,OCCURRED_IN_REGION
AE_FIRE_EM_05321,REG_제주시_구좌읍,OCCURRED_IN_REGION
AE_FIRE_EM_05322,REG_제주시_우도면,OCCURRED_IN_REGION
AE_FIRE_EM_05323,REG_제주시_추자면,OCCURRED_IN_REGION
AE_FIRE_EM_05324,REG_제주시_이도이동,OCCURRED_IN_REGION
AE_FIRE_EM_05325,REG_서귀포시_성산읍,OCCURRED_IN_REGION
AE_FIRE_EM_05326,REG_서귀포시_토평동,OCCURRED_IN_REGION
AE_FIRE_EM_05327,REG_제주시_우도면,OCCURRED_IN_REGION
AE_FIRE_EM_05328,REG_제주시_한림읍,OCCURRED_IN_REGION
AE_FIRE_EM_05329,REG_서귀포시_상효동,OCCURRED_IN_REGION
AE_FIRE_EM_05330,REG_서귀포시_회수동,OCCURRED_IN_REGION
AE_FIRE_EM_05331,REG_서귀포시_대정읍,OCCURRED_IN_REGION
AE_FIRE_EM_05332,REG_제주시_구좌읍,OCCURRED_IN_REGION
AE_FIRE_EM_05333,REG_제주시_조천읍,OCCURRED_IN_REGION
AE_FIRE_EM_05334,REG_제주시_애월읍,OCCURRED_IN_REGION
AE_FIRE_EM_05335,REG_서귀포시_색달동,OCCURRED_IN_REGION
AE_FIRE_EM_05336,REG_제주시_도두일동,OCCURRED_IN_REGION
AE_FIRE_EM_05337,REG_제주시_삼양일동,OCCURRED_IN_REGION
AE_FIRE_EM_05338,REG_제주시_우도면,OCCURRED_IN_REGION
AE_FIRE_EM_05339,REG_제주시_조천읍,OCCURRED_IN_REGION
AE_FIRE_EM_05340,REG_제주시_조천읍,OCCURRED_IN_REGION
AE_FIRE_EM_05341,REG_제주시_우도면,OCCURRED_IN_REGION
AE_FIRE_EM_05342,REG_서귀포시_성산읍,OCCURRED_IN_REGION
AE_FIRE_EM_05343,REG_서귀포시_남원읍,OCCURRED_IN_REGION
AE_FIRE_EM_05344,REG_제주시_한림읍,OCCURRED_IN_REGION
AE_FIRE_EM_05345,REG_제주시_우도면,OCCURRED_IN_REGION
AE_FIRE_EM_05346,REG_서귀포시_표선면,OCCURRED_IN_REGION
AE_FIRE_EM_05347,REG_제주시_용강동,OCCURRED_IN_REGION
AE_FIRE_EM_05348,REG_제주시_조천읍,OCCURRED_IN_REGION
AE_FIRE_EM_05349,REG_서귀포시_남원읍,OCCURRED_IN_REGION
AE_FIRE_EM_05350,REG_제주시_구좌읍,OCCURRED_IN_REGION
AE_FIRE_EM_05351,REG_서귀포시_안덕면,OCCURRED_IN_REGION
AE_FIRE_EM_05352,REG_서귀포시_성산읍,OCCURRED_IN_REGION
AE_FIRE_EM_05353,REG_제주시_우도면,OCCURRED_IN_REGION
AE_FIRE_EM_05354,REG_제주시_조천읍,OCCURRED_IN_REGION
AE_FIRE_EM_05355,REG_제주시_구좌읍,OCCURRED_IN_REGION
AE_FIRE_EM_05356,REG_서귀포시_강정동,OCCURRED_IN_REGION
AE_FIRE_EM_05357,REG_서귀포시_색달동,OCCURRED_IN_REGION
AE_FIRE_EM_05358,REG_제주시_봉개동,OCCURRED_IN_REGION
AE_FIRE_EM_05359,REG_제주시_한림읍,OCCURRED_IN_REGION
AE_FIRE_EM_05360,REG_제주시_조천읍,OCCURRED_IN_REGION
AE_FIRE_EM_05361,REG_제주시_우도면,OCCURRED_IN_REGION
AE_FIRE_EM_05362,REG_서귀포시_안덕면,OCCURRED_IN_REGION
AE_FIRE_EM_05363,REG_제주시_한림읍,OCCURRED_IN_REGION
AE_FIRE_EM_05364,REG_제주시_조천읍,OCCURRED_IN_REGION
AE_FIRE_EM_05365,REG_제주시_용강동,OCCURRED_IN_REGION
AE_FIRE_EM_05366,REG_서귀포시_성산읍,OCCURRED_IN_REGION
AE_FIRE_EM_05367,REG_제주시_애월읍,OCCURRED_IN_REGION
AE_FIRE_EM_05368,REG_제주시_이호일동,OCCURRED_IN_REGION
AE_FIRE_EM_05369,REG_제주시_애월읍,OCCURRED_IN_REGION
AE_FIRE_EM_05370,REG_서귀포시_안덕면,OCCURRED_IN_REGION
AE_FIRE_EM_05371,REG_제주시_구좌읍,OCCURRED_IN_REGION
AE_FIRE_EM_05372,REG_제주시_건입동,OCCURRED_IN_REGION
AE_FIRE_EM_05373,REG_서귀포시_중문동,OCCURRED_IN_REGION
AE_FIRE_EM_05374,REG_제주시_우도면,OCCURRED_IN_REGION
AE_FIRE_EM_05375,REG_서귀포시_색달동,OCCURRED_IN_REGION
AE_FIRE_EM_05376,REG_제주시_조천읍,OCCURRED_IN_REGION
AE_FIRE_EM_05377,REG_제주시_도남동,OCCURRED_IN_REGION
AE_FIRE_EM_05378,REG_제주시_우도면,OCCURRED_IN_REGION
AE_FIRE_EM_05379,REG_제주시_조천읍,OCCURRED_IN_REGION
AE_FIRE_EM_05380,REG_서귀포시_남원읍,OCCURRED_IN_REGION
AE_FIRE_EM_05381,REG_제주시_구좌읍,OCCURRED_IN_REGION
AE_FIRE_EM_05382,REG_제주시_연동,OCCURRED_IN_REGION
AE_FIRE_EM_05383,REG_제주시_애월읍,OCCURRED_IN_REGION
AE_FIRE_EM_05384,REG_서귀포시_법환동,OCCURRED_IN_REGION
AE_FIRE_EM_05385,REG_제주시_추자면,OCCURRED_IN_REGION
AE_FIRE_EM_05386,REG_서귀포시_성산읍,OCCURRED_IN_REGION
AE_FIRE_EM_05387,REG_제주시_일도이동,OCCURRED_IN_REGION
AE_FIRE_EM_05388,REG_서귀포시_상효동,OCCURRED_IN_REGION
AE_FIRE_EM_05389,REG_서귀포시_서귀동,OCCURRED_IN_REGION
AE_FIRE_EM_05390,REG_제주시_한림읍,OCCURRED_IN_REGION
AE_FIRE_EM_05391,REG_서귀포시_안덕면,OCCURRED_IN_REGION
AE_FIRE_EM_05392,REG_제주시_구좌읍,OCCURRED_IN_REGION
AE_FIRE_EM_05393,REG_서귀포시_성산읍,OCCURRED_IN_REGION
AE_FIRE_EM_05394,REG_제주시_우도면,OCCURRED_IN_REGION
AE_FIRE_EM_05395,REG_서귀포시_남원읍,OCCURRED_IN_REGION
AE_FIRE_EM_05396,REG_서귀포시_대정읍,OCCURRED_IN_REGION
AE_FIRE_EM_05397,REG_제주시_오등동,OCCURRED_IN_REGION
AE_FIRE_EM_05398,REG_서귀포시_색달동,OCCURRED_IN_REGION
AE_FIRE_EM_05399,REG_서귀포시_남원읍,OCCURRED_IN_REGION
AE_FIRE_EM_05400,REG_제주시_조천읍,OCCURRED_IN_REGION
AE_FIRE_EM_05401,REG_제주시_조천읍,OCCURRED_IN_REGION
AE_FIRE_EM_05402,REG_제주시_오등동,OCCURRED_IN_REGION
AE_FIRE_EM_05403,REG_제주시_구좌읍,OCCURRED_IN_REGION
AE_FIRE_EM_05404,REG_제주시_우도면,OCCURRED_IN_REGION
AE_FIRE_EM_05405,REG_제주시_조천읍,OCCURRED_IN_REGION
AE_FIRE_EM_05406,REG_서귀포시_표선면,OCCURRED_IN_REGION
AE_FIRE_EM_05407,REG_제주시_구좌읍,OCCURRED_IN_REGION
AE_FIRE_EM_05408,REG_제주시_일도이동,OCCURRED_IN_REGION
AE_FIRE_EM_05409,REG_서귀포시_성산읍,OCCURRED_IN_REGION
AE_FIRE_EM_05410,REG_제주시_조천읍,OCCURRED_IN_REGION
AE_FIRE_EM_05411,REG_서귀포시_서귀동,OCCURRED_IN_REGION
AE_FIRE_EM_05412,REG_서귀포시_안덕면,OCCURRED_IN_REGION
AE_FIRE_EM_05413,REG_제주시_우도면,OCCURRED_IN_REGION
AE_FIRE_EM_05414,REG_제주시_구좌읍,OCCURRED_IN_REGION
AE_FIRE_EM_05415,REG_서귀포시_대정읍,OCCURRED_IN_REGION
AE_FIRE_EM_05416,REG_제주시_조천읍,OCCURRED_IN_REGION
AE_FIRE_EM_05417,REG_서귀포시_색달동,OCCURRED_IN_REGION
AE_FIRE_EM_05418,REG_서귀포시_성산읍,OCCURRED_IN_REGION
AE_FIRE_EM_05419,REG_제주시_애월읍,OCCURRED_IN_REGION
AE_FIRE_EM_05420,REG_서귀포시_성산읍,OCCURRED_IN_REGION
AE_FIRE_EM_05421,REG_제주시_우도면,OCCURRED_IN_REGION
AE_FIRE_EM_05422,REG_제주시_우도면,OCCURRED_IN_REGION
AE_FIRE_EM_05423,REG_서귀포시_남원읍,OCCURRED_IN_REGION
AE_FIRE_EM_05424,REG_서귀포시_성산읍,OCCURRED_IN_REGION
AE_FIRE_EM_05425,REG_서귀포시_색달동,OCCURRED_IN_REGION
AE_FIRE_EM_05426,REG_제주시_우도면,OCCURRED_IN_REGION
AE_FIRE_EM_05427,REG_제주시_구좌읍,OCCURRED_IN_REGION
AE_FIRE_EM_05428,REG_제주시_조천읍,OCCURRED_IN_REGION
AE_FIRE_EM_05429,REG_제주시_추자면,OCCURRED_IN_REGION
AE_FIRE_EM_05430,REG_서귀포시_색달동,OCCURRED_IN_REGION
AE_FIRE_EM_05431,REG_서귀포시_표선면,OCCURRED_IN_REGION
AE_FIRE_EM_05432,REG_제주시_노형동,OCCURRED_IN_REGION
AE_FIRE_EM_05433,REG_서귀포시_성산읍,OCCURRED_IN_REGION
AE_FIRE_EM_05434,REG_제주시_건입동,OCCURRED_IN_REGION
AE_FIRE_EM_05435,REG_제주시_애월읍,OCCURRED_IN_REGION
AE_FIRE_EM_05436,REG_제주시_조천읍,OCCURRED_IN_REGION
AE_FIRE_EM_05437,REG_서귀포시_중문동,OCCURRED_IN_REGION
AE_FIRE_EM_05438,REG_서귀포시_표선면,OCCURRED_IN_REGION
AE_FIRE_EM_05439,REG_서귀포시_표선면,OCCURRED_IN_REGION
AE_FIRE_EM_05440,REG_서귀포시_성산읍,OCCURRED_IN_REGION
AE_FIRE_EM_05441,REG_서귀포시_남원읍,OCCURRED_IN_REGION
AE_FIRE_EM_05442,REG_제주시_우도면,OCCURRED_IN_REGION
AE_FIRE_EM_05443,REG_제주시_애월읍,OCCURRED_IN_REGION
AE_FIRE_EM_05444,REG_제주시_연동,OCCURRED_IN_REGION
AE_FIRE_EM_05445,REG_제주시_연동,OCCURRED_IN_REGION
AE_FIRE_EM_05446,REG_서귀포시_성산읍,OCCURRED_IN_REGION
AE_FIRE_EM_05447,REG_제주시_한경면,OCCURRED_IN_REGION
AE_FIRE_EM_05448,REG_서귀포시_대정읍,OCCURRED_IN_REGION
AE_FIRE_EM_05449,REG_제주시_연동,OCCURRED_IN_REGION
AE_FIRE_EM_05450,REG_제주시_조천읍,OCCURRED_IN_REGION
AE_FIRE_EM_05451,REG_제주시_구좌읍,OCCURRED_IN_REGION
AE_FIRE_EM_05452,REG_서귀포시_대포동,OCCURRED_IN_REGION
AE_FIRE_EM_05453,REG_서귀포시_성산읍,OCCURRED_IN_REGION
AE_FIRE_EM_05454,REG_서귀포시_강정동,OCCURRED_IN_REGION
AE_FIRE_EM_05455,REG_서귀포시_표선면,OCCURRED_IN_REGION
AE_FIRE_EM_05456,REG_서귀포시_표선면,OCCURRED_IN_REGION
AE_FIRE_EM_05457,REG_제주시_애월읍,OCCURRED_IN_REGION
AE_FIRE_EM_05458,REG_제주시_애월읍,OCCURRED_IN_REGION
AE_FIRE_EM_05459,REG_제주시_애월읍,OCCURRED_IN_REGION
AE_FIRE_EM_05460,REG_서귀포시_안덕면,OCCURRED_IN_REGION
AE_FIRE_EM_05461,REG_제주시_건입동,OCCURRED_IN_REGION
AE_FIRE_EM_05462,REG_제주시_애월읍,OCCURRED_IN_REGION
AE_FIRE_EM_05463,REG_제주시_애월읍,OCCURRED_IN_REGION
AE_FIRE_EM_05464,REG_제주시_애월읍,OCCURRED_IN_REGION
AE_FIRE_EM_05465,REG_제주시_조천읍,OCCURRED_IN_REGION
AE_FIRE_EM_05466,REG_제주시_아라일동,OCCURRED_IN_REGION
AE_FIRE_EM_05467,REG_서귀포시_하원동,OCCURRED_IN_REGION
AE_FIRE_EM_05468,REG_서귀포시_법환동,OCCURRED_IN_REGION
AE_FIRE_EM_05469,REG_서귀포시_안덕면,OCCURRED_IN_REGION
AE_FIRE_EM_05470,REG_제주시_우도면,OCCURRED_IN_REGION
AE_FIRE_EM_05471,REG_제주시_구좌읍,OCCURRED_IN_REGION
AE_FIRE_EM_05472,REG_제주시_조천읍,OCCURRED_IN_REGION
AE_FIRE_EM_05473,REG_제주시_우도면,OCCURRED_IN_REGION
AE_FIRE_EM_05474,REG_제주시_우도면,OCCURRED_IN_REGION
AE_FIRE_EM_05475,REG_제주시_이도이동,OCCURRED_IN_REGION
AE_FIRE_EM_05476,REG_제주시_이도이동,OCCURRED_IN_REGION
AE_FIRE_EM_05477,REG_제주시_건입동,OCCURRED_IN_REGION
AE_FIRE_EM_05478,REG_제주시_우도면,OCCURRED_IN_REGION
AE_FIRE_EM_05479,REG_제주시_조천읍,OCCURRED_IN_REGION
AE_FIRE_EM_05480,REG_제주시_우도면,OCCURRED_IN_REGION
AE_FIRE_EM_05481,REG_제주시_우도면,OCCURRED_IN_REGION
AE_FIRE_EM_05482,REG_서귀포시_서귀동,OCCURRED_IN_REGION
AE_FIRE_EM_05483,REG_서귀포시_서귀동,OCCURRED_IN_REGION
AE_FIRE_EM_05484,REG_제주시_우도면,OCCURRED_IN_REGION
AE_FIRE_EM_05485,REG_제주시_우도면,OCCURRED_IN_REGION
AE_FIRE_EM_05486,REG_제주시_우도면,OCCURRED_IN_REGION
AE_FIRE_EM_05487,REG_서귀포시_서귀동,OCCURRED_IN_REGION
AE_FIRE_EM_05488,REG_서귀포시_중문동,OCCURRED_IN_REGION
AE_FIRE_EM_05489,REG_서귀포시_회수동,OCCURRED_IN_REGION
AE_FIRE_EM_05490,REG_제주시_우도면,OCCURRED_IN_REGION
AE_FIRE_EM_05491,REG_제주시_애월읍,OCCURRED_IN_REGION
AE_FIRE_EM_05492,REG_제주시_애월읍,OCCURRED_IN_REGION
AE_FIRE_EM_05493,REG_제주시_우도면,OCCURRED_IN_REGION
AE_FIRE_EM_05494,REG_제주시_우도면,OCCURRED_IN_REGION
AE_FIRE_EM_05495,REG_제주시_우도면,OCCURRED_IN_REGION
AE_FIRE_EM_05496,REG_제주시_우도면,OCCURRED_IN_REGION
AE_FIRE_EM_05497,REG_제주시_우도면,OCCURRED_IN_REGION
AE_FIRE_EM_05498,REG_서귀포시_대정읍,OCCURRED_IN_REGION
AE_FIRE_EM_05499,REG_서귀포시_중문동,OCCURRED_IN_REGION
AE_FIRE_EM_05500,REG_제주시_용담삼동,OCCURRED_IN_REGION
AE_FIRE_EM_05501,REG_제주시_노형동,OCCURRED_IN_REGION
AE_FIRE_EM_05502,REG_제주시_노형동,OCCURRED_IN_REGION
AE_FIRE_EM_05503,REG_제주시_노형동,OCCURRED_IN_REGION
AE_FIRE_EM_05504,REG_제주시_노형동,OCCURRED_IN_REGION
AE_FIRE_EM_05505,REG_서귀포시_중문동,OCCURRED_IN_REGION
AE_FIRE_EM_05506,REG_서귀포시_성산읍,OCCURRED_IN_REGION
AE_FIRE_EM_05507,REG_제주시_애월읍,OCCURRED_IN_REGION
AE_FIRE_EM_05508,REG_제주시_한경면,OCCURRED_IN_REGION
AE_FIRE_EM_05509,REG_서귀포시_안덕면,OCCURRED_IN_REGION
AE_FIRE_EM_05510,REG_제주시_연동,OCCURRED_IN_REGION
AE_FIRE_EM_05511,REG_서귀포시_색달동,OCCURRED_IN_REGION
AE_FIRE_EM_05512,REG_서귀포시_대정읍,OCCURRED_IN_REGION
AE_FIRE_EM_05513,REG_제주시_노형동,OCCURRED_IN_REGION
AE_FIRE_EM_05514,REG_서귀포시_서귀동,OCCURRED_IN_REGION
AE_FIRE_EM_05515,REG_제주시_해안동,OCCURRED_IN_REGION
AE_FIRE_EM_05516,REG_제주시_일도이동,OCCURRED_IN_REGION
AE_FIRE_EM_05517,REG_제주시_조천읍,OCCURRED_IN_REGION
AE_FIRE_EM_05518,REG_서귀포시_서귀동,OCCURRED_IN_REGION
AE_FIRE_EM_05519,REG_제주시_애월읍,OCCURRED_IN_REGION
AE_FIRE_EM_05520,REG_제주시_애월읍,OCCURRED_IN_REGION
AE_FIRE_EM_05521,REG_제주시_조천읍,OCCURRED_IN_REGION
AE_FIRE_EM_05522,REG_제주시_노형동,OCCURRED_IN_REGION
AE_FIRE_EM_05523,REG_서귀포시_강정동,OCCURRED_IN_REGION
AE_FIRE_EM_05524,REG_제주시_연동,OCCURRED_IN_REGION
AE_FIRE_EM_05525,REG_제주시_조천읍,OCCURRED_IN_REGION
AE_FIRE_EM_05526,REG_제주시_조천읍,OCCURRED_IN_REGION
AE_FIRE_EM_05527,REG_서귀포시_동홍동,OCCURRED_IN_REGION
AE_FIRE_EM_05528,REG_서귀포시_색달동,OCCURRED_IN_REGION
AE_FIRE_EM_05529,REG_서귀포시_표선면,OCCURRED_IN_REGION
AE_FIRE_EM_05530,REG_서귀포시_법환동,OCCURRED_IN_REGION
AE_FIRE_EM_05531,REG_서귀포시_안덕면,OCCURRED_IN_REGION
AE_FIRE_EM_05532,REG_서귀포시_안덕면,OCCURRED_IN_REGION
AE_FIRE_EM_05533,REG_서귀포시_안덕면,OCCURRED_IN_REGION
AE_FIRE_EM_05534,REG_서귀포시_성산읍,OCCURRED_IN_REGION
AE_FIRE_EM_05535,REG_서귀포시_성산읍,OCCURRED_IN_REGION
AE_FIRE_EM_05536,REG_서귀포시_성산읍,OCCURRED_IN_REGION
AE_FIRE_EM_05537,REG_서귀포시_성산읍,OCCURRED_IN_REGION
AE_FIRE_EM_05538,REG_제주시_연동,OCCURRED_IN_REGION
AE_FIRE_EM_05539,REG_제주시_구좌읍,OCCURRED_IN_REGION
AE_FIRE_EM_05540,REG_제주시_노형동,OCCURRED_IN_REGION
AE_FIRE_EM_05541,REG_제주시_애월읍,OCCURRED_IN_REGION
AE_FIRE_EM_05542,REG_서귀포시_표선면,OCCURRED_IN_REGION
AE_FIRE_EM_05543,REG_제주시_한림읍,OCCURRED_IN_REGION
AE_FIRE_EM_05544,REG_제주시_우도면,OCCURRED_IN_REGION
AE_FIRE_EM_05545,REG_서귀포시_표선면,OCCURRED_IN_REGION
AE_FIRE_EM_05546,REG_제주시_이도이동,OCCURRED_IN_REGION
AE_FIRE_EM_05547,REG_제주시_구좌읍,OCCURRED_IN_REGION
AE_FIRE_EM_05548,REG_서귀포시_토평동,OCCURRED_IN_REGION
AE_FIRE_EM_05549,REG_서귀포시_토평동,OCCURRED_IN_REGION
AE_FIRE_EM_05550,REG_서귀포시_토평동,OCCURRED_IN_REGION
AE_FIRE_EM_05551,REG_서귀포시_성산읍,OCCURRED_IN_REGION
AE_FIRE_EM_05552,REG_제주시_애월읍,OCCURRED_IN_REGION
AE_FIRE_EM_05553,REG_제주시_애월읍,OCCURRED_IN_REGION
AE_FIRE_EM_05554,REG_제주시_한경면,OCCURRED_IN_REGION
AE_FIRE_EM_05555,REG_서귀포시_안덕면,OCCURRED_IN_REGION
AE_FIRE_EM_05556,REG_서귀포시_성산읍,OCCURRED_IN_REGION
AE_FIRE_EM_05557,REG_제주시_조천읍,OCCURRED_IN_REGION
AE_FIRE_EM_05558,REG_제주시_우도면,OCCURRED_IN_REGION
AE_FIRE_EM_05559,REG_서귀포시_표선면,OCCURRED_IN_REGION
AE_FIRE_EM_05560,REG_제주시_애월읍,OCCURRED_IN_REGION
AE_FIRE_EM_05561,REG_서귀포시_안덕면,OCCURRED_IN_REGION
AE_FIRE_EM_05562,REG_제주시_우도면,OCCURRED_IN_REGION
AE_FIRE_EM_05563,REG_제주시_애월읍,OCCURRED_IN_REGION
AE_FIRE_EM_05564,REG_서귀포시_색달동,OCCURRED_IN_REGION
AE_FIRE_EM_05565,REG_제주시_우도면,OCCURRED_IN_REGION
AE_FIRE_EM_05566,REG_서귀포시_성산읍,OCCURRED_IN_REGION
AE_FIRE_EM_05567,REG_서귀포시_성산읍,OCCURRED_IN_REGION
AE_FIRE_EM_05568,REG_서귀포시_표선면,OCCURRED_IN_REGION
AE_FIRE_EM_05569,REG_제주시_구좌읍,OCCURRED_IN_REGION
AE_FIRE_EM_05570,REG_서귀포시_성산읍,OCCURRED_IN_REGION
AE_FIRE_EM_05571,REG_제주시_애월읍,OCCURRED_IN_REGION
AE_FIRE_EM_05572,REG_제주시_한경면,OCCURRED_IN_REGION
AE_FIRE_EM_05573,REG_제주시_우도면,OCCURRED_IN_REGION
AE_FIRE_EM_05574,REG_제주시_애월읍,OCCURRED_IN_REGION
AE_FIRE_EM_05575,REG_서귀포시_안덕면,OCCURRED_IN_REGION
AE_FIRE_EM_05576,REG_서귀포시_안덕면,OCCURRED_IN_REGION
AE_FIRE_EM_05577,REG_제주시_오라일동,OCCURRED_IN_REGION
AE_FIRE_EM_05578,REG_제주시_구좌읍,OCCURRED_IN_REGION
AE_FIRE_EM_05579,REG_제주시_외도일동,OCCURRED_IN_REGION
AE_FIRE_EM_05580,REG_제주시_애월읍,OCCURRED_IN_REGION
AE_FIRE_EM_05581,REG_서귀포시_호근동,OCCURRED_IN_REGION
AE_FIRE_EM_05582,REG_제주시_연동,OCCURRED_IN_REGION
AE_FIRE_EM_05583,REG_서귀포시_남원읍,OCCURRED_IN_REGION
AE_FIRE_EM_05584,REG_서귀포시_남원읍,OCCURRED_IN_REGION
AE_FIRE_EM_05585,REG_서귀포시_상예동,OCCURRED_IN_REGION
AE_FIRE_EM_05586,REG_서귀포시_상예동,OCCURRED_IN_REGION
AE_FIRE_EM_05587,REG_서귀포시_성산읍,OCCURRED_IN_REGION
AE_FIRE_EM_05588,REG_서귀포시_남원읍,OCCURRED_IN_REGION
AE_FIRE_EM_05589,REG_서귀포시_남원읍,OCCURRED_IN_REGION
AE_FIRE_EM_05590,REG_제주시_애월읍,OCCURRED_IN_REGION
AE_FIRE_EM_05591,REG_제주시_한경면,OCCURRED_IN_REGION
AE_FIRE_EM_05592,REG_서귀포시_안덕면,OCCURRED_IN_REGION
AE_FIRE_EM_05593,REG_제주시_조천읍,OCCURRED_IN_REGION
AE_FIRE_EM_05594,REG_제주시_내도동,OCCURRED_IN_REGION
AE_FIRE_EM_05595,REG_서귀포시_성산읍,OCCURRED_IN_REGION
AE_FIRE_EM_05596,REG_서귀포시_동홍동,OCCURRED_IN_REGION
AE_FIRE_EM_05597,REG_서귀포시_색달동,OCCURRED_IN_REGION
AE_FIRE_EM_05598,REG_서귀포시_표선면,OCCURRED_IN_REGION
AE_FIRE_EM_05599,REG_제주시_한경면,OCCURRED_IN_REGION
AE_FIRE_EM_05600,REG_서귀포시_안덕면,OCCURRED_IN_REGION
AE_FIRE_EM_05601,REG_서귀포시_성산읍,OCCURRED_IN_REGION
AE_FIRE_EM_05602,REG_제주시_삼도이동,OCCURRED_IN_REGION
AE_FIRE_EM_05603,REG_제주시_용담이동,OCCURRED_IN_REGION
AE_FIRE_EM_05604,REG_제주시_애월읍,OCCURRED_IN_REGION
AE_FIRE_EM_05605,REG_제주시_애월읍,OCCURRED_IN_REGION
AE_FIRE_EM_05606,REG_제주시_용담이동,OCCURRED_IN_REGION
AE_FIRE_EM_05607,REG_제주시_애월읍,OCCURRED_IN_REGION
AE_FIRE_EM_05608,REG_제주시_애월읍,OCCURRED_IN_REGION
AE_FIRE_EM_05609,REG_제주시_조천읍,OCCURRED_IN_REGION
AE_FIRE_EM_05610,REG_서귀포시_서귀동,OCCURRED_IN_REGION
AE_FIRE_EM_05611,REG_서귀포시_중문동,OCCURRED_IN_REGION
AE_FIRE_EM_05612,REG_서귀포시_남원읍,OCCURRED_IN_REGION
AE_FIRE_EM_05613,REG_서귀포시_법환동,OCCURRED_IN_REGION
AE_FIRE_EM_05614,REG_제주시_애월읍,OCCURRED_IN_REGION
AE_FIRE_EM_05615,REG_제주시_애월읍,OCCURRED_IN_REGION
AE_FIRE_EM_05616,REG_서귀포시_성산읍,OCCURRED_IN_REGION
AE_FIRE_EM_05617,REG_제주시_조천읍,OCCURRED_IN_REGION
AE_FIRE_EM_05618,REG_제주시_우도면,OCCURRED_IN_REGION
AE_FIRE_EM_05619,REG_제주시_건입동,OCCURRED_IN_REGION
AE_FIRE_EM_05620,REG_제주시_구좌읍,OCCURRED_IN_REGION
AE_FIRE_EM_05621,REG_서귀포시_성산읍,OCCURRED_IN_REGION
AE_FIRE_EM_05622,REG_서귀포시_표선면,OCCURRED_IN_REGION
AE_FIRE_EM_05623,REG_제주시_한경면,OCCURRED_IN_REGION
AE_FIRE_EM_05624,REG_서귀포시_안덕면,OCCURRED_IN_REGION
AE_FIRE_EM_05625,REG_서귀포시_하원동,OCCURRED_IN_REGION
AE_FIRE_EM_05626,REG_서귀포시_중문동,OCCURRED_IN_REGION
AE_FIRE_EM_05627,REG_서귀포시_색달동,OCCURRED_IN_REGION
AE_FIRE_EM_05628,REG_서귀포시_대정읍,OCCURRED_IN_REGION
AE_FIRE_EM_05629,REG_제주시_삼도일동,OCCURRED_IN_REGION
AE_FIRE_EM_05630,REG_제주시_애월읍,OCCURRED_IN_REGION
AE_FIRE_EM_05631,REG_제주시_조천읍,OCCURRED_IN_REGION
AE_FIRE_EM_05632,REG_서귀포시_색달동,OCCURRED_IN_REGION
AE_FIRE_EM_05633,REG_제주시_오등동,OCCURRED_IN_REGION
AE_FIRE_EM_05634,REG_제주시_연동,OCCURRED_IN_REGION
AE_FIRE_EM_05635,REG_서귀포시_안덕면,OCCURRED_IN_REGION
AE_FIRE_EM_05636,REG_서귀포시_대정읍,OCCURRED_IN_REGION
AE_FIRE_EM_05637,REG_서귀포시_강정동,OCCURRED_IN_REGION
AE_FIRE_EM_05638,REG_제주시_연동,OCCURRED_IN_REGION
AE_FIRE_EM_05639,REG_제주시_조천읍,OCCURRED_IN_REGION
AE_FIRE_EM_05640,REG_서귀포시_중문동,OCCURRED_IN_REGION
AE_FIRE_EM_05641,REG_서귀포시_회수동,OCCURRED_IN_REGION
AE_FIRE_EM_05642,REG_서귀포시_강정동,OCCURRED_IN_REGION
AE_FIRE_EM_05643,REG_서귀포시_중문동,OCCURRED_IN_REGION
AE_FIRE_EM_05644,REG_서귀포시_중문동,OCCURRED_IN_REGION
AE_FIRE_EM_05645,REG_서귀포시_중문동,OCCURRED_IN_REGION
AE_FIRE_EM_05646,REG_서귀포시_중문동,OCCURRED_IN_REGION
AE_FIRE_EM_05647,REG_서귀포시_색달동,OCCURRED_IN_REGION
AE_FIRE_EM_05648,REG_제주시_조천읍,OCCURRED_IN_REGION
AE_FIRE_EM_05649,REG_제주시_연동,OCCURRED_IN_REGION
AE_FIRE_EM_05650,REG_제주시_연동,OCCURRED_IN_REGION
AE_FIRE_EM_05651,REG_제주시_도두일동,OCCURRED_IN_REGION
AE_FIRE_EM_05652,REG_제주시_애월읍,OCCURRED_IN_REGION
AE_FIRE_EM_05653,REG_서귀포시_표선면,OCCURRED_IN_REGION
AE_FIRE_EM_05654,REG_서귀포시_토평동,OCCURRED_IN_REGION
AE_FIRE_EM_05655,REG_서귀포시_보목동,OCCURRED_IN_REGION
AE_FIRE_EM_05656,REG_서귀포시_상효동,OCCURRED_IN_REGION
AE_FIRE_EM_05657,REG_서귀포시_법환동,OCCURRED_IN_REGION
AE_FIRE_EM_05658,REG_제주시_애월읍,OCCURRED_IN_REGION
AE_FIRE_EM_05659,REG_제주시_애월읍,OCCURRED_IN_REGION
AE_FIRE_EM_05660,REG_제주시_애월읍,OCCURRED_IN_REGION
AE_FIRE_EM_05661,REG_서귀포시_안덕면,OCCURRED_IN_REGION
AE_FIRE_EM_05662,REG_제주시_노형동,OCCURRED_IN_REGION
AE_FIRE_EM_05663,REG_제주시_조천읍,OCCURRED_IN_REGION
AE_FIRE_EM_05664,REG_제주시_한림읍,OCCURRED_IN_REGION
AE_FIRE_EM_05665,REG_제주시_오라삼동,OCCURRED_IN_REGION
AE_FIRE_EM_05666,REG_제주시_건입동,OCCURRED_IN_REGION
AE_FIRE_EM_05667,REG_제주시_삼도일동,OCCURRED_IN_REGION
AE_FIRE_EM_05668,REG_제주시_조천읍,OCCURRED_IN_REGION
AE_FIRE_EM_05669,REG_제주시_애월읍,OCCURRED_IN_REGION
AE_FIRE_EM_05670,REG_제주시_애월읍,OCCURRED_IN_REGION
AE_FIRE_EM_05671,REG_제주시_애월읍,OCCURRED_IN_REGION
AE_FIRE_EM_05672,REG_제주시_애월읍,OCCURRED_IN_REGION
AE_FIRE_EM_05673,REG_서귀포시_서홍동,OCCURRED_IN_REGION
AE_FIRE_EM_05674,REG_서귀포시_성산읍,OCCURRED_IN_REGION
AE_FIRE_EM_05675,REG_제주시_구좌읍,OCCURRED_IN_REGION
AE_FIRE_EM_05676,REG_제주시_한림읍,OCCURRED_IN_REGION
AE_FIRE_EM_05677,REG_제주시_한경면,OCCURRED_IN_REGION
AE_FIRE_EM_05678,REG_제주시_도련일동,OCCURRED_IN_REGION
AE_FIRE_EM_05679,REG_제주시_외도일동,OCCURRED_IN_REGION
AE_FIRE_EM_05680,REG_서귀포시_서귀동,OCCURRED_IN_REGION
AE_FIRE_EM_05681,REG_서귀포시_남원읍,OCCURRED_IN_REGION
AE_FIRE_EM_05682,REG_서귀포시_상예동,OCCURRED_IN_REGION
AE_FIRE_EM_05683,REG_제주시_연동,OCCURRED_IN_REGION
AE_FIRE_EM_05684,REG_제주시_용담이동,OCCURRED_IN_REGION
AE_FIRE_EM_05685,REG_제주시_구좌읍,OCCURRED_IN_REGION
AE_FIRE_EM_05686,REG_서귀포시_하효동,OCCURRED_IN_REGION
AE_FIRE_EM_05687,REG_서귀포시_남원읍,OCCURRED_IN_REGION
AE_FIRE_EM_05688,REG_서귀포시_안덕면,OCCURRED_IN_REGION
AE_FIRE_EM_05689,REG_제주시_한경면,OCCURRED_IN_REGION
AE_FIRE_EM_05690,REG_서귀포시_중문동,OCCURRED_IN_REGION
AE_FIRE_EM_05691,REG_제주시_한림읍,OCCURRED_IN_REGION
AE_FIRE_EM_05692,REG_서귀포시_서귀동,OCCURRED_IN_REGION
AE_FIRE_EM_05693,REG_서귀포시_서귀동,OCCURRED_IN_REGION
AE_FIRE_EM_05694,REG_제주시_조천읍,OCCURRED_IN_REGION
AE_FIRE_EM_05695,REG_서귀포시_하원동,OCCURRED_IN_REGION
AE_FIRE_EM_05696,REG_서귀포시_표선면,OCCURRED_IN_REGION
AE_FIRE_EM_05697,REG_제주시_한림읍,OCCURRED_IN_REGION
AE_FIRE_EM_05698,REG_서귀포시_안덕면,OCCURRED_IN_REGION
AE_FIRE_EM_05699,REG_서귀포시_안덕면,OCCURRED_IN_REGION
AE_FIRE_EM_05700,REG_제주시_우도면,OCCURRED_IN_REGION
AE_FIRE_EM_05701,REG_서귀포시_서귀동,OCCURRED_IN_REGION
AE_FIRE_EM_05702,REG_제주시_삼도이동,OCCURRED_IN_REGION
AE_FIRE_EM_05703,REG_제주시_조천읍,OCCURRED_IN_REGION
AE_FIRE_EM_05704,REG_제주시_조천읍,OCCURRED_IN_REGION
AE_FIRE_EM_05705,REG_서귀포시_중문동,OCCURRED_IN_REGION
AE_FIRE_EM_05706,REG_서귀포시_법환동,OCCURRED_IN_REGION
AE_FIRE_EM_05707,REG_서귀포시_안덕면,OCCURRED_IN_REGION
AE_FIRE_EM_05708,REG_서귀포시_안덕면,OCCURRED_IN_REGION
AE_FIRE_EM_05709,REG_서귀포시_안덕면,OCCURRED_IN_REGION
AE_FIRE_EM_05710,REG_서귀포시_안덕면,OCCURRED_IN_REGION
AE_FIRE_EM_05711,REG_서귀포시_안덕면,OCCURRED_IN_REGION
AE_FIRE_EM_05712,REG_서귀포시_안덕면,OCCURRED_IN_REGION
AE_FIRE_EM_05713,REG_서귀포시_안덕면,OCCURRED_IN_REGION
AE_FIRE_EM_05714,REG_서귀포시_안덕면,OCCURRED_IN_REGION
AE_FIRE_EM_05715,REG_서귀포시_안덕면,OCCURRED_IN_REGION
AE_FIRE_EM_05716,REG_서귀포시_안덕면,OCCURRED_IN_REGION
AE_FIRE_EM_05717,REG_서귀포시_안덕면,OCCURRED_IN_REGION
AE_FIRE_EM_05718,REG_서귀포시_안덕면,OCCURRED_IN_REGION
AE_FIRE_EM_05719,REG_제주시_애월읍,OCCURRED_IN_REGION
AE_FIRE_EM_05720,REG_서귀포시_대정읍,OCCURRED_IN_REGION
AE_FIRE_EM_05721,REG_서귀포시_안덕면,OCCURRED_IN_REGION
AE_FIRE_EM_05722,REG_서귀포시_안덕면,OCCURRED_IN_REGION
AE_FIRE_EM_05723,REG_서귀포시_안덕면,OCCURRED_IN_REGION
AE_FIRE_EM_05724,REG_서귀포시_안덕면,OCCURRED_IN_REGION
AE_FIRE_EM_05725,REG_서귀포시_안덕면,OCCURRED_IN_REGION
AE_FIRE_EM_05726,REG_서귀포시_안덕면,OCCURRED_IN_REGION
AE_FIRE_EM_05727,REG_서귀포시_안덕면,OCCURRED_IN_REGION
AE_FIRE_EM_05728,REG_서귀포시_안덕면,OCCURRED_IN_REGION
AE_FIRE_EM_05729,REG_서귀포시_안덕면,OCCURRED_IN_REGION
AE_FIRE_EM_05730,REG_서귀포시_안덕면,OCCURRED_IN_REGION
AE_FIRE_EM_05731,REG_서귀포시_안덕면,OCCURRED_IN_REGION
AE_FIRE_EM_05732,REG_서귀포시_안덕면,OCCURRED_IN_REGION
AE_FIRE_EM_05733,REG_서귀포시_안덕면,OCCURRED_IN_REGION
AE_FIRE_EM_05734,REG_서귀포시_안덕면,OCCURRED_IN_REGION
AE_FIRE_EM_05735,REG_서귀포시_안덕면,OCCURRED_IN_REGION
AE_FIRE_EM_05736,REG_서귀포시_안덕면,OCCURRED_IN_REGION
AE_FIRE_EM_05737,REG_서귀포시_안덕면,OCCURRED_IN_REGION
AE_FIRE_EM_05738,REG_서귀포시_안덕면,OCCURRED_IN_REGION
AE_FIRE_EM_05739,REG_서귀포시_표선면,OCCURRED_IN_REGION
AE_FIRE_EM_05740,REG_서귀포시_표선면,OCCURRED_IN_REGION
AE_FIRE_EM_05741,REG_제주시_한경면,OCCURRED_IN_REGION
AE_FIRE_EM_05742,REG_서귀포시_대정읍,OCCURRED_IN_REGION
AE_FIRE_EM_05743,REG_제주시_조천읍,OCCURRED_IN_REGION
AE_FIRE_EM_05744,REG_제주시_구좌읍,OCCURRED_IN_REGION
AE_FIRE_EM_05745,REG_서귀포시_보목동,OCCURRED_IN_REGION
AE_FIRE_EM_05746,REG_제주시_한림읍,OCCURRED_IN_REGION
AE_FIRE_EM_05747,REG_제주시_애월읍,OCCURRED_IN_REGION
AE_FIRE_EM_05748,REG_제주시_애월읍,OCCURRED_IN_REGION
AE_FIRE_EM_05749,REG_제주시_구좌읍,OCCURRED_IN_REGION
AE_FIRE_EM_05750,REG_제주시_조천읍,OCCURRED_IN_REGION
AE_FIRE_EM_05751,REG_서귀포시_서귀동,OCCURRED_IN_REGION
AE_FIRE_EM_05752,REG_서귀포시_표선면,OCCURRED_IN_REGION
AE_FIRE_EM_05753,REG_제주시_애월읍,OCCURRED_IN_REGION
AE_FIRE_EM_05754,REG_제주시_조천읍,OCCURRED_IN_REGION
AE_FIRE_EM_05755,REG_제주시_봉개동,OCCURRED_IN_REGION
AE_FIRE_EM_05756,REG_제주시_구좌읍,OCCURRED_IN_REGION
AE_FIRE_EM_05757,REG_서귀포시_대포동,OCCURRED_IN_REGION
AE_FIRE_EM_05758,REG_서귀포시_상예동,OCCURRED_IN_REGION
AE_FIRE_EM_05759,REG_제주시_한경면,OCCURRED_IN_REGION
AE_FIRE_EM_05760,REG_제주시_한림읍,OCCURRED_IN_REGION
AE_FIRE_EM_05761,REG_서귀포시_안덕면,OCCURRED_IN_REGION
AE_FIRE_EM_05762,REG_서귀포시_성산읍,OCCURRED_IN_REGION
AE_FIRE_EM_05763,REG_제주시_우도면,OCCURRED_IN_REGION
AE_FIRE_EM_05764,REG_서귀포시_성산읍,OCCURRED_IN_REGION
AE_FIRE_EM_05765,REG_제주시_연동,OCCURRED_IN_REGION
AE_FIRE_EM_05766,REG_제주시_회천동,OCCURRED_IN_REGION
AE_FIRE_EM_05767,REG_제주시_조천읍,OCCURRED_IN_REGION
AE_FIRE_EM_05768,REG_제주시_조천읍,OCCURRED_IN_REGION
AE_FIRE_EM_05769,REG_제주시_연동,OCCURRED_IN_REGION
AE_FIRE_EM_05770,REG_제주시_도두일동,OCCURRED_IN_REGION
AE_FIRE_EM_05771,REG_제주시_도두일동,OCCURRED_IN_REGION
AE_FIRE_EM_05772,REG_제주시_조천읍,OCCURRED_IN_REGION
AE_FIRE_EM_05773,REG_서귀포시_서귀동,OCCURRED_IN_REGION
AE_FIRE_EM_05774,REG_서귀포시_서귀동,OCCURRED_IN_REGION
AE_FIRE_EM_05775,REG_서귀포시_중문동,OCCURRED_IN_REGION
AE_FIRE_EM_05776,REG_서귀포시_성산읍,OCCURRED_IN_REGION
AE_FIRE_EM_05777,REG_제주시_한림읍,OCCURRED_IN_REGION
AE_FIRE_EM_05778,REG_제주시_이도이동,OCCURRED_IN_REGION
AE_FIRE_EM_05779,REG_제주시_연동,OCCURRED_IN_REGION
AE_FIRE_EM_05780,REG_제주시_연동,OCCURRED_IN_REGION
AE_FIRE_EM_05781,REG_서귀포시_서귀동,OCCURRED_IN_REGION
AE_FIRE_EM_05782,REG_서귀포시_성산읍,OCCURRED_IN_REGION
AE_FIRE_EM_05783,REG_서귀포시_표선면,OCCURRED_IN_REGION
AE_FIRE_EM_05784,REG_서귀포시_표선면,OCCURRED_IN_REGION
AE_FIRE_EM_05785,REG_제주시_한림읍,OCCURRED_IN_REGION
AE_FIRE_EM_05786,REG_서귀포시_대정읍,OCCURRED_IN_REGION
AE_FIRE_EM_05787,REG_제주시_노형동,OCCURRED_IN_REGION
AE_FIRE_EM_05788,REG_서귀포시_색달동,OCCURRED_IN_REGION
AE_FIRE_EM_05789,REG_서귀포시_토평동,OCCURRED_IN_REGION
AE_FIRE_EM_05790,REG_제주시_한림읍,OCCURRED_IN_REGION
AE_FIRE_EM_05791,REG_제주시_한림읍,OCCURRED_IN_REGION
AE_FIRE_EM_05792,REG_서귀포시_대정읍,OCCURRED_IN_REGION
AE_FIRE_EM_05793,REG_서귀포시_하예동,OCCURRED_IN_REGION
AE_FIRE_EM_05794,REG_제주시_오라일동,OCCURRED_IN_REGION
AE_FIRE_EM_05795,REG_제주시_애월읍,OCCURRED_IN_REGION
AE_FIRE_EM_05796,REG_서귀포시_색달동,OCCURRED_IN_REGION
AE_FIRE_EM_05797,REG_서귀포시_성산읍,OCCURRED_IN_REGION
AE_FIRE_EM_05798,REG_서귀포시_성산읍,OCCURRED_IN_REGION
AE_FIRE_EM_05799,REG_제주시_우도면,OCCURRED_IN_REGION
AE_FIRE_EM_05800,REG_제주시_우도면,OCCURRED_IN_REGION
AE_FIRE_EM_05801,REG_제주시_오라이동,OCCURRED_IN_REGION
AE_FIRE_EM_05802,REG_서귀포시_색달동,OCCURRED_IN_REGION
AE_FIRE_EM_05803,REG_서귀포시_성산읍,OCCURRED_IN_REGION
AE_FIRE_EM_05804,REG_서귀포시_성산읍,OCCURRED_IN_REGION
AE_FIRE_EM_05805,REG_서귀포시_표선면,OCCURRED_IN_REGION
AE_FIRE_EM_05806,REG_서귀포시_서귀동,OCCURRED_IN_REGION
AE_FIRE_EM_05807,REG_제주시_한림읍,OCCURRED_IN_REGION
AE_FIRE_EM_05808,REG_제주시_애월읍,OCCURRED_IN_REGION
AE_FIRE_EM_05809,REG_제주시_애월읍,OCCURRED_IN_REGION
AE_FIRE_EM_05810,REG_제주시_구좌읍,OCCURRED_IN_REGION
AE_FIRE_EM_05811,REG_제주시_노형동,OCCURRED_IN_REGION
AE_FIRE_EM_05812,REG_서귀포시_강정동,OCCURRED_IN_REGION
AE_FIRE_EM_05813,REG_서귀포시_성산읍,OCCURRED_IN_REGION
AE_FIRE_EM_05814,REG_서귀포시_표선면,OCCURRED_IN_REGION
AE_FIRE_EM_05815,REG_제주시_한림읍,OCCURRED_IN_REGION
AE_FIRE_EM_05816,REG_제주시_한경면,OCCURRED_IN_REGION
AE_FIRE_EM_05817,REG_서귀포시_안덕면,OCCURRED_IN_REGION
AE_FIRE_EM_05818,REG_서귀포시_안덕면,OCCURRED_IN_REGION
AE_FIRE_EM_05819,REG_서귀포시_안덕면,OCCURRED_IN_REGION
AE_FIRE_EM_05820,REG_서귀포시_안덕면,OCCURRED_IN_REGION
AE_FIRE_EM_05821,REG_서귀포시_안덕면,OCCURRED_IN_REGION
AE_FIRE_EM_05822,REG_제주시_애월읍,OCCURRED_IN_REGION
AE_FIRE_EM_05823,REG_제주시_화북이동,OCCURRED_IN_REGION
AE_FIRE_EM_05824,REG_서귀포시_하예동,OCCURRED_IN_REGION
AE_FIRE_EM_05825,REG_서귀포시_상예동,OCCURRED_IN_REGION
AE_FIRE_EM_05826,REG_서귀포시_표선면,OCCURRED_IN_REGION
AE_FIRE_EM_05827,REG_제주시_한경면,OCCURRED_IN_REGION
AE_FIRE_EM_05828,REG_제주시_한경면,OCCURRED_IN_REGION
AE_FIRE_EM_05829,REG_서귀포시_색달동,OCCURRED_IN_REGION
AE_FIRE_EM_05830,REG_서귀포시_색달동,OCCURRED_IN_REGION
AE_FIRE_EM_05831,REG_제주시_한경면,OCCURRED_IN_REGION
AE_FIRE_EM_05832,REG_제주시_조천읍,OCCURRED_IN_REGION
AE_FIRE_EM_05833,REG_제주시_연동,OCCURRED_IN_REGION
AE_FIRE_EM_05834,REG_서귀포시_표선면,OCCURRED_IN_REGION
AE_FIRE_EM_05835,REG_서귀포시_성산읍,OCCURRED_IN_REGION
AE_FIRE_EM_05836,REG_서귀포시_표선면,OCCURRED_IN_REGION
AE_FIRE_EM_05837,REG_서귀포시_토평동,OCCURRED_IN_REGION
AE_FIRE_EM_05838,REG_서귀포시_중문동,OCCURRED_IN_REGION
AE_FIRE_EM_05839,REG_제주시_애월읍,OCCURRED_IN_REGION
AE_FIRE_EM_05840,REG_서귀포시_색달동,OCCURRED_IN_REGION
AE_FIRE_EM_05841,REG_서귀포시_강정동,OCCURRED_IN_REGION
AE_FIRE_EM_05842,REG_제주시_구좌읍,OCCURRED_IN_REGION
AE_FIRE_EM_05843,REG_제주시_노형동,OCCURRED_IN_REGION
AE_FIRE_EM_05844,REG_제주시_애월읍,OCCURRED_IN_REGION
AE_FIRE_EM_05845,REG_서귀포시_서홍동,OCCURRED_IN_REGION
AE_FIRE_EM_05846,REG_서귀포시_색달동,OCCURRED_IN_REGION
AE_FIRE_EM_05847,REG_서귀포시_서호동,OCCURRED_IN_REGION
AE_FIRE_EM_05848,REG_서귀포시_서호동,OCCURRED_IN_REGION
AE_FIRE_EM_05849,REG_제주시_한경면,OCCURRED_IN_REGION
AE_FIRE_EM_05850,REG_제주시_삼도이동,OCCURRED_IN_REGION
AE_FIRE_EM_05851,REG_제주시_해안동,OCCURRED_IN_REGION
AE_FIRE_EM_05852,REG_제주시_삼양일동,OCCURRED_IN_REGION
AE_FIRE_EM_05853,REG_제주시_조천읍,OCCURRED_IN_REGION
AE_FIRE_EM_05854,REG_서귀포시_보목동,OCCURRED_IN_REGION
AE_FIRE_EM_05855,REG_서귀포시_성산읍,OCCURRED_IN_REGION
AE_FIRE_EM_05856,REG_제주시_애월읍,OCCURRED_IN_REGION
AE_FIRE_EM_05857,REG_제주시_해안동,OCCURRED_IN_REGION
AE_FIRE_EM_05858,REG_제주시_한경면,OCCURRED_IN_REGION
AE_FIRE_EM_05859,REG_서귀포시_안덕면,OCCURRED_IN_REGION
AE_FIRE_EM_05860,REG_제주시_용담이동,OCCURRED_IN_REGION
AE_FIRE_EM_05861,REG_제주시_조천읍,OCCURRED_IN_REGION
AE_FIRE_EM_05862,REG_제주시_조천읍,OCCURRED_IN_REGION
AE_FIRE_EM_05863,REG_제주시_도두일동,OCCURRED_IN_REGION
AE_FIRE_EM_05864,REG_제주시_애월읍,OCCURRED_IN_REGION
AE_FIRE_EM_05865,REG_제주시_추자면,OCCURRED_IN_REGION
AE_FIRE_EM_05866,REG_서귀포시_색달동,OCCURRED_IN_REGION
AE_FIRE_EM_05867,REG_서귀포시_안덕면,OCCURRED_IN_REGION
AE_FIRE_EM_05868,REG_서귀포시_안덕면,OCCURRED_IN_REGION
AE_FIRE_EM_05869,REG_서귀포시_성산읍,OCCURRED_IN_REGION
AE_FIRE_EM_05870,REG_서귀포시_성산읍,OCCURRED_IN_REGION
AE_FIRE_EM_05871,REG_서귀포시_성산읍,OCCURRED_IN_REGION
AE_FIRE_EM_05872,REG_서귀포시_성산읍,OCCURRED_IN_REGION
AE_FIRE_EM_05873,REG_서귀포시_표선면,OCCURRED_IN_REGION
AE_FIRE_EM_05874,REG_제주시_조천읍,OCCURRED_IN_REGION
AE_FIRE_EM_05875,REG_제주시_한림읍,OCCURRED_IN_REGION
AE_FIRE_EM_05876,REG_제주시_한경면,OCCURRED_IN_REGION
AE_FIRE_EM_05877,REG_서귀포시_안덕면,OCCURRED_IN_REGION
AE_FIRE_EM_05878,REG_서귀포시_안덕면,OCCURRED_IN_REGION
AE_FIRE_EM_05879,REG_제주시_구좌읍,OCCURRED_IN_REGION
AE_FIRE_EM_05880,REG_제주시_우도면,OCCURRED_IN_REGION
AE_FIRE_EM_05881,REG_서귀포시_대정읍,OCCURRED_IN_REGION
AE_FIRE_EM_05882,REG_제주시_연동,OCCURRED_IN_REGION
AE_FIRE_EM_05883,REG_제주시_용담이동,OCCURRED_IN_REGION
AE_FIRE_EM_05884,REG_제주시_조천읍,OCCURRED_IN_REGION
AE_FIRE_EM_05885,REG_제주시_애월읍,OCCURRED_IN_REGION
AE_FIRE_EM_05886,REG_서귀포시_서홍동,OCCURRED_IN_REGION
AE_FIRE_EM_05887,REG_서귀포시_토평동,OCCURRED_IN_REGION
AE_FIRE_EM_05888,REG_서귀포시_남원읍,OCCURRED_IN_REGION
AE_FIRE_EM_05889,REG_서귀포시_서귀동,OCCURRED_IN_REGION
AE_FIRE_EM_05890,REG_서귀포시_대포동,OCCURRED_IN_REGION
AE_FIRE_EM_05891,REG_제주시_애월읍,OCCURRED_IN_REGION
AE_FIRE_EM_05892,REG_제주시_한경면,OCCURRED_IN_REGION
AE_FIRE_EM_05893,REG_서귀포시_대정읍,OCCURRED_IN_REGION
AE_FIRE_EM_05894,REG_서귀포시_안덕면,OCCURRED_IN_REGION
AE_FIRE_EM_05895,REG_서귀포시_색달동,OCCURRED_IN_REGION
AE_FIRE_EM_05896,REG_제주시_구좌읍,OCCURRED_IN_REGION
AE_FIRE_EM_05897,REG_제주시_애월읍,OCCURRED_IN_REGION
AE_FIRE_EM_05898,REG_제주시_용담이동,OCCURRED_IN_REGION
AE_FIRE_EM_05899,REG_서귀포시_성산읍,OCCURRED_IN_REGION
AE_FIRE_EM_05900,REG_제주시_구좌읍,OCCURRED_IN_REGION
AE_FIRE_EM_05901,REG_제주시_한림읍,OCCURRED_IN_REGION
AE_FIRE_EM_05902,REG_제주시_애월읍,OCCURRED_IN_REGION
AE_FIRE_EM_05903,REG_제주시_한경면,OCCURRED_IN_REGION
AE_FIRE_EM_05904,REG_서귀포시_성산읍,OCCURRED_IN_REGION
AE_FIRE_EM_05905,REG_제주시_우도면,OCCURRED_IN_REGION
AE_FIRE_EM_05906,REG_제주시_우도면,OCCURRED_IN_REGION
AE_FIRE_EM_05907,REG_서귀포시_동홍동,OCCURRED_IN_REGION
AE_FIRE_EM_05908,REG_서귀포시_동홍동,OCCURRED_IN_REGION
AE_FIRE_EM_05909,REG_서귀포시_성산읍,OCCURRED_IN_REGION
AE_FIRE_EM_05910,REG_서귀포시_성산읍,OCCURRED_IN_REGION
AE_FIRE_EM_05911,REG_제주시_구좌읍,OCCURRED_IN_REGION
AE_FIRE_EM_05912,REG_서귀포시_중문동,OCCURRED_IN_REGION
AE_FIRE_EM_05913,REG_서귀포시_성산읍,OCCURRED_IN_REGION
AE_FIRE_EM_05914,REG_제주시_구좌읍,OCCURRED_IN_REGION
AE_FIRE_EM_05915,REG_제주시_노형동,OCCURRED_IN_REGION
AE_FIRE_EM_05916,REG_제주시_노형동,OCCURRED_IN_REGION
AE_FIRE_EM_05917,REG_서귀포시_법환동,OCCURRED_IN_REGION
AE_FIRE_EM_05918,REG_서귀포시_강정동,OCCURRED_IN_REGION
AE_FIRE_EM_05919,REG_제주시_한림읍,OCCURRED_IN_REGION
AE_FIRE_EM_05920,REG_제주시_애월읍,OCCURRED_IN_REGION
AE_FIRE_EM_05921,REG_서귀포시_대정읍,OCCURRED_IN_REGION
AE_FIRE_EM_05922,REG_제주시_오라삼동,OCCURRED_IN_REGION
AE_FIRE_EM_05923,REG_제주시_건입동,OCCURRED_IN_REGION
AE_FIRE_EM_05924,REG_서귀포시_성산읍,OCCURRED_IN_REGION
AE_FIRE_EM_05925,REG_서귀포시_보목동,OCCURRED_IN_REGION
AE_FIRE_EM_05926,REG_제주시_한림읍,OCCURRED_IN_REGION
AE_FIRE_EM_05927,REG_제주시_도남동,OCCURRED_IN_REGION
AE_FIRE_EM_05928,REG_제주시_이도일동,OCCURRED_IN_REGION
AE_FIRE_EM_05929,REG_제주시_이호이동,OCCURRED_IN_REGION
AE_FIRE_EM_05930,REG_서귀포시_표선면,OCCURRED_IN_REGION
AE_FIRE_EM_05931,REG_제주시_조천읍,OCCURRED_IN_REGION
AE_FIRE_EM_05932,REG_제주시_조천읍,OCCURRED_IN_REGION
AE_FIRE_EM_05933,REG_제주시_노형동,OCCURRED_IN_REGION
AE_FIRE_EM_05934,REG_제주시_구좌읍,OCCURRED_IN_REGION
AE_FIRE_EM_05935,REG_제주시_한경면,OCCURRED_IN_REGION
AE_FIRE_EM_05936,REG_제주시_구좌읍,OCCURRED_IN_REGION
AE_FIRE_EM_05937,REG_서귀포시_강정동,OCCURRED_IN_REGION
AE_FIRE_EM_05938,REG_서귀포시_강정동,OCCURRED_IN_REGION
AE_FIRE_EM_05939,REG_서귀포시_서호동,OCCURRED_IN_REGION
AE_FIRE_EM_05940,REG_제주시_애월읍,OCCURRED_IN_REGION
AE_FIRE_EM_05941,REG_서귀포시_안덕면,OCCURRED_IN_REGION
AE_FIRE_EM_05942,REG_서귀포시_대정읍,OCCURRED_IN_REGION
AE_FIRE_EM_05943,REG_제주시_한경면,OCCURRED_IN_REGION
AE_FIRE_EM_05944,REG_서귀포시_성산읍,OCCURRED_IN_REGION
AE_FIRE_EM_05945,REG_서귀포시_색달동,OCCURRED_IN_REGION
AE_FIRE_EM_05946,REG_서귀포시_성산읍,OCCURRED_IN_REGION
AE_FIRE_EM_05947,REG_서귀포시_남원읍,OCCURRED_IN_REGION
AE_FIRE_EM_05948,REG_제주시_조천읍,OCCURRED_IN_REGION
AE_FIRE_EM_05949,REG_서귀포시_성산읍,OCCURRED_IN_REGION
AE_FIRE_EM_05950,REG_제주시_외도일동,OCCURRED_IN_REGION
AE_FIRE_EM_05951,REG_서귀포시_안덕면,OCCURRED_IN_REGION
AE_FIRE_EM_05952,REG_제주시_우도면,OCCURRED_IN_REGION
AE_FIRE_EM_05953,REG_제주시_도남동,OCCURRED_IN_REGION
AE_FIRE_EM_05954,REG_제주시_용담이동,OCCURRED_IN_REGION
AE_FIRE_EM_05955,REG_제주시_연동,OCCURRED_IN_REGION
AE_FIRE_EM_05956,REG_제주시_연동,OCCURRED_IN_REGION
AE_FIRE_EM_05957,REG_제주시_구좌읍,OCCURRED_IN_REGION
AE_FIRE_EM_05958,REG_제주시_구좌읍,OCCURRED_IN_REGION
AE_FIRE_EM_05959,REG_제주시_구좌읍,OCCURRED_IN_REGION
AE_FIRE_EM_05960,REG_서귀포시_성산읍,OCCURRED_IN_REGION
AE_FIRE_EM_05961,REG_서귀포시_표선면,OCCURRED_IN_REGION
AE_FIRE_EM_05962,REG_서귀포시_남원읍,OCCURRED_IN_REGION
AE_FIRE_EM_05963,REG_서귀포시_서호동,OCCURRED_IN_REGION
AE_FIRE_EM_05964,REG_제주시_이도이동,OCCURRED_IN_REGION
AE_FIRE_EM_05965,REG_서귀포시_서귀동,OCCURRED_IN_REGION
AE_FIRE_EM_05966,REG_서귀포시_색달동,OCCURRED_IN_REGION
AE_FIRE_EM_05967,REG_서귀포시_대포동,OCCURRED_IN_REGION
AE_FIRE_EM_05968,REG_서귀포시_안덕면,OCCURRED_IN_REGION
AE_FIRE_EM_05969,REG_서귀포시_성산읍,OCCURRED_IN_REGION
AE_FIRE_EM_05970,REG_서귀포시_성산읍,OCCURRED_IN_REGION
AE_FIRE_EM_05971,REG_제주시_애월읍,OCCURRED_IN_REGION
AE_FIRE_EM_05972,REG_제주시_애월읍,OCCURRED_IN_REGION
AE_FIRE_EM_05973,REG_서귀포시_색달동,OCCURRED_IN_REGION
AE_FIRE_EM_05974,REG_제주시_우도면,OCCURRED_IN_REGION
AE_FIRE_EM_05975,REG_제주시_구좌읍,OCCURRED_IN_REGION
AE_FIRE_EM_05976,REG_서귀포시_표선면,OCCURRED_IN_REGION
AE_FIRE_EM_05977,REG_제주시_우도면,OCCURRED_IN_REGION
AE_FIRE_EM_05978,REG_서귀포시_대포동,OCCURRED_IN_REGION
AE_FIRE_EM_05979,REG_서귀포시_토평동,OCCURRED_IN_REGION
AE_FIRE_EM_05980,REG_서귀포시_강정동,OCCURRED_IN_REGION
AE_FIRE_EM_05981,REG_제주시_애월읍,OCCURRED_IN_REGION
AE_FIRE_EM_05982,REG_서귀포시_하효동,OCCURRED_IN_REGION
AE_FIRE_EM_05983,REG_제주시_구좌읍,OCCURRED_IN_REGION
AE_FIRE_EM_05984,REG_서귀포시_호근동,OCCURRED_IN_REGION
AE_FIRE_EM_05985,REG_제주시_구좌읍,OCCURRED_IN_REGION
AE_FIRE_EM_05986,REG_서귀포시_대포동,OCCURRED_IN_REGION
AE_FIRE_EM_05987,REG_제주시_건입동,OCCURRED_IN_REGION
AE_FIRE_EM_05988,REG_제주시_조천읍,OCCURRED_IN_REGION
AE_FIRE_EM_05989,REG_서귀포시_보목동,OCCURRED_IN_REGION
AE_FIRE_EM_05990,REG_제주시_애월읍,OCCURRED_IN_REGION
AE_FIRE_EM_05991,REG_서귀포시_안덕면,OCCURRED_IN_REGION
AE_FIRE_EM_05992,REG_서귀포시_성산읍,OCCURRED_IN_REGION
AE_FIRE_EM_05993,REG_제주시_우도면,OCCURRED_IN_REGION
AE_FIRE_EM_05994,REG_제주시_구좌읍,OCCURRED_IN_REGION
AE_FIRE_EM_05995,REG_서귀포시_서호동,OCCURRED_IN_REGION
AE_FIRE_EM_05996,REG_제주시_조천읍,OCCURRED_IN_REGION
AE_FIRE_EM_05997,REG_서귀포시_표선면,OCCURRED_IN_REGION
AE_FIRE_EM_05998,REG_서귀포시_안덕면,OCCURRED_IN_REGION
AE_FIRE_EM_05999,REG_제주시_일도일동,OCCURRED_IN_REGION
AE_FIRE_EM_06000,REG_제주시_해안동,OCCURRED_IN_REGION
AE_FIRE_EM_06001,REG_서귀포시_서귀동,OCCURRED_IN_REGION
AE_FIRE_EM_06002,REG_서귀포시_서귀동,OCCURRED_IN_REGION
AE_FIRE_EM_06003,REG_서귀포시_강정동,OCCURRED_IN_REGION
AE_FIRE_EM_06004,REG_서귀포시_법환동,OCCURRED_IN_REGION
AE_FIRE_EM_06005,REG_제주시_애월읍,OCCURRED_IN_REGION
AE_FIRE_EM_06006,REG_서귀포시_안덕면,OCCURRED_IN_REGION
AE_FIRE_EM_06007,REG_제주시_용담이동,OCCURRED_IN_REGION
AE_FIRE_EM_06008,REG_제주시_화북이동,OCCURRED_IN_REGION
AE_FIRE_EM_06009,REG_제주시_조천읍,OCCURRED_IN_REGION
AE_FIRE_EM_06010,REG_서귀포시_색달동,OCCURRED_IN_REGION
AE_FIRE_EM_06011,REG_서귀포시_중문동,OCCURRED_IN_REGION
AE_FIRE_EM_06012,REG_서귀포시_토평동,OCCURRED_IN_REGION
AE_FIRE_EM_06013,REG_제주시_한림읍,OCCURRED_IN_REGION
AE_FIRE_EM_06014,REG_제주시_한림읍,OCCURRED_IN_REGION
AE_FIRE_EM_06015,REG_서귀포시_안덕면,OCCURRED_IN_REGION
AE_FIRE_EM_06016,REG_제주시_구좌읍,OCCURRED_IN_REGION
AE_FIRE_EM_06017,REG_서귀포시_색달동,OCCURRED_IN_REGION
AE_FIRE_EM_06018,REG_제주시_이도이동,OCCURRED_IN_REGION
AE_FIRE_EM_06019,REG_서귀포시_서귀동,OCCURRED_IN_REGION
AE_FIRE_EM_06020,REG_서귀포시_하원동,OCCURRED_IN_REGION
AE_FIRE_EM_06021,REG_서귀포시_토평동,OCCURRED_IN_REGION
AE_FIRE_EM_06022,REG_제주시_한림읍,OCCURRED_IN_REGION
AE_FIRE_EM_06023,REG_제주시_애월읍,OCCURRED_IN_REGION
AE_FIRE_EM_06024,REG_제주시_한림읍,OCCURRED_IN_REGION
AE_FIRE_EM_06025,REG_제주시_애월읍,OCCURRED_IN_REGION
AE_FIRE_EM_06026,REG_서귀포시_표선면,OCCURRED_IN_REGION
AE_FIRE_EM_06027,REG_제주시_도두이동,OCCURRED_IN_REGION
AE_FIRE_EM_06028,REG_서귀포시_상예동,OCCURRED_IN_REGION
AE_FIRE_EM_06029,REG_서귀포시_성산읍,OCCURRED_IN_REGION
AE_FIRE_EM_06030,REG_서귀포시_성산읍,OCCURRED_IN_REGION
AE_FIRE_EM_06031,REG_서귀포시_대정읍,OCCURRED_IN_REGION
AE_FIRE_EM_06032,REG_제주시_삼도이동,OCCURRED_IN_REGION
AE_FIRE_EM_06033,REG_제주시_조천읍,OCCURRED_IN_REGION
AE_FIRE_EM_06034,REG_제주시_조천읍,OCCURRED_IN_REGION
AE_FIRE_EM_06035,REG_제주시_조천읍,OCCURRED_IN_REGION
AE_FIRE_EM_06036,REG_서귀포시_색달동,OCCURRED_IN_REGION
AE_FIRE_EM_06037,REG_서귀포시_색달동,OCCURRED_IN_REGION
AE_FIRE_EM_06038,REG_서귀포시_색달동,OCCURRED_IN_REGION
AE_FIRE_EM_06039,REG_서귀포시_법환동,OCCURRED_IN_REGION
AE_FIRE_EM_06040,REG_제주시_한림읍,OCCURRED_IN_REGION
AE_FIRE_EM_06041,REG_제주시_애월읍,OCCURRED_IN_REGION
AE_FIRE_EM_06042,REG_서귀포시_안덕면,OCCURRED_IN_REGION
AE_FIRE_EM_06043,REG_제주시_일도이동,OCCURRED_IN_REGION
AE_FIRE_EM_06044,REG_제주시_화북일동,OCCURRED_IN_REGION
AE_FIRE_EM_06045,REG_제주시_구좌읍,OCCURRED_IN_REGION
AE_FIRE_EM_06046,REG_제주시_우도면,OCCURRED_IN_REGION
AE_FIRE_EM_06047,REG_서귀포시_하원동,OCCURRED_IN_REGION
AE_FIRE_EM_06048,REG_제주시_애월읍,OCCURRED_IN_REGION
AE_FIRE_EM_06049,REG_서귀포시_대정읍,OCCURRED_IN_REGION
AE_FIRE_EM_06050,REG_서귀포시_안덕면,OCCURRED_IN_REGION
AE_FIRE_EM_06051,REG_제주시_구좌읍,OCCURRED_IN_REGION
AE_FIRE_EM_06052,REG_서귀포시_성산읍,OCCURRED_IN_REGION
AE_FIRE_EM_06053,REG_서귀포시_강정동,OCCURRED_IN_REGION
AE_FIRE_EM_06054,REG_제주시_구좌읍,OCCURRED_IN_REGION
AE_FIRE_EM_06055,REG_제주시_한림읍,OCCURRED_IN_REGION
AE_FIRE_EM_06056,REG_서귀포시_안덕면,OCCURRED_IN_REGION
AE_FIRE_EM_06057,REG_서귀포시_안덕면,OCCURRED_IN_REGION
AE_FIRE_EM_06058,REG_제주시_조천읍,OCCURRED_IN_REGION
AE_FIRE_EM_06059,REG_서귀포시_성산읍,OCCURRED_IN_REGION
AE_FIRE_EM_06060,REG_제주시_이도일동,OCCURRED_IN_REGION
AE_FIRE_EM_06061,REG_제주시_조천읍,OCCURRED_IN_REGION
AE_FIRE_EM_06062,REG_제주시_외도일동,OCCURRED_IN_REGION
AE_FIRE_EM_06063,REG_제주시_조천읍,OCCURRED_IN_REGION
AE_FIRE_EM_06064,REG_서귀포시_색달동,OCCURRED_IN_REGION
AE_FIRE_EM_06065,REG_서귀포시_성산읍,OCCURRED_IN_REGION
AE_FIRE_EM_06066,REG_서귀포시_법환동,OCCURRED_IN_REGION
AE_FIRE_EM_06067,REG_서귀포시_법환동,OCCURRED_IN_REGION
AE_FIRE_EM_06068,REG_제주시_우도면,OCCURRED_IN_REGION
AE_FIRE_EM_06069,REG_제주시_조천읍,OCCURRED_IN_REGION
AE_FIRE_EM_06070,REG_제주시_구좌읍,OCCURRED_IN_REGION
AE_FIRE_EM_06071,REG_제주시_구좌읍,OCCURRED_IN_REGION
AE_FIRE_EM_06072,REG_제주시_애월읍,OCCURRED_IN_REGION
AE_FIRE_EM_06073,REG_서귀포시_대정읍,OCCURRED_IN_REGION
AE_FIRE_EM_06074,REG_서귀포시_표선면,OCCURRED_IN_REGION
AE_FIRE_EM_06075,REG_제주시_구좌읍,OCCURRED_IN_REGION
AE_FIRE_EM_06076,REG_제주시_연동,OCCURRED_IN_REGION
AE_FIRE_EM_06077,REG_제주시_구좌읍,OCCURRED_IN_REGION
AE_FIRE_EM_06078,REG_제주시_조천읍,OCCURRED_IN_REGION
AE_FIRE_EM_06079,REG_서귀포시_색달동,OCCURRED_IN_REGION
AE_FIRE_EM_06080,REG_서귀포시_표선면,OCCURRED_IN_REGION
AE_FIRE_EM_06081,REG_제주시_한림읍,OCCURRED_IN_REGION
AE_FIRE_EM_06082,REG_제주시_애월읍,OCCURRED_IN_REGION
AE_FIRE_EM_06083,REG_서귀포시_색달동,OCCURRED_IN_REGION
AE_FIRE_EM_06084,REG_제주시_용담일동,OCCURRED_IN_REGION
AE_FIRE_EM_06085,REG_제주시_조천읍,OCCURRED_IN_REGION
AE_FIRE_EM_06086,REG_제주시_한림읍,OCCURRED_IN_REGION
AE_FIRE_EM_06087,REG_제주시_도련일동,OCCURRED_IN_REGION
AE_FIRE_EM_06088,REG_서귀포시_색달동,OCCURRED_IN_REGION
AE_FIRE_EM_06089,REG_서귀포시_표선면,OCCURRED_IN_REGION
AE_FIRE_EM_06090,REG_서귀포시_서귀동,OCCURRED_IN_REGION
AE_FIRE_EM_06091,REG_서귀포시_서호동,OCCURRED_IN_REGION
AE_FIRE_EM_06092,REG_제주시_애월읍,OCCURRED_IN_REGION
AE_FIRE_EM_06093,REG_제주시_용담이동,OCCURRED_IN_REGION
AE_FIRE_EM_06094,REG_제주시_내도동,OCCURRED_IN_REGION
AE_FIRE_EM_06095,REG_제주시_구좌읍,OCCURRED_IN_REGION
AE_FIRE_EM_06096,REG_서귀포시_서귀동,OCCURRED_IN_REGION
AE_FIRE_EM_06097,REG_서귀포시_법환동,OCCURRED_IN_REGION
AE_FIRE_EM_06098,REG_제주시_구좌읍,OCCURRED_IN_REGION
AE_FIRE_EM_06099,REG_제주시_한경면,OCCURRED_IN_REGION
AE_FIRE_EM_06100,REG_서귀포시_대정읍,OCCURRED_IN_REGION
AE_FIRE_EM_06101,REG_제주시_건입동,OCCURRED_IN_REGION
AE_FIRE_EM_06102,REG_서귀포시_표선면,OCCURRED_IN_REGION
AE_FIRE_EM_06103,REG_제주시_봉개동,OCCURRED_IN_REGION
AE_FIRE_EM_06104,REG_제주시_용담삼동,OCCURRED_IN_REGION
AE_FIRE_EM_06105,REG_서귀포시_색달동,OCCURRED_IN_REGION
AE_FIRE_EM_06106,REG_서귀포시_색달동,OCCURRED_IN_REGION
AE_FIRE_EM_06107,REG_서귀포시_남원읍,OCCURRED_IN_REGION
AE_FIRE_EM_06108,REG_서귀포시_강정동,OCCURRED_IN_REGION
AE_FIRE_EM_06109,REG_제주시_한림읍,OCCURRED_IN_REGION
AE_FIRE_EM_06110,REG_제주시_한림읍,OCCURRED_IN_REGION
AE_FIRE_EM_06111,REG_서귀포시_안덕면,OCCURRED_IN_REGION
AE_FIRE_EM_06112,REG_제주시_오등동,OCCURRED_IN_REGION
AE_FIRE_EM_06113,REG_제주시_건입동,OCCURRED_IN_REGION
AE_FIRE_EM_06114,REG_제주시_조천읍,OCCURRED_IN_REGION
AE_FIRE_EM_06115,REG_제주시_조천읍,OCCURRED_IN_REGION
AE_FIRE_EM_06116,REG_제주시_오등동,OCCURRED_IN_REGION
AE_FIRE_EM_06117,REG_서귀포시_서귀동,OCCURRED_IN_REGION
AE_FIRE_EM_06118,REG_서귀포시_남원읍,OCCURRED_IN_REGION
AE_FIRE_EM_06119,REG_제주시_한림읍,OCCURRED_IN_REGION
AE_FIRE_EM_06120,REG_서귀포시_대정읍,OCCURRED_IN_REGION
AE_FIRE_EM_06121,REG_서귀포시_안덕면,OCCURRED_IN_REGION
AE_FIRE_EM_06122,REG_제주시_용담일동,OCCURRED_IN_REGION
AE_FIRE_EM_06123,REG_제주시_건입동,OCCURRED_IN_REGION
AE_FIRE_EM_06124,REG_제주시_용담이동,OCCURRED_IN_REGION
AE_FIRE_EM_06125,REG_서귀포시_상효동,OCCURRED_IN_REGION
AE_FIRE_EM_06126,REG_서귀포시_색달동,OCCURRED_IN_REGION
AE_FIRE_EM_06127,REG_제주시_애월읍,OCCURRED_IN_REGION
AE_FIRE_EM_06128,REG_제주시_건입동,OCCURRED_IN_REGION
AE_FIRE_EM_06129,REG_제주시_연동,OCCURRED_IN_REGION
AE_FIRE_EM_06130,REG_서귀포시_하예동,OCCURRED_IN_REGION
AE_FIRE_EM_06131,REG_서귀포시_성산읍,OCCURRED_IN_REGION
AE_FIRE_EM_06132,REG_서귀포시_성산읍,OCCURRED_IN_REGION
AE_FIRE_EM_06133,REG_제주시_구좌읍,OCCURRED_IN_REGION
AE_FIRE_EM_06134,REG_서귀포시_남원읍,OCCURRED_IN_REGION
AE_FIRE_EM_06135,REG_제주시_구좌읍,OCCURRED_IN_REGION
AE_FIRE_EM_06136,REG_제주시_구좌읍,OCCURRED_IN_REGION
AE_FIRE_EM_06137,REG_제주시_구좌읍,OCCURRED_IN_REGION
AE_FIRE_EM_06138,REG_제주시_구좌읍,OCCURRED_IN_REGION
AE_FIRE_EM_06139,REG_서귀포시_남원읍,OCCURRED_IN_REGION
AE_FIRE_EM_06140,REG_제주시_애월읍,OCCURRED_IN_REGION
AE_FIRE_EM_06141,REG_제주시_애월읍,OCCURRED_IN_REGION
AE_FIRE_EM_06142,REG_제주시_삼도이동,OCCURRED_IN_REGION
AE_FIRE_EM_06143,REG_제주시_외도일동,OCCURRED_IN_REGION
AE_FIRE_EM_06144,REG_서귀포시_하예동,OCCURRED_IN_REGION
AE_FIRE_EM_06145,REG_서귀포시_보목동,OCCURRED_IN_REGION
AE_FIRE_EM_06146,REG_제주시_용담이동,OCCURRED_IN_REGION
AE_FIRE_EM_06147,REG_제주시_구좌읍,OCCURRED_IN_REGION
AE_FIRE_EM_06148,REG_서귀포시_서귀동,OCCURRED_IN_REGION
AE_FIRE_EM_06149,REG_제주시_한림읍,OCCURRED_IN_REGION
AE_FIRE_EM_06150,REG_제주시_한림읍,OCCURRED_IN_REGION
AE_FIRE_EM_06151,REG_제주시_애월읍,OCCURRED_IN_REGION
AE_FIRE_EM_06152,REG_제주시_한림읍,OCCURRED_IN_REGION
AE_FIRE_EM_06153,REG_제주시_한림읍,OCCURRED_IN_REGION
AE_FIRE_EM_06154,REG_제주시_이호일동,OCCURRED_IN_REGION
AE_FIRE_EM_06155,REG_제주시_노형동,OCCURRED_IN_REGION
AE_FIRE_EM_06156,REG_제주시_삼도이동,OCCURRED_IN_REGION
AE_FIRE_EM_06157,REG_서귀포시_성산읍,OCCURRED_IN_REGION
AE_FIRE_EM_06158,REG_제주시_애월읍,OCCURRED_IN_REGION
AE_FIRE_EM_06159,REG_제주시_애월읍,OCCURRED_IN_REGION
AE_FIRE_EM_06160,REG_제주시_애월읍,OCCURRED_IN_REGION
AE_FIRE_EM_06161,REG_제주시_한림읍,OCCURRED_IN_REGION
AE_FIRE_EM_06162,REG_서귀포시_표선면,OCCURRED_IN_REGION
AE_FIRE_EM_06163,REG_제주시_해안동,OCCURRED_IN_REGION
AE_FIRE_EM_06164,REG_서귀포시_색달동,OCCURRED_IN_REGION
AE_FIRE_EM_06165,REG_서귀포시_성산읍,OCCURRED_IN_REGION
AE_FIRE_EM_06166,REG_서귀포시_남원읍,OCCURRED_IN_REGION
AE_FIRE_EM_06167,REG_서귀포시_토평동,OCCURRED_IN_REGION
AE_FIRE_EM_06168,REG_서귀포시_강정동,OCCURRED_IN_REGION
AE_FIRE_EM_06169,REG_제주시_한림읍,OCCURRED_IN_REGION
AE_FIRE_EM_06170,REG_제주시_한경면,OCCURRED_IN_REGION
AE_FIRE_EM_06171,REG_서귀포시_대정읍,OCCURRED_IN_REGION
AE_FIRE_EM_06172,REG_제주시_오라일동,OCCURRED_IN_REGION
AE_FIRE_EM_06173,REG_제주시_도두일동,OCCURRED_IN_REGION
AE_FIRE_EM_06174,REG_제주시_구좌읍,OCCURRED_IN_REGION
AE_FIRE_EM_06175,REG_서귀포시_보목동,OCCURRED_IN_REGION
AE_FIRE_EM_06176,REG_서귀포시_서귀동,OCCURRED_IN_REGION
AE_FIRE_EM_06177,REG_서귀포시_호근동,OCCURRED_IN_REGION
AE_FIRE_EM_06178,REG_제주시_애월읍,OCCURRED_IN_REGION
AE_FIRE_EM_06179,REG_서귀포시_성산읍,OCCURRED_IN_REGION
AE_FIRE_EM_06180,REG_제주시_연동,OCCURRED_IN_REGION
AE_FIRE_EM_06181,REG_제주시_오등동,OCCURRED_IN_REGION
AE_FIRE_EM_06182,REG_서귀포시_서귀동,OCCURRED_IN_REGION
AE_FIRE_EM_06183,REG_서귀포시_강정동,OCCURRED_IN_REGION
AE_FIRE_EM_06184,REG_제주시_애월읍,OCCURRED_IN_REGION
AE_FIRE_EM_06185,REG_제주시_애월읍,OCCURRED_IN_REGION
AE_FIRE_EM_06186,REG_제주시_애월읍,OCCURRED_IN_REGION
AE_FIRE_EM_06187,REG_서귀포시_안덕면,OCCURRED_IN_REGION
AE_FIRE_EM_06188,REG_제주시_우도면,OCCURRED_IN_REGION
AE_FIRE_EM_06189,REG_제주시_우도면,OCCURRED_IN_REGION
AE_FIRE_EM_06190,REG_제주시_조천읍,OCCURRED_IN_REGION
AE_FIRE_EM_06191,REG_제주시_이도이동,OCCURRED_IN_REGION
AE_FIRE_EM_06192,REG_서귀포시_색달동,OCCURRED_IN_REGION
AE_FIRE_EM_06193,REG_서귀포시_색달동,OCCURRED_IN_REGION
AE_FIRE_EM_06194,REG_서귀포시_표선면,OCCURRED_IN_REGION
AE_FIRE_EM_06195,REG_서귀포시_안덕면,OCCURRED_IN_REGION
AE_FIRE_EM_06196,REG_서귀포시_안덕면,OCCURRED_IN_REGION
AE_FIRE_EM_06197,REG_서귀포시_안덕면,OCCURRED_IN_REGION
AE_FIRE_EM_06198,REG_제주시_이도일동,OCCURRED_IN_REGION
AE_FIRE_EM_06199,REG_제주시_연동,OCCURRED_IN_REGION
AE_FIRE_EM_06200,REG_제주시_용담이동,OCCURRED_IN_REGION
AE_FIRE_EM_06201,REG_제주시_연동,OCCURRED_IN_REGION
AE_FIRE_EM_06202,REG_제주시_노형동,OCCURRED_IN_REGION
AE_FIRE_EM_06203,REG_제주시_애월읍,OCCURRED_IN_REGION
AE_FIRE_EM_06204,REG_제주시_애월읍,OCCURRED_IN_REGION
AE_FIRE_EM_06205,REG_서귀포시_서귀동,OCCURRED_IN_REGION
AE_FIRE_EM_06206,REG_서귀포시_서호동,OCCURRED_IN_REGION
AE_FIRE_EM_06207,REG_서귀포시_하예동,OCCURRED_IN_REGION
AE_FIRE_EM_06208,REG_서귀포시_하예동,OCCURRED_IN_REGION
AE_FIRE_EM_06209,REG_서귀포시_색달동,OCCURRED_IN_REGION
AE_FIRE_EM_06210,REG_제주시_오라일동,OCCURRED_IN_REGION
AE_FIRE_EM_06211,REG_제주시_용담이동,OCCURRED_IN_REGION
AE_FIRE_EM_06212,REG_서귀포시_성산읍,OCCURRED_IN_REGION
AE_FIRE_EM_06213,REG_서귀포시_안덕면,OCCURRED_IN_REGION
AE_FIRE_EM_06214,REG_제주시_우도면,OCCURRED_IN_REGION
AE_FIRE_EM_06215,REG_제주시_조천읍,OCCURRED_IN_REGION
AE_FIRE_EM_06216,REG_제주시_구좌읍,OCCURRED_IN_REGION
AE_FIRE_EM_06217,REG_서귀포시_안덕면,OCCURRED_IN_REGION
AE_FIRE_EM_06218,REG_제주시_연동,OCCURRED_IN_REGION
AE_FIRE_EM_06219,REG_제주시_조천읍,OCCURRED_IN_REGION
AE_FIRE_EM_06220,REG_서귀포시_서귀동,OCCURRED_IN_REGION
AE_FIRE_EM_06221,REG_제주시_애월읍,OCCURRED_IN_REGION
AE_FIRE_EM_06222,REG_제주시_한림읍,OCCURRED_IN_REGION
AE_FIRE_EM_06223,REG_제주시_구좌읍,OCCURRED_IN_REGION
AE_FIRE_EM_06224,REG_제주시_구좌읍,OCCURRED_IN_REGION
AE_FIRE_EM_06225,REG_제주시_구좌읍,OCCURRED_IN_REGION
AE_FIRE_EM_06226,REG_제주시_구좌읍,OCCURRED_IN_REGION
AE_FIRE_EM_06227,REG_제주시_우도면,OCCURRED_IN_REGION
AE_FIRE_EM_06228,REG_제주시_애월읍,OCCURRED_IN_REGION
AE_FIRE_EM_06229,REG_제주시_애월읍,OCCURRED_IN_REGION
AE_FIRE_EM_06230,REG_제주시_구좌읍,OCCURRED_IN_REGION
AE_FIRE_EM_06231,REG_제주시_용담이동,OCCURRED_IN_REGION
AE_FIRE_EM_06232,REG_제주시_우도면,OCCURRED_IN_REGION
AE_FIRE_EM_06233,REG_제주시_구좌읍,OCCURRED_IN_REGION
AE_FIRE_EM_06234,REG_서귀포시_상효동,OCCURRED_IN_REGION
AE_FIRE_EM_06235,REG_서귀포시_상효동,OCCURRED_IN_REGION
AE_FIRE_EM_06236,REG_서귀포시_표선면,OCCURRED_IN_REGION
AE_FIRE_EM_06237,REG_제주시_우도면,OCCURRED_IN_REGION
AE_FIRE_EM_06238,REG_제주시_구좌읍,OCCURRED_IN_REGION
AE_FIRE_EM_06239,REG_제주시_구좌읍,OCCURRED_IN_REGION
AE_FIRE_EM_06240,REG_제주시_조천읍,OCCURRED_IN_REGION
AE_FIRE_EM_06241,REG_제주시_구좌읍,OCCURRED_IN_REGION
AE_FIRE_EM_06242,REG_제주시_구좌읍,OCCURRED_IN_REGION
AE_FIRE_EM_06243,REG_제주시_조천읍,OCCURRED_IN_REGION
AE_FIRE_EM_06244,REG_서귀포시_색달동,OCCURRED_IN_REGION
AE_FIRE_EM_06245,REG_서귀포시_색달동,OCCURRED_IN_REGION
AE_FIRE_EM_06246,REG_서귀포시_색달동,OCCURRED_IN_REGION
AE_FIRE_EM_06247,REG_제주시_애월읍,OCCURRED_IN_REGION
AE_FIRE_EM_06248,REG_서귀포시_안덕면,OCCURRED_IN_REGION
AE_FIRE_EM_06249,REG_제주시_도남동,OCCURRED_IN_REGION
AE_FIRE_EM_06250,REG_제주시_오등동,OCCURRED_IN_REGION
AE_FIRE_EM_06251,REG_제주시_구좌읍,OCCURRED_IN_REGION
AE_FIRE_EM_06252,REG_제주시_애월읍,OCCURRED_IN_REGION
AE_FIRE_EM_06253,REG_제주시_애월읍,OCCURRED_IN_REGION
AE_FIRE_EM_06254,REG_제주시_애월읍,OCCURRED_IN_REGION
AE_FIRE_EM_06255,REG_서귀포시_안덕면,OCCURRED_IN_REGION
AE_FIRE_EM_06256,REG_제주시_조천읍,OCCURRED_IN_REGION
AE_FIRE_EM_06257,REG_제주시_추자면,OCCURRED_IN_REGION
AE_FIRE_EM_06258,REG_제주시_구좌읍,OCCURRED_IN_REGION
AE_FIRE_EM_06259,REG_서귀포시_하원동,OCCURRED_IN_REGION
AE_FIRE_EM_06260,REG_서귀포시_성산읍,OCCURRED_IN_REGION
AE_FIRE_EM_06261,REG_서귀포시_성산읍,OCCURRED_IN_REGION
AE_FIRE_EM_06262,REG_서귀포시_상효동,OCCURRED_IN_REGION
AE_FIRE_EM_06263,REG_서귀포시_상효동,OCCURRED_IN_REGION
AE_FIRE_EM_06264,REG_서귀포시_안덕면,OCCURRED_IN_REGION
AE_FIRE_EM_06265,REG_서귀포시_색달동,OCCURRED_IN_REGION
AE_FIRE_EM_06266,REG_제주시_추자면,OCCURRED_IN_REGION
AE_FIRE_EM_06267,REG_제주시_이도이동,OCCURRED_IN_REGION
AE_FIRE_EM_06268,REG_제주시_용담이동,OCCURRED_IN_REGION
AE_FIRE_EM_06269,REG_제주시_삼도이동,OCCURRED_IN_REGION
AE_FIRE_EM_06270,REG_제주시_조천읍,OCCURRED_IN_REGION
AE_FIRE_EM_06271,REG_서귀포시_대포동,OCCURRED_IN_REGION
AE_FIRE_EM_06272,REG_서귀포시_중문동,OCCURRED_IN_REGION
AE_FIRE_EM_06273,REG_서귀포시_성산읍,OCCURRED_IN_REGION
AE_FIRE_EM_06274,REG_서귀포시_성산읍,OCCURRED_IN_REGION
AE_FIRE_EM_06275,REG_서귀포시_서호동,OCCURRED_IN_REGION
AE_FIRE_EM_06276,REG_제주시_한경면,OCCURRED_IN_REGION
AE_FIRE_EM_06277,REG_서귀포시_안덕면,OCCURRED_IN_REGION
AE_FIRE_EM_06278,REG_제주시_우도면,OCCURRED_IN_REGION
AE_FIRE_EM_06279,REG_제주시_구좌읍,OCCURRED_IN_REGION
AE_FIRE_EM_06280,REG_제주시_우도면,OCCURRED_IN_REGION
AE_FIRE_EM_06281,REG_제주시_이도일동,OCCURRED_IN_REGION
AE_FIRE_EM_06282,REG_제주시_조천읍,OCCURRED_IN_REGION
AE_FIRE_EM_06283,REG_제주시_구좌읍,OCCURRED_IN_REGION
AE_FIRE_EM_06284,REG_제주시_구좌읍,OCCURRED_IN_REGION
AE_FIRE_EM_06285,REG_제주시_조천읍,OCCURRED_IN_REGION
AE_FIRE_EM_06286,REG_제주시_우도면,OCCURRED_IN_REGION
AE_FIRE_EM_06287,REG_서귀포시_색달동,OCCURRED_IN_REGION
AE_FIRE_EM_06288,REG_서귀포시_성산읍,OCCURRED_IN_REGION
AE_FIRE_EM_06289,REG_서귀포시_남원읍,OCCURRED_IN_REGION
AE_FIRE_EM_06290,REG_서귀포시_강정동,OCCURRED_IN_REGION
AE_FIRE_EM_06291,REG_제주시_한림읍,OCCURRED_IN_REGION
AE_FIRE_EM_06292,REG_서귀포시_색달동,OCCURRED_IN_REGION
AE_FIRE_EM_06293,REG_서귀포시_안덕면,OCCURRED_IN_REGION
AE_FIRE_EM_06294,REG_제주시_우도면,OCCURRED_IN_REGION
AE_FIRE_EM_06295,REG_제주시_구좌읍,OCCURRED_IN_REGION
AE_FIRE_EM_06296,REG_제주시_구좌읍,OCCURRED_IN_REGION
AE_FIRE_EM_06297,REG_서귀포시_안덕면,OCCURRED_IN_REGION
AE_FIRE_EM_06298,REG_서귀포시_하예동,OCCURRED_IN_REGION
AE_FIRE_EM_06299,REG_서귀포시_하예동,OCCURRED_IN_REGION
AE_FIRE_EM_06300,REG_서귀포시_서호동,OCCURRED_IN_REGION
AE_FIRE_EM_06301,REG_제주시_애월읍,OCCURRED_IN_REGION
AE_FIRE_EM_06302,REG_제주시_애월읍,OCCURRED_IN_REGION
AE_FIRE_EM_06303,REG_제주시_애월읍,OCCURRED_IN_REGION
AE_FIRE_EM_06304,REG_제주시_애월읍,OCCURRED_IN_REGION
AE_FIRE_EM_06305,REG_제주시_애월읍,OCCURRED_IN_REGION
AE_FIRE_EM_06306,REG_제주시_한경면,OCCURRED_IN_REGION
AE_FIRE_EM_06307,REG_제주시_구좌읍,OCCURRED_IN_REGION
AE_FIRE_EM_06308,REG_제주시_구좌읍,OCCURRED_IN_REGION
AE_FIRE_EM_06309,REG_제주시_건입동,OCCURRED_IN_REGION
AE_FIRE_EM_06310,REG_제주시_추자면,OCCURRED_IN_REGION
AE_FIRE_EM_06311,REG_제주시_구좌읍,OCCURRED_IN_REGION
AE_FIRE_EM_06312,REG_제주시_구좌읍,OCCURRED_IN_REGION
AE_FIRE_EM_06313,REG_서귀포시_대포동,OCCURRED_IN_REGION
AE_FIRE_EM_06314,REG_제주시_애월읍,OCCURRED_IN_REGION
AE_FIRE_EM_06315,REG_서귀포시_안덕면,OCCURRED_IN_REGION
AE_FIRE_EM_06316,REG_제주시_조천읍,OCCURRED_IN_REGION
AE_FIRE_EM_06317,REG_제주시_조천읍,OCCURRED_IN_REGION
AE_FIRE_EM_06318,REG_제주시_구좌읍,OCCURRED_IN_REGION
AE_FIRE_EM_06319,REG_제주시_구좌읍,OCCURRED_IN_REGION
AE_FIRE_EM_06320,REG_제주시_구좌읍,OCCURRED_IN_REGION
AE_FIRE_EM_06321,REG_서귀포시_표선면,OCCURRED_IN_REGION
AE_FIRE_EM_06322,REG_서귀포시_안덕면,OCCURRED_IN_REGION
AE_FIRE_EM_06323,REG_제주시_구좌읍,OCCURRED_IN_REGION
AE_FIRE_EM_06324,REG_서귀포시_표선면,OCCURRED_IN_REGION
AE_FIRE_EM_06325,REG_서귀포시_법환동,OCCURRED_IN_REGION
AE_FIRE_EM_06326,REG_서귀포시_안덕면,OCCURRED_IN_REGION
AE_FIRE_EM_06327,REG_제주시_구좌읍,OCCURRED_IN_REGION
AE_FIRE_EM_06328,REG_제주시_구좌읍,OCCURRED_IN_REGION
AE_FIRE_EM_06329,REG_서귀포시_색달동,OCCURRED_IN_REGION
AE_FIRE_EM_06330,REG_제주시_구좌읍,OCCURRED_IN_REGION
AE_FIRE_EM_06331,REG_제주시_구좌읍,OCCURRED_IN_REGION
AE_FIRE_EM_06332,REG_서귀포시_표선면,OCCURRED_IN_REGION
AE_FIRE_EM_06333,REG_제주시_한림읍,OCCURRED_IN_REGION
AE_FIRE_EM_06334,REG_제주시_애월읍,OCCURRED_IN_REGION
AE_FIRE_EM_06335,REG_제주시_한경면,OCCURRED_IN_REGION
AE_FIRE_EM_06336,REG_서귀포시_안덕면,OCCURRED_IN_REGION
AE_FIRE_EM_06337,REG_제주시_일도이동,OCCURRED_IN_REGION
AE_FIRE_EM_06338,REG_제주시_조천읍,OCCURRED_IN_REGION
AE_FIRE_EM_06339,REG_제주시_조천읍,OCCURRED_IN_REGION
AE_FIRE_EM_06340,REG_제주시_조천읍,OCCURRED_IN_REGION
AE_FIRE_EM_06341,REG_제주시_영평동,OCCURRED_IN_REGION
AE_FIRE_EM_06342,REG_서귀포시_성산읍,OCCURRED_IN_REGION
AE_FIRE_EM_06343,REG_서귀포시_성산읍,OCCURRED_IN_REGION
AE_FIRE_EM_06344,REG_서귀포시_남원읍,OCCURRED_IN_REGION
AE_FIRE_EM_06345,REG_서귀포시_안덕면,OCCURRED_IN_REGION
AE_FIRE_EM_06346,REG_서귀포시_안덕면,OCCURRED_IN_REGION
AE_FIRE_EM_06347,REG_제주시_우도면,OCCURRED_IN_REGION
AE_FIRE_EM_06348,REG_제주시_오등동,OCCURRED_IN_REGION
AE_FIRE_EM_06349,REG_제주시_조천읍,OCCURRED_IN_REGION
AE_FIRE_EM_06350,REG_제주시_애월읍,OCCURRED_IN_REGION
AE_FIRE_EM_06351,REG_서귀포시_표선면,OCCURRED_IN_REGION
AE_FIRE_EM_06352,REG_제주시_애월읍,OCCURRED_IN_REGION
AE_FIRE_EM_06353,REG_제주시_애월읍,OCCURRED_IN_REGION
AE_FIRE_EM_06354,REG_제주시_애월읍,OCCURRED_IN_REGION
AE_FIRE_EM_06355,REG_서귀포시_안덕면,OCCURRED_IN_REGION
AE_FIRE_EM_06356,REG_제주시_오등동,OCCURRED_IN_REGION
AE_FIRE_EM_06357,REG_제주시_회천동,OCCURRED_IN_REGION
AE_FIRE_EM_06358,REG_제주시_회천동,OCCURRED_IN_REGION
AE_FIRE_EM_06359,REG_제주시_회천동,OCCURRED_IN_REGION
AE_FIRE_EM_06360,REG_서귀포시_성산읍,OCCURRED_IN_REGION
AE_FIRE_EM_06361,REG_제주시_한림읍,OCCURRED_IN_REGION
AE_FIRE_EM_06362,REG_서귀포시_안덕면,OCCURRED_IN_REGION
AE_FIRE_EM_06363,REG_제주시_우도면,OCCURRED_IN_REGION
AE_FIRE_EM_06364,REG_제주시_우도면,OCCURRED_IN_REGION
AE_FIRE_EM_06365,REG_제주시_건입동,OCCURRED_IN_REGION
AE_FIRE_EM_06366,REG_제주시_조천읍,OCCURRED_IN_REGION
AE_FIRE_EM_06367,REG_서귀포시_색달동,OCCURRED_IN_REGION
AE_FIRE_EM_06368,REG_서귀포시_하효동,OCCURRED_IN_REGION
AE_FIRE_EM_06369,REG_제주시_한림읍,OCCURRED_IN_REGION
AE_FIRE_EM_06370,REG_서귀포시_대정읍,OCCURRED_IN_REGION
AE_FIRE_EM_06371,REG_제주시_용담이동,OCCURRED_IN_REGION
AE_FIRE_EM_06372,REG_서귀포시_중문동,OCCURRED_IN_REGION
AE_FIRE_EM_06373,REG_서귀포시_성산읍,OCCURRED_IN_REGION
AE_FIRE_EM_06374,REG_제주시_한경면,OCCURRED_IN_REGION
AE_FIRE_EM_06375,REG_서귀포시_색달동,OCCURRED_IN_REGION
AE_FIRE_EM_06376,REG_제주시_구좌읍,OCCURRED_IN_REGION
AE_FIRE_EM_06377,REG_제주시_우도면,OCCURRED_IN_REGION
AE_FIRE_EM_06378,REG_서귀포시_성산읍,OCCURRED_IN_REGION
AE_FIRE_EM_06379,REG_제주시_삼도일동,OCCURRED_IN_REGION
AE_FIRE_EM_06380,REG_제주시_도두이동,OCCURRED_IN_REGION
AE_FIRE_EM_06381,REG_서귀포시_색달동,OCCURRED_IN_REGION
AE_FIRE_EM_06382,REG_서귀포시_성산읍,OCCURRED_IN_REGION
AE_FIRE_EM_06383,REG_서귀포시_표선면,OCCURRED_IN_REGION
AE_FIRE_EM_06384,REG_서귀포시_상효동,OCCURRED_IN_REGION
AE_FIRE_EM_06385,REG_서귀포시_강정동,OCCURRED_IN_REGION
AE_FIRE_EM_06386,REG_제주시_한림읍,OCCURRED_IN_REGION
AE_FIRE_EM_06387,REG_제주시_한경면,OCCURRED_IN_REGION
AE_FIRE_EM_06388,REG_제주시_한경면,OCCURRED_IN_REGION
AE_FIRE_EM_06389,REG_제주시_애월읍,OCCURRED_IN_REGION
AE_FIRE_EM_06390,REG_제주시_애월읍,OCCURRED_IN_REGION
AE_FIRE_EM_06391,REG_제주시_영평동,OCCURRED_IN_REGION
AE_FIRE_EM_06392,REG_서귀포시_남원읍,OCCURRED_IN_REGION
AE_FIRE_EM_06393,REG_제주시_애월읍,OCCURRED_IN_REGION
AE_FIRE_EM_06394,REG_서귀포시_안덕면,OCCURRED_IN_REGION
AE_FIRE_EM_06395,REG_서귀포시_안덕면,OCCURRED_IN_REGION
AE_FIRE_EM_06396,REG_서귀포시_안덕면,OCCURRED_IN_REGION
AE_FIRE_EM_06397,REG_서귀포시_안덕면,OCCURRED_IN_REGION
AE_FIRE_EM_06398,REG_서귀포시_안덕면,OCCURRED_IN_REGION
AE_FIRE_EM_06399,REG_서귀포시_안덕면,OCCURRED_IN_REGION
AE_FIRE_EM_06400,REG_제주시_우도면,OCCURRED_IN_REGION
AE_FIRE_EM_06401,REG_서귀포시_안덕면,OCCURRED_IN_REGION
AE_FIRE_EM_06402,REG_제주시_애월읍,OCCURRED_IN_REGION
AE_FIRE_EM_06403,REG_제주시_해안동,OCCURRED_IN_REGION
AE_FIRE_EM_06404,REG_제주시_연동,OCCURRED_IN_REGION
AE_FIRE_EM_06405,REG_제주시_조천읍,OCCURRED_IN_REGION
AE_FIRE_EM_06406,REG_제주시_애월읍,OCCURRED_IN_REGION
AE_FIRE_EM_06407,REG_서귀포시_서귀동,OCCURRED_IN_REGION
AE_FIRE_EM_06408,REG_서귀포시_서귀동,OCCURRED_IN_REGION
AE_FIRE_EM_06409,REG_서귀포시_대정읍,OCCURRED_IN_REGION
AE_FIRE_EM_06410,REG_제주시_애월읍,OCCURRED_IN_REGION
AE_FIRE_EM_06411,REG_제주시_구좌읍,OCCURRED_IN_REGION
AE_FIRE_EM_06412,REG_제주시_아라일동,OCCURRED_IN_REGION
AE_FIRE_EM_06413,REG_제주시_오등동,OCCURRED_IN_REGION
AE_FIRE_EM_06414,REG_제주시_노형동,OCCURRED_IN_REGION
AE_FIRE_EM_06415,REG_서귀포시_표선면,OCCURRED_IN_REGION
AE_FIRE_EM_06416,REG_서귀포시_안덕면,OCCURRED_IN_REGION
AE_FIRE_EM_06417,REG_서귀포시_안덕면,OCCURRED_IN_REGION
AE_FIRE_EM_06418,REG_서귀포시_안덕면,OCCURRED_IN_REGION
AE_FIRE_EM_06419,REG_서귀포시_안덕면,OCCURRED_IN_REGION
AE_FIRE_EM_06420,REG_서귀포시_안덕면,OCCURRED_IN_REGION
AE_FIRE_EM_06421,REG_서귀포시_안덕면,OCCURRED_IN_REGION
AE_FIRE_EM_06422,REG_서귀포시_안덕면,OCCURRED_IN_REGION
AE_FIRE_EM_06423,REG_서귀포시_안덕면,OCCURRED_IN_REGION
AE_FIRE_EM_06424,REG_서귀포시_안덕면,OCCURRED_IN_REGION
AE_FIRE_EM_06425,REG_서귀포시_안덕면,OCCURRED_IN_REGION
AE_FIRE_EM_06426,REG_서귀포시_안덕면,OCCURRED_IN_REGION
AE_FIRE_EM_06427,REG_서귀포시_안덕면,OCCURRED_IN_REGION
AE_FIRE_EM_06428,REG_서귀포시_안덕면,OCCURRED_IN_REGION
AE_FIRE_EM_06429,REG_서귀포시_대정읍,OCCURRED_IN_REGION
AE_FIRE_EM_06430,REG_서귀포시_표선면,OCCURRED_IN_REGION
AE_FIRE_EM_06431,REG_제주시_도련일동,OCCURRED_IN_REGION
AE_FIRE_EM_06432,REG_제주시_연동,OCCURRED_IN_REGION
AE_FIRE_EM_06433,REG_서귀포시_동홍동,OCCURRED_IN_REGION
AE_FIRE_EM_06434,REG_서귀포시_색달동,OCCURRED_IN_REGION
AE_FIRE_EM_06435,REG_제주시_우도면,OCCURRED_IN_REGION
AE_FIRE_EM_06436,REG_서귀포시_호근동,OCCURRED_IN_REGION
AE_FIRE_EM_06437,REG_제주시_구좌읍,OCCURRED_IN_REGION
AE_FIRE_EM_06438,REG_제주시_애월읍,OCCURRED_IN_REGION
AE_FIRE_EM_06439,REG_제주시_애월읍,OCCURRED_IN_REGION
AE_FIRE_EM_06440,REG_제주시_우도면,OCCURRED_IN_REGION
AE_FIRE_EM_06441,REG_제주시_우도면,OCCURRED_IN_REGION
AE_FIRE_EM_06442,REG_제주시_이도이동,OCCURRED_IN_REGION
AE_FIRE_EM_06443,REG_제주시_우도면,OCCURRED_IN_REGION
AE_FIRE_EM_06444,REG_서귀포시_성산읍,OCCURRED_IN_REGION
AE_FIRE_EM_06445,REG_서귀포시_하예동,OCCURRED_IN_REGION
AE_FIRE_EM_06446,REG_서귀포시_중문동,OCCURRED_IN_REGION
AE_FIRE_EM_06447,REG_제주시_우도면,OCCURRED_IN_REGION
AE_FIRE_EM_06448,REG_제주시_조천읍,OCCURRED_IN_REGION
AE_FIRE_EM_06449,REG_제주시_조천읍,OCCURRED_IN_REGION
AE_FIRE_EM_06450,REG_제주시_도두일동,OCCURRED_IN_REGION
AE_FIRE_EM_06451,REG_서귀포시_상효동,OCCURRED_IN_REGION
AE_FIRE_EM_06452,REG_제주시_애월읍,OCCURRED_IN_REGION
AE_FIRE_EM_06453,REG_제주시_애월읍,OCCURRED_IN_REGION
AE_FIRE_EM_06454,REG_서귀포시_성산읍,OCCURRED_IN_REGION
AE_FIRE_EM_06455,REG_서귀포시_상효동,OCCURRED_IN_REGION
AE_FIRE_EM_06456,REG_서귀포시_호근동,OCCURRED_IN_REGION
AE_FIRE_EM_06457,REG_서귀포시_안덕면,OCCURRED_IN_REGION
AE_FIRE_EM_06458,REG_제주시_애월읍,OCCURRED_IN_REGION
AE_FIRE_EM_06459,REG_제주시_건입동,OCCURRED_IN_REGION
AE_FIRE_EM_06460,REG_서귀포시_색달동,OCCURRED_IN_REGION
AE_FIRE_EM_06461,REG_서귀포시_성산읍,OCCURRED_IN_REGION
AE_FIRE_EM_06462,REG_서귀포시_표선면,OCCURRED_IN_REGION
AE_FIRE_EM_06463,REG_서귀포시_토평동,OCCURRED_IN_REGION
AE_FIRE_EM_06464,REG_제주시_한림읍,OCCURRED_IN_REGION
AE_FIRE_EM_06465,REG_제주시_애월읍,OCCURRED_IN_REGION
AE_FIRE_EM_06466,REG_제주시_외도일동,OCCURRED_IN_REGION
AE_FIRE_EM_06467,REG_제주시_구좌읍,OCCURRED_IN_REGION
AE_FIRE_EM_06468,REG_제주시_한림읍,OCCURRED_IN_REGION
AE_FIRE_EM_06469,REG_제주시_조천읍,OCCURRED_IN_REGION
AE_FIRE_EM_06470,REG_서귀포시_안덕면,OCCURRED_IN_REGION
AE_FIRE_EM_06471,REG_서귀포시_안덕면,OCCURRED_IN_REGION
AE_FIRE_EM_06472,REG_서귀포시_성산읍,OCCURRED_IN_REGION
AE_FIRE_EM_06473,REG_서귀포시_강정동,OCCURRED_IN_REGION
AE_FIRE_EM_06474,REG_제주시_한림읍,OCCURRED_IN_REGION
AE_FIRE_EM_06475,REG_제주시_한경면,OCCURRED_IN_REGION
AE_FIRE_EM_06476,REG_제주시_한경면,OCCURRED_IN_REGION
AE_FIRE_EM_06477,REG_서귀포시_안덕면,OCCURRED_IN_REGION
AE_FIRE_EM_06478,REG_서귀포시_색달동,OCCURRED_IN_REGION
AE_FIRE_EM_06479,REG_서귀포시_안덕면,OCCURRED_IN_REGION
AE_FIRE_EM_06480,REG_제주시_구좌읍,OCCURRED_IN_REGION
AE_FIRE_EM_06481,REG_제주시_봉개동,OCCURRED_IN_REGION
AE_FIRE_EM_06482,REG_제주시_조천읍,OCCURRED_IN_REGION
AE_FIRE_EM_06483,REG_서귀포시_동홍동,OCCURRED_IN_REGION
AE_FIRE_EM_06484,REG_서귀포시_표선면,OCCURRED_IN_REGION
AE_FIRE_EM_06485,REG_제주시_애월읍,OCCURRED_IN_REGION
AE_FIRE_EM_06486,REG_서귀포시_안덕면,OCCURRED_IN_REGION
AE_FIRE_EM_06487,REG_제주시_화북이동,OCCURRED_IN_REGION
AE_FIRE_EM_06488,REG_제주시_조천읍,OCCURRED_IN_REGION
AE_FIRE_EM_06489,REG_서귀포시_법환동,OCCURRED_IN_REGION
AE_FIRE_EM_06490,REG_서귀포시_법환동,OCCURRED_IN_REGION
AE_FIRE_EM_06491,REG_서귀포시_법환동,OCCURRED_IN_REGION
AE_FIRE_EM_06492,REG_제주시_한림읍,OCCURRED_IN_REGION
AE_FIRE_EM_06493,REG_제주시_한림읍,OCCURRED_IN_REGION
AE_FIRE_EM_06494,REG_제주시_애월읍,OCCURRED_IN_REGION
AE_FIRE_EM_06495,REG_서귀포시_대정읍,OCCURRED_IN_REGION
AE_FIRE_EM_06496,REG_제주시_한림읍,OCCURRED_IN_REGION
AE_FIRE_EM_06497,REG_제주시_오라일동,OCCURRED_IN_REGION
AE_FIRE_EM_06498,REG_제주시_조천읍,OCCURRED_IN_REGION
AE_FIRE_EM_06499,REG_제주시_조천읍,OCCURRED_IN_REGION
AE_FIRE_EM_06500,REG_서귀포시_서홍동,OCCURRED_IN_REGION
AE_FIRE_EM_06501,REG_서귀포시_하원동,OCCURRED_IN_REGION
AE_FIRE_EM_06502,REG_서귀포시_대포동,OCCURRED_IN_REGION
AE_FIRE_EM_06503,REG_서귀포시_성산읍,OCCURRED_IN_REGION
AE_FIRE_EM_06504,REG_서귀포시_남원읍,OCCURRED_IN_REGION
AE_FIRE_EM_06505,REG_서귀포시_하원동,OCCURRED_IN_REGION
AE_FIRE_EM_06506,REG_서귀포시_하원동,OCCURRED_IN_REGION
AE_FIRE_EM_06507,REG_서귀포시_하원동,OCCURRED_IN_REGION
AE_FIRE_EM_06508,REG_제주시_우도면,OCCURRED_IN_REGION
AE_FIRE_EM_06509,REG_서귀포시_안덕면,OCCURRED_IN_REGION
AE_FIRE_EM_06510,REG_서귀포시_안덕면,OCCURRED_IN_REGION
AE_FIRE_EM_06511,REG_제주시_우도면,OCCURRED_IN_REGION
AE_FIRE_EM_06512,REG_제주시_우도면,OCCURRED_IN_REGION
AE_FIRE_EM_06513,REG_서귀포시_성산읍,OCCURRED_IN_REGION
AE_FIRE_EM_06514,REG_제주시_이도일동,OCCURRED_IN_REGION
AE_FIRE_EM_06515,REG_제주시_이호일동,OCCURRED_IN_REGION
AE_FIRE_EM_06516,REG_서귀포시_동홍동,OCCURRED_IN_REGION
AE_FIRE_EM_06517,REG_서귀포시_성산읍,OCCURRED_IN_REGION
AE_FIRE_EM_06518,REG_서귀포시_성산읍,OCCURRED_IN_REGION
AE_FIRE_EM_06519,REG_서귀포시_성산읍,OCCURRED_IN_REGION
AE_FIRE_EM_06520,REG_제주시_한림읍,OCCURRED_IN_REGION
AE_FIRE_EM_06521,REG_제주시_애월읍,OCCURRED_IN_REGION
AE_FIRE_EM_06522,REG_서귀포시_안덕면,OCCURRED_IN_REGION
AE_FIRE_EM_06523,REG_제주시_우도면,OCCURRED_IN_REGION
AE_FIRE_EM_06524,REG_제주시_우도면,OCCURRED_IN_REGION
AE_FIRE_EM_06525,REG_제주시_우도면,OCCURRED_IN_REGION
AE_FIRE_EM_06526,REG_제주시_우도면,OCCURRED_IN_REGION
AE_FIRE_EM_06527,REG_제주시_조천읍,OCCURRED_IN_REGION
AE_FIRE_EM_06528,REG_제주시_애월읍,OCCURRED_IN_REGION
AE_FIRE_EM_06529,REG_제주시_조천읍,OCCURRED_IN_REGION
AE_FIRE_EM_06530,REG_제주시_한림읍,OCCURRED_IN_REGION
AE_FIRE_EM_06531,REG_서귀포시_안덕면,OCCURRED_IN_REGION
AE_FIRE_EM_06532,REG_제주시_조천읍,OCCURRED_IN_REGION
AE_FIRE_EM_06533,REG_제주시_구좌읍,OCCURRED_IN_REGION
AE_FIRE_EM_06534,REG_제주시_애월읍,OCCURRED_IN_REGION
AE_FIRE_EM_06535,REG_서귀포시_보목동,OCCURRED_IN_REGION
AE_FIRE_EM_06536,REG_서귀포시_색달동,OCCURRED_IN_REGION
AE_FIRE_EM_06537,REG_제주시_구좌읍,OCCURRED_IN_REGION
AE_FIRE_EM_06538,REG_제주시_구좌읍,OCCURRED_IN_REGION
AE_FIRE_EM_06539,REG_제주시_애월읍,OCCURRED_IN_REGION
AE_FIRE_EM_06540,REG_제주시_한경면,OCCURRED_IN_REGION
AE_FIRE_EM_06541,REG_제주시_애월읍,OCCURRED_IN_REGION
AE_FIRE_EM_06542,REG_제주시_용담이동,OCCURRED_IN_REGION
AE_FIRE_EM_06543,REG_제주시_건입동,OCCURRED_IN_REGION
AE_FIRE_EM_06544,REG_제주시_구좌읍,OCCURRED_IN_REGION
AE_FIRE_EM_06545,REG_제주시_애월읍,OCCURRED_IN_REGION
AE_FIRE_EM_06546,REG_제주시_애월읍,OCCURRED_IN_REGION
AE_FIRE_EM_06547,REG_제주시_애월읍,OCCURRED_IN_REGION
AE_FIRE_EM_06548,REG_제주시_애월읍,OCCURRED_IN_REGION
AE_FIRE_EM_06549,REG_제주시_우도면,OCCURRED_IN_REGION
AE_FIRE_EM_06550,REG_제주시_삼도이동,OCCURRED_IN_REGION
AE_FIRE_EM_06551,REG_제주시_조천읍,OCCURRED_IN_REGION
AE_FIRE_EM_06552,REG_제주시_조천읍,OCCURRED_IN_REGION
AE_FIRE_EM_06553,REG_제주시_영평동,OCCURRED_IN_REGION
AE_FIRE_EM_06554,REG_제주시_추자면,OCCURRED_IN_REGION
AE_FIRE_EM_06555,REG_제주시_우도면,OCCURRED_IN_REGION
AE_FIRE_EM_06556,REG_서귀포시_하효동,OCCURRED_IN_REGION
AE_FIRE_EM_06557,REG_제주시_연동,OCCURRED_IN_REGION
AE_FIRE_EM_06558,REG_제주시_연동,OCCURRED_IN_REGION
AE_FIRE_EM_06559,REG_제주시_건입동,OCCURRED_IN_REGION
AE_FIRE_EM_06560,REG_제주시_애월읍,OCCURRED_IN_REGION
AE_FIRE_EM_06561,REG_제주시_애월읍,OCCURRED_IN_REGION
AE_FIRE_EM_06562,REG_제주시_도두일동,OCCURRED_IN_REGION
AE_FIRE_EM_06563,REG_서귀포시_성산읍,OCCURRED_IN_REGION
AE_FIRE_EM_06564,REG_서귀포시_강정동,OCCURRED_IN_REGION
AE_FIRE_EM_06565,REG_제주시_애월읍,OCCURRED_IN_REGION
AE_FIRE_EM_06566,REG_제주시_애월읍,OCCURRED_IN_REGION
AE_FIRE_EM_06567,REG_제주시_삼도이동,OCCURRED_IN_REGION
AE_FIRE_EM_06568,REG_제주시_우도면,OCCURRED_IN_REGION
AE_FIRE_EM_06569,REG_제주시_구좌읍,OCCURRED_IN_REGION
AE_FIRE_EM_06570,REG_제주시_구좌읍,OCCURRED_IN_REGION
AE_FIRE_EM_06571,REG_서귀포시_색달동,OCCURRED_IN_REGION
AE_FIRE_EM_06572,REG_서귀포시_색달동,OCCURRED_IN_REGION
AE_FIRE_EM_06573,REG_서귀포시_상효동,OCCURRED_IN_REGION
AE_FIRE_EM_06574,REG_서귀포시_상효동,OCCURRED_IN_REGION
AE_FIRE_EM_06575,REG_서귀포시_상예동,OCCURRED_IN_REGION
AE_FIRE_EM_06576,REG_제주시_용담이동,OCCURRED_IN_REGION
AE_FIRE_EM_06577,REG_제주시_오라일동,OCCURRED_IN_REGION
AE_FIRE_EM_06578,REG_제주시_오라일동,OCCURRED_IN_REGION
AE_FIRE_EM_06579,REG_제주시_노형동,OCCURRED_IN_REGION
AE_FIRE_EM_06580,REG_제주시_이호일동,OCCURRED_IN_REGION
AE_FIRE_EM_06581,REG_제주시_추자면,OCCURRED_IN_REGION
AE_FIRE_EM_06582,REG_서귀포시_남원읍,OCCURRED_IN_REGION
AE_FIRE_EM_06583,REG_제주시_한림읍,OCCURRED_IN_REGION
AE_FIRE_EM_06584,REG_제주시_한림읍,OCCURRED_IN_REGION
AE_FIRE_EM_06585,REG_제주시_애월읍,OCCURRED_IN_REGION
AE_FIRE_EM_06586,REG_제주시_월평동,OCCURRED_IN_REGION
AE_FIRE_EM_06587,REG_서귀포시_성산읍,OCCURRED_IN_REGION
AE_FIRE_EM_06588,REG_서귀포시_남원읍,OCCURRED_IN_REGION
AE_FIRE_EM_06589,REG_제주시_조천읍,OCCURRED_IN_REGION
AE_FIRE_EM_06590,REG_제주시_도두일동,OCCURRED_IN_REGION
AE_FIRE_EM_06591,REG_제주시_구좌읍,OCCURRED_IN_REGION
AE_FIRE_EM_06592,REG_제주시_애월읍,OCCURRED_IN_REGION
AE_FIRE_EM_06593,REG_제주시_애월읍,OCCURRED_IN_REGION
AE_FIRE_EM_06594,REG_제주시_구좌읍,OCCURRED_IN_REGION
AE_FIRE_EM_06595,REG_제주시_구좌읍,OCCURRED_IN_REGION
AE_FIRE_EM_06596,REG_제주시_구좌읍,OCCURRED_IN_REGION
AE_FIRE_EM_06597,REG_서귀포시_대포동,OCCURRED_IN_REGION
AE_FIRE_EM_06598,REG_제주시_구좌읍,OCCURRED_IN_REGION
AE_FIRE_EM_06599,REG_제주시_구좌읍,OCCURRED_IN_REGION
AE_FIRE_EM_06600,REG_제주시_구좌읍,OCCURRED_IN_REGION
AE_FIRE_EM_06601,REG_제주시_애월읍,OCCURRED_IN_REGION
AE_FIRE_EM_06602,REG_제주시_우도면,OCCURRED_IN_REGION
AE_FIRE_EM_06603,REG_서귀포시_동홍동,OCCURRED_IN_REGION
AE_FIRE_EM_06604,REG_서귀포시_강정동,OCCURRED_IN_REGION
AE_FIRE_EM_06605,REG_제주시_한림읍,OCCURRED_IN_REGION
AE_FIRE_EM_06606,REG_제주시_한림읍,OCCURRED_IN_REGION
AE_FIRE_EM_06607,REG_제주시_우도면,OCCURRED_IN_REGION
AE_FIRE_EM_06608,REG_제주시_우도면,OCCURRED_IN_REGION
AE_FIRE_EM_06609,REG_제주시_연동,OCCURRED_IN_REGION
AE_FIRE_EM_06610,REG_서귀포시_회수동,OCCURRED_IN_REGION
AE_FIRE_EM_06611,REG_제주시_한경면,OCCURRED_IN_REGION
AE_FIRE_EM_06612,REG_제주시_한경면,OCCURRED_IN_REGION
AE_FIRE_EM_06613,REG_제주시_연동,OCCURRED_IN_REGION
AE_FIRE_EM_06614,REG_제주시_연동,OCCURRED_IN_REGION
AE_FIRE_EM_06615,REG_제주시_구좌읍,OCCURRED_IN_REGION
AE_FIRE_EM_06616,REG_제주시_조천읍,OCCURRED_IN_REGION
AE_FIRE_EM_06617,REG_제주시_구좌읍,OCCURRED_IN_REGION
AE_FIRE_EM_06618,REG_서귀포시_대정읍,OCCURRED_IN_REGION
AE_FIRE_EM_06619,REG_제주시_노형동,OCCURRED_IN_REGION
AE_FIRE_EM_06620,REG_제주시_추자면,OCCURRED_IN_REGION
AE_FIRE_EM_06621,REG_제주시_구좌읍,OCCURRED_IN_REGION
AE_FIRE_EM_06622,REG_서귀포시_성산읍,OCCURRED_IN_REGION
AE_FIRE_EM_06623,REG_제주시_한경면,OCCURRED_IN_REGION
AE_FIRE_EM_06624,REG_제주시_구좌읍,OCCURRED_IN_REGION
AE_FIRE_EM_06625,REG_제주시_조천읍,OCCURRED_IN_REGION
AE_FIRE_EM_06626,REG_제주시_조천읍,OCCURRED_IN_REGION
AE_FIRE_EM_06627,REG_제주시_우도면,OCCURRED_IN_REGION
AE_FIRE_EM_06628,REG_서귀포시_대정읍,OCCURRED_IN_REGION
AE_FIRE_EM_06629,REG_서귀포시_성산읍,OCCURRED_IN_REGION
AE_FIRE_EM_06630,REG_서귀포시_서귀동,OCCURRED_IN_REGION
AE_FIRE_EM_06631,REG_제주시_애월읍,OCCURRED_IN_REGION
AE_FIRE_EM_06632,REG_서귀포시_안덕면,OCCURRED_IN_REGION
AE_FIRE_EM_06633,REG_제주시_조천읍,OCCURRED_IN_REGION
AE_FIRE_EM_06634,REG_서귀포시_남원읍,OCCURRED_IN_REGION
AE_FIRE_EM_06635,REG_제주시_애월읍,OCCURRED_IN_REGION
AE_FIRE_EM_06636,REG_제주시_애월읍,OCCURRED_IN_REGION
AE_FIRE_EM_06637,REG_서귀포시_대정읍,OCCURRED_IN_REGION
AE_FIRE_EM_06638,REG_제주시_애월읍,OCCURRED_IN_REGION
AE_FIRE_EM_06639,REG_제주시_우도면,OCCURRED_IN_REGION
AE_FIRE_EM_06640,REG_서귀포시_안덕면,OCCURRED_IN_REGION
AE_FIRE_EM_06641,REG_제주시_조천읍,OCCURRED_IN_REGION
AE_FIRE_EM_06642,REG_서귀포시_성산읍,OCCURRED_IN_REGION
AE_FIRE_EM_06643,REG_제주시_한림읍,OCCURRED_IN_REGION
AE_FIRE_EM_06644,REG_제주시_애월읍,OCCURRED_IN_REGION
AE_FIRE_EM_06645,REG_제주시_애월읍,OCCURRED_IN_REGION
AE_FIRE_EM_06646,REG_서귀포시_서귀동,OCCURRED_IN_REGION
AE_FIRE_EM_06647,REG_제주시_연동,OCCURRED_IN_REGION
AE_FIRE_EM_06648,REG_서귀포시_성산읍,OCCURRED_IN_REGION
AE_FIRE_EM_06649,REG_제주시_구좌읍,OCCURRED_IN_REGION
AE_FIRE_EM_06650,REG_서귀포시_성산읍,OCCURRED_IN_REGION
AE_FIRE_EM_06651,REG_서귀포시_성산읍,OCCURRED_IN_REGION
AE_FIRE_EM_06652,REG_서귀포시_성산읍,OCCURRED_IN_REGION
AE_FIRE_EM_06653,REG_서귀포시_토평동,OCCURRED_IN_REGION
AE_FIRE_EM_06654,REG_서귀포시_안덕면,OCCURRED_IN_REGION
AE_FIRE_EM_06655,REG_제주시_조천읍,OCCURRED_IN_REGION
AE_FIRE_EM_06656,REG_제주시_구좌읍,OCCURRED_IN_REGION
AE_FIRE_EM_06657,REG_제주시_구좌읍,OCCURRED_IN_REGION
AE_FIRE_EM_06658,REG_제주시_이호일동,OCCURRED_IN_REGION
AE_FIRE_EM_06659,REG_제주시_이호일동,OCCURRED_IN_REGION
AE_FIRE_EM_06660,REG_서귀포시_성산읍,OCCURRED_IN_REGION
AE_FIRE_EM_06661,REG_서귀포시_성산읍,OCCURRED_IN_REGION
AE_FIRE_EM_06662,REG_서귀포시_성산읍,OCCURRED_IN_REGION
AE_FIRE_EM_06663,REG_서귀포시_남원읍,OCCURRED_IN_REGION
AE_FIRE_EM_06664,REG_제주시_애월읍,OCCURRED_IN_REGION
AE_FIRE_EM_06665,REG_제주시_애월읍,OCCURRED_IN_REGION
AE_FIRE_EM_06666,REG_서귀포시_안덕면,OCCURRED_IN_REGION
AE_FIRE_EM_06667,REG_서귀포시_안덕면,OCCURRED_IN_REGION
AE_FIRE_EM_06668,REG_서귀포시_성산읍,OCCURRED_IN_REGION
AE_FIRE_EM_06669,REG_서귀포시_성산읍,OCCURRED_IN_REGION
AE_FIRE_EM_06670,REG_서귀포시_성산읍,OCCURRED_IN_REGION
AE_FIRE_EM_06671,REG_서귀포시_표선면,OCCURRED_IN_REGION
AE_FIRE_EM_06672,REG_서귀포시_서호동,OCCURRED_IN_REGION
AE_FIRE_EM_06673,REG_서귀포시_표선면,OCCURRED_IN_REGION
AE_FIRE_EM_06674,REG_제주시_해안동,OCCURRED_IN_REGION
AE_FIRE_EM_06675,REG_제주시_해안동,OCCURRED_IN_REGION
AE_FIRE_EM_06676,REG_제주시_애월읍,OCCURRED_IN_REGION
AE_FIRE_EM_06677,REG_제주시_해안동,OCCURRED_IN_REGION
AE_FIRE_EM_06678,REG_제주시_추자면,OCCURRED_IN_REGION
AE_FIRE_EM_06679,REG_서귀포시_색달동,OCCURRED_IN_REGION
AE_FIRE_EM_06680,REG_서귀포시_법환동,OCCURRED_IN_REGION
AE_FIRE_EM_06681,REG_제주시_한경면,OCCURRED_IN_REGION
AE_FIRE_EM_06682,REG_제주시_한경면,OCCURRED_IN_REGION
AE_FIRE_EM_06683,REG_제주시_삼도이동,OCCURRED_IN_REGION
AE_FIRE_EM_06684,REG_제주시_오등동,OCCURRED_IN_REGION
AE_FIRE_EM_06685,REG_제주시_한림읍,OCCURRED_IN_REGION
AE_FIRE_EM_06686,REG_제주시_한림읍,OCCURRED_IN_REGION
AE_FIRE_EM_06687,REG_서귀포시_대정읍,OCCURRED_IN_REGION
AE_FIRE_EM_06688,REG_서귀포시_안덕면,OCCURRED_IN_REGION
AE_FIRE_EM_06689,REG_제주시_용담삼동,OCCURRED_IN_REGION
AE_FIRE_EM_06690,REG_제주시_연동,OCCURRED_IN_REGION
AE_FIRE_EM_06691,REG_서귀포시_서귀동,OCCURRED_IN_REGION
AE_FIRE_EM_06692,REG_서귀포시_서귀동,OCCURRED_IN_REGION
AE_FIRE_EM_06693,REG_서귀포시_중문동,OCCURRED_IN_REGION
AE_FIRE_EM_06694,REG_서귀포시_성산읍,OCCURRED_IN_REGION
AE_FIRE_EM_06695,REG_제주시_이호일동,OCCURRED_IN_REGION
AE_FIRE_EM_06696,REG_서귀포시_법환동,OCCURRED_IN_REGION
AE_FIRE_EM_06697,REG_제주시_한림읍,OCCURRED_IN_REGION
AE_FIRE_EM_06698,REG_제주시_애월읍,OCCURRED_IN_REGION
AE_FIRE_EM_06699,REG_제주시_애월읍,OCCURRED_IN_REGION
AE_FIRE_EM_06700,REG_서귀포시_성산읍,OCCURRED_IN_REGION
AE_FIRE_EM_06701,REG_제주시_한림읍,OCCURRED_IN_REGION
AE_FIRE_EM_06702,REG_제주시_오라일동,OCCURRED_IN_REGION
AE_FIRE_EM_06703,REG_제주시_삼도이동,OCCURRED_IN_REGION
AE_FIRE_EM_06704,REG_제주시_조천읍,OCCURRED_IN_REGION
AE_FIRE_EM_06705,REG_제주시_조천읍,OCCURRED_IN_REGION
AE_FIRE_EM_06706,REG_제주시_외도일동,OCCURRED_IN_REGION
AE_FIRE_EM_06707,REG_서귀포시_서호동,OCCURRED_IN_REGION
AE_FIRE_EM_06708,REG_제주시_한림읍,OCCURRED_IN_REGION
AE_FIRE_EM_06709,REG_제주시_한림읍,OCCURRED_IN_REGION
AE_FIRE_EM_06710,REG_서귀포시_안덕면,OCCURRED_IN_REGION
AE_FIRE_EM_06711,REG_서귀포시_성산읍,OCCURRED_IN_REGION
AE_FIRE_EM_06712,REG_서귀포시_표선면,OCCURRED_IN_REGION
AE_FIRE_EM_06713,REG_서귀포시_표선면,OCCURRED_IN_REGION
AE_FIRE_EM_06714,REG_서귀포시_토평동,OCCURRED_IN_REGION
AE_FIRE_EM_06715,REG_서귀포시_표선면,OCCURRED_IN_REGION
AE_FIRE_EM_06716,REG_서귀포시_안덕면,OCCURRED_IN_REGION
AE_FIRE_EM_06717,REG_제주시_해안동,OCCURRED_IN_REGION
AE_FIRE_EM_06718,REG_서귀포시_서호동,OCCURRED_IN_REGION
AE_FIRE_EM_06719,REG_제주시_한림읍,OCCURRED_IN_REGION
AE_FIRE_EM_06720,REG_제주시_애월읍,OCCURRED_IN_REGION
AE_FIRE_EM_06721,REG_제주시_한경면,OCCURRED_IN_REGION
AE_FIRE_EM_06722,REG_서귀포시_대정읍,OCCURRED_IN_REGION
AE_FIRE_EM_06723,REG_서귀포시_안덕면,OCCURRED_IN_REGION
AE_FIRE_EM_06724,REG_제주시_연동,OCCURRED_IN_REGION
AE_FIRE_EM_06725,REG_제주시_한림읍,OCCURRED_IN_REGION
AE_FIRE_EM_06726,REG_서귀포시_성산읍,OCCURRED_IN_REGION
AE_FIRE_EM_06727,REG_서귀포시_성산읍,OCCURRED_IN_REGION
AE_FIRE_EM_06728,REG_제주시_구좌읍,OCCURRED_IN_REGION
AE_FIRE_EM_06729,REG_서귀포시_색달동,OCCURRED_IN_REGION
AE_FIRE_EM_06730,REG_서귀포시_성산읍,OCCURRED_IN_REGION
AE_FIRE_EM_06731,REG_제주시_우도면,OCCURRED_IN_REGION
AE_FIRE_EM_06732,REG_제주시_한림읍,OCCURRED_IN_REGION
AE_FIRE_EM_06733,REG_제주시_애월읍,OCCURRED_IN_REGION
AE_FIRE_EM_06734,REG_제주시_애월읍,OCCURRED_IN_REGION
AE_FIRE_EM_06735,REG_제주시_애월읍,OCCURRED_IN_REGION
AE_FIRE_EM_06736,REG_제주시_애월읍,OCCURRED_IN_REGION
AE_FIRE_EM_06737,REG_제주시_애월읍,OCCURRED_IN_REGION
AE_FIRE_EM_06738,REG_제주시_애월읍,OCCURRED_IN_REGION
AE_FIRE_EM_06739,REG_제주시_애월읍,OCCURRED_IN_REGION
AE_FIRE_EM_06740,REG_제주시_애월읍,OCCURRED_IN_REGION
AE_FIRE_EM_06741,REG_제주시_애월읍,OCCURRED_IN_REGION
AE_FIRE_EM_06742,REG_제주시_애월읍,OCCURRED_IN_REGION
AE_FIRE_EM_06743,REG_제주시_구좌읍,OCCURRED_IN_REGION
AE_FIRE_EM_06744,REG_제주시_우도면,OCCURRED_IN_REGION
AE_FIRE_EM_06745,REG_제주시_연동,OCCURRED_IN_REGION
AE_FIRE_EM_06746,REG_서귀포시_서귀동,OCCURRED_IN_REGION
AE_FIRE_EM_06747,REG_제주시_애월읍,OCCURRED_IN_REGION
AE_FIRE_EM_06748,REG_제주시_애월읍,OCCURRED_IN_REGION
AE_FIRE_EM_06749,REG_제주시_애월읍,OCCURRED_IN_REGION
AE_FIRE_EM_06750,REG_서귀포시_대정읍,OCCURRED_IN_REGION
AE_FIRE_EM_06751,REG_제주시_연동,OCCURRED_IN_REGION
AE_FIRE_EM_06752,REG_제주시_노형동,OCCURRED_IN_REGION
AE_FIRE_EM_06753,REG_제주시_애월읍,OCCURRED_IN_REGION
AE_FIRE_EM_06754,REG_제주시_이호일동,OCCURRED_IN_REGION
AE_FIRE_EM_06755,REG_서귀포시_표선면,OCCURRED_IN_REGION
AE_FIRE_EM_06756,REG_제주시_애월읍,OCCURRED_IN_REGION
AE_FIRE_EM_06757,REG_제주시_애월읍,OCCURRED_IN_REGION
AE_FIRE_EM_06758,REG_제주시_화북일동,OCCURRED_IN_REGION
AE_FIRE_EM_06759,REG_서귀포시_남원읍,OCCURRED_IN_REGION
AE_FIRE_EM_06760,REG_제주시_한경면,OCCURRED_IN_REGION
AE_FIRE_EM_06761,REG_제주시_노형동,OCCURRED_IN_REGION
AE_FIRE_EM_06762,REG_제주시_애월읍,OCCURRED_IN_REGION
AE_FIRE_EM_06763,REG_제주시_애월읍,OCCURRED_IN_REGION
AE_FIRE_EM_06764,REG_서귀포시_색달동,OCCURRED_IN_REGION
AE_FIRE_EM_06765,REG_제주시_한림읍,OCCURRED_IN_REGION
AE_FIRE_EM_06766,REG_서귀포시_안덕면,OCCURRED_IN_REGION
AE_FIRE_EM_06767,REG_제주시_노형동,OCCURRED_IN_REGION
AE_FIRE_EM_06768,REG_서귀포시_안덕면,OCCURRED_IN_REGION
AE_FIRE_EM_06769,REG_서귀포시_안덕면,OCCURRED_IN_REGION
AE_FIRE_EM_06770,REG_서귀포시_표선면,OCCURRED_IN_REGION
AE_FIRE_EM_06771,REG_제주시_한림읍,OCCURRED_IN_REGION
AE_FIRE_EM_06772,REG_서귀포시_안덕면,OCCURRED_IN_REGION
AE_FIRE_EM_06773,REG_서귀포시_안덕면,OCCURRED_IN_REGION
AE_FIRE_EM_06774,REG_제주시_용담일동,OCCURRED_IN_REGION
AE_FIRE_EM_06775,REG_제주시_회천동,OCCURRED_IN_REGION
AE_FIRE_EM_06776,REG_제주시_구좌읍,OCCURRED_IN_REGION
AE_FIRE_EM_06777,REG_제주시_조천읍,OCCURRED_IN_REGION
AE_FIRE_EM_06778,REG_서귀포시_강정동,OCCURRED_IN_REGION
AE_FIRE_EM_06779,REG_제주시_구좌읍,OCCURRED_IN_REGION
AE_FIRE_EM_06780,REG_제주시_애월읍,OCCURRED_IN_REGION
AE_FIRE_EM_06781,REG_서귀포시_표선면,OCCURRED_IN_REGION
AE_FIRE_EM_06782,REG_제주시_조천읍,OCCURRED_IN_REGION
AE_FIRE_EM_06783,REG_서귀포시_성산읍,OCCURRED_IN_REGION
AE_FIRE_EM_06784,REG_서귀포시_성산읍,OCCURRED_IN_REGION
AE_FIRE_EM_06785,REG_서귀포시_토평동,OCCURRED_IN_REGION
AE_FIRE_EM_06786,REG_제주시_한림읍,OCCURRED_IN_REGION
AE_FIRE_EM_06787,REG_서귀포시_안덕면,OCCURRED_IN_REGION
AE_FIRE_EM_06788,REG_서귀포시_하원동,OCCURRED_IN_REGION
AE_FIRE_EM_06789,REG_서귀포시_하원동,OCCURRED_IN_REGION
AE_FIRE_EM_06790,REG_제주시_용담이동,OCCURRED_IN_REGION
AE_FIRE_EM_06791,REG_제주시_용담일동,OCCURRED_IN_REGION
AE_FIRE_EM_06792,REG_서귀포시_표선면,OCCURRED_IN_REGION
AE_FIRE_EM_06793,REG_제주시_한림읍,OCCURRED_IN_REGION
AE_FIRE_EM_06794,REG_제주시_한경면,OCCURRED_IN_REGION
AE_FIRE_EM_06795,REG_제주시_오라일동,OCCURRED_IN_REGION
AE_FIRE_EM_06796,REG_제주시_조천읍,OCCURRED_IN_REGION
AE_FIRE_EM_06797,REG_제주시_조천읍,OCCURRED_IN_REGION
AE_FIRE_EM_06798,REG_제주시_조천읍,OCCURRED_IN_REGION
AE_FIRE_EM_06799,REG_제주시_우도면,OCCURRED_IN_REGION
AE_FIRE_EM_06800,REG_서귀포시_중문동,OCCURRED_IN_REGION
AE_FIRE_EM_06801,REG_제주시_애월읍,OCCURRED_IN_REGION
AE_FIRE_EM_06802,REG_서귀포시_안덕면,OCCURRED_IN_REGION
AE_FIRE_EM_06803,REG_제주시_연동,OCCURRED_IN_REGION
AE_FIRE_EM_06804,REG_서귀포시_색달동,OCCURRED_IN_REGION
AE_FIRE_EM_06805,REG_서귀포시_성산읍,OCCURRED_IN_REGION
AE_FIRE_EM_06806,REG_제주시_애월읍,OCCURRED_IN_REGION
AE_FIRE_EM_06807,REG_서귀포시_대정읍,OCCURRED_IN_REGION
AE_FIRE_EM_06808,REG_서귀포시_대정읍,OCCURRED_IN_REGION
AE_FIRE_EM_06809,REG_제주시_용담삼동,OCCURRED_IN_REGION
AE_FIRE_EM_06810,REG_제주시_건입동,OCCURRED_IN_REGION
AE_FIRE_EM_06811,REG_제주시_봉개동,OCCURRED_IN_REGION
AE_FIRE_EM_06812,REG_제주시_도두일동,OCCURRED_IN_REGION
AE_FIRE_EM_06813,REG_서귀포시_서귀동,OCCURRED_IN_REGION
AE_FIRE_EM_06814,REG_제주시_애월읍,OCCURRED_IN_REGION
AE_FIRE_EM_06815,REG_서귀포시_대정읍,OCCURRED_IN_REGION
AE_FIRE_EM_06816,REG_서귀포시_안덕면,OCCURRED_IN_REGION
AE_FIRE_EM_06817,REG_제주시_연동,OCCURRED_IN_REGION
AE_FIRE_EM_06818,REG_제주시_아라일동,OCCURRED_IN_REGION
AE_FIRE_EM_06819,REG_서귀포시_색달동,OCCURRED_IN_REGION
AE_FIRE_EM_06820,REG_서귀포시_하예동,OCCURRED_IN_REGION
AE_FIRE_EM_06821,REG_서귀포시_하예동,OCCURRED_IN_REGION
AE_FIRE_EM_06822,REG_서귀포시_성산읍,OCCURRED_IN_REGION
AE_FIRE_EM_06823,REG_제주시_조천읍,OCCURRED_IN_REGION
AE_FIRE_EM_06824,REG_제주시_도두일동,OCCURRED_IN_REGION
AE_FIRE_EM_06825,REG_제주시_외도이동,OCCURRED_IN_REGION
AE_FIRE_EM_06826,REG_서귀포시_서귀동,OCCURRED_IN_REGION
AE_FIRE_EM_06827,REG_서귀포시_색달동,OCCURRED_IN_REGION
AE_FIRE_EM_06828,REG_서귀포시_성산읍,OCCURRED_IN_REGION
AE_FIRE_EM_06829,REG_서귀포시_표선면,OCCURRED_IN_REGION
AE_FIRE_EM_06830,REG_서귀포시_서귀동,OCCURRED_IN_REGION
AE_FIRE_EM_06831,REG_서귀포시_서귀동,OCCURRED_IN_REGION
AE_FIRE_EM_06832,REG_서귀포시_강정동,OCCURRED_IN_REGION
AE_FIRE_EM_06833,REG_서귀포시_대정읍,OCCURRED_IN_REGION
AE_FIRE_EM_06834,REG_제주시_용담이동,OCCURRED_IN_REGION
AE_FIRE_EM_06835,REG_제주시_이도일동,OCCURRED_IN_REGION
AE_FIRE_EM_06836,REG_제주시_도두일동,OCCURRED_IN_REGION
AE_FIRE_EM_06837,REG_제주시_애월읍,OCCURRED_IN_REGION
AE_FIRE_EM_06838,REG_제주시_회천동,OCCURRED_IN_REGION
AE_FIRE_EM_06839,REG_서귀포시_색달동,OCCURRED_IN_REGION
AE_FIRE_EM_06840,REG_서귀포시_하원동,OCCURRED_IN_REGION
AE_FIRE_EM_06841,REG_제주시_조천읍,OCCURRED_IN_REGION
AE_FIRE_EM_06842,REG_제주시_용담이동,OCCURRED_IN_REGION
AE_FIRE_EM_06843,REG_서귀포시_남원읍,OCCURRED_IN_REGION
AE_FIRE_EM_06844,REG_서귀포시_남원읍,OCCURRED_IN_REGION
AE_FIRE_EM_06845,REG_서귀포시_남원읍,OCCURRED_IN_REGION
AE_FIRE_EM_06846,REG_서귀포시_남원읍,OCCURRED_IN_REGION
AE_FIRE_EM_06847,REG_제주시_용담일동,OCCURRED_IN_REGION
AE_FIRE_EM_06848,REG_서귀포시_색달동,OCCURRED_IN_REGION
AE_FIRE_EM_06849,REG_서귀포시_하예동,OCCURRED_IN_REGION
AE_FIRE_EM_06850,REG_서귀포시_성산읍,OCCURRED_IN_REGION
AE_FIRE_EM_06851,REG_제주시_구좌읍,OCCURRED_IN_REGION
AE_FIRE_EM_06852,REG_제주시_구좌읍,OCCURRED_IN_REGION
AE_FIRE_EM_06853,REG_서귀포시_남원읍,OCCURRED_IN_REGION
AE_FIRE_EM_06854,REG_제주시_조천읍,OCCURRED_IN_REGION
AE_FIRE_EM_06855,REG_제주시_건입동,OCCURRED_IN_REGION
AE_FIRE_EM_06856,REG_제주시_조천읍,OCCURRED_IN_REGION
AE_FIRE_EM_06857,REG_제주시_우도면,OCCURRED_IN_REGION
AE_FIRE_EM_06858,REG_제주시_우도면,OCCURRED_IN_REGION
AE_FIRE_EM_06859,REG_서귀포시_색달동,OCCURRED_IN_REGION
AE_FIRE_EM_06860,REG_서귀포시_남원읍,OCCURRED_IN_REGION
AE_FIRE_EM_06861,REG_제주시_애월읍,OCCURRED_IN_REGION
AE_FIRE_EM_06862,REG_제주시_애월읍,OCCURRED_IN_REGION
AE_FIRE_EM_06863,REG_제주시_애월읍,OCCURRED_IN_REGION
AE_FIRE_EM_06864,REG_제주시_애월읍,OCCURRED_IN_REGION
AE_FIRE_EM_06865,REG_제주시_아라이동,OCCURRED_IN_REGION
AE_FIRE_EM_06866,REG_서귀포시_성산읍,OCCURRED_IN_REGION
AE_FIRE_EM_06867,REG_서귀포시_성산읍,OCCURRED_IN_REGION
AE_FIRE_EM_06868,REG_서귀포시_색달동,OCCURRED_IN_REGION
AE_FIRE_EM_06869,REG_제주시_용담이동,OCCURRED_IN_REGION
AE_FIRE_EM_06870,REG_서귀포시_중문동,OCCURRED_IN_REGION
AE_FIRE_EM_06871,REG_서귀포시_남원읍,OCCURRED_IN_REGION
AE_FIRE_EM_06872,REG_제주시_애월읍,OCCURRED_IN_REGION
AE_FIRE_EM_06873,REG_제주시_한림읍,OCCURRED_IN_REGION
AE_FIRE_EM_06874,REG_제주시_애월읍,OCCURRED_IN_REGION
AE_FIRE_EM_06875,REG_서귀포시_표선면,OCCURRED_IN_REGION
AE_FIRE_EM_06876,REG_제주시_애월읍,OCCURRED_IN_REGION
AE_FIRE_EM_06877,REG_제주시_조천읍,OCCURRED_IN_REGION
AE_FIRE_EM_06878,REG_서귀포시_표선면,OCCURRED_IN_REGION
AE_FIRE_EM_06879,REG_제주시_한림읍,OCCURRED_IN_REGION
AE_FIRE_EM_06880,REG_제주시_한림읍,OCCURRED_IN_REGION
AE_FIRE_EM_06881,REG_제주시_건입동,OCCURRED_IN_REGION
AE_FIRE_EM_06882,REG_제주시_삼도이동,OCCURRED_IN_REGION
AE_FIRE_EM_06883,REG_제주시_삼양이동,OCCURRED_IN_REGION
AE_FIRE_EM_06884,REG_제주시_구좌읍,OCCURRED_IN_REGION
AE_FIRE_EM_06885,REG_서귀포시_남원읍,OCCURRED_IN_REGION
AE_FIRE_EM_06886,REG_제주시_애월읍,OCCURRED_IN_REGION
AE_FIRE_EM_06887,REG_제주시_애월읍,OCCURRED_IN_REGION
AE_FIRE_EM_06888,REG_서귀포시_안덕면,OCCURRED_IN_REGION
AE_FIRE_EM_06889,REG_제주시_용담이동,OCCURRED_IN_REGION
AE_FIRE_EM_06890,REG_제주시_오등동,OCCURRED_IN_REGION
AE_FIRE_EM_06891,REG_제주시_구좌읍,OCCURRED_IN_REGION
AE_FIRE_EM_06892,REG_서귀포시_하효동,OCCURRED_IN_REGION
AE_FIRE_EM_06893,REG_제주시_한림읍,OCCURRED_IN_REGION
AE_FIRE_EM_06894,REG_제주시_오라삼동,OCCURRED_IN_REGION
AE_FIRE_EM_06895,REG_제주시_도두일동,OCCURRED_IN_REGION
AE_FIRE_EM_06896,REG_서귀포시_법환동,OCCURRED_IN_REGION
AE_FIRE_EM_06897,REG_제주시_한림읍,OCCURRED_IN_REGION
AE_FIRE_EM_06898,REG_제주시_한림읍,OCCURRED_IN_REGION
AE_FIRE_EM_06899,REG_서귀포시_성산읍,OCCURRED_IN_REGION
AE_FIRE_EM_06900,REG_제주시_용담이동,OCCURRED_IN_REGION
AE_FIRE_EM_06901,REG_제주시_구좌읍,OCCURRED_IN_REGION
AE_FIRE_EM_06902,REG_제주시_노형동,OCCURRED_IN_REGION
AE_FIRE_EM_06903,REG_서귀포시_성산읍,OCCURRED_IN_REGION
AE_FIRE_EM_06904,REG_제주시_연동,OCCURRED_IN_REGION
AE_FIRE_EM_06905,REG_제주시_조천읍,OCCURRED_IN_REGION
AE_FIRE_EM_06906,REG_제주시_오라이동,OCCURRED_IN_REGION
AE_FIRE_EM_06907,REG_서귀포시_남원읍,OCCURRED_IN_REGION
AE_FIRE_EM_06908,REG_서귀포시_하효동,OCCURRED_IN_REGION
AE_FIRE_EM_06909,REG_제주시_도두이동,OCCURRED_IN_REGION
AE_FIRE_EM_06910,REG_서귀포시_성산읍,OCCURRED_IN_REGION
AE_FIRE_EM_06911,REG_서귀포시_남원읍,OCCURRED_IN_REGION
AE_FIRE_EM_06912,REG_서귀포시_대정읍,OCCURRED_IN_REGION
AE_FIRE_EM_06913,REG_서귀포시_대정읍,OCCURRED_IN_REGION
AE_FIRE_EM_06914,REG_제주시_화북일동,OCCURRED_IN_REGION
AE_FIRE_EM_06915,REG_제주시_도두이동,OCCURRED_IN_REGION
AE_FIRE_EM_06916,REG_서귀포시_성산읍,OCCURRED_IN_REGION
AE_FIRE_EM_06917,REG_서귀포시_대정읍,OCCURRED_IN_REGION
AE_FIRE_EM_06918,REG_제주시_삼도이동,OCCURRED_IN_REGION
AE_FIRE_EM_06919,REG_서귀포시_하원동,OCCURRED_IN_REGION
AE_FIRE_EM_06920,REG_서귀포시_성산읍,OCCURRED_IN_REGION
AE_FIRE_EM_06921,REG_서귀포시_강정동,OCCURRED_IN_REGION
AE_FIRE_EM_06922,REG_서귀포시_표선면,OCCURRED_IN_REGION
AE_FIRE_EM_06923,REG_제주시_애월읍,OCCURRED_IN_REGION
AE_FIRE_EM_06924,REG_제주시_용담일동,OCCURRED_IN_REGION
AE_FIRE_EM_06925,REG_제주시_용담일동,OCCURRED_IN_REGION
AE_FIRE_EM_06926,REG_제주시_삼도이동,OCCURRED_IN_REGION
AE_FIRE_EM_06927,REG_제주시_조천읍,OCCURRED_IN_REGION
AE_FIRE_EM_06928,REG_서귀포시_색달동,OCCURRED_IN_REGION
AE_FIRE_EM_06929,REG_서귀포시_성산읍,OCCURRED_IN_REGION
AE_FIRE_EM_06930,REG_서귀포시_성산읍,OCCURRED_IN_REGION
AE_FIRE_EM_06931,REG_제주시_한경면,OCCURRED_IN_REGION
AE_FIRE_EM_06932,REG_서귀포시_동홍동,OCCURRED_IN_REGION
AE_FIRE_EM_06933,REG_서귀포시_색달동,OCCURRED_IN_REGION
AE_FIRE_EM_06934,REG_서귀포시_법환동,OCCURRED_IN_REGION
AE_FIRE_EM_06935,REG_서귀포시_안덕면,OCCURRED_IN_REGION
AE_FIRE_EM_06936,REG_서귀포시_안덕면,OCCURRED_IN_REGION
AE_FIRE_EM_06937,REG_서귀포시_안덕면,OCCURRED_IN_REGION
AE_FIRE_EM_06938,REG_서귀포시_상효동,OCCURRED_IN_REGION
AE_FIRE_EM_06939,REG_제주시_회천동,OCCURRED_IN_REGION
AE_FIRE_EM_06940,REG_제주시_조천읍,OCCURRED_IN_REGION
AE_FIRE_EM_06941,REG_제주시_조천읍,OCCURRED_IN_REGION
AE_FIRE_EM_06942,REG_제주시_노형동,OCCURRED_IN_REGION
AE_FIRE_EM_06943,REG_제주시_도두이동,OCCURRED_IN_REGION
AE_FIRE_EM_06944,REG_서귀포시_동홍동,OCCURRED_IN_REGION
AE_FIRE_EM_06945,REG_서귀포시_서홍동,OCCURRED_IN_REGION
AE_FIRE_EM_06946,REG_서귀포시_표선면,OCCURRED_IN_REGION
AE_FIRE_EM_06947,REG_서귀포시_대정읍,OCCURRED_IN_REGION
AE_FIRE_EM_06948,REG_제주시_일도일동,OCCURRED_IN_REGION
AE_FIRE_EM_06949,REG_제주시_용담이동,OCCURRED_IN_REGION
AE_FIRE_EM_06950,REG_서귀포시_서귀동,OCCURRED_IN_REGION
AE_FIRE_EM_06951,REG_제주시_이도이동,OCCURRED_IN_REGION
AE_FIRE_EM_06952,REG_제주시_용담이동,OCCURRED_IN_REGION
AE_FIRE_EM_06953,REG_제주시_구좌읍,OCCURRED_IN_REGION
AE_FIRE_EM_06954,REG_제주시_연동,OCCURRED_IN_REGION
AE_FIRE_EM_06955,REG_제주시_조천읍,OCCURRED_IN_REGION
AE_FIRE_EM_06956,REG_서귀포시_색달동,OCCURRED_IN_REGION
AE_FIRE_EM_06957,REG_서귀포시_법환동,OCCURRED_IN_REGION
AE_FIRE_EM_06958,REG_제주시_한경면,OCCURRED_IN_REGION
AE_FIRE_EM_06959,REG_서귀포시_대정읍,OCCURRED_IN_REGION
AE_FIRE_EM_06960,REG_서귀포시_대정읍,OCCURRED_IN_REGION
AE_FIRE_EM_06961,REG_제주시_도남동,OCCURRED_IN_REGION
AE_FIRE_EM_06962,REG_제주시_노형동,OCCURRED_IN_REGION
AE_FIRE_EM_06963,REG_제주시_일도일동,OCCURRED_IN_REGION
AE_FIRE_EM_06964,REG_서귀포시_성산읍,OCCURRED_IN_REGION
AE_FIRE_EM_06965,REG_제주시_구좌읍,OCCURRED_IN_REGION
AE_FIRE_EM_06966,REG_서귀포시_하효동,OCCURRED_IN_REGION
AE_FIRE_EM_06967,REG_서귀포시_표선면,OCCURRED_IN_REGION
AE_FIRE_EM_06968,REG_서귀포시_표선면,OCCURRED_IN_REGION
AE_FIRE_EM_06969,REG_제주시_한림읍,OCCURRED_IN_REGION
AE_FIRE_EM_06970,REG_제주시_한림읍,OCCURRED_IN_REGION
AE_FIRE_EM_06971,REG_제주시_한림읍,OCCURRED_IN_REGION
AE_FIRE_EM_06972,REG_서귀포시_회수동,OCCURRED_IN_REGION
AE_FIRE_EM_06973,REG_제주시_용담일동,OCCURRED_IN_REGION
AE_FIRE_EM_06974,REG_제주시_일도일동,OCCURRED_IN_REGION
AE_FIRE_EM_06975,REG_제주시_아라일동,OCCURRED_IN_REGION
AE_FIRE_EM_06976,REG_서귀포시_토평동,OCCURRED_IN_REGION
AE_FIRE_EM_06977,REG_서귀포시_표선면,OCCURRED_IN_REGION
AE_FIRE_EM_06978,REG_제주시_오라일동,OCCURRED_IN_REGION
AE_FIRE_EM_06979,REG_제주시_연동,OCCURRED_IN_REGION
AE_FIRE_EM_06980,REG_제주시_조천읍,OCCURRED_IN_REGION
AE_FIRE_EM_06981,REG_제주시_조천읍,OCCURRED_IN_REGION
AE_FIRE_EM_06982,REG_제주시_우도면,OCCURRED_IN_REGION
AE_FIRE_EM_06983,REG_서귀포시_표선면,OCCURRED_IN_REGION
AE_FIRE_EM_06984,REG_서귀포시_안덕면,OCCURRED_IN_REGION
AE_FIRE_EM_06985,REG_제주시_우도면,OCCURRED_IN_REGION
AE_FIRE_EM_06986,REG_제주시_연동,OCCURRED_IN_REGION
AE_FIRE_EM_06987,REG_서귀포시_동홍동,OCCURRED_IN_REGION
AE_FIRE_EM_06988,REG_제주시_우도면,OCCURRED_IN_REGION
AE_FIRE_EM_06989,REG_제주시_삼양삼동,OCCURRED_IN_REGION
AE_FIRE_EM_06990,REG_서귀포시_안덕면,OCCURRED_IN_REGION
AE_FIRE_EM_06991,REG_제주시_애월읍,OCCURRED_IN_REGION
AE_FIRE_EM_06992,REG_서귀포시_안덕면,OCCURRED_IN_REGION
AE_FIRE_EM_06993,REG_서귀포시_대정읍,OCCURRED_IN_REGION
AE_FIRE_EM_06994,REG_제주시_구좌읍,OCCURRED_IN_REGION
AE_FIRE_EM_06995,REG_제주시_구좌읍,OCCURRED_IN_REGION
AE_FIRE_EM_06996,REG_제주시_연동,OCCURRED_IN_REGION
AE_FIRE_EM_06997,REG_제주시_구좌읍,OCCURRED_IN_REGION
AE_FIRE_EM_06998,REG_제주시_구좌읍,OCCURRED_IN_REGION
AE_FIRE_EM_06999,REG_서귀포시_서귀동,OCCURRED_IN_REGION
AE_FIRE_EM_07000,REG_제주시_애월읍,OCCURRED_IN_REGION
AE_FIRE_EM_07001,REG_서귀포시_남원읍,OCCURRED_IN_REGION
AE_FIRE_EM_07002,REG_제주시_삼도이동,OCCURRED_IN_REGION
AE_FIRE_EM_07003,REG_제주시_연동,OCCURRED_IN_REGION
AE_FIRE_EM_07004,REG_제주시_조천읍,OCCURRED_IN_REGION
AE_FIRE_EM_07005,REG_서귀포시_표선면,OCCURRED_IN_REGION
AE_FIRE_EM_07006,REG_서귀포시_강정동,OCCURRED_IN_REGION
AE_FIRE_EM_07007,REG_제주시_애월읍,OCCURRED_IN_REGION
AE_FIRE_EM_07008,REG_제주시_이호일동,OCCURRED_IN_REGION
AE_FIRE_EM_07009,REG_서귀포시_대포동,OCCURRED_IN_REGION
AE_FIRE_EM_07010,REG_서귀포시_대포동,OCCURRED_IN_REGION
AE_FIRE_EM_07011,REG_서귀포시_상효동,OCCURRED_IN_REGION
AE_FIRE_EM_07012,REG_제주시_한림읍,OCCURRED_IN_REGION
AE_FIRE_EM_07013,REG_제주시_한림읍,OCCURRED_IN_REGION
AE_FIRE_EM_07014,REG_서귀포시_안덕면,OCCURRED_IN_REGION
AE_FIRE_EM_07015,REG_서귀포시_색달동,OCCURRED_IN_REGION
AE_FIRE_EM_07016,REG_서귀포시_안덕면,OCCURRED_IN_REGION
AE_FIRE_EM_07017,REG_서귀포시_성산읍,OCCURRED_IN_REGION
AE_FIRE_EM_07018,REG_서귀포시_성산읍,OCCURRED_IN_REGION
AE_FIRE_EM_07019,REG_서귀포시_대정읍,OCCURRED_IN_REGION
AE_FIRE_EM_07020,REG_서귀포시_대정읍,OCCURRED_IN_REGION
AE_FIRE_EM_07021,REG_서귀포시_안덕면,OCCURRED_IN_REGION
AE_FIRE_EM_07022,REG_서귀포시_안덕면,OCCURRED_IN_REGION
AE_FIRE_EM_07023,REG_제주시_우도면,OCCURRED_IN_REGION
AE_FIRE_EM_07024,REG_서귀포시_서귀동,OCCURRED_IN_REGION
AE_FIRE_EM_07025,REG_서귀포시_안덕면,OCCURRED_IN_REGION
AE_FIRE_EM_07026,REG_서귀포시_안덕면,OCCURRED_IN_REGION
AE_FIRE_EM_07027,REG_서귀포시_안덕면,OCCURRED_IN_REGION
AE_FIRE_EM_07028,REG_서귀포시_중문동,OCCURRED_IN_REGION
AE_FIRE_EM_07029,REG_서귀포시_회수동,OCCURRED_IN_REGION
AE_FIRE_EM_07030,REG_서귀포시_안덕면,OCCURRED_IN_REGION
AE_FIRE_EM_07031,REG_서귀포시_안덕면,OCCURRED_IN_REGION
AE_FIRE_EM_07032,REG_서귀포시_색달동,OCCURRED_IN_REGION
AE_FIRE_EM_07033,REG_제주시_연동,OCCURRED_IN_REGION
AE_FIRE_EM_07034,REG_제주시_회천동,OCCURRED_IN_REGION
AE_FIRE_EM_07035,REG_서귀포시_서귀동,OCCURRED_IN_REGION
AE_FIRE_EM_07036,REG_서귀포시_동홍동,OCCURRED_IN_REGION
AE_FIRE_EM_07037,REG_서귀포시_성산읍,OCCURRED_IN_REGION
AE_FIRE_EM_07038,REG_서귀포시_성산읍,OCCURRED_IN_REGION
AE_FIRE_EM_07039,REG_제주시_애월읍,OCCURRED_IN_REGION
AE_FIRE_EM_07040,REG_제주시_한림읍,OCCURRED_IN_REGION
AE_FIRE_EM_07041,REG_서귀포시_상예동,OCCURRED_IN_REGION
AE_FIRE_EM_07042,REG_서귀포시_안덕면,OCCURRED_IN_REGION
AE_FIRE_EM_07043,REG_서귀포시_안덕면,OCCURRED_IN_REGION
AE_FIRE_EM_07044,REG_서귀포시_남원읍,OCCURRED_IN_REGION
AE_FIRE_EM_07045,REG_제주시_구좌읍,OCCURRED_IN_REGION
AE_FIRE_EM_07046,REG_서귀포시_서귀동,OCCURRED_IN_REGION
AE_FIRE_EM_07047,REG_제주시_구좌읍,OCCURRED_IN_REGION
AE_FIRE_EM_07048,REG_서귀포시_표선면,OCCURRED_IN_REGION
AE_FIRE_EM_07049,REG_서귀포시_남원읍,OCCURRED_IN_REGION
AE_FIRE_EM_07050,REG_서귀포시_서귀동,OCCURRED_IN_REGION
AE_FIRE_EM_07051,REG_서귀포시_표선면,OCCURRED_IN_REGION
AE_FIRE_EM_07052,REG_제주시_한림읍,OCCURRED_IN_REGION
AE_FIRE_EM_07053,REG_제주시_한림읍,OCCURRED_IN_REGION
AE_FIRE_EM_07054,REG_제주시_한림읍,OCCURRED_IN_REGION
AE_FIRE_EM_07055,REG_서귀포시_대정읍,OCCURRED_IN_REGION
AE_FIRE_EM_07056,REG_제주시_건입동,OCCURRED_IN_REGION
AE_FIRE_EM_07057,REG_제주시_노형동,OCCURRED_IN_REGION
AE_FIRE_EM_07058,REG_제주시_조천읍,OCCURRED_IN_REGION
AE_FIRE_EM_07059,REG_서귀포시_표선면,OCCURRED_IN_REGION
AE_FIRE_EM_07060,REG_서귀포시_표선면,OCCURRED_IN_REGION
AE_FIRE_EM_07061,REG_서귀포시_대정읍,OCCURRED_IN_REGION
AE_FIRE_EM_07062,REG_서귀포시_안덕면,OCCURRED_IN_REGION
AE_FIRE_EM_07063,REG_서귀포시_안덕면,OCCURRED_IN_REGION
AE_FIRE_EM_07064,REG_서귀포시_안덕면,OCCURRED_IN_REGION
AE_FIRE_EM_07065,REG_서귀포시_대포동,OCCURRED_IN_REGION
AE_FIRE_EM_07066,REG_서귀포시_호근동,OCCURRED_IN_REGION
AE_FIRE_EM_07067,REG_제주시_애월읍,OCCURRED_IN_REGION
AE_FIRE_EM_07068,REG_제주시_애월읍,OCCURRED_IN_REGION
AE_FIRE_EM_07069,REG_서귀포시_강정동,OCCURRED_IN_REGION
AE_FIRE_EM_07070,REG_제주시_영평동,OCCURRED_IN_REGION
AE_FIRE_EM_07071,REG_서귀포시_성산읍,OCCURRED_IN_REGION
AE_FIRE_EM_07072,REG_제주시_한림읍,OCCURRED_IN_REGION
AE_FIRE_EM_07073,REG_제주시_애월읍,OCCURRED_IN_REGION
AE_FIRE_EM_07074,REG_제주시_한림읍,OCCURRED_IN_REGION
AE_FIRE_EM_07075,REG_서귀포시_대정읍,OCCURRED_IN_REGION
AE_FIRE_EM_07076,REG_제주시_우도면,OCCURRED_IN_REGION
AE_FIRE_EM_07077,REG_제주시_우도면,OCCURRED_IN_REGION
AE_FIRE_EM_07078,REG_제주시_삼도일동,OCCURRED_IN_REGION
AE_FIRE_EM_07079,REG_제주시_오라이동,OCCURRED_IN_REGION
AE_FIRE_EM_07080,REG_제주시_조천읍,OCCURRED_IN_REGION
AE_FIRE_EM_07081,REG_제주시_조천읍,OCCURRED_IN_REGION
AE_FIRE_EM_07082,REG_서귀포시_남원읍,OCCURRED_IN_REGION
AE_FIRE_EM_07083,REG_제주시_조천읍,OCCURRED_IN_REGION
AE_FIRE_EM_07084,REG_제주시_애월읍,OCCURRED_IN_REGION
AE_FIRE_EM_07085,REG_서귀포시_대정읍,OCCURRED_IN_REGION
AE_FIRE_EM_07086,REG_서귀포시_대정읍,OCCURRED_IN_REGION
AE_FIRE_EM_07087,REG_제주시_건입동,OCCURRED_IN_REGION
AE_FIRE_EM_07088,REG_서귀포시_서귀동,OCCURRED_IN_REGION
AE_FIRE_EM_07089,REG_서귀포시_중문동,OCCURRED_IN_REGION
AE_FIRE_EM_07090,REG_제주시_한림읍,OCCURRED_IN_REGION
AE_FIRE_EM_07091,REG_제주시_한림읍,OCCURRED_IN_REGION
AE_FIRE_EM_07092,REG_제주시_애월읍,OCCURRED_IN_REGION
AE_FIRE_EM_07093,REG_서귀포시_안덕면,OCCURRED_IN_REGION
AE_FIRE_EM_07094,REG_제주시_영평동,OCCURRED_IN_REGION
AE_FIRE_EM_07095,REG_제주시_용담이동,OCCURRED_IN_REGION
AE_FIRE_EM_07096,REG_제주시_구좌읍,OCCURRED_IN_REGION
AE_FIRE_EM_07097,REG_제주시_조천읍,OCCURRED_IN_REGION
AE_FIRE_EM_07098,REG_제주시_연동,OCCURRED_IN_REGION
AE_FIRE_EM_07099,REG_제주시_추자면,OCCURRED_IN_REGION
AE_FIRE_EM_07100,REG_서귀포시_색달동,OCCURRED_IN_REGION
AE_FIRE_EM_07101,REG_서귀포시_대포동,OCCURRED_IN_REGION
AE_FIRE_EM_07102,REG_서귀포시_대포동,OCCURRED_IN_REGION
AE_FIRE_EM_07103,REG_제주시_한경면,OCCURRED_IN_REGION
AE_FIRE_EM_07104,REG_제주시_애월읍,OCCURRED_IN_REGION
AE_FIRE_EM_07105,REG_서귀포시_성산읍,OCCURRED_IN_REGION
AE_FIRE_EM_07106,REG_제주시_우도면,OCCURRED_IN_REGION
AE_FIRE_EM_07107,REG_제주시_애월읍,OCCURRED_IN_REGION
AE_FIRE_EM_07108,REG_제주시_애월읍,OCCURRED_IN_REGION
AE_FIRE_EM_07109,REG_서귀포시_대정읍,OCCURRED_IN_REGION
AE_FIRE_EM_07110,REG_서귀포시_하예동,OCCURRED_IN_REGION
AE_FIRE_EM_07111,REG_제주시_한경면,OCCURRED_IN_REGION
AE_FIRE_EM_07112,REG_제주시_우도면,OCCURRED_IN_REGION
AE_FIRE_EM_07113,REG_서귀포시_성산읍,OCCURRED_IN_REGION
AE_FIRE_EM_07114,REG_제주시_이도이동,OCCURRED_IN_REGION
AE_FIRE_EM_07115,REG_제주시_구좌읍,OCCURRED_IN_REGION
AE_FIRE_EM_07116,REG_제주시_연동,OCCURRED_IN_REGION
AE_FIRE_EM_07117,REG_제주시_애월읍,OCCURRED_IN_REGION
AE_FIRE_EM_07118,REG_제주시_봉개동,OCCURRED_IN_REGION
AE_FIRE_EM_07119,REG_서귀포시_성산읍,OCCURRED_IN_REGION
AE_FIRE_EM_07120,REG_제주시_한림읍,OCCURRED_IN_REGION
AE_FIRE_EM_07121,REG_제주시_한림읍,OCCURRED_IN_REGION
AE_FIRE_EM_07122,REG_제주시_애월읍,OCCURRED_IN_REGION
AE_FIRE_EM_07123,REG_제주시_애월읍,OCCURRED_IN_REGION
AE_FIRE_EM_07124,REG_제주시_애월읍,OCCURRED_IN_REGION
AE_FIRE_EM_07125,REG_서귀포시_안덕면,OCCURRED_IN_REGION
AE_FIRE_EM_07126,REG_제주시_노형동,OCCURRED_IN_REGION
AE_FIRE_EM_07127,REG_제주시_노형동,OCCURRED_IN_REGION
AE_FIRE_EM_07128,REG_제주시_노형동,OCCURRED_IN_REGION
AE_FIRE_EM_07129,REG_서귀포시_성산읍,OCCURRED_IN_REGION
AE_FIRE_EM_07130,REG_서귀포시_토평동,OCCURRED_IN_REGION
AE_FIRE_EM_07131,REG_제주시_애월읍,OCCURRED_IN_REGION
AE_FIRE_EM_07132,REG_제주시_우도면,OCCURRED_IN_REGION
AE_FIRE_EM_07133,REG_제주시_한경면,OCCURRED_IN_REGION
AE_FIRE_EM_07134,REG_제주시_삼도이동,OCCURRED_IN_REGION
AE_FIRE_EM_07135,REG_제주시_연동,OCCURRED_IN_REGION
AE_FIRE_EM_07136,REG_제주시_연동,OCCURRED_IN_REGION
AE_FIRE_EM_07137,REG_서귀포시_성산읍,OCCURRED_IN_REGION
AE_FIRE_EM_07138,REG_서귀포시_남원읍,OCCURRED_IN_REGION
AE_FIRE_EM_07139,REG_서귀포시_법환동,OCCURRED_IN_REGION
AE_FIRE_EM_07140,REG_서귀포시_안덕면,OCCURRED_IN_REGION
AE_FIRE_EM_07141,REG_제주시_연동,OCCURRED_IN_REGION
AE_FIRE_EM_07142,REG_제주시_외도이동,OCCURRED_IN_REGION
AE_FIRE_EM_07143,REG_제주시_이호이동,OCCURRED_IN_REGION
AE_FIRE_EM_07144,REG_서귀포시_성산읍,OCCURRED_IN_REGION
AE_FIRE_EM_07145,REG_서귀포시_안덕면,OCCURRED_IN_REGION
AE_FIRE_EM_07146,REG_제주시_조천읍,OCCURRED_IN_REGION
AE_FIRE_EM_07147,REG_서귀포시_상효동,OCCURRED_IN_REGION
AE_FIRE_EM_07148,REG_제주시_한림읍,OCCURRED_IN_REGION
AE_FIRE_EM_07149,REG_제주시_애월읍,OCCURRED_IN_REGION
AE_FIRE_EM_07150,REG_제주시_아라이동,OCCURRED_IN_REGION
AE_FIRE_EM_07151,REG_제주시_이도일동,OCCURRED_IN_REGION
AE_FIRE_EM_07152,REG_제주시_봉개동,OCCURRED_IN_REGION
AE_FIRE_EM_07153,REG_제주시_애월읍,OCCURRED_IN_REGION
AE_FIRE_EM_07154,REG_제주시_노형동,OCCURRED_IN_REGION
AE_FIRE_EM_07155,REG_제주시_해안동,OCCURRED_IN_REGION
AE_FIRE_EM_07156,REG_제주시_도두이동,OCCURRED_IN_REGION
AE_FIRE_EM_07157,REG_서귀포시_동홍동,OCCURRED_IN_REGION
AE_FIRE_EM_07158,REG_서귀포시_남원읍,OCCURRED_IN_REGION
AE_FIRE_EM_07159,REG_서귀포시_호근동,OCCURRED_IN_REGION
AE_FIRE_EM_07160,REG_서귀포시_남원읍,OCCURRED_IN_REGION
AE_FIRE_EM_07161,REG_제주시_애월읍,OCCURRED_IN_REGION
AE_FIRE_EM_07162,REG_제주시_한경면,OCCURRED_IN_REGION
AE_FIRE_EM_07163,REG_서귀포시_안덕면,OCCURRED_IN_REGION
AE_FIRE_EM_07164,REG_서귀포시_색달동,OCCURRED_IN_REGION
AE_FIRE_EM_07165,REG_제주시_구좌읍,OCCURRED_IN_REGION
AE_FIRE_EM_07166,REG_제주시_구좌읍,OCCURRED_IN_REGION
AE_FIRE_EM_07167,REG_제주시_구좌읍,OCCURRED_IN_REGION
AE_FIRE_EM_07168,REG_서귀포시_서홍동,OCCURRED_IN_REGION
AE_FIRE_EM_07169,REG_서귀포시_중문동,OCCURRED_IN_REGION
AE_FIRE_EM_07170,REG_서귀포시_성산읍,OCCURRED_IN_REGION
AE_FIRE_EM_07171,REG_서귀포시_중문동,OCCURRED_IN_REGION
AE_FIRE_EM_07172,REG_제주시_한경면,OCCURRED_IN_REGION
AE_FIRE_EM_07173,REG_서귀포시_안덕면,OCCURRED_IN_REGION
AE_FIRE_EM_07174,REG_서귀포시_색달동,OCCURRED_IN_REGION
AE_FIRE_EM_07175,REG_서귀포시_성산읍,OCCURRED_IN_REGION
AE_FIRE_EM_07176,REG_제주시_구좌읍,OCCURRED_IN_REGION
AE_FIRE_EM_07177,REG_제주시_한림읍,OCCURRED_IN_REGION
AE_FIRE_EM_07178,REG_제주시_애월읍,OCCURRED_IN_REGION
AE_FIRE_EM_07179,REG_제주시_애월읍,OCCURRED_IN_REGION
AE_FIRE_EM_07180,REG_서귀포시_대정읍,OCCURRED_IN_REGION
AE_FIRE_EM_07181,REG_제주시_회천동,OCCURRED_IN_REGION
AE_FIRE_EM_07182,REG_제주시_조천읍,OCCURRED_IN_REGION
AE_FIRE_EM_07183,REG_제주시_조천읍,OCCURRED_IN_REGION
AE_FIRE_EM_07184,REG_서귀포시_호근동,OCCURRED_IN_REGION
AE_FIRE_EM_07185,REG_서귀포시_대정읍,OCCURRED_IN_REGION
AE_FIRE_EM_07186,REG_제주시_회천동,OCCURRED_IN_REGION
AE_FIRE_EM_07187,REG_제주시_회천동,OCCURRED_IN_REGION
AE_FIRE_EM_07188,REG_제주시_조천읍,OCCURRED_IN_REGION
AE_FIRE_EM_07189,REG_제주시_아라이동,OCCURRED_IN_REGION
AE_FIRE_EM_07190,REG_서귀포시_안덕면,OCCURRED_IN_REGION
AE_FIRE_EM_07191,REG_제주시_한림읍,OCCURRED_IN_REGION
AE_FIRE_EM_07192,REG_서귀포시_안덕면,OCCURRED_IN_REGION
AE_FIRE_EM_07193,REG_제주시_이도이동,OCCURRED_IN_REGION
AE_FIRE_EM_07194,REG_서귀포시_하원동,OCCURRED_IN_REGION
AE_FIRE_EM_07195,REG_서귀포시_표선면,OCCURRED_IN_REGION
AE_FIRE_EM_07196,REG_서귀포시_서호동,OCCURRED_IN_REGION
AE_FIRE_EM_07197,REG_제주시_한림읍,OCCURRED_IN_REGION
AE_FIRE_EM_07198,REG_제주시_애월읍,OCCURRED_IN_REGION
AE_FIRE_EM_07199,REG_서귀포시_안덕면,OCCURRED_IN_REGION
AE_FIRE_EM_07200,REG_서귀포시_안덕면,OCCURRED_IN_REGION
AE_FIRE_EM_07201,REG_제주시_봉개동,OCCURRED_IN_REGION
AE_FIRE_EM_07202,REG_제주시_용담삼동,OCCURRED_IN_REGION
AE_FIRE_EM_07203,REG_제주시_조천읍,OCCURRED_IN_REGION
AE_FIRE_EM_07204,REG_제주시_노형동,OCCURRED_IN_REGION
AE_FIRE_EM_07205,REG_제주시_구좌읍,OCCURRED_IN_REGION
AE_FIRE_EM_07206,REG_서귀포시_성산읍,OCCURRED_IN_REGION
AE_FIRE_EM_07207,REG_제주시_구좌읍,OCCURRED_IN_REGION
AE_FIRE_EM_07208,REG_제주시_구좌읍,OCCURRED_IN_REGION
AE_FIRE_EM_07209,REG_제주시_노형동,OCCURRED_IN_REGION
AE_FIRE_EM_07210,REG_제주시_노형동,OCCURRED_IN_REGION
AE_FIRE_EM_07211,REG_제주시_노형동,OCCURRED_IN_REGION
AE_FIRE_EM_07212,REG_제주시_노형동,OCCURRED_IN_REGION
AE_FIRE_EM_07213,REG_제주시_구좌읍,OCCURRED_IN_REGION
AE_FIRE_EM_07214,REG_제주시_외도이동,OCCURRED_IN_REGION
AE_FIRE_EM_07215,REG_제주시_노형동,OCCURRED_IN_REGION
AE_FIRE_EM_07216,REG_제주시_우도면,OCCURRED_IN_REGION
AE_FIRE_EM_07217,REG_제주시_애월읍,OCCURRED_IN_REGION
AE_FIRE_EM_07218,REG_제주시_애월읍,OCCURRED_IN_REGION
AE_FIRE_EM_07219,REG_서귀포시_성산읍,OCCURRED_IN_REGION
AE_FIRE_EM_07220,REG_제주시_화북일동,OCCURRED_IN_REGION
AE_FIRE_EM_07221,REG_제주시_애월읍,OCCURRED_IN_REGION
AE_FIRE_EM_07222,REG_제주시_한림읍,OCCURRED_IN_REGION
AE_FIRE_EM_07223,REG_서귀포시_성산읍,OCCURRED_IN_REGION
AE_FIRE_EM_07224,REG_서귀포시_성산읍,OCCURRED_IN_REGION
AE_FIRE_EM_07225,REG_제주시_애월읍,OCCURRED_IN_REGION
AE_FIRE_EM_07226,REG_제주시_애월읍,OCCURRED_IN_REGION
AE_FIRE_EM_07227,REG_서귀포시_안덕면,OCCURRED_IN_REGION
AE_FIRE_EM_07228,REG_제주시_구좌읍,OCCURRED_IN_REGION
AE_FIRE_EM_07229,REG_서귀포시_서홍동,OCCURRED_IN_REGION
AE_FIRE_EM_07230,REG_제주시_애월읍,OCCURRED_IN_REGION
AE_FIRE_EM_07231,REG_서귀포시_안덕면,OCCURRED_IN_REGION
AE_FIRE_EM_07232,REG_제주시_조천읍,OCCURRED_IN_REGION
AE_FIRE_EM_07233,REG_제주시_봉개동,OCCURRED_IN_REGION
AE_FIRE_EM_07234,REG_서귀포시_표선면,OCCURRED_IN_REGION
AE_FIRE_EM_07235,REG_서귀포시_남원읍,OCCURRED_IN_REGION
AE_FIRE_EM_07236,REG_서귀포시_강정동,OCCURRED_IN_REGION
AE_FIRE_EM_07237,REG_제주시_한림읍,OCCURRED_IN_REGION
AE_FIRE_EM_07238,REG_제주시_애월읍,OCCURRED_IN_REGION
AE_FIRE_EM_07239,REG_제주시_애월읍,OCCURRED_IN_REGION
AE_FIRE_EM_07240,REG_서귀포시_안덕면,OCCURRED_IN_REGION
AE_FIRE_EM_07241,REG_제주시_용담이동,OCCURRED_IN_REGION
AE_FIRE_EM_07242,REG_제주시_연동,OCCURRED_IN_REGION
AE_FIRE_EM_07243,REG_제주시_연동,OCCURRED_IN_REGION
AE_FIRE_EM_07244,REG_제주시_내도동,OCCURRED_IN_REGION
AE_FIRE_EM_07245,REG_제주시_건입동,OCCURRED_IN_REGION
AE_FIRE_EM_07246,REG_제주시_조천읍,OCCURRED_IN_REGION
AE_FIRE_EM_07247,REG_제주시_도두일동,OCCURRED_IN_REGION
AE_FIRE_EM_07248,REG_서귀포시_색달동,OCCURRED_IN_REGION
AE_FIRE_EM_07249,REG_서귀포시_표선면,OCCURRED_IN_REGION
AE_FIRE_EM_07250,REG_서귀포시_남원읍,OCCURRED_IN_REGION
AE_FIRE_EM_07251,REG_서귀포시_하효동,OCCURRED_IN_REGION
AE_FIRE_EM_07252,REG_제주시_구좌읍,OCCURRED_IN_REGION
AE_FIRE_EM_07253,REG_제주시_이도이동,OCCURRED_IN_REGION
AE_FIRE_EM_07254,REG_제주시_이도이동,OCCURRED_IN_REGION
AE_FIRE_EM_07255,REG_제주시_오등동,OCCURRED_IN_REGION
AE_FIRE_EM_07256,REG_제주시_한림읍,OCCURRED_IN_REGION
AE_FIRE_EM_07257,REG_제주시_애월읍,OCCURRED_IN_REGION
AE_FIRE_EM_07258,REG_서귀포시_안덕면,OCCURRED_IN_REGION
AE_FIRE_EM_07259,REG_제주시_건입동,OCCURRED_IN_REGION
AE_FIRE_EM_07260,REG_제주시_구좌읍,OCCURRED_IN_REGION
AE_FIRE_EM_07261,REG_제주시_도두이동,OCCURRED_IN_REGION
AE_FIRE_EM_07262,REG_서귀포시_서귀동,OCCURRED_IN_REGION
AE_FIRE_EM_07263,REG_서귀포시_남원읍,OCCURRED_IN_REGION
AE_FIRE_EM_07264,REG_서귀포시_남원읍,OCCURRED_IN_REGION
AE_FIRE_EM_07265,REG_서귀포시_강정동,OCCURRED_IN_REGION
AE_FIRE_EM_07266,REG_제주시_회천동,OCCURRED_IN_REGION
AE_FIRE_EM_07267,REG_서귀포시_서귀동,OCCURRED_IN_REGION
AE_FIRE_EM_07268,REG_서귀포시_색달동,OCCURRED_IN_REGION
AE_FIRE_EM_07269,REG_서귀포시_하원동,OCCURRED_IN_REGION
AE_FIRE_EM_07270,REG_서귀포시_안덕면,OCCURRED_IN_REGION
AE_FIRE_EM_07271,REG_제주시_조천읍,OCCURRED_IN_REGION
AE_FIRE_EM_07272,REG_서귀포시_서귀동,OCCURRED_IN_REGION
AE_FIRE_EM_07273,REG_서귀포시_성산읍,OCCURRED_IN_REGION
AE_FIRE_EM_07274,REG_제주시_한경면,OCCURRED_IN_REGION
AE_FIRE_EM_07275,REG_서귀포시_안덕면,OCCURRED_IN_REGION
AE_FIRE_EM_07276,REG_서귀포시_안덕면,OCCURRED_IN_REGION
AE_FIRE_EM_07277,REG_서귀포시_법환동,OCCURRED_IN_REGION
AE_FIRE_EM_07278,REG_서귀포시_남원읍,OCCURRED_IN_REGION
AE_FIRE_EM_07279,REG_서귀포시_표선면,OCCURRED_IN_REGION
AE_FIRE_EM_07280,REG_서귀포시_표선면,OCCURRED_IN_REGION
AE_FIRE_EM_07281,REG_제주시_도두일동,OCCURRED_IN_REGION
AE_FIRE_EM_07282,REG_서귀포시_강정동,OCCURRED_IN_REGION
AE_FIRE_EM_07283,REG_제주시_용담삼동,OCCURRED_IN_REGION
AE_FIRE_EM_07284,REG_제주시_한림읍,OCCURRED_IN_REGION
AE_FIRE_EM_07285,REG_제주시_한림읍,OCCURRED_IN_REGION
AE_FIRE_EM_07286,REG_서귀포시_안덕면,OCCURRED_IN_REGION
AE_FIRE_EM_07287,REG_제주시_애월읍,OCCURRED_IN_REGION
AE_FIRE_EM_07288,REG_제주시_애월읍,OCCURRED_IN_REGION
AE_FIRE_EM_07289,REG_서귀포시_서귀동,OCCURRED_IN_REGION
AE_FIRE_EM_07290,REG_서귀포시_표선면,OCCURRED_IN_REGION
AE_FIRE_EM_07291,REG_서귀포시_대정읍,OCCURRED_IN_REGION
AE_FIRE_EM_07292,REG_서귀포시_대정읍,OCCURRED_IN_REGION
AE_FIRE_EM_07293,REG_서귀포시_대정읍,OCCURRED_IN_REGION
AE_FIRE_EM_07294,REG_제주시_도남동,OCCURRED_IN_REGION
AE_FIRE_EM_07295,REG_제주시_연동,OCCURRED_IN_REGION
AE_FIRE_EM_07296,REG_제주시_조천읍,OCCURRED_IN_REGION
AE_FIRE_EM_07297,REG_서귀포시_성산읍,OCCURRED_IN_REGION
AE_FIRE_EM_07298,REG_제주시_애월읍,OCCURRED_IN_REGION
AE_FIRE_EM_07299,REG_제주시_이도이동,OCCURRED_IN_REGION
AE_FIRE_EM_07300,REG_제주시_이도이동,OCCURRED_IN_REGION
AE_FIRE_EM_07301,REG_제주시_삼도이동,OCCURRED_IN_REGION
AE_FIRE_EM_07302,REG_제주시_도두이동,OCCURRED_IN_REGION
AE_FIRE_EM_07303,REG_제주시_우도면,OCCURRED_IN_REGION
AE_FIRE_EM_07304,REG_제주시_한림읍,OCCURRED_IN_REGION
AE_FIRE_EM_07305,REG_제주시_애월읍,OCCURRED_IN_REGION
AE_FIRE_EM_07306,REG_서귀포시_대정읍,OCCURRED_IN_REGION
AE_FIRE_EM_07307,REG_서귀포시_대정읍,OCCURRED_IN_REGION
AE_FIRE_EM_07308,REG_제주시_삼도이동,OCCURRED_IN_REGION
AE_FIRE_EM_07309,REG_제주시_노형동,OCCURRED_IN_REGION
AE_FIRE_EM_07310,REG_제주시_애월읍,OCCURRED_IN_REGION
AE_FIRE_EM_07311,REG_제주시_구좌읍,OCCURRED_IN_REGION
AE_FIRE_EM_07312,REG_제주시_연동,OCCURRED_IN_REGION
AE_FIRE_EM_07313,REG_제주시_오라일동,OCCURRED_IN_REGION
AE_FIRE_EM_07314,REG_제주시_해안동,OCCURRED_IN_REGION
AE_FIRE_EM_07315,REG_제주시_한림읍,OCCURRED_IN_REGION
AE_FIRE_EM_07316,REG_제주시_애월읍,OCCURRED_IN_REGION
AE_FIRE_EM_07317,REG_서귀포시_안덕면,OCCURRED_IN_REGION
AE_FIRE_EM_07318,REG_제주시_애월읍,OCCURRED_IN_REGION
AE_FIRE_EM_07319,REG_서귀포시_서귀동,OCCURRED_IN_REGION
AE_FIRE_EM_07320,REG_제주시_애월읍,OCCURRED_IN_REGION
AE_FIRE_EM_07321,REG_제주시_연동,OCCURRED_IN_REGION
AE_FIRE_EM_07322,REG_제주시_연동,OCCURRED_IN_REGION
AE_FIRE_EM_07323,REG_제주시_구좌읍,OCCURRED_IN_REGION
AE_FIRE_EM_07324,REG_제주시_조천읍,OCCURRED_IN_REGION
AE_FIRE_EM_07325,REG_제주시_연동,OCCURRED_IN_REGION
AE_FIRE_EM_07326,REG_제주시_연동,OCCURRED_IN_REGION
AE_FIRE_EM_07327,REG_제주시_연동,OCCURRED_IN_REGION
AE_FIRE_EM_07328,REG_서귀포시_대포동,OCCURRED_IN_REGION
AE_FIRE_EM_07329,REG_서귀포시_법환동,OCCURRED_IN_REGION
AE_FIRE_EM_07330,REG_서귀포시_안덕면,OCCURRED_IN_REGION
AE_FIRE_EM_07331,REG_제주시_용담이동,OCCURRED_IN_REGION
AE_FIRE_EM_07332,REG_제주시_한림읍,OCCURRED_IN_REGION
AE_FIRE_EM_07333,REG_제주시_구좌읍,OCCURRED_IN_REGION
AE_FIRE_EM_07334,REG_제주시_구좌읍,OCCURRED_IN_REGION
AE_FIRE_EM_07335,REG_제주시_조천읍,OCCURRED_IN_REGION
AE_FIRE_EM_07336,REG_서귀포시_서귀동,OCCURRED_IN_REGION
AE_FIRE_EM_07337,REG_서귀포시_중문동,OCCURRED_IN_REGION
AE_FIRE_EM_07338,REG_서귀포시_동홍동,OCCURRED_IN_REGION
AE_FIRE_EM_07339,REG_서귀포시_회수동,OCCURRED_IN_REGION
AE_FIRE_EM_07340,REG_제주시_연동,OCCURRED_IN_REGION
AE_FIRE_EM_07341,REG_제주시_오라일동,OCCURRED_IN_REGION
AE_FIRE_EM_07342,REG_제주시_오라일동,OCCURRED_IN_REGION
AE_FIRE_EM_07343,REG_제주시_오라일동,OCCURRED_IN_REGION
AE_FIRE_EM_07344,REG_제주시_도두일동,OCCURRED_IN_REGION
AE_FIRE_EM_07345,REG_서귀포시_안덕면,OCCURRED_IN_REGION
AE_FIRE_EM_07346,REG_서귀포시_안덕면,OCCURRED_IN_REGION
AE_FIRE_EM_07347,REG_서귀포시_중문동,OCCURRED_IN_REGION
AE_FIRE_EM_07348,REG_제주시_한림읍,OCCURRED_IN_REGION
AE_FIRE_EM_07349,REG_제주시_한경면,OCCURRED_IN_REGION
AE_FIRE_EM_07350,REG_서귀포시_안덕면,OCCURRED_IN_REGION
AE_FIRE_EM_07351,REG_서귀포시_안덕면,OCCURRED_IN_REGION
AE_FIRE_EM_07352,REG_서귀포시_안덕면,OCCURRED_IN_REGION
AE_FIRE_EM_07353,REG_서귀포시_안덕면,OCCURRED_IN_REGION
AE_FIRE_EM_07354,REG_서귀포시_남원읍,OCCURRED_IN_REGION
AE_FIRE_EM_07355,REG_서귀포시_색달동,OCCURRED_IN_REGION
AE_FIRE_EM_07356,REG_제주시_애월읍,OCCURRED_IN_REGION
AE_FIRE_EM_07357,REG_제주시_애월읍,OCCURRED_IN_REGION
AE_FIRE_EM_07358,REG_서귀포시_대정읍,OCCURRED_IN_REGION
AE_FIRE_EM_07359,REG_서귀포시_토평동,OCCURRED_IN_REGION
AE_FIRE_EM_07360,REG_제주시_이도일동,OCCURRED_IN_REGION
AE_FIRE_EM_07361,REG_서귀포시_남원읍,OCCURRED_IN_REGION
AE_FIRE_EM_07362,REG_서귀포시_색달동,OCCURRED_IN_REGION
AE_FIRE_EM_07363,REG_제주시_삼도이동,OCCURRED_IN_REGION
AE_FIRE_EM_07364,REG_서귀포시_표선면,OCCURRED_IN_REGION
AE_FIRE_EM_07365,REG_제주시_도남동,OCCURRED_IN_REGION
AE_FIRE_EM_07366,REG_제주시_연동,OCCURRED_IN_REGION
AE_FIRE_EM_07367,REG_제주시_삼도이동,OCCURRED_IN_REGION
AE_FIRE_EM_07368,REG_서귀포시_안덕면,OCCURRED_IN_REGION
AE_FIRE_EM_07369,REG_서귀포시_안덕면,OCCURRED_IN_REGION
AE_FIRE_EM_07370,REG_제주시_구좌읍,OCCURRED_IN_REGION
AE_FIRE_EM_07371,REG_서귀포시_남원읍,OCCURRED_IN_REGION
AE_FIRE_EM_07372,REG_제주시_애월읍,OCCURRED_IN_REGION
AE_FIRE_EM_07373,REG_서귀포시_안덕면,OCCURRED_IN_REGION
AE_FIRE_EM_07374,REG_제주시_건입동,OCCURRED_IN_REGION
AE_FIRE_EM_07375,REG_서귀포시_서귀동,OCCURRED_IN_REGION
AE_FIRE_EM_07376,REG_제주시_이도이동,OCCURRED_IN_REGION
AE_FIRE_EM_07377,REG_서귀포시_토평동,OCCURRED_IN_REGION
AE_FIRE_EM_07378,REG_제주시_애월읍,OCCURRED_IN_REGION
AE_FIRE_EM_07379,REG_제주시_오등동,OCCURRED_IN_REGION
AE_FIRE_EM_07380,REG_제주시_한림읍,OCCURRED_IN_REGION
AE_FIRE_EM_07381,REG_제주시_애월읍,OCCURRED_IN_REGION
AE_FIRE_EM_07382,REG_제주시_용담이동,OCCURRED_IN_REGION
AE_FIRE_EM_07383,REG_서귀포시_대정읍,OCCURRED_IN_REGION
AE_FIRE_EM_07384,REG_제주시_연동,OCCURRED_IN_REGION
AE_FIRE_EM_07385,REG_서귀포시_서귀동,OCCURRED_IN_REGION
AE_FIRE_EM_07386,REG_서귀포시_호근동,OCCURRED_IN_REGION
AE_FIRE_EM_07387,REG_제주시_한림읍,OCCURRED_IN_REGION
AE_FIRE_EM_07388,REG_서귀포시_안덕면,OCCURRED_IN_REGION
AE_FIRE_EM_07389,REG_제주시_일도일동,OCCURRED_IN_REGION
AE_FIRE_EM_07390,REG_서귀포시_토평동,OCCURRED_IN_REGION
AE_FIRE_EM_07391,REG_서귀포시_성산읍,OCCURRED_IN_REGION
AE_FIRE_EM_07392,REG_제주시_한림읍,OCCURRED_IN_REGION
AE_FIRE_EM_07393,REG_제주시_한림읍,OCCURRED_IN_REGION
AE_FIRE_EM_07394,REG_제주시_애월읍,OCCURRED_IN_REGION
AE_FIRE_EM_07395,REG_제주시_노형동,OCCURRED_IN_REGION
AE_FIRE_EM_07396,REG_제주시_한림읍,OCCURRED_IN_REGION
AE_FIRE_EM_07397,REG_제주시_용담이동,OCCURRED_IN_REGION
AE_FIRE_EM_07398,REG_서귀포시_하원동,OCCURRED_IN_REGION
AE_FIRE_EM_07399,REG_서귀포시_법환동,OCCURRED_IN_REGION
AE_FIRE_EM_07400,REG_제주시_한림읍,OCCURRED_IN_REGION
AE_FIRE_EM_07401,REG_제주시_한림읍,OCCURRED_IN_REGION
AE_FIRE_EM_07402,REG_제주시_일도일동,OCCURRED_IN_REGION
AE_FIRE_EM_07403,REG_서귀포시_안덕면,OCCURRED_IN_REGION
AE_FIRE_EM_07404,REG_서귀포시_안덕면,OCCURRED_IN_REGION
AE_FIRE_EM_07405,REG_서귀포시_안덕면,OCCURRED_IN_REGION
AE_FIRE_EM_07406,REG_제주시_노형동,OCCURRED_IN_REGION
AE_FIRE_EM_07407,REG_제주시_애월읍,OCCURRED_IN_REGION
AE_FIRE_EM_07408,REG_제주시_애월읍,OCCURRED_IN_REGION
AE_FIRE_EM_07409,REG_제주시_애월읍,OCCURRED_IN_REGION
AE_FIRE_EM_07410,REG_서귀포시_동홍동,OCCURRED_IN_REGION
AE_FIRE_EM_07411,REG_서귀포시_성산읍,OCCURRED_IN_REGION
AE_FIRE_EM_07412,REG_서귀포시_성산읍,OCCURRED_IN_REGION
AE_FIRE_EM_07413,REG_서귀포시_동홍동,OCCURRED_IN_REGION
AE_FIRE_EM_07414,REG_서귀포시_동홍동,OCCURRED_IN_REGION
AE_FIRE_EM_07415,REG_서귀포시_색달동,OCCURRED_IN_REGION
AE_FIRE_EM_07416,REG_서귀포시_안덕면,OCCURRED_IN_REGION
AE_FIRE_EM_07417,REG_제주시_이호이동,OCCURRED_IN_REGION
AE_FIRE_EM_07418,REG_서귀포시_표선면,OCCURRED_IN_REGION
AE_FIRE_EM_07419,REG_서귀포시_성산읍,OCCURRED_IN_REGION
AE_FIRE_EM_07420,REG_제주시_회천동,OCCURRED_IN_REGION
AE_FIRE_EM_07421,REG_서귀포시_서홍동,OCCURRED_IN_REGION
AE_FIRE_EM_07422,REG_서귀포시_표선면,OCCURRED_IN_REGION
AE_FIRE_EM_07423,REG_서귀포시_남원읍,OCCURRED_IN_REGION
AE_FIRE_EM_07424,REG_제주시_용담삼동,OCCURRED_IN_REGION
AE_FIRE_EM_07425,REG_제주시_구좌읍,OCCURRED_IN_REGION
AE_FIRE_EM_07426,REG_제주시_구좌읍,OCCURRED_IN_REGION
AE_FIRE_EM_07427,REG_제주시_조천읍,OCCURRED_IN_REGION
AE_FIRE_EM_07428,REG_제주시_애월읍,OCCURRED_IN_REGION
AE_FIRE_EM_07429,REG_제주시_화북일동,OCCURRED_IN_REGION
AE_FIRE_EM_07430,REG_제주시_노형동,OCCURRED_IN_REGION
AE_FIRE_EM_07431,REG_제주시_애월읍,OCCURRED_IN_REGION
AE_FIRE_EM_07432,REG_제주시_애월읍,OCCURRED_IN_REGION
AE_FIRE_EM_07433,REG_제주시_조천읍,OCCURRED_IN_REGION
AE_FIRE_EM_07434,REG_서귀포시_남원읍,OCCURRED_IN_REGION
AE_FIRE_EM_07435,REG_제주시_이도이동,OCCURRED_IN_REGION
AE_FIRE_EM_07436,REG_서귀포시_서홍동,OCCURRED_IN_REGION
AE_FIRE_EM_07437,REG_서귀포시_서홍동,OCCURRED_IN_REGION
AE_FIRE_EM_07438,REG_서귀포시_서홍동,OCCURRED_IN_REGION
AE_FIRE_EM_07439,REG_제주시_이도이동,OCCURRED_IN_REGION
AE_FIRE_EM_07440,REG_제주시_연동,OCCURRED_IN_REGION
AE_FIRE_EM_07441,REG_서귀포시_서귀동,OCCURRED_IN_REGION
AE_FIRE_EM_07442,REG_서귀포시_강정동,OCCURRED_IN_REGION
AE_FIRE_EM_07443,REG_서귀포시_대정읍,OCCURRED_IN_REGION
AE_FIRE_EM_07444,REG_서귀포시_안덕면,OCCURRED_IN_REGION
AE_FIRE_EM_07445,REG_제주시_용담이동,OCCURRED_IN_REGION
AE_FIRE_EM_07446,REG_제주시_구좌읍,OCCURRED_IN_REGION
AE_FIRE_EM_07447,REG_제주시_한림읍,OCCURRED_IN_REGION
AE_FIRE_EM_07448,REG_제주시_한림읍,OCCURRED_IN_REGION
AE_FIRE_EM_07449,REG_서귀포시_대정읍,OCCURRED_IN_REGION
AE_FIRE_EM_07450,REG_제주시_구좌읍,OCCURRED_IN_REGION
AE_FIRE_EM_07451,REG_서귀포시_성산읍,OCCURRED_IN_REGION
AE_FIRE_EM_07452,REG_제주시_애월읍,OCCURRED_IN_REGION
AE_FIRE_EM_07453,REG_서귀포시_하예동,OCCURRED_IN_REGION
AE_FIRE_EM_07454,REG_제주시_우도면,OCCURRED_IN_REGION
AE_FIRE_EM_07455,REG_서귀포시_토평동,OCCURRED_IN_REGION
AE_FIRE_EM_07456,REG_서귀포시_표선면,OCCURRED_IN_REGION
AE_FIRE_EM_07457,REG_서귀포시_표선면,OCCURRED_IN_REGION
AE_FIRE_EM_07458,REG_서귀포시_색달동,OCCURRED_IN_REGION
AE_FIRE_EM_07459,REG_제주시_한림읍,OCCURRED_IN_REGION
AE_FIRE_EM_07460,REG_서귀포시_하원동,OCCURRED_IN_REGION
AE_FIRE_EM_07461,REG_제주시_애월읍,OCCURRED_IN_REGION
AE_FIRE_EM_07462,REG_서귀포시_대정읍,OCCURRED_IN_REGION
AE_FIRE_EM_07463,REG_서귀포시_영남동,OCCURRED_IN_REGION
AE_FIRE_EM_07464,REG_서귀포시_서귀동,OCCURRED_IN_REGION
AE_FIRE_EM_07465,REG_제주시_한경면,OCCURRED_IN_REGION
AE_FIRE_EM_07466,REG_서귀포시_표선면,OCCURRED_IN_REGION
AE_FIRE_EM_07467,REG_서귀포시_동홍동,OCCURRED_IN_REGION
AE_FIRE_EM_07468,REG_제주시_구좌읍,OCCURRED_IN_REGION
AE_FIRE_EM_07469,REG_제주시_해안동,OCCURRED_IN_REGION
AE_FIRE_EM_07470,REG_제주시_연동,OCCURRED_IN_REGION
AE_FIRE_EM_07471,REG_서귀포시_법환동,OCCURRED_IN_REGION
AE_FIRE_EM_07472,REG_서귀포시_서호동,OCCURRED_IN_REGION
AE_FIRE_EM_07473,REG_제주시_애월읍,OCCURRED_IN_REGION
AE_FIRE_EM_07474,REG_제주시_용담이동,OCCURRED_IN_REGION
AE_FIRE_EM_07475,REG_제주시_조천읍,OCCURRED_IN_REGION
AE_FIRE_EM_07476,REG_서귀포시_토평동,OCCURRED_IN_REGION
AE_FIRE_EM_07477,REG_서귀포시_대정읍,OCCURRED_IN_REGION
AE_FIRE_EM_07478,REG_서귀포시_안덕면,OCCURRED_IN_REGION
AE_FIRE_EM_07479,REG_제주시_일도일동,OCCURRED_IN_REGION
AE_FIRE_EM_07480,REG_서귀포시_성산읍,OCCURRED_IN_REGION
AE_FIRE_EM_07481,REG_서귀포시_성산읍,OCCURRED_IN_REGION
AE_FIRE_EM_07482,REG_제주시_한림읍,OCCURRED_IN_REGION
AE_FIRE_EM_07483,REG_서귀포시_강정동,OCCURRED_IN_REGION
AE_FIRE_EM_07484,REG_제주시_구좌읍,OCCURRED_IN_REGION
AE_FIRE_EM_07485,REG_제주시_연동,OCCURRED_IN_REGION
AE_FIRE_EM_07486,REG_제주시_연동,OCCURRED_IN_REGION
AE_FIRE_EM_07487,REG_서귀포시_상예동,OCCURRED_IN_REGION
AE_FIRE_EM_07488,REG_서귀포시_색달동,OCCURRED_IN_REGION
AE_FIRE_EM_07489,REG_서귀포시_남원읍,OCCURRED_IN_REGION
AE_FIRE_EM_07490,REG_제주시_삼도이동,OCCURRED_IN_REGION
AE_FIRE_EM_07491,REG_제주시_조천읍,OCCURRED_IN_REGION
AE_FIRE_EM_07492,REG_제주시_이호이동,OCCURRED_IN_REGION
AE_FIRE_EM_07493,REG_제주시_우도면,OCCURRED_IN_REGION
AE_FIRE_EM_07494,REG_서귀포시_안덕면,OCCURRED_IN_REGION
AE_FIRE_EM_07495,REG_서귀포시_안덕면,OCCURRED_IN_REGION
AE_FIRE_EM_07496,REG_서귀포시_안덕면,OCCURRED_IN_REGION
AE_FIRE_EM_07497,REG_서귀포시_안덕면,OCCURRED_IN_REGION
AE_FIRE_EM_07498,REG_서귀포시_안덕면,OCCURRED_IN_REGION
AE_FIRE_EM_07499,REG_제주시_우도면,OCCURRED_IN_REGION
AE_FIRE_EM_07500,REG_제주시_조천읍,OCCURRED_IN_REGION
AE_FIRE_EM_07501,REG_제주시_구좌읍,OCCURRED_IN_REGION
AE_FIRE_EM_07502,REG_서귀포시_성산읍,OCCURRED_IN_REGION
AE_FIRE_EM_07503,REG_서귀포시_성산읍,OCCURRED_IN_REGION
AE_FIRE_EM_07504,REG_제주시_노형동,OCCURRED_IN_REGION
AE_FIRE_EM_07505,REG_서귀포시_성산읍,OCCURRED_IN_REGION
AE_FIRE_EM_07506,REG_제주시_용담이동,OCCURRED_IN_REGION
AE_FIRE_EM_07507,REG_제주시_애월읍,OCCURRED_IN_REGION
AE_FIRE_EM_07508,REG_서귀포시_남원읍,OCCURRED_IN_REGION
AE_FIRE_EM_07509,REG_서귀포시_대정읍,OCCURRED_IN_REGION
AE_FIRE_EM_07510,REG_서귀포시_대정읍,OCCURRED_IN_REGION
AE_FIRE_EM_07511,REG_서귀포시_호근동,OCCURRED_IN_REGION
AE_FIRE_EM_07512,REG_서귀포시_서귀동,OCCURRED_IN_REGION
AE_FIRE_EM_07513,REG_서귀포시_색달동,OCCURRED_IN_REGION
AE_FIRE_EM_07514,REG_제주시_오등동,OCCURRED_IN_REGION
AE_FIRE_EM_07515,REG_서귀포시_서귀동,OCCURRED_IN_REGION
AE_FIRE_EM_07516,REG_서귀포시_성산읍,OCCURRED_IN_REGION
AE_FIRE_EM_07517,REG_서귀포시_서호동,OCCURRED_IN_REGION
AE_FIRE_EM_07518,REG_서귀포시_대정읍,OCCURRED_IN_REGION
AE_FIRE_EM_07519,REG_제주시_용담일동,OCCURRED_IN_REGION
AE_FIRE_EM_07520,REG_제주시_추자면,OCCURRED_IN_REGION
AE_FIRE_EM_07521,REG_제주시_한림읍,OCCURRED_IN_REGION
AE_FIRE_EM_07522,REG_서귀포시_대정읍,OCCURRED_IN_REGION
AE_FIRE_EM_07523,REG_제주시_이호이동,OCCURRED_IN_REGION
AE_FIRE_EM_07524,REG_서귀포시_표선면,OCCURRED_IN_REGION
AE_FIRE_EM_07525,REG_서귀포시_남원읍,OCCURRED_IN_REGION
AE_FIRE_EM_07526,REG_제주시_한경면,OCCURRED_IN_REGION
AE_FIRE_EM_07527,REG_제주시_도련일동,OCCURRED_IN_REGION
AE_FIRE_EM_07528,REG_제주시_한림읍,OCCURRED_IN_REGION
AE_FIRE_EM_07529,REG_제주시_용담이동,OCCURRED_IN_REGION
AE_FIRE_EM_07530,REG_제주시_용담이동,OCCURRED_IN_REGION
AE_FIRE_EM_07531,REG_제주시_오라일동,OCCURRED_IN_REGION
AE_FIRE_EM_07532,REG_제주시_오라이동,OCCURRED_IN_REGION
AE_FIRE_EM_07533,REG_서귀포시_강정동,OCCURRED_IN_REGION
AE_FIRE_EM_07534,REG_서귀포시_대정읍,OCCURRED_IN_REGION
AE_FIRE_EM_07535,REG_서귀포시_안덕면,OCCURRED_IN_REGION
AE_FIRE_EM_07536,REG_서귀포시_안덕면,OCCURRED_IN_REGION
AE_FIRE_EM_07537,REG_서귀포시_토평동,OCCURRED_IN_REGION
AE_FIRE_EM_07538,REG_제주시_삼도이동,OCCURRED_IN_REGION
AE_FIRE_EM_07539,REG_제주시_삼도일동,OCCURRED_IN_REGION
AE_FIRE_EM_07540,REG_제주시_해안동,OCCURRED_IN_REGION
AE_FIRE_EM_07541,REG_제주시_애월읍,OCCURRED_IN_REGION
AE_FIRE_EM_07542,REG_제주시_추자면,OCCURRED_IN_REGION
AE_FIRE_EM_07543,REG_서귀포시_남원읍,OCCURRED_IN_REGION
AE_FIRE_EM_07544,REG_서귀포시_대정읍,OCCURRED_IN_REGION
AE_FIRE_EM_07545,REG_서귀포시_안덕면,OCCURRED_IN_REGION
AE_FIRE_EM_07546,REG_서귀포시_대정읍,OCCURRED_IN_REGION
AE_FIRE_EM_07547,REG_서귀포시_서귀동,OCCURRED_IN_REGION
AE_FIRE_EM_07548,REG_서귀포시_성산읍,OCCURRED_IN_REGION
AE_FIRE_EM_07549,REG_제주시_한림읍,OCCURRED_IN_REGION
AE_FIRE_EM_07550,REG_제주시_애월읍,OCCURRED_IN_REGION
AE_FIRE_EM_07551,REG_서귀포시_대정읍,OCCURRED_IN_REGION
AE_FIRE_EM_07552,REG_제주시_일도이동,OCCURRED_IN_REGION
AE_FIRE_EM_07553,REG_서귀포시_색달동,OCCURRED_IN_REGION
AE_FIRE_EM_07554,REG_제주시_애월읍,OCCURRED_IN_REGION
AE_FIRE_EM_07555,REG_제주시_애월읍,OCCURRED_IN_REGION
AE_FIRE_EM_07556,REG_서귀포시_안덕면,OCCURRED_IN_REGION
AE_FIRE_EM_07557,REG_제주시_삼양일동,OCCURRED_IN_REGION
AE_FIRE_EM_07558,REG_제주시_구좌읍,OCCURRED_IN_REGION
AE_FIRE_EM_07559,REG_제주시_조천읍,OCCURRED_IN_REGION
AE_FIRE_EM_07560,REG_서귀포시_대포동,OCCURRED_IN_REGION
AE_FIRE_EM_07561,REG_제주시_애월읍,OCCURRED_IN_REGION
AE_FIRE_EM_07562,REG_서귀포시_표선면,OCCURRED_IN_REGION
AE_FIRE_EM_07563,REG_제주시_조천읍,OCCURRED_IN_REGION
AE_FIRE_EM_07564,REG_제주시_조천읍,OCCURRED_IN_REGION
AE_FIRE_EM_07565,REG_제주시_건입동,OCCURRED_IN_REGION
AE_FIRE_EM_07566,REG_서귀포시_중문동,OCCURRED_IN_REGION
AE_FIRE_EM_07567,REG_서귀포시_남원읍,OCCURRED_IN_REGION
AE_FIRE_EM_07568,REG_제주시_한림읍,OCCURRED_IN_REGION
AE_FIRE_EM_07569,REG_제주시_조천읍,OCCURRED_IN_REGION
AE_FIRE_EM_07570,REG_제주시_이도일동,OCCURRED_IN_REGION
AE_FIRE_EM_07571,REG_제주시_해안동,OCCURRED_IN_REGION
AE_FIRE_EM_07572,REG_제주시_해안동,OCCURRED_IN_REGION
AE_FIRE_EM_07573,REG_서귀포시_성산읍,OCCURRED_IN_REGION
AE_FIRE_EM_07574,REG_서귀포시_서홍동,OCCURRED_IN_REGION
AE_FIRE_EM_07575,REG_제주시_우도면,OCCURRED_IN_REGION
AE_FIRE_EM_07576,REG_서귀포시_상효동,OCCURRED_IN_REGION
AE_FIRE_EM_07577,REG_서귀포시_상효동,OCCURRED_IN_REGION
AE_FIRE_EM_07578,REG_서귀포시_상효동,OCCURRED_IN_REGION
AE_FIRE_EM_07579,REG_제주시_조천읍,OCCURRED_IN_REGION
AE_FIRE_EM_07580,REG_제주시_조천읍,OCCURRED_IN_REGION
AE_FIRE_EM_07581,REG_서귀포시_성산읍,OCCURRED_IN_REGION
AE_FIRE_EM_07582,REG_서귀포시_서호동,OCCURRED_IN_REGION
AE_FIRE_EM_07583,REG_서귀포시_안덕면,OCCURRED_IN_REGION
AE_FIRE_EM_07584,REG_제주시_구좌읍,OCCURRED_IN_REGION
AE_FIRE_EM_07585,REG_제주시_연동,OCCURRED_IN_REGION
AE_FIRE_EM_07586,REG_제주시_연동,OCCURRED_IN_REGION
AE_FIRE_EM_07587,REG_서귀포시_대포동,OCCURRED_IN_REGION
AE_FIRE_EM_07588,REG_서귀포시_남원읍,OCCURRED_IN_REGION
AE_FIRE_EM_07589,REG_서귀포시_서호동,OCCURRED_IN_REGION
AE_FIRE_EM_07590,REG_서귀포시_영남동,OCCURRED_IN_REGION
AE_FIRE_EM_07591,REG_제주시_애월읍,OCCURRED_IN_REGION
AE_FIRE_EM_07592,REG_제주시_애월읍,OCCURRED_IN_REGION
AE_FIRE_EM_07593,REG_제주시_이도이동,OCCURRED_IN_REGION
AE_FIRE_EM_07594,REG_제주시_연동,OCCURRED_IN_REGION
AE_FIRE_EM_07595,REG_제주시_연동,OCCURRED_IN_REGION
AE_FIRE_EM_07596,REG_제주시_봉개동,OCCURRED_IN_REGION
AE_FIRE_EM_07597,REG_제주시_한림읍,OCCURRED_IN_REGION
AE_FIRE_EM_07598,REG_제주시_연동,OCCURRED_IN_REGION
AE_FIRE_EM_07599,REG_제주시_조천읍,OCCURRED_IN_REGION
AE_FIRE_EM_07600,REG_제주시_애월읍,OCCURRED_IN_REGION
AE_FIRE_EM_07601,REG_서귀포시_성산읍,OCCURRED_IN_REGION
AE_FIRE_EM_07602,REG_제주시_구좌읍,OCCURRED_IN_REGION
AE_FIRE_EM_07603,REG_제주시_화북이동,OCCURRED_IN_REGION
AE_FIRE_EM_07604,REG_서귀포시_서귀동,OCCURRED_IN_REGION
AE_FIRE_EM_07605,REG_제주시_조천읍,OCCURRED_IN_REGION
AE_FIRE_EM_07606,REG_제주시_조천읍,OCCURRED_IN_REGION
AE_FIRE_EM_07607,REG_제주시_도련이동,OCCURRED_IN_REGION
AE_FIRE_EM_07608,REG_제주시_이도이동,OCCURRED_IN_REGION
AE_FIRE_EM_07609,REG_서귀포시_상예동,OCCURRED_IN_REGION
AE_FIRE_EM_07610,REG_서귀포시_표선면,OCCURRED_IN_REGION
AE_FIRE_EM_07611,REG_서귀포시_표선면,OCCURRED_IN_REGION
AE_FIRE_EM_07612,REG_서귀포시_표선면,OCCURRED_IN_REGION
AE_FIRE_EM_07613,REG_서귀포시_서귀동,OCCURRED_IN_REGION
AE_FIRE_EM_07614,REG_서귀포시_표선면,OCCURRED_IN_REGION
AE_FIRE_EM_07615,REG_서귀포시_표선면,OCCURRED_IN_REGION
AE_FIRE_EM_07616,REG_제주시_애월읍,OCCURRED_IN_REGION
AE_FIRE_EM_07617,REG_서귀포시_안덕면,OCCURRED_IN_REGION
AE_FIRE_EM_07618,REG_제주시_한림읍,OCCURRED_IN_REGION
AE_FIRE_EM_07619,REG_제주시_연동,OCCURRED_IN_REGION
AE_FIRE_EM_07620,REG_제주시_해안동,OCCURRED_IN_REGION
AE_FIRE_EM_07621,REG_제주시_도두일동,OCCURRED_IN_REGION
AE_FIRE_EM_07622,REG_서귀포시_대포동,OCCURRED_IN_REGION
AE_FIRE_EM_07623,REG_서귀포시_남원읍,OCCURRED_IN_REGION
AE_FIRE_EM_07624,REG_서귀포시_토평동,OCCURRED_IN_REGION
AE_FIRE_EM_07625,REG_제주시_한림읍,OCCURRED_IN_REGION
AE_FIRE_EM_07626,REG_제주시_한림읍,OCCURRED_IN_REGION
AE_FIRE_EM_07627,REG_제주시_해안동,OCCURRED_IN_REGION
AE_FIRE_EM_07628,REG_제주시_애월읍,OCCURRED_IN_REGION
AE_FIRE_EM_07629,REG_서귀포시_대정읍,OCCURRED_IN_REGION
AE_FIRE_EM_07630,REG_제주시_삼도일동,OCCURRED_IN_REGION
AE_FIRE_EM_07631,REG_제주시_연동,OCCURRED_IN_REGION
AE_FIRE_EM_07632,REG_서귀포시_성산읍,OCCURRED_IN_REGION
AE_FIRE_EM_07633,REG_서귀포시_성산읍,OCCURRED_IN_REGION
AE_FIRE_EM_07634,REG_제주시_우도면,OCCURRED_IN_REGION
AE_FIRE_EM_07635,REG_제주시_아라일동,OCCURRED_IN_REGION
AE_FIRE_EM_07636,REG_제주시_아라일동,OCCURRED_IN_REGION
AE_FIRE_EM_07637,REG_제주시_이도이동,OCCURRED_IN_REGION
AE_FIRE_EM_07638,REG_제주시_오등동,OCCURRED_IN_REGION
AE_FIRE_EM_07639,REG_제주시_오등동,OCCURRED_IN_REGION
AE_FIRE_EM_07640,REG_제주시_삼도이동,OCCURRED_IN_REGION
AE_FIRE_EM_07641,REG_제주시_용담이동,OCCURRED_IN_REGION
AE_FIRE_EM_07642,REG_제주시_용담삼동,OCCURRED_IN_REGION
AE_FIRE_EM_07643,REG_제주시_오라일동,OCCURRED_IN_REGION
AE_FIRE_EM_07644,REG_제주시_용담이동,OCCURRED_IN_REGION
AE_FIRE_EM_07645,REG_제주시_용담이동,OCCURRED_IN_REGION
AE_FIRE_EM_07646,REG_제주시_도남동,OCCURRED_IN_REGION
AE_FIRE_EM_07647,REG_제주시_오라일동,OCCURRED_IN_REGION
AE_FIRE_EM_07648,REG_제주시_용담삼동,OCCURRED_IN_REGION
AE_FIRE_EM_07649,REG_제주시_연동,OCCURRED_IN_REGION
AE_FIRE_EM_07650,REG_제주시_연동,OCCURRED_IN_REGION
AE_FIRE_EM_07651,REG_제주시_연동,OCCURRED_IN_REGION
AE_FIRE_EM_07652,REG_제주시_연동,OCCURRED_IN_REGION
AE_FIRE_EM_07653,REG_제주시_연동,OCCURRED_IN_REGION
AE_FIRE_EM_07654,REG_제주시_연동,OCCURRED_IN_REGION
AE_FIRE_EM_07655,REG_제주시_조천읍,OCCURRED_IN_REGION
AE_FIRE_EM_07656,REG_제주시_회천동,OCCURRED_IN_REGION
AE_FIRE_EM_07657,REG_제주시_구좌읍,OCCURRED_IN_REGION
AE_FIRE_EM_07658,REG_서귀포시_성산읍,OCCURRED_IN_REGION
AE_FIRE_EM_07659,REG_제주시_조천읍,OCCURRED_IN_REGION
AE_FIRE_EM_07660,REG_제주시_조천읍,OCCURRED_IN_REGION
AE_FIRE_EM_07661,REG_제주시_노형동,OCCURRED_IN_REGION
AE_FIRE_EM_07662,REG_제주시_해안동,OCCURRED_IN_REGION
AE_FIRE_EM_07663,REG_제주시_애월읍,OCCURRED_IN_REGION
AE_FIRE_EM_07664,REG_제주시_연동,OCCURRED_IN_REGION
AE_FIRE_EM_07665,REG_제주시_연동,OCCURRED_IN_REGION
AE_FIRE_EM_07666,REG_제주시_애월읍,OCCURRED_IN_REGION
AE_FIRE_EM_07667,REG_제주시_노형동,OCCURRED_IN_REGION
AE_FIRE_EM_07668,REG_제주시_노형동,OCCURRED_IN_REGION
AE_FIRE_EM_07669,REG_제주시_도두이동,OCCURRED_IN_REGION
AE_FIRE_EM_07670,REG_제주시_도두일동,OCCURRED_IN_REGION
AE_FIRE_EM_07671,REG_제주시_애월읍,OCCURRED_IN_REGION
AE_FIRE_EM_07672,REG_제주시_애월읍,OCCURRED_IN_REGION
AE_FIRE_EM_07673,REG_제주시_외도이동,OCCURRED_IN_REGION
AE_FIRE_EM_07674,REG_제주시_봉개동,OCCURRED_IN_REGION
AE_FIRE_EM_07675,REG_제주시_오등동,OCCURRED_IN_REGION
AE_FIRE_EM_07676,REG_제주시_추자면,OCCURRED_IN_REGION
AE_FIRE_EM_07677,REG_서귀포시_서귀동,OCCURRED_IN_REGION
AE_FIRE_EM_07678,REG_서귀포시_신효동,OCCURRED_IN_REGION
AE_FIRE_EM_07679,REG_서귀포시_서귀동,OCCURRED_IN_REGION
AE_FIRE_EM_07680,REG_서귀포시_서귀동,OCCURRED_IN_REGION
AE_FIRE_EM_07681,REG_서귀포시_서귀동,OCCURRED_IN_REGION
AE_FIRE_EM_07682,REG_서귀포시_회수동,OCCURRED_IN_REGION
AE_FIRE_EM_07683,REG_서귀포시_중문동,OCCURRED_IN_REGION
AE_FIRE_EM_07684,REG_서귀포시_중문동,OCCURRED_IN_REGION
AE_FIRE_EM_07685,REG_서귀포시_중문동,OCCURRED_IN_REGION
AE_FIRE_EM_07686,REG_서귀포시_하예동,OCCURRED_IN_REGION
AE_FIRE_EM_07687,REG_서귀포시_색달동,OCCURRED_IN_REGION
AE_FIRE_EM_07688,REG_서귀포시_대포동,OCCURRED_IN_REGION
AE_FIRE_EM_07689,REG_서귀포시_색달동,OCCURRED_IN_REGION
AE_FIRE_EM_07690,REG_서귀포시_하예동,OCCURRED_IN_REGION
AE_FIRE_EM_07691,REG_서귀포시_하원동,OCCURRED_IN_REGION
AE_FIRE_EM_07692,REG_서귀포시_색달동,OCCURRED_IN_REGION
AE_FIRE_EM_07693,REG_서귀포시_색달동,OCCURRED_IN_REGION
AE_FIRE_EM_07694,REG_서귀포시_안덕면,OCCURRED_IN_REGION
AE_FIRE_EM_07695,REG_서귀포시_성산읍,OCCURRED_IN_REGION
AE_FIRE_EM_07696,REG_제주시_구좌읍,OCCURRED_IN_REGION
AE_FIRE_EM_07697,REG_서귀포시_성산읍,OCCURRED_IN_REGION
AE_FIRE_EM_07698,REG_서귀포시_성산읍,OCCURRED_IN_REGION
AE_FIRE_EM_07699,REG_서귀포시_성산읍,OCCURRED_IN_REGION
AE_FIRE_EM_07700,REG_서귀포시_성산읍,OCCURRED_IN_REGION
AE_FIRE_EM_07701,REG_서귀포시_성산읍,OCCURRED_IN_REGION
AE_FIRE_EM_07702,REG_서귀포시_성산읍,OCCURRED_IN_REGION
AE_FIRE_EM_07703,REG_서귀포시_표선면,OCCURRED_IN_REGION
AE_FIRE_EM_07704,REG_서귀포시_성산읍,OCCURRED_IN_REGION
AE_FIRE_EM_07705,REG_서귀포시_표선면,OCCURRED_IN_REGION
AE_FIRE_EM_07706,REG_서귀포시_남원읍,OCCURRED_IN_REGION
AE_FIRE_EM_07707,REG_서귀포시_남원읍,OCCURRED_IN_REGION
AE_FIRE_EM_07708,REG_서귀포시_남원읍,OCCURRED_IN_REGION
AE_FIRE_EM_07709,REG_서귀포시_남원읍,OCCURRED_IN_REGION
AE_FIRE_EM_07710,REG_서귀포시_상효동,OCCURRED_IN_REGION
AE_FIRE_EM_07711,REG_서귀포시_토평동,OCCURRED_IN_REGION
AE_FIRE_EM_07712,REG_서귀포시_토평동,OCCURRED_IN_REGION
AE_FIRE_EM_07713,REG_서귀포시_남원읍,OCCURRED_IN_REGION
AE_FIRE_EM_07714,REG_서귀포시_색달동,OCCURRED_IN_REGION
AE_FIRE_EM_07715,REG_서귀포시_법환동,OCCURRED_IN_REGION
AE_FIRE_EM_07716,REG_서귀포시_법환동,OCCURRED_IN_REGION
AE_FIRE_EM_07717,REG_서귀포시_법환동,OCCURRED_IN_REGION
AE_FIRE_EM_07718,REG_서귀포시_강정동,OCCURRED_IN_REGION
AE_FIRE_EM_07719,REG_서귀포시_법환동,OCCURRED_IN_REGION
AE_FIRE_EM_07720,REG_제주시_구좌읍,OCCURRED_IN_REGION
AE_FIRE_EM_07721,REG_서귀포시_표선면,OCCURRED_IN_REGION
AE_FIRE_EM_07722,REG_서귀포시_표선면,OCCURRED_IN_REGION
AE_FIRE_EM_07723,REG_제주시_한경면,OCCURRED_IN_REGION
AE_FIRE_EM_07724,REG_제주시_한림읍,OCCURRED_IN_REGION
AE_FIRE_EM_07725,REG_제주시_한림읍,OCCURRED_IN_REGION
AE_FIRE_EM_07726,REG_제주시_한림읍,OCCURRED_IN_REGION
AE_FIRE_EM_07727,REG_제주시_한경면,OCCURRED_IN_REGION
AE_FIRE_EM_07728,REG_제주시_한림읍,OCCURRED_IN_REGION
AE_FIRE_EM_07729,REG_제주시_한림읍,OCCURRED_IN_REGION
AE_FIRE_EM_07730,REG_제주시_한림읍,OCCURRED_IN_REGION
AE_FIRE_EM_07731,REG_제주시_한림읍,OCCURRED_IN_REGION
AE_FIRE_EM_07732,REG_제주시_한림읍,OCCURRED_IN_REGION
AE_FIRE_EM_07733,REG_제주시_한림읍,OCCURRED_IN_REGION
AE_FIRE_EM_07734,REG_제주시_한경면,OCCURRED_IN_REGION
AE_FIRE_EM_07735,REG_제주시_애월읍,OCCURRED_IN_REGION
AE_FIRE_EM_07736,REG_제주시_애월읍,OCCURRED_IN_REGION
AE_FIRE_EM_07737,REG_제주시_애월읍,OCCURRED_IN_REGION
AE_FIRE_EM_07738,REG_제주시_애월읍,OCCURRED_IN_REGION
AE_FIRE_EM_07739,REG_제주시_애월읍,OCCURRED_IN_REGION
AE_FIRE_EM_07740,REG_제주시_애월읍,OCCURRED_IN_REGION
AE_FIRE_EM_07741,REG_제주시_애월읍,OCCURRED_IN_REGION
AE_FIRE_EM_07742,REG_제주시_애월읍,OCCURRED_IN_REGION
AE_FIRE_EM_07743,REG_제주시_애월읍,OCCURRED_IN_REGION
AE_FIRE_EM_07744,REG_제주시_외도이동,OCCURRED_IN_REGION
AE_FIRE_EM_07745,REG_제주시_한림읍,OCCURRED_IN_REGION
AE_FIRE_EM_07746,REG_제주시_한림읍,OCCURRED_IN_REGION
AE_FIRE_EM_07747,REG_제주시_한림읍,OCCURRED_IN_REGION
AE_FIRE_EM_07748,REG_제주시_한경면,OCCURRED_IN_REGION
AE_FIRE_EM_07749,REG_서귀포시_대정읍,OCCURRED_IN_REGION
AE_FIRE_EM_07750,REG_서귀포시_대정읍,OCCURRED_IN_REGION
AE_FIRE_EM_07751,REG_서귀포시_대정읍,OCCURRED_IN_REGION
AE_FIRE_EM_07752,REG_서귀포시_안덕면,OCCURRED_IN_REGION
AE_FIRE_EM_07753,REG_서귀포시_안덕면,OCCURRED_IN_REGION
AE_FIRE_EM_07754,REG_서귀포시_대정읍,OCCURRED_IN_REGION
AE_FIRE_EM_07755,REG_서귀포시_안덕면,OCCURRED_IN_REGION
AE_FIRE_EM_07756,REG_서귀포시_안덕면,OCCURRED_IN_REGION
AE_FIRE_EM_07757,REG_서귀포시_안덕면,OCCURRED_IN_REGION
AE_FIRE_EM_07758,REG_서귀포시_안덕면,OCCURRED_IN_REGION
AE_FIRE_EM_07759,REG_서귀포시_안덕면,OCCURRED_IN_REGION
AE_FIRE_EM_07760,REG_서귀포시_안덕면,OCCURRED_IN_REGION
AE_FIRE_EM_07761,REG_제주시_한림읍,OCCURRED_IN_REGION
AE_FIRE_EM_07762,REG_서귀포시_안덕면,OCCURRED_IN_REGION
AE_FIRE_EM_07763,REG_서귀포시_남원읍,OCCURRED_IN_REGION
AE_FIRE_EM_07764,REG_서귀포시_색달동,OCCURRED_IN_REGION
AE_FIRE_EM_07765,REG_제주시_연동,OCCURRED_IN_REGION
AE_FIRE_EM_07766,REG_제주시_용담일동,OCCURRED_IN_REGION
AE_FIRE_EM_07767,REG_제주시_오등동,OCCURRED_IN_REGION
AE_FIRE_EM_07768,REG_제주시_용강동,OCCURRED_IN_REGION
AE_FIRE_EM_07769,REG_제주시_구좌읍,OCCURRED_IN_REGION
AE_FIRE_EM_07770,REG_제주시_한림읍,OCCURRED_IN_REGION
