risk_id,placeId,relationship
RP_WIND_01,P004,APPLIES_TO
RP_WIND_01,P005,APPLIES_TO
RP_WIND_01,P006,APPLIES_TO
RP_WIND_01,P008,APPLIES_TO
RP_WIND_01,P010,APPLIES_TO
RP_WIND_01,P011,APPLIES_TO
RP_WIND_01,P012,APPLIES_TO
RP_WIND_01,P013,APPLIES_TO
RP_WIND_01,P022,APPLIES_TO
RP_WIND_01,P026,APPLIES_TO
RP_WIND_01,P028,APPLIES_TO
RP_WIND_01,P030,APPLIES_TO
RP_WIND_01,P035,APPLIES_TO
RP_WIND_01,P036,APPLIES_TO
RP_WIND_01,P038,APPLIES_TO
RP_WIND_01,P049,APPLIES_TO
RP_WIND_01,P051,APPLIES_TO
RP_WIND_01,P053,APPLIES_TO
RP_WIND_01,P055,APPLIES_TO
RP_WIND_01,P060,APPLIES_TO
RP_WIND_01,P066,APPLIES_TO
RP_WIND_01,P085,APPLIES_TO
RP_WIND_01,P094,APPLIES_TO
RP_WIND_01,P099,APPLIES_TO
RP_WIND_01,P102,APPLIES_TO
RP_WIND_01,P104,APPLIES_TO
RP_WIND_01,P118,APPLIES_TO
RP_WIND_01,P125,APPLIES_TO
RP_WIND_01,P126,APPLIES_TO
RP_WIND_01,P129,APPLIES_TO
RP_WIND_01,P130,APPLIES_TO
RP_WIND_01,P139,APPLIES_TO
RP_WIND_01,P145,APPLIES_TO
RP_WIND_01,P146,APPLIES_TO
RP_WIND_01,P162,APPLIES_TO
RP_WIND_01,P165,APPLIES_TO
RP_WIND_01,P171,APPLIES_TO
RP_WIND_01,P172,APPLIES_TO
RP_WIND_01,P173,APPLIES_TO
RP_WIND_01,P184,APPLIES_TO
RP_WIND_01,P189,APPLIES_TO
RP_WIND_01,P191,APPLIES_TO
RP_WIND_01,P195,APPLIES_TO
RP_WIND_01,P201,APPLIES_TO
RP_WIND_01,P204,APPLIES_TO
RP_WIND_01,P207,APPLIES_TO
RP_WIND_01,P215,APPLIES_TO
RP_WIND_01,P216,APPLIES_TO
RP_WIND_01,P218,APPLIES_TO
RP_WIND_01,P220,APPLIES_TO
RP_WIND_01,P223,APPLIES_TO
RP_WIND_01,P224,APPLIES_TO
RP_WIND_01,P227,APPLIES_TO
RP_WIND_01,P228,APPLIES_TO
RP_WIND_01,P233,APPLIES_TO
RP_WIND_01,P238,APPLIES_TO
RP_WIND_01,P240,APPLIES_TO
RP_WIND_01,P245,APPLIES_TO
RP_WIND_01,P247,APPLIES_TO
RP_WIND_01,P250,APPLIES_TO
RP_WIND_01,P252,APPLIES_TO
RP_WIND_01,P255,APPLIES_TO
RP_WIND_01,P257,APPLIES_TO
RP_WIND_01,P260,APPLIES_TO
RP_WIND_01,P262,APPLIES_TO
RP_WIND_01,P267,APPLIES_TO
RP_WIND_01,P268,APPLIES_TO
RP_WIND_01,P272,APPLIES_TO
RP_WIND_01,P276,APPLIES_TO
RP_WIND_01,P279,APPLIES_TO
RP_WIND_01,P281,APPLIES_TO
RP_WIND_01,P284,APPLIES_TO
RP_WIND_01,P287,APPLIES_TO
RP_WIND_01,P300,APPLIES_TO
RP_WIND_01,P304,APPLIES_TO
RP_WIND_01,P307,APPLIES_TO
RP_WIND_01,P309,APPLIES_TO
RP_WIND_01,P312,APPLIES_TO
RP_WIND_01,P313,APPLIES_TO
RP_WIND_01,P316,APPLIES_TO
RP_WIND_01,P318,APPLIES_TO
RP_WIND_01,P319,APPLIES_TO
RP_WIND_01,P321,APPLIES_TO
RP_WIND_01,P322,APPLIES_TO
RP_WIND_01,P323,APPLIES_TO
RP_WIND_01,P325,APPLIES_TO
RP_WIND_01,P326,APPLIES_TO
RP_WIND_01,P329,APPLIES_TO
RP_WIND_01,P332,APPLIES_TO
RP_WIND_01,P334,APPLIES_TO
RP_WIND_01,P336,APPLIES_TO
RP_WIND_01,P340,APPLIES_TO
RP_WIND_01,P341,APPLIES_TO
RP_WIND_01,P350,APPLIES_TO
RP_WIND_01,P351,APPLIES_TO
RP_WIND_01,P353,APPLIES_TO
RP_WIND_01,P357,APPLIES_TO
RP_WIND_01,P358,APPLIES_TO
RP_WIND_01,P359,APPLIES_TO
RP_WIND_01,P362,APPLIES_TO
RP_WIND_01,P366,APPLIES_TO
RP_WIND_01,P367,APPLIES_TO
RP_WIND_01,P372,APPLIES_TO
RP_WIND_01,P373,APPLIES_TO
RP_WIND_01,P374,APPLIES_TO
RP_WIND_01,P379,APPLIES_TO
RP_WIND_01,P390,APPLIES_TO
RP_WIND_01,P391,APPLIES_TO
RP_WIND_01,P392,APPLIES_TO
RP_WIND_01,P398,APPLIES_TO
RP_WIND_01,P399,APPLIES_TO
RP_WIND_01,P404,APPLIES_TO
RP_WIND_01,P406,APPLIES_TO
RP_WIND_01,P407,APPLIES_TO
RP_WIND_01,P410,APPLIES_TO
RP_WIND_01,P411,APPLIES_TO
RP_WIND_01,P414,APPLIES_TO
RP_WIND_01,P415,APPLIES_TO
RP_WIND_01,P416,APPLIES_TO
RP_WIND_01,P417,APPLIES_TO
RP_WIND_01,P424,APPLIES_TO
RP_WIND_01,P429,APPLIES_TO
RP_WIND_01,P431,APPLIES_TO
RP_WIND_01,P432,APPLIES_TO
RP_WIND_01,P436,APPLIES_TO
RP_WIND_01,P437,APPLIES_TO
RP_WIND_01,P438,APPLIES_TO
RP_WIND_01,P440,APPLIES_TO
RP_WIND_01,P442,APPLIES_TO
RP_WIND_01,P443,APPLIES_TO
RP_WIND_01,P449,APPLIES_TO
RP_WIND_01,P452,APPLIES_TO
RP_WIND_01,P456,APPLIES_TO
RP_WIND_01,P458,APPLIES_TO
RP_WIND_01,P460,APPLIES_TO
RP_WIND_01,P466,APPLIES_TO
RP_WIND_01,P467,APPLIES_TO
RP_WIND_01,P476,APPLIES_TO
RP_WIND_01,P478,APPLIES_TO
RP_WIND_01,P479,APPLIES_TO
RP_WIND_01,P483,APPLIES_TO
RP_WIND_01,P485,APPLIES_TO
RP_WIND_01,P486,APPLIES_TO
RP_WIND_01,P487,APPLIES_TO
RP_WIND_01,P488,APPLIES_TO
RP_WIND_01,P489,APPLIES_TO
RP_WIND_01,P490,APPLIES_TO
RP_WIND_01,P491,APPLIES_TO
RP_WIND_01,P493,APPLIES_TO
RP_WIND_01,P497,APPLIES_TO
RP_WIND_01,P498,APPLIES_TO
RP_WIND_01,P501,APPLIES_TO
RP_WIND_01,P503,APPLIES_TO
RP_WIND_01,P505,APPLIES_TO
RP_WIND_01,P506,APPLIES_TO
RP_WIND_01,P509,APPLIES_TO
RP_WIND_01,P510,APPLIES_TO
RP_WIND_01,P513,APPLIES_TO
RP_WIND_01,P520,APPLIES_TO
RP_WIND_01,P523,APPLIES_TO
RP_WIND_01,P534,APPLIES_TO
RP_WIND_01,P536,APPLIES_TO
RP_WIND_01,P537,APPLIES_TO
RP_WIND_01,P539,APPLIES_TO
RP_WIND_01,P541,APPLIES_TO
RP_WIND_01,P546,APPLIES_TO
RP_WIND_01,P549,APPLIES_TO
RP_WIND_01,P550,APPLIES_TO
RP_WIND_01,P552,APPLIES_TO
RP_WIND_01,P554,APPLIES_TO
RP_WIND_01,P555,APPLIES_TO
RP_WIND_01,P557,APPLIES_TO
RP_WIND_01,P558,APPLIES_TO
RP_WIND_01,P560,APPLIES_TO
RP_WIND_01,P561,APPLIES_TO
RP_WIND_01,P562,APPLIES_TO
RP_WIND_01,P566,APPLIES_TO
RP_WIND_01,P567,APPLIES_TO
RP_WIND_01,P568,APPLIES_TO
RP_WIND_01,P572,APPLIES_TO
RP_WIND_01,P577,APPLIES_TO
RP_WIND_01,P578,APPLIES_TO
RP_WIND_01,P580,APPLIES_TO
RP_WIND_01,P581,APPLIES_TO
RP_WIND_01,P584,APPLIES_TO
RP_WIND_01,P594,APPLIES_TO
RP_WIND_01,P596,APPLIES_TO
RP_WIND_01,P600,APPLIES_TO
RP_WIND_01,P601,APPLIES_TO
RP_WIND_01,P602,APPLIES_TO
RP_WIND_01,P604,APPLIES_TO
RP_WIND_01,P605,APPLIES_TO
RP_WIND_01,P606,APPLIES_TO
RP_WIND_01,P607,APPLIES_TO
RP_WIND_01,P608,APPLIES_TO
RP_WIND_01,P609,APPLIES_TO
RP_WIND_01,P610,APPLIES_TO
RP_WIND_01,P611,APPLIES_TO
RP_WIND_01,P612,APPLIES_TO
RP_WIND_01,P613,APPLIES_TO
RP_WIND_01,P615,APPLIES_TO
RP_WIND_01,P616,APPLIES_TO
RP_WIND_01,P619,APPLIES_TO
RP_WIND_01,P620,APPLIES_TO
RP_WIND_01,P621,APPLIES_TO
RP_WIND_01,P622,APPLIES_TO
RP_WIND_01,P623,APPLIES_TO
RP_WIND_01,P624,APPLIES_TO
RP_WIND_01,P627,APPLIES_TO
RP_WIND_01,P628,APPLIES_TO
RP_WIND_01,P630,APPLIES_TO
RP_WIND_01,P631,APPLIES_TO
RP_WIND_01,P632,APPLIES_TO
RP_WIND_01,P633,APPLIES_TO
RP_WIND_01,P634,APPLIES_TO
RP_WIND_01,P636,APPLIES_TO
RP_WIND_01,P739,APPLIES_TO
RP_WIND_01,P740,APPLIES_TO
RP_WIND_01,P741,APPLIES_TO
RP_WIND_01,P742,APPLIES_TO
RP_WIND_01,P744,APPLIES_TO
RP_WIND_01,P745,APPLIES_TO
RP_WIND_01,P746,APPLIES_TO
RP_WIND_01,P747,APPLIES_TO
RP_WIND_01,P748,APPLIES_TO
RP_WIND_01,P749,APPLIES_TO
RP_WIND_01,P750,APPLIES_TO
RP_WIND_01,P751,APPLIES_TO
RP_WIND_01,P752,APPLIES_TO
RP_WIND_01,P753,APPLIES_TO
RP_WIND_01,P754,APPLIES_TO
RP_WIND_01,P755,APPLIES_TO
RP_WIND_01,P756,APPLIES_TO
RP_WIND_01,P757,APPLIES_TO
RP_WIND_01,P758,APPLIES_TO
RP_WIND_01,P759,APPLIES_TO
RP_WIND_01,P760,APPLIES_TO
RP_WIND_01,P761,APPLIES_TO
RP_WIND_01,P762,APPLIES_TO
RP_WIND_01,P763,APPLIES_TO
RP_WIND_01,P764,APPLIES_TO
RP_WIND_01,P765,APPLIES_TO
RP_WIND_01,P766,APPLIES_TO
RP_WIND_01,P767,APPLIES_TO
RP_WIND_01,P768,APPLIES_TO
RP_WIND_01,P769,APPLIES_TO
RP_WIND_01,P770,APPLIES_TO
RP_WIND_01,P771,APPLIES_TO
RP_WIND_01,P772,APPLIES_TO
RP_WIND_01,P773,APPLIES_TO
RP_WIND_01,P774,APPLIES_TO
RP_WIND_01,P775,APPLIES_TO
RP_WIND_01,P776,APPLIES_TO
RP_WIND_01,P777,APPLIES_TO
RP_WIND_01,P778,APPLIES_TO
RP_WIND_01,P779,APPLIES_TO
RP_WIND_01,P780,APPLIES_TO
RP_WIND_01,P781,APPLIES_TO
RP_WIND_01,P782,APPLIES_TO
RP_WIND_01,P783,APPLIES_TO
RP_WIND_01,P784,APPLIES_TO
RP_WIND_01,P785,APPLIES_TO
RP_WIND_01,P786,APPLIES_TO
RP_WIND_01,P787,APPLIES_TO
RP_WIND_01,P788,APPLIES_TO
RP_WIND_01,P789,APPLIES_TO
RP_WIND_01,P790,APPLIES_TO
RP_WIND_01,P791,APPLIES_TO
RP_WIND_01,P792,APPLIES_TO
RP_WIND_01,P793,APPLIES_TO
RP_WIND_01,P794,APPLIES_TO
RP_WIND_01,P795,APPLIES_TO
RP_WIND_01,P796,APPLIES_TO
RP_WIND_01,P797,APPLIES_TO
RP_WIND_01,P798,APPLIES_TO
RP_WIND_01,P859,APPLIES_TO
RP_WIND_01,P860,APPLIES_TO
RP_WIND_01,P861,APPLIES_TO
RP_WIND_01,P862,APPLIES_TO
RP_WIND_01,P863,APPLIES_TO
RP_WIND_01,P864,APPLIES_TO
RP_WIND_01,P865,APPLIES_TO
RP_WIND_01,P866,APPLIES_TO
RP_WIND_01,P867,APPLIES_TO
RP_WIND_01,P868,APPLIES_TO
RP_WIND_01,P869,APPLIES_TO
RP_WIND_01,P870,APPLIES_TO
RP_WIND_01,P871,APPLIES_TO
RP_WIND_01,P872,APPLIES_TO
RP_WIND_01,P873,APPLIES_TO
RP_WIND_01,P874,APPLIES_TO
RP_WIND_01,P875,APPLIES_TO
RP_WIND_01,P876,APPLIES_TO
RP_WIND_01,P877,APPLIES_TO
RP_WIND_01,P878,APPLIES_TO
RP_WIND_01,P879,APPLIES_TO
RP_WIND_01,P880,APPLIES_TO
RP_WIND_01,P881,APPLIES_TO
RP_WIND_01,P882,APPLIES_TO
RP_WIND_01,P883,APPLIES_TO
RP_WIND_01,P884,APPLIES_TO
RP_WIND_01,P885,APPLIES_TO
RP_WIND_01,P886,APPLIES_TO
RP_WIND_01,P887,APPLIES_TO
RP_WIND_01,P888,APPLIES_TO
RP_WIND_01,P889,APPLIES_TO
RP_WIND_01,P890,APPLIES_TO
RP_WIND_01,P891,APPLIES_TO
RP_WIND_01,P892,APPLIES_TO
RP_WIND_01,P893,APPLIES_TO
RP_WIND_01,P894,APPLIES_TO
RP_WIND_01,P895,APPLIES_TO
RP_WIND_01,P896,APPLIES_TO
RP_WIND_01,P897,APPLIES_TO
RP_WIND_01,P898,APPLIES_TO
RP_WIND_01,P899,APPLIES_TO
RP_WIND_01,P900,APPLIES_TO
RP_WIND_01,P901,APPLIES_TO
RP_WIND_01,P902,APPLIES_TO
RP_WIND_01,P903,APPLIES_TO
RP_WIND_01,P904,APPLIES_TO
RP_WIND_01,P905,APPLIES_TO
RP_WIND_01,P906,APPLIES_TO
RP_WIND_01,P907,APPLIES_TO
RP_WIND_01,P908,APPLIES_TO
RP_WIND_01,P909,APPLIES_TO
RP_WIND_01,P910,APPLIES_TO
RP_WIND_01,P911,APPLIES_TO
RP_WIND_01,P912,APPLIES_TO
RP_WIND_01,P913,APPLIES_TO
RP_WIND_01,P914,APPLIES_TO
RP_WIND_01,P915,APPLIES_TO
RP_WIND_01,P916,APPLIES_TO
RP_WIND_01,P917,APPLIES_TO
RP_WIND_01,P918,APPLIES_TO
RP_WIND_01,P919,APPLIES_TO
RP_WIND_01,P920,APPLIES_TO
RP_WIND_01,P921,APPLIES_TO
RP_WIND_01,P922,APPLIES_TO
RP_WIND_01,P923,APPLIES_TO
RP_WIND_01,P924,APPLIES_TO
RP_WIND_01,P925,APPLIES_TO
RP_WIND_01,P926,APPLIES_TO
RP_WIND_01,P927,APPLIES_TO
RP_WIND_02,P004,APPLIES_TO
RP_WIND_02,P005,APPLIES_TO
RP_WIND_02,P006,APPLIES_TO
RP_WIND_02,P008,APPLIES_TO
RP_WIND_02,P010,APPLIES_TO
RP_WIND_02,P011,APPLIES_TO
RP_WIND_02,P012,APPLIES_TO
RP_WIND_02,P013,APPLIES_TO
RP_WIND_02,P022,APPLIES_TO
RP_WIND_02,P026,APPLIES_TO
RP_WIND_02,P028,APPLIES_TO
RP_WIND_02,P030,APPLIES_TO
RP_WIND_02,P035,APPLIES_TO
RP_WIND_02,P036,APPLIES_TO
RP_WIND_02,P038,APPLIES_TO
RP_WIND_02,P049,APPLIES_TO
RP_WIND_02,P051,APPLIES_TO
RP_WIND_02,P053,APPLIES_TO
RP_WIND_02,P055,APPLIES_TO
RP_WIND_02,P060,APPLIES_TO
RP_WIND_02,P066,APPLIES_TO
RP_WIND_02,P085,APPLIES_TO
RP_WIND_02,P094,APPLIES_TO
RP_WIND_02,P099,APPLIES_TO
RP_WIND_02,P102,APPLIES_TO
RP_WIND_02,P104,APPLIES_TO
RP_WIND_02,P118,APPLIES_TO
RP_WIND_02,P125,APPLIES_TO
RP_WIND_02,P126,APPLIES_TO
RP_WIND_02,P129,APPLIES_TO
RP_WIND_02,P130,APPLIES_TO
RP_WIND_02,P139,APPLIES_TO
RP_WIND_02,P145,APPLIES_TO
RP_WIND_02,P146,APPLIES_TO
RP_WIND_02,P162,APPLIES_TO
RP_WIND_02,P165,APPLIES_TO
RP_WIND_02,P171,APPLIES_TO
RP_WIND_02,P172,APPLIES_TO
RP_WIND_02,P173,APPLIES_TO
RP_WIND_02,P184,APPLIES_TO
RP_WIND_02,P189,APPLIES_TO
RP_WIND_02,P191,APPLIES_TO
RP_WIND_02,P195,APPLIES_TO
RP_WIND_02,P201,APPLIES_TO
RP_WIND_02,P204,APPLIES_TO
RP_WIND_02,P207,APPLIES_TO
RP_WIND_02,P215,APPLIES_TO
RP_WIND_02,P216,APPLIES_TO
RP_WIND_02,P218,APPLIES_TO
RP_WIND_02,P220,APPLIES_TO
RP_WIND_02,P223,APPLIES_TO
RP_WIND_02,P224,APPLIES_TO
RP_WIND_02,P227,APPLIES_TO
RP_WIND_02,P228,APPLIES_TO
RP_WIND_02,P233,APPLIES_TO
RP_WIND_02,P238,APPLIES_TO
RP_WIND_02,P240,APPLIES_TO
RP_WIND_02,P245,APPLIES_TO
RP_WIND_02,P247,APPLIES_TO
RP_WIND_02,P250,APPLIES_TO
RP_WIND_02,P252,APPLIES_TO
RP_WIND_02,P255,APPLIES_TO
RP_WIND_02,P257,APPLIES_TO
RP_WIND_02,P260,APPLIES_TO
RP_WIND_02,P262,APPLIES_TO
RP_WIND_02,P267,APPLIES_TO
RP_WIND_02,P268,APPLIES_TO
RP_WIND_02,P272,APPLIES_TO
RP_WIND_02,P276,APPLIES_TO
RP_WIND_02,P279,APPLIES_TO
RP_WIND_02,P281,APPLIES_TO
RP_WIND_02,P284,APPLIES_TO
RP_WIND_02,P287,APPLIES_TO
RP_WIND_02,P300,APPLIES_TO
RP_WIND_02,P304,APPLIES_TO
RP_WIND_02,P307,APPLIES_TO
RP_WIND_02,P309,APPLIES_TO
RP_WIND_02,P312,APPLIES_TO
RP_WIND_02,P313,APPLIES_TO
RP_WIND_02,P316,APPLIES_TO
RP_WIND_02,P318,APPLIES_TO
RP_WIND_02,P319,APPLIES_TO
RP_WIND_02,P321,APPLIES_TO
RP_WIND_02,P322,APPLIES_TO
RP_WIND_02,P323,APPLIES_TO
RP_WIND_02,P325,APPLIES_TO
RP_WIND_02,P326,APPLIES_TO
RP_WIND_02,P329,APPLIES_TO
RP_WIND_02,P332,APPLIES_TO
RP_WIND_02,P334,APPLIES_TO
RP_WIND_02,P336,APPLIES_TO
RP_WIND_02,P340,APPLIES_TO
RP_WIND_02,P341,APPLIES_TO
RP_WIND_02,P350,APPLIES_TO
RP_WIND_02,P351,APPLIES_TO
RP_WIND_02,P353,APPLIES_TO
RP_WIND_02,P357,APPLIES_TO
RP_WIND_02,P358,APPLIES_TO
RP_WIND_02,P359,APPLIES_TO
RP_WIND_02,P362,APPLIES_TO
RP_WIND_02,P366,APPLIES_TO
RP_WIND_02,P367,APPLIES_TO
RP_WIND_02,P372,APPLIES_TO
RP_WIND_02,P373,APPLIES_TO
RP_WIND_02,P374,APPLIES_TO
RP_WIND_02,P379,APPLIES_TO
RP_WIND_02,P390,APPLIES_TO
RP_WIND_02,P391,APPLIES_TO
RP_WIND_02,P392,APPLIES_TO
RP_WIND_02,P398,APPLIES_TO
RP_WIND_02,P399,APPLIES_TO
RP_WIND_02,P404,APPLIES_TO
RP_WIND_02,P406,APPLIES_TO
RP_WIND_02,P407,APPLIES_TO
RP_WIND_02,P410,APPLIES_TO
RP_WIND_02,P411,APPLIES_TO
RP_WIND_02,P414,APPLIES_TO
RP_WIND_02,P415,APPLIES_TO
RP_WIND_02,P416,APPLIES_TO
RP_WIND_02,P417,APPLIES_TO
RP_WIND_02,P424,APPLIES_TO
RP_WIND_02,P429,APPLIES_TO
RP_WIND_02,P431,APPLIES_TO
RP_WIND_02,P432,APPLIES_TO
RP_WIND_02,P436,APPLIES_TO
RP_WIND_02,P437,APPLIES_TO
RP_WIND_02,P438,APPLIES_TO
RP_WIND_02,P440,APPLIES_TO
RP_WIND_02,P442,APPLIES_TO
RP_WIND_02,P443,APPLIES_TO
RP_WIND_02,P449,APPLIES_TO
RP_WIND_02,P452,APPLIES_TO
RP_WIND_02,P456,APPLIES_TO
RP_WIND_02,P458,APPLIES_TO
RP_WIND_02,P460,APPLIES_TO
RP_WIND_02,P466,APPLIES_TO
RP_WIND_02,P467,APPLIES_TO
RP_WIND_02,P476,APPLIES_TO
RP_WIND_02,P478,APPLIES_TO
RP_WIND_02,P479,APPLIES_TO
RP_WIND_02,P483,APPLIES_TO
RP_WIND_02,P485,APPLIES_TO
RP_WIND_02,P486,APPLIES_TO
RP_WIND_02,P487,APPLIES_TO
RP_WIND_02,P488,APPLIES_TO
RP_WIND_02,P489,APPLIES_TO
RP_WIND_02,P490,APPLIES_TO
RP_WIND_02,P491,APPLIES_TO
RP_WIND_02,P493,APPLIES_TO
RP_WIND_02,P497,APPLIES_TO
RP_WIND_02,P498,APPLIES_TO
RP_WIND_02,P501,APPLIES_TO
RP_WIND_02,P503,APPLIES_TO
RP_WIND_02,P505,APPLIES_TO
RP_WIND_02,P506,APPLIES_TO
RP_WIND_02,P509,APPLIES_TO
RP_WIND_02,P510,APPLIES_TO
RP_WIND_02,P513,APPLIES_TO
RP_WIND_02,P520,APPLIES_TO
RP_WIND_02,P523,APPLIES_TO
RP_WIND_02,P534,APPLIES_TO
RP_WIND_02,P536,APPLIES_TO
RP_WIND_02,P537,APPLIES_TO
RP_WIND_02,P539,APPLIES_TO
RP_WIND_02,P541,APPLIES_TO
RP_WIND_02,P546,APPLIES_TO
RP_WIND_02,P549,APPLIES_TO
RP_WIND_02,P550,APPLIES_TO
RP_WIND_02,P552,APPLIES_TO
RP_WIND_02,P554,APPLIES_TO
RP_WIND_02,P555,APPLIES_TO
RP_WIND_02,P557,APPLIES_TO
RP_WIND_02,P558,APPLIES_TO
RP_WIND_02,P560,APPLIES_TO
RP_WIND_02,P561,APPLIES_TO
RP_WIND_02,P562,APPLIES_TO
RP_WIND_02,P566,APPLIES_TO
RP_WIND_02,P567,APPLIES_TO
RP_WIND_02,P568,APPLIES_TO
RP_WIND_02,P572,APPLIES_TO
RP_WIND_02,P577,APPLIES_TO
RP_WIND_02,P578,APPLIES_TO
RP_WIND_02,P580,APPLIES_TO
RP_WIND_02,P581,APPLIES_TO
RP_WIND_02,P584,APPLIES_TO
RP_WIND_02,P594,APPLIES_TO
RP_WIND_02,P596,APPLIES_TO
RP_WIND_02,P600,APPLIES_TO
RP_WIND_02,P601,APPLIES_TO
RP_WIND_02,P602,APPLIES_TO
RP_WIND_02,P604,APPLIES_TO
RP_WIND_02,P605,APPLIES_TO
RP_WIND_02,P606,APPLIES_TO
RP_WIND_02,P607,APPLIES_TO
RP_WIND_02,P608,APPLIES_TO
RP_WIND_02,P609,APPLIES_TO
RP_WIND_02,P610,APPLIES_TO
RP_WIND_02,P611,APPLIES_TO
RP_WIND_02,P612,APPLIES_TO
RP_WIND_02,P613,APPLIES_TO
RP_WIND_02,P615,APPLIES_TO
RP_WIND_02,P616,APPLIES_TO
RP_WIND_02,P619,APPLIES_TO
RP_WIND_02,P620,APPLIES_TO
RP_WIND_02,P621,APPLIES_TO
RP_WIND_02,P622,APPLIES_TO
RP_WIND_02,P623,APPLIES_TO
RP_WIND_02,P624,APPLIES_TO
RP_WIND_02,P627,APPLIES_TO
RP_WIND_02,P628,APPLIES_TO
RP_WIND_02,P630,APPLIES_TO
RP_WIND_02,P631,APPLIES_TO
RP_WIND_02,P632,APPLIES_TO
RP_WIND_02,P633,APPLIES_TO
RP_WIND_02,P634,APPLIES_TO
RP_WIND_02,P636,APPLIES_TO
RP_WIND_02,P739,APPLIES_TO
RP_WIND_02,P740,APPLIES_TO
RP_WIND_02,P741,APPLIES_TO
RP_WIND_02,P742,APPLIES_TO
RP_WIND_02,P744,APPLIES_TO
RP_WIND_02,P745,APPLIES_TO
RP_WIND_02,P746,APPLIES_TO
RP_WIND_02,P747,APPLIES_TO
RP_WIND_02,P748,APPLIES_TO
RP_WIND_02,P749,APPLIES_TO
RP_WIND_02,P750,APPLIES_TO
RP_WIND_02,P751,APPLIES_TO
RP_WIND_02,P752,APPLIES_TO
RP_WIND_02,P753,APPLIES_TO
RP_WIND_02,P754,APPLIES_TO
RP_WIND_02,P755,APPLIES_TO
RP_WIND_02,P756,APPLIES_TO
RP_WIND_02,P757,APPLIES_TO
RP_WIND_02,P758,APPLIES_TO
RP_WIND_02,P759,APPLIES_TO
RP_WIND_02,P760,APPLIES_TO
RP_WIND_02,P761,APPLIES_TO
RP_WIND_02,P762,APPLIES_TO
RP_WIND_02,P763,APPLIES_TO
RP_WIND_02,P764,APPLIES_TO
RP_WIND_02,P765,APPLIES_TO
RP_WIND_02,P766,APPLIES_TO
RP_WIND_02,P767,APPLIES_TO
RP_WIND_02,P768,APPLIES_TO
RP_WIND_02,P769,APPLIES_TO
RP_WIND_02,P770,APPLIES_TO
RP_WIND_02,P771,APPLIES_TO
RP_WIND_02,P772,APPLIES_TO
RP_WIND_02,P773,APPLIES_TO
RP_WIND_02,P774,APPLIES_TO
RP_WIND_02,P775,APPLIES_TO
RP_WIND_02,P776,APPLIES_TO
RP_WIND_02,P777,APPLIES_TO
RP_WIND_02,P778,APPLIES_TO
RP_WIND_02,P779,APPLIES_TO
RP_WIND_02,P780,APPLIES_TO
RP_WIND_02,P781,APPLIES_TO
RP_WIND_02,P782,APPLIES_TO
RP_WIND_02,P783,APPLIES_TO
RP_WIND_02,P784,APPLIES_TO
RP_WIND_02,P785,APPLIES_TO
RP_WIND_02,P786,APPLIES_TO
RP_WIND_02,P787,APPLIES_TO
RP_WIND_02,P788,APPLIES_TO
RP_WIND_02,P789,APPLIES_TO
RP_WIND_02,P790,APPLIES_TO
RP_WIND_02,P791,APPLIES_TO
RP_WIND_02,P792,APPLIES_TO
RP_WIND_02,P793,APPLIES_TO
RP_WIND_02,P794,APPLIES_TO
RP_WIND_02,P795,APPLIES_TO
RP_WIND_02,P796,APPLIES_TO
RP_WIND_02,P797,APPLIES_TO
RP_WIND_02,P798,APPLIES_TO
RP_WIND_02,P859,APPLIES_TO
RP_WIND_02,P860,APPLIES_TO
RP_WIND_02,P861,APPLIES_TO
RP_WIND_02,P862,APPLIES_TO
RP_WIND_02,P863,APPLIES_TO
RP_WIND_02,P864,APPLIES_TO
RP_WIND_02,P865,APPLIES_TO
RP_WIND_02,P866,APPLIES_TO
RP_WIND_02,P867,APPLIES_TO
RP_WIND_02,P868,APPLIES_TO
RP_WIND_02,P869,APPLIES_TO
RP_WIND_02,P870,APPLIES_TO
RP_WIND_02,P871,APPLIES_TO
RP_WIND_02,P872,APPLIES_TO
RP_WIND_02,P873,APPLIES_TO
RP_WIND_02,P874,APPLIES_TO
RP_WIND_02,P875,APPLIES_TO
RP_WIND_02,P876,APPLIES_TO
RP_WIND_02,P877,APPLIES_TO
RP_WIND_02,P878,APPLIES_TO
RP_WIND_02,P879,APPLIES_TO
RP_WIND_02,P880,APPLIES_TO
RP_WIND_02,P881,APPLIES_TO
RP_WIND_02,P882,APPLIES_TO
RP_WIND_02,P883,APPLIES_TO
RP_WIND_02,P884,APPLIES_TO
RP_WIND_02,P885,APPLIES_TO
RP_WIND_02,P886,APPLIES_TO
RP_WIND_02,P887,APPLIES_TO
RP_WIND_02,P888,APPLIES_TO
RP_WIND_02,P889,APPLIES_TO
RP_WIND_02,P890,APPLIES_TO
RP_WIND_02,P891,APPLIES_TO
RP_WIND_02,P892,APPLIES_TO
RP_WIND_02,P893,APPLIES_TO
RP_WIND_02,P894,APPLIES_TO
RP_WIND_02,P895,APPLIES_TO
RP_WIND_02,P896,APPLIES_TO
RP_WIND_02,P897,APPLIES_TO
RP_WIND_02,P898,APPLIES_TO
RP_WIND_02,P899,APPLIES_TO
RP_WIND_02,P900,APPLIES_TO
RP_WIND_02,P901,APPLIES_TO
RP_WIND_02,P902,APPLIES_TO
RP_WIND_02,P903,APPLIES_TO
RP_WIND_02,P904,APPLIES_TO
RP_WIND_02,P905,APPLIES_TO
RP_WIND_02,P906,APPLIES_TO
RP_WIND_02,P907,APPLIES_TO
RP_WIND_02,P908,APPLIES_TO
RP_WIND_02,P909,APPLIES_TO
RP_WIND_02,P910,APPLIES_TO
RP_WIND_02,P911,APPLIES_TO
RP_WIND_02,P912,APPLIES_TO
RP_WIND_02,P913,APPLIES_TO
RP_WIND_02,P914,APPLIES_TO
RP_WIND_02,P915,APPLIES_TO
RP_WIND_02,P916,APPLIES_TO
RP_WIND_02,P917,APPLIES_TO
RP_WIND_02,P918,APPLIES_TO
RP_WIND_02,P919,APPLIES_TO
RP_WIND_02,P920,APPLIES_TO
RP_WIND_02,P921,APPLIES_TO
RP_WIND_02,P922,APPLIES_TO
RP_WIND_02,P923,APPLIES_TO
RP_WIND_02,P924,APPLIES_TO
RP_WIND_02,P925,APPLIES_TO
RP_WIND_02,P926,APPLIES_TO
RP_WIND_02,P927,APPLIES_TO
RP_WIND_03,P001,APPLIES_TO
RP_WIND_03,P002,APPLIES_TO
RP_WIND_03,P003,APPLIES_TO
RP_WIND_03,P004,APPLIES_TO
RP_WIND_03,P005,APPLIES_TO
RP_WIND_03,P006,APPLIES_TO
RP_WIND_03,P007,APPLIES_TO
RP_WIND_03,P008,APPLIES_TO
RP_WIND_03,P009,APPLIES_TO
RP_WIND_03,P010,APPLIES_TO
RP_WIND_03,P011,APPLIES_TO
RP_WIND_03,P012,APPLIES_TO
RP_WIND_03,P013,APPLIES_TO
RP_WIND_03,P014,APPLIES_TO
RP_WIND_03,P015,APPLIES_TO
RP_WIND_03,P016,APPLIES_TO
RP_WIND_03,P017,APPLIES_TO
RP_WIND_03,P018,APPLIES_TO
RP_WIND_03,P019,APPLIES_TO
RP_WIND_03,P020,APPLIES_TO
RP_WIND_03,P021,APPLIES_TO
RP_WIND_03,P022,APPLIES_TO
RP_WIND_03,P023,APPLIES_TO
RP_WIND_03,P024,APPLIES_TO
RP_WIND_03,P025,APPLIES_TO
RP_WIND_03,P026,APPLIES_TO
RP_WIND_03,P027,APPLIES_TO
RP_WIND_03,P028,APPLIES_TO
RP_WIND_03,P029,APPLIES_TO
RP_WIND_03,P030,APPLIES_TO
RP_WIND_03,P031,APPLIES_TO
RP_WIND_03,P032,APPLIES_TO
RP_WIND_03,P033,APPLIES_TO
RP_WIND_03,P034,APPLIES_TO
RP_WIND_03,P035,APPLIES_TO
RP_WIND_03,P036,APPLIES_TO
RP_WIND_03,P037,APPLIES_TO
RP_WIND_03,P038,APPLIES_TO
RP_WIND_03,P039,APPLIES_TO
RP_WIND_03,P040,APPLIES_TO
RP_WIND_03,P041,APPLIES_TO
RP_WIND_03,P042,APPLIES_TO
RP_WIND_03,P043,APPLIES_TO
RP_WIND_03,P044,APPLIES_TO
RP_WIND_03,P045,APPLIES_TO
RP_WIND_03,P046,APPLIES_TO
RP_WIND_03,P047,APPLIES_TO
RP_WIND_03,P048,APPLIES_TO
RP_WIND_03,P049,APPLIES_TO
RP_WIND_03,P050,APPLIES_TO
RP_WIND_03,P051,APPLIES_TO
RP_WIND_03,P052,APPLIES_TO
RP_WIND_03,P053,APPLIES_TO
RP_WIND_03,P054,APPLIES_TO
RP_WIND_03,P055,APPLIES_TO
RP_WIND_03,P056,APPLIES_TO
RP_WIND_03,P057,APPLIES_TO
RP_WIND_03,P058,APPLIES_TO
RP_WIND_03,P059,APPLIES_TO
RP_WIND_03,P060,APPLIES_TO
RP_WIND_03,P061,APPLIES_TO
RP_WIND_03,P062,APPLIES_TO
RP_WIND_03,P063,APPLIES_TO
RP_WIND_03,P064,APPLIES_TO
RP_WIND_03,P065,APPLIES_TO
RP_WIND_03,P066,APPLIES_TO
RP_WIND_03,P067,APPLIES_TO
RP_WIND_03,P068,APPLIES_TO
RP_WIND_03,P069,APPLIES_TO
RP_WIND_03,P070,APPLIES_TO
RP_WIND_03,P071,APPLIES_TO
RP_WIND_03,P072,APPLIES_TO
RP_WIND_03,P073,APPLIES_TO
RP_WIND_03,P074,APPLIES_TO
RP_WIND_03,P075,APPLIES_TO
RP_WIND_03,P076,APPLIES_TO
RP_WIND_03,P077,APPLIES_TO
RP_WIND_03,P078,APPLIES_TO
RP_WIND_03,P079,APPLIES_TO
RP_WIND_03,P080,APPLIES_TO
RP_WIND_03,P081,APPLIES_TO
RP_WIND_03,P082,APPLIES_TO
RP_WIND_03,P083,APPLIES_TO
RP_WIND_03,P084,APPLIES_TO
RP_WIND_03,P085,APPLIES_TO
RP_WIND_03,P086,APPLIES_TO
RP_WIND_03,P087,APPLIES_TO
RP_WIND_03,P088,APPLIES_TO
RP_WIND_03,P089,APPLIES_TO
RP_WIND_03,P090,APPLIES_TO
RP_WIND_03,P091,APPLIES_TO
RP_WIND_03,P092,APPLIES_TO
RP_WIND_03,P093,APPLIES_TO
RP_WIND_03,P094,APPLIES_TO
RP_WIND_03,P095,APPLIES_TO
RP_WIND_03,P096,APPLIES_TO
RP_WIND_03,P097,APPLIES_TO
RP_WIND_03,P098,APPLIES_TO
RP_WIND_03,P099,APPLIES_TO
RP_WIND_03,P100,APPLIES_TO
RP_WIND_03,P101,APPLIES_TO
RP_WIND_03,P102,APPLIES_TO
RP_WIND_03,P103,APPLIES_TO
RP_WIND_03,P104,APPLIES_TO
RP_WIND_03,P105,APPLIES_TO
RP_WIND_03,P106,APPLIES_TO
RP_WIND_03,P107,APPLIES_TO
RP_WIND_03,P108,APPLIES_TO
RP_WIND_03,P109,APPLIES_TO
RP_WIND_03,P110,APPLIES_TO
RP_WIND_03,P111,APPLIES_TO
RP_WIND_03,P112,APPLIES_TO
RP_WIND_03,P113,APPLIES_TO
RP_WIND_03,P114,APPLIES_TO
RP_WIND_03,P115,APPLIES_TO
RP_WIND_03,P116,APPLIES_TO
RP_WIND_03,P117,APPLIES_TO
RP_WIND_03,P118,APPLIES_TO
RP_WIND_03,P119,APPLIES_TO
RP_WIND_03,P120,APPLIES_TO
RP_WIND_03,P121,APPLIES_TO
RP_WIND_03,P122,APPLIES_TO
RP_WIND_03,P123,APPLIES_TO
RP_WIND_03,P124,APPLIES_TO
RP_WIND_03,P125,APPLIES_TO
RP_WIND_03,P126,APPLIES_TO
RP_WIND_03,P127,APPLIES_TO
RP_WIND_03,P128,APPLIES_TO
RP_WIND_03,P129,APPLIES_TO
RP_WIND_03,P130,APPLIES_TO
RP_WIND_03,P131,APPLIES_TO
RP_WIND_03,P132,APPLIES_TO
RP_WIND_03,P133,APPLIES_TO
RP_WIND_03,P134,APPLIES_TO
RP_WIND_03,P135,APPLIES_TO
RP_WIND_03,P136,APPLIES_TO
RP_WIND_03,P137,APPLIES_TO
RP_WIND_03,P138,APPLIES_TO
RP_WIND_03,P139,APPLIES_TO
RP_WIND_03,P140,APPLIES_TO
RP_WIND_03,P141,APPLIES_TO
RP_WIND_03,P142,APPLIES_TO
RP_WIND_03,P143,APPLIES_TO
RP_WIND_03,P144,APPLIES_TO
RP_WIND_03,P145,APPLIES_TO
RP_WIND_03,P146,APPLIES_TO
RP_WIND_03,P147,APPLIES_TO
RP_WIND_03,P148,APPLIES_TO
RP_WIND_03,P149,APPLIES_TO
RP_WIND_03,P150,APPLIES_TO
RP_WIND_03,P151,APPLIES_TO
RP_WIND_03,P152,APPLIES_TO
RP_WIND_03,P153,APPLIES_TO
RP_WIND_03,P154,APPLIES_TO
RP_WIND_03,P155,APPLIES_TO
RP_WIND_03,P156,APPLIES_TO
RP_WIND_03,P157,APPLIES_TO
RP_WIND_03,P158,APPLIES_TO
RP_WIND_03,P159,APPLIES_TO
RP_WIND_03,P160,APPLIES_TO
RP_WIND_03,P161,APPLIES_TO
RP_WIND_03,P162,APPLIES_TO
RP_WIND_03,P163,APPLIES_TO
RP_WIND_03,P164,APPLIES_TO
RP_WIND_03,P165,APPLIES_TO
RP_WIND_03,P166,APPLIES_TO
RP_WIND_03,P167,APPLIES_TO
RP_WIND_03,P168,APPLIES_TO
RP_WIND_03,P169,APPLIES_TO
RP_WIND_03,P170,APPLIES_TO
RP_WIND_03,P171,APPLIES_TO
RP_WIND_03,P172,APPLIES_TO
RP_WIND_03,P173,APPLIES_TO
RP_WIND_03,P174,APPLIES_TO
RP_WIND_03,P175,APPLIES_TO
RP_WIND_03,P176,APPLIES_TO
RP_WIND_03,P177,APPLIES_TO
RP_WIND_03,P178,APPLIES_TO
RP_WIND_03,P179,APPLIES_TO
RP_WIND_03,P180,APPLIES_TO
RP_WIND_03,P181,APPLIES_TO
RP_WIND_03,P182,APPLIES_TO
RP_WIND_03,P183,APPLIES_TO
RP_WIND_03,P184,APPLIES_TO
RP_WIND_03,P185,APPLIES_TO
RP_WIND_03,P186,APPLIES_TO
RP_WIND_03,P187,APPLIES_TO
RP_WIND_03,P188,APPLIES_TO
RP_WIND_03,P189,APPLIES_TO
RP_WIND_03,P190,APPLIES_TO
RP_WIND_03,P191,APPLIES_TO
RP_WIND_03,P192,APPLIES_TO
RP_WIND_03,P193,APPLIES_TO
RP_WIND_03,P194,APPLIES_TO
RP_WIND_03,P195,APPLIES_TO
RP_WIND_03,P196,APPLIES_TO
RP_WIND_03,P197,APPLIES_TO
RP_WIND_03,P198,APPLIES_TO
RP_WIND_03,P199,APPLIES_TO
RP_WIND_03,P200,APPLIES_TO
RP_WIND_03,P201,APPLIES_TO
RP_WIND_03,P202,APPLIES_TO
RP_WIND_03,P203,APPLIES_TO
RP_WIND_03,P204,APPLIES_TO
RP_WIND_03,P205,APPLIES_TO
RP_WIND_03,P206,APPLIES_TO
RP_WIND_03,P207,APPLIES_TO
RP_WIND_03,P208,APPLIES_TO
RP_WIND_03,P209,APPLIES_TO
RP_WIND_03,P210,APPLIES_TO
RP_WIND_03,P211,APPLIES_TO
RP_WIND_03,P212,APPLIES_TO
RP_WIND_03,P213,APPLIES_TO
RP_WIND_03,P214,APPLIES_TO
RP_WIND_03,P215,APPLIES_TO
RP_WIND_03,P216,APPLIES_TO
RP_WIND_03,P217,APPLIES_TO
RP_WIND_03,P218,APPLIES_TO
RP_WIND_03,P219,APPLIES_TO
RP_WIND_03,P220,APPLIES_TO
RP_WIND_03,P221,APPLIES_TO
RP_WIND_03,P222,APPLIES_TO
RP_WIND_03,P223,APPLIES_TO
RP_WIND_03,P224,APPLIES_TO
RP_WIND_03,P225,APPLIES_TO
RP_WIND_03,P226,APPLIES_TO
RP_WIND_03,P227,APPLIES_TO
RP_WIND_03,P228,APPLIES_TO
RP_WIND_03,P229,APPLIES_TO
RP_WIND_03,P230,APPLIES_TO
RP_WIND_03,P231,APPLIES_TO
RP_WIND_03,P232,APPLIES_TO
RP_WIND_03,P233,APPLIES_TO
RP_WIND_03,P234,APPLIES_TO
RP_WIND_03,P235,APPLIES_TO
RP_WIND_03,P236,APPLIES_TO
RP_WIND_03,P237,APPLIES_TO
RP_WIND_03,P238,APPLIES_TO
RP_WIND_03,P239,APPLIES_TO
RP_WIND_03,P240,APPLIES_TO
RP_WIND_03,P241,APPLIES_TO
RP_WIND_03,P242,APPLIES_TO
RP_WIND_03,P243,APPLIES_TO
RP_WIND_03,P244,APPLIES_TO
RP_WIND_03,P245,APPLIES_TO
RP_WIND_03,P246,APPLIES_TO
RP_WIND_03,P247,APPLIES_TO
RP_WIND_03,P248,APPLIES_TO
RP_WIND_03,P249,APPLIES_TO
RP_WIND_03,P250,APPLIES_TO
RP_WIND_03,P251,APPLIES_TO
RP_WIND_03,P252,APPLIES_TO
RP_WIND_03,P253,APPLIES_TO
RP_WIND_03,P254,APPLIES_TO
RP_WIND_03,P255,APPLIES_TO
RP_WIND_03,P256,APPLIES_TO
RP_WIND_03,P257,APPLIES_TO
RP_WIND_03,P258,APPLIES_TO
RP_WIND_03,P259,APPLIES_TO
RP_WIND_03,P260,APPLIES_TO
RP_WIND_03,P261,APPLIES_TO
RP_WIND_03,P262,APPLIES_TO
RP_WIND_03,P263,APPLIES_TO
RP_WIND_03,P264,APPLIES_TO
RP_WIND_03,P265,APPLIES_TO
RP_WIND_03,P266,APPLIES_TO
RP_WIND_03,P267,APPLIES_TO
RP_WIND_03,P268,APPLIES_TO
RP_WIND_03,P269,APPLIES_TO
RP_WIND_03,P270,APPLIES_TO
RP_WIND_03,P271,APPLIES_TO
RP_WIND_03,P272,APPLIES_TO
RP_WIND_03,P273,APPLIES_TO
RP_WIND_03,P274,APPLIES_TO
RP_WIND_03,P275,APPLIES_TO
RP_WIND_03,P276,APPLIES_TO
RP_WIND_03,P277,APPLIES_TO
RP_WIND_03,P278,APPLIES_TO
RP_WIND_03,P279,APPLIES_TO
RP_WIND_03,P280,APPLIES_TO
RP_WIND_03,P281,APPLIES_TO
RP_WIND_03,P282,APPLIES_TO
RP_WIND_03,P283,APPLIES_TO
RP_WIND_03,P284,APPLIES_TO
RP_WIND_03,P285,APPLIES_TO
RP_WIND_03,P286,APPLIES_TO
RP_WIND_03,P287,APPLIES_TO
RP_WIND_03,P288,APPLIES_TO
RP_WIND_03,P289,APPLIES_TO
RP_WIND_03,P290,APPLIES_TO
RP_WIND_03,P291,APPLIES_TO
RP_WIND_03,P292,APPLIES_TO
RP_WIND_03,P293,APPLIES_TO
RP_WIND_03,P294,APPLIES_TO
RP_WIND_03,P295,APPLIES_TO
RP_WIND_03,P296,APPLIES_TO
RP_WIND_03,P297,APPLIES_TO
RP_WIND_03,P298,APPLIES_TO
RP_WIND_03,P299,APPLIES_TO
RP_WIND_03,P300,APPLIES_TO
RP_WIND_03,P301,APPLIES_TO
RP_WIND_03,P302,APPLIES_TO
RP_WIND_03,P303,APPLIES_TO
RP_WIND_03,P304,APPLIES_TO
RP_WIND_03,P305,APPLIES_TO
RP_WIND_03,P306,APPLIES_TO
RP_WIND_03,P307,APPLIES_TO
RP_WIND_03,P308,APPLIES_TO
RP_WIND_03,P309,APPLIES_TO
RP_WIND_03,P310,APPLIES_TO
RP_WIND_03,P311,APPLIES_TO
RP_WIND_03,P312,APPLIES_TO
RP_WIND_03,P313,APPLIES_TO
RP_WIND_03,P314,APPLIES_TO
RP_WIND_03,P315,APPLIES_TO
RP_WIND_03,P316,APPLIES_TO
RP_WIND_03,P317,APPLIES_TO
RP_WIND_03,P318,APPLIES_TO
RP_WIND_03,P319,APPLIES_TO
RP_WIND_03,P320,APPLIES_TO
RP_WIND_03,P321,APPLIES_TO
RP_WIND_03,P322,APPLIES_TO
RP_WIND_03,P323,APPLIES_TO
RP_WIND_03,P324,APPLIES_TO
RP_WIND_03,P325,APPLIES_TO
RP_WIND_03,P326,APPLIES_TO
RP_WIND_03,P327,APPLIES_TO
RP_WIND_03,P328,APPLIES_TO
RP_WIND_03,P329,APPLIES_TO
RP_WIND_03,P330,APPLIES_TO
RP_WIND_03,P331,APPLIES_TO
RP_WIND_03,P332,APPLIES_TO
RP_WIND_03,P333,APPLIES_TO
RP_WIND_03,P334,APPLIES_TO
RP_WIND_03,P335,APPLIES_TO
RP_WIND_03,P336,APPLIES_TO
RP_WIND_03,P337,APPLIES_TO
RP_WIND_03,P338,APPLIES_TO
RP_WIND_03,P339,APPLIES_TO
RP_WIND_03,P340,APPLIES_TO
RP_WIND_03,P341,APPLIES_TO
RP_WIND_03,P342,APPLIES_TO
RP_WIND_03,P343,APPLIES_TO
RP_WIND_03,P344,APPLIES_TO
RP_WIND_03,P345,APPLIES_TO
RP_WIND_03,P346,APPLIES_TO
RP_WIND_03,P347,APPLIES_TO
RP_WIND_03,P348,APPLIES_TO
RP_WIND_03,P349,APPLIES_TO
RP_WIND_03,P350,APPLIES_TO
RP_WIND_03,P351,APPLIES_TO
RP_WIND_03,P352,APPLIES_TO
RP_WIND_03,P353,APPLIES_TO
RP_WIND_03,P354,APPLIES_TO
RP_WIND_03,P355,APPLIES_TO
RP_WIND_03,P356,APPLIES_TO
RP_WIND_03,P357,APPLIES_TO
RP_WIND_03,P358,APPLIES_TO
RP_WIND_03,P359,APPLIES_TO
RP_WIND_03,P360,APPLIES_TO
RP_WIND_03,P361,APPLIES_TO
RP_WIND_03,P362,APPLIES_TO
RP_WIND_03,P363,APPLIES_TO
RP_WIND_03,P364,APPLIES_TO
RP_WIND_03,P365,APPLIES_TO
RP_WIND_03,P366,APPLIES_TO
RP_WIND_03,P367,APPLIES_TO
RP_WIND_03,P368,APPLIES_TO
RP_WIND_03,P369,APPLIES_TO
RP_WIND_03,P370,APPLIES_TO
RP_WIND_03,P371,APPLIES_TO
RP_WIND_03,P372,APPLIES_TO
RP_WIND_03,P373,APPLIES_TO
RP_WIND_03,P374,APPLIES_TO
RP_WIND_03,P375,APPLIES_TO
RP_WIND_03,P376,APPLIES_TO
RP_WIND_03,P377,APPLIES_TO
RP_WIND_03,P378,APPLIES_TO
RP_WIND_03,P379,APPLIES_TO
RP_WIND_03,P380,APPLIES_TO
RP_WIND_03,P381,APPLIES_TO
RP_WIND_03,P382,APPLIES_TO
RP_WIND_03,P383,APPLIES_TO
RP_WIND_03,P384,APPLIES_TO
RP_WIND_03,P385,APPLIES_TO
RP_WIND_03,P386,APPLIES_TO
RP_WIND_03,P387,APPLIES_TO
RP_WIND_03,P388,APPLIES_TO
RP_WIND_03,P389,APPLIES_TO
RP_WIND_03,P390,APPLIES_TO
RP_WIND_03,P391,APPLIES_TO
RP_WIND_03,P392,APPLIES_TO
RP_WIND_03,P393,APPLIES_TO
RP_WIND_03,P394,APPLIES_TO
RP_WIND_03,P395,APPLIES_TO
RP_WIND_03,P396,APPLIES_TO
RP_WIND_03,P397,APPLIES_TO
RP_WIND_03,P398,APPLIES_TO
RP_WIND_03,P399,APPLIES_TO
RP_WIND_03,P400,APPLIES_TO
RP_WIND_03,P401,APPLIES_TO
RP_WIND_03,P402,APPLIES_TO
RP_WIND_03,P403,APPLIES_TO
RP_WIND_03,P404,APPLIES_TO
RP_WIND_03,P405,APPLIES_TO
RP_WIND_03,P406,APPLIES_TO
RP_WIND_03,P407,APPLIES_TO
RP_WIND_03,P408,APPLIES_TO
RP_WIND_03,P409,APPLIES_TO
RP_WIND_03,P410,APPLIES_TO
RP_WIND_03,P411,APPLIES_TO
RP_WIND_03,P412,APPLIES_TO
RP_WIND_03,P413,APPLIES_TO
RP_WIND_03,P414,APPLIES_TO
RP_WIND_03,P415,APPLIES_TO
RP_WIND_03,P416,APPLIES_TO
RP_WIND_03,P417,APPLIES_TO
RP_WIND_03,P418,APPLIES_TO
RP_WIND_03,P419,APPLIES_TO
RP_WIND_03,P420,APPLIES_TO
RP_WIND_03,P421,APPLIES_TO
RP_WIND_03,P422,APPLIES_TO
RP_WIND_03,P423,APPLIES_TO
RP_WIND_03,P424,APPLIES_TO
RP_WIND_03,P425,APPLIES_TO
RP_WIND_03,P426,APPLIES_TO
RP_WIND_03,P427,APPLIES_TO
RP_WIND_03,P428,APPLIES_TO
RP_WIND_03,P429,APPLIES_TO
RP_WIND_03,P430,APPLIES_TO
RP_WIND_03,P431,APPLIES_TO
RP_WIND_03,P432,APPLIES_TO
RP_WIND_03,P433,APPLIES_TO
RP_WIND_03,P434,APPLIES_TO
RP_WIND_03,P435,APPLIES_TO
RP_WIND_03,P436,APPLIES_TO
RP_WIND_03,P437,APPLIES_TO
RP_WIND_03,P438,APPLIES_TO
RP_WIND_03,P439,APPLIES_TO
RP_WIND_03,P440,APPLIES_TO
RP_WIND_03,P441,APPLIES_TO
RP_WIND_03,P442,APPLIES_TO
RP_WIND_03,P443,APPLIES_TO
RP_WIND_03,P444,APPLIES_TO
RP_WIND_03,P445,APPLIES_TO
RP_WIND_03,P446,APPLIES_TO
RP_WIND_03,P447,APPLIES_TO
RP_WIND_03,P448,APPLIES_TO
RP_WIND_03,P449,APPLIES_TO
RP_WIND_03,P450,APPLIES_TO
RP_WIND_03,P451,APPLIES_TO
RP_WIND_03,P452,APPLIES_TO
RP_WIND_03,P453,APPLIES_TO
RP_WIND_03,P454,APPLIES_TO
RP_WIND_03,P455,APPLIES_TO
RP_WIND_03,P456,APPLIES_TO
RP_WIND_03,P457,APPLIES_TO
RP_WIND_03,P458,APPLIES_TO
RP_WIND_03,P459,APPLIES_TO
RP_WIND_03,P460,APPLIES_TO
RP_WIND_03,P461,APPLIES_TO
RP_WIND_03,P462,APPLIES_TO
RP_WIND_03,P463,APPLIES_TO
RP_WIND_03,P464,APPLIES_TO
RP_WIND_03,P465,APPLIES_TO
RP_WIND_03,P466,APPLIES_TO
RP_WIND_03,P467,APPLIES_TO
RP_WIND_03,P468,APPLIES_TO
RP_WIND_03,P469,APPLIES_TO
RP_WIND_03,P470,APPLIES_TO
RP_WIND_03,P471,APPLIES_TO
RP_WIND_03,P472,APPLIES_TO
RP_WIND_03,P473,APPLIES_TO
RP_WIND_03,P474,APPLIES_TO
RP_WIND_03,P475,APPLIES_TO
RP_WIND_03,P476,APPLIES_TO
RP_WIND_03,P477,APPLIES_TO
RP_WIND_03,P478,APPLIES_TO
RP_WIND_03,P479,APPLIES_TO
RP_WIND_03,P480,APPLIES_TO
RP_WIND_03,P481,APPLIES_TO
RP_WIND_03,P482,APPLIES_TO
RP_WIND_03,P483,APPLIES_TO
RP_WIND_03,P484,APPLIES_TO
RP_WIND_03,P485,APPLIES_TO
RP_WIND_03,P486,APPLIES_TO
RP_WIND_03,P487,APPLIES_TO
RP_WIND_03,P488,APPLIES_TO
RP_WIND_03,P489,APPLIES_TO
RP_WIND_03,P490,APPLIES_TO
RP_WIND_03,P491,APPLIES_TO
RP_WIND_03,P492,APPLIES_TO
RP_WIND_03,P493,APPLIES_TO
RP_WIND_03,P494,APPLIES_TO
RP_WIND_03,P495,APPLIES_TO
RP_WIND_03,P496,APPLIES_TO
RP_WIND_03,P497,APPLIES_TO
RP_WIND_03,P498,APPLIES_TO
RP_WIND_03,P499,APPLIES_TO
RP_WIND_03,P500,APPLIES_TO
RP_WIND_03,P501,APPLIES_TO
RP_WIND_03,P502,APPLIES_TO
RP_WIND_03,P503,APPLIES_TO
RP_WIND_03,P504,APPLIES_TO
RP_WIND_03,P505,APPLIES_TO
RP_WIND_03,P506,APPLIES_TO
RP_WIND_03,P507,APPLIES_TO
RP_WIND_03,P508,APPLIES_TO
RP_WIND_03,P509,APPLIES_TO
RP_WIND_03,P510,APPLIES_TO
RP_WIND_03,P511,APPLIES_TO
RP_WIND_03,P512,APPLIES_TO
RP_WIND_03,P513,APPLIES_TO
RP_WIND_03,P514,APPLIES_TO
RP_WIND_03,P515,APPLIES_TO
RP_WIND_03,P516,APPLIES_TO
RP_WIND_03,P517,APPLIES_TO
RP_WIND_03,P518,APPLIES_TO
RP_WIND_03,P519,APPLIES_TO
RP_WIND_03,P520,APPLIES_TO
RP_WIND_03,P521,APPLIES_TO
RP_WIND_03,P522,APPLIES_TO
RP_WIND_03,P523,APPLIES_TO
RP_WIND_03,P524,APPLIES_TO
RP_WIND_03,P525,APPLIES_TO
RP_WIND_03,P526,APPLIES_TO
RP_WIND_03,P527,APPLIES_TO
RP_WIND_03,P528,APPLIES_TO
RP_WIND_03,P529,APPLIES_TO
RP_WIND_03,P530,APPLIES_TO
RP_WIND_03,P531,APPLIES_TO
RP_WIND_03,P532,APPLIES_TO
RP_WIND_03,P533,APPLIES_TO
RP_WIND_03,P534,APPLIES_TO
RP_WIND_03,P535,APPLIES_TO
RP_WIND_03,P536,APPLIES_TO
RP_WIND_03,P537,APPLIES_TO
RP_WIND_03,P538,APPLIES_TO
RP_WIND_03,P539,APPLIES_TO
RP_WIND_03,P540,APPLIES_TO
RP_WIND_03,P541,APPLIES_TO
RP_WIND_03,P542,APPLIES_TO
RP_WIND_03,P543,APPLIES_TO
RP_WIND_03,P544,APPLIES_TO
RP_WIND_03,P545,APPLIES_TO
RP_WIND_03,P546,APPLIES_TO
RP_WIND_03,P547,APPLIES_TO
RP_WIND_03,P548,APPLIES_TO
RP_WIND_03,P549,APPLIES_TO
RP_WIND_03,P550,APPLIES_TO
RP_WIND_03,P551,APPLIES_TO
RP_WIND_03,P552,APPLIES_TO
RP_WIND_03,P553,APPLIES_TO
RP_WIND_03,P554,APPLIES_TO
RP_WIND_03,P555,APPLIES_TO
RP_WIND_03,P556,APPLIES_TO
RP_WIND_03,P557,APPLIES_TO
RP_WIND_03,P558,APPLIES_TO
RP_WIND_03,P559,APPLIES_TO
RP_WIND_03,P560,APPLIES_TO
RP_WIND_03,P561,APPLIES_TO
RP_WIND_03,P562,APPLIES_TO
RP_WIND_03,P563,APPLIES_TO
RP_WIND_03,P564,APPLIES_TO
RP_WIND_03,P565,APPLIES_TO
RP_WIND_03,P566,APPLIES_TO
RP_WIND_03,P567,APPLIES_TO
RP_WIND_03,P568,APPLIES_TO
RP_WIND_03,P569,APPLIES_TO
RP_WIND_03,P570,APPLIES_TO
RP_WIND_03,P571,APPLIES_TO
RP_WIND_03,P572,APPLIES_TO
RP_WIND_03,P573,APPLIES_TO
RP_WIND_03,P574,APPLIES_TO
RP_WIND_03,P575,APPLIES_TO
RP_WIND_03,P576,APPLIES_TO
RP_WIND_03,P577,APPLIES_TO
RP_WIND_03,P578,APPLIES_TO
RP_WIND_03,P579,APPLIES_TO
RP_WIND_03,P580,APPLIES_TO
RP_WIND_03,P581,APPLIES_TO
RP_WIND_03,P582,APPLIES_TO
RP_WIND_03,P583,APPLIES_TO
RP_WIND_03,P584,APPLIES_TO
RP_WIND_03,P585,APPLIES_TO
RP_WIND_03,P586,APPLIES_TO
RP_WIND_03,P587,APPLIES_TO
RP_WIND_03,P588,APPLIES_TO
RP_WIND_03,P589,APPLIES_TO
RP_WIND_03,P590,APPLIES_TO
RP_WIND_03,P591,APPLIES_TO
RP_WIND_03,P592,APPLIES_TO
RP_WIND_03,P593,APPLIES_TO
RP_WIND_03,P594,APPLIES_TO
RP_WIND_03,P595,APPLIES_TO
RP_WIND_03,P596,APPLIES_TO
RP_WIND_03,P597,APPLIES_TO
RP_WIND_03,P598,APPLIES_TO
RP_WIND_03,P599,APPLIES_TO
RP_WIND_03,P600,APPLIES_TO
RP_WIND_03,P601,APPLIES_TO
RP_WIND_03,P602,APPLIES_TO
RP_WIND_03,P603,APPLIES_TO
RP_WIND_03,P604,APPLIES_TO
RP_WIND_03,P605,APPLIES_TO
RP_WIND_03,P606,APPLIES_TO
RP_WIND_03,P607,APPLIES_TO
RP_WIND_03,P608,APPLIES_TO
RP_WIND_03,P609,APPLIES_TO
RP_WIND_03,P610,APPLIES_TO
RP_WIND_03,P611,APPLIES_TO
RP_WIND_03,P612,APPLIES_TO
RP_WIND_03,P613,APPLIES_TO
RP_WIND_03,P614,APPLIES_TO
RP_WIND_03,P615,APPLIES_TO
RP_WIND_03,P616,APPLIES_TO
RP_WIND_03,P617,APPLIES_TO
RP_WIND_03,P618,APPLIES_TO
RP_WIND_03,P619,APPLIES_TO
RP_WIND_03,P620,APPLIES_TO
RP_WIND_03,P621,APPLIES_TO
RP_WIND_03,P622,APPLIES_TO
RP_WIND_03,P623,APPLIES_TO
RP_WIND_03,P624,APPLIES_TO
RP_WIND_03,P625,APPLIES_TO
RP_WIND_03,P626,APPLIES_TO
RP_WIND_03,P627,APPLIES_TO
RP_WIND_03,P628,APPLIES_TO
RP_WIND_03,P629,APPLIES_TO
RP_WIND_03,P630,APPLIES_TO
RP_WIND_03,P631,APPLIES_TO
RP_WIND_03,P632,APPLIES_TO
RP_WIND_03,P633,APPLIES_TO
RP_WIND_03,P634,APPLIES_TO
RP_WIND_03,P635,APPLIES_TO
RP_WIND_03,P636,APPLIES_TO
RP_WIND_03,P637,APPLIES_TO
RP_WIND_03,P638,APPLIES_TO
RP_WIND_03,P639,APPLIES_TO
RP_WIND_03,P640,APPLIES_TO
RP_WIND_03,P641,APPLIES_TO
RP_WIND_03,P642,APPLIES_TO
RP_WIND_03,P643,APPLIES_TO
RP_WIND_03,P644,APPLIES_TO
RP_WIND_03,P645,APPLIES_TO
RP_WIND_03,P646,APPLIES_TO
RP_WIND_03,P647,APPLIES_TO
RP_WIND_03,P648,APPLIES_TO
RP_WIND_03,P649,APPLIES_TO
RP_WIND_03,P650,APPLIES_TO
RP_WIND_03,P651,APPLIES_TO
RP_WIND_03,P652,APPLIES_TO
RP_WIND_03,P653,APPLIES_TO
RP_WIND_03,P654,APPLIES_TO
RP_WIND_03,P655,APPLIES_TO
RP_WIND_03,P656,APPLIES_TO
RP_WIND_03,P657,APPLIES_TO
RP_WIND_03,P658,APPLIES_TO
RP_WIND_03,P659,APPLIES_TO
RP_WIND_03,P660,APPLIES_TO
RP_WIND_03,P661,APPLIES_TO
RP_WIND_03,P662,APPLIES_TO
RP_WIND_03,P663,APPLIES_TO
RP_WIND_03,P664,APPLIES_TO
RP_WIND_03,P665,APPLIES_TO
RP_WIND_03,P666,APPLIES_TO
RP_WIND_03,P667,APPLIES_TO
RP_WIND_03,P668,APPLIES_TO
RP_WIND_03,P669,APPLIES_TO
RP_WIND_03,P670,APPLIES_TO
RP_WIND_03,P671,APPLIES_TO
RP_WIND_03,P672,APPLIES_TO
RP_WIND_03,P673,APPLIES_TO
RP_WIND_03,P674,APPLIES_TO
RP_WIND_03,P675,APPLIES_TO
RP_WIND_03,P676,APPLIES_TO
RP_WIND_03,P677,APPLIES_TO
RP_WIND_03,P678,APPLIES_TO
RP_WIND_03,P679,APPLIES_TO
RP_WIND_03,P680,APPLIES_TO
RP_WIND_03,P681,APPLIES_TO
RP_WIND_03,P682,APPLIES_TO
RP_WIND_03,P683,APPLIES_TO
RP_WIND_03,P684,APPLIES_TO
RP_WIND_03,P685,APPLIES_TO
RP_WIND_03,P686,APPLIES_TO
RP_WIND_03,P687,APPLIES_TO
RP_WIND_03,P688,APPLIES_TO
RP_WIND_03,P689,APPLIES_TO
RP_WIND_03,P690,APPLIES_TO
RP_WIND_03,P691,APPLIES_TO
RP_WIND_03,P692,APPLIES_TO
RP_WIND_03,P693,APPLIES_TO
RP_WIND_03,P694,APPLIES_TO
RP_WIND_03,P695,APPLIES_TO
RP_WIND_03,P696,APPLIES_TO
RP_WIND_03,P697,APPLIES_TO
RP_WIND_03,P698,APPLIES_TO
RP_WIND_03,P699,APPLIES_TO
RP_WIND_03,P700,APPLIES_TO
RP_WIND_03,P701,APPLIES_TO
RP_WIND_03,P702,APPLIES_TO
RP_WIND_03,P703,APPLIES_TO
RP_WIND_03,P704,APPLIES_TO
RP_WIND_03,P705,APPLIES_TO
RP_WIND_03,P706,APPLIES_TO
RP_WIND_03,P707,APPLIES_TO
RP_WIND_03,P708,APPLIES_TO
RP_WIND_03,P709,APPLIES_TO
RP_WIND_03,P710,APPLIES_TO
RP_WIND_03,P711,APPLIES_TO
RP_WIND_03,P712,APPLIES_TO
RP_WIND_03,P713,APPLIES_TO
RP_WIND_03,P714,APPLIES_TO
RP_WIND_03,P715,APPLIES_TO
RP_WIND_03,P716,APPLIES_TO
RP_WIND_03,P717,APPLIES_TO
RP_WIND_03,P718,APPLIES_TO
RP_WIND_03,P719,APPLIES_TO
RP_WIND_03,P720,APPLIES_TO
RP_WIND_03,P721,APPLIES_TO
RP_WIND_03,P722,APPLIES_TO
RP_WIND_03,P723,APPLIES_TO
RP_WIND_03,P724,APPLIES_TO
RP_WIND_03,P725,APPLIES_TO
RP_WIND_03,P726,APPLIES_TO
RP_WIND_03,P727,APPLIES_TO
RP_WIND_03,P728,APPLIES_TO
RP_WIND_03,P729,APPLIES_TO
RP_WIND_03,P730,APPLIES_TO
RP_WIND_03,P731,APPLIES_TO
RP_WIND_03,P732,APPLIES_TO
RP_WIND_03,P733,APPLIES_TO
RP_WIND_03,P734,APPLIES_TO
RP_WIND_03,P735,APPLIES_TO
RP_WIND_03,P736,APPLIES_TO
RP_WIND_03,P737,APPLIES_TO
RP_WIND_03,P738,APPLIES_TO
RP_WIND_03,P739,APPLIES_TO
RP_WIND_03,P740,APPLIES_TO
RP_WIND_03,P741,APPLIES_TO
RP_WIND_03,P742,APPLIES_TO
RP_WIND_03,P743,APPLIES_TO
RP_WIND_03,P744,APPLIES_TO
RP_WIND_03,P745,APPLIES_TO
RP_WIND_03,P746,APPLIES_TO
RP_WIND_03,P747,APPLIES_TO
RP_WIND_03,P748,APPLIES_TO
RP_WIND_03,P749,APPLIES_TO
RP_WIND_03,P750,APPLIES_TO
RP_WIND_03,P751,APPLIES_TO
RP_WIND_03,P752,APPLIES_TO
RP_WIND_03,P753,APPLIES_TO
RP_WIND_03,P754,APPLIES_TO
RP_WIND_03,P755,APPLIES_TO
RP_WIND_03,P756,APPLIES_TO
RP_WIND_03,P757,APPLIES_TO
RP_WIND_03,P758,APPLIES_TO
RP_WIND_03,P759,APPLIES_TO
RP_WIND_03,P760,APPLIES_TO
RP_WIND_03,P761,APPLIES_TO
RP_WIND_03,P762,APPLIES_TO
RP_WIND_03,P763,APPLIES_TO
RP_WIND_03,P764,APPLIES_TO
RP_WIND_03,P765,APPLIES_TO
RP_WIND_03,P766,APPLIES_TO
RP_WIND_03,P767,APPLIES_TO
RP_WIND_03,P768,APPLIES_TO
RP_WIND_03,P769,APPLIES_TO
RP_WIND_03,P770,APPLIES_TO
RP_WIND_03,P771,APPLIES_TO
RP_WIND_03,P772,APPLIES_TO
RP_WIND_03,P773,APPLIES_TO
RP_WIND_03,P774,APPLIES_TO
RP_WIND_03,P775,APPLIES_TO
RP_WIND_03,P776,APPLIES_TO
RP_WIND_03,P777,APPLIES_TO
RP_WIND_03,P778,APPLIES_TO
RP_WIND_03,P779,APPLIES_TO
RP_WIND_03,P780,APPLIES_TO
RP_WIND_03,P781,APPLIES_TO
RP_WIND_03,P782,APPLIES_TO
RP_WIND_03,P783,APPLIES_TO
RP_WIND_03,P784,APPLIES_TO
RP_WIND_03,P785,APPLIES_TO
RP_WIND_03,P786,APPLIES_TO
RP_WIND_03,P787,APPLIES_TO
RP_WIND_03,P788,APPLIES_TO
RP_WIND_03,P789,APPLIES_TO
RP_WIND_03,P790,APPLIES_TO
RP_WIND_03,P791,APPLIES_TO
RP_WIND_03,P792,APPLIES_TO
RP_WIND_03,P793,APPLIES_TO
RP_WIND_03,P794,APPLIES_TO
RP_WIND_03,P795,APPLIES_TO
RP_WIND_03,P796,APPLIES_TO
RP_WIND_03,P797,APPLIES_TO
RP_WIND_03,P798,APPLIES_TO
RP_WIND_03,P799,APPLIES_TO
RP_WIND_03,P800,APPLIES_TO
RP_WIND_03,P801,APPLIES_TO
RP_WIND_03,P802,APPLIES_TO
RP_WIND_03,P803,APPLIES_TO
RP_WIND_03,P804,APPLIES_TO
RP_WIND_03,P805,APPLIES_TO
RP_WIND_03,P806,APPLIES_TO
RP_WIND_03,P807,APPLIES_TO
RP_WIND_03,P808,APPLIES_TO
RP_WIND_03,P809,APPLIES_TO
RP_WIND_03,P810,APPLIES_TO
RP_WIND_03,P811,APPLIES_TO
RP_WIND_03,P812,APPLIES_TO
RP_WIND_03,P813,APPLIES_TO
RP_WIND_03,P814,APPLIES_TO
RP_WIND_03,P815,APPLIES_TO
RP_WIND_03,P816,APPLIES_TO
RP_WIND_03,P817,APPLIES_TO
RP_WIND_03,P818,APPLIES_TO
RP_WIND_03,P819,APPLIES_TO
RP_WIND_03,P820,APPLIES_TO
RP_WIND_03,P821,APPLIES_TO
RP_WIND_03,P822,APPLIES_TO
RP_WIND_03,P823,APPLIES_TO
RP_WIND_03,P824,APPLIES_TO
RP_WIND_03,P825,APPLIES_TO
RP_WIND_03,P826,APPLIES_TO
RP_WIND_03,P827,APPLIES_TO
RP_WIND_03,P828,APPLIES_TO
RP_WIND_03,P829,APPLIES_TO
RP_WIND_03,P830,APPLIES_TO
RP_WIND_03,P831,APPLIES_TO
RP_WIND_03,P832,APPLIES_TO
RP_WIND_03,P833,APPLIES_TO
RP_WIND_03,P834,APPLIES_TO
RP_WIND_03,P835,APPLIES_TO
RP_WIND_03,P836,APPLIES_TO
RP_WIND_03,P837,APPLIES_TO
RP_WIND_03,P838,APPLIES_TO
RP_WIND_03,P839,APPLIES_TO
RP_WIND_03,P840,APPLIES_TO
RP_WIND_03,P841,APPLIES_TO
RP_WIND_03,P842,APPLIES_TO
RP_WIND_03,P843,APPLIES_TO
RP_WIND_03,P844,APPLIES_TO
RP_WIND_03,P845,APPLIES_TO
RP_WIND_03,P846,APPLIES_TO
RP_WIND_03,P847,APPLIES_TO
RP_WIND_03,P848,APPLIES_TO
RP_WIND_03,P849,APPLIES_TO
RP_WIND_03,P850,APPLIES_TO
RP_WIND_03,P851,APPLIES_TO
RP_WIND_03,P852,APPLIES_TO
RP_WIND_03,P853,APPLIES_TO
RP_WIND_03,P854,APPLIES_TO
RP_WIND_03,P855,APPLIES_TO
RP_WIND_03,P856,APPLIES_TO
RP_WIND_03,P857,APPLIES_TO
RP_WIND_03,P858,APPLIES_TO
RP_WIND_03,P859,APPLIES_TO
RP_WIND_03,P860,APPLIES_TO
RP_WIND_03,P861,APPLIES_TO
RP_WIND_03,P862,APPLIES_TO
RP_WIND_03,P863,APPLIES_TO
RP_WIND_03,P864,APPLIES_TO
RP_WIND_03,P865,APPLIES_TO
RP_WIND_03,P866,APPLIES_TO
RP_WIND_03,P867,APPLIES_TO
RP_WIND_03,P868,APPLIES_TO
RP_WIND_03,P869,APPLIES_TO
RP_WIND_03,P870,APPLIES_TO
RP_WIND_03,P871,APPLIES_TO
RP_WIND_03,P872,APPLIES_TO
RP_WIND_03,P873,APPLIES_TO
RP_WIND_03,P874,APPLIES_TO
RP_WIND_03,P875,APPLIES_TO
RP_WIND_03,P876,APPLIES_TO
RP_WIND_03,P877,APPLIES_TO
RP_WIND_03,P878,APPLIES_TO
RP_WIND_03,P879,APPLIES_TO
RP_WIND_03,P880,APPLIES_TO
RP_WIND_03,P881,APPLIES_TO
RP_WIND_03,P882,APPLIES_TO
RP_WIND_03,P883,APPLIES_TO
RP_WIND_03,P884,APPLIES_TO
RP_WIND_03,P885,APPLIES_TO
RP_WIND_03,P886,APPLIES_TO
RP_WIND_03,P887,APPLIES_TO
RP_WIND_03,P888,APPLIES_TO
RP_WIND_03,P889,APPLIES_TO
RP_WIND_03,P890,APPLIES_TO
RP_WIND_03,P891,APPLIES_TO
RP_WIND_03,P892,APPLIES_TO
RP_WIND_03,P893,APPLIES_TO
RP_WIND_03,P894,APPLIES_TO
RP_WIND_03,P895,APPLIES_TO
RP_WIND_03,P896,APPLIES_TO
RP_WIND_03,P897,APPLIES_TO
RP_WIND_03,P898,APPLIES_TO
RP_WIND_03,P899,APPLIES_TO
RP_WIND_03,P900,APPLIES_TO
RP_WIND_03,P901,APPLIES_TO
RP_WIND_03,P902,APPLIES_TO
RP_WIND_03,P903,APPLIES_TO
RP_WIND_03,P904,APPLIES_TO
RP_WIND_03,P905,APPLIES_TO
RP_WIND_03,P906,APPLIES_TO
RP_WIND_03,P907,APPLIES_TO
RP_WIND_03,P908,APPLIES_TO
RP_WIND_03,P909,APPLIES_TO
RP_WIND_03,P910,APPLIES_TO
RP_WIND_03,P911,APPLIES_TO
RP_WIND_03,P912,APPLIES_TO
RP_WIND_03,P913,APPLIES_TO
RP_WIND_03,P914,APPLIES_TO
RP_WIND_03,P915,APPLIES_TO
RP_WIND_03,P916,APPLIES_TO
RP_WIND_03,P917,APPLIES_TO
RP_WIND_03,P918,APPLIES_TO
RP_WIND_03,P919,APPLIES_TO
RP_WIND_03,P920,APPLIES_TO
RP_WIND_03,P921,APPLIES_TO
RP_WIND_03,P922,APPLIES_TO
RP_WIND_03,P923,APPLIES_TO
RP_WIND_03,P924,APPLIES_TO
RP_WIND_03,P925,APPLIES_TO
RP_WIND_03,P926,APPLIES_TO
RP_WIND_03,P927,APPLIES_TO
RP_WIND_03,P928,APPLIES_TO
RP_WIND_03,P929,APPLIES_TO
RP_WIND_03,P930,APPLIES_TO
RP_WIND_03,P931,APPLIES_TO
RP_WIND_03,P932,APPLIES_TO
RP_WIND_03,P933,APPLIES_TO
RP_WIND_03,P934,APPLIES_TO
RP_WIND_03,P935,APPLIES_TO
RP_WIND_03,P936,APPLIES_TO
RP_WIND_03,P937,APPLIES_TO
RP_WIND_03,P938,APPLIES_TO
RP_WIND_03,P939,APPLIES_TO
RP_WIND_03,P940,APPLIES_TO
RP_WIND_03,P941,APPLIES_TO
RP_WIND_03,P942,APPLIES_TO
RP_WIND_03,P943,APPLIES_TO
RP_WIND_03,P944,APPLIES_TO
RP_WIND_03,P945,APPLIES_TO
RP_WIND_03,P946,APPLIES_TO
RP_WIND_03,P947,APPLIES_TO
RP_WIND_03,P948,APPLIES_TO
RP_WIND_03,P949,APPLIES_TO
RP_WIND_03,P950,APPLIES_TO
RP_WIND_03,P951,APPLIES_TO
RP_WIND_03,P952,APPLIES_TO
RP_WIND_03,P953,APPLIES_TO
RP_WIND_03,P954,APPLIES_TO
RP_WIND_03,P955,APPLIES_TO
RP_WIND_03,P956,APPLIES_TO
RP_WIND_03,P957,APPLIES_TO
RP_WIND_03,P958,APPLIES_TO
RP_WIND_03,P959,APPLIES_TO
RP_WIND_03,P960,APPLIES_TO
RP_WIND_03,P961,APPLIES_TO
RP_WIND_03,P962,APPLIES_TO
RP_WIND_03,P963,APPLIES_TO
RP_WIND_03,P964,APPLIES_TO
RP_WIND_03,P965,APPLIES_TO
RP_WIND_03,P966,APPLIES_TO
RP_WIND_03,P967,APPLIES_TO
RP_WIND_03,P968,APPLIES_TO
RP_WIND_03,P969,APPLIES_TO
RP_WIND_03,P970,APPLIES_TO
RP_WIND_03,P971,APPLIES_TO
RP_WIND_03,P972,APPLIES_TO
RP_WIND_03,P973,APPLIES_TO
RP_WIND_03,P974,APPLIES_TO
RP_WIND_03,P975,APPLIES_TO
RP_WIND_03,P976,APPLIES_TO
RP_WIND_03,P977,APPLIES_TO
RP_WIND_03,P978,APPLIES_TO
RP_WIND_03,P979,APPLIES_TO
RP_WIND_03,P980,APPLIES_TO
RP_WIND_03,P981,APPLIES_TO
RP_WIND_03,P982,APPLIES_TO
RP_WIND_03,P983,APPLIES_TO
RP_WIND_03,P984,APPLIES_TO
RP_WIND_03,P985,APPLIES_TO
RP_WIND_03,P986,APPLIES_TO
RP_WIND_03,P987,APPLIES_TO
RP_WIND_03,P988,APPLIES_TO
RP_WIND_03,P989,APPLIES_TO
RP_WIND_03,P990,APPLIES_TO
RP_WIND_03,P991,APPLIES_TO
RP_WIND_03,P992,APPLIES_TO
RP_WIND_03,P993,APPLIES_TO
RP_WIND_03,P994,APPLIES_TO
RP_WIND_03,P995,APPLIES_TO
RP_WIND_03,P996,APPLIES_TO
RP_WIND_03,P997,APPLIES_TO
RP_WIND_03,P998,APPLIES_TO
RP_WIND_03,P999,APPLIES_TO
RP_WIND_03,P1000,APPLIES_TO
RP_WIND_03,P1001,APPLIES_TO
RP_WIND_03,P1002,APPLIES_TO
RP_WIND_03,P1003,APPLIES_TO
RP_WIND_03,P1004,APPLIES_TO
RP_WIND_03,P1005,APPLIES_TO
RP_WIND_03,P1006,APPLIES_TO
RP_WIND_03,P1007,APPLIES_TO
RP_WIND_03,P1008,APPLIES_TO
RP_WIND_03,P1009,APPLIES_TO
RP_WIND_03,P1010,APPLIES_TO
RP_WIND_03,P1011,APPLIES_TO
RP_WIND_03,P1012,APPLIES_TO
RP_WIND_03,P1013,APPLIES_TO
RP_WIND_03,P1014,APPLIES_TO
RP_WIND_03,P1015,APPLIES_TO
RP_WIND_03,P1016,APPLIES_TO
RP_WIND_03,P1017,APPLIES_TO
RP_WIND_03,P1018,APPLIES_TO
RP_WIND_03,P1019,APPLIES_TO
RP_WIND_03,P1020,APPLIES_TO
RP_WIND_03,P1021,APPLIES_TO
RP_WIND_03,P1022,APPLIES_TO
RP_WIND_03,P1023,APPLIES_TO
RP_WIND_03,P1024,APPLIES_TO
RP_WIND_03,P1025,APPLIES_TO
RP_RAIN_01,P005,APPLIES_TO
RP_RAIN_01,P013,APPLIES_TO
RP_RAIN_01,P015,APPLIES_TO
RP_RAIN_01,P021,APPLIES_TO
RP_RAIN_01,P022,APPLIES_TO
RP_RAIN_01,P024,APPLIES_TO
RP_RAIN_01,P030,APPLIES_TO
RP_RAIN_01,P035,APPLIES_TO
RP_RAIN_01,P037,APPLIES_TO
RP_RAIN_01,P038,APPLIES_TO
RP_RAIN_01,P046,APPLIES_TO
RP_RAIN_01,P049,APPLIES_TO
RP_RAIN_01,P052,APPLIES_TO
RP_RAIN_01,P055,APPLIES_TO
RP_RAIN_01,P074,APPLIES_TO
RP_RAIN_01,P077,APPLIES_TO
RP_RAIN_01,P085,APPLIES_TO
RP_RAIN_01,P104,APPLIES_TO
RP_RAIN_01,P129,APPLIES_TO
RP_RAIN_01,P130,APPLIES_TO
RP_RAIN_01,P139,APPLIES_TO
RP_RAIN_01,P146,APPLIES_TO
RP_RAIN_01,P148,APPLIES_TO
RP_RAIN_01,P165,APPLIES_TO
RP_RAIN_01,P171,APPLIES_TO
RP_RAIN_01,P172,APPLIES_TO
RP_RAIN_01,P184,APPLIES_TO
RP_RAIN_01,P189,APPLIES_TO
RP_RAIN_01,P191,APPLIES_TO
RP_RAIN_01,P199,APPLIES_TO
RP_RAIN_01,P200,APPLIES_TO
RP_RAIN_01,P201,APPLIES_TO
RP_RAIN_01,P207,APPLIES_TO
RP_RAIN_01,P215,APPLIES_TO
RP_RAIN_01,P216,APPLIES_TO
RP_RAIN_01,P220,APPLIES_TO
RP_RAIN_01,P223,APPLIES_TO
RP_RAIN_01,P224,APPLIES_TO
RP_RAIN_01,P227,APPLIES_TO
RP_RAIN_01,P228,APPLIES_TO
RP_RAIN_01,P233,APPLIES_TO
RP_RAIN_01,P238,APPLIES_TO
RP_RAIN_01,P240,APPLIES_TO
RP_RAIN_01,P244,APPLIES_TO
RP_RAIN_01,P247,APPLIES_TO
RP_RAIN_01,P255,APPLIES_TO
RP_RAIN_01,P258,APPLIES_TO
RP_RAIN_01,P260,APPLIES_TO
RP_RAIN_01,P262,APPLIES_TO
RP_RAIN_01,P267,APPLIES_TO
RP_RAIN_01,P268,APPLIES_TO
RP_RAIN_01,P272,APPLIES_TO
RP_RAIN_01,P279,APPLIES_TO
RP_RAIN_01,P300,APPLIES_TO
RP_RAIN_01,P303,APPLIES_TO
RP_RAIN_01,P304,APPLIES_TO
RP_RAIN_01,P307,APPLIES_TO
RP_RAIN_01,P309,APPLIES_TO
RP_RAIN_01,P316,APPLIES_TO
RP_RAIN_01,P319,APPLIES_TO
RP_RAIN_01,P321,APPLIES_TO
RP_RAIN_01,P323,APPLIES_TO
RP_RAIN_01,P325,APPLIES_TO
RP_RAIN_01,P326,APPLIES_TO
RP_RAIN_01,P329,APPLIES_TO
RP_RAIN_01,P334,APPLIES_TO
RP_RAIN_01,P350,APPLIES_TO
RP_RAIN_01,P351,APPLIES_TO
RP_RAIN_01,P353,APPLIES_TO
RP_RAIN_01,P358,APPLIES_TO
RP_RAIN_01,P364,APPLIES_TO
RP_RAIN_01,P366,APPLIES_TO
RP_RAIN_01,P373,APPLIES_TO
RP_RAIN_01,P379,APPLIES_TO
RP_RAIN_01,P390,APPLIES_TO
RP_RAIN_01,P391,APPLIES_TO
RP_RAIN_01,P392,APPLIES_TO
RP_RAIN_01,P399,APPLIES_TO
RP_RAIN_01,P400,APPLIES_TO
RP_RAIN_01,P404,APPLIES_TO
RP_RAIN_01,P407,APPLIES_TO
RP_RAIN_01,P410,APPLIES_TO
RP_RAIN_01,P411,APPLIES_TO
RP_RAIN_01,P415,APPLIES_TO
RP_RAIN_01,P424,APPLIES_TO
RP_RAIN_01,P429,APPLIES_TO
RP_RAIN_01,P431,APPLIES_TO
RP_RAIN_01,P432,APPLIES_TO
RP_RAIN_01,P436,APPLIES_TO
RP_RAIN_01,P437,APPLIES_TO
RP_RAIN_01,P441,APPLIES_TO
RP_RAIN_01,P447,APPLIES_TO
RP_RAIN_01,P449,APPLIES_TO
RP_RAIN_01,P452,APPLIES_TO
RP_RAIN_01,P456,APPLIES_TO
RP_RAIN_01,P458,APPLIES_TO
RP_RAIN_01,P466,APPLIES_TO
RP_RAIN_01,P467,APPLIES_TO
RP_RAIN_01,P478,APPLIES_TO
RP_RAIN_01,P483,APPLIES_TO
RP_RAIN_01,P485,APPLIES_TO
RP_RAIN_01,P486,APPLIES_TO
RP_RAIN_01,P487,APPLIES_TO
RP_RAIN_01,P488,APPLIES_TO
RP_RAIN_01,P491,APPLIES_TO
RP_RAIN_01,P493,APPLIES_TO
RP_RAIN_01,P497,APPLIES_TO
RP_RAIN_01,P498,APPLIES_TO
RP_RAIN_01,P503,APPLIES_TO
RP_RAIN_01,P505,APPLIES_TO
RP_RAIN_01,P506,APPLIES_TO
RP_RAIN_01,P513,APPLIES_TO
RP_RAIN_01,P522,APPLIES_TO
RP_RAIN_01,P534,APPLIES_TO
RP_RAIN_01,P536,APPLIES_TO
RP_RAIN_01,P537,APPLIES_TO
RP_RAIN_01,P541,APPLIES_TO
RP_RAIN_01,P546,APPLIES_TO
RP_RAIN_01,P548,APPLIES_TO
RP_RAIN_01,P549,APPLIES_TO
RP_RAIN_01,P550,APPLIES_TO
RP_RAIN_01,P551,APPLIES_TO
RP_RAIN_01,P552,APPLIES_TO
RP_RAIN_01,P554,APPLIES_TO
RP_RAIN_01,P555,APPLIES_TO
RP_RAIN_01,P557,APPLIES_TO
RP_RAIN_01,P559,APPLIES_TO
RP_RAIN_01,P560,APPLIES_TO
RP_RAIN_01,P561,APPLIES_TO
RP_RAIN_01,P562,APPLIES_TO
RP_RAIN_01,P566,APPLIES_TO
RP_RAIN_01,P568,APPLIES_TO
RP_RAIN_01,P572,APPLIES_TO
RP_RAIN_01,P577,APPLIES_TO
RP_RAIN_01,P580,APPLIES_TO
RP_RAIN_01,P582,APPLIES_TO
RP_RAIN_01,P583,APPLIES_TO
RP_RAIN_01,P594,APPLIES_TO
RP_RAIN_01,P596,APPLIES_TO
RP_RAIN_01,P598,APPLIES_TO
RP_RAIN_01,P599,APPLIES_TO
RP_RAIN_01,P602,APPLIES_TO
RP_RAIN_01,P603,APPLIES_TO
RP_RAIN_01,P604,APPLIES_TO
RP_RAIN_01,P606,APPLIES_TO
RP_RAIN_01,P607,APPLIES_TO
RP_RAIN_01,P608,APPLIES_TO
RP_RAIN_01,P609,APPLIES_TO
RP_RAIN_01,P610,APPLIES_TO
RP_RAIN_01,P611,APPLIES_TO
RP_RAIN_01,P612,APPLIES_TO
RP_RAIN_01,P613,APPLIES_TO
RP_RAIN_01,P614,APPLIES_TO
RP_RAIN_01,P615,APPLIES_TO
RP_RAIN_01,P616,APPLIES_TO
RP_RAIN_01,P619,APPLIES_TO
RP_RAIN_01,P620,APPLIES_TO
RP_RAIN_01,P621,APPLIES_TO
RP_RAIN_01,P622,APPLIES_TO
RP_RAIN_01,P623,APPLIES_TO
RP_RAIN_01,P624,APPLIES_TO
RP_RAIN_01,P626,APPLIES_TO
RP_RAIN_01,P627,APPLIES_TO
RP_RAIN_01,P628,APPLIES_TO
RP_RAIN_01,P632,APPLIES_TO
RP_RAIN_01,P633,APPLIES_TO
RP_RAIN_01,P634,APPLIES_TO
RP_RAIN_01,P637,APPLIES_TO
RP_RAIN_01,P739,APPLIES_TO
RP_RAIN_01,P740,APPLIES_TO
RP_RAIN_01,P741,APPLIES_TO
RP_RAIN_01,P742,APPLIES_TO
RP_RAIN_01,P744,APPLIES_TO
RP_RAIN_01,P745,APPLIES_TO
RP_RAIN_01,P746,APPLIES_TO
RP_RAIN_01,P747,APPLIES_TO
RP_RAIN_01,P748,APPLIES_TO
RP_RAIN_01,P749,APPLIES_TO
RP_RAIN_01,P750,APPLIES_TO
RP_RAIN_01,P751,APPLIES_TO
RP_RAIN_01,P752,APPLIES_TO
RP_RAIN_01,P753,APPLIES_TO
RP_RAIN_01,P754,APPLIES_TO
RP_RAIN_01,P755,APPLIES_TO
RP_RAIN_01,P756,APPLIES_TO
RP_RAIN_01,P757,APPLIES_TO
RP_RAIN_01,P758,APPLIES_TO
RP_RAIN_01,P759,APPLIES_TO
RP_RAIN_01,P760,APPLIES_TO
RP_RAIN_01,P761,APPLIES_TO
RP_RAIN_01,P762,APPLIES_TO
RP_RAIN_01,P763,APPLIES_TO
RP_RAIN_01,P764,APPLIES_TO
RP_RAIN_01,P765,APPLIES_TO
RP_RAIN_01,P766,APPLIES_TO
RP_RAIN_01,P767,APPLIES_TO
RP_RAIN_01,P768,APPLIES_TO
RP_RAIN_01,P769,APPLIES_TO
RP_RAIN_01,P770,APPLIES_TO
RP_RAIN_01,P771,APPLIES_TO
RP_RAIN_01,P772,APPLIES_TO
RP_RAIN_01,P773,APPLIES_TO
RP_RAIN_01,P774,APPLIES_TO
RP_RAIN_01,P775,APPLIES_TO
RP_RAIN_01,P776,APPLIES_TO
RP_RAIN_01,P777,APPLIES_TO
RP_RAIN_01,P778,APPLIES_TO
RP_RAIN_01,P779,APPLIES_TO
RP_RAIN_01,P780,APPLIES_TO
RP_RAIN_01,P781,APPLIES_TO
RP_RAIN_01,P782,APPLIES_TO
RP_RAIN_01,P783,APPLIES_TO
RP_RAIN_01,P784,APPLIES_TO
RP_RAIN_01,P785,APPLIES_TO
RP_RAIN_01,P786,APPLIES_TO
RP_RAIN_01,P787,APPLIES_TO
RP_RAIN_01,P788,APPLIES_TO
RP_RAIN_01,P789,APPLIES_TO
RP_RAIN_01,P790,APPLIES_TO
RP_RAIN_01,P791,APPLIES_TO
RP_RAIN_01,P792,APPLIES_TO
RP_RAIN_01,P793,APPLIES_TO
RP_RAIN_01,P794,APPLIES_TO
RP_RAIN_01,P795,APPLIES_TO
RP_RAIN_01,P796,APPLIES_TO
RP_RAIN_01,P797,APPLIES_TO
RP_RAIN_01,P798,APPLIES_TO
RP_RAIN_01,P845,APPLIES_TO
RP_RAIN_01,P846,APPLIES_TO
RP_RAIN_01,P847,APPLIES_TO
RP_RAIN_01,P848,APPLIES_TO
RP_RAIN_01,P849,APPLIES_TO
RP_RAIN_01,P850,APPLIES_TO
RP_RAIN_01,P851,APPLIES_TO
RP_RAIN_01,P852,APPLIES_TO
RP_RAIN_01,P853,APPLIES_TO
RP_RAIN_01,P854,APPLIES_TO
RP_RAIN_01,P855,APPLIES_TO
RP_RAIN_01,P856,APPLIES_TO
RP_RAIN_01,P857,APPLIES_TO
RP_RAIN_01,P858,APPLIES_TO
RP_RAIN_01,P859,APPLIES_TO
RP_RAIN_01,P860,APPLIES_TO
RP_RAIN_01,P861,APPLIES_TO
RP_RAIN_01,P862,APPLIES_TO
RP_RAIN_01,P863,APPLIES_TO
RP_RAIN_01,P864,APPLIES_TO
RP_RAIN_01,P865,APPLIES_TO
RP_RAIN_01,P866,APPLIES_TO
RP_RAIN_01,P867,APPLIES_TO
RP_RAIN_01,P868,APPLIES_TO
RP_RAIN_01,P869,APPLIES_TO
RP_RAIN_01,P870,APPLIES_TO
RP_RAIN_01,P871,APPLIES_TO
RP_RAIN_01,P872,APPLIES_TO
RP_RAIN_01,P873,APPLIES_TO
RP_RAIN_01,P874,APPLIES_TO
RP_RAIN_01,P875,APPLIES_TO
RP_RAIN_01,P876,APPLIES_TO
RP_RAIN_01,P877,APPLIES_TO
RP_RAIN_01,P878,APPLIES_TO
RP_RAIN_01,P879,APPLIES_TO
RP_RAIN_01,P880,APPLIES_TO
RP_RAIN_01,P881,APPLIES_TO
RP_RAIN_01,P882,APPLIES_TO
RP_RAIN_01,P883,APPLIES_TO
RP_RAIN_01,P884,APPLIES_TO
RP_RAIN_01,P885,APPLIES_TO
RP_RAIN_01,P886,APPLIES_TO
RP_RAIN_01,P887,APPLIES_TO
RP_RAIN_01,P888,APPLIES_TO
RP_RAIN_01,P889,APPLIES_TO
RP_RAIN_01,P890,APPLIES_TO
RP_RAIN_01,P891,APPLIES_TO
RP_RAIN_02,P005,APPLIES_TO
RP_RAIN_02,P013,APPLIES_TO
RP_RAIN_02,P022,APPLIES_TO
RP_RAIN_02,P030,APPLIES_TO
RP_RAIN_02,P035,APPLIES_TO
RP_RAIN_02,P038,APPLIES_TO
RP_RAIN_02,P049,APPLIES_TO
RP_RAIN_02,P055,APPLIES_TO
RP_RAIN_02,P085,APPLIES_TO
RP_RAIN_02,P104,APPLIES_TO
RP_RAIN_02,P129,APPLIES_TO
RP_RAIN_02,P130,APPLIES_TO
RP_RAIN_02,P139,APPLIES_TO
RP_RAIN_02,P146,APPLIES_TO
RP_RAIN_02,P165,APPLIES_TO
RP_RAIN_02,P171,APPLIES_TO
RP_RAIN_02,P172,APPLIES_TO
RP_RAIN_02,P184,APPLIES_TO
RP_RAIN_02,P189,APPLIES_TO
RP_RAIN_02,P191,APPLIES_TO
RP_RAIN_02,P201,APPLIES_TO
RP_RAIN_02,P207,APPLIES_TO
RP_RAIN_02,P215,APPLIES_TO
RP_RAIN_02,P216,APPLIES_TO
RP_RAIN_02,P220,APPLIES_TO
RP_RAIN_02,P223,APPLIES_TO
RP_RAIN_02,P224,APPLIES_TO
RP_RAIN_02,P227,APPLIES_TO
RP_RAIN_02,P228,APPLIES_TO
RP_RAIN_02,P233,APPLIES_TO
RP_RAIN_02,P238,APPLIES_TO
RP_RAIN_02,P240,APPLIES_TO
RP_RAIN_02,P247,APPLIES_TO
RP_RAIN_02,P255,APPLIES_TO
RP_RAIN_02,P260,APPLIES_TO
RP_RAIN_02,P262,APPLIES_TO
RP_RAIN_02,P267,APPLIES_TO
RP_RAIN_02,P268,APPLIES_TO
RP_RAIN_02,P272,APPLIES_TO
RP_RAIN_02,P279,APPLIES_TO
RP_RAIN_02,P300,APPLIES_TO
RP_RAIN_02,P304,APPLIES_TO
RP_RAIN_02,P307,APPLIES_TO
RP_RAIN_02,P309,APPLIES_TO
RP_RAIN_02,P316,APPLIES_TO
RP_RAIN_02,P319,APPLIES_TO
RP_RAIN_02,P321,APPLIES_TO
RP_RAIN_02,P323,APPLIES_TO
RP_RAIN_02,P325,APPLIES_TO
RP_RAIN_02,P326,APPLIES_TO
RP_RAIN_02,P329,APPLIES_TO
RP_RAIN_02,P334,APPLIES_TO
RP_RAIN_02,P350,APPLIES_TO
RP_RAIN_02,P351,APPLIES_TO
RP_RAIN_02,P353,APPLIES_TO
RP_RAIN_02,P358,APPLIES_TO
RP_RAIN_02,P366,APPLIES_TO
RP_RAIN_02,P373,APPLIES_TO
RP_RAIN_02,P379,APPLIES_TO
RP_RAIN_02,P390,APPLIES_TO
RP_RAIN_02,P391,APPLIES_TO
RP_RAIN_02,P392,APPLIES_TO
RP_RAIN_02,P399,APPLIES_TO
RP_RAIN_02,P404,APPLIES_TO
RP_RAIN_02,P407,APPLIES_TO
RP_RAIN_02,P410,APPLIES_TO
RP_RAIN_02,P411,APPLIES_TO
RP_RAIN_02,P415,APPLIES_TO
RP_RAIN_02,P424,APPLIES_TO
RP_RAIN_02,P429,APPLIES_TO
RP_RAIN_02,P431,APPLIES_TO
RP_RAIN_02,P432,APPLIES_TO
RP_RAIN_02,P436,APPLIES_TO
RP_RAIN_02,P437,APPLIES_TO
RP_RAIN_02,P449,APPLIES_TO
RP_RAIN_02,P452,APPLIES_TO
RP_RAIN_02,P456,APPLIES_TO
RP_RAIN_02,P458,APPLIES_TO
RP_RAIN_02,P466,APPLIES_TO
RP_RAIN_02,P467,APPLIES_TO
RP_RAIN_02,P478,APPLIES_TO
RP_RAIN_02,P483,APPLIES_TO
RP_RAIN_02,P485,APPLIES_TO
RP_RAIN_02,P486,APPLIES_TO
RP_RAIN_02,P487,APPLIES_TO
RP_RAIN_02,P488,APPLIES_TO
RP_RAIN_02,P491,APPLIES_TO
RP_RAIN_02,P493,APPLIES_TO
RP_RAIN_02,P497,APPLIES_TO
RP_RAIN_02,P498,APPLIES_TO
RP_RAIN_02,P503,APPLIES_TO
RP_RAIN_02,P505,APPLIES_TO
RP_RAIN_02,P506,APPLIES_TO
RP_RAIN_02,P513,APPLIES_TO
RP_RAIN_02,P534,APPLIES_TO
RP_RAIN_02,P536,APPLIES_TO
RP_RAIN_02,P537,APPLIES_TO
RP_RAIN_02,P541,APPLIES_TO
RP_RAIN_02,P546,APPLIES_TO
RP_RAIN_02,P549,APPLIES_TO
RP_RAIN_02,P550,APPLIES_TO
RP_RAIN_02,P552,APPLIES_TO
RP_RAIN_02,P554,APPLIES_TO
RP_RAIN_02,P555,APPLIES_TO
RP_RAIN_02,P557,APPLIES_TO
RP_RAIN_02,P560,APPLIES_TO
RP_RAIN_02,P561,APPLIES_TO
RP_RAIN_02,P562,APPLIES_TO
RP_RAIN_02,P566,APPLIES_TO
RP_RAIN_02,P568,APPLIES_TO
RP_RAIN_02,P572,APPLIES_TO
RP_RAIN_02,P577,APPLIES_TO
RP_RAIN_02,P580,APPLIES_TO
RP_RAIN_02,P594,APPLIES_TO
RP_RAIN_02,P596,APPLIES_TO
RP_RAIN_02,P602,APPLIES_TO
RP_RAIN_02,P604,APPLIES_TO
RP_RAIN_02,P606,APPLIES_TO
RP_RAIN_02,P607,APPLIES_TO
RP_RAIN_02,P608,APPLIES_TO
RP_RAIN_02,P609,APPLIES_TO
RP_RAIN_02,P610,APPLIES_TO
RP_RAIN_02,P611,APPLIES_TO
RP_RAIN_02,P612,APPLIES_TO
RP_RAIN_02,P613,APPLIES_TO
RP_RAIN_02,P615,APPLIES_TO
RP_RAIN_02,P616,APPLIES_TO
RP_RAIN_02,P619,APPLIES_TO
RP_RAIN_02,P620,APPLIES_TO
RP_RAIN_02,P621,APPLIES_TO
RP_RAIN_02,P622,APPLIES_TO
RP_RAIN_02,P623,APPLIES_TO
RP_RAIN_02,P624,APPLIES_TO
RP_RAIN_02,P627,APPLIES_TO
RP_RAIN_02,P628,APPLIES_TO
RP_RAIN_02,P632,APPLIES_TO
RP_RAIN_02,P633,APPLIES_TO
RP_RAIN_02,P634,APPLIES_TO
RP_RAIN_02,P739,APPLIES_TO
RP_RAIN_02,P740,APPLIES_TO
RP_RAIN_02,P741,APPLIES_TO
RP_RAIN_02,P742,APPLIES_TO
RP_RAIN_02,P744,APPLIES_TO
RP_RAIN_02,P745,APPLIES_TO
RP_RAIN_02,P746,APPLIES_TO
RP_RAIN_02,P747,APPLIES_TO
RP_RAIN_02,P748,APPLIES_TO
RP_RAIN_02,P749,APPLIES_TO
RP_RAIN_02,P750,APPLIES_TO
RP_RAIN_02,P751,APPLIES_TO
RP_RAIN_02,P752,APPLIES_TO
RP_RAIN_02,P753,APPLIES_TO
RP_RAIN_02,P754,APPLIES_TO
RP_RAIN_02,P755,APPLIES_TO
RP_RAIN_02,P756,APPLIES_TO
RP_RAIN_02,P757,APPLIES_TO
RP_RAIN_02,P758,APPLIES_TO
RP_RAIN_02,P759,APPLIES_TO
RP_RAIN_02,P760,APPLIES_TO
RP_RAIN_02,P761,APPLIES_TO
RP_RAIN_02,P762,APPLIES_TO
RP_RAIN_02,P763,APPLIES_TO
RP_RAIN_02,P764,APPLIES_TO
RP_RAIN_02,P765,APPLIES_TO
RP_RAIN_02,P766,APPLIES_TO
RP_RAIN_02,P767,APPLIES_TO
RP_RAIN_02,P768,APPLIES_TO
RP_RAIN_02,P769,APPLIES_TO
RP_RAIN_02,P770,APPLIES_TO
RP_RAIN_02,P771,APPLIES_TO
RP_RAIN_02,P772,APPLIES_TO
RP_RAIN_02,P773,APPLIES_TO
RP_RAIN_02,P774,APPLIES_TO
RP_RAIN_02,P775,APPLIES_TO
RP_RAIN_02,P776,APPLIES_TO
RP_RAIN_02,P777,APPLIES_TO
RP_RAIN_02,P778,APPLIES_TO
RP_RAIN_02,P779,APPLIES_TO
RP_RAIN_02,P780,APPLIES_TO
RP_RAIN_02,P781,APPLIES_TO
RP_RAIN_02,P782,APPLIES_TO
RP_RAIN_02,P783,APPLIES_TO
RP_RAIN_02,P784,APPLIES_TO
RP_RAIN_02,P785,APPLIES_TO
RP_RAIN_02,P786,APPLIES_TO
RP_RAIN_02,P787,APPLIES_TO
RP_RAIN_02,P788,APPLIES_TO
RP_RAIN_02,P789,APPLIES_TO
RP_RAIN_02,P790,APPLIES_TO
RP_RAIN_02,P791,APPLIES_TO
RP_RAIN_02,P792,APPLIES_TO
RP_RAIN_02,P793,APPLIES_TO
RP_RAIN_02,P794,APPLIES_TO
RP_RAIN_02,P795,APPLIES_TO
RP_RAIN_02,P796,APPLIES_TO
RP_RAIN_02,P797,APPLIES_TO
RP_RAIN_02,P798,APPLIES_TO
RP_RAIN_02,P859,APPLIES_TO
RP_RAIN_02,P860,APPLIES_TO
RP_RAIN_02,P861,APPLIES_TO
RP_RAIN_02,P862,APPLIES_TO
RP_RAIN_02,P863,APPLIES_TO
RP_RAIN_02,P864,APPLIES_TO
RP_RAIN_02,P865,APPLIES_TO
RP_RAIN_02,P866,APPLIES_TO
RP_RAIN_02,P867,APPLIES_TO
RP_RAIN_02,P868,APPLIES_TO
RP_RAIN_02,P869,APPLIES_TO
RP_RAIN_02,P870,APPLIES_TO
RP_RAIN_02,P871,APPLIES_TO
RP_RAIN_02,P872,APPLIES_TO
RP_RAIN_02,P873,APPLIES_TO
RP_RAIN_02,P874,APPLIES_TO
RP_RAIN_02,P875,APPLIES_TO
RP_RAIN_02,P876,APPLIES_TO
RP_RAIN_02,P877,APPLIES_TO
RP_RAIN_02,P878,APPLIES_TO
RP_RAIN_02,P879,APPLIES_TO
RP_RAIN_02,P880,APPLIES_TO
RP_RAIN_02,P881,APPLIES_TO
RP_RAIN_02,P882,APPLIES_TO
RP_RAIN_02,P883,APPLIES_TO
RP_RAIN_02,P884,APPLIES_TO
RP_RAIN_02,P885,APPLIES_TO
RP_RAIN_02,P886,APPLIES_TO
RP_RAIN_02,P887,APPLIES_TO
RP_RAIN_02,P888,APPLIES_TO
RP_RAIN_02,P889,APPLIES_TO
RP_RAIN_02,P890,APPLIES_TO
RP_RAIN_02,P891,APPLIES_TO
RP_RAIN_03,P002,APPLIES_TO
RP_RAIN_03,P004,APPLIES_TO
RP_RAIN_03,P005,APPLIES_TO
RP_RAIN_03,P006,APPLIES_TO
RP_RAIN_03,P008,APPLIES_TO
RP_RAIN_03,P010,APPLIES_TO
RP_RAIN_03,P011,APPLIES_TO
RP_RAIN_03,P012,APPLIES_TO
RP_RAIN_03,P013,APPLIES_TO
RP_RAIN_03,P014,APPLIES_TO
RP_RAIN_03,P015,APPLIES_TO
RP_RAIN_03,P016,APPLIES_TO
RP_RAIN_03,P017,APPLIES_TO
RP_RAIN_03,P018,APPLIES_TO
RP_RAIN_03,P020,APPLIES_TO
RP_RAIN_03,P021,APPLIES_TO
RP_RAIN_03,P022,APPLIES_TO
RP_RAIN_03,P023,APPLIES_TO
RP_RAIN_03,P024,APPLIES_TO
RP_RAIN_03,P026,APPLIES_TO
RP_RAIN_03,P028,APPLIES_TO
RP_RAIN_03,P029,APPLIES_TO
RP_RAIN_03,P030,APPLIES_TO
RP_RAIN_03,P031,APPLIES_TO
RP_RAIN_03,P035,APPLIES_TO
RP_RAIN_03,P036,APPLIES_TO
RP_RAIN_03,P037,APPLIES_TO
RP_RAIN_03,P038,APPLIES_TO
RP_RAIN_03,P043,APPLIES_TO
RP_RAIN_03,P045,APPLIES_TO
RP_RAIN_03,P046,APPLIES_TO
RP_RAIN_03,P048,APPLIES_TO
RP_RAIN_03,P049,APPLIES_TO
RP_RAIN_03,P051,APPLIES_TO
RP_RAIN_03,P052,APPLIES_TO
RP_RAIN_03,P053,APPLIES_TO
RP_RAIN_03,P054,APPLIES_TO
RP_RAIN_03,P055,APPLIES_TO
RP_RAIN_03,P056,APPLIES_TO
RP_RAIN_03,P060,APPLIES_TO
RP_RAIN_03,P061,APPLIES_TO
RP_RAIN_03,P062,APPLIES_TO
RP_RAIN_03,P064,APPLIES_TO
RP_RAIN_03,P066,APPLIES_TO
RP_RAIN_03,P067,APPLIES_TO
RP_RAIN_03,P069,APPLIES_TO
RP_RAIN_03,P070,APPLIES_TO
RP_RAIN_03,P074,APPLIES_TO
RP_RAIN_03,P075,APPLIES_TO
RP_RAIN_03,P077,APPLIES_TO
RP_RAIN_03,P079,APPLIES_TO
RP_RAIN_03,P081,APPLIES_TO
RP_RAIN_03,P082,APPLIES_TO
RP_RAIN_03,P084,APPLIES_TO
RP_RAIN_03,P085,APPLIES_TO
RP_RAIN_03,P090,APPLIES_TO
RP_RAIN_03,P091,APPLIES_TO
RP_RAIN_03,P094,APPLIES_TO
RP_RAIN_03,P095,APPLIES_TO
RP_RAIN_03,P097,APPLIES_TO
RP_RAIN_03,P098,APPLIES_TO
RP_RAIN_03,P099,APPLIES_TO
RP_RAIN_03,P100,APPLIES_TO
RP_RAIN_03,P102,APPLIES_TO
RP_RAIN_03,P103,APPLIES_TO
RP_RAIN_03,P104,APPLIES_TO
RP_RAIN_03,P105,APPLIES_TO
RP_RAIN_03,P106,APPLIES_TO
RP_RAIN_03,P107,APPLIES_TO
RP_RAIN_03,P109,APPLIES_TO
RP_RAIN_03,P110,APPLIES_TO
RP_RAIN_03,P112,APPLIES_TO
RP_RAIN_03,P115,APPLIES_TO
RP_RAIN_03,P117,APPLIES_TO
RP_RAIN_03,P120,APPLIES_TO
RP_RAIN_03,P121,APPLIES_TO
RP_RAIN_03,P125,APPLIES_TO
RP_RAIN_03,P126,APPLIES_TO
RP_RAIN_03,P127,APPLIES_TO
RP_RAIN_03,P128,APPLIES_TO
RP_RAIN_03,P129,APPLIES_TO
RP_RAIN_03,P130,APPLIES_TO
RP_RAIN_03,P133,APPLIES_TO
RP_RAIN_03,P138,APPLIES_TO
RP_RAIN_03,P139,APPLIES_TO
RP_RAIN_03,P140,APPLIES_TO
RP_RAIN_03,P141,APPLIES_TO
RP_RAIN_03,P142,APPLIES_TO
RP_RAIN_03,P143,APPLIES_TO
RP_RAIN_03,P144,APPLIES_TO
RP_RAIN_03,P145,APPLIES_TO
RP_RAIN_03,P146,APPLIES_TO
RP_RAIN_03,P147,APPLIES_TO
RP_RAIN_03,P148,APPLIES_TO
RP_RAIN_03,P149,APPLIES_TO
RP_RAIN_03,P152,APPLIES_TO
RP_RAIN_03,P153,APPLIES_TO
RP_RAIN_03,P157,APPLIES_TO
RP_RAIN_03,P158,APPLIES_TO
RP_RAIN_03,P159,APPLIES_TO
RP_RAIN_03,P160,APPLIES_TO
RP_RAIN_03,P161,APPLIES_TO
RP_RAIN_03,P162,APPLIES_TO
RP_RAIN_03,P163,APPLIES_TO
RP_RAIN_03,P165,APPLIES_TO
RP_RAIN_03,P167,APPLIES_TO
RP_RAIN_03,P168,APPLIES_TO
RP_RAIN_03,P170,APPLIES_TO
RP_RAIN_03,P171,APPLIES_TO
RP_RAIN_03,P172,APPLIES_TO
RP_RAIN_03,P173,APPLIES_TO
RP_RAIN_03,P174,APPLIES_TO
RP_RAIN_03,P175,APPLIES_TO
RP_RAIN_03,P178,APPLIES_TO
RP_RAIN_03,P179,APPLIES_TO
RP_RAIN_03,P182,APPLIES_TO
RP_RAIN_03,P183,APPLIES_TO
RP_RAIN_03,P184,APPLIES_TO
RP_RAIN_03,P186,APPLIES_TO
RP_RAIN_03,P187,APPLIES_TO
RP_RAIN_03,P188,APPLIES_TO
RP_RAIN_03,P189,APPLIES_TO
RP_RAIN_03,P190,APPLIES_TO
RP_RAIN_03,P191,APPLIES_TO
RP_RAIN_03,P194,APPLIES_TO
RP_RAIN_03,P195,APPLIES_TO
RP_RAIN_03,P196,APPLIES_TO
RP_RAIN_03,P197,APPLIES_TO
RP_RAIN_03,P198,APPLIES_TO
RP_RAIN_03,P201,APPLIES_TO
RP_RAIN_03,P202,APPLIES_TO
RP_RAIN_03,P203,APPLIES_TO
RP_RAIN_03,P204,APPLIES_TO
RP_RAIN_03,P205,APPLIES_TO
RP_RAIN_03,P206,APPLIES_TO
RP_RAIN_03,P207,APPLIES_TO
RP_RAIN_03,P209,APPLIES_TO
RP_RAIN_03,P210,APPLIES_TO
RP_RAIN_03,P211,APPLIES_TO
RP_RAIN_03,P213,APPLIES_TO
RP_RAIN_03,P214,APPLIES_TO
RP_RAIN_03,P215,APPLIES_TO
RP_RAIN_03,P216,APPLIES_TO
RP_RAIN_03,P217,APPLIES_TO
RP_RAIN_03,P218,APPLIES_TO
RP_RAIN_03,P219,APPLIES_TO
RP_RAIN_03,P220,APPLIES_TO
RP_RAIN_03,P222,APPLIES_TO
RP_RAIN_03,P223,APPLIES_TO
RP_RAIN_03,P224,APPLIES_TO
RP_RAIN_03,P225,APPLIES_TO
RP_RAIN_03,P226,APPLIES_TO
RP_RAIN_03,P227,APPLIES_TO
RP_RAIN_03,P228,APPLIES_TO
RP_RAIN_03,P229,APPLIES_TO
RP_RAIN_03,P230,APPLIES_TO
RP_RAIN_03,P231,APPLIES_TO
RP_RAIN_03,P232,APPLIES_TO
RP_RAIN_03,P233,APPLIES_TO
RP_RAIN_03,P234,APPLIES_TO
RP_RAIN_03,P235,APPLIES_TO
RP_RAIN_03,P236,APPLIES_TO
RP_RAIN_03,P237,APPLIES_TO
RP_RAIN_03,P238,APPLIES_TO
RP_RAIN_03,P239,APPLIES_TO
RP_RAIN_03,P240,APPLIES_TO
RP_RAIN_03,P241,APPLIES_TO
RP_RAIN_03,P242,APPLIES_TO
RP_RAIN_03,P244,APPLIES_TO
RP_RAIN_03,P245,APPLIES_TO
RP_RAIN_03,P246,APPLIES_TO
RP_RAIN_03,P247,APPLIES_TO
RP_RAIN_03,P248,APPLIES_TO
RP_RAIN_03,P249,APPLIES_TO
RP_RAIN_03,P250,APPLIES_TO
RP_RAIN_03,P251,APPLIES_TO
RP_RAIN_03,P252,APPLIES_TO
RP_RAIN_03,P253,APPLIES_TO
RP_RAIN_03,P254,APPLIES_TO
RP_RAIN_03,P255,APPLIES_TO
RP_RAIN_03,P256,APPLIES_TO
RP_RAIN_03,P257,APPLIES_TO
RP_RAIN_03,P258,APPLIES_TO
RP_RAIN_03,P259,APPLIES_TO
RP_RAIN_03,P260,APPLIES_TO
RP_RAIN_03,P261,APPLIES_TO
RP_RAIN_03,P262,APPLIES_TO
RP_RAIN_03,P263,APPLIES_TO
RP_RAIN_03,P265,APPLIES_TO
RP_RAIN_03,P266,APPLIES_TO
RP_RAIN_03,P267,APPLIES_TO
RP_RAIN_03,P268,APPLIES_TO
RP_RAIN_03,P269,APPLIES_TO
RP_RAIN_03,P270,APPLIES_TO
RP_RAIN_03,P272,APPLIES_TO
RP_RAIN_03,P275,APPLIES_TO
RP_RAIN_03,P276,APPLIES_TO
RP_RAIN_03,P277,APPLIES_TO
RP_RAIN_03,P278,APPLIES_TO
RP_RAIN_03,P279,APPLIES_TO
RP_RAIN_03,P280,APPLIES_TO
RP_RAIN_03,P281,APPLIES_TO
RP_RAIN_03,P282,APPLIES_TO
RP_RAIN_03,P284,APPLIES_TO
RP_RAIN_03,P285,APPLIES_TO
RP_RAIN_03,P286,APPLIES_TO
RP_RAIN_03,P287,APPLIES_TO
RP_RAIN_03,P288,APPLIES_TO
RP_RAIN_03,P289,APPLIES_TO
RP_RAIN_03,P290,APPLIES_TO
RP_RAIN_03,P293,APPLIES_TO
RP_RAIN_03,P295,APPLIES_TO
RP_RAIN_03,P296,APPLIES_TO
RP_RAIN_03,P297,APPLIES_TO
RP_RAIN_03,P298,APPLIES_TO
RP_RAIN_03,P300,APPLIES_TO
RP_RAIN_03,P301,APPLIES_TO
RP_RAIN_03,P302,APPLIES_TO
RP_RAIN_03,P304,APPLIES_TO
RP_RAIN_03,P306,APPLIES_TO
RP_RAIN_03,P307,APPLIES_TO
RP_RAIN_03,P308,APPLIES_TO
RP_RAIN_03,P309,APPLIES_TO
RP_RAIN_03,P310,APPLIES_TO
RP_RAIN_03,P311,APPLIES_TO
RP_RAIN_03,P312,APPLIES_TO
RP_RAIN_03,P313,APPLIES_TO
RP_RAIN_03,P314,APPLIES_TO
RP_RAIN_03,P315,APPLIES_TO
RP_RAIN_03,P316,APPLIES_TO
RP_RAIN_03,P317,APPLIES_TO
RP_RAIN_03,P318,APPLIES_TO
RP_RAIN_03,P319,APPLIES_TO
RP_RAIN_03,P320,APPLIES_TO
RP_RAIN_03,P321,APPLIES_TO
RP_RAIN_03,P322,APPLIES_TO
RP_RAIN_03,P323,APPLIES_TO
RP_RAIN_03,P324,APPLIES_TO
RP_RAIN_03,P325,APPLIES_TO
RP_RAIN_03,P326,APPLIES_TO
RP_RAIN_03,P327,APPLIES_TO
RP_RAIN_03,P328,APPLIES_TO
RP_RAIN_03,P329,APPLIES_TO
RP_RAIN_03,P330,APPLIES_TO
RP_RAIN_03,P331,APPLIES_TO
RP_RAIN_03,P332,APPLIES_TO
RP_RAIN_03,P333,APPLIES_TO
RP_RAIN_03,P334,APPLIES_TO
RP_RAIN_03,P335,APPLIES_TO
RP_RAIN_03,P336,APPLIES_TO
RP_RAIN_03,P337,APPLIES_TO
RP_RAIN_03,P338,APPLIES_TO
RP_RAIN_03,P339,APPLIES_TO
RP_RAIN_03,P340,APPLIES_TO
RP_RAIN_03,P341,APPLIES_TO
RP_RAIN_03,P342,APPLIES_TO
RP_RAIN_03,P343,APPLIES_TO
RP_RAIN_03,P344,APPLIES_TO
RP_RAIN_03,P347,APPLIES_TO
RP_RAIN_03,P348,APPLIES_TO
RP_RAIN_03,P349,APPLIES_TO
RP_RAIN_03,P350,APPLIES_TO
RP_RAIN_03,P351,APPLIES_TO
RP_RAIN_03,P353,APPLIES_TO
RP_RAIN_03,P354,APPLIES_TO
RP_RAIN_03,P355,APPLIES_TO
RP_RAIN_03,P356,APPLIES_TO
RP_RAIN_03,P357,APPLIES_TO
RP_RAIN_03,P358,APPLIES_TO
RP_RAIN_03,P359,APPLIES_TO
RP_RAIN_03,P360,APPLIES_TO
RP_RAIN_03,P361,APPLIES_TO
RP_RAIN_03,P362,APPLIES_TO
RP_RAIN_03,P363,APPLIES_TO
RP_RAIN_03,P366,APPLIES_TO
RP_RAIN_03,P367,APPLIES_TO
RP_RAIN_03,P368,APPLIES_TO
RP_RAIN_03,P369,APPLIES_TO
RP_RAIN_03,P371,APPLIES_TO
RP_RAIN_03,P372,APPLIES_TO
RP_RAIN_03,P373,APPLIES_TO
RP_RAIN_03,P374,APPLIES_TO
RP_RAIN_03,P376,APPLIES_TO
RP_RAIN_03,P377,APPLIES_TO
RP_RAIN_03,P378,APPLIES_TO
RP_RAIN_03,P379,APPLIES_TO
RP_RAIN_03,P380,APPLIES_TO
RP_RAIN_03,P381,APPLIES_TO
RP_RAIN_03,P382,APPLIES_TO
RP_RAIN_03,P383,APPLIES_TO
RP_RAIN_03,P384,APPLIES_TO
RP_RAIN_03,P385,APPLIES_TO
RP_RAIN_03,P387,APPLIES_TO
RP_RAIN_03,P388,APPLIES_TO
RP_RAIN_03,P390,APPLIES_TO
RP_RAIN_03,P391,APPLIES_TO
RP_RAIN_03,P392,APPLIES_TO
RP_RAIN_03,P394,APPLIES_TO
RP_RAIN_03,P396,APPLIES_TO
RP_RAIN_03,P398,APPLIES_TO
RP_RAIN_03,P399,APPLIES_TO
RP_RAIN_03,P400,APPLIES_TO
RP_RAIN_03,P401,APPLIES_TO
RP_RAIN_03,P402,APPLIES_TO
RP_RAIN_03,P403,APPLIES_TO
RP_RAIN_03,P404,APPLIES_TO
RP_RAIN_03,P405,APPLIES_TO
RP_RAIN_03,P406,APPLIES_TO
RP_RAIN_03,P407,APPLIES_TO
RP_RAIN_03,P408,APPLIES_TO
RP_RAIN_03,P409,APPLIES_TO
RP_RAIN_03,P410,APPLIES_TO
RP_RAIN_03,P411,APPLIES_TO
RP_RAIN_03,P412,APPLIES_TO
RP_RAIN_03,P414,APPLIES_TO
RP_RAIN_03,P415,APPLIES_TO
RP_RAIN_03,P416,APPLIES_TO
RP_RAIN_03,P417,APPLIES_TO
RP_RAIN_03,P418,APPLIES_TO
RP_RAIN_03,P419,APPLIES_TO
RP_RAIN_03,P420,APPLIES_TO
RP_RAIN_03,P421,APPLIES_TO
RP_RAIN_03,P422,APPLIES_TO
RP_RAIN_03,P423,APPLIES_TO
RP_RAIN_03,P424,APPLIES_TO
RP_RAIN_03,P426,APPLIES_TO
RP_RAIN_03,P427,APPLIES_TO
RP_RAIN_03,P429,APPLIES_TO
RP_RAIN_03,P430,APPLIES_TO
RP_RAIN_03,P431,APPLIES_TO
RP_RAIN_03,P432,APPLIES_TO
RP_RAIN_03,P433,APPLIES_TO
RP_RAIN_03,P434,APPLIES_TO
RP_RAIN_03,P435,APPLIES_TO
RP_RAIN_03,P436,APPLIES_TO
RP_RAIN_03,P437,APPLIES_TO
RP_RAIN_03,P438,APPLIES_TO
RP_RAIN_03,P439,APPLIES_TO
RP_RAIN_03,P440,APPLIES_TO
RP_RAIN_03,P441,APPLIES_TO
RP_RAIN_03,P442,APPLIES_TO
RP_RAIN_03,P443,APPLIES_TO
RP_RAIN_03,P445,APPLIES_TO
RP_RAIN_03,P446,APPLIES_TO
RP_RAIN_03,P447,APPLIES_TO
RP_RAIN_03,P448,APPLIES_TO
RP_RAIN_03,P449,APPLIES_TO
RP_RAIN_03,P450,APPLIES_TO
RP_RAIN_03,P452,APPLIES_TO
RP_RAIN_03,P453,APPLIES_TO
RP_RAIN_03,P454,APPLIES_TO
RP_RAIN_03,P455,APPLIES_TO
RP_RAIN_03,P456,APPLIES_TO
RP_RAIN_03,P457,APPLIES_TO
RP_RAIN_03,P458,APPLIES_TO
RP_RAIN_03,P459,APPLIES_TO
RP_RAIN_03,P460,APPLIES_TO
RP_RAIN_03,P462,APPLIES_TO
RP_RAIN_03,P463,APPLIES_TO
RP_RAIN_03,P465,APPLIES_TO
RP_RAIN_03,P466,APPLIES_TO
RP_RAIN_03,P467,APPLIES_TO
RP_RAIN_03,P469,APPLIES_TO
RP_RAIN_03,P470,APPLIES_TO
RP_RAIN_03,P472,APPLIES_TO
RP_RAIN_03,P476,APPLIES_TO
RP_RAIN_03,P477,APPLIES_TO
RP_RAIN_03,P478,APPLIES_TO
RP_RAIN_03,P479,APPLIES_TO
RP_RAIN_03,P480,APPLIES_TO
RP_RAIN_03,P482,APPLIES_TO
RP_RAIN_03,P483,APPLIES_TO
RP_RAIN_03,P484,APPLIES_TO
RP_RAIN_03,P485,APPLIES_TO
RP_RAIN_03,P486,APPLIES_TO
RP_RAIN_03,P487,APPLIES_TO
RP_RAIN_03,P488,APPLIES_TO
RP_RAIN_03,P489,APPLIES_TO
RP_RAIN_03,P490,APPLIES_TO
RP_RAIN_03,P491,APPLIES_TO
RP_RAIN_03,P492,APPLIES_TO
RP_RAIN_03,P493,APPLIES_TO
RP_RAIN_03,P494,APPLIES_TO
RP_RAIN_03,P495,APPLIES_TO
RP_RAIN_03,P497,APPLIES_TO
RP_RAIN_03,P498,APPLIES_TO
RP_RAIN_03,P499,APPLIES_TO
RP_RAIN_03,P501,APPLIES_TO
RP_RAIN_03,P502,APPLIES_TO
RP_RAIN_03,P503,APPLIES_TO
RP_RAIN_03,P504,APPLIES_TO
RP_RAIN_03,P505,APPLIES_TO
RP_RAIN_03,P506,APPLIES_TO
RP_RAIN_03,P507,APPLIES_TO
RP_RAIN_03,P508,APPLIES_TO
RP_RAIN_03,P509,APPLIES_TO
RP_RAIN_03,P510,APPLIES_TO
RP_RAIN_03,P513,APPLIES_TO
RP_RAIN_03,P514,APPLIES_TO
RP_RAIN_03,P515,APPLIES_TO
RP_RAIN_03,P516,APPLIES_TO
RP_RAIN_03,P517,APPLIES_TO
RP_RAIN_03,P519,APPLIES_TO
RP_RAIN_03,P520,APPLIES_TO
RP_RAIN_03,P521,APPLIES_TO
RP_RAIN_03,P523,APPLIES_TO
RP_RAIN_03,P524,APPLIES_TO
RP_RAIN_03,P525,APPLIES_TO
RP_RAIN_03,P526,APPLIES_TO
RP_RAIN_03,P527,APPLIES_TO
RP_RAIN_03,P531,APPLIES_TO
RP_RAIN_03,P532,APPLIES_TO
RP_RAIN_03,P534,APPLIES_TO
RP_RAIN_03,P536,APPLIES_TO
RP_RAIN_03,P537,APPLIES_TO
RP_RAIN_03,P538,APPLIES_TO
RP_RAIN_03,P539,APPLIES_TO
RP_RAIN_03,P540,APPLIES_TO
RP_RAIN_03,P541,APPLIES_TO
RP_RAIN_03,P542,APPLIES_TO
RP_RAIN_03,P543,APPLIES_TO
RP_RAIN_03,P545,APPLIES_TO
RP_RAIN_03,P546,APPLIES_TO
RP_RAIN_03,P547,APPLIES_TO
RP_RAIN_03,P548,APPLIES_TO
RP_RAIN_03,P549,APPLIES_TO
RP_RAIN_03,P550,APPLIES_TO
RP_RAIN_03,P551,APPLIES_TO
RP_RAIN_03,P552,APPLIES_TO
RP_RAIN_03,P553,APPLIES_TO
RP_RAIN_03,P554,APPLIES_TO
RP_RAIN_03,P555,APPLIES_TO
RP_RAIN_03,P556,APPLIES_TO
RP_RAIN_03,P557,APPLIES_TO
RP_RAIN_03,P558,APPLIES_TO
RP_RAIN_03,P559,APPLIES_TO
RP_RAIN_03,P560,APPLIES_TO
RP_RAIN_03,P561,APPLIES_TO
RP_RAIN_03,P562,APPLIES_TO
RP_RAIN_03,P563,APPLIES_TO
RP_RAIN_03,P564,APPLIES_TO
RP_RAIN_03,P565,APPLIES_TO
RP_RAIN_03,P566,APPLIES_TO
RP_RAIN_03,P567,APPLIES_TO
RP_RAIN_03,P568,APPLIES_TO
RP_RAIN_03,P569,APPLIES_TO
RP_RAIN_03,P570,APPLIES_TO
RP_RAIN_03,P571,APPLIES_TO
RP_RAIN_03,P572,APPLIES_TO
RP_RAIN_03,P573,APPLIES_TO
RP_RAIN_03,P574,APPLIES_TO
RP_RAIN_03,P575,APPLIES_TO
RP_RAIN_03,P576,APPLIES_TO
RP_RAIN_03,P577,APPLIES_TO
RP_RAIN_03,P578,APPLIES_TO
RP_RAIN_03,P579,APPLIES_TO
RP_RAIN_03,P580,APPLIES_TO
RP_RAIN_03,P581,APPLIES_TO
RP_RAIN_03,P582,APPLIES_TO
RP_RAIN_03,P583,APPLIES_TO
RP_RAIN_03,P584,APPLIES_TO
RP_RAIN_03,P585,APPLIES_TO
RP_RAIN_03,P586,APPLIES_TO
RP_RAIN_03,P587,APPLIES_TO
RP_RAIN_03,P588,APPLIES_TO
RP_RAIN_03,P589,APPLIES_TO
RP_RAIN_03,P590,APPLIES_TO
RP_RAIN_03,P591,APPLIES_TO
RP_RAIN_03,P592,APPLIES_TO
RP_RAIN_03,P593,APPLIES_TO
RP_RAIN_03,P594,APPLIES_TO
RP_RAIN_03,P595,APPLIES_TO
RP_RAIN_03,P596,APPLIES_TO
RP_RAIN_03,P597,APPLIES_TO
RP_RAIN_03,P598,APPLIES_TO
RP_RAIN_03,P599,APPLIES_TO
RP_RAIN_03,P600,APPLIES_TO
RP_RAIN_03,P601,APPLIES_TO
RP_RAIN_03,P602,APPLIES_TO
RP_RAIN_03,P603,APPLIES_TO
RP_RAIN_03,P604,APPLIES_TO
RP_RAIN_03,P605,APPLIES_TO
RP_RAIN_03,P606,APPLIES_TO
RP_RAIN_03,P607,APPLIES_TO
RP_RAIN_03,P608,APPLIES_TO
RP_RAIN_03,P609,APPLIES_TO
RP_RAIN_03,P610,APPLIES_TO
RP_RAIN_03,P611,APPLIES_TO
RP_RAIN_03,P612,APPLIES_TO
RP_RAIN_03,P613,APPLIES_TO
RP_RAIN_03,P614,APPLIES_TO
RP_RAIN_03,P615,APPLIES_TO
RP_RAIN_03,P616,APPLIES_TO
RP_RAIN_03,P617,APPLIES_TO
RP_RAIN_03,P618,APPLIES_TO
RP_RAIN_03,P619,APPLIES_TO
RP_RAIN_03,P620,APPLIES_TO
RP_RAIN_03,P621,APPLIES_TO
RP_RAIN_03,P622,APPLIES_TO
RP_RAIN_03,P623,APPLIES_TO
RP_RAIN_03,P624,APPLIES_TO
RP_RAIN_03,P625,APPLIES_TO
RP_RAIN_03,P626,APPLIES_TO
RP_RAIN_03,P627,APPLIES_TO
RP_RAIN_03,P628,APPLIES_TO
RP_RAIN_03,P629,APPLIES_TO
RP_RAIN_03,P630,APPLIES_TO
RP_RAIN_03,P631,APPLIES_TO
RP_RAIN_03,P632,APPLIES_TO
RP_RAIN_03,P633,APPLIES_TO
RP_RAIN_03,P634,APPLIES_TO
RP_RAIN_03,P635,APPLIES_TO
RP_RAIN_03,P636,APPLIES_TO
RP_RAIN_03,P637,APPLIES_TO
RP_RAIN_03,P638,APPLIES_TO
RP_RAIN_03,P639,APPLIES_TO
RP_RAIN_03,P640,APPLIES_TO
RP_RAIN_03,P641,APPLIES_TO
RP_RAIN_03,P642,APPLIES_TO
RP_RAIN_03,P643,APPLIES_TO
RP_RAIN_03,P648,APPLIES_TO
RP_RAIN_03,P649,APPLIES_TO
RP_RAIN_03,P650,APPLIES_TO
RP_RAIN_03,P652,APPLIES_TO
RP_RAIN_03,P653,APPLIES_TO
RP_RAIN_03,P654,APPLIES_TO
RP_RAIN_03,P655,APPLIES_TO
RP_RAIN_03,P656,APPLIES_TO
RP_RAIN_03,P657,APPLIES_TO
RP_RAIN_03,P658,APPLIES_TO
RP_RAIN_03,P659,APPLIES_TO
RP_RAIN_03,P660,APPLIES_TO
RP_RAIN_03,P661,APPLIES_TO
RP_RAIN_03,P662,APPLIES_TO
RP_RAIN_03,P663,APPLIES_TO
RP_RAIN_03,P664,APPLIES_TO
RP_RAIN_03,P665,APPLIES_TO
RP_RAIN_03,P666,APPLIES_TO
RP_RAIN_03,P667,APPLIES_TO
RP_RAIN_03,P668,APPLIES_TO
RP_RAIN_03,P669,APPLIES_TO
RP_RAIN_03,P670,APPLIES_TO
RP_RAIN_03,P671,APPLIES_TO
RP_RAIN_03,P672,APPLIES_TO
RP_RAIN_03,P673,APPLIES_TO
RP_RAIN_03,P674,APPLIES_TO
RP_RAIN_03,P683,APPLIES_TO
RP_RAIN_03,P689,APPLIES_TO
RP_RAIN_03,P703,APPLIES_TO
RP_RAIN_03,P708,APPLIES_TO
RP_RAIN_03,P712,APPLIES_TO
RP_RAIN_03,P715,APPLIES_TO
RP_RAIN_03,P716,APPLIES_TO
RP_RAIN_03,P718,APPLIES_TO
RP_RAIN_03,P719,APPLIES_TO
RP_RAIN_03,P720,APPLIES_TO
RP_RAIN_03,P721,APPLIES_TO
RP_RAIN_03,P722,APPLIES_TO
RP_RAIN_03,P723,APPLIES_TO
RP_RAIN_03,P725,APPLIES_TO
RP_RAIN_03,P726,APPLIES_TO
RP_RAIN_03,P727,APPLIES_TO
RP_RAIN_03,P728,APPLIES_TO
RP_RAIN_03,P729,APPLIES_TO
RP_RAIN_03,P730,APPLIES_TO
RP_RAIN_03,P731,APPLIES_TO
RP_RAIN_03,P732,APPLIES_TO
RP_RAIN_03,P734,APPLIES_TO
RP_RAIN_03,P735,APPLIES_TO
RP_RAIN_03,P736,APPLIES_TO
RP_RAIN_03,P737,APPLIES_TO
RP_RAIN_03,P738,APPLIES_TO
RP_RAIN_03,P739,APPLIES_TO
RP_RAIN_03,P740,APPLIES_TO
RP_RAIN_03,P741,APPLIES_TO
RP_RAIN_03,P742,APPLIES_TO
RP_RAIN_03,P743,APPLIES_TO
RP_RAIN_03,P744,APPLIES_TO
RP_RAIN_03,P745,APPLIES_TO
RP_RAIN_03,P746,APPLIES_TO
RP_RAIN_03,P747,APPLIES_TO
RP_RAIN_03,P748,APPLIES_TO
RP_RAIN_03,P749,APPLIES_TO
RP_RAIN_03,P750,APPLIES_TO
RP_RAIN_03,P751,APPLIES_TO
RP_RAIN_03,P752,APPLIES_TO
RP_RAIN_03,P753,APPLIES_TO
RP_RAIN_03,P754,APPLIES_TO
RP_RAIN_03,P755,APPLIES_TO
RP_RAIN_03,P756,APPLIES_TO
RP_RAIN_03,P757,APPLIES_TO
RP_RAIN_03,P758,APPLIES_TO
RP_RAIN_03,P759,APPLIES_TO
RP_RAIN_03,P760,APPLIES_TO
RP_RAIN_03,P761,APPLIES_TO
RP_RAIN_03,P762,APPLIES_TO
RP_RAIN_03,P763,APPLIES_TO
RP_RAIN_03,P764,APPLIES_TO
RP_RAIN_03,P765,APPLIES_TO
RP_RAIN_03,P766,APPLIES_TO
RP_RAIN_03,P767,APPLIES_TO
RP_RAIN_03,P768,APPLIES_TO
RP_RAIN_03,P769,APPLIES_TO
RP_RAIN_03,P770,APPLIES_TO
RP_RAIN_03,P771,APPLIES_TO
RP_RAIN_03,P772,APPLIES_TO
RP_RAIN_03,P773,APPLIES_TO
RP_RAIN_03,P774,APPLIES_TO
RP_RAIN_03,P775,APPLIES_TO
RP_RAIN_03,P776,APPLIES_TO
RP_RAIN_03,P777,APPLIES_TO
RP_RAIN_03,P778,APPLIES_TO
RP_RAIN_03,P779,APPLIES_TO
RP_RAIN_03,P780,APPLIES_TO
RP_RAIN_03,P781,APPLIES_TO
RP_RAIN_03,P782,APPLIES_TO
RP_RAIN_03,P783,APPLIES_TO
RP_RAIN_03,P784,APPLIES_TO
RP_RAIN_03,P785,APPLIES_TO
RP_RAIN_03,P786,APPLIES_TO
RP_RAIN_03,P787,APPLIES_TO
RP_RAIN_03,P788,APPLIES_TO
RP_RAIN_03,P789,APPLIES_TO
RP_RAIN_03,P790,APPLIES_TO
RP_RAIN_03,P791,APPLIES_TO
RP_RAIN_03,P792,APPLIES_TO
RP_RAIN_03,P793,APPLIES_TO
RP_RAIN_03,P794,APPLIES_TO
RP_RAIN_03,P795,APPLIES_TO
RP_RAIN_03,P796,APPLIES_TO
RP_RAIN_03,P797,APPLIES_TO
RP_RAIN_03,P798,APPLIES_TO
RP_RAIN_03,P799,APPLIES_TO
RP_RAIN_03,P800,APPLIES_TO
RP_RAIN_03,P801,APPLIES_TO
RP_RAIN_03,P802,APPLIES_TO
RP_RAIN_03,P803,APPLIES_TO
RP_RAIN_03,P804,APPLIES_TO
RP_RAIN_03,P805,APPLIES_TO
RP_RAIN_03,P806,APPLIES_TO
RP_RAIN_03,P807,APPLIES_TO
RP_RAIN_03,P808,APPLIES_TO
RP_RAIN_03,P809,APPLIES_TO
RP_RAIN_03,P810,APPLIES_TO
RP_RAIN_03,P811,APPLIES_TO
RP_RAIN_03,P812,APPLIES_TO
RP_RAIN_03,P813,APPLIES_TO
RP_RAIN_03,P814,APPLIES_TO
RP_RAIN_03,P815,APPLIES_TO
RP_RAIN_03,P816,APPLIES_TO
RP_RAIN_03,P817,APPLIES_TO
RP_RAIN_03,P818,APPLIES_TO
RP_RAIN_03,P819,APPLIES_TO
RP_RAIN_03,P820,APPLIES_TO
RP_RAIN_03,P821,APPLIES_TO
RP_RAIN_03,P822,APPLIES_TO
RP_RAIN_03,P823,APPLIES_TO
RP_RAIN_03,P824,APPLIES_TO
RP_RAIN_03,P825,APPLIES_TO
RP_RAIN_03,P826,APPLIES_TO
RP_RAIN_03,P827,APPLIES_TO
RP_RAIN_03,P828,APPLIES_TO
RP_RAIN_03,P829,APPLIES_TO
RP_RAIN_03,P830,APPLIES_TO
RP_RAIN_03,P831,APPLIES_TO
RP_RAIN_03,P832,APPLIES_TO
RP_RAIN_03,P833,APPLIES_TO
RP_RAIN_03,P834,APPLIES_TO
RP_RAIN_03,P835,APPLIES_TO
RP_RAIN_03,P836,APPLIES_TO
RP_RAIN_03,P837,APPLIES_TO
RP_RAIN_03,P838,APPLIES_TO
RP_RAIN_03,P839,APPLIES_TO
RP_RAIN_03,P840,APPLIES_TO
RP_RAIN_03,P841,APPLIES_TO
RP_RAIN_03,P842,APPLIES_TO
RP_RAIN_03,P843,APPLIES_TO
RP_RAIN_03,P844,APPLIES_TO
RP_RAIN_03,P845,APPLIES_TO
RP_RAIN_03,P846,APPLIES_TO
RP_RAIN_03,P847,APPLIES_TO
RP_RAIN_03,P848,APPLIES_TO
RP_RAIN_03,P849,APPLIES_TO
RP_RAIN_03,P850,APPLIES_TO
RP_RAIN_03,P851,APPLIES_TO
RP_RAIN_03,P852,APPLIES_TO
RP_RAIN_03,P853,APPLIES_TO
RP_RAIN_03,P854,APPLIES_TO
RP_RAIN_03,P855,APPLIES_TO
RP_RAIN_03,P856,APPLIES_TO
RP_RAIN_03,P857,APPLIES_TO
RP_RAIN_03,P858,APPLIES_TO
RP_RAIN_03,P859,APPLIES_TO
RP_RAIN_03,P860,APPLIES_TO
RP_RAIN_03,P861,APPLIES_TO
RP_RAIN_03,P862,APPLIES_TO
RP_RAIN_03,P863,APPLIES_TO
RP_RAIN_03,P864,APPLIES_TO
RP_RAIN_03,P865,APPLIES_TO
RP_RAIN_03,P866,APPLIES_TO
RP_RAIN_03,P867,APPLIES_TO
RP_RAIN_03,P868,APPLIES_TO
RP_RAIN_03,P869,APPLIES_TO
RP_RAIN_03,P870,APPLIES_TO
RP_RAIN_03,P871,APPLIES_TO
RP_RAIN_03,P872,APPLIES_TO
RP_RAIN_03,P873,APPLIES_TO
RP_RAIN_03,P874,APPLIES_TO
RP_RAIN_03,P875,APPLIES_TO
RP_RAIN_03,P876,APPLIES_TO
RP_RAIN_03,P877,APPLIES_TO
RP_RAIN_03,P878,APPLIES_TO
RP_RAIN_03,P879,APPLIES_TO
RP_RAIN_03,P880,APPLIES_TO
RP_RAIN_03,P881,APPLIES_TO
RP_RAIN_03,P882,APPLIES_TO
RP_RAIN_03,P883,APPLIES_TO
RP_RAIN_03,P884,APPLIES_TO
RP_RAIN_03,P885,APPLIES_TO
RP_RAIN_03,P886,APPLIES_TO
RP_RAIN_03,P887,APPLIES_TO
RP_RAIN_03,P888,APPLIES_TO
RP_RAIN_03,P889,APPLIES_TO
RP_RAIN_03,P890,APPLIES_TO
RP_RAIN_03,P891,APPLIES_TO
RP_RAIN_03,P892,APPLIES_TO
RP_RAIN_03,P893,APPLIES_TO
RP_RAIN_03,P894,APPLIES_TO
RP_RAIN_03,P895,APPLIES_TO
RP_RAIN_03,P896,APPLIES_TO
RP_RAIN_03,P897,APPLIES_TO
RP_RAIN_03,P898,APPLIES_TO
RP_RAIN_03,P899,APPLIES_TO
RP_RAIN_03,P900,APPLIES_TO
RP_RAIN_03,P901,APPLIES_TO
RP_RAIN_03,P902,APPLIES_TO
RP_RAIN_03,P903,APPLIES_TO
RP_RAIN_03,P904,APPLIES_TO
RP_RAIN_03,P905,APPLIES_TO
RP_RAIN_03,P906,APPLIES_TO
RP_RAIN_03,P907,APPLIES_TO
RP_RAIN_03,P908,APPLIES_TO
RP_RAIN_03,P909,APPLIES_TO
RP_RAIN_03,P910,APPLIES_TO
RP_RAIN_03,P911,APPLIES_TO
RP_RAIN_03,P912,APPLIES_TO
RP_RAIN_03,P913,APPLIES_TO
RP_RAIN_03,P914,APPLIES_TO
RP_RAIN_03,P915,APPLIES_TO
RP_RAIN_03,P916,APPLIES_TO
RP_RAIN_03,P917,APPLIES_TO
RP_RAIN_03,P918,APPLIES_TO
RP_RAIN_03,P919,APPLIES_TO
RP_RAIN_03,P920,APPLIES_TO
RP_RAIN_03,P921,APPLIES_TO
RP_RAIN_03,P922,APPLIES_TO
RP_RAIN_03,P923,APPLIES_TO
RP_RAIN_03,P924,APPLIES_TO
RP_RAIN_03,P925,APPLIES_TO
RP_RAIN_03,P926,APPLIES_TO
RP_RAIN_03,P927,APPLIES_TO
RP_RAIN_03,P928,APPLIES_TO
RP_RAIN_03,P929,APPLIES_TO
RP_RAIN_03,P930,APPLIES_TO
RP_RAIN_03,P931,APPLIES_TO
RP_RAIN_03,P935,APPLIES_TO
RP_RAIN_03,P936,APPLIES_TO
RP_RAIN_03,P937,APPLIES_TO
RP_RAIN_03,P938,APPLIES_TO
RP_RAIN_03,P939,APPLIES_TO
RP_RAIN_03,P940,APPLIES_TO
RP_RAIN_03,P942,APPLIES_TO
RP_RAIN_03,P943,APPLIES_TO
RP_RAIN_03,P944,APPLIES_TO
RP_RAIN_03,P945,APPLIES_TO
RP_RAIN_03,P946,APPLIES_TO
RP_RAIN_03,P947,APPLIES_TO
RP_RAIN_03,P948,APPLIES_TO
RP_RAIN_03,P949,APPLIES_TO
RP_RAIN_03,P950,APPLIES_TO
RP_RAIN_03,P951,APPLIES_TO
RP_RAIN_03,P952,APPLIES_TO
RP_RAIN_03,P954,APPLIES_TO
RP_RAIN_03,P955,APPLIES_TO
RP_RAIN_03,P956,APPLIES_TO
RP_RAIN_03,P957,APPLIES_TO
RP_RAIN_03,P958,APPLIES_TO
RP_RAIN_03,P959,APPLIES_TO
RP_RAIN_03,P960,APPLIES_TO
RP_RAIN_03,P962,APPLIES_TO
RP_RAIN_03,P963,APPLIES_TO
RP_RAIN_03,P964,APPLIES_TO
RP_RAIN_03,P965,APPLIES_TO
RP_RAIN_03,P966,APPLIES_TO
RP_RAIN_03,P967,APPLIES_TO
RP_RAIN_03,P968,APPLIES_TO
RP_RAIN_03,P969,APPLIES_TO
RP_RAIN_03,P971,APPLIES_TO
RP_RAIN_03,P972,APPLIES_TO
RP_RAIN_03,P973,APPLIES_TO
RP_RAIN_03,P975,APPLIES_TO
RP_RAIN_03,P976,APPLIES_TO
RP_RAIN_03,P977,APPLIES_TO
RP_RAIN_03,P978,APPLIES_TO
RP_RAIN_03,P979,APPLIES_TO
RP_RAIN_03,P980,APPLIES_TO
RP_RAIN_03,P981,APPLIES_TO
RP_RAIN_03,P982,APPLIES_TO
RP_RAIN_03,P983,APPLIES_TO
RP_RAIN_03,P984,APPLIES_TO
RP_RAIN_03,P985,APPLIES_TO
RP_RAIN_03,P986,APPLIES_TO
RP_RAIN_03,P987,APPLIES_TO
RP_RAIN_03,P988,APPLIES_TO
RP_RAIN_03,P989,APPLIES_TO
RP_RAIN_03,P990,APPLIES_TO
RP_RAIN_03,P991,APPLIES_TO
RP_RAIN_03,P992,APPLIES_TO
RP_RAIN_03,P993,APPLIES_TO
RP_RAIN_03,P994,APPLIES_TO
RP_RAIN_03,P995,APPLIES_TO
RP_RAIN_03,P996,APPLIES_TO
RP_RAIN_03,P997,APPLIES_TO
RP_RAIN_03,P999,APPLIES_TO
RP_RAIN_03,P1001,APPLIES_TO
RP_RAIN_03,P1002,APPLIES_TO
RP_RAIN_03,P1004,APPLIES_TO
RP_RAIN_03,P1005,APPLIES_TO
RP_RAIN_03,P1006,APPLIES_TO
RP_RAIN_03,P1007,APPLIES_TO
RP_RAIN_03,P1009,APPLIES_TO
RP_RAIN_03,P1010,APPLIES_TO
RP_RAIN_03,P1011,APPLIES_TO
RP_RAIN_03,P1012,APPLIES_TO
RP_RAIN_03,P1014,APPLIES_TO
RP_RAIN_03,P1015,APPLIES_TO
RP_RAIN_03,P1016,APPLIES_TO
RP_RAIN_03,P1018,APPLIES_TO
RP_RAIN_03,P1019,APPLIES_TO
RP_RAIN_03,P1022,APPLIES_TO
RP_FLASHFLOOD_01,P024,APPLIES_TO
RP_FLASHFLOOD_01,P037,APPLIES_TO
RP_FLASHFLOOD_01,P077,APPLIES_TO
RP_FLASHFLOOD_01,P148,APPLIES_TO
RP_FLASHFLOOD_01,P258,APPLIES_TO
RP_FLASHFLOOD_01,P441,APPLIES_TO
RP_FLASHFLOOD_01,P598,APPLIES_TO
RP_FLASHFLOOD_01,P850,APPLIES_TO
RP_HEAT_01,P002,APPLIES_TO
RP_HEAT_01,P004,APPLIES_TO
RP_HEAT_01,P005,APPLIES_TO
RP_HEAT_01,P006,APPLIES_TO
RP_HEAT_01,P008,APPLIES_TO
RP_HEAT_01,P010,APPLIES_TO
RP_HEAT_01,P011,APPLIES_TO
RP_HEAT_01,P012,APPLIES_TO
RP_HEAT_01,P013,APPLIES_TO
RP_HEAT_01,P014,APPLIES_TO
RP_HEAT_01,P015,APPLIES_TO
RP_HEAT_01,P016,APPLIES_TO
RP_HEAT_01,P017,APPLIES_TO
RP_HEAT_01,P018,APPLIES_TO
RP_HEAT_01,P020,APPLIES_TO
RP_HEAT_01,P021,APPLIES_TO
RP_HEAT_01,P022,APPLIES_TO
RP_HEAT_01,P023,APPLIES_TO
RP_HEAT_01,P024,APPLIES_TO
RP_HEAT_01,P026,APPLIES_TO
RP_HEAT_01,P028,APPLIES_TO
RP_HEAT_01,P029,APPLIES_TO
RP_HEAT_01,P030,APPLIES_TO
RP_HEAT_01,P031,APPLIES_TO
RP_HEAT_01,P035,APPLIES_TO
RP_HEAT_01,P036,APPLIES_TO
RP_HEAT_01,P037,APPLIES_TO
RP_HEAT_01,P038,APPLIES_TO
RP_HEAT_01,P043,APPLIES_TO
RP_HEAT_01,P045,APPLIES_TO
RP_HEAT_01,P046,APPLIES_TO
RP_HEAT_01,P048,APPLIES_TO
RP_HEAT_01,P049,APPLIES_TO
RP_HEAT_01,P051,APPLIES_TO
RP_HEAT_01,P052,APPLIES_TO
RP_HEAT_01,P053,APPLIES_TO
RP_HEAT_01,P054,APPLIES_TO
RP_HEAT_01,P055,APPLIES_TO
RP_HEAT_01,P056,APPLIES_TO
RP_HEAT_01,P060,APPLIES_TO
RP_HEAT_01,P061,APPLIES_TO
RP_HEAT_01,P062,APPLIES_TO
RP_HEAT_01,P064,APPLIES_TO
RP_HEAT_01,P066,APPLIES_TO
RP_HEAT_01,P067,APPLIES_TO
RP_HEAT_01,P069,APPLIES_TO
RP_HEAT_01,P070,APPLIES_TO
RP_HEAT_01,P074,APPLIES_TO
RP_HEAT_01,P075,APPLIES_TO
RP_HEAT_01,P077,APPLIES_TO
RP_HEAT_01,P079,APPLIES_TO
RP_HEAT_01,P081,APPLIES_TO
RP_HEAT_01,P082,APPLIES_TO
RP_HEAT_01,P084,APPLIES_TO
RP_HEAT_01,P085,APPLIES_TO
RP_HEAT_01,P090,APPLIES_TO
RP_HEAT_01,P091,APPLIES_TO
RP_HEAT_01,P094,APPLIES_TO
RP_HEAT_01,P095,APPLIES_TO
RP_HEAT_01,P097,APPLIES_TO
RP_HEAT_01,P098,APPLIES_TO
RP_HEAT_01,P099,APPLIES_TO
RP_HEAT_01,P100,APPLIES_TO
RP_HEAT_01,P102,APPLIES_TO
RP_HEAT_01,P103,APPLIES_TO
RP_HEAT_01,P104,APPLIES_TO
RP_HEAT_01,P105,APPLIES_TO
RP_HEAT_01,P106,APPLIES_TO
RP_HEAT_01,P107,APPLIES_TO
RP_HEAT_01,P109,APPLIES_TO
RP_HEAT_01,P110,APPLIES_TO
RP_HEAT_01,P112,APPLIES_TO
RP_HEAT_01,P115,APPLIES_TO
RP_HEAT_01,P117,APPLIES_TO
RP_HEAT_01,P120,APPLIES_TO
RP_HEAT_01,P121,APPLIES_TO
RP_HEAT_01,P125,APPLIES_TO
RP_HEAT_01,P126,APPLIES_TO
RP_HEAT_01,P127,APPLIES_TO
RP_HEAT_01,P128,APPLIES_TO
RP_HEAT_01,P129,APPLIES_TO
RP_HEAT_01,P130,APPLIES_TO
RP_HEAT_01,P133,APPLIES_TO
RP_HEAT_01,P138,APPLIES_TO
RP_HEAT_01,P139,APPLIES_TO
RP_HEAT_01,P140,APPLIES_TO
RP_HEAT_01,P141,APPLIES_TO
RP_HEAT_01,P142,APPLIES_TO
RP_HEAT_01,P143,APPLIES_TO
RP_HEAT_01,P144,APPLIES_TO
RP_HEAT_01,P145,APPLIES_TO
RP_HEAT_01,P146,APPLIES_TO
RP_HEAT_01,P147,APPLIES_TO
RP_HEAT_01,P148,APPLIES_TO
RP_HEAT_01,P149,APPLIES_TO
RP_HEAT_01,P152,APPLIES_TO
RP_HEAT_01,P153,APPLIES_TO
RP_HEAT_01,P157,APPLIES_TO
RP_HEAT_01,P158,APPLIES_TO
RP_HEAT_01,P159,APPLIES_TO
RP_HEAT_01,P160,APPLIES_TO
RP_HEAT_01,P161,APPLIES_TO
RP_HEAT_01,P162,APPLIES_TO
RP_HEAT_01,P163,APPLIES_TO
RP_HEAT_01,P165,APPLIES_TO
RP_HEAT_01,P167,APPLIES_TO
RP_HEAT_01,P168,APPLIES_TO
RP_HEAT_01,P170,APPLIES_TO
RP_HEAT_01,P171,APPLIES_TO
RP_HEAT_01,P172,APPLIES_TO
RP_HEAT_01,P173,APPLIES_TO
RP_HEAT_01,P174,APPLIES_TO
RP_HEAT_01,P175,APPLIES_TO
RP_HEAT_01,P178,APPLIES_TO
RP_HEAT_01,P179,APPLIES_TO
RP_HEAT_01,P182,APPLIES_TO
RP_HEAT_01,P183,APPLIES_TO
RP_HEAT_01,P184,APPLIES_TO
RP_HEAT_01,P186,APPLIES_TO
RP_HEAT_01,P187,APPLIES_TO
RP_HEAT_01,P188,APPLIES_TO
RP_HEAT_01,P189,APPLIES_TO
RP_HEAT_01,P190,APPLIES_TO
RP_HEAT_01,P191,APPLIES_TO
RP_HEAT_01,P194,APPLIES_TO
RP_HEAT_01,P195,APPLIES_TO
RP_HEAT_01,P196,APPLIES_TO
RP_HEAT_01,P197,APPLIES_TO
RP_HEAT_01,P198,APPLIES_TO
RP_HEAT_01,P201,APPLIES_TO
RP_HEAT_01,P202,APPLIES_TO
RP_HEAT_01,P203,APPLIES_TO
RP_HEAT_01,P204,APPLIES_TO
RP_HEAT_01,P205,APPLIES_TO
RP_HEAT_01,P206,APPLIES_TO
RP_HEAT_01,P207,APPLIES_TO
RP_HEAT_01,P209,APPLIES_TO
RP_HEAT_01,P210,APPLIES_TO
RP_HEAT_01,P211,APPLIES_TO
RP_HEAT_01,P213,APPLIES_TO
RP_HEAT_01,P214,APPLIES_TO
RP_HEAT_01,P215,APPLIES_TO
RP_HEAT_01,P216,APPLIES_TO
RP_HEAT_01,P217,APPLIES_TO
RP_HEAT_01,P218,APPLIES_TO
RP_HEAT_01,P219,APPLIES_TO
RP_HEAT_01,P220,APPLIES_TO
RP_HEAT_01,P222,APPLIES_TO
RP_HEAT_01,P223,APPLIES_TO
RP_HEAT_01,P224,APPLIES_TO
RP_HEAT_01,P225,APPLIES_TO
RP_HEAT_01,P226,APPLIES_TO
RP_HEAT_01,P227,APPLIES_TO
RP_HEAT_01,P228,APPLIES_TO
RP_HEAT_01,P229,APPLIES_TO
RP_HEAT_01,P230,APPLIES_TO
RP_HEAT_01,P231,APPLIES_TO
RP_HEAT_01,P232,APPLIES_TO
RP_HEAT_01,P233,APPLIES_TO
RP_HEAT_01,P234,APPLIES_TO
RP_HEAT_01,P235,APPLIES_TO
RP_HEAT_01,P236,APPLIES_TO
RP_HEAT_01,P237,APPLIES_TO
RP_HEAT_01,P238,APPLIES_TO
RP_HEAT_01,P239,APPLIES_TO
RP_HEAT_01,P240,APPLIES_TO
RP_HEAT_01,P241,APPLIES_TO
RP_HEAT_01,P242,APPLIES_TO
RP_HEAT_01,P244,APPLIES_TO
RP_HEAT_01,P245,APPLIES_TO
RP_HEAT_01,P246,APPLIES_TO
RP_HEAT_01,P247,APPLIES_TO
RP_HEAT_01,P248,APPLIES_TO
RP_HEAT_01,P249,APPLIES_TO
RP_HEAT_01,P250,APPLIES_TO
RP_HEAT_01,P251,APPLIES_TO
RP_HEAT_01,P252,APPLIES_TO
RP_HEAT_01,P253,APPLIES_TO
RP_HEAT_01,P254,APPLIES_TO
RP_HEAT_01,P255,APPLIES_TO
RP_HEAT_01,P256,APPLIES_TO
RP_HEAT_01,P257,APPLIES_TO
RP_HEAT_01,P258,APPLIES_TO
RP_HEAT_01,P259,APPLIES_TO
RP_HEAT_01,P260,APPLIES_TO
RP_HEAT_01,P261,APPLIES_TO
RP_HEAT_01,P262,APPLIES_TO
RP_HEAT_01,P263,APPLIES_TO
RP_HEAT_01,P265,APPLIES_TO
RP_HEAT_01,P266,APPLIES_TO
RP_HEAT_01,P267,APPLIES_TO
RP_HEAT_01,P268,APPLIES_TO
RP_HEAT_01,P269,APPLIES_TO
RP_HEAT_01,P270,APPLIES_TO
RP_HEAT_01,P272,APPLIES_TO
RP_HEAT_01,P275,APPLIES_TO
RP_HEAT_01,P276,APPLIES_TO
RP_HEAT_01,P277,APPLIES_TO
RP_HEAT_01,P278,APPLIES_TO
RP_HEAT_01,P279,APPLIES_TO
RP_HEAT_01,P280,APPLIES_TO
RP_HEAT_01,P281,APPLIES_TO
RP_HEAT_01,P282,APPLIES_TO
RP_HEAT_01,P284,APPLIES_TO
RP_HEAT_01,P285,APPLIES_TO
RP_HEAT_01,P286,APPLIES_TO
RP_HEAT_01,P287,APPLIES_TO
RP_HEAT_01,P288,APPLIES_TO
RP_HEAT_01,P289,APPLIES_TO
RP_HEAT_01,P290,APPLIES_TO
RP_HEAT_01,P293,APPLIES_TO
RP_HEAT_01,P295,APPLIES_TO
RP_HEAT_01,P296,APPLIES_TO
RP_HEAT_01,P297,APPLIES_TO
RP_HEAT_01,P298,APPLIES_TO
RP_HEAT_01,P300,APPLIES_TO
RP_HEAT_01,P301,APPLIES_TO
RP_HEAT_01,P302,APPLIES_TO
RP_HEAT_01,P304,APPLIES_TO
RP_HEAT_01,P306,APPLIES_TO
RP_HEAT_01,P307,APPLIES_TO
RP_HEAT_01,P308,APPLIES_TO
RP_HEAT_01,P309,APPLIES_TO
RP_HEAT_01,P310,APPLIES_TO
RP_HEAT_01,P311,APPLIES_TO
RP_HEAT_01,P312,APPLIES_TO
RP_HEAT_01,P313,APPLIES_TO
RP_HEAT_01,P314,APPLIES_TO
RP_HEAT_01,P315,APPLIES_TO
RP_HEAT_01,P316,APPLIES_TO
RP_HEAT_01,P317,APPLIES_TO
RP_HEAT_01,P318,APPLIES_TO
RP_HEAT_01,P319,APPLIES_TO
RP_HEAT_01,P320,APPLIES_TO
RP_HEAT_01,P321,APPLIES_TO
RP_HEAT_01,P322,APPLIES_TO
RP_HEAT_01,P323,APPLIES_TO
RP_HEAT_01,P324,APPLIES_TO
RP_HEAT_01,P325,APPLIES_TO
RP_HEAT_01,P326,APPLIES_TO
RP_HEAT_01,P327,APPLIES_TO
RP_HEAT_01,P328,APPLIES_TO
RP_HEAT_01,P329,APPLIES_TO
RP_HEAT_01,P330,APPLIES_TO
RP_HEAT_01,P331,APPLIES_TO
RP_HEAT_01,P332,APPLIES_TO
RP_HEAT_01,P333,APPLIES_TO
RP_HEAT_01,P334,APPLIES_TO
RP_HEAT_01,P335,APPLIES_TO
RP_HEAT_01,P336,APPLIES_TO
RP_HEAT_01,P337,APPLIES_TO
RP_HEAT_01,P338,APPLIES_TO
RP_HEAT_01,P339,APPLIES_TO
RP_HEAT_01,P340,APPLIES_TO
RP_HEAT_01,P341,APPLIES_TO
RP_HEAT_01,P342,APPLIES_TO
RP_HEAT_01,P343,APPLIES_TO
RP_HEAT_01,P344,APPLIES_TO
RP_HEAT_01,P347,APPLIES_TO
RP_HEAT_01,P348,APPLIES_TO
RP_HEAT_01,P349,APPLIES_TO
RP_HEAT_01,P350,APPLIES_TO
RP_HEAT_01,P351,APPLIES_TO
RP_HEAT_01,P353,APPLIES_TO
RP_HEAT_01,P354,APPLIES_TO
RP_HEAT_01,P355,APPLIES_TO
RP_HEAT_01,P356,APPLIES_TO
RP_HEAT_01,P357,APPLIES_TO
RP_HEAT_01,P358,APPLIES_TO
RP_HEAT_01,P359,APPLIES_TO
RP_HEAT_01,P360,APPLIES_TO
RP_HEAT_01,P361,APPLIES_TO
RP_HEAT_01,P362,APPLIES_TO
RP_HEAT_01,P363,APPLIES_TO
RP_HEAT_01,P366,APPLIES_TO
RP_HEAT_01,P367,APPLIES_TO
RP_HEAT_01,P368,APPLIES_TO
RP_HEAT_01,P369,APPLIES_TO
RP_HEAT_01,P371,APPLIES_TO
RP_HEAT_01,P372,APPLIES_TO
RP_HEAT_01,P373,APPLIES_TO
RP_HEAT_01,P374,APPLIES_TO
RP_HEAT_01,P376,APPLIES_TO
RP_HEAT_01,P377,APPLIES_TO
RP_HEAT_01,P378,APPLIES_TO
RP_HEAT_01,P379,APPLIES_TO
RP_HEAT_01,P380,APPLIES_TO
RP_HEAT_01,P381,APPLIES_TO
RP_HEAT_01,P382,APPLIES_TO
RP_HEAT_01,P383,APPLIES_TO
RP_HEAT_01,P384,APPLIES_TO
RP_HEAT_01,P385,APPLIES_TO
RP_HEAT_01,P387,APPLIES_TO
RP_HEAT_01,P388,APPLIES_TO
RP_HEAT_01,P390,APPLIES_TO
RP_HEAT_01,P391,APPLIES_TO
RP_HEAT_01,P392,APPLIES_TO
RP_HEAT_01,P394,APPLIES_TO
RP_HEAT_01,P396,APPLIES_TO
RP_HEAT_01,P398,APPLIES_TO
RP_HEAT_01,P399,APPLIES_TO
RP_HEAT_01,P400,APPLIES_TO
RP_HEAT_01,P401,APPLIES_TO
RP_HEAT_01,P402,APPLIES_TO
RP_HEAT_01,P403,APPLIES_TO
RP_HEAT_01,P404,APPLIES_TO
RP_HEAT_01,P405,APPLIES_TO
RP_HEAT_01,P406,APPLIES_TO
RP_HEAT_01,P407,APPLIES_TO
RP_HEAT_01,P408,APPLIES_TO
RP_HEAT_01,P409,APPLIES_TO
RP_HEAT_01,P410,APPLIES_TO
RP_HEAT_01,P411,APPLIES_TO
RP_HEAT_01,P412,APPLIES_TO
RP_HEAT_01,P414,APPLIES_TO
RP_HEAT_01,P415,APPLIES_TO
RP_HEAT_01,P416,APPLIES_TO
RP_HEAT_01,P417,APPLIES_TO
RP_HEAT_01,P418,APPLIES_TO
RP_HEAT_01,P419,APPLIES_TO
RP_HEAT_01,P420,APPLIES_TO
RP_HEAT_01,P421,APPLIES_TO
RP_HEAT_01,P422,APPLIES_TO
RP_HEAT_01,P423,APPLIES_TO
RP_HEAT_01,P424,APPLIES_TO
RP_HEAT_01,P426,APPLIES_TO
RP_HEAT_01,P427,APPLIES_TO
RP_HEAT_01,P429,APPLIES_TO
RP_HEAT_01,P430,APPLIES_TO
RP_HEAT_01,P431,APPLIES_TO
RP_HEAT_01,P432,APPLIES_TO
RP_HEAT_01,P433,APPLIES_TO
RP_HEAT_01,P434,APPLIES_TO
RP_HEAT_01,P435,APPLIES_TO
RP_HEAT_01,P436,APPLIES_TO
RP_HEAT_01,P437,APPLIES_TO
RP_HEAT_01,P438,APPLIES_TO
RP_HEAT_01,P439,APPLIES_TO
RP_HEAT_01,P440,APPLIES_TO
RP_HEAT_01,P441,APPLIES_TO
RP_HEAT_01,P442,APPLIES_TO
RP_HEAT_01,P443,APPLIES_TO
RP_HEAT_01,P445,APPLIES_TO
RP_HEAT_01,P446,APPLIES_TO
RP_HEAT_01,P447,APPLIES_TO
RP_HEAT_01,P448,APPLIES_TO
RP_HEAT_01,P449,APPLIES_TO
RP_HEAT_01,P450,APPLIES_TO
RP_HEAT_01,P452,APPLIES_TO
RP_HEAT_01,P453,APPLIES_TO
RP_HEAT_01,P454,APPLIES_TO
RP_HEAT_01,P455,APPLIES_TO
RP_HEAT_01,P456,APPLIES_TO
RP_HEAT_01,P457,APPLIES_TO
RP_HEAT_01,P458,APPLIES_TO
RP_HEAT_01,P459,APPLIES_TO
RP_HEAT_01,P460,APPLIES_TO
RP_HEAT_01,P462,APPLIES_TO
RP_HEAT_01,P463,APPLIES_TO
RP_HEAT_01,P465,APPLIES_TO
RP_HEAT_01,P466,APPLIES_TO
RP_HEAT_01,P467,APPLIES_TO
RP_HEAT_01,P469,APPLIES_TO
RP_HEAT_01,P470,APPLIES_TO
RP_HEAT_01,P472,APPLIES_TO
RP_HEAT_01,P476,APPLIES_TO
RP_HEAT_01,P477,APPLIES_TO
RP_HEAT_01,P478,APPLIES_TO
RP_HEAT_01,P479,APPLIES_TO
RP_HEAT_01,P480,APPLIES_TO
RP_HEAT_01,P482,APPLIES_TO
RP_HEAT_01,P483,APPLIES_TO
RP_HEAT_01,P484,APPLIES_TO
RP_HEAT_01,P485,APPLIES_TO
RP_HEAT_01,P486,APPLIES_TO
RP_HEAT_01,P487,APPLIES_TO
RP_HEAT_01,P488,APPLIES_TO
RP_HEAT_01,P489,APPLIES_TO
RP_HEAT_01,P490,APPLIES_TO
RP_HEAT_01,P491,APPLIES_TO
RP_HEAT_01,P492,APPLIES_TO
RP_HEAT_01,P493,APPLIES_TO
RP_HEAT_01,P494,APPLIES_TO
RP_HEAT_01,P495,APPLIES_TO
RP_HEAT_01,P497,APPLIES_TO
RP_HEAT_01,P498,APPLIES_TO
RP_HEAT_01,P499,APPLIES_TO
RP_HEAT_01,P501,APPLIES_TO
RP_HEAT_01,P502,APPLIES_TO
RP_HEAT_01,P503,APPLIES_TO
RP_HEAT_01,P504,APPLIES_TO
RP_HEAT_01,P505,APPLIES_TO
RP_HEAT_01,P506,APPLIES_TO
RP_HEAT_01,P507,APPLIES_TO
RP_HEAT_01,P508,APPLIES_TO
RP_HEAT_01,P509,APPLIES_TO
RP_HEAT_01,P510,APPLIES_TO
RP_HEAT_01,P513,APPLIES_TO
RP_HEAT_01,P514,APPLIES_TO
RP_HEAT_01,P515,APPLIES_TO
RP_HEAT_01,P516,APPLIES_TO
RP_HEAT_01,P517,APPLIES_TO
RP_HEAT_01,P519,APPLIES_TO
RP_HEAT_01,P520,APPLIES_TO
RP_HEAT_01,P521,APPLIES_TO
RP_HEAT_01,P523,APPLIES_TO
RP_HEAT_01,P524,APPLIES_TO
RP_HEAT_01,P525,APPLIES_TO
RP_HEAT_01,P526,APPLIES_TO
RP_HEAT_01,P527,APPLIES_TO
RP_HEAT_01,P531,APPLIES_TO
RP_HEAT_01,P532,APPLIES_TO
RP_HEAT_01,P534,APPLIES_TO
RP_HEAT_01,P536,APPLIES_TO
RP_HEAT_01,P537,APPLIES_TO
RP_HEAT_01,P538,APPLIES_TO
RP_HEAT_01,P539,APPLIES_TO
RP_HEAT_01,P540,APPLIES_TO
RP_HEAT_01,P541,APPLIES_TO
RP_HEAT_01,P542,APPLIES_TO
RP_HEAT_01,P543,APPLIES_TO
RP_HEAT_01,P545,APPLIES_TO
RP_HEAT_01,P546,APPLIES_TO
RP_HEAT_01,P547,APPLIES_TO
RP_HEAT_01,P548,APPLIES_TO
RP_HEAT_01,P549,APPLIES_TO
RP_HEAT_01,P550,APPLIES_TO
RP_HEAT_01,P551,APPLIES_TO
RP_HEAT_01,P552,APPLIES_TO
RP_HEAT_01,P553,APPLIES_TO
RP_HEAT_01,P554,APPLIES_TO
RP_HEAT_01,P555,APPLIES_TO
RP_HEAT_01,P556,APPLIES_TO
RP_HEAT_01,P557,APPLIES_TO
RP_HEAT_01,P558,APPLIES_TO
RP_HEAT_01,P559,APPLIES_TO
RP_HEAT_01,P560,APPLIES_TO
RP_HEAT_01,P561,APPLIES_TO
RP_HEAT_01,P562,APPLIES_TO
RP_HEAT_01,P563,APPLIES_TO
RP_HEAT_01,P564,APPLIES_TO
RP_HEAT_01,P565,APPLIES_TO
RP_HEAT_01,P566,APPLIES_TO
RP_HEAT_01,P567,APPLIES_TO
RP_HEAT_01,P568,APPLIES_TO
RP_HEAT_01,P569,APPLIES_TO
RP_HEAT_01,P570,APPLIES_TO
RP_HEAT_01,P571,APPLIES_TO
RP_HEAT_01,P572,APPLIES_TO
RP_HEAT_01,P573,APPLIES_TO
RP_HEAT_01,P574,APPLIES_TO
RP_HEAT_01,P575,APPLIES_TO
RP_HEAT_01,P576,APPLIES_TO
RP_HEAT_01,P577,APPLIES_TO
RP_HEAT_01,P578,APPLIES_TO
RP_HEAT_01,P579,APPLIES_TO
RP_HEAT_01,P580,APPLIES_TO
RP_HEAT_01,P581,APPLIES_TO
RP_HEAT_01,P582,APPLIES_TO
RP_HEAT_01,P583,APPLIES_TO
RP_HEAT_01,P584,APPLIES_TO
RP_HEAT_01,P585,APPLIES_TO
RP_HEAT_01,P586,APPLIES_TO
RP_HEAT_01,P587,APPLIES_TO
RP_HEAT_01,P588,APPLIES_TO
RP_HEAT_01,P589,APPLIES_TO
RP_HEAT_01,P590,APPLIES_TO
RP_HEAT_01,P591,APPLIES_TO
RP_HEAT_01,P592,APPLIES_TO
RP_HEAT_01,P593,APPLIES_TO
RP_HEAT_01,P594,APPLIES_TO
RP_HEAT_01,P595,APPLIES_TO
RP_HEAT_01,P596,APPLIES_TO
RP_HEAT_01,P597,APPLIES_TO
RP_HEAT_01,P598,APPLIES_TO
RP_HEAT_01,P599,APPLIES_TO
RP_HEAT_01,P600,APPLIES_TO
RP_HEAT_01,P601,APPLIES_TO
RP_HEAT_01,P602,APPLIES_TO
RP_HEAT_01,P603,APPLIES_TO
RP_HEAT_01,P604,APPLIES_TO
RP_HEAT_01,P605,APPLIES_TO
RP_HEAT_01,P606,APPLIES_TO
RP_HEAT_01,P607,APPLIES_TO
RP_HEAT_01,P608,APPLIES_TO
RP_HEAT_01,P609,APPLIES_TO
RP_HEAT_01,P610,APPLIES_TO
RP_HEAT_01,P611,APPLIES_TO
RP_HEAT_01,P612,APPLIES_TO
RP_HEAT_01,P613,APPLIES_TO
RP_HEAT_01,P614,APPLIES_TO
RP_HEAT_01,P615,APPLIES_TO
RP_HEAT_01,P616,APPLIES_TO
RP_HEAT_01,P617,APPLIES_TO
RP_HEAT_01,P618,APPLIES_TO
RP_HEAT_01,P619,APPLIES_TO
RP_HEAT_01,P620,APPLIES_TO
RP_HEAT_01,P621,APPLIES_TO
RP_HEAT_01,P622,APPLIES_TO
RP_HEAT_01,P623,APPLIES_TO
RP_HEAT_01,P624,APPLIES_TO
RP_HEAT_01,P625,APPLIES_TO
RP_HEAT_01,P626,APPLIES_TO
RP_HEAT_01,P627,APPLIES_TO
RP_HEAT_01,P628,APPLIES_TO
RP_HEAT_01,P629,APPLIES_TO
RP_HEAT_01,P630,APPLIES_TO
RP_HEAT_01,P631,APPLIES_TO
RP_HEAT_01,P632,APPLIES_TO
RP_HEAT_01,P633,APPLIES_TO
RP_HEAT_01,P634,APPLIES_TO
RP_HEAT_01,P635,APPLIES_TO
RP_HEAT_01,P636,APPLIES_TO
RP_HEAT_01,P637,APPLIES_TO
RP_HEAT_01,P638,APPLIES_TO
RP_HEAT_01,P639,APPLIES_TO
RP_HEAT_01,P640,APPLIES_TO
RP_HEAT_01,P641,APPLIES_TO
RP_HEAT_01,P642,APPLIES_TO
RP_HEAT_01,P643,APPLIES_TO
RP_HEAT_01,P648,APPLIES_TO
RP_HEAT_01,P649,APPLIES_TO
RP_HEAT_01,P650,APPLIES_TO
RP_HEAT_01,P652,APPLIES_TO
RP_HEAT_01,P653,APPLIES_TO
RP_HEAT_01,P654,APPLIES_TO
RP_HEAT_01,P655,APPLIES_TO
RP_HEAT_01,P656,APPLIES_TO
RP_HEAT_01,P657,APPLIES_TO
RP_HEAT_01,P658,APPLIES_TO
RP_HEAT_01,P659,APPLIES_TO
RP_HEAT_01,P660,APPLIES_TO
RP_HEAT_01,P661,APPLIES_TO
RP_HEAT_01,P662,APPLIES_TO
RP_HEAT_01,P663,APPLIES_TO
RP_HEAT_01,P664,APPLIES_TO
RP_HEAT_01,P665,APPLIES_TO
RP_HEAT_01,P666,APPLIES_TO
RP_HEAT_01,P667,APPLIES_TO
RP_HEAT_01,P668,APPLIES_TO
RP_HEAT_01,P669,APPLIES_TO
RP_HEAT_01,P670,APPLIES_TO
RP_HEAT_01,P671,APPLIES_TO
RP_HEAT_01,P672,APPLIES_TO
RP_HEAT_01,P673,APPLIES_TO
RP_HEAT_01,P674,APPLIES_TO
RP_HEAT_01,P683,APPLIES_TO
RP_HEAT_01,P689,APPLIES_TO
RP_HEAT_01,P703,APPLIES_TO
RP_HEAT_01,P708,APPLIES_TO
RP_HEAT_01,P712,APPLIES_TO
RP_HEAT_01,P715,APPLIES_TO
RP_HEAT_01,P716,APPLIES_TO
RP_HEAT_01,P718,APPLIES_TO
RP_HEAT_01,P719,APPLIES_TO
RP_HEAT_01,P720,APPLIES_TO
RP_HEAT_01,P721,APPLIES_TO
RP_HEAT_01,P722,APPLIES_TO
RP_HEAT_01,P723,APPLIES_TO
RP_HEAT_01,P725,APPLIES_TO
RP_HEAT_01,P726,APPLIES_TO
RP_HEAT_01,P727,APPLIES_TO
RP_HEAT_01,P728,APPLIES_TO
RP_HEAT_01,P729,APPLIES_TO
RP_HEAT_01,P730,APPLIES_TO
RP_HEAT_01,P731,APPLIES_TO
RP_HEAT_01,P732,APPLIES_TO
RP_HEAT_01,P734,APPLIES_TO
RP_HEAT_01,P735,APPLIES_TO
RP_HEAT_01,P736,APPLIES_TO
RP_HEAT_01,P737,APPLIES_TO
RP_HEAT_01,P738,APPLIES_TO
RP_HEAT_01,P739,APPLIES_TO
RP_HEAT_01,P740,APPLIES_TO
RP_HEAT_01,P741,APPLIES_TO
RP_HEAT_01,P742,APPLIES_TO
RP_HEAT_01,P743,APPLIES_TO
RP_HEAT_01,P744,APPLIES_TO
RP_HEAT_01,P745,APPLIES_TO
RP_HEAT_01,P746,APPLIES_TO
RP_HEAT_01,P747,APPLIES_TO
RP_HEAT_01,P748,APPLIES_TO
RP_HEAT_01,P749,APPLIES_TO
RP_HEAT_01,P750,APPLIES_TO
RP_HEAT_01,P751,APPLIES_TO
RP_HEAT_01,P752,APPLIES_TO
RP_HEAT_01,P753,APPLIES_TO
RP_HEAT_01,P754,APPLIES_TO
RP_HEAT_01,P755,APPLIES_TO
RP_HEAT_01,P756,APPLIES_TO
RP_HEAT_01,P757,APPLIES_TO
RP_HEAT_01,P758,APPLIES_TO
RP_HEAT_01,P759,APPLIES_TO
RP_HEAT_01,P760,APPLIES_TO
RP_HEAT_01,P761,APPLIES_TO
RP_HEAT_01,P762,APPLIES_TO
RP_HEAT_01,P763,APPLIES_TO
RP_HEAT_01,P764,APPLIES_TO
RP_HEAT_01,P765,APPLIES_TO
RP_HEAT_01,P766,APPLIES_TO
RP_HEAT_01,P767,APPLIES_TO
RP_HEAT_01,P768,APPLIES_TO
RP_HEAT_01,P769,APPLIES_TO
RP_HEAT_01,P770,APPLIES_TO
RP_HEAT_01,P771,APPLIES_TO
RP_HEAT_01,P772,APPLIES_TO
RP_HEAT_01,P773,APPLIES_TO
RP_HEAT_01,P774,APPLIES_TO
RP_HEAT_01,P775,APPLIES_TO
RP_HEAT_01,P776,APPLIES_TO
RP_HEAT_01,P777,APPLIES_TO
RP_HEAT_01,P778,APPLIES_TO
RP_HEAT_01,P779,APPLIES_TO
RP_HEAT_01,P780,APPLIES_TO
RP_HEAT_01,P781,APPLIES_TO
RP_HEAT_01,P782,APPLIES_TO
RP_HEAT_01,P783,APPLIES_TO
RP_HEAT_01,P784,APPLIES_TO
RP_HEAT_01,P785,APPLIES_TO
RP_HEAT_01,P786,APPLIES_TO
RP_HEAT_01,P787,APPLIES_TO
RP_HEAT_01,P788,APPLIES_TO
RP_HEAT_01,P789,APPLIES_TO
RP_HEAT_01,P790,APPLIES_TO
RP_HEAT_01,P791,APPLIES_TO
RP_HEAT_01,P792,APPLIES_TO
RP_HEAT_01,P793,APPLIES_TO
RP_HEAT_01,P794,APPLIES_TO
RP_HEAT_01,P795,APPLIES_TO
RP_HEAT_01,P796,APPLIES_TO
RP_HEAT_01,P797,APPLIES_TO
RP_HEAT_01,P798,APPLIES_TO
RP_HEAT_01,P799,APPLIES_TO
RP_HEAT_01,P800,APPLIES_TO
RP_HEAT_01,P801,APPLIES_TO
RP_HEAT_01,P802,APPLIES_TO
RP_HEAT_01,P803,APPLIES_TO
RP_HEAT_01,P804,APPLIES_TO
RP_HEAT_01,P805,APPLIES_TO
RP_HEAT_01,P806,APPLIES_TO
RP_HEAT_01,P807,APPLIES_TO
RP_HEAT_01,P808,APPLIES_TO
RP_HEAT_01,P809,APPLIES_TO
RP_HEAT_01,P810,APPLIES_TO
RP_HEAT_01,P811,APPLIES_TO
RP_HEAT_01,P812,APPLIES_TO
RP_HEAT_01,P813,APPLIES_TO
RP_HEAT_01,P814,APPLIES_TO
RP_HEAT_01,P815,APPLIES_TO
RP_HEAT_01,P816,APPLIES_TO
RP_HEAT_01,P817,APPLIES_TO
RP_HEAT_01,P818,APPLIES_TO
RP_HEAT_01,P819,APPLIES_TO
RP_HEAT_01,P820,APPLIES_TO
RP_HEAT_01,P821,APPLIES_TO
RP_HEAT_01,P822,APPLIES_TO
RP_HEAT_01,P823,APPLIES_TO
RP_HEAT_01,P824,APPLIES_TO
RP_HEAT_01,P825,APPLIES_TO
RP_HEAT_01,P826,APPLIES_TO
RP_HEAT_01,P827,APPLIES_TO
RP_HEAT_01,P828,APPLIES_TO
RP_HEAT_01,P829,APPLIES_TO
RP_HEAT_01,P830,APPLIES_TO
RP_HEAT_01,P831,APPLIES_TO
RP_HEAT_01,P832,APPLIES_TO
RP_HEAT_01,P833,APPLIES_TO
RP_HEAT_01,P834,APPLIES_TO
RP_HEAT_01,P835,APPLIES_TO
RP_HEAT_01,P836,APPLIES_TO
RP_HEAT_01,P837,APPLIES_TO
RP_HEAT_01,P838,APPLIES_TO
RP_HEAT_01,P839,APPLIES_TO
RP_HEAT_01,P840,APPLIES_TO
RP_HEAT_01,P841,APPLIES_TO
RP_HEAT_01,P842,APPLIES_TO
RP_HEAT_01,P843,APPLIES_TO
RP_HEAT_01,P844,APPLIES_TO
RP_HEAT_01,P845,APPLIES_TO
RP_HEAT_01,P846,APPLIES_TO
RP_HEAT_01,P847,APPLIES_TO
RP_HEAT_01,P848,APPLIES_TO
RP_HEAT_01,P849,APPLIES_TO
RP_HEAT_01,P850,APPLIES_TO
RP_HEAT_01,P851,APPLIES_TO
RP_HEAT_01,P852,APPLIES_TO
RP_HEAT_01,P853,APPLIES_TO
RP_HEAT_01,P854,APPLIES_TO
RP_HEAT_01,P855,APPLIES_TO
RP_HEAT_01,P856,APPLIES_TO
RP_HEAT_01,P857,APPLIES_TO
RP_HEAT_01,P858,APPLIES_TO
RP_HEAT_01,P859,APPLIES_TO
RP_HEAT_01,P860,APPLIES_TO
RP_HEAT_01,P861,APPLIES_TO
RP_HEAT_01,P862,APPLIES_TO
RP_HEAT_01,P863,APPLIES_TO
RP_HEAT_01,P864,APPLIES_TO
RP_HEAT_01,P865,APPLIES_TO
RP_HEAT_01,P866,APPLIES_TO
RP_HEAT_01,P867,APPLIES_TO
RP_HEAT_01,P868,APPLIES_TO
RP_HEAT_01,P869,APPLIES_TO
RP_HEAT_01,P870,APPLIES_TO
RP_HEAT_01,P871,APPLIES_TO
RP_HEAT_01,P872,APPLIES_TO
RP_HEAT_01,P873,APPLIES_TO
RP_HEAT_01,P874,APPLIES_TO
RP_HEAT_01,P875,APPLIES_TO
RP_HEAT_01,P876,APPLIES_TO
RP_HEAT_01,P877,APPLIES_TO
RP_HEAT_01,P878,APPLIES_TO
RP_HEAT_01,P879,APPLIES_TO
RP_HEAT_01,P880,APPLIES_TO
RP_HEAT_01,P881,APPLIES_TO
RP_HEAT_01,P882,APPLIES_TO
RP_HEAT_01,P883,APPLIES_TO
RP_HEAT_01,P884,APPLIES_TO
RP_HEAT_01,P885,APPLIES_TO
RP_HEAT_01,P886,APPLIES_TO
RP_HEAT_01,P887,APPLIES_TO
RP_HEAT_01,P888,APPLIES_TO
RP_HEAT_01,P889,APPLIES_TO
RP_HEAT_01,P890,APPLIES_TO
RP_HEAT_01,P891,APPLIES_TO
RP_HEAT_01,P892,APPLIES_TO
RP_HEAT_01,P893,APPLIES_TO
RP_HEAT_01,P894,APPLIES_TO
RP_HEAT_01,P895,APPLIES_TO
RP_HEAT_01,P896,APPLIES_TO
RP_HEAT_01,P897,APPLIES_TO
RP_HEAT_01,P898,APPLIES_TO
RP_HEAT_01,P899,APPLIES_TO
RP_HEAT_01,P900,APPLIES_TO
RP_HEAT_01,P901,APPLIES_TO
RP_HEAT_01,P902,APPLIES_TO
RP_HEAT_01,P903,APPLIES_TO
RP_HEAT_01,P904,APPLIES_TO
RP_HEAT_01,P905,APPLIES_TO
RP_HEAT_01,P906,APPLIES_TO
RP_HEAT_01,P907,APPLIES_TO
RP_HEAT_01,P908,APPLIES_TO
RP_HEAT_01,P909,APPLIES_TO
RP_HEAT_01,P910,APPLIES_TO
RP_HEAT_01,P911,APPLIES_TO
RP_HEAT_01,P912,APPLIES_TO
RP_HEAT_01,P913,APPLIES_TO
RP_HEAT_01,P914,APPLIES_TO
RP_HEAT_01,P915,APPLIES_TO
RP_HEAT_01,P916,APPLIES_TO
RP_HEAT_01,P917,APPLIES_TO
RP_HEAT_01,P918,APPLIES_TO
RP_HEAT_01,P919,APPLIES_TO
RP_HEAT_01,P920,APPLIES_TO
RP_HEAT_01,P921,APPLIES_TO
RP_HEAT_01,P922,APPLIES_TO
RP_HEAT_01,P923,APPLIES_TO
RP_HEAT_01,P924,APPLIES_TO
RP_HEAT_01,P925,APPLIES_TO
RP_HEAT_01,P926,APPLIES_TO
RP_HEAT_01,P927,APPLIES_TO
RP_HEAT_01,P928,APPLIES_TO
RP_HEAT_01,P929,APPLIES_TO
RP_HEAT_01,P930,APPLIES_TO
RP_HEAT_01,P931,APPLIES_TO
RP_HEAT_01,P935,APPLIES_TO
RP_HEAT_01,P936,APPLIES_TO
RP_HEAT_01,P937,APPLIES_TO
RP_HEAT_01,P938,APPLIES_TO
RP_HEAT_01,P939,APPLIES_TO
RP_HEAT_01,P940,APPLIES_TO
RP_HEAT_01,P942,APPLIES_TO
RP_HEAT_01,P943,APPLIES_TO
RP_HEAT_01,P944,APPLIES_TO
RP_HEAT_01,P945,APPLIES_TO
RP_HEAT_01,P946,APPLIES_TO
RP_HEAT_01,P947,APPLIES_TO
RP_HEAT_01,P948,APPLIES_TO
RP_HEAT_01,P949,APPLIES_TO
RP_HEAT_01,P950,APPLIES_TO
RP_HEAT_01,P951,APPLIES_TO
RP_HEAT_01,P952,APPLIES_TO
RP_HEAT_01,P954,APPLIES_TO
RP_HEAT_01,P955,APPLIES_TO
RP_HEAT_01,P956,APPLIES_TO
RP_HEAT_01,P957,APPLIES_TO
RP_HEAT_01,P958,APPLIES_TO
RP_HEAT_01,P959,APPLIES_TO
RP_HEAT_01,P960,APPLIES_TO
RP_HEAT_01,P962,APPLIES_TO
RP_HEAT_01,P963,APPLIES_TO
RP_HEAT_01,P964,APPLIES_TO
RP_HEAT_01,P965,APPLIES_TO
RP_HEAT_01,P966,APPLIES_TO
RP_HEAT_01,P967,APPLIES_TO
RP_HEAT_01,P968,APPLIES_TO
RP_HEAT_01,P969,APPLIES_TO
RP_HEAT_01,P971,APPLIES_TO
RP_HEAT_01,P972,APPLIES_TO
RP_HEAT_01,P973,APPLIES_TO
RP_HEAT_01,P975,APPLIES_TO
RP_HEAT_01,P976,APPLIES_TO
RP_HEAT_01,P977,APPLIES_TO
RP_HEAT_01,P978,APPLIES_TO
RP_HEAT_01,P979,APPLIES_TO
RP_HEAT_01,P980,APPLIES_TO
RP_HEAT_01,P981,APPLIES_TO
RP_HEAT_01,P982,APPLIES_TO
RP_HEAT_01,P983,APPLIES_TO
RP_HEAT_01,P984,APPLIES_TO
RP_HEAT_01,P985,APPLIES_TO
RP_HEAT_01,P986,APPLIES_TO
RP_HEAT_01,P987,APPLIES_TO
RP_HEAT_01,P988,APPLIES_TO
RP_HEAT_01,P989,APPLIES_TO
RP_HEAT_01,P990,APPLIES_TO
RP_HEAT_01,P991,APPLIES_TO
RP_HEAT_01,P992,APPLIES_TO
RP_HEAT_01,P993,APPLIES_TO
RP_HEAT_01,P994,APPLIES_TO
RP_HEAT_01,P995,APPLIES_TO
RP_HEAT_01,P996,APPLIES_TO
RP_HEAT_01,P997,APPLIES_TO
RP_HEAT_01,P999,APPLIES_TO
RP_HEAT_01,P1001,APPLIES_TO
RP_HEAT_01,P1002,APPLIES_TO
RP_HEAT_01,P1004,APPLIES_TO
RP_HEAT_01,P1005,APPLIES_TO
RP_HEAT_01,P1006,APPLIES_TO
RP_HEAT_01,P1007,APPLIES_TO
RP_HEAT_01,P1009,APPLIES_TO
RP_HEAT_01,P1010,APPLIES_TO
RP_HEAT_01,P1011,APPLIES_TO
RP_HEAT_01,P1012,APPLIES_TO
RP_HEAT_01,P1014,APPLIES_TO
RP_HEAT_01,P1015,APPLIES_TO
RP_HEAT_01,P1016,APPLIES_TO
RP_HEAT_01,P1018,APPLIES_TO
RP_HEAT_01,P1019,APPLIES_TO
RP_HEAT_01,P1022,APPLIES_TO
RP_HEAT_02,P002,APPLIES_TO
RP_HEAT_02,P004,APPLIES_TO
RP_HEAT_02,P005,APPLIES_TO
RP_HEAT_02,P006,APPLIES_TO
RP_HEAT_02,P008,APPLIES_TO
RP_HEAT_02,P010,APPLIES_TO
RP_HEAT_02,P011,APPLIES_TO
RP_HEAT_02,P012,APPLIES_TO
RP_HEAT_02,P013,APPLIES_TO
RP_HEAT_02,P014,APPLIES_TO
RP_HEAT_02,P015,APPLIES_TO
RP_HEAT_02,P016,APPLIES_TO
RP_HEAT_02,P017,APPLIES_TO
RP_HEAT_02,P018,APPLIES_TO
RP_HEAT_02,P020,APPLIES_TO
RP_HEAT_02,P021,APPLIES_TO
RP_HEAT_02,P022,APPLIES_TO
RP_HEAT_02,P023,APPLIES_TO
RP_HEAT_02,P024,APPLIES_TO
RP_HEAT_02,P026,APPLIES_TO
RP_HEAT_02,P028,APPLIES_TO
RP_HEAT_02,P029,APPLIES_TO
RP_HEAT_02,P030,APPLIES_TO
RP_HEAT_02,P031,APPLIES_TO
RP_HEAT_02,P035,APPLIES_TO
RP_HEAT_02,P036,APPLIES_TO
RP_HEAT_02,P037,APPLIES_TO
RP_HEAT_02,P038,APPLIES_TO
RP_HEAT_02,P043,APPLIES_TO
RP_HEAT_02,P045,APPLIES_TO
RP_HEAT_02,P046,APPLIES_TO
RP_HEAT_02,P048,APPLIES_TO
RP_HEAT_02,P049,APPLIES_TO
RP_HEAT_02,P051,APPLIES_TO
RP_HEAT_02,P052,APPLIES_TO
RP_HEAT_02,P053,APPLIES_TO
RP_HEAT_02,P054,APPLIES_TO
RP_HEAT_02,P055,APPLIES_TO
RP_HEAT_02,P056,APPLIES_TO
RP_HEAT_02,P060,APPLIES_TO
RP_HEAT_02,P061,APPLIES_TO
RP_HEAT_02,P062,APPLIES_TO
RP_HEAT_02,P064,APPLIES_TO
RP_HEAT_02,P066,APPLIES_TO
RP_HEAT_02,P067,APPLIES_TO
RP_HEAT_02,P069,APPLIES_TO
RP_HEAT_02,P070,APPLIES_TO
RP_HEAT_02,P074,APPLIES_TO
RP_HEAT_02,P075,APPLIES_TO
RP_HEAT_02,P077,APPLIES_TO
RP_HEAT_02,P079,APPLIES_TO
RP_HEAT_02,P081,APPLIES_TO
RP_HEAT_02,P082,APPLIES_TO
RP_HEAT_02,P084,APPLIES_TO
RP_HEAT_02,P085,APPLIES_TO
RP_HEAT_02,P090,APPLIES_TO
RP_HEAT_02,P091,APPLIES_TO
RP_HEAT_02,P094,APPLIES_TO
RP_HEAT_02,P095,APPLIES_TO
RP_HEAT_02,P097,APPLIES_TO
RP_HEAT_02,P098,APPLIES_TO
RP_HEAT_02,P099,APPLIES_TO
RP_HEAT_02,P100,APPLIES_TO
RP_HEAT_02,P102,APPLIES_TO
RP_HEAT_02,P103,APPLIES_TO
RP_HEAT_02,P104,APPLIES_TO
RP_HEAT_02,P105,APPLIES_TO
RP_HEAT_02,P106,APPLIES_TO
RP_HEAT_02,P107,APPLIES_TO
RP_HEAT_02,P109,APPLIES_TO
RP_HEAT_02,P110,APPLIES_TO
RP_HEAT_02,P112,APPLIES_TO
RP_HEAT_02,P115,APPLIES_TO
RP_HEAT_02,P117,APPLIES_TO
RP_HEAT_02,P120,APPLIES_TO
RP_HEAT_02,P121,APPLIES_TO
RP_HEAT_02,P125,APPLIES_TO
RP_HEAT_02,P126,APPLIES_TO
RP_HEAT_02,P127,APPLIES_TO
RP_HEAT_02,P128,APPLIES_TO
RP_HEAT_02,P129,APPLIES_TO
RP_HEAT_02,P130,APPLIES_TO
RP_HEAT_02,P133,APPLIES_TO
RP_HEAT_02,P138,APPLIES_TO
RP_HEAT_02,P139,APPLIES_TO
RP_HEAT_02,P140,APPLIES_TO
RP_HEAT_02,P141,APPLIES_TO
RP_HEAT_02,P142,APPLIES_TO
RP_HEAT_02,P143,APPLIES_TO
RP_HEAT_02,P144,APPLIES_TO
RP_HEAT_02,P145,APPLIES_TO
RP_HEAT_02,P146,APPLIES_TO
RP_HEAT_02,P147,APPLIES_TO
RP_HEAT_02,P148,APPLIES_TO
RP_HEAT_02,P149,APPLIES_TO
RP_HEAT_02,P152,APPLIES_TO
RP_HEAT_02,P153,APPLIES_TO
RP_HEAT_02,P157,APPLIES_TO
RP_HEAT_02,P158,APPLIES_TO
RP_HEAT_02,P159,APPLIES_TO
RP_HEAT_02,P160,APPLIES_TO
RP_HEAT_02,P161,APPLIES_TO
RP_HEAT_02,P162,APPLIES_TO
RP_HEAT_02,P163,APPLIES_TO
RP_HEAT_02,P165,APPLIES_TO
RP_HEAT_02,P167,APPLIES_TO
RP_HEAT_02,P168,APPLIES_TO
RP_HEAT_02,P170,APPLIES_TO
RP_HEAT_02,P171,APPLIES_TO
RP_HEAT_02,P172,APPLIES_TO
RP_HEAT_02,P173,APPLIES_TO
RP_HEAT_02,P174,APPLIES_TO
RP_HEAT_02,P175,APPLIES_TO
RP_HEAT_02,P178,APPLIES_TO
RP_HEAT_02,P179,APPLIES_TO
RP_HEAT_02,P182,APPLIES_TO
RP_HEAT_02,P183,APPLIES_TO
RP_HEAT_02,P184,APPLIES_TO
RP_HEAT_02,P186,APPLIES_TO
RP_HEAT_02,P187,APPLIES_TO
RP_HEAT_02,P188,APPLIES_TO
RP_HEAT_02,P189,APPLIES_TO
RP_HEAT_02,P190,APPLIES_TO
RP_HEAT_02,P191,APPLIES_TO
RP_HEAT_02,P194,APPLIES_TO
RP_HEAT_02,P195,APPLIES_TO
RP_HEAT_02,P196,APPLIES_TO
RP_HEAT_02,P197,APPLIES_TO
RP_HEAT_02,P198,APPLIES_TO
RP_HEAT_02,P201,APPLIES_TO
RP_HEAT_02,P202,APPLIES_TO
RP_HEAT_02,P203,APPLIES_TO
RP_HEAT_02,P204,APPLIES_TO
RP_HEAT_02,P205,APPLIES_TO
RP_HEAT_02,P206,APPLIES_TO
RP_HEAT_02,P207,APPLIES_TO
RP_HEAT_02,P209,APPLIES_TO
RP_HEAT_02,P210,APPLIES_TO
RP_HEAT_02,P211,APPLIES_TO
RP_HEAT_02,P213,APPLIES_TO
RP_HEAT_02,P214,APPLIES_TO
RP_HEAT_02,P215,APPLIES_TO
RP_HEAT_02,P216,APPLIES_TO
RP_HEAT_02,P217,APPLIES_TO
RP_HEAT_02,P218,APPLIES_TO
RP_HEAT_02,P219,APPLIES_TO
RP_HEAT_02,P220,APPLIES_TO
RP_HEAT_02,P222,APPLIES_TO
RP_HEAT_02,P223,APPLIES_TO
RP_HEAT_02,P224,APPLIES_TO
RP_HEAT_02,P225,APPLIES_TO
RP_HEAT_02,P226,APPLIES_TO
RP_HEAT_02,P227,APPLIES_TO
RP_HEAT_02,P228,APPLIES_TO
RP_HEAT_02,P229,APPLIES_TO
RP_HEAT_02,P230,APPLIES_TO
RP_HEAT_02,P231,APPLIES_TO
RP_HEAT_02,P232,APPLIES_TO
RP_HEAT_02,P233,APPLIES_TO
RP_HEAT_02,P234,APPLIES_TO
RP_HEAT_02,P235,APPLIES_TO
RP_HEAT_02,P236,APPLIES_TO
RP_HEAT_02,P237,APPLIES_TO
RP_HEAT_02,P238,APPLIES_TO
RP_HEAT_02,P239,APPLIES_TO
RP_HEAT_02,P240,APPLIES_TO
RP_HEAT_02,P241,APPLIES_TO
RP_HEAT_02,P242,APPLIES_TO
RP_HEAT_02,P244,APPLIES_TO
RP_HEAT_02,P245,APPLIES_TO
RP_HEAT_02,P246,APPLIES_TO
RP_HEAT_02,P247,APPLIES_TO
RP_HEAT_02,P248,APPLIES_TO
RP_HEAT_02,P249,APPLIES_TO
RP_HEAT_02,P250,APPLIES_TO
RP_HEAT_02,P251,APPLIES_TO
RP_HEAT_02,P252,APPLIES_TO
RP_HEAT_02,P253,APPLIES_TO
RP_HEAT_02,P254,APPLIES_TO
RP_HEAT_02,P255,APPLIES_TO
RP_HEAT_02,P256,APPLIES_TO
RP_HEAT_02,P257,APPLIES_TO
RP_HEAT_02,P258,APPLIES_TO
RP_HEAT_02,P259,APPLIES_TO
RP_HEAT_02,P260,APPLIES_TO
RP_HEAT_02,P261,APPLIES_TO
RP_HEAT_02,P262,APPLIES_TO
RP_HEAT_02,P263,APPLIES_TO
RP_HEAT_02,P265,APPLIES_TO
RP_HEAT_02,P266,APPLIES_TO
RP_HEAT_02,P267,APPLIES_TO
RP_HEAT_02,P268,APPLIES_TO
RP_HEAT_02,P269,APPLIES_TO
RP_HEAT_02,P270,APPLIES_TO
RP_HEAT_02,P272,APPLIES_TO
RP_HEAT_02,P275,APPLIES_TO
RP_HEAT_02,P276,APPLIES_TO
RP_HEAT_02,P277,APPLIES_TO
RP_HEAT_02,P278,APPLIES_TO
RP_HEAT_02,P279,APPLIES_TO
RP_HEAT_02,P280,APPLIES_TO
RP_HEAT_02,P281,APPLIES_TO
RP_HEAT_02,P282,APPLIES_TO
RP_HEAT_02,P284,APPLIES_TO
RP_HEAT_02,P285,APPLIES_TO
RP_HEAT_02,P286,APPLIES_TO
RP_HEAT_02,P287,APPLIES_TO
RP_HEAT_02,P288,APPLIES_TO
RP_HEAT_02,P289,APPLIES_TO
RP_HEAT_02,P290,APPLIES_TO
RP_HEAT_02,P293,APPLIES_TO
RP_HEAT_02,P295,APPLIES_TO
RP_HEAT_02,P296,APPLIES_TO
RP_HEAT_02,P297,APPLIES_TO
RP_HEAT_02,P298,APPLIES_TO
RP_HEAT_02,P300,APPLIES_TO
RP_HEAT_02,P301,APPLIES_TO
RP_HEAT_02,P302,APPLIES_TO
RP_HEAT_02,P304,APPLIES_TO
RP_HEAT_02,P306,APPLIES_TO
RP_HEAT_02,P307,APPLIES_TO
RP_HEAT_02,P308,APPLIES_TO
RP_HEAT_02,P309,APPLIES_TO
RP_HEAT_02,P310,APPLIES_TO
RP_HEAT_02,P311,APPLIES_TO
RP_HEAT_02,P312,APPLIES_TO
RP_HEAT_02,P313,APPLIES_TO
RP_HEAT_02,P314,APPLIES_TO
RP_HEAT_02,P315,APPLIES_TO
RP_HEAT_02,P316,APPLIES_TO
RP_HEAT_02,P317,APPLIES_TO
RP_HEAT_02,P318,APPLIES_TO
RP_HEAT_02,P319,APPLIES_TO
RP_HEAT_02,P320,APPLIES_TO
RP_HEAT_02,P321,APPLIES_TO
RP_HEAT_02,P322,APPLIES_TO
RP_HEAT_02,P323,APPLIES_TO
RP_HEAT_02,P324,APPLIES_TO
RP_HEAT_02,P325,APPLIES_TO
RP_HEAT_02,P326,APPLIES_TO
RP_HEAT_02,P327,APPLIES_TO
RP_HEAT_02,P328,APPLIES_TO
RP_HEAT_02,P329,APPLIES_TO
RP_HEAT_02,P330,APPLIES_TO
RP_HEAT_02,P331,APPLIES_TO
RP_HEAT_02,P332,APPLIES_TO
RP_HEAT_02,P333,APPLIES_TO
RP_HEAT_02,P334,APPLIES_TO
RP_HEAT_02,P335,APPLIES_TO
RP_HEAT_02,P336,APPLIES_TO
RP_HEAT_02,P337,APPLIES_TO
RP_HEAT_02,P338,APPLIES_TO
RP_HEAT_02,P339,APPLIES_TO
RP_HEAT_02,P340,APPLIES_TO
RP_HEAT_02,P341,APPLIES_TO
RP_HEAT_02,P342,APPLIES_TO
RP_HEAT_02,P343,APPLIES_TO
RP_HEAT_02,P344,APPLIES_TO
RP_HEAT_02,P347,APPLIES_TO
RP_HEAT_02,P348,APPLIES_TO
RP_HEAT_02,P349,APPLIES_TO
RP_HEAT_02,P350,APPLIES_TO
RP_HEAT_02,P351,APPLIES_TO
RP_HEAT_02,P353,APPLIES_TO
RP_HEAT_02,P354,APPLIES_TO
RP_HEAT_02,P355,APPLIES_TO
RP_HEAT_02,P356,APPLIES_TO
RP_HEAT_02,P357,APPLIES_TO
RP_HEAT_02,P358,APPLIES_TO
RP_HEAT_02,P359,APPLIES_TO
RP_HEAT_02,P360,APPLIES_TO
RP_HEAT_02,P361,APPLIES_TO
RP_HEAT_02,P362,APPLIES_TO
RP_HEAT_02,P363,APPLIES_TO
RP_HEAT_02,P366,APPLIES_TO
RP_HEAT_02,P367,APPLIES_TO
RP_HEAT_02,P368,APPLIES_TO
RP_HEAT_02,P369,APPLIES_TO
RP_HEAT_02,P371,APPLIES_TO
RP_HEAT_02,P372,APPLIES_TO
RP_HEAT_02,P373,APPLIES_TO
RP_HEAT_02,P374,APPLIES_TO
RP_HEAT_02,P376,APPLIES_TO
RP_HEAT_02,P377,APPLIES_TO
RP_HEAT_02,P378,APPLIES_TO
RP_HEAT_02,P379,APPLIES_TO
RP_HEAT_02,P380,APPLIES_TO
RP_HEAT_02,P381,APPLIES_TO
RP_HEAT_02,P382,APPLIES_TO
RP_HEAT_02,P383,APPLIES_TO
RP_HEAT_02,P384,APPLIES_TO
RP_HEAT_02,P385,APPLIES_TO
RP_HEAT_02,P387,APPLIES_TO
RP_HEAT_02,P388,APPLIES_TO
RP_HEAT_02,P390,APPLIES_TO
RP_HEAT_02,P391,APPLIES_TO
RP_HEAT_02,P392,APPLIES_TO
RP_HEAT_02,P394,APPLIES_TO
RP_HEAT_02,P396,APPLIES_TO
RP_HEAT_02,P398,APPLIES_TO
RP_HEAT_02,P399,APPLIES_TO
RP_HEAT_02,P400,APPLIES_TO
RP_HEAT_02,P401,APPLIES_TO
RP_HEAT_02,P402,APPLIES_TO
RP_HEAT_02,P403,APPLIES_TO
RP_HEAT_02,P404,APPLIES_TO
RP_HEAT_02,P405,APPLIES_TO
RP_HEAT_02,P406,APPLIES_TO
RP_HEAT_02,P407,APPLIES_TO
RP_HEAT_02,P408,APPLIES_TO
RP_HEAT_02,P409,APPLIES_TO
RP_HEAT_02,P410,APPLIES_TO
RP_HEAT_02,P411,APPLIES_TO
RP_HEAT_02,P412,APPLIES_TO
RP_HEAT_02,P414,APPLIES_TO
RP_HEAT_02,P415,APPLIES_TO
RP_HEAT_02,P416,APPLIES_TO
RP_HEAT_02,P417,APPLIES_TO
RP_HEAT_02,P418,APPLIES_TO
RP_HEAT_02,P419,APPLIES_TO
RP_HEAT_02,P420,APPLIES_TO
RP_HEAT_02,P421,APPLIES_TO
RP_HEAT_02,P422,APPLIES_TO
RP_HEAT_02,P423,APPLIES_TO
RP_HEAT_02,P424,APPLIES_TO
RP_HEAT_02,P426,APPLIES_TO
RP_HEAT_02,P427,APPLIES_TO
RP_HEAT_02,P429,APPLIES_TO
RP_HEAT_02,P430,APPLIES_TO
RP_HEAT_02,P431,APPLIES_TO
RP_HEAT_02,P432,APPLIES_TO
RP_HEAT_02,P433,APPLIES_TO
RP_HEAT_02,P434,APPLIES_TO
RP_HEAT_02,P435,APPLIES_TO
RP_HEAT_02,P436,APPLIES_TO
RP_HEAT_02,P437,APPLIES_TO
RP_HEAT_02,P438,APPLIES_TO
RP_HEAT_02,P439,APPLIES_TO
RP_HEAT_02,P440,APPLIES_TO
RP_HEAT_02,P441,APPLIES_TO
RP_HEAT_02,P442,APPLIES_TO
RP_HEAT_02,P443,APPLIES_TO
RP_HEAT_02,P445,APPLIES_TO
RP_HEAT_02,P446,APPLIES_TO
RP_HEAT_02,P447,APPLIES_TO
RP_HEAT_02,P448,APPLIES_TO
RP_HEAT_02,P449,APPLIES_TO
RP_HEAT_02,P450,APPLIES_TO
RP_HEAT_02,P452,APPLIES_TO
RP_HEAT_02,P453,APPLIES_TO
RP_HEAT_02,P454,APPLIES_TO
RP_HEAT_02,P455,APPLIES_TO
RP_HEAT_02,P456,APPLIES_TO
RP_HEAT_02,P457,APPLIES_TO
RP_HEAT_02,P458,APPLIES_TO
RP_HEAT_02,P459,APPLIES_TO
RP_HEAT_02,P460,APPLIES_TO
RP_HEAT_02,P462,APPLIES_TO
RP_HEAT_02,P463,APPLIES_TO
RP_HEAT_02,P465,APPLIES_TO
RP_HEAT_02,P466,APPLIES_TO
RP_HEAT_02,P467,APPLIES_TO
RP_HEAT_02,P469,APPLIES_TO
RP_HEAT_02,P470,APPLIES_TO
RP_HEAT_02,P472,APPLIES_TO
RP_HEAT_02,P476,APPLIES_TO
RP_HEAT_02,P477,APPLIES_TO
RP_HEAT_02,P478,APPLIES_TO
RP_HEAT_02,P479,APPLIES_TO
RP_HEAT_02,P480,APPLIES_TO
RP_HEAT_02,P482,APPLIES_TO
RP_HEAT_02,P483,APPLIES_TO
RP_HEAT_02,P484,APPLIES_TO
RP_HEAT_02,P485,APPLIES_TO
RP_HEAT_02,P486,APPLIES_TO
RP_HEAT_02,P487,APPLIES_TO
RP_HEAT_02,P488,APPLIES_TO
RP_HEAT_02,P489,APPLIES_TO
RP_HEAT_02,P490,APPLIES_TO
RP_HEAT_02,P491,APPLIES_TO
RP_HEAT_02,P492,APPLIES_TO
RP_HEAT_02,P493,APPLIES_TO
RP_HEAT_02,P494,APPLIES_TO
RP_HEAT_02,P495,APPLIES_TO
RP_HEAT_02,P497,APPLIES_TO
RP_HEAT_02,P498,APPLIES_TO
RP_HEAT_02,P499,APPLIES_TO
RP_HEAT_02,P501,APPLIES_TO
RP_HEAT_02,P502,APPLIES_TO
RP_HEAT_02,P503,APPLIES_TO
RP_HEAT_02,P504,APPLIES_TO
RP_HEAT_02,P505,APPLIES_TO
RP_HEAT_02,P506,APPLIES_TO
RP_HEAT_02,P507,APPLIES_TO
RP_HEAT_02,P508,APPLIES_TO
RP_HEAT_02,P509,APPLIES_TO
RP_HEAT_02,P510,APPLIES_TO
RP_HEAT_02,P513,APPLIES_TO
RP_HEAT_02,P514,APPLIES_TO
RP_HEAT_02,P515,APPLIES_TO
RP_HEAT_02,P516,APPLIES_TO
RP_HEAT_02,P517,APPLIES_TO
RP_HEAT_02,P519,APPLIES_TO
RP_HEAT_02,P520,APPLIES_TO
RP_HEAT_02,P521,APPLIES_TO
RP_HEAT_02,P523,APPLIES_TO
RP_HEAT_02,P524,APPLIES_TO
RP_HEAT_02,P525,APPLIES_TO
RP_HEAT_02,P526,APPLIES_TO
RP_HEAT_02,P527,APPLIES_TO
RP_HEAT_02,P531,APPLIES_TO
RP_HEAT_02,P532,APPLIES_TO
RP_HEAT_02,P534,APPLIES_TO
RP_HEAT_02,P536,APPLIES_TO
RP_HEAT_02,P537,APPLIES_TO
RP_HEAT_02,P538,APPLIES_TO
RP_HEAT_02,P539,APPLIES_TO
RP_HEAT_02,P540,APPLIES_TO
RP_HEAT_02,P541,APPLIES_TO
RP_HEAT_02,P542,APPLIES_TO
RP_HEAT_02,P543,APPLIES_TO
RP_HEAT_02,P545,APPLIES_TO
RP_HEAT_02,P546,APPLIES_TO
RP_HEAT_02,P547,APPLIES_TO
RP_HEAT_02,P548,APPLIES_TO
RP_HEAT_02,P549,APPLIES_TO
RP_HEAT_02,P550,APPLIES_TO
RP_HEAT_02,P551,APPLIES_TO
RP_HEAT_02,P552,APPLIES_TO
RP_HEAT_02,P553,APPLIES_TO
RP_HEAT_02,P554,APPLIES_TO
RP_HEAT_02,P555,APPLIES_TO
RP_HEAT_02,P556,APPLIES_TO
RP_HEAT_02,P557,APPLIES_TO
RP_HEAT_02,P558,APPLIES_TO
RP_HEAT_02,P559,APPLIES_TO
RP_HEAT_02,P560,APPLIES_TO
RP_HEAT_02,P561,APPLIES_TO
RP_HEAT_02,P562,APPLIES_TO
RP_HEAT_02,P563,APPLIES_TO
RP_HEAT_02,P564,APPLIES_TO
RP_HEAT_02,P565,APPLIES_TO
RP_HEAT_02,P566,APPLIES_TO
RP_HEAT_02,P567,APPLIES_TO
RP_HEAT_02,P568,APPLIES_TO
RP_HEAT_02,P569,APPLIES_TO
RP_HEAT_02,P570,APPLIES_TO
RP_HEAT_02,P571,APPLIES_TO
RP_HEAT_02,P572,APPLIES_TO
RP_HEAT_02,P573,APPLIES_TO
RP_HEAT_02,P574,APPLIES_TO
RP_HEAT_02,P575,APPLIES_TO
RP_HEAT_02,P576,APPLIES_TO
RP_HEAT_02,P577,APPLIES_TO
RP_HEAT_02,P578,APPLIES_TO
RP_HEAT_02,P579,APPLIES_TO
RP_HEAT_02,P580,APPLIES_TO
RP_HEAT_02,P581,APPLIES_TO
RP_HEAT_02,P582,APPLIES_TO
RP_HEAT_02,P583,APPLIES_TO
RP_HEAT_02,P584,APPLIES_TO
RP_HEAT_02,P585,APPLIES_TO
RP_HEAT_02,P586,APPLIES_TO
RP_HEAT_02,P587,APPLIES_TO
RP_HEAT_02,P588,APPLIES_TO
RP_HEAT_02,P589,APPLIES_TO
RP_HEAT_02,P590,APPLIES_TO
RP_HEAT_02,P591,APPLIES_TO
RP_HEAT_02,P592,APPLIES_TO
RP_HEAT_02,P593,APPLIES_TO
RP_HEAT_02,P594,APPLIES_TO
RP_HEAT_02,P595,APPLIES_TO
RP_HEAT_02,P596,APPLIES_TO
RP_HEAT_02,P597,APPLIES_TO
RP_HEAT_02,P598,APPLIES_TO
RP_HEAT_02,P599,APPLIES_TO
RP_HEAT_02,P600,APPLIES_TO
RP_HEAT_02,P601,APPLIES_TO
RP_HEAT_02,P602,APPLIES_TO
RP_HEAT_02,P603,APPLIES_TO
RP_HEAT_02,P604,APPLIES_TO
RP_HEAT_02,P605,APPLIES_TO
RP_HEAT_02,P606,APPLIES_TO
RP_HEAT_02,P607,APPLIES_TO
RP_HEAT_02,P608,APPLIES_TO
RP_HEAT_02,P609,APPLIES_TO
RP_HEAT_02,P610,APPLIES_TO
RP_HEAT_02,P611,APPLIES_TO
RP_HEAT_02,P612,APPLIES_TO
RP_HEAT_02,P613,APPLIES_TO
RP_HEAT_02,P614,APPLIES_TO
RP_HEAT_02,P615,APPLIES_TO
RP_HEAT_02,P616,APPLIES_TO
RP_HEAT_02,P617,APPLIES_TO
RP_HEAT_02,P618,APPLIES_TO
RP_HEAT_02,P619,APPLIES_TO
RP_HEAT_02,P620,APPLIES_TO
RP_HEAT_02,P621,APPLIES_TO
RP_HEAT_02,P622,APPLIES_TO
RP_HEAT_02,P623,APPLIES_TO
RP_HEAT_02,P624,APPLIES_TO
RP_HEAT_02,P625,APPLIES_TO
RP_HEAT_02,P626,APPLIES_TO
RP_HEAT_02,P627,APPLIES_TO
RP_HEAT_02,P628,APPLIES_TO
RP_HEAT_02,P629,APPLIES_TO
RP_HEAT_02,P630,APPLIES_TO
RP_HEAT_02,P631,APPLIES_TO
RP_HEAT_02,P632,APPLIES_TO
RP_HEAT_02,P633,APPLIES_TO
RP_HEAT_02,P634,APPLIES_TO
RP_HEAT_02,P635,APPLIES_TO
RP_HEAT_02,P636,APPLIES_TO
RP_HEAT_02,P637,APPLIES_TO
RP_HEAT_02,P638,APPLIES_TO
RP_HEAT_02,P639,APPLIES_TO
RP_HEAT_02,P640,APPLIES_TO
RP_HEAT_02,P641,APPLIES_TO
RP_HEAT_02,P642,APPLIES_TO
RP_HEAT_02,P643,APPLIES_TO
RP_HEAT_02,P648,APPLIES_TO
RP_HEAT_02,P649,APPLIES_TO
RP_HEAT_02,P650,APPLIES_TO
RP_HEAT_02,P652,APPLIES_TO
RP_HEAT_02,P653,APPLIES_TO
RP_HEAT_02,P654,APPLIES_TO
RP_HEAT_02,P655,APPLIES_TO
RP_HEAT_02,P656,APPLIES_TO
RP_HEAT_02,P657,APPLIES_TO
RP_HEAT_02,P658,APPLIES_TO
RP_HEAT_02,P659,APPLIES_TO
RP_HEAT_02,P660,APPLIES_TO
RP_HEAT_02,P661,APPLIES_TO
RP_HEAT_02,P662,APPLIES_TO
RP_HEAT_02,P663,APPLIES_TO
RP_HEAT_02,P664,APPLIES_TO
RP_HEAT_02,P665,APPLIES_TO
RP_HEAT_02,P666,APPLIES_TO
RP_HEAT_02,P667,APPLIES_TO
RP_HEAT_02,P668,APPLIES_TO
RP_HEAT_02,P669,APPLIES_TO
RP_HEAT_02,P670,APPLIES_TO
RP_HEAT_02,P671,APPLIES_TO
RP_HEAT_02,P672,APPLIES_TO
RP_HEAT_02,P673,APPLIES_TO
RP_HEAT_02,P674,APPLIES_TO
RP_HEAT_02,P683,APPLIES_TO
RP_HEAT_02,P689,APPLIES_TO
RP_HEAT_02,P703,APPLIES_TO
RP_HEAT_02,P708,APPLIES_TO
RP_HEAT_02,P712,APPLIES_TO
RP_HEAT_02,P715,APPLIES_TO
RP_HEAT_02,P716,APPLIES_TO
RP_HEAT_02,P718,APPLIES_TO
RP_HEAT_02,P719,APPLIES_TO
RP_HEAT_02,P720,APPLIES_TO
RP_HEAT_02,P721,APPLIES_TO
RP_HEAT_02,P722,APPLIES_TO
RP_HEAT_02,P723,APPLIES_TO
RP_HEAT_02,P725,APPLIES_TO
RP_HEAT_02,P726,APPLIES_TO
RP_HEAT_02,P727,APPLIES_TO
RP_HEAT_02,P728,APPLIES_TO
RP_HEAT_02,P729,APPLIES_TO
RP_HEAT_02,P730,APPLIES_TO
RP_HEAT_02,P731,APPLIES_TO
RP_HEAT_02,P732,APPLIES_TO
RP_HEAT_02,P734,APPLIES_TO
RP_HEAT_02,P735,APPLIES_TO
RP_HEAT_02,P736,APPLIES_TO
RP_HEAT_02,P737,APPLIES_TO
RP_HEAT_02,P738,APPLIES_TO
RP_HEAT_02,P739,APPLIES_TO
RP_HEAT_02,P740,APPLIES_TO
RP_HEAT_02,P741,APPLIES_TO
RP_HEAT_02,P742,APPLIES_TO
RP_HEAT_02,P743,APPLIES_TO
RP_HEAT_02,P744,APPLIES_TO
RP_HEAT_02,P745,APPLIES_TO
RP_HEAT_02,P746,APPLIES_TO
RP_HEAT_02,P747,APPLIES_TO
RP_HEAT_02,P748,APPLIES_TO
RP_HEAT_02,P749,APPLIES_TO
RP_HEAT_02,P750,APPLIES_TO
RP_HEAT_02,P751,APPLIES_TO
RP_HEAT_02,P752,APPLIES_TO
RP_HEAT_02,P753,APPLIES_TO
RP_HEAT_02,P754,APPLIES_TO
RP_HEAT_02,P755,APPLIES_TO
RP_HEAT_02,P756,APPLIES_TO
RP_HEAT_02,P757,APPLIES_TO
RP_HEAT_02,P758,APPLIES_TO
RP_HEAT_02,P759,APPLIES_TO
RP_HEAT_02,P760,APPLIES_TO
RP_HEAT_02,P761,APPLIES_TO
RP_HEAT_02,P762,APPLIES_TO
RP_HEAT_02,P763,APPLIES_TO
RP_HEAT_02,P764,APPLIES_TO
RP_HEAT_02,P765,APPLIES_TO
RP_HEAT_02,P766,APPLIES_TO
RP_HEAT_02,P767,APPLIES_TO
RP_HEAT_02,P768,APPLIES_TO
RP_HEAT_02,P769,APPLIES_TO
RP_HEAT_02,P770,APPLIES_TO
RP_HEAT_02,P771,APPLIES_TO
RP_HEAT_02,P772,APPLIES_TO
RP_HEAT_02,P773,APPLIES_TO
RP_HEAT_02,P774,APPLIES_TO
RP_HEAT_02,P775,APPLIES_TO
RP_HEAT_02,P776,APPLIES_TO
RP_HEAT_02,P777,APPLIES_TO
RP_HEAT_02,P778,APPLIES_TO
RP_HEAT_02,P779,APPLIES_TO
RP_HEAT_02,P780,APPLIES_TO
RP_HEAT_02,P781,APPLIES_TO
RP_HEAT_02,P782,APPLIES_TO
RP_HEAT_02,P783,APPLIES_TO
RP_HEAT_02,P784,APPLIES_TO
RP_HEAT_02,P785,APPLIES_TO
RP_HEAT_02,P786,APPLIES_TO
RP_HEAT_02,P787,APPLIES_TO
RP_HEAT_02,P788,APPLIES_TO
RP_HEAT_02,P789,APPLIES_TO
RP_HEAT_02,P790,APPLIES_TO
RP_HEAT_02,P791,APPLIES_TO
RP_HEAT_02,P792,APPLIES_TO
RP_HEAT_02,P793,APPLIES_TO
RP_HEAT_02,P794,APPLIES_TO
RP_HEAT_02,P795,APPLIES_TO
RP_HEAT_02,P796,APPLIES_TO
RP_HEAT_02,P797,APPLIES_TO
RP_HEAT_02,P798,APPLIES_TO
RP_HEAT_02,P799,APPLIES_TO
RP_HEAT_02,P800,APPLIES_TO
RP_HEAT_02,P801,APPLIES_TO
RP_HEAT_02,P802,APPLIES_TO
RP_HEAT_02,P803,APPLIES_TO
RP_HEAT_02,P804,APPLIES_TO
RP_HEAT_02,P805,APPLIES_TO
RP_HEAT_02,P806,APPLIES_TO
RP_HEAT_02,P807,APPLIES_TO
RP_HEAT_02,P808,APPLIES_TO
RP_HEAT_02,P809,APPLIES_TO
RP_HEAT_02,P810,APPLIES_TO
RP_HEAT_02,P811,APPLIES_TO
RP_HEAT_02,P812,APPLIES_TO
RP_HEAT_02,P813,APPLIES_TO
RP_HEAT_02,P814,APPLIES_TO
RP_HEAT_02,P815,APPLIES_TO
RP_HEAT_02,P816,APPLIES_TO
RP_HEAT_02,P817,APPLIES_TO
RP_HEAT_02,P818,APPLIES_TO
RP_HEAT_02,P819,APPLIES_TO
RP_HEAT_02,P820,APPLIES_TO
RP_HEAT_02,P821,APPLIES_TO
RP_HEAT_02,P822,APPLIES_TO
RP_HEAT_02,P823,APPLIES_TO
RP_HEAT_02,P824,APPLIES_TO
RP_HEAT_02,P825,APPLIES_TO
RP_HEAT_02,P826,APPLIES_TO
RP_HEAT_02,P827,APPLIES_TO
RP_HEAT_02,P828,APPLIES_TO
RP_HEAT_02,P829,APPLIES_TO
RP_HEAT_02,P830,APPLIES_TO
RP_HEAT_02,P831,APPLIES_TO
RP_HEAT_02,P832,APPLIES_TO
RP_HEAT_02,P833,APPLIES_TO
RP_HEAT_02,P834,APPLIES_TO
RP_HEAT_02,P835,APPLIES_TO
RP_HEAT_02,P836,APPLIES_TO
RP_HEAT_02,P837,APPLIES_TO
RP_HEAT_02,P838,APPLIES_TO
RP_HEAT_02,P839,APPLIES_TO
RP_HEAT_02,P840,APPLIES_TO
RP_HEAT_02,P841,APPLIES_TO
RP_HEAT_02,P842,APPLIES_TO
RP_HEAT_02,P843,APPLIES_TO
RP_HEAT_02,P844,APPLIES_TO
RP_HEAT_02,P845,APPLIES_TO
RP_HEAT_02,P846,APPLIES_TO
RP_HEAT_02,P847,APPLIES_TO
RP_HEAT_02,P848,APPLIES_TO
RP_HEAT_02,P849,APPLIES_TO
RP_HEAT_02,P850,APPLIES_TO
RP_HEAT_02,P851,APPLIES_TO
RP_HEAT_02,P852,APPLIES_TO
RP_HEAT_02,P853,APPLIES_TO
RP_HEAT_02,P854,APPLIES_TO
RP_HEAT_02,P855,APPLIES_TO
RP_HEAT_02,P856,APPLIES_TO
RP_HEAT_02,P857,APPLIES_TO
RP_HEAT_02,P858,APPLIES_TO
RP_HEAT_02,P859,APPLIES_TO
RP_HEAT_02,P860,APPLIES_TO
RP_HEAT_02,P861,APPLIES_TO
RP_HEAT_02,P862,APPLIES_TO
RP_HEAT_02,P863,APPLIES_TO
RP_HEAT_02,P864,APPLIES_TO
RP_HEAT_02,P865,APPLIES_TO
RP_HEAT_02,P866,APPLIES_TO
RP_HEAT_02,P867,APPLIES_TO
RP_HEAT_02,P868,APPLIES_TO
RP_HEAT_02,P869,APPLIES_TO
RP_HEAT_02,P870,APPLIES_TO
RP_HEAT_02,P871,APPLIES_TO
RP_HEAT_02,P872,APPLIES_TO
RP_HEAT_02,P873,APPLIES_TO
RP_HEAT_02,P874,APPLIES_TO
RP_HEAT_02,P875,APPLIES_TO
RP_HEAT_02,P876,APPLIES_TO
RP_HEAT_02,P877,APPLIES_TO
RP_HEAT_02,P878,APPLIES_TO
RP_HEAT_02,P879,APPLIES_TO
RP_HEAT_02,P880,APPLIES_TO
RP_HEAT_02,P881,APPLIES_TO
RP_HEAT_02,P882,APPLIES_TO
RP_HEAT_02,P883,APPLIES_TO
RP_HEAT_02,P884,APPLIES_TO
RP_HEAT_02,P885,APPLIES_TO
RP_HEAT_02,P886,APPLIES_TO
RP_HEAT_02,P887,APPLIES_TO
RP_HEAT_02,P888,APPLIES_TO
RP_HEAT_02,P889,APPLIES_TO
RP_HEAT_02,P890,APPLIES_TO
RP_HEAT_02,P891,APPLIES_TO
RP_HEAT_02,P892,APPLIES_TO
RP_HEAT_02,P893,APPLIES_TO
RP_HEAT_02,P894,APPLIES_TO
RP_HEAT_02,P895,APPLIES_TO
RP_HEAT_02,P896,APPLIES_TO
RP_HEAT_02,P897,APPLIES_TO
RP_HEAT_02,P898,APPLIES_TO
RP_HEAT_02,P899,APPLIES_TO
RP_HEAT_02,P900,APPLIES_TO
RP_HEAT_02,P901,APPLIES_TO
RP_HEAT_02,P902,APPLIES_TO
RP_HEAT_02,P903,APPLIES_TO
RP_HEAT_02,P904,APPLIES_TO
RP_HEAT_02,P905,APPLIES_TO
RP_HEAT_02,P906,APPLIES_TO
RP_HEAT_02,P907,APPLIES_TO
RP_HEAT_02,P908,APPLIES_TO
RP_HEAT_02,P909,APPLIES_TO
RP_HEAT_02,P910,APPLIES_TO
RP_HEAT_02,P911,APPLIES_TO
RP_HEAT_02,P912,APPLIES_TO
RP_HEAT_02,P913,APPLIES_TO
RP_HEAT_02,P914,APPLIES_TO
RP_HEAT_02,P915,APPLIES_TO
RP_HEAT_02,P916,APPLIES_TO
RP_HEAT_02,P917,APPLIES_TO
RP_HEAT_02,P918,APPLIES_TO
RP_HEAT_02,P919,APPLIES_TO
RP_HEAT_02,P920,APPLIES_TO
RP_HEAT_02,P921,APPLIES_TO
RP_HEAT_02,P922,APPLIES_TO
RP_HEAT_02,P923,APPLIES_TO
RP_HEAT_02,P924,APPLIES_TO
RP_HEAT_02,P925,APPLIES_TO
RP_HEAT_02,P926,APPLIES_TO
RP_HEAT_02,P927,APPLIES_TO
RP_HEAT_02,P928,APPLIES_TO
RP_HEAT_02,P929,APPLIES_TO
RP_HEAT_02,P930,APPLIES_TO
RP_HEAT_02,P931,APPLIES_TO
RP_HEAT_02,P935,APPLIES_TO
RP_HEAT_02,P936,APPLIES_TO
RP_HEAT_02,P937,APPLIES_TO
RP_HEAT_02,P938,APPLIES_TO
RP_HEAT_02,P939,APPLIES_TO
RP_HEAT_02,P940,APPLIES_TO
RP_HEAT_02,P942,APPLIES_TO
RP_HEAT_02,P943,APPLIES_TO
RP_HEAT_02,P944,APPLIES_TO
RP_HEAT_02,P945,APPLIES_TO
RP_HEAT_02,P946,APPLIES_TO
RP_HEAT_02,P947,APPLIES_TO
RP_HEAT_02,P948,APPLIES_TO
RP_HEAT_02,P949,APPLIES_TO
RP_HEAT_02,P950,APPLIES_TO
RP_HEAT_02,P951,APPLIES_TO
RP_HEAT_02,P952,APPLIES_TO
RP_HEAT_02,P954,APPLIES_TO
RP_HEAT_02,P955,APPLIES_TO
RP_HEAT_02,P956,APPLIES_TO
RP_HEAT_02,P957,APPLIES_TO
RP_HEAT_02,P958,APPLIES_TO
RP_HEAT_02,P959,APPLIES_TO
RP_HEAT_02,P960,APPLIES_TO
RP_HEAT_02,P962,APPLIES_TO
RP_HEAT_02,P963,APPLIES_TO
RP_HEAT_02,P964,APPLIES_TO
RP_HEAT_02,P965,APPLIES_TO
RP_HEAT_02,P966,APPLIES_TO
RP_HEAT_02,P967,APPLIES_TO
RP_HEAT_02,P968,APPLIES_TO
RP_HEAT_02,P969,APPLIES_TO
RP_HEAT_02,P971,APPLIES_TO
RP_HEAT_02,P972,APPLIES_TO
RP_HEAT_02,P973,APPLIES_TO
RP_HEAT_02,P975,APPLIES_TO
RP_HEAT_02,P976,APPLIES_TO
RP_HEAT_02,P977,APPLIES_TO
RP_HEAT_02,P978,APPLIES_TO
RP_HEAT_02,P979,APPLIES_TO
RP_HEAT_02,P980,APPLIES_TO
RP_HEAT_02,P981,APPLIES_TO
RP_HEAT_02,P982,APPLIES_TO
RP_HEAT_02,P983,APPLIES_TO
RP_HEAT_02,P984,APPLIES_TO
RP_HEAT_02,P985,APPLIES_TO
RP_HEAT_02,P986,APPLIES_TO
RP_HEAT_02,P987,APPLIES_TO
RP_HEAT_02,P988,APPLIES_TO
RP_HEAT_02,P989,APPLIES_TO
RP_HEAT_02,P990,APPLIES_TO
RP_HEAT_02,P991,APPLIES_TO
RP_HEAT_02,P992,APPLIES_TO
RP_HEAT_02,P993,APPLIES_TO
RP_HEAT_02,P994,APPLIES_TO
RP_HEAT_02,P995,APPLIES_TO
RP_HEAT_02,P996,APPLIES_TO
RP_HEAT_02,P997,APPLIES_TO
RP_HEAT_02,P999,APPLIES_TO
RP_HEAT_02,P1001,APPLIES_TO
RP_HEAT_02,P1002,APPLIES_TO
RP_HEAT_02,P1004,APPLIES_TO
RP_HEAT_02,P1005,APPLIES_TO
RP_HEAT_02,P1006,APPLIES_TO
RP_HEAT_02,P1007,APPLIES_TO
RP_HEAT_02,P1009,APPLIES_TO
RP_HEAT_02,P1010,APPLIES_TO
RP_HEAT_02,P1011,APPLIES_TO
RP_HEAT_02,P1012,APPLIES_TO
RP_HEAT_02,P1014,APPLIES_TO
RP_HEAT_02,P1015,APPLIES_TO
RP_HEAT_02,P1016,APPLIES_TO
RP_HEAT_02,P1018,APPLIES_TO
RP_HEAT_02,P1019,APPLIES_TO
RP_HEAT_02,P1022,APPLIES_TO
RP_HEAT_03,P002,APPLIES_TO
RP_HEAT_03,P004,APPLIES_TO
RP_HEAT_03,P005,APPLIES_TO
RP_HEAT_03,P006,APPLIES_TO
RP_HEAT_03,P008,APPLIES_TO
RP_HEAT_03,P010,APPLIES_TO
RP_HEAT_03,P011,APPLIES_TO
RP_HEAT_03,P012,APPLIES_TO
RP_HEAT_03,P013,APPLIES_TO
RP_HEAT_03,P014,APPLIES_TO
RP_HEAT_03,P015,APPLIES_TO
RP_HEAT_03,P016,APPLIES_TO
RP_HEAT_03,P017,APPLIES_TO
RP_HEAT_03,P018,APPLIES_TO
RP_HEAT_03,P020,APPLIES_TO
RP_HEAT_03,P021,APPLIES_TO
RP_HEAT_03,P022,APPLIES_TO
RP_HEAT_03,P023,APPLIES_TO
RP_HEAT_03,P024,APPLIES_TO
RP_HEAT_03,P026,APPLIES_TO
RP_HEAT_03,P028,APPLIES_TO
RP_HEAT_03,P029,APPLIES_TO
RP_HEAT_03,P030,APPLIES_TO
RP_HEAT_03,P031,APPLIES_TO
RP_HEAT_03,P035,APPLIES_TO
RP_HEAT_03,P036,APPLIES_TO
RP_HEAT_03,P037,APPLIES_TO
RP_HEAT_03,P038,APPLIES_TO
RP_HEAT_03,P043,APPLIES_TO
RP_HEAT_03,P045,APPLIES_TO
RP_HEAT_03,P046,APPLIES_TO
RP_HEAT_03,P048,APPLIES_TO
RP_HEAT_03,P049,APPLIES_TO
RP_HEAT_03,P051,APPLIES_TO
RP_HEAT_03,P052,APPLIES_TO
RP_HEAT_03,P053,APPLIES_TO
RP_HEAT_03,P054,APPLIES_TO
RP_HEAT_03,P055,APPLIES_TO
RP_HEAT_03,P056,APPLIES_TO
RP_HEAT_03,P060,APPLIES_TO
RP_HEAT_03,P061,APPLIES_TO
RP_HEAT_03,P062,APPLIES_TO
RP_HEAT_03,P064,APPLIES_TO
RP_HEAT_03,P066,APPLIES_TO
RP_HEAT_03,P067,APPLIES_TO
RP_HEAT_03,P069,APPLIES_TO
RP_HEAT_03,P070,APPLIES_TO
RP_HEAT_03,P074,APPLIES_TO
RP_HEAT_03,P075,APPLIES_TO
RP_HEAT_03,P077,APPLIES_TO
RP_HEAT_03,P079,APPLIES_TO
RP_HEAT_03,P081,APPLIES_TO
RP_HEAT_03,P082,APPLIES_TO
RP_HEAT_03,P084,APPLIES_TO
RP_HEAT_03,P085,APPLIES_TO
RP_HEAT_03,P090,APPLIES_TO
RP_HEAT_03,P091,APPLIES_TO
RP_HEAT_03,P094,APPLIES_TO
RP_HEAT_03,P095,APPLIES_TO
RP_HEAT_03,P097,APPLIES_TO
RP_HEAT_03,P098,APPLIES_TO
RP_HEAT_03,P099,APPLIES_TO
RP_HEAT_03,P100,APPLIES_TO
RP_HEAT_03,P102,APPLIES_TO
RP_HEAT_03,P103,APPLIES_TO
RP_HEAT_03,P104,APPLIES_TO
RP_HEAT_03,P105,APPLIES_TO
RP_HEAT_03,P106,APPLIES_TO
RP_HEAT_03,P107,APPLIES_TO
RP_HEAT_03,P109,APPLIES_TO
RP_HEAT_03,P110,APPLIES_TO
RP_HEAT_03,P112,APPLIES_TO
RP_HEAT_03,P115,APPLIES_TO
RP_HEAT_03,P117,APPLIES_TO
RP_HEAT_03,P120,APPLIES_TO
RP_HEAT_03,P121,APPLIES_TO
RP_HEAT_03,P125,APPLIES_TO
RP_HEAT_03,P126,APPLIES_TO
RP_HEAT_03,P127,APPLIES_TO
RP_HEAT_03,P128,APPLIES_TO
RP_HEAT_03,P129,APPLIES_TO
RP_HEAT_03,P130,APPLIES_TO
RP_HEAT_03,P133,APPLIES_TO
RP_HEAT_03,P138,APPLIES_TO
RP_HEAT_03,P139,APPLIES_TO
RP_HEAT_03,P140,APPLIES_TO
RP_HEAT_03,P141,APPLIES_TO
RP_HEAT_03,P142,APPLIES_TO
RP_HEAT_03,P143,APPLIES_TO
RP_HEAT_03,P144,APPLIES_TO
RP_HEAT_03,P145,APPLIES_TO
RP_HEAT_03,P146,APPLIES_TO
RP_HEAT_03,P147,APPLIES_TO
RP_HEAT_03,P148,APPLIES_TO
RP_HEAT_03,P149,APPLIES_TO
RP_HEAT_03,P152,APPLIES_TO
RP_HEAT_03,P153,APPLIES_TO
RP_HEAT_03,P157,APPLIES_TO
RP_HEAT_03,P158,APPLIES_TO
RP_HEAT_03,P159,APPLIES_TO
RP_HEAT_03,P160,APPLIES_TO
RP_HEAT_03,P161,APPLIES_TO
RP_HEAT_03,P162,APPLIES_TO
RP_HEAT_03,P163,APPLIES_TO
RP_HEAT_03,P165,APPLIES_TO
RP_HEAT_03,P167,APPLIES_TO
RP_HEAT_03,P168,APPLIES_TO
RP_HEAT_03,P170,APPLIES_TO
RP_HEAT_03,P171,APPLIES_TO
RP_HEAT_03,P172,APPLIES_TO
RP_HEAT_03,P173,APPLIES_TO
RP_HEAT_03,P174,APPLIES_TO
RP_HEAT_03,P175,APPLIES_TO
RP_HEAT_03,P178,APPLIES_TO
RP_HEAT_03,P179,APPLIES_TO
RP_HEAT_03,P182,APPLIES_TO
RP_HEAT_03,P183,APPLIES_TO
RP_HEAT_03,P184,APPLIES_TO
RP_HEAT_03,P186,APPLIES_TO
RP_HEAT_03,P187,APPLIES_TO
RP_HEAT_03,P188,APPLIES_TO
RP_HEAT_03,P189,APPLIES_TO
RP_HEAT_03,P190,APPLIES_TO
RP_HEAT_03,P191,APPLIES_TO
RP_HEAT_03,P194,APPLIES_TO
RP_HEAT_03,P195,APPLIES_TO
RP_HEAT_03,P196,APPLIES_TO
RP_HEAT_03,P197,APPLIES_TO
RP_HEAT_03,P198,APPLIES_TO
RP_HEAT_03,P201,APPLIES_TO
RP_HEAT_03,P202,APPLIES_TO
RP_HEAT_03,P203,APPLIES_TO
RP_HEAT_03,P204,APPLIES_TO
RP_HEAT_03,P205,APPLIES_TO
RP_HEAT_03,P206,APPLIES_TO
RP_HEAT_03,P207,APPLIES_TO
RP_HEAT_03,P209,APPLIES_TO
RP_HEAT_03,P210,APPLIES_TO
RP_HEAT_03,P211,APPLIES_TO
RP_HEAT_03,P213,APPLIES_TO
RP_HEAT_03,P214,APPLIES_TO
RP_HEAT_03,P215,APPLIES_TO
RP_HEAT_03,P216,APPLIES_TO
RP_HEAT_03,P217,APPLIES_TO
RP_HEAT_03,P218,APPLIES_TO
RP_HEAT_03,P219,APPLIES_TO
RP_HEAT_03,P220,APPLIES_TO
RP_HEAT_03,P222,APPLIES_TO
RP_HEAT_03,P223,APPLIES_TO
RP_HEAT_03,P224,APPLIES_TO
RP_HEAT_03,P225,APPLIES_TO
RP_HEAT_03,P226,APPLIES_TO
RP_HEAT_03,P227,APPLIES_TO
RP_HEAT_03,P228,APPLIES_TO
RP_HEAT_03,P229,APPLIES_TO
RP_HEAT_03,P230,APPLIES_TO
RP_HEAT_03,P231,APPLIES_TO
RP_HEAT_03,P232,APPLIES_TO
RP_HEAT_03,P233,APPLIES_TO
RP_HEAT_03,P234,APPLIES_TO
RP_HEAT_03,P235,APPLIES_TO
RP_HEAT_03,P236,APPLIES_TO
RP_HEAT_03,P237,APPLIES_TO
RP_HEAT_03,P238,APPLIES_TO
RP_HEAT_03,P239,APPLIES_TO
RP_HEAT_03,P240,APPLIES_TO
RP_HEAT_03,P241,APPLIES_TO
RP_HEAT_03,P242,APPLIES_TO
RP_HEAT_03,P244,APPLIES_TO
RP_HEAT_03,P245,APPLIES_TO
RP_HEAT_03,P246,APPLIES_TO
RP_HEAT_03,P247,APPLIES_TO
RP_HEAT_03,P248,APPLIES_TO
RP_HEAT_03,P249,APPLIES_TO
RP_HEAT_03,P250,APPLIES_TO
RP_HEAT_03,P251,APPLIES_TO
RP_HEAT_03,P252,APPLIES_TO
RP_HEAT_03,P253,APPLIES_TO
RP_HEAT_03,P254,APPLIES_TO
RP_HEAT_03,P255,APPLIES_TO
RP_HEAT_03,P256,APPLIES_TO
RP_HEAT_03,P257,APPLIES_TO
RP_HEAT_03,P258,APPLIES_TO
RP_HEAT_03,P259,APPLIES_TO
RP_HEAT_03,P260,APPLIES_TO
RP_HEAT_03,P261,APPLIES_TO
RP_HEAT_03,P262,APPLIES_TO
RP_HEAT_03,P263,APPLIES_TO
RP_HEAT_03,P265,APPLIES_TO
RP_HEAT_03,P266,APPLIES_TO
RP_HEAT_03,P267,APPLIES_TO
RP_HEAT_03,P268,APPLIES_TO
RP_HEAT_03,P269,APPLIES_TO
RP_HEAT_03,P270,APPLIES_TO
RP_HEAT_03,P272,APPLIES_TO
RP_HEAT_03,P275,APPLIES_TO
RP_HEAT_03,P276,APPLIES_TO
RP_HEAT_03,P277,APPLIES_TO
RP_HEAT_03,P278,APPLIES_TO
RP_HEAT_03,P279,APPLIES_TO
RP_HEAT_03,P280,APPLIES_TO
RP_HEAT_03,P281,APPLIES_TO
RP_HEAT_03,P282,APPLIES_TO
RP_HEAT_03,P284,APPLIES_TO
RP_HEAT_03,P285,APPLIES_TO
RP_HEAT_03,P286,APPLIES_TO
RP_HEAT_03,P287,APPLIES_TO
RP_HEAT_03,P288,APPLIES_TO
RP_HEAT_03,P289,APPLIES_TO
RP_HEAT_03,P290,APPLIES_TO
RP_HEAT_03,P293,APPLIES_TO
RP_HEAT_03,P295,APPLIES_TO
RP_HEAT_03,P296,APPLIES_TO
RP_HEAT_03,P297,APPLIES_TO
RP_HEAT_03,P298,APPLIES_TO
RP_HEAT_03,P300,APPLIES_TO
RP_HEAT_03,P301,APPLIES_TO
RP_HEAT_03,P302,APPLIES_TO
RP_HEAT_03,P304,APPLIES_TO
RP_HEAT_03,P306,APPLIES_TO
RP_HEAT_03,P307,APPLIES_TO
RP_HEAT_03,P308,APPLIES_TO
RP_HEAT_03,P309,APPLIES_TO
RP_HEAT_03,P310,APPLIES_TO
RP_HEAT_03,P311,APPLIES_TO
RP_HEAT_03,P312,APPLIES_TO
RP_HEAT_03,P313,APPLIES_TO
RP_HEAT_03,P314,APPLIES_TO
RP_HEAT_03,P315,APPLIES_TO
RP_HEAT_03,P316,APPLIES_TO
RP_HEAT_03,P317,APPLIES_TO
RP_HEAT_03,P318,APPLIES_TO
RP_HEAT_03,P319,APPLIES_TO
RP_HEAT_03,P320,APPLIES_TO
RP_HEAT_03,P321,APPLIES_TO
RP_HEAT_03,P322,APPLIES_TO
RP_HEAT_03,P323,APPLIES_TO
RP_HEAT_03,P324,APPLIES_TO
RP_HEAT_03,P325,APPLIES_TO
RP_HEAT_03,P326,APPLIES_TO
RP_HEAT_03,P327,APPLIES_TO
RP_HEAT_03,P328,APPLIES_TO
RP_HEAT_03,P329,APPLIES_TO
RP_HEAT_03,P330,APPLIES_TO
RP_HEAT_03,P331,APPLIES_TO
RP_HEAT_03,P332,APPLIES_TO
RP_HEAT_03,P333,APPLIES_TO
RP_HEAT_03,P334,APPLIES_TO
RP_HEAT_03,P335,APPLIES_TO
RP_HEAT_03,P336,APPLIES_TO
RP_HEAT_03,P337,APPLIES_TO
RP_HEAT_03,P338,APPLIES_TO
RP_HEAT_03,P339,APPLIES_TO
RP_HEAT_03,P340,APPLIES_TO
RP_HEAT_03,P341,APPLIES_TO
RP_HEAT_03,P342,APPLIES_TO
RP_HEAT_03,P343,APPLIES_TO
RP_HEAT_03,P344,APPLIES_TO
RP_HEAT_03,P347,APPLIES_TO
RP_HEAT_03,P348,APPLIES_TO
RP_HEAT_03,P349,APPLIES_TO
RP_HEAT_03,P350,APPLIES_TO
RP_HEAT_03,P351,APPLIES_TO
RP_HEAT_03,P353,APPLIES_TO
RP_HEAT_03,P354,APPLIES_TO
RP_HEAT_03,P355,APPLIES_TO
RP_HEAT_03,P356,APPLIES_TO
RP_HEAT_03,P357,APPLIES_TO
RP_HEAT_03,P358,APPLIES_TO
RP_HEAT_03,P359,APPLIES_TO
RP_HEAT_03,P360,APPLIES_TO
RP_HEAT_03,P361,APPLIES_TO
RP_HEAT_03,P362,APPLIES_TO
RP_HEAT_03,P363,APPLIES_TO
RP_HEAT_03,P366,APPLIES_TO
RP_HEAT_03,P367,APPLIES_TO
RP_HEAT_03,P368,APPLIES_TO
RP_HEAT_03,P369,APPLIES_TO
RP_HEAT_03,P371,APPLIES_TO
RP_HEAT_03,P372,APPLIES_TO
RP_HEAT_03,P373,APPLIES_TO
RP_HEAT_03,P374,APPLIES_TO
RP_HEAT_03,P376,APPLIES_TO
RP_HEAT_03,P377,APPLIES_TO
RP_HEAT_03,P378,APPLIES_TO
RP_HEAT_03,P379,APPLIES_TO
RP_HEAT_03,P380,APPLIES_TO
RP_HEAT_03,P381,APPLIES_TO
RP_HEAT_03,P382,APPLIES_TO
RP_HEAT_03,P383,APPLIES_TO
RP_HEAT_03,P384,APPLIES_TO
RP_HEAT_03,P385,APPLIES_TO
RP_HEAT_03,P387,APPLIES_TO
RP_HEAT_03,P388,APPLIES_TO
RP_HEAT_03,P390,APPLIES_TO
RP_HEAT_03,P391,APPLIES_TO
RP_HEAT_03,P392,APPLIES_TO
RP_HEAT_03,P394,APPLIES_TO
RP_HEAT_03,P396,APPLIES_TO
RP_HEAT_03,P398,APPLIES_TO
RP_HEAT_03,P399,APPLIES_TO
RP_HEAT_03,P400,APPLIES_TO
RP_HEAT_03,P401,APPLIES_TO
RP_HEAT_03,P402,APPLIES_TO
RP_HEAT_03,P403,APPLIES_TO
RP_HEAT_03,P404,APPLIES_TO
RP_HEAT_03,P405,APPLIES_TO
RP_HEAT_03,P406,APPLIES_TO
RP_HEAT_03,P407,APPLIES_TO
RP_HEAT_03,P408,APPLIES_TO
RP_HEAT_03,P409,APPLIES_TO
RP_HEAT_03,P410,APPLIES_TO
RP_HEAT_03,P411,APPLIES_TO
RP_HEAT_03,P412,APPLIES_TO
RP_HEAT_03,P414,APPLIES_TO
RP_HEAT_03,P415,APPLIES_TO
RP_HEAT_03,P416,APPLIES_TO
RP_HEAT_03,P417,APPLIES_TO
RP_HEAT_03,P418,APPLIES_TO
RP_HEAT_03,P419,APPLIES_TO
RP_HEAT_03,P420,APPLIES_TO
RP_HEAT_03,P421,APPLIES_TO
RP_HEAT_03,P422,APPLIES_TO
RP_HEAT_03,P423,APPLIES_TO
RP_HEAT_03,P424,APPLIES_TO
RP_HEAT_03,P426,APPLIES_TO
RP_HEAT_03,P427,APPLIES_TO
RP_HEAT_03,P429,APPLIES_TO
RP_HEAT_03,P430,APPLIES_TO
RP_HEAT_03,P431,APPLIES_TO
RP_HEAT_03,P432,APPLIES_TO
RP_HEAT_03,P433,APPLIES_TO
RP_HEAT_03,P434,APPLIES_TO
RP_HEAT_03,P435,APPLIES_TO
RP_HEAT_03,P436,APPLIES_TO
RP_HEAT_03,P437,APPLIES_TO
RP_HEAT_03,P438,APPLIES_TO
RP_HEAT_03,P439,APPLIES_TO
RP_HEAT_03,P440,APPLIES_TO
RP_HEAT_03,P441,APPLIES_TO
RP_HEAT_03,P442,APPLIES_TO
RP_HEAT_03,P443,APPLIES_TO
RP_HEAT_03,P445,APPLIES_TO
RP_HEAT_03,P446,APPLIES_TO
RP_HEAT_03,P447,APPLIES_TO
RP_HEAT_03,P448,APPLIES_TO
RP_HEAT_03,P449,APPLIES_TO
RP_HEAT_03,P450,APPLIES_TO
RP_HEAT_03,P452,APPLIES_TO
RP_HEAT_03,P453,APPLIES_TO
RP_HEAT_03,P454,APPLIES_TO
RP_HEAT_03,P455,APPLIES_TO
RP_HEAT_03,P456,APPLIES_TO
RP_HEAT_03,P457,APPLIES_TO
RP_HEAT_03,P458,APPLIES_TO
RP_HEAT_03,P459,APPLIES_TO
RP_HEAT_03,P460,APPLIES_TO
RP_HEAT_03,P462,APPLIES_TO
RP_HEAT_03,P463,APPLIES_TO
RP_HEAT_03,P465,APPLIES_TO
RP_HEAT_03,P466,APPLIES_TO
RP_HEAT_03,P467,APPLIES_TO
RP_HEAT_03,P469,APPLIES_TO
RP_HEAT_03,P470,APPLIES_TO
RP_HEAT_03,P472,APPLIES_TO
RP_HEAT_03,P476,APPLIES_TO
RP_HEAT_03,P477,APPLIES_TO
RP_HEAT_03,P478,APPLIES_TO
RP_HEAT_03,P479,APPLIES_TO
RP_HEAT_03,P480,APPLIES_TO
RP_HEAT_03,P482,APPLIES_TO
RP_HEAT_03,P483,APPLIES_TO
RP_HEAT_03,P484,APPLIES_TO
RP_HEAT_03,P485,APPLIES_TO
RP_HEAT_03,P486,APPLIES_TO
RP_HEAT_03,P487,APPLIES_TO
RP_HEAT_03,P488,APPLIES_TO
RP_HEAT_03,P489,APPLIES_TO
RP_HEAT_03,P490,APPLIES_TO
RP_HEAT_03,P491,APPLIES_TO
RP_HEAT_03,P492,APPLIES_TO
RP_HEAT_03,P493,APPLIES_TO
RP_HEAT_03,P494,APPLIES_TO
RP_HEAT_03,P495,APPLIES_TO
RP_HEAT_03,P497,APPLIES_TO
RP_HEAT_03,P498,APPLIES_TO
RP_HEAT_03,P499,APPLIES_TO
RP_HEAT_03,P501,APPLIES_TO
RP_HEAT_03,P502,APPLIES_TO
RP_HEAT_03,P503,APPLIES_TO
RP_HEAT_03,P504,APPLIES_TO
RP_HEAT_03,P505,APPLIES_TO
RP_HEAT_03,P506,APPLIES_TO
RP_HEAT_03,P507,APPLIES_TO
RP_HEAT_03,P508,APPLIES_TO
RP_HEAT_03,P509,APPLIES_TO
RP_HEAT_03,P510,APPLIES_TO
RP_HEAT_03,P513,APPLIES_TO
RP_HEAT_03,P514,APPLIES_TO
RP_HEAT_03,P515,APPLIES_TO
RP_HEAT_03,P516,APPLIES_TO
RP_HEAT_03,P517,APPLIES_TO
RP_HEAT_03,P519,APPLIES_TO
RP_HEAT_03,P520,APPLIES_TO
RP_HEAT_03,P521,APPLIES_TO
RP_HEAT_03,P523,APPLIES_TO
RP_HEAT_03,P524,APPLIES_TO
RP_HEAT_03,P525,APPLIES_TO
RP_HEAT_03,P526,APPLIES_TO
RP_HEAT_03,P527,APPLIES_TO
RP_HEAT_03,P531,APPLIES_TO
RP_HEAT_03,P532,APPLIES_TO
RP_HEAT_03,P534,APPLIES_TO
RP_HEAT_03,P536,APPLIES_TO
RP_HEAT_03,P537,APPLIES_TO
RP_HEAT_03,P538,APPLIES_TO
RP_HEAT_03,P539,APPLIES_TO
RP_HEAT_03,P540,APPLIES_TO
RP_HEAT_03,P541,APPLIES_TO
RP_HEAT_03,P542,APPLIES_TO
RP_HEAT_03,P543,APPLIES_TO
RP_HEAT_03,P545,APPLIES_TO
RP_HEAT_03,P546,APPLIES_TO
RP_HEAT_03,P547,APPLIES_TO
RP_HEAT_03,P548,APPLIES_TO
RP_HEAT_03,P549,APPLIES_TO
RP_HEAT_03,P550,APPLIES_TO
RP_HEAT_03,P551,APPLIES_TO
RP_HEAT_03,P552,APPLIES_TO
RP_HEAT_03,P553,APPLIES_TO
RP_HEAT_03,P554,APPLIES_TO
RP_HEAT_03,P555,APPLIES_TO
RP_HEAT_03,P556,APPLIES_TO
RP_HEAT_03,P557,APPLIES_TO
RP_HEAT_03,P558,APPLIES_TO
RP_HEAT_03,P559,APPLIES_TO
RP_HEAT_03,P560,APPLIES_TO
RP_HEAT_03,P561,APPLIES_TO
RP_HEAT_03,P562,APPLIES_TO
RP_HEAT_03,P563,APPLIES_TO
RP_HEAT_03,P564,APPLIES_TO
RP_HEAT_03,P565,APPLIES_TO
RP_HEAT_03,P566,APPLIES_TO
RP_HEAT_03,P567,APPLIES_TO
RP_HEAT_03,P568,APPLIES_TO
RP_HEAT_03,P569,APPLIES_TO
RP_HEAT_03,P570,APPLIES_TO
RP_HEAT_03,P571,APPLIES_TO
RP_HEAT_03,P572,APPLIES_TO
RP_HEAT_03,P573,APPLIES_TO
RP_HEAT_03,P574,APPLIES_TO
RP_HEAT_03,P575,APPLIES_TO
RP_HEAT_03,P576,APPLIES_TO
RP_HEAT_03,P577,APPLIES_TO
RP_HEAT_03,P578,APPLIES_TO
RP_HEAT_03,P579,APPLIES_TO
RP_HEAT_03,P580,APPLIES_TO
RP_HEAT_03,P581,APPLIES_TO
RP_HEAT_03,P582,APPLIES_TO
RP_HEAT_03,P583,APPLIES_TO
RP_HEAT_03,P584,APPLIES_TO
RP_HEAT_03,P585,APPLIES_TO
RP_HEAT_03,P586,APPLIES_TO
RP_HEAT_03,P587,APPLIES_TO
RP_HEAT_03,P588,APPLIES_TO
RP_HEAT_03,P589,APPLIES_TO
RP_HEAT_03,P590,APPLIES_TO
RP_HEAT_03,P591,APPLIES_TO
RP_HEAT_03,P592,APPLIES_TO
RP_HEAT_03,P593,APPLIES_TO
RP_HEAT_03,P594,APPLIES_TO
RP_HEAT_03,P595,APPLIES_TO
RP_HEAT_03,P596,APPLIES_TO
RP_HEAT_03,P597,APPLIES_TO
RP_HEAT_03,P598,APPLIES_TO
RP_HEAT_03,P599,APPLIES_TO
RP_HEAT_03,P600,APPLIES_TO
RP_HEAT_03,P601,APPLIES_TO
RP_HEAT_03,P602,APPLIES_TO
RP_HEAT_03,P603,APPLIES_TO
RP_HEAT_03,P604,APPLIES_TO
RP_HEAT_03,P605,APPLIES_TO
RP_HEAT_03,P606,APPLIES_TO
RP_HEAT_03,P607,APPLIES_TO
RP_HEAT_03,P608,APPLIES_TO
RP_HEAT_03,P609,APPLIES_TO
RP_HEAT_03,P610,APPLIES_TO
RP_HEAT_03,P611,APPLIES_TO
RP_HEAT_03,P612,APPLIES_TO
RP_HEAT_03,P613,APPLIES_TO
RP_HEAT_03,P614,APPLIES_TO
RP_HEAT_03,P615,APPLIES_TO
RP_HEAT_03,P616,APPLIES_TO
RP_HEAT_03,P617,APPLIES_TO
RP_HEAT_03,P618,APPLIES_TO
RP_HEAT_03,P619,APPLIES_TO
RP_HEAT_03,P620,APPLIES_TO
RP_HEAT_03,P621,APPLIES_TO
RP_HEAT_03,P622,APPLIES_TO
RP_HEAT_03,P623,APPLIES_TO
RP_HEAT_03,P624,APPLIES_TO
RP_HEAT_03,P625,APPLIES_TO
RP_HEAT_03,P626,APPLIES_TO
RP_HEAT_03,P627,APPLIES_TO
RP_HEAT_03,P628,APPLIES_TO
RP_HEAT_03,P629,APPLIES_TO
RP_HEAT_03,P630,APPLIES_TO
RP_HEAT_03,P631,APPLIES_TO
RP_HEAT_03,P632,APPLIES_TO
RP_HEAT_03,P633,APPLIES_TO
RP_HEAT_03,P634,APPLIES_TO
RP_HEAT_03,P635,APPLIES_TO
RP_HEAT_03,P636,APPLIES_TO
RP_HEAT_03,P637,APPLIES_TO
RP_HEAT_03,P638,APPLIES_TO
RP_HEAT_03,P639,APPLIES_TO
RP_HEAT_03,P640,APPLIES_TO
RP_HEAT_03,P641,APPLIES_TO
RP_HEAT_03,P642,APPLIES_TO
RP_HEAT_03,P643,APPLIES_TO
RP_HEAT_03,P648,APPLIES_TO
RP_HEAT_03,P649,APPLIES_TO
RP_HEAT_03,P650,APPLIES_TO
RP_HEAT_03,P652,APPLIES_TO
RP_HEAT_03,P653,APPLIES_TO
RP_HEAT_03,P654,APPLIES_TO
RP_HEAT_03,P655,APPLIES_TO
RP_HEAT_03,P656,APPLIES_TO
RP_HEAT_03,P657,APPLIES_TO
RP_HEAT_03,P658,APPLIES_TO
RP_HEAT_03,P659,APPLIES_TO
RP_HEAT_03,P660,APPLIES_TO
RP_HEAT_03,P661,APPLIES_TO
RP_HEAT_03,P662,APPLIES_TO
RP_HEAT_03,P663,APPLIES_TO
RP_HEAT_03,P664,APPLIES_TO
RP_HEAT_03,P665,APPLIES_TO
RP_HEAT_03,P666,APPLIES_TO
RP_HEAT_03,P667,APPLIES_TO
RP_HEAT_03,P668,APPLIES_TO
RP_HEAT_03,P669,APPLIES_TO
RP_HEAT_03,P670,APPLIES_TO
RP_HEAT_03,P671,APPLIES_TO
RP_HEAT_03,P672,APPLIES_TO
RP_HEAT_03,P673,APPLIES_TO
RP_HEAT_03,P674,APPLIES_TO
RP_HEAT_03,P683,APPLIES_TO
RP_HEAT_03,P689,APPLIES_TO
RP_HEAT_03,P703,APPLIES_TO
RP_HEAT_03,P708,APPLIES_TO
RP_HEAT_03,P712,APPLIES_TO
RP_HEAT_03,P715,APPLIES_TO
RP_HEAT_03,P716,APPLIES_TO
RP_HEAT_03,P718,APPLIES_TO
RP_HEAT_03,P719,APPLIES_TO
RP_HEAT_03,P720,APPLIES_TO
RP_HEAT_03,P721,APPLIES_TO
RP_HEAT_03,P722,APPLIES_TO
RP_HEAT_03,P723,APPLIES_TO
RP_HEAT_03,P725,APPLIES_TO
RP_HEAT_03,P726,APPLIES_TO
RP_HEAT_03,P727,APPLIES_TO
RP_HEAT_03,P728,APPLIES_TO
RP_HEAT_03,P729,APPLIES_TO
RP_HEAT_03,P730,APPLIES_TO
RP_HEAT_03,P731,APPLIES_TO
RP_HEAT_03,P732,APPLIES_TO
RP_HEAT_03,P734,APPLIES_TO
RP_HEAT_03,P735,APPLIES_TO
RP_HEAT_03,P736,APPLIES_TO
RP_HEAT_03,P737,APPLIES_TO
RP_HEAT_03,P738,APPLIES_TO
RP_HEAT_03,P739,APPLIES_TO
RP_HEAT_03,P740,APPLIES_TO
RP_HEAT_03,P741,APPLIES_TO
RP_HEAT_03,P742,APPLIES_TO
RP_HEAT_03,P743,APPLIES_TO
RP_HEAT_03,P744,APPLIES_TO
RP_HEAT_03,P745,APPLIES_TO
RP_HEAT_03,P746,APPLIES_TO
RP_HEAT_03,P747,APPLIES_TO
RP_HEAT_03,P748,APPLIES_TO
RP_HEAT_03,P749,APPLIES_TO
RP_HEAT_03,P750,APPLIES_TO
RP_HEAT_03,P751,APPLIES_TO
RP_HEAT_03,P752,APPLIES_TO
RP_HEAT_03,P753,APPLIES_TO
RP_HEAT_03,P754,APPLIES_TO
RP_HEAT_03,P755,APPLIES_TO
RP_HEAT_03,P756,APPLIES_TO
RP_HEAT_03,P757,APPLIES_TO
RP_HEAT_03,P758,APPLIES_TO
RP_HEAT_03,P759,APPLIES_TO
RP_HEAT_03,P760,APPLIES_TO
RP_HEAT_03,P761,APPLIES_TO
RP_HEAT_03,P762,APPLIES_TO
RP_HEAT_03,P763,APPLIES_TO
RP_HEAT_03,P764,APPLIES_TO
RP_HEAT_03,P765,APPLIES_TO
RP_HEAT_03,P766,APPLIES_TO
RP_HEAT_03,P767,APPLIES_TO
RP_HEAT_03,P768,APPLIES_TO
RP_HEAT_03,P769,APPLIES_TO
RP_HEAT_03,P770,APPLIES_TO
RP_HEAT_03,P771,APPLIES_TO
RP_HEAT_03,P772,APPLIES_TO
RP_HEAT_03,P773,APPLIES_TO
RP_HEAT_03,P774,APPLIES_TO
RP_HEAT_03,P775,APPLIES_TO
RP_HEAT_03,P776,APPLIES_TO
RP_HEAT_03,P777,APPLIES_TO
RP_HEAT_03,P778,APPLIES_TO
RP_HEAT_03,P779,APPLIES_TO
RP_HEAT_03,P780,APPLIES_TO
RP_HEAT_03,P781,APPLIES_TO
RP_HEAT_03,P782,APPLIES_TO
RP_HEAT_03,P783,APPLIES_TO
RP_HEAT_03,P784,APPLIES_TO
RP_HEAT_03,P785,APPLIES_TO
RP_HEAT_03,P786,APPLIES_TO
RP_HEAT_03,P787,APPLIES_TO
RP_HEAT_03,P788,APPLIES_TO
RP_HEAT_03,P789,APPLIES_TO
RP_HEAT_03,P790,APPLIES_TO
RP_HEAT_03,P791,APPLIES_TO
RP_HEAT_03,P792,APPLIES_TO
RP_HEAT_03,P793,APPLIES_TO
RP_HEAT_03,P794,APPLIES_TO
RP_HEAT_03,P795,APPLIES_TO
RP_HEAT_03,P796,APPLIES_TO
RP_HEAT_03,P797,APPLIES_TO
RP_HEAT_03,P798,APPLIES_TO
RP_HEAT_03,P799,APPLIES_TO
RP_HEAT_03,P800,APPLIES_TO
RP_HEAT_03,P801,APPLIES_TO
RP_HEAT_03,P802,APPLIES_TO
RP_HEAT_03,P803,APPLIES_TO
RP_HEAT_03,P804,APPLIES_TO
RP_HEAT_03,P805,APPLIES_TO
RP_HEAT_03,P806,APPLIES_TO
RP_HEAT_03,P807,APPLIES_TO
RP_HEAT_03,P808,APPLIES_TO
RP_HEAT_03,P809,APPLIES_TO
RP_HEAT_03,P810,APPLIES_TO
RP_HEAT_03,P811,APPLIES_TO
RP_HEAT_03,P812,APPLIES_TO
RP_HEAT_03,P813,APPLIES_TO
RP_HEAT_03,P814,APPLIES_TO
RP_HEAT_03,P815,APPLIES_TO
RP_HEAT_03,P816,APPLIES_TO
RP_HEAT_03,P817,APPLIES_TO
RP_HEAT_03,P818,APPLIES_TO
RP_HEAT_03,P819,APPLIES_TO
RP_HEAT_03,P820,APPLIES_TO
RP_HEAT_03,P821,APPLIES_TO
RP_HEAT_03,P822,APPLIES_TO
RP_HEAT_03,P823,APPLIES_TO
RP_HEAT_03,P824,APPLIES_TO
RP_HEAT_03,P825,APPLIES_TO
RP_HEAT_03,P826,APPLIES_TO
RP_HEAT_03,P827,APPLIES_TO
RP_HEAT_03,P828,APPLIES_TO
RP_HEAT_03,P829,APPLIES_TO
RP_HEAT_03,P830,APPLIES_TO
RP_HEAT_03,P831,APPLIES_TO
RP_HEAT_03,P832,APPLIES_TO
RP_HEAT_03,P833,APPLIES_TO
RP_HEAT_03,P834,APPLIES_TO
RP_HEAT_03,P835,APPLIES_TO
RP_HEAT_03,P836,APPLIES_TO
RP_HEAT_03,P837,APPLIES_TO
RP_HEAT_03,P838,APPLIES_TO
RP_HEAT_03,P839,APPLIES_TO
RP_HEAT_03,P840,APPLIES_TO
RP_HEAT_03,P841,APPLIES_TO
RP_HEAT_03,P842,APPLIES_TO
RP_HEAT_03,P843,APPLIES_TO
RP_HEAT_03,P844,APPLIES_TO
RP_HEAT_03,P845,APPLIES_TO
RP_HEAT_03,P846,APPLIES_TO
RP_HEAT_03,P847,APPLIES_TO
RP_HEAT_03,P848,APPLIES_TO
RP_HEAT_03,P849,APPLIES_TO
RP_HEAT_03,P850,APPLIES_TO
RP_HEAT_03,P851,APPLIES_TO
RP_HEAT_03,P852,APPLIES_TO
RP_HEAT_03,P853,APPLIES_TO
RP_HEAT_03,P854,APPLIES_TO
RP_HEAT_03,P855,APPLIES_TO
RP_HEAT_03,P856,APPLIES_TO
RP_HEAT_03,P857,APPLIES_TO
RP_HEAT_03,P858,APPLIES_TO
RP_HEAT_03,P859,APPLIES_TO
RP_HEAT_03,P860,APPLIES_TO
RP_HEAT_03,P861,APPLIES_TO
RP_HEAT_03,P862,APPLIES_TO
RP_HEAT_03,P863,APPLIES_TO
RP_HEAT_03,P864,APPLIES_TO
RP_HEAT_03,P865,APPLIES_TO
RP_HEAT_03,P866,APPLIES_TO
RP_HEAT_03,P867,APPLIES_TO
RP_HEAT_03,P868,APPLIES_TO
RP_HEAT_03,P869,APPLIES_TO
RP_HEAT_03,P870,APPLIES_TO
RP_HEAT_03,P871,APPLIES_TO
RP_HEAT_03,P872,APPLIES_TO
RP_HEAT_03,P873,APPLIES_TO
RP_HEAT_03,P874,APPLIES_TO
RP_HEAT_03,P875,APPLIES_TO
RP_HEAT_03,P876,APPLIES_TO
RP_HEAT_03,P877,APPLIES_TO
RP_HEAT_03,P878,APPLIES_TO
RP_HEAT_03,P879,APPLIES_TO
RP_HEAT_03,P880,APPLIES_TO
RP_HEAT_03,P881,APPLIES_TO
RP_HEAT_03,P882,APPLIES_TO
RP_HEAT_03,P883,APPLIES_TO
RP_HEAT_03,P884,APPLIES_TO
RP_HEAT_03,P885,APPLIES_TO
RP_HEAT_03,P886,APPLIES_TO
RP_HEAT_03,P887,APPLIES_TO
RP_HEAT_03,P888,APPLIES_TO
RP_HEAT_03,P889,APPLIES_TO
RP_HEAT_03,P890,APPLIES_TO
RP_HEAT_03,P891,APPLIES_TO
RP_HEAT_03,P892,APPLIES_TO
RP_HEAT_03,P893,APPLIES_TO
RP_HEAT_03,P894,APPLIES_TO
RP_HEAT_03,P895,APPLIES_TO
RP_HEAT_03,P896,APPLIES_TO
RP_HEAT_03,P897,APPLIES_TO
RP_HEAT_03,P898,APPLIES_TO
RP_HEAT_03,P899,APPLIES_TO
RP_HEAT_03,P900,APPLIES_TO
RP_HEAT_03,P901,APPLIES_TO
RP_HEAT_03,P902,APPLIES_TO
RP_HEAT_03,P903,APPLIES_TO
RP_HEAT_03,P904,APPLIES_TO
RP_HEAT_03,P905,APPLIES_TO
RP_HEAT_03,P906,APPLIES_TO
RP_HEAT_03,P907,APPLIES_TO
RP_HEAT_03,P908,APPLIES_TO
RP_HEAT_03,P909,APPLIES_TO
RP_HEAT_03,P910,APPLIES_TO
RP_HEAT_03,P911,APPLIES_TO
RP_HEAT_03,P912,APPLIES_TO
RP_HEAT_03,P913,APPLIES_TO
RP_HEAT_03,P914,APPLIES_TO
RP_HEAT_03,P915,APPLIES_TO
RP_HEAT_03,P916,APPLIES_TO
RP_HEAT_03,P917,APPLIES_TO
RP_HEAT_03,P918,APPLIES_TO
RP_HEAT_03,P919,APPLIES_TO
RP_HEAT_03,P920,APPLIES_TO
RP_HEAT_03,P921,APPLIES_TO
RP_HEAT_03,P922,APPLIES_TO
RP_HEAT_03,P923,APPLIES_TO
RP_HEAT_03,P924,APPLIES_TO
RP_HEAT_03,P925,APPLIES_TO
RP_HEAT_03,P926,APPLIES_TO
RP_HEAT_03,P927,APPLIES_TO
RP_HEAT_03,P928,APPLIES_TO
RP_HEAT_03,P929,APPLIES_TO
RP_HEAT_03,P930,APPLIES_TO
RP_HEAT_03,P931,APPLIES_TO
RP_HEAT_03,P935,APPLIES_TO
RP_HEAT_03,P936,APPLIES_TO
RP_HEAT_03,P937,APPLIES_TO
RP_HEAT_03,P938,APPLIES_TO
RP_HEAT_03,P939,APPLIES_TO
RP_HEAT_03,P940,APPLIES_TO
RP_HEAT_03,P942,APPLIES_TO
RP_HEAT_03,P943,APPLIES_TO
RP_HEAT_03,P944,APPLIES_TO
RP_HEAT_03,P945,APPLIES_TO
RP_HEAT_03,P946,APPLIES_TO
RP_HEAT_03,P947,APPLIES_TO
RP_HEAT_03,P948,APPLIES_TO
RP_HEAT_03,P949,APPLIES_TO
RP_HEAT_03,P950,APPLIES_TO
RP_HEAT_03,P951,APPLIES_TO
RP_HEAT_03,P952,APPLIES_TO
RP_HEAT_03,P954,APPLIES_TO
RP_HEAT_03,P955,APPLIES_TO
RP_HEAT_03,P956,APPLIES_TO
RP_HEAT_03,P957,APPLIES_TO
RP_HEAT_03,P958,APPLIES_TO
RP_HEAT_03,P959,APPLIES_TO
RP_HEAT_03,P960,APPLIES_TO
RP_HEAT_03,P962,APPLIES_TO
RP_HEAT_03,P963,APPLIES_TO
RP_HEAT_03,P964,APPLIES_TO
RP_HEAT_03,P965,APPLIES_TO
RP_HEAT_03,P966,APPLIES_TO
RP_HEAT_03,P967,APPLIES_TO
RP_HEAT_03,P968,APPLIES_TO
RP_HEAT_03,P969,APPLIES_TO
RP_HEAT_03,P971,APPLIES_TO
RP_HEAT_03,P972,APPLIES_TO
RP_HEAT_03,P973,APPLIES_TO
RP_HEAT_03,P975,APPLIES_TO
RP_HEAT_03,P976,APPLIES_TO
RP_HEAT_03,P977,APPLIES_TO
RP_HEAT_03,P978,APPLIES_TO
RP_HEAT_03,P979,APPLIES_TO
RP_HEAT_03,P980,APPLIES_TO
RP_HEAT_03,P981,APPLIES_TO
RP_HEAT_03,P982,APPLIES_TO
RP_HEAT_03,P983,APPLIES_TO
RP_HEAT_03,P984,APPLIES_TO
RP_HEAT_03,P985,APPLIES_TO
RP_HEAT_03,P986,APPLIES_TO
RP_HEAT_03,P987,APPLIES_TO
RP_HEAT_03,P988,APPLIES_TO
RP_HEAT_03,P989,APPLIES_TO
RP_HEAT_03,P990,APPLIES_TO
RP_HEAT_03,P991,APPLIES_TO
RP_HEAT_03,P992,APPLIES_TO
RP_HEAT_03,P993,APPLIES_TO
RP_HEAT_03,P994,APPLIES_TO
RP_HEAT_03,P995,APPLIES_TO
RP_HEAT_03,P996,APPLIES_TO
RP_HEAT_03,P997,APPLIES_TO
RP_HEAT_03,P999,APPLIES_TO
RP_HEAT_03,P1001,APPLIES_TO
RP_HEAT_03,P1002,APPLIES_TO
RP_HEAT_03,P1004,APPLIES_TO
RP_HEAT_03,P1005,APPLIES_TO
RP_HEAT_03,P1006,APPLIES_TO
RP_HEAT_03,P1007,APPLIES_TO
RP_HEAT_03,P1009,APPLIES_TO
RP_HEAT_03,P1010,APPLIES_TO
RP_HEAT_03,P1011,APPLIES_TO
RP_HEAT_03,P1012,APPLIES_TO
RP_HEAT_03,P1014,APPLIES_TO
RP_HEAT_03,P1015,APPLIES_TO
RP_HEAT_03,P1016,APPLIES_TO
RP_HEAT_03,P1018,APPLIES_TO
RP_HEAT_03,P1019,APPLIES_TO
RP_HEAT_03,P1022,APPLIES_TO
RP_ICE_01,P005,APPLIES_TO
RP_ICE_01,P013,APPLIES_TO
RP_ICE_01,P022,APPLIES_TO
RP_ICE_01,P030,APPLIES_TO
RP_ICE_01,P035,APPLIES_TO
RP_ICE_01,P038,APPLIES_TO
RP_ICE_01,P049,APPLIES_TO
RP_ICE_01,P055,APPLIES_TO
RP_ICE_01,P085,APPLIES_TO
RP_ICE_01,P104,APPLIES_TO
RP_ICE_01,P129,APPLIES_TO
RP_ICE_01,P130,APPLIES_TO
RP_ICE_01,P139,APPLIES_TO
RP_ICE_01,P146,APPLIES_TO
RP_ICE_01,P165,APPLIES_TO
RP_ICE_01,P171,APPLIES_TO
RP_ICE_01,P172,APPLIES_TO
RP_ICE_01,P184,APPLIES_TO
RP_ICE_01,P189,APPLIES_TO
RP_ICE_01,P191,APPLIES_TO
RP_ICE_01,P201,APPLIES_TO
RP_ICE_01,P207,APPLIES_TO
RP_ICE_01,P215,APPLIES_TO
RP_ICE_01,P216,APPLIES_TO
RP_ICE_01,P220,APPLIES_TO
RP_ICE_01,P223,APPLIES_TO
RP_ICE_01,P224,APPLIES_TO
RP_ICE_01,P227,APPLIES_TO
RP_ICE_01,P228,APPLIES_TO
RP_ICE_01,P233,APPLIES_TO
RP_ICE_01,P238,APPLIES_TO
RP_ICE_01,P240,APPLIES_TO
RP_ICE_01,P247,APPLIES_TO
RP_ICE_01,P255,APPLIES_TO
RP_ICE_01,P260,APPLIES_TO
RP_ICE_01,P262,APPLIES_TO
RP_ICE_01,P267,APPLIES_TO
RP_ICE_01,P268,APPLIES_TO
RP_ICE_01,P272,APPLIES_TO
RP_ICE_01,P279,APPLIES_TO
RP_ICE_01,P300,APPLIES_TO
RP_ICE_01,P304,APPLIES_TO
RP_ICE_01,P307,APPLIES_TO
RP_ICE_01,P309,APPLIES_TO
RP_ICE_01,P316,APPLIES_TO
RP_ICE_01,P319,APPLIES_TO
RP_ICE_01,P321,APPLIES_TO
RP_ICE_01,P323,APPLIES_TO
RP_ICE_01,P325,APPLIES_TO
RP_ICE_01,P326,APPLIES_TO
RP_ICE_01,P329,APPLIES_TO
RP_ICE_01,P334,APPLIES_TO
RP_ICE_01,P350,APPLIES_TO
RP_ICE_01,P351,APPLIES_TO
RP_ICE_01,P353,APPLIES_TO
RP_ICE_01,P358,APPLIES_TO
RP_ICE_01,P366,APPLIES_TO
RP_ICE_01,P373,APPLIES_TO
RP_ICE_01,P379,APPLIES_TO
RP_ICE_01,P390,APPLIES_TO
RP_ICE_01,P391,APPLIES_TO
RP_ICE_01,P392,APPLIES_TO
RP_ICE_01,P399,APPLIES_TO
RP_ICE_01,P404,APPLIES_TO
RP_ICE_01,P407,APPLIES_TO
RP_ICE_01,P410,APPLIES_TO
RP_ICE_01,P411,APPLIES_TO
RP_ICE_01,P415,APPLIES_TO
RP_ICE_01,P424,APPLIES_TO
RP_ICE_01,P429,APPLIES_TO
RP_ICE_01,P431,APPLIES_TO
RP_ICE_01,P432,APPLIES_TO
RP_ICE_01,P436,APPLIES_TO
RP_ICE_01,P437,APPLIES_TO
RP_ICE_01,P449,APPLIES_TO
RP_ICE_01,P452,APPLIES_TO
RP_ICE_01,P456,APPLIES_TO
RP_ICE_01,P458,APPLIES_TO
RP_ICE_01,P466,APPLIES_TO
RP_ICE_01,P467,APPLIES_TO
RP_ICE_01,P478,APPLIES_TO
RP_ICE_01,P483,APPLIES_TO
RP_ICE_01,P485,APPLIES_TO
RP_ICE_01,P486,APPLIES_TO
RP_ICE_01,P487,APPLIES_TO
RP_ICE_01,P488,APPLIES_TO
RP_ICE_01,P491,APPLIES_TO
RP_ICE_01,P493,APPLIES_TO
RP_ICE_01,P497,APPLIES_TO
RP_ICE_01,P498,APPLIES_TO
RP_ICE_01,P503,APPLIES_TO
RP_ICE_01,P505,APPLIES_TO
RP_ICE_01,P506,APPLIES_TO
RP_ICE_01,P513,APPLIES_TO
RP_ICE_01,P534,APPLIES_TO
RP_ICE_01,P536,APPLIES_TO
RP_ICE_01,P537,APPLIES_TO
RP_ICE_01,P541,APPLIES_TO
RP_ICE_01,P546,APPLIES_TO
RP_ICE_01,P549,APPLIES_TO
RP_ICE_01,P550,APPLIES_TO
RP_ICE_01,P552,APPLIES_TO
RP_ICE_01,P554,APPLIES_TO
RP_ICE_01,P555,APPLIES_TO
RP_ICE_01,P557,APPLIES_TO
RP_ICE_01,P560,APPLIES_TO
RP_ICE_01,P561,APPLIES_TO
RP_ICE_01,P562,APPLIES_TO
RP_ICE_01,P566,APPLIES_TO
RP_ICE_01,P568,APPLIES_TO
RP_ICE_01,P572,APPLIES_TO
RP_ICE_01,P577,APPLIES_TO
RP_ICE_01,P580,APPLIES_TO
RP_ICE_01,P594,APPLIES_TO
RP_ICE_01,P596,APPLIES_TO
RP_ICE_01,P602,APPLIES_TO
RP_ICE_01,P604,APPLIES_TO
RP_ICE_01,P606,APPLIES_TO
RP_ICE_01,P607,APPLIES_TO
RP_ICE_01,P608,APPLIES_TO
RP_ICE_01,P609,APPLIES_TO
RP_ICE_01,P610,APPLIES_TO
RP_ICE_01,P611,APPLIES_TO
RP_ICE_01,P612,APPLIES_TO
RP_ICE_01,P613,APPLIES_TO
RP_ICE_01,P615,APPLIES_TO
RP_ICE_01,P616,APPLIES_TO
RP_ICE_01,P619,APPLIES_TO
RP_ICE_01,P620,APPLIES_TO
RP_ICE_01,P621,APPLIES_TO
RP_ICE_01,P622,APPLIES_TO
RP_ICE_01,P623,APPLIES_TO
RP_ICE_01,P624,APPLIES_TO
RP_ICE_01,P627,APPLIES_TO
RP_ICE_01,P628,APPLIES_TO
RP_ICE_01,P632,APPLIES_TO
RP_ICE_01,P633,APPLIES_TO
RP_ICE_01,P634,APPLIES_TO
RP_ICE_01,P739,APPLIES_TO
RP_ICE_01,P740,APPLIES_TO
RP_ICE_01,P741,APPLIES_TO
RP_ICE_01,P742,APPLIES_TO
RP_ICE_01,P744,APPLIES_TO
RP_ICE_01,P745,APPLIES_TO
RP_ICE_01,P746,APPLIES_TO
RP_ICE_01,P747,APPLIES_TO
RP_ICE_01,P748,APPLIES_TO
RP_ICE_01,P749,APPLIES_TO
RP_ICE_01,P750,APPLIES_TO
RP_ICE_01,P751,APPLIES_TO
RP_ICE_01,P752,APPLIES_TO
RP_ICE_01,P753,APPLIES_TO
RP_ICE_01,P754,APPLIES_TO
RP_ICE_01,P755,APPLIES_TO
RP_ICE_01,P756,APPLIES_TO
RP_ICE_01,P757,APPLIES_TO
RP_ICE_01,P758,APPLIES_TO
RP_ICE_01,P759,APPLIES_TO
RP_ICE_01,P760,APPLIES_TO
RP_ICE_01,P761,APPLIES_TO
RP_ICE_01,P762,APPLIES_TO
RP_ICE_01,P763,APPLIES_TO
RP_ICE_01,P764,APPLIES_TO
RP_ICE_01,P765,APPLIES_TO
RP_ICE_01,P766,APPLIES_TO
RP_ICE_01,P767,APPLIES_TO
RP_ICE_01,P768,APPLIES_TO
RP_ICE_01,P769,APPLIES_TO
RP_ICE_01,P770,APPLIES_TO
RP_ICE_01,P771,APPLIES_TO
RP_ICE_01,P772,APPLIES_TO
RP_ICE_01,P773,APPLIES_TO
RP_ICE_01,P774,APPLIES_TO
RP_ICE_01,P775,APPLIES_TO
RP_ICE_01,P776,APPLIES_TO
RP_ICE_01,P777,APPLIES_TO
RP_ICE_01,P778,APPLIES_TO
RP_ICE_01,P779,APPLIES_TO
RP_ICE_01,P780,APPLIES_TO
RP_ICE_01,P781,APPLIES_TO
RP_ICE_01,P782,APPLIES_TO
RP_ICE_01,P783,APPLIES_TO
RP_ICE_01,P784,APPLIES_TO
RP_ICE_01,P785,APPLIES_TO
RP_ICE_01,P786,APPLIES_TO
RP_ICE_01,P787,APPLIES_TO
RP_ICE_01,P788,APPLIES_TO
RP_ICE_01,P789,APPLIES_TO
RP_ICE_01,P790,APPLIES_TO
RP_ICE_01,P791,APPLIES_TO
RP_ICE_01,P792,APPLIES_TO
RP_ICE_01,P793,APPLIES_TO
RP_ICE_01,P794,APPLIES_TO
RP_ICE_01,P795,APPLIES_TO
RP_ICE_01,P796,APPLIES_TO
RP_ICE_01,P797,APPLIES_TO
RP_ICE_01,P798,APPLIES_TO
RP_ICE_01,P859,APPLIES_TO
RP_ICE_01,P860,APPLIES_TO
RP_ICE_01,P861,APPLIES_TO
RP_ICE_01,P862,APPLIES_TO
RP_ICE_01,P863,APPLIES_TO
RP_ICE_01,P864,APPLIES_TO
RP_ICE_01,P865,APPLIES_TO
RP_ICE_01,P866,APPLIES_TO
RP_ICE_01,P867,APPLIES_TO
RP_ICE_01,P868,APPLIES_TO
RP_ICE_01,P869,APPLIES_TO
RP_ICE_01,P870,APPLIES_TO
RP_ICE_01,P871,APPLIES_TO
RP_ICE_01,P872,APPLIES_TO
RP_ICE_01,P873,APPLIES_TO
RP_ICE_01,P874,APPLIES_TO
RP_ICE_01,P875,APPLIES_TO
RP_ICE_01,P876,APPLIES_TO
RP_ICE_01,P877,APPLIES_TO
RP_ICE_01,P878,APPLIES_TO
RP_ICE_01,P879,APPLIES_TO
RP_ICE_01,P880,APPLIES_TO
RP_ICE_01,P881,APPLIES_TO
RP_ICE_01,P882,APPLIES_TO
RP_ICE_01,P883,APPLIES_TO
RP_ICE_01,P884,APPLIES_TO
RP_ICE_01,P885,APPLIES_TO
RP_ICE_01,P886,APPLIES_TO
RP_ICE_01,P887,APPLIES_TO
RP_ICE_01,P888,APPLIES_TO
RP_ICE_01,P889,APPLIES_TO
RP_ICE_01,P890,APPLIES_TO
RP_ICE_01,P891,APPLIES_TO
RP_COLD_01,P002,APPLIES_TO
RP_COLD_01,P004,APPLIES_TO
RP_COLD_01,P005,APPLIES_TO
RP_COLD_01,P006,APPLIES_TO
RP_COLD_01,P008,APPLIES_TO
RP_COLD_01,P010,APPLIES_TO
RP_COLD_01,P011,APPLIES_TO
RP_COLD_01,P012,APPLIES_TO
RP_COLD_01,P013,APPLIES_TO
RP_COLD_01,P014,APPLIES_TO
RP_COLD_01,P015,APPLIES_TO
RP_COLD_01,P016,APPLIES_TO
RP_COLD_01,P017,APPLIES_TO
RP_COLD_01,P018,APPLIES_TO
RP_COLD_01,P020,APPLIES_TO
RP_COLD_01,P021,APPLIES_TO
RP_COLD_01,P022,APPLIES_TO
RP_COLD_01,P023,APPLIES_TO
RP_COLD_01,P024,APPLIES_TO
RP_COLD_01,P026,APPLIES_TO
RP_COLD_01,P028,APPLIES_TO
RP_COLD_01,P029,APPLIES_TO
RP_COLD_01,P030,APPLIES_TO
RP_COLD_01,P031,APPLIES_TO
RP_COLD_01,P035,APPLIES_TO
RP_COLD_01,P036,APPLIES_TO
RP_COLD_01,P037,APPLIES_TO
RP_COLD_01,P038,APPLIES_TO
RP_COLD_01,P043,APPLIES_TO
RP_COLD_01,P045,APPLIES_TO
RP_COLD_01,P046,APPLIES_TO
RP_COLD_01,P048,APPLIES_TO
RP_COLD_01,P049,APPLIES_TO
RP_COLD_01,P051,APPLIES_TO
RP_COLD_01,P052,APPLIES_TO
RP_COLD_01,P053,APPLIES_TO
RP_COLD_01,P054,APPLIES_TO
RP_COLD_01,P055,APPLIES_TO
RP_COLD_01,P056,APPLIES_TO
RP_COLD_01,P060,APPLIES_TO
RP_COLD_01,P061,APPLIES_TO
RP_COLD_01,P062,APPLIES_TO
RP_COLD_01,P064,APPLIES_TO
RP_COLD_01,P066,APPLIES_TO
RP_COLD_01,P067,APPLIES_TO
RP_COLD_01,P069,APPLIES_TO
RP_COLD_01,P070,APPLIES_TO
RP_COLD_01,P074,APPLIES_TO
RP_COLD_01,P075,APPLIES_TO
RP_COLD_01,P077,APPLIES_TO
RP_COLD_01,P079,APPLIES_TO
RP_COLD_01,P081,APPLIES_TO
RP_COLD_01,P082,APPLIES_TO
RP_COLD_01,P084,APPLIES_TO
RP_COLD_01,P085,APPLIES_TO
RP_COLD_01,P090,APPLIES_TO
RP_COLD_01,P091,APPLIES_TO
RP_COLD_01,P094,APPLIES_TO
RP_COLD_01,P095,APPLIES_TO
RP_COLD_01,P097,APPLIES_TO
RP_COLD_01,P098,APPLIES_TO
RP_COLD_01,P099,APPLIES_TO
RP_COLD_01,P100,APPLIES_TO
RP_COLD_01,P102,APPLIES_TO
RP_COLD_01,P103,APPLIES_TO
RP_COLD_01,P104,APPLIES_TO
RP_COLD_01,P105,APPLIES_TO
RP_COLD_01,P106,APPLIES_TO
RP_COLD_01,P107,APPLIES_TO
RP_COLD_01,P109,APPLIES_TO
RP_COLD_01,P110,APPLIES_TO
RP_COLD_01,P112,APPLIES_TO
RP_COLD_01,P115,APPLIES_TO
RP_COLD_01,P117,APPLIES_TO
RP_COLD_01,P120,APPLIES_TO
RP_COLD_01,P121,APPLIES_TO
RP_COLD_01,P125,APPLIES_TO
RP_COLD_01,P126,APPLIES_TO
RP_COLD_01,P127,APPLIES_TO
RP_COLD_01,P128,APPLIES_TO
RP_COLD_01,P129,APPLIES_TO
RP_COLD_01,P130,APPLIES_TO
RP_COLD_01,P133,APPLIES_TO
RP_COLD_01,P138,APPLIES_TO
RP_COLD_01,P139,APPLIES_TO
RP_COLD_01,P140,APPLIES_TO
RP_COLD_01,P141,APPLIES_TO
RP_COLD_01,P142,APPLIES_TO
RP_COLD_01,P143,APPLIES_TO
RP_COLD_01,P144,APPLIES_TO
RP_COLD_01,P145,APPLIES_TO
RP_COLD_01,P146,APPLIES_TO
RP_COLD_01,P147,APPLIES_TO
RP_COLD_01,P148,APPLIES_TO
RP_COLD_01,P149,APPLIES_TO
RP_COLD_01,P152,APPLIES_TO
RP_COLD_01,P153,APPLIES_TO
RP_COLD_01,P157,APPLIES_TO
RP_COLD_01,P158,APPLIES_TO
RP_COLD_01,P159,APPLIES_TO
RP_COLD_01,P160,APPLIES_TO
RP_COLD_01,P161,APPLIES_TO
RP_COLD_01,P162,APPLIES_TO
RP_COLD_01,P163,APPLIES_TO
RP_COLD_01,P165,APPLIES_TO
RP_COLD_01,P167,APPLIES_TO
RP_COLD_01,P168,APPLIES_TO
RP_COLD_01,P170,APPLIES_TO
RP_COLD_01,P171,APPLIES_TO
RP_COLD_01,P172,APPLIES_TO
RP_COLD_01,P173,APPLIES_TO
RP_COLD_01,P174,APPLIES_TO
RP_COLD_01,P175,APPLIES_TO
RP_COLD_01,P178,APPLIES_TO
RP_COLD_01,P179,APPLIES_TO
RP_COLD_01,P182,APPLIES_TO
RP_COLD_01,P183,APPLIES_TO
RP_COLD_01,P184,APPLIES_TO
RP_COLD_01,P186,APPLIES_TO
RP_COLD_01,P187,APPLIES_TO
RP_COLD_01,P188,APPLIES_TO
RP_COLD_01,P189,APPLIES_TO
RP_COLD_01,P190,APPLIES_TO
RP_COLD_01,P191,APPLIES_TO
RP_COLD_01,P194,APPLIES_TO
RP_COLD_01,P195,APPLIES_TO
RP_COLD_01,P196,APPLIES_TO
RP_COLD_01,P197,APPLIES_TO
RP_COLD_01,P198,APPLIES_TO
RP_COLD_01,P201,APPLIES_TO
RP_COLD_01,P202,APPLIES_TO
RP_COLD_01,P203,APPLIES_TO
RP_COLD_01,P204,APPLIES_TO
RP_COLD_01,P205,APPLIES_TO
RP_COLD_01,P206,APPLIES_TO
RP_COLD_01,P207,APPLIES_TO
RP_COLD_01,P209,APPLIES_TO
RP_COLD_01,P210,APPLIES_TO
RP_COLD_01,P211,APPLIES_TO
RP_COLD_01,P213,APPLIES_TO
RP_COLD_01,P214,APPLIES_TO
RP_COLD_01,P215,APPLIES_TO
RP_COLD_01,P216,APPLIES_TO
RP_COLD_01,P217,APPLIES_TO
RP_COLD_01,P218,APPLIES_TO
RP_COLD_01,P219,APPLIES_TO
RP_COLD_01,P220,APPLIES_TO
RP_COLD_01,P222,APPLIES_TO
RP_COLD_01,P223,APPLIES_TO
RP_COLD_01,P224,APPLIES_TO
RP_COLD_01,P225,APPLIES_TO
RP_COLD_01,P226,APPLIES_TO
RP_COLD_01,P227,APPLIES_TO
RP_COLD_01,P228,APPLIES_TO
RP_COLD_01,P229,APPLIES_TO
RP_COLD_01,P230,APPLIES_TO
RP_COLD_01,P231,APPLIES_TO
RP_COLD_01,P232,APPLIES_TO
RP_COLD_01,P233,APPLIES_TO
RP_COLD_01,P234,APPLIES_TO
RP_COLD_01,P235,APPLIES_TO
RP_COLD_01,P236,APPLIES_TO
RP_COLD_01,P237,APPLIES_TO
RP_COLD_01,P238,APPLIES_TO
RP_COLD_01,P239,APPLIES_TO
RP_COLD_01,P240,APPLIES_TO
RP_COLD_01,P241,APPLIES_TO
RP_COLD_01,P242,APPLIES_TO
RP_COLD_01,P244,APPLIES_TO
RP_COLD_01,P245,APPLIES_TO
RP_COLD_01,P246,APPLIES_TO
RP_COLD_01,P247,APPLIES_TO
RP_COLD_01,P248,APPLIES_TO
RP_COLD_01,P249,APPLIES_TO
RP_COLD_01,P250,APPLIES_TO
RP_COLD_01,P251,APPLIES_TO
RP_COLD_01,P252,APPLIES_TO
RP_COLD_01,P253,APPLIES_TO
RP_COLD_01,P254,APPLIES_TO
RP_COLD_01,P255,APPLIES_TO
RP_COLD_01,P256,APPLIES_TO
RP_COLD_01,P257,APPLIES_TO
RP_COLD_01,P258,APPLIES_TO
RP_COLD_01,P259,APPLIES_TO
RP_COLD_01,P260,APPLIES_TO
RP_COLD_01,P261,APPLIES_TO
RP_COLD_01,P262,APPLIES_TO
RP_COLD_01,P263,APPLIES_TO
RP_COLD_01,P265,APPLIES_TO
RP_COLD_01,P266,APPLIES_TO
RP_COLD_01,P267,APPLIES_TO
RP_COLD_01,P268,APPLIES_TO
RP_COLD_01,P269,APPLIES_TO
RP_COLD_01,P270,APPLIES_TO
RP_COLD_01,P272,APPLIES_TO
RP_COLD_01,P275,APPLIES_TO
RP_COLD_01,P276,APPLIES_TO
RP_COLD_01,P277,APPLIES_TO
RP_COLD_01,P278,APPLIES_TO
RP_COLD_01,P279,APPLIES_TO
RP_COLD_01,P280,APPLIES_TO
RP_COLD_01,P281,APPLIES_TO
RP_COLD_01,P282,APPLIES_TO
RP_COLD_01,P284,APPLIES_TO
RP_COLD_01,P285,APPLIES_TO
RP_COLD_01,P286,APPLIES_TO
RP_COLD_01,P287,APPLIES_TO
RP_COLD_01,P288,APPLIES_TO
RP_COLD_01,P289,APPLIES_TO
RP_COLD_01,P290,APPLIES_TO
RP_COLD_01,P293,APPLIES_TO
RP_COLD_01,P295,APPLIES_TO
RP_COLD_01,P296,APPLIES_TO
RP_COLD_01,P297,APPLIES_TO
RP_COLD_01,P298,APPLIES_TO
RP_COLD_01,P300,APPLIES_TO
RP_COLD_01,P301,APPLIES_TO
RP_COLD_01,P302,APPLIES_TO
RP_COLD_01,P304,APPLIES_TO
RP_COLD_01,P306,APPLIES_TO
RP_COLD_01,P307,APPLIES_TO
RP_COLD_01,P308,APPLIES_TO
RP_COLD_01,P309,APPLIES_TO
RP_COLD_01,P310,APPLIES_TO
RP_COLD_01,P311,APPLIES_TO
RP_COLD_01,P312,APPLIES_TO
RP_COLD_01,P313,APPLIES_TO
RP_COLD_01,P314,APPLIES_TO
RP_COLD_01,P315,APPLIES_TO
RP_COLD_01,P316,APPLIES_TO
RP_COLD_01,P317,APPLIES_TO
RP_COLD_01,P318,APPLIES_TO
RP_COLD_01,P319,APPLIES_TO
RP_COLD_01,P320,APPLIES_TO
RP_COLD_01,P321,APPLIES_TO
RP_COLD_01,P322,APPLIES_TO
RP_COLD_01,P323,APPLIES_TO
RP_COLD_01,P324,APPLIES_TO
RP_COLD_01,P325,APPLIES_TO
RP_COLD_01,P326,APPLIES_TO
RP_COLD_01,P327,APPLIES_TO
RP_COLD_01,P328,APPLIES_TO
RP_COLD_01,P329,APPLIES_TO
RP_COLD_01,P330,APPLIES_TO
RP_COLD_01,P331,APPLIES_TO
RP_COLD_01,P332,APPLIES_TO
RP_COLD_01,P333,APPLIES_TO
RP_COLD_01,P334,APPLIES_TO
RP_COLD_01,P335,APPLIES_TO
RP_COLD_01,P336,APPLIES_TO
RP_COLD_01,P337,APPLIES_TO
RP_COLD_01,P338,APPLIES_TO
RP_COLD_01,P339,APPLIES_TO
RP_COLD_01,P340,APPLIES_TO
RP_COLD_01,P341,APPLIES_TO
RP_COLD_01,P342,APPLIES_TO
RP_COLD_01,P343,APPLIES_TO
RP_COLD_01,P344,APPLIES_TO
RP_COLD_01,P347,APPLIES_TO
RP_COLD_01,P348,APPLIES_TO
RP_COLD_01,P349,APPLIES_TO
RP_COLD_01,P350,APPLIES_TO
RP_COLD_01,P351,APPLIES_TO
RP_COLD_01,P353,APPLIES_TO
RP_COLD_01,P354,APPLIES_TO
RP_COLD_01,P355,APPLIES_TO
RP_COLD_01,P356,APPLIES_TO
RP_COLD_01,P357,APPLIES_TO
RP_COLD_01,P358,APPLIES_TO
RP_COLD_01,P359,APPLIES_TO
RP_COLD_01,P360,APPLIES_TO
RP_COLD_01,P361,APPLIES_TO
RP_COLD_01,P362,APPLIES_TO
RP_COLD_01,P363,APPLIES_TO
RP_COLD_01,P366,APPLIES_TO
RP_COLD_01,P367,APPLIES_TO
RP_COLD_01,P368,APPLIES_TO
RP_COLD_01,P369,APPLIES_TO
RP_COLD_01,P371,APPLIES_TO
RP_COLD_01,P372,APPLIES_TO
RP_COLD_01,P373,APPLIES_TO
RP_COLD_01,P374,APPLIES_TO
RP_COLD_01,P376,APPLIES_TO
RP_COLD_01,P377,APPLIES_TO
RP_COLD_01,P378,APPLIES_TO
RP_COLD_01,P379,APPLIES_TO
RP_COLD_01,P380,APPLIES_TO
RP_COLD_01,P381,APPLIES_TO
RP_COLD_01,P382,APPLIES_TO
RP_COLD_01,P383,APPLIES_TO
RP_COLD_01,P384,APPLIES_TO
RP_COLD_01,P385,APPLIES_TO
RP_COLD_01,P387,APPLIES_TO
RP_COLD_01,P388,APPLIES_TO
RP_COLD_01,P390,APPLIES_TO
RP_COLD_01,P391,APPLIES_TO
RP_COLD_01,P392,APPLIES_TO
RP_COLD_01,P394,APPLIES_TO
RP_COLD_01,P396,APPLIES_TO
RP_COLD_01,P398,APPLIES_TO
RP_COLD_01,P399,APPLIES_TO
RP_COLD_01,P400,APPLIES_TO
RP_COLD_01,P401,APPLIES_TO
RP_COLD_01,P402,APPLIES_TO
RP_COLD_01,P403,APPLIES_TO
RP_COLD_01,P404,APPLIES_TO
RP_COLD_01,P405,APPLIES_TO
RP_COLD_01,P406,APPLIES_TO
RP_COLD_01,P407,APPLIES_TO
RP_COLD_01,P408,APPLIES_TO
RP_COLD_01,P409,APPLIES_TO
RP_COLD_01,P410,APPLIES_TO
RP_COLD_01,P411,APPLIES_TO
RP_COLD_01,P412,APPLIES_TO
RP_COLD_01,P414,APPLIES_TO
RP_COLD_01,P415,APPLIES_TO
RP_COLD_01,P416,APPLIES_TO
RP_COLD_01,P417,APPLIES_TO
RP_COLD_01,P418,APPLIES_TO
RP_COLD_01,P419,APPLIES_TO
RP_COLD_01,P420,APPLIES_TO
RP_COLD_01,P421,APPLIES_TO
RP_COLD_01,P422,APPLIES_TO
RP_COLD_01,P423,APPLIES_TO
RP_COLD_01,P424,APPLIES_TO
RP_COLD_01,P426,APPLIES_TO
RP_COLD_01,P427,APPLIES_TO
RP_COLD_01,P429,APPLIES_TO
RP_COLD_01,P430,APPLIES_TO
RP_COLD_01,P431,APPLIES_TO
RP_COLD_01,P432,APPLIES_TO
RP_COLD_01,P433,APPLIES_TO
RP_COLD_01,P434,APPLIES_TO
RP_COLD_01,P435,APPLIES_TO
RP_COLD_01,P436,APPLIES_TO
RP_COLD_01,P437,APPLIES_TO
RP_COLD_01,P438,APPLIES_TO
RP_COLD_01,P439,APPLIES_TO
RP_COLD_01,P440,APPLIES_TO
RP_COLD_01,P441,APPLIES_TO
RP_COLD_01,P442,APPLIES_TO
RP_COLD_01,P443,APPLIES_TO
RP_COLD_01,P445,APPLIES_TO
RP_COLD_01,P446,APPLIES_TO
RP_COLD_01,P447,APPLIES_TO
RP_COLD_01,P448,APPLIES_TO
RP_COLD_01,P449,APPLIES_TO
RP_COLD_01,P450,APPLIES_TO
RP_COLD_01,P452,APPLIES_TO
RP_COLD_01,P453,APPLIES_TO
RP_COLD_01,P454,APPLIES_TO
RP_COLD_01,P455,APPLIES_TO
RP_COLD_01,P456,APPLIES_TO
RP_COLD_01,P457,APPLIES_TO
RP_COLD_01,P458,APPLIES_TO
RP_COLD_01,P459,APPLIES_TO
RP_COLD_01,P460,APPLIES_TO
RP_COLD_01,P462,APPLIES_TO
RP_COLD_01,P463,APPLIES_TO
RP_COLD_01,P465,APPLIES_TO
RP_COLD_01,P466,APPLIES_TO
RP_COLD_01,P467,APPLIES_TO
RP_COLD_01,P469,APPLIES_TO
RP_COLD_01,P470,APPLIES_TO
RP_COLD_01,P472,APPLIES_TO
RP_COLD_01,P476,APPLIES_TO
RP_COLD_01,P477,APPLIES_TO
RP_COLD_01,P478,APPLIES_TO
RP_COLD_01,P479,APPLIES_TO
RP_COLD_01,P480,APPLIES_TO
RP_COLD_01,P482,APPLIES_TO
RP_COLD_01,P483,APPLIES_TO
RP_COLD_01,P484,APPLIES_TO
RP_COLD_01,P485,APPLIES_TO
RP_COLD_01,P486,APPLIES_TO
RP_COLD_01,P487,APPLIES_TO
RP_COLD_01,P488,APPLIES_TO
RP_COLD_01,P489,APPLIES_TO
RP_COLD_01,P490,APPLIES_TO
RP_COLD_01,P491,APPLIES_TO
RP_COLD_01,P492,APPLIES_TO
RP_COLD_01,P493,APPLIES_TO
RP_COLD_01,P494,APPLIES_TO
RP_COLD_01,P495,APPLIES_TO
RP_COLD_01,P497,APPLIES_TO
RP_COLD_01,P498,APPLIES_TO
RP_COLD_01,P499,APPLIES_TO
RP_COLD_01,P501,APPLIES_TO
RP_COLD_01,P502,APPLIES_TO
RP_COLD_01,P503,APPLIES_TO
RP_COLD_01,P504,APPLIES_TO
RP_COLD_01,P505,APPLIES_TO
RP_COLD_01,P506,APPLIES_TO
RP_COLD_01,P507,APPLIES_TO
RP_COLD_01,P508,APPLIES_TO
RP_COLD_01,P509,APPLIES_TO
RP_COLD_01,P510,APPLIES_TO
RP_COLD_01,P513,APPLIES_TO
RP_COLD_01,P514,APPLIES_TO
RP_COLD_01,P515,APPLIES_TO
RP_COLD_01,P516,APPLIES_TO
RP_COLD_01,P517,APPLIES_TO
RP_COLD_01,P519,APPLIES_TO
RP_COLD_01,P520,APPLIES_TO
RP_COLD_01,P521,APPLIES_TO
RP_COLD_01,P523,APPLIES_TO
RP_COLD_01,P524,APPLIES_TO
RP_COLD_01,P525,APPLIES_TO
RP_COLD_01,P526,APPLIES_TO
RP_COLD_01,P527,APPLIES_TO
RP_COLD_01,P531,APPLIES_TO
RP_COLD_01,P532,APPLIES_TO
RP_COLD_01,P534,APPLIES_TO
RP_COLD_01,P536,APPLIES_TO
RP_COLD_01,P537,APPLIES_TO
RP_COLD_01,P538,APPLIES_TO
RP_COLD_01,P539,APPLIES_TO
RP_COLD_01,P540,APPLIES_TO
RP_COLD_01,P541,APPLIES_TO
RP_COLD_01,P542,APPLIES_TO
RP_COLD_01,P543,APPLIES_TO
RP_COLD_01,P545,APPLIES_TO
RP_COLD_01,P546,APPLIES_TO
RP_COLD_01,P547,APPLIES_TO
RP_COLD_01,P548,APPLIES_TO
RP_COLD_01,P549,APPLIES_TO
RP_COLD_01,P550,APPLIES_TO
RP_COLD_01,P551,APPLIES_TO
RP_COLD_01,P552,APPLIES_TO
RP_COLD_01,P553,APPLIES_TO
RP_COLD_01,P554,APPLIES_TO
RP_COLD_01,P555,APPLIES_TO
RP_COLD_01,P556,APPLIES_TO
RP_COLD_01,P557,APPLIES_TO
RP_COLD_01,P558,APPLIES_TO
RP_COLD_01,P559,APPLIES_TO
RP_COLD_01,P560,APPLIES_TO
RP_COLD_01,P561,APPLIES_TO
RP_COLD_01,P562,APPLIES_TO
RP_COLD_01,P563,APPLIES_TO
RP_COLD_01,P564,APPLIES_TO
RP_COLD_01,P565,APPLIES_TO
RP_COLD_01,P566,APPLIES_TO
RP_COLD_01,P567,APPLIES_TO
RP_COLD_01,P568,APPLIES_TO
RP_COLD_01,P569,APPLIES_TO
RP_COLD_01,P570,APPLIES_TO
RP_COLD_01,P571,APPLIES_TO
RP_COLD_01,P572,APPLIES_TO
RP_COLD_01,P573,APPLIES_TO
RP_COLD_01,P574,APPLIES_TO
RP_COLD_01,P575,APPLIES_TO
RP_COLD_01,P576,APPLIES_TO
RP_COLD_01,P577,APPLIES_TO
RP_COLD_01,P578,APPLIES_TO
RP_COLD_01,P579,APPLIES_TO
RP_COLD_01,P580,APPLIES_TO
RP_COLD_01,P581,APPLIES_TO
RP_COLD_01,P582,APPLIES_TO
RP_COLD_01,P583,APPLIES_TO
RP_COLD_01,P584,APPLIES_TO
RP_COLD_01,P585,APPLIES_TO
RP_COLD_01,P586,APPLIES_TO
RP_COLD_01,P587,APPLIES_TO
RP_COLD_01,P588,APPLIES_TO
RP_COLD_01,P589,APPLIES_TO
RP_COLD_01,P590,APPLIES_TO
RP_COLD_01,P591,APPLIES_TO
RP_COLD_01,P592,APPLIES_TO
RP_COLD_01,P593,APPLIES_TO
RP_COLD_01,P594,APPLIES_TO
RP_COLD_01,P595,APPLIES_TO
RP_COLD_01,P596,APPLIES_TO
RP_COLD_01,P597,APPLIES_TO
RP_COLD_01,P598,APPLIES_TO
RP_COLD_01,P599,APPLIES_TO
RP_COLD_01,P600,APPLIES_TO
RP_COLD_01,P601,APPLIES_TO
RP_COLD_01,P602,APPLIES_TO
RP_COLD_01,P603,APPLIES_TO
RP_COLD_01,P604,APPLIES_TO
RP_COLD_01,P605,APPLIES_TO
RP_COLD_01,P606,APPLIES_TO
RP_COLD_01,P607,APPLIES_TO
RP_COLD_01,P608,APPLIES_TO
RP_COLD_01,P609,APPLIES_TO
RP_COLD_01,P610,APPLIES_TO
RP_COLD_01,P611,APPLIES_TO
RP_COLD_01,P612,APPLIES_TO
RP_COLD_01,P613,APPLIES_TO
RP_COLD_01,P614,APPLIES_TO
RP_COLD_01,P615,APPLIES_TO
RP_COLD_01,P616,APPLIES_TO
RP_COLD_01,P617,APPLIES_TO
RP_COLD_01,P618,APPLIES_TO
RP_COLD_01,P619,APPLIES_TO
RP_COLD_01,P620,APPLIES_TO
RP_COLD_01,P621,APPLIES_TO
RP_COLD_01,P622,APPLIES_TO
RP_COLD_01,P623,APPLIES_TO
RP_COLD_01,P624,APPLIES_TO
RP_COLD_01,P625,APPLIES_TO
RP_COLD_01,P626,APPLIES_TO
RP_COLD_01,P627,APPLIES_TO
RP_COLD_01,P628,APPLIES_TO
RP_COLD_01,P629,APPLIES_TO
RP_COLD_01,P630,APPLIES_TO
RP_COLD_01,P631,APPLIES_TO
RP_COLD_01,P632,APPLIES_TO
RP_COLD_01,P633,APPLIES_TO
RP_COLD_01,P634,APPLIES_TO
RP_COLD_01,P635,APPLIES_TO
RP_COLD_01,P636,APPLIES_TO
RP_COLD_01,P637,APPLIES_TO
RP_COLD_01,P638,APPLIES_TO
RP_COLD_01,P639,APPLIES_TO
RP_COLD_01,P640,APPLIES_TO
RP_COLD_01,P641,APPLIES_TO
RP_COLD_01,P642,APPLIES_TO
RP_COLD_01,P643,APPLIES_TO
RP_COLD_01,P648,APPLIES_TO
RP_COLD_01,P649,APPLIES_TO
RP_COLD_01,P650,APPLIES_TO
RP_COLD_01,P652,APPLIES_TO
RP_COLD_01,P653,APPLIES_TO
RP_COLD_01,P654,APPLIES_TO
RP_COLD_01,P655,APPLIES_TO
RP_COLD_01,P656,APPLIES_TO
RP_COLD_01,P657,APPLIES_TO
RP_COLD_01,P658,APPLIES_TO
RP_COLD_01,P659,APPLIES_TO
RP_COLD_01,P660,APPLIES_TO
RP_COLD_01,P661,APPLIES_TO
RP_COLD_01,P662,APPLIES_TO
RP_COLD_01,P663,APPLIES_TO
RP_COLD_01,P664,APPLIES_TO
RP_COLD_01,P665,APPLIES_TO
RP_COLD_01,P666,APPLIES_TO
RP_COLD_01,P667,APPLIES_TO
RP_COLD_01,P668,APPLIES_TO
RP_COLD_01,P669,APPLIES_TO
RP_COLD_01,P670,APPLIES_TO
RP_COLD_01,P671,APPLIES_TO
RP_COLD_01,P672,APPLIES_TO
RP_COLD_01,P673,APPLIES_TO
RP_COLD_01,P674,APPLIES_TO
RP_COLD_01,P683,APPLIES_TO
RP_COLD_01,P689,APPLIES_TO
RP_COLD_01,P703,APPLIES_TO
RP_COLD_01,P708,APPLIES_TO
RP_COLD_01,P712,APPLIES_TO
RP_COLD_01,P715,APPLIES_TO
RP_COLD_01,P716,APPLIES_TO
RP_COLD_01,P718,APPLIES_TO
RP_COLD_01,P719,APPLIES_TO
RP_COLD_01,P720,APPLIES_TO
RP_COLD_01,P721,APPLIES_TO
RP_COLD_01,P722,APPLIES_TO
RP_COLD_01,P723,APPLIES_TO
RP_COLD_01,P725,APPLIES_TO
RP_COLD_01,P726,APPLIES_TO
RP_COLD_01,P727,APPLIES_TO
RP_COLD_01,P728,APPLIES_TO
RP_COLD_01,P729,APPLIES_TO
RP_COLD_01,P730,APPLIES_TO
RP_COLD_01,P731,APPLIES_TO
RP_COLD_01,P732,APPLIES_TO
RP_COLD_01,P734,APPLIES_TO
RP_COLD_01,P735,APPLIES_TO
RP_COLD_01,P736,APPLIES_TO
RP_COLD_01,P737,APPLIES_TO
RP_COLD_01,P738,APPLIES_TO
RP_COLD_01,P739,APPLIES_TO
RP_COLD_01,P740,APPLIES_TO
RP_COLD_01,P741,APPLIES_TO
RP_COLD_01,P742,APPLIES_TO
RP_COLD_01,P743,APPLIES_TO
RP_COLD_01,P744,APPLIES_TO
RP_COLD_01,P745,APPLIES_TO
RP_COLD_01,P746,APPLIES_TO
RP_COLD_01,P747,APPLIES_TO
RP_COLD_01,P748,APPLIES_TO
RP_COLD_01,P749,APPLIES_TO
RP_COLD_01,P750,APPLIES_TO
RP_COLD_01,P751,APPLIES_TO
RP_COLD_01,P752,APPLIES_TO
RP_COLD_01,P753,APPLIES_TO
RP_COLD_01,P754,APPLIES_TO
RP_COLD_01,P755,APPLIES_TO
RP_COLD_01,P756,APPLIES_TO
RP_COLD_01,P757,APPLIES_TO
RP_COLD_01,P758,APPLIES_TO
RP_COLD_01,P759,APPLIES_TO
RP_COLD_01,P760,APPLIES_TO
RP_COLD_01,P761,APPLIES_TO
RP_COLD_01,P762,APPLIES_TO
RP_COLD_01,P763,APPLIES_TO
RP_COLD_01,P764,APPLIES_TO
RP_COLD_01,P765,APPLIES_TO
RP_COLD_01,P766,APPLIES_TO
RP_COLD_01,P767,APPLIES_TO
RP_COLD_01,P768,APPLIES_TO
RP_COLD_01,P769,APPLIES_TO
RP_COLD_01,P770,APPLIES_TO
RP_COLD_01,P771,APPLIES_TO
RP_COLD_01,P772,APPLIES_TO
RP_COLD_01,P773,APPLIES_TO
RP_COLD_01,P774,APPLIES_TO
RP_COLD_01,P775,APPLIES_TO
RP_COLD_01,P776,APPLIES_TO
RP_COLD_01,P777,APPLIES_TO
RP_COLD_01,P778,APPLIES_TO
RP_COLD_01,P779,APPLIES_TO
RP_COLD_01,P780,APPLIES_TO
RP_COLD_01,P781,APPLIES_TO
RP_COLD_01,P782,APPLIES_TO
RP_COLD_01,P783,APPLIES_TO
RP_COLD_01,P784,APPLIES_TO
RP_COLD_01,P785,APPLIES_TO
RP_COLD_01,P786,APPLIES_TO
RP_COLD_01,P787,APPLIES_TO
RP_COLD_01,P788,APPLIES_TO
RP_COLD_01,P789,APPLIES_TO
RP_COLD_01,P790,APPLIES_TO
RP_COLD_01,P791,APPLIES_TO
RP_COLD_01,P792,APPLIES_TO
RP_COLD_01,P793,APPLIES_TO
RP_COLD_01,P794,APPLIES_TO
RP_COLD_01,P795,APPLIES_TO
RP_COLD_01,P796,APPLIES_TO
RP_COLD_01,P797,APPLIES_TO
RP_COLD_01,P798,APPLIES_TO
RP_COLD_01,P799,APPLIES_TO
RP_COLD_01,P800,APPLIES_TO
RP_COLD_01,P801,APPLIES_TO
RP_COLD_01,P802,APPLIES_TO
RP_COLD_01,P803,APPLIES_TO
RP_COLD_01,P804,APPLIES_TO
RP_COLD_01,P805,APPLIES_TO
RP_COLD_01,P806,APPLIES_TO
RP_COLD_01,P807,APPLIES_TO
RP_COLD_01,P808,APPLIES_TO
RP_COLD_01,P809,APPLIES_TO
RP_COLD_01,P810,APPLIES_TO
RP_COLD_01,P811,APPLIES_TO
RP_COLD_01,P812,APPLIES_TO
RP_COLD_01,P813,APPLIES_TO
RP_COLD_01,P814,APPLIES_TO
RP_COLD_01,P815,APPLIES_TO
RP_COLD_01,P816,APPLIES_TO
RP_COLD_01,P817,APPLIES_TO
RP_COLD_01,P818,APPLIES_TO
RP_COLD_01,P819,APPLIES_TO
RP_COLD_01,P820,APPLIES_TO
RP_COLD_01,P821,APPLIES_TO
RP_COLD_01,P822,APPLIES_TO
RP_COLD_01,P823,APPLIES_TO
RP_COLD_01,P824,APPLIES_TO
RP_COLD_01,P825,APPLIES_TO
RP_COLD_01,P826,APPLIES_TO
RP_COLD_01,P827,APPLIES_TO
RP_COLD_01,P828,APPLIES_TO
RP_COLD_01,P829,APPLIES_TO
RP_COLD_01,P830,APPLIES_TO
RP_COLD_01,P831,APPLIES_TO
RP_COLD_01,P832,APPLIES_TO
RP_COLD_01,P833,APPLIES_TO
RP_COLD_01,P834,APPLIES_TO
RP_COLD_01,P835,APPLIES_TO
RP_COLD_01,P836,APPLIES_TO
RP_COLD_01,P837,APPLIES_TO
RP_COLD_01,P838,APPLIES_TO
RP_COLD_01,P839,APPLIES_TO
RP_COLD_01,P840,APPLIES_TO
RP_COLD_01,P841,APPLIES_TO
RP_COLD_01,P842,APPLIES_TO
RP_COLD_01,P843,APPLIES_TO
RP_COLD_01,P844,APPLIES_TO
RP_COLD_01,P845,APPLIES_TO
RP_COLD_01,P846,APPLIES_TO
RP_COLD_01,P847,APPLIES_TO
RP_COLD_01,P848,APPLIES_TO
RP_COLD_01,P849,APPLIES_TO
RP_COLD_01,P850,APPLIES_TO
RP_COLD_01,P851,APPLIES_TO
RP_COLD_01,P852,APPLIES_TO
RP_COLD_01,P853,APPLIES_TO
RP_COLD_01,P854,APPLIES_TO
RP_COLD_01,P855,APPLIES_TO
RP_COLD_01,P856,APPLIES_TO
RP_COLD_01,P857,APPLIES_TO
RP_COLD_01,P858,APPLIES_TO
RP_COLD_01,P859,APPLIES_TO
RP_COLD_01,P860,APPLIES_TO
RP_COLD_01,P861,APPLIES_TO
RP_COLD_01,P862,APPLIES_TO
RP_COLD_01,P863,APPLIES_TO
RP_COLD_01,P864,APPLIES_TO
RP_COLD_01,P865,APPLIES_TO
RP_COLD_01,P866,APPLIES_TO
RP_COLD_01,P867,APPLIES_TO
RP_COLD_01,P868,APPLIES_TO
RP_COLD_01,P869,APPLIES_TO
RP_COLD_01,P870,APPLIES_TO
RP_COLD_01,P871,APPLIES_TO
RP_COLD_01,P872,APPLIES_TO
RP_COLD_01,P873,APPLIES_TO
RP_COLD_01,P874,APPLIES_TO
RP_COLD_01,P875,APPLIES_TO
RP_COLD_01,P876,APPLIES_TO
RP_COLD_01,P877,APPLIES_TO
RP_COLD_01,P878,APPLIES_TO
RP_COLD_01,P879,APPLIES_TO
RP_COLD_01,P880,APPLIES_TO
RP_COLD_01,P881,APPLIES_TO
RP_COLD_01,P882,APPLIES_TO
RP_COLD_01,P883,APPLIES_TO
RP_COLD_01,P884,APPLIES_TO
RP_COLD_01,P885,APPLIES_TO
RP_COLD_01,P886,APPLIES_TO
RP_COLD_01,P887,APPLIES_TO
RP_COLD_01,P888,APPLIES_TO
RP_COLD_01,P889,APPLIES_TO
RP_COLD_01,P890,APPLIES_TO
RP_COLD_01,P891,APPLIES_TO
RP_COLD_01,P892,APPLIES_TO
RP_COLD_01,P893,APPLIES_TO
RP_COLD_01,P894,APPLIES_TO
RP_COLD_01,P895,APPLIES_TO
RP_COLD_01,P896,APPLIES_TO
RP_COLD_01,P897,APPLIES_TO
RP_COLD_01,P898,APPLIES_TO
RP_COLD_01,P899,APPLIES_TO
RP_COLD_01,P900,APPLIES_TO
RP_COLD_01,P901,APPLIES_TO
RP_COLD_01,P902,APPLIES_TO
RP_COLD_01,P903,APPLIES_TO
RP_COLD_01,P904,APPLIES_TO
RP_COLD_01,P905,APPLIES_TO
RP_COLD_01,P906,APPLIES_TO
RP_COLD_01,P907,APPLIES_TO
RP_COLD_01,P908,APPLIES_TO
RP_COLD_01,P909,APPLIES_TO
RP_COLD_01,P910,APPLIES_TO
RP_COLD_01,P911,APPLIES_TO
RP_COLD_01,P912,APPLIES_TO
RP_COLD_01,P913,APPLIES_TO
RP_COLD_01,P914,APPLIES_TO
RP_COLD_01,P915,APPLIES_TO
RP_COLD_01,P916,APPLIES_TO
RP_COLD_01,P917,APPLIES_TO
RP_COLD_01,P918,APPLIES_TO
RP_COLD_01,P919,APPLIES_TO
RP_COLD_01,P920,APPLIES_TO
RP_COLD_01,P921,APPLIES_TO
RP_COLD_01,P922,APPLIES_TO
RP_COLD_01,P923,APPLIES_TO
RP_COLD_01,P924,APPLIES_TO
RP_COLD_01,P925,APPLIES_TO
RP_COLD_01,P926,APPLIES_TO
RP_COLD_01,P927,APPLIES_TO
RP_COLD_01,P928,APPLIES_TO
RP_COLD_01,P929,APPLIES_TO
RP_COLD_01,P930,APPLIES_TO
RP_COLD_01,P931,APPLIES_TO
RP_COLD_01,P935,APPLIES_TO
RP_COLD_01,P936,APPLIES_TO
RP_COLD_01,P937,APPLIES_TO
RP_COLD_01,P938,APPLIES_TO
RP_COLD_01,P939,APPLIES_TO
RP_COLD_01,P940,APPLIES_TO
RP_COLD_01,P942,APPLIES_TO
RP_COLD_01,P943,APPLIES_TO
RP_COLD_01,P944,APPLIES_TO
RP_COLD_01,P945,APPLIES_TO
RP_COLD_01,P946,APPLIES_TO
RP_COLD_01,P947,APPLIES_TO
RP_COLD_01,P948,APPLIES_TO
RP_COLD_01,P949,APPLIES_TO
RP_COLD_01,P950,APPLIES_TO
RP_COLD_01,P951,APPLIES_TO
RP_COLD_01,P952,APPLIES_TO
RP_COLD_01,P954,APPLIES_TO
RP_COLD_01,P955,APPLIES_TO
RP_COLD_01,P956,APPLIES_TO
RP_COLD_01,P957,APPLIES_TO
RP_COLD_01,P958,APPLIES_TO
RP_COLD_01,P959,APPLIES_TO
RP_COLD_01,P960,APPLIES_TO
RP_COLD_01,P962,APPLIES_TO
RP_COLD_01,P963,APPLIES_TO
RP_COLD_01,P964,APPLIES_TO
RP_COLD_01,P965,APPLIES_TO
RP_COLD_01,P966,APPLIES_TO
RP_COLD_01,P967,APPLIES_TO
RP_COLD_01,P968,APPLIES_TO
RP_COLD_01,P969,APPLIES_TO
RP_COLD_01,P971,APPLIES_TO
RP_COLD_01,P972,APPLIES_TO
RP_COLD_01,P973,APPLIES_TO
RP_COLD_01,P975,APPLIES_TO
RP_COLD_01,P976,APPLIES_TO
RP_COLD_01,P977,APPLIES_TO
RP_COLD_01,P978,APPLIES_TO
RP_COLD_01,P979,APPLIES_TO
RP_COLD_01,P980,APPLIES_TO
RP_COLD_01,P981,APPLIES_TO
RP_COLD_01,P982,APPLIES_TO
RP_COLD_01,P983,APPLIES_TO
RP_COLD_01,P984,APPLIES_TO
RP_COLD_01,P985,APPLIES_TO
RP_COLD_01,P986,APPLIES_TO
RP_COLD_01,P987,APPLIES_TO
RP_COLD_01,P988,APPLIES_TO
RP_COLD_01,P989,APPLIES_TO
RP_COLD_01,P990,APPLIES_TO
RP_COLD_01,P991,APPLIES_TO
RP_COLD_01,P992,APPLIES_TO
RP_COLD_01,P993,APPLIES_TO
RP_COLD_01,P994,APPLIES_TO
RP_COLD_01,P995,APPLIES_TO
RP_COLD_01,P996,APPLIES_TO
RP_COLD_01,P997,APPLIES_TO
RP_COLD_01,P999,APPLIES_TO
RP_COLD_01,P1001,APPLIES_TO
RP_COLD_01,P1002,APPLIES_TO
RP_COLD_01,P1004,APPLIES_TO
RP_COLD_01,P1005,APPLIES_TO
RP_COLD_01,P1006,APPLIES_TO
RP_COLD_01,P1007,APPLIES_TO
RP_COLD_01,P1009,APPLIES_TO
RP_COLD_01,P1010,APPLIES_TO
RP_COLD_01,P1011,APPLIES_TO
RP_COLD_01,P1012,APPLIES_TO
RP_COLD_01,P1014,APPLIES_TO
RP_COLD_01,P1015,APPLIES_TO
RP_COLD_01,P1016,APPLIES_TO
RP_COLD_01,P1018,APPLIES_TO
RP_COLD_01,P1019,APPLIES_TO
RP_COLD_01,P1022,APPLIES_TO
RP_WAVE_01,P048,APPLIES_TO
RP_WAVE_01,P070,APPLIES_TO
RP_WAVE_01,P081,APPLIES_TO
RP_WAVE_01,P103,APPLIES_TO
RP_WAVE_02,P004,APPLIES_TO
RP_WAVE_02,P006,APPLIES_TO
RP_WAVE_02,P008,APPLIES_TO
RP_WAVE_02,P010,APPLIES_TO
RP_WAVE_02,P011,APPLIES_TO
RP_WAVE_02,P012,APPLIES_TO
RP_WAVE_02,P026,APPLIES_TO
RP_WAVE_02,P028,APPLIES_TO
RP_WAVE_02,P036,APPLIES_TO
RP_WAVE_02,P051,APPLIES_TO
RP_WAVE_02,P053,APPLIES_TO
RP_WAVE_02,P060,APPLIES_TO
RP_WAVE_02,P066,APPLIES_TO
RP_WAVE_02,P094,APPLIES_TO
RP_WAVE_02,P099,APPLIES_TO
RP_WAVE_02,P102,APPLIES_TO
RP_WAVE_02,P118,APPLIES_TO
RP_WAVE_02,P125,APPLIES_TO
RP_WAVE_02,P126,APPLIES_TO
RP_WAVE_02,P145,APPLIES_TO
RP_WAVE_02,P162,APPLIES_TO
RP_WAVE_02,P173,APPLIES_TO
RP_WAVE_02,P195,APPLIES_TO
RP_WAVE_02,P204,APPLIES_TO
RP_WAVE_02,P218,APPLIES_TO
RP_WAVE_02,P245,APPLIES_TO
RP_WAVE_02,P250,APPLIES_TO
RP_WAVE_02,P252,APPLIES_TO
RP_WAVE_02,P257,APPLIES_TO
RP_WAVE_02,P276,APPLIES_TO
RP_WAVE_02,P281,APPLIES_TO
RP_WAVE_02,P284,APPLIES_TO
RP_WAVE_02,P287,APPLIES_TO
RP_WAVE_02,P312,APPLIES_TO
RP_WAVE_02,P313,APPLIES_TO
RP_WAVE_02,P318,APPLIES_TO
RP_WAVE_02,P322,APPLIES_TO
RP_WAVE_02,P332,APPLIES_TO
RP_WAVE_02,P336,APPLIES_TO
RP_WAVE_02,P340,APPLIES_TO
RP_WAVE_02,P341,APPLIES_TO
RP_WAVE_02,P357,APPLIES_TO
RP_WAVE_02,P359,APPLIES_TO
RP_WAVE_02,P362,APPLIES_TO
RP_WAVE_02,P367,APPLIES_TO
RP_WAVE_02,P372,APPLIES_TO
RP_WAVE_02,P374,APPLIES_TO
RP_WAVE_02,P398,APPLIES_TO
RP_WAVE_02,P406,APPLIES_TO
RP_WAVE_02,P414,APPLIES_TO
RP_WAVE_02,P416,APPLIES_TO
RP_WAVE_02,P417,APPLIES_TO
RP_WAVE_02,P438,APPLIES_TO
RP_WAVE_02,P440,APPLIES_TO
RP_WAVE_02,P442,APPLIES_TO
RP_WAVE_02,P443,APPLIES_TO
RP_WAVE_02,P460,APPLIES_TO
RP_WAVE_02,P476,APPLIES_TO
RP_WAVE_02,P479,APPLIES_TO
RP_WAVE_02,P489,APPLIES_TO
RP_WAVE_02,P490,APPLIES_TO
RP_WAVE_02,P501,APPLIES_TO
RP_WAVE_02,P509,APPLIES_TO
RP_WAVE_02,P510,APPLIES_TO
RP_WAVE_02,P520,APPLIES_TO
RP_WAVE_02,P523,APPLIES_TO
RP_WAVE_02,P539,APPLIES_TO
RP_WAVE_02,P558,APPLIES_TO
RP_WAVE_02,P567,APPLIES_TO
RP_WAVE_02,P578,APPLIES_TO
RP_WAVE_02,P581,APPLIES_TO
RP_WAVE_02,P584,APPLIES_TO
RP_WAVE_02,P600,APPLIES_TO
RP_WAVE_02,P601,APPLIES_TO
RP_WAVE_02,P605,APPLIES_TO
RP_WAVE_02,P630,APPLIES_TO
RP_WAVE_02,P631,APPLIES_TO
RP_WAVE_02,P636,APPLIES_TO
RP_WAVE_02,P892,APPLIES_TO
RP_WAVE_02,P893,APPLIES_TO
RP_WAVE_02,P894,APPLIES_TO
RP_WAVE_02,P895,APPLIES_TO
RP_WAVE_02,P896,APPLIES_TO
RP_WAVE_02,P897,APPLIES_TO
RP_WAVE_02,P898,APPLIES_TO
RP_WAVE_02,P899,APPLIES_TO
RP_WAVE_02,P900,APPLIES_TO
RP_WAVE_02,P901,APPLIES_TO
RP_WAVE_02,P902,APPLIES_TO
RP_WAVE_02,P903,APPLIES_TO
RP_WAVE_02,P904,APPLIES_TO
RP_WAVE_02,P905,APPLIES_TO
RP_WAVE_02,P906,APPLIES_TO
RP_WAVE_02,P907,APPLIES_TO
RP_WAVE_02,P908,APPLIES_TO
RP_WAVE_02,P909,APPLIES_TO
RP_WAVE_02,P910,APPLIES_TO
RP_WAVE_02,P911,APPLIES_TO
RP_WAVE_02,P912,APPLIES_TO
RP_WAVE_02,P913,APPLIES_TO
RP_WAVE_02,P914,APPLIES_TO
RP_WAVE_02,P915,APPLIES_TO
RP_WAVE_02,P916,APPLIES_TO
RP_WAVE_02,P917,APPLIES_TO
RP_WAVE_02,P918,APPLIES_TO
RP_WAVE_02,P919,APPLIES_TO
RP_WAVE_02,P920,APPLIES_TO
RP_WAVE_02,P921,APPLIES_TO
RP_WAVE_02,P922,APPLIES_TO
RP_WAVE_02,P923,APPLIES_TO
RP_WAVE_02,P924,APPLIES_TO
RP_WAVE_02,P925,APPLIES_TO
RP_WAVE_02,P926,APPLIES_TO
RP_WAVE_02,P927,APPLIES_TO
RP_WAVE_03,P004,APPLIES_TO
RP_WAVE_03,P006,APPLIES_TO
RP_WAVE_03,P008,APPLIES_TO
RP_WAVE_03,P010,APPLIES_TO
RP_WAVE_03,P011,APPLIES_TO
RP_WAVE_03,P012,APPLIES_TO
RP_WAVE_03,P026,APPLIES_TO
RP_WAVE_03,P028,APPLIES_TO
RP_WAVE_03,P036,APPLIES_TO
RP_WAVE_03,P051,APPLIES_TO
RP_WAVE_03,P053,APPLIES_TO
RP_WAVE_03,P060,APPLIES_TO
RP_WAVE_03,P066,APPLIES_TO
RP_WAVE_03,P094,APPLIES_TO
RP_WAVE_03,P099,APPLIES_TO
RP_WAVE_03,P102,APPLIES_TO
RP_WAVE_03,P118,APPLIES_TO
RP_WAVE_03,P125,APPLIES_TO
RP_WAVE_03,P126,APPLIES_TO
RP_WAVE_03,P145,APPLIES_TO
RP_WAVE_03,P162,APPLIES_TO
RP_WAVE_03,P173,APPLIES_TO
RP_WAVE_03,P195,APPLIES_TO
RP_WAVE_03,P204,APPLIES_TO
RP_WAVE_03,P218,APPLIES_TO
RP_WAVE_03,P245,APPLIES_TO
RP_WAVE_03,P250,APPLIES_TO
RP_WAVE_03,P252,APPLIES_TO
RP_WAVE_03,P257,APPLIES_TO
RP_WAVE_03,P276,APPLIES_TO
RP_WAVE_03,P281,APPLIES_TO
RP_WAVE_03,P284,APPLIES_TO
RP_WAVE_03,P287,APPLIES_TO
RP_WAVE_03,P312,APPLIES_TO
RP_WAVE_03,P313,APPLIES_TO
RP_WAVE_03,P318,APPLIES_TO
RP_WAVE_03,P322,APPLIES_TO
RP_WAVE_03,P332,APPLIES_TO
RP_WAVE_03,P336,APPLIES_TO
RP_WAVE_03,P340,APPLIES_TO
RP_WAVE_03,P341,APPLIES_TO
RP_WAVE_03,P357,APPLIES_TO
RP_WAVE_03,P359,APPLIES_TO
RP_WAVE_03,P362,APPLIES_TO
RP_WAVE_03,P367,APPLIES_TO
RP_WAVE_03,P372,APPLIES_TO
RP_WAVE_03,P374,APPLIES_TO
RP_WAVE_03,P398,APPLIES_TO
RP_WAVE_03,P406,APPLIES_TO
RP_WAVE_03,P414,APPLIES_TO
RP_WAVE_03,P416,APPLIES_TO
RP_WAVE_03,P417,APPLIES_TO
RP_WAVE_03,P438,APPLIES_TO
RP_WAVE_03,P440,APPLIES_TO
RP_WAVE_03,P442,APPLIES_TO
RP_WAVE_03,P443,APPLIES_TO
RP_WAVE_03,P460,APPLIES_TO
RP_WAVE_03,P476,APPLIES_TO
RP_WAVE_03,P479,APPLIES_TO
RP_WAVE_03,P489,APPLIES_TO
RP_WAVE_03,P490,APPLIES_TO
RP_WAVE_03,P501,APPLIES_TO
RP_WAVE_03,P509,APPLIES_TO
RP_WAVE_03,P510,APPLIES_TO
RP_WAVE_03,P520,APPLIES_TO
RP_WAVE_03,P523,APPLIES_TO
RP_WAVE_03,P539,APPLIES_TO
RP_WAVE_03,P558,APPLIES_TO
RP_WAVE_03,P567,APPLIES_TO
RP_WAVE_03,P578,APPLIES_TO
RP_WAVE_03,P581,APPLIES_TO
RP_WAVE_03,P584,APPLIES_TO
RP_WAVE_03,P600,APPLIES_TO
RP_WAVE_03,P601,APPLIES_TO
RP_WAVE_03,P605,APPLIES_TO
RP_WAVE_03,P630,APPLIES_TO
RP_WAVE_03,P631,APPLIES_TO
RP_WAVE_03,P636,APPLIES_TO
RP_WAVE_03,P892,APPLIES_TO
RP_WAVE_03,P893,APPLIES_TO
RP_WAVE_03,P894,APPLIES_TO
RP_WAVE_03,P895,APPLIES_TO
RP_WAVE_03,P896,APPLIES_TO
RP_WAVE_03,P897,APPLIES_TO
RP_WAVE_03,P898,APPLIES_TO
RP_WAVE_03,P899,APPLIES_TO
RP_WAVE_03,P900,APPLIES_TO
RP_WAVE_03,P901,APPLIES_TO
RP_WAVE_03,P902,APPLIES_TO
RP_WAVE_03,P903,APPLIES_TO
RP_WAVE_03,P904,APPLIES_TO
RP_WAVE_03,P905,APPLIES_TO
RP_WAVE_03,P906,APPLIES_TO
RP_WAVE_03,P907,APPLIES_TO
RP_WAVE_03,P908,APPLIES_TO
RP_WAVE_03,P909,APPLIES_TO
RP_WAVE_03,P910,APPLIES_TO
RP_WAVE_03,P911,APPLIES_TO
RP_WAVE_03,P912,APPLIES_TO
RP_WAVE_03,P913,APPLIES_TO
RP_WAVE_03,P914,APPLIES_TO
RP_WAVE_03,P915,APPLIES_TO
RP_WAVE_03,P916,APPLIES_TO
RP_WAVE_03,P917,APPLIES_TO
RP_WAVE_03,P918,APPLIES_TO
RP_WAVE_03,P919,APPLIES_TO
RP_WAVE_03,P920,APPLIES_TO
RP_WAVE_03,P921,APPLIES_TO
RP_WAVE_03,P922,APPLIES_TO
RP_WAVE_03,P923,APPLIES_TO
RP_WAVE_03,P924,APPLIES_TO
RP_WAVE_03,P925,APPLIES_TO
RP_WAVE_03,P926,APPLIES_TO
RP_WAVE_03,P927,APPLIES_TO
RP_SNOW_01,P005,APPLIES_TO
RP_SNOW_01,P022,APPLIES_TO
RP_SNOW_01,P030,APPLIES_TO
RP_SNOW_01,P038,APPLIES_TO
RP_SNOW_01,P085,APPLIES_TO
RP_SNOW_01,P129,APPLIES_TO
RP_SNOW_01,P130,APPLIES_TO
RP_SNOW_01,P146,APPLIES_TO
RP_SNOW_01,P184,APPLIES_TO
RP_SNOW_01,P191,APPLIES_TO
RP_SNOW_01,P201,APPLIES_TO
RP_SNOW_01,P207,APPLIES_TO
RP_SNOW_01,P216,APPLIES_TO
RP_SNOW_01,P223,APPLIES_TO
RP_SNOW_01,P224,APPLIES_TO
RP_SNOW_01,P238,APPLIES_TO
RP_SNOW_01,P240,APPLIES_TO
RP_SNOW_01,P255,APPLIES_TO
RP_SNOW_01,P262,APPLIES_TO
RP_SNOW_01,P272,APPLIES_TO
RP_SNOW_01,P307,APPLIES_TO
RP_SNOW_01,P316,APPLIES_TO
RP_SNOW_01,P323,APPLIES_TO
RP_SNOW_01,P366,APPLIES_TO
RP_SNOW_01,P373,APPLIES_TO
RP_SNOW_01,P379,APPLIES_TO
RP_SNOW_01,P390,APPLIES_TO
RP_SNOW_01,P391,APPLIES_TO
RP_SNOW_01,P392,APPLIES_TO
RP_SNOW_01,P404,APPLIES_TO
RP_SNOW_01,P407,APPLIES_TO
RP_SNOW_01,P424,APPLIES_TO
RP_SNOW_01,P436,APPLIES_TO
RP_SNOW_01,P437,APPLIES_TO
RP_SNOW_01,P452,APPLIES_TO
RP_SNOW_01,P466,APPLIES_TO
RP_SNOW_01,P483,APPLIES_TO
RP_SNOW_01,P486,APPLIES_TO
RP_SNOW_01,P491,APPLIES_TO
RP_SNOW_01,P498,APPLIES_TO
RP_SNOW_01,P505,APPLIES_TO
RP_SNOW_01,P506,APPLIES_TO
RP_SNOW_01,P513,APPLIES_TO
RP_SNOW_01,P534,APPLIES_TO
RP_SNOW_01,P546,APPLIES_TO
RP_SNOW_01,P549,APPLIES_TO
RP_SNOW_01,P552,APPLIES_TO
RP_SNOW_01,P554,APPLIES_TO
RP_SNOW_01,P555,APPLIES_TO
RP_SNOW_01,P557,APPLIES_TO
RP_SNOW_01,P566,APPLIES_TO
RP_SNOW_01,P568,APPLIES_TO
RP_SNOW_01,P577,APPLIES_TO
RP_SNOW_01,P602,APPLIES_TO
RP_SNOW_01,P604,APPLIES_TO
RP_SNOW_01,P606,APPLIES_TO
RP_SNOW_01,P607,APPLIES_TO
RP_SNOW_01,P608,APPLIES_TO
RP_SNOW_01,P609,APPLIES_TO
RP_SNOW_01,P610,APPLIES_TO
RP_SNOW_01,P611,APPLIES_TO
RP_SNOW_01,P612,APPLIES_TO
RP_SNOW_01,P613,APPLIES_TO
RP_SNOW_01,P615,APPLIES_TO
RP_SNOW_01,P616,APPLIES_TO
RP_SNOW_01,P632,APPLIES_TO
RP_SNOW_01,P633,APPLIES_TO
RP_SNOW_01,P634,APPLIES_TO
RP_SNOW_01,P739,APPLIES_TO
RP_SNOW_01,P740,APPLIES_TO
RP_SNOW_01,P741,APPLIES_TO
RP_SNOW_01,P742,APPLIES_TO
RP_SNOW_01,P744,APPLIES_TO
RP_SNOW_01,P745,APPLIES_TO
RP_SNOW_01,P746,APPLIES_TO
RP_SNOW_01,P747,APPLIES_TO
RP_SNOW_01,P748,APPLIES_TO
RP_SNOW_01,P749,APPLIES_TO
RP_SNOW_01,P750,APPLIES_TO
RP_SNOW_01,P751,APPLIES_TO
RP_SNOW_01,P752,APPLIES_TO
RP_SNOW_01,P753,APPLIES_TO
RP_SNOW_01,P754,APPLIES_TO
RP_SNOW_01,P755,APPLIES_TO
RP_SNOW_01,P756,APPLIES_TO
RP_SNOW_01,P757,APPLIES_TO
RP_SNOW_01,P758,APPLIES_TO
RP_SNOW_01,P759,APPLIES_TO
RP_SNOW_01,P760,APPLIES_TO
RP_SNOW_01,P761,APPLIES_TO
RP_SNOW_01,P762,APPLIES_TO
RP_SNOW_01,P763,APPLIES_TO
RP_SNOW_01,P764,APPLIES_TO
RP_SNOW_01,P765,APPLIES_TO
RP_SNOW_01,P766,APPLIES_TO
RP_SNOW_01,P767,APPLIES_TO
RP_SNOW_01,P768,APPLIES_TO
RP_SNOW_01,P769,APPLIES_TO
RP_SNOW_01,P770,APPLIES_TO
RP_SNOW_01,P771,APPLIES_TO
RP_SNOW_01,P772,APPLIES_TO
RP_SNOW_01,P773,APPLIES_TO
RP_SNOW_01,P774,APPLIES_TO
RP_SNOW_01,P775,APPLIES_TO
RP_SNOW_01,P776,APPLIES_TO
RP_SNOW_01,P777,APPLIES_TO
RP_SNOW_01,P778,APPLIES_TO
RP_SNOW_01,P779,APPLIES_TO
RP_SNOW_01,P780,APPLIES_TO
RP_SNOW_01,P781,APPLIES_TO
RP_SNOW_01,P782,APPLIES_TO
RP_SNOW_01,P783,APPLIES_TO
RP_SNOW_01,P784,APPLIES_TO
RP_SNOW_01,P785,APPLIES_TO
RP_SNOW_01,P786,APPLIES_TO
RP_SNOW_01,P787,APPLIES_TO
RP_SNOW_01,P788,APPLIES_TO
RP_SNOW_01,P789,APPLIES_TO
RP_SNOW_01,P790,APPLIES_TO
RP_SNOW_01,P791,APPLIES_TO
RP_SNOW_01,P792,APPLIES_TO
RP_SNOW_01,P793,APPLIES_TO
RP_SNOW_01,P794,APPLIES_TO
RP_SNOW_01,P795,APPLIES_TO
RP_SNOW_01,P796,APPLIES_TO
RP_SNOW_01,P797,APPLIES_TO
RP_SNOW_01,P798,APPLIES_TO
RP_SNOW_02,P005,APPLIES_TO
RP_SNOW_02,P022,APPLIES_TO
RP_SNOW_02,P030,APPLIES_TO
RP_SNOW_02,P038,APPLIES_TO
RP_SNOW_02,P085,APPLIES_TO
RP_SNOW_02,P129,APPLIES_TO
RP_SNOW_02,P130,APPLIES_TO
RP_SNOW_02,P146,APPLIES_TO
RP_SNOW_02,P184,APPLIES_TO
RP_SNOW_02,P191,APPLIES_TO
RP_SNOW_02,P201,APPLIES_TO
RP_SNOW_02,P207,APPLIES_TO
RP_SNOW_02,P216,APPLIES_TO
RP_SNOW_02,P223,APPLIES_TO
RP_SNOW_02,P224,APPLIES_TO
RP_SNOW_02,P238,APPLIES_TO
RP_SNOW_02,P240,APPLIES_TO
RP_SNOW_02,P255,APPLIES_TO
RP_SNOW_02,P262,APPLIES_TO
RP_SNOW_02,P272,APPLIES_TO
RP_SNOW_02,P307,APPLIES_TO
RP_SNOW_02,P316,APPLIES_TO
RP_SNOW_02,P323,APPLIES_TO
RP_SNOW_02,P366,APPLIES_TO
RP_SNOW_02,P373,APPLIES_TO
RP_SNOW_02,P379,APPLIES_TO
RP_SNOW_02,P390,APPLIES_TO
RP_SNOW_02,P391,APPLIES_TO
RP_SNOW_02,P392,APPLIES_TO
RP_SNOW_02,P404,APPLIES_TO
RP_SNOW_02,P407,APPLIES_TO
RP_SNOW_02,P424,APPLIES_TO
RP_SNOW_02,P436,APPLIES_TO
RP_SNOW_02,P437,APPLIES_TO
RP_SNOW_02,P452,APPLIES_TO
RP_SNOW_02,P466,APPLIES_TO
RP_SNOW_02,P483,APPLIES_TO
RP_SNOW_02,P486,APPLIES_TO
RP_SNOW_02,P491,APPLIES_TO
RP_SNOW_02,P498,APPLIES_TO
RP_SNOW_02,P505,APPLIES_TO
RP_SNOW_02,P506,APPLIES_TO
RP_SNOW_02,P513,APPLIES_TO
RP_SNOW_02,P534,APPLIES_TO
RP_SNOW_02,P546,APPLIES_TO
RP_SNOW_02,P549,APPLIES_TO
RP_SNOW_02,P552,APPLIES_TO
RP_SNOW_02,P554,APPLIES_TO
RP_SNOW_02,P555,APPLIES_TO
RP_SNOW_02,P557,APPLIES_TO
RP_SNOW_02,P566,APPLIES_TO
RP_SNOW_02,P568,APPLIES_TO
RP_SNOW_02,P577,APPLIES_TO
RP_SNOW_02,P602,APPLIES_TO
RP_SNOW_02,P604,APPLIES_TO
RP_SNOW_02,P606,APPLIES_TO
RP_SNOW_02,P607,APPLIES_TO
RP_SNOW_02,P608,APPLIES_TO
RP_SNOW_02,P609,APPLIES_TO
RP_SNOW_02,P610,APPLIES_TO
RP_SNOW_02,P611,APPLIES_TO
RP_SNOW_02,P612,APPLIES_TO
RP_SNOW_02,P613,APPLIES_TO
RP_SNOW_02,P615,APPLIES_TO
RP_SNOW_02,P616,APPLIES_TO
RP_SNOW_02,P632,APPLIES_TO
RP_SNOW_02,P633,APPLIES_TO
RP_SNOW_02,P634,APPLIES_TO
RP_SNOW_02,P739,APPLIES_TO
RP_SNOW_02,P740,APPLIES_TO
RP_SNOW_02,P741,APPLIES_TO
RP_SNOW_02,P742,APPLIES_TO
RP_SNOW_02,P744,APPLIES_TO
RP_SNOW_02,P745,APPLIES_TO
RP_SNOW_02,P746,APPLIES_TO
RP_SNOW_02,P747,APPLIES_TO
RP_SNOW_02,P748,APPLIES_TO
RP_SNOW_02,P749,APPLIES_TO
RP_SNOW_02,P750,APPLIES_TO
RP_SNOW_02,P751,APPLIES_TO
RP_SNOW_02,P752,APPLIES_TO
RP_SNOW_02,P753,APPLIES_TO
RP_SNOW_02,P754,APPLIES_TO
RP_SNOW_02,P755,APPLIES_TO
RP_SNOW_02,P756,APPLIES_TO
RP_SNOW_02,P757,APPLIES_TO
RP_SNOW_02,P758,APPLIES_TO
RP_SNOW_02,P759,APPLIES_TO
RP_SNOW_02,P760,APPLIES_TO
RP_SNOW_02,P761,APPLIES_TO
RP_SNOW_02,P762,APPLIES_TO
RP_SNOW_02,P763,APPLIES_TO
RP_SNOW_02,P764,APPLIES_TO
RP_SNOW_02,P765,APPLIES_TO
RP_SNOW_02,P766,APPLIES_TO
RP_SNOW_02,P767,APPLIES_TO
RP_SNOW_02,P768,APPLIES_TO
RP_SNOW_02,P769,APPLIES_TO
RP_SNOW_02,P770,APPLIES_TO
RP_SNOW_02,P771,APPLIES_TO
RP_SNOW_02,P772,APPLIES_TO
RP_SNOW_02,P773,APPLIES_TO
RP_SNOW_02,P774,APPLIES_TO
RP_SNOW_02,P775,APPLIES_TO
RP_SNOW_02,P776,APPLIES_TO
RP_SNOW_02,P777,APPLIES_TO
RP_SNOW_02,P778,APPLIES_TO
RP_SNOW_02,P779,APPLIES_TO
RP_SNOW_02,P780,APPLIES_TO
RP_SNOW_02,P781,APPLIES_TO
RP_SNOW_02,P782,APPLIES_TO
RP_SNOW_02,P783,APPLIES_TO
RP_SNOW_02,P784,APPLIES_TO
RP_SNOW_02,P785,APPLIES_TO
RP_SNOW_02,P786,APPLIES_TO
RP_SNOW_02,P787,APPLIES_TO
RP_SNOW_02,P788,APPLIES_TO
RP_SNOW_02,P789,APPLIES_TO
RP_SNOW_02,P790,APPLIES_TO
RP_SNOW_02,P791,APPLIES_TO
RP_SNOW_02,P792,APPLIES_TO
RP_SNOW_02,P793,APPLIES_TO
RP_SNOW_02,P794,APPLIES_TO
RP_SNOW_02,P795,APPLIES_TO
RP_SNOW_02,P796,APPLIES_TO
RP_SNOW_02,P797,APPLIES_TO
RP_SNOW_02,P798,APPLIES_TO
RP_AIR_01,P002,APPLIES_TO
RP_AIR_01,P004,APPLIES_TO
RP_AIR_01,P005,APPLIES_TO
RP_AIR_01,P006,APPLIES_TO
RP_AIR_01,P008,APPLIES_TO
RP_AIR_01,P010,APPLIES_TO
RP_AIR_01,P011,APPLIES_TO
RP_AIR_01,P012,APPLIES_TO
RP_AIR_01,P013,APPLIES_TO
RP_AIR_01,P014,APPLIES_TO
RP_AIR_01,P015,APPLIES_TO
RP_AIR_01,P016,APPLIES_TO
RP_AIR_01,P017,APPLIES_TO
RP_AIR_01,P018,APPLIES_TO
RP_AIR_01,P020,APPLIES_TO
RP_AIR_01,P021,APPLIES_TO
RP_AIR_01,P022,APPLIES_TO
RP_AIR_01,P023,APPLIES_TO
RP_AIR_01,P024,APPLIES_TO
RP_AIR_01,P026,APPLIES_TO
RP_AIR_01,P028,APPLIES_TO
RP_AIR_01,P029,APPLIES_TO
RP_AIR_01,P030,APPLIES_TO
RP_AIR_01,P031,APPLIES_TO
RP_AIR_01,P035,APPLIES_TO
RP_AIR_01,P036,APPLIES_TO
RP_AIR_01,P037,APPLIES_TO
RP_AIR_01,P038,APPLIES_TO
RP_AIR_01,P043,APPLIES_TO
RP_AIR_01,P045,APPLIES_TO
RP_AIR_01,P046,APPLIES_TO
RP_AIR_01,P048,APPLIES_TO
RP_AIR_01,P049,APPLIES_TO
RP_AIR_01,P051,APPLIES_TO
RP_AIR_01,P052,APPLIES_TO
RP_AIR_01,P053,APPLIES_TO
RP_AIR_01,P054,APPLIES_TO
RP_AIR_01,P055,APPLIES_TO
RP_AIR_01,P056,APPLIES_TO
RP_AIR_01,P060,APPLIES_TO
RP_AIR_01,P061,APPLIES_TO
RP_AIR_01,P062,APPLIES_TO
RP_AIR_01,P064,APPLIES_TO
RP_AIR_01,P066,APPLIES_TO
RP_AIR_01,P067,APPLIES_TO
RP_AIR_01,P069,APPLIES_TO
RP_AIR_01,P070,APPLIES_TO
RP_AIR_01,P074,APPLIES_TO
RP_AIR_01,P075,APPLIES_TO
RP_AIR_01,P077,APPLIES_TO
RP_AIR_01,P079,APPLIES_TO
RP_AIR_01,P081,APPLIES_TO
RP_AIR_01,P082,APPLIES_TO
RP_AIR_01,P084,APPLIES_TO
RP_AIR_01,P085,APPLIES_TO
RP_AIR_01,P090,APPLIES_TO
RP_AIR_01,P091,APPLIES_TO
RP_AIR_01,P094,APPLIES_TO
RP_AIR_01,P095,APPLIES_TO
RP_AIR_01,P097,APPLIES_TO
RP_AIR_01,P098,APPLIES_TO
RP_AIR_01,P099,APPLIES_TO
RP_AIR_01,P100,APPLIES_TO
RP_AIR_01,P102,APPLIES_TO
RP_AIR_01,P103,APPLIES_TO
RP_AIR_01,P104,APPLIES_TO
RP_AIR_01,P105,APPLIES_TO
RP_AIR_01,P106,APPLIES_TO
RP_AIR_01,P107,APPLIES_TO
RP_AIR_01,P109,APPLIES_TO
RP_AIR_01,P110,APPLIES_TO
RP_AIR_01,P112,APPLIES_TO
RP_AIR_01,P115,APPLIES_TO
RP_AIR_01,P117,APPLIES_TO
RP_AIR_01,P120,APPLIES_TO
RP_AIR_01,P121,APPLIES_TO
RP_AIR_01,P125,APPLIES_TO
RP_AIR_01,P126,APPLIES_TO
RP_AIR_01,P127,APPLIES_TO
RP_AIR_01,P128,APPLIES_TO
RP_AIR_01,P129,APPLIES_TO
RP_AIR_01,P130,APPLIES_TO
RP_AIR_01,P133,APPLIES_TO
RP_AIR_01,P138,APPLIES_TO
RP_AIR_01,P139,APPLIES_TO
RP_AIR_01,P140,APPLIES_TO
RP_AIR_01,P141,APPLIES_TO
RP_AIR_01,P142,APPLIES_TO
RP_AIR_01,P143,APPLIES_TO
RP_AIR_01,P144,APPLIES_TO
RP_AIR_01,P145,APPLIES_TO
RP_AIR_01,P146,APPLIES_TO
RP_AIR_01,P147,APPLIES_TO
RP_AIR_01,P148,APPLIES_TO
RP_AIR_01,P149,APPLIES_TO
RP_AIR_01,P152,APPLIES_TO
RP_AIR_01,P153,APPLIES_TO
RP_AIR_01,P157,APPLIES_TO
RP_AIR_01,P158,APPLIES_TO
RP_AIR_01,P159,APPLIES_TO
RP_AIR_01,P160,APPLIES_TO
RP_AIR_01,P161,APPLIES_TO
RP_AIR_01,P162,APPLIES_TO
RP_AIR_01,P163,APPLIES_TO
RP_AIR_01,P165,APPLIES_TO
RP_AIR_01,P167,APPLIES_TO
RP_AIR_01,P168,APPLIES_TO
RP_AIR_01,P170,APPLIES_TO
RP_AIR_01,P171,APPLIES_TO
RP_AIR_01,P172,APPLIES_TO
RP_AIR_01,P173,APPLIES_TO
RP_AIR_01,P174,APPLIES_TO
RP_AIR_01,P175,APPLIES_TO
RP_AIR_01,P178,APPLIES_TO
RP_AIR_01,P179,APPLIES_TO
RP_AIR_01,P182,APPLIES_TO
RP_AIR_01,P183,APPLIES_TO
RP_AIR_01,P184,APPLIES_TO
RP_AIR_01,P186,APPLIES_TO
RP_AIR_01,P187,APPLIES_TO
RP_AIR_01,P188,APPLIES_TO
RP_AIR_01,P189,APPLIES_TO
RP_AIR_01,P190,APPLIES_TO
RP_AIR_01,P191,APPLIES_TO
RP_AIR_01,P194,APPLIES_TO
RP_AIR_01,P195,APPLIES_TO
RP_AIR_01,P196,APPLIES_TO
RP_AIR_01,P197,APPLIES_TO
RP_AIR_01,P198,APPLIES_TO
RP_AIR_01,P201,APPLIES_TO
RP_AIR_01,P202,APPLIES_TO
RP_AIR_01,P203,APPLIES_TO
RP_AIR_01,P204,APPLIES_TO
RP_AIR_01,P205,APPLIES_TO
RP_AIR_01,P206,APPLIES_TO
RP_AIR_01,P207,APPLIES_TO
RP_AIR_01,P209,APPLIES_TO
RP_AIR_01,P210,APPLIES_TO
RP_AIR_01,P211,APPLIES_TO
RP_AIR_01,P213,APPLIES_TO
RP_AIR_01,P214,APPLIES_TO
RP_AIR_01,P215,APPLIES_TO
RP_AIR_01,P216,APPLIES_TO
RP_AIR_01,P217,APPLIES_TO
RP_AIR_01,P218,APPLIES_TO
RP_AIR_01,P219,APPLIES_TO
RP_AIR_01,P220,APPLIES_TO
RP_AIR_01,P222,APPLIES_TO
RP_AIR_01,P223,APPLIES_TO
RP_AIR_01,P224,APPLIES_TO
RP_AIR_01,P225,APPLIES_TO
RP_AIR_01,P226,APPLIES_TO
RP_AIR_01,P227,APPLIES_TO
RP_AIR_01,P228,APPLIES_TO
RP_AIR_01,P229,APPLIES_TO
RP_AIR_01,P230,APPLIES_TO
RP_AIR_01,P231,APPLIES_TO
RP_AIR_01,P232,APPLIES_TO
RP_AIR_01,P233,APPLIES_TO
RP_AIR_01,P234,APPLIES_TO
RP_AIR_01,P235,APPLIES_TO
RP_AIR_01,P236,APPLIES_TO
RP_AIR_01,P237,APPLIES_TO
RP_AIR_01,P238,APPLIES_TO
RP_AIR_01,P239,APPLIES_TO
RP_AIR_01,P240,APPLIES_TO
RP_AIR_01,P241,APPLIES_TO
RP_AIR_01,P242,APPLIES_TO
RP_AIR_01,P244,APPLIES_TO
RP_AIR_01,P245,APPLIES_TO
RP_AIR_01,P246,APPLIES_TO
RP_AIR_01,P247,APPLIES_TO
RP_AIR_01,P248,APPLIES_TO
RP_AIR_01,P249,APPLIES_TO
RP_AIR_01,P250,APPLIES_TO
RP_AIR_01,P251,APPLIES_TO
RP_AIR_01,P252,APPLIES_TO
RP_AIR_01,P253,APPLIES_TO
RP_AIR_01,P254,APPLIES_TO
RP_AIR_01,P255,APPLIES_TO
RP_AIR_01,P256,APPLIES_TO
RP_AIR_01,P257,APPLIES_TO
RP_AIR_01,P258,APPLIES_TO
RP_AIR_01,P259,APPLIES_TO
RP_AIR_01,P260,APPLIES_TO
RP_AIR_01,P261,APPLIES_TO
RP_AIR_01,P262,APPLIES_TO
RP_AIR_01,P263,APPLIES_TO
RP_AIR_01,P265,APPLIES_TO
RP_AIR_01,P266,APPLIES_TO
RP_AIR_01,P267,APPLIES_TO
RP_AIR_01,P268,APPLIES_TO
RP_AIR_01,P269,APPLIES_TO
RP_AIR_01,P270,APPLIES_TO
RP_AIR_01,P272,APPLIES_TO
RP_AIR_01,P275,APPLIES_TO
RP_AIR_01,P276,APPLIES_TO
RP_AIR_01,P277,APPLIES_TO
RP_AIR_01,P278,APPLIES_TO
RP_AIR_01,P279,APPLIES_TO
RP_AIR_01,P280,APPLIES_TO
RP_AIR_01,P281,APPLIES_TO
RP_AIR_01,P282,APPLIES_TO
RP_AIR_01,P284,APPLIES_TO
RP_AIR_01,P285,APPLIES_TO
RP_AIR_01,P286,APPLIES_TO
RP_AIR_01,P287,APPLIES_TO
RP_AIR_01,P288,APPLIES_TO
RP_AIR_01,P289,APPLIES_TO
RP_AIR_01,P290,APPLIES_TO
RP_AIR_01,P293,APPLIES_TO
RP_AIR_01,P295,APPLIES_TO
RP_AIR_01,P296,APPLIES_TO
RP_AIR_01,P297,APPLIES_TO
RP_AIR_01,P298,APPLIES_TO
RP_AIR_01,P300,APPLIES_TO
RP_AIR_01,P301,APPLIES_TO
RP_AIR_01,P302,APPLIES_TO
RP_AIR_01,P304,APPLIES_TO
RP_AIR_01,P306,APPLIES_TO
RP_AIR_01,P307,APPLIES_TO
RP_AIR_01,P308,APPLIES_TO
RP_AIR_01,P309,APPLIES_TO
RP_AIR_01,P310,APPLIES_TO
RP_AIR_01,P311,APPLIES_TO
RP_AIR_01,P312,APPLIES_TO
RP_AIR_01,P313,APPLIES_TO
RP_AIR_01,P314,APPLIES_TO
RP_AIR_01,P315,APPLIES_TO
RP_AIR_01,P316,APPLIES_TO
RP_AIR_01,P317,APPLIES_TO
RP_AIR_01,P318,APPLIES_TO
RP_AIR_01,P319,APPLIES_TO
RP_AIR_01,P320,APPLIES_TO
RP_AIR_01,P321,APPLIES_TO
RP_AIR_01,P322,APPLIES_TO
RP_AIR_01,P323,APPLIES_TO
RP_AIR_01,P324,APPLIES_TO
RP_AIR_01,P325,APPLIES_TO
RP_AIR_01,P326,APPLIES_TO
RP_AIR_01,P327,APPLIES_TO
RP_AIR_01,P328,APPLIES_TO
RP_AIR_01,P329,APPLIES_TO
RP_AIR_01,P330,APPLIES_TO
RP_AIR_01,P331,APPLIES_TO
RP_AIR_01,P332,APPLIES_TO
RP_AIR_01,P333,APPLIES_TO
RP_AIR_01,P334,APPLIES_TO
RP_AIR_01,P335,APPLIES_TO
RP_AIR_01,P336,APPLIES_TO
RP_AIR_01,P337,APPLIES_TO
RP_AIR_01,P338,APPLIES_TO
RP_AIR_01,P339,APPLIES_TO
RP_AIR_01,P340,APPLIES_TO
RP_AIR_01,P341,APPLIES_TO
RP_AIR_01,P342,APPLIES_TO
RP_AIR_01,P343,APPLIES_TO
RP_AIR_01,P344,APPLIES_TO
RP_AIR_01,P347,APPLIES_TO
RP_AIR_01,P348,APPLIES_TO
RP_AIR_01,P349,APPLIES_TO
RP_AIR_01,P350,APPLIES_TO
RP_AIR_01,P351,APPLIES_TO
RP_AIR_01,P353,APPLIES_TO
RP_AIR_01,P354,APPLIES_TO
RP_AIR_01,P355,APPLIES_TO
RP_AIR_01,P356,APPLIES_TO
RP_AIR_01,P357,APPLIES_TO
RP_AIR_01,P358,APPLIES_TO
RP_AIR_01,P359,APPLIES_TO
RP_AIR_01,P360,APPLIES_TO
RP_AIR_01,P361,APPLIES_TO
RP_AIR_01,P362,APPLIES_TO
RP_AIR_01,P363,APPLIES_TO
RP_AIR_01,P366,APPLIES_TO
RP_AIR_01,P367,APPLIES_TO
RP_AIR_01,P368,APPLIES_TO
RP_AIR_01,P369,APPLIES_TO
RP_AIR_01,P371,APPLIES_TO
RP_AIR_01,P372,APPLIES_TO
RP_AIR_01,P373,APPLIES_TO
RP_AIR_01,P374,APPLIES_TO
RP_AIR_01,P376,APPLIES_TO
RP_AIR_01,P377,APPLIES_TO
RP_AIR_01,P378,APPLIES_TO
RP_AIR_01,P379,APPLIES_TO
RP_AIR_01,P380,APPLIES_TO
RP_AIR_01,P381,APPLIES_TO
RP_AIR_01,P382,APPLIES_TO
RP_AIR_01,P383,APPLIES_TO
RP_AIR_01,P384,APPLIES_TO
RP_AIR_01,P385,APPLIES_TO
RP_AIR_01,P387,APPLIES_TO
RP_AIR_01,P388,APPLIES_TO
RP_AIR_01,P390,APPLIES_TO
RP_AIR_01,P391,APPLIES_TO
RP_AIR_01,P392,APPLIES_TO
RP_AIR_01,P394,APPLIES_TO
RP_AIR_01,P396,APPLIES_TO
RP_AIR_01,P398,APPLIES_TO
RP_AIR_01,P399,APPLIES_TO
RP_AIR_01,P400,APPLIES_TO
RP_AIR_01,P401,APPLIES_TO
RP_AIR_01,P402,APPLIES_TO
RP_AIR_01,P403,APPLIES_TO
RP_AIR_01,P404,APPLIES_TO
RP_AIR_01,P405,APPLIES_TO
RP_AIR_01,P406,APPLIES_TO
RP_AIR_01,P407,APPLIES_TO
RP_AIR_01,P408,APPLIES_TO
RP_AIR_01,P409,APPLIES_TO
RP_AIR_01,P410,APPLIES_TO
RP_AIR_01,P411,APPLIES_TO
RP_AIR_01,P412,APPLIES_TO
RP_AIR_01,P414,APPLIES_TO
RP_AIR_01,P415,APPLIES_TO
RP_AIR_01,P416,APPLIES_TO
RP_AIR_01,P417,APPLIES_TO
RP_AIR_01,P418,APPLIES_TO
RP_AIR_01,P419,APPLIES_TO
RP_AIR_01,P420,APPLIES_TO
RP_AIR_01,P421,APPLIES_TO
RP_AIR_01,P422,APPLIES_TO
RP_AIR_01,P423,APPLIES_TO
RP_AIR_01,P424,APPLIES_TO
RP_AIR_01,P426,APPLIES_TO
RP_AIR_01,P427,APPLIES_TO
RP_AIR_01,P429,APPLIES_TO
RP_AIR_01,P430,APPLIES_TO
RP_AIR_01,P431,APPLIES_TO
RP_AIR_01,P432,APPLIES_TO
RP_AIR_01,P433,APPLIES_TO
RP_AIR_01,P434,APPLIES_TO
RP_AIR_01,P435,APPLIES_TO
RP_AIR_01,P436,APPLIES_TO
RP_AIR_01,P437,APPLIES_TO
RP_AIR_01,P438,APPLIES_TO
RP_AIR_01,P439,APPLIES_TO
RP_AIR_01,P440,APPLIES_TO
RP_AIR_01,P441,APPLIES_TO
RP_AIR_01,P442,APPLIES_TO
RP_AIR_01,P443,APPLIES_TO
RP_AIR_01,P445,APPLIES_TO
RP_AIR_01,P446,APPLIES_TO
RP_AIR_01,P447,APPLIES_TO
RP_AIR_01,P448,APPLIES_TO
RP_AIR_01,P449,APPLIES_TO
RP_AIR_01,P450,APPLIES_TO
RP_AIR_01,P452,APPLIES_TO
RP_AIR_01,P453,APPLIES_TO
RP_AIR_01,P454,APPLIES_TO
RP_AIR_01,P455,APPLIES_TO
RP_AIR_01,P456,APPLIES_TO
RP_AIR_01,P457,APPLIES_TO
RP_AIR_01,P458,APPLIES_TO
RP_AIR_01,P459,APPLIES_TO
RP_AIR_01,P460,APPLIES_TO
RP_AIR_01,P462,APPLIES_TO
RP_AIR_01,P463,APPLIES_TO
RP_AIR_01,P465,APPLIES_TO
RP_AIR_01,P466,APPLIES_TO
RP_AIR_01,P467,APPLIES_TO
RP_AIR_01,P469,APPLIES_TO
RP_AIR_01,P470,APPLIES_TO
RP_AIR_01,P472,APPLIES_TO
RP_AIR_01,P476,APPLIES_TO
RP_AIR_01,P477,APPLIES_TO
RP_AIR_01,P478,APPLIES_TO
RP_AIR_01,P479,APPLIES_TO
RP_AIR_01,P480,APPLIES_TO
RP_AIR_01,P482,APPLIES_TO
RP_AIR_01,P483,APPLIES_TO
RP_AIR_01,P484,APPLIES_TO
RP_AIR_01,P485,APPLIES_TO
RP_AIR_01,P486,APPLIES_TO
RP_AIR_01,P487,APPLIES_TO
RP_AIR_01,P488,APPLIES_TO
RP_AIR_01,P489,APPLIES_TO
RP_AIR_01,P490,APPLIES_TO
RP_AIR_01,P491,APPLIES_TO
RP_AIR_01,P492,APPLIES_TO
RP_AIR_01,P493,APPLIES_TO
RP_AIR_01,P494,APPLIES_TO
RP_AIR_01,P495,APPLIES_TO
RP_AIR_01,P497,APPLIES_TO
RP_AIR_01,P498,APPLIES_TO
RP_AIR_01,P499,APPLIES_TO
RP_AIR_01,P501,APPLIES_TO
RP_AIR_01,P502,APPLIES_TO
RP_AIR_01,P503,APPLIES_TO
RP_AIR_01,P504,APPLIES_TO
RP_AIR_01,P505,APPLIES_TO
RP_AIR_01,P506,APPLIES_TO
RP_AIR_01,P507,APPLIES_TO
RP_AIR_01,P508,APPLIES_TO
RP_AIR_01,P509,APPLIES_TO
RP_AIR_01,P510,APPLIES_TO
RP_AIR_01,P513,APPLIES_TO
RP_AIR_01,P514,APPLIES_TO
RP_AIR_01,P515,APPLIES_TO
RP_AIR_01,P516,APPLIES_TO
RP_AIR_01,P517,APPLIES_TO
RP_AIR_01,P519,APPLIES_TO
RP_AIR_01,P520,APPLIES_TO
RP_AIR_01,P521,APPLIES_TO
RP_AIR_01,P523,APPLIES_TO
RP_AIR_01,P524,APPLIES_TO
RP_AIR_01,P525,APPLIES_TO
RP_AIR_01,P526,APPLIES_TO
RP_AIR_01,P527,APPLIES_TO
RP_AIR_01,P531,APPLIES_TO
RP_AIR_01,P532,APPLIES_TO
RP_AIR_01,P534,APPLIES_TO
RP_AIR_01,P536,APPLIES_TO
RP_AIR_01,P537,APPLIES_TO
RP_AIR_01,P538,APPLIES_TO
RP_AIR_01,P539,APPLIES_TO
RP_AIR_01,P540,APPLIES_TO
RP_AIR_01,P541,APPLIES_TO
RP_AIR_01,P542,APPLIES_TO
RP_AIR_01,P543,APPLIES_TO
RP_AIR_01,P545,APPLIES_TO
RP_AIR_01,P546,APPLIES_TO
RP_AIR_01,P547,APPLIES_TO
RP_AIR_01,P548,APPLIES_TO
RP_AIR_01,P549,APPLIES_TO
RP_AIR_01,P550,APPLIES_TO
RP_AIR_01,P551,APPLIES_TO
RP_AIR_01,P552,APPLIES_TO
RP_AIR_01,P553,APPLIES_TO
RP_AIR_01,P554,APPLIES_TO
RP_AIR_01,P555,APPLIES_TO
RP_AIR_01,P556,APPLIES_TO
RP_AIR_01,P557,APPLIES_TO
RP_AIR_01,P558,APPLIES_TO
RP_AIR_01,P559,APPLIES_TO
RP_AIR_01,P560,APPLIES_TO
RP_AIR_01,P561,APPLIES_TO
RP_AIR_01,P562,APPLIES_TO
RP_AIR_01,P563,APPLIES_TO
RP_AIR_01,P564,APPLIES_TO
RP_AIR_01,P565,APPLIES_TO
RP_AIR_01,P566,APPLIES_TO
RP_AIR_01,P567,APPLIES_TO
RP_AIR_01,P568,APPLIES_TO
RP_AIR_01,P569,APPLIES_TO
RP_AIR_01,P570,APPLIES_TO
RP_AIR_01,P571,APPLIES_TO
RP_AIR_01,P572,APPLIES_TO
RP_AIR_01,P573,APPLIES_TO
RP_AIR_01,P574,APPLIES_TO
RP_AIR_01,P575,APPLIES_TO
RP_AIR_01,P576,APPLIES_TO
RP_AIR_01,P577,APPLIES_TO
RP_AIR_01,P578,APPLIES_TO
RP_AIR_01,P579,APPLIES_TO
RP_AIR_01,P580,APPLIES_TO
RP_AIR_01,P581,APPLIES_TO
RP_AIR_01,P582,APPLIES_TO
RP_AIR_01,P583,APPLIES_TO
RP_AIR_01,P584,APPLIES_TO
RP_AIR_01,P585,APPLIES_TO
RP_AIR_01,P586,APPLIES_TO
RP_AIR_01,P587,APPLIES_TO
RP_AIR_01,P588,APPLIES_TO
RP_AIR_01,P589,APPLIES_TO
RP_AIR_01,P590,APPLIES_TO
RP_AIR_01,P591,APPLIES_TO
RP_AIR_01,P592,APPLIES_TO
RP_AIR_01,P593,APPLIES_TO
RP_AIR_01,P594,APPLIES_TO
RP_AIR_01,P595,APPLIES_TO
RP_AIR_01,P596,APPLIES_TO
RP_AIR_01,P597,APPLIES_TO
RP_AIR_01,P598,APPLIES_TO
RP_AIR_01,P599,APPLIES_TO
RP_AIR_01,P600,APPLIES_TO
RP_AIR_01,P601,APPLIES_TO
RP_AIR_01,P602,APPLIES_TO
RP_AIR_01,P603,APPLIES_TO
RP_AIR_01,P604,APPLIES_TO
RP_AIR_01,P605,APPLIES_TO
RP_AIR_01,P606,APPLIES_TO
RP_AIR_01,P607,APPLIES_TO
RP_AIR_01,P608,APPLIES_TO
RP_AIR_01,P609,APPLIES_TO
RP_AIR_01,P610,APPLIES_TO
RP_AIR_01,P611,APPLIES_TO
RP_AIR_01,P612,APPLIES_TO
RP_AIR_01,P613,APPLIES_TO
RP_AIR_01,P614,APPLIES_TO
RP_AIR_01,P615,APPLIES_TO
RP_AIR_01,P616,APPLIES_TO
RP_AIR_01,P617,APPLIES_TO
RP_AIR_01,P618,APPLIES_TO
RP_AIR_01,P619,APPLIES_TO
RP_AIR_01,P620,APPLIES_TO
RP_AIR_01,P621,APPLIES_TO
RP_AIR_01,P622,APPLIES_TO
RP_AIR_01,P623,APPLIES_TO
RP_AIR_01,P624,APPLIES_TO
RP_AIR_01,P625,APPLIES_TO
RP_AIR_01,P626,APPLIES_TO
RP_AIR_01,P627,APPLIES_TO
RP_AIR_01,P628,APPLIES_TO
RP_AIR_01,P629,APPLIES_TO
RP_AIR_01,P630,APPLIES_TO
RP_AIR_01,P631,APPLIES_TO
RP_AIR_01,P632,APPLIES_TO
RP_AIR_01,P633,APPLIES_TO
RP_AIR_01,P634,APPLIES_TO
RP_AIR_01,P635,APPLIES_TO
RP_AIR_01,P636,APPLIES_TO
RP_AIR_01,P637,APPLIES_TO
RP_AIR_01,P638,APPLIES_TO
RP_AIR_01,P639,APPLIES_TO
RP_AIR_01,P640,APPLIES_TO
RP_AIR_01,P641,APPLIES_TO
RP_AIR_01,P642,APPLIES_TO
RP_AIR_01,P643,APPLIES_TO
RP_AIR_01,P648,APPLIES_TO
RP_AIR_01,P649,APPLIES_TO
RP_AIR_01,P650,APPLIES_TO
RP_AIR_01,P652,APPLIES_TO
RP_AIR_01,P653,APPLIES_TO
RP_AIR_01,P654,APPLIES_TO
RP_AIR_01,P655,APPLIES_TO
RP_AIR_01,P656,APPLIES_TO
RP_AIR_01,P657,APPLIES_TO
RP_AIR_01,P658,APPLIES_TO
RP_AIR_01,P659,APPLIES_TO
RP_AIR_01,P660,APPLIES_TO
RP_AIR_01,P661,APPLIES_TO
RP_AIR_01,P662,APPLIES_TO
RP_AIR_01,P663,APPLIES_TO
RP_AIR_01,P664,APPLIES_TO
RP_AIR_01,P665,APPLIES_TO
RP_AIR_01,P666,APPLIES_TO
RP_AIR_01,P667,APPLIES_TO
RP_AIR_01,P668,APPLIES_TO
RP_AIR_01,P669,APPLIES_TO
RP_AIR_01,P670,APPLIES_TO
RP_AIR_01,P671,APPLIES_TO
RP_AIR_01,P672,APPLIES_TO
RP_AIR_01,P673,APPLIES_TO
RP_AIR_01,P674,APPLIES_TO
RP_AIR_01,P683,APPLIES_TO
RP_AIR_01,P689,APPLIES_TO
RP_AIR_01,P703,APPLIES_TO
RP_AIR_01,P708,APPLIES_TO
RP_AIR_01,P712,APPLIES_TO
RP_AIR_01,P715,APPLIES_TO
RP_AIR_01,P716,APPLIES_TO
RP_AIR_01,P718,APPLIES_TO
RP_AIR_01,P719,APPLIES_TO
RP_AIR_01,P720,APPLIES_TO
RP_AIR_01,P721,APPLIES_TO
RP_AIR_01,P722,APPLIES_TO
RP_AIR_01,P723,APPLIES_TO
RP_AIR_01,P725,APPLIES_TO
RP_AIR_01,P726,APPLIES_TO
RP_AIR_01,P727,APPLIES_TO
RP_AIR_01,P728,APPLIES_TO
RP_AIR_01,P729,APPLIES_TO
RP_AIR_01,P730,APPLIES_TO
RP_AIR_01,P731,APPLIES_TO
RP_AIR_01,P732,APPLIES_TO
RP_AIR_01,P734,APPLIES_TO
RP_AIR_01,P735,APPLIES_TO
RP_AIR_01,P736,APPLIES_TO
RP_AIR_01,P737,APPLIES_TO
RP_AIR_01,P738,APPLIES_TO
RP_AIR_01,P739,APPLIES_TO
RP_AIR_01,P740,APPLIES_TO
RP_AIR_01,P741,APPLIES_TO
RP_AIR_01,P742,APPLIES_TO
RP_AIR_01,P743,APPLIES_TO
RP_AIR_01,P744,APPLIES_TO
RP_AIR_01,P745,APPLIES_TO
RP_AIR_01,P746,APPLIES_TO
RP_AIR_01,P747,APPLIES_TO
RP_AIR_01,P748,APPLIES_TO
RP_AIR_01,P749,APPLIES_TO
RP_AIR_01,P750,APPLIES_TO
RP_AIR_01,P751,APPLIES_TO
RP_AIR_01,P752,APPLIES_TO
RP_AIR_01,P753,APPLIES_TO
RP_AIR_01,P754,APPLIES_TO
RP_AIR_01,P755,APPLIES_TO
RP_AIR_01,P756,APPLIES_TO
RP_AIR_01,P757,APPLIES_TO
RP_AIR_01,P758,APPLIES_TO
RP_AIR_01,P759,APPLIES_TO
RP_AIR_01,P760,APPLIES_TO
RP_AIR_01,P761,APPLIES_TO
RP_AIR_01,P762,APPLIES_TO
RP_AIR_01,P763,APPLIES_TO
RP_AIR_01,P764,APPLIES_TO
RP_AIR_01,P765,APPLIES_TO
RP_AIR_01,P766,APPLIES_TO
RP_AIR_01,P767,APPLIES_TO
RP_AIR_01,P768,APPLIES_TO
RP_AIR_01,P769,APPLIES_TO
RP_AIR_01,P770,APPLIES_TO
RP_AIR_01,P771,APPLIES_TO
RP_AIR_01,P772,APPLIES_TO
RP_AIR_01,P773,APPLIES_TO
RP_AIR_01,P774,APPLIES_TO
RP_AIR_01,P775,APPLIES_TO
RP_AIR_01,P776,APPLIES_TO
RP_AIR_01,P777,APPLIES_TO
RP_AIR_01,P778,APPLIES_TO
RP_AIR_01,P779,APPLIES_TO
RP_AIR_01,P780,APPLIES_TO
RP_AIR_01,P781,APPLIES_TO
RP_AIR_01,P782,APPLIES_TO
RP_AIR_01,P783,APPLIES_TO
RP_AIR_01,P784,APPLIES_TO
RP_AIR_01,P785,APPLIES_TO
RP_AIR_01,P786,APPLIES_TO
RP_AIR_01,P787,APPLIES_TO
RP_AIR_01,P788,APPLIES_TO
RP_AIR_01,P789,APPLIES_TO
RP_AIR_01,P790,APPLIES_TO
RP_AIR_01,P791,APPLIES_TO
RP_AIR_01,P792,APPLIES_TO
RP_AIR_01,P793,APPLIES_TO
RP_AIR_01,P794,APPLIES_TO
RP_AIR_01,P795,APPLIES_TO
RP_AIR_01,P796,APPLIES_TO
RP_AIR_01,P797,APPLIES_TO
RP_AIR_01,P798,APPLIES_TO
RP_AIR_01,P799,APPLIES_TO
RP_AIR_01,P800,APPLIES_TO
RP_AIR_01,P801,APPLIES_TO
RP_AIR_01,P802,APPLIES_TO
RP_AIR_01,P803,APPLIES_TO
RP_AIR_01,P804,APPLIES_TO
RP_AIR_01,P805,APPLIES_TO
RP_AIR_01,P806,APPLIES_TO
RP_AIR_01,P807,APPLIES_TO
RP_AIR_01,P808,APPLIES_TO
RP_AIR_01,P809,APPLIES_TO
RP_AIR_01,P810,APPLIES_TO
RP_AIR_01,P811,APPLIES_TO
RP_AIR_01,P812,APPLIES_TO
RP_AIR_01,P813,APPLIES_TO
RP_AIR_01,P814,APPLIES_TO
RP_AIR_01,P815,APPLIES_TO
RP_AIR_01,P816,APPLIES_TO
RP_AIR_01,P817,APPLIES_TO
RP_AIR_01,P818,APPLIES_TO
RP_AIR_01,P819,APPLIES_TO
RP_AIR_01,P820,APPLIES_TO
RP_AIR_01,P821,APPLIES_TO
RP_AIR_01,P822,APPLIES_TO
RP_AIR_01,P823,APPLIES_TO
RP_AIR_01,P824,APPLIES_TO
RP_AIR_01,P825,APPLIES_TO
RP_AIR_01,P826,APPLIES_TO
RP_AIR_01,P827,APPLIES_TO
RP_AIR_01,P828,APPLIES_TO
RP_AIR_01,P829,APPLIES_TO
RP_AIR_01,P830,APPLIES_TO
RP_AIR_01,P831,APPLIES_TO
RP_AIR_01,P832,APPLIES_TO
RP_AIR_01,P833,APPLIES_TO
RP_AIR_01,P834,APPLIES_TO
RP_AIR_01,P835,APPLIES_TO
RP_AIR_01,P836,APPLIES_TO
RP_AIR_01,P837,APPLIES_TO
RP_AIR_01,P838,APPLIES_TO
RP_AIR_01,P839,APPLIES_TO
RP_AIR_01,P840,APPLIES_TO
RP_AIR_01,P841,APPLIES_TO
RP_AIR_01,P842,APPLIES_TO
RP_AIR_01,P843,APPLIES_TO
RP_AIR_01,P844,APPLIES_TO
RP_AIR_01,P845,APPLIES_TO
RP_AIR_01,P846,APPLIES_TO
RP_AIR_01,P847,APPLIES_TO
RP_AIR_01,P848,APPLIES_TO
RP_AIR_01,P849,APPLIES_TO
RP_AIR_01,P850,APPLIES_TO
RP_AIR_01,P851,APPLIES_TO
RP_AIR_01,P852,APPLIES_TO
RP_AIR_01,P853,APPLIES_TO
RP_AIR_01,P854,APPLIES_TO
RP_AIR_01,P855,APPLIES_TO
RP_AIR_01,P856,APPLIES_TO
RP_AIR_01,P857,APPLIES_TO
RP_AIR_01,P858,APPLIES_TO
RP_AIR_01,P859,APPLIES_TO
RP_AIR_01,P860,APPLIES_TO
RP_AIR_01,P861,APPLIES_TO
RP_AIR_01,P862,APPLIES_TO
RP_AIR_01,P863,APPLIES_TO
RP_AIR_01,P864,APPLIES_TO
RP_AIR_01,P865,APPLIES_TO
RP_AIR_01,P866,APPLIES_TO
RP_AIR_01,P867,APPLIES_TO
RP_AIR_01,P868,APPLIES_TO
RP_AIR_01,P869,APPLIES_TO
RP_AIR_01,P870,APPLIES_TO
RP_AIR_01,P871,APPLIES_TO
RP_AIR_01,P872,APPLIES_TO
RP_AIR_01,P873,APPLIES_TO
RP_AIR_01,P874,APPLIES_TO
RP_AIR_01,P875,APPLIES_TO
RP_AIR_01,P876,APPLIES_TO
RP_AIR_01,P877,APPLIES_TO
RP_AIR_01,P878,APPLIES_TO
RP_AIR_01,P879,APPLIES_TO
RP_AIR_01,P880,APPLIES_TO
RP_AIR_01,P881,APPLIES_TO
RP_AIR_01,P882,APPLIES_TO
RP_AIR_01,P883,APPLIES_TO
RP_AIR_01,P884,APPLIES_TO
RP_AIR_01,P885,APPLIES_TO
RP_AIR_01,P886,APPLIES_TO
RP_AIR_01,P887,APPLIES_TO
RP_AIR_01,P888,APPLIES_TO
RP_AIR_01,P889,APPLIES_TO
RP_AIR_01,P890,APPLIES_TO
RP_AIR_01,P891,APPLIES_TO
RP_AIR_01,P892,APPLIES_TO
RP_AIR_01,P893,APPLIES_TO
RP_AIR_01,P894,APPLIES_TO
RP_AIR_01,P895,APPLIES_TO
RP_AIR_01,P896,APPLIES_TO
RP_AIR_01,P897,APPLIES_TO
RP_AIR_01,P898,APPLIES_TO
RP_AIR_01,P899,APPLIES_TO
RP_AIR_01,P900,APPLIES_TO
RP_AIR_01,P901,APPLIES_TO
RP_AIR_01,P902,APPLIES_TO
RP_AIR_01,P903,APPLIES_TO
RP_AIR_01,P904,APPLIES_TO
RP_AIR_01,P905,APPLIES_TO
RP_AIR_01,P906,APPLIES_TO
RP_AIR_01,P907,APPLIES_TO
RP_AIR_01,P908,APPLIES_TO
RP_AIR_01,P909,APPLIES_TO
RP_AIR_01,P910,APPLIES_TO
RP_AIR_01,P911,APPLIES_TO
RP_AIR_01,P912,APPLIES_TO
RP_AIR_01,P913,APPLIES_TO
RP_AIR_01,P914,APPLIES_TO
RP_AIR_01,P915,APPLIES_TO
RP_AIR_01,P916,APPLIES_TO
RP_AIR_01,P917,APPLIES_TO
RP_AIR_01,P918,APPLIES_TO
RP_AIR_01,P919,APPLIES_TO
RP_AIR_01,P920,APPLIES_TO
RP_AIR_01,P921,APPLIES_TO
RP_AIR_01,P922,APPLIES_TO
RP_AIR_01,P923,APPLIES_TO
RP_AIR_01,P924,APPLIES_TO
RP_AIR_01,P925,APPLIES_TO
RP_AIR_01,P926,APPLIES_TO
RP_AIR_01,P927,APPLIES_TO
RP_AIR_01,P928,APPLIES_TO
RP_AIR_01,P929,APPLIES_TO
RP_AIR_01,P930,APPLIES_TO
RP_AIR_01,P931,APPLIES_TO
RP_AIR_01,P935,APPLIES_TO
RP_AIR_01,P936,APPLIES_TO
RP_AIR_01,P937,APPLIES_TO
RP_AIR_01,P938,APPLIES_TO
RP_AIR_01,P939,APPLIES_TO
RP_AIR_01,P940,APPLIES_TO
RP_AIR_01,P942,APPLIES_TO
RP_AIR_01,P943,APPLIES_TO
RP_AIR_01,P944,APPLIES_TO
RP_AIR_01,P945,APPLIES_TO
RP_AIR_01,P946,APPLIES_TO
RP_AIR_01,P947,APPLIES_TO
RP_AIR_01,P948,APPLIES_TO
RP_AIR_01,P949,APPLIES_TO
RP_AIR_01,P950,APPLIES_TO
RP_AIR_01,P951,APPLIES_TO
RP_AIR_01,P952,APPLIES_TO
RP_AIR_01,P954,APPLIES_TO
RP_AIR_01,P955,APPLIES_TO
RP_AIR_01,P956,APPLIES_TO
RP_AIR_01,P957,APPLIES_TO
RP_AIR_01,P958,APPLIES_TO
RP_AIR_01,P959,APPLIES_TO
RP_AIR_01,P960,APPLIES_TO
RP_AIR_01,P962,APPLIES_TO
RP_AIR_01,P963,APPLIES_TO
RP_AIR_01,P964,APPLIES_TO
RP_AIR_01,P965,APPLIES_TO
RP_AIR_01,P966,APPLIES_TO
RP_AIR_01,P967,APPLIES_TO
RP_AIR_01,P968,APPLIES_TO
RP_AIR_01,P969,APPLIES_TO
RP_AIR_01,P971,APPLIES_TO
RP_AIR_01,P972,APPLIES_TO
RP_AIR_01,P973,APPLIES_TO
RP_AIR_01,P975,APPLIES_TO
RP_AIR_01,P976,APPLIES_TO
RP_AIR_01,P977,APPLIES_TO
RP_AIR_01,P978,APPLIES_TO
RP_AIR_01,P979,APPLIES_TO
RP_AIR_01,P980,APPLIES_TO
RP_AIR_01,P981,APPLIES_TO
RP_AIR_01,P982,APPLIES_TO
RP_AIR_01,P983,APPLIES_TO
RP_AIR_01,P984,APPLIES_TO
RP_AIR_01,P985,APPLIES_TO
RP_AIR_01,P986,APPLIES_TO
RP_AIR_01,P987,APPLIES_TO
RP_AIR_01,P988,APPLIES_TO
RP_AIR_01,P989,APPLIES_TO
RP_AIR_01,P990,APPLIES_TO
RP_AIR_01,P991,APPLIES_TO
RP_AIR_01,P992,APPLIES_TO
RP_AIR_01,P993,APPLIES_TO
RP_AIR_01,P994,APPLIES_TO
RP_AIR_01,P995,APPLIES_TO
RP_AIR_01,P996,APPLIES_TO
RP_AIR_01,P997,APPLIES_TO
RP_AIR_01,P999,APPLIES_TO
RP_AIR_01,P1001,APPLIES_TO
RP_AIR_01,P1002,APPLIES_TO
RP_AIR_01,P1004,APPLIES_TO
RP_AIR_01,P1005,APPLIES_TO
RP_AIR_01,P1006,APPLIES_TO
RP_AIR_01,P1007,APPLIES_TO
RP_AIR_01,P1009,APPLIES_TO
RP_AIR_01,P1010,APPLIES_TO
RP_AIR_01,P1011,APPLIES_TO
RP_AIR_01,P1012,APPLIES_TO
RP_AIR_01,P1014,APPLIES_TO
RP_AIR_01,P1015,APPLIES_TO
RP_AIR_01,P1016,APPLIES_TO
RP_AIR_01,P1018,APPLIES_TO
RP_AIR_01,P1019,APPLIES_TO
RP_AIR_01,P1022,APPLIES_TO
RP_AIR_02,P002,APPLIES_TO
RP_AIR_02,P004,APPLIES_TO
RP_AIR_02,P005,APPLIES_TO
RP_AIR_02,P006,APPLIES_TO
RP_AIR_02,P008,APPLIES_TO
RP_AIR_02,P010,APPLIES_TO
RP_AIR_02,P011,APPLIES_TO
RP_AIR_02,P012,APPLIES_TO
RP_AIR_02,P013,APPLIES_TO
RP_AIR_02,P014,APPLIES_TO
RP_AIR_02,P015,APPLIES_TO
RP_AIR_02,P016,APPLIES_TO
RP_AIR_02,P017,APPLIES_TO
RP_AIR_02,P018,APPLIES_TO
RP_AIR_02,P020,APPLIES_TO
RP_AIR_02,P021,APPLIES_TO
RP_AIR_02,P022,APPLIES_TO
RP_AIR_02,P023,APPLIES_TO
RP_AIR_02,P024,APPLIES_TO
RP_AIR_02,P026,APPLIES_TO
RP_AIR_02,P028,APPLIES_TO
RP_AIR_02,P029,APPLIES_TO
RP_AIR_02,P030,APPLIES_TO
RP_AIR_02,P031,APPLIES_TO
RP_AIR_02,P035,APPLIES_TO
RP_AIR_02,P036,APPLIES_TO
RP_AIR_02,P037,APPLIES_TO
RP_AIR_02,P038,APPLIES_TO
RP_AIR_02,P043,APPLIES_TO
RP_AIR_02,P045,APPLIES_TO
RP_AIR_02,P046,APPLIES_TO
RP_AIR_02,P048,APPLIES_TO
RP_AIR_02,P049,APPLIES_TO
RP_AIR_02,P051,APPLIES_TO
RP_AIR_02,P052,APPLIES_TO
RP_AIR_02,P053,APPLIES_TO
RP_AIR_02,P054,APPLIES_TO
RP_AIR_02,P055,APPLIES_TO
RP_AIR_02,P056,APPLIES_TO
RP_AIR_02,P060,APPLIES_TO
RP_AIR_02,P061,APPLIES_TO
RP_AIR_02,P062,APPLIES_TO
RP_AIR_02,P064,APPLIES_TO
RP_AIR_02,P066,APPLIES_TO
RP_AIR_02,P067,APPLIES_TO
RP_AIR_02,P069,APPLIES_TO
RP_AIR_02,P070,APPLIES_TO
RP_AIR_02,P074,APPLIES_TO
RP_AIR_02,P075,APPLIES_TO
RP_AIR_02,P077,APPLIES_TO
RP_AIR_02,P079,APPLIES_TO
RP_AIR_02,P081,APPLIES_TO
RP_AIR_02,P082,APPLIES_TO
RP_AIR_02,P084,APPLIES_TO
RP_AIR_02,P085,APPLIES_TO
RP_AIR_02,P090,APPLIES_TO
RP_AIR_02,P091,APPLIES_TO
RP_AIR_02,P094,APPLIES_TO
RP_AIR_02,P095,APPLIES_TO
RP_AIR_02,P097,APPLIES_TO
RP_AIR_02,P098,APPLIES_TO
RP_AIR_02,P099,APPLIES_TO
RP_AIR_02,P100,APPLIES_TO
RP_AIR_02,P102,APPLIES_TO
RP_AIR_02,P103,APPLIES_TO
RP_AIR_02,P104,APPLIES_TO
RP_AIR_02,P105,APPLIES_TO
RP_AIR_02,P106,APPLIES_TO
RP_AIR_02,P107,APPLIES_TO
RP_AIR_02,P109,APPLIES_TO
RP_AIR_02,P110,APPLIES_TO
RP_AIR_02,P112,APPLIES_TO
RP_AIR_02,P115,APPLIES_TO
RP_AIR_02,P117,APPLIES_TO
RP_AIR_02,P120,APPLIES_TO
RP_AIR_02,P121,APPLIES_TO
RP_AIR_02,P125,APPLIES_TO
RP_AIR_02,P126,APPLIES_TO
RP_AIR_02,P127,APPLIES_TO
RP_AIR_02,P128,APPLIES_TO
RP_AIR_02,P129,APPLIES_TO
RP_AIR_02,P130,APPLIES_TO
RP_AIR_02,P133,APPLIES_TO
RP_AIR_02,P138,APPLIES_TO
RP_AIR_02,P139,APPLIES_TO
RP_AIR_02,P140,APPLIES_TO
RP_AIR_02,P141,APPLIES_TO
RP_AIR_02,P142,APPLIES_TO
RP_AIR_02,P143,APPLIES_TO
RP_AIR_02,P144,APPLIES_TO
RP_AIR_02,P145,APPLIES_TO
RP_AIR_02,P146,APPLIES_TO
RP_AIR_02,P147,APPLIES_TO
RP_AIR_02,P148,APPLIES_TO
RP_AIR_02,P149,APPLIES_TO
RP_AIR_02,P152,APPLIES_TO
RP_AIR_02,P153,APPLIES_TO
RP_AIR_02,P157,APPLIES_TO
RP_AIR_02,P158,APPLIES_TO
RP_AIR_02,P159,APPLIES_TO
RP_AIR_02,P160,APPLIES_TO
RP_AIR_02,P161,APPLIES_TO
RP_AIR_02,P162,APPLIES_TO
RP_AIR_02,P163,APPLIES_TO
RP_AIR_02,P165,APPLIES_TO
RP_AIR_02,P167,APPLIES_TO
RP_AIR_02,P168,APPLIES_TO
RP_AIR_02,P170,APPLIES_TO
RP_AIR_02,P171,APPLIES_TO
RP_AIR_02,P172,APPLIES_TO
RP_AIR_02,P173,APPLIES_TO
RP_AIR_02,P174,APPLIES_TO
RP_AIR_02,P175,APPLIES_TO
RP_AIR_02,P178,APPLIES_TO
RP_AIR_02,P179,APPLIES_TO
RP_AIR_02,P182,APPLIES_TO
RP_AIR_02,P183,APPLIES_TO
RP_AIR_02,P184,APPLIES_TO
RP_AIR_02,P186,APPLIES_TO
RP_AIR_02,P187,APPLIES_TO
RP_AIR_02,P188,APPLIES_TO
RP_AIR_02,P189,APPLIES_TO
RP_AIR_02,P190,APPLIES_TO
RP_AIR_02,P191,APPLIES_TO
RP_AIR_02,P194,APPLIES_TO
RP_AIR_02,P195,APPLIES_TO
RP_AIR_02,P196,APPLIES_TO
RP_AIR_02,P197,APPLIES_TO
RP_AIR_02,P198,APPLIES_TO
RP_AIR_02,P201,APPLIES_TO
RP_AIR_02,P202,APPLIES_TO
RP_AIR_02,P203,APPLIES_TO
RP_AIR_02,P204,APPLIES_TO
RP_AIR_02,P205,APPLIES_TO
RP_AIR_02,P206,APPLIES_TO
RP_AIR_02,P207,APPLIES_TO
RP_AIR_02,P209,APPLIES_TO
RP_AIR_02,P210,APPLIES_TO
RP_AIR_02,P211,APPLIES_TO
RP_AIR_02,P213,APPLIES_TO
RP_AIR_02,P214,APPLIES_TO
RP_AIR_02,P215,APPLIES_TO
RP_AIR_02,P216,APPLIES_TO
RP_AIR_02,P217,APPLIES_TO
RP_AIR_02,P218,APPLIES_TO
RP_AIR_02,P219,APPLIES_TO
RP_AIR_02,P220,APPLIES_TO
RP_AIR_02,P222,APPLIES_TO
RP_AIR_02,P223,APPLIES_TO
RP_AIR_02,P224,APPLIES_TO
RP_AIR_02,P225,APPLIES_TO
RP_AIR_02,P226,APPLIES_TO
RP_AIR_02,P227,APPLIES_TO
RP_AIR_02,P228,APPLIES_TO
RP_AIR_02,P229,APPLIES_TO
RP_AIR_02,P230,APPLIES_TO
RP_AIR_02,P231,APPLIES_TO
RP_AIR_02,P232,APPLIES_TO
RP_AIR_02,P233,APPLIES_TO
RP_AIR_02,P234,APPLIES_TO
RP_AIR_02,P235,APPLIES_TO
RP_AIR_02,P236,APPLIES_TO
RP_AIR_02,P237,APPLIES_TO
RP_AIR_02,P238,APPLIES_TO
RP_AIR_02,P239,APPLIES_TO
RP_AIR_02,P240,APPLIES_TO
RP_AIR_02,P241,APPLIES_TO
RP_AIR_02,P242,APPLIES_TO
RP_AIR_02,P244,APPLIES_TO
RP_AIR_02,P245,APPLIES_TO
RP_AIR_02,P246,APPLIES_TO
RP_AIR_02,P247,APPLIES_TO
RP_AIR_02,P248,APPLIES_TO
RP_AIR_02,P249,APPLIES_TO
RP_AIR_02,P250,APPLIES_TO
RP_AIR_02,P251,APPLIES_TO
RP_AIR_02,P252,APPLIES_TO
RP_AIR_02,P253,APPLIES_TO
RP_AIR_02,P254,APPLIES_TO
RP_AIR_02,P255,APPLIES_TO
RP_AIR_02,P256,APPLIES_TO
RP_AIR_02,P257,APPLIES_TO
RP_AIR_02,P258,APPLIES_TO
RP_AIR_02,P259,APPLIES_TO
RP_AIR_02,P260,APPLIES_TO
RP_AIR_02,P261,APPLIES_TO
RP_AIR_02,P262,APPLIES_TO
RP_AIR_02,P263,APPLIES_TO
RP_AIR_02,P265,APPLIES_TO
RP_AIR_02,P266,APPLIES_TO
RP_AIR_02,P267,APPLIES_TO
RP_AIR_02,P268,APPLIES_TO
RP_AIR_02,P269,APPLIES_TO
RP_AIR_02,P270,APPLIES_TO
RP_AIR_02,P272,APPLIES_TO
RP_AIR_02,P275,APPLIES_TO
RP_AIR_02,P276,APPLIES_TO
RP_AIR_02,P277,APPLIES_TO
RP_AIR_02,P278,APPLIES_TO
RP_AIR_02,P279,APPLIES_TO
RP_AIR_02,P280,APPLIES_TO
RP_AIR_02,P281,APPLIES_TO
RP_AIR_02,P282,APPLIES_TO
RP_AIR_02,P284,APPLIES_TO
RP_AIR_02,P285,APPLIES_TO
RP_AIR_02,P286,APPLIES_TO
RP_AIR_02,P287,APPLIES_TO
RP_AIR_02,P288,APPLIES_TO
RP_AIR_02,P289,APPLIES_TO
RP_AIR_02,P290,APPLIES_TO
RP_AIR_02,P293,APPLIES_TO
RP_AIR_02,P295,APPLIES_TO
RP_AIR_02,P296,APPLIES_TO
RP_AIR_02,P297,APPLIES_TO
RP_AIR_02,P298,APPLIES_TO
RP_AIR_02,P300,APPLIES_TO
RP_AIR_02,P301,APPLIES_TO
RP_AIR_02,P302,APPLIES_TO
RP_AIR_02,P304,APPLIES_TO
RP_AIR_02,P306,APPLIES_TO
RP_AIR_02,P307,APPLIES_TO
RP_AIR_02,P308,APPLIES_TO
RP_AIR_02,P309,APPLIES_TO
RP_AIR_02,P310,APPLIES_TO
RP_AIR_02,P311,APPLIES_TO
RP_AIR_02,P312,APPLIES_TO
RP_AIR_02,P313,APPLIES_TO
RP_AIR_02,P314,APPLIES_TO
RP_AIR_02,P315,APPLIES_TO
RP_AIR_02,P316,APPLIES_TO
RP_AIR_02,P317,APPLIES_TO
RP_AIR_02,P318,APPLIES_TO
RP_AIR_02,P319,APPLIES_TO
RP_AIR_02,P320,APPLIES_TO
RP_AIR_02,P321,APPLIES_TO
RP_AIR_02,P322,APPLIES_TO
RP_AIR_02,P323,APPLIES_TO
RP_AIR_02,P324,APPLIES_TO
RP_AIR_02,P325,APPLIES_TO
RP_AIR_02,P326,APPLIES_TO
RP_AIR_02,P327,APPLIES_TO
RP_AIR_02,P328,APPLIES_TO
RP_AIR_02,P329,APPLIES_TO
RP_AIR_02,P330,APPLIES_TO
RP_AIR_02,P331,APPLIES_TO
RP_AIR_02,P332,APPLIES_TO
RP_AIR_02,P333,APPLIES_TO
RP_AIR_02,P334,APPLIES_TO
RP_AIR_02,P335,APPLIES_TO
RP_AIR_02,P336,APPLIES_TO
RP_AIR_02,P337,APPLIES_TO
RP_AIR_02,P338,APPLIES_TO
RP_AIR_02,P339,APPLIES_TO
RP_AIR_02,P340,APPLIES_TO
RP_AIR_02,P341,APPLIES_TO
RP_AIR_02,P342,APPLIES_TO
RP_AIR_02,P343,APPLIES_TO
RP_AIR_02,P344,APPLIES_TO
RP_AIR_02,P347,APPLIES_TO
RP_AIR_02,P348,APPLIES_TO
RP_AIR_02,P349,APPLIES_TO
RP_AIR_02,P350,APPLIES_TO
RP_AIR_02,P351,APPLIES_TO
RP_AIR_02,P353,APPLIES_TO
RP_AIR_02,P354,APPLIES_TO
RP_AIR_02,P355,APPLIES_TO
RP_AIR_02,P356,APPLIES_TO
RP_AIR_02,P357,APPLIES_TO
RP_AIR_02,P358,APPLIES_TO
RP_AIR_02,P359,APPLIES_TO
RP_AIR_02,P360,APPLIES_TO
RP_AIR_02,P361,APPLIES_TO
RP_AIR_02,P362,APPLIES_TO
RP_AIR_02,P363,APPLIES_TO
RP_AIR_02,P366,APPLIES_TO
RP_AIR_02,P367,APPLIES_TO
RP_AIR_02,P368,APPLIES_TO
RP_AIR_02,P369,APPLIES_TO
RP_AIR_02,P371,APPLIES_TO
RP_AIR_02,P372,APPLIES_TO
RP_AIR_02,P373,APPLIES_TO
RP_AIR_02,P374,APPLIES_TO
RP_AIR_02,P376,APPLIES_TO
RP_AIR_02,P377,APPLIES_TO
RP_AIR_02,P378,APPLIES_TO
RP_AIR_02,P379,APPLIES_TO
RP_AIR_02,P380,APPLIES_TO
RP_AIR_02,P381,APPLIES_TO
RP_AIR_02,P382,APPLIES_TO
RP_AIR_02,P383,APPLIES_TO
RP_AIR_02,P384,APPLIES_TO
RP_AIR_02,P385,APPLIES_TO
RP_AIR_02,P387,APPLIES_TO
RP_AIR_02,P388,APPLIES_TO
RP_AIR_02,P390,APPLIES_TO
RP_AIR_02,P391,APPLIES_TO
RP_AIR_02,P392,APPLIES_TO
RP_AIR_02,P394,APPLIES_TO
RP_AIR_02,P396,APPLIES_TO
RP_AIR_02,P398,APPLIES_TO
RP_AIR_02,P399,APPLIES_TO
RP_AIR_02,P400,APPLIES_TO
RP_AIR_02,P401,APPLIES_TO
RP_AIR_02,P402,APPLIES_TO
RP_AIR_02,P403,APPLIES_TO
RP_AIR_02,P404,APPLIES_TO
RP_AIR_02,P405,APPLIES_TO
RP_AIR_02,P406,APPLIES_TO
RP_AIR_02,P407,APPLIES_TO
RP_AIR_02,P408,APPLIES_TO
RP_AIR_02,P409,APPLIES_TO
RP_AIR_02,P410,APPLIES_TO
RP_AIR_02,P411,APPLIES_TO
RP_AIR_02,P412,APPLIES_TO
RP_AIR_02,P414,APPLIES_TO
RP_AIR_02,P415,APPLIES_TO
RP_AIR_02,P416,APPLIES_TO
RP_AIR_02,P417,APPLIES_TO
RP_AIR_02,P418,APPLIES_TO
RP_AIR_02,P419,APPLIES_TO
RP_AIR_02,P420,APPLIES_TO
RP_AIR_02,P421,APPLIES_TO
RP_AIR_02,P422,APPLIES_TO
RP_AIR_02,P423,APPLIES_TO
RP_AIR_02,P424,APPLIES_TO
RP_AIR_02,P426,APPLIES_TO
RP_AIR_02,P427,APPLIES_TO
RP_AIR_02,P429,APPLIES_TO
RP_AIR_02,P430,APPLIES_TO
RP_AIR_02,P431,APPLIES_TO
RP_AIR_02,P432,APPLIES_TO
RP_AIR_02,P433,APPLIES_TO
RP_AIR_02,P434,APPLIES_TO
RP_AIR_02,P435,APPLIES_TO
RP_AIR_02,P436,APPLIES_TO
RP_AIR_02,P437,APPLIES_TO
RP_AIR_02,P438,APPLIES_TO
RP_AIR_02,P439,APPLIES_TO
RP_AIR_02,P440,APPLIES_TO
RP_AIR_02,P441,APPLIES_TO
RP_AIR_02,P442,APPLIES_TO
RP_AIR_02,P443,APPLIES_TO
RP_AIR_02,P445,APPLIES_TO
RP_AIR_02,P446,APPLIES_TO
RP_AIR_02,P447,APPLIES_TO
RP_AIR_02,P448,APPLIES_TO
RP_AIR_02,P449,APPLIES_TO
RP_AIR_02,P450,APPLIES_TO
RP_AIR_02,P452,APPLIES_TO
RP_AIR_02,P453,APPLIES_TO
RP_AIR_02,P454,APPLIES_TO
RP_AIR_02,P455,APPLIES_TO
RP_AIR_02,P456,APPLIES_TO
RP_AIR_02,P457,APPLIES_TO
RP_AIR_02,P458,APPLIES_TO
RP_AIR_02,P459,APPLIES_TO
RP_AIR_02,P460,APPLIES_TO
RP_AIR_02,P462,APPLIES_TO
RP_AIR_02,P463,APPLIES_TO
RP_AIR_02,P465,APPLIES_TO
RP_AIR_02,P466,APPLIES_TO
RP_AIR_02,P467,APPLIES_TO
RP_AIR_02,P469,APPLIES_TO
RP_AIR_02,P470,APPLIES_TO
RP_AIR_02,P472,APPLIES_TO
RP_AIR_02,P476,APPLIES_TO
RP_AIR_02,P477,APPLIES_TO
RP_AIR_02,P478,APPLIES_TO
RP_AIR_02,P479,APPLIES_TO
RP_AIR_02,P480,APPLIES_TO
RP_AIR_02,P482,APPLIES_TO
RP_AIR_02,P483,APPLIES_TO
RP_AIR_02,P484,APPLIES_TO
RP_AIR_02,P485,APPLIES_TO
RP_AIR_02,P486,APPLIES_TO
RP_AIR_02,P487,APPLIES_TO
RP_AIR_02,P488,APPLIES_TO
RP_AIR_02,P489,APPLIES_TO
RP_AIR_02,P490,APPLIES_TO
RP_AIR_02,P491,APPLIES_TO
RP_AIR_02,P492,APPLIES_TO
RP_AIR_02,P493,APPLIES_TO
RP_AIR_02,P494,APPLIES_TO
RP_AIR_02,P495,APPLIES_TO
RP_AIR_02,P497,APPLIES_TO
RP_AIR_02,P498,APPLIES_TO
RP_AIR_02,P499,APPLIES_TO
RP_AIR_02,P501,APPLIES_TO
RP_AIR_02,P502,APPLIES_TO
RP_AIR_02,P503,APPLIES_TO
RP_AIR_02,P504,APPLIES_TO
RP_AIR_02,P505,APPLIES_TO
RP_AIR_02,P506,APPLIES_TO
RP_AIR_02,P507,APPLIES_TO
RP_AIR_02,P508,APPLIES_TO
RP_AIR_02,P509,APPLIES_TO
RP_AIR_02,P510,APPLIES_TO
RP_AIR_02,P513,APPLIES_TO
RP_AIR_02,P514,APPLIES_TO
RP_AIR_02,P515,APPLIES_TO
RP_AIR_02,P516,APPLIES_TO
RP_AIR_02,P517,APPLIES_TO
RP_AIR_02,P519,APPLIES_TO
RP_AIR_02,P520,APPLIES_TO
RP_AIR_02,P521,APPLIES_TO
RP_AIR_02,P523,APPLIES_TO
RP_AIR_02,P524,APPLIES_TO
RP_AIR_02,P525,APPLIES_TO
RP_AIR_02,P526,APPLIES_TO
RP_AIR_02,P527,APPLIES_TO
RP_AIR_02,P531,APPLIES_TO
RP_AIR_02,P532,APPLIES_TO
RP_AIR_02,P534,APPLIES_TO
RP_AIR_02,P536,APPLIES_TO
RP_AIR_02,P537,APPLIES_TO
RP_AIR_02,P538,APPLIES_TO
RP_AIR_02,P539,APPLIES_TO
RP_AIR_02,P540,APPLIES_TO
RP_AIR_02,P541,APPLIES_TO
RP_AIR_02,P542,APPLIES_TO
RP_AIR_02,P543,APPLIES_TO
RP_AIR_02,P545,APPLIES_TO
RP_AIR_02,P546,APPLIES_TO
RP_AIR_02,P547,APPLIES_TO
RP_AIR_02,P548,APPLIES_TO
RP_AIR_02,P549,APPLIES_TO
RP_AIR_02,P550,APPLIES_TO
RP_AIR_02,P551,APPLIES_TO
RP_AIR_02,P552,APPLIES_TO
RP_AIR_02,P553,APPLIES_TO
RP_AIR_02,P554,APPLIES_TO
RP_AIR_02,P555,APPLIES_TO
RP_AIR_02,P556,APPLIES_TO
RP_AIR_02,P557,APPLIES_TO
RP_AIR_02,P558,APPLIES_TO
RP_AIR_02,P559,APPLIES_TO
RP_AIR_02,P560,APPLIES_TO
RP_AIR_02,P561,APPLIES_TO
RP_AIR_02,P562,APPLIES_TO
RP_AIR_02,P563,APPLIES_TO
RP_AIR_02,P564,APPLIES_TO
RP_AIR_02,P565,APPLIES_TO
RP_AIR_02,P566,APPLIES_TO
RP_AIR_02,P567,APPLIES_TO
RP_AIR_02,P568,APPLIES_TO
RP_AIR_02,P569,APPLIES_TO
RP_AIR_02,P570,APPLIES_TO
RP_AIR_02,P571,APPLIES_TO
RP_AIR_02,P572,APPLIES_TO
RP_AIR_02,P573,APPLIES_TO
RP_AIR_02,P574,APPLIES_TO
RP_AIR_02,P575,APPLIES_TO
RP_AIR_02,P576,APPLIES_TO
RP_AIR_02,P577,APPLIES_TO
RP_AIR_02,P578,APPLIES_TO
RP_AIR_02,P579,APPLIES_TO
RP_AIR_02,P580,APPLIES_TO
RP_AIR_02,P581,APPLIES_TO
RP_AIR_02,P582,APPLIES_TO
RP_AIR_02,P583,APPLIES_TO
RP_AIR_02,P584,APPLIES_TO
RP_AIR_02,P585,APPLIES_TO
RP_AIR_02,P586,APPLIES_TO
RP_AIR_02,P587,APPLIES_TO
RP_AIR_02,P588,APPLIES_TO
RP_AIR_02,P589,APPLIES_TO
RP_AIR_02,P590,APPLIES_TO
RP_AIR_02,P591,APPLIES_TO
RP_AIR_02,P592,APPLIES_TO
RP_AIR_02,P593,APPLIES_TO
RP_AIR_02,P594,APPLIES_TO
RP_AIR_02,P595,APPLIES_TO
RP_AIR_02,P596,APPLIES_TO
RP_AIR_02,P597,APPLIES_TO
RP_AIR_02,P598,APPLIES_TO
RP_AIR_02,P599,APPLIES_TO
RP_AIR_02,P600,APPLIES_TO
RP_AIR_02,P601,APPLIES_TO
RP_AIR_02,P602,APPLIES_TO
RP_AIR_02,P603,APPLIES_TO
RP_AIR_02,P604,APPLIES_TO
RP_AIR_02,P605,APPLIES_TO
RP_AIR_02,P606,APPLIES_TO
RP_AIR_02,P607,APPLIES_TO
RP_AIR_02,P608,APPLIES_TO
RP_AIR_02,P609,APPLIES_TO
RP_AIR_02,P610,APPLIES_TO
RP_AIR_02,P611,APPLIES_TO
RP_AIR_02,P612,APPLIES_TO
RP_AIR_02,P613,APPLIES_TO
RP_AIR_02,P614,APPLIES_TO
RP_AIR_02,P615,APPLIES_TO
RP_AIR_02,P616,APPLIES_TO
RP_AIR_02,P617,APPLIES_TO
RP_AIR_02,P618,APPLIES_TO
RP_AIR_02,P619,APPLIES_TO
RP_AIR_02,P620,APPLIES_TO
RP_AIR_02,P621,APPLIES_TO
RP_AIR_02,P622,APPLIES_TO
RP_AIR_02,P623,APPLIES_TO
RP_AIR_02,P624,APPLIES_TO
RP_AIR_02,P625,APPLIES_TO
RP_AIR_02,P626,APPLIES_TO
RP_AIR_02,P627,APPLIES_TO
RP_AIR_02,P628,APPLIES_TO
RP_AIR_02,P629,APPLIES_TO
RP_AIR_02,P630,APPLIES_TO
RP_AIR_02,P631,APPLIES_TO
RP_AIR_02,P632,APPLIES_TO
RP_AIR_02,P633,APPLIES_TO
RP_AIR_02,P634,APPLIES_TO
RP_AIR_02,P635,APPLIES_TO
RP_AIR_02,P636,APPLIES_TO
RP_AIR_02,P637,APPLIES_TO
RP_AIR_02,P638,APPLIES_TO
RP_AIR_02,P639,APPLIES_TO
RP_AIR_02,P640,APPLIES_TO
RP_AIR_02,P641,APPLIES_TO
RP_AIR_02,P642,APPLIES_TO
RP_AIR_02,P643,APPLIES_TO
RP_AIR_02,P648,APPLIES_TO
RP_AIR_02,P649,APPLIES_TO
RP_AIR_02,P650,APPLIES_TO
RP_AIR_02,P652,APPLIES_TO
RP_AIR_02,P653,APPLIES_TO
RP_AIR_02,P654,APPLIES_TO
RP_AIR_02,P655,APPLIES_TO
RP_AIR_02,P656,APPLIES_TO
RP_AIR_02,P657,APPLIES_TO
RP_AIR_02,P658,APPLIES_TO
RP_AIR_02,P659,APPLIES_TO
RP_AIR_02,P660,APPLIES_TO
RP_AIR_02,P661,APPLIES_TO
RP_AIR_02,P662,APPLIES_TO
RP_AIR_02,P663,APPLIES_TO
RP_AIR_02,P664,APPLIES_TO
RP_AIR_02,P665,APPLIES_TO
RP_AIR_02,P666,APPLIES_TO
RP_AIR_02,P667,APPLIES_TO
RP_AIR_02,P668,APPLIES_TO
RP_AIR_02,P669,APPLIES_TO
RP_AIR_02,P670,APPLIES_TO
RP_AIR_02,P671,APPLIES_TO
RP_AIR_02,P672,APPLIES_TO
RP_AIR_02,P673,APPLIES_TO
RP_AIR_02,P674,APPLIES_TO
RP_AIR_02,P683,APPLIES_TO
RP_AIR_02,P689,APPLIES_TO
RP_AIR_02,P703,APPLIES_TO
RP_AIR_02,P708,APPLIES_TO
RP_AIR_02,P712,APPLIES_TO
RP_AIR_02,P715,APPLIES_TO
RP_AIR_02,P716,APPLIES_TO
RP_AIR_02,P718,APPLIES_TO
RP_AIR_02,P719,APPLIES_TO
RP_AIR_02,P720,APPLIES_TO
RP_AIR_02,P721,APPLIES_TO
RP_AIR_02,P722,APPLIES_TO
RP_AIR_02,P723,APPLIES_TO
RP_AIR_02,P725,APPLIES_TO
RP_AIR_02,P726,APPLIES_TO
RP_AIR_02,P727,APPLIES_TO
RP_AIR_02,P728,APPLIES_TO
RP_AIR_02,P729,APPLIES_TO
RP_AIR_02,P730,APPLIES_TO
RP_AIR_02,P731,APPLIES_TO
RP_AIR_02,P732,APPLIES_TO
RP_AIR_02,P734,APPLIES_TO
RP_AIR_02,P735,APPLIES_TO
RP_AIR_02,P736,APPLIES_TO
RP_AIR_02,P737,APPLIES_TO
RP_AIR_02,P738,APPLIES_TO
RP_AIR_02,P739,APPLIES_TO
RP_AIR_02,P740,APPLIES_TO
RP_AIR_02,P741,APPLIES_TO
RP_AIR_02,P742,APPLIES_TO
RP_AIR_02,P743,APPLIES_TO
RP_AIR_02,P744,APPLIES_TO
RP_AIR_02,P745,APPLIES_TO
RP_AIR_02,P746,APPLIES_TO
RP_AIR_02,P747,APPLIES_TO
RP_AIR_02,P748,APPLIES_TO
RP_AIR_02,P749,APPLIES_TO
RP_AIR_02,P750,APPLIES_TO
RP_AIR_02,P751,APPLIES_TO
RP_AIR_02,P752,APPLIES_TO
RP_AIR_02,P753,APPLIES_TO
RP_AIR_02,P754,APPLIES_TO
RP_AIR_02,P755,APPLIES_TO
RP_AIR_02,P756,APPLIES_TO
RP_AIR_02,P757,APPLIES_TO
RP_AIR_02,P758,APPLIES_TO
RP_AIR_02,P759,APPLIES_TO
RP_AIR_02,P760,APPLIES_TO
RP_AIR_02,P761,APPLIES_TO
RP_AIR_02,P762,APPLIES_TO
RP_AIR_02,P763,APPLIES_TO
RP_AIR_02,P764,APPLIES_TO
RP_AIR_02,P765,APPLIES_TO
RP_AIR_02,P766,APPLIES_TO
RP_AIR_02,P767,APPLIES_TO
RP_AIR_02,P768,APPLIES_TO
RP_AIR_02,P769,APPLIES_TO
RP_AIR_02,P770,APPLIES_TO
RP_AIR_02,P771,APPLIES_TO
RP_AIR_02,P772,APPLIES_TO
RP_AIR_02,P773,APPLIES_TO
RP_AIR_02,P774,APPLIES_TO
RP_AIR_02,P775,APPLIES_TO
RP_AIR_02,P776,APPLIES_TO
RP_AIR_02,P777,APPLIES_TO
RP_AIR_02,P778,APPLIES_TO
RP_AIR_02,P779,APPLIES_TO
RP_AIR_02,P780,APPLIES_TO
RP_AIR_02,P781,APPLIES_TO
RP_AIR_02,P782,APPLIES_TO
RP_AIR_02,P783,APPLIES_TO
RP_AIR_02,P784,APPLIES_TO
RP_AIR_02,P785,APPLIES_TO
RP_AIR_02,P786,APPLIES_TO
RP_AIR_02,P787,APPLIES_TO
RP_AIR_02,P788,APPLIES_TO
RP_AIR_02,P789,APPLIES_TO
RP_AIR_02,P790,APPLIES_TO
RP_AIR_02,P791,APPLIES_TO
RP_AIR_02,P792,APPLIES_TO
RP_AIR_02,P793,APPLIES_TO
RP_AIR_02,P794,APPLIES_TO
RP_AIR_02,P795,APPLIES_TO
RP_AIR_02,P796,APPLIES_TO
RP_AIR_02,P797,APPLIES_TO
RP_AIR_02,P798,APPLIES_TO
RP_AIR_02,P799,APPLIES_TO
RP_AIR_02,P800,APPLIES_TO
RP_AIR_02,P801,APPLIES_TO
RP_AIR_02,P802,APPLIES_TO
RP_AIR_02,P803,APPLIES_TO
RP_AIR_02,P804,APPLIES_TO
RP_AIR_02,P805,APPLIES_TO
RP_AIR_02,P806,APPLIES_TO
RP_AIR_02,P807,APPLIES_TO
RP_AIR_02,P808,APPLIES_TO
RP_AIR_02,P809,APPLIES_TO
RP_AIR_02,P810,APPLIES_TO
RP_AIR_02,P811,APPLIES_TO
RP_AIR_02,P812,APPLIES_TO
RP_AIR_02,P813,APPLIES_TO
RP_AIR_02,P814,APPLIES_TO
RP_AIR_02,P815,APPLIES_TO
RP_AIR_02,P816,APPLIES_TO
RP_AIR_02,P817,APPLIES_TO
RP_AIR_02,P818,APPLIES_TO
RP_AIR_02,P819,APPLIES_TO
RP_AIR_02,P820,APPLIES_TO
RP_AIR_02,P821,APPLIES_TO
RP_AIR_02,P822,APPLIES_TO
RP_AIR_02,P823,APPLIES_TO
RP_AIR_02,P824,APPLIES_TO
RP_AIR_02,P825,APPLIES_TO
RP_AIR_02,P826,APPLIES_TO
RP_AIR_02,P827,APPLIES_TO
RP_AIR_02,P828,APPLIES_TO
RP_AIR_02,P829,APPLIES_TO
RP_AIR_02,P830,APPLIES_TO
RP_AIR_02,P831,APPLIES_TO
RP_AIR_02,P832,APPLIES_TO
RP_AIR_02,P833,APPLIES_TO
RP_AIR_02,P834,APPLIES_TO
RP_AIR_02,P835,APPLIES_TO
RP_AIR_02,P836,APPLIES_TO
RP_AIR_02,P837,APPLIES_TO
RP_AIR_02,P838,APPLIES_TO
RP_AIR_02,P839,APPLIES_TO
RP_AIR_02,P840,APPLIES_TO
RP_AIR_02,P841,APPLIES_TO
RP_AIR_02,P842,APPLIES_TO
RP_AIR_02,P843,APPLIES_TO
RP_AIR_02,P844,APPLIES_TO
RP_AIR_02,P845,APPLIES_TO
RP_AIR_02,P846,APPLIES_TO
RP_AIR_02,P847,APPLIES_TO
RP_AIR_02,P848,APPLIES_TO
RP_AIR_02,P849,APPLIES_TO
RP_AIR_02,P850,APPLIES_TO
RP_AIR_02,P851,APPLIES_TO
RP_AIR_02,P852,APPLIES_TO
RP_AIR_02,P853,APPLIES_TO
RP_AIR_02,P854,APPLIES_TO
RP_AIR_02,P855,APPLIES_TO
RP_AIR_02,P856,APPLIES_TO
RP_AIR_02,P857,APPLIES_TO
RP_AIR_02,P858,APPLIES_TO
RP_AIR_02,P859,APPLIES_TO
RP_AIR_02,P860,APPLIES_TO
RP_AIR_02,P861,APPLIES_TO
RP_AIR_02,P862,APPLIES_TO
RP_AIR_02,P863,APPLIES_TO
RP_AIR_02,P864,APPLIES_TO
RP_AIR_02,P865,APPLIES_TO
RP_AIR_02,P866,APPLIES_TO
RP_AIR_02,P867,APPLIES_TO
RP_AIR_02,P868,APPLIES_TO
RP_AIR_02,P869,APPLIES_TO
RP_AIR_02,P870,APPLIES_TO
RP_AIR_02,P871,APPLIES_TO
RP_AIR_02,P872,APPLIES_TO
RP_AIR_02,P873,APPLIES_TO
RP_AIR_02,P874,APPLIES_TO
RP_AIR_02,P875,APPLIES_TO
RP_AIR_02,P876,APPLIES_TO
RP_AIR_02,P877,APPLIES_TO
RP_AIR_02,P878,APPLIES_TO
RP_AIR_02,P879,APPLIES_TO
RP_AIR_02,P880,APPLIES_TO
RP_AIR_02,P881,APPLIES_TO
RP_AIR_02,P882,APPLIES_TO
RP_AIR_02,P883,APPLIES_TO
RP_AIR_02,P884,APPLIES_TO
RP_AIR_02,P885,APPLIES_TO
RP_AIR_02,P886,APPLIES_TO
RP_AIR_02,P887,APPLIES_TO
RP_AIR_02,P888,APPLIES_TO
RP_AIR_02,P889,APPLIES_TO
RP_AIR_02,P890,APPLIES_TO
RP_AIR_02,P891,APPLIES_TO
RP_AIR_02,P892,APPLIES_TO
RP_AIR_02,P893,APPLIES_TO
RP_AIR_02,P894,APPLIES_TO
RP_AIR_02,P895,APPLIES_TO
RP_AIR_02,P896,APPLIES_TO
RP_AIR_02,P897,APPLIES_TO
RP_AIR_02,P898,APPLIES_TO
RP_AIR_02,P899,APPLIES_TO
RP_AIR_02,P900,APPLIES_TO
RP_AIR_02,P901,APPLIES_TO
RP_AIR_02,P902,APPLIES_TO
RP_AIR_02,P903,APPLIES_TO
RP_AIR_02,P904,APPLIES_TO
RP_AIR_02,P905,APPLIES_TO
RP_AIR_02,P906,APPLIES_TO
RP_AIR_02,P907,APPLIES_TO
RP_AIR_02,P908,APPLIES_TO
RP_AIR_02,P909,APPLIES_TO
RP_AIR_02,P910,APPLIES_TO
RP_AIR_02,P911,APPLIES_TO
RP_AIR_02,P912,APPLIES_TO
RP_AIR_02,P913,APPLIES_TO
RP_AIR_02,P914,APPLIES_TO
RP_AIR_02,P915,APPLIES_TO
RP_AIR_02,P916,APPLIES_TO
RP_AIR_02,P917,APPLIES_TO
RP_AIR_02,P918,APPLIES_TO
RP_AIR_02,P919,APPLIES_TO
RP_AIR_02,P920,APPLIES_TO
RP_AIR_02,P921,APPLIES_TO
RP_AIR_02,P922,APPLIES_TO
RP_AIR_02,P923,APPLIES_TO
RP_AIR_02,P924,APPLIES_TO
RP_AIR_02,P925,APPLIES_TO
RP_AIR_02,P926,APPLIES_TO
RP_AIR_02,P927,APPLIES_TO
RP_AIR_02,P928,APPLIES_TO
RP_AIR_02,P929,APPLIES_TO
RP_AIR_02,P930,APPLIES_TO
RP_AIR_02,P931,APPLIES_TO
RP_AIR_02,P935,APPLIES_TO
RP_AIR_02,P936,APPLIES_TO
RP_AIR_02,P937,APPLIES_TO
RP_AIR_02,P938,APPLIES_TO
RP_AIR_02,P939,APPLIES_TO
RP_AIR_02,P940,APPLIES_TO
RP_AIR_02,P942,APPLIES_TO
RP_AIR_02,P943,APPLIES_TO
RP_AIR_02,P944,APPLIES_TO
RP_AIR_02,P945,APPLIES_TO
RP_AIR_02,P946,APPLIES_TO
RP_AIR_02,P947,APPLIES_TO
RP_AIR_02,P948,APPLIES_TO
RP_AIR_02,P949,APPLIES_TO
RP_AIR_02,P950,APPLIES_TO
RP_AIR_02,P951,APPLIES_TO
RP_AIR_02,P952,APPLIES_TO
RP_AIR_02,P954,APPLIES_TO
RP_AIR_02,P955,APPLIES_TO
RP_AIR_02,P956,APPLIES_TO
RP_AIR_02,P957,APPLIES_TO
RP_AIR_02,P958,APPLIES_TO
RP_AIR_02,P959,APPLIES_TO
RP_AIR_02,P960,APPLIES_TO
RP_AIR_02,P962,APPLIES_TO
RP_AIR_02,P963,APPLIES_TO
RP_AIR_02,P964,APPLIES_TO
RP_AIR_02,P965,APPLIES_TO
RP_AIR_02,P966,APPLIES_TO
RP_AIR_02,P967,APPLIES_TO
RP_AIR_02,P968,APPLIES_TO
RP_AIR_02,P969,APPLIES_TO
RP_AIR_02,P971,APPLIES_TO
RP_AIR_02,P972,APPLIES_TO
RP_AIR_02,P973,APPLIES_TO
RP_AIR_02,P975,APPLIES_TO
RP_AIR_02,P976,APPLIES_TO
RP_AIR_02,P977,APPLIES_TO
RP_AIR_02,P978,APPLIES_TO
RP_AIR_02,P979,APPLIES_TO
RP_AIR_02,P980,APPLIES_TO
RP_AIR_02,P981,APPLIES_TO
RP_AIR_02,P982,APPLIES_TO
RP_AIR_02,P983,APPLIES_TO
RP_AIR_02,P984,APPLIES_TO
RP_AIR_02,P985,APPLIES_TO
RP_AIR_02,P986,APPLIES_TO
RP_AIR_02,P987,APPLIES_TO
RP_AIR_02,P988,APPLIES_TO
RP_AIR_02,P989,APPLIES_TO
RP_AIR_02,P990,APPLIES_TO
RP_AIR_02,P991,APPLIES_TO
RP_AIR_02,P992,APPLIES_TO
RP_AIR_02,P993,APPLIES_TO
RP_AIR_02,P994,APPLIES_TO
RP_AIR_02,P995,APPLIES_TO
RP_AIR_02,P996,APPLIES_TO
RP_AIR_02,P997,APPLIES_TO
RP_AIR_02,P999,APPLIES_TO
RP_AIR_02,P1001,APPLIES_TO
RP_AIR_02,P1002,APPLIES_TO
RP_AIR_02,P1004,APPLIES_TO
RP_AIR_02,P1005,APPLIES_TO
RP_AIR_02,P1006,APPLIES_TO
RP_AIR_02,P1007,APPLIES_TO
RP_AIR_02,P1009,APPLIES_TO
RP_AIR_02,P1010,APPLIES_TO
RP_AIR_02,P1011,APPLIES_TO
RP_AIR_02,P1012,APPLIES_TO
RP_AIR_02,P1014,APPLIES_TO
RP_AIR_02,P1015,APPLIES_TO
RP_AIR_02,P1016,APPLIES_TO
RP_AIR_02,P1018,APPLIES_TO
RP_AIR_02,P1019,APPLIES_TO
RP_AIR_02,P1022,APPLIES_TO
RP_CROWD_01,P001,APPLIES_TO
RP_CROWD_01,P002,APPLIES_TO
RP_CROWD_01,P003,APPLIES_TO
RP_CROWD_01,P004,APPLIES_TO
RP_CROWD_01,P005,APPLIES_TO
RP_CROWD_01,P006,APPLIES_TO
RP_CROWD_01,P007,APPLIES_TO
RP_CROWD_01,P008,APPLIES_TO
RP_CROWD_01,P009,APPLIES_TO
RP_CROWD_01,P010,APPLIES_TO
RP_CROWD_01,P011,APPLIES_TO
RP_CROWD_01,P012,APPLIES_TO
RP_CROWD_01,P013,APPLIES_TO
RP_CROWD_01,P014,APPLIES_TO
RP_CROWD_01,P015,APPLIES_TO
RP_CROWD_01,P016,APPLIES_TO
RP_CROWD_01,P017,APPLIES_TO
RP_CROWD_01,P018,APPLIES_TO
RP_CROWD_01,P019,APPLIES_TO
RP_CROWD_01,P020,APPLIES_TO
RP_CROWD_01,P021,APPLIES_TO
RP_CROWD_01,P022,APPLIES_TO
RP_CROWD_01,P023,APPLIES_TO
RP_CROWD_01,P024,APPLIES_TO
RP_CROWD_01,P025,APPLIES_TO
RP_CROWD_01,P026,APPLIES_TO
RP_CROWD_01,P027,APPLIES_TO
RP_CROWD_01,P028,APPLIES_TO
RP_CROWD_01,P029,APPLIES_TO
RP_CROWD_01,P030,APPLIES_TO
RP_CROWD_01,P031,APPLIES_TO
RP_CROWD_01,P032,APPLIES_TO
RP_CROWD_01,P033,APPLIES_TO
RP_CROWD_01,P034,APPLIES_TO
RP_CROWD_01,P035,APPLIES_TO
RP_CROWD_01,P036,APPLIES_TO
RP_CROWD_01,P037,APPLIES_TO
RP_CROWD_01,P038,APPLIES_TO
RP_CROWD_01,P039,APPLIES_TO
RP_CROWD_01,P040,APPLIES_TO
RP_CROWD_01,P041,APPLIES_TO
RP_CROWD_01,P042,APPLIES_TO
RP_CROWD_01,P043,APPLIES_TO
RP_CROWD_01,P044,APPLIES_TO
RP_CROWD_01,P045,APPLIES_TO
RP_CROWD_01,P046,APPLIES_TO
RP_CROWD_01,P047,APPLIES_TO
RP_CROWD_01,P048,APPLIES_TO
RP_CROWD_01,P049,APPLIES_TO
RP_CROWD_01,P050,APPLIES_TO
RP_CROWD_01,P051,APPLIES_TO
RP_CROWD_01,P052,APPLIES_TO
RP_CROWD_01,P053,APPLIES_TO
RP_CROWD_01,P054,APPLIES_TO
RP_CROWD_01,P055,APPLIES_TO
RP_CROWD_01,P056,APPLIES_TO
RP_CROWD_01,P057,APPLIES_TO
RP_CROWD_01,P058,APPLIES_TO
RP_CROWD_01,P059,APPLIES_TO
RP_CROWD_01,P060,APPLIES_TO
RP_CROWD_01,P061,APPLIES_TO
RP_CROWD_01,P062,APPLIES_TO
RP_CROWD_01,P063,APPLIES_TO
RP_CROWD_01,P064,APPLIES_TO
RP_CROWD_01,P065,APPLIES_TO
RP_CROWD_01,P066,APPLIES_TO
RP_CROWD_01,P067,APPLIES_TO
RP_CROWD_01,P068,APPLIES_TO
RP_CROWD_01,P070,APPLIES_TO
RP_CROWD_01,P071,APPLIES_TO
RP_CROWD_01,P072,APPLIES_TO
RP_CROWD_01,P073,APPLIES_TO
RP_CROWD_01,P074,APPLIES_TO
RP_CROWD_01,P075,APPLIES_TO
RP_CROWD_01,P076,APPLIES_TO
RP_CROWD_01,P077,APPLIES_TO
RP_CROWD_01,P078,APPLIES_TO
RP_CROWD_01,P079,APPLIES_TO
RP_CROWD_01,P080,APPLIES_TO
RP_CROWD_01,P081,APPLIES_TO
RP_CROWD_01,P082,APPLIES_TO
RP_CROWD_01,P083,APPLIES_TO
RP_CROWD_01,P084,APPLIES_TO
RP_CROWD_01,P085,APPLIES_TO
RP_CROWD_01,P086,APPLIES_TO
RP_CROWD_01,P087,APPLIES_TO
RP_CROWD_01,P088,APPLIES_TO
RP_CROWD_01,P090,APPLIES_TO
RP_CROWD_01,P091,APPLIES_TO
RP_CROWD_01,P092,APPLIES_TO
RP_CROWD_01,P094,APPLIES_TO
RP_CROWD_01,P096,APPLIES_TO
RP_CROWD_01,P097,APPLIES_TO
RP_CROWD_01,P645,APPLIES_TO
RP_CROWD_01,P654,APPLIES_TO
RP_CROWD_01,P730,APPLIES_TO
RP_CROWD_01,P739,APPLIES_TO
RP_CROWD_01,P743,APPLIES_TO
RP_CROWD_01,P744,APPLIES_TO
RP_CROWD_01,P745,APPLIES_TO
RP_CROWD_01,P747,APPLIES_TO
RP_CROWD_01,P795,APPLIES_TO
RP_CROWD_01,P797,APPLIES_TO
RP_CROWD_01,P845,APPLIES_TO
RP_CROWD_01,P848,APPLIES_TO
RP_CROWD_01,P853,APPLIES_TO
RP_CROWD_01,P859,APPLIES_TO
RP_CROWD_01,P868,APPLIES_TO
RP_CROWD_01,P869,APPLIES_TO
RP_CROWD_01,P878,APPLIES_TO
RP_CROWD_01,P879,APPLIES_TO
RP_CROWD_01,P896,APPLIES_TO
RP_CROWD_01,P914,APPLIES_TO
RP_CROWD_01,P915,APPLIES_TO
RP_CROWD_01,P943,APPLIES_TO
RP_CROWD_01,P996,APPLIES_TO
RP_CROWD_01,P1001,APPLIES_TO
RP_CROWD_01,P1010,APPLIES_TO
RP_CROWD_02,P001,APPLIES_TO
RP_CROWD_02,P002,APPLIES_TO
RP_CROWD_02,P003,APPLIES_TO
RP_CROWD_02,P004,APPLIES_TO
RP_CROWD_02,P005,APPLIES_TO
RP_CROWD_02,P006,APPLIES_TO
RP_CROWD_02,P007,APPLIES_TO
RP_CROWD_02,P008,APPLIES_TO
RP_CROWD_02,P009,APPLIES_TO
RP_CROWD_02,P010,APPLIES_TO
RP_CROWD_02,P011,APPLIES_TO
RP_CROWD_02,P012,APPLIES_TO
RP_CROWD_02,P013,APPLIES_TO
RP_CROWD_02,P014,APPLIES_TO
RP_CROWD_02,P015,APPLIES_TO
RP_CROWD_02,P016,APPLIES_TO
RP_CROWD_02,P017,APPLIES_TO
RP_CROWD_02,P018,APPLIES_TO
RP_CROWD_02,P019,APPLIES_TO
RP_CROWD_02,P020,APPLIES_TO
RP_CROWD_02,P021,APPLIES_TO
RP_CROWD_02,P022,APPLIES_TO
RP_CROWD_02,P023,APPLIES_TO
RP_CROWD_02,P024,APPLIES_TO
RP_CROWD_02,P025,APPLIES_TO
RP_CROWD_02,P026,APPLIES_TO
RP_CROWD_02,P027,APPLIES_TO
RP_CROWD_02,P028,APPLIES_TO
RP_CROWD_02,P029,APPLIES_TO
RP_CROWD_02,P030,APPLIES_TO
RP_CROWD_02,P031,APPLIES_TO
RP_CROWD_02,P032,APPLIES_TO
RP_CROWD_02,P033,APPLIES_TO
RP_CROWD_02,P034,APPLIES_TO
RP_CROWD_02,P035,APPLIES_TO
RP_CROWD_02,P036,APPLIES_TO
RP_CROWD_02,P037,APPLIES_TO
RP_CROWD_02,P038,APPLIES_TO
RP_CROWD_02,P039,APPLIES_TO
RP_CROWD_02,P040,APPLIES_TO
RP_CROWD_02,P041,APPLIES_TO
RP_CROWD_02,P042,APPLIES_TO
RP_CROWD_02,P043,APPLIES_TO
RP_CROWD_02,P044,APPLIES_TO
RP_CROWD_02,P045,APPLIES_TO
RP_CROWD_02,P046,APPLIES_TO
RP_CROWD_02,P047,APPLIES_TO
RP_CROWD_02,P048,APPLIES_TO
RP_CROWD_02,P049,APPLIES_TO
RP_CROWD_02,P050,APPLIES_TO
RP_CROWD_02,P051,APPLIES_TO
RP_CROWD_02,P052,APPLIES_TO
RP_CROWD_02,P053,APPLIES_TO
RP_CROWD_02,P054,APPLIES_TO
RP_CROWD_02,P055,APPLIES_TO
RP_CROWD_02,P056,APPLIES_TO
RP_CROWD_02,P057,APPLIES_TO
RP_CROWD_02,P058,APPLIES_TO
RP_CROWD_02,P059,APPLIES_TO
RP_CROWD_02,P060,APPLIES_TO
RP_CROWD_02,P061,APPLIES_TO
RP_CROWD_02,P062,APPLIES_TO
RP_CROWD_02,P063,APPLIES_TO
RP_CROWD_02,P064,APPLIES_TO
RP_CROWD_02,P065,APPLIES_TO
RP_CROWD_02,P066,APPLIES_TO
RP_CROWD_02,P067,APPLIES_TO
RP_CROWD_02,P068,APPLIES_TO
RP_CROWD_02,P070,APPLIES_TO
RP_CROWD_02,P071,APPLIES_TO
RP_CROWD_02,P072,APPLIES_TO
RP_CROWD_02,P073,APPLIES_TO
RP_CROWD_02,P074,APPLIES_TO
RP_CROWD_02,P075,APPLIES_TO
RP_CROWD_02,P076,APPLIES_TO
RP_CROWD_02,P077,APPLIES_TO
RP_CROWD_02,P078,APPLIES_TO
RP_CROWD_02,P079,APPLIES_TO
RP_CROWD_02,P080,APPLIES_TO
RP_CROWD_02,P081,APPLIES_TO
RP_CROWD_02,P082,APPLIES_TO
RP_CROWD_02,P083,APPLIES_TO
RP_CROWD_02,P084,APPLIES_TO
RP_CROWD_02,P085,APPLIES_TO
RP_CROWD_02,P086,APPLIES_TO
RP_CROWD_02,P087,APPLIES_TO
RP_CROWD_02,P088,APPLIES_TO
RP_CROWD_02,P090,APPLIES_TO
RP_CROWD_02,P091,APPLIES_TO
RP_CROWD_02,P092,APPLIES_TO
RP_CROWD_02,P094,APPLIES_TO
RP_CROWD_02,P096,APPLIES_TO
RP_CROWD_02,P097,APPLIES_TO
RP_CROWD_02,P645,APPLIES_TO
RP_CROWD_02,P654,APPLIES_TO
RP_CROWD_02,P730,APPLIES_TO
RP_CROWD_02,P739,APPLIES_TO
RP_CROWD_02,P743,APPLIES_TO
RP_CROWD_02,P744,APPLIES_TO
RP_CROWD_02,P745,APPLIES_TO
RP_CROWD_02,P747,APPLIES_TO
RP_CROWD_02,P795,APPLIES_TO
RP_CROWD_02,P797,APPLIES_TO
RP_CROWD_02,P845,APPLIES_TO
RP_CROWD_02,P848,APPLIES_TO
RP_CROWD_02,P853,APPLIES_TO
RP_CROWD_02,P859,APPLIES_TO
RP_CROWD_02,P868,APPLIES_TO
RP_CROWD_02,P869,APPLIES_TO
RP_CROWD_02,P878,APPLIES_TO
RP_CROWD_02,P879,APPLIES_TO
RP_CROWD_02,P896,APPLIES_TO
RP_CROWD_02,P914,APPLIES_TO
RP_CROWD_02,P915,APPLIES_TO
RP_CROWD_02,P943,APPLIES_TO
RP_CROWD_02,P996,APPLIES_TO
RP_CROWD_02,P1001,APPLIES_TO
RP_CROWD_02,P1010,APPLIES_TO
RP_NIGHT_01,P004,APPLIES_TO
RP_NIGHT_01,P005,APPLIES_TO
RP_NIGHT_01,P006,APPLIES_TO
RP_NIGHT_01,P008,APPLIES_TO
RP_NIGHT_01,P010,APPLIES_TO
RP_NIGHT_01,P011,APPLIES_TO
RP_NIGHT_01,P012,APPLIES_TO
RP_NIGHT_01,P013,APPLIES_TO
RP_NIGHT_01,P022,APPLIES_TO
RP_NIGHT_01,P026,APPLIES_TO
RP_NIGHT_01,P028,APPLIES_TO
RP_NIGHT_01,P030,APPLIES_TO
RP_NIGHT_01,P035,APPLIES_TO
RP_NIGHT_01,P036,APPLIES_TO
RP_NIGHT_01,P038,APPLIES_TO
RP_NIGHT_01,P049,APPLIES_TO
RP_NIGHT_01,P051,APPLIES_TO
RP_NIGHT_01,P053,APPLIES_TO
RP_NIGHT_01,P055,APPLIES_TO
RP_NIGHT_01,P060,APPLIES_TO
RP_NIGHT_01,P066,APPLIES_TO
RP_NIGHT_01,P085,APPLIES_TO
RP_NIGHT_01,P094,APPLIES_TO
RP_NIGHT_01,P099,APPLIES_TO
RP_NIGHT_01,P102,APPLIES_TO
RP_NIGHT_01,P104,APPLIES_TO
RP_NIGHT_01,P118,APPLIES_TO
RP_NIGHT_01,P125,APPLIES_TO
RP_NIGHT_01,P126,APPLIES_TO
RP_NIGHT_01,P129,APPLIES_TO
RP_NIGHT_01,P130,APPLIES_TO
RP_NIGHT_01,P139,APPLIES_TO
RP_NIGHT_01,P145,APPLIES_TO
RP_NIGHT_01,P146,APPLIES_TO
RP_NIGHT_01,P162,APPLIES_TO
RP_NIGHT_01,P165,APPLIES_TO
RP_NIGHT_01,P171,APPLIES_TO
RP_NIGHT_01,P172,APPLIES_TO
RP_NIGHT_01,P173,APPLIES_TO
RP_NIGHT_01,P184,APPLIES_TO
RP_NIGHT_01,P189,APPLIES_TO
RP_NIGHT_01,P191,APPLIES_TO
RP_NIGHT_01,P195,APPLIES_TO
RP_NIGHT_01,P201,APPLIES_TO
RP_NIGHT_01,P204,APPLIES_TO
RP_NIGHT_01,P207,APPLIES_TO
RP_NIGHT_01,P215,APPLIES_TO
RP_NIGHT_01,P216,APPLIES_TO
RP_NIGHT_01,P218,APPLIES_TO
RP_NIGHT_01,P220,APPLIES_TO
RP_NIGHT_01,P223,APPLIES_TO
RP_NIGHT_01,P224,APPLIES_TO
RP_NIGHT_01,P227,APPLIES_TO
RP_NIGHT_01,P228,APPLIES_TO
RP_NIGHT_01,P233,APPLIES_TO
RP_NIGHT_01,P238,APPLIES_TO
RP_NIGHT_01,P240,APPLIES_TO
RP_NIGHT_01,P245,APPLIES_TO
RP_NIGHT_01,P247,APPLIES_TO
RP_NIGHT_01,P250,APPLIES_TO
RP_NIGHT_01,P252,APPLIES_TO
RP_NIGHT_01,P255,APPLIES_TO
RP_NIGHT_01,P257,APPLIES_TO
RP_NIGHT_01,P260,APPLIES_TO
RP_NIGHT_01,P262,APPLIES_TO
RP_NIGHT_01,P267,APPLIES_TO
RP_NIGHT_01,P268,APPLIES_TO
RP_NIGHT_01,P272,APPLIES_TO
RP_NIGHT_01,P276,APPLIES_TO
RP_NIGHT_01,P279,APPLIES_TO
RP_NIGHT_01,P281,APPLIES_TO
RP_NIGHT_01,P284,APPLIES_TO
RP_NIGHT_01,P287,APPLIES_TO
RP_NIGHT_01,P300,APPLIES_TO
RP_NIGHT_01,P304,APPLIES_TO
RP_NIGHT_01,P307,APPLIES_TO
RP_NIGHT_01,P309,APPLIES_TO
RP_NIGHT_01,P312,APPLIES_TO
RP_NIGHT_01,P313,APPLIES_TO
RP_NIGHT_01,P316,APPLIES_TO
RP_NIGHT_01,P318,APPLIES_TO
RP_NIGHT_01,P319,APPLIES_TO
RP_NIGHT_01,P321,APPLIES_TO
RP_NIGHT_01,P322,APPLIES_TO
RP_NIGHT_01,P323,APPLIES_TO
RP_NIGHT_01,P325,APPLIES_TO
RP_NIGHT_01,P326,APPLIES_TO
RP_NIGHT_01,P329,APPLIES_TO
RP_NIGHT_01,P332,APPLIES_TO
RP_NIGHT_01,P334,APPLIES_TO
RP_NIGHT_01,P336,APPLIES_TO
RP_NIGHT_01,P340,APPLIES_TO
RP_NIGHT_01,P341,APPLIES_TO
RP_NIGHT_01,P350,APPLIES_TO
RP_NIGHT_01,P351,APPLIES_TO
RP_NIGHT_01,P353,APPLIES_TO
RP_NIGHT_01,P357,APPLIES_TO
RP_NIGHT_01,P358,APPLIES_TO
RP_NIGHT_01,P359,APPLIES_TO
RP_NIGHT_01,P362,APPLIES_TO
RP_NIGHT_01,P366,APPLIES_TO
RP_NIGHT_01,P367,APPLIES_TO
RP_NIGHT_01,P372,APPLIES_TO
RP_NIGHT_01,P373,APPLIES_TO
RP_NIGHT_01,P374,APPLIES_TO
RP_NIGHT_01,P379,APPLIES_TO
RP_NIGHT_01,P390,APPLIES_TO
RP_NIGHT_01,P391,APPLIES_TO
RP_NIGHT_01,P392,APPLIES_TO
RP_NIGHT_01,P398,APPLIES_TO
RP_NIGHT_01,P399,APPLIES_TO
RP_NIGHT_01,P404,APPLIES_TO
RP_NIGHT_01,P406,APPLIES_TO
RP_NIGHT_01,P407,APPLIES_TO
RP_NIGHT_01,P410,APPLIES_TO
RP_NIGHT_01,P411,APPLIES_TO
RP_NIGHT_01,P414,APPLIES_TO
RP_NIGHT_01,P415,APPLIES_TO
RP_NIGHT_01,P416,APPLIES_TO
RP_NIGHT_01,P417,APPLIES_TO
RP_NIGHT_01,P424,APPLIES_TO
RP_NIGHT_01,P429,APPLIES_TO
RP_NIGHT_01,P431,APPLIES_TO
RP_NIGHT_01,P432,APPLIES_TO
RP_NIGHT_01,P436,APPLIES_TO
RP_NIGHT_01,P437,APPLIES_TO
RP_NIGHT_01,P438,APPLIES_TO
RP_NIGHT_01,P440,APPLIES_TO
RP_NIGHT_01,P442,APPLIES_TO
RP_NIGHT_01,P443,APPLIES_TO
RP_NIGHT_01,P449,APPLIES_TO
RP_NIGHT_01,P452,APPLIES_TO
RP_NIGHT_01,P456,APPLIES_TO
RP_NIGHT_01,P458,APPLIES_TO
RP_NIGHT_01,P460,APPLIES_TO
RP_NIGHT_01,P466,APPLIES_TO
RP_NIGHT_01,P467,APPLIES_TO
RP_NIGHT_01,P476,APPLIES_TO
RP_NIGHT_01,P478,APPLIES_TO
RP_NIGHT_01,P479,APPLIES_TO
RP_NIGHT_01,P483,APPLIES_TO
RP_NIGHT_01,P485,APPLIES_TO
RP_NIGHT_01,P486,APPLIES_TO
RP_NIGHT_01,P487,APPLIES_TO
RP_NIGHT_01,P488,APPLIES_TO
RP_NIGHT_01,P489,APPLIES_TO
RP_NIGHT_01,P490,APPLIES_TO
RP_NIGHT_01,P491,APPLIES_TO
RP_NIGHT_01,P493,APPLIES_TO
RP_NIGHT_01,P497,APPLIES_TO
RP_NIGHT_01,P498,APPLIES_TO
RP_NIGHT_01,P501,APPLIES_TO
RP_NIGHT_01,P503,APPLIES_TO
RP_NIGHT_01,P505,APPLIES_TO
RP_NIGHT_01,P506,APPLIES_TO
RP_NIGHT_01,P509,APPLIES_TO
RP_NIGHT_01,P510,APPLIES_TO
RP_NIGHT_01,P513,APPLIES_TO
RP_NIGHT_01,P520,APPLIES_TO
RP_NIGHT_01,P523,APPLIES_TO
RP_NIGHT_01,P534,APPLIES_TO
RP_NIGHT_01,P536,APPLIES_TO
RP_NIGHT_01,P537,APPLIES_TO
RP_NIGHT_01,P539,APPLIES_TO
RP_NIGHT_01,P541,APPLIES_TO
RP_NIGHT_01,P546,APPLIES_TO
RP_NIGHT_01,P549,APPLIES_TO
RP_NIGHT_01,P550,APPLIES_TO
RP_NIGHT_01,P552,APPLIES_TO
RP_NIGHT_01,P554,APPLIES_TO
RP_NIGHT_01,P555,APPLIES_TO
RP_NIGHT_01,P557,APPLIES_TO
RP_NIGHT_01,P558,APPLIES_TO
RP_NIGHT_01,P560,APPLIES_TO
RP_NIGHT_01,P561,APPLIES_TO
RP_NIGHT_01,P562,APPLIES_TO
RP_NIGHT_01,P566,APPLIES_TO
RP_NIGHT_01,P567,APPLIES_TO
RP_NIGHT_01,P568,APPLIES_TO
RP_NIGHT_01,P572,APPLIES_TO
RP_NIGHT_01,P577,APPLIES_TO
RP_NIGHT_01,P578,APPLIES_TO
RP_NIGHT_01,P580,APPLIES_TO
RP_NIGHT_01,P581,APPLIES_TO
RP_NIGHT_01,P584,APPLIES_TO
RP_NIGHT_01,P594,APPLIES_TO
RP_NIGHT_01,P596,APPLIES_TO
RP_NIGHT_01,P600,APPLIES_TO
RP_NIGHT_01,P601,APPLIES_TO
RP_NIGHT_01,P602,APPLIES_TO
RP_NIGHT_01,P604,APPLIES_TO
RP_NIGHT_01,P605,APPLIES_TO
RP_NIGHT_01,P606,APPLIES_TO
RP_NIGHT_01,P607,APPLIES_TO
RP_NIGHT_01,P608,APPLIES_TO
RP_NIGHT_01,P609,APPLIES_TO
RP_NIGHT_01,P610,APPLIES_TO
RP_NIGHT_01,P611,APPLIES_TO
RP_NIGHT_01,P612,APPLIES_TO
RP_NIGHT_01,P613,APPLIES_TO
RP_NIGHT_01,P615,APPLIES_TO
RP_NIGHT_01,P616,APPLIES_TO
RP_NIGHT_01,P619,APPLIES_TO
RP_NIGHT_01,P620,APPLIES_TO
RP_NIGHT_01,P621,APPLIES_TO
RP_NIGHT_01,P622,APPLIES_TO
RP_NIGHT_01,P623,APPLIES_TO
RP_NIGHT_01,P624,APPLIES_TO
RP_NIGHT_01,P627,APPLIES_TO
RP_NIGHT_01,P628,APPLIES_TO
RP_NIGHT_01,P630,APPLIES_TO
RP_NIGHT_01,P631,APPLIES_TO
RP_NIGHT_01,P632,APPLIES_TO
RP_NIGHT_01,P633,APPLIES_TO
RP_NIGHT_01,P634,APPLIES_TO
RP_NIGHT_01,P636,APPLIES_TO
RP_NIGHT_01,P739,APPLIES_TO
RP_NIGHT_01,P740,APPLIES_TO
RP_NIGHT_01,P741,APPLIES_TO
RP_NIGHT_01,P742,APPLIES_TO
RP_NIGHT_01,P744,APPLIES_TO
RP_NIGHT_01,P745,APPLIES_TO
RP_NIGHT_01,P746,APPLIES_TO
RP_NIGHT_01,P747,APPLIES_TO
RP_NIGHT_01,P748,APPLIES_TO
RP_NIGHT_01,P749,APPLIES_TO
RP_NIGHT_01,P750,APPLIES_TO
RP_NIGHT_01,P751,APPLIES_TO
RP_NIGHT_01,P752,APPLIES_TO
RP_NIGHT_01,P753,APPLIES_TO
RP_NIGHT_01,P754,APPLIES_TO
RP_NIGHT_01,P755,APPLIES_TO
RP_NIGHT_01,P756,APPLIES_TO
RP_NIGHT_01,P757,APPLIES_TO
RP_NIGHT_01,P758,APPLIES_TO
RP_NIGHT_01,P759,APPLIES_TO
RP_NIGHT_01,P760,APPLIES_TO
RP_NIGHT_01,P761,APPLIES_TO
RP_NIGHT_01,P762,APPLIES_TO
RP_NIGHT_01,P763,APPLIES_TO
RP_NIGHT_01,P764,APPLIES_TO
RP_NIGHT_01,P765,APPLIES_TO
RP_NIGHT_01,P766,APPLIES_TO
RP_NIGHT_01,P767,APPLIES_TO
RP_NIGHT_01,P768,APPLIES_TO
RP_NIGHT_01,P769,APPLIES_TO
RP_NIGHT_01,P770,APPLIES_TO
RP_NIGHT_01,P771,APPLIES_TO
RP_NIGHT_01,P772,APPLIES_TO
RP_NIGHT_01,P773,APPLIES_TO
RP_NIGHT_01,P774,APPLIES_TO
RP_NIGHT_01,P775,APPLIES_TO
RP_NIGHT_01,P776,APPLIES_TO
RP_NIGHT_01,P777,APPLIES_TO
RP_NIGHT_01,P778,APPLIES_TO
RP_NIGHT_01,P779,APPLIES_TO
RP_NIGHT_01,P780,APPLIES_TO
RP_NIGHT_01,P781,APPLIES_TO
RP_NIGHT_01,P782,APPLIES_TO
RP_NIGHT_01,P783,APPLIES_TO
RP_NIGHT_01,P784,APPLIES_TO
RP_NIGHT_01,P785,APPLIES_TO
RP_NIGHT_01,P786,APPLIES_TO
RP_NIGHT_01,P787,APPLIES_TO
RP_NIGHT_01,P788,APPLIES_TO
RP_NIGHT_01,P789,APPLIES_TO
RP_NIGHT_01,P790,APPLIES_TO
RP_NIGHT_01,P791,APPLIES_TO
RP_NIGHT_01,P792,APPLIES_TO
RP_NIGHT_01,P793,APPLIES_TO
RP_NIGHT_01,P794,APPLIES_TO
RP_NIGHT_01,P795,APPLIES_TO
RP_NIGHT_01,P796,APPLIES_TO
RP_NIGHT_01,P797,APPLIES_TO
RP_NIGHT_01,P798,APPLIES_TO
RP_NIGHT_01,P859,APPLIES_TO
RP_NIGHT_01,P860,APPLIES_TO
RP_NIGHT_01,P861,APPLIES_TO
RP_NIGHT_01,P862,APPLIES_TO
RP_NIGHT_01,P863,APPLIES_TO
RP_NIGHT_01,P864,APPLIES_TO
RP_NIGHT_01,P865,APPLIES_TO
RP_NIGHT_01,P866,APPLIES_TO
RP_NIGHT_01,P867,APPLIES_TO
RP_NIGHT_01,P868,APPLIES_TO
RP_NIGHT_01,P869,APPLIES_TO
RP_NIGHT_01,P870,APPLIES_TO
RP_NIGHT_01,P871,APPLIES_TO
RP_NIGHT_01,P872,APPLIES_TO
RP_NIGHT_01,P873,APPLIES_TO
RP_NIGHT_01,P874,APPLIES_TO
RP_NIGHT_01,P875,APPLIES_TO
RP_NIGHT_01,P876,APPLIES_TO
RP_NIGHT_01,P877,APPLIES_TO
RP_NIGHT_01,P878,APPLIES_TO
RP_NIGHT_01,P879,APPLIES_TO
RP_NIGHT_01,P880,APPLIES_TO
RP_NIGHT_01,P881,APPLIES_TO
RP_NIGHT_01,P882,APPLIES_TO
RP_NIGHT_01,P883,APPLIES_TO
RP_NIGHT_01,P884,APPLIES_TO
RP_NIGHT_01,P885,APPLIES_TO
RP_NIGHT_01,P886,APPLIES_TO
RP_NIGHT_01,P887,APPLIES_TO
RP_NIGHT_01,P888,APPLIES_TO
RP_NIGHT_01,P889,APPLIES_TO
RP_NIGHT_01,P890,APPLIES_TO
RP_NIGHT_01,P891,APPLIES_TO
RP_NIGHT_01,P892,APPLIES_TO
RP_NIGHT_01,P893,APPLIES_TO
RP_NIGHT_01,P894,APPLIES_TO
RP_NIGHT_01,P895,APPLIES_TO
RP_NIGHT_01,P896,APPLIES_TO
RP_NIGHT_01,P897,APPLIES_TO
RP_NIGHT_01,P898,APPLIES_TO
RP_NIGHT_01,P899,APPLIES_TO
RP_NIGHT_01,P900,APPLIES_TO
RP_NIGHT_01,P901,APPLIES_TO
RP_NIGHT_01,P902,APPLIES_TO
RP_NIGHT_01,P903,APPLIES_TO
RP_NIGHT_01,P904,APPLIES_TO
RP_NIGHT_01,P905,APPLIES_TO
RP_NIGHT_01,P906,APPLIES_TO
RP_NIGHT_01,P907,APPLIES_TO
RP_NIGHT_01,P908,APPLIES_TO
RP_NIGHT_01,P909,APPLIES_TO
RP_NIGHT_01,P910,APPLIES_TO
RP_NIGHT_01,P911,APPLIES_TO
RP_NIGHT_01,P912,APPLIES_TO
RP_NIGHT_01,P913,APPLIES_TO
RP_NIGHT_01,P914,APPLIES_TO
RP_NIGHT_01,P915,APPLIES_TO
RP_NIGHT_01,P916,APPLIES_TO
RP_NIGHT_01,P917,APPLIES_TO
RP_NIGHT_01,P918,APPLIES_TO
RP_NIGHT_01,P919,APPLIES_TO
RP_NIGHT_01,P920,APPLIES_TO
RP_NIGHT_01,P921,APPLIES_TO
RP_NIGHT_01,P922,APPLIES_TO
RP_NIGHT_01,P923,APPLIES_TO
RP_NIGHT_01,P924,APPLIES_TO
RP_NIGHT_01,P925,APPLIES_TO
RP_NIGHT_01,P926,APPLIES_TO
RP_NIGHT_01,P927,APPLIES_TO
RP_LOST_01,P005,APPLIES_TO
RP_LOST_01,P013,APPLIES_TO
RP_LOST_01,P016,APPLIES_TO
RP_LOST_01,P017,APPLIES_TO
RP_LOST_01,P022,APPLIES_TO
RP_LOST_01,P030,APPLIES_TO
RP_LOST_01,P035,APPLIES_TO
RP_LOST_01,P038,APPLIES_TO
RP_LOST_01,P049,APPLIES_TO
RP_LOST_01,P055,APPLIES_TO
RP_LOST_01,P061,APPLIES_TO
RP_LOST_01,P063,APPLIES_TO
RP_LOST_01,P067,APPLIES_TO
RP_LOST_01,P069,APPLIES_TO
RP_LOST_01,P075,APPLIES_TO
RP_LOST_01,P082,APPLIES_TO
RP_LOST_01,P084,APPLIES_TO
RP_LOST_01,P085,APPLIES_TO
RP_LOST_01,P097,APPLIES_TO
RP_LOST_01,P104,APPLIES_TO
RP_LOST_01,P115,APPLIES_TO
RP_LOST_01,P127,APPLIES_TO
RP_LOST_01,P128,APPLIES_TO
RP_LOST_01,P129,APPLIES_TO
RP_LOST_01,P130,APPLIES_TO
RP_LOST_01,P139,APPLIES_TO
RP_LOST_01,P146,APPLIES_TO
RP_LOST_01,P165,APPLIES_TO
RP_LOST_01,P171,APPLIES_TO
RP_LOST_01,P172,APPLIES_TO
RP_LOST_01,P179,APPLIES_TO
RP_LOST_01,P184,APPLIES_TO
RP_LOST_01,P189,APPLIES_TO
RP_LOST_01,P191,APPLIES_TO
RP_LOST_01,P201,APPLIES_TO
RP_LOST_01,P202,APPLIES_TO
RP_LOST_01,P207,APPLIES_TO
RP_LOST_01,P215,APPLIES_TO
RP_LOST_01,P216,APPLIES_TO
RP_LOST_01,P220,APPLIES_TO
RP_LOST_01,P223,APPLIES_TO
RP_LOST_01,P224,APPLIES_TO
RP_LOST_01,P227,APPLIES_TO
RP_LOST_01,P228,APPLIES_TO
RP_LOST_01,P233,APPLIES_TO
RP_LOST_01,P236,APPLIES_TO
RP_LOST_01,P238,APPLIES_TO
RP_LOST_01,P240,APPLIES_TO
RP_LOST_01,P247,APPLIES_TO
RP_LOST_01,P255,APPLIES_TO
RP_LOST_01,P260,APPLIES_TO
RP_LOST_01,P262,APPLIES_TO
RP_LOST_01,P267,APPLIES_TO
RP_LOST_01,P268,APPLIES_TO
RP_LOST_01,P272,APPLIES_TO
RP_LOST_01,P279,APPLIES_TO
RP_LOST_01,P286,APPLIES_TO
RP_LOST_01,P300,APPLIES_TO
RP_LOST_01,P304,APPLIES_TO
RP_LOST_01,P307,APPLIES_TO
RP_LOST_01,P309,APPLIES_TO
RP_LOST_01,P310,APPLIES_TO
RP_LOST_01,P316,APPLIES_TO
RP_LOST_01,P317,APPLIES_TO
RP_LOST_01,P319,APPLIES_TO
RP_LOST_01,P321,APPLIES_TO
RP_LOST_01,P323,APPLIES_TO
RP_LOST_01,P325,APPLIES_TO
RP_LOST_01,P326,APPLIES_TO
RP_LOST_01,P329,APPLIES_TO
RP_LOST_01,P334,APPLIES_TO
RP_LOST_01,P338,APPLIES_TO
RP_LOST_01,P350,APPLIES_TO
RP_LOST_01,P351,APPLIES_TO
RP_LOST_01,P353,APPLIES_TO
RP_LOST_01,P358,APPLIES_TO
RP_LOST_01,P360,APPLIES_TO
RP_LOST_01,P366,APPLIES_TO
RP_LOST_01,P373,APPLIES_TO
RP_LOST_01,P379,APPLIES_TO
RP_LOST_01,P390,APPLIES_TO
RP_LOST_01,P391,APPLIES_TO
RP_LOST_01,P392,APPLIES_TO
RP_LOST_01,P399,APPLIES_TO
RP_LOST_01,P401,APPLIES_TO
RP_LOST_01,P404,APPLIES_TO
RP_LOST_01,P407,APPLIES_TO
RP_LOST_01,P410,APPLIES_TO
RP_LOST_01,P411,APPLIES_TO
RP_LOST_01,P415,APPLIES_TO
RP_LOST_01,P423,APPLIES_TO
RP_LOST_01,P424,APPLIES_TO
RP_LOST_01,P429,APPLIES_TO
RP_LOST_01,P431,APPLIES_TO
RP_LOST_01,P432,APPLIES_TO
RP_LOST_01,P436,APPLIES_TO
RP_LOST_01,P437,APPLIES_TO
RP_LOST_01,P449,APPLIES_TO
RP_LOST_01,P452,APPLIES_TO
RP_LOST_01,P456,APPLIES_TO
RP_LOST_01,P458,APPLIES_TO
RP_LOST_01,P466,APPLIES_TO
RP_LOST_01,P467,APPLIES_TO
RP_LOST_01,P478,APPLIES_TO
RP_LOST_01,P483,APPLIES_TO
RP_LOST_01,P485,APPLIES_TO
RP_LOST_01,P486,APPLIES_TO
RP_LOST_01,P487,APPLIES_TO
RP_LOST_01,P488,APPLIES_TO
RP_LOST_01,P491,APPLIES_TO
RP_LOST_01,P493,APPLIES_TO
RP_LOST_01,P494,APPLIES_TO
RP_LOST_01,P497,APPLIES_TO
RP_LOST_01,P498,APPLIES_TO
RP_LOST_01,P503,APPLIES_TO
RP_LOST_01,P505,APPLIES_TO
RP_LOST_01,P506,APPLIES_TO
RP_LOST_01,P513,APPLIES_TO
RP_LOST_01,P519,APPLIES_TO
RP_LOST_01,P534,APPLIES_TO
RP_LOST_01,P536,APPLIES_TO
RP_LOST_01,P537,APPLIES_TO
RP_LOST_01,P541,APPLIES_TO
RP_LOST_01,P546,APPLIES_TO
RP_LOST_01,P549,APPLIES_TO
RP_LOST_01,P550,APPLIES_TO
RP_LOST_01,P552,APPLIES_TO
RP_LOST_01,P554,APPLIES_TO
RP_LOST_01,P555,APPLIES_TO
RP_LOST_01,P557,APPLIES_TO
RP_LOST_01,P560,APPLIES_TO
RP_LOST_01,P561,APPLIES_TO
RP_LOST_01,P562,APPLIES_TO
RP_LOST_01,P566,APPLIES_TO
RP_LOST_01,P568,APPLIES_TO
RP_LOST_01,P572,APPLIES_TO
RP_LOST_01,P577,APPLIES_TO
RP_LOST_01,P579,APPLIES_TO
RP_LOST_01,P580,APPLIES_TO
RP_LOST_01,P586,APPLIES_TO
RP_LOST_01,P594,APPLIES_TO
RP_LOST_01,P595,APPLIES_TO
RP_LOST_01,P596,APPLIES_TO
RP_LOST_01,P602,APPLIES_TO
RP_LOST_01,P604,APPLIES_TO
RP_LOST_01,P606,APPLIES_TO
RP_LOST_01,P607,APPLIES_TO
RP_LOST_01,P608,APPLIES_TO
RP_LOST_01,P609,APPLIES_TO
RP_LOST_01,P610,APPLIES_TO
RP_LOST_01,P611,APPLIES_TO
RP_LOST_01,P612,APPLIES_TO
RP_LOST_01,P613,APPLIES_TO
RP_LOST_01,P615,APPLIES_TO
RP_LOST_01,P616,APPLIES_TO
RP_LOST_01,P618,APPLIES_TO
RP_LOST_01,P619,APPLIES_TO
RP_LOST_01,P620,APPLIES_TO
RP_LOST_01,P621,APPLIES_TO
RP_LOST_01,P622,APPLIES_TO
RP_LOST_01,P623,APPLIES_TO
RP_LOST_01,P624,APPLIES_TO
RP_LOST_01,P627,APPLIES_TO
RP_LOST_01,P628,APPLIES_TO
RP_LOST_01,P629,APPLIES_TO
RP_LOST_01,P632,APPLIES_TO
RP_LOST_01,P633,APPLIES_TO
RP_LOST_01,P634,APPLIES_TO
RP_LOST_01,P642,APPLIES_TO
RP_LOST_01,P739,APPLIES_TO
RP_LOST_01,P740,APPLIES_TO
RP_LOST_01,P741,APPLIES_TO
RP_LOST_01,P742,APPLIES_TO
RP_LOST_01,P744,APPLIES_TO
RP_LOST_01,P745,APPLIES_TO
RP_LOST_01,P746,APPLIES_TO
RP_LOST_01,P747,APPLIES_TO
RP_LOST_01,P748,APPLIES_TO
RP_LOST_01,P749,APPLIES_TO
RP_LOST_01,P750,APPLIES_TO
RP_LOST_01,P751,APPLIES_TO
RP_LOST_01,P752,APPLIES_TO
RP_LOST_01,P753,APPLIES_TO
RP_LOST_01,P754,APPLIES_TO
RP_LOST_01,P755,APPLIES_TO
RP_LOST_01,P756,APPLIES_TO
RP_LOST_01,P757,APPLIES_TO
RP_LOST_01,P758,APPLIES_TO
RP_LOST_01,P759,APPLIES_TO
RP_LOST_01,P760,APPLIES_TO
RP_LOST_01,P761,APPLIES_TO
RP_LOST_01,P762,APPLIES_TO
RP_LOST_01,P763,APPLIES_TO
RP_LOST_01,P764,APPLIES_TO
RP_LOST_01,P765,APPLIES_TO
RP_LOST_01,P766,APPLIES_TO
RP_LOST_01,P767,APPLIES_TO
RP_LOST_01,P768,APPLIES_TO
RP_LOST_01,P769,APPLIES_TO
RP_LOST_01,P770,APPLIES_TO
RP_LOST_01,P771,APPLIES_TO
RP_LOST_01,P772,APPLIES_TO
RP_LOST_01,P773,APPLIES_TO
RP_LOST_01,P774,APPLIES_TO
RP_LOST_01,P775,APPLIES_TO
RP_LOST_01,P776,APPLIES_TO
RP_LOST_01,P777,APPLIES_TO
RP_LOST_01,P778,APPLIES_TO
RP_LOST_01,P779,APPLIES_TO
RP_LOST_01,P780,APPLIES_TO
RP_LOST_01,P781,APPLIES_TO
RP_LOST_01,P782,APPLIES_TO
RP_LOST_01,P783,APPLIES_TO
RP_LOST_01,P784,APPLIES_TO
RP_LOST_01,P785,APPLIES_TO
RP_LOST_01,P786,APPLIES_TO
RP_LOST_01,P787,APPLIES_TO
RP_LOST_01,P788,APPLIES_TO
RP_LOST_01,P789,APPLIES_TO
RP_LOST_01,P790,APPLIES_TO
RP_LOST_01,P791,APPLIES_TO
RP_LOST_01,P792,APPLIES_TO
RP_LOST_01,P793,APPLIES_TO
RP_LOST_01,P794,APPLIES_TO
RP_LOST_01,P795,APPLIES_TO
RP_LOST_01,P796,APPLIES_TO
RP_LOST_01,P797,APPLIES_TO
RP_LOST_01,P798,APPLIES_TO
RP_LOST_01,P799,APPLIES_TO
RP_LOST_01,P800,APPLIES_TO
RP_LOST_01,P801,APPLIES_TO
RP_LOST_01,P802,APPLIES_TO
RP_LOST_01,P803,APPLIES_TO
RP_LOST_01,P804,APPLIES_TO
RP_LOST_01,P805,APPLIES_TO
RP_LOST_01,P806,APPLIES_TO
RP_LOST_01,P807,APPLIES_TO
RP_LOST_01,P808,APPLIES_TO
RP_LOST_01,P809,APPLIES_TO
RP_LOST_01,P810,APPLIES_TO
RP_LOST_01,P811,APPLIES_TO
RP_LOST_01,P812,APPLIES_TO
RP_LOST_01,P813,APPLIES_TO
RP_LOST_01,P814,APPLIES_TO
RP_LOST_01,P815,APPLIES_TO
RP_LOST_01,P816,APPLIES_TO
RP_LOST_01,P817,APPLIES_TO
RP_LOST_01,P818,APPLIES_TO
RP_LOST_01,P819,APPLIES_TO
RP_LOST_01,P820,APPLIES_TO
RP_LOST_01,P821,APPLIES_TO
RP_LOST_01,P822,APPLIES_TO
RP_LOST_01,P823,APPLIES_TO
RP_LOST_01,P824,APPLIES_TO
RP_LOST_01,P825,APPLIES_TO
RP_LOST_01,P826,APPLIES_TO
RP_LOST_01,P827,APPLIES_TO
RP_LOST_01,P828,APPLIES_TO
RP_LOST_01,P829,APPLIES_TO
RP_LOST_01,P830,APPLIES_TO
RP_LOST_01,P831,APPLIES_TO
RP_LOST_01,P832,APPLIES_TO
RP_LOST_01,P833,APPLIES_TO
RP_LOST_01,P834,APPLIES_TO
RP_LOST_01,P835,APPLIES_TO
RP_LOST_01,P836,APPLIES_TO
RP_LOST_01,P837,APPLIES_TO
RP_LOST_01,P838,APPLIES_TO
RP_LOST_01,P839,APPLIES_TO
RP_LOST_01,P840,APPLIES_TO
RP_LOST_01,P841,APPLIES_TO
RP_LOST_01,P842,APPLIES_TO
RP_LOST_01,P843,APPLIES_TO
RP_LOST_01,P844,APPLIES_TO
RP_LOST_01,P859,APPLIES_TO
RP_LOST_01,P860,APPLIES_TO
RP_LOST_01,P861,APPLIES_TO
RP_LOST_01,P862,APPLIES_TO
RP_LOST_01,P863,APPLIES_TO
RP_LOST_01,P864,APPLIES_TO
RP_LOST_01,P865,APPLIES_TO
RP_LOST_01,P866,APPLIES_TO
RP_LOST_01,P867,APPLIES_TO
RP_LOST_01,P868,APPLIES_TO
RP_LOST_01,P869,APPLIES_TO
RP_LOST_01,P870,APPLIES_TO
RP_LOST_01,P871,APPLIES_TO
RP_LOST_01,P872,APPLIES_TO
RP_LOST_01,P873,APPLIES_TO
RP_LOST_01,P874,APPLIES_TO
RP_LOST_01,P875,APPLIES_TO
RP_LOST_01,P876,APPLIES_TO
RP_LOST_01,P877,APPLIES_TO
RP_LOST_01,P878,APPLIES_TO
RP_LOST_01,P879,APPLIES_TO
RP_LOST_01,P880,APPLIES_TO
RP_LOST_01,P881,APPLIES_TO
RP_LOST_01,P882,APPLIES_TO
RP_LOST_01,P883,APPLIES_TO
RP_LOST_01,P884,APPLIES_TO
RP_LOST_01,P885,APPLIES_TO
RP_LOST_01,P886,APPLIES_TO
RP_LOST_01,P887,APPLIES_TO
RP_LOST_01,P888,APPLIES_TO
RP_LOST_01,P889,APPLIES_TO
RP_LOST_01,P890,APPLIES_TO
RP_LOST_01,P891,APPLIES_TO
RP_DROWN_01,P004,APPLIES_TO
RP_DROWN_01,P006,APPLIES_TO
RP_DROWN_01,P011,APPLIES_TO
RP_DROWN_01,P012,APPLIES_TO
RP_DROWN_01,P026,APPLIES_TO
RP_DROWN_01,P028,APPLIES_TO
RP_DROWN_01,P048,APPLIES_TO
RP_DROWN_01,P051,APPLIES_TO
RP_DROWN_01,P066,APPLIES_TO
RP_DROWN_01,P070,APPLIES_TO
RP_DROWN_01,P081,APPLIES_TO
RP_DROWN_01,P094,APPLIES_TO
RP_DROWN_01,P102,APPLIES_TO
RP_DROWN_01,P103,APPLIES_TO
RP_DROWN_01,P125,APPLIES_TO
RP_DROWN_01,P162,APPLIES_TO
RP_DROWN_01,P250,APPLIES_TO
RP_DROWN_01,P287,APPLIES_TO
RP_DROWN_01,P911,APPLIES_TO
RP_DROWN_01,P912,APPLIES_TO
RP_FALL_CLIFF,P022,APPLIES_TO
RP_FALL_CLIFF,P030,APPLIES_TO
RP_FALL_CLIFF,P085,APPLIES_TO
RP_FALL_CLIFF,P126,APPLIES_TO
RP_FALL_CLIFF,P129,APPLIES_TO
RP_FALL_CLIFF,P130,APPLIES_TO
RP_FALL_CLIFF,P146,APPLIES_TO
RP_FALL_CLIFF,P184,APPLIES_TO
RP_FALL_CLIFF,P191,APPLIES_TO
RP_FALL_CLIFF,P201,APPLIES_TO
RP_FALL_CLIFF,P207,APPLIES_TO
RP_FALL_CLIFF,P216,APPLIES_TO
RP_FALL_CLIFF,P223,APPLIES_TO
RP_FALL_CLIFF,P224,APPLIES_TO
RP_FALL_CLIFF,P238,APPLIES_TO
RP_FALL_CLIFF,P240,APPLIES_TO
RP_FALL_CLIFF,P255,APPLIES_TO
RP_FALL_CLIFF,P262,APPLIES_TO
RP_FALL_CLIFF,P272,APPLIES_TO
RP_FALL_CLIFF,P307,APPLIES_TO
RP_FALL_CLIFF,P316,APPLIES_TO
RP_FALL_CLIFF,P323,APPLIES_TO
RP_FALL_CLIFF,P366,APPLIES_TO
RP_FALL_CLIFF,P373,APPLIES_TO
RP_FALL_CLIFF,P379,APPLIES_TO
RP_FALL_CLIFF,P390,APPLIES_TO
RP_FALL_CLIFF,P391,APPLIES_TO
RP_FALL_CLIFF,P392,APPLIES_TO
RP_FALL_CLIFF,P404,APPLIES_TO
RP_FALL_CLIFF,P407,APPLIES_TO
RP_FALL_CLIFF,P424,APPLIES_TO
RP_FALL_CLIFF,P436,APPLIES_TO
RP_FALL_CLIFF,P437,APPLIES_TO
RP_FALL_CLIFF,P452,APPLIES_TO
RP_FALL_CLIFF,P466,APPLIES_TO
RP_FALL_CLIFF,P483,APPLIES_TO
RP_FALL_CLIFF,P486,APPLIES_TO
RP_FALL_CLIFF,P491,APPLIES_TO
RP_FALL_CLIFF,P498,APPLIES_TO
RP_FALL_CLIFF,P505,APPLIES_TO
RP_FALL_CLIFF,P506,APPLIES_TO
RP_FALL_CLIFF,P513,APPLIES_TO
RP_FALL_CLIFF,P534,APPLIES_TO
RP_FALL_CLIFF,P546,APPLIES_TO
RP_FALL_CLIFF,P549,APPLIES_TO
RP_FALL_CLIFF,P552,APPLIES_TO
RP_FALL_CLIFF,P554,APPLIES_TO
RP_FALL_CLIFF,P555,APPLIES_TO
RP_FALL_CLIFF,P557,APPLIES_TO
RP_FALL_CLIFF,P566,APPLIES_TO
RP_FALL_CLIFF,P568,APPLIES_TO
RP_FALL_CLIFF,P577,APPLIES_TO
RP_FALL_CLIFF,P602,APPLIES_TO
RP_FALL_CLIFF,P604,APPLIES_TO
RP_FALL_CLIFF,P606,APPLIES_TO
RP_FALL_CLIFF,P607,APPLIES_TO
RP_FALL_CLIFF,P608,APPLIES_TO
RP_FALL_CLIFF,P609,APPLIES_TO
RP_FALL_CLIFF,P610,APPLIES_TO
RP_FALL_CLIFF,P611,APPLIES_TO
RP_FALL_CLIFF,P612,APPLIES_TO
RP_FALL_CLIFF,P613,APPLIES_TO
RP_FALL_CLIFF,P615,APPLIES_TO
RP_FALL_CLIFF,P616,APPLIES_TO
RP_FALL_CLIFF,P632,APPLIES_TO
RP_FALL_CLIFF,P633,APPLIES_TO
RP_FALL_CLIFF,P634,APPLIES_TO
RP_FALL_CLIFF,P744,APPLIES_TO
RP_FALL_CLIFF,P745,APPLIES_TO
RP_FALL_CLIFF,P746,APPLIES_TO
RP_FALL_CLIFF,P747,APPLIES_TO
RP_FALL_CLIFF,P748,APPLIES_TO
RP_FALL_CLIFF,P749,APPLIES_TO
RP_FALL_CLIFF,P750,APPLIES_TO
RP_FALL_CLIFF,P751,APPLIES_TO
RP_FALL_CLIFF,P752,APPLIES_TO
RP_FALL_CLIFF,P753,APPLIES_TO
RP_FALL_CLIFF,P754,APPLIES_TO
RP_FALL_CLIFF,P755,APPLIES_TO
RP_FALL_CLIFF,P756,APPLIES_TO
RP_FALL_CLIFF,P757,APPLIES_TO
RP_FALL_CLIFF,P758,APPLIES_TO
RP_FALL_CLIFF,P759,APPLIES_TO
RP_FALL_CLIFF,P760,APPLIES_TO
RP_FALL_CLIFF,P761,APPLIES_TO
RP_FALL_CLIFF,P762,APPLIES_TO
RP_FALL_CLIFF,P763,APPLIES_TO
RP_FALL_CLIFF,P764,APPLIES_TO
RP_FALL_CLIFF,P765,APPLIES_TO
RP_FALL_CLIFF,P766,APPLIES_TO
RP_FALL_CLIFF,P767,APPLIES_TO
RP_FALL_CLIFF,P768,APPLIES_TO
RP_FALL_CLIFF,P769,APPLIES_TO
RP_FALL_CLIFF,P770,APPLIES_TO
RP_FALL_CLIFF,P771,APPLIES_TO
RP_FALL_CLIFF,P772,APPLIES_TO
RP_FALL_CLIFF,P773,APPLIES_TO
RP_FALL_CLIFF,P774,APPLIES_TO
RP_FALL_CLIFF,P775,APPLIES_TO
RP_FALL_CLIFF,P776,APPLIES_TO
RP_FALL_CLIFF,P777,APPLIES_TO
RP_FALL_CLIFF,P778,APPLIES_TO
RP_FALL_CLIFF,P779,APPLIES_TO
RP_FALL_CLIFF,P780,APPLIES_TO
RP_FALL_CLIFF,P781,APPLIES_TO
RP_FALL_CLIFF,P782,APPLIES_TO
RP_FALL_CLIFF,P783,APPLIES_TO
RP_FALL_CLIFF,P784,APPLIES_TO
RP_FALL_CLIFF,P785,APPLIES_TO
RP_FALL_CLIFF,P786,APPLIES_TO
RP_FALL_CLIFF,P787,APPLIES_TO
RP_FALL_CLIFF,P788,APPLIES_TO
RP_FALL_CLIFF,P789,APPLIES_TO
RP_FALL_CLIFF,P790,APPLIES_TO
RP_FALL_CLIFF,P791,APPLIES_TO
RP_FALL_CLIFF,P792,APPLIES_TO
RP_FALL_CLIFF,P793,APPLIES_TO
RP_FALL_CLIFF,P794,APPLIES_TO
RP_FALL_CLIFF,P795,APPLIES_TO
RP_FALL_CLIFF,P796,APPLIES_TO
RP_FALL_CLIFF,P797,APPLIES_TO
RP_FALL_CLIFF,P798,APPLIES_TO
RP_FALL_CLIFF,P920,APPLIES_TO
RP_FALL_CLIFF,P923,APPLIES_TO
RP_FALL_CLIFF,P927,APPLIES_TO
RP_SLIP_TERRAIN,P002,APPLIES_TO
RP_SLIP_TERRAIN,P003,APPLIES_TO
RP_SLIP_TERRAIN,P005,APPLIES_TO
RP_SLIP_TERRAIN,P013,APPLIES_TO
RP_SLIP_TERRAIN,P022,APPLIES_TO
RP_SLIP_TERRAIN,P030,APPLIES_TO
RP_SLIP_TERRAIN,P031,APPLIES_TO
RP_SLIP_TERRAIN,P035,APPLIES_TO
RP_SLIP_TERRAIN,P038,APPLIES_TO
RP_SLIP_TERRAIN,P049,APPLIES_TO
RP_SLIP_TERRAIN,P055,APPLIES_TO
RP_SLIP_TERRAIN,P085,APPLIES_TO
RP_SLIP_TERRAIN,P104,APPLIES_TO
RP_SLIP_TERRAIN,P129,APPLIES_TO
RP_SLIP_TERRAIN,P130,APPLIES_TO
RP_SLIP_TERRAIN,P139,APPLIES_TO
RP_SLIP_TERRAIN,P146,APPLIES_TO
RP_SLIP_TERRAIN,P147,APPLIES_TO
RP_SLIP_TERRAIN,P165,APPLIES_TO
RP_SLIP_TERRAIN,P171,APPLIES_TO
RP_SLIP_TERRAIN,P172,APPLIES_TO
RP_SLIP_TERRAIN,P178,APPLIES_TO
RP_SLIP_TERRAIN,P184,APPLIES_TO
RP_SLIP_TERRAIN,P188,APPLIES_TO
RP_SLIP_TERRAIN,P189,APPLIES_TO
RP_SLIP_TERRAIN,P191,APPLIES_TO
RP_SLIP_TERRAIN,P201,APPLIES_TO
RP_SLIP_TERRAIN,P207,APPLIES_TO
RP_SLIP_TERRAIN,P215,APPLIES_TO
RP_SLIP_TERRAIN,P216,APPLIES_TO
RP_SLIP_TERRAIN,P220,APPLIES_TO
RP_SLIP_TERRAIN,P223,APPLIES_TO
RP_SLIP_TERRAIN,P224,APPLIES_TO
RP_SLIP_TERRAIN,P227,APPLIES_TO
RP_SLIP_TERRAIN,P228,APPLIES_TO
RP_SLIP_TERRAIN,P233,APPLIES_TO
RP_SLIP_TERRAIN,P235,APPLIES_TO
RP_SLIP_TERRAIN,P238,APPLIES_TO
RP_SLIP_TERRAIN,P240,APPLIES_TO
RP_SLIP_TERRAIN,P247,APPLIES_TO
RP_SLIP_TERRAIN,P249,APPLIES_TO
RP_SLIP_TERRAIN,P255,APPLIES_TO
RP_SLIP_TERRAIN,P260,APPLIES_TO
RP_SLIP_TERRAIN,P262,APPLIES_TO
RP_SLIP_TERRAIN,P267,APPLIES_TO
RP_SLIP_TERRAIN,P268,APPLIES_TO
RP_SLIP_TERRAIN,P272,APPLIES_TO
RP_SLIP_TERRAIN,P279,APPLIES_TO
RP_SLIP_TERRAIN,P289,APPLIES_TO
RP_SLIP_TERRAIN,P300,APPLIES_TO
RP_SLIP_TERRAIN,P304,APPLIES_TO
RP_SLIP_TERRAIN,P307,APPLIES_TO
RP_SLIP_TERRAIN,P309,APPLIES_TO
RP_SLIP_TERRAIN,P316,APPLIES_TO
RP_SLIP_TERRAIN,P319,APPLIES_TO
RP_SLIP_TERRAIN,P321,APPLIES_TO
RP_SLIP_TERRAIN,P323,APPLIES_TO
RP_SLIP_TERRAIN,P325,APPLIES_TO
RP_SLIP_TERRAIN,P326,APPLIES_TO
RP_SLIP_TERRAIN,P329,APPLIES_TO
RP_SLIP_TERRAIN,P334,APPLIES_TO
RP_SLIP_TERRAIN,P350,APPLIES_TO
RP_SLIP_TERRAIN,P351,APPLIES_TO
RP_SLIP_TERRAIN,P353,APPLIES_TO
RP_SLIP_TERRAIN,P358,APPLIES_TO
RP_SLIP_TERRAIN,P366,APPLIES_TO
RP_SLIP_TERRAIN,P373,APPLIES_TO
RP_SLIP_TERRAIN,P379,APPLIES_TO
RP_SLIP_TERRAIN,P390,APPLIES_TO
RP_SLIP_TERRAIN,P391,APPLIES_TO
RP_SLIP_TERRAIN,P392,APPLIES_TO
RP_SLIP_TERRAIN,P399,APPLIES_TO
RP_SLIP_TERRAIN,P404,APPLIES_TO
RP_SLIP_TERRAIN,P407,APPLIES_TO
RP_SLIP_TERRAIN,P410,APPLIES_TO
RP_SLIP_TERRAIN,P411,APPLIES_TO
RP_SLIP_TERRAIN,P415,APPLIES_TO
RP_SLIP_TERRAIN,P424,APPLIES_TO
RP_SLIP_TERRAIN,P426,APPLIES_TO
RP_SLIP_TERRAIN,P429,APPLIES_TO
RP_SLIP_TERRAIN,P431,APPLIES_TO
RP_SLIP_TERRAIN,P432,APPLIES_TO
RP_SLIP_TERRAIN,P436,APPLIES_TO
RP_SLIP_TERRAIN,P437,APPLIES_TO
RP_SLIP_TERRAIN,P449,APPLIES_TO
RP_SLIP_TERRAIN,P452,APPLIES_TO
RP_SLIP_TERRAIN,P456,APPLIES_TO
RP_SLIP_TERRAIN,P458,APPLIES_TO
RP_SLIP_TERRAIN,P466,APPLIES_TO
RP_SLIP_TERRAIN,P467,APPLIES_TO
RP_SLIP_TERRAIN,P478,APPLIES_TO
RP_SLIP_TERRAIN,P483,APPLIES_TO
RP_SLIP_TERRAIN,P485,APPLIES_TO
RP_SLIP_TERRAIN,P486,APPLIES_TO
RP_SLIP_TERRAIN,P487,APPLIES_TO
RP_SLIP_TERRAIN,P488,APPLIES_TO
RP_SLIP_TERRAIN,P491,APPLIES_TO
RP_SLIP_TERRAIN,P493,APPLIES_TO
RP_SLIP_TERRAIN,P497,APPLIES_TO
RP_SLIP_TERRAIN,P498,APPLIES_TO
RP_SLIP_TERRAIN,P503,APPLIES_TO
RP_SLIP_TERRAIN,P505,APPLIES_TO
RP_SLIP_TERRAIN,P506,APPLIES_TO
RP_SLIP_TERRAIN,P513,APPLIES_TO
RP_SLIP_TERRAIN,P534,APPLIES_TO
RP_SLIP_TERRAIN,P536,APPLIES_TO
RP_SLIP_TERRAIN,P537,APPLIES_TO
RP_SLIP_TERRAIN,P541,APPLIES_TO
RP_SLIP_TERRAIN,P546,APPLIES_TO
RP_SLIP_TERRAIN,P549,APPLIES_TO
RP_SLIP_TERRAIN,P550,APPLIES_TO
RP_SLIP_TERRAIN,P552,APPLIES_TO
RP_SLIP_TERRAIN,P554,APPLIES_TO
RP_SLIP_TERRAIN,P555,APPLIES_TO
RP_SLIP_TERRAIN,P557,APPLIES_TO
RP_SLIP_TERRAIN,P560,APPLIES_TO
RP_SLIP_TERRAIN,P561,APPLIES_TO
RP_SLIP_TERRAIN,P562,APPLIES_TO
RP_SLIP_TERRAIN,P566,APPLIES_TO
RP_SLIP_TERRAIN,P568,APPLIES_TO
RP_SLIP_TERRAIN,P572,APPLIES_TO
RP_SLIP_TERRAIN,P577,APPLIES_TO
RP_SLIP_TERRAIN,P580,APPLIES_TO
RP_SLIP_TERRAIN,P594,APPLIES_TO
RP_SLIP_TERRAIN,P596,APPLIES_TO
RP_SLIP_TERRAIN,P602,APPLIES_TO
RP_SLIP_TERRAIN,P604,APPLIES_TO
RP_SLIP_TERRAIN,P606,APPLIES_TO
RP_SLIP_TERRAIN,P607,APPLIES_TO
RP_SLIP_TERRAIN,P608,APPLIES_TO
RP_SLIP_TERRAIN,P609,APPLIES_TO
RP_SLIP_TERRAIN,P610,APPLIES_TO
RP_SLIP_TERRAIN,P611,APPLIES_TO
RP_SLIP_TERRAIN,P612,APPLIES_TO
RP_SLIP_TERRAIN,P613,APPLIES_TO
RP_SLIP_TERRAIN,P615,APPLIES_TO
RP_SLIP_TERRAIN,P616,APPLIES_TO
RP_SLIP_TERRAIN,P619,APPLIES_TO
RP_SLIP_TERRAIN,P620,APPLIES_TO
RP_SLIP_TERRAIN,P621,APPLIES_TO
RP_SLIP_TERRAIN,P622,APPLIES_TO
RP_SLIP_TERRAIN,P623,APPLIES_TO
RP_SLIP_TERRAIN,P624,APPLIES_TO
RP_SLIP_TERRAIN,P627,APPLIES_TO
RP_SLIP_TERRAIN,P628,APPLIES_TO
RP_SLIP_TERRAIN,P632,APPLIES_TO
RP_SLIP_TERRAIN,P633,APPLIES_TO
RP_SLIP_TERRAIN,P634,APPLIES_TO
RP_SLIP_TERRAIN,P638,APPLIES_TO
RP_SLIP_TERRAIN,P731,APPLIES_TO
RP_SLIP_TERRAIN,P732,APPLIES_TO
RP_SLIP_TERRAIN,P733,APPLIES_TO
RP_SLIP_TERRAIN,P734,APPLIES_TO
RP_SLIP_TERRAIN,P735,APPLIES_TO
RP_SLIP_TERRAIN,P739,APPLIES_TO
RP_SLIP_TERRAIN,P740,APPLIES_TO
RP_SLIP_TERRAIN,P741,APPLIES_TO
RP_SLIP_TERRAIN,P742,APPLIES_TO
RP_SLIP_TERRAIN,P744,APPLIES_TO
RP_SLIP_TERRAIN,P745,APPLIES_TO
RP_SLIP_TERRAIN,P746,APPLIES_TO
RP_SLIP_TERRAIN,P747,APPLIES_TO
RP_SLIP_TERRAIN,P748,APPLIES_TO
RP_SLIP_TERRAIN,P749,APPLIES_TO
RP_SLIP_TERRAIN,P750,APPLIES_TO
RP_SLIP_TERRAIN,P751,APPLIES_TO
RP_SLIP_TERRAIN,P752,APPLIES_TO
RP_SLIP_TERRAIN,P753,APPLIES_TO
RP_SLIP_TERRAIN,P754,APPLIES_TO
RP_SLIP_TERRAIN,P755,APPLIES_TO
RP_SLIP_TERRAIN,P756,APPLIES_TO
RP_SLIP_TERRAIN,P757,APPLIES_TO
RP_SLIP_TERRAIN,P758,APPLIES_TO
RP_SLIP_TERRAIN,P759,APPLIES_TO
RP_SLIP_TERRAIN,P760,APPLIES_TO
RP_SLIP_TERRAIN,P761,APPLIES_TO
RP_SLIP_TERRAIN,P762,APPLIES_TO
RP_SLIP_TERRAIN,P763,APPLIES_TO
RP_SLIP_TERRAIN,P764,APPLIES_TO
RP_SLIP_TERRAIN,P765,APPLIES_TO
RP_SLIP_TERRAIN,P766,APPLIES_TO
RP_SLIP_TERRAIN,P767,APPLIES_TO
RP_SLIP_TERRAIN,P768,APPLIES_TO
RP_SLIP_TERRAIN,P769,APPLIES_TO
RP_SLIP_TERRAIN,P770,APPLIES_TO
RP_SLIP_TERRAIN,P771,APPLIES_TO
RP_SLIP_TERRAIN,P772,APPLIES_TO
RP_SLIP_TERRAIN,P773,APPLIES_TO
RP_SLIP_TERRAIN,P774,APPLIES_TO
RP_SLIP_TERRAIN,P775,APPLIES_TO
RP_SLIP_TERRAIN,P776,APPLIES_TO
RP_SLIP_TERRAIN,P777,APPLIES_TO
RP_SLIP_TERRAIN,P778,APPLIES_TO
RP_SLIP_TERRAIN,P779,APPLIES_TO
RP_SLIP_TERRAIN,P780,APPLIES_TO
RP_SLIP_TERRAIN,P781,APPLIES_TO
RP_SLIP_TERRAIN,P782,APPLIES_TO
RP_SLIP_TERRAIN,P783,APPLIES_TO
RP_SLIP_TERRAIN,P784,APPLIES_TO
RP_SLIP_TERRAIN,P785,APPLIES_TO
RP_SLIP_TERRAIN,P786,APPLIES_TO
RP_SLIP_TERRAIN,P787,APPLIES_TO
RP_SLIP_TERRAIN,P788,APPLIES_TO
RP_SLIP_TERRAIN,P789,APPLIES_TO
RP_SLIP_TERRAIN,P790,APPLIES_TO
RP_SLIP_TERRAIN,P791,APPLIES_TO
RP_SLIP_TERRAIN,P792,APPLIES_TO
RP_SLIP_TERRAIN,P793,APPLIES_TO
RP_SLIP_TERRAIN,P794,APPLIES_TO
RP_SLIP_TERRAIN,P795,APPLIES_TO
RP_SLIP_TERRAIN,P796,APPLIES_TO
RP_SLIP_TERRAIN,P797,APPLIES_TO
RP_SLIP_TERRAIN,P798,APPLIES_TO
RP_SLIP_TERRAIN,P859,APPLIES_TO
RP_SLIP_TERRAIN,P860,APPLIES_TO
RP_SLIP_TERRAIN,P861,APPLIES_TO
RP_SLIP_TERRAIN,P862,APPLIES_TO
RP_SLIP_TERRAIN,P863,APPLIES_TO
RP_SLIP_TERRAIN,P864,APPLIES_TO
RP_SLIP_TERRAIN,P865,APPLIES_TO
RP_SLIP_TERRAIN,P866,APPLIES_TO
RP_SLIP_TERRAIN,P867,APPLIES_TO
RP_SLIP_TERRAIN,P868,APPLIES_TO
RP_SLIP_TERRAIN,P869,APPLIES_TO
RP_SLIP_TERRAIN,P870,APPLIES_TO
RP_SLIP_TERRAIN,P871,APPLIES_TO
RP_SLIP_TERRAIN,P872,APPLIES_TO
RP_SLIP_TERRAIN,P873,APPLIES_TO
RP_SLIP_TERRAIN,P874,APPLIES_TO
RP_SLIP_TERRAIN,P875,APPLIES_TO
RP_SLIP_TERRAIN,P876,APPLIES_TO
RP_SLIP_TERRAIN,P877,APPLIES_TO
RP_SLIP_TERRAIN,P878,APPLIES_TO
RP_SLIP_TERRAIN,P879,APPLIES_TO
RP_SLIP_TERRAIN,P880,APPLIES_TO
RP_SLIP_TERRAIN,P881,APPLIES_TO
RP_SLIP_TERRAIN,P882,APPLIES_TO
RP_SLIP_TERRAIN,P883,APPLIES_TO
RP_SLIP_TERRAIN,P884,APPLIES_TO
RP_SLIP_TERRAIN,P885,APPLIES_TO
RP_SLIP_TERRAIN,P886,APPLIES_TO
RP_SLIP_TERRAIN,P887,APPLIES_TO
RP_SLIP_TERRAIN,P888,APPLIES_TO
RP_SLIP_TERRAIN,P889,APPLIES_TO
RP_SLIP_TERRAIN,P890,APPLIES_TO
RP_SLIP_TERRAIN,P891,APPLIES_TO
RP_MOUNTAIN_01,P005,APPLIES_TO
RP_MOUNTAIN_01,P013,APPLIES_TO
RP_MOUNTAIN_01,P022,APPLIES_TO
RP_MOUNTAIN_01,P030,APPLIES_TO
RP_MOUNTAIN_01,P035,APPLIES_TO
RP_MOUNTAIN_01,P038,APPLIES_TO
RP_MOUNTAIN_01,P049,APPLIES_TO
RP_MOUNTAIN_01,P055,APPLIES_TO
RP_MOUNTAIN_01,P085,APPLIES_TO
RP_MOUNTAIN_01,P104,APPLIES_TO
RP_MOUNTAIN_01,P129,APPLIES_TO
RP_MOUNTAIN_01,P130,APPLIES_TO
RP_MOUNTAIN_01,P139,APPLIES_TO
RP_MOUNTAIN_01,P146,APPLIES_TO
RP_MOUNTAIN_01,P165,APPLIES_TO
RP_MOUNTAIN_01,P171,APPLIES_TO
RP_MOUNTAIN_01,P172,APPLIES_TO
RP_MOUNTAIN_01,P184,APPLIES_TO
RP_MOUNTAIN_01,P189,APPLIES_TO
RP_MOUNTAIN_01,P191,APPLIES_TO
RP_MOUNTAIN_01,P201,APPLIES_TO
RP_MOUNTAIN_01,P207,APPLIES_TO
RP_MOUNTAIN_01,P215,APPLIES_TO
RP_MOUNTAIN_01,P216,APPLIES_TO
RP_MOUNTAIN_01,P220,APPLIES_TO
RP_MOUNTAIN_01,P223,APPLIES_TO
RP_MOUNTAIN_01,P224,APPLIES_TO
RP_MOUNTAIN_01,P227,APPLIES_TO
RP_MOUNTAIN_01,P228,APPLIES_TO
RP_MOUNTAIN_01,P233,APPLIES_TO
RP_MOUNTAIN_01,P238,APPLIES_TO
RP_MOUNTAIN_01,P240,APPLIES_TO
RP_MOUNTAIN_01,P247,APPLIES_TO
RP_MOUNTAIN_01,P255,APPLIES_TO
RP_MOUNTAIN_01,P260,APPLIES_TO
RP_MOUNTAIN_01,P262,APPLIES_TO
RP_MOUNTAIN_01,P267,APPLIES_TO
RP_MOUNTAIN_01,P268,APPLIES_TO
RP_MOUNTAIN_01,P272,APPLIES_TO
RP_MOUNTAIN_01,P279,APPLIES_TO
RP_MOUNTAIN_01,P300,APPLIES_TO
RP_MOUNTAIN_01,P304,APPLIES_TO
RP_MOUNTAIN_01,P307,APPLIES_TO
RP_MOUNTAIN_01,P309,APPLIES_TO
RP_MOUNTAIN_01,P316,APPLIES_TO
RP_MOUNTAIN_01,P319,APPLIES_TO
RP_MOUNTAIN_01,P321,APPLIES_TO
RP_MOUNTAIN_01,P323,APPLIES_TO
RP_MOUNTAIN_01,P325,APPLIES_TO
RP_MOUNTAIN_01,P326,APPLIES_TO
RP_MOUNTAIN_01,P329,APPLIES_TO
RP_MOUNTAIN_01,P334,APPLIES_TO
RP_MOUNTAIN_01,P350,APPLIES_TO
RP_MOUNTAIN_01,P351,APPLIES_TO
RP_MOUNTAIN_01,P353,APPLIES_TO
RP_MOUNTAIN_01,P358,APPLIES_TO
RP_MOUNTAIN_01,P366,APPLIES_TO
RP_MOUNTAIN_01,P373,APPLIES_TO
RP_MOUNTAIN_01,P379,APPLIES_TO
RP_MOUNTAIN_01,P390,APPLIES_TO
RP_MOUNTAIN_01,P391,APPLIES_TO
RP_MOUNTAIN_01,P392,APPLIES_TO
RP_MOUNTAIN_01,P399,APPLIES_TO
RP_MOUNTAIN_01,P404,APPLIES_TO
RP_MOUNTAIN_01,P407,APPLIES_TO
RP_MOUNTAIN_01,P410,APPLIES_TO
RP_MOUNTAIN_01,P411,APPLIES_TO
RP_MOUNTAIN_01,P415,APPLIES_TO
RP_MOUNTAIN_01,P424,APPLIES_TO
RP_MOUNTAIN_01,P429,APPLIES_TO
RP_MOUNTAIN_01,P431,APPLIES_TO
RP_MOUNTAIN_01,P432,APPLIES_TO
RP_MOUNTAIN_01,P436,APPLIES_TO
RP_MOUNTAIN_01,P437,APPLIES_TO
RP_MOUNTAIN_01,P449,APPLIES_TO
RP_MOUNTAIN_01,P452,APPLIES_TO
RP_MOUNTAIN_01,P456,APPLIES_TO
RP_MOUNTAIN_01,P458,APPLIES_TO
RP_MOUNTAIN_01,P466,APPLIES_TO
RP_MOUNTAIN_01,P467,APPLIES_TO
RP_MOUNTAIN_01,P478,APPLIES_TO
RP_MOUNTAIN_01,P483,APPLIES_TO
RP_MOUNTAIN_01,P485,APPLIES_TO
RP_MOUNTAIN_01,P486,APPLIES_TO
RP_MOUNTAIN_01,P487,APPLIES_TO
RP_MOUNTAIN_01,P488,APPLIES_TO
RP_MOUNTAIN_01,P491,APPLIES_TO
RP_MOUNTAIN_01,P493,APPLIES_TO
RP_MOUNTAIN_01,P497,APPLIES_TO
RP_MOUNTAIN_01,P498,APPLIES_TO
RP_MOUNTAIN_01,P503,APPLIES_TO
RP_MOUNTAIN_01,P505,APPLIES_TO
RP_MOUNTAIN_01,P506,APPLIES_TO
RP_MOUNTAIN_01,P513,APPLIES_TO
RP_MOUNTAIN_01,P534,APPLIES_TO
RP_MOUNTAIN_01,P536,APPLIES_TO
RP_MOUNTAIN_01,P537,APPLIES_TO
RP_MOUNTAIN_01,P541,APPLIES_TO
RP_MOUNTAIN_01,P546,APPLIES_TO
RP_MOUNTAIN_01,P549,APPLIES_TO
RP_MOUNTAIN_01,P550,APPLIES_TO
RP_MOUNTAIN_01,P552,APPLIES_TO
RP_MOUNTAIN_01,P554,APPLIES_TO
RP_MOUNTAIN_01,P555,APPLIES_TO
RP_MOUNTAIN_01,P557,APPLIES_TO
RP_MOUNTAIN_01,P560,APPLIES_TO
RP_MOUNTAIN_01,P561,APPLIES_TO
RP_MOUNTAIN_01,P562,APPLIES_TO
RP_MOUNTAIN_01,P566,APPLIES_TO
RP_MOUNTAIN_01,P568,APPLIES_TO
RP_MOUNTAIN_01,P572,APPLIES_TO
RP_MOUNTAIN_01,P577,APPLIES_TO
RP_MOUNTAIN_01,P580,APPLIES_TO
RP_MOUNTAIN_01,P594,APPLIES_TO
RP_MOUNTAIN_01,P596,APPLIES_TO
RP_MOUNTAIN_01,P602,APPLIES_TO
RP_MOUNTAIN_01,P604,APPLIES_TO
RP_MOUNTAIN_01,P606,APPLIES_TO
RP_MOUNTAIN_01,P607,APPLIES_TO
RP_MOUNTAIN_01,P608,APPLIES_TO
RP_MOUNTAIN_01,P609,APPLIES_TO
RP_MOUNTAIN_01,P610,APPLIES_TO
RP_MOUNTAIN_01,P611,APPLIES_TO
RP_MOUNTAIN_01,P612,APPLIES_TO
RP_MOUNTAIN_01,P613,APPLIES_TO
RP_MOUNTAIN_01,P615,APPLIES_TO
RP_MOUNTAIN_01,P616,APPLIES_TO
RP_MOUNTAIN_01,P619,APPLIES_TO
RP_MOUNTAIN_01,P620,APPLIES_TO
RP_MOUNTAIN_01,P621,APPLIES_TO
RP_MOUNTAIN_01,P622,APPLIES_TO
RP_MOUNTAIN_01,P623,APPLIES_TO
RP_MOUNTAIN_01,P624,APPLIES_TO
RP_MOUNTAIN_01,P627,APPLIES_TO
RP_MOUNTAIN_01,P628,APPLIES_TO
RP_MOUNTAIN_01,P632,APPLIES_TO
RP_MOUNTAIN_01,P633,APPLIES_TO
RP_MOUNTAIN_01,P634,APPLIES_TO
RP_MOUNTAIN_01,P739,APPLIES_TO
RP_MOUNTAIN_01,P740,APPLIES_TO
RP_MOUNTAIN_01,P741,APPLIES_TO
RP_MOUNTAIN_01,P742,APPLIES_TO
RP_MOUNTAIN_01,P744,APPLIES_TO
RP_MOUNTAIN_01,P745,APPLIES_TO
RP_MOUNTAIN_01,P746,APPLIES_TO
RP_MOUNTAIN_01,P747,APPLIES_TO
RP_MOUNTAIN_01,P748,APPLIES_TO
RP_MOUNTAIN_01,P749,APPLIES_TO
RP_MOUNTAIN_01,P750,APPLIES_TO
RP_MOUNTAIN_01,P751,APPLIES_TO
RP_MOUNTAIN_01,P752,APPLIES_TO
RP_MOUNTAIN_01,P753,APPLIES_TO
RP_MOUNTAIN_01,P754,APPLIES_TO
RP_MOUNTAIN_01,P755,APPLIES_TO
RP_MOUNTAIN_01,P756,APPLIES_TO
RP_MOUNTAIN_01,P757,APPLIES_TO
RP_MOUNTAIN_01,P758,APPLIES_TO
RP_MOUNTAIN_01,P759,APPLIES_TO
RP_MOUNTAIN_01,P760,APPLIES_TO
RP_MOUNTAIN_01,P761,APPLIES_TO
RP_MOUNTAIN_01,P762,APPLIES_TO
RP_MOUNTAIN_01,P763,APPLIES_TO
RP_MOUNTAIN_01,P764,APPLIES_TO
RP_MOUNTAIN_01,P765,APPLIES_TO
RP_MOUNTAIN_01,P766,APPLIES_TO
RP_MOUNTAIN_01,P767,APPLIES_TO
RP_MOUNTAIN_01,P768,APPLIES_TO
RP_MOUNTAIN_01,P769,APPLIES_TO
RP_MOUNTAIN_01,P770,APPLIES_TO
RP_MOUNTAIN_01,P771,APPLIES_TO
RP_MOUNTAIN_01,P772,APPLIES_TO
RP_MOUNTAIN_01,P773,APPLIES_TO
RP_MOUNTAIN_01,P774,APPLIES_TO
RP_MOUNTAIN_01,P775,APPLIES_TO
RP_MOUNTAIN_01,P776,APPLIES_TO
RP_MOUNTAIN_01,P777,APPLIES_TO
RP_MOUNTAIN_01,P778,APPLIES_TO
RP_MOUNTAIN_01,P779,APPLIES_TO
RP_MOUNTAIN_01,P780,APPLIES_TO
RP_MOUNTAIN_01,P781,APPLIES_TO
RP_MOUNTAIN_01,P782,APPLIES_TO
RP_MOUNTAIN_01,P783,APPLIES_TO
RP_MOUNTAIN_01,P784,APPLIES_TO
RP_MOUNTAIN_01,P785,APPLIES_TO
RP_MOUNTAIN_01,P786,APPLIES_TO
RP_MOUNTAIN_01,P787,APPLIES_TO
RP_MOUNTAIN_01,P788,APPLIES_TO
RP_MOUNTAIN_01,P789,APPLIES_TO
RP_MOUNTAIN_01,P790,APPLIES_TO
RP_MOUNTAIN_01,P791,APPLIES_TO
RP_MOUNTAIN_01,P792,APPLIES_TO
RP_MOUNTAIN_01,P793,APPLIES_TO
RP_MOUNTAIN_01,P794,APPLIES_TO
RP_MOUNTAIN_01,P795,APPLIES_TO
RP_MOUNTAIN_01,P796,APPLIES_TO
RP_MOUNTAIN_01,P797,APPLIES_TO
RP_MOUNTAIN_01,P798,APPLIES_TO
RP_MOUNTAIN_01,P859,APPLIES_TO
RP_MOUNTAIN_01,P860,APPLIES_TO
RP_MOUNTAIN_01,P861,APPLIES_TO
RP_MOUNTAIN_01,P862,APPLIES_TO
RP_MOUNTAIN_01,P863,APPLIES_TO
RP_MOUNTAIN_01,P864,APPLIES_TO
RP_MOUNTAIN_01,P865,APPLIES_TO
RP_MOUNTAIN_01,P866,APPLIES_TO
RP_MOUNTAIN_01,P867,APPLIES_TO
RP_MOUNTAIN_01,P868,APPLIES_TO
RP_MOUNTAIN_01,P869,APPLIES_TO
RP_MOUNTAIN_01,P870,APPLIES_TO
RP_MOUNTAIN_01,P871,APPLIES_TO
RP_MOUNTAIN_01,P872,APPLIES_TO
RP_MOUNTAIN_01,P873,APPLIES_TO
RP_MOUNTAIN_01,P874,APPLIES_TO
RP_MOUNTAIN_01,P875,APPLIES_TO
RP_MOUNTAIN_01,P876,APPLIES_TO
RP_MOUNTAIN_01,P877,APPLIES_TO
RP_MOUNTAIN_01,P878,APPLIES_TO
RP_MOUNTAIN_01,P879,APPLIES_TO
RP_MOUNTAIN_01,P880,APPLIES_TO
RP_MOUNTAIN_01,P881,APPLIES_TO
RP_MOUNTAIN_01,P882,APPLIES_TO
RP_MOUNTAIN_01,P883,APPLIES_TO
RP_MOUNTAIN_01,P884,APPLIES_TO
RP_MOUNTAIN_01,P885,APPLIES_TO
RP_MOUNTAIN_01,P886,APPLIES_TO
RP_MOUNTAIN_01,P887,APPLIES_TO
RP_MOUNTAIN_01,P888,APPLIES_TO
RP_MOUNTAIN_01,P889,APPLIES_TO
RP_MOUNTAIN_01,P890,APPLIES_TO
RP_MOUNTAIN_01,P891,APPLIES_TO
RP_TYPHOON_01,P001,APPLIES_TO
RP_TYPHOON_01,P002,APPLIES_TO
RP_TYPHOON_01,P003,APPLIES_TO
RP_TYPHOON_01,P004,APPLIES_TO
RP_TYPHOON_01,P005,APPLIES_TO
RP_TYPHOON_01,P006,APPLIES_TO
RP_TYPHOON_01,P007,APPLIES_TO
RP_TYPHOON_01,P008,APPLIES_TO
RP_TYPHOON_01,P009,APPLIES_TO
RP_TYPHOON_01,P010,APPLIES_TO
RP_TYPHOON_01,P011,APPLIES_TO
RP_TYPHOON_01,P012,APPLIES_TO
RP_TYPHOON_01,P013,APPLIES_TO
RP_TYPHOON_01,P014,APPLIES_TO
RP_TYPHOON_01,P015,APPLIES_TO
RP_TYPHOON_01,P016,APPLIES_TO
RP_TYPHOON_01,P017,APPLIES_TO
RP_TYPHOON_01,P018,APPLIES_TO
RP_TYPHOON_01,P019,APPLIES_TO
RP_TYPHOON_01,P020,APPLIES_TO
RP_TYPHOON_01,P021,APPLIES_TO
RP_TYPHOON_01,P022,APPLIES_TO
RP_TYPHOON_01,P023,APPLIES_TO
RP_TYPHOON_01,P024,APPLIES_TO
RP_TYPHOON_01,P025,APPLIES_TO
RP_TYPHOON_01,P026,APPLIES_TO
RP_TYPHOON_01,P027,APPLIES_TO
RP_TYPHOON_01,P028,APPLIES_TO
RP_TYPHOON_01,P029,APPLIES_TO
RP_TYPHOON_01,P030,APPLIES_TO
RP_TYPHOON_01,P031,APPLIES_TO
RP_TYPHOON_01,P032,APPLIES_TO
RP_TYPHOON_01,P033,APPLIES_TO
RP_TYPHOON_01,P034,APPLIES_TO
RP_TYPHOON_01,P035,APPLIES_TO
RP_TYPHOON_01,P036,APPLIES_TO
RP_TYPHOON_01,P037,APPLIES_TO
RP_TYPHOON_01,P038,APPLIES_TO
RP_TYPHOON_01,P039,APPLIES_TO
RP_TYPHOON_01,P040,APPLIES_TO
RP_TYPHOON_01,P041,APPLIES_TO
RP_TYPHOON_01,P042,APPLIES_TO
RP_TYPHOON_01,P043,APPLIES_TO
RP_TYPHOON_01,P044,APPLIES_TO
RP_TYPHOON_01,P045,APPLIES_TO
RP_TYPHOON_01,P046,APPLIES_TO
RP_TYPHOON_01,P047,APPLIES_TO
RP_TYPHOON_01,P048,APPLIES_TO
RP_TYPHOON_01,P049,APPLIES_TO
RP_TYPHOON_01,P050,APPLIES_TO
RP_TYPHOON_01,P051,APPLIES_TO
RP_TYPHOON_01,P052,APPLIES_TO
RP_TYPHOON_01,P053,APPLIES_TO
RP_TYPHOON_01,P054,APPLIES_TO
RP_TYPHOON_01,P055,APPLIES_TO
RP_TYPHOON_01,P056,APPLIES_TO
RP_TYPHOON_01,P057,APPLIES_TO
RP_TYPHOON_01,P058,APPLIES_TO
RP_TYPHOON_01,P059,APPLIES_TO
RP_TYPHOON_01,P060,APPLIES_TO
RP_TYPHOON_01,P061,APPLIES_TO
RP_TYPHOON_01,P062,APPLIES_TO
RP_TYPHOON_01,P063,APPLIES_TO
RP_TYPHOON_01,P064,APPLIES_TO
RP_TYPHOON_01,P065,APPLIES_TO
RP_TYPHOON_01,P066,APPLIES_TO
RP_TYPHOON_01,P067,APPLIES_TO
RP_TYPHOON_01,P068,APPLIES_TO
RP_TYPHOON_01,P069,APPLIES_TO
RP_TYPHOON_01,P070,APPLIES_TO
RP_TYPHOON_01,P071,APPLIES_TO
RP_TYPHOON_01,P072,APPLIES_TO
RP_TYPHOON_01,P073,APPLIES_TO
RP_TYPHOON_01,P074,APPLIES_TO
RP_TYPHOON_01,P075,APPLIES_TO
RP_TYPHOON_01,P076,APPLIES_TO
RP_TYPHOON_01,P077,APPLIES_TO
RP_TYPHOON_01,P078,APPLIES_TO
RP_TYPHOON_01,P079,APPLIES_TO
RP_TYPHOON_01,P080,APPLIES_TO
RP_TYPHOON_01,P081,APPLIES_TO
RP_TYPHOON_01,P082,APPLIES_TO
RP_TYPHOON_01,P083,APPLIES_TO
RP_TYPHOON_01,P084,APPLIES_TO
RP_TYPHOON_01,P085,APPLIES_TO
RP_TYPHOON_01,P086,APPLIES_TO
RP_TYPHOON_01,P087,APPLIES_TO
RP_TYPHOON_01,P088,APPLIES_TO
RP_TYPHOON_01,P089,APPLIES_TO
RP_TYPHOON_01,P090,APPLIES_TO
RP_TYPHOON_01,P091,APPLIES_TO
RP_TYPHOON_01,P092,APPLIES_TO
RP_TYPHOON_01,P093,APPLIES_TO
RP_TYPHOON_01,P094,APPLIES_TO
RP_TYPHOON_01,P095,APPLIES_TO
RP_TYPHOON_01,P096,APPLIES_TO
RP_TYPHOON_01,P097,APPLIES_TO
RP_TYPHOON_01,P098,APPLIES_TO
RP_TYPHOON_01,P099,APPLIES_TO
RP_TYPHOON_01,P100,APPLIES_TO
RP_TYPHOON_01,P101,APPLIES_TO
RP_TYPHOON_01,P102,APPLIES_TO
RP_TYPHOON_01,P103,APPLIES_TO
RP_TYPHOON_01,P104,APPLIES_TO
RP_TYPHOON_01,P105,APPLIES_TO
RP_TYPHOON_01,P106,APPLIES_TO
RP_TYPHOON_01,P107,APPLIES_TO
RP_TYPHOON_01,P108,APPLIES_TO
RP_TYPHOON_01,P109,APPLIES_TO
RP_TYPHOON_01,P110,APPLIES_TO
RP_TYPHOON_01,P111,APPLIES_TO
RP_TYPHOON_01,P112,APPLIES_TO
RP_TYPHOON_01,P113,APPLIES_TO
RP_TYPHOON_01,P114,APPLIES_TO
RP_TYPHOON_01,P115,APPLIES_TO
RP_TYPHOON_01,P116,APPLIES_TO
RP_TYPHOON_01,P117,APPLIES_TO
RP_TYPHOON_01,P118,APPLIES_TO
RP_TYPHOON_01,P119,APPLIES_TO
RP_TYPHOON_01,P120,APPLIES_TO
RP_TYPHOON_01,P121,APPLIES_TO
RP_TYPHOON_01,P122,APPLIES_TO
RP_TYPHOON_01,P123,APPLIES_TO
RP_TYPHOON_01,P124,APPLIES_TO
RP_TYPHOON_01,P125,APPLIES_TO
RP_TYPHOON_01,P126,APPLIES_TO
RP_TYPHOON_01,P127,APPLIES_TO
RP_TYPHOON_01,P128,APPLIES_TO
RP_TYPHOON_01,P129,APPLIES_TO
RP_TYPHOON_01,P130,APPLIES_TO
RP_TYPHOON_01,P131,APPLIES_TO
RP_TYPHOON_01,P132,APPLIES_TO
RP_TYPHOON_01,P133,APPLIES_TO
RP_TYPHOON_01,P134,APPLIES_TO
RP_TYPHOON_01,P135,APPLIES_TO
RP_TYPHOON_01,P136,APPLIES_TO
RP_TYPHOON_01,P137,APPLIES_TO
RP_TYPHOON_01,P138,APPLIES_TO
RP_TYPHOON_01,P139,APPLIES_TO
RP_TYPHOON_01,P140,APPLIES_TO
RP_TYPHOON_01,P141,APPLIES_TO
RP_TYPHOON_01,P142,APPLIES_TO
RP_TYPHOON_01,P143,APPLIES_TO
RP_TYPHOON_01,P144,APPLIES_TO
RP_TYPHOON_01,P145,APPLIES_TO
RP_TYPHOON_01,P146,APPLIES_TO
RP_TYPHOON_01,P147,APPLIES_TO
RP_TYPHOON_01,P148,APPLIES_TO
RP_TYPHOON_01,P149,APPLIES_TO
RP_TYPHOON_01,P150,APPLIES_TO
RP_TYPHOON_01,P151,APPLIES_TO
RP_TYPHOON_01,P152,APPLIES_TO
RP_TYPHOON_01,P153,APPLIES_TO
RP_TYPHOON_01,P154,APPLIES_TO
RP_TYPHOON_01,P155,APPLIES_TO
RP_TYPHOON_01,P156,APPLIES_TO
RP_TYPHOON_01,P157,APPLIES_TO
RP_TYPHOON_01,P158,APPLIES_TO
RP_TYPHOON_01,P159,APPLIES_TO
RP_TYPHOON_01,P160,APPLIES_TO
RP_TYPHOON_01,P161,APPLIES_TO
RP_TYPHOON_01,P162,APPLIES_TO
RP_TYPHOON_01,P163,APPLIES_TO
RP_TYPHOON_01,P164,APPLIES_TO
RP_TYPHOON_01,P165,APPLIES_TO
RP_TYPHOON_01,P166,APPLIES_TO
RP_TYPHOON_01,P167,APPLIES_TO
RP_TYPHOON_01,P168,APPLIES_TO
RP_TYPHOON_01,P169,APPLIES_TO
RP_TYPHOON_01,P170,APPLIES_TO
RP_TYPHOON_01,P171,APPLIES_TO
RP_TYPHOON_01,P172,APPLIES_TO
RP_TYPHOON_01,P173,APPLIES_TO
RP_TYPHOON_01,P174,APPLIES_TO
RP_TYPHOON_01,P175,APPLIES_TO
RP_TYPHOON_01,P176,APPLIES_TO
RP_TYPHOON_01,P177,APPLIES_TO
RP_TYPHOON_01,P178,APPLIES_TO
RP_TYPHOON_01,P179,APPLIES_TO
RP_TYPHOON_01,P180,APPLIES_TO
RP_TYPHOON_01,P181,APPLIES_TO
RP_TYPHOON_01,P182,APPLIES_TO
RP_TYPHOON_01,P183,APPLIES_TO
RP_TYPHOON_01,P184,APPLIES_TO
RP_TYPHOON_01,P185,APPLIES_TO
RP_TYPHOON_01,P186,APPLIES_TO
RP_TYPHOON_01,P187,APPLIES_TO
RP_TYPHOON_01,P188,APPLIES_TO
RP_TYPHOON_01,P189,APPLIES_TO
RP_TYPHOON_01,P190,APPLIES_TO
RP_TYPHOON_01,P191,APPLIES_TO
RP_TYPHOON_01,P192,APPLIES_TO
RP_TYPHOON_01,P193,APPLIES_TO
RP_TYPHOON_01,P194,APPLIES_TO
RP_TYPHOON_01,P195,APPLIES_TO
RP_TYPHOON_01,P196,APPLIES_TO
RP_TYPHOON_01,P197,APPLIES_TO
RP_TYPHOON_01,P198,APPLIES_TO
RP_TYPHOON_01,P199,APPLIES_TO
RP_TYPHOON_01,P200,APPLIES_TO
RP_TYPHOON_01,P201,APPLIES_TO
RP_TYPHOON_01,P202,APPLIES_TO
RP_TYPHOON_01,P203,APPLIES_TO
RP_TYPHOON_01,P204,APPLIES_TO
RP_TYPHOON_01,P205,APPLIES_TO
RP_TYPHOON_01,P206,APPLIES_TO
RP_TYPHOON_01,P207,APPLIES_TO
RP_TYPHOON_01,P208,APPLIES_TO
RP_TYPHOON_01,P209,APPLIES_TO
RP_TYPHOON_01,P210,APPLIES_TO
RP_TYPHOON_01,P211,APPLIES_TO
RP_TYPHOON_01,P212,APPLIES_TO
RP_TYPHOON_01,P213,APPLIES_TO
RP_TYPHOON_01,P214,APPLIES_TO
RP_TYPHOON_01,P215,APPLIES_TO
RP_TYPHOON_01,P216,APPLIES_TO
RP_TYPHOON_01,P217,APPLIES_TO
RP_TYPHOON_01,P218,APPLIES_TO
RP_TYPHOON_01,P219,APPLIES_TO
RP_TYPHOON_01,P220,APPLIES_TO
RP_TYPHOON_01,P221,APPLIES_TO
RP_TYPHOON_01,P222,APPLIES_TO
RP_TYPHOON_01,P223,APPLIES_TO
RP_TYPHOON_01,P224,APPLIES_TO
RP_TYPHOON_01,P225,APPLIES_TO
RP_TYPHOON_01,P226,APPLIES_TO
RP_TYPHOON_01,P227,APPLIES_TO
RP_TYPHOON_01,P228,APPLIES_TO
RP_TYPHOON_01,P229,APPLIES_TO
RP_TYPHOON_01,P230,APPLIES_TO
RP_TYPHOON_01,P231,APPLIES_TO
RP_TYPHOON_01,P232,APPLIES_TO
RP_TYPHOON_01,P233,APPLIES_TO
RP_TYPHOON_01,P234,APPLIES_TO
RP_TYPHOON_01,P235,APPLIES_TO
RP_TYPHOON_01,P236,APPLIES_TO
RP_TYPHOON_01,P237,APPLIES_TO
RP_TYPHOON_01,P238,APPLIES_TO
RP_TYPHOON_01,P239,APPLIES_TO
RP_TYPHOON_01,P240,APPLIES_TO
RP_TYPHOON_01,P241,APPLIES_TO
RP_TYPHOON_01,P242,APPLIES_TO
RP_TYPHOON_01,P243,APPLIES_TO
RP_TYPHOON_01,P244,APPLIES_TO
RP_TYPHOON_01,P245,APPLIES_TO
RP_TYPHOON_01,P246,APPLIES_TO
RP_TYPHOON_01,P247,APPLIES_TO
RP_TYPHOON_01,P248,APPLIES_TO
RP_TYPHOON_01,P249,APPLIES_TO
RP_TYPHOON_01,P250,APPLIES_TO
RP_TYPHOON_01,P251,APPLIES_TO
RP_TYPHOON_01,P252,APPLIES_TO
RP_TYPHOON_01,P253,APPLIES_TO
RP_TYPHOON_01,P254,APPLIES_TO
RP_TYPHOON_01,P255,APPLIES_TO
RP_TYPHOON_01,P256,APPLIES_TO
RP_TYPHOON_01,P257,APPLIES_TO
RP_TYPHOON_01,P258,APPLIES_TO
RP_TYPHOON_01,P259,APPLIES_TO
RP_TYPHOON_01,P260,APPLIES_TO
RP_TYPHOON_01,P261,APPLIES_TO
RP_TYPHOON_01,P262,APPLIES_TO
RP_TYPHOON_01,P263,APPLIES_TO
RP_TYPHOON_01,P264,APPLIES_TO
RP_TYPHOON_01,P265,APPLIES_TO
RP_TYPHOON_01,P266,APPLIES_TO
RP_TYPHOON_01,P267,APPLIES_TO
RP_TYPHOON_01,P268,APPLIES_TO
RP_TYPHOON_01,P269,APPLIES_TO
RP_TYPHOON_01,P270,APPLIES_TO
RP_TYPHOON_01,P271,APPLIES_TO
RP_TYPHOON_01,P272,APPLIES_TO
RP_TYPHOON_01,P273,APPLIES_TO
RP_TYPHOON_01,P274,APPLIES_TO
RP_TYPHOON_01,P275,APPLIES_TO
RP_TYPHOON_01,P276,APPLIES_TO
RP_TYPHOON_01,P277,APPLIES_TO
RP_TYPHOON_01,P278,APPLIES_TO
RP_TYPHOON_01,P279,APPLIES_TO
RP_TYPHOON_01,P280,APPLIES_TO
RP_TYPHOON_01,P281,APPLIES_TO
RP_TYPHOON_01,P282,APPLIES_TO
RP_TYPHOON_01,P283,APPLIES_TO
RP_TYPHOON_01,P284,APPLIES_TO
RP_TYPHOON_01,P285,APPLIES_TO
RP_TYPHOON_01,P286,APPLIES_TO
RP_TYPHOON_01,P287,APPLIES_TO
RP_TYPHOON_01,P288,APPLIES_TO
RP_TYPHOON_01,P289,APPLIES_TO
RP_TYPHOON_01,P290,APPLIES_TO
RP_TYPHOON_01,P291,APPLIES_TO
RP_TYPHOON_01,P292,APPLIES_TO
RP_TYPHOON_01,P293,APPLIES_TO
RP_TYPHOON_01,P294,APPLIES_TO
RP_TYPHOON_01,P295,APPLIES_TO
RP_TYPHOON_01,P296,APPLIES_TO
RP_TYPHOON_01,P297,APPLIES_TO
RP_TYPHOON_01,P298,APPLIES_TO
RP_TYPHOON_01,P299,APPLIES_TO
RP_TYPHOON_01,P300,APPLIES_TO
RP_TYPHOON_01,P301,APPLIES_TO
RP_TYPHOON_01,P302,APPLIES_TO
RP_TYPHOON_01,P303,APPLIES_TO
RP_TYPHOON_01,P304,APPLIES_TO
RP_TYPHOON_01,P305,APPLIES_TO
RP_TYPHOON_01,P306,APPLIES_TO
RP_TYPHOON_01,P307,APPLIES_TO
RP_TYPHOON_01,P308,APPLIES_TO
RP_TYPHOON_01,P309,APPLIES_TO
RP_TYPHOON_01,P310,APPLIES_TO
RP_TYPHOON_01,P311,APPLIES_TO
RP_TYPHOON_01,P312,APPLIES_TO
RP_TYPHOON_01,P313,APPLIES_TO
RP_TYPHOON_01,P314,APPLIES_TO
RP_TYPHOON_01,P315,APPLIES_TO
RP_TYPHOON_01,P316,APPLIES_TO
RP_TYPHOON_01,P317,APPLIES_TO
RP_TYPHOON_01,P318,APPLIES_TO
RP_TYPHOON_01,P319,APPLIES_TO
RP_TYPHOON_01,P320,APPLIES_TO
RP_TYPHOON_01,P321,APPLIES_TO
RP_TYPHOON_01,P322,APPLIES_TO
RP_TYPHOON_01,P323,APPLIES_TO
RP_TYPHOON_01,P324,APPLIES_TO
RP_TYPHOON_01,P325,APPLIES_TO
RP_TYPHOON_01,P326,APPLIES_TO
RP_TYPHOON_01,P327,APPLIES_TO
RP_TYPHOON_01,P328,APPLIES_TO
RP_TYPHOON_01,P329,APPLIES_TO
RP_TYPHOON_01,P330,APPLIES_TO
RP_TYPHOON_01,P331,APPLIES_TO
RP_TYPHOON_01,P332,APPLIES_TO
RP_TYPHOON_01,P333,APPLIES_TO
RP_TYPHOON_01,P334,APPLIES_TO
RP_TYPHOON_01,P335,APPLIES_TO
RP_TYPHOON_01,P336,APPLIES_TO
RP_TYPHOON_01,P337,APPLIES_TO
RP_TYPHOON_01,P338,APPLIES_TO
RP_TYPHOON_01,P339,APPLIES_TO
RP_TYPHOON_01,P340,APPLIES_TO
RP_TYPHOON_01,P341,APPLIES_TO
RP_TYPHOON_01,P342,APPLIES_TO
RP_TYPHOON_01,P343,APPLIES_TO
RP_TYPHOON_01,P344,APPLIES_TO
RP_TYPHOON_01,P345,APPLIES_TO
RP_TYPHOON_01,P346,APPLIES_TO
RP_TYPHOON_01,P347,APPLIES_TO
RP_TYPHOON_01,P348,APPLIES_TO
RP_TYPHOON_01,P349,APPLIES_TO
RP_TYPHOON_01,P350,APPLIES_TO
RP_TYPHOON_01,P351,APPLIES_TO
RP_TYPHOON_01,P352,APPLIES_TO
RP_TYPHOON_01,P353,APPLIES_TO
RP_TYPHOON_01,P354,APPLIES_TO
RP_TYPHOON_01,P355,APPLIES_TO
RP_TYPHOON_01,P356,APPLIES_TO
RP_TYPHOON_01,P357,APPLIES_TO
RP_TYPHOON_01,P358,APPLIES_TO
RP_TYPHOON_01,P359,APPLIES_TO
RP_TYPHOON_01,P360,APPLIES_TO
RP_TYPHOON_01,P361,APPLIES_TO
RP_TYPHOON_01,P362,APPLIES_TO
RP_TYPHOON_01,P363,APPLIES_TO
RP_TYPHOON_01,P364,APPLIES_TO
RP_TYPHOON_01,P365,APPLIES_TO
RP_TYPHOON_01,P366,APPLIES_TO
RP_TYPHOON_01,P367,APPLIES_TO
RP_TYPHOON_01,P368,APPLIES_TO
RP_TYPHOON_01,P369,APPLIES_TO
RP_TYPHOON_01,P370,APPLIES_TO
RP_TYPHOON_01,P371,APPLIES_TO
RP_TYPHOON_01,P372,APPLIES_TO
RP_TYPHOON_01,P373,APPLIES_TO
RP_TYPHOON_01,P374,APPLIES_TO
RP_TYPHOON_01,P375,APPLIES_TO
RP_TYPHOON_01,P376,APPLIES_TO
RP_TYPHOON_01,P377,APPLIES_TO
RP_TYPHOON_01,P378,APPLIES_TO
RP_TYPHOON_01,P379,APPLIES_TO
RP_TYPHOON_01,P380,APPLIES_TO
RP_TYPHOON_01,P381,APPLIES_TO
RP_TYPHOON_01,P382,APPLIES_TO
RP_TYPHOON_01,P383,APPLIES_TO
RP_TYPHOON_01,P384,APPLIES_TO
RP_TYPHOON_01,P385,APPLIES_TO
RP_TYPHOON_01,P386,APPLIES_TO
RP_TYPHOON_01,P387,APPLIES_TO
RP_TYPHOON_01,P388,APPLIES_TO
RP_TYPHOON_01,P389,APPLIES_TO
RP_TYPHOON_01,P390,APPLIES_TO
RP_TYPHOON_01,P391,APPLIES_TO
RP_TYPHOON_01,P392,APPLIES_TO
RP_TYPHOON_01,P393,APPLIES_TO
RP_TYPHOON_01,P394,APPLIES_TO
RP_TYPHOON_01,P395,APPLIES_TO
RP_TYPHOON_01,P396,APPLIES_TO
RP_TYPHOON_01,P397,APPLIES_TO
RP_TYPHOON_01,P398,APPLIES_TO
RP_TYPHOON_01,P399,APPLIES_TO
RP_TYPHOON_01,P400,APPLIES_TO
RP_TYPHOON_01,P401,APPLIES_TO
RP_TYPHOON_01,P402,APPLIES_TO
RP_TYPHOON_01,P403,APPLIES_TO
RP_TYPHOON_01,P404,APPLIES_TO
RP_TYPHOON_01,P405,APPLIES_TO
RP_TYPHOON_01,P406,APPLIES_TO
RP_TYPHOON_01,P407,APPLIES_TO
RP_TYPHOON_01,P408,APPLIES_TO
RP_TYPHOON_01,P409,APPLIES_TO
RP_TYPHOON_01,P410,APPLIES_TO
RP_TYPHOON_01,P411,APPLIES_TO
RP_TYPHOON_01,P412,APPLIES_TO
RP_TYPHOON_01,P413,APPLIES_TO
RP_TYPHOON_01,P414,APPLIES_TO
RP_TYPHOON_01,P415,APPLIES_TO
RP_TYPHOON_01,P416,APPLIES_TO
RP_TYPHOON_01,P417,APPLIES_TO
RP_TYPHOON_01,P418,APPLIES_TO
RP_TYPHOON_01,P419,APPLIES_TO
RP_TYPHOON_01,P420,APPLIES_TO
RP_TYPHOON_01,P421,APPLIES_TO
RP_TYPHOON_01,P422,APPLIES_TO
RP_TYPHOON_01,P423,APPLIES_TO
RP_TYPHOON_01,P424,APPLIES_TO
RP_TYPHOON_01,P425,APPLIES_TO
RP_TYPHOON_01,P426,APPLIES_TO
RP_TYPHOON_01,P427,APPLIES_TO
RP_TYPHOON_01,P428,APPLIES_TO
RP_TYPHOON_01,P429,APPLIES_TO
RP_TYPHOON_01,P430,APPLIES_TO
RP_TYPHOON_01,P431,APPLIES_TO
RP_TYPHOON_01,P432,APPLIES_TO
RP_TYPHOON_01,P433,APPLIES_TO
RP_TYPHOON_01,P434,APPLIES_TO
RP_TYPHOON_01,P435,APPLIES_TO
RP_TYPHOON_01,P436,APPLIES_TO
RP_TYPHOON_01,P437,APPLIES_TO
RP_TYPHOON_01,P438,APPLIES_TO
RP_TYPHOON_01,P439,APPLIES_TO
RP_TYPHOON_01,P440,APPLIES_TO
RP_TYPHOON_01,P441,APPLIES_TO
RP_TYPHOON_01,P442,APPLIES_TO
RP_TYPHOON_01,P443,APPLIES_TO
RP_TYPHOON_01,P444,APPLIES_TO
RP_TYPHOON_01,P445,APPLIES_TO
RP_TYPHOON_01,P446,APPLIES_TO
RP_TYPHOON_01,P447,APPLIES_TO
RP_TYPHOON_01,P448,APPLIES_TO
RP_TYPHOON_01,P449,APPLIES_TO
RP_TYPHOON_01,P450,APPLIES_TO
RP_TYPHOON_01,P451,APPLIES_TO
RP_TYPHOON_01,P452,APPLIES_TO
RP_TYPHOON_01,P453,APPLIES_TO
RP_TYPHOON_01,P454,APPLIES_TO
RP_TYPHOON_01,P455,APPLIES_TO
RP_TYPHOON_01,P456,APPLIES_TO
RP_TYPHOON_01,P457,APPLIES_TO
RP_TYPHOON_01,P458,APPLIES_TO
RP_TYPHOON_01,P459,APPLIES_TO
RP_TYPHOON_01,P460,APPLIES_TO
RP_TYPHOON_01,P461,APPLIES_TO
RP_TYPHOON_01,P462,APPLIES_TO
RP_TYPHOON_01,P463,APPLIES_TO
RP_TYPHOON_01,P464,APPLIES_TO
RP_TYPHOON_01,P465,APPLIES_TO
RP_TYPHOON_01,P466,APPLIES_TO
RP_TYPHOON_01,P467,APPLIES_TO
RP_TYPHOON_01,P468,APPLIES_TO
RP_TYPHOON_01,P469,APPLIES_TO
RP_TYPHOON_01,P470,APPLIES_TO
RP_TYPHOON_01,P471,APPLIES_TO
RP_TYPHOON_01,P472,APPLIES_TO
RP_TYPHOON_01,P473,APPLIES_TO
RP_TYPHOON_01,P474,APPLIES_TO
RP_TYPHOON_01,P475,APPLIES_TO
RP_TYPHOON_01,P476,APPLIES_TO
RP_TYPHOON_01,P477,APPLIES_TO
RP_TYPHOON_01,P478,APPLIES_TO
RP_TYPHOON_01,P479,APPLIES_TO
RP_TYPHOON_01,P480,APPLIES_TO
RP_TYPHOON_01,P481,APPLIES_TO
RP_TYPHOON_01,P482,APPLIES_TO
RP_TYPHOON_01,P483,APPLIES_TO
RP_TYPHOON_01,P484,APPLIES_TO
RP_TYPHOON_01,P485,APPLIES_TO
RP_TYPHOON_01,P486,APPLIES_TO
RP_TYPHOON_01,P487,APPLIES_TO
RP_TYPHOON_01,P488,APPLIES_TO
RP_TYPHOON_01,P489,APPLIES_TO
RP_TYPHOON_01,P490,APPLIES_TO
RP_TYPHOON_01,P491,APPLIES_TO
RP_TYPHOON_01,P492,APPLIES_TO
RP_TYPHOON_01,P493,APPLIES_TO
RP_TYPHOON_01,P494,APPLIES_TO
RP_TYPHOON_01,P495,APPLIES_TO
RP_TYPHOON_01,P496,APPLIES_TO
RP_TYPHOON_01,P497,APPLIES_TO
RP_TYPHOON_01,P498,APPLIES_TO
RP_TYPHOON_01,P499,APPLIES_TO
RP_TYPHOON_01,P500,APPLIES_TO
RP_TYPHOON_01,P501,APPLIES_TO
RP_TYPHOON_01,P502,APPLIES_TO
RP_TYPHOON_01,P503,APPLIES_TO
RP_TYPHOON_01,P504,APPLIES_TO
RP_TYPHOON_01,P505,APPLIES_TO
RP_TYPHOON_01,P506,APPLIES_TO
RP_TYPHOON_01,P507,APPLIES_TO
RP_TYPHOON_01,P508,APPLIES_TO
RP_TYPHOON_01,P509,APPLIES_TO
RP_TYPHOON_01,P510,APPLIES_TO
RP_TYPHOON_01,P511,APPLIES_TO
RP_TYPHOON_01,P512,APPLIES_TO
RP_TYPHOON_01,P513,APPLIES_TO
RP_TYPHOON_01,P514,APPLIES_TO
RP_TYPHOON_01,P515,APPLIES_TO
RP_TYPHOON_01,P516,APPLIES_TO
RP_TYPHOON_01,P517,APPLIES_TO
RP_TYPHOON_01,P518,APPLIES_TO
RP_TYPHOON_01,P519,APPLIES_TO
RP_TYPHOON_01,P520,APPLIES_TO
RP_TYPHOON_01,P521,APPLIES_TO
RP_TYPHOON_01,P522,APPLIES_TO
RP_TYPHOON_01,P523,APPLIES_TO
RP_TYPHOON_01,P524,APPLIES_TO
RP_TYPHOON_01,P525,APPLIES_TO
RP_TYPHOON_01,P526,APPLIES_TO
RP_TYPHOON_01,P527,APPLIES_TO
RP_TYPHOON_01,P528,APPLIES_TO
RP_TYPHOON_01,P529,APPLIES_TO
RP_TYPHOON_01,P530,APPLIES_TO
RP_TYPHOON_01,P531,APPLIES_TO
RP_TYPHOON_01,P532,APPLIES_TO
RP_TYPHOON_01,P533,APPLIES_TO
RP_TYPHOON_01,P534,APPLIES_TO
RP_TYPHOON_01,P535,APPLIES_TO
RP_TYPHOON_01,P536,APPLIES_TO
RP_TYPHOON_01,P537,APPLIES_TO
RP_TYPHOON_01,P538,APPLIES_TO
RP_TYPHOON_01,P539,APPLIES_TO
RP_TYPHOON_01,P540,APPLIES_TO
RP_TYPHOON_01,P541,APPLIES_TO
RP_TYPHOON_01,P542,APPLIES_TO
RP_TYPHOON_01,P543,APPLIES_TO
RP_TYPHOON_01,P544,APPLIES_TO
RP_TYPHOON_01,P545,APPLIES_TO
RP_TYPHOON_01,P546,APPLIES_TO
RP_TYPHOON_01,P547,APPLIES_TO
RP_TYPHOON_01,P548,APPLIES_TO
RP_TYPHOON_01,P549,APPLIES_TO
RP_TYPHOON_01,P550,APPLIES_TO
RP_TYPHOON_01,P551,APPLIES_TO
RP_TYPHOON_01,P552,APPLIES_TO
RP_TYPHOON_01,P553,APPLIES_TO
RP_TYPHOON_01,P554,APPLIES_TO
RP_TYPHOON_01,P555,APPLIES_TO
RP_TYPHOON_01,P556,APPLIES_TO
RP_TYPHOON_01,P557,APPLIES_TO
RP_TYPHOON_01,P558,APPLIES_TO
RP_TYPHOON_01,P559,APPLIES_TO
RP_TYPHOON_01,P560,APPLIES_TO
RP_TYPHOON_01,P561,APPLIES_TO
RP_TYPHOON_01,P562,APPLIES_TO
RP_TYPHOON_01,P563,APPLIES_TO
RP_TYPHOON_01,P564,APPLIES_TO
RP_TYPHOON_01,P565,APPLIES_TO
RP_TYPHOON_01,P566,APPLIES_TO
RP_TYPHOON_01,P567,APPLIES_TO
RP_TYPHOON_01,P568,APPLIES_TO
RP_TYPHOON_01,P569,APPLIES_TO
RP_TYPHOON_01,P570,APPLIES_TO
RP_TYPHOON_01,P571,APPLIES_TO
RP_TYPHOON_01,P572,APPLIES_TO
RP_TYPHOON_01,P573,APPLIES_TO
RP_TYPHOON_01,P574,APPLIES_TO
RP_TYPHOON_01,P575,APPLIES_TO
RP_TYPHOON_01,P576,APPLIES_TO
RP_TYPHOON_01,P577,APPLIES_TO
RP_TYPHOON_01,P578,APPLIES_TO
RP_TYPHOON_01,P579,APPLIES_TO
RP_TYPHOON_01,P580,APPLIES_TO
RP_TYPHOON_01,P581,APPLIES_TO
RP_TYPHOON_01,P582,APPLIES_TO
RP_TYPHOON_01,P583,APPLIES_TO
RP_TYPHOON_01,P584,APPLIES_TO
RP_TYPHOON_01,P585,APPLIES_TO
RP_TYPHOON_01,P586,APPLIES_TO
RP_TYPHOON_01,P587,APPLIES_TO
RP_TYPHOON_01,P588,APPLIES_TO
RP_TYPHOON_01,P589,APPLIES_TO
RP_TYPHOON_01,P590,APPLIES_TO
RP_TYPHOON_01,P591,APPLIES_TO
RP_TYPHOON_01,P592,APPLIES_TO
RP_TYPHOON_01,P593,APPLIES_TO
RP_TYPHOON_01,P594,APPLIES_TO
RP_TYPHOON_01,P595,APPLIES_TO
RP_TYPHOON_01,P596,APPLIES_TO
RP_TYPHOON_01,P597,APPLIES_TO
RP_TYPHOON_01,P598,APPLIES_TO
RP_TYPHOON_01,P599,APPLIES_TO
RP_TYPHOON_01,P600,APPLIES_TO
RP_TYPHOON_01,P601,APPLIES_TO
RP_TYPHOON_01,P602,APPLIES_TO
RP_TYPHOON_01,P603,APPLIES_TO
RP_TYPHOON_01,P604,APPLIES_TO
RP_TYPHOON_01,P605,APPLIES_TO
RP_TYPHOON_01,P606,APPLIES_TO
RP_TYPHOON_01,P607,APPLIES_TO
RP_TYPHOON_01,P608,APPLIES_TO
RP_TYPHOON_01,P609,APPLIES_TO
RP_TYPHOON_01,P610,APPLIES_TO
RP_TYPHOON_01,P611,APPLIES_TO
RP_TYPHOON_01,P612,APPLIES_TO
RP_TYPHOON_01,P613,APPLIES_TO
RP_TYPHOON_01,P614,APPLIES_TO
RP_TYPHOON_01,P615,APPLIES_TO
RP_TYPHOON_01,P616,APPLIES_TO
RP_TYPHOON_01,P617,APPLIES_TO
RP_TYPHOON_01,P618,APPLIES_TO
RP_TYPHOON_01,P619,APPLIES_TO
RP_TYPHOON_01,P620,APPLIES_TO
RP_TYPHOON_01,P621,APPLIES_TO
RP_TYPHOON_01,P622,APPLIES_TO
RP_TYPHOON_01,P623,APPLIES_TO
RP_TYPHOON_01,P624,APPLIES_TO
RP_TYPHOON_01,P625,APPLIES_TO
RP_TYPHOON_01,P626,APPLIES_TO
RP_TYPHOON_01,P627,APPLIES_TO
RP_TYPHOON_01,P628,APPLIES_TO
RP_TYPHOON_01,P629,APPLIES_TO
RP_TYPHOON_01,P630,APPLIES_TO
RP_TYPHOON_01,P631,APPLIES_TO
RP_TYPHOON_01,P632,APPLIES_TO
RP_TYPHOON_01,P633,APPLIES_TO
RP_TYPHOON_01,P634,APPLIES_TO
RP_TYPHOON_01,P635,APPLIES_TO
RP_TYPHOON_01,P636,APPLIES_TO
RP_TYPHOON_01,P637,APPLIES_TO
RP_TYPHOON_01,P638,APPLIES_TO
RP_TYPHOON_01,P639,APPLIES_TO
RP_TYPHOON_01,P640,APPLIES_TO
RP_TYPHOON_01,P641,APPLIES_TO
RP_TYPHOON_01,P642,APPLIES_TO
RP_TYPHOON_01,P643,APPLIES_TO
RP_TYPHOON_01,P644,APPLIES_TO
RP_TYPHOON_01,P645,APPLIES_TO
RP_TYPHOON_01,P646,APPLIES_TO
RP_TYPHOON_01,P647,APPLIES_TO
RP_TYPHOON_01,P648,APPLIES_TO
RP_TYPHOON_01,P649,APPLIES_TO
RP_TYPHOON_01,P650,APPLIES_TO
RP_TYPHOON_01,P651,APPLIES_TO
RP_TYPHOON_01,P652,APPLIES_TO
RP_TYPHOON_01,P653,APPLIES_TO
RP_TYPHOON_01,P654,APPLIES_TO
RP_TYPHOON_01,P655,APPLIES_TO
RP_TYPHOON_01,P656,APPLIES_TO
RP_TYPHOON_01,P657,APPLIES_TO
RP_TYPHOON_01,P658,APPLIES_TO
RP_TYPHOON_01,P659,APPLIES_TO
RP_TYPHOON_01,P660,APPLIES_TO
RP_TYPHOON_01,P661,APPLIES_TO
RP_TYPHOON_01,P662,APPLIES_TO
RP_TYPHOON_01,P663,APPLIES_TO
RP_TYPHOON_01,P664,APPLIES_TO
RP_TYPHOON_01,P665,APPLIES_TO
RP_TYPHOON_01,P666,APPLIES_TO
RP_TYPHOON_01,P667,APPLIES_TO
RP_TYPHOON_01,P668,APPLIES_TO
RP_TYPHOON_01,P669,APPLIES_TO
RP_TYPHOON_01,P670,APPLIES_TO
RP_TYPHOON_01,P671,APPLIES_TO
RP_TYPHOON_01,P672,APPLIES_TO
RP_TYPHOON_01,P673,APPLIES_TO
RP_TYPHOON_01,P674,APPLIES_TO
RP_TYPHOON_01,P675,APPLIES_TO
RP_TYPHOON_01,P676,APPLIES_TO
RP_TYPHOON_01,P677,APPLIES_TO
RP_TYPHOON_01,P678,APPLIES_TO
RP_TYPHOON_01,P679,APPLIES_TO
RP_TYPHOON_01,P680,APPLIES_TO
RP_TYPHOON_01,P681,APPLIES_TO
RP_TYPHOON_01,P682,APPLIES_TO
RP_TYPHOON_01,P683,APPLIES_TO
RP_TYPHOON_01,P684,APPLIES_TO
RP_TYPHOON_01,P685,APPLIES_TO
RP_TYPHOON_01,P686,APPLIES_TO
RP_TYPHOON_01,P687,APPLIES_TO
RP_TYPHOON_01,P688,APPLIES_TO
RP_TYPHOON_01,P689,APPLIES_TO
RP_TYPHOON_01,P690,APPLIES_TO
RP_TYPHOON_01,P691,APPLIES_TO
RP_TYPHOON_01,P692,APPLIES_TO
RP_TYPHOON_01,P693,APPLIES_TO
RP_TYPHOON_01,P694,APPLIES_TO
RP_TYPHOON_01,P695,APPLIES_TO
RP_TYPHOON_01,P696,APPLIES_TO
RP_TYPHOON_01,P697,APPLIES_TO
RP_TYPHOON_01,P698,APPLIES_TO
RP_TYPHOON_01,P699,APPLIES_TO
RP_TYPHOON_01,P700,APPLIES_TO
RP_TYPHOON_01,P701,APPLIES_TO
RP_TYPHOON_01,P702,APPLIES_TO
RP_TYPHOON_01,P703,APPLIES_TO
RP_TYPHOON_01,P704,APPLIES_TO
RP_TYPHOON_01,P705,APPLIES_TO
RP_TYPHOON_01,P706,APPLIES_TO
RP_TYPHOON_01,P707,APPLIES_TO
RP_TYPHOON_01,P708,APPLIES_TO
RP_TYPHOON_01,P709,APPLIES_TO
RP_TYPHOON_01,P710,APPLIES_TO
RP_TYPHOON_01,P711,APPLIES_TO
RP_TYPHOON_01,P712,APPLIES_TO
RP_TYPHOON_01,P713,APPLIES_TO
RP_TYPHOON_01,P714,APPLIES_TO
RP_TYPHOON_01,P715,APPLIES_TO
RP_TYPHOON_01,P716,APPLIES_TO
RP_TYPHOON_01,P717,APPLIES_TO
RP_TYPHOON_01,P718,APPLIES_TO
RP_TYPHOON_01,P719,APPLIES_TO
RP_TYPHOON_01,P720,APPLIES_TO
RP_TYPHOON_01,P721,APPLIES_TO
RP_TYPHOON_01,P722,APPLIES_TO
RP_TYPHOON_01,P723,APPLIES_TO
RP_TYPHOON_01,P724,APPLIES_TO
RP_TYPHOON_01,P725,APPLIES_TO
RP_TYPHOON_01,P726,APPLIES_TO
RP_TYPHOON_01,P727,APPLIES_TO
RP_TYPHOON_01,P728,APPLIES_TO
RP_TYPHOON_01,P729,APPLIES_TO
RP_TYPHOON_01,P730,APPLIES_TO
RP_TYPHOON_01,P731,APPLIES_TO
RP_TYPHOON_01,P732,APPLIES_TO
RP_TYPHOON_01,P733,APPLIES_TO
RP_TYPHOON_01,P734,APPLIES_TO
RP_TYPHOON_01,P735,APPLIES_TO
RP_TYPHOON_01,P736,APPLIES_TO
RP_TYPHOON_01,P737,APPLIES_TO
RP_TYPHOON_01,P738,APPLIES_TO
RP_TYPHOON_01,P739,APPLIES_TO
RP_TYPHOON_01,P740,APPLIES_TO
RP_TYPHOON_01,P741,APPLIES_TO
RP_TYPHOON_01,P742,APPLIES_TO
RP_TYPHOON_01,P743,APPLIES_TO
RP_TYPHOON_01,P744,APPLIES_TO
RP_TYPHOON_01,P745,APPLIES_TO
RP_TYPHOON_01,P746,APPLIES_TO
RP_TYPHOON_01,P747,APPLIES_TO
RP_TYPHOON_01,P748,APPLIES_TO
RP_TYPHOON_01,P749,APPLIES_TO
RP_TYPHOON_01,P750,APPLIES_TO
RP_TYPHOON_01,P751,APPLIES_TO
RP_TYPHOON_01,P752,APPLIES_TO
RP_TYPHOON_01,P753,APPLIES_TO
RP_TYPHOON_01,P754,APPLIES_TO
RP_TYPHOON_01,P755,APPLIES_TO
RP_TYPHOON_01,P756,APPLIES_TO
RP_TYPHOON_01,P757,APPLIES_TO
RP_TYPHOON_01,P758,APPLIES_TO
RP_TYPHOON_01,P759,APPLIES_TO
RP_TYPHOON_01,P760,APPLIES_TO
RP_TYPHOON_01,P761,APPLIES_TO
RP_TYPHOON_01,P762,APPLIES_TO
RP_TYPHOON_01,P763,APPLIES_TO
RP_TYPHOON_01,P764,APPLIES_TO
RP_TYPHOON_01,P765,APPLIES_TO
RP_TYPHOON_01,P766,APPLIES_TO
RP_TYPHOON_01,P767,APPLIES_TO
RP_TYPHOON_01,P768,APPLIES_TO
RP_TYPHOON_01,P769,APPLIES_TO
RP_TYPHOON_01,P770,APPLIES_TO
RP_TYPHOON_01,P771,APPLIES_TO
RP_TYPHOON_01,P772,APPLIES_TO
RP_TYPHOON_01,P773,APPLIES_TO
RP_TYPHOON_01,P774,APPLIES_TO
RP_TYPHOON_01,P775,APPLIES_TO
RP_TYPHOON_01,P776,APPLIES_TO
RP_TYPHOON_01,P777,APPLIES_TO
RP_TYPHOON_01,P778,APPLIES_TO
RP_TYPHOON_01,P779,APPLIES_TO
RP_TYPHOON_01,P780,APPLIES_TO
RP_TYPHOON_01,P781,APPLIES_TO
RP_TYPHOON_01,P782,APPLIES_TO
RP_TYPHOON_01,P783,APPLIES_TO
RP_TYPHOON_01,P784,APPLIES_TO
RP_TYPHOON_01,P785,APPLIES_TO
RP_TYPHOON_01,P786,APPLIES_TO
RP_TYPHOON_01,P787,APPLIES_TO
RP_TYPHOON_01,P788,APPLIES_TO
RP_TYPHOON_01,P789,APPLIES_TO
RP_TYPHOON_01,P790,APPLIES_TO
RP_TYPHOON_01,P791,APPLIES_TO
RP_TYPHOON_01,P792,APPLIES_TO
RP_TYPHOON_01,P793,APPLIES_TO
RP_TYPHOON_01,P794,APPLIES_TO
RP_TYPHOON_01,P795,APPLIES_TO
RP_TYPHOON_01,P796,APPLIES_TO
RP_TYPHOON_01,P797,APPLIES_TO
RP_TYPHOON_01,P798,APPLIES_TO
RP_TYPHOON_01,P799,APPLIES_TO
RP_TYPHOON_01,P800,APPLIES_TO
RP_TYPHOON_01,P801,APPLIES_TO
RP_TYPHOON_01,P802,APPLIES_TO
RP_TYPHOON_01,P803,APPLIES_TO
RP_TYPHOON_01,P804,APPLIES_TO
RP_TYPHOON_01,P805,APPLIES_TO
RP_TYPHOON_01,P806,APPLIES_TO
RP_TYPHOON_01,P807,APPLIES_TO
RP_TYPHOON_01,P808,APPLIES_TO
RP_TYPHOON_01,P809,APPLIES_TO
RP_TYPHOON_01,P810,APPLIES_TO
RP_TYPHOON_01,P811,APPLIES_TO
RP_TYPHOON_01,P812,APPLIES_TO
RP_TYPHOON_01,P813,APPLIES_TO
RP_TYPHOON_01,P814,APPLIES_TO
RP_TYPHOON_01,P815,APPLIES_TO
RP_TYPHOON_01,P816,APPLIES_TO
RP_TYPHOON_01,P817,APPLIES_TO
RP_TYPHOON_01,P818,APPLIES_TO
RP_TYPHOON_01,P819,APPLIES_TO
RP_TYPHOON_01,P820,APPLIES_TO
RP_TYPHOON_01,P821,APPLIES_TO
RP_TYPHOON_01,P822,APPLIES_TO
RP_TYPHOON_01,P823,APPLIES_TO
RP_TYPHOON_01,P824,APPLIES_TO
RP_TYPHOON_01,P825,APPLIES_TO
RP_TYPHOON_01,P826,APPLIES_TO
RP_TYPHOON_01,P827,APPLIES_TO
RP_TYPHOON_01,P828,APPLIES_TO
RP_TYPHOON_01,P829,APPLIES_TO
RP_TYPHOON_01,P830,APPLIES_TO
RP_TYPHOON_01,P831,APPLIES_TO
RP_TYPHOON_01,P832,APPLIES_TO
RP_TYPHOON_01,P833,APPLIES_TO
RP_TYPHOON_01,P834,APPLIES_TO
RP_TYPHOON_01,P835,APPLIES_TO
RP_TYPHOON_01,P836,APPLIES_TO
RP_TYPHOON_01,P837,APPLIES_TO
RP_TYPHOON_01,P838,APPLIES_TO
RP_TYPHOON_01,P839,APPLIES_TO
RP_TYPHOON_01,P840,APPLIES_TO
RP_TYPHOON_01,P841,APPLIES_TO
RP_TYPHOON_01,P842,APPLIES_TO
RP_TYPHOON_01,P843,APPLIES_TO
RP_TYPHOON_01,P844,APPLIES_TO
RP_TYPHOON_01,P845,APPLIES_TO
RP_TYPHOON_01,P846,APPLIES_TO
RP_TYPHOON_01,P847,APPLIES_TO
RP_TYPHOON_01,P848,APPLIES_TO
RP_TYPHOON_01,P849,APPLIES_TO
RP_TYPHOON_01,P850,APPLIES_TO
RP_TYPHOON_01,P851,APPLIES_TO
RP_TYPHOON_01,P852,APPLIES_TO
RP_TYPHOON_01,P853,APPLIES_TO
RP_TYPHOON_01,P854,APPLIES_TO
RP_TYPHOON_01,P855,APPLIES_TO
RP_TYPHOON_01,P856,APPLIES_TO
RP_TYPHOON_01,P857,APPLIES_TO
RP_TYPHOON_01,P858,APPLIES_TO
RP_TYPHOON_01,P859,APPLIES_TO
RP_TYPHOON_01,P860,APPLIES_TO
RP_TYPHOON_01,P861,APPLIES_TO
RP_TYPHOON_01,P862,APPLIES_TO
RP_TYPHOON_01,P863,APPLIES_TO
RP_TYPHOON_01,P864,APPLIES_TO
RP_TYPHOON_01,P865,APPLIES_TO
RP_TYPHOON_01,P866,APPLIES_TO
RP_TYPHOON_01,P867,APPLIES_TO
RP_TYPHOON_01,P868,APPLIES_TO
RP_TYPHOON_01,P869,APPLIES_TO
RP_TYPHOON_01,P870,APPLIES_TO
RP_TYPHOON_01,P871,APPLIES_TO
RP_TYPHOON_01,P872,APPLIES_TO
RP_TYPHOON_01,P873,APPLIES_TO
RP_TYPHOON_01,P874,APPLIES_TO
RP_TYPHOON_01,P875,APPLIES_TO
RP_TYPHOON_01,P876,APPLIES_TO
RP_TYPHOON_01,P877,APPLIES_TO
RP_TYPHOON_01,P878,APPLIES_TO
RP_TYPHOON_01,P879,APPLIES_TO
RP_TYPHOON_01,P880,APPLIES_TO
RP_TYPHOON_01,P881,APPLIES_TO
RP_TYPHOON_01,P882,APPLIES_TO
RP_TYPHOON_01,P883,APPLIES_TO
RP_TYPHOON_01,P884,APPLIES_TO
RP_TYPHOON_01,P885,APPLIES_TO
RP_TYPHOON_01,P886,APPLIES_TO
RP_TYPHOON_01,P887,APPLIES_TO
RP_TYPHOON_01,P888,APPLIES_TO
RP_TYPHOON_01,P889,APPLIES_TO
RP_TYPHOON_01,P890,APPLIES_TO
RP_TYPHOON_01,P891,APPLIES_TO
RP_TYPHOON_01,P892,APPLIES_TO
RP_TYPHOON_01,P893,APPLIES_TO
RP_TYPHOON_01,P894,APPLIES_TO
RP_TYPHOON_01,P895,APPLIES_TO
RP_TYPHOON_01,P896,APPLIES_TO
RP_TYPHOON_01,P897,APPLIES_TO
RP_TYPHOON_01,P898,APPLIES_TO
RP_TYPHOON_01,P899,APPLIES_TO
RP_TYPHOON_01,P900,APPLIES_TO
RP_TYPHOON_01,P901,APPLIES_TO
RP_TYPHOON_01,P902,APPLIES_TO
RP_TYPHOON_01,P903,APPLIES_TO
RP_TYPHOON_01,P904,APPLIES_TO
RP_TYPHOON_01,P905,APPLIES_TO
RP_TYPHOON_01,P906,APPLIES_TO
RP_TYPHOON_01,P907,APPLIES_TO
RP_TYPHOON_01,P908,APPLIES_TO
RP_TYPHOON_01,P909,APPLIES_TO
RP_TYPHOON_01,P910,APPLIES_TO
RP_TYPHOON_01,P911,APPLIES_TO
RP_TYPHOON_01,P912,APPLIES_TO
RP_TYPHOON_01,P913,APPLIES_TO
RP_TYPHOON_01,P914,APPLIES_TO
RP_TYPHOON_01,P915,APPLIES_TO
RP_TYPHOON_01,P916,APPLIES_TO
RP_TYPHOON_01,P917,APPLIES_TO
RP_TYPHOON_01,P918,APPLIES_TO
RP_TYPHOON_01,P919,APPLIES_TO
RP_TYPHOON_01,P920,APPLIES_TO
RP_TYPHOON_01,P921,APPLIES_TO
RP_TYPHOON_01,P922,APPLIES_TO
RP_TYPHOON_01,P923,APPLIES_TO
RP_TYPHOON_01,P924,APPLIES_TO
RP_TYPHOON_01,P925,APPLIES_TO
RP_TYPHOON_01,P926,APPLIES_TO
RP_TYPHOON_01,P927,APPLIES_TO
RP_TYPHOON_01,P928,APPLIES_TO
RP_TYPHOON_01,P929,APPLIES_TO
RP_TYPHOON_01,P930,APPLIES_TO
RP_TYPHOON_01,P931,APPLIES_TO
RP_TYPHOON_01,P932,APPLIES_TO
RP_TYPHOON_01,P933,APPLIES_TO
RP_TYPHOON_01,P934,APPLIES_TO
RP_TYPHOON_01,P935,APPLIES_TO
RP_TYPHOON_01,P936,APPLIES_TO
RP_TYPHOON_01,P937,APPLIES_TO
RP_TYPHOON_01,P938,APPLIES_TO
RP_TYPHOON_01,P939,APPLIES_TO
RP_TYPHOON_01,P940,APPLIES_TO
RP_TYPHOON_01,P941,APPLIES_TO
RP_TYPHOON_01,P942,APPLIES_TO
RP_TYPHOON_01,P943,APPLIES_TO
RP_TYPHOON_01,P944,APPLIES_TO
RP_TYPHOON_01,P945,APPLIES_TO
RP_TYPHOON_01,P946,APPLIES_TO
RP_TYPHOON_01,P947,APPLIES_TO
RP_TYPHOON_01,P948,APPLIES_TO
RP_TYPHOON_01,P949,APPLIES_TO
RP_TYPHOON_01,P950,APPLIES_TO
RP_TYPHOON_01,P951,APPLIES_TO
RP_TYPHOON_01,P952,APPLIES_TO
RP_TYPHOON_01,P953,APPLIES_TO
RP_TYPHOON_01,P954,APPLIES_TO
RP_TYPHOON_01,P955,APPLIES_TO
RP_TYPHOON_01,P956,APPLIES_TO
RP_TYPHOON_01,P957,APPLIES_TO
RP_TYPHOON_01,P958,APPLIES_TO
RP_TYPHOON_01,P959,APPLIES_TO
RP_TYPHOON_01,P960,APPLIES_TO
RP_TYPHOON_01,P961,APPLIES_TO
RP_TYPHOON_01,P962,APPLIES_TO
RP_TYPHOON_01,P963,APPLIES_TO
RP_TYPHOON_01,P964,APPLIES_TO
RP_TYPHOON_01,P965,APPLIES_TO
RP_TYPHOON_01,P966,APPLIES_TO
RP_TYPHOON_01,P967,APPLIES_TO
RP_TYPHOON_01,P968,APPLIES_TO
RP_TYPHOON_01,P969,APPLIES_TO
RP_TYPHOON_01,P970,APPLIES_TO
RP_TYPHOON_01,P971,APPLIES_TO
RP_TYPHOON_01,P972,APPLIES_TO
RP_TYPHOON_01,P973,APPLIES_TO
RP_TYPHOON_01,P974,APPLIES_TO
RP_TYPHOON_01,P975,APPLIES_TO
RP_TYPHOON_01,P976,APPLIES_TO
RP_TYPHOON_01,P977,APPLIES_TO
RP_TYPHOON_01,P978,APPLIES_TO
RP_TYPHOON_01,P979,APPLIES_TO
RP_TYPHOON_01,P980,APPLIES_TO
RP_TYPHOON_01,P981,APPLIES_TO
RP_TYPHOON_01,P982,APPLIES_TO
RP_TYPHOON_01,P983,APPLIES_TO
RP_TYPHOON_01,P984,APPLIES_TO
RP_TYPHOON_01,P985,APPLIES_TO
RP_TYPHOON_01,P986,APPLIES_TO
RP_TYPHOON_01,P987,APPLIES_TO
RP_TYPHOON_01,P988,APPLIES_TO
RP_TYPHOON_01,P989,APPLIES_TO
RP_TYPHOON_01,P990,APPLIES_TO
RP_TYPHOON_01,P991,APPLIES_TO
RP_TYPHOON_01,P992,APPLIES_TO
RP_TYPHOON_01,P993,APPLIES_TO
RP_TYPHOON_01,P994,APPLIES_TO
RP_TYPHOON_01,P995,APPLIES_TO
RP_TYPHOON_01,P996,APPLIES_TO
RP_TYPHOON_01,P997,APPLIES_TO
RP_TYPHOON_01,P998,APPLIES_TO
RP_TYPHOON_01,P999,APPLIES_TO
RP_TYPHOON_01,P1000,APPLIES_TO
RP_TYPHOON_01,P1001,APPLIES_TO
RP_TYPHOON_01,P1002,APPLIES_TO
RP_TYPHOON_01,P1003,APPLIES_TO
RP_TYPHOON_01,P1004,APPLIES_TO
RP_TYPHOON_01,P1005,APPLIES_TO
RP_TYPHOON_01,P1006,APPLIES_TO
RP_TYPHOON_01,P1007,APPLIES_TO
RP_TYPHOON_01,P1008,APPLIES_TO
RP_TYPHOON_01,P1009,APPLIES_TO
RP_TYPHOON_01,P1010,APPLIES_TO
RP_TYPHOON_01,P1011,APPLIES_TO
RP_TYPHOON_01,P1012,APPLIES_TO
RP_TYPHOON_01,P1013,APPLIES_TO
RP_TYPHOON_01,P1014,APPLIES_TO
RP_TYPHOON_01,P1015,APPLIES_TO
RP_TYPHOON_01,P1016,APPLIES_TO
RP_TYPHOON_01,P1017,APPLIES_TO
RP_TYPHOON_01,P1018,APPLIES_TO
RP_TYPHOON_01,P1019,APPLIES_TO
RP_TYPHOON_01,P1020,APPLIES_TO
RP_TYPHOON_01,P1021,APPLIES_TO
RP_TYPHOON_01,P1022,APPLIES_TO
RP_TYPHOON_01,P1023,APPLIES_TO
RP_TYPHOON_01,P1024,APPLIES_TO
RP_TYPHOON_01,P1025,APPLIES_TO
RP_WAVE_02,P014,APPLIES_TO
RP_WAVE_03,P014,APPLIES_TO
RP_WAVE_02,P015,APPLIES_TO
RP_WAVE_03,P015,APPLIES_TO
RP_WAVE_02,P020,APPLIES_TO
RP_WAVE_03,P020,APPLIES_TO
RP_WAVE_02,P035,APPLIES_TO
RP_WAVE_03,P035,APPLIES_TO
RP_WAVE_02,P049,APPLIES_TO
RP_WAVE_03,P049,APPLIES_TO
RP_WAVE_02,P055,APPLIES_TO
RP_WAVE_03,P055,APPLIES_TO
RP_WAVE_02,P056,APPLIES_TO
RP_WAVE_03,P056,APPLIES_TO
RP_WAVE_02,P104,APPLIES_TO
RP_WAVE_03,P104,APPLIES_TO
RP_WAVE_02,P112,APPLIES_TO
RP_WAVE_03,P112,APPLIES_TO
RP_WAVE_02,P114,APPLIES_TO
RP_WAVE_03,P114,APPLIES_TO
RP_WAVE_02,P133,APPLIES_TO
RP_WAVE_03,P133,APPLIES_TO
RP_WAVE_02,P153,APPLIES_TO
RP_WAVE_03,P153,APPLIES_TO
RP_WAVE_02,P165,APPLIES_TO
RP_WAVE_03,P165,APPLIES_TO
RP_WAVE_02,P186,APPLIES_TO
RP_WAVE_03,P186,APPLIES_TO
RP_WAVE_02,P239,APPLIES_TO
RP_WAVE_03,P239,APPLIES_TO
RP_WAVE_02,P247,APPLIES_TO
RP_WAVE_03,P247,APPLIES_TO
RP_WAVE_02,P251,APPLIES_TO
RP_WAVE_03,P251,APPLIES_TO
RP_WAVE_02,P279,APPLIES_TO
RP_WAVE_03,P279,APPLIES_TO
RP_WAVE_02,P300,APPLIES_TO
RP_WAVE_03,P300,APPLIES_TO
RP_WAVE_02,P304,APPLIES_TO
RP_WAVE_03,P304,APPLIES_TO
RP_WAVE_02,P321,APPLIES_TO
RP_WAVE_03,P321,APPLIES_TO
RP_WAVE_02,P331,APPLIES_TO
RP_WAVE_03,P331,APPLIES_TO
RP_WAVE_02,P334,APPLIES_TO
RP_WAVE_03,P334,APPLIES_TO
RP_WAVE_02,P351,APPLIES_TO
RP_WAVE_03,P351,APPLIES_TO
RP_WAVE_02,P353,APPLIES_TO
RP_WAVE_03,P353,APPLIES_TO
RP_WAVE_02,P410,APPLIES_TO
RP_WAVE_03,P410,APPLIES_TO
RP_WAVE_02,P411,APPLIES_TO
RP_WAVE_03,P411,APPLIES_TO
RP_WAVE_02,P429,APPLIES_TO
RP_WAVE_03,P429,APPLIES_TO
RP_WAVE_02,P431,APPLIES_TO
RP_WAVE_03,P431,APPLIES_TO
RP_WAVE_02,P432,APPLIES_TO
RP_WAVE_03,P432,APPLIES_TO
RP_WAVE_02,P433,APPLIES_TO
RP_WAVE_03,P433,APPLIES_TO
RP_WAVE_02,P446,APPLIES_TO
RP_WAVE_03,P446,APPLIES_TO
RP_WAVE_02,P458,APPLIES_TO
RP_WAVE_03,P458,APPLIES_TO
RP_WAVE_02,P480,APPLIES_TO
RP_WAVE_03,P480,APPLIES_TO
RP_WAVE_02,P487,APPLIES_TO
RP_WAVE_03,P487,APPLIES_TO
RP_WAVE_02,P493,APPLIES_TO
RP_WAVE_03,P493,APPLIES_TO
RP_WAVE_02,P495,APPLIES_TO
RP_WAVE_03,P495,APPLIES_TO
RP_WAVE_02,P537,APPLIES_TO
RP_WAVE_03,P537,APPLIES_TO
RP_WAVE_02,P541,APPLIES_TO
RP_WAVE_03,P541,APPLIES_TO
RP_WAVE_02,P560,APPLIES_TO
RP_WAVE_03,P560,APPLIES_TO
RP_WAVE_02,P856,APPLIES_TO
RP_WAVE_03,P856,APPLIES_TO
RP_WAVE_02,P871,APPLIES_TO
RP_WAVE_03,P871,APPLIES_TO
RP_WAVE_02,P872,APPLIES_TO
RP_WAVE_03,P872,APPLIES_TO
RP_WAVE_02,P873,APPLIES_TO
RP_WAVE_03,P873,APPLIES_TO
RP_WAVE_02,P874,APPLIES_TO
RP_WAVE_03,P874,APPLIES_TO
RP_WAVE_02,P875,APPLIES_TO
RP_WAVE_03,P875,APPLIES_TO
RP_WAVE_02,P876,APPLIES_TO
RP_WAVE_03,P876,APPLIES_TO
RP_WAVE_02,P877,APPLIES_TO
RP_WAVE_03,P877,APPLIES_TO
RP_WAVE_02,P885,APPLIES_TO
RP_WAVE_03,P885,APPLIES_TO
RP_WAVE_02,P891,APPLIES_TO
RP_WAVE_03,P891,APPLIES_TO
RP_WAVE_02,P943,APPLIES_TO
RP_WAVE_03,P943,APPLIES_TO
RP_WAVE_02,P946,APPLIES_TO
RP_WAVE_03,P946,APPLIES_TO
RP_WAVE_02,P948,APPLIES_TO
RP_WAVE_03,P948,APPLIES_TO
RP_WAVE_02,P952,APPLIES_TO
RP_WAVE_03,P952,APPLIES_TO
RP_WAVE_02,P955,APPLIES_TO
RP_WAVE_03,P955,APPLIES_TO
RP_WAVE_02,P956,APPLIES_TO
RP_WAVE_03,P956,APPLIES_TO
RP_WAVE_02,P957,APPLIES_TO
RP_WAVE_03,P957,APPLIES_TO
RP_WAVE_02,P958,APPLIES_TO
RP_WAVE_03,P958,APPLIES_TO
RP_WAVE_02,P959,APPLIES_TO
RP_WAVE_03,P959,APPLIES_TO
RP_WAVE_02,P960,APPLIES_TO
RP_WAVE_03,P960,APPLIES_TO
RP_WAVE_02,P962,APPLIES_TO
RP_WAVE_03,P962,APPLIES_TO
RP_WAVE_02,P963,APPLIES_TO
RP_WAVE_03,P963,APPLIES_TO
RP_WAVE_02,P966,APPLIES_TO
RP_WAVE_03,P966,APPLIES_TO
RP_WAVE_02,P967,APPLIES_TO
RP_WAVE_03,P967,APPLIES_TO
RP_WAVE_02,P968,APPLIES_TO
RP_WAVE_03,P968,APPLIES_TO
RP_WAVE_02,P971,APPLIES_TO
RP_WAVE_03,P971,APPLIES_TO
RP_WAVE_02,P972,APPLIES_TO
RP_WAVE_03,P972,APPLIES_TO
RP_WAVE_02,P976,APPLIES_TO
RP_WAVE_03,P976,APPLIES_TO
RP_CROWD_01,P1026,APPLIES_TO
RP_CROWD_01,P1027,APPLIES_TO
RP_CROWD_01,P1028,APPLIES_TO
RP_CROWD_01,P1029,APPLIES_TO
RP_FLASHFLOOD_01,P038,APPLIES_TO
RP_FLASHFLOOD_01,P321,APPLIES_TO
RP_FLASHFLOOD_01,P380,APPLIES_TO
RP_FOG_01,P022,APPLIES_TO
RP_FOG_02,P022,APPLIES_TO
RP_FOG_03,P022,APPLIES_TO
RP_FOG_01,P260,APPLIES_TO
RP_FOG_02,P260,APPLIES_TO
RP_FOG_03,P260,APPLIES_TO
RP_FOG_01,P632,APPLIES_TO
RP_FOG_02,P632,APPLIES_TO
RP_FOG_03,P632,APPLIES_TO
RP_FOG_01,P013,APPLIES_TO
RP_FOG_02,P013,APPLIES_TO
RP_FOG_03,P013,APPLIES_TO
RP_FOG_01,P739,APPLIES_TO
RP_FOG_02,P739,APPLIES_TO
RP_FOG_03,P739,APPLIES_TO
RP_FOG_01,P740,APPLIES_TO
RP_FOG_02,P740,APPLIES_TO
RP_FOG_03,P740,APPLIES_TO
RP_FOG_01,P859,APPLIES_TO
RP_FOG_02,P859,APPLIES_TO
RP_FOG_03,P859,APPLIES_TO
RP_FOG_01,P863,APPLIES_TO
RP_FOG_02,P863,APPLIES_TO
RP_FOG_03,P863,APPLIES_TO
RP_FOG_01,P868,APPLIES_TO
RP_FOG_02,P868,APPLIES_TO
RP_FOG_03,P868,APPLIES_TO
RP_FOG_01,P869,APPLIES_TO
RP_FOG_02,P869,APPLIES_TO
RP_FOG_03,P869,APPLIES_TO
RP_FOG_01,P870,APPLIES_TO
RP_FOG_02,P870,APPLIES_TO
RP_FOG_03,P870,APPLIES_TO
RP_FOG_01,P258,APPLIES_TO
RP_FOG_02,P258,APPLIES_TO
RP_FOG_03,P258,APPLIES_TO
RP_FOG_01,P845,APPLIES_TO
RP_FOG_02,P845,APPLIES_TO
RP_FOG_03,P845,APPLIES_TO
RP_FOG_01,P606,APPLIES_TO
RP_FOG_02,P606,APPLIES_TO
RP_FOG_03,P606,APPLIES_TO
RP_FOG_01,P755,APPLIES_TO
RP_FOG_02,P755,APPLIES_TO
RP_FOG_03,P755,APPLIES_TO
RP_FOG_01,P074,APPLIES_TO
RP_FOG_02,P074,APPLIES_TO
RP_FOG_03,P074,APPLIES_TO
RP_FOG_01,P054,APPLIES_TO
RP_FOG_02,P054,APPLIES_TO
RP_FOG_03,P054,APPLIES_TO
RP_FOG_01,P749,APPLIES_TO
RP_FOG_02,P749,APPLIES_TO
RP_FOG_03,P749,APPLIES_TO
RP_FOG_01,P085,APPLIES_TO
RP_FOG_02,P085,APPLIES_TO
RP_FOG_03,P085,APPLIES_TO
RP_FOG_01,P030,APPLIES_TO
RP_FOG_02,P030,APPLIES_TO
RP_FOG_03,P030,APPLIES_TO
RP_FOG_01,P764,APPLIES_TO
RP_FOG_02,P764,APPLIES_TO
RP_FOG_03,P764,APPLIES_TO
RP_FOG_01,P067,APPLIES_TO
RP_FOG_02,P067,APPLIES_TO
RP_FOG_03,P067,APPLIES_TO
RP_FOG_01,P613,APPLIES_TO
RP_FOG_02,P613,APPLIES_TO
RP_FOG_03,P613,APPLIES_TO
RP_FOG_01,P833,APPLIES_TO
RP_FOG_02,P833,APPLIES_TO
RP_FOG_03,P833,APPLIES_TO
RP_FOG_01,P936,APPLIES_TO
RP_FOG_02,P936,APPLIES_TO
RP_FOG_03,P936,APPLIES_TO
RP_FOG_01,P554,APPLIES_TO
RP_FOG_02,P554,APPLIES_TO
RP_FOG_03,P554,APPLIES_TO
RP_FOG_01,P795,APPLIES_TO
RP_FOG_02,P795,APPLIES_TO
RP_FOG_03,P795,APPLIES_TO
RP_FOG_01,P746,APPLIES_TO
RP_FOG_02,P746,APPLIES_TO
RP_FOG_03,P746,APPLIES_TO
RP_FOG_01,P797,APPLIES_TO
RP_FOG_02,P797,APPLIES_TO
RP_FOG_03,P797,APPLIES_TO
RP_CROWD_01,P625,APPLIES_TO
RP_CROWD_01,P291,APPLIES_TO
RP_CROWD_01,P529,APPLIES_TO
RP_WAVE_01,P004,
RP_WAVE_01,P006,
RP_DROWN_01,P008,
RP_WAVE_01,P008,
RP_WAVE_01,P011,
RP_WAVE_01,P012,
RP_WAVE_01,P026,
RP_WAVE_01,P028,
RP_DROWN_01,P036,
RP_WAVE_01,P036,
RP_WAVE_01,P051,
RP_DROWN_01,P053,
RP_WAVE_01,P053,
RP_WAVE_01,P066,
RP_WAVE_01,P094,
RP_DROWN_01,P099,
RP_WAVE_01,P099,
RP_WAVE_01,P102,
RP_DROWN_01,P118,
RP_WAVE_01,P118,
RP_WAVE_01,P125,
RP_WAVE_01,P162,
RP_DROWN_01,P195,
RP_WAVE_01,P195,
RP_WAVE_01,P250,
RP_DROWN_01,P252,
RP_WAVE_01,P252,
RP_DROWN_01,P257,
RP_WAVE_01,P257,
RP_WAVE_01,P287,
RP_DROWN_01,P288,
RP_WAVE_01,P288,
RP_DROWN_01,P312,
RP_WAVE_01,P312,
RP_DROWN_01,P341,
RP_WAVE_01,P341,
RP_DROWN_01,P377,
RP_WAVE_01,P377,
RP_DROWN_01,P398,
RP_WAVE_01,P398,
RP_DROWN_01,P440,
RP_WAVE_01,P440,
RP_DROWN_01,P442,
RP_WAVE_01,P442,
RP_DROWN_01,P476,
RP_WAVE_01,P476,
RP_DROWN_01,P510,
RP_WAVE_01,P510,
RP_DROWN_01,P900,
RP_WAVE_01,P900,
RP_DROWN_01,P901,
RP_WAVE_01,P901,
RP_DROWN_01,P904,
RP_WAVE_01,P904,
RP_DROWN_01,P905,
RP_WAVE_01,P905,
RP_DROWN_01,P908,
RP_WAVE_01,P908,
RP_DROWN_01,P909,
RP_WAVE_01,P909,
RP_DROWN_01,P910,
RP_WAVE_01,P910,
RP_WAVE_01,P911,
RP_WAVE_01,P912,
RP_DROWN_01,P009,
RP_DROWN_01,P1002,
RP_DROWN_01,P024,
RP_DROWN_01,P052,
RP_DROWN_01,P077,
RP_DROWN_01,P128,
RP_DROWN_01,P148,
RP_DROWN_01,P258,
RP_DROWN_01,P364,
RP_DROWN_01,P423,
RP_DROWN_01,P441,
RP_DROWN_01,P603,
RP_DROWN_01,P828,
RP_DROWN_01,P852,
RP_DROWN_01,P853,
RP_DROWN_01,P854,
RP_DROWN_01,P855,
