accidentId,placeId,relationship,distance_m
AE_FIRE_PT_00001,P395,OCCURRED_AT,411
AE_FIRE_PT_00004,P183,OCCURRED_AT,36
AE_FIRE_PT_00005,P173,OCCURRED_AT,184
AE_FIRE_PT_00006,P499,OCCURRED_AT,490
AE_FIRE_PT_00007,P183,OCCURRED_AT,36
AE_FIRE_PT_00010,P759,OCCURRED_AT,551
AE_FIRE_PT_00011,P002,OCCURRED_AT,23
AE_FIRE_PT_00012,P251,OCCURRED_AT,338
AE_FIRE_PT_00013,P839,OCCURRED_AT,226
AE_FIRE_PT_00014,P839,OCCURRED_AT,226
AE_FIRE_PT_00015,P839,OCCURRED_AT,226
AE_FIRE_PT_00016,P177,OCCURRED_AT,65
AE_FIRE_PT_00017,P684,OCCURRED_AT,572
AE_FIRE_PT_00018,P684,OCCURRED_AT,572
AE_FIRE_PT_00019,P684,OCCURRED_AT,572
AE_FIRE_PT_00020,P190,OCCURRED_AT,74
AE_FIRE_PT_00021,P190,OCCURRED_AT,74
AE_FIRE_PT_00022,P016,OCCURRED_AT,525
AE_FIRE_PT_00023,P703,OCCURRED_AT,802
AE_FIRE_PT_00024,P325,OCCURRED_AT,217
AE_FIRE_PT_00025,P839,OCCURRED_AT,185
AE_FIRE_PT_00026,P907,OCCURRED_AT,348
AE_FIRE_PT_00027,P998,OCCURRED_AT,150
AE_FIRE_PT_00028,P188,OCCURRED_AT,384
AE_FIRE_PT_00029,P987,OCCURRED_AT,105
AE_FIRE_PT_00032,P453,OCCURRED_AT,31
AE_FIRE_PT_00033,P975,OCCURRED_AT,368
AE_FIRE_PT_00034,P847,OCCURRED_AT,93
AE_FIRE_PT_00035,P814,OCCURRED_AT,402
AE_FIRE_PT_00036,P814,OCCURRED_AT,402
AE_FIRE_PT_00037,P522,OCCURRED_AT,156
AE_FIRE_PT_00038,P869,OCCURRED_AT,127
AE_FIRE_PT_00040,P050,OCCURRED_AT,310
AE_FIRE_PT_00041,P050,OCCURRED_AT,310
AE_FIRE_PT_00042,P143,OCCURRED_AT,1
AE_FIRE_PT_00043,P092,OCCURRED_AT,223
AE_FIRE_PT_00044,P140,OCCURRED_AT,128
AE_FIRE_PT_00046,P033,OCCURRED_AT,458
AE_FIRE_PT_00047,P841,OCCURRED_AT,208
AE_FIRE_PT_00048,P451,OCCURRED_AT,347
AE_FIRE_PT_00049,P677,OCCURRED_AT,552
AE_FIRE_PT_00050,P014,OCCURRED_AT,125
AE_FIRE_PT_00051,P188,OCCURRED_AT,165
AE_FIRE_PT_00052,P403,OCCURRED_AT,483
AE_FIRE_PT_00053,P641,OCCURRED_AT,659
AE_FIRE_PT_00054,P760,OCCURRED_AT,653
AE_FIRE_PT_00055,P019,OCCURRED_AT,76
AE_FIRE_PT_00056,P350,OCCURRED_AT,638
AE_FIRE_PT_00057,P350,OCCURRED_AT,638
AE_FIRE_PT_00059,P468,OCCURRED_AT,431
AE_FIRE_PT_00060,P468,OCCURRED_AT,431
AE_FIRE_PT_00061,P468,OCCURRED_AT,431
AE_FIRE_PT_00062,P468,OCCURRED_AT,431
AE_FIRE_PT_00063,P454,OCCURRED_AT,170
AE_FIRE_PT_00064,P558,OCCURRED_AT,697
AE_FIRE_PT_00065,P760,OCCURRED_AT,901
AE_FIRE_PT_00066,P760,OCCURRED_AT,901
AE_FIRE_PT_00067,P473,OCCURRED_AT,336
AE_FIRE_PT_00069,P699,OCCURRED_AT,225
AE_FIRE_PT_00070,P348,OCCURRED_AT,17
AE_FIRE_PT_00071,P151,OCCURRED_AT,19
AE_FIRE_PT_00072,P122,OCCURRED_AT,577
AE_FIRE_PT_00074,P131,OCCURRED_AT,217
AE_FIRE_PT_00077,P070,OCCURRED_AT,228
AE_FIRE_PT_00078,P418,OCCURRED_AT,82
AE_FIRE_PT_00079,P455,OCCURRED_AT,216
AE_FIRE_PT_00080,P455,OCCURRED_AT,216
AE_FIRE_PT_00081,P455,OCCURRED_AT,216
AE_FIRE_PT_00082,P455,OCCURRED_AT,216
AE_FIRE_PT_00083,P999,OCCURRED_AT,137
AE_FIRE_PT_00084,P979,OCCURRED_AT,66
AE_FIRE_PT_00085,P275,OCCURRED_AT,530
AE_FIRE_PT_00086,P807,OCCURRED_AT,355
AE_FIRE_PT_00087,P807,OCCURRED_AT,355
AE_FIRE_PT_00088,P807,OCCURRED_AT,355
AE_FIRE_PT_00089,P047,OCCURRED_AT,153
AE_FIRE_PT_00090,P047,OCCURRED_AT,153
AE_FIRE_PT_00091,P969,OCCURRED_AT,114
AE_FIRE_PT_00093,P319,OCCURRED_AT,592
AE_FIRE_PT_00094,P188,OCCURRED_AT,482
AE_FIRE_PT_00095,P785,OCCURRED_AT,228
AE_FIRE_PT_00096,P785,OCCURRED_AT,228
AE_FIRE_PT_00097,P576,OCCURRED_AT,32
AE_FIRE_PT_00098,P251,OCCURRED_AT,186
AE_FIRE_PT_00099,P171,OCCURRED_AT,220
AE_FIRE_PT_00100,P002,OCCURRED_AT,171
AE_FIRE_PT_00101,P942,OCCURRED_AT,386
AE_FIRE_PT_00102,P999,OCCURRED_AT,164
AE_FIRE_PT_00103,P999,OCCURRED_AT,164
AE_FIRE_PT_00104,P044,OCCURRED_AT,94
AE_FIRE_PT_00105,P533,OCCURRED_AT,308
AE_FIRE_PT_00106,P207,OCCURRED_AT,94
AE_FIRE_PT_00107,P357,OCCURRED_AT,728
AE_FIRE_PT_00108,P388,OCCURRED_AT,217
AE_FIRE_PT_00109,P001,OCCURRED_AT,250
AE_FIRE_PT_00110,P939,OCCURRED_AT,102
AE_FIRE_PT_00111,P939,OCCURRED_AT,102
AE_FIRE_PT_00113,P338,OCCURRED_AT,169
AE_FIRE_PT_00114,P083,OCCURRED_AT,705
AE_FIRE_PT_00118,P113,OCCURRED_AT,193
AE_FIRE_PT_00119,P898,OCCURRED_AT,237
AE_FIRE_PT_00120,P031,OCCURRED_AT,606
AE_FIRE_PT_00121,P904,OCCURRED_AT,611
AE_FIRE_PT_00122,P543,OCCURRED_AT,863
AE_FIRE_PT_00123,P543,OCCURRED_AT,863
AE_FIRE_PT_00124,P756,OCCURRED_AT,163
AE_FIRE_PT_00125,P005,OCCURRED_AT,84
AE_FIRE_PT_00126,P973,OCCURRED_AT,681
AE_FIRE_PT_00127,P392,OCCURRED_AT,368
AE_FIRE_PT_00128,P196,OCCURRED_AT,224
AE_FIRE_PT_00129,P402,OCCURRED_AT,759
AE_FIRE_PT_00130,P402,OCCURRED_AT,759
AE_FIRE_PT_00131,P499,OCCURRED_AT,876
AE_FIRE_PT_00132,P997,OCCURRED_AT,212
AE_FIRE_PT_00134,P368,OCCURRED_AT,94
AE_FIRE_PT_00135,P769,OCCURRED_AT,985
AE_FIRE_PT_00136,P769,OCCURRED_AT,985
AE_FIRE_PT_00137,P735,OCCURRED_AT,52
AE_FIRE_PT_00138,P723,OCCURRED_AT,127
AE_FIRE_PT_00139,P178,OCCURRED_AT,135
AE_FIRE_PT_00140,P729,OCCURRED_AT,140
AE_FIRE_PT_00141,P131,OCCURRED_AT,482
AE_FIRE_PT_00142,P147,OCCURRED_AT,302
AE_FIRE_PT_00143,P781,OCCURRED_AT,969
AE_FIRE_PT_00144,P969,OCCURRED_AT,335
AE_FIRE_PT_00145,P053,OCCURRED_AT,106
AE_FIRE_PT_00146,P183,OCCURRED_AT,10
AE_FIRE_PT_00147,P172,OCCURRED_AT,38
AE_FIRE_PT_00149,P251,OCCURRED_AT,388
AE_FIRE_PT_00150,P135,OCCURRED_AT,160
AE_FIRE_PT_00151,P266,OCCURRED_AT,453
AE_FIRE_PT_00153,P226,OCCURRED_AT,737
AE_FIRE_PT_00154,P643,OCCURRED_AT,244
AE_FIRE_PT_00155,P459,OCCURRED_AT,181
AE_FIRE_PT_00156,P053,OCCURRED_AT,537
AE_FIRE_PT_00157,P041,OCCURRED_AT,584
AE_FIRE_PT_00158,P112,OCCURRED_AT,48
AE_FIRE_PT_00159,P601,OCCURRED_AT,88
AE_FIRE_PT_00160,P633,OCCURRED_AT,375
AE_FIRE_PT_00161,P136,OCCURRED_AT,200
AE_FIRE_PT_00164,P093,OCCURRED_AT,938
AE_FIRE_PT_00165,P018,OCCURRED_AT,230
AE_FIRE_PT_00166,P346,OCCURRED_AT,792
AE_FIRE_PT_00167,P734,OCCURRED_AT,159
AE_FIRE_PT_00168,P328,OCCURRED_AT,255
AE_FIRE_PT_00169,P164,OCCURRED_AT,90
AE_FIRE_PT_00170,P040,OCCURRED_AT,68
AE_FIRE_PT_00171,P953,OCCURRED_AT,299
AE_FIRE_PT_00173,P878,OCCURRED_AT,615
AE_FIRE_PT_00175,P227,OCCURRED_AT,64
AE_FIRE_PT_00176,P070,OCCURRED_AT,10
AE_FIRE_PT_00177,P825,OCCURRED_AT,825
AE_FIRE_PT_00178,P701,OCCURRED_AT,220
AE_FIRE_PT_00179,P031,OCCURRED_AT,675
AE_FIRE_PT_00180,P048,OCCURRED_AT,245
AE_FIRE_PT_00181,P415,OCCURRED_AT,53
AE_FIRE_PT_00182,P348,OCCURRED_AT,773
AE_FIRE_PT_00184,P023,OCCURRED_AT,56
AE_FIRE_PT_00185,P023,OCCURRED_AT,56
AE_FIRE_PT_00186,P143,OCCURRED_AT,218
AE_FIRE_PT_00187,P495,OCCURRED_AT,545
AE_FIRE_PT_00188,P053,OCCURRED_AT,346
AE_FIRE_PT_00189,P835,OCCURRED_AT,571
AE_FIRE_PT_00190,P197,OCCURRED_AT,195
AE_FIRE_PT_00191,P195,OCCURRED_AT,731
AE_FIRE_PT_00192,P830,OCCURRED_AT,474
AE_FIRE_PT_00193,P226,OCCURRED_AT,788
AE_FIRE_PT_00194,P226,OCCURRED_AT,788
AE_FIRE_PT_00195,P110,OCCURRED_AT,501
AE_FIRE_PT_00196,P110,OCCURRED_AT,501
AE_FIRE_PT_00197,P110,OCCURRED_AT,501
AE_FIRE_PT_00198,P677,OCCURRED_AT,882
AE_FIRE_PT_00199,P438,OCCURRED_AT,149
AE_FIRE_PT_00200,P411,OCCURRED_AT,678
AE_FIRE_PT_00201,P735,OCCURRED_AT,323
AE_FIRE_PT_00202,P196,OCCURRED_AT,147
AE_FIRE_PT_00203,P143,OCCURRED_AT,387
AE_FIRE_PT_00205,P154,OCCURRED_AT,75
AE_FIRE_PT_00206,P002,OCCURRED_AT,37
AE_FIRE_PT_00207,P256,OCCURRED_AT,64
AE_FIRE_PT_00208,P667,OCCURRED_AT,484
AE_FIRE_PT_00211,P898,OCCURRED_AT,145
AE_FIRE_PT_00212,P700,OCCURRED_AT,359
AE_FIRE_PT_00213,P143,OCCURRED_AT,152
AE_FIRE_PT_00214,P231,OCCURRED_AT,295
AE_FIRE_PT_00215,P090,OCCURRED_AT,224
AE_FIRE_PT_00216,P071,OCCURRED_AT,709
AE_FIRE_PT_00217,P219,OCCURRED_AT,156
AE_FIRE_PT_00218,P219,OCCURRED_AT,156
AE_FIRE_PT_00219,P401,OCCURRED_AT,131
AE_FIRE_PT_00220,P325,OCCURRED_AT,715
AE_FIRE_PT_00221,P397,OCCURRED_AT,392
AE_FIRE_PT_00222,P319,OCCURRED_AT,941
AE_FIRE_PT_00223,P319,OCCURRED_AT,941
AE_FIRE_PT_00224,P083,OCCURRED_AT,487
AE_FIRE_PT_00225,P131,OCCURRED_AT,52
AE_FIRE_PT_00226,P785,OCCURRED_AT,348
AE_FIRE_PT_00227,P785,OCCURRED_AT,348
AE_FIRE_PT_00228,P178,OCCURRED_AT,75
AE_FIRE_PT_00229,P734,OCCURRED_AT,10
AE_FIRE_PT_00230,P020,OCCURRED_AT,135
AE_FIRE_PT_00231,P178,OCCURRED_AT,55
AE_FIRE_PT_00232,P113,OCCURRED_AT,171
AE_FIRE_PT_00233,P350,OCCURRED_AT,196
AE_FIRE_PT_00234,P1011,OCCURRED_AT,203
AE_FIRE_PT_00235,P142,OCCURRED_AT,516
AE_FIRE_PT_00236,P237,OCCURRED_AT,40
AE_FIRE_PT_00237,P569,OCCURRED_AT,215
AE_FIRE_PT_00238,P047,OCCURRED_AT,616
AE_FIRE_PT_00239,P237,OCCURRED_AT,218
AE_FIRE_PT_00240,P389,OCCURRED_AT,169
AE_FIRE_PT_00241,P788,OCCURRED_AT,93
AE_FIRE_PT_00242,P648,OCCURRED_AT,844
AE_FIRE_PT_00243,P276,OCCURRED_AT,226
AE_FIRE_PT_00244,P178,OCCURRED_AT,212
AE_FIRE_PT_00245,P830,OCCURRED_AT,310
AE_FIRE_PT_00247,P536,OCCURRED_AT,523
AE_FIRE_PT_00248,P019,OCCURRED_AT,227
AE_FIRE_PT_00249,P006,OCCURRED_AT,237
AE_FIRE_PT_00250,P006,OCCURRED_AT,237
AE_FIRE_PT_00251,P006,OCCURRED_AT,237
AE_FIRE_PT_00252,P180,OCCURRED_AT,33
AE_FIRE_PT_00253,P014,OCCURRED_AT,572
AE_FIRE_PT_00254,P224,OCCURRED_AT,140
AE_FIRE_PT_00255,P461,OCCURRED_AT,950
AE_FIRE_PT_00256,P475,OCCURRED_AT,771
AE_FIRE_PT_00257,P301,OCCURRED_AT,31
AE_FIRE_PT_00258,P095,OCCURRED_AT,701
AE_FIRE_PT_00259,P095,OCCURRED_AT,701
AE_FIRE_PT_00260,P987,OCCURRED_AT,694
AE_FIRE_PT_00261,P987,OCCURRED_AT,694
AE_FIRE_PT_00262,P567,OCCURRED_AT,279
AE_FIRE_PT_00263,P147,OCCURRED_AT,281
AE_FIRE_PT_00264,P173,OCCURRED_AT,47
AE_FIRE_PT_00265,P048,OCCURRED_AT,337
AE_FIRE_PT_00266,P018,OCCURRED_AT,334
AE_FIRE_PT_00267,P733,OCCURRED_AT,114
AE_FIRE_PT_00268,P490,OCCURRED_AT,237
AE_FIRE_PT_00269,P344,OCCURRED_AT,774
AE_FIRE_PT_00270,P604,OCCURRED_AT,869
AE_FIRE_PT_00271,P604,OCCURRED_AT,869
AE_FIRE_PT_00272,P638,OCCURRED_AT,513
AE_FIRE_PT_00273,P638,OCCURRED_AT,513
AE_FIRE_PT_00274,P738,OCCURRED_AT,420
AE_FIRE_PT_00275,P179,OCCURRED_AT,454
AE_FIRE_PT_00276,P092,OCCURRED_AT,223
AE_FIRE_PT_00277,P317,OCCURRED_AT,69
AE_FIRE_PT_00278,P079,OCCURRED_AT,844
AE_FIRE_PT_00279,P047,OCCURRED_AT,342
AE_FIRE_PT_00280,P667,OCCURRED_AT,414
AE_FIRE_PT_00281,P092,OCCURRED_AT,223
AE_FIRE_PT_00282,P833,OCCURRED_AT,805
AE_FIRE_PT_00283,P833,OCCURRED_AT,805
AE_FIRE_PT_00284,P213,OCCURRED_AT,16
AE_FIRE_PT_00285,P153,OCCURRED_AT,86
AE_FIRE_PT_00286,P251,OCCURRED_AT,320
AE_FIRE_PT_00287,P601,OCCURRED_AT,72
AE_FIRE_PT_00288,P032,OCCURRED_AT,236
AE_FIRE_PT_00289,P032,OCCURRED_AT,236
AE_FIRE_PT_00290,P439,OCCURRED_AT,42
AE_FIRE_PT_00291,P091,OCCURRED_AT,60
AE_FIRE_PT_00292,P418,OCCURRED_AT,817
AE_FIRE_PT_00293,P060,OCCURRED_AT,11
AE_FIRE_PT_00294,P927,OCCURRED_AT,264
AE_FIRE_PT_00295,P140,OCCURRED_AT,263
AE_FIRE_PT_00296,P144,OCCURRED_AT,217
AE_FIRE_PT_00297,P377,OCCURRED_AT,17
AE_FIRE_PT_00298,P835,OCCURRED_AT,470
AE_FIRE_PT_00299,P835,OCCURRED_AT,470
AE_FIRE_PT_00300,P835,OCCURRED_AT,470
AE_FIRE_PT_00301,P835,OCCURRED_AT,470
AE_FIRE_PT_00302,P699,OCCURRED_AT,259
AE_FIRE_PT_00303,P499,OCCURRED_AT,344
AE_FIRE_PT_00305,P531,OCCURRED_AT,796
AE_FIRE_PT_00307,P598,OCCURRED_AT,935
AE_FIRE_PT_00308,P738,OCCURRED_AT,687
AE_FIRE_PT_00309,P046,OCCURRED_AT,72
AE_FIRE_PT_00310,P070,OCCURRED_AT,77
AE_FIRE_PT_00311,P004,OCCURRED_AT,47
AE_FIRE_PT_00312,P679,OCCURRED_AT,742
AE_FIRE_PT_00313,P717,OCCURRED_AT,337
AE_FIRE_PT_00314,P017,OCCURRED_AT,283
AE_FIRE_PT_00315,P212,OCCURRED_AT,937
AE_FIRE_PT_00316,P212,OCCURRED_AT,937
AE_FIRE_PT_00317,P171,OCCURRED_AT,828
AE_FIRE_PT_00318,P188,OCCURRED_AT,228
AE_FIRE_PT_00319,P975,OCCURRED_AT,925
AE_FIRE_PT_00320,P048,OCCURRED_AT,427
AE_FIRE_PT_00321,P1027,OCCURRED_AT,565
AE_FIRE_PT_00322,P1027,OCCURRED_AT,565
AE_FIRE_PT_00323,P1027,OCCURRED_AT,565
AE_FIRE_PT_00324,P465,OCCURRED_AT,177
AE_FIRE_PT_00325,P070,OCCURRED_AT,45
AE_FIRE_PT_00326,P219,OCCURRED_AT,137
AE_FIRE_PT_00327,P973,OCCURRED_AT,242
AE_FIRE_PT_00328,P356,OCCURRED_AT,128
AE_FIRE_PT_00329,P991,OCCURRED_AT,117
AE_FIRE_PT_00330,P989,OCCURRED_AT,150
AE_FIRE_PT_00331,P070,OCCURRED_AT,10
AE_FIRE_PT_00332,P070,OCCURRED_AT,10
AE_FIRE_PT_00334,P113,OCCURRED_AT,71
AE_FIRE_PT_00335,P388,OCCURRED_AT,314
AE_FIRE_PT_00337,P167,OCCURRED_AT,76
AE_FIRE_PT_00338,P422,OCCURRED_AT,674
AE_FIRE_PT_00339,P698,OCCURRED_AT,366
AE_FIRE_PT_00340,P336,OCCURRED_AT,696
AE_FIRE_PT_00342,P999,OCCURRED_AT,107
AE_FIRE_PT_00343,P999,OCCURRED_AT,107
AE_FIRE_PT_00344,P297,OCCURRED_AT,0
AE_FIRE_PT_00345,P108,OCCURRED_AT,571
AE_FIRE_PT_00346,P479,OCCURRED_AT,174
AE_FIRE_PT_00347,P155,OCCURRED_AT,197
AE_FIRE_PT_00348,P002,OCCURRED_AT,171
AE_FIRE_PT_00349,P869,OCCURRED_AT,50
AE_FIRE_PT_00350,P1008,OCCURRED_AT,500
AE_FIRE_PT_00351,P178,OCCURRED_AT,115
AE_FIRE_PT_00352,P490,OCCURRED_AT,252
AE_FIRE_PT_00353,P490,OCCURRED_AT,252
AE_FIRE_PT_00354,P490,OCCURRED_AT,473
AE_FIRE_PT_00355,P345,OCCURRED_AT,70
AE_FIRE_PT_00356,P440,OCCURRED_AT,391
AE_FIRE_PT_00357,P344,OCCURRED_AT,579
AE_FIRE_PT_00358,P178,OCCURRED_AT,257
AE_FIRE_PT_00359,P878,OCCURRED_AT,480
AE_FIRE_PT_00360,P975,OCCURRED_AT,846
AE_FIRE_PT_00362,P363,OCCURRED_AT,160
AE_FIRE_PT_00363,P941,OCCURRED_AT,865
AE_FIRE_PT_00364,P162,OCCURRED_AT,9
AE_FIRE_PT_00366,P122,OCCURRED_AT,112
AE_FIRE_PT_00367,P222,OCCURRED_AT,136
AE_FIRE_PT_00368,P079,OCCURRED_AT,224
AE_FIRE_PT_00369,P797,OCCURRED_AT,556
AE_FIRE_PT_00370,P292,OCCURRED_AT,155
AE_FIRE_PT_00371,P292,OCCURRED_AT,155
AE_FIRE_PT_00372,P688,OCCURRED_AT,65
AE_FIRE_PT_00373,P391,OCCURRED_AT,72
AE_FIRE_PT_00374,P1021,OCCURRED_AT,732
AE_FIRE_PT_00375,P237,OCCURRED_AT,101
AE_FIRE_PT_00376,P811,OCCURRED_AT,328
AE_FIRE_PT_00377,P259,OCCURRED_AT,1000
AE_FIRE_PT_00378,P730,OCCURRED_AT,74
AE_FIRE_PT_00379,P070,OCCURRED_AT,66
AE_FIRE_PT_00380,P930,OCCURRED_AT,854
AE_FIRE_PT_00381,P975,OCCURRED_AT,998
AE_FIRE_PT_00385,P081,OCCURRED_AT,319
AE_FIRE_PT_00386,P310,OCCURRED_AT,205
AE_FIRE_PT_00388,P392,OCCURRED_AT,333
AE_FIRE_PT_00389,P662,OCCURRED_AT,641
AE_FIRE_PT_00391,P047,OCCURRED_AT,304
AE_FIRE_PT_00392,P951,OCCURRED_AT,131
AE_FIRE_PT_00393,P738,OCCURRED_AT,90
AE_FIRE_PT_00394,P965,OCCURRED_AT,748
AE_FIRE_PT_00395,P876,OCCURRED_AT,270
AE_FIRE_PT_00396,P854,OCCURRED_AT,478
AE_FIRE_PT_00397,P995,OCCURRED_AT,999
AE_FIRE_PT_00398,P957,OCCURRED_AT,516
AE_FIRE_PT_00399,P186,OCCURRED_AT,68
AE_FIRE_PT_00400,P032,OCCURRED_AT,230
AE_FIRE_PT_00401,P1021,OCCURRED_AT,731
AE_FIRE_PT_00402,P334,OCCURRED_AT,132
AE_FIRE_PT_00403,P334,OCCURRED_AT,132
AE_FIRE_PT_00404,P235,OCCURRED_AT,120
AE_FIRE_PT_00405,P235,OCCURRED_AT,120
AE_FIRE_PT_00406,P014,OCCURRED_AT,103
AE_FIRE_PT_00407,P549,OCCURRED_AT,892
AE_FIRE_PT_00408,P1021,OCCURRED_AT,313
AE_FIRE_PT_00409,P124,OCCURRED_AT,208
AE_FIRE_PT_00410,P699,OCCURRED_AT,233
AE_FIRE_PT_00412,P955,OCCURRED_AT,1
AE_FIRE_PT_00413,P862,OCCURRED_AT,420
AE_FIRE_PT_00417,P871,OCCURRED_AT,144
AE_FIRE_PT_00418,P871,OCCURRED_AT,144
AE_FIRE_PT_00419,P871,OCCURRED_AT,144
AE_FIRE_PT_00420,P251,OCCURRED_AT,53
AE_FIRE_PT_00421,P500,OCCURRED_AT,74
AE_FIRE_PT_00422,P601,OCCURRED_AT,629
AE_FIRE_PT_00423,P882,OCCURRED_AT,350
AE_FIRE_PT_00424,P197,OCCURRED_AT,269
AE_FIRE_PT_00425,P197,OCCURRED_AT,269
AE_FIRE_PT_00427,P254,OCCURRED_AT,208
AE_FIRE_PT_00428,P313,OCCURRED_AT,38
AE_FIRE_PT_00429,P299,OCCURRED_AT,67
AE_FIRE_PT_00430,P147,OCCURRED_AT,311
AE_FIRE_PT_00431,P204,OCCURRED_AT,314
AE_FIRE_PT_00432,P150,OCCURRED_AT,308
AE_FIRE_PT_00433,P150,OCCURRED_AT,308
AE_FIRE_PT_00434,P150,OCCURRED_AT,308
AE_FIRE_PT_00435,P150,OCCURRED_AT,308
AE_FIRE_PT_00436,P150,OCCURRED_AT,308
AE_FIRE_PT_00437,P150,OCCURRED_AT,308
AE_FIRE_PT_00438,P1012,OCCURRED_AT,776
AE_FIRE_PT_00441,P185,OCCURRED_AT,127
AE_FIRE_PT_00442,P112,OCCURRED_AT,103
AE_FIRE_PT_00443,P112,OCCURRED_AT,103
AE_FIRE_PT_00444,P262,OCCURRED_AT,62
AE_FIRE_PT_00446,P093,OCCURRED_AT,987
AE_FIRE_PT_00447,P030,OCCURRED_AT,677
AE_FIRE_PT_00448,P951,OCCURRED_AT,36
AE_FIRE_PT_00449,P525,OCCURRED_AT,304
AE_FIRE_PT_00450,P701,OCCURRED_AT,206
AE_FIRE_PT_00453,P707,OCCURRED_AT,14
AE_FIRE_PT_00454,P124,OCCURRED_AT,158
AE_FIRE_PT_00455,P131,OCCURRED_AT,203
AE_FIRE_PT_00456,P319,OCCURRED_AT,592
AE_FIRE_PT_00457,P171,OCCURRED_AT,186
AE_FIRE_PT_00458,P125,OCCURRED_AT,67
AE_FIRE_PT_00459,P348,OCCURRED_AT,146
AE_FIRE_PT_00461,P237,OCCURRED_AT,327
AE_FIRE_PT_00462,P222,OCCURRED_AT,41
AE_FIRE_PT_00463,P449,OCCURRED_AT,511
AE_FIRE_PT_00464,P196,OCCURRED_AT,479
AE_FIRE_PT_00465,P510,OCCURRED_AT,181
AE_FIRE_PT_00466,P131,OCCURRED_AT,83
AE_FIRE_PT_00467,P540,OCCURRED_AT,328
AE_FIRE_PT_00468,P347,OCCURRED_AT,42
AE_FIRE_PT_00469,P974,OCCURRED_AT,872
AE_FIRE_PT_00470,P756,OCCURRED_AT,163
AE_FIRE_PT_00471,P304,OCCURRED_AT,79
AE_FIRE_PT_00473,P070,OCCURRED_AT,216
AE_FIRE_PT_00474,P005,OCCURRED_AT,327
AE_FIRE_PT_00475,P061,OCCURRED_AT,605
AE_FIRE_PT_00476,P061,OCCURRED_AT,605
AE_FIRE_PT_00478,P016,OCCURRED_AT,240
AE_FIRE_PT_00479,P627,OCCURRED_AT,324
AE_FIRE_PT_00480,P017,OCCURRED_AT,78
AE_FIRE_PT_00481,P999,OCCURRED_AT,137
AE_FIRE_PT_00482,P331,OCCURRED_AT,202
AE_FIRE_PT_00483,P738,OCCURRED_AT,85
AE_FIRE_PT_00484,P147,OCCURRED_AT,279
AE_FIRE_PT_00485,P830,OCCURRED_AT,237
AE_FIRE_PT_00486,P125,OCCURRED_AT,133
AE_FIRE_PT_00487,P870,OCCURRED_AT,652
AE_FIRE_PT_00488,P870,OCCURRED_AT,652
AE_FIRE_PT_00489,P047,OCCURRED_AT,137
AE_FIRE_PT_00490,P070,OCCURRED_AT,63
AE_FIRE_PT_00491,P070,OCCURRED_AT,168
AE_FIRE_PT_00493,P302,OCCURRED_AT,510
AE_FIRE_PT_00494,P708,OCCURRED_AT,579
AE_FIRE_PT_00495,P027,OCCURRED_AT,97
AE_FIRE_PT_00497,P438,OCCURRED_AT,38
AE_FIRE_PT_00498,P197,OCCURRED_AT,733
AE_FIRE_PT_00499,P701,OCCURRED_AT,500
AE_FIRE_PT_00500,P797,OCCURRED_AT,564
AE_FIRE_PT_00501,P165,OCCURRED_AT,20
AE_FIRE_PT_00502,P803,OCCURRED_AT,857
AE_FIRE_PT_00503,P083,OCCURRED_AT,117
AE_FIRE_PT_00504,P196,OCCURRED_AT,461
AE_FIRE_PT_00505,P227,OCCURRED_AT,683
AE_FIRE_PT_00506,P004,OCCURRED_AT,64
AE_FIRE_PT_00507,P070,OCCURRED_AT,222
AE_FIRE_PT_00509,P344,OCCURRED_AT,134
AE_FIRE_PT_00510,P936,OCCURRED_AT,164
AE_FIRE_PT_00511,P525,OCCURRED_AT,276
AE_FIRE_PT_00512,P525,OCCURRED_AT,276
AE_FIRE_PT_00514,P230,OCCURRED_AT,181
AE_FIRE_PT_00515,P567,OCCURRED_AT,359
AE_FIRE_PT_00516,P197,OCCURRED_AT,234
AE_FIRE_PT_00517,P367,OCCURRED_AT,473
AE_FIRE_PT_00518,P071,OCCURRED_AT,258
AE_FIRE_PT_00519,P006,OCCURRED_AT,129
AE_FIRE_PT_00520,P006,OCCURRED_AT,125
AE_FIRE_PT_00521,P833,OCCURRED_AT,129
AE_FIRE_PT_00522,P833,OCCURRED_AT,129
AE_FIRE_PT_00523,P016,OCCURRED_AT,606
AE_FIRE_PT_00524,P016,OCCURRED_AT,606
AE_FIRE_PT_00525,P957,OCCURRED_AT,23
AE_FIRE_PT_00526,P589,OCCURRED_AT,444
AE_FIRE_PT_00528,P352,OCCURRED_AT,205
AE_FIRE_PT_00529,P271,OCCURRED_AT,41
AE_FIRE_PT_00530,P698,OCCURRED_AT,883
AE_FIRE_PT_00531,P179,OCCURRED_AT,155
AE_FIRE_PT_00532,P179,OCCURRED_AT,155
AE_FIRE_PT_00533,P449,OCCURRED_AT,721
AE_FIRE_PT_00534,P951,OCCURRED_AT,69
AE_FIRE_PT_00535,P244,OCCURRED_AT,483
AE_FIRE_PT_00536,P899,OCCURRED_AT,359
AE_FIRE_PT_00537,P061,OCCURRED_AT,238
AE_FIRE_PT_00538,P103,OCCURRED_AT,37
AE_FIRE_PT_00540,P219,OCCURRED_AT,567
AE_FIRE_PT_00541,P155,OCCURRED_AT,492
AE_FIRE_PT_00542,P053,OCCURRED_AT,512
AE_FIRE_PT_00543,P991,OCCURRED_AT,234
AE_FIRE_PT_00544,P044,OCCURRED_AT,101
AE_FIRE_PT_00545,P072,OCCURRED_AT,193
AE_FIRE_PT_00546,P315,OCCURRED_AT,562
AE_FIRE_PT_00547,P841,OCCURRED_AT,387
AE_FIRE_PT_00549,P941,OCCURRED_AT,683
AE_FIRE_PT_00551,P197,OCCURRED_AT,131
AE_FIRE_PT_00552,P139,OCCURRED_AT,277
AE_FIRE_PT_00553,P788,OCCURRED_AT,107
AE_FIRE_PT_00554,P991,OCCURRED_AT,899
AE_FIRE_PT_00555,P667,OCCURRED_AT,415
AE_FIRE_PT_00556,P667,OCCURRED_AT,415
AE_FIRE_PT_00557,P989,OCCURRED_AT,386
AE_FIRE_PT_00558,P054,OCCURRED_AT,961
AE_FIRE_PT_00559,P054,OCCURRED_AT,961
AE_FIRE_PT_00560,P054,OCCURRED_AT,961
AE_FIRE_PT_00561,P362,OCCURRED_AT,328
AE_FIRE_PT_00562,P036,OCCURRED_AT,59
AE_FIRE_PT_00563,P542,OCCURRED_AT,528
AE_FIRE_PT_00565,P071,OCCURRED_AT,168
AE_FIRE_PT_00566,P243,OCCURRED_AT,93
AE_FIRE_PT_00567,P029,OCCURRED_AT,153
AE_FIRE_PT_00568,P083,OCCURRED_AT,511
AE_FIRE_PT_00569,P315,OCCURRED_AT,687
AE_FIRE_PT_00570,P315,OCCURRED_AT,687
AE_FIRE_PT_00571,P269,OCCURRED_AT,41
AE_FIRE_PT_00572,P165,OCCURRED_AT,84
AE_FIRE_PT_00573,P058,OCCURRED_AT,505
AE_FIRE_PT_00574,P716,OCCURRED_AT,589
AE_FIRE_PT_00575,P716,OCCURRED_AT,589
AE_FIRE_PT_00576,P210,OCCURRED_AT,102
AE_FIRE_PT_00577,P229,OCCURRED_AT,72
AE_FIRE_PT_00578,P267,OCCURRED_AT,237
AE_FIRE_PT_00579,P266,OCCURRED_AT,244
AE_FIRE_PT_00580,P912,OCCURRED_AT,557
AE_FIRE_PT_00581,P316,OCCURRED_AT,368
AE_FIRE_PT_00582,P030,OCCURRED_AT,262
AE_FIRE_PT_00583,P014,OCCURRED_AT,88
AE_FIRE_PT_00584,P969,OCCURRED_AT,784
AE_FIRE_PT_00585,P418,OCCURRED_AT,681
AE_FIRE_PT_00586,P059,OCCURRED_AT,191
AE_FIRE_PT_00587,P333,OCCURRED_AT,232
AE_FIRE_PT_00588,P188,OCCURRED_AT,210
AE_FIRE_PT_00589,P188,OCCURRED_AT,210
AE_FIRE_PT_00590,P271,OCCURRED_AT,702
AE_FIRE_PT_00591,P328,OCCURRED_AT,208
AE_FIRE_PT_00592,P245,OCCURRED_AT,26
AE_FIRE_PT_00593,P259,OCCURRED_AT,325
AE_FIRE_PT_00594,P667,OCCURRED_AT,558
AE_FIRE_PT_00595,P667,OCCURRED_AT,558
AE_FIRE_PT_00596,P125,OCCURRED_AT,53
AE_FIRE_PT_00597,P162,OCCURRED_AT,143
AE_FIRE_PT_00598,P046,OCCURRED_AT,195
AE_FIRE_PT_00599,P046,OCCURRED_AT,195
AE_FIRE_PT_00600,P188,OCCURRED_AT,272
AE_FIRE_PT_00601,P070,OCCURRED_AT,399
AE_FIRE_PT_00602,P921,OCCURRED_AT,635
AE_FIRE_PT_00603,P921,OCCURRED_AT,635
AE_FIRE_PT_00604,P531,OCCURRED_AT,577
AE_FIRE_PT_00605,P516,OCCURRED_AT,410
AE_FIRE_PT_00606,P516,OCCURRED_AT,410
AE_FIRE_PT_00607,P040,OCCURRED_AT,41
AE_FIRE_PT_00608,P188,OCCURRED_AT,384
AE_FIRE_PT_00609,P198,OCCURRED_AT,217
AE_FIRE_PT_00610,P231,OCCURRED_AT,187
AE_FIRE_PT_00615,P345,OCCURRED_AT,410
AE_FIRE_PT_00616,P096,OCCURRED_AT,130
AE_FIRE_PT_00617,P092,OCCURRED_AT,440
AE_FIRE_PT_00618,P259,OCCURRED_AT,594
AE_FIRE_PT_00619,P070,OCCURRED_AT,261
AE_FIRE_PT_00620,P131,OCCURRED_AT,77
AE_FIRE_PT_00621,P040,OCCURRED_AT,37
AE_FIRE_PT_00622,P147,OCCURRED_AT,250
AE_FIRE_PT_00623,P316,OCCURRED_AT,888
AE_FIRE_PT_00624,P316,OCCURRED_AT,888
AE_FIRE_PT_00625,P316,OCCURRED_AT,888
AE_FIRE_PT_00626,P316,OCCURRED_AT,888
AE_FIRE_PT_00627,P065,OCCURRED_AT,461
AE_FIRE_PT_00628,P584,OCCURRED_AT,291
AE_FIRE_PT_00629,P040,OCCURRED_AT,69
AE_FIRE_PT_00630,P357,OCCURRED_AT,681
AE_FIRE_PT_00631,P349,OCCURRED_AT,175
AE_FIRE_PT_00632,P494,OCCURRED_AT,493
AE_FIRE_PT_00633,P493,OCCURRED_AT,162
AE_FIRE_PT_00634,P955,OCCURRED_AT,234
AE_FIRE_PT_00635,P846,OCCURRED_AT,684
AE_FIRE_PT_00637,P165,OCCURRED_AT,23
AE_FIRE_PT_00638,P040,OCCURRED_AT,88
AE_FIRE_PT_00639,P699,OCCURRED_AT,0
AE_FIRE_PT_00640,P229,OCCURRED_AT,90
AE_FIRE_PT_00641,P1002,OCCURRED_AT,25
AE_FIRE_PT_00642,P562,OCCURRED_AT,417
AE_FIRE_PT_00645,P029,OCCURRED_AT,168
AE_FIRE_PT_00646,P506,OCCURRED_AT,826
AE_FIRE_PT_00647,P053,OCCURRED_AT,681
AE_FIRE_PT_00648,P053,OCCURRED_AT,681
AE_FIRE_PT_00649,P361,OCCURRED_AT,790
AE_FIRE_PT_00650,P277,OCCURRED_AT,512
AE_FIRE_PT_00651,P976,OCCURRED_AT,67
AE_FIRE_PT_00652,P388,OCCURRED_AT,807
AE_FIRE_PT_00653,P259,OCCURRED_AT,347
AE_FIRE_PT_00654,P259,OCCURRED_AT,347
AE_FIRE_PT_00655,P031,OCCURRED_AT,415
AE_FIRE_PT_00656,P031,OCCURRED_AT,415
AE_FIRE_PT_00657,P290,OCCURRED_AT,679
AE_FIRE_PT_00658,P290,OCCURRED_AT,679
AE_FIRE_PT_00659,P251,OCCURRED_AT,243
AE_FIRE_PT_00661,P760,OCCURRED_AT,685
AE_FIRE_PT_00662,P510,OCCURRED_AT,12
AE_FIRE_PT_00663,P179,OCCURRED_AT,138
AE_FIRE_PT_00664,P334,OCCURRED_AT,201
AE_FIRE_PT_00665,P150,OCCURRED_AT,320
AE_FIRE_PT_00666,P275,OCCURRED_AT,591
AE_FIRE_PT_00667,P113,OCCURRED_AT,22
AE_FIRE_PT_00668,P997,OCCURRED_AT,95
AE_FIRE_PT_00669,P081,OCCURRED_AT,189
AE_FIRE_PT_00670,P495,OCCURRED_AT,563
AE_FIRE_PT_00671,P923,OCCURRED_AT,465
AE_FIRE_PT_00672,P403,OCCURRED_AT,342
AE_FIRE_PT_00673,P324,OCCURRED_AT,387
AE_FIRE_PT_00674,P551,OCCURRED_AT,362
AE_FIRE_PT_00675,P259,OCCURRED_AT,284
AE_FIRE_PT_00676,P502,OCCURRED_AT,89
AE_FIRE_PT_00677,P155,OCCURRED_AT,518
AE_FIRE_PT_00678,P171,OCCURRED_AT,197
AE_FIRE_PT_00679,P344,OCCURRED_AT,708
AE_FIRE_PT_00680,P162,OCCURRED_AT,58
AE_FIRE_PT_00681,P907,OCCURRED_AT,510
AE_FIRE_PT_00682,P357,OCCURRED_AT,675
AE_FIRE_PT_00683,P132,OCCURRED_AT,61
AE_FIRE_PT_00684,P405,OCCURRED_AT,337
AE_FIRE_PT_00686,P968,OCCURRED_AT,178
AE_FIRE_PT_00687,P413,OCCURRED_AT,330
AE_FIRE_PT_00688,P178,OCCURRED_AT,226
AE_FIRE_PT_00689,P960,OCCURRED_AT,226
AE_FIRE_PT_00690,P178,OCCURRED_AT,169
AE_FIRE_PT_00691,P583,OCCURRED_AT,744
AE_FIRE_PT_00692,P735,OCCURRED_AT,189
AE_FIRE_PT_00693,P060,OCCURRED_AT,181
AE_FIRE_PT_00694,P188,OCCURRED_AT,514
AE_FIRE_PT_00695,P1021,OCCURRED_AT,442
AE_FIRE_PT_00696,P237,OCCURRED_AT,460
AE_FIRE_PT_00697,P237,OCCURRED_AT,460
AE_FIRE_PT_00698,P237,OCCURRED_AT,460
AE_FIRE_PT_00699,P237,OCCURRED_AT,460
AE_FIRE_PT_00700,P648,OCCURRED_AT,552
AE_FIRE_PT_00701,P648,OCCURRED_AT,552
AE_FIRE_PT_00702,P648,OCCURRED_AT,552
AE_FIRE_PT_00703,P648,OCCURRED_AT,552
AE_FIRE_PT_00704,P031,OCCURRED_AT,454
AE_FIRE_PT_00705,P348,OCCURRED_AT,146
AE_FIRE_PT_00706,P495,OCCURRED_AT,918
AE_FIRE_PT_00707,P195,OCCURRED_AT,123
AE_FIRE_PT_00708,P195,OCCURRED_AT,123
AE_FIRE_PT_00709,P153,OCCURRED_AT,51
AE_FIRE_PT_00711,P430,OCCURRED_AT,495
AE_FIRE_PT_00713,P816,OCCURRED_AT,71
AE_FIRE_PT_00714,P816,OCCURRED_AT,71
AE_FIRE_PT_00715,P014,OCCURRED_AT,38
AE_FIRE_PT_00716,P894,OCCURRED_AT,331
AE_FIRE_PT_00717,P701,OCCURRED_AT,34
AE_FIRE_PT_00718,P368,OCCURRED_AT,142
AE_FIRE_PT_00719,P490,OCCURRED_AT,500
AE_FIRE_PT_00720,P756,OCCURRED_AT,32
AE_FIRE_PT_00721,P376,OCCURRED_AT,302
AE_FIRE_PT_00722,P998,OCCURRED_AT,13
AE_FIRE_PT_00723,P701,OCCURRED_AT,242
AE_FIRE_PT_00724,P734,OCCURRED_AT,89
AE_FIRE_PT_00725,P032,OCCURRED_AT,235
AE_FIRE_PT_00726,P726,OCCURRED_AT,403
AE_FIRE_PT_00727,P033,OCCURRED_AT,462
AE_FIRE_PT_00728,P047,OCCURRED_AT,231
AE_FIRE_PT_00729,P268,OCCURRED_AT,152
AE_FIRE_PT_00730,P147,OCCURRED_AT,170
AE_FIRE_PT_00731,P070,OCCURRED_AT,10
AE_FIRE_PT_00732,P995,OCCURRED_AT,46
AE_FIRE_PT_00733,P701,OCCURRED_AT,95
AE_FIRE_PT_00734,P040,OCCURRED_AT,52
AE_FIRE_PT_00735,P614,OCCURRED_AT,33
AE_FIRE_PT_00736,P536,OCCURRED_AT,525
AE_FIRE_PT_00737,P103,OCCURRED_AT,46
AE_FIRE_PT_00738,P598,OCCURRED_AT,965
AE_FIRE_PT_00739,P598,OCCURRED_AT,965
AE_FIRE_PT_00740,P494,OCCURRED_AT,10
AE_FIRE_PT_00741,P350,OCCURRED_AT,325
AE_FIRE_PT_00742,P040,OCCURRED_AT,69
AE_FIRE_PT_00743,P271,OCCURRED_AT,41
AE_FIRE_PT_00744,P047,OCCURRED_AT,580
AE_FIRE_PT_00746,P171,OCCURRED_AT,181
AE_FIRE_PT_00747,P031,OCCURRED_AT,505
AE_FIRE_PT_00748,P911,OCCURRED_AT,115
AE_FIRE_PT_00749,P127,OCCURRED_AT,594
AE_FIRE_PT_00750,P120,OCCURRED_AT,671
AE_FIRE_PT_00751,P144,OCCURRED_AT,191
AE_FIRE_PT_00752,P960,OCCURRED_AT,311
AE_FIRE_PT_00753,P925,OCCURRED_AT,785
AE_FIRE_PT_00754,P925,OCCURRED_AT,785
AE_FIRE_PT_00755,P103,OCCURRED_AT,15
AE_FIRE_PT_00756,P972,OCCURRED_AT,163
AE_FIRE_PT_00757,P377,OCCURRED_AT,30
AE_FIRE_PT_00758,P310,OCCURRED_AT,582
AE_FIRE_PT_00760,P377,OCCURRED_AT,29
AE_FIRE_PT_00761,P499,OCCURRED_AT,916
AE_FIRE_PT_00762,P032,OCCURRED_AT,126
AE_FIRE_PT_00764,P518,OCCURRED_AT,188
AE_FIRE_PT_00769,P252,OCCURRED_AT,117
AE_FIRE_PT_00770,P244,OCCURRED_AT,38
AE_FIRE_PT_00771,P112,OCCURRED_AT,188
AE_FIRE_PT_00772,P389,OCCURRED_AT,225
AE_FIRE_PT_00774,P233,OCCURRED_AT,366
AE_FIRE_PT_00775,P135,OCCURRED_AT,189
AE_FIRE_PT_00776,P564,OCCURRED_AT,788
AE_FIRE_PT_00777,P564,OCCURRED_AT,788
AE_FIRE_PT_00778,P271,OCCURRED_AT,41
AE_FIRE_PT_00779,P040,OCCURRED_AT,69
AE_FIRE_PT_00780,P144,OCCURRED_AT,282
AE_FIRE_PT_00781,P060,OCCURRED_AT,128
AE_FIRE_PT_00782,P972,OCCURRED_AT,83
AE_FIRE_PT_00783,P131,OCCURRED_AT,329
AE_FIRE_PT_00784,P327,OCCURRED_AT,316
AE_FIRE_PT_00785,P280,OCCURRED_AT,370
AE_FIRE_PT_00786,P377,OCCURRED_AT,27
AE_FIRE_PT_00787,P276,OCCURRED_AT,216
AE_FIRE_PT_00788,P125,OCCURRED_AT,45
AE_FIRE_PT_00789,P094,OCCURRED_AT,19
AE_FIRE_PT_00790,P094,OCCURRED_AT,19
AE_FIRE_PT_00791,P242,OCCURRED_AT,240
AE_FIRE_PT_00792,P344,OCCURRED_AT,689
AE_FIRE_PT_00795,P1011,OCCURRED_AT,591
AE_FIRE_PT_00796,P1011,OCCURRED_AT,591
AE_FIRE_PT_00797,P1011,OCCURRED_AT,591
AE_FIRE_PT_00798,P252,OCCURRED_AT,617
AE_FIRE_PT_00799,P561,OCCURRED_AT,82
AE_FIRE_PT_00800,P339,OCCURRED_AT,83
AE_FIRE_PT_00801,P879,OCCURRED_AT,336
AE_FIRE_PT_00802,P495,OCCURRED_AT,657
AE_FIRE_PT_00803,P032,OCCURRED_AT,235
AE_FIRE_PT_00804,P361,OCCURRED_AT,583
AE_FIRE_PT_00805,P350,OCCURRED_AT,297
AE_FIRE_PT_00806,P414,OCCURRED_AT,391
AE_FIRE_PT_00807,P178,OCCURRED_AT,120
AE_FIRE_PT_00808,P734,OCCURRED_AT,210
AE_FIRE_PT_00809,P178,OCCURRED_AT,523
AE_FIRE_PT_00813,P031,OCCURRED_AT,270
AE_FIRE_PT_00814,P062,OCCURRED_AT,622
AE_FIRE_PT_00815,P437,OCCURRED_AT,447
AE_FIRE_PT_00816,P756,OCCURRED_AT,432
AE_FIRE_PT_00817,P756,OCCURRED_AT,432
AE_FIRE_PT_00818,P756,OCCURRED_AT,432
AE_FIRE_PT_00819,P978,OCCURRED_AT,54
AE_FIRE_PT_00820,P054,OCCURRED_AT,355
AE_FIRE_PT_00821,P183,OCCURRED_AT,844
AE_FIRE_PT_00822,P183,OCCURRED_AT,844
AE_FIRE_PT_00823,P012,OCCURRED_AT,93
AE_FIRE_PT_00824,P641,OCCURRED_AT,628
AE_FIRE_PT_00825,P028,OCCURRED_AT,283
AE_FIRE_PT_00826,P028,OCCURRED_AT,283
AE_FIRE_PT_00828,P623,OCCURRED_AT,850
AE_FIRE_PT_00829,P623,OCCURRED_AT,850
AE_FIRE_PT_00830,P892,OCCURRED_AT,418
AE_FIRE_PT_00831,P160,OCCURRED_AT,90
AE_FIRE_PT_00832,P638,OCCURRED_AT,412
AE_FIRE_PT_00833,P029,OCCURRED_AT,131
AE_FIRE_PT_00834,P991,OCCURRED_AT,0
AE_FIRE_PT_00836,P739,OCCURRED_AT,24
AE_FIRE_PT_00837,P572,OCCURRED_AT,188
AE_FIRE_PT_00838,P290,OCCURRED_AT,371
AE_FIRE_PT_00839,P056,OCCURRED_AT,398
AE_FIRE_PT_00840,P667,OCCURRED_AT,727
AE_FIRE_PT_00841,P344,OCCURRED_AT,705
AE_FIRE_PT_00843,P032,OCCURRED_AT,313
AE_FIRE_PT_00844,P807,OCCURRED_AT,764
AE_FIRE_PT_00845,P392,OCCURRED_AT,325
AE_FIRE_PT_00846,P838,OCCURRED_AT,702
AE_FIRE_PT_00847,P318,OCCURRED_AT,427
AE_FIRE_PT_00848,P328,OCCURRED_AT,208
AE_FIRE_PT_00849,P841,OCCURRED_AT,398
AE_FIRE_PT_00850,P406,OCCURRED_AT,144
AE_FIRE_PT_00851,P239,OCCURRED_AT,168
AE_FIRE_PT_00852,P972,OCCURRED_AT,193
AE_FIRE_PT_00853,P370,OCCURRED_AT,24
AE_FIRE_PT_00854,P370,OCCURRED_AT,24
AE_FIRE_PT_00855,P125,OCCURRED_AT,19
AE_FIRE_PT_00856,P447,OCCURRED_AT,145
AE_FIRE_PT_00863,P907,OCCURRED_AT,61
AE_FIRE_PT_00864,P851,OCCURRED_AT,544
AE_FIRE_PT_00865,P369,OCCURRED_AT,484
AE_FIRE_PT_00866,P040,OCCURRED_AT,69
AE_FIRE_PT_00867,P830,OCCURRED_AT,213
AE_FIRE_PT_00868,P248,OCCURRED_AT,228
AE_FIRE_PT_00869,P103,OCCURRED_AT,48
AE_FIRE_PT_00870,P830,OCCURRED_AT,203
AE_FIRE_PT_00872,P854,OCCURRED_AT,491
AE_FIRE_PT_00873,P598,OCCURRED_AT,586
AE_FIRE_PT_00874,P598,OCCURRED_AT,586
AE_FIRE_PT_00875,P120,OCCURRED_AT,317
AE_FIRE_PT_00876,P070,OCCURRED_AT,10
AE_FIRE_PT_00877,P374,OCCURRED_AT,762
AE_FIRE_PT_00878,P319,OCCURRED_AT,434
AE_FIRE_PT_00879,P952,OCCURRED_AT,166
AE_FIRE_PT_00880,P976,OCCURRED_AT,225
AE_FIRE_PT_00881,P976,OCCURRED_AT,225
AE_FIRE_PT_00882,P312,OCCURRED_AT,253
AE_FIRE_PT_00883,P972,OCCURRED_AT,300
AE_FIRE_PT_00884,P463,OCCURRED_AT,144
AE_FIRE_PT_00885,P171,OCCURRED_AT,180
AE_FIRE_PT_00886,P252,OCCURRED_AT,208
AE_FIRE_PT_00887,P368,OCCURRED_AT,144
AE_FIRE_PT_00888,P846,OCCURRED_AT,68
AE_FIRE_PT_00889,P827,OCCURRED_AT,224
AE_FIRE_PT_00890,P032,OCCURRED_AT,335
AE_FIRE_PT_00891,P783,OCCURRED_AT,589
AE_FIRE_PT_00892,P487,OCCURRED_AT,428
AE_FIRE_PT_00893,P361,OCCURRED_AT,393
AE_FIRE_PT_00894,P111,OCCURRED_AT,53
AE_FIRE_PT_00895,P539,OCCURRED_AT,48
AE_FIRE_PT_00896,P892,OCCURRED_AT,408
AE_FIRE_PT_00897,P060,OCCURRED_AT,20
AE_FIRE_PT_00898,P112,OCCURRED_AT,153
AE_FIRE_PT_00899,P942,OCCURRED_AT,806
AE_FIRE_PT_00900,P405,OCCURRED_AT,366
AE_FIRE_PT_00901,P363,OCCURRED_AT,15
AE_FIRE_PT_00903,P259,OCCURRED_AT,866
AE_FIRE_PT_00905,P091,OCCURRED_AT,60
AE_FIRE_PT_00906,P179,OCCURRED_AT,526
AE_FIRE_PT_00907,P179,OCCURRED_AT,451
AE_FIRE_PT_00908,P214,OCCURRED_AT,409
AE_FIRE_PT_00909,P104,OCCURRED_AT,159
AE_FIRE_PT_00910,P070,OCCURRED_AT,128
AE_FIRE_PT_00911,P047,OCCURRED_AT,220
AE_FIRE_PT_00912,P829,OCCURRED_AT,286
AE_FIRE_PT_00913,P829,OCCURRED_AT,286
AE_FIRE_PT_00914,P357,OCCURRED_AT,221
AE_FIRE_PT_00915,P121,OCCURRED_AT,723
AE_FIRE_PT_00916,P121,OCCURRED_AT,723
AE_FIRE_PT_00917,P203,OCCURRED_AT,126
AE_FIRE_PT_00918,P201,OCCURRED_AT,373
AE_FIRE_PT_00919,P653,OCCURRED_AT,84
AE_FIRE_PT_00920,P105,OCCURRED_AT,686
AE_FIRE_PT_00921,P105,OCCURRED_AT,686
AE_FIRE_PT_00922,P105,OCCURRED_AT,686
AE_FIRE_PT_00923,P105,OCCURRED_AT,686
AE_FIRE_PT_00924,P105,OCCURRED_AT,686
AE_FIRE_PT_00925,P290,OCCURRED_AT,215
AE_FIRE_PT_00926,P053,OCCURRED_AT,793
AE_FIRE_PT_00927,P207,OCCURRED_AT,61
AE_FIRE_PT_00930,P277,OCCURRED_AT,66
AE_FIRE_PT_00931,P853,OCCURRED_AT,530
AE_FIRE_PT_00932,P070,OCCURRED_AT,10
AE_FIRE_PT_00933,P405,OCCURRED_AT,100
AE_FIRE_PT_00934,P846,OCCURRED_AT,252
AE_FIRE_PT_00935,P533,OCCURRED_AT,477
AE_FIRE_PT_00936,P014,OCCURRED_AT,146
AE_FIRE_PT_00937,P318,OCCURRED_AT,469
AE_FIRE_PT_00938,P031,OCCURRED_AT,591
AE_FIRE_PT_00939,P283,OCCURRED_AT,310
AE_FIRE_PT_00940,P465,OCCURRED_AT,621
AE_FIRE_PT_00941,P510,OCCURRED_AT,158
AE_FIRE_PT_00942,P283,OCCURRED_AT,310
AE_FIRE_PT_00943,P193,OCCURRED_AT,216
AE_FIRE_PT_00944,P048,OCCURRED_AT,287
AE_FIRE_PT_00945,P001,OCCURRED_AT,423
AE_FIRE_PT_00947,P319,OCCURRED_AT,436
AE_FIRE_PT_00948,P120,OCCURRED_AT,530
AE_FIRE_PT_00949,P997,OCCURRED_AT,431
AE_FIRE_PT_00950,P057,OCCURRED_AT,371
AE_FIRE_PT_00951,P283,OCCURRED_AT,584
AE_FIRE_PT_00952,P283,OCCURRED_AT,584
AE_FIRE_PT_00953,P344,OCCURRED_AT,617
AE_FIRE_PT_00954,P344,OCCURRED_AT,617
AE_FIRE_PT_00955,P065,OCCURRED_AT,823
AE_FIRE_PT_00956,P065,OCCURRED_AT,823
AE_FIRE_PT_00957,P277,OCCURRED_AT,171
AE_FIRE_PT_00958,P521,OCCURRED_AT,738
AE_FIRE_PT_00959,P053,OCCURRED_AT,98
AE_FIRE_PT_00960,P341,OCCURRED_AT,157
AE_FIRE_PT_00961,P954,OCCURRED_AT,318
AE_FIRE_PT_00962,P940,OCCURRED_AT,43
AE_FIRE_PT_00963,P400,OCCURRED_AT,354
AE_FIRE_PT_00964,P734,OCCURRED_AT,396
AE_FIRE_PT_00965,P405,OCCURRED_AT,459
AE_FIRE_PT_00967,P070,OCCURRED_AT,27
AE_FIRE_PT_00968,P522,OCCURRED_AT,94
AE_FIRE_PT_00969,P053,OCCURRED_AT,346
AE_FIRE_PT_00970,P350,OCCURRED_AT,428
AE_FIRE_PT_00971,P733,OCCURRED_AT,41
AE_FIRE_PT_00972,P344,OCCURRED_AT,879
AE_FIRE_PT_00973,P301,OCCURRED_AT,348
AE_FIRE_PT_00974,P748,OCCURRED_AT,81
AE_FIRE_PT_00975,P105,OCCURRED_AT,666
AE_FIRE_PT_00976,P006,OCCURRED_AT,239
AE_FIRE_PT_00977,P019,OCCURRED_AT,76
AE_FIRE_PT_00978,P344,OCCURRED_AT,513
AE_FIRE_PT_00979,P178,OCCURRED_AT,236
AE_FIRE_PT_00980,P047,OCCURRED_AT,203
AE_FIRE_PT_00981,P336,OCCURRED_AT,239
AE_FIRE_PT_00982,P336,OCCURRED_AT,239
AE_FIRE_PT_00983,P336,OCCURRED_AT,239
AE_FIRE_PT_00984,P124,OCCURRED_AT,166
AE_FIRE_PT_00985,P037,OCCURRED_AT,26
AE_FIRE_PT_00986,P031,OCCURRED_AT,639
AE_FIRE_PT_00988,P055,OCCURRED_AT,39
AE_FIRE_PT_00989,P278,OCCURRED_AT,476
AE_FIRE_PT_00990,P345,OCCURRED_AT,423
AE_FIRE_PT_00991,P345,OCCURRED_AT,423
AE_FIRE_PT_00992,P345,OCCURRED_AT,423
AE_FIRE_PT_00993,P345,OCCURRED_AT,423
AE_FIRE_PT_00994,P333,OCCURRED_AT,444
AE_FIRE_PT_00995,P124,OCCURRED_AT,123
AE_FIRE_PT_00997,P846,OCCURRED_AT,35
AE_FIRE_PT_00998,P953,OCCURRED_AT,243
AE_FIRE_PT_00999,P727,OCCURRED_AT,110
AE_FIRE_PT_01000,P727,OCCURRED_AT,110
AE_FIRE_PT_01001,P028,OCCURRED_AT,73
AE_FIRE_PT_01002,P418,OCCURRED_AT,830
AE_FIRE_PT_01003,P418,OCCURRED_AT,830
AE_FIRE_PT_01004,P418,OCCURRED_AT,830
AE_FIRE_PT_01005,P351,OCCURRED_AT,308
AE_FIRE_PT_01006,P484,OCCURRED_AT,48
AE_FIRE_PT_01007,P485,OCCURRED_AT,50
AE_FIRE_PT_01008,P1005,OCCURRED_AT,665
AE_FIRE_PT_01009,P023,OCCURRED_AT,231
AE_FIRE_PT_01010,P102,OCCURRED_AT,660
AE_FIRE_PT_01011,P878,OCCURRED_AT,56
AE_FIRE_PT_01012,P047,OCCURRED_AT,44
AE_FIRE_PT_01013,P960,OCCURRED_AT,353
AE_FIRE_PT_01014,P449,OCCURRED_AT,543
AE_FIRE_PT_01015,P214,OCCURRED_AT,448
AE_FIRE_PT_01016,P588,OCCURRED_AT,147
AE_FIRE_PT_01017,P588,OCCURRED_AT,147
AE_FIRE_PT_01018,P155,OCCURRED_AT,223
AE_FIRE_PT_01020,P684,OCCURRED_AT,506
AE_FIRE_PT_01021,P520,OCCURRED_AT,491
AE_FIRE_PT_01022,P060,OCCURRED_AT,969
AE_FIRE_PT_01023,P060,OCCURRED_AT,969
AE_FIRE_PT_01026,P001,OCCURRED_AT,250
AE_FIRE_PT_01027,P227,OCCURRED_AT,130
AE_FIRE_PT_01029,P179,OCCURRED_AT,138
AE_FIRE_PT_01030,P165,OCCURRED_AT,69
AE_FIRE_PT_01031,P214,OCCURRED_AT,171
AE_FIRE_PT_01032,P699,OCCURRED_AT,227
AE_FIRE_PT_01034,P150,OCCURRED_AT,253
AE_FIRE_PT_01035,P583,OCCURRED_AT,278
AE_FIRE_PT_01036,P808,OCCURRED_AT,770
AE_FIRE_PT_01037,P005,OCCURRED_AT,332
AE_FIRE_PT_01038,P699,OCCURRED_AT,262
AE_FIRE_PT_01039,P822,OCCURRED_AT,991
AE_FIRE_PT_01040,P730,OCCURRED_AT,202
AE_FIRE_PT_01044,P053,OCCURRED_AT,511
AE_FIRE_PT_01045,P986,OCCURRED_AT,548
AE_FIRE_PT_01046,P033,OCCURRED_AT,143
AE_FIRE_PT_01047,P637,OCCURRED_AT,513
AE_FIRE_PT_01048,P449,OCCURRED_AT,558
AE_FIRE_PT_01049,P418,OCCURRED_AT,823
AE_FIRE_PT_01050,P523,OCCURRED_AT,215
AE_FIRE_PT_01051,P698,OCCURRED_AT,393
AE_FIRE_PT_01052,P252,OCCURRED_AT,191
AE_FIRE_PT_01053,P966,OCCURRED_AT,320
AE_FIRE_PT_01054,P006,OCCURRED_AT,239
AE_FIRE_PT_01055,P392,OCCURRED_AT,878
AE_FIRE_PT_01056,P574,OCCURRED_AT,686
AE_FIRE_PT_01057,P700,OCCURRED_AT,327
AE_FIRE_PT_01059,P219,OCCURRED_AT,7
AE_FIRE_PT_01060,P947,OCCURRED_AT,42
AE_FIRE_PT_01061,P040,OCCURRED_AT,69
AE_FIRE_PT_01066,P060,OCCURRED_AT,40
AE_FIRE_PT_01067,P536,OCCURRED_AT,763
AE_FIRE_PT_01068,P560,OCCURRED_AT,834
AE_FIRE_PT_01069,P911,OCCURRED_AT,152
AE_FIRE_PT_01070,P014,OCCURRED_AT,99
AE_FIRE_PT_01071,P644,OCCURRED_AT,812
AE_FIRE_PT_01072,P721,OCCURRED_AT,802
AE_FIRE_PT_01073,P721,OCCURRED_AT,802
AE_FIRE_PT_01074,P649,OCCURRED_AT,503
AE_FIRE_PT_01075,P699,OCCURRED_AT,191
AE_FIRE_PT_01076,P796,OCCURRED_AT,226
AE_FIRE_PT_01077,P038,OCCURRED_AT,90
AE_FIRE_PT_01078,P819,OCCURRED_AT,66
AE_FIRE_PT_01079,P325,OCCURRED_AT,17
AE_FIRE_PT_01081,P047,OCCURRED_AT,183
AE_FIRE_PT_01082,P976,OCCURRED_AT,50
AE_FIRE_PT_01083,P197,OCCURRED_AT,546
AE_FIRE_PT_01084,P237,OCCURRED_AT,249
AE_FIRE_PT_01085,P032,OCCURRED_AT,396
AE_FIRE_PT_01086,P110,OCCURRED_AT,54
AE_FIRE_PT_01087,P833,OCCURRED_AT,526
AE_FIRE_PT_01088,P833,OCCURRED_AT,526
AE_FIRE_PT_01089,P032,OCCURRED_AT,235
AE_FIRE_PT_01090,P989,OCCURRED_AT,17
AE_FIRE_PT_01091,P030,OCCURRED_AT,109
AE_FIRE_PT_01092,P070,OCCURRED_AT,80
AE_FIRE_PT_01093,P006,OCCURRED_AT,251
AE_FIRE_PT_01094,P111,OCCURRED_AT,37
AE_FIRE_PT_01095,P059,OCCURRED_AT,161
AE_FIRE_PT_01097,P971,OCCURRED_AT,330
AE_FIRE_PT_01099,P968,OCCURRED_AT,224
AE_FIRE_PT_01101,P017,OCCURRED_AT,223
AE_FIRE_PT_01102,P486,OCCURRED_AT,632
AE_FIRE_PT_01103,P878,OCCURRED_AT,484
AE_FIRE_PT_01104,P070,OCCURRED_AT,216
AE_FIRE_PT_01105,P527,OCCURRED_AT,566
AE_FIRE_PT_01106,P140,OCCURRED_AT,323
AE_FIRE_PT_01107,P161,OCCURRED_AT,284
AE_FIRE_PT_01109,P997,OCCURRED_AT,149
AE_FIRE_PT_01110,P040,OCCURRED_AT,69
AE_FIRE_PT_01111,P969,OCCURRED_AT,72
AE_FIRE_PT_01112,P953,OCCURRED_AT,35
AE_FIRE_PT_01113,P912,OCCURRED_AT,187
AE_FIRE_PT_01115,P144,OCCURRED_AT,367
AE_FIRE_PT_01116,P987,OCCURRED_AT,688
AE_FIRE_PT_01117,P987,OCCURRED_AT,688
AE_FIRE_PT_01118,P987,OCCURRED_AT,688
AE_FIRE_PT_01119,P325,OCCURRED_AT,341
AE_FIRE_PT_01120,P259,OCCURRED_AT,594
AE_FIRE_PT_01121,P150,OCCURRED_AT,991
AE_FIRE_PT_01122,P150,OCCURRED_AT,991
AE_FIRE_PT_01123,P162,OCCURRED_AT,84
AE_FIRE_PT_01124,P975,OCCURRED_AT,632
AE_FIRE_PT_01125,P070,OCCURRED_AT,223
AE_FIRE_PT_01126,P502,OCCURRED_AT,494
AE_FIRE_PT_01128,P290,OCCURRED_AT,51
AE_FIRE_PT_01129,P942,OCCURRED_AT,915
AE_FIRE_PT_01130,P667,OCCURRED_AT,564
AE_FIRE_PT_01132,P120,OCCURRED_AT,539
AE_FIRE_PT_01133,P280,OCCURRED_AT,512
AE_FIRE_PT_01134,P280,OCCURRED_AT,512
AE_FIRE_PT_01136,P402,OCCURRED_AT,613
AE_FIRE_PT_01137,P388,OCCURRED_AT,630
AE_FIRE_PT_01138,P948,OCCURRED_AT,71
AE_FIRE_PT_01139,P948,OCCURRED_AT,71
AE_FIRE_PT_01142,P280,OCCURRED_AT,161
AE_FIRE_PT_01145,P757,OCCURRED_AT,767
AE_FIRE_PT_01146,P677,OCCURRED_AT,578
AE_FIRE_PT_01147,P070,OCCURRED_AT,306
AE_FIRE_PT_01149,P530,OCCURRED_AT,634
AE_FIRE_PT_01150,P923,OCCURRED_AT,94
AE_FIRE_PT_01151,P179,OCCURRED_AT,144
AE_FIRE_PT_01152,P991,OCCURRED_AT,20
AE_FIRE_PT_01153,P031,OCCURRED_AT,492
AE_FIRE_PT_01154,P031,OCCURRED_AT,492
AE_FIRE_PT_01155,P040,OCCURRED_AT,69
AE_FIRE_PT_01156,P696,OCCURRED_AT,805
AE_FIRE_PT_01157,P363,OCCURRED_AT,187
AE_FIRE_PT_01159,P259,OCCURRED_AT,738
AE_FIRE_PT_01160,P381,OCCURRED_AT,122
AE_FIRE_PT_01161,P511,OCCURRED_AT,789
AE_FIRE_PT_01162,P618,OCCURRED_AT,659
AE_FIRE_PT_01163,P228,OCCURRED_AT,496
AE_FIRE_PT_01164,P228,OCCURRED_AT,496
AE_FIRE_PT_01165,P228,OCCURRED_AT,496
AE_FIRE_PT_01166,P144,OCCURRED_AT,112
AE_FIRE_PT_01167,P405,OCCURRED_AT,904
AE_FIRE_PT_01168,P905,OCCURRED_AT,602
AE_FIRE_PT_01169,P442,OCCURRED_AT,420
AE_FIRE_PT_01170,P083,OCCURRED_AT,632
AE_FIRE_PT_01171,P313,OCCURRED_AT,77
AE_FIRE_PT_01172,P014,OCCURRED_AT,144
AE_FIRE_PT_01173,P846,OCCURRED_AT,240
AE_FIRE_PT_01174,P070,OCCURRED_AT,10
AE_FIRE_PT_01176,P636,OCCURRED_AT,288
AE_FIRE_PT_01177,P040,OCCURRED_AT,69
AE_FIRE_PT_01178,P735,OCCURRED_AT,189
AE_FIRE_PT_01179,P044,OCCURRED_AT,70
AE_FIRE_PT_01180,P203,OCCURRED_AT,281
AE_FIRE_PT_01181,P259,OCCURRED_AT,564
AE_FIRE_PT_01182,P259,OCCURRED_AT,564
AE_FIRE_PT_01183,P604,OCCURRED_AT,870
AE_FIRE_PT_01184,P292,OCCURRED_AT,403
AE_FIRE_PT_01185,P861,OCCURRED_AT,127
AE_FIRE_PT_01186,P099,OCCURRED_AT,261
AE_FIRE_PT_01187,P113,OCCURRED_AT,15
AE_FIRE_PT_01188,P004,OCCURRED_AT,154
AE_FIRE_PT_01189,P953,OCCURRED_AT,170
AE_FIRE_PT_01190,P677,OCCURRED_AT,645
AE_FIRE_PT_01191,P677,OCCURRED_AT,645
AE_FIRE_PT_01192,P677,OCCURRED_AT,645
AE_FIRE_PT_01193,P677,OCCURRED_AT,645
AE_FIRE_PT_01194,P112,OCCURRED_AT,155
AE_FIRE_PT_01195,P422,OCCURRED_AT,248
AE_FIRE_PT_01196,P237,OCCURRED_AT,37
AE_FIRE_PT_01198,P401,OCCURRED_AT,467
AE_FIRE_PT_01199,P1006,OCCURRED_AT,624
AE_FIRE_PT_01200,P001,OCCURRED_AT,63
AE_FIRE_PT_01201,P282,OCCURRED_AT,444
AE_FIRE_PT_01202,P112,OCCURRED_AT,43
AE_FIRE_PT_01203,P123,OCCURRED_AT,684
AE_FIRE_PT_01204,P319,OCCURRED_AT,483
AE_FIRE_PT_01205,P348,OCCURRED_AT,222
AE_FIRE_PT_01206,P819,OCCURRED_AT,479
AE_FIRE_PT_01208,P193,OCCURRED_AT,219
AE_FIRE_PT_01209,P959,OCCURRED_AT,586
AE_FIRE_PT_01210,P836,OCCURRED_AT,572
AE_FIRE_PT_01211,P265,OCCURRED_AT,202
AE_FIRE_PT_01212,P204,OCCURRED_AT,634
AE_FIRE_PT_01213,P928,OCCURRED_AT,675
AE_FIRE_PT_01214,P781,OCCURRED_AT,577
AE_FIRE_PT_01215,P345,OCCURRED_AT,791
AE_FIRE_PT_01216,P516,OCCURRED_AT,523
AE_FIRE_PT_01217,P477,OCCURRED_AT,670
AE_FIRE_PT_01218,P661,OCCURRED_AT,963
AE_FIRE_PT_01219,P033,OCCURRED_AT,256
AE_FIRE_PT_01220,P306,OCCURRED_AT,323
AE_FIRE_PT_01221,P032,OCCURRED_AT,401
AE_FIRE_PT_01223,P367,OCCURRED_AT,620
AE_FIRE_PT_01224,P952,OCCURRED_AT,148
AE_FIRE_PT_01225,P008,OCCURRED_AT,151
AE_FIRE_PT_01226,P953,OCCURRED_AT,243
AE_FIRE_PT_01227,P282,OCCURRED_AT,336
AE_FIRE_PT_01228,P259,OCCURRED_AT,594
AE_FIRE_PT_01229,P131,OCCURRED_AT,320
AE_FIRE_PT_01230,P995,OCCURRED_AT,88
AE_FIRE_PT_01231,P247,OCCURRED_AT,177
AE_FIRE_PT_01232,P318,OCCURRED_AT,14
AE_FIRE_PT_01233,P197,OCCURRED_AT,372
AE_FIRE_PT_01234,P019,OCCURRED_AT,76
AE_FIRE_PT_01235,P144,OCCURRED_AT,351
AE_FIRE_PT_01236,P096,OCCURRED_AT,391
AE_FIRE_PT_01237,P070,OCCURRED_AT,95
AE_FIRE_PT_01238,P173,OCCURRED_AT,215
AE_FIRE_PT_01239,P173,OCCURRED_AT,215
AE_FIRE_PT_01241,P314,OCCURRED_AT,427
AE_FIRE_PT_01244,P122,OCCURRED_AT,284
AE_FIRE_PT_01248,P438,OCCURRED_AT,128
AE_FIRE_PT_01249,P227,OCCURRED_AT,415
AE_FIRE_PT_01250,P032,OCCURRED_AT,390
AE_FIRE_PT_01251,P032,OCCURRED_AT,390
AE_FIRE_PT_01252,P966,OCCURRED_AT,104
AE_FIRE_PT_01253,P560,OCCURRED_AT,758
AE_FIRE_PT_01254,P153,OCCURRED_AT,69
AE_FIRE_PT_01255,P143,OCCURRED_AT,432
AE_FIRE_PT_01256,P1020,OCCURRED_AT,213
AE_FIRE_PT_01258,P231,OCCURRED_AT,410
AE_FIRE_PT_01259,P846,OCCURRED_AT,180
AE_FIRE_PT_01260,P829,OCCURRED_AT,228
AE_FIRE_PT_01261,P839,OCCURRED_AT,432
AE_FIRE_PT_01262,P197,OCCURRED_AT,704
AE_FIRE_PT_01263,P188,OCCURRED_AT,160
AE_FIRE_PT_01264,P484,OCCURRED_AT,7
AE_FIRE_PT_01265,P112,OCCURRED_AT,81
AE_FIRE_PT_01266,P923,OCCURRED_AT,45
AE_FIRE_PT_01267,P633,OCCURRED_AT,334
AE_FIRE_PT_01268,P144,OCCURRED_AT,191
AE_FIRE_PT_01269,P374,OCCURRED_AT,290
AE_FIRE_PT_01270,P167,OCCURRED_AT,223
AE_FIRE_PT_01271,P860,OCCURRED_AT,182
AE_FIRE_PT_01272,P860,OCCURRED_AT,182
AE_FIRE_PT_01273,P960,OCCURRED_AT,118
AE_FIRE_PT_01274,P934,OCCURRED_AT,558
AE_FIRE_PT_01275,P280,OCCURRED_AT,21
AE_FIRE_PT_01276,P070,OCCURRED_AT,10
AE_FIRE_PT_01277,P438,OCCURRED_AT,69
AE_FIRE_PT_01278,P677,OCCURRED_AT,519
AE_FIRE_PT_01280,P144,OCCURRED_AT,415
AE_FIRE_PT_01281,P973,OCCURRED_AT,199
AE_FIRE_PT_01282,P529,OCCURRED_AT,266
AE_FIRE_PT_01283,P403,OCCURRED_AT,62
AE_FIRE_PT_01284,P237,OCCURRED_AT,308
AE_FIRE_PT_01285,P417,OCCURRED_AT,134
AE_FIRE_PT_01286,P171,OCCURRED_AT,188
AE_FIRE_PT_01287,P070,OCCURRED_AT,167
AE_FIRE_PT_01288,P183,OCCURRED_AT,34
AE_FIRE_PT_01289,P908,OCCURRED_AT,479
AE_FIRE_PT_01290,P841,OCCURRED_AT,489
AE_FIRE_PT_01291,P929,OCCURRED_AT,92
AE_FIRE_PT_01292,P418,OCCURRED_AT,808
AE_FIRE_PT_01293,P143,OCCURRED_AT,304
AE_FIRE_PT_01294,P032,OCCURRED_AT,70
AE_FIRE_PT_01295,P465,OCCURRED_AT,582
AE_FIRE_PT_01296,P409,OCCURRED_AT,63
AE_FIRE_PT_01297,P777,OCCURRED_AT,457
AE_FIRE_PT_01298,P972,OCCURRED_AT,321
AE_FIRE_PT_01299,P923,OCCURRED_AT,267
AE_FIRE_PT_01300,P216,OCCURRED_AT,995
AE_FIRE_PT_01301,P912,OCCURRED_AT,215
AE_FIRE_PT_01302,P231,OCCURRED_AT,782
AE_FIRE_PT_01303,P233,OCCURRED_AT,254
AE_FIRE_PT_01304,P999,OCCURRED_AT,90
AE_FIRE_PT_01306,P531,OCCURRED_AT,312
AE_FIRE_PT_01307,P531,OCCURRED_AT,312
AE_FIRE_PT_01308,P833,OCCURRED_AT,141
AE_FIRE_PT_01309,P633,OCCURRED_AT,74
AE_FIRE_PT_01310,P991,OCCURRED_AT,75
AE_FIRE_PT_01311,P869,OCCURRED_AT,102
AE_FIRE_PT_01312,P044,OCCURRED_AT,59
AE_FIRE_PT_01314,P006,OCCURRED_AT,238
AE_FIRE_PT_01315,P330,OCCURRED_AT,94
AE_FIRE_PT_01316,P070,OCCURRED_AT,85
AE_FIRE_PT_01317,P869,OCCURRED_AT,87
AE_FIRE_PT_01318,P179,OCCURRED_AT,454
AE_FIRE_PT_01319,P377,OCCURRED_AT,774
AE_FIRE_PT_01320,P368,OCCURRED_AT,249
AE_FIRE_PT_01321,P659,OCCURRED_AT,207
AE_FIRE_PT_01322,P659,OCCURRED_AT,207
AE_FIRE_PT_01323,P659,OCCURRED_AT,207
AE_FIRE_PT_01324,P531,OCCURRED_AT,664
AE_FIRE_PT_01325,P531,OCCURRED_AT,664
AE_FIRE_PT_01326,P531,OCCURRED_AT,664
AE_FIRE_PT_01327,P531,OCCURRED_AT,664
AE_FIRE_PT_01328,P531,OCCURRED_AT,664
AE_FIRE_PT_01329,P531,OCCURRED_AT,664
AE_FIRE_PT_01331,P1002,OCCURRED_AT,0
AE_FIRE_PT_01332,P418,OCCURRED_AT,720
AE_FIRE_PT_01334,P448,OCCURRED_AT,313
AE_FIRE_PT_01335,P968,OCCURRED_AT,224
AE_FIRE_PT_01336,P108,OCCURRED_AT,324
AE_FIRE_PT_01337,P108,OCCURRED_AT,324
AE_FIRE_PT_01338,P108,OCCURRED_AT,324
AE_FIRE_PT_01339,P1029,OCCURRED_AT,262
AE_FIRE_PT_01340,P699,OCCURRED_AT,230
AE_FIRE_PT_01341,P231,OCCURRED_AT,223
AE_FIRE_PT_01342,P259,OCCURRED_AT,372
AE_FIRE_PT_01343,P846,OCCURRED_AT,210
AE_FIRE_PT_01344,P083,OCCURRED_AT,768
AE_FIRE_PT_01345,P986,OCCURRED_AT,966
AE_FIRE_PT_01346,P070,OCCURRED_AT,114
AE_FIRE_PT_01347,P167,OCCURRED_AT,135
AE_FIRE_PT_01348,P215,OCCURRED_AT,193
AE_FIRE_PT_01349,P215,OCCURRED_AT,193
AE_FIRE_PT_01350,P317,OCCURRED_AT,327
AE_FIRE_PT_01351,P932,OCCURRED_AT,261
AE_FIRE_PT_01352,P932,OCCURRED_AT,261
AE_FIRE_PT_01353,P975,OCCURRED_AT,822
AE_FIRE_PT_01354,P786,OCCURRED_AT,433
AE_FIRE_PT_01355,P330,OCCURRED_AT,303
AE_FIRE_PT_01356,P038,OCCURRED_AT,84
AE_FIRE_PT_01357,P254,OCCURRED_AT,208
AE_FIRE_PT_01358,P1018,OCCURRED_AT,832
AE_FIRE_PT_01359,P1018,OCCURRED_AT,832
AE_FIRE_PT_01360,P307,OCCURRED_AT,844
AE_FIRE_PT_01361,P134,OCCURRED_AT,77
AE_FIRE_PT_01362,P134,OCCURRED_AT,80
AE_FIRE_PT_01363,P016,OCCURRED_AT,355
AE_FIRE_PT_01364,P964,OCCURRED_AT,152
AE_FIRE_PT_01365,P712,OCCURRED_AT,193
AE_FIRE_PT_01366,P783,OCCURRED_AT,581
AE_FIRE_PT_01367,P183,OCCURRED_AT,48
AE_FIRE_PT_01368,P259,OCCURRED_AT,601
AE_FIRE_PT_01369,P388,OCCURRED_AT,317
AE_FIRE_PT_01370,P341,OCCURRED_AT,278
AE_FIRE_PT_01371,P560,OCCURRED_AT,639
AE_FIRE_PT_01372,P155,OCCURRED_AT,215
AE_FIRE_PT_01374,P763,OCCURRED_AT,220
AE_FIRE_PT_01376,P340,OCCURRED_AT,669
AE_FIRE_PT_01377,P006,OCCURRED_AT,81
AE_FIRE_PT_01379,P503,OCCURRED_AT,54
AE_FIRE_PT_01380,P275,OCCURRED_AT,258
AE_FIRE_PT_01381,P275,OCCURRED_AT,258
AE_FIRE_PT_01382,P290,OCCURRED_AT,228
AE_FIRE_PT_01383,P123,OCCURRED_AT,979
AE_FIRE_PT_01384,P131,OCCURRED_AT,675
AE_FIRE_PT_01385,P270,OCCURRED_AT,347
AE_FIRE_PT_01387,P167,OCCURRED_AT,0
AE_FIRE_PT_01389,P059,OCCURRED_AT,159
AE_FIRE_PT_01390,P973,OCCURRED_AT,111
AE_FIRE_PT_01391,P188,OCCURRED_AT,111
AE_FIRE_PT_01392,P092,OCCURRED_AT,235
AE_FIRE_PT_01393,P734,OCCURRED_AT,281
AE_FIRE_PT_01394,P674,OCCURRED_AT,598
AE_FIRE_PT_01395,P674,OCCURRED_AT,598
AE_FIRE_PT_01396,P259,OCCURRED_AT,307
AE_FIRE_PT_01398,P869,OCCURRED_AT,78
AE_FIRE_PT_01399,P027,OCCURRED_AT,105
AE_FIRE_PT_01400,P002,OCCURRED_AT,112
AE_FIRE_PT_01401,P904,OCCURRED_AT,84
AE_FIRE_PT_01402,P838,OCCURRED_AT,752
AE_FIRE_PT_01404,P171,OCCURRED_AT,214
AE_FIRE_PT_01405,P578,OCCURRED_AT,557
AE_FIRE_PT_01406,P578,OCCURRED_AT,557
AE_FIRE_PT_01407,P279,OCCURRED_AT,310
AE_FIRE_PT_01408,P279,OCCURRED_AT,310
AE_FIRE_PT_01409,P279,OCCURRED_AT,310
AE_FIRE_PT_01410,P279,OCCURRED_AT,310
AE_FIRE_PT_01411,P952,OCCURRED_AT,198
AE_FIRE_PT_01412,P556,OCCURRED_AT,768
AE_FIRE_PT_01413,P738,OCCURRED_AT,619
AE_FIRE_PT_01414,P171,OCCURRED_AT,529
AE_FIRE_PT_01415,P952,OCCURRED_AT,156
AE_FIRE_PT_01416,P418,OCCURRED_AT,442
AE_FIRE_PT_01418,P083,OCCURRED_AT,254
AE_FIRE_PT_01419,P659,OCCURRED_AT,190
AE_FIRE_PT_01420,P659,OCCURRED_AT,190
AE_FIRE_PT_01421,P758,OCCURRED_AT,188
AE_FIRE_PT_01422,P700,OCCURRED_AT,268
AE_FIRE_PT_01423,P1024,OCCURRED_AT,708
AE_FIRE_PT_01424,P1024,OCCURRED_AT,708
AE_FIRE_PT_01426,P618,OCCURRED_AT,569
AE_FIRE_PT_01427,P001,OCCURRED_AT,122
AE_FIRE_PT_01428,P294,OCCURRED_AT,106
AE_FIRE_PT_01429,P663,OCCURRED_AT,571
AE_FIRE_PT_01430,P699,OCCURRED_AT,247
AE_FIRE_PT_01431,P198,OCCURRED_AT,177
AE_FIRE_PT_01432,P092,OCCURRED_AT,216
AE_FIRE_PT_01433,P986,OCCURRED_AT,15
AE_FIRE_PT_01434,P869,OCCURRED_AT,61
AE_FIRE_PT_01435,P973,OCCURRED_AT,653
AE_FIRE_PT_01436,P040,OCCURRED_AT,166
AE_FIRE_PT_01437,P403,OCCURRED_AT,347
AE_FIRE_PT_01438,P830,OCCURRED_AT,196
AE_FIRE_PT_01439,P523,OCCURRED_AT,221
AE_FIRE_PT_01440,P337,OCCURRED_AT,58
AE_FIRE_PT_01441,P188,OCCURRED_AT,272
AE_FIRE_PT_01442,P698,OCCURRED_AT,876
AE_FIRE_PT_01444,P169,OCCURRED_AT,153
AE_FIRE_PT_01445,P256,OCCURRED_AT,163
AE_FIRE_PT_01446,P081,OCCURRED_AT,573
AE_FIRE_PT_01447,P078,OCCURRED_AT,467
AE_FIRE_PT_01448,P040,OCCURRED_AT,95
AE_FIRE_PT_01449,P861,OCCURRED_AT,0
AE_FIRE_PT_01450,P912,OCCURRED_AT,278
AE_FIRE_PT_01451,P912,OCCURRED_AT,278
AE_FIRE_PT_01452,P912,OCCURRED_AT,278
AE_FIRE_PT_01453,P912,OCCURRED_AT,278
AE_FIRE_PT_01454,P912,OCCURRED_AT,278
AE_FIRE_PT_01455,P092,OCCURRED_AT,223
AE_FIRE_PT_01456,P1020,OCCURRED_AT,579
AE_FIRE_PT_01457,P131,OCCURRED_AT,223
AE_FIRE_PT_01458,P318,OCCURRED_AT,98
AE_FIRE_PT_01459,P734,OCCURRED_AT,238
AE_FIRE_PT_01460,P771,OCCURRED_AT,863
AE_FIRE_PT_01461,P319,OCCURRED_AT,483
AE_FIRE_PT_01463,P083,OCCURRED_AT,48
AE_FIRE_PT_01465,P952,OCCURRED_AT,42
AE_FIRE_PT_01466,P183,OCCURRED_AT,73
AE_FIRE_PT_01469,P318,OCCURRED_AT,334
AE_FIRE_PT_01470,P350,OCCURRED_AT,608
AE_FIRE_PT_01473,P899,OCCURRED_AT,367
AE_FIRE_PT_01474,P709,OCCURRED_AT,636
AE_FIRE_PT_01475,P525,OCCURRED_AT,890
AE_FIRE_PT_01476,P525,OCCURRED_AT,890
AE_FIRE_PT_01477,P525,OCCURRED_AT,890
AE_FIRE_PT_01478,P525,OCCURRED_AT,890
AE_FIRE_PT_01479,P394,OCCURRED_AT,339
AE_FIRE_PT_01481,P652,OCCURRED_AT,146
AE_FIRE_PT_01482,P044,OCCURRED_AT,774
AE_FIRE_PT_01483,P973,OCCURRED_AT,366
AE_FIRE_PT_01484,P123,OCCURRED_AT,44
AE_FIRE_PT_01485,P440,OCCURRED_AT,810
AE_FIRE_PT_01486,P912,OCCURRED_AT,367
AE_FIRE_PT_01487,P089,OCCURRED_AT,228
AE_FIRE_PT_01488,P107,OCCURRED_AT,564
AE_FIRE_PT_01489,P289,OCCURRED_AT,234
AE_FIRE_PT_01490,P197,OCCURRED_AT,298
AE_FIRE_PT_01492,P858,OCCURRED_AT,598
AE_FIRE_PT_01493,P127,OCCURRED_AT,503
AE_FIRE_PT_01494,P733,OCCURRED_AT,57
AE_FIRE_PT_01495,P316,OCCURRED_AT,979
AE_FIRE_PT_01496,P197,OCCURRED_AT,250
AE_FIRE_PT_01497,P976,OCCURRED_AT,65
AE_FIRE_PT_01498,P449,OCCURRED_AT,768
AE_FIRE_PT_01499,P449,OCCURRED_AT,768
AE_FIRE_PT_01500,P950,OCCURRED_AT,246
AE_FIRE_PT_01501,P331,OCCURRED_AT,174
AE_FIRE_PT_01502,P327,OCCURRED_AT,216
AE_FIRE_PT_01503,P1020,OCCURRED_AT,83
AE_FIRE_PT_01506,P1004,OCCURRED_AT,267
AE_FIRE_PT_01507,P1004,OCCURRED_AT,267
AE_FIRE_PT_01508,P367,OCCURRED_AT,557
AE_FIRE_PT_01509,P112,OCCURRED_AT,24
AE_FIRE_PT_01510,P297,OCCURRED_AT,154
AE_FIRE_PT_01511,P951,OCCURRED_AT,108
AE_FIRE_PT_01512,P389,OCCURRED_AT,156
AE_FIRE_PT_01513,P870,OCCURRED_AT,377
AE_FIRE_PT_01514,P870,OCCURRED_AT,377
AE_FIRE_PT_01515,P221,OCCURRED_AT,453
AE_FIRE_PT_01516,P221,OCCURRED_AT,453
AE_FIRE_PT_01517,P408,OCCURRED_AT,804
AE_FIRE_PT_01518,P123,OCCURRED_AT,310
AE_FIRE_PT_01519,P1020,OCCURRED_AT,100
AE_FIRE_PT_01520,P415,OCCURRED_AT,46
AE_FIRE_PT_01522,P325,OCCURRED_AT,348
AE_FIRE_PT_01523,P899,OCCURRED_AT,396
AE_FIRE_PT_01524,P345,OCCURRED_AT,302
AE_FIRE_PT_01525,P991,OCCURRED_AT,20
AE_FIRE_PT_01526,P553,OCCURRED_AT,732
AE_FIRE_PT_01527,P066,OCCURRED_AT,254
AE_FIRE_PT_01528,P689,OCCURRED_AT,894
AE_FIRE_PT_01531,P032,OCCURRED_AT,252
AE_FIRE_PT_01532,P255,OCCURRED_AT,200
AE_FIRE_PT_01533,P783,OCCURRED_AT,656
AE_FIRE_PT_01534,P868,OCCURRED_AT,14
AE_FIRE_PT_01535,P868,OCCURRED_AT,75
AE_FIRE_PT_01537,P311,OCCURRED_AT,306
AE_FIRE_PT_01538,P311,OCCURRED_AT,306
AE_FIRE_PT_01540,P068,OCCURRED_AT,84
AE_FIRE_PT_01541,P589,OCCURRED_AT,543
AE_FIRE_PT_01543,P1004,OCCURRED_AT,573
AE_FIRE_PT_01547,P316,OCCURRED_AT,378
AE_FIRE_PT_01548,P131,OCCURRED_AT,75
AE_FIRE_PT_01549,P190,OCCURRED_AT,62
AE_FIRE_PT_01550,P968,OCCURRED_AT,144
AE_FIRE_PT_01551,P993,OCCURRED_AT,356
AE_FIRE_PT_01552,P183,OCCURRED_AT,15
AE_FIRE_PT_01553,P361,OCCURRED_AT,107
AE_FIRE_PT_01554,P958,OCCURRED_AT,404
AE_FIRE_PT_01555,P898,OCCURRED_AT,679
AE_FIRE_PT_01556,P510,OCCURRED_AT,189
AE_FIRE_PT_01557,P361,OCCURRED_AT,315
AE_FIRE_PT_01558,P438,OCCURRED_AT,65
AE_FIRE_PT_01559,P058,OCCURRED_AT,338
AE_FIRE_PT_01560,P1024,OCCURRED_AT,138
AE_FIRE_PT_01561,P490,OCCURRED_AT,243
AE_FIRE_PT_01562,P490,OCCURRED_AT,243
AE_FIRE_PT_01563,P973,OCCURRED_AT,305
AE_FIRE_PT_01564,P701,OCCURRED_AT,314
AE_FIRE_PT_01565,P680,OCCURRED_AT,484
AE_FIRE_PT_01566,P060,OCCURRED_AT,314
AE_FIRE_PT_01567,P047,OCCURRED_AT,223
AE_FIRE_PT_01568,P878,OCCURRED_AT,169
AE_FIRE_PT_01569,P828,OCCURRED_AT,424
AE_FIRE_PT_01570,P122,OCCURRED_AT,275
AE_FIRE_PT_01571,P899,OCCURRED_AT,263
AE_FIRE_PT_01572,P150,OCCURRED_AT,262
AE_FIRE_PT_01573,P155,OCCURRED_AT,523
AE_FIRE_PT_01574,P830,OCCURRED_AT,248
AE_FIRE_PT_01575,P136,OCCURRED_AT,58
AE_FIRE_PT_01576,P070,OCCURRED_AT,102
AE_FIRE_PT_01577,P070,OCCURRED_AT,102
AE_FIRE_PT_01578,P756,OCCURRED_AT,577
AE_FIRE_PT_01580,P266,OCCURRED_AT,198
AE_FIRE_PT_01581,P283,OCCURRED_AT,67
AE_FIRE_PT_01582,P347,OCCURRED_AT,19
AE_FIRE_PT_01583,P044,OCCURRED_AT,62
AE_FIRE_PT_01584,P584,OCCURRED_AT,548
AE_FIRE_PT_01585,P584,OCCURRED_AT,548
AE_FIRE_PT_01586,P406,OCCURRED_AT,371
AE_FIRE_PT_01589,P251,OCCURRED_AT,382
AE_FIRE_PT_01590,P331,OCCURRED_AT,375
AE_FIRE_PT_01591,P981,OCCURRED_AT,91
AE_FIRE_PT_01592,P361,OCCURRED_AT,83
AE_FIRE_PT_01593,P020,OCCURRED_AT,399
AE_FIRE_PT_01594,P012,OCCURRED_AT,142
AE_FIRE_PT_01595,P012,OCCURRED_AT,142
AE_FIRE_PT_01596,P220,OCCURRED_AT,160
AE_FIRE_PT_01597,P220,OCCURRED_AT,160
AE_FIRE_PT_01598,P082,OCCURRED_AT,192
AE_FIRE_PT_01599,P220,OCCURRED_AT,175
AE_FIRE_PT_01600,P220,OCCURRED_AT,175
AE_FIRE_PT_01601,P220,OCCURRED_AT,175
AE_FIRE_PT_01602,P808,OCCURRED_AT,767
AE_FIRE_PT_01603,P053,OCCURRED_AT,442
AE_FIRE_PT_01605,P147,OCCURRED_AT,252
AE_FIRE_PT_01606,P090,OCCURRED_AT,461
AE_FIRE_PT_01607,P636,OCCURRED_AT,536
AE_FIRE_PT_01608,P909,OCCURRED_AT,428
AE_FIRE_PT_01609,P137,OCCURRED_AT,258
AE_FIRE_PT_01610,P227,OCCURRED_AT,742
AE_FIRE_PT_01611,P325,OCCURRED_AT,403
AE_FIRE_PT_01612,P103,OCCURRED_AT,129
AE_FIRE_PT_01613,P103,OCCURRED_AT,129
AE_FIRE_PT_01614,P129,OCCURRED_AT,713
AE_FIRE_PT_01615,P129,OCCURRED_AT,713
AE_FIRE_PT_01616,P076,OCCURRED_AT,985
AE_FIRE_PT_01617,P830,OCCURRED_AT,322
AE_FIRE_PT_01618,P830,OCCURRED_AT,322
AE_FIRE_PT_01620,P429,OCCURRED_AT,194
AE_FIRE_PT_01621,P429,OCCURRED_AT,194
AE_FIRE_PT_01622,P429,OCCURRED_AT,194
AE_FIRE_PT_01623,P411,OCCURRED_AT,831
AE_FIRE_PT_01624,P411,OCCURRED_AT,831
AE_FIRE_PT_01625,P044,OCCURRED_AT,1
AE_FIRE_PT_01626,P332,OCCURRED_AT,363
AE_FIRE_PT_01627,P190,OCCURRED_AT,64
AE_FIRE_PT_01629,P440,OCCURRED_AT,351
AE_FIRE_PT_01630,P171,OCCURRED_AT,559
AE_FIRE_PT_01631,P219,OCCURRED_AT,331
AE_FIRE_PT_01632,P314,OCCURRED_AT,709
AE_FIRE_PT_01633,P314,OCCURRED_AT,709
AE_FIRE_PT_01634,P314,OCCURRED_AT,709
AE_FIRE_PT_01635,P143,OCCURRED_AT,123
AE_FIRE_PT_01636,P890,OCCURRED_AT,945
AE_FIRE_PT_01637,P890,OCCURRED_AT,945
AE_FIRE_PT_01638,P560,OCCURRED_AT,656
AE_FIRE_PT_01639,P841,OCCURRED_AT,387
AE_FIRE_PT_01640,P699,OCCURRED_AT,246
AE_FIRE_PT_01641,P716,OCCURRED_AT,848
AE_FIRE_PT_01642,P047,OCCURRED_AT,375
AE_FIRE_PT_01643,P699,OCCURRED_AT,0
AE_FIRE_PT_01644,P1008,OCCURRED_AT,239
AE_FIRE_PT_01645,P1008,OCCURRED_AT,239
AE_FIRE_PT_01646,P429,OCCURRED_AT,205
AE_FIRE_PT_01647,P429,OCCURRED_AT,205
AE_FIRE_PT_01648,P233,OCCURRED_AT,205
AE_FIRE_PT_01649,P350,OCCURRED_AT,526
AE_FIRE_PT_01650,P144,OCCURRED_AT,405
AE_FIRE_PT_01651,P942,OCCURRED_AT,557
AE_FIRE_PT_01652,P335,OCCURRED_AT,444
AE_FIRE_PT_01655,P388,OCCURRED_AT,314
AE_FIRE_PT_01656,P699,OCCURRED_AT,253
AE_FIRE_PT_01657,P998,OCCURRED_AT,51
AE_FIRE_PT_01658,P131,OCCURRED_AT,325
AE_FIRE_PT_01660,P898,OCCURRED_AT,36
AE_FIRE_PT_01661,P310,OCCURRED_AT,215
AE_FIRE_PT_01662,P236,OCCURRED_AT,676
AE_FIRE_PT_01663,P143,OCCURRED_AT,282
AE_FIRE_PT_01664,P239,OCCURRED_AT,81
AE_FIRE_PT_01666,P590,OCCURRED_AT,225
AE_FIRE_PT_01667,P590,OCCURRED_AT,225
AE_FIRE_PT_01668,P617,OCCURRED_AT,264
AE_FIRE_PT_01669,P197,OCCURRED_AT,137
AE_FIRE_PT_01670,P019,OCCURRED_AT,56
AE_FIRE_PT_01673,P733,OCCURRED_AT,61
AE_FIRE_PT_01674,P113,OCCURRED_AT,123
AE_FIRE_PT_01675,P701,OCCURRED_AT,303
AE_FIRE_PT_01676,P319,OCCURRED_AT,592
AE_FIRE_PT_01677,P679,OCCURRED_AT,206
AE_FIRE_PT_01678,P543,OCCURRED_AT,835
AE_FIRE_PT_01682,P065,OCCURRED_AT,37
AE_FIRE_PT_01683,P350,OCCURRED_AT,439
AE_FIRE_PT_01684,P048,OCCURRED_AT,172
AE_FIRE_PT_01685,P706,OCCURRED_AT,256
AE_FIRE_PT_01686,P983,OCCURRED_AT,261
AE_FIRE_PT_01687,P562,OCCURRED_AT,13
AE_FIRE_PT_01688,P262,OCCURRED_AT,33
AE_FIRE_PT_01689,P188,OCCURRED_AT,519
AE_FIRE_PT_01690,P124,OCCURRED_AT,195
AE_FIRE_PT_01691,P275,OCCURRED_AT,489
AE_FIRE_PT_01692,P1014,OCCURRED_AT,623
AE_FIRE_PT_01693,P1014,OCCURRED_AT,623
AE_FIRE_PT_01694,P344,OCCURRED_AT,708
AE_FIRE_PT_01695,P344,OCCURRED_AT,708
AE_FIRE_PT_01696,P213,OCCURRED_AT,108
AE_FIRE_PT_01697,P147,OCCURRED_AT,862
AE_FIRE_PT_01699,P975,OCCURRED_AT,887
AE_FIRE_PT_01700,P604,OCCURRED_AT,880
AE_FIRE_PT_01701,P604,OCCURRED_AT,880
AE_FIRE_PT_01702,P183,OCCURRED_AT,10
AE_FIRE_PT_01703,P033,OCCURRED_AT,642
AE_FIRE_PT_01704,P033,OCCURRED_AT,642
AE_FIRE_PT_01705,P527,OCCURRED_AT,412
AE_FIRE_PT_01706,P204,OCCURRED_AT,301
AE_FIRE_PT_01707,P830,OCCURRED_AT,470
AE_FIRE_PT_01708,P440,OCCURRED_AT,353
AE_FIRE_PT_01710,P381,OCCURRED_AT,127
AE_FIRE_PT_01711,P008,OCCURRED_AT,157
AE_FIRE_PT_01712,P974,OCCURRED_AT,560
AE_FIRE_PT_01714,P070,OCCURRED_AT,10
AE_FIRE_PT_01715,P070,OCCURRED_AT,83
AE_FIRE_PT_01716,P183,OCCURRED_AT,9
AE_FIRE_PT_01717,P231,OCCURRED_AT,225
AE_FIRE_PT_01718,P043,OCCURRED_AT,685
AE_FIRE_PT_01719,P043,OCCURRED_AT,685
AE_FIRE_PT_01720,P541,OCCURRED_AT,516
AE_FIRE_PT_01721,P070,OCCURRED_AT,88
AE_FIRE_PT_01722,P684,OCCURRED_AT,515
AE_FIRE_PT_01723,P684,OCCURRED_AT,515
AE_FIRE_PT_01724,P647,OCCURRED_AT,670
AE_FIRE_PT_01725,P188,OCCURRED_AT,506
AE_FIRE_PT_01726,P721,OCCURRED_AT,803
AE_FIRE_PT_01727,P974,OCCURRED_AT,955
AE_FIRE_PT_01729,P184,OCCURRED_AT,200
AE_FIRE_PT_01730,P184,OCCURRED_AT,200
AE_FIRE_PT_01731,P184,OCCURRED_AT,200
AE_FIRE_PT_01732,P1022,OCCURRED_AT,501
AE_FIRE_PT_01733,P033,OCCURRED_AT,610
AE_FIRE_PT_01734,P144,OCCURRED_AT,328
AE_FIRE_PT_01735,P035,OCCURRED_AT,52
AE_FIRE_PT_01736,P020,OCCURRED_AT,126
AE_FIRE_PT_01737,P120,OCCURRED_AT,526
AE_FIRE_PT_01738,P079,OCCURRED_AT,113
AE_FIRE_PT_01739,P479,OCCURRED_AT,270
AE_FIRE_PT_01742,P362,OCCURRED_AT,512
AE_FIRE_PT_01743,P167,OCCURRED_AT,76
AE_FIRE_PT_01744,P991,OCCURRED_AT,20
AE_FIRE_PT_01745,P991,OCCURRED_AT,20
AE_FIRE_PT_01746,P139,OCCURRED_AT,366
AE_FIRE_PT_01747,P113,OCCURRED_AT,46
AE_FIRE_PT_01748,P012,OCCURRED_AT,122
AE_FIRE_PT_01749,P261,OCCURRED_AT,184
AE_FIRE_PT_01750,P744,OCCURRED_AT,228
AE_FIRE_PT_01751,P023,OCCURRED_AT,132
AE_FIRE_PT_01752,P277,OCCURRED_AT,53
AE_FIRE_PT_01753,P160,OCCURRED_AT,89
AE_FIRE_PT_01754,P160,OCCURRED_AT,89
AE_FIRE_PT_01755,P190,OCCURRED_AT,144
AE_FIRE_PT_01756,P173,OCCURRED_AT,158
AE_FIRE_PT_01757,P173,OCCURRED_AT,158
AE_FIRE_PT_01758,P785,OCCURRED_AT,744
AE_FIRE_PT_01759,P953,OCCURRED_AT,61
AE_FIRE_PT_01760,P325,OCCURRED_AT,418
AE_FIRE_PT_01761,P325,OCCURRED_AT,418
AE_FIRE_PT_01762,P189,OCCURRED_AT,548
AE_FIRE_PT_01763,P566,OCCURRED_AT,857
AE_FIRE_PT_01764,P120,OCCURRED_AT,490
AE_FIRE_PT_01765,P120,OCCURRED_AT,490
AE_FIRE_PT_01766,P002,OCCURRED_AT,163
AE_FIRE_PT_01767,P122,OCCURRED_AT,86
AE_FIRE_PT_01768,P418,OCCURRED_AT,106
AE_FIRE_PT_01769,P292,OCCURRED_AT,62
AE_FIRE_PT_01770,P292,OCCURRED_AT,62
AE_FIRE_PT_01771,P292,OCCURRED_AT,62
AE_FIRE_PT_01772,P292,OCCURRED_AT,62
AE_FIRE_PT_01773,P283,OCCURRED_AT,584
AE_FIRE_PT_01774,P604,OCCURRED_AT,87
AE_FIRE_PT_01775,P340,OCCURRED_AT,216
AE_FIRE_PT_01776,P019,OCCURRED_AT,56
AE_FIRE_PT_01777,P197,OCCURRED_AT,179
AE_FIRE_PT_01778,P343,OCCURRED_AT,67
AE_FIRE_PT_01779,P957,OCCURRED_AT,6
AE_FIRE_PT_01780,P361,OCCURRED_AT,424
AE_FIRE_PT_01781,P015,OCCURRED_AT,80
AE_FIRE_PT_01782,P305,OCCURRED_AT,224
AE_FIRE_PT_01783,P793,OCCURRED_AT,634
AE_FIRE_PT_01784,P793,OCCURRED_AT,634
AE_FIRE_PT_01785,P499,OCCURRED_AT,983
AE_FIRE_PT_01787,P150,OCCURRED_AT,369
AE_FIRE_PT_01788,P150,OCCURRED_AT,369
AE_FIRE_PT_01789,P129,OCCURRED_AT,838
AE_FIRE_PT_01790,P215,OCCURRED_AT,244
AE_FIRE_PT_01791,P280,OCCURRED_AT,122
AE_FIRE_PT_01792,P188,OCCURRED_AT,202
AE_FIRE_PT_01793,P698,OCCURRED_AT,986
AE_FIRE_PT_01794,P310,OCCURRED_AT,434
AE_FIRE_PT_01798,P604,OCCURRED_AT,881
AE_FIRE_PT_01799,P604,OCCURRED_AT,881
AE_FIRE_PT_01800,P196,OCCURRED_AT,536
AE_FIRE_PT_01801,P734,OCCURRED_AT,300
AE_FIRE_PT_01802,P122,OCCURRED_AT,117
AE_FIRE_PT_01803,P049,OCCURRED_AT,186
AE_FIRE_PT_01804,P931,OCCURRED_AT,275
AE_FIRE_PT_01805,P931,OCCURRED_AT,275
AE_FIRE_PT_01806,P931,OCCURRED_AT,275
AE_FIRE_PT_01807,P260,OCCURRED_AT,28
AE_FIRE_PT_01808,P018,OCCURRED_AT,0
AE_FIRE_PT_01809,P040,OCCURRED_AT,106
AE_FIRE_PT_01810,P178,OCCURRED_AT,586
AE_FIRE_PT_01811,P040,OCCURRED_AT,113
AE_FIRE_PT_01812,P729,OCCURRED_AT,178
AE_FIRE_PT_01813,P928,OCCURRED_AT,877
AE_FIRE_PT_01814,P180,OCCURRED_AT,83
AE_FIRE_PT_01815,P644,OCCURRED_AT,436
AE_FIRE_PT_01817,P122,OCCURRED_AT,125
AE_FIRE_PT_01818,P122,OCCURRED_AT,125
AE_FIRE_PT_01819,P036,OCCURRED_AT,21
AE_FIRE_PT_01820,P144,OCCURRED_AT,461
AE_FIRE_PT_01821,P937,OCCURRED_AT,288
AE_FIRE_PT_01822,P514,OCCURRED_AT,714
AE_FIRE_PT_01823,P975,OCCURRED_AT,140
AE_FIRE_PT_01824,P014,OCCURRED_AT,106
AE_FIRE_PT_01825,P999,OCCURRED_AT,823
AE_FIRE_PT_01826,P525,OCCURRED_AT,156
AE_FIRE_PT_01827,P525,OCCURRED_AT,156
AE_FIRE_PT_01828,P218,OCCURRED_AT,360
AE_FIRE_PT_01829,P161,OCCURRED_AT,243
AE_FIRE_PT_01830,P570,OCCURRED_AT,568
AE_FIRE_PT_01831,P570,OCCURRED_AT,157
AE_FIRE_PT_01832,P570,OCCURRED_AT,157
AE_FIRE_PT_01833,P527,OCCURRED_AT,511
AE_FIRE_PT_01834,P161,OCCURRED_AT,429
AE_FIRE_PT_01835,P279,OCCURRED_AT,289
AE_FIRE_PT_01836,P164,OCCURRED_AT,130
AE_FIRE_PT_01838,P659,OCCURRED_AT,203
AE_FIRE_PT_01839,P659,OCCURRED_AT,203
AE_FIRE_PT_01840,P659,OCCURRED_AT,203
AE_FIRE_PT_01842,P348,OCCURRED_AT,103
AE_FIRE_PT_01843,P814,OCCURRED_AT,397
AE_FIRE_PT_01844,P122,OCCURRED_AT,52
AE_FIRE_PT_01845,P665,OCCURRED_AT,380
AE_FIRE_PT_01846,P688,OCCURRED_AT,90
AE_FIRE_PT_01847,P688,OCCURRED_AT,90
AE_FIRE_PT_01848,P389,OCCURRED_AT,345
AE_FIRE_PT_01849,P543,OCCURRED_AT,716
AE_FIRE_PT_01850,P677,OCCURRED_AT,531
AE_FIRE_PT_01851,P1018,OCCURRED_AT,422
AE_FIRE_PT_01852,P014,OCCURRED_AT,127
AE_FIRE_PT_01853,P014,OCCURRED_AT,121
AE_FIRE_PT_01854,P014,OCCURRED_AT,121
AE_FIRE_PT_01855,P583,OCCURRED_AT,654
AE_FIRE_PT_01856,P168,OCCURRED_AT,109
AE_FIRE_PT_01857,P168,OCCURRED_AT,109
AE_FIRE_PT_01858,P929,OCCURRED_AT,92
AE_FIRE_PT_01860,P033,OCCURRED_AT,107
AE_FIRE_PT_01861,P680,OCCURRED_AT,121
AE_FIRE_PT_01864,P734,OCCURRED_AT,99
AE_FIRE_PT_01865,P032,OCCURRED_AT,195
AE_FIRE_PT_01866,P465,OCCURRED_AT,347
AE_FIRE_PT_01867,P034,OCCURRED_AT,217
AE_FIRE_PT_01868,P952,OCCURRED_AT,22
AE_FIRE_PT_01869,P204,OCCURRED_AT,634
AE_FIRE_PT_01870,P001,OCCURRED_AT,158
AE_FIRE_PT_01871,P005,OCCURRED_AT,466
AE_FIRE_PT_01872,P593,OCCURRED_AT,107
AE_FIRE_PT_01873,P895,OCCURRED_AT,121
AE_FIRE_PT_01874,P048,OCCURRED_AT,203
AE_FIRE_PT_01875,P793,OCCURRED_AT,694
AE_FIRE_PT_01876,P793,OCCURRED_AT,694
AE_FIRE_PT_01877,P162,OCCURRED_AT,26
AE_FIRE_PT_01878,P034,OCCURRED_AT,197
AE_FIRE_PT_01879,P997,OCCURRED_AT,134
AE_FIRE_PT_01881,P370,OCCURRED_AT,199
AE_FIRE_PT_01882,P107,OCCURRED_AT,749
AE_FIRE_PT_01884,P499,OCCURRED_AT,894
AE_FIRE_PT_01885,P405,OCCURRED_AT,415
AE_FIRE_PT_01886,P405,OCCURRED_AT,415
AE_FIRE_PT_01887,P405,OCCURRED_AT,415
AE_FIRE_PT_01888,P405,OCCURRED_AT,415
AE_FIRE_PT_01889,P486,OCCURRED_AT,309
AE_FIRE_PT_01890,P243,OCCURRED_AT,129
AE_FIRE_PT_01891,P224,OCCURRED_AT,943
AE_FIRE_PT_01892,P1008,OCCURRED_AT,638
AE_FIRE_PT_01893,P697,OCCURRED_AT,770
AE_FIRE_PT_01894,P040,OCCURRED_AT,69
AE_FIRE_PT_01896,P910,OCCURRED_AT,611
AE_FIRE_PT_01897,P699,OCCURRED_AT,177
AE_FIRE_PT_01898,P169,OCCURRED_AT,309
AE_FIRE_PT_01899,P178,OCCURRED_AT,846
AE_FIRE_PT_01900,P162,OCCURRED_AT,36
AE_FIRE_PT_01901,P070,OCCURRED_AT,10
AE_FIRE_PT_01902,P388,OCCURRED_AT,314
AE_FIRE_PT_01903,P143,OCCURRED_AT,194
AE_FIRE_PT_01904,P179,OCCURRED_AT,133
AE_FIRE_PT_01905,P578,OCCURRED_AT,284
AE_FIRE_PT_01909,P032,OCCURRED_AT,712
AE_FIRE_PT_01910,P559,OCCURRED_AT,865
AE_FIRE_PT_01911,P579,OCCURRED_AT,423
AE_FIRE_PT_01912,P861,OCCURRED_AT,10
AE_FIRE_PT_01913,P712,OCCURRED_AT,241
AE_FIRE_PT_01914,P018,OCCURRED_AT,906
AE_FIRE_PT_01915,P900,OCCURRED_AT,428
AE_FIRE_PT_01916,P325,OCCURRED_AT,139
AE_FIRE_PT_01917,P197,OCCURRED_AT,212
AE_FIRE_PT_01918,P215,OCCURRED_AT,167
AE_FIRE_PT_01920,P057,OCCURRED_AT,156
AE_FIRE_PT_01921,P793,OCCURRED_AT,698
AE_FIRE_PT_01922,P793,OCCURRED_AT,698
AE_FIRE_PT_01923,P116,OCCURRED_AT,429
AE_FIRE_PT_01924,P677,OCCURRED_AT,172
AE_FIRE_PT_01925,P517,OCCURRED_AT,50
AE_FIRE_PT_01926,P529,OCCURRED_AT,253
AE_FIRE_PT_01927,P878,OCCURRED_AT,163
AE_FIRE_PT_01928,P287,OCCURRED_AT,389
AE_FIRE_PT_01929,P187,OCCURRED_AT,257
AE_FIRE_PT_01931,P112,OCCURRED_AT,130
AE_FIRE_PT_01932,P499,OCCURRED_AT,849
AE_FIRE_PT_01933,P807,OCCURRED_AT,724
AE_FIRE_PT_01934,P807,OCCURRED_AT,724
AE_FIRE_PT_01935,P122,OCCURRED_AT,255
AE_FIRE_PT_01936,P788,OCCURRED_AT,23
AE_FIRE_PT_01937,P788,OCCURRED_AT,23
AE_FIRE_PT_01938,P1020,OCCURRED_AT,235
AE_FIRE_PT_01939,P063,OCCURRED_AT,681
AE_FIRE_PT_01940,P063,OCCURRED_AT,681
AE_FIRE_PT_01941,P687,OCCURRED_AT,190
AE_FIRE_PT_01942,P332,OCCURRED_AT,97
AE_FIRE_PT_01943,P332,OCCURRED_AT,97
AE_FIRE_PT_01944,P262,OCCURRED_AT,122
AE_FIRE_PT_01946,P155,OCCURRED_AT,305
AE_FIRE_PT_01947,P335,OCCURRED_AT,327
AE_FIRE_PT_01948,P830,OCCURRED_AT,247
AE_FIRE_PT_01949,P830,OCCURRED_AT,247
AE_FIRE_PT_01951,P953,OCCURRED_AT,52
AE_FIRE_PT_01952,P448,OCCURRED_AT,339
AE_FIRE_PT_01953,P218,OCCURRED_AT,272
AE_FIRE_PT_01954,P856,OCCURRED_AT,377
AE_FIRE_PT_01955,P929,OCCURRED_AT,110
AE_FIRE_PT_01956,P975,OCCURRED_AT,740
AE_FIRE_PT_01957,P020,OCCURRED_AT,378
AE_FIRE_PT_01959,P300,OCCURRED_AT,624
AE_FIRE_PT_01960,P059,OCCURRED_AT,133
AE_FIRE_PT_01961,P415,OCCURRED_AT,547
AE_FIRE_PT_01962,P324,OCCURRED_AT,425
AE_FIRE_PT_01963,P921,OCCURRED_AT,736
AE_FIRE_PT_01965,P1021,OCCURRED_AT,723
AE_FIRE_PT_01966,P179,OCCURRED_AT,281
AE_FIRE_PT_01967,P164,OCCURRED_AT,90
AE_FIRE_PT_01968,P125,OCCURRED_AT,147
AE_FIRE_PT_01969,P730,OCCURRED_AT,120
AE_FIRE_PT_01970,P251,OCCURRED_AT,382
AE_FIRE_PT_01971,P124,OCCURRED_AT,401
AE_FIRE_PT_01973,P1020,OCCURRED_AT,328
AE_FIRE_PT_01974,P113,OCCURRED_AT,231
AE_FIRE_PT_01975,P681,OCCURRED_AT,116
AE_FIRE_PT_01977,P310,OCCURRED_AT,198
AE_FIRE_PT_01979,P701,OCCURRED_AT,184
AE_FIRE_PT_01980,P032,OCCURRED_AT,394
AE_FIRE_PT_01981,P862,OCCURRED_AT,514
AE_FIRE_PT_01982,P032,OCCURRED_AT,767
AE_FIRE_PT_01983,P219,OCCURRED_AT,691
AE_FIRE_PT_01984,P219,OCCURRED_AT,691
AE_FIRE_PT_01985,P338,OCCURRED_AT,156
AE_FIRE_PT_01986,P271,OCCURRED_AT,41
AE_FIRE_PT_01987,P332,OCCURRED_AT,393
AE_FIRE_PT_01988,P110,OCCURRED_AT,385
AE_FIRE_PT_01990,P906,OCCURRED_AT,102
AE_FIRE_PT_01991,P005,OCCURRED_AT,332
AE_FIRE_PT_01993,P340,OCCURRED_AT,646
AE_FIRE_PT_01994,P251,OCCURRED_AT,304
AE_FIRE_PT_01995,P043,OCCURRED_AT,703
AE_FIRE_PT_01996,P091,OCCURRED_AT,0
AE_FIRE_PT_01997,P771,OCCURRED_AT,546
AE_FIRE_PT_01998,P771,OCCURRED_AT,546
AE_FIRE_PT_01999,P131,OCCURRED_AT,337
AE_FIRE_PT_02000,P434,OCCURRED_AT,183
AE_FIRE_PT_02001,P830,OCCURRED_AT,109
AE_FIRE_PT_02002,P040,OCCURRED_AT,92
AE_FIRE_PT_02003,P797,OCCURRED_AT,607
AE_FIRE_PT_02004,P953,OCCURRED_AT,269
AE_FIRE_PT_02005,P894,OCCURRED_AT,447
AE_FIRE_PT_02006,P350,OCCURRED_AT,627
AE_FIRE_PT_02007,P468,OCCURRED_AT,504
AE_FIRE_PT_02008,P593,OCCURRED_AT,546
AE_FIRE_PT_02009,P201,OCCURRED_AT,572
AE_FIRE_PT_02010,P256,OCCURRED_AT,178
AE_FIRE_PT_02011,P053,OCCURRED_AT,506
AE_FIRE_PT_02012,P188,OCCURRED_AT,410
AE_FIRE_PT_02013,P830,OCCURRED_AT,206
AE_FIRE_PT_02014,P493,OCCURRED_AT,856
AE_FIRE_PT_02015,P418,OCCURRED_AT,822
AE_FIRE_PT_02016,P070,OCCURRED_AT,103
AE_FIRE_PT_02017,P285,OCCURRED_AT,205
AE_FIRE_PT_02018,P413,OCCURRED_AT,354
AE_FIRE_PT_02019,P113,OCCURRED_AT,71
AE_FIRE_PT_02020,P155,OCCURRED_AT,100
AE_FIRE_PT_02021,P041,OCCURRED_AT,67
AE_FIRE_PT_02022,P402,OCCURRED_AT,872
AE_FIRE_PT_02023,P236,OCCURRED_AT,542
AE_FIRE_PT_02024,P236,OCCURRED_AT,542
AE_FIRE_PT_02025,P029,OCCURRED_AT,553
AE_FIRE_PT_02026,P029,OCCURRED_AT,553
AE_FIRE_PT_02027,P029,OCCURRED_AT,553
AE_FIRE_PT_02028,P029,OCCURRED_AT,553
AE_FIRE_PT_02029,P1022,OCCURRED_AT,498
AE_FIRE_PT_02030,P562,OCCURRED_AT,623
AE_FIRE_PT_02032,P001,OCCURRED_AT,208
AE_FIRE_PT_02034,P838,OCCURRED_AT,702
AE_FIRE_PT_02035,P763,OCCURRED_AT,262
AE_FIRE_PT_02036,P179,OCCURRED_AT,476
AE_FIRE_PT_02037,P907,OCCURRED_AT,162
AE_FIRE_PT_02038,P218,OCCURRED_AT,360
AE_FIRE_PT_02039,P942,OCCURRED_AT,619
AE_FIRE_PT_02040,P355,OCCURRED_AT,231
AE_FIRE_PT_02041,P986,OCCURRED_AT,208
AE_FIRE_PT_02042,P986,OCCURRED_AT,208
AE_FIRE_PT_02043,P256,OCCURRED_AT,300
AE_FIRE_PT_02044,P256,OCCURRED_AT,300
AE_FIRE_PT_02050,P462,OCCURRED_AT,291
AE_FIRE_PT_02052,P062,OCCURRED_AT,254
AE_FIRE_PT_02053,P736,OCCURRED_AT,450
AE_FIRE_PT_02054,P757,OCCURRED_AT,517
AE_FIRE_PT_02055,P757,OCCURRED_AT,517
AE_FIRE_PT_02056,P757,OCCURRED_AT,517
AE_FIRE_PT_02057,P757,OCCURRED_AT,517
AE_FIRE_PT_02058,P757,OCCURRED_AT,517
AE_FIRE_PT_02059,P055,OCCURRED_AT,490
AE_FIRE_PT_02060,P180,OCCURRED_AT,38
AE_FIRE_PT_02061,P195,OCCURRED_AT,139
AE_FIRE_PT_02062,P195,OCCURRED_AT,139
AE_FIRE_PT_02063,P569,OCCURRED_AT,196
AE_FIRE_PT_02064,P879,OCCURRED_AT,83
AE_FIRE_PT_02065,P197,OCCURRED_AT,203
AE_FIRE_PT_02066,P316,OCCURRED_AT,625
AE_FIRE_PT_02067,P1000,OCCURRED_AT,651
AE_FIRE_PT_02068,P652,OCCURRED_AT,68
AE_FIRE_PT_02069,P940,OCCURRED_AT,49
AE_FIRE_PT_02070,P083,OCCURRED_AT,827
AE_FIRE_PT_02071,P104,OCCURRED_AT,23
AE_FIRE_PT_02072,P032,OCCURRED_AT,218
AE_FIRE_PT_02073,P178,OCCURRED_AT,746
AE_FIRE_PT_02074,P604,OCCURRED_AT,872
AE_FIRE_PT_02075,P014,OCCURRED_AT,79
AE_FIRE_PT_02076,P092,OCCURRED_AT,223
AE_FIRE_PT_02077,P040,OCCURRED_AT,116
AE_FIRE_PT_02078,P246,OCCURRED_AT,320
AE_FIRE_PT_02079,P047,OCCURRED_AT,99
AE_FIRE_PT_02080,P092,OCCURRED_AT,529
AE_FIRE_PT_02081,P497,OCCURRED_AT,513
AE_FIRE_PT_02082,P497,OCCURRED_AT,513
AE_FIRE_PT_02083,P072,OCCURRED_AT,189
AE_FIRE_PT_02084,P618,OCCURRED_AT,683
AE_FIRE_PT_02085,P701,OCCURRED_AT,293
AE_FIRE_PT_02086,P014,OCCURRED_AT,114
AE_FIRE_PT_02087,P090,OCCURRED_AT,740
AE_FIRE_PT_02088,P090,OCCURRED_AT,740
AE_FIRE_PT_02089,P559,OCCURRED_AT,697
AE_FIRE_PT_02090,P559,OCCURRED_AT,697
AE_FIRE_PT_02091,P559,OCCURRED_AT,697
AE_FIRE_PT_02092,P539,OCCURRED_AT,77
AE_FIRE_PT_02093,P795,OCCURRED_AT,768
AE_FIRE_PT_02094,P838,OCCURRED_AT,764
AE_FIRE_PT_02095,P001,OCCURRED_AT,250
AE_FIRE_PT_02096,P729,OCCURRED_AT,348
AE_FIRE_PT_02097,P275,OCCURRED_AT,335
AE_FIRE_PT_02098,P070,OCCURRED_AT,514
AE_FIRE_PT_02099,P305,OCCURRED_AT,157
AE_FIRE_PT_02100,P188,OCCURRED_AT,156
AE_FIRE_PT_02104,P730,OCCURRED_AT,115
AE_FIRE_PT_02107,P865,OCCURRED_AT,857
AE_FIRE_PT_02108,P865,OCCURRED_AT,857
AE_FIRE_PT_02109,P865,OCCURRED_AT,857
AE_FIRE_PT_02110,P972,OCCURRED_AT,459
AE_FIRE_PT_02111,P122,OCCURRED_AT,171
AE_FIRE_PT_02112,P880,OCCURRED_AT,98
AE_FIRE_PT_02113,P032,OCCURRED_AT,116
AE_FIRE_PT_02114,P312,OCCURRED_AT,189
AE_FIRE_PT_02116,P086,OCCURRED_AT,201
AE_FIRE_PT_02117,P348,OCCURRED_AT,725
AE_FIRE_PT_02118,P348,OCCURRED_AT,725
AE_FIRE_PT_02119,P319,OCCURRED_AT,995
AE_FIRE_PT_02120,P560,OCCURRED_AT,796
AE_FIRE_PT_02121,P388,OCCURRED_AT,844
AE_FIRE_PT_02122,P418,OCCURRED_AT,559
AE_FIRE_PT_02123,P160,OCCURRED_AT,87
AE_FIRE_PT_02124,P1021,OCCURRED_AT,680
AE_FIRE_PT_02125,P566,OCCURRED_AT,287
AE_FIRE_PT_02126,P908,OCCURRED_AT,655
AE_FIRE_PT_02127,P908,OCCURRED_AT,655
AE_FIRE_PT_02128,P908,OCCURRED_AT,655
AE_FIRE_PT_02129,P908,OCCURRED_AT,655
AE_FIRE_PT_02130,P838,OCCURRED_AT,774
AE_FIRE_PT_02131,P040,OCCURRED_AT,121
AE_FIRE_PT_02132,P904,OCCURRED_AT,518
AE_FIRE_PT_02133,P049,OCCURRED_AT,186
AE_FIRE_PT_02134,P005,OCCURRED_AT,336
AE_FIRE_PT_02135,P544,OCCURRED_AT,450
AE_FIRE_PT_02136,P721,OCCURRED_AT,613
AE_FIRE_PT_02137,P149,OCCURRED_AT,326
AE_FIRE_PT_02138,P070,OCCURRED_AT,124
AE_FIRE_PT_02139,P070,OCCURRED_AT,124
AE_FIRE_PT_02140,P083,OCCURRED_AT,198
AE_FIRE_PT_02141,P699,OCCURRED_AT,132
AE_FIRE_PT_02142,P140,OCCURRED_AT,217
AE_FIRE_PT_02143,P268,OCCURRED_AT,196
AE_FIRE_PT_02144,P070,OCCURRED_AT,10
AE_FIRE_PT_02145,P070,OCCURRED_AT,10
AE_FIRE_PT_02146,P684,OCCURRED_AT,490
AE_FIRE_PT_02148,P676,OCCURRED_AT,0
AE_FIRE_PT_02149,P828,OCCURRED_AT,436
AE_FIRE_PT_02150,P539,OCCURRED_AT,132
AE_FIRE_PT_02151,P894,OCCURRED_AT,173
AE_FIRE_PT_02152,P034,OCCURRED_AT,215
AE_FIRE_PT_02153,P160,OCCURRED_AT,72
AE_FIRE_PT_02154,P270,OCCURRED_AT,426
AE_FIRE_PT_02155,P449,OCCURRED_AT,512
AE_FIRE_PT_02156,P882,OCCURRED_AT,694
AE_FIRE_PT_02157,P882,OCCURRED_AT,694
AE_FIRE_PT_02158,P748,OCCURRED_AT,124
AE_FIRE_PT_02159,P301,OCCURRED_AT,63
AE_FIRE_PT_02160,P925,OCCURRED_AT,773
AE_FIRE_PT_02162,P179,OCCURRED_AT,506
AE_FIRE_PT_02163,P033,OCCURRED_AT,362
AE_FIRE_PT_02164,P083,OCCURRED_AT,516
AE_FIRE_PT_02165,P049,OCCURRED_AT,443
AE_FIRE_PT_02166,P031,OCCURRED_AT,677
AE_FIRE_PT_02167,P162,OCCURRED_AT,28
AE_FIRE_PT_02168,P408,OCCURRED_AT,303
AE_FIRE_PT_02169,P894,OCCURRED_AT,381
AE_FIRE_PT_02170,P155,OCCURRED_AT,77
AE_FIRE_PT_02171,P275,OCCURRED_AT,716
AE_FIRE_PT_02172,P1009,OCCURRED_AT,613
AE_FIRE_PT_02174,P402,OCCURRED_AT,518
AE_FIRE_PT_02175,P409,OCCURRED_AT,58
AE_FIRE_PT_02176,P606,OCCURRED_AT,908
AE_FIRE_PT_02177,P169,OCCURRED_AT,287
AE_FIRE_PT_02179,P132,OCCURRED_AT,108
AE_FIRE_PT_02180,P266,OCCURRED_AT,584
AE_FIRE_PT_02181,P266,OCCURRED_AT,584
AE_FIRE_PT_02182,P969,OCCURRED_AT,573
AE_FIRE_PT_02183,P122,OCCURRED_AT,196
AE_FIRE_PT_02184,P001,OCCURRED_AT,781
AE_FIRE_PT_02185,P437,OCCURRED_AT,715
AE_FIRE_PT_02186,P524,OCCURRED_AT,534
AE_FIRE_PT_02187,P405,OCCURRED_AT,451
AE_FIRE_PT_02188,P361,OCCURRED_AT,323
AE_FIRE_PT_02189,P041,OCCURRED_AT,136
AE_FIRE_PT_02190,P035,OCCURRED_AT,71
AE_FIRE_PT_02191,P143,OCCURRED_AT,200
AE_FIRE_PT_02192,P865,OCCURRED_AT,852
AE_FIRE_PT_02193,P976,OCCURRED_AT,105
AE_FIRE_PT_02195,P179,OCCURRED_AT,501
AE_FIRE_PT_02196,P992,OCCURRED_AT,442
AE_FIRE_PT_02197,P219,OCCURRED_AT,306
AE_FIRE_PT_02198,P1002,OCCURRED_AT,90
AE_FIRE_PT_02199,P574,OCCURRED_AT,865
AE_FIRE_PT_02201,P227,OCCURRED_AT,400
AE_FIRE_PT_02202,P227,OCCURRED_AT,400
AE_FIRE_PT_02203,P103,OCCURRED_AT,17
AE_FIRE_PT_02204,P389,OCCURRED_AT,256
AE_FIRE_PT_02205,P389,OCCURRED_AT,256
AE_FIRE_PT_02206,P183,OCCURRED_AT,40
AE_FIRE_PT_02207,P032,OCCURRED_AT,402
AE_FIRE_PT_02208,P032,OCCURRED_AT,402
AE_FIRE_PT_02209,P654,OCCURRED_AT,533
AE_FIRE_PT_02210,P319,OCCURRED_AT,824
AE_FIRE_PT_02211,P729,OCCURRED_AT,188
AE_FIRE_PT_02212,P517,OCCURRED_AT,722
AE_FIRE_PT_02213,P1027,OCCURRED_AT,546
AE_FIRE_PT_02214,P1027,OCCURRED_AT,546
AE_FIRE_PT_02215,P829,OCCURRED_AT,435
AE_FIRE_PT_02216,P333,OCCURRED_AT,229
AE_FIRE_PT_02217,P150,OCCURRED_AT,245
AE_FIRE_PT_02218,P929,OCCURRED_AT,844
AE_FIRE_PT_02219,P499,OCCURRED_AT,485
AE_FIRE_PT_02220,P499,OCCURRED_AT,485
AE_FIRE_PT_02221,P803,OCCURRED_AT,998
AE_FIRE_PT_02222,P1014,OCCURRED_AT,730
AE_FIRE_PT_02223,P031,OCCURRED_AT,255
AE_FIRE_PT_02224,P677,OCCURRED_AT,896
AE_FIRE_PT_02225,P158,OCCURRED_AT,138
AE_FIRE_PT_02226,P989,OCCURRED_AT,793
AE_FIRE_PT_02228,P927,OCCURRED_AT,51
AE_FIRE_PT_02230,P729,OCCURRED_AT,168
AE_FIRE_PT_02231,P703,OCCURRED_AT,786
AE_FIRE_PT_02232,P1000,OCCURRED_AT,951
AE_FIRE_PT_02233,P734,OCCURRED_AT,404
AE_FIRE_PT_02234,P178,OCCURRED_AT,694
AE_FIRE_PT_02235,P350,OCCURRED_AT,738
AE_FIRE_PT_02236,P290,OCCURRED_AT,147
AE_FIRE_PT_02237,P510,OCCURRED_AT,683
AE_FIRE_PT_02238,P171,OCCURRED_AT,303
AE_FIRE_PT_02239,P259,OCCURRED_AT,336
AE_FIRE_PT_02240,P044,OCCURRED_AT,785
AE_FIRE_PT_02243,P043,OCCURRED_AT,703
AE_FIRE_PT_02244,P1021,OCCURRED_AT,616
AE_FIRE_PT_02245,P1021,OCCURRED_AT,616
AE_FIRE_PT_02246,P1021,OCCURRED_AT,616
AE_FIRE_PT_02247,P442,OCCURRED_AT,625
AE_FIRE_PT_02248,P070,OCCURRED_AT,89
AE_FIRE_PT_02249,P032,OCCURRED_AT,73
AE_FIRE_PT_02250,P687,OCCURRED_AT,178
AE_FIRE_PT_02251,P823,OCCURRED_AT,867
AE_FIRE_PT_02252,P823,OCCURRED_AT,867
AE_FIRE_PT_02253,P907,OCCURRED_AT,271
AE_FIRE_PT_02254,P311,OCCURRED_AT,306
AE_FIRE_PT_02255,P465,OCCURRED_AT,531
AE_FIRE_PT_02256,P569,OCCURRED_AT,299
AE_FIRE_PT_02257,P869,OCCURRED_AT,127
AE_FIRE_PT_02258,P701,OCCURRED_AT,178
AE_FIRE_PT_02259,P952,OCCURRED_AT,172
AE_FIRE_PT_02260,P677,OCCURRED_AT,526
AE_FIRE_PT_02261,P208,OCCURRED_AT,215
AE_FIRE_PT_02262,P208,OCCURRED_AT,215
AE_FIRE_PT_02263,P208,OCCURRED_AT,215
AE_FIRE_PT_02264,P208,OCCURRED_AT,215
AE_FIRE_PT_02265,P171,OCCURRED_AT,285
AE_FIRE_PT_02266,P040,OCCURRED_AT,244
AE_FIRE_PT_02267,P070,OCCURRED_AT,137
AE_FIRE_PT_02269,P972,OCCURRED_AT,364
AE_FIRE_PT_02270,P576,OCCURRED_AT,772
AE_FIRE_PT_02271,P120,OCCURRED_AT,290
AE_FIRE_PT_02272,P162,OCCURRED_AT,55
AE_FIRE_PT_02274,P361,OCCURRED_AT,23
AE_FIRE_PT_02275,P830,OCCURRED_AT,389
AE_FIRE_PT_02276,P155,OCCURRED_AT,338
AE_FIRE_PT_02278,P040,OCCURRED_AT,108
AE_FIRE_PT_02279,P171,OCCURRED_AT,595
AE_FIRE_PT_02280,P179,OCCURRED_AT,108
AE_FIRE_PT_02281,P464,OCCURRED_AT,487
AE_FIRE_PT_02282,P033,OCCURRED_AT,254
AE_FIRE_PT_02283,P936,OCCURRED_AT,830
AE_FIRE_PT_02284,P087,OCCURRED_AT,197
AE_FIRE_PT_02285,P031,OCCURRED_AT,705
AE_FIRE_PT_02286,P070,OCCURRED_AT,56
AE_FIRE_PT_02287,P515,OCCURRED_AT,42
AE_FIRE_PT_02288,P070,OCCURRED_AT,63
AE_FIRE_PT_02289,P032,OCCURRED_AT,469
AE_FIRE_PT_02290,P991,OCCURRED_AT,230
AE_FIRE_PT_02291,P658,OCCURRED_AT,12
AE_FIRE_PT_02292,P079,OCCURRED_AT,383
AE_FIRE_PT_02294,P633,OCCURRED_AT,233
AE_FIRE_PT_02295,P363,OCCURRED_AT,139
AE_FIRE_PT_02298,P070,OCCURRED_AT,287
AE_FIRE_PT_02299,P960,OCCURRED_AT,118
AE_FIRE_PT_02300,P960,OCCURRED_AT,118
AE_FIRE_PT_02301,P219,OCCURRED_AT,118
AE_FIRE_PT_02302,P116,OCCURRED_AT,323
AE_FIRE_PT_02303,P361,OCCURRED_AT,109
AE_FIRE_PT_02304,P1021,OCCURRED_AT,320
AE_FIRE_PT_02307,P053,OCCURRED_AT,262
AE_FIRE_PT_02308,P646,OCCURRED_AT,235
AE_FIRE_PT_02309,P498,OCCURRED_AT,940
AE_FIRE_PT_02310,P437,OCCURRED_AT,806
AE_FIRE_PT_02311,P256,OCCURRED_AT,94
AE_FIRE_PT_02312,P446,OCCURRED_AT,402
AE_FIRE_PT_02313,P395,OCCURRED_AT,593
AE_FIRE_PT_02314,P395,OCCURRED_AT,593
AE_FIRE_PT_02315,P987,OCCURRED_AT,717
AE_FIRE_PT_02316,P987,OCCURRED_AT,717
AE_FIRE_PT_02317,P409,OCCURRED_AT,264
AE_FIRE_PT_02318,P409,OCCURRED_AT,264
AE_FIRE_PT_02319,P948,OCCURRED_AT,22
AE_FIRE_PT_02320,P948,OCCURRED_AT,22
AE_FIRE_PT_02321,P196,OCCURRED_AT,105
AE_FIRE_PT_02322,P324,OCCURRED_AT,437
AE_FIRE_PT_02323,P785,OCCURRED_AT,216
AE_FIRE_PT_02324,P744,OCCURRED_AT,44
AE_FIRE_PT_02325,P070,OCCURRED_AT,144
AE_FIRE_PT_02326,P1029,OCCURRED_AT,415
AE_FIRE_PT_02327,P001,OCCURRED_AT,139
AE_FIRE_PT_02330,P925,OCCURRED_AT,954
AE_FIRE_PT_02331,P219,OCCURRED_AT,128
AE_FIRE_PT_02332,P448,OCCURRED_AT,428
AE_FIRE_PT_02333,P946,OCCURRED_AT,933
AE_FIRE_PT_02334,P270,OCCURRED_AT,66
AE_FIRE_PT_02335,P270,OCCURRED_AT,66
AE_FIRE_PT_02336,P219,OCCURRED_AT,300
AE_FIRE_PT_02337,P122,OCCURRED_AT,66
AE_FIRE_PT_02339,P127,OCCURRED_AT,420
AE_FIRE_PT_02340,P613,OCCURRED_AT,100
AE_FIRE_PT_02341,P539,OCCURRED_AT,63
AE_FIRE_PT_02343,P907,OCCURRED_AT,357
AE_FIRE_PT_02344,P907,OCCURRED_AT,357
AE_FIRE_PT_02345,P907,OCCURRED_AT,357
AE_FIRE_PT_02346,P437,OCCURRED_AT,415
AE_FIRE_PT_02347,P047,OCCURRED_AT,204
AE_FIRE_PT_02348,P681,OCCURRED_AT,125
AE_FIRE_PT_02349,P699,OCCURRED_AT,156
AE_FIRE_PT_02350,P165,OCCURRED_AT,20
AE_FIRE_PT_02351,P030,OCCURRED_AT,139
AE_FIRE_PT_02352,P002,OCCURRED_AT,43
AE_FIRE_PT_02353,P367,OCCURRED_AT,348
AE_FIRE_PT_02354,P644,OCCURRED_AT,399
AE_FIRE_PT_02355,P644,OCCURRED_AT,399
AE_FIRE_PT_02356,P402,OCCURRED_AT,618
AE_FIRE_PT_02357,P543,OCCURRED_AT,884
AE_FIRE_PT_02358,P310,OCCURRED_AT,218
AE_FIRE_PT_02359,P145,OCCURRED_AT,11
AE_FIRE_PT_02360,P979,OCCURRED_AT,33
AE_FIRE_PT_02361,P120,OCCURRED_AT,530
AE_FIRE_PT_02364,P409,OCCURRED_AT,648
AE_FIRE_PT_02365,P161,OCCURRED_AT,236
AE_FIRE_PT_02366,P930,OCCURRED_AT,249
AE_FIRE_PT_02368,P971,OCCURRED_AT,164
AE_FIRE_PT_02369,P986,OCCURRED_AT,103
AE_FIRE_PT_02370,P986,OCCURRED_AT,103
AE_FIRE_PT_02371,P674,OCCURRED_AT,435
AE_FIRE_PT_02372,P279,OCCURRED_AT,315
AE_FIRE_PT_02373,P361,OCCURRED_AT,110
AE_FIRE_PT_02375,P334,OCCURRED_AT,114
AE_FIRE_PT_02376,P002,OCCURRED_AT,172
AE_FIRE_PT_02377,P197,OCCURRED_AT,88
AE_FIRE_PT_02378,P122,OCCURRED_AT,57
AE_FIRE_PT_02380,P169,OCCURRED_AT,418
AE_FIRE_PT_02381,P537,OCCURRED_AT,433
AE_FIRE_PT_02382,P537,OCCURRED_AT,433
AE_FIRE_PT_02383,P270,OCCURRED_AT,451
AE_FIRE_PT_02385,P402,OCCURRED_AT,657
AE_FIRE_PT_02386,P734,OCCURRED_AT,344
AE_FIRE_PT_02387,P361,OCCURRED_AT,715
AE_FIRE_PT_02388,P562,OCCURRED_AT,566
AE_FIRE_PT_02389,P499,OCCURRED_AT,854
AE_FIRE_PT_02390,P499,OCCURRED_AT,854
AE_FIRE_PT_02391,P499,OCCURRED_AT,854
AE_FIRE_PT_02392,P499,OCCURRED_AT,854
AE_FIRE_PT_02393,P735,OCCURRED_AT,163
AE_FIRE_PT_02394,P987,OCCURRED_AT,692
AE_FIRE_PT_02395,P418,OCCURRED_AT,436
AE_FIRE_PT_02396,P291,OCCURRED_AT,752
AE_FIRE_PT_02397,P927,OCCURRED_AT,691
AE_FIRE_PT_02398,P144,OCCURRED_AT,187
AE_FIRE_PT_02399,P243,OCCURRED_AT,231
AE_FIRE_PT_02400,P144,OCCURRED_AT,43
AE_FIRE_PT_02401,P059,OCCURRED_AT,166
AE_FIRE_PT_02402,P333,OCCURRED_AT,376
AE_FIRE_PT_02403,P314,OCCURRED_AT,366
AE_FIRE_PT_02404,P429,OCCURRED_AT,76
AE_FIRE_PT_02405,P388,OCCURRED_AT,891
AE_FIRE_PT_02406,P624,OCCURRED_AT,864
AE_FIRE_PT_02407,P033,OCCURRED_AT,159
AE_FIRE_PT_02409,P953,OCCURRED_AT,294
AE_FIRE_PT_02410,P968,OCCURRED_AT,203
AE_FIRE_PT_02411,P302,OCCURRED_AT,120
AE_FIRE_PT_02412,P018,OCCURRED_AT,72
AE_FIRE_PT_02413,P068,OCCURRED_AT,707
AE_FIRE_PT_02414,P068,OCCURRED_AT,707
AE_FIRE_PT_02415,P071,OCCURRED_AT,33
AE_FIRE_PT_02416,P400,OCCURRED_AT,387
AE_FIRE_PT_02417,P759,OCCURRED_AT,9
AE_FIRE_PT_02419,P127,OCCURRED_AT,364
AE_FIRE_PT_02420,P070,OCCURRED_AT,10
AE_FIRE_PT_02421,P215,OCCURRED_AT,106
AE_FIRE_PT_02422,P938,OCCURRED_AT,875
AE_FIRE_PT_02423,P828,OCCURRED_AT,466
AE_FIRE_PT_02424,P063,OCCURRED_AT,98
AE_FIRE_PT_02425,P019,OCCURRED_AT,461
AE_FIRE_PT_02426,P387,OCCURRED_AT,215
AE_FIRE_PT_02427,P363,OCCURRED_AT,82
AE_FIRE_PT_02428,P680,OCCURRED_AT,514
AE_FIRE_PT_02429,P680,OCCURRED_AT,514
AE_FIRE_PT_02430,P680,OCCURRED_AT,514
AE_FIRE_PT_02431,P680,OCCURRED_AT,514
AE_FIRE_PT_02432,P680,OCCURRED_AT,514
AE_FIRE_PT_02433,P680,OCCURRED_AT,514
AE_FIRE_PT_02434,P680,OCCURRED_AT,514
AE_FIRE_PT_02435,P680,OCCURRED_AT,514
AE_FIRE_PT_02436,P736,OCCURRED_AT,446
AE_FIRE_PT_02437,P006,OCCURRED_AT,166
AE_FIRE_PT_02439,P215,OCCURRED_AT,64
AE_FIRE_PT_02440,P070,OCCURRED_AT,260
AE_FIRE_PT_02441,P583,OCCURRED_AT,622
AE_FIRE_PT_02442,P020,OCCURRED_AT,85
AE_FIRE_PT_02443,P053,OCCURRED_AT,455
AE_FIRE_PT_02445,P843,OCCURRED_AT,74
AE_FIRE_PT_02446,P065,OCCURRED_AT,37
AE_FIRE_PT_02447,P319,OCCURRED_AT,452
AE_FIRE_PT_02448,P040,OCCURRED_AT,34
AE_FIRE_PT_02449,P838,OCCURRED_AT,722
AE_FIRE_PT_02450,P161,OCCURRED_AT,211
AE_FIRE_PT_02451,P670,OCCURRED_AT,53
AE_FIRE_PT_02452,P173,OCCURRED_AT,202
AE_FIRE_PT_02453,P310,OCCURRED_AT,756
AE_FIRE_PT_02454,P389,OCCURRED_AT,757
AE_FIRE_PT_02455,P070,OCCURRED_AT,10
AE_FIRE_PT_02459,P043,OCCURRED_AT,717
AE_FIRE_PT_02460,P334,OCCURRED_AT,95
AE_FIRE_PT_02461,P1021,OCCURRED_AT,442
AE_FIRE_PT_02462,P601,OCCURRED_AT,118
AE_FIRE_PT_02463,P388,OCCURRED_AT,756
AE_FIRE_PT_02464,P144,OCCURRED_AT,203
AE_FIRE_PT_02466,P973,OCCURRED_AT,315
AE_FIRE_PT_02467,P677,OCCURRED_AT,508
AE_FIRE_PT_02468,P677,OCCURRED_AT,508
AE_FIRE_PT_02469,P468,OCCURRED_AT,585
AE_FIRE_PT_02470,P468,OCCURRED_AT,585
AE_FIRE_PT_02472,P325,OCCURRED_AT,501
AE_FIRE_PT_02473,P433,OCCURRED_AT,96
AE_FIRE_PT_02474,P433,OCCURRED_AT,96
AE_FIRE_PT_02475,P127,OCCURRED_AT,299
AE_FIRE_PT_02476,P592,OCCURRED_AT,662
AE_FIRE_PT_02477,P601,OCCURRED_AT,343
AE_FIRE_PT_02478,P144,OCCURRED_AT,12
AE_FIRE_PT_02480,P468,OCCURRED_AT,535
AE_FIRE_PT_02481,P529,OCCURRED_AT,116
AE_FIRE_PT_02482,P438,OCCURRED_AT,23
AE_FIRE_PT_02483,P551,OCCURRED_AT,463
AE_FIRE_PT_02484,P140,OCCURRED_AT,310
AE_FIRE_PT_02485,P229,OCCURRED_AT,207
AE_FIRE_PT_02486,P163,OCCURRED_AT,97
AE_FIRE_PT_02487,P124,OCCURRED_AT,222
AE_FIRE_PT_02488,P502,OCCURRED_AT,495
AE_FIRE_PT_02489,P502,OCCURRED_AT,495
AE_FIRE_PT_02490,P502,OCCURRED_AT,495
AE_FIRE_PT_02491,P113,OCCURRED_AT,67
AE_FIRE_PT_02492,P053,OCCURRED_AT,497
AE_FIRE_PT_02493,P740,OCCURRED_AT,246
AE_FIRE_PT_02496,P142,OCCURRED_AT,678
AE_FIRE_PT_02497,P033,OCCURRED_AT,107
AE_FIRE_PT_02498,P070,OCCURRED_AT,216
AE_FIRE_PT_02499,P259,OCCURRED_AT,300
AE_FIRE_PT_02500,P907,OCCURRED_AT,151
AE_FIRE_PT_02501,P729,OCCURRED_AT,353
AE_FIRE_PT_02502,P729,OCCURRED_AT,372
AE_FIRE_PT_02503,P400,OCCURRED_AT,370
AE_FIRE_PT_02504,P162,OCCURRED_AT,84
AE_FIRE_PT_02505,P043,OCCURRED_AT,60
AE_FIRE_PT_02506,P043,OCCURRED_AT,60
AE_FIRE_PT_02507,P726,OCCURRED_AT,402
AE_FIRE_PT_02508,P471,OCCURRED_AT,214
AE_FIRE_PT_02509,P165,OCCURRED_AT,20
AE_FIRE_PT_02510,P732,OCCURRED_AT,408
AE_FIRE_PT_02511,P319,OCCURRED_AT,452
AE_FIRE_PT_02513,P124,OCCURRED_AT,88
AE_FIRE_PT_02514,P171,OCCURRED_AT,769
AE_FIRE_PT_02515,P006,OCCURRED_AT,213
AE_FIRE_PT_02516,P171,OCCURRED_AT,736
AE_FIRE_PT_02517,P493,OCCURRED_AT,330
AE_FIRE_PT_02518,P340,OCCURRED_AT,869
AE_FIRE_PT_02519,P381,OCCURRED_AT,266
AE_FIRE_PT_02523,P171,OCCURRED_AT,310
AE_FIRE_PT_02525,P333,OCCURRED_AT,510
AE_FIRE_PT_02526,P122,OCCURRED_AT,121
AE_FIRE_PT_02527,P005,OCCURRED_AT,581
AE_FIRE_PT_02528,P057,OCCURRED_AT,60
AE_FIRE_PT_02529,P730,OCCURRED_AT,24
AE_FIRE_PT_02530,P171,OCCURRED_AT,117
AE_FIRE_PT_02531,P482,OCCURRED_AT,255
AE_FIRE_PT_02532,P482,OCCURRED_AT,255
AE_FIRE_PT_02533,P482,OCCURRED_AT,255
AE_FIRE_PT_02534,P482,OCCURRED_AT,255
AE_FIRE_PT_02535,P878,OCCURRED_AT,915
AE_FIRE_PT_02536,P086,OCCURRED_AT,285
AE_FIRE_PT_02537,P302,OCCURRED_AT,549
AE_FIRE_PT_02539,P042,OCCURRED_AT,121
AE_FIRE_PT_02540,P465,OCCURRED_AT,259
AE_FIRE_PT_02541,P070,OCCURRED_AT,111
AE_FIRE_PT_02542,P899,OCCURRED_AT,852
AE_FIRE_PT_02543,P076,OCCURRED_AT,557
AE_FIRE_PT_02545,P195,OCCURRED_AT,501
AE_FIRE_PT_02546,P040,OCCURRED_AT,53
AE_FIRE_PT_02547,P280,OCCURRED_AT,281
AE_FIRE_PT_02548,P143,OCCURRED_AT,302
AE_FIRE_PT_02549,P424,OCCURRED_AT,409
AE_FIRE_PT_02550,P005,OCCURRED_AT,281
AE_FIRE_PT_02551,P042,OCCURRED_AT,110
AE_FIRE_PT_02552,P032,OCCURRED_AT,132
AE_FIRE_PT_02553,P991,OCCURRED_AT,748
AE_FIRE_PT_02554,P991,OCCURRED_AT,748
AE_FIRE_PT_02555,P756,OCCURRED_AT,163
AE_FIRE_PT_02556,P040,OCCURRED_AT,234
AE_FIRE_PT_02557,P165,OCCURRED_AT,267
AE_FIRE_PT_02558,P593,OCCURRED_AT,691
AE_FIRE_PT_02559,P896,OCCURRED_AT,221
AE_FIRE_PT_02560,P147,OCCURRED_AT,287
AE_FIRE_PT_02561,P392,OCCURRED_AT,873
AE_FIRE_PT_02562,P986,OCCURRED_AT,0
AE_FIRE_PT_02563,P627,OCCURRED_AT,528
AE_FIRE_PT_02564,P053,OCCURRED_AT,55
AE_FIRE_PT_02565,P722,OCCURRED_AT,646
AE_FIRE_PT_02566,P252,OCCURRED_AT,306
AE_FIRE_PT_02567,P633,OCCURRED_AT,995
AE_FIRE_PT_02568,P633,OCCURRED_AT,995
AE_FIRE_PT_02569,P070,OCCURRED_AT,216
AE_FIRE_PT_02570,P648,OCCURRED_AT,625
AE_FIRE_PT_02571,P977,OCCURRED_AT,326
AE_FIRE_PT_02572,P977,OCCURRED_AT,326
AE_FIRE_PT_02573,P977,OCCURRED_AT,326
AE_FIRE_PT_02574,P271,OCCURRED_AT,856
AE_FIRE_PT_02575,P271,OCCURRED_AT,856
AE_FIRE_PT_02576,P271,OCCURRED_AT,856
AE_FIRE_PT_02577,P279,OCCURRED_AT,353
AE_FIRE_PT_02578,P001,OCCURRED_AT,824
AE_FIRE_PT_02579,P699,OCCURRED_AT,175
AE_FIRE_PT_02580,P014,OCCURRED_AT,121
AE_FIRE_PT_02581,P014,OCCURRED_AT,121
AE_FIRE_PT_02582,P271,OCCURRED_AT,464
AE_FIRE_PT_02583,P029,OCCURRED_AT,716
AE_FIRE_PT_02584,P168,OCCURRED_AT,75
AE_FIRE_PT_02585,P196,OCCURRED_AT,482
AE_FIRE_PT_02586,P336,OCCURRED_AT,590
AE_FIRE_PT_02587,P336,OCCURRED_AT,590
AE_FIRE_PT_02588,P336,OCCURRED_AT,590
AE_FIRE_PT_02589,P336,OCCURRED_AT,590
AE_FIRE_PT_02590,P260,OCCURRED_AT,4
AE_FIRE_PT_02591,P301,OCCURRED_AT,251
AE_FIRE_PT_02592,P214,OCCURRED_AT,157
AE_FIRE_PT_02593,P194,OCCURRED_AT,194
AE_FIRE_PT_02596,P247,OCCURRED_AT,218
AE_FIRE_PT_02597,P905,OCCURRED_AT,338
AE_FIRE_PT_02598,P301,OCCURRED_AT,352
AE_FIRE_PT_02599,P042,OCCURRED_AT,251
AE_FIRE_PT_02600,P360,OCCURRED_AT,192
AE_FIRE_PT_02601,P333,OCCURRED_AT,229
AE_FIRE_PT_02603,P809,OCCURRED_AT,520
AE_FIRE_PT_02604,P704,OCCURRED_AT,230
AE_FIRE_PT_02606,P406,OCCURRED_AT,381
AE_FIRE_PT_02607,P328,OCCURRED_AT,917
AE_FIRE_PT_02608,P406,OCCURRED_AT,261
AE_FIRE_PT_02610,P098,OCCURRED_AT,71
AE_FIRE_PT_02611,P165,OCCURRED_AT,20
AE_FIRE_PT_02612,P430,OCCURRED_AT,473
AE_FIRE_PT_02613,P430,OCCURRED_AT,473
AE_FIRE_PT_02614,P1008,OCCURRED_AT,51
AE_FIRE_PT_02615,P108,OCCURRED_AT,303
AE_FIRE_PT_02616,P037,OCCURRED_AT,46
AE_FIRE_PT_02617,P544,OCCURRED_AT,105
AE_FIRE_PT_02618,P398,OCCURRED_AT,75
AE_FIRE_PT_02619,P318,OCCURRED_AT,338
AE_FIRE_PT_02620,P155,OCCURRED_AT,206
AE_FIRE_PT_02621,P969,OCCURRED_AT,263
AE_FIRE_PT_02622,P006,OCCURRED_AT,216
AE_FIRE_PT_02623,P171,OCCURRED_AT,211
AE_FIRE_PT_02624,P291,OCCURRED_AT,187
AE_FIRE_PT_02625,P178,OCCURRED_AT,138
AE_FIRE_PT_02626,P653,OCCURRED_AT,289
AE_FIRE_PT_02627,P929,OCCURRED_AT,762
AE_FIRE_PT_02628,P314,OCCURRED_AT,415
AE_FIRE_PT_02629,P237,OCCURRED_AT,248
AE_FIRE_PT_02630,P960,OCCURRED_AT,475
AE_FIRE_PT_02631,P819,OCCURRED_AT,463
AE_FIRE_PT_02632,P701,OCCURRED_AT,144
AE_FIRE_PT_02633,P636,OCCURRED_AT,226
AE_FIRE_PT_02634,P280,OCCURRED_AT,35
AE_FIRE_PT_02635,P270,OCCURRED_AT,143
AE_FIRE_PT_02636,P415,OCCURRED_AT,8
AE_FIRE_PT_02637,P415,OCCURRED_AT,8
AE_FIRE_PT_02638,P612,OCCURRED_AT,648
AE_FIRE_PT_02639,P612,OCCURRED_AT,648
AE_FIRE_PT_02640,P612,OCCURRED_AT,648
AE_FIRE_PT_02641,P699,OCCURRED_AT,160
AE_FIRE_PT_02642,P319,OCCURRED_AT,466
AE_FIRE_PT_02643,P788,OCCURRED_AT,776
AE_FIRE_PT_02644,P406,OCCURRED_AT,362
AE_FIRE_PT_02646,P966,OCCURRED_AT,15
AE_FIRE_PT_02647,P392,OCCURRED_AT,913
AE_FIRE_PT_02648,P731,OCCURRED_AT,507
AE_FIRE_PT_02649,P757,OCCURRED_AT,859
AE_FIRE_PT_02650,P388,OCCURRED_AT,849
AE_FIRE_PT_02651,P125,OCCURRED_AT,164
AE_FIRE_PT_02652,P389,OCCURRED_AT,267
AE_FIRE_PT_02653,P282,OCCURRED_AT,351
AE_FIRE_PT_02654,P132,OCCURRED_AT,41
AE_FIRE_PT_02655,P694,OCCURRED_AT,625
AE_FIRE_PT_02656,P941,OCCURRED_AT,494
AE_FIRE_PT_02657,P361,OCCURRED_AT,199
AE_FIRE_PT_02658,P975,OCCURRED_AT,633
AE_FIRE_PT_02659,P143,OCCURRED_AT,131
AE_FIRE_PT_02660,P132,OCCURRED_AT,164
AE_FIRE_PT_02661,P944,OCCURRED_AT,930
AE_FIRE_PT_02662,P1021,OCCURRED_AT,356
AE_FIRE_PT_02663,P1021,OCCURRED_AT,356
AE_FIRE_PT_02664,P998,OCCURRED_AT,543
AE_FIRE_PT_02665,P1021,OCCURRED_AT,348
AE_FIRE_PT_02666,P197,OCCURRED_AT,213
AE_FIRE_PT_02667,P283,OCCURRED_AT,564
AE_FIRE_PT_02668,P283,OCCURRED_AT,564
AE_FIRE_PT_02669,P283,OCCURRED_AT,564
AE_FIRE_PT_02670,P283,OCCURRED_AT,564
AE_FIRE_PT_02671,P059,OCCURRED_AT,190
AE_FIRE_PT_02672,P437,OCCURRED_AT,540
AE_FIRE_PT_02673,P570,OCCURRED_AT,731
AE_FIRE_PT_02674,P053,OCCURRED_AT,684
AE_FIRE_PT_02675,P053,OCCURRED_AT,684
AE_FIRE_PT_02676,P053,OCCURRED_AT,684
AE_FIRE_PT_02677,P053,OCCURRED_AT,684
AE_FIRE_PT_02678,P448,OCCURRED_AT,123
AE_FIRE_PT_02679,P448,OCCURRED_AT,123
AE_FIRE_PT_02680,P188,OCCURRED_AT,497
AE_FIRE_PT_02681,P692,OCCURRED_AT,143
AE_FIRE_PT_02682,P692,OCCURRED_AT,143
AE_FIRE_PT_02683,P040,OCCURRED_AT,192
AE_FIRE_PT_02684,P219,OCCURRED_AT,527
AE_FIRE_PT_02685,P060,OCCURRED_AT,742
AE_FIRE_PT_02686,P701,OCCURRED_AT,338
AE_FIRE_PT_02687,P122,OCCURRED_AT,249
AE_FIRE_PT_02689,P755,OCCURRED_AT,873
AE_FIRE_PT_02690,P755,OCCURRED_AT,873
AE_FIRE_PT_02691,P755,OCCURRED_AT,873
AE_FIRE_PT_02692,P755,OCCURRED_AT,873
AE_FIRE_PT_02693,P999,OCCURRED_AT,298
AE_FIRE_PT_02694,P171,OCCURRED_AT,764
AE_FIRE_PT_02695,P240,OCCURRED_AT,382
AE_FIRE_PT_02697,P726,OCCURRED_AT,765
AE_FIRE_PT_02698,P726,OCCURRED_AT,765
AE_FIRE_PT_02699,P726,OCCURRED_AT,765
AE_FIRE_PT_02700,P726,OCCURRED_AT,765
AE_FIRE_PT_02701,P423,OCCURRED_AT,165
AE_FIRE_PT_02702,P108,OCCURRED_AT,242
AE_FIRE_PT_02703,P405,OCCURRED_AT,396
AE_FIRE_PT_02704,P125,OCCURRED_AT,170
AE_FIRE_PT_02705,P701,OCCURRED_AT,562
AE_FIRE_PT_02706,P332,OCCURRED_AT,306
AE_FIRE_PT_02707,P101,OCCURRED_AT,341
AE_FIRE_PT_02708,P018,OCCURRED_AT,400
AE_FIRE_PT_02709,P972,OCCURRED_AT,22
AE_FIRE_PT_02710,P667,OCCURRED_AT,580
AE_FIRE_PT_02711,P667,OCCURRED_AT,580
AE_FIRE_PT_02712,P350,OCCURRED_AT,283
AE_FIRE_PT_02713,P378,OCCURRED_AT,273
AE_FIRE_PT_02714,P070,OCCURRED_AT,144
AE_FIRE_PT_02715,P836,OCCURRED_AT,408
AE_FIRE_PT_02717,P699,OCCURRED_AT,247
AE_FIRE_PT_02718,P354,OCCURRED_AT,985
AE_FIRE_PT_02719,P131,OCCURRED_AT,168
AE_FIRE_PT_02721,P197,OCCURRED_AT,267
AE_FIRE_PT_02722,P204,OCCURRED_AT,73
AE_FIRE_PT_02723,P897,OCCURRED_AT,231
AE_FIRE_PT_02724,P227,OCCURRED_AT,105
AE_FIRE_PT_02725,P1020,OCCURRED_AT,17
AE_FIRE_PT_02727,P259,OCCURRED_AT,880
AE_FIRE_PT_02731,P277,OCCURRED_AT,28
AE_FIRE_PT_02732,P040,OCCURRED_AT,162
AE_FIRE_PT_02733,P218,OCCURRED_AT,178
AE_FIRE_PT_02734,P051,OCCURRED_AT,70
AE_FIRE_PT_02735,P943,OCCURRED_AT,0
AE_FIRE_PT_02736,P930,OCCURRED_AT,599
AE_FIRE_PT_02737,P137,OCCURRED_AT,209
AE_FIRE_PT_02738,P942,OCCURRED_AT,668
AE_FIRE_PT_02739,P544,OCCURRED_AT,120
AE_FIRE_PT_02740,P488,OCCURRED_AT,63
AE_FIRE_PT_02741,P488,OCCURRED_AT,63
AE_FIRE_PT_02742,P488,OCCURRED_AT,63
AE_FIRE_PT_02743,P756,OCCURRED_AT,5
AE_FIRE_PT_02744,P960,OCCURRED_AT,311
AE_FIRE_PT_02745,P121,OCCURRED_AT,37
AE_FIRE_PT_02746,P121,OCCURRED_AT,37
AE_FIRE_PT_02747,P380,OCCURRED_AT,313
AE_FIRE_PT_02748,P374,OCCURRED_AT,715
AE_FIRE_PT_02749,P367,OCCURRED_AT,438
AE_FIRE_PT_02750,P598,OCCURRED_AT,122
AE_FIRE_PT_02751,P963,OCCURRED_AT,668
AE_FIRE_PT_02752,P009,OCCURRED_AT,303
AE_FIRE_PT_02753,P928,OCCURRED_AT,943
AE_FIRE_PT_02754,P270,OCCURRED_AT,348
AE_FIRE_PT_02755,P592,OCCURRED_AT,666
AE_FIRE_PT_02756,P960,OCCURRED_AT,444
AE_FIRE_PT_02757,P372,OCCURRED_AT,113
AE_FIRE_PT_02758,P372,OCCURRED_AT,113
AE_FIRE_PT_02760,P070,OCCURRED_AT,63
AE_FIRE_PT_02761,P070,OCCURRED_AT,63
AE_FIRE_PT_02762,P418,OCCURRED_AT,450
AE_FIRE_PT_02763,P081,OCCURRED_AT,217
AE_FIRE_PT_02764,P841,OCCURRED_AT,381
AE_FIRE_PT_02765,P008,OCCURRED_AT,112
AE_FIRE_PT_02766,P106,OCCURRED_AT,107
AE_FIRE_PT_02767,P522,OCCURRED_AT,92
AE_FIRE_PT_02768,P499,OCCURRED_AT,876
AE_FIRE_PT_02769,P203,OCCURRED_AT,81
AE_FIRE_PT_02770,P204,OCCURRED_AT,69
AE_FIRE_PT_02771,P165,OCCURRED_AT,85
AE_FIRE_PT_02772,P605,OCCURRED_AT,40
AE_FIRE_PT_02773,P335,OCCURRED_AT,70
AE_FIRE_PT_02774,P374,OCCURRED_AT,520
AE_FIRE_PT_02775,P361,OCCURRED_AT,121
AE_FIRE_PT_02776,P227,OCCURRED_AT,690
AE_FIRE_PT_02778,P186,OCCURRED_AT,108
AE_FIRE_PT_02779,P530,OCCURRED_AT,283
AE_FIRE_PT_02780,P441,OCCURRED_AT,199
AE_FIRE_PT_02781,P441,OCCURRED_AT,199
AE_FIRE_PT_02782,P441,OCCURRED_AT,199
AE_FIRE_PT_02783,P179,OCCURRED_AT,144
AE_FIRE_PT_02784,P147,OCCURRED_AT,362
AE_FIRE_PT_02785,P350,OCCURRED_AT,521
AE_FIRE_PT_02786,P171,OCCURRED_AT,254
AE_FIRE_PT_02787,P297,OCCURRED_AT,153
AE_FIRE_PT_02788,P618,OCCURRED_AT,452
AE_FIRE_PT_02789,P618,OCCURRED_AT,452
AE_FIRE_PT_02790,P433,OCCURRED_AT,39
AE_FIRE_PT_02791,P908,OCCURRED_AT,288
AE_FIRE_PT_02792,P738,OCCURRED_AT,487
AE_FIRE_PT_02793,P738,OCCURRED_AT,487
AE_FIRE_PT_02794,P684,OCCURRED_AT,638
AE_FIRE_PT_02795,P256,OCCURRED_AT,169
AE_FIRE_PT_02796,P1020,OCCURRED_AT,352
AE_FIRE_PT_02797,P756,OCCURRED_AT,949
AE_FIRE_PT_02798,P012,OCCURRED_AT,144
AE_FIRE_PT_02799,P044,OCCURRED_AT,828
AE_FIRE_PT_02800,P923,OCCURRED_AT,292
AE_FIRE_PT_02801,P1021,OCCURRED_AT,360
AE_FIRE_PT_02802,P819,OCCURRED_AT,230
AE_FIRE_PT_02803,P184,OCCURRED_AT,575
AE_FIRE_PT_02804,P309,OCCURRED_AT,129
AE_FIRE_PT_02805,P068,OCCURRED_AT,151
AE_FIRE_PT_02806,P132,OCCURRED_AT,179
AE_FIRE_PT_02807,P132,OCCURRED_AT,179
AE_FIRE_PT_02810,P275,OCCURRED_AT,571
AE_FIRE_PT_02811,P124,OCCURRED_AT,156
AE_FIRE_PT_02812,P070,OCCURRED_AT,134
AE_FIRE_PT_02813,P514,OCCURRED_AT,680
AE_FIRE_PT_02814,P514,OCCURRED_AT,680
AE_FIRE_PT_02815,P902,OCCURRED_AT,50
AE_FIRE_PT_02816,P053,OCCURRED_AT,46
AE_FIRE_PT_02817,P501,OCCURRED_AT,56
AE_FIRE_PT_02818,P828,OCCURRED_AT,496
AE_FIRE_PT_02819,P576,OCCURRED_AT,547
AE_FIRE_PT_02820,P029,OCCURRED_AT,128
AE_FIRE_PT_02821,P197,OCCURRED_AT,205
AE_FIRE_PT_02822,P275,OCCURRED_AT,397
AE_FIRE_PT_02823,P275,OCCURRED_AT,397
AE_FIRE_PT_02824,P157,OCCURRED_AT,41
AE_FIRE_PT_02825,P233,OCCURRED_AT,149
AE_FIRE_PT_02826,P233,OCCURRED_AT,149
AE_FIRE_PT_02827,P834,OCCURRED_AT,71
AE_FIRE_PT_02828,P125,OCCURRED_AT,176
AE_FIRE_PT_02829,P722,OCCURRED_AT,821
AE_FIRE_PT_02830,P132,OCCURRED_AT,164
AE_FIRE_PT_02831,P313,OCCURRED_AT,271
AE_FIRE_PT_02832,P118,OCCURRED_AT,53
AE_FIRE_PT_02833,P071,OCCURRED_AT,315
AE_FIRE_PT_02834,P242,OCCURRED_AT,336
AE_FIRE_PT_02835,P242,OCCURRED_AT,336
AE_FIRE_PT_02836,P118,OCCURRED_AT,53
AE_FIRE_PT_02837,P484,OCCURRED_AT,160
AE_FIRE_PT_02838,P125,OCCURRED_AT,56
AE_FIRE_PT_02839,P019,OCCURRED_AT,62
AE_FIRE_PT_02841,P388,OCCURRED_AT,677
AE_FIRE_PT_02842,P203,OCCURRED_AT,352
AE_FIRE_PT_02843,P830,OCCURRED_AT,258
AE_FIRE_PT_02844,P1018,OCCURRED_AT,809
AE_FIRE_PT_02845,P1018,OCCURRED_AT,809
AE_FIRE_PT_02846,P912,OCCURRED_AT,655
AE_FIRE_PT_02847,P197,OCCURRED_AT,89
AE_FIRE_PT_02848,P531,OCCURRED_AT,917
AE_FIRE_PT_02849,P531,OCCURRED_AT,316
AE_FIRE_PT_02850,P473,OCCURRED_AT,737
AE_FIRE_PT_02851,P425,OCCURRED_AT,21
AE_FIRE_PT_02852,P037,OCCURRED_AT,46
AE_FIRE_PT_02853,P247,OCCURRED_AT,672
AE_FIRE_PT_02854,P370,OCCURRED_AT,96
AE_FIRE_PT_02856,P104,OCCURRED_AT,149
AE_FIRE_PT_02857,P057,OCCURRED_AT,142
AE_FIRE_PT_02858,P178,OCCURRED_AT,713
AE_FIRE_PT_02859,P527,OCCURRED_AT,355
AE_FIRE_PT_02860,P153,OCCURRED_AT,78
AE_FIRE_PT_02861,P053,OCCURRED_AT,137
AE_FIRE_PT_02862,P1008,OCCURRED_AT,646
AE_FIRE_PT_02863,P056,OCCURRED_AT,450
AE_FIRE_PT_02864,P155,OCCURRED_AT,299
AE_FIRE_PT_02865,P633,OCCURRED_AT,320
AE_FIRE_PT_02866,P633,OCCURRED_AT,320
AE_FIRE_PT_02867,P251,OCCURRED_AT,336
AE_FIRE_PT_02868,P388,OCCURRED_AT,683
AE_FIRE_PT_02869,P025,OCCURRED_AT,126
AE_FIRE_PT_02870,P035,OCCURRED_AT,71
AE_FIRE_PT_02871,P357,OCCURRED_AT,225
AE_FIRE_PT_02872,P357,OCCURRED_AT,225
AE_FIRE_PT_02873,P357,OCCURRED_AT,225
AE_FIRE_PT_02874,P357,OCCURRED_AT,225
AE_FIRE_PT_02875,P357,OCCURRED_AT,225
AE_FIRE_PT_02876,P357,OCCURRED_AT,225
AE_FIRE_PT_02877,P280,OCCURRED_AT,236
AE_FIRE_PT_02878,P846,OCCURRED_AT,39
AE_FIRE_PT_02879,P127,OCCURRED_AT,594
AE_FIRE_PT_02880,P624,OCCURRED_AT,827
AE_FIRE_PT_02882,P214,OCCURRED_AT,569
AE_FIRE_PT_02883,P131,OCCURRED_AT,318
AE_FIRE_PT_02885,P954,OCCURRED_AT,72
AE_FIRE_PT_02886,P280,OCCURRED_AT,483
AE_FIRE_PT_02887,P358,OCCURRED_AT,78
AE_FIRE_PT_02888,P498,OCCURRED_AT,708
AE_FIRE_PT_02889,P099,OCCURRED_AT,236
AE_FIRE_PT_02891,P290,OCCURRED_AT,167
AE_FIRE_PT_02892,P680,OCCURRED_AT,149
AE_FIRE_PT_02893,P974,OCCURRED_AT,991
AE_FIRE_PT_02894,P336,OCCURRED_AT,159
AE_FIRE_PT_02895,P972,OCCURRED_AT,211
AE_FIRE_PT_02896,P070,OCCURRED_AT,46
AE_FIRE_PT_02897,P105,OCCURRED_AT,645
AE_FIRE_PT_02898,P105,OCCURRED_AT,645
AE_FIRE_PT_02899,P091,OCCURRED_AT,37
AE_FIRE_PT_02900,P731,OCCURRED_AT,225
AE_FIRE_PT_02901,P122,OCCURRED_AT,268
AE_FIRE_PT_02902,P076,OCCURRED_AT,358
AE_FIRE_PT_02903,P1020,OCCURRED_AT,473
AE_FIRE_PT_02904,P514,OCCURRED_AT,379
AE_FIRE_PT_02905,P055,OCCURRED_AT,444
AE_FIRE_PT_02906,P057,OCCURRED_AT,374
AE_FIRE_PT_02907,P242,OCCURRED_AT,221
AE_FIRE_PT_02908,P001,OCCURRED_AT,172
AE_FIRE_PT_02909,P032,OCCURRED_AT,235
AE_FIRE_PT_02910,P144,OCCURRED_AT,191
AE_FIRE_PT_02911,P479,OCCURRED_AT,175
AE_FIRE_PT_02912,P131,OCCURRED_AT,332
AE_FIRE_PT_02914,P122,OCCURRED_AT,261
AE_FIRE_PT_02915,P1021,OCCURRED_AT,647
AE_FIRE_PT_02916,P433,OCCURRED_AT,881
AE_FIRE_PT_02917,P930,OCCURRED_AT,574
AE_FIRE_PT_02918,P900,OCCURRED_AT,69
AE_FIRE_PT_02919,P517,OCCURRED_AT,786
AE_FIRE_PT_02920,P096,OCCURRED_AT,125
AE_FIRE_PT_02921,P252,OCCURRED_AT,167
AE_FIRE_PT_02922,P900,OCCURRED_AT,69
AE_FIRE_PT_02923,P738,OCCURRED_AT,505
AE_FIRE_PT_02924,P243,OCCURRED_AT,248
AE_FIRE_PT_02925,P392,OCCURRED_AT,850
AE_FIRE_PT_02926,P098,OCCURRED_AT,544
AE_FIRE_PT_02927,P065,OCCURRED_AT,161
AE_FIRE_PT_02928,P971,OCCURRED_AT,271
AE_FIRE_PT_02929,P971,OCCURRED_AT,271
AE_FIRE_PT_02930,P493,OCCURRED_AT,390
AE_FIRE_PT_02931,P738,OCCURRED_AT,770
AE_FIRE_PT_02932,P807,OCCURRED_AT,220
AE_FIRE_PT_02933,P808,OCCURRED_AT,84
AE_FIRE_PT_02934,P633,OCCURRED_AT,0
AE_FIRE_PT_02935,P070,OCCURRED_AT,74
AE_FIRE_PT_02936,P070,OCCURRED_AT,192
AE_FIRE_PT_02937,P125,OCCURRED_AT,10
AE_FIRE_PT_02938,P231,OCCURRED_AT,258
AE_FIRE_PT_02939,P070,OCCURRED_AT,107
AE_FIRE_PT_02940,P032,OCCURRED_AT,244
AE_FIRE_PT_02941,P196,OCCURRED_AT,387
AE_FIRE_PT_02942,P912,OCCURRED_AT,524
AE_FIRE_PT_02943,P098,OCCURRED_AT,288
AE_FIRE_PT_02944,P098,OCCURRED_AT,288
AE_FIRE_PT_02945,P019,OCCURRED_AT,461
AE_FIRE_PT_02946,P830,OCCURRED_AT,246
AE_FIRE_PT_02947,P436,OCCURRED_AT,373
AE_FIRE_PT_02948,P436,OCCURRED_AT,373
AE_FIRE_PT_02949,P1021,OCCURRED_AT,731
AE_FIRE_PT_02950,P032,OCCURRED_AT,216
AE_FIRE_PT_02951,P212,OCCURRED_AT,32
AE_FIRE_PT_02952,P132,OCCURRED_AT,92
AE_FIRE_PT_02953,P841,OCCURRED_AT,381
AE_FIRE_PT_02954,P841,OCCURRED_AT,370
AE_FIRE_PT_02955,P841,OCCURRED_AT,370
AE_FIRE_PT_02956,P259,OCCURRED_AT,727
AE_FIRE_PT_02957,P633,OCCURRED_AT,319
AE_FIRE_PT_02958,P070,OCCURRED_AT,91
AE_FIRE_PT_02959,P991,OCCURRED_AT,9
AE_FIRE_PT_02960,P835,OCCURRED_AT,542
AE_FIRE_PT_02961,P315,OCCURRED_AT,371
AE_FIRE_PT_02962,P315,OCCURRED_AT,371
AE_FIRE_PT_02963,P315,OCCURRED_AT,371
AE_FIRE_PT_02964,P315,OCCURRED_AT,371
AE_FIRE_PT_02965,P727,OCCURRED_AT,728
AE_FIRE_PT_02966,P1021,OCCURRED_AT,349
AE_FIRE_PT_02967,P900,OCCURRED_AT,15
AE_FIRE_PT_02968,P173,OCCURRED_AT,164
AE_FIRE_PT_02969,P869,OCCURRED_AT,47
AE_FIRE_PT_02970,P107,OCCURRED_AT,633
AE_FIRE_PT_02971,P079,OCCURRED_AT,519
AE_FIRE_PT_02972,P449,OCCURRED_AT,285
AE_FIRE_PT_02973,P1020,OCCURRED_AT,17
AE_FIRE_PT_02974,P300,OCCURRED_AT,395
AE_FIRE_PT_02975,P757,OCCURRED_AT,979
AE_FIRE_PT_02976,P131,OCCURRED_AT,42
AE_FIRE_PT_02977,P254,OCCURRED_AT,208
AE_FIRE_PT_02978,P262,OCCURRED_AT,670
AE_FIRE_PT_02979,P725,OCCURRED_AT,642
AE_FIRE_PT_02980,P125,OCCURRED_AT,140
AE_FIRE_PT_02981,P060,OCCURRED_AT,149
AE_FIRE_PT_02982,P079,OCCURRED_AT,426
AE_FIRE_PT_02983,P244,OCCURRED_AT,481
AE_FIRE_PT_02984,P846,OCCURRED_AT,160
AE_FIRE_PT_02985,P418,OCCURRED_AT,704
AE_FIRE_PT_02987,P032,OCCURRED_AT,285
AE_FIRE_PT_02988,P127,OCCURRED_AT,590
AE_FIRE_PT_02989,P110,OCCURRED_AT,14
AE_FIRE_PT_02990,P940,OCCURRED_AT,142
AE_FIRE_PT_02991,P070,OCCURRED_AT,110
AE_FIRE_PT_02992,P252,OCCURRED_AT,134
AE_FIRE_PT_02993,P020,OCCURRED_AT,128
AE_FIRE_PT_02994,P247,OCCURRED_AT,239
AE_FIRE_PT_02995,P254,OCCURRED_AT,247
AE_FIRE_PT_02996,P122,OCCURRED_AT,126
AE_FIRE_PT_02997,P536,OCCURRED_AT,8
AE_FIRE_PT_02998,P053,OCCURRED_AT,205
AE_FIRE_PT_03000,P070,OCCURRED_AT,216
AE_FIRE_PT_03001,P266,OCCURRED_AT,301
AE_FIRE_PT_03002,P960,OCCURRED_AT,393
AE_FIRE_PT_03003,P960,OCCURRED_AT,393
AE_FIRE_PT_03004,P286,OCCURRED_AT,865
AE_FIRE_PT_03005,P014,OCCURRED_AT,125
AE_FIRE_PT_03006,P014,OCCURRED_AT,125
AE_FIRE_PT_03007,P438,OCCURRED_AT,23
AE_FIRE_PT_03008,P104,OCCURRED_AT,89
AE_FIRE_PT_03010,P734,OCCURRED_AT,43
AE_FIRE_PT_03011,P964,OCCURRED_AT,145
AE_FIRE_PT_03012,P419,OCCURRED_AT,315
AE_FIRE_PT_03013,P449,OCCURRED_AT,560
AE_FIRE_PT_03014,P053,OCCURRED_AT,175
AE_FIRE_PT_03019,P162,OCCURRED_AT,84
AE_FIRE_PT_03020,P571,OCCURRED_AT,779
AE_FIRE_PT_03021,P127,OCCURRED_AT,277
AE_FIRE_PT_03022,P070,OCCURRED_AT,73
AE_FIRE_PT_03024,P310,OCCURRED_AT,201
AE_FIRE_PT_03025,P068,OCCURRED_AT,445
AE_FIRE_PT_03026,P492,OCCURRED_AT,655
AE_FIRE_PT_03027,P220,OCCURRED_AT,169
AE_FIRE_PT_03028,P285,OCCURRED_AT,385
AE_FIRE_PT_03029,P131,OCCURRED_AT,49
AE_FIRE_PT_03030,P132,OCCURRED_AT,174
AE_FIRE_PT_03031,P471,OCCURRED_AT,164
AE_FIRE_PT_03032,P830,OCCURRED_AT,220
AE_FIRE_PT_03033,P830,OCCURRED_AT,220
AE_FIRE_PT_03034,P395,OCCURRED_AT,382
AE_FIRE_PT_03035,P348,OCCURRED_AT,140
AE_FIRE_PT_03036,P499,OCCURRED_AT,871
AE_FIRE_PT_03037,P499,OCCURRED_AT,871
AE_FIRE_PT_03039,P001,OCCURRED_AT,181
AE_FIRE_PT_03040,P070,OCCURRED_AT,18
AE_FIRE_PT_03041,P699,OCCURRED_AT,262
AE_FIRE_PT_03043,P044,OCCURRED_AT,291
AE_FIRE_PT_03044,P277,OCCURRED_AT,284
AE_FIRE_PT_03045,P354,OCCURRED_AT,928
AE_FIRE_PT_03046,P227,OCCURRED_AT,442
AE_FIRE_PT_03047,P171,OCCURRED_AT,225
AE_FIRE_PT_03048,P947,OCCURRED_AT,35
AE_FIRE_PT_03050,P227,OCCURRED_AT,262
AE_FIRE_PT_03051,P001,OCCURRED_AT,184
AE_FIRE_PT_03052,P070,OCCURRED_AT,59
AE_FIRE_PT_03053,P701,OCCURRED_AT,268
AE_FIRE_PT_03054,P333,OCCURRED_AT,229
AE_FIRE_PT_03055,P514,OCCURRED_AT,66
AE_FIRE_PT_03056,P178,OCCURRED_AT,73
AE_FIRE_PT_03057,P178,OCCURRED_AT,73
AE_FIRE_PT_03058,P032,OCCURRED_AT,285
AE_FIRE_PT_03059,P229,OCCURRED_AT,72
AE_FIRE_PT_03060,P195,OCCURRED_AT,781
AE_FIRE_PT_03061,P968,OCCURRED_AT,37
AE_FIRE_PT_03062,P968,OCCURRED_AT,224
AE_FIRE_PT_03063,P953,OCCURRED_AT,103
AE_FIRE_PT_03064,P252,OCCURRED_AT,293
AE_FIRE_PT_03065,P987,OCCURRED_AT,458
AE_FIRE_PT_03066,P218,OCCURRED_AT,178
AE_FIRE_PT_03067,P155,OCCURRED_AT,339
AE_FIRE_PT_03068,P1016,OCCURRED_AT,851
AE_FIRE_PT_03069,P786,OCCURRED_AT,532
AE_FIRE_PT_03070,P902,OCCURRED_AT,28
AE_FIRE_PT_03071,P1002,OCCURRED_AT,125
AE_FIRE_PT_03072,P1002,OCCURRED_AT,125
AE_FIRE_PT_03073,P449,OCCURRED_AT,308
AE_FIRE_PT_03074,P756,OCCURRED_AT,280
AE_FIRE_PT_03075,P951,OCCURRED_AT,90
AE_FIRE_PT_03076,P948,OCCURRED_AT,220
AE_FIRE_PT_03077,P132,OCCURRED_AT,182
AE_FIRE_PT_03078,P644,OCCURRED_AT,849
AE_FIRE_PT_03079,P891,OCCURRED_AT,89
AE_FIRE_PT_03080,P907,OCCURRED_AT,431
AE_FIRE_PT_03081,P395,OCCURRED_AT,563
AE_FIRE_PT_03082,P952,OCCURRED_AT,176
AE_FIRE_PT_03083,P070,OCCURRED_AT,155
AE_FIRE_PT_03084,P907,OCCURRED_AT,400
AE_FIRE_PT_03085,P902,OCCURRED_AT,105
AE_FIRE_PT_03086,P544,OCCURRED_AT,208
AE_FIRE_PT_03087,P570,OCCURRED_AT,589
AE_FIRE_PT_03088,P581,OCCURRED_AT,340
AE_FIRE_PT_03090,P805,OCCURRED_AT,359
AE_FIRE_PT_03091,P805,OCCURRED_AT,359
AE_FIRE_PT_03092,P007,OCCURRED_AT,21
AE_FIRE_PT_03093,P497,OCCURRED_AT,417
AE_FIRE_PT_03094,P727,OCCURRED_AT,925
AE_FIRE_PT_03095,P405,OCCURRED_AT,270
AE_FIRE_PT_03096,P361,OCCURRED_AT,245
AE_FIRE_PT_03097,P819,OCCURRED_AT,479
AE_FIRE_PT_03098,P053,OCCURRED_AT,190
AE_FIRE_PT_03099,P794,OCCURRED_AT,235
AE_FIRE_PT_03100,P794,OCCURRED_AT,235
AE_FIRE_PT_03101,P179,OCCURRED_AT,513
AE_FIRE_PT_03102,P429,OCCURRED_AT,325
AE_FIRE_PT_03103,P142,OCCURRED_AT,968
AE_FIRE_PT_03104,P874,OCCURRED_AT,390
AE_FIRE_PT_03105,P204,OCCURRED_AT,63
AE_FIRE_PT_03106,P508,OCCURRED_AT,138
AE_FIRE_PT_03107,P856,OCCURRED_AT,360
AE_FIRE_PT_03108,P247,OCCURRED_AT,204
AE_FIRE_PT_03109,P070,OCCURRED_AT,337
AE_FIRE_PT_03110,P123,OCCURRED_AT,673
AE_FIRE_PT_03111,P070,OCCURRED_AT,245
AE_FIRE_PT_03112,P577,OCCURRED_AT,723
AE_FIRE_PT_03113,P162,OCCURRED_AT,258
AE_FIRE_PT_03114,P388,OCCURRED_AT,779
AE_FIRE_PT_03116,P070,OCCURRED_AT,70
AE_FIRE_PT_03117,P070,OCCURRED_AT,70
AE_FIRE_PT_03118,P005,OCCURRED_AT,63
AE_FIRE_PT_03119,P603,OCCURRED_AT,752
AE_FIRE_PT_03120,P053,OCCURRED_AT,255
AE_FIRE_PT_03121,P201,OCCURRED_AT,547
AE_FIRE_PT_03122,P016,OCCURRED_AT,593
AE_FIRE_PT_03123,P360,OCCURRED_AT,88
AE_FIRE_PT_03124,P033,OCCURRED_AT,147
AE_FIRE_PT_03125,P197,OCCURRED_AT,150
AE_FIRE_PT_03126,P830,OCCURRED_AT,728
AE_FIRE_PT_03127,P870,OCCURRED_AT,417
AE_FIRE_PT_03128,P031,OCCURRED_AT,536
AE_FIRE_PT_03129,P007,OCCURRED_AT,10
AE_FIRE_PT_03130,P948,OCCURRED_AT,912
AE_FIRE_PT_03131,P601,OCCURRED_AT,266
AE_FIRE_PT_03132,P601,OCCURRED_AT,266
AE_FIRE_PT_03133,P047,OCCURRED_AT,437
AE_FIRE_PT_03134,P001,OCCURRED_AT,657
AE_FIRE_PT_03135,P367,OCCURRED_AT,382
AE_FIRE_PT_03137,P388,OCCURRED_AT,824
AE_FIRE_PT_03138,P841,OCCURRED_AT,195
AE_FIRE_PT_03139,P927,OCCURRED_AT,535
AE_FIRE_PT_03140,P290,OCCURRED_AT,26
AE_FIRE_PT_03142,P1008,OCCURRED_AT,994
AE_FIRE_PT_03143,P704,OCCURRED_AT,172
AE_FIRE_PT_03144,P750,OCCURRED_AT,763
AE_FIRE_PT_03146,P959,OCCURRED_AT,125
AE_FIRE_PT_03147,P405,OCCURRED_AT,943
AE_FIRE_PT_03148,P531,OCCURRED_AT,843
AE_FIRE_PT_03150,P830,OCCURRED_AT,130
AE_FIRE_PT_03151,P830,OCCURRED_AT,130
AE_FIRE_PT_03152,P430,OCCURRED_AT,115
AE_FIRE_PT_03153,P259,OCCURRED_AT,398
AE_FIRE_PT_03154,P822,OCCURRED_AT,825
AE_FIRE_PT_03155,P822,OCCURRED_AT,825
AE_FIRE_PT_03156,P822,OCCURRED_AT,825
AE_FIRE_PT_03157,P902,OCCURRED_AT,118
AE_FIRE_PT_03158,P513,OCCURRED_AT,484
AE_FIRE_PT_03160,P748,OCCURRED_AT,650
AE_FIRE_PT_03161,P331,OCCURRED_AT,380
AE_FIRE_PT_03162,P495,OCCURRED_AT,215
AE_FIRE_PT_03163,P468,OCCURRED_AT,764
AE_FIRE_PT_03164,P468,OCCURRED_AT,764
AE_FIRE_PT_03165,P934,OCCURRED_AT,872
AE_FIRE_PT_03166,P522,OCCURRED_AT,201
AE_FIRE_PT_03167,P921,OCCURRED_AT,676
AE_FIRE_PT_03170,P214,OCCURRED_AT,387
AE_FIRE_PT_03171,P701,OCCURRED_AT,256
AE_FIRE_PT_03172,P112,OCCURRED_AT,136
AE_FIRE_PT_03173,P131,OCCURRED_AT,581
AE_FIRE_PT_03174,P251,OCCURRED_AT,185
AE_FIRE_PT_03176,P771,OCCURRED_AT,945
AE_FIRE_PT_03177,P771,OCCURRED_AT,945
AE_FIRE_PT_03178,P040,OCCURRED_AT,124
AE_FIRE_PT_03180,P465,OCCURRED_AT,227
AE_FIRE_PT_03181,P040,OCCURRED_AT,50
AE_FIRE_PT_03182,P040,OCCURRED_AT,50
AE_FIRE_PT_03183,P153,OCCURRED_AT,158
AE_FIRE_PT_03184,P1021,OCCURRED_AT,689
AE_FIRE_PT_03185,P125,OCCURRED_AT,94
AE_FIRE_PT_03186,P830,OCCURRED_AT,356
AE_FIRE_PT_03187,P040,OCCURRED_AT,168
AE_FIRE_PT_03188,P667,OCCURRED_AT,474
AE_FIRE_PT_03189,P755,OCCURRED_AT,196
AE_FIRE_PT_03190,P070,OCCURRED_AT,98
AE_FIRE_PT_03191,P267,OCCURRED_AT,171
AE_FIRE_PT_03192,P1021,OCCURRED_AT,356
AE_FIRE_PT_03193,P019,OCCURRED_AT,461
AE_FIRE_PT_03194,P952,OCCURRED_AT,215
AE_FIRE_PT_03195,P001,OCCURRED_AT,384
AE_FIRE_PT_03196,P965,OCCURRED_AT,801
AE_FIRE_PT_03197,P667,OCCURRED_AT,545
AE_FIRE_PT_03198,P132,OCCURRED_AT,127
AE_FIRE_PT_03199,P040,OCCURRED_AT,96
AE_FIRE_PT_03200,P1014,OCCURRED_AT,690
AE_FIRE_PT_03201,P188,OCCURRED_AT,383
AE_FIRE_PT_03202,P312,OCCURRED_AT,331
AE_FIRE_PT_03203,P292,OCCURRED_AT,10
AE_FIRE_PT_03204,P043,OCCURRED_AT,723
AE_FIRE_PT_03205,P043,OCCURRED_AT,723
AE_FIRE_PT_03207,P941,OCCURRED_AT,84
AE_FIRE_PT_03208,P941,OCCURRED_AT,84
AE_FIRE_PT_03209,P204,OCCURRED_AT,122
AE_FIRE_PT_03210,P325,OCCURRED_AT,22
AE_FIRE_PT_03211,P869,OCCURRED_AT,41
AE_FIRE_PT_03212,P869,OCCURRED_AT,41
AE_FIRE_PT_03213,P869,OCCURRED_AT,41
AE_FIRE_PT_03214,P869,OCCURRED_AT,41
AE_FIRE_PT_03215,P869,OCCURRED_AT,41
AE_FIRE_PT_03216,P869,OCCURRED_AT,41
AE_FIRE_PT_03217,P869,OCCURRED_AT,41
AE_FIRE_PT_03218,P869,OCCURRED_AT,41
AE_FIRE_PT_03219,P869,OCCURRED_AT,41
AE_FIRE_PT_03220,P869,OCCURRED_AT,41
AE_FIRE_PT_03221,P319,OCCURRED_AT,441
AE_FIRE_PT_03222,P701,OCCURRED_AT,282
AE_FIRE_PT_03223,P363,OCCURRED_AT,106
AE_FIRE_PT_03224,P004,OCCURRED_AT,97
AE_FIRE_PT_03225,P449,OCCURRED_AT,580
AE_FIRE_PT_03226,P031,OCCURRED_AT,784
AE_FIRE_PT_03227,P082,OCCURRED_AT,205
AE_FIRE_PT_03228,P766,OCCURRED_AT,715
AE_FIRE_PT_03229,P517,OCCURRED_AT,590
AE_FIRE_PT_03230,P033,OCCURRED_AT,137
AE_FIRE_PT_03231,P361,OCCURRED_AT,425
AE_FIRE_PT_03232,P070,OCCURRED_AT,216
AE_FIRE_PT_03233,P848,OCCURRED_AT,0
AE_FIRE_PT_03234,P562,OCCURRED_AT,374
AE_FIRE_PT_03235,P562,OCCURRED_AT,374
AE_FIRE_PT_03236,P562,OCCURRED_AT,374
AE_FIRE_PT_03237,P004,OCCURRED_AT,215
AE_FIRE_PT_03238,P388,OCCURRED_AT,92
AE_FIRE_PT_03239,P968,OCCURRED_AT,128
AE_FIRE_PT_03240,P220,OCCURRED_AT,326
AE_FIRE_PT_03241,P031,OCCURRED_AT,571
AE_FIRE_PT_03242,P031,OCCURRED_AT,571
AE_FIRE_PT_03243,P459,OCCURRED_AT,836
AE_FIRE_PT_03244,P503,OCCURRED_AT,682
AE_FIRE_PT_03245,P338,OCCURRED_AT,150
AE_FIRE_PT_03246,P040,OCCURRED_AT,165
AE_FIRE_PT_03247,P968,OCCURRED_AT,187
AE_FIRE_PT_03248,P623,OCCURRED_AT,855
AE_FIRE_PT_03249,P178,OCCURRED_AT,212
AE_FIRE_PT_03250,P144,OCCURRED_AT,46
AE_FIRE_PT_03251,P070,OCCURRED_AT,106
AE_FIRE_PT_03252,P343,OCCURRED_AT,213
AE_FIRE_PT_03253,P038,OCCURRED_AT,74
AE_FIRE_PT_03254,P648,OCCURRED_AT,243
AE_FIRE_PT_03255,P319,OCCURRED_AT,837
AE_FIRE_PT_03256,P803,OCCURRED_AT,0
AE_FIRE_PT_03257,P070,OCCURRED_AT,263
AE_FIRE_PT_03258,P959,OCCURRED_AT,6
AE_FIRE_PT_03259,P319,OCCURRED_AT,837
AE_FIRE_PT_03260,P701,OCCURRED_AT,335
AE_FIRE_PT_03261,P031,OCCURRED_AT,523
AE_FIRE_PT_03262,P307,OCCURRED_AT,715
AE_FIRE_PT_03263,P449,OCCURRED_AT,576
AE_FIRE_PT_03264,P827,OCCURRED_AT,228
AE_FIRE_PT_03265,P006,OCCURRED_AT,77
AE_FIRE_PT_03266,P139,OCCURRED_AT,18
AE_FIRE_PT_03267,P894,OCCURRED_AT,231
AE_FIRE_PT_03268,P495,OCCURRED_AT,409
AE_FIRE_PT_03269,P709,OCCURRED_AT,520
AE_FIRE_PT_03270,P053,OCCURRED_AT,346
AE_FIRE_PT_03271,P734,OCCURRED_AT,270
AE_FIRE_PT_03272,P196,OCCURRED_AT,342
AE_FIRE_PT_03273,P376,OCCURRED_AT,430
AE_FIRE_PT_03274,P254,OCCURRED_AT,71
AE_FIRE_PT_03275,P153,OCCURRED_AT,59
AE_FIRE_PT_03276,P251,OCCURRED_AT,105
AE_FIRE_PT_03277,P999,OCCURRED_AT,226
AE_FIRE_PT_03278,P999,OCCURRED_AT,226
AE_FIRE_PT_03279,P846,OCCURRED_AT,100
AE_FIRE_PT_03280,P252,OCCURRED_AT,149
AE_FIRE_PT_03281,P252,OCCURRED_AT,149
AE_FIRE_PT_03282,P020,OCCURRED_AT,38
AE_FIRE_PT_03283,P092,OCCURRED_AT,444
AE_FIRE_PT_03285,P1020,OCCURRED_AT,17
AE_FIRE_PT_03286,P907,OCCURRED_AT,154
AE_FIRE_PT_03287,P092,OCCURRED_AT,396
AE_FIRE_PT_03288,P285,OCCURRED_AT,611
AE_FIRE_PT_03289,P045,OCCURRED_AT,235
AE_FIRE_PT_03290,P515,OCCURRED_AT,113
AE_FIRE_PT_03291,P023,OCCURRED_AT,20
AE_FIRE_PT_03292,P332,OCCURRED_AT,171
AE_FIRE_PT_03293,P592,OCCURRED_AT,176
AE_FIRE_PT_03294,P232,OCCURRED_AT,11
AE_FIRE_PT_03295,P031,OCCURRED_AT,792
AE_FIRE_PT_03296,P031,OCCURRED_AT,792
AE_FIRE_PT_03297,P112,OCCURRED_AT,109
AE_FIRE_PT_03298,P112,OCCURRED_AT,105
AE_FIRE_PT_03299,P112,OCCURRED_AT,105
AE_FIRE_PT_03300,P314,OCCURRED_AT,22
AE_FIRE_PT_03301,P1021,OCCURRED_AT,317
AE_FIRE_PT_03302,P060,OCCURRED_AT,298
AE_FIRE_PT_03303,P413,OCCURRED_AT,433
AE_FIRE_PT_03304,P992,OCCURRED_AT,447
AE_FIRE_PT_03306,P402,OCCURRED_AT,612
AE_FIRE_PT_03307,P150,OCCURRED_AT,531
AE_FIRE_PT_03308,P110,OCCURRED_AT,34
AE_FIRE_PT_03310,P835,OCCURRED_AT,162
AE_FIRE_PT_03312,P335,OCCURRED_AT,206
AE_FIRE_PT_03313,P092,OCCURRED_AT,222
AE_FIRE_PT_03314,P044,OCCURRED_AT,171
AE_FIRE_PT_03315,P113,OCCURRED_AT,46
AE_FIRE_PT_03316,P675,OCCURRED_AT,938
AE_FIRE_PT_03317,P983,OCCURRED_AT,88
AE_FIRE_PT_03318,P983,OCCURRED_AT,88
AE_FIRE_PT_03319,P325,OCCURRED_AT,48
AE_FIRE_PT_03320,P150,OCCURRED_AT,894
AE_FIRE_PT_03321,P473,OCCURRED_AT,636
AE_FIRE_PT_03322,P247,OCCURRED_AT,321
AE_FIRE_PT_03323,P169,OCCURRED_AT,201
AE_FIRE_PT_03324,P149,OCCURRED_AT,259
AE_FIRE_PT_03325,P1021,OCCURRED_AT,286
AE_FIRE_PT_03326,P062,OCCURRED_AT,511
AE_FIRE_PT_03327,P677,OCCURRED_AT,906
AE_FIRE_PT_03328,P112,OCCURRED_AT,21
AE_FIRE_PT_03329,P112,OCCURRED_AT,21
AE_FIRE_PT_03330,P874,OCCURRED_AT,497
AE_FIRE_PT_03331,P417,OCCURRED_AT,464
AE_FIRE_PT_03332,P070,OCCURRED_AT,65
AE_FIRE_PT_03333,P325,OCCURRED_AT,21
AE_FIRE_PT_03334,P070,OCCURRED_AT,92
AE_FIRE_PT_03335,P389,OCCURRED_AT,218
AE_FIRE_PT_03336,P060,OCCURRED_AT,38
AE_FIRE_PT_03341,P524,OCCURRED_AT,765
AE_FIRE_PT_03342,P347,OCCURRED_AT,40
AE_FIRE_PT_03343,P869,OCCURRED_AT,127
AE_FIRE_PT_03344,P172,OCCURRED_AT,31
AE_FIRE_PT_03345,P909,OCCURRED_AT,170
AE_FIRE_PT_03346,P304,OCCURRED_AT,45
AE_FIRE_PT_03347,P841,OCCURRED_AT,424
AE_FIRE_PT_03348,P548,OCCURRED_AT,131
AE_FIRE_PT_03350,P868,OCCURRED_AT,37
AE_FIRE_PT_03351,P247,OCCURRED_AT,75
AE_FIRE_PT_03352,P171,OCCURRED_AT,151
AE_FIRE_PT_03353,P019,OCCURRED_AT,407
AE_FIRE_PT_03355,P663,OCCURRED_AT,289
AE_FIRE_PT_03357,P006,OCCURRED_AT,172
AE_FIRE_PT_03358,P048,OCCURRED_AT,152
AE_FIRE_PT_03359,P930,OCCURRED_AT,70
AE_FIRE_PT_03360,P930,OCCURRED_AT,70
AE_FIRE_PT_03361,P648,OCCURRED_AT,272
AE_FIRE_PT_03362,P843,OCCURRED_AT,70
AE_FIRE_PT_03363,P843,OCCURRED_AT,2
AE_FIRE_PT_03364,P254,OCCURRED_AT,208
AE_FIRE_PT_03365,P061,OCCURRED_AT,414
AE_FIRE_PT_03366,P664,OCCURRED_AT,39
AE_FIRE_PT_03367,P664,OCCURRED_AT,39
AE_FIRE_PT_03368,P405,OCCURRED_AT,421
AE_FIRE_PT_03369,P1021,OCCURRED_AT,358
AE_FIRE_PT_03370,P307,OCCURRED_AT,880
AE_FIRE_PT_03371,P894,OCCURRED_AT,377
AE_FIRE_PT_03372,P144,OCCURRED_AT,236
AE_FIRE_PT_03373,P144,OCCURRED_AT,236
AE_FIRE_PT_03374,P050,OCCURRED_AT,832
AE_FIRE_PT_03375,P828,OCCURRED_AT,587
AE_FIRE_PT_03376,P070,OCCURRED_AT,34
AE_FIRE_PT_03377,P301,OCCURRED_AT,397
AE_FIRE_PT_03380,P610,OCCURRED_AT,237
AE_FIRE_PT_03381,P881,OCCURRED_AT,498
AE_FIRE_PT_03383,P729,OCCURRED_AT,348
AE_FIRE_PT_03384,P928,OCCURRED_AT,548
AE_FIRE_PT_03385,P952,OCCURRED_AT,258
AE_FIRE_PT_03386,P952,OCCURRED_AT,258
AE_FIRE_PT_03387,P560,OCCURRED_AT,589
AE_FIRE_PT_03388,P070,OCCURRED_AT,89
AE_FIRE_PT_03389,P830,OCCURRED_AT,224
AE_FIRE_PT_03390,P449,OCCURRED_AT,513
AE_FIRE_PT_03391,P975,OCCURRED_AT,256
AE_FIRE_PT_03392,P868,OCCURRED_AT,15
AE_FIRE_PT_03393,P499,OCCURRED_AT,888
AE_FIRE_PT_03394,P268,OCCURRED_AT,164
AE_FIRE_PT_03396,P845,OCCURRED_AT,39
AE_FIRE_PT_03397,P148,OCCURRED_AT,73
AE_FIRE_PT_03398,P734,OCCURRED_AT,124
AE_FIRE_PT_03399,P748,OCCURRED_AT,516
AE_FIRE_PT_03400,P748,OCCURRED_AT,516
AE_FIRE_PT_03401,P748,OCCURRED_AT,516
AE_FIRE_PT_03402,P748,OCCURRED_AT,516
AE_FIRE_PT_03403,P982,OCCURRED_AT,0
AE_FIRE_PT_03405,P512,OCCURRED_AT,244
AE_FIRE_PT_03406,P060,OCCURRED_AT,168
AE_FIRE_PT_03407,P422,OCCURRED_AT,487
AE_FIRE_PT_03408,P468,OCCURRED_AT,578
AE_FIRE_PT_03409,P058,OCCURRED_AT,433
AE_FIRE_PT_03410,P110,OCCURRED_AT,622
AE_FIRE_PT_03411,P110,OCCURRED_AT,622
AE_FIRE_PT_03413,P044,OCCURRED_AT,1000
AE_FIRE_PT_03414,P044,OCCURRED_AT,59
AE_FIRE_PT_03415,P232,OCCURRED_AT,155
AE_FIRE_PT_03416,P231,OCCURRED_AT,258
AE_FIRE_PT_03417,P953,OCCURRED_AT,172
AE_FIRE_PT_03418,P132,OCCURRED_AT,113
AE_FIRE_PT_03419,P989,OCCURRED_AT,754
AE_FIRE_PT_03420,P389,OCCURRED_AT,970
AE_FIRE_PT_03421,P090,OCCURRED_AT,173
AE_FIRE_PT_03422,P269,OCCURRED_AT,190
AE_FIRE_PT_03424,P164,OCCURRED_AT,122
AE_FIRE_PT_03425,P734,OCCURRED_AT,116
AE_FIRE_PT_03426,P360,OCCURRED_AT,196
AE_FIRE_PT_03427,P360,OCCURRED_AT,196
AE_FIRE_PT_03429,P677,OCCURRED_AT,888
AE_FIRE_PT_03430,P846,OCCURRED_AT,119
AE_FIRE_PT_03431,P374,OCCURRED_AT,720
AE_FIRE_PT_03432,P664,OCCURRED_AT,345
AE_FIRE_PT_03433,P108,OCCURRED_AT,271
AE_FIRE_PT_03434,P143,OCCURRED_AT,87
AE_FIRE_PT_03435,P735,OCCURRED_AT,54
AE_FIRE_PT_03436,P043,OCCURRED_AT,693
AE_FIRE_PT_03437,P006,OCCURRED_AT,96
AE_FIRE_PT_03438,P243,OCCURRED_AT,333
AE_FIRE_PT_03439,P034,OCCURRED_AT,203
AE_FIRE_PT_03440,P127,OCCURRED_AT,278
AE_FIRE_PT_03441,P526,OCCURRED_AT,143
AE_FIRE_PT_03442,P834,OCCURRED_AT,366
AE_FIRE_PT_03443,P633,OCCURRED_AT,360
AE_FIRE_PT_03444,P633,OCCURRED_AT,360
AE_FIRE_PT_03445,P197,OCCURRED_AT,185
AE_FIRE_PT_03446,P499,OCCURRED_AT,751
AE_FIRE_PT_03447,P277,OCCURRED_AT,321
AE_FIRE_PT_03449,P029,OCCURRED_AT,955
AE_FIRE_PT_03450,P021,OCCURRED_AT,50
AE_FIRE_PT_03451,P131,OCCURRED_AT,188
AE_FIRE_PT_03452,P227,OCCURRED_AT,49
AE_FIRE_PT_03453,P593,OCCURRED_AT,221
AE_FIRE_PT_03454,P251,OCCURRED_AT,387
AE_FIRE_PT_03455,P237,OCCURRED_AT,171
AE_FIRE_PT_03456,P442,OCCURRED_AT,268
AE_FIRE_PT_03457,P795,OCCURRED_AT,782
AE_FIRE_PT_03458,P795,OCCURRED_AT,782
AE_FIRE_PT_03460,P388,OCCURRED_AT,807
AE_FIRE_PT_03461,P735,OCCURRED_AT,189
AE_FIRE_PT_03462,P260,OCCURRED_AT,55
AE_FIRE_PT_03463,P305,OCCURRED_AT,572
AE_FIRE_PT_03464,P047,OCCURRED_AT,66
AE_FIRE_PT_03465,P123,OCCURRED_AT,14
AE_FIRE_PT_03466,P734,OCCURRED_AT,254
AE_FIRE_PT_03467,P047,OCCURRED_AT,72
AE_FIRE_PT_03468,P363,OCCURRED_AT,82
AE_FIRE_PT_03469,P197,OCCURRED_AT,169
AE_FIRE_PT_03470,P531,OCCURRED_AT,363
AE_FIRE_PT_03471,P508,OCCURRED_AT,94
AE_FIRE_PT_03473,P040,OCCURRED_AT,87
AE_FIRE_PT_03474,P418,OCCURRED_AT,623
AE_FIRE_PT_03475,P367,OCCURRED_AT,997
AE_FIRE_PT_03476,P140,OCCURRED_AT,658
AE_FIRE_PT_03477,P912,OCCURRED_AT,593
AE_FIRE_PT_03478,P155,OCCURRED_AT,492
AE_FIRE_PT_03479,P892,OCCURRED_AT,262
AE_FIRE_PT_03480,P178,OCCURRED_AT,160
AE_FIRE_PT_03481,P899,OCCURRED_AT,232
AE_FIRE_PT_03482,P418,OCCURRED_AT,811
AE_FIRE_PT_03483,P259,OCCURRED_AT,354
AE_FIRE_PT_03484,P655,OCCURRED_AT,225
AE_FIRE_PT_03485,P270,OCCURRED_AT,331
AE_FIRE_PT_03486,P178,OCCURRED_AT,691
AE_FIRE_PT_03487,P894,OCCURRED_AT,556
AE_FIRE_PT_03488,P1022,OCCURRED_AT,470
AE_FIRE_PT_03489,P290,OCCURRED_AT,762
AE_FIRE_PT_03490,P996,OCCURRED_AT,305
AE_FIRE_PT_03491,P495,OCCURRED_AT,561
AE_FIRE_PT_03492,P361,OCCURRED_AT,524
AE_FIRE_PT_03493,P140,OCCURRED_AT,312
AE_FIRE_PT_03495,P504,OCCURRED_AT,376
AE_FIRE_PT_03496,P525,OCCURRED_AT,238
AE_FIRE_PT_03497,P525,OCCURRED_AT,238
AE_FIRE_PT_03498,P044,OCCURRED_AT,729
AE_FIRE_PT_03499,P076,OCCURRED_AT,724
AE_FIRE_PT_03500,P520,OCCURRED_AT,838
AE_FIRE_PT_03501,P091,OCCURRED_AT,4
AE_FIRE_PT_03502,P562,OCCURRED_AT,534
AE_FIRE_PT_03503,P473,OCCURRED_AT,251
AE_FIRE_PT_03504,P348,OCCURRED_AT,140
AE_FIRE_PT_03505,P409,OCCURRED_AT,663
AE_FIRE_PT_03506,P219,OCCURRED_AT,128
AE_FIRE_PT_03507,P627,OCCURRED_AT,702
AE_FIRE_PT_03508,P758,OCCURRED_AT,242
AE_FIRE_PT_03509,P759,OCCURRED_AT,385
AE_FIRE_PT_03510,P1002,OCCURRED_AT,0
AE_FIRE_PT_03513,P162,OCCURRED_AT,61
AE_FIRE_PT_03515,P904,OCCURRED_AT,165
AE_FIRE_PT_03516,P744,OCCURRED_AT,38
AE_FIRE_PT_03517,P030,OCCURRED_AT,146
AE_FIRE_PT_03518,P1002,OCCURRED_AT,46
AE_FIRE_PT_03519,P730,OCCURRED_AT,35
AE_FIRE_PT_03520,P127,OCCURRED_AT,308
AE_FIRE_PT_03521,P803,OCCURRED_AT,835
AE_FIRE_PT_03522,P235,OCCURRED_AT,189
AE_FIRE_PT_03525,P484,OCCURRED_AT,85
AE_FIRE_PT_03527,P227,OCCURRED_AT,379
AE_FIRE_PT_03528,P353,OCCURRED_AT,52
AE_FIRE_PT_03529,P904,OCCURRED_AT,210
AE_FIRE_PT_03530,P119,OCCURRED_AT,760
AE_FIRE_PT_03532,P064,OCCURRED_AT,348
AE_FIRE_PT_03533,P033,OCCURRED_AT,125
AE_FIRE_PT_03534,P958,OCCURRED_AT,306
AE_FIRE_PT_03535,P008,OCCURRED_AT,128
AE_FIRE_PT_03536,P140,OCCURRED_AT,302
AE_FIRE_PT_03537,P734,OCCURRED_AT,251
AE_FIRE_PT_03538,P825,OCCURRED_AT,669
AE_FIRE_PT_03539,P969,OCCURRED_AT,347
AE_FIRE_PT_03540,P143,OCCURRED_AT,283
AE_FIRE_PT_03541,P178,OCCURRED_AT,124
AE_FIRE_PT_03542,P511,OCCURRED_AT,393
AE_FIRE_PT_03543,P149,OCCURRED_AT,22
AE_FIRE_PT_03544,P490,OCCURRED_AT,873
AE_FIRE_PT_03545,P188,OCCURRED_AT,347
AE_FIRE_PT_03546,P941,OCCURRED_AT,415
AE_FIRE_PT_03548,P193,OCCURRED_AT,296
AE_FIRE_PT_03549,P1018,OCCURRED_AT,897
AE_FIRE_PT_03550,P047,OCCURRED_AT,196
AE_FIRE_PT_03551,P1021,OCCURRED_AT,314
AE_FIRE_PT_03552,P014,OCCURRED_AT,144
AE_FIRE_PT_03553,P675,OCCURRED_AT,713
AE_FIRE_PT_03554,P675,OCCURRED_AT,713
AE_FIRE_PT_03555,P499,OCCURRED_AT,815
AE_FIRE_PT_03556,P1020,OCCURRED_AT,210
AE_FIRE_PT_03557,P197,OCCURRED_AT,185
AE_FIRE_PT_03558,P846,OCCURRED_AT,143
AE_FIRE_PT_03559,P405,OCCURRED_AT,120
AE_FIRE_PT_03560,P734,OCCURRED_AT,106
AE_FIRE_PT_03563,P063,OCCURRED_AT,633
AE_FIRE_PT_03564,P112,OCCURRED_AT,156
AE_FIRE_PT_03565,P112,OCCURRED_AT,156
AE_FIRE_PT_03566,P001,OCCURRED_AT,152
AE_FIRE_PT_03567,P729,OCCURRED_AT,106
AE_FIRE_PT_03569,P232,OCCURRED_AT,110
AE_FIRE_PT_03570,P385,OCCURRED_AT,749
AE_FIRE_PT_03572,P498,OCCURRED_AT,147
AE_FIRE_PT_03573,P829,OCCURRED_AT,417
AE_FIRE_PT_03574,P797,OCCURRED_AT,542
AE_FIRE_PT_03575,P107,OCCURRED_AT,351
AE_FIRE_PT_03576,P047,OCCURRED_AT,733
AE_FIRE_PT_03577,P745,OCCURRED_AT,34
AE_FIRE_PT_03578,P044,OCCURRED_AT,948
AE_FIRE_PT_03579,P046,OCCURRED_AT,72
AE_FIRE_PT_03581,P178,OCCURRED_AT,690
AE_FIRE_PT_03582,P699,OCCURRED_AT,251
AE_FIRE_PT_03583,P527,OCCURRED_AT,499
AE_FIRE_PT_03584,P261,OCCURRED_AT,455
AE_FIRE_PT_03585,P361,OCCURRED_AT,396
AE_FIRE_PT_03586,P139,OCCURRED_AT,8
AE_FIRE_PT_03587,P415,OCCURRED_AT,123
AE_FIRE_PT_03588,P083,OCCURRED_AT,205
AE_FIRE_PT_03589,P201,OCCURRED_AT,353
AE_FIRE_PT_03590,P201,OCCURRED_AT,353
AE_FIRE_PT_03591,P314,OCCURRED_AT,414
AE_FIRE_PT_03592,P008,OCCURRED_AT,136
AE_FIRE_PT_03593,P197,OCCURRED_AT,170
AE_FIRE_PT_03594,P465,OCCURRED_AT,161
AE_FIRE_PT_03595,P384,OCCURRED_AT,985
AE_FIRE_PT_03596,P070,OCCURRED_AT,28
AE_FIRE_PT_03597,P318,OCCURRED_AT,88
AE_FIRE_PT_03598,P996,OCCURRED_AT,314
AE_FIRE_PT_03599,P122,OCCURRED_AT,133
AE_FIRE_PT_03600,P956,OCCURRED_AT,44
AE_FIRE_PT_03602,P065,OCCURRED_AT,127
AE_FIRE_PT_03603,P070,OCCURRED_AT,59
AE_FIRE_PT_03604,P001,OCCURRED_AT,120
AE_FIRE_PT_03606,P551,OCCURRED_AT,305
AE_FIRE_PT_03607,P403,OCCURRED_AT,540
AE_FIRE_PT_03608,P002,OCCURRED_AT,106
AE_FIRE_PT_03609,P333,OCCURRED_AT,390
AE_FIRE_PT_03610,P143,OCCURRED_AT,94
AE_FIRE_PT_03611,P835,OCCURRED_AT,696
AE_FIRE_PT_03612,P835,OCCURRED_AT,696
AE_FIRE_PT_03613,P945,OCCURRED_AT,243
AE_FIRE_PT_03614,P945,OCCURRED_AT,243
AE_FIRE_PT_03615,P904,OCCURRED_AT,507
AE_FIRE_PT_03616,P005,OCCURRED_AT,85
AE_FIRE_PT_03617,P083,OCCURRED_AT,201
AE_FIRE_PT_03618,P1020,OCCURRED_AT,201
AE_FIRE_PT_03619,P290,OCCURRED_AT,75
AE_FIRE_PT_03620,P830,OCCURRED_AT,244
AE_FIRE_PT_03621,P070,OCCURRED_AT,216
AE_FIRE_PT_03622,P047,OCCURRED_AT,396
AE_FIRE_PT_03623,P646,OCCURRED_AT,237
AE_FIRE_PT_03624,P646,OCCURRED_AT,237
AE_FIRE_PT_03625,P646,OCCURRED_AT,237
AE_FIRE_PT_03626,P033,OCCURRED_AT,135
AE_FIRE_PT_03627,P047,OCCURRED_AT,295
AE_FIRE_PT_03628,P047,OCCURRED_AT,408
AE_FIRE_PT_03629,P836,OCCURRED_AT,534
AE_FIRE_PT_03630,P120,OCCURRED_AT,515
AE_FIRE_PT_03631,P120,OCCURRED_AT,515
AE_FIRE_PT_03632,P969,OCCURRED_AT,62
AE_FIRE_PT_03633,P494,OCCURRED_AT,733
AE_FIRE_PT_03635,P904,OCCURRED_AT,123
AE_FIRE_PT_03636,P807,OCCURRED_AT,981
AE_FIRE_PT_03637,P681,OCCURRED_AT,116
AE_FIRE_PT_03638,P150,OCCURRED_AT,623
AE_FIRE_PT_03639,P927,OCCURRED_AT,924
AE_FIRE_PT_03640,P830,OCCURRED_AT,164
AE_FIRE_PT_03641,P937,OCCURRED_AT,211
AE_FIRE_PT_03642,P558,OCCURRED_AT,183
AE_FIRE_PT_03643,P090,OCCURRED_AT,166
AE_FIRE_PT_03644,P367,OCCURRED_AT,377
AE_FIRE_PT_03645,P428,OCCURRED_AT,541
AE_FIRE_PT_03646,P033,OCCURRED_AT,396
AE_FIRE_PT_03647,P033,OCCURRED_AT,396
AE_FIRE_PT_03648,P033,OCCURRED_AT,396
AE_FIRE_PT_03649,P033,OCCURRED_AT,396
AE_FIRE_PT_03650,P259,OCCURRED_AT,914
AE_FIRE_PT_03651,P259,OCCURRED_AT,914
AE_FIRE_PT_03652,P005,OCCURRED_AT,365
AE_FIRE_PT_03653,P781,OCCURRED_AT,839
AE_FIRE_PT_03654,P167,OCCURRED_AT,214
AE_FIRE_PT_03655,P262,OCCURRED_AT,0
AE_FIRE_PT_03656,P830,OCCURRED_AT,487
AE_FIRE_PT_03657,P430,OCCURRED_AT,436
AE_FIRE_PT_03658,P430,OCCURRED_AT,436
AE_FIRE_PT_03659,P208,OCCURRED_AT,233
AE_FIRE_PT_03660,P208,OCCURRED_AT,233
AE_FIRE_PT_03661,P070,OCCURRED_AT,521
AE_FIRE_PT_03662,P699,OCCURRED_AT,245
AE_FIRE_PT_03663,P006,OCCURRED_AT,171
AE_FIRE_PT_03664,P336,OCCURRED_AT,248
AE_FIRE_PT_03665,P329,OCCURRED_AT,208
AE_FIRE_PT_03666,P513,OCCURRED_AT,35
AE_FIRE_PT_03667,P940,OCCURRED_AT,47
AE_FIRE_PT_03668,P904,OCCURRED_AT,213
AE_FIRE_PT_03669,P936,OCCURRED_AT,228
AE_FIRE_PT_03670,P179,OCCURRED_AT,461
AE_FIRE_PT_03672,P032,OCCURRED_AT,406
AE_FIRE_PT_03673,P059,OCCURRED_AT,243
AE_FIRE_PT_03675,P363,OCCURRED_AT,149
AE_FIRE_PT_03676,P921,OCCURRED_AT,242
AE_FIRE_PT_03677,P171,OCCURRED_AT,708
AE_FIRE_PT_03679,P031,OCCURRED_AT,428
AE_FIRE_PT_03680,P221,OCCURRED_AT,64
AE_FIRE_PT_03681,P017,OCCURRED_AT,216
AE_FIRE_PT_03682,P070,OCCURRED_AT,64
AE_FIRE_PT_03683,P034,OCCURRED_AT,315
AE_FIRE_PT_03684,P070,OCCURRED_AT,272
AE_FIRE_PT_03685,P508,OCCURRED_AT,154
AE_FIRE_PT_03686,P070,OCCURRED_AT,332
AE_FIRE_PT_03687,P869,OCCURRED_AT,82
AE_FIRE_PT_03688,P019,OCCURRED_AT,76
AE_FIRE_PT_03689,P830,OCCURRED_AT,247
AE_FIRE_PT_03690,P951,OCCURRED_AT,51
AE_FIRE_PT_03691,P012,OCCURRED_AT,159
AE_FIRE_PT_03692,P347,OCCURRED_AT,19
AE_FIRE_PT_03693,P431,OCCURRED_AT,67
AE_FIRE_PT_03694,P721,OCCURRED_AT,419
AE_FIRE_PT_03695,P449,OCCURRED_AT,287
AE_FIRE_PT_03696,P340,OCCURRED_AT,139
AE_FIRE_PT_03700,P1020,OCCURRED_AT,81
AE_FIRE_PT_03701,P270,OCCURRED_AT,239
AE_FIRE_PT_03702,P729,OCCURRED_AT,478
AE_FIRE_PT_03703,P1021,OCCURRED_AT,732
AE_FIRE_PT_03704,P227,OCCURRED_AT,130
AE_FIRE_PT_03705,P070,OCCURRED_AT,113
AE_FIRE_PT_03706,P521,OCCURRED_AT,982
AE_FIRE_PT_03707,P040,OCCURRED_AT,78
AE_FIRE_PT_03708,P537,OCCURRED_AT,826
AE_FIRE_PT_03709,P333,OCCURRED_AT,229
AE_FIRE_PT_03710,P122,OCCURRED_AT,115
AE_FIRE_PT_03711,P249,OCCURRED_AT,756
AE_FIRE_PT_03712,P957,OCCURRED_AT,182
AE_FIRE_PT_03713,P699,OCCURRED_AT,261
AE_FIRE_PT_03714,P958,OCCURRED_AT,39
AE_FIRE_PT_03715,P092,OCCURRED_AT,294
AE_FIRE_PT_03717,P974,OCCURRED_AT,332
AE_FIRE_PT_03720,P701,OCCURRED_AT,26
AE_FIRE_PT_03721,P266,OCCURRED_AT,540
AE_FIRE_PT_03722,P537,OCCURRED_AT,331
AE_FIRE_PT_03723,P044,OCCURRED_AT,315
AE_FIRE_PT_03724,P626,OCCURRED_AT,7
AE_FIRE_PT_03725,P830,OCCURRED_AT,188
AE_FIRE_PT_03726,P047,OCCURRED_AT,107
AE_FIRE_PT_03731,P760,OCCURRED_AT,994
AE_FIRE_PT_03732,P001,OCCURRED_AT,213
AE_FIRE_PT_03733,P040,OCCURRED_AT,95
AE_FIRE_PT_03734,P354,OCCURRED_AT,913
AE_FIRE_PT_03736,P479,OCCURRED_AT,513
AE_FIRE_PT_03737,P047,OCCURRED_AT,202
AE_FIRE_PT_03738,P070,OCCURRED_AT,77
AE_FIRE_PT_03739,P070,OCCURRED_AT,90
AE_FIRE_PT_03740,P040,OCCURRED_AT,192
AE_FIRE_PT_03741,P1029,OCCURRED_AT,951
AE_FIRE_PT_03743,P070,OCCURRED_AT,216
AE_FIRE_PT_03744,P070,OCCURRED_AT,210
AE_FIRE_PT_03749,P277,OCCURRED_AT,35
AE_FIRE_PT_03750,P388,OCCURRED_AT,700
AE_FIRE_PT_03751,P079,OCCURRED_AT,785
AE_FIRE_PT_03752,P079,OCCURRED_AT,785
AE_FIRE_PT_03753,P252,OCCURRED_AT,155
AE_FIRE_PT_03754,P841,OCCURRED_AT,544
AE_FIRE_PT_03756,P739,OCCURRED_AT,30
AE_FIRE_PT_03757,P677,OCCURRED_AT,317
AE_FIRE_PT_03758,P531,OCCURRED_AT,139
AE_FIRE_PT_03759,P310,OCCURRED_AT,411
AE_FIRE_PT_03760,P122,OCCURRED_AT,256
AE_FIRE_PT_03761,P220,OCCURRED_AT,142
AE_FIRE_PT_03762,P219,OCCURRED_AT,370
AE_FIRE_PT_03764,P260,OCCURRED_AT,26
AE_FIRE_PT_03765,P044,OCCURRED_AT,171
AE_FIRE_PT_03766,P047,OCCURRED_AT,203
AE_FIRE_PT_03767,P047,OCCURRED_AT,199
AE_FIRE_PT_03768,P999,OCCURRED_AT,133
AE_FIRE_PT_03769,P757,OCCURRED_AT,651
AE_FIRE_PT_03770,P829,OCCURRED_AT,326
AE_FIRE_PT_03771,P830,OCCURRED_AT,243
AE_FIRE_PT_03772,P033,OCCURRED_AT,130
AE_FIRE_PT_03775,P122,OCCURRED_AT,531
AE_FIRE_PT_03776,P156,OCCURRED_AT,117
AE_FIRE_PT_03777,P131,OCCURRED_AT,249
AE_FIRE_PT_03779,P124,OCCURRED_AT,13
AE_FIRE_PT_03780,P589,OCCURRED_AT,621
AE_FIRE_PT_03781,P391,OCCURRED_AT,128
AE_FIRE_PT_03782,P969,OCCURRED_AT,342
AE_FIRE_PT_03784,P389,OCCURRED_AT,247
AE_FIRE_PT_03785,P188,OCCURRED_AT,183
AE_FIRE_PT_03786,P841,OCCURRED_AT,225
AE_FIRE_PT_03787,P249,OCCURRED_AT,223
AE_FIRE_PT_03788,P062,OCCURRED_AT,174
AE_FIRE_PT_03789,P632,OCCURRED_AT,383
AE_FIRE_PT_03790,P906,OCCURRED_AT,239
AE_FIRE_PT_03793,P633,OCCURRED_AT,394
AE_FIRE_PT_03794,P633,OCCURRED_AT,394
AE_FIRE_PT_03795,P104,OCCURRED_AT,131
AE_FIRE_PT_03796,P249,OCCURRED_AT,470
AE_FIRE_PT_03797,P1008,OCCURRED_AT,660
AE_FIRE_PT_03798,P103,OCCURRED_AT,35
AE_FIRE_PT_03799,P070,OCCURRED_AT,77
AE_FIRE_PT_03800,P997,OCCURRED_AT,531
AE_FIRE_PT_03801,P953,OCCURRED_AT,20
AE_FIRE_PT_03802,P033,OCCURRED_AT,113
AE_FIRE_PT_03804,P166,OCCURRED_AT,112
AE_FIRE_PT_03805,P062,OCCURRED_AT,257
AE_FIRE_PT_03806,P082,OCCURRED_AT,119
AE_FIRE_PT_03807,P070,OCCURRED_AT,11
AE_FIRE_PT_03808,P070,OCCURRED_AT,11
AE_FIRE_PT_03809,P180,OCCURRED_AT,25
AE_FIRE_PT_03810,P233,OCCURRED_AT,407
AE_FIRE_PT_03811,P047,OCCURRED_AT,63
AE_FIRE_PT_03812,P047,OCCURRED_AT,128
AE_FIRE_PT_03814,P953,OCCURRED_AT,268
AE_FIRE_PT_03815,P465,OCCURRED_AT,403
AE_FIRE_PT_03816,P638,OCCURRED_AT,491
AE_FIRE_PT_03817,P745,OCCURRED_AT,386
AE_FIRE_PT_03818,P707,OCCURRED_AT,19
AE_FIRE_PT_03819,P564,OCCURRED_AT,31
AE_FIRE_PT_03823,P033,OCCURRED_AT,290
AE_FIRE_PT_03824,P385,OCCURRED_AT,727
AE_FIRE_PT_03825,P283,OCCURRED_AT,69
AE_FIRE_PT_03826,P658,OCCURRED_AT,149
AE_FIRE_PT_03827,P658,OCCURRED_AT,149
AE_FIRE_PT_03828,P658,OCCURRED_AT,149
AE_FIRE_PT_03829,P658,OCCURRED_AT,149
AE_FIRE_PT_03830,P658,OCCURRED_AT,149
AE_FIRE_PT_03831,P127,OCCURRED_AT,291
AE_FIRE_PT_03832,P044,OCCURRED_AT,136
AE_FIRE_PT_03833,P878,OCCURRED_AT,725
AE_FIRE_PT_03834,P878,OCCURRED_AT,725
AE_FIRE_PT_03835,P374,OCCURRED_AT,520
AE_FIRE_PT_03836,P095,OCCURRED_AT,659
AE_FIRE_PT_03837,P215,OCCURRED_AT,131
AE_FIRE_PT_03838,P560,OCCURRED_AT,796
AE_FIRE_PT_03839,P332,OCCURRED_AT,499
AE_FIRE_PT_03840,P153,OCCURRED_AT,25
AE_FIRE_PT_03841,P153,OCCURRED_AT,25
AE_FIRE_PT_03842,P153,OCCURRED_AT,25
AE_FIRE_PT_03843,P264,OCCURRED_AT,640
AE_FIRE_PT_03844,P972,OCCURRED_AT,142
AE_FIRE_PT_03845,P122,OCCURRED_AT,266
AE_FIRE_PT_03846,P763,OCCURRED_AT,79
AE_FIRE_PT_03847,P131,OCCURRED_AT,112
AE_FIRE_PT_03848,P188,OCCURRED_AT,214
AE_FIRE_PT_03849,P031,OCCURRED_AT,415
AE_FIRE_PT_03850,P096,OCCURRED_AT,217
AE_FIRE_PT_03851,P729,OCCURRED_AT,102
AE_FIRE_PT_03852,P841,OCCURRED_AT,552
AE_FIRE_PT_03853,P385,OCCURRED_AT,740
AE_FIRE_PT_03856,P746,OCCURRED_AT,402
AE_FIRE_PT_03857,P116,OCCURRED_AT,448
AE_FIRE_PT_03858,P116,OCCURRED_AT,448
AE_FIRE_PT_03859,P712,OCCURRED_AT,315
AE_FIRE_PT_03860,P120,OCCURRED_AT,323
AE_FIRE_PT_03861,P070,OCCURRED_AT,131
AE_FIRE_PT_03862,P389,OCCURRED_AT,201
AE_FIRE_PT_03866,P537,OCCURRED_AT,814
AE_FIRE_PT_03867,P275,OCCURRED_AT,594
AE_FIRE_PT_03869,P953,OCCURRED_AT,270
AE_FIRE_PT_03870,P150,OCCURRED_AT,516
AE_FIRE_PT_03871,P197,OCCURRED_AT,162
AE_FIRE_PT_03872,P314,OCCURRED_AT,410
AE_FIRE_PT_03873,P421,OCCURRED_AT,85
AE_FIRE_PT_03874,P072,OCCURRED_AT,153
AE_FIRE_PT_03875,P001,OCCURRED_AT,207
AE_FIRE_PT_03876,P001,OCCURRED_AT,207
AE_FIRE_PT_03877,P756,OCCURRED_AT,26
AE_FIRE_PT_03878,P261,OCCURRED_AT,333
AE_FIRE_PT_03879,P147,OCCURRED_AT,246
AE_FIRE_PT_03881,P448,OCCURRED_AT,665
AE_FIRE_PT_03882,P448,OCCURRED_AT,665
AE_FIRE_PT_03883,P845,OCCURRED_AT,896
AE_FIRE_PT_03884,P845,OCCURRED_AT,896
AE_FIRE_PT_03885,P043,OCCURRED_AT,699
AE_FIRE_PT_03886,P219,OCCURRED_AT,325
AE_FIRE_PT_03887,P219,OCCURRED_AT,325
AE_FIRE_PT_03888,P219,OCCURRED_AT,325
AE_FIRE_PT_03889,P350,OCCURRED_AT,549
AE_FIRE_PT_03891,P524,OCCURRED_AT,790
AE_FIRE_PT_03893,P001,OCCURRED_AT,601
AE_FIRE_PT_03895,P237,OCCURRED_AT,59
AE_FIRE_PT_03896,P040,OCCURRED_AT,39
AE_FIRE_PT_03897,P319,OCCURRED_AT,503
AE_FIRE_PT_03898,P259,OCCURRED_AT,317
AE_FIRE_PT_03899,P658,OCCURRED_AT,167
AE_FIRE_PT_03902,P055,OCCURRED_AT,253
AE_FIRE_PT_03903,P047,OCCURRED_AT,72
AE_FIRE_PT_03904,P468,OCCURRED_AT,948
AE_FIRE_PT_03905,P468,OCCURRED_AT,948
AE_FIRE_PT_03906,P087,OCCURRED_AT,361
AE_FIRE_PT_03907,P378,OCCURRED_AT,142
AE_FIRE_PT_03908,P216,OCCURRED_AT,502
AE_FIRE_PT_03909,P216,OCCURRED_AT,502
AE_FIRE_PT_03910,P216,OCCURRED_AT,502
AE_FIRE_PT_03911,P906,OCCURRED_AT,95
AE_FIRE_PT_03912,P123,OCCURRED_AT,762
AE_FIRE_PT_03913,P123,OCCURRED_AT,762
AE_FIRE_PT_03914,P123,OCCURRED_AT,762
AE_FIRE_PT_03915,P251,OCCURRED_AT,72
AE_FIRE_PT_03916,P1021,OCCURRED_AT,740
AE_FIRE_PT_03917,P853,OCCURRED_AT,503
AE_FIRE_PT_03918,P718,OCCURRED_AT,470
AE_FIRE_PT_03919,P131,OCCURRED_AT,536
AE_FIRE_PT_03920,P131,OCCURRED_AT,284
AE_FIRE_PT_03921,P953,OCCURRED_AT,293
AE_FIRE_PT_03922,P186,OCCURRED_AT,117
AE_FIRE_PT_03923,P978,OCCURRED_AT,0
AE_FIRE_PT_03924,P083,OCCURRED_AT,509
AE_FIRE_PT_03925,P033,OCCURRED_AT,180
AE_FIRE_PT_03926,P1020,OCCURRED_AT,17
AE_FIRE_PT_03927,P1004,OCCURRED_AT,775
AE_FIRE_PT_03928,P1004,OCCURRED_AT,775
AE_FIRE_PT_03930,P207,OCCURRED_AT,61
AE_FIRE_PT_03931,P935,OCCURRED_AT,53
AE_FIRE_PT_03932,P047,OCCURRED_AT,73
AE_FIRE_PT_03933,P378,OCCURRED_AT,189
